2025-04-25 15:46:39 - INFO - [start_tws] [N/A] Avvio di TWS...
2025-04-25 15:46:49 - INFO - [start_tws] [N/A] TWS avviato con successo!
2025-04-25 15:46:50 - INFO - [login] [N/A] Attesa della finestra di login...
2025-04-25 15:47:05 - INFO - [login] [N/A] Login effettuato con successo!
2025-04-25 15:47:05 - INFO - [wait_until_tws_ready] [N/A] ⌛ Verifico connessione API TWS tramite ib_insync...
2025-04-25 15:47:05 - DEBUG - [wait_until_tws_ready] [N/A] ⏳ TWS non ancora pronto: ConnectionRefusedError: [Errno 111] Connect call failed ('127.0.0.1', 7497)
2025-04-25 15:47:10 - DEBUG - [wait_until_tws_ready] [N/A] ⏳ TWS non ancora pronto: ConnectionRefusedError: [Errno 111] Connect call failed ('127.0.0.1', 7497)
2025-04-25 15:47:25 - DEBUG - [wait_until_tws_ready] [N/A] ⏳ TWS non ancora pronto: TimeoutError: 
2025-04-25 15:47:40 - DEBUG - [wait_until_tws_ready] [N/A] ⏳ TWS non ancora pronto: TimeoutError: 
2025-04-25 15:47:50 - INFO - [wait_until_tws_ready] [N/A] ✅ Connessione API a TWS riuscita!
2025-04-25 15:47:53 - INFO - [__init__] [N/A] ✅ Connected to IBKR successfully
2025-04-25 15:47:55 - INFO - [start] [N/A] Starting bot
2025-04-25 15:48:38 - INFO - [start_daily_session] [N/A] Starting daily session
2025-04-25 15:48:38 - INFO - [__init__] [N/A] ✅ Connected to IBKR successfully
2025-04-25 15:48:38 - INFO - [wait_for_precise_time] [N/A] 🌅 Troppo presto, attendo l'inizio della sessione alle 16:30:00
2025-04-25 16:30:00 - INFO - [wait_for_precise_time] [N/A] 🎯 Orario valido raggiunto. Avvio operazioni.
2025-04-25 16:30:00 - INFO - [_run_strategy_if_applicable] [N/A] ⏰ Strategy 'SMA_Cross_sma50' not executed because it's outside the time window: 16:35:00 - 16:50:00
2025-04-25 16:30:00 - INFO - [_run_strategy_if_applicable] [N/A] ⏰ Strategy 'EMA_Cross_ema50' not executed because it's outside the time window: 16:35:00 - 16:50:00
2025-04-25 16:30:00 - INFO - [_run_strategy_if_applicable] [N/A] ⏰ Strategy 'VWAP_diff_signal_1700' not executed because it's outside the time window: 17:30:00 - 19:00:00
2025-04-25 16:30:00 - INFO - [_run_strategy_if_applicable] [N/A] ⏰ Strategy 'VWAP_diff_signal_rsi_1700' not executed because it's outside the time window: 17:30:00 - 19:00:00
2025-04-25 16:30:00 - INFO - [_run_strategy_if_applicable] [N/A] ⏰ Strategy 'VWAP_diff_signal_1700_volume' not executed because it's outside the time window: 17:30:00 - 19:00:00
2025-04-25 16:30:00 - INFO - [_run_strategy_if_applicable] [N/A] ⏰ Strategy 'EMA_Cross_candle' not executed because it's outside the time window: 16:35:00 - 16:50:00
2025-04-25 16:30:00 - INFO - [_run_strategy_if_applicable] [N/A] ⏰ Strategy 'SMA_Cross_candle' not executed because it's outside the time window: 16:35:00 - 16:50:00
2025-04-25 16:30:00 - INFO - [_update_active_orders_and_telegram] [N/A] 📊 Updating SL/TP for active orders
2025-04-25 16:30:01 - INFO - [_wait_until_next_iteration] [N/A] ⏳ Sleeping for 58.88 seconds before the next cycle
2025-04-25 16:31:00 - DEBUG - [_process_strategies] [N/A] ⏱ Skipping SMA_Cross_sma50, not yet time (every 5m)
2025-04-25 16:31:00 - DEBUG - [_process_strategies] [N/A] ⏱ Skipping EMA_Cross_ema50, not yet time (every 5m)
2025-04-25 16:31:00 - DEBUG - [_process_strategies] [N/A] ⏱ Skipping VWAP_diff_signal_1700, not yet time (every 5m)
2025-04-25 16:31:00 - DEBUG - [_process_strategies] [N/A] ⏱ Skipping VWAP_diff_signal_rsi_1700, not yet time (every 5m)
2025-04-25 16:31:00 - DEBUG - [_process_strategies] [N/A] ⏱ Skipping VWAP_diff_signal_1700_volume, not yet time (every 5m)
2025-04-25 16:31:00 - DEBUG - [_process_strategies] [N/A] ⏱ Skipping EMA_Cross_candle, not yet time (every 5m)
2025-04-25 16:31:00 - DEBUG - [_process_strategies] [N/A] ⏱ Skipping SMA_Cross_candle, not yet time (every 5m)
2025-04-25 16:31:00 - INFO - [_update_active_orders_and_telegram] [N/A] 📊 Updating SL/TP for active orders
2025-04-25 16:31:01 - INFO - [_wait_until_next_iteration] [N/A] ⏳ Sleeping for 58.93 seconds before the next cycle
2025-04-25 16:32:00 - DEBUG - [_process_strategies] [N/A] ⏱ Skipping SMA_Cross_sma50, not yet time (every 5m)
2025-04-25 16:32:00 - DEBUG - [_process_strategies] [N/A] ⏱ Skipping EMA_Cross_ema50, not yet time (every 5m)
2025-04-25 16:32:00 - DEBUG - [_process_strategies] [N/A] ⏱ Skipping VWAP_diff_signal_1700, not yet time (every 5m)
2025-04-25 16:32:00 - DEBUG - [_process_strategies] [N/A] ⏱ Skipping VWAP_diff_signal_rsi_1700, not yet time (every 5m)
2025-04-25 16:32:00 - DEBUG - [_process_strategies] [N/A] ⏱ Skipping VWAP_diff_signal_1700_volume, not yet time (every 5m)
2025-04-25 16:32:00 - DEBUG - [_process_strategies] [N/A] ⏱ Skipping EMA_Cross_candle, not yet time (every 5m)
2025-04-25 16:32:00 - DEBUG - [_process_strategies] [N/A] ⏱ Skipping SMA_Cross_candle, not yet time (every 5m)
2025-04-25 16:32:00 - INFO - [_update_active_orders_and_telegram] [N/A] 📊 Updating SL/TP for active orders
2025-04-25 16:32:01 - INFO - [_wait_until_next_iteration] [N/A] ⏳ Sleeping for 58.92 seconds before the next cycle
2025-04-25 16:33:00 - DEBUG - [_process_strategies] [N/A] ⏱ Skipping SMA_Cross_sma50, not yet time (every 5m)
2025-04-25 16:33:00 - DEBUG - [_process_strategies] [N/A] ⏱ Skipping EMA_Cross_ema50, not yet time (every 5m)
2025-04-25 16:33:00 - DEBUG - [_process_strategies] [N/A] ⏱ Skipping VWAP_diff_signal_1700, not yet time (every 5m)
2025-04-25 16:33:00 - DEBUG - [_process_strategies] [N/A] ⏱ Skipping VWAP_diff_signal_rsi_1700, not yet time (every 5m)
2025-04-25 16:33:00 - DEBUG - [_process_strategies] [N/A] ⏱ Skipping VWAP_diff_signal_1700_volume, not yet time (every 5m)
2025-04-25 16:33:00 - DEBUG - [_process_strategies] [N/A] ⏱ Skipping EMA_Cross_candle, not yet time (every 5m)
2025-04-25 16:33:00 - DEBUG - [_process_strategies] [N/A] ⏱ Skipping SMA_Cross_candle, not yet time (every 5m)
2025-04-25 16:33:00 - INFO - [_update_active_orders_and_telegram] [N/A] 📊 Updating SL/TP for active orders
2025-04-25 16:33:01 - INFO - [_wait_until_next_iteration] [N/A] ⏳ Sleeping for 58.92 seconds before the next cycle
2025-04-25 16:34:00 - DEBUG - [_process_strategies] [N/A] ⏱ Skipping SMA_Cross_sma50, not yet time (every 5m)
2025-04-25 16:34:00 - DEBUG - [_process_strategies] [N/A] ⏱ Skipping EMA_Cross_ema50, not yet time (every 5m)
2025-04-25 16:34:00 - DEBUG - [_process_strategies] [N/A] ⏱ Skipping VWAP_diff_signal_1700, not yet time (every 5m)
2025-04-25 16:34:00 - DEBUG - [_process_strategies] [N/A] ⏱ Skipping VWAP_diff_signal_rsi_1700, not yet time (every 5m)
2025-04-25 16:34:00 - DEBUG - [_process_strategies] [N/A] ⏱ Skipping VWAP_diff_signal_1700_volume, not yet time (every 5m)
2025-04-25 16:34:00 - DEBUG - [_process_strategies] [N/A] ⏱ Skipping EMA_Cross_candle, not yet time (every 5m)
2025-04-25 16:34:00 - DEBUG - [_process_strategies] [N/A] ⏱ Skipping SMA_Cross_candle, not yet time (every 5m)
2025-04-25 16:34:00 - INFO - [_update_active_orders_and_telegram] [N/A] 📊 Updating SL/TP for active orders
2025-04-25 16:34:01 - INFO - [_wait_until_next_iteration] [N/A] ⏳ Sleeping for 58.92 seconds before the next cycle
2025-04-25 16:35:00 - INFO - [_run_strategy_if_applicable] [N/A] 🔄 Starting trading loop for strategy: SMA_Cross_sma50
2025-04-25 16:35:00 - INFO - [get_stock_data] [FITB] Requesting data for FITB
2025-04-25 16:35:01 - INFO - [get_stock_data] [FITB] Data received for FITB: 79 rows
2025-04-25 16:35:01 - INFO - [check_sma_cross_sma50] [FITB] Analyzing SMA signals for FITB
2025-04-25 16:35:01 - INFO - [check_sma_cross_sma50] [FITB] SMA5: 35.767999999999994, SMA20: 35.741499999999995, SMA50: 35.6744 | Prev SMA5: 35.797999999999995, SMA20: 35.7435
2025-04-25 16:35:01 - DEBUG - [check_sma_cross_sma50] [FITB] No signal detected
2025-04-25 16:35:01 - INFO - [_process_ticker] [FITB] ℹ️ No valid signal for FITB
2025-04-25 16:35:01 - INFO - [get_stock_data] [HPQ] Requesting data for HPQ
2025-04-25 16:35:02 - INFO - [get_stock_data] [HPQ] Data received for HPQ: 79 rows
2025-04-25 16:35:02 - INFO - [check_sma_cross_sma50] [HPQ] Analyzing SMA signals for HPQ
2025-04-25 16:35:02 - INFO - [check_sma_cross_sma50] [HPQ] SMA5: 25.3, SMA20: 25.2165, SMA50: 25.1618 | Prev SMA5: 25.254, SMA20: 25.202
2025-04-25 16:35:02 - DEBUG - [check_sma_cross_sma50] [HPQ] No signal detected
2025-04-25 16:35:02 - INFO - [_process_ticker] [HPQ] ℹ️ No valid signal for HPQ
2025-04-25 16:35:02 - INFO - [get_stock_data] [IPG] Requesting data for IPG
2025-04-25 16:35:03 - INFO - [get_stock_data] [IPG] Data received for IPG: 79 rows
2025-04-25 16:35:03 - INFO - [check_sma_cross_sma50] [IPG] Analyzing SMA signals for IPG
2025-04-25 16:35:03 - INFO - [check_sma_cross_sma50] [IPG] SMA5: 24.990000000000002, SMA20: 24.95, SMA50: 24.898799999999998 | Prev SMA5: 25.07, SMA20: 24.966500000000003
2025-04-25 16:35:03 - DEBUG - [check_sma_cross_sma50] [IPG] No signal detected
2025-04-25 16:35:03 - INFO - [_process_ticker] [IPG] ℹ️ No valid signal for IPG
2025-04-25 16:35:03 - INFO - [get_stock_data] [LVS] Requesting data for LVS
2025-04-25 16:35:04 - INFO - [get_stock_data] [LVS] Data received for LVS: 79 rows
2025-04-25 16:35:04 - INFO - [check_sma_cross_sma50] [LVS] Analyzing SMA signals for LVS
2025-04-25 16:35:04 - INFO - [check_sma_cross_sma50] [LVS] SMA5: 36.738, SMA20: 36.640499999999996, SMA50: 36.5676 | Prev SMA5: 36.779999999999994, SMA20: 36.6445
2025-04-25 16:35:04 - DEBUG - [check_sma_cross_sma50] [LVS] No signal detected
2025-04-25 16:35:04 - INFO - [_process_ticker] [LVS] ℹ️ No valid signal for LVS
2025-04-25 16:35:04 - INFO - [get_stock_data] [NCLH] Requesting data for NCLH
2025-04-25 16:35:06 - INFO - [get_stock_data] [NCLH] Data received for NCLH: 80 rows
2025-04-25 16:35:06 - INFO - [check_sma_cross_sma50] [NCLH] Analyzing SMA signals for NCLH
2025-04-25 16:35:06 - INFO - [check_sma_cross_sma50] [NCLH] SMA5: 17.162, SMA20: 17.1495, SMA50: 17.1244 | Prev SMA5: 17.159999999999997, SMA20: 17.1485
2025-04-25 16:35:06 - DEBUG - [check_sma_cross_sma50] [NCLH] No signal detected
2025-04-25 16:35:06 - INFO - [_process_ticker] [NCLH] ℹ️ No valid signal for NCLH
2025-04-25 16:35:06 - INFO - [get_stock_data] [NWSA] Requesting data for NWSA
2025-04-25 16:35:07 - INFO - [get_stock_data] [NWSA] Data received for NWSA: 80 rows
2025-04-25 16:35:07 - INFO - [check_sma_cross_sma50] [NWSA] Analyzing SMA signals for NWSA
2025-04-25 16:35:07 - INFO - [check_sma_cross_sma50] [NWSA] SMA5: 26.845999999999997, SMA20: 26.8325, SMA50: 26.8138 | Prev SMA5: 26.853999999999996, SMA20: 26.8315
2025-04-25 16:35:07 - DEBUG - [check_sma_cross_sma50] [NWSA] No signal detected
2025-04-25 16:35:07 - INFO - [_process_ticker] [NWSA] ℹ️ No valid signal for NWSA
2025-04-25 16:35:07 - INFO - [_run_strategy_if_applicable] [N/A] 🔄 Starting trading loop for strategy: EMA_Cross_ema50
2025-04-25 16:35:07 - INFO - [get_stock_data] [CFG] Requesting data for CFG
2025-04-25 16:35:08 - INFO - [get_stock_data] [CFG] Data received for CFG: 80 rows
2025-04-25 16:35:08 - INFO - [check_ema_cross_ema50] [CFG] Analyzing EMA signals for CFG
2025-04-25 16:35:08 - INFO - [check_ema_cross_ema50] [CFG] EMA9: 37.36090475201681, EMA21: 37.35779948104219, EMA50: 37.2595319239594 | Prev EMA9: 37.41363094002101, EMA21: 37.37857942914641
2025-04-25 16:35:08 - DEBUG - [check_ema_cross_ema50] [CFG] No signal detected
2025-04-25 16:35:08 - INFO - [_process_ticker] [CFG] ℹ️ No valid signal for CFG
2025-04-25 16:35:08 - INFO - [get_stock_data] [CZR] Requesting data for CZR
2025-04-25 16:35:10 - INFO - [get_stock_data] [CZR] Data received for CZR: 80 rows
2025-04-25 16:35:10 - INFO - [check_ema_cross_ema50] [CZR] Analyzing EMA signals for CZR
2025-04-25 16:35:10 - INFO - [check_ema_cross_ema50] [CZR] EMA9: 27.37494535462556, EMA21: 27.29369213754631, EMA50: 27.19560841469805 | Prev EMA9: 27.198681693281948, EMA21: 27.21506135130094
2025-04-25 16:35:10 - INFO - [check_ema_cross_ema50] [CZR] ✅ BUY signal at 28.03, (SL: 27.83379, TP: 28.422420000000002 will be calculated externally)
2025-04-25 16:35:10 - INFO - [place_order] [CZR] Placing MARKET order for CZR: 178 shares
2025-04-25 16:35:10 - INFO - [_place_trade_and_register] [CZR] ✅ Order BUY for CZR placed with ID 20
2025-04-25 16:35:10 - INFO - [get_stock_data] [GEN] Requesting data for GEN
2025-04-25 16:35:11 - INFO - [get_stock_data] [GEN] Data received for GEN: 80 rows
2025-04-25 16:35:11 - INFO - [check_ema_cross_ema50] [GEN] Analyzing EMA signals for GEN
2025-04-25 16:35:11 - INFO - [check_ema_cross_ema50] [GEN] EMA9: 25.079915886654792, EMA21: 25.07962043151859, EMA50: 25.05818460790133 | Prev EMA9: 25.062394858318488, EMA21: 25.072582474670455
2025-04-25 16:35:11 - INFO - [check_ema_cross_ema50] [GEN] ✅ BUY signal at 25.15, (SL: 24.97395, TP: 25.5021 will be calculated externally)
2025-04-25 16:35:11 - INFO - [place_order] [GEN] Placing MARKET order for GEN: 198 shares
2025-04-25 16:35:11 - INFO - [_place_trade_and_register] [GEN] ✅ Order BUY for GEN placed with ID 24
2025-04-25 16:35:11 - INFO - [get_stock_data] [PARA] Requesting data for PARA
2025-04-25 16:35:13 - INFO - [get_stock_data] [PARA] Data received for PARA: 80 rows
2025-04-25 16:35:13 - INFO - [check_ema_cross_ema50] [PARA] Analyzing EMA signals for PARA
2025-04-25 16:35:13 - INFO - [check_ema_cross_ema50] [PARA] EMA9: 11.39648860943612, EMA21: 11.34247870310208, EMA50: 11.316767533089305 | Prev EMA9: 11.35061076179515, EMA21: 11.318726573412288
2025-04-25 16:35:13 - DEBUG - [check_ema_cross_ema50] [PARA] No signal detected
2025-04-25 16:35:13 - INFO - [_process_ticker] [PARA] ℹ️ No valid signal for PARA
2025-04-25 16:35:13 - INFO - [get_stock_data] [PPL] Requesting data for PPL
2025-04-25 16:35:14 - INFO - [get_stock_data] [PPL] Data received for PPL: 80 rows
2025-04-25 16:35:14 - INFO - [check_ema_cross_ema50] [PPL] Analyzing EMA signals for PPL
2025-04-25 16:35:14 - INFO - [check_ema_cross_ema50] [PPL] EMA9: 36.282905860683414, EMA21: 36.34339885765837, EMA50: 36.36821863954606 | Prev EMA9: 36.32363232585426, EMA21: 36.36573874342421
2025-04-25 16:35:14 - DEBUG - [check_ema_cross_ema50] [PPL] No signal detected
2025-04-25 16:35:14 - INFO - [_process_ticker] [PPL] ℹ️ No valid signal for PPL
2025-04-25 16:35:14 - INFO - [get_stock_data] [TFC] Requesting data for TFC
2025-04-25 16:35:15 - INFO - [get_stock_data] [TFC] Data received for TFC: 80 rows
2025-04-25 16:35:15 - INFO - [check_ema_cross_ema50] [TFC] Analyzing EMA signals for TFC
2025-04-25 16:35:15 - INFO - [check_ema_cross_ema50] [TFC] EMA9: 37.920299330160944, EMA21: 37.92999041494822, EMA50: 37.84842068571287 | Prev EMA9: 37.94287416270117, EMA21: 37.939989456443044
2025-04-25 16:35:15 - INFO - [check_ema_cross_ema50] [TFC] ✅ SELL signal at 37.82, (SL: 38.084740000000004, TP: 37.29052 will be calculated externally)
2025-04-25 16:35:15 - INFO - [place_order] [TFC] Placing MARKET order for TFC: 132 shares
2025-04-25 16:35:15 - INFO - [_place_trade_and_register] [TFC] ✅ Order SELL for TFC placed with ID 32
2025-04-25 16:35:15 - INFO - [get_stock_data] [WBD] Requesting data for WBD
2025-04-25 16:35:16 - INFO - [get_stock_data] [WBD] Data received for WBD: 80 rows
2025-04-25 16:35:16 - INFO - [check_ema_cross_ema50] [WBD] Analyzing EMA signals for WBD
2025-04-25 16:35:16 - INFO - [check_ema_cross_ema50] [WBD] EMA9: 8.519056423023525, EMA21: 8.519290394439166, EMA50: 8.520055907180591 | Prev EMA9: 8.511320528779404, EMA21: 8.516219433883082
2025-04-25 16:35:16 - DEBUG - [check_ema_cross_ema50] [WBD] No signal detected
2025-04-25 16:35:16 - INFO - [_process_ticker] [WBD] ℹ️ No valid signal for WBD
2025-04-25 16:35:16 - INFO - [_run_strategy_if_applicable] [N/A] ⏰ Strategy 'VWAP_diff_signal_1700' not executed because it's outside the time window: 17:30:00 - 19:00:00
2025-04-25 16:35:16 - INFO - [_run_strategy_if_applicable] [N/A] ⏰ Strategy 'VWAP_diff_signal_rsi_1700' not executed because it's outside the time window: 17:30:00 - 19:00:00
2025-04-25 16:35:16 - INFO - [_run_strategy_if_applicable] [N/A] ⏰ Strategy 'VWAP_diff_signal_1700_volume' not executed because it's outside the time window: 17:30:00 - 19:00:00
2025-04-25 16:35:16 - INFO - [_run_strategy_if_applicable] [N/A] 🔄 Starting trading loop for strategy: EMA_Cross_candle
2025-04-25 16:35:16 - INFO - [get_stock_data] [BAX] Requesting data for BAX
2025-04-25 16:35:18 - INFO - [get_stock_data] [BAX] Data received for BAX: 80 rows
2025-04-25 16:35:18 - INFO - [check_ema_cross_candle] [BAX] Analyzing EMA signals for BAX
2025-04-25 16:35:18 - INFO - [check_ema_cross_candle] [BAX] EMA9: 30.344189609469783, EMA21: 30.30466365967365 | Prev EMA9: 30.345237011837227, EMA21: 30.301130025641015 | Candle: bullish
2025-04-25 16:35:18 - DEBUG - [check_ema_cross_candle] [BAX] No signal detected
2025-04-25 16:35:18 - INFO - [_process_ticker] [BAX] ℹ️ No valid signal for BAX
2025-04-25 16:35:18 - INFO - [get_stock_data] [CTRA] Requesting data for CTRA
2025-04-25 16:35:19 - INFO - [get_stock_data] [CTRA] Data received for CTRA: 80 rows
2025-04-25 16:35:19 - INFO - [check_ema_cross_candle] [CTRA] Analyzing EMA signals for CTRA
2025-04-25 16:35:19 - INFO - [check_ema_cross_candle] [CTRA] EMA9: 25.371803710624903, EMA21: 25.41082433303599 | Prev EMA9: 25.414754638281128, EMA21: 25.43190676633959 | Candle: bearish
2025-04-25 16:35:19 - DEBUG - [check_ema_cross_candle] [CTRA] No signal detected
2025-04-25 16:35:19 - INFO - [_process_ticker] [CTRA] ℹ️ No valid signal for CTRA
2025-04-25 16:35:19 - INFO - [get_stock_data] [EXC] Requesting data for EXC
2025-04-25 16:35:20 - INFO - [get_stock_data] [EXC] Data received for EXC: 80 rows
2025-04-25 16:35:20 - INFO - [check_ema_cross_candle] [EXC] Analyzing EMA signals for EXC
2025-04-25 16:35:20 - INFO - [check_ema_cross_candle] [EXC] EMA9: 46.26935444280323, EMA21: 46.3245010575697 | Prev EMA9: 46.30419305350404, EMA21: 46.343951163326665 | Candle: bullish
2025-04-25 16:35:20 - DEBUG - [check_ema_cross_candle] [EXC] No signal detected
2025-04-25 16:35:20 - INFO - [_process_ticker] [EXC] ℹ️ No valid signal for EXC
2025-04-25 16:35:20 - INFO - [get_stock_data] [FITB] Requesting data for FITB
2025-04-25 16:35:20 - INFO - [get_stock_data] [FITB] Data received for FITB: 80 rows
2025-04-25 16:35:20 - INFO - [check_ema_cross_candle] [FITB] Analyzing EMA signals for FITB
2025-04-25 16:35:20 - INFO - [check_ema_cross_candle] [FITB] EMA9: 35.712832895909195, EMA21: 35.72250354758973 | Prev EMA9: 35.74604111988649, EMA21: 35.7367539023487 | Candle: bearish
2025-04-25 16:35:20 - INFO - [check_ema_cross_candle] [FITB] ✅ SELL signal at 35.58, (SL: 35.82906, TP: 35.08188 will be calculated externally)
2025-04-25 16:35:20 - INFO - [place_order] [FITB] Placing MARKET order for FITB: 140 shares
2025-04-25 16:35:20 - INFO - [_place_trade_and_register] [FITB] ✅ Order SELL for FITB placed with ID 44
2025-04-25 16:35:20 - INFO - [get_stock_data] [KMI] Requesting data for KMI
2025-04-25 16:35:22 - INFO - [get_stock_data] [KMI] Data received for KMI: 80 rows
2025-04-25 16:35:22 - INFO - [check_ema_cross_candle] [KMI] Analyzing EMA signals for KMI
2025-04-25 16:35:22 - INFO - [check_ema_cross_candle] [KMI] EMA9: 26.861210859716422, EMA21: 26.88781495003456 | Prev EMA9: 26.88401357464553, EMA21: 26.899596445038018 | Candle: bearish
2025-04-25 16:35:22 - DEBUG - [check_ema_cross_candle] [KMI] No signal detected
2025-04-25 16:35:22 - INFO - [_process_ticker] [KMI] ℹ️ No valid signal for KMI
2025-04-25 16:35:22 - INFO - [get_stock_data] [UDR] Requesting data for UDR
2025-04-25 16:35:23 - INFO - [get_stock_data] [UDR] Data received for UDR: 80 rows
2025-04-25 16:35:23 - INFO - [check_ema_cross_candle] [UDR] Analyzing EMA signals for UDR
2025-04-25 16:35:23 - INFO - [check_ema_cross_candle] [UDR] EMA9: 41.54199619430324, EMA21: 41.603122294551646 | Prev EMA9: 41.58999524287904, EMA21: 41.62843452400681 | Candle: bullish
2025-04-25 16:35:23 - DEBUG - [check_ema_cross_candle] [UDR] No signal detected
2025-04-25 16:35:23 - INFO - [_process_ticker] [UDR] ℹ️ No valid signal for UDR
2025-04-25 16:35:23 - INFO - [_run_strategy_if_applicable] [N/A] 🔄 Starting trading loop for strategy: SMA_Cross_candle
2025-04-25 16:35:23 - INFO - [get_stock_data] [DVN] Requesting data for DVN
2025-04-25 16:35:24 - INFO - [get_stock_data] [DVN] Data received for DVN: 80 rows
2025-04-25 16:35:24 - INFO - [check_sma_cross_candle] [DVN] Analyzing SMA signals for DVN
2025-04-25 16:35:24 - INFO - [check_sma_cross_candle] [DVN] SMA5: 31.360000000000003, SMA20: 31.394 | Prev SMA5: 31.432, SMA20: 31.407 | Candle direction: bearish
2025-04-25 16:35:24 - INFO - [check_sma_cross_candle] [DVN] ✅ SELL signal at 31.1, (SL: 31.317700000000002, TP: 30.6646 will be calculated externally)
2025-04-25 16:35:24 - INFO - [place_order] [DVN] Placing MARKET order for DVN: 160 shares
2025-04-25 16:35:24 - INFO - [_place_trade_and_register] [DVN] ✅ Order SELL for DVN placed with ID 52
2025-04-25 16:35:24 - INFO - [get_stock_data] [LUV] Requesting data for LUV
2025-04-25 16:35:25 - INFO - [get_stock_data] [LUV] Data received for LUV: 80 rows
2025-04-25 16:35:25 - INFO - [check_sma_cross_candle] [LUV] Analyzing SMA signals for LUV
2025-04-25 16:35:25 - INFO - [check_sma_cross_candle] [LUV] SMA5: 26.548000000000002, SMA20: 26.391 | Prev SMA5: 26.560000000000002, SMA20: 26.3735 | Candle direction: bearish
2025-04-25 16:35:25 - DEBUG - [check_sma_cross_candle] [LUV] No signal detected
2025-04-25 16:35:25 - INFO - [_process_ticker] [LUV] ℹ️ No valid signal for LUV
2025-04-25 16:35:25 - INFO - [get_stock_data] [NI] Requesting data for NI
2025-04-25 16:35:27 - INFO - [get_stock_data] [NI] Data received for NI: 80 rows
2025-04-25 16:35:27 - INFO - [check_sma_cross_candle] [NI] Analyzing SMA signals for NI
2025-04-25 16:35:27 - INFO - [check_sma_cross_candle] [NI] SMA5: 39.652, SMA20: 39.6705 | Prev SMA5: 39.647999999999996, SMA20: 39.6705 | Candle direction: bullish
2025-04-25 16:35:27 - DEBUG - [check_sma_cross_candle] [NI] No signal detected
2025-04-25 16:35:27 - INFO - [_process_ticker] [NI] ℹ️ No valid signal for NI
2025-04-25 16:35:27 - INFO - [get_stock_data] [WBD] Requesting data for WBD
2025-04-25 16:35:27 - INFO - [get_stock_data] [WBD] Data received for WBD: 80 rows
2025-04-25 16:35:27 - INFO - [check_sma_cross_candle] [WBD] Analyzing SMA signals for WBD
2025-04-25 16:35:27 - INFO - [check_sma_cross_candle] [WBD] SMA5: 8.528, SMA20: 8.525500000000001 | Prev SMA5: 8.52, SMA20: 8.5235 | Candle direction: bearish
2025-04-25 16:35:27 - DEBUG - [check_sma_cross_candle] [WBD] No signal detected
2025-04-25 16:35:27 - INFO - [_process_ticker] [WBD] ℹ️ No valid signal for WBD
2025-04-25 16:35:27 - INFO - [_update_active_orders_and_telegram] [N/A] 📊 Updating SL/TP for active orders
2025-04-25 16:35:28 - INFO - [update_orders] [N/A] ✅ Order 20 filled at 28.07
2025-04-25 16:35:28 - INFO - [set_tp_sl_direct] [N/A] 🔹 Setting TP (LMT) 28.42 and SL 27.83 for CZR
2025-04-25 16:35:28 - INFO - [set_tp_sl_direct] [N/A] ✅ TP (MIT) Order Status: PendingSubmit (Trigger: 28.42)
2025-04-25 16:35:28 - INFO - [set_tp_sl_direct] [N/A] ✅ SL (Stop) Order Status: PendingSubmit (Trigger: 27.83)
2025-04-25 16:35:28 - INFO - [update_orders] [N/A] ✅ Order 24 filled at 25.19
2025-04-25 16:35:28 - INFO - [set_tp_sl_direct] [N/A] 🔹 Setting TP (LMT) 25.5 and SL 24.97 for GEN
2025-04-25 16:35:28 - INFO - [set_tp_sl_direct] [N/A] ✅ TP (MIT) Order Status: PendingSubmit (Trigger: 25.5)
2025-04-25 16:35:28 - INFO - [set_tp_sl_direct] [N/A] ✅ SL (Stop) Order Status: PendingSubmit (Trigger: 24.97)
2025-04-25 16:35:28 - INFO - [update_orders] [N/A] ✅ Order 32 filled at 37.8
2025-04-25 16:35:28 - INFO - [set_tp_sl_direct] [N/A] 🔹 Setting TP (LMT) 37.29 and SL 38.08 for TFC
2025-04-25 16:35:28 - INFO - [set_tp_sl_direct] [N/A] ✅ TP (MIT) Order Status: PendingSubmit (Trigger: 37.29)
2025-04-25 16:35:28 - INFO - [set_tp_sl_direct] [N/A] ✅ SL (Stop) Order Status: PendingSubmit (Trigger: 38.08)
2025-04-25 16:35:28 - INFO - [update_orders] [N/A] ✅ Order 44 filled at 35.57
2025-04-25 16:35:28 - INFO - [set_tp_sl_direct] [N/A] 🔹 Setting TP (LMT) 35.08 and SL 35.83 for FITB
2025-04-25 16:35:28 - INFO - [set_tp_sl_direct] [N/A] ✅ TP (MIT) Order Status: PendingSubmit (Trigger: 35.08)
2025-04-25 16:35:28 - INFO - [set_tp_sl_direct] [N/A] ✅ SL (Stop) Order Status: PendingSubmit (Trigger: 35.83)
2025-04-25 16:35:28 - INFO - [update_orders] [N/A] ✅ Order 52 filled at 31.1
2025-04-25 16:35:28 - INFO - [set_tp_sl_direct] [N/A] 🔹 Setting TP (LMT) 30.66 and SL 31.32 for DVN
2025-04-25 16:35:28 - INFO - [set_tp_sl_direct] [N/A] ✅ TP (MIT) Order Status: PendingSubmit (Trigger: 30.66)
2025-04-25 16:35:28 - INFO - [set_tp_sl_direct] [N/A] ✅ SL (Stop) Order Status: PendingSubmit (Trigger: 31.32)
2025-04-25 16:35:30 - INFO - [_wait_until_next_iteration] [N/A] ⏳ Sleeping for 29.61 seconds before the next cycle
2025-04-25 16:36:00 - DEBUG - [_process_strategies] [N/A] ⏱ Skipping SMA_Cross_sma50, not yet time (every 5m)
2025-04-25 16:36:00 - DEBUG - [_process_strategies] [N/A] ⏱ Skipping EMA_Cross_ema50, not yet time (every 5m)
2025-04-25 16:36:00 - DEBUG - [_process_strategies] [N/A] ⏱ Skipping VWAP_diff_signal_1700, not yet time (every 5m)
2025-04-25 16:36:00 - DEBUG - [_process_strategies] [N/A] ⏱ Skipping VWAP_diff_signal_rsi_1700, not yet time (every 5m)
2025-04-25 16:36:00 - DEBUG - [_process_strategies] [N/A] ⏱ Skipping VWAP_diff_signal_1700_volume, not yet time (every 5m)
2025-04-25 16:36:00 - DEBUG - [_process_strategies] [N/A] ⏱ Skipping EMA_Cross_candle, not yet time (every 5m)
2025-04-25 16:36:00 - DEBUG - [_process_strategies] [N/A] ⏱ Skipping SMA_Cross_candle, not yet time (every 5m)
2025-04-25 16:36:00 - INFO - [_update_active_orders_and_telegram] [N/A] 📊 Updating SL/TP for active orders
2025-04-25 16:36:01 - INFO - [_wait_until_next_iteration] [N/A] ⏳ Sleeping for 58.94 seconds before the next cycle
2025-04-25 16:37:00 - DEBUG - [_process_strategies] [N/A] ⏱ Skipping SMA_Cross_sma50, not yet time (every 5m)
2025-04-25 16:37:00 - DEBUG - [_process_strategies] [N/A] ⏱ Skipping EMA_Cross_ema50, not yet time (every 5m)
2025-04-25 16:37:00 - DEBUG - [_process_strategies] [N/A] ⏱ Skipping VWAP_diff_signal_1700, not yet time (every 5m)
2025-04-25 16:37:00 - DEBUG - [_process_strategies] [N/A] ⏱ Skipping VWAP_diff_signal_rsi_1700, not yet time (every 5m)
2025-04-25 16:37:00 - DEBUG - [_process_strategies] [N/A] ⏱ Skipping VWAP_diff_signal_1700_volume, not yet time (every 5m)
2025-04-25 16:37:00 - DEBUG - [_process_strategies] [N/A] ⏱ Skipping EMA_Cross_candle, not yet time (every 5m)
2025-04-25 16:37:00 - DEBUG - [_process_strategies] [N/A] ⏱ Skipping SMA_Cross_candle, not yet time (every 5m)
2025-04-25 16:37:00 - INFO - [_update_active_orders_and_telegram] [N/A] 📊 Updating SL/TP for active orders
2025-04-25 16:37:01 - INFO - [_wait_until_next_iteration] [N/A] ⏳ Sleeping for 58.92 seconds before the next cycle
2025-04-25 16:38:00 - DEBUG - [_process_strategies] [N/A] ⏱ Skipping SMA_Cross_sma50, not yet time (every 5m)
2025-04-25 16:38:00 - DEBUG - [_process_strategies] [N/A] ⏱ Skipping EMA_Cross_ema50, not yet time (every 5m)
2025-04-25 16:38:00 - DEBUG - [_process_strategies] [N/A] ⏱ Skipping VWAP_diff_signal_1700, not yet time (every 5m)
2025-04-25 16:38:00 - DEBUG - [_process_strategies] [N/A] ⏱ Skipping VWAP_diff_signal_rsi_1700, not yet time (every 5m)
2025-04-25 16:38:00 - DEBUG - [_process_strategies] [N/A] ⏱ Skipping VWAP_diff_signal_1700_volume, not yet time (every 5m)
2025-04-25 16:38:00 - DEBUG - [_process_strategies] [N/A] ⏱ Skipping EMA_Cross_candle, not yet time (every 5m)
2025-04-25 16:38:00 - DEBUG - [_process_strategies] [N/A] ⏱ Skipping SMA_Cross_candle, not yet time (every 5m)
2025-04-25 16:38:00 - INFO - [_update_active_orders_and_telegram] [N/A] 📊 Updating SL/TP for active orders
2025-04-25 16:38:01 - INFO - [_wait_until_next_iteration] [N/A] ⏳ Sleeping for 58.92 seconds before the next cycle
2025-04-25 16:39:00 - DEBUG - [_process_strategies] [N/A] ⏱ Skipping SMA_Cross_sma50, not yet time (every 5m)
2025-04-25 16:39:00 - DEBUG - [_process_strategies] [N/A] ⏱ Skipping EMA_Cross_ema50, not yet time (every 5m)
2025-04-25 16:39:00 - DEBUG - [_process_strategies] [N/A] ⏱ Skipping VWAP_diff_signal_1700, not yet time (every 5m)
2025-04-25 16:39:00 - DEBUG - [_process_strategies] [N/A] ⏱ Skipping VWAP_diff_signal_rsi_1700, not yet time (every 5m)
2025-04-25 16:39:00 - DEBUG - [_process_strategies] [N/A] ⏱ Skipping VWAP_diff_signal_1700_volume, not yet time (every 5m)
2025-04-25 16:39:00 - DEBUG - [_process_strategies] [N/A] ⏱ Skipping EMA_Cross_candle, not yet time (every 5m)
2025-04-25 16:39:00 - DEBUG - [_process_strategies] [N/A] ⏱ Skipping SMA_Cross_candle, not yet time (every 5m)
2025-04-25 16:39:00 - INFO - [_update_active_orders_and_telegram] [N/A] 📊 Updating SL/TP for active orders
2025-04-25 16:39:01 - INFO - [_wait_until_next_iteration] [N/A] ⏳ Sleeping for 58.93 seconds before the next cycle
2025-04-25 16:40:00 - INFO - [_run_strategy_if_applicable] [N/A] 🔄 Starting trading loop for strategy: SMA_Cross_sma50
2025-04-25 16:40:00 - DEBUG - [_process_ticker] [FITB] 🚫 Trade not allowed for FITB (limit reached)
2025-04-25 16:40:00 - INFO - [get_stock_data] [HPQ] Requesting data for HPQ
2025-04-25 16:40:00 - INFO - [get_stock_data] [HPQ] Data received for HPQ: 80 rows
2025-04-25 16:40:00 - INFO - [check_sma_cross_sma50] [HPQ] Analyzing SMA signals for HPQ
2025-04-25 16:40:00 - INFO - [check_sma_cross_sma50] [HPQ] SMA5: 25.324, SMA20: 25.2275, SMA50: 25.1694 | Prev SMA5: 25.3, SMA20: 25.2165
2025-04-25 16:40:00 - DEBUG - [check_sma_cross_sma50] [HPQ] No signal detected
2025-04-25 16:40:00 - INFO - [_process_ticker] [HPQ] ℹ️ No valid signal for HPQ
2025-04-25 16:40:00 - INFO - [get_stock_data] [IPG] Requesting data for IPG
2025-04-25 16:40:01 - INFO - [get_stock_data] [IPG] Data received for IPG: 80 rows
2025-04-25 16:40:01 - INFO - [check_sma_cross_sma50] [IPG] Analyzing SMA signals for IPG
2025-04-25 16:40:01 - INFO - [check_sma_cross_sma50] [IPG] SMA5: 24.916000000000004, SMA20: 24.9375, SMA50: 24.895 | Prev SMA5: 24.990000000000002, SMA20: 24.95
2025-04-25 16:40:01 - INFO - [check_sma_cross_sma50] [IPG] ✅ SELL signal at 24.67, (SL: 24.84269, TP: 24.324620000000003 will be calculated externally)
2025-04-25 16:40:01 - INFO - [place_order] [IPG] Placing MARKET order for IPG: 202 shares
2025-04-25 16:40:01 - INFO - [_place_trade_and_register] [IPG] ✅ Order SELL for IPG placed with ID 74
2025-04-25 16:40:01 - INFO - [get_stock_data] [LVS] Requesting data for LVS
2025-04-25 16:40:01 - INFO - [get_stock_data] [LVS] Data received for LVS: 80 rows
2025-04-25 16:40:01 - INFO - [check_sma_cross_sma50] [LVS] Analyzing SMA signals for LVS
2025-04-25 16:40:01 - INFO - [check_sma_cross_sma50] [LVS] SMA5: 36.69, SMA20: 36.6485, SMA50: 36.5768 | Prev SMA5: 36.738, SMA20: 36.640499999999996
2025-04-25 16:40:01 - DEBUG - [check_sma_cross_sma50] [LVS] No signal detected
2025-04-25 16:40:01 - INFO - [_process_ticker] [LVS] ℹ️ No valid signal for LVS
2025-04-25 16:40:01 - INFO - [get_stock_data] [NCLH] Requesting data for NCLH
2025-04-25 16:40:02 - INFO - [get_stock_data] [NCLH] Data received for NCLH: 80 rows
2025-04-25 16:40:02 - INFO - [check_sma_cross_sma50] [NCLH] Analyzing SMA signals for NCLH
2025-04-25 16:40:02 - INFO - [check_sma_cross_sma50] [NCLH] SMA5: 17.16, SMA20: 17.149, SMA50: 17.124200000000002 | Prev SMA5: 17.159999999999997, SMA20: 17.1485
2025-04-25 16:40:02 - DEBUG - [check_sma_cross_sma50] [NCLH] No signal detected
2025-04-25 16:40:02 - INFO - [_process_ticker] [NCLH] ℹ️ No valid signal for NCLH
2025-04-25 16:40:02 - INFO - [get_stock_data] [NWSA] Requesting data for NWSA
2025-04-25 16:40:02 - INFO - [get_stock_data] [NWSA] Data received for NWSA: 80 rows
2025-04-25 16:40:02 - INFO - [check_sma_cross_sma50] [NWSA] Analyzing SMA signals for NWSA
2025-04-25 16:40:02 - INFO - [check_sma_cross_sma50] [NWSA] SMA5: 26.842000000000002, SMA20: 26.8315, SMA50: 26.8134 | Prev SMA5: 26.853999999999996, SMA20: 26.8315
2025-04-25 16:40:02 - DEBUG - [check_sma_cross_sma50] [NWSA] No signal detected
2025-04-25 16:40:02 - INFO - [_process_ticker] [NWSA] ℹ️ No valid signal for NWSA
2025-04-25 16:40:02 - INFO - [_run_strategy_if_applicable] [N/A] 🔄 Starting trading loop for strategy: EMA_Cross_ema50
2025-04-25 16:40:02 - INFO - [get_stock_data] [CFG] Requesting data for CFG
2025-04-25 16:40:03 - INFO - [get_stock_data] [CFG] Data received for CFG: 80 rows
2025-04-25 16:40:03 - INFO - [check_ema_cross_ema50] [CFG] Analyzing EMA signals for CFG
2025-04-25 16:40:03 - INFO - [check_ema_cross_ema50] [CFG] EMA9: 37.36090475201681, EMA21: 37.35779948104219, EMA50: 37.2595319239594 | Prev EMA9: 37.41363094002101, EMA21: 37.37857942914641
2025-04-25 16:40:03 - DEBUG - [check_ema_cross_ema50] [CFG] No signal detected
2025-04-25 16:40:03 - INFO - [_process_ticker] [CFG] ℹ️ No valid signal for CFG
2025-04-25 16:40:03 - DEBUG - [_process_ticker] [CZR] 🚫 Trade not allowed for CZR (limit reached)
2025-04-25 16:40:03 - DEBUG - [_process_ticker] [GEN] 🚫 Trade not allowed for GEN (limit reached)
2025-04-25 16:40:03 - INFO - [get_stock_data] [PARA] Requesting data for PARA
2025-04-25 16:40:04 - INFO - [get_stock_data] [PARA] Data received for PARA: 80 rows
2025-04-25 16:40:04 - INFO - [check_ema_cross_ema50] [PARA] Analyzing EMA signals for PARA
2025-04-25 16:40:04 - INFO - [check_ema_cross_ema50] [PARA] EMA9: 11.39648860943612, EMA21: 11.34247870310208, EMA50: 11.316767533089305 | Prev EMA9: 11.35061076179515, EMA21: 11.318726573412288
2025-04-25 16:40:04 - DEBUG - [check_ema_cross_ema50] [PARA] No signal detected
2025-04-25 16:40:04 - INFO - [_process_ticker] [PARA] ℹ️ No valid signal for PARA
2025-04-25 16:40:04 - INFO - [get_stock_data] [PPL] Requesting data for PPL
2025-04-25 16:40:04 - INFO - [get_stock_data] [PPL] Data received for PPL: 80 rows
2025-04-25 16:40:04 - INFO - [check_ema_cross_ema50] [PPL] Analyzing EMA signals for PPL
2025-04-25 16:40:04 - INFO - [check_ema_cross_ema50] [PPL] EMA9: 36.282905860683414, EMA21: 36.34339885765837, EMA50: 36.36821863954606 | Prev EMA9: 36.32363232585426, EMA21: 36.36573874342421
2025-04-25 16:40:04 - DEBUG - [check_ema_cross_ema50] [PPL] No signal detected
2025-04-25 16:40:04 - INFO - [_process_ticker] [PPL] ℹ️ No valid signal for PPL
2025-04-25 16:40:04 - DEBUG - [_process_ticker] [TFC] 🚫 Trade not allowed for TFC (limit reached)
2025-04-25 16:40:04 - INFO - [get_stock_data] [WBD] Requesting data for WBD
2025-04-25 16:40:05 - INFO - [get_stock_data] [WBD] Data received for WBD: 80 rows
2025-04-25 16:40:05 - INFO - [check_ema_cross_ema50] [WBD] Analyzing EMA signals for WBD
2025-04-25 16:40:05 - INFO - [check_ema_cross_ema50] [WBD] EMA9: 8.519056423023525, EMA21: 8.519290394439166, EMA50: 8.520055907180591 | Prev EMA9: 8.511320528779404, EMA21: 8.516219433883082
2025-04-25 16:40:05 - DEBUG - [check_ema_cross_ema50] [WBD] No signal detected
2025-04-25 16:40:05 - INFO - [_process_ticker] [WBD] ℹ️ No valid signal for WBD
2025-04-25 16:40:05 - INFO - [_run_strategy_if_applicable] [N/A] ⏰ Strategy 'VWAP_diff_signal_1700' not executed because it's outside the time window: 17:30:00 - 19:00:00
2025-04-25 16:40:05 - INFO - [_run_strategy_if_applicable] [N/A] ⏰ Strategy 'VWAP_diff_signal_rsi_1700' not executed because it's outside the time window: 17:30:00 - 19:00:00
2025-04-25 16:40:05 - INFO - [_run_strategy_if_applicable] [N/A] ⏰ Strategy 'VWAP_diff_signal_1700_volume' not executed because it's outside the time window: 17:30:00 - 19:00:00
2025-04-25 16:40:05 - INFO - [_run_strategy_if_applicable] [N/A] 🔄 Starting trading loop for strategy: EMA_Cross_candle
2025-04-25 16:40:05 - INFO - [get_stock_data] [BAX] Requesting data for BAX
2025-04-25 16:40:05 - INFO - [get_stock_data] [BAX] Data received for BAX: 80 rows
2025-04-25 16:40:05 - INFO - [check_ema_cross_candle] [BAX] Analyzing EMA signals for BAX
2025-04-25 16:40:05 - INFO - [check_ema_cross_candle] [BAX] EMA9: 30.320189609469782, EMA21: 30.29375456876456 | Prev EMA9: 30.345237011837227, EMA21: 30.301130025641015 | Candle: bearish
2025-04-25 16:40:05 - DEBUG - [check_ema_cross_candle] [BAX] No signal detected
2025-04-25 16:40:05 - INFO - [_process_ticker] [BAX] ℹ️ No valid signal for BAX
2025-04-25 16:40:05 - INFO - [get_stock_data] [CTRA] Requesting data for CTRA
2025-04-25 16:40:06 - INFO - [get_stock_data] [CTRA] Data received for CTRA: 81 rows
2025-04-25 16:40:06 - INFO - [check_ema_cross_candle] [CTRA] Analyzing EMA signals for CTRA
2025-04-25 16:40:06 - INFO - [check_ema_cross_candle] [CTRA] EMA9: 25.37344296849993, EMA21: 25.409013856479 | Prev EMA9: 25.391803710624906, EMA21: 25.4199152421269 | Candle: bullish
2025-04-25 16:40:06 - DEBUG - [check_ema_cross_candle] [CTRA] No signal detected
2025-04-25 16:40:06 - INFO - [_process_ticker] [CTRA] ℹ️ No valid signal for CTRA
2025-04-25 16:40:06 - INFO - [get_stock_data] [EXC] Requesting data for EXC
2025-04-25 16:40:06 - INFO - [get_stock_data] [EXC] Data received for EXC: 81 rows
2025-04-25 16:40:06 - INFO - [check_ema_cross_candle] [EXC] Analyzing EMA signals for EXC
2025-04-25 16:40:06 - INFO - [check_ema_cross_candle] [EXC] EMA9: 46.305083554242586, EMA21: 46.33731501101377 | Prev EMA9: 46.30135444280323, EMA21: 46.339046512115154 | Candle: bullish
2025-04-25 16:40:06 - DEBUG - [check_ema_cross_candle] [EXC] No signal detected
2025-04-25 16:40:06 - INFO - [_process_ticker] [EXC] ℹ️ No valid signal for EXC
2025-04-25 16:40:06 - DEBUG - [_process_ticker] [FITB] 🚫 Trade not allowed for FITB (limit reached)
2025-04-25 16:40:06 - INFO - [get_stock_data] [KMI] Requesting data for KMI
2025-04-25 16:40:07 - INFO - [get_stock_data] [KMI] Data received for KMI: 81 rows
2025-04-25 16:40:07 - INFO - [check_ema_cross_candle] [KMI] Analyzing EMA signals for KMI
2025-04-25 16:40:07 - INFO - [check_ema_cross_candle] [KMI] EMA9: 26.85936868777314, EMA21: 26.88495573970084 | Prev EMA9: 26.869210859716425, EMA21: 26.891451313670924 | Candle: bearish
2025-04-25 16:40:07 - DEBUG - [check_ema_cross_candle] [KMI] No signal detected
2025-04-25 16:40:07 - INFO - [_process_ticker] [KMI] ℹ️ No valid signal for KMI
2025-04-25 16:40:07 - INFO - [get_stock_data] [UDR] Requesting data for UDR
2025-04-25 16:40:07 - INFO - [get_stock_data] [UDR] Data received for UDR: 81 rows
2025-04-25 16:40:07 - INFO - [check_ema_cross_candle] [UDR] Analyzing EMA signals for UDR
2025-04-25 16:40:07 - INFO - [check_ema_cross_candle] [UDR] EMA9: 41.55039695544259, EMA21: 41.60267316033621 | Prev EMA9: 41.567996194303234, EMA21: 41.61494047636983 | Candle: bearish
2025-04-25 16:40:07 - DEBUG - [check_ema_cross_candle] [UDR] No signal detected
2025-04-25 16:40:07 - INFO - [_process_ticker] [UDR] ℹ️ No valid signal for UDR
2025-04-25 16:40:07 - INFO - [_run_strategy_if_applicable] [N/A] 🔄 Starting trading loop for strategy: SMA_Cross_candle
2025-04-25 16:40:07 - DEBUG - [_process_ticker] [DVN] 🚫 Trade not allowed for DVN (limit reached)
2025-04-25 16:40:07 - INFO - [get_stock_data] [LUV] Requesting data for LUV
2025-04-25 16:40:08 - INFO - [get_stock_data] [LUV] Data received for LUV: 81 rows
2025-04-25 16:40:08 - INFO - [check_sma_cross_candle] [LUV] Analyzing SMA signals for LUV
2025-04-25 16:40:08 - INFO - [check_sma_cross_candle] [LUV] SMA5: 26.436, SMA20: 26.386000000000003 | Prev SMA5: 26.504, SMA20: 26.380000000000003 | Candle direction: bearish
2025-04-25 16:40:08 - DEBUG - [check_sma_cross_candle] [LUV] No signal detected
2025-04-25 16:40:08 - INFO - [_process_ticker] [LUV] ℹ️ No valid signal for LUV
2025-04-25 16:40:08 - INFO - [get_stock_data] [NI] Requesting data for NI
2025-04-25 16:40:08 - INFO - [get_stock_data] [NI] Data received for NI: 81 rows
2025-04-25 16:40:08 - INFO - [check_sma_cross_candle] [NI] Analyzing SMA signals for NI
2025-04-25 16:40:08 - INFO - [check_sma_cross_candle] [NI] SMA5: 39.66799999999999, SMA20: 39.6715 | Prev SMA5: 39.66, SMA20: 39.6725 | Candle direction: bearish
2025-04-25 16:40:08 - DEBUG - [check_sma_cross_candle] [NI] No signal detected
2025-04-25 16:40:08 - INFO - [_process_ticker] [NI] ℹ️ No valid signal for NI
2025-04-25 16:40:08 - INFO - [get_stock_data] [WBD] Requesting data for WBD
2025-04-25 16:40:09 - INFO - [get_stock_data] [WBD] Data received for WBD: 81 rows
2025-04-25 16:40:09 - INFO - [check_sma_cross_candle] [WBD] Analyzing SMA signals for WBD
2025-04-25 16:40:09 - INFO - [check_sma_cross_candle] [WBD] SMA5: 8.528, SMA20: 8.5255 | Prev SMA5: 8.524, SMA20: 8.5245 | Candle direction: bearish
2025-04-25 16:40:09 - DEBUG - [check_sma_cross_candle] [WBD] No signal detected
2025-04-25 16:40:09 - INFO - [_process_ticker] [WBD] ℹ️ No valid signal for WBD
2025-04-25 16:40:09 - INFO - [_update_active_orders_and_telegram] [N/A] 📊 Updating SL/TP for active orders
2025-04-25 16:40:10 - INFO - [update_orders] [N/A] ✅ Order 74 filled at 24.65
2025-04-25 16:40:10 - INFO - [set_tp_sl_direct] [N/A] 🔹 Setting TP (LMT) 24.32 and SL 24.84 for IPG
2025-04-25 16:40:10 - INFO - [set_tp_sl_direct] [N/A] ✅ TP (MIT) Order Status: PendingSubmit (Trigger: 24.32)
2025-04-25 16:40:10 - INFO - [set_tp_sl_direct] [N/A] ✅ SL (Stop) Order Status: PendingSubmit (Trigger: 24.84)
2025-04-25 16:40:10 - INFO - [_wait_until_next_iteration] [N/A] ⏳ Sleeping for 49.13 seconds before the next cycle
2025-04-25 16:41:00 - DEBUG - [_process_strategies] [N/A] ⏱ Skipping SMA_Cross_sma50, not yet time (every 5m)
2025-04-25 16:41:00 - DEBUG - [_process_strategies] [N/A] ⏱ Skipping EMA_Cross_ema50, not yet time (every 5m)
2025-04-25 16:41:00 - DEBUG - [_process_strategies] [N/A] ⏱ Skipping VWAP_diff_signal_1700, not yet time (every 5m)
2025-04-25 16:41:00 - DEBUG - [_process_strategies] [N/A] ⏱ Skipping VWAP_diff_signal_rsi_1700, not yet time (every 5m)
2025-04-25 16:41:00 - DEBUG - [_process_strategies] [N/A] ⏱ Skipping VWAP_diff_signal_1700_volume, not yet time (every 5m)
2025-04-25 16:41:00 - DEBUG - [_process_strategies] [N/A] ⏱ Skipping EMA_Cross_candle, not yet time (every 5m)
2025-04-25 16:41:00 - DEBUG - [_process_strategies] [N/A] ⏱ Skipping SMA_Cross_candle, not yet time (every 5m)
2025-04-25 16:41:00 - INFO - [_update_active_orders_and_telegram] [N/A] 📊 Updating SL/TP for active orders
2025-04-25 16:41:01 - INFO - [_wait_until_next_iteration] [N/A] ⏳ Sleeping for 58.93 seconds before the next cycle
2025-04-25 16:42:00 - DEBUG - [_process_strategies] [N/A] ⏱ Skipping SMA_Cross_sma50, not yet time (every 5m)
2025-04-25 16:42:00 - DEBUG - [_process_strategies] [N/A] ⏱ Skipping EMA_Cross_ema50, not yet time (every 5m)
2025-04-25 16:42:00 - DEBUG - [_process_strategies] [N/A] ⏱ Skipping VWAP_diff_signal_1700, not yet time (every 5m)
2025-04-25 16:42:00 - DEBUG - [_process_strategies] [N/A] ⏱ Skipping VWAP_diff_signal_rsi_1700, not yet time (every 5m)
2025-04-25 16:42:00 - DEBUG - [_process_strategies] [N/A] ⏱ Skipping VWAP_diff_signal_1700_volume, not yet time (every 5m)
2025-04-25 16:42:00 - DEBUG - [_process_strategies] [N/A] ⏱ Skipping EMA_Cross_candle, not yet time (every 5m)
2025-04-25 16:42:00 - DEBUG - [_process_strategies] [N/A] ⏱ Skipping SMA_Cross_candle, not yet time (every 5m)
2025-04-25 16:42:00 - INFO - [_update_active_orders_and_telegram] [N/A] 📊 Updating SL/TP for active orders
2025-04-25 16:42:01 - INFO - [_wait_until_next_iteration] [N/A] ⏳ Sleeping for 58.92 seconds before the next cycle
2025-04-25 16:43:00 - DEBUG - [_process_strategies] [N/A] ⏱ Skipping SMA_Cross_sma50, not yet time (every 5m)
2025-04-25 16:43:00 - DEBUG - [_process_strategies] [N/A] ⏱ Skipping EMA_Cross_ema50, not yet time (every 5m)
2025-04-25 16:43:00 - DEBUG - [_process_strategies] [N/A] ⏱ Skipping VWAP_diff_signal_1700, not yet time (every 5m)
2025-04-25 16:43:00 - DEBUG - [_process_strategies] [N/A] ⏱ Skipping VWAP_diff_signal_rsi_1700, not yet time (every 5m)
2025-04-25 16:43:00 - DEBUG - [_process_strategies] [N/A] ⏱ Skipping VWAP_diff_signal_1700_volume, not yet time (every 5m)
2025-04-25 16:43:00 - DEBUG - [_process_strategies] [N/A] ⏱ Skipping EMA_Cross_candle, not yet time (every 5m)
2025-04-25 16:43:00 - DEBUG - [_process_strategies] [N/A] ⏱ Skipping SMA_Cross_candle, not yet time (every 5m)
2025-04-25 16:43:00 - INFO - [_update_active_orders_and_telegram] [N/A] 📊 Updating SL/TP for active orders
2025-04-25 16:43:01 - INFO - [_wait_until_next_iteration] [N/A] ⏳ Sleeping for 58.92 seconds before the next cycle
2025-04-25 16:44:00 - DEBUG - [_process_strategies] [N/A] ⏱ Skipping SMA_Cross_sma50, not yet time (every 5m)
2025-04-25 16:44:00 - DEBUG - [_process_strategies] [N/A] ⏱ Skipping EMA_Cross_ema50, not yet time (every 5m)
2025-04-25 16:44:00 - DEBUG - [_process_strategies] [N/A] ⏱ Skipping VWAP_diff_signal_1700, not yet time (every 5m)
2025-04-25 16:44:00 - DEBUG - [_process_strategies] [N/A] ⏱ Skipping VWAP_diff_signal_rsi_1700, not yet time (every 5m)
2025-04-25 16:44:00 - DEBUG - [_process_strategies] [N/A] ⏱ Skipping VWAP_diff_signal_1700_volume, not yet time (every 5m)
2025-04-25 16:44:00 - DEBUG - [_process_strategies] [N/A] ⏱ Skipping EMA_Cross_candle, not yet time (every 5m)
2025-04-25 16:44:00 - DEBUG - [_process_strategies] [N/A] ⏱ Skipping SMA_Cross_candle, not yet time (every 5m)
2025-04-25 16:44:00 - INFO - [_update_active_orders_and_telegram] [N/A] 📊 Updating SL/TP for active orders
2025-04-25 16:44:01 - INFO - [_wait_until_next_iteration] [N/A] ⏳ Sleeping for 58.92 seconds before the next cycle
2025-04-25 16:45:00 - INFO - [_run_strategy_if_applicable] [N/A] 🔄 Starting trading loop for strategy: SMA_Cross_sma50
2025-04-25 16:45:00 - DEBUG - [_process_ticker] [FITB] 🚫 Trade not allowed for FITB (limit reached)
2025-04-25 16:45:00 - INFO - [get_stock_data] [HPQ] Requesting data for HPQ
2025-04-25 16:45:00 - INFO - [get_stock_data] [HPQ] Data received for HPQ: 81 rows
2025-04-25 16:45:00 - INFO - [check_sma_cross_sma50] [HPQ] Analyzing SMA signals for HPQ
2025-04-25 16:45:00 - INFO - [check_sma_cross_sma50] [HPQ] SMA5: 25.324, SMA20: 25.232499999999998, SMA50: 25.1754 | Prev SMA5: 25.322, SMA20: 25.227
2025-04-25 16:45:00 - DEBUG - [check_sma_cross_sma50] [HPQ] No signal detected
2025-04-25 16:45:00 - INFO - [_process_ticker] [HPQ] ℹ️ No valid signal for HPQ
2025-04-25 16:45:00 - DEBUG - [_process_ticker] [IPG] 🚫 Trade not allowed for IPG (limit reached)
2025-04-25 16:45:00 - INFO - [get_stock_data] [LVS] Requesting data for LVS
2025-04-25 16:45:01 - INFO - [get_stock_data] [LVS] Data received for LVS: 81 rows
2025-04-25 16:45:01 - INFO - [check_sma_cross_sma50] [LVS] Analyzing SMA signals for LVS
2025-04-25 16:45:01 - INFO - [check_sma_cross_sma50] [LVS] SMA5: 36.67, SMA20: 36.6605, SMA50: 36.5854 | Prev SMA5: 36.69, SMA20: 36.6485
2025-04-25 16:45:01 - DEBUG - [check_sma_cross_sma50] [LVS] No signal detected
2025-04-25 16:45:01 - INFO - [_process_ticker] [LVS] ℹ️ No valid signal for LVS
2025-04-25 16:45:01 - INFO - [get_stock_data] [NCLH] Requesting data for NCLH
2025-04-25 16:45:01 - INFO - [get_stock_data] [NCLH] Data received for NCLH: 81 rows
2025-04-25 16:45:01 - INFO - [check_sma_cross_sma50] [NCLH] Analyzing SMA signals for NCLH
2025-04-25 16:45:01 - INFO - [check_sma_cross_sma50] [NCLH] SMA5: 17.157999999999998, SMA20: 17.15, SMA50: 17.1276 | Prev SMA5: 17.16, SMA20: 17.149
2025-04-25 16:45:01 - DEBUG - [check_sma_cross_sma50] [NCLH] No signal detected
2025-04-25 16:45:01 - INFO - [_process_ticker] [NCLH] ℹ️ No valid signal for NCLH
2025-04-25 16:45:01 - INFO - [get_stock_data] [NWSA] Requesting data for NWSA
2025-04-25 16:45:02 - INFO - [get_stock_data] [NWSA] Data received for NWSA: 81 rows
2025-04-25 16:45:02 - INFO - [check_sma_cross_sma50] [NWSA] Analyzing SMA signals for NWSA
2025-04-25 16:45:02 - INFO - [check_sma_cross_sma50] [NWSA] SMA5: 26.818, SMA20: 26.827999999999996, SMA50: 26.813000000000002 | Prev SMA5: 26.842000000000002, SMA20: 26.8315
2025-04-25 16:45:02 - INFO - [check_sma_cross_sma50] [NWSA] ✅ SELL signal at 26.76, (SL: 26.94732, TP: 26.385360000000002 will be calculated externally)
2025-04-25 16:45:02 - INFO - [place_order] [NWSA] Placing MARKET order for NWSA: 186 shares
2025-04-25 16:45:02 - INFO - [_place_trade_and_register] [NWSA] ✅ Order SELL for NWSA placed with ID 116
2025-04-25 16:45:02 - INFO - [_run_strategy_if_applicable] [N/A] 🔄 Starting trading loop for strategy: EMA_Cross_ema50
2025-04-25 16:45:02 - INFO - [get_stock_data] [CFG] Requesting data for CFG
2025-04-25 16:45:03 - INFO - [get_stock_data] [CFG] Data received for CFG: 81 rows
2025-04-25 16:45:03 - INFO - [check_ema_cross_ema50] [CFG] Analyzing EMA signals for CFG
2025-04-25 16:45:03 - INFO - [check_ema_cross_ema50] [CFG] EMA9: 37.324723801613445, EMA21: 37.34163589185654, EMA50: 37.2564130249806 | Prev EMA9: 37.36090475201681, EMA21: 37.35779948104219
2025-04-25 16:45:03 - INFO - [check_ema_cross_ema50] [CFG] ✅ SELL signal at 37.2, (SL: 37.4604, TP: 36.6792 will be calculated externally)
2025-04-25 16:45:03 - INFO - [place_order] [CFG] Placing MARKET order for CFG: 134 shares
2025-04-25 16:45:03 - INFO - [_place_trade_and_register] [CFG] ✅ Order SELL for CFG placed with ID 120
2025-04-25 16:45:03 - DEBUG - [_process_ticker] [CZR] 🚫 Trade not allowed for CZR (limit reached)
2025-04-25 16:45:03 - DEBUG - [_process_ticker] [GEN] 🚫 Trade not allowed for GEN (limit reached)
2025-04-25 16:45:03 - INFO - [get_stock_data] [PARA] Requesting data for PARA
2025-04-25 16:45:04 - INFO - [get_stock_data] [PARA] Data received for PARA: 81 rows
2025-04-25 16:45:04 - INFO - [check_ema_cross_ema50] [PARA] Analyzing EMA signals for PARA
2025-04-25 16:45:04 - INFO - [check_ema_cross_ema50] [PARA] EMA9: 11.449190887548898, EMA21: 11.371344275547346, EMA50: 11.330227629830901 | Prev EMA9: 11.39648860943612, EMA21: 11.34247870310208
2025-04-25 16:45:04 - DEBUG - [check_ema_cross_ema50] [PARA] No signal detected
2025-04-25 16:45:04 - INFO - [_process_ticker] [PARA] ℹ️ No valid signal for PARA
2025-04-25 16:45:04 - INFO - [get_stock_data] [PPL] Requesting data for PPL
2025-04-25 16:45:04 - INFO - [get_stock_data] [PPL] Data received for PPL: 81 rows
2025-04-25 16:45:04 - INFO - [check_ema_cross_ema50] [PPL] Analyzing EMA signals for PPL
2025-04-25 16:45:04 - INFO - [check_ema_cross_ema50] [PPL] EMA9: 36.29032468854673, EMA21: 36.34127168878034, EMA50: 36.36632771250503 | Prev EMA9: 36.282905860683414, EMA21: 36.34339885765837
2025-04-25 16:45:04 - DEBUG - [check_ema_cross_ema50] [PPL] No signal detected
2025-04-25 16:45:04 - INFO - [_process_ticker] [PPL] ℹ️ No valid signal for PPL
2025-04-25 16:45:04 - DEBUG - [_process_ticker] [TFC] 🚫 Trade not allowed for TFC (limit reached)
2025-04-25 16:45:04 - INFO - [get_stock_data] [WBD] Requesting data for WBD
2025-04-25 16:45:05 - INFO - [get_stock_data] [WBD] Data received for WBD: 81 rows
2025-04-25 16:45:05 - INFO - [check_ema_cross_ema50] [WBD] Analyzing EMA signals for WBD
2025-04-25 16:45:05 - INFO - [check_ema_cross_ema50] [WBD] EMA9: 8.52324513841882, EMA21: 8.521173085853786, EMA50: 8.520838028467626 | Prev EMA9: 8.519056423023525, EMA21: 8.519290394439166
2025-04-25 16:45:05 - DEBUG - [check_ema_cross_ema50] [WBD] No signal detected
2025-04-25 16:45:05 - INFO - [_process_ticker] [WBD] ℹ️ No valid signal for WBD
2025-04-25 16:45:05 - INFO - [_run_strategy_if_applicable] [N/A] ⏰ Strategy 'VWAP_diff_signal_1700' not executed because it's outside the time window: 17:30:00 - 19:00:00
2025-04-25 16:45:05 - INFO - [_run_strategy_if_applicable] [N/A] ⏰ Strategy 'VWAP_diff_signal_rsi_1700' not executed because it's outside the time window: 17:30:00 - 19:00:00
2025-04-25 16:45:05 - INFO - [_run_strategy_if_applicable] [N/A] ⏰ Strategy 'VWAP_diff_signal_1700_volume' not executed because it's outside the time window: 17:30:00 - 19:00:00
2025-04-25 16:45:05 - INFO - [_run_strategy_if_applicable] [N/A] 🔄 Starting trading loop for strategy: EMA_Cross_candle
2025-04-25 16:45:05 - INFO - [get_stock_data] [BAX] Requesting data for BAX
2025-04-25 16:45:05 - INFO - [get_stock_data] [BAX] Data received for BAX: 81 rows
2025-04-25 16:45:05 - INFO - [check_ema_cross_candle] [BAX] Analyzing EMA signals for BAX
2025-04-25 16:45:05 - INFO - [check_ema_cross_candle] [BAX] EMA9: 30.304151687575825, EMA21: 30.28886778978596 | Prev EMA9: 30.320189609469782, EMA21: 30.29375456876456 | Candle: bullish
2025-04-25 16:45:05 - DEBUG - [check_ema_cross_candle] [BAX] No signal detected
2025-04-25 16:45:05 - INFO - [_process_ticker] [BAX] ℹ️ No valid signal for BAX
2025-04-25 16:45:05 - INFO - [get_stock_data] [CTRA] Requesting data for CTRA
2025-04-25 16:45:06 - INFO - [get_stock_data] [CTRA] Data received for CTRA: 82 rows
2025-04-25 16:45:06 - INFO - [check_ema_cross_candle] [CTRA] Analyzing EMA signals for CTRA
2025-04-25 16:45:06 - INFO - [check_ema_cross_candle] [CTRA] EMA9: 25.349954374799946, EMA21: 25.39480598522884 | Prev EMA9: 25.36744296849993, EMA21: 25.406286583751726 | Candle: bullish
2025-04-25 16:45:06 - DEBUG - [check_ema_cross_candle] [CTRA] No signal detected
2025-04-25 16:45:06 - INFO - [_process_ticker] [CTRA] ℹ️ No valid signal for CTRA
2025-04-25 16:45:06 - INFO - [get_stock_data] [EXC] Requesting data for EXC
2025-04-25 16:45:06 - INFO - [get_stock_data] [EXC] Data received for EXC: 82 rows
2025-04-25 16:45:06 - INFO - [check_ema_cross_candle] [EXC] Analyzing EMA signals for EXC
2025-04-25 16:45:06 - INFO - [check_ema_cross_candle] [EXC] EMA9: 46.24046684339407, EMA21: 46.303426869516656 | Prev EMA9: 46.27308355424258, EMA21: 46.322769556468316 | Candle: bearish
2025-04-25 16:45:06 - DEBUG - [check_ema_cross_candle] [EXC] No signal detected
2025-04-25 16:45:06 - INFO - [_process_ticker] [EXC] ℹ️ No valid signal for EXC
2025-04-25 16:45:06 - DEBUG - [_process_ticker] [FITB] 🚫 Trade not allowed for FITB (limit reached)
2025-04-25 16:45:06 - INFO - [get_stock_data] [KMI] Requesting data for KMI
2025-04-25 16:45:07 - INFO - [get_stock_data] [KMI] Data received for KMI: 82 rows
2025-04-25 16:45:07 - INFO - [check_ema_cross_candle] [KMI] Analyzing EMA signals for KMI
2025-04-25 16:45:07 - INFO - [check_ema_cross_candle] [KMI] EMA9: 26.862294950218516, EMA21: 26.884257284025555 | Prev EMA9: 26.86536868777314, EMA21: 26.887683012428113 | Candle: bullish
2025-04-25 16:45:07 - DEBUG - [check_ema_cross_candle] [KMI] No signal detected
2025-04-25 16:45:07 - INFO - [_process_ticker] [KMI] ℹ️ No valid signal for KMI
2025-04-25 16:45:07 - INFO - [get_stock_data] [UDR] Requesting data for UDR
2025-04-25 16:45:07 - INFO - [get_stock_data] [UDR] Data received for UDR: 82 rows
2025-04-25 16:45:07 - INFO - [check_ema_cross_candle] [UDR] Analyzing EMA signals for UDR
2025-04-25 16:45:07 - INFO - [check_ema_cross_candle] [UDR] EMA9: 41.46071756435407, EMA21: 41.55507477385936 | Prev EMA9: 41.50839695544259, EMA21: 41.583582251245296 | Candle: bearish
2025-04-25 16:45:07 - DEBUG - [check_ema_cross_candle] [UDR] No signal detected
2025-04-25 16:45:07 - INFO - [_process_ticker] [UDR] ℹ️ No valid signal for UDR
2025-04-25 16:45:07 - INFO - [_run_strategy_if_applicable] [N/A] 🔄 Starting trading loop for strategy: SMA_Cross_candle
2025-04-25 16:45:07 - DEBUG - [_process_ticker] [DVN] 🚫 Trade not allowed for DVN (limit reached)
2025-04-25 16:45:07 - INFO - [get_stock_data] [LUV] Requesting data for LUV
2025-04-25 16:45:08 - INFO - [get_stock_data] [LUV] Data received for LUV: 82 rows
2025-04-25 16:45:08 - INFO - [check_sma_cross_candle] [LUV] Analyzing SMA signals for LUV
2025-04-25 16:45:08 - INFO - [check_sma_cross_candle] [LUV] SMA5: 26.244, SMA20: 26.359500000000004 | Prev SMA5: 26.380000000000003, SMA20: 26.372000000000003 | Candle direction: bearish
2025-04-25 16:45:08 - INFO - [check_sma_cross_candle] [LUV] ✅ SELL signal at 26.0, (SL: 26.182, TP: 25.636 will be calculated externally)
2025-04-25 16:45:08 - INFO - [place_order] [LUV] Placing MARKET order for LUV: 192 shares
2025-04-25 16:45:08 - INFO - [_place_trade_and_register] [LUV] ✅ Order SELL for LUV placed with ID 140
2025-04-25 16:45:08 - INFO - [get_stock_data] [NI] Requesting data for NI
2025-04-25 16:45:09 - INFO - [get_stock_data] [NI] Data received for NI: 82 rows
2025-04-25 16:45:09 - INFO - [check_sma_cross_candle] [NI] Analyzing SMA signals for NI
2025-04-25 16:45:09 - INFO - [check_sma_cross_candle] [NI] SMA5: 39.617999999999995, SMA20: 39.653499999999994 | Prev SMA5: 39.641999999999996, SMA20: 39.665000000000006 | Candle direction: bearish
2025-04-25 16:45:09 - DEBUG - [check_sma_cross_candle] [NI] No signal detected
2025-04-25 16:45:09 - INFO - [_process_ticker] [NI] ℹ️ No valid signal for NI
2025-04-25 16:45:09 - INFO - [get_stock_data] [WBD] Requesting data for WBD
2025-04-25 16:45:09 - INFO - [get_stock_data] [WBD] Data received for WBD: 82 rows
2025-04-25 16:45:09 - INFO - [check_sma_cross_candle] [WBD] Analyzing SMA signals for WBD
2025-04-25 16:45:09 - INFO - [check_sma_cross_candle] [WBD] SMA5: 8.522, SMA20: 8.524 | Prev SMA5: 8.526, SMA20: 8.525 | Candle direction: bearish
2025-04-25 16:45:09 - INFO - [check_sma_cross_candle] [WBD] ✅ SELL signal at 8.52, (SL: 8.57964, TP: 8.40072 will be calculated externally)
2025-04-25 16:45:10 - INFO - [place_order] [WBD] Placing MARKET order for WBD: 586 shares
2025-04-25 16:45:10 - INFO - [_place_trade_and_register] [WBD] ✅ Order SELL for WBD placed with ID 146
2025-04-25 16:45:10 - INFO - [_update_active_orders_and_telegram] [N/A] 📊 Updating SL/TP for active orders
2025-04-25 16:45:11 - INFO - [update_orders] [N/A] ✅ Order 116 filled at 26.77
2025-04-25 16:45:11 - INFO - [set_tp_sl_direct] [N/A] 🔹 Setting TP (LMT) 26.39 and SL 26.95 for NWSA
2025-04-25 16:45:11 - INFO - [set_tp_sl_direct] [N/A] ✅ TP (MIT) Order Status: PendingSubmit (Trigger: 26.39)
2025-04-25 16:45:11 - INFO - [set_tp_sl_direct] [N/A] ✅ SL (Stop) Order Status: PendingSubmit (Trigger: 26.95)
2025-04-25 16:45:11 - INFO - [update_orders] [N/A] ✅ Order 120 filled at 37.2
2025-04-25 16:45:11 - INFO - [set_tp_sl_direct] [N/A] 🔹 Setting TP (LMT) 36.68 and SL 37.46 for CFG
2025-04-25 16:45:11 - INFO - [set_tp_sl_direct] [N/A] ✅ TP (MIT) Order Status: PendingSubmit (Trigger: 36.68)
2025-04-25 16:45:11 - INFO - [set_tp_sl_direct] [N/A] ✅ SL (Stop) Order Status: PendingSubmit (Trigger: 37.46)
2025-04-25 16:45:11 - INFO - [update_orders] [N/A] ✅ Order 140 filled at 26.03
2025-04-25 16:45:11 - INFO - [set_tp_sl_direct] [N/A] 🔹 Setting TP (LMT) 25.64 and SL 26.18 for LUV
2025-04-25 16:45:11 - INFO - [set_tp_sl_direct] [N/A] ✅ TP (MIT) Order Status: PendingSubmit (Trigger: 25.64)
2025-04-25 16:45:11 - INFO - [set_tp_sl_direct] [N/A] ✅ SL (Stop) Order Status: PendingSubmit (Trigger: 26.18)
2025-04-25 16:45:11 - INFO - [update_orders] [N/A] ✅ Order 146 filled at 8.52
2025-04-25 16:45:11 - INFO - [set_tp_sl_direct] [N/A] 🔹 Setting TP (LMT) 8.4 and SL 8.58 for WBD
2025-04-25 16:45:11 - INFO - [set_tp_sl_direct] [N/A] ✅ TP (MIT) Order Status: PendingSubmit (Trigger: 8.4)
2025-04-25 16:45:11 - INFO - [set_tp_sl_direct] [N/A] ✅ SL (Stop) Order Status: PendingSubmit (Trigger: 8.58)
2025-04-25 16:45:12 - INFO - [_wait_until_next_iteration] [N/A] ⏳ Sleeping for 47.42 seconds before the next cycle
2025-04-25 16:46:00 - DEBUG - [_process_strategies] [N/A] ⏱ Skipping SMA_Cross_sma50, not yet time (every 5m)
2025-04-25 16:46:00 - DEBUG - [_process_strategies] [N/A] ⏱ Skipping EMA_Cross_ema50, not yet time (every 5m)
2025-04-25 16:46:00 - DEBUG - [_process_strategies] [N/A] ⏱ Skipping VWAP_diff_signal_1700, not yet time (every 5m)
2025-04-25 16:46:00 - DEBUG - [_process_strategies] [N/A] ⏱ Skipping VWAP_diff_signal_rsi_1700, not yet time (every 5m)
2025-04-25 16:46:00 - DEBUG - [_process_strategies] [N/A] ⏱ Skipping VWAP_diff_signal_1700_volume, not yet time (every 5m)
2025-04-25 16:46:00 - DEBUG - [_process_strategies] [N/A] ⏱ Skipping EMA_Cross_candle, not yet time (every 5m)
2025-04-25 16:46:00 - DEBUG - [_process_strategies] [N/A] ⏱ Skipping SMA_Cross_candle, not yet time (every 5m)
2025-04-25 16:46:00 - INFO - [_update_active_orders_and_telegram] [N/A] 📊 Updating SL/TP for active orders
2025-04-25 16:46:01 - INFO - [_wait_until_next_iteration] [N/A] ⏳ Sleeping for 58.92 seconds before the next cycle
2025-04-25 16:47:00 - DEBUG - [_process_strategies] [N/A] ⏱ Skipping SMA_Cross_sma50, not yet time (every 5m)
2025-04-25 16:47:00 - DEBUG - [_process_strategies] [N/A] ⏱ Skipping EMA_Cross_ema50, not yet time (every 5m)
2025-04-25 16:47:00 - DEBUG - [_process_strategies] [N/A] ⏱ Skipping VWAP_diff_signal_1700, not yet time (every 5m)
2025-04-25 16:47:00 - DEBUG - [_process_strategies] [N/A] ⏱ Skipping VWAP_diff_signal_rsi_1700, not yet time (every 5m)
2025-04-25 16:47:00 - DEBUG - [_process_strategies] [N/A] ⏱ Skipping VWAP_diff_signal_1700_volume, not yet time (every 5m)
2025-04-25 16:47:00 - DEBUG - [_process_strategies] [N/A] ⏱ Skipping EMA_Cross_candle, not yet time (every 5m)
2025-04-25 16:47:00 - DEBUG - [_process_strategies] [N/A] ⏱ Skipping SMA_Cross_candle, not yet time (every 5m)
2025-04-25 16:47:00 - INFO - [_update_active_orders_and_telegram] [N/A] 📊 Updating SL/TP for active orders
2025-04-25 16:47:01 - INFO - [_wait_until_next_iteration] [N/A] ⏳ Sleeping for 58.91 seconds before the next cycle
2025-04-25 16:48:00 - DEBUG - [_process_strategies] [N/A] ⏱ Skipping SMA_Cross_sma50, not yet time (every 5m)
2025-04-25 16:48:00 - DEBUG - [_process_strategies] [N/A] ⏱ Skipping EMA_Cross_ema50, not yet time (every 5m)
2025-04-25 16:48:00 - DEBUG - [_process_strategies] [N/A] ⏱ Skipping VWAP_diff_signal_1700, not yet time (every 5m)
2025-04-25 16:48:00 - DEBUG - [_process_strategies] [N/A] ⏱ Skipping VWAP_diff_signal_rsi_1700, not yet time (every 5m)
2025-04-25 16:48:00 - DEBUG - [_process_strategies] [N/A] ⏱ Skipping VWAP_diff_signal_1700_volume, not yet time (every 5m)
2025-04-25 16:48:00 - DEBUG - [_process_strategies] [N/A] ⏱ Skipping EMA_Cross_candle, not yet time (every 5m)
2025-04-25 16:48:00 - DEBUG - [_process_strategies] [N/A] ⏱ Skipping SMA_Cross_candle, not yet time (every 5m)
2025-04-25 16:48:00 - INFO - [_update_active_orders_and_telegram] [N/A] 📊 Updating SL/TP for active orders
2025-04-25 16:48:01 - INFO - [_wait_until_next_iteration] [N/A] ⏳ Sleeping for 58.93 seconds before the next cycle
2025-04-25 16:49:00 - DEBUG - [_process_strategies] [N/A] ⏱ Skipping SMA_Cross_sma50, not yet time (every 5m)
2025-04-25 16:49:00 - DEBUG - [_process_strategies] [N/A] ⏱ Skipping EMA_Cross_ema50, not yet time (every 5m)
2025-04-25 16:49:00 - DEBUG - [_process_strategies] [N/A] ⏱ Skipping VWAP_diff_signal_1700, not yet time (every 5m)
2025-04-25 16:49:00 - DEBUG - [_process_strategies] [N/A] ⏱ Skipping VWAP_diff_signal_rsi_1700, not yet time (every 5m)
2025-04-25 16:49:00 - DEBUG - [_process_strategies] [N/A] ⏱ Skipping VWAP_diff_signal_1700_volume, not yet time (every 5m)
2025-04-25 16:49:00 - DEBUG - [_process_strategies] [N/A] ⏱ Skipping EMA_Cross_candle, not yet time (every 5m)
2025-04-25 16:49:00 - DEBUG - [_process_strategies] [N/A] ⏱ Skipping SMA_Cross_candle, not yet time (every 5m)
2025-04-25 16:49:00 - INFO - [_update_active_orders_and_telegram] [N/A] 📊 Updating SL/TP for active orders
2025-04-25 16:49:01 - INFO - [_wait_until_next_iteration] [N/A] ⏳ Sleeping for 58.93 seconds before the next cycle
2025-04-25 16:50:00 - INFO - [_run_strategy_if_applicable] [N/A] ⏰ Strategy 'SMA_Cross_sma50' not executed because it's outside the time window: 16:35:00 - 16:50:00
2025-04-25 16:50:00 - INFO - [_run_strategy_if_applicable] [N/A] ⏰ Strategy 'EMA_Cross_ema50' not executed because it's outside the time window: 16:35:00 - 16:50:00
2025-04-25 16:50:00 - INFO - [_run_strategy_if_applicable] [N/A] ⏰ Strategy 'VWAP_diff_signal_1700' not executed because it's outside the time window: 17:30:00 - 19:00:00
2025-04-25 16:50:00 - INFO - [_run_strategy_if_applicable] [N/A] ⏰ Strategy 'VWAP_diff_signal_rsi_1700' not executed because it's outside the time window: 17:30:00 - 19:00:00
2025-04-25 16:50:00 - INFO - [_run_strategy_if_applicable] [N/A] ⏰ Strategy 'VWAP_diff_signal_1700_volume' not executed because it's outside the time window: 17:30:00 - 19:00:00
2025-04-25 16:50:00 - INFO - [_run_strategy_if_applicable] [N/A] ⏰ Strategy 'EMA_Cross_candle' not executed because it's outside the time window: 16:35:00 - 16:50:00
2025-04-25 16:50:00 - INFO - [_run_strategy_if_applicable] [N/A] ⏰ Strategy 'SMA_Cross_candle' not executed because it's outside the time window: 16:35:00 - 16:50:00
2025-04-25 16:50:00 - INFO - [_update_active_orders_and_telegram] [N/A] 📊 Updating SL/TP for active orders
2025-04-25 16:50:01 - INFO - [_wait_until_next_iteration] [N/A] ⏳ Sleeping for 58.95 seconds before the next cycle
2025-04-25 16:51:00 - DEBUG - [_process_strategies] [N/A] ⏱ Skipping SMA_Cross_sma50, not yet time (every 5m)
2025-04-25 16:51:00 - DEBUG - [_process_strategies] [N/A] ⏱ Skipping EMA_Cross_ema50, not yet time (every 5m)
2025-04-25 16:51:00 - DEBUG - [_process_strategies] [N/A] ⏱ Skipping VWAP_diff_signal_1700, not yet time (every 5m)
2025-04-25 16:51:00 - DEBUG - [_process_strategies] [N/A] ⏱ Skipping VWAP_diff_signal_rsi_1700, not yet time (every 5m)
2025-04-25 16:51:00 - DEBUG - [_process_strategies] [N/A] ⏱ Skipping VWAP_diff_signal_1700_volume, not yet time (every 5m)
2025-04-25 16:51:00 - DEBUG - [_process_strategies] [N/A] ⏱ Skipping EMA_Cross_candle, not yet time (every 5m)
2025-04-25 16:51:00 - DEBUG - [_process_strategies] [N/A] ⏱ Skipping SMA_Cross_candle, not yet time (every 5m)
2025-04-25 16:51:00 - INFO - [_update_active_orders_and_telegram] [N/A] 📊 Updating SL/TP for active orders
2025-04-25 16:51:01 - INFO - [_wait_until_next_iteration] [N/A] ⏳ Sleeping for 58.94 seconds before the next cycle
2025-04-25 16:52:00 - DEBUG - [_process_strategies] [N/A] ⏱ Skipping SMA_Cross_sma50, not yet time (every 5m)
2025-04-25 16:52:00 - DEBUG - [_process_strategies] [N/A] ⏱ Skipping EMA_Cross_ema50, not yet time (every 5m)
2025-04-25 16:52:00 - DEBUG - [_process_strategies] [N/A] ⏱ Skipping VWAP_diff_signal_1700, not yet time (every 5m)
2025-04-25 16:52:00 - DEBUG - [_process_strategies] [N/A] ⏱ Skipping VWAP_diff_signal_rsi_1700, not yet time (every 5m)
2025-04-25 16:52:00 - DEBUG - [_process_strategies] [N/A] ⏱ Skipping VWAP_diff_signal_1700_volume, not yet time (every 5m)
2025-04-25 16:52:00 - DEBUG - [_process_strategies] [N/A] ⏱ Skipping EMA_Cross_candle, not yet time (every 5m)
2025-04-25 16:52:00 - DEBUG - [_process_strategies] [N/A] ⏱ Skipping SMA_Cross_candle, not yet time (every 5m)
2025-04-25 16:52:00 - INFO - [_update_active_orders_and_telegram] [N/A] 📊 Updating SL/TP for active orders
2025-04-25 16:52:01 - INFO - [_wait_until_next_iteration] [N/A] ⏳ Sleeping for 58.92 seconds before the next cycle
2025-04-25 16:53:00 - DEBUG - [_process_strategies] [N/A] ⏱ Skipping SMA_Cross_sma50, not yet time (every 5m)
2025-04-25 16:53:00 - DEBUG - [_process_strategies] [N/A] ⏱ Skipping EMA_Cross_ema50, not yet time (every 5m)
2025-04-25 16:53:00 - DEBUG - [_process_strategies] [N/A] ⏱ Skipping VWAP_diff_signal_1700, not yet time (every 5m)
2025-04-25 16:53:00 - DEBUG - [_process_strategies] [N/A] ⏱ Skipping VWAP_diff_signal_rsi_1700, not yet time (every 5m)
2025-04-25 16:53:00 - DEBUG - [_process_strategies] [N/A] ⏱ Skipping VWAP_diff_signal_1700_volume, not yet time (every 5m)
2025-04-25 16:53:00 - DEBUG - [_process_strategies] [N/A] ⏱ Skipping EMA_Cross_candle, not yet time (every 5m)
2025-04-25 16:53:00 - DEBUG - [_process_strategies] [N/A] ⏱ Skipping SMA_Cross_candle, not yet time (every 5m)
2025-04-25 16:53:00 - INFO - [_update_active_orders_and_telegram] [N/A] 📊 Updating SL/TP for active orders
2025-04-25 16:53:01 - INFO - [_wait_until_next_iteration] [N/A] ⏳ Sleeping for 58.92 seconds before the next cycle
2025-04-25 16:54:00 - DEBUG - [_process_strategies] [N/A] ⏱ Skipping SMA_Cross_sma50, not yet time (every 5m)
2025-04-25 16:54:00 - DEBUG - [_process_strategies] [N/A] ⏱ Skipping EMA_Cross_ema50, not yet time (every 5m)
2025-04-25 16:54:00 - DEBUG - [_process_strategies] [N/A] ⏱ Skipping VWAP_diff_signal_1700, not yet time (every 5m)
2025-04-25 16:54:00 - DEBUG - [_process_strategies] [N/A] ⏱ Skipping VWAP_diff_signal_rsi_1700, not yet time (every 5m)
2025-04-25 16:54:00 - DEBUG - [_process_strategies] [N/A] ⏱ Skipping VWAP_diff_signal_1700_volume, not yet time (every 5m)
2025-04-25 16:54:00 - DEBUG - [_process_strategies] [N/A] ⏱ Skipping EMA_Cross_candle, not yet time (every 5m)
2025-04-25 16:54:00 - DEBUG - [_process_strategies] [N/A] ⏱ Skipping SMA_Cross_candle, not yet time (every 5m)
2025-04-25 16:54:00 - INFO - [_update_active_orders_and_telegram] [N/A] 📊 Updating SL/TP for active orders
2025-04-25 16:54:01 - INFO - [_wait_until_next_iteration] [N/A] ⏳ Sleeping for 58.92 seconds before the next cycle
2025-04-25 16:55:00 - INFO - [_run_strategy_if_applicable] [N/A] ⏰ Strategy 'SMA_Cross_sma50' not executed because it's outside the time window: 16:35:00 - 16:50:00
2025-04-25 16:55:00 - INFO - [_run_strategy_if_applicable] [N/A] ⏰ Strategy 'EMA_Cross_ema50' not executed because it's outside the time window: 16:35:00 - 16:50:00
2025-04-25 16:55:00 - INFO - [_run_strategy_if_applicable] [N/A] ⏰ Strategy 'VWAP_diff_signal_1700' not executed because it's outside the time window: 17:30:00 - 19:00:00
2025-04-25 16:55:00 - INFO - [_run_strategy_if_applicable] [N/A] ⏰ Strategy 'VWAP_diff_signal_rsi_1700' not executed because it's outside the time window: 17:30:00 - 19:00:00
2025-04-25 16:55:00 - INFO - [_run_strategy_if_applicable] [N/A] ⏰ Strategy 'VWAP_diff_signal_1700_volume' not executed because it's outside the time window: 17:30:00 - 19:00:00
2025-04-25 16:55:00 - INFO - [_run_strategy_if_applicable] [N/A] ⏰ Strategy 'EMA_Cross_candle' not executed because it's outside the time window: 16:35:00 - 16:50:00
2025-04-25 16:55:00 - INFO - [_run_strategy_if_applicable] [N/A] ⏰ Strategy 'SMA_Cross_candle' not executed because it's outside the time window: 16:35:00 - 16:50:00
2025-04-25 16:55:00 - INFO - [_update_active_orders_and_telegram] [N/A] 📊 Updating SL/TP for active orders
2025-04-25 16:55:01 - INFO - [_wait_until_next_iteration] [N/A] ⏳ Sleeping for 58.91 seconds before the next cycle
2025-04-25 16:56:00 - DEBUG - [_process_strategies] [N/A] ⏱ Skipping SMA_Cross_sma50, not yet time (every 5m)
2025-04-25 16:56:00 - DEBUG - [_process_strategies] [N/A] ⏱ Skipping EMA_Cross_ema50, not yet time (every 5m)
2025-04-25 16:56:00 - DEBUG - [_process_strategies] [N/A] ⏱ Skipping VWAP_diff_signal_1700, not yet time (every 5m)
2025-04-25 16:56:00 - DEBUG - [_process_strategies] [N/A] ⏱ Skipping VWAP_diff_signal_rsi_1700, not yet time (every 5m)
2025-04-25 16:56:00 - DEBUG - [_process_strategies] [N/A] ⏱ Skipping VWAP_diff_signal_1700_volume, not yet time (every 5m)
2025-04-25 16:56:00 - DEBUG - [_process_strategies] [N/A] ⏱ Skipping EMA_Cross_candle, not yet time (every 5m)
2025-04-25 16:56:00 - DEBUG - [_process_strategies] [N/A] ⏱ Skipping SMA_Cross_candle, not yet time (every 5m)
2025-04-25 16:56:00 - INFO - [_update_active_orders_and_telegram] [N/A] 📊 Updating SL/TP for active orders
2025-04-25 16:56:01 - INFO - [_wait_until_next_iteration] [N/A] ⏳ Sleeping for 58.92 seconds before the next cycle
2025-04-25 16:57:00 - DEBUG - [_process_strategies] [N/A] ⏱ Skipping SMA_Cross_sma50, not yet time (every 5m)
2025-04-25 16:57:00 - DEBUG - [_process_strategies] [N/A] ⏱ Skipping EMA_Cross_ema50, not yet time (every 5m)
2025-04-25 16:57:00 - DEBUG - [_process_strategies] [N/A] ⏱ Skipping VWAP_diff_signal_1700, not yet time (every 5m)
2025-04-25 16:57:00 - DEBUG - [_process_strategies] [N/A] ⏱ Skipping VWAP_diff_signal_rsi_1700, not yet time (every 5m)
2025-04-25 16:57:00 - DEBUG - [_process_strategies] [N/A] ⏱ Skipping VWAP_diff_signal_1700_volume, not yet time (every 5m)
2025-04-25 16:57:00 - DEBUG - [_process_strategies] [N/A] ⏱ Skipping EMA_Cross_candle, not yet time (every 5m)
2025-04-25 16:57:00 - DEBUG - [_process_strategies] [N/A] ⏱ Skipping SMA_Cross_candle, not yet time (every 5m)
2025-04-25 16:57:00 - INFO - [_update_active_orders_and_telegram] [N/A] 📊 Updating SL/TP for active orders
2025-04-25 16:57:01 - INFO - [_wait_until_next_iteration] [N/A] ⏳ Sleeping for 58.92 seconds before the next cycle
2025-04-25 16:58:00 - DEBUG - [_process_strategies] [N/A] ⏱ Skipping SMA_Cross_sma50, not yet time (every 5m)
2025-04-25 16:58:00 - DEBUG - [_process_strategies] [N/A] ⏱ Skipping EMA_Cross_ema50, not yet time (every 5m)
2025-04-25 16:58:00 - DEBUG - [_process_strategies] [N/A] ⏱ Skipping VWAP_diff_signal_1700, not yet time (every 5m)
2025-04-25 16:58:00 - DEBUG - [_process_strategies] [N/A] ⏱ Skipping VWAP_diff_signal_rsi_1700, not yet time (every 5m)
2025-04-25 16:58:00 - DEBUG - [_process_strategies] [N/A] ⏱ Skipping VWAP_diff_signal_1700_volume, not yet time (every 5m)
2025-04-25 16:58:00 - DEBUG - [_process_strategies] [N/A] ⏱ Skipping EMA_Cross_candle, not yet time (every 5m)
2025-04-25 16:58:00 - DEBUG - [_process_strategies] [N/A] ⏱ Skipping SMA_Cross_candle, not yet time (every 5m)
2025-04-25 16:58:00 - INFO - [_update_active_orders_and_telegram] [N/A] 📊 Updating SL/TP for active orders
2025-04-25 16:58:01 - INFO - [_wait_until_next_iteration] [N/A] ⏳ Sleeping for 58.92 seconds before the next cycle
2025-04-25 16:59:00 - DEBUG - [_process_strategies] [N/A] ⏱ Skipping SMA_Cross_sma50, not yet time (every 5m)
2025-04-25 16:59:00 - DEBUG - [_process_strategies] [N/A] ⏱ Skipping EMA_Cross_ema50, not yet time (every 5m)
2025-04-25 16:59:00 - DEBUG - [_process_strategies] [N/A] ⏱ Skipping VWAP_diff_signal_1700, not yet time (every 5m)
2025-04-25 16:59:00 - DEBUG - [_process_strategies] [N/A] ⏱ Skipping VWAP_diff_signal_rsi_1700, not yet time (every 5m)
2025-04-25 16:59:00 - DEBUG - [_process_strategies] [N/A] ⏱ Skipping VWAP_diff_signal_1700_volume, not yet time (every 5m)
2025-04-25 16:59:00 - DEBUG - [_process_strategies] [N/A] ⏱ Skipping EMA_Cross_candle, not yet time (every 5m)
2025-04-25 16:59:00 - DEBUG - [_process_strategies] [N/A] ⏱ Skipping SMA_Cross_candle, not yet time (every 5m)
2025-04-25 16:59:00 - INFO - [_update_active_orders_and_telegram] [N/A] 📊 Updating SL/TP for active orders
2025-04-25 16:59:01 - INFO - [_wait_until_next_iteration] [N/A] ⏳ Sleeping for 58.92 seconds before the next cycle
2025-04-25 17:00:00 - INFO - [_run_strategy_if_applicable] [N/A] ⏰ Strategy 'SMA_Cross_sma50' not executed because it's outside the time window: 16:35:00 - 16:50:00
2025-04-25 17:00:00 - INFO - [_run_strategy_if_applicable] [N/A] ⏰ Strategy 'EMA_Cross_ema50' not executed because it's outside the time window: 16:35:00 - 16:50:00
2025-04-25 17:00:00 - INFO - [_run_strategy_if_applicable] [N/A] ⏰ Strategy 'VWAP_diff_signal_1700' not executed because it's outside the time window: 17:30:00 - 19:00:00
2025-04-25 17:00:00 - INFO - [_run_strategy_if_applicable] [N/A] ⏰ Strategy 'VWAP_diff_signal_rsi_1700' not executed because it's outside the time window: 17:30:00 - 19:00:00
2025-04-25 17:00:00 - INFO - [_run_strategy_if_applicable] [N/A] ⏰ Strategy 'VWAP_diff_signal_1700_volume' not executed because it's outside the time window: 17:30:00 - 19:00:00
2025-04-25 17:00:00 - INFO - [_run_strategy_if_applicable] [N/A] ⏰ Strategy 'EMA_Cross_candle' not executed because it's outside the time window: 16:35:00 - 16:50:00
2025-04-25 17:00:00 - INFO - [_run_strategy_if_applicable] [N/A] ⏰ Strategy 'SMA_Cross_candle' not executed because it's outside the time window: 16:35:00 - 16:50:00
2025-04-25 17:00:00 - INFO - [_update_active_orders_and_telegram] [N/A] 📊 Updating SL/TP for active orders
2025-04-25 17:00:01 - INFO - [_wait_until_next_iteration] [N/A] ⏳ Sleeping for 58.92 seconds before the next cycle
2025-04-25 17:01:00 - DEBUG - [_process_strategies] [N/A] ⏱ Skipping SMA_Cross_sma50, not yet time (every 5m)
2025-04-25 17:01:00 - DEBUG - [_process_strategies] [N/A] ⏱ Skipping EMA_Cross_ema50, not yet time (every 5m)
2025-04-25 17:01:00 - DEBUG - [_process_strategies] [N/A] ⏱ Skipping VWAP_diff_signal_1700, not yet time (every 5m)
2025-04-25 17:01:00 - DEBUG - [_process_strategies] [N/A] ⏱ Skipping VWAP_diff_signal_rsi_1700, not yet time (every 5m)
2025-04-25 17:01:00 - DEBUG - [_process_strategies] [N/A] ⏱ Skipping VWAP_diff_signal_1700_volume, not yet time (every 5m)
2025-04-25 17:01:00 - DEBUG - [_process_strategies] [N/A] ⏱ Skipping EMA_Cross_candle, not yet time (every 5m)
2025-04-25 17:01:00 - DEBUG - [_process_strategies] [N/A] ⏱ Skipping SMA_Cross_candle, not yet time (every 5m)
2025-04-25 17:01:00 - INFO - [_update_active_orders_and_telegram] [N/A] 📊 Updating SL/TP for active orders
2025-04-25 17:01:01 - INFO - [_wait_until_next_iteration] [N/A] ⏳ Sleeping for 58.92 seconds before the next cycle
2025-04-25 17:02:00 - DEBUG - [_process_strategies] [N/A] ⏱ Skipping SMA_Cross_sma50, not yet time (every 5m)
2025-04-25 17:02:00 - DEBUG - [_process_strategies] [N/A] ⏱ Skipping EMA_Cross_ema50, not yet time (every 5m)
2025-04-25 17:02:00 - DEBUG - [_process_strategies] [N/A] ⏱ Skipping VWAP_diff_signal_1700, not yet time (every 5m)
2025-04-25 17:02:00 - DEBUG - [_process_strategies] [N/A] ⏱ Skipping VWAP_diff_signal_rsi_1700, not yet time (every 5m)
2025-04-25 17:02:00 - DEBUG - [_process_strategies] [N/A] ⏱ Skipping VWAP_diff_signal_1700_volume, not yet time (every 5m)
2025-04-25 17:02:00 - DEBUG - [_process_strategies] [N/A] ⏱ Skipping EMA_Cross_candle, not yet time (every 5m)
2025-04-25 17:02:00 - DEBUG - [_process_strategies] [N/A] ⏱ Skipping SMA_Cross_candle, not yet time (every 5m)
2025-04-25 17:02:00 - INFO - [_update_active_orders_and_telegram] [N/A] 📊 Updating SL/TP for active orders
2025-04-25 17:02:01 - INFO - [_wait_until_next_iteration] [N/A] ⏳ Sleeping for 58.92 seconds before the next cycle
2025-04-25 17:03:00 - DEBUG - [_process_strategies] [N/A] ⏱ Skipping SMA_Cross_sma50, not yet time (every 5m)
2025-04-25 17:03:00 - DEBUG - [_process_strategies] [N/A] ⏱ Skipping EMA_Cross_ema50, not yet time (every 5m)
2025-04-25 17:03:00 - DEBUG - [_process_strategies] [N/A] ⏱ Skipping VWAP_diff_signal_1700, not yet time (every 5m)
2025-04-25 17:03:00 - DEBUG - [_process_strategies] [N/A] ⏱ Skipping VWAP_diff_signal_rsi_1700, not yet time (every 5m)
2025-04-25 17:03:00 - DEBUG - [_process_strategies] [N/A] ⏱ Skipping VWAP_diff_signal_1700_volume, not yet time (every 5m)
2025-04-25 17:03:00 - DEBUG - [_process_strategies] [N/A] ⏱ Skipping EMA_Cross_candle, not yet time (every 5m)
2025-04-25 17:03:00 - DEBUG - [_process_strategies] [N/A] ⏱ Skipping SMA_Cross_candle, not yet time (every 5m)
2025-04-25 17:03:00 - INFO - [_update_active_orders_and_telegram] [N/A] 📊 Updating SL/TP for active orders
2025-04-25 17:03:01 - INFO - [_wait_until_next_iteration] [N/A] ⏳ Sleeping for 58.93 seconds before the next cycle
2025-04-25 17:04:00 - DEBUG - [_process_strategies] [N/A] ⏱ Skipping SMA_Cross_sma50, not yet time (every 5m)
2025-04-25 17:04:00 - DEBUG - [_process_strategies] [N/A] ⏱ Skipping EMA_Cross_ema50, not yet time (every 5m)
2025-04-25 17:04:00 - DEBUG - [_process_strategies] [N/A] ⏱ Skipping VWAP_diff_signal_1700, not yet time (every 5m)
2025-04-25 17:04:00 - DEBUG - [_process_strategies] [N/A] ⏱ Skipping VWAP_diff_signal_rsi_1700, not yet time (every 5m)
2025-04-25 17:04:00 - DEBUG - [_process_strategies] [N/A] ⏱ Skipping VWAP_diff_signal_1700_volume, not yet time (every 5m)
2025-04-25 17:04:00 - DEBUG - [_process_strategies] [N/A] ⏱ Skipping EMA_Cross_candle, not yet time (every 5m)
2025-04-25 17:04:00 - DEBUG - [_process_strategies] [N/A] ⏱ Skipping SMA_Cross_candle, not yet time (every 5m)
2025-04-25 17:04:00 - INFO - [_update_active_orders_and_telegram] [N/A] 📊 Updating SL/TP for active orders
2025-04-25 17:04:01 - INFO - [_wait_until_next_iteration] [N/A] ⏳ Sleeping for 58.92 seconds before the next cycle
2025-04-25 17:05:00 - INFO - [_run_strategy_if_applicable] [N/A] ⏰ Strategy 'SMA_Cross_sma50' not executed because it's outside the time window: 16:35:00 - 16:50:00
2025-04-25 17:05:00 - INFO - [_run_strategy_if_applicable] [N/A] ⏰ Strategy 'EMA_Cross_ema50' not executed because it's outside the time window: 16:35:00 - 16:50:00
2025-04-25 17:05:00 - INFO - [_run_strategy_if_applicable] [N/A] ⏰ Strategy 'VWAP_diff_signal_1700' not executed because it's outside the time window: 17:30:00 - 19:00:00
2025-04-25 17:05:00 - INFO - [_run_strategy_if_applicable] [N/A] ⏰ Strategy 'VWAP_diff_signal_rsi_1700' not executed because it's outside the time window: 17:30:00 - 19:00:00
2025-04-25 17:05:00 - INFO - [_run_strategy_if_applicable] [N/A] ⏰ Strategy 'VWAP_diff_signal_1700_volume' not executed because it's outside the time window: 17:30:00 - 19:00:00
2025-04-25 17:05:00 - INFO - [_run_strategy_if_applicable] [N/A] ⏰ Strategy 'EMA_Cross_candle' not executed because it's outside the time window: 16:35:00 - 16:50:00
2025-04-25 17:05:00 - INFO - [_run_strategy_if_applicable] [N/A] ⏰ Strategy 'SMA_Cross_candle' not executed because it's outside the time window: 16:35:00 - 16:50:00
2025-04-25 17:05:00 - INFO - [_update_active_orders_and_telegram] [N/A] 📊 Updating SL/TP for active orders
2025-04-25 17:05:01 - INFO - [_wait_until_next_iteration] [N/A] ⏳ Sleeping for 58.92 seconds before the next cycle
2025-04-25 17:06:00 - DEBUG - [_process_strategies] [N/A] ⏱ Skipping SMA_Cross_sma50, not yet time (every 5m)
2025-04-25 17:06:00 - DEBUG - [_process_strategies] [N/A] ⏱ Skipping EMA_Cross_ema50, not yet time (every 5m)
2025-04-25 17:06:00 - DEBUG - [_process_strategies] [N/A] ⏱ Skipping VWAP_diff_signal_1700, not yet time (every 5m)
2025-04-25 17:06:00 - DEBUG - [_process_strategies] [N/A] ⏱ Skipping VWAP_diff_signal_rsi_1700, not yet time (every 5m)
2025-04-25 17:06:00 - DEBUG - [_process_strategies] [N/A] ⏱ Skipping VWAP_diff_signal_1700_volume, not yet time (every 5m)
2025-04-25 17:06:00 - DEBUG - [_process_strategies] [N/A] ⏱ Skipping EMA_Cross_candle, not yet time (every 5m)
2025-04-25 17:06:00 - DEBUG - [_process_strategies] [N/A] ⏱ Skipping SMA_Cross_candle, not yet time (every 5m)
2025-04-25 17:06:00 - INFO - [_update_active_orders_and_telegram] [N/A] 📊 Updating SL/TP for active orders
2025-04-25 17:06:01 - INFO - [_wait_until_next_iteration] [N/A] ⏳ Sleeping for 58.92 seconds before the next cycle
2025-04-25 17:07:00 - DEBUG - [_process_strategies] [N/A] ⏱ Skipping SMA_Cross_sma50, not yet time (every 5m)
2025-04-25 17:07:00 - DEBUG - [_process_strategies] [N/A] ⏱ Skipping EMA_Cross_ema50, not yet time (every 5m)
2025-04-25 17:07:00 - DEBUG - [_process_strategies] [N/A] ⏱ Skipping VWAP_diff_signal_1700, not yet time (every 5m)
2025-04-25 17:07:00 - DEBUG - [_process_strategies] [N/A] ⏱ Skipping VWAP_diff_signal_rsi_1700, not yet time (every 5m)
2025-04-25 17:07:00 - DEBUG - [_process_strategies] [N/A] ⏱ Skipping VWAP_diff_signal_1700_volume, not yet time (every 5m)
2025-04-25 17:07:00 - DEBUG - [_process_strategies] [N/A] ⏱ Skipping EMA_Cross_candle, not yet time (every 5m)
2025-04-25 17:07:00 - DEBUG - [_process_strategies] [N/A] ⏱ Skipping SMA_Cross_candle, not yet time (every 5m)
2025-04-25 17:07:00 - INFO - [_update_active_orders_and_telegram] [N/A] 📊 Updating SL/TP for active orders
2025-04-25 17:07:01 - INFO - [_wait_until_next_iteration] [N/A] ⏳ Sleeping for 58.92 seconds before the next cycle
2025-04-25 17:08:00 - DEBUG - [_process_strategies] [N/A] ⏱ Skipping SMA_Cross_sma50, not yet time (every 5m)
2025-04-25 17:08:00 - DEBUG - [_process_strategies] [N/A] ⏱ Skipping EMA_Cross_ema50, not yet time (every 5m)
2025-04-25 17:08:00 - DEBUG - [_process_strategies] [N/A] ⏱ Skipping VWAP_diff_signal_1700, not yet time (every 5m)
2025-04-25 17:08:00 - DEBUG - [_process_strategies] [N/A] ⏱ Skipping VWAP_diff_signal_rsi_1700, not yet time (every 5m)
2025-04-25 17:08:00 - DEBUG - [_process_strategies] [N/A] ⏱ Skipping VWAP_diff_signal_1700_volume, not yet time (every 5m)
2025-04-25 17:08:00 - DEBUG - [_process_strategies] [N/A] ⏱ Skipping EMA_Cross_candle, not yet time (every 5m)
2025-04-25 17:08:00 - DEBUG - [_process_strategies] [N/A] ⏱ Skipping SMA_Cross_candle, not yet time (every 5m)
2025-04-25 17:08:00 - INFO - [_update_active_orders_and_telegram] [N/A] 📊 Updating SL/TP for active orders
2025-04-25 17:08:01 - INFO - [_wait_until_next_iteration] [N/A] ⏳ Sleeping for 58.93 seconds before the next cycle
2025-04-25 17:09:00 - DEBUG - [_process_strategies] [N/A] ⏱ Skipping SMA_Cross_sma50, not yet time (every 5m)
2025-04-25 17:09:00 - DEBUG - [_process_strategies] [N/A] ⏱ Skipping EMA_Cross_ema50, not yet time (every 5m)
2025-04-25 17:09:00 - DEBUG - [_process_strategies] [N/A] ⏱ Skipping VWAP_diff_signal_1700, not yet time (every 5m)
2025-04-25 17:09:00 - DEBUG - [_process_strategies] [N/A] ⏱ Skipping VWAP_diff_signal_rsi_1700, not yet time (every 5m)
2025-04-25 17:09:00 - DEBUG - [_process_strategies] [N/A] ⏱ Skipping VWAP_diff_signal_1700_volume, not yet time (every 5m)
2025-04-25 17:09:00 - DEBUG - [_process_strategies] [N/A] ⏱ Skipping EMA_Cross_candle, not yet time (every 5m)
2025-04-25 17:09:00 - DEBUG - [_process_strategies] [N/A] ⏱ Skipping SMA_Cross_candle, not yet time (every 5m)
2025-04-25 17:09:00 - INFO - [_update_active_orders_and_telegram] [N/A] 📊 Updating SL/TP for active orders
2025-04-25 17:09:01 - INFO - [_wait_until_next_iteration] [N/A] ⏳ Sleeping for 58.93 seconds before the next cycle
2025-04-25 17:10:00 - INFO - [_run_strategy_if_applicable] [N/A] ⏰ Strategy 'SMA_Cross_sma50' not executed because it's outside the time window: 16:35:00 - 16:50:00
2025-04-25 17:10:00 - INFO - [_run_strategy_if_applicable] [N/A] ⏰ Strategy 'EMA_Cross_ema50' not executed because it's outside the time window: 16:35:00 - 16:50:00
2025-04-25 17:10:00 - INFO - [_run_strategy_if_applicable] [N/A] ⏰ Strategy 'VWAP_diff_signal_1700' not executed because it's outside the time window: 17:30:00 - 19:00:00
2025-04-25 17:10:00 - INFO - [_run_strategy_if_applicable] [N/A] ⏰ Strategy 'VWAP_diff_signal_rsi_1700' not executed because it's outside the time window: 17:30:00 - 19:00:00
2025-04-25 17:10:00 - INFO - [_run_strategy_if_applicable] [N/A] ⏰ Strategy 'VWAP_diff_signal_1700_volume' not executed because it's outside the time window: 17:30:00 - 19:00:00
2025-04-25 17:10:00 - INFO - [_run_strategy_if_applicable] [N/A] ⏰ Strategy 'EMA_Cross_candle' not executed because it's outside the time window: 16:35:00 - 16:50:00
2025-04-25 17:10:00 - INFO - [_run_strategy_if_applicable] [N/A] ⏰ Strategy 'SMA_Cross_candle' not executed because it's outside the time window: 16:35:00 - 16:50:00
2025-04-25 17:10:00 - INFO - [_update_active_orders_and_telegram] [N/A] 📊 Updating SL/TP for active orders
2025-04-25 17:10:01 - INFO - [_wait_until_next_iteration] [N/A] ⏳ Sleeping for 58.92 seconds before the next cycle
2025-04-25 17:11:00 - DEBUG - [_process_strategies] [N/A] ⏱ Skipping SMA_Cross_sma50, not yet time (every 5m)
2025-04-25 17:11:00 - DEBUG - [_process_strategies] [N/A] ⏱ Skipping EMA_Cross_ema50, not yet time (every 5m)
2025-04-25 17:11:00 - DEBUG - [_process_strategies] [N/A] ⏱ Skipping VWAP_diff_signal_1700, not yet time (every 5m)
2025-04-25 17:11:00 - DEBUG - [_process_strategies] [N/A] ⏱ Skipping VWAP_diff_signal_rsi_1700, not yet time (every 5m)
2025-04-25 17:11:00 - DEBUG - [_process_strategies] [N/A] ⏱ Skipping VWAP_diff_signal_1700_volume, not yet time (every 5m)
2025-04-25 17:11:00 - DEBUG - [_process_strategies] [N/A] ⏱ Skipping EMA_Cross_candle, not yet time (every 5m)
2025-04-25 17:11:00 - DEBUG - [_process_strategies] [N/A] ⏱ Skipping SMA_Cross_candle, not yet time (every 5m)
2025-04-25 17:11:00 - INFO - [_update_active_orders_and_telegram] [N/A] 📊 Updating SL/TP for active orders
2025-04-25 17:11:01 - INFO - [_wait_until_next_iteration] [N/A] ⏳ Sleeping for 58.96 seconds before the next cycle
2025-04-25 17:12:00 - DEBUG - [_process_strategies] [N/A] ⏱ Skipping SMA_Cross_sma50, not yet time (every 5m)
2025-04-25 17:12:00 - DEBUG - [_process_strategies] [N/A] ⏱ Skipping EMA_Cross_ema50, not yet time (every 5m)
2025-04-25 17:12:00 - DEBUG - [_process_strategies] [N/A] ⏱ Skipping VWAP_diff_signal_1700, not yet time (every 5m)
2025-04-25 17:12:00 - DEBUG - [_process_strategies] [N/A] ⏱ Skipping VWAP_diff_signal_rsi_1700, not yet time (every 5m)
2025-04-25 17:12:00 - DEBUG - [_process_strategies] [N/A] ⏱ Skipping VWAP_diff_signal_1700_volume, not yet time (every 5m)
2025-04-25 17:12:00 - DEBUG - [_process_strategies] [N/A] ⏱ Skipping EMA_Cross_candle, not yet time (every 5m)
2025-04-25 17:12:00 - DEBUG - [_process_strategies] [N/A] ⏱ Skipping SMA_Cross_candle, not yet time (every 5m)
2025-04-25 17:12:00 - INFO - [_update_active_orders_and_telegram] [N/A] 📊 Updating SL/TP for active orders
2025-04-25 17:12:01 - INFO - [_wait_until_next_iteration] [N/A] ⏳ Sleeping for 58.92 seconds before the next cycle
2025-04-25 17:13:00 - DEBUG - [_process_strategies] [N/A] ⏱ Skipping SMA_Cross_sma50, not yet time (every 5m)
2025-04-25 17:13:00 - DEBUG - [_process_strategies] [N/A] ⏱ Skipping EMA_Cross_ema50, not yet time (every 5m)
2025-04-25 17:13:00 - DEBUG - [_process_strategies] [N/A] ⏱ Skipping VWAP_diff_signal_1700, not yet time (every 5m)
2025-04-25 17:13:00 - DEBUG - [_process_strategies] [N/A] ⏱ Skipping VWAP_diff_signal_rsi_1700, not yet time (every 5m)
2025-04-25 17:13:00 - DEBUG - [_process_strategies] [N/A] ⏱ Skipping VWAP_diff_signal_1700_volume, not yet time (every 5m)
2025-04-25 17:13:00 - DEBUG - [_process_strategies] [N/A] ⏱ Skipping EMA_Cross_candle, not yet time (every 5m)
2025-04-25 17:13:00 - DEBUG - [_process_strategies] [N/A] ⏱ Skipping SMA_Cross_candle, not yet time (every 5m)
2025-04-25 17:13:00 - INFO - [_update_active_orders_and_telegram] [N/A] 📊 Updating SL/TP for active orders
2025-04-25 17:13:01 - INFO - [_wait_until_next_iteration] [N/A] ⏳ Sleeping for 58.91 seconds before the next cycle
2025-04-25 17:14:00 - DEBUG - [_process_strategies] [N/A] ⏱ Skipping SMA_Cross_sma50, not yet time (every 5m)
2025-04-25 17:14:00 - DEBUG - [_process_strategies] [N/A] ⏱ Skipping EMA_Cross_ema50, not yet time (every 5m)
2025-04-25 17:14:00 - DEBUG - [_process_strategies] [N/A] ⏱ Skipping VWAP_diff_signal_1700, not yet time (every 5m)
2025-04-25 17:14:00 - DEBUG - [_process_strategies] [N/A] ⏱ Skipping VWAP_diff_signal_rsi_1700, not yet time (every 5m)
2025-04-25 17:14:00 - DEBUG - [_process_strategies] [N/A] ⏱ Skipping VWAP_diff_signal_1700_volume, not yet time (every 5m)
2025-04-25 17:14:00 - DEBUG - [_process_strategies] [N/A] ⏱ Skipping EMA_Cross_candle, not yet time (every 5m)
2025-04-25 17:14:00 - DEBUG - [_process_strategies] [N/A] ⏱ Skipping SMA_Cross_candle, not yet time (every 5m)
2025-04-25 17:14:00 - INFO - [_update_active_orders_and_telegram] [N/A] 📊 Updating SL/TP for active orders
2025-04-25 17:14:01 - INFO - [_wait_until_next_iteration] [N/A] ⏳ Sleeping for 58.93 seconds before the next cycle
2025-04-25 17:15:00 - INFO - [_run_strategy_if_applicable] [N/A] ⏰ Strategy 'SMA_Cross_sma50' not executed because it's outside the time window: 16:35:00 - 16:50:00
2025-04-25 17:15:00 - INFO - [_run_strategy_if_applicable] [N/A] ⏰ Strategy 'EMA_Cross_ema50' not executed because it's outside the time window: 16:35:00 - 16:50:00
2025-04-25 17:15:00 - INFO - [_run_strategy_if_applicable] [N/A] ⏰ Strategy 'VWAP_diff_signal_1700' not executed because it's outside the time window: 17:30:00 - 19:00:00
2025-04-25 17:15:00 - INFO - [_run_strategy_if_applicable] [N/A] ⏰ Strategy 'VWAP_diff_signal_rsi_1700' not executed because it's outside the time window: 17:30:00 - 19:00:00
2025-04-25 17:15:00 - INFO - [_run_strategy_if_applicable] [N/A] ⏰ Strategy 'VWAP_diff_signal_1700_volume' not executed because it's outside the time window: 17:30:00 - 19:00:00
2025-04-25 17:15:00 - INFO - [_run_strategy_if_applicable] [N/A] ⏰ Strategy 'EMA_Cross_candle' not executed because it's outside the time window: 16:35:00 - 16:50:00
2025-04-25 17:15:00 - INFO - [_run_strategy_if_applicable] [N/A] ⏰ Strategy 'SMA_Cross_candle' not executed because it's outside the time window: 16:35:00 - 16:50:00
2025-04-25 17:15:00 - INFO - [_update_active_orders_and_telegram] [N/A] 📊 Updating SL/TP for active orders
2025-04-25 17:15:01 - INFO - [_wait_until_next_iteration] [N/A] ⏳ Sleeping for 58.93 seconds before the next cycle
2025-04-25 17:16:00 - DEBUG - [_process_strategies] [N/A] ⏱ Skipping SMA_Cross_sma50, not yet time (every 5m)
2025-04-25 17:16:00 - DEBUG - [_process_strategies] [N/A] ⏱ Skipping EMA_Cross_ema50, not yet time (every 5m)
2025-04-25 17:16:00 - DEBUG - [_process_strategies] [N/A] ⏱ Skipping VWAP_diff_signal_1700, not yet time (every 5m)
2025-04-25 17:16:00 - DEBUG - [_process_strategies] [N/A] ⏱ Skipping VWAP_diff_signal_rsi_1700, not yet time (every 5m)
2025-04-25 17:16:00 - DEBUG - [_process_strategies] [N/A] ⏱ Skipping VWAP_diff_signal_1700_volume, not yet time (every 5m)
2025-04-25 17:16:00 - DEBUG - [_process_strategies] [N/A] ⏱ Skipping EMA_Cross_candle, not yet time (every 5m)
2025-04-25 17:16:00 - DEBUG - [_process_strategies] [N/A] ⏱ Skipping SMA_Cross_candle, not yet time (every 5m)
2025-04-25 17:16:00 - INFO - [_update_active_orders_and_telegram] [N/A] 📊 Updating SL/TP for active orders
2025-04-25 17:16:01 - INFO - [_wait_until_next_iteration] [N/A] ⏳ Sleeping for 58.95 seconds before the next cycle
2025-04-25 17:17:00 - DEBUG - [_process_strategies] [N/A] ⏱ Skipping SMA_Cross_sma50, not yet time (every 5m)
2025-04-25 17:17:00 - DEBUG - [_process_strategies] [N/A] ⏱ Skipping EMA_Cross_ema50, not yet time (every 5m)
2025-04-25 17:17:00 - DEBUG - [_process_strategies] [N/A] ⏱ Skipping VWAP_diff_signal_1700, not yet time (every 5m)
2025-04-25 17:17:00 - DEBUG - [_process_strategies] [N/A] ⏱ Skipping VWAP_diff_signal_rsi_1700, not yet time (every 5m)
2025-04-25 17:17:00 - DEBUG - [_process_strategies] [N/A] ⏱ Skipping VWAP_diff_signal_1700_volume, not yet time (every 5m)
2025-04-25 17:17:00 - DEBUG - [_process_strategies] [N/A] ⏱ Skipping EMA_Cross_candle, not yet time (every 5m)
2025-04-25 17:17:00 - DEBUG - [_process_strategies] [N/A] ⏱ Skipping SMA_Cross_candle, not yet time (every 5m)
2025-04-25 17:17:00 - INFO - [_update_active_orders_and_telegram] [N/A] 📊 Updating SL/TP for active orders
2025-04-25 17:17:01 - INFO - [_wait_until_next_iteration] [N/A] ⏳ Sleeping for 58.92 seconds before the next cycle
2025-04-25 17:18:00 - DEBUG - [_process_strategies] [N/A] ⏱ Skipping SMA_Cross_sma50, not yet time (every 5m)
2025-04-25 17:18:00 - DEBUG - [_process_strategies] [N/A] ⏱ Skipping EMA_Cross_ema50, not yet time (every 5m)
2025-04-25 17:18:00 - DEBUG - [_process_strategies] [N/A] ⏱ Skipping VWAP_diff_signal_1700, not yet time (every 5m)
2025-04-25 17:18:00 - DEBUG - [_process_strategies] [N/A] ⏱ Skipping VWAP_diff_signal_rsi_1700, not yet time (every 5m)
2025-04-25 17:18:00 - DEBUG - [_process_strategies] [N/A] ⏱ Skipping VWAP_diff_signal_1700_volume, not yet time (every 5m)
2025-04-25 17:18:00 - DEBUG - [_process_strategies] [N/A] ⏱ Skipping EMA_Cross_candle, not yet time (every 5m)
2025-04-25 17:18:00 - DEBUG - [_process_strategies] [N/A] ⏱ Skipping SMA_Cross_candle, not yet time (every 5m)
2025-04-25 17:18:00 - INFO - [_update_active_orders_and_telegram] [N/A] 📊 Updating SL/TP for active orders
2025-04-25 17:18:01 - INFO - [_wait_until_next_iteration] [N/A] ⏳ Sleeping for 58.92 seconds before the next cycle
2025-04-25 17:19:00 - DEBUG - [_process_strategies] [N/A] ⏱ Skipping SMA_Cross_sma50, not yet time (every 5m)
2025-04-25 17:19:00 - DEBUG - [_process_strategies] [N/A] ⏱ Skipping EMA_Cross_ema50, not yet time (every 5m)
2025-04-25 17:19:00 - DEBUG - [_process_strategies] [N/A] ⏱ Skipping VWAP_diff_signal_1700, not yet time (every 5m)
2025-04-25 17:19:00 - DEBUG - [_process_strategies] [N/A] ⏱ Skipping VWAP_diff_signal_rsi_1700, not yet time (every 5m)
2025-04-25 17:19:00 - DEBUG - [_process_strategies] [N/A] ⏱ Skipping VWAP_diff_signal_1700_volume, not yet time (every 5m)
2025-04-25 17:19:00 - DEBUG - [_process_strategies] [N/A] ⏱ Skipping EMA_Cross_candle, not yet time (every 5m)
2025-04-25 17:19:00 - DEBUG - [_process_strategies] [N/A] ⏱ Skipping SMA_Cross_candle, not yet time (every 5m)
2025-04-25 17:19:00 - INFO - [_update_active_orders_and_telegram] [N/A] 📊 Updating SL/TP for active orders
2025-04-25 17:19:01 - INFO - [_wait_until_next_iteration] [N/A] ⏳ Sleeping for 58.92 seconds before the next cycle
2025-04-25 17:20:00 - INFO - [_run_strategy_if_applicable] [N/A] ⏰ Strategy 'SMA_Cross_sma50' not executed because it's outside the time window: 16:35:00 - 16:50:00
2025-04-25 17:20:00 - INFO - [_run_strategy_if_applicable] [N/A] ⏰ Strategy 'EMA_Cross_ema50' not executed because it's outside the time window: 16:35:00 - 16:50:00
2025-04-25 17:20:00 - INFO - [_run_strategy_if_applicable] [N/A] ⏰ Strategy 'VWAP_diff_signal_1700' not executed because it's outside the time window: 17:30:00 - 19:00:00
2025-04-25 17:20:00 - INFO - [_run_strategy_if_applicable] [N/A] ⏰ Strategy 'VWAP_diff_signal_rsi_1700' not executed because it's outside the time window: 17:30:00 - 19:00:00
2025-04-25 17:20:00 - INFO - [_run_strategy_if_applicable] [N/A] ⏰ Strategy 'VWAP_diff_signal_1700_volume' not executed because it's outside the time window: 17:30:00 - 19:00:00
2025-04-25 17:20:00 - INFO - [_run_strategy_if_applicable] [N/A] ⏰ Strategy 'EMA_Cross_candle' not executed because it's outside the time window: 16:35:00 - 16:50:00
2025-04-25 17:20:00 - INFO - [_run_strategy_if_applicable] [N/A] ⏰ Strategy 'SMA_Cross_candle' not executed because it's outside the time window: 16:35:00 - 16:50:00
2025-04-25 17:20:00 - INFO - [_update_active_orders_and_telegram] [N/A] 📊 Updating SL/TP for active orders
2025-04-25 17:20:01 - INFO - [_wait_until_next_iteration] [N/A] ⏳ Sleeping for 58.92 seconds before the next cycle
2025-04-25 17:21:00 - DEBUG - [_process_strategies] [N/A] ⏱ Skipping SMA_Cross_sma50, not yet time (every 5m)
2025-04-25 17:21:00 - DEBUG - [_process_strategies] [N/A] ⏱ Skipping EMA_Cross_ema50, not yet time (every 5m)
2025-04-25 17:21:00 - DEBUG - [_process_strategies] [N/A] ⏱ Skipping VWAP_diff_signal_1700, not yet time (every 5m)
2025-04-25 17:21:00 - DEBUG - [_process_strategies] [N/A] ⏱ Skipping VWAP_diff_signal_rsi_1700, not yet time (every 5m)
2025-04-25 17:21:00 - DEBUG - [_process_strategies] [N/A] ⏱ Skipping VWAP_diff_signal_1700_volume, not yet time (every 5m)
2025-04-25 17:21:00 - DEBUG - [_process_strategies] [N/A] ⏱ Skipping EMA_Cross_candle, not yet time (every 5m)
2025-04-25 17:21:00 - DEBUG - [_process_strategies] [N/A] ⏱ Skipping SMA_Cross_candle, not yet time (every 5m)
2025-04-25 17:21:00 - INFO - [_update_active_orders_and_telegram] [N/A] 📊 Updating SL/TP for active orders
2025-04-25 17:21:01 - INFO - [_wait_until_next_iteration] [N/A] ⏳ Sleeping for 58.92 seconds before the next cycle
2025-04-25 17:22:00 - DEBUG - [_process_strategies] [N/A] ⏱ Skipping SMA_Cross_sma50, not yet time (every 5m)
2025-04-25 17:22:00 - DEBUG - [_process_strategies] [N/A] ⏱ Skipping EMA_Cross_ema50, not yet time (every 5m)
2025-04-25 17:22:00 - DEBUG - [_process_strategies] [N/A] ⏱ Skipping VWAP_diff_signal_1700, not yet time (every 5m)
2025-04-25 17:22:00 - DEBUG - [_process_strategies] [N/A] ⏱ Skipping VWAP_diff_signal_rsi_1700, not yet time (every 5m)
2025-04-25 17:22:00 - DEBUG - [_process_strategies] [N/A] ⏱ Skipping VWAP_diff_signal_1700_volume, not yet time (every 5m)
2025-04-25 17:22:00 - DEBUG - [_process_strategies] [N/A] ⏱ Skipping EMA_Cross_candle, not yet time (every 5m)
2025-04-25 17:22:00 - DEBUG - [_process_strategies] [N/A] ⏱ Skipping SMA_Cross_candle, not yet time (every 5m)
2025-04-25 17:22:00 - INFO - [_update_active_orders_and_telegram] [N/A] 📊 Updating SL/TP for active orders
2025-04-25 17:22:01 - INFO - [_wait_until_next_iteration] [N/A] ⏳ Sleeping for 58.94 seconds before the next cycle
2025-04-25 17:23:00 - DEBUG - [_process_strategies] [N/A] ⏱ Skipping SMA_Cross_sma50, not yet time (every 5m)
2025-04-25 17:23:00 - DEBUG - [_process_strategies] [N/A] ⏱ Skipping EMA_Cross_ema50, not yet time (every 5m)
2025-04-25 17:23:00 - DEBUG - [_process_strategies] [N/A] ⏱ Skipping VWAP_diff_signal_1700, not yet time (every 5m)
2025-04-25 17:23:00 - DEBUG - [_process_strategies] [N/A] ⏱ Skipping VWAP_diff_signal_rsi_1700, not yet time (every 5m)
2025-04-25 17:23:00 - DEBUG - [_process_strategies] [N/A] ⏱ Skipping VWAP_diff_signal_1700_volume, not yet time (every 5m)
2025-04-25 17:23:00 - DEBUG - [_process_strategies] [N/A] ⏱ Skipping EMA_Cross_candle, not yet time (every 5m)
2025-04-25 17:23:00 - DEBUG - [_process_strategies] [N/A] ⏱ Skipping SMA_Cross_candle, not yet time (every 5m)
2025-04-25 17:23:00 - INFO - [_update_active_orders_and_telegram] [N/A] 📊 Updating SL/TP for active orders
2025-04-25 17:23:01 - INFO - [_wait_until_next_iteration] [N/A] ⏳ Sleeping for 58.93 seconds before the next cycle
2025-04-25 17:24:00 - DEBUG - [_process_strategies] [N/A] ⏱ Skipping SMA_Cross_sma50, not yet time (every 5m)
2025-04-25 17:24:00 - DEBUG - [_process_strategies] [N/A] ⏱ Skipping EMA_Cross_ema50, not yet time (every 5m)
2025-04-25 17:24:00 - DEBUG - [_process_strategies] [N/A] ⏱ Skipping VWAP_diff_signal_1700, not yet time (every 5m)
2025-04-25 17:24:00 - DEBUG - [_process_strategies] [N/A] ⏱ Skipping VWAP_diff_signal_rsi_1700, not yet time (every 5m)
2025-04-25 17:24:00 - DEBUG - [_process_strategies] [N/A] ⏱ Skipping VWAP_diff_signal_1700_volume, not yet time (every 5m)
2025-04-25 17:24:00 - DEBUG - [_process_strategies] [N/A] ⏱ Skipping EMA_Cross_candle, not yet time (every 5m)
2025-04-25 17:24:00 - DEBUG - [_process_strategies] [N/A] ⏱ Skipping SMA_Cross_candle, not yet time (every 5m)
2025-04-25 17:24:00 - INFO - [_update_active_orders_and_telegram] [N/A] 📊 Updating SL/TP for active orders
2025-04-25 17:24:01 - INFO - [_wait_until_next_iteration] [N/A] ⏳ Sleeping for 58.92 seconds before the next cycle
2025-04-25 17:25:00 - INFO - [_run_strategy_if_applicable] [N/A] ⏰ Strategy 'SMA_Cross_sma50' not executed because it's outside the time window: 16:35:00 - 16:50:00
2025-04-25 17:25:00 - INFO - [_run_strategy_if_applicable] [N/A] ⏰ Strategy 'EMA_Cross_ema50' not executed because it's outside the time window: 16:35:00 - 16:50:00
2025-04-25 17:25:00 - INFO - [_run_strategy_if_applicable] [N/A] ⏰ Strategy 'VWAP_diff_signal_1700' not executed because it's outside the time window: 17:30:00 - 19:00:00
2025-04-25 17:25:00 - INFO - [_run_strategy_if_applicable] [N/A] ⏰ Strategy 'VWAP_diff_signal_rsi_1700' not executed because it's outside the time window: 17:30:00 - 19:00:00
2025-04-25 17:25:00 - INFO - [_run_strategy_if_applicable] [N/A] ⏰ Strategy 'VWAP_diff_signal_1700_volume' not executed because it's outside the time window: 17:30:00 - 19:00:00
2025-04-25 17:25:00 - INFO - [_run_strategy_if_applicable] [N/A] ⏰ Strategy 'EMA_Cross_candle' not executed because it's outside the time window: 16:35:00 - 16:50:00
2025-04-25 17:25:00 - INFO - [_run_strategy_if_applicable] [N/A] ⏰ Strategy 'SMA_Cross_candle' not executed because it's outside the time window: 16:35:00 - 16:50:00
2025-04-25 17:25:00 - INFO - [_update_active_orders_and_telegram] [N/A] 📊 Updating SL/TP for active orders
2025-04-25 17:25:01 - INFO - [_wait_until_next_iteration] [N/A] ⏳ Sleeping for 58.93 seconds before the next cycle
2025-04-25 17:26:00 - DEBUG - [_process_strategies] [N/A] ⏱ Skipping SMA_Cross_sma50, not yet time (every 5m)
2025-04-25 17:26:00 - DEBUG - [_process_strategies] [N/A] ⏱ Skipping EMA_Cross_ema50, not yet time (every 5m)
2025-04-25 17:26:00 - DEBUG - [_process_strategies] [N/A] ⏱ Skipping VWAP_diff_signal_1700, not yet time (every 5m)
2025-04-25 17:26:00 - DEBUG - [_process_strategies] [N/A] ⏱ Skipping VWAP_diff_signal_rsi_1700, not yet time (every 5m)
2025-04-25 17:26:00 - DEBUG - [_process_strategies] [N/A] ⏱ Skipping VWAP_diff_signal_1700_volume, not yet time (every 5m)
2025-04-25 17:26:00 - DEBUG - [_process_strategies] [N/A] ⏱ Skipping EMA_Cross_candle, not yet time (every 5m)
2025-04-25 17:26:00 - DEBUG - [_process_strategies] [N/A] ⏱ Skipping SMA_Cross_candle, not yet time (every 5m)
2025-04-25 17:26:00 - INFO - [_update_active_orders_and_telegram] [N/A] 📊 Updating SL/TP for active orders
2025-04-25 17:26:01 - INFO - [_wait_until_next_iteration] [N/A] ⏳ Sleeping for 58.94 seconds before the next cycle
2025-04-25 17:27:00 - DEBUG - [_process_strategies] [N/A] ⏱ Skipping SMA_Cross_sma50, not yet time (every 5m)
2025-04-25 17:27:00 - DEBUG - [_process_strategies] [N/A] ⏱ Skipping EMA_Cross_ema50, not yet time (every 5m)
2025-04-25 17:27:00 - DEBUG - [_process_strategies] [N/A] ⏱ Skipping VWAP_diff_signal_1700, not yet time (every 5m)
2025-04-25 17:27:00 - DEBUG - [_process_strategies] [N/A] ⏱ Skipping VWAP_diff_signal_rsi_1700, not yet time (every 5m)
2025-04-25 17:27:00 - DEBUG - [_process_strategies] [N/A] ⏱ Skipping VWAP_diff_signal_1700_volume, not yet time (every 5m)
2025-04-25 17:27:00 - DEBUG - [_process_strategies] [N/A] ⏱ Skipping EMA_Cross_candle, not yet time (every 5m)
2025-04-25 17:27:00 - DEBUG - [_process_strategies] [N/A] ⏱ Skipping SMA_Cross_candle, not yet time (every 5m)
2025-04-25 17:27:00 - INFO - [_update_active_orders_and_telegram] [N/A] 📊 Updating SL/TP for active orders
2025-04-25 17:27:01 - INFO - [_wait_until_next_iteration] [N/A] ⏳ Sleeping for 58.92 seconds before the next cycle
2025-04-25 17:28:00 - DEBUG - [_process_strategies] [N/A] ⏱ Skipping SMA_Cross_sma50, not yet time (every 5m)
2025-04-25 17:28:00 - DEBUG - [_process_strategies] [N/A] ⏱ Skipping EMA_Cross_ema50, not yet time (every 5m)
2025-04-25 17:28:00 - DEBUG - [_process_strategies] [N/A] ⏱ Skipping VWAP_diff_signal_1700, not yet time (every 5m)
2025-04-25 17:28:00 - DEBUG - [_process_strategies] [N/A] ⏱ Skipping VWAP_diff_signal_rsi_1700, not yet time (every 5m)
2025-04-25 17:28:00 - DEBUG - [_process_strategies] [N/A] ⏱ Skipping VWAP_diff_signal_1700_volume, not yet time (every 5m)
2025-04-25 17:28:00 - DEBUG - [_process_strategies] [N/A] ⏱ Skipping EMA_Cross_candle, not yet time (every 5m)
2025-04-25 17:28:00 - DEBUG - [_process_strategies] [N/A] ⏱ Skipping SMA_Cross_candle, not yet time (every 5m)
2025-04-25 17:28:00 - INFO - [_update_active_orders_and_telegram] [N/A] 📊 Updating SL/TP for active orders
2025-04-25 17:28:01 - INFO - [_wait_until_next_iteration] [N/A] ⏳ Sleeping for 58.93 seconds before the next cycle
2025-04-25 17:29:00 - DEBUG - [_process_strategies] [N/A] ⏱ Skipping SMA_Cross_sma50, not yet time (every 5m)
2025-04-25 17:29:00 - DEBUG - [_process_strategies] [N/A] ⏱ Skipping EMA_Cross_ema50, not yet time (every 5m)
2025-04-25 17:29:00 - DEBUG - [_process_strategies] [N/A] ⏱ Skipping VWAP_diff_signal_1700, not yet time (every 5m)
2025-04-25 17:29:00 - DEBUG - [_process_strategies] [N/A] ⏱ Skipping VWAP_diff_signal_rsi_1700, not yet time (every 5m)
2025-04-25 17:29:00 - DEBUG - [_process_strategies] [N/A] ⏱ Skipping VWAP_diff_signal_1700_volume, not yet time (every 5m)
2025-04-25 17:29:00 - DEBUG - [_process_strategies] [N/A] ⏱ Skipping EMA_Cross_candle, not yet time (every 5m)
2025-04-25 17:29:00 - DEBUG - [_process_strategies] [N/A] ⏱ Skipping SMA_Cross_candle, not yet time (every 5m)
2025-04-25 17:29:00 - INFO - [_update_active_orders_and_telegram] [N/A] 📊 Updating SL/TP for active orders
2025-04-25 17:29:01 - INFO - [_wait_until_next_iteration] [N/A] ⏳ Sleeping for 58.93 seconds before the next cycle
2025-04-25 17:30:00 - INFO - [_run_strategy_if_applicable] [N/A] ⏰ Strategy 'SMA_Cross_sma50' not executed because it's outside the time window: 16:35:00 - 16:50:00
2025-04-25 17:30:00 - INFO - [_run_strategy_if_applicable] [N/A] ⏰ Strategy 'EMA_Cross_ema50' not executed because it's outside the time window: 16:35:00 - 16:50:00
2025-04-25 17:30:00 - INFO - [_run_strategy_if_applicable] [N/A] 🔄 Starting trading loop for strategy: VWAP_diff_signal_1700
2025-04-25 17:30:00 - DEBUG - [_process_ticker] [CZR] 🚫 Trade not allowed for CZR (limit reached)
2025-04-25 17:30:00 - DEBUG - [_process_ticker] [MTCH] 🚫 Trade not allowed for MTCH (limit reached)
2025-04-25 17:30:00 - DEBUG - [_process_ticker] [NCHL] 🚫 Trade not allowed for NCHL (limit reached)
2025-04-25 17:30:00 - DEBUG - [_process_ticker] [HBAN] 🚫 Trade not allowed for HBAN (limit reached)
2025-04-25 17:30:00 - DEBUG - [_process_ticker] [MRNA] 🚫 Trade not allowed for MRNA (limit reached)
2025-04-25 17:30:00 - DEBUG - [_process_ticker] [WBD] 🚫 Trade not allowed for WBD (limit reached)
2025-04-25 17:30:00 - DEBUG - [_process_ticker] [CMCSA] 🚫 Trade not allowed for CMCSA (limit reached)
2025-04-25 17:30:00 - INFO - [_run_strategy_if_applicable] [N/A] 🔄 Starting trading loop for strategy: VWAP_diff_signal_rsi_1700
2025-04-25 17:30:00 - DEBUG - [_process_ticker] [IVZ] 🚫 Trade not allowed for IVZ (limit reached)
2025-04-25 17:30:00 - DEBUG - [_process_ticker] [FCX] 🚫 Trade not allowed for FCX (limit reached)
2025-04-25 17:30:00 - DEBUG - [_process_ticker] [HST] 🚫 Trade not allowed for HST (limit reached)
2025-04-25 17:30:00 - DEBUG - [_process_ticker] [IVZ] 🚫 Trade not allowed for IVZ (limit reached)
2025-04-25 17:30:00 - DEBUG - [_process_ticker] [NEM] 🚫 Trade not allowed for NEM (limit reached)
2025-04-25 17:30:00 - DEBUG - [_process_ticker] [LUV] 🚫 Trade not allowed for LUV (limit reached)
2025-04-25 17:30:00 - INFO - [_run_strategy_if_applicable] [N/A] 🔄 Starting trading loop for strategy: VWAP_diff_signal_1700_volume
2025-04-25 17:30:00 - DEBUG - [_process_ticker] [GEN] 🚫 Trade not allowed for GEN (limit reached)
2025-04-25 17:30:00 - DEBUG - [_process_ticker] [HPQ] 🚫 Trade not allowed for HPQ (limit reached)
2025-04-25 17:30:00 - DEBUG - [_process_ticker] [INTC] 🚫 Trade not allowed for INTC (limit reached)
2025-04-25 17:30:00 - DEBUG - [_process_ticker] [RF] 🚫 Trade not allowed for RF (limit reached)
2025-04-25 17:30:00 - INFO - [_run_strategy_if_applicable] [N/A] ⏰ Strategy 'EMA_Cross_candle' not executed because it's outside the time window: 16:35:00 - 16:50:00
2025-04-25 17:30:00 - INFO - [_run_strategy_if_applicable] [N/A] ⏰ Strategy 'SMA_Cross_candle' not executed because it's outside the time window: 16:35:00 - 16:50:00
2025-04-25 17:30:00 - INFO - [_update_active_orders_and_telegram] [N/A] 📊 Updating SL/TP for active orders
2025-04-25 17:30:01 - INFO - [_wait_until_next_iteration] [N/A] ⏳ Sleeping for 58.89 seconds before the next cycle
2025-04-25 17:31:00 - DEBUG - [_process_strategies] [N/A] ⏱ Skipping SMA_Cross_sma50, not yet time (every 5m)
2025-04-25 17:31:00 - DEBUG - [_process_strategies] [N/A] ⏱ Skipping EMA_Cross_ema50, not yet time (every 5m)
2025-04-25 17:31:00 - DEBUG - [_process_strategies] [N/A] ⏱ Skipping VWAP_diff_signal_1700, not yet time (every 5m)
2025-04-25 17:31:00 - DEBUG - [_process_strategies] [N/A] ⏱ Skipping VWAP_diff_signal_rsi_1700, not yet time (every 5m)
2025-04-25 17:31:00 - DEBUG - [_process_strategies] [N/A] ⏱ Skipping VWAP_diff_signal_1700_volume, not yet time (every 5m)
2025-04-25 17:31:00 - DEBUG - [_process_strategies] [N/A] ⏱ Skipping EMA_Cross_candle, not yet time (every 5m)
2025-04-25 17:31:00 - DEBUG - [_process_strategies] [N/A] ⏱ Skipping SMA_Cross_candle, not yet time (every 5m)
2025-04-25 17:31:00 - INFO - [_update_active_orders_and_telegram] [N/A] 📊 Updating SL/TP for active orders
2025-04-25 17:31:01 - INFO - [_wait_until_next_iteration] [N/A] ⏳ Sleeping for 58.92 seconds before the next cycle
2025-04-25 17:32:00 - DEBUG - [_process_strategies] [N/A] ⏱ Skipping SMA_Cross_sma50, not yet time (every 5m)
2025-04-25 17:32:00 - DEBUG - [_process_strategies] [N/A] ⏱ Skipping EMA_Cross_ema50, not yet time (every 5m)
2025-04-25 17:32:00 - DEBUG - [_process_strategies] [N/A] ⏱ Skipping VWAP_diff_signal_1700, not yet time (every 5m)
2025-04-25 17:32:00 - DEBUG - [_process_strategies] [N/A] ⏱ Skipping VWAP_diff_signal_rsi_1700, not yet time (every 5m)
2025-04-25 17:32:00 - DEBUG - [_process_strategies] [N/A] ⏱ Skipping VWAP_diff_signal_1700_volume, not yet time (every 5m)
2025-04-25 17:32:00 - DEBUG - [_process_strategies] [N/A] ⏱ Skipping EMA_Cross_candle, not yet time (every 5m)
2025-04-25 17:32:00 - DEBUG - [_process_strategies] [N/A] ⏱ Skipping SMA_Cross_candle, not yet time (every 5m)
2025-04-25 17:32:00 - INFO - [_update_active_orders_and_telegram] [N/A] 📊 Updating SL/TP for active orders
2025-04-25 17:32:01 - INFO - [_wait_until_next_iteration] [N/A] ⏳ Sleeping for 58.92 seconds before the next cycle
2025-04-25 17:33:00 - DEBUG - [_process_strategies] [N/A] ⏱ Skipping SMA_Cross_sma50, not yet time (every 5m)
2025-04-25 17:33:00 - DEBUG - [_process_strategies] [N/A] ⏱ Skipping EMA_Cross_ema50, not yet time (every 5m)
2025-04-25 17:33:00 - DEBUG - [_process_strategies] [N/A] ⏱ Skipping VWAP_diff_signal_1700, not yet time (every 5m)
2025-04-25 17:33:00 - DEBUG - [_process_strategies] [N/A] ⏱ Skipping VWAP_diff_signal_rsi_1700, not yet time (every 5m)
2025-04-25 17:33:00 - DEBUG - [_process_strategies] [N/A] ⏱ Skipping VWAP_diff_signal_1700_volume, not yet time (every 5m)
2025-04-25 17:33:00 - DEBUG - [_process_strategies] [N/A] ⏱ Skipping EMA_Cross_candle, not yet time (every 5m)
2025-04-25 17:33:00 - DEBUG - [_process_strategies] [N/A] ⏱ Skipping SMA_Cross_candle, not yet time (every 5m)
2025-04-25 17:33:00 - INFO - [_update_active_orders_and_telegram] [N/A] 📊 Updating SL/TP for active orders
2025-04-25 17:33:01 - INFO - [_wait_until_next_iteration] [N/A] ⏳ Sleeping for 58.92 seconds before the next cycle
2025-04-25 17:34:00 - DEBUG - [_process_strategies] [N/A] ⏱ Skipping SMA_Cross_sma50, not yet time (every 5m)
2025-04-25 17:34:00 - DEBUG - [_process_strategies] [N/A] ⏱ Skipping EMA_Cross_ema50, not yet time (every 5m)
2025-04-25 17:34:00 - DEBUG - [_process_strategies] [N/A] ⏱ Skipping VWAP_diff_signal_1700, not yet time (every 5m)
2025-04-25 17:34:00 - DEBUG - [_process_strategies] [N/A] ⏱ Skipping VWAP_diff_signal_rsi_1700, not yet time (every 5m)
2025-04-25 17:34:00 - DEBUG - [_process_strategies] [N/A] ⏱ Skipping VWAP_diff_signal_1700_volume, not yet time (every 5m)
2025-04-25 17:34:00 - DEBUG - [_process_strategies] [N/A] ⏱ Skipping EMA_Cross_candle, not yet time (every 5m)
2025-04-25 17:34:00 - DEBUG - [_process_strategies] [N/A] ⏱ Skipping SMA_Cross_candle, not yet time (every 5m)
2025-04-25 17:34:00 - INFO - [_update_active_orders_and_telegram] [N/A] 📊 Updating SL/TP for active orders
2025-04-25 17:34:01 - INFO - [_wait_until_next_iteration] [N/A] ⏳ Sleeping for 58.92 seconds before the next cycle
2025-04-25 17:35:00 - INFO - [_run_strategy_if_applicable] [N/A] ⏰ Strategy 'SMA_Cross_sma50' not executed because it's outside the time window: 16:35:00 - 16:50:00
2025-04-25 17:35:00 - INFO - [_run_strategy_if_applicable] [N/A] ⏰ Strategy 'EMA_Cross_ema50' not executed because it's outside the time window: 16:35:00 - 16:50:00
2025-04-25 17:35:00 - INFO - [_run_strategy_if_applicable] [N/A] 🔄 Starting trading loop for strategy: VWAP_diff_signal_1700
2025-04-25 17:35:00 - DEBUG - [_process_ticker] [CZR] 🚫 Trade not allowed for CZR (limit reached)
2025-04-25 17:35:00 - DEBUG - [_process_ticker] [MTCH] 🚫 Trade not allowed for MTCH (limit reached)
2025-04-25 17:35:00 - DEBUG - [_process_ticker] [NCHL] 🚫 Trade not allowed for NCHL (limit reached)
2025-04-25 17:35:00 - DEBUG - [_process_ticker] [HBAN] 🚫 Trade not allowed for HBAN (limit reached)
2025-04-25 17:35:00 - DEBUG - [_process_ticker] [MRNA] 🚫 Trade not allowed for MRNA (limit reached)
2025-04-25 17:35:00 - DEBUG - [_process_ticker] [WBD] 🚫 Trade not allowed for WBD (limit reached)
2025-04-25 17:35:00 - DEBUG - [_process_ticker] [CMCSA] 🚫 Trade not allowed for CMCSA (limit reached)
2025-04-25 17:35:00 - INFO - [_run_strategy_if_applicable] [N/A] 🔄 Starting trading loop for strategy: VWAP_diff_signal_rsi_1700
2025-04-25 17:35:00 - DEBUG - [_process_ticker] [IVZ] 🚫 Trade not allowed for IVZ (limit reached)
2025-04-25 17:35:00 - DEBUG - [_process_ticker] [FCX] 🚫 Trade not allowed for FCX (limit reached)
2025-04-25 17:35:00 - DEBUG - [_process_ticker] [HST] 🚫 Trade not allowed for HST (limit reached)
2025-04-25 17:35:00 - DEBUG - [_process_ticker] [IVZ] 🚫 Trade not allowed for IVZ (limit reached)
2025-04-25 17:35:00 - DEBUG - [_process_ticker] [NEM] 🚫 Trade not allowed for NEM (limit reached)
2025-04-25 17:35:00 - DEBUG - [_process_ticker] [LUV] 🚫 Trade not allowed for LUV (limit reached)
2025-04-25 17:35:00 - INFO - [_run_strategy_if_applicable] [N/A] 🔄 Starting trading loop for strategy: VWAP_diff_signal_1700_volume
2025-04-25 17:35:00 - DEBUG - [_process_ticker] [GEN] 🚫 Trade not allowed for GEN (limit reached)
2025-04-25 17:35:00 - DEBUG - [_process_ticker] [HPQ] 🚫 Trade not allowed for HPQ (limit reached)
2025-04-25 17:35:00 - DEBUG - [_process_ticker] [INTC] 🚫 Trade not allowed for INTC (limit reached)
2025-04-25 17:35:00 - DEBUG - [_process_ticker] [RF] 🚫 Trade not allowed for RF (limit reached)
2025-04-25 17:35:00 - INFO - [_run_strategy_if_applicable] [N/A] ⏰ Strategy 'EMA_Cross_candle' not executed because it's outside the time window: 16:35:00 - 16:50:00
2025-04-25 17:35:00 - INFO - [_run_strategy_if_applicable] [N/A] ⏰ Strategy 'SMA_Cross_candle' not executed because it's outside the time window: 16:35:00 - 16:50:00
2025-04-25 17:35:00 - INFO - [_update_active_orders_and_telegram] [N/A] 📊 Updating SL/TP for active orders
2025-04-25 17:35:01 - INFO - [_wait_until_next_iteration] [N/A] ⏳ Sleeping for 58.91 seconds before the next cycle
2025-04-25 17:36:00 - DEBUG - [_process_strategies] [N/A] ⏱ Skipping SMA_Cross_sma50, not yet time (every 5m)
2025-04-25 17:36:00 - DEBUG - [_process_strategies] [N/A] ⏱ Skipping EMA_Cross_ema50, not yet time (every 5m)
2025-04-25 17:36:00 - DEBUG - [_process_strategies] [N/A] ⏱ Skipping VWAP_diff_signal_1700, not yet time (every 5m)
2025-04-25 17:36:00 - DEBUG - [_process_strategies] [N/A] ⏱ Skipping VWAP_diff_signal_rsi_1700, not yet time (every 5m)
2025-04-25 17:36:00 - DEBUG - [_process_strategies] [N/A] ⏱ Skipping VWAP_diff_signal_1700_volume, not yet time (every 5m)
2025-04-25 17:36:00 - DEBUG - [_process_strategies] [N/A] ⏱ Skipping EMA_Cross_candle, not yet time (every 5m)
2025-04-25 17:36:00 - DEBUG - [_process_strategies] [N/A] ⏱ Skipping SMA_Cross_candle, not yet time (every 5m)
2025-04-25 17:36:00 - INFO - [_update_active_orders_and_telegram] [N/A] 📊 Updating SL/TP for active orders
2025-04-25 17:36:01 - INFO - [_wait_until_next_iteration] [N/A] ⏳ Sleeping for 58.92 seconds before the next cycle
2025-04-25 17:37:00 - DEBUG - [_process_strategies] [N/A] ⏱ Skipping SMA_Cross_sma50, not yet time (every 5m)
2025-04-25 17:37:00 - DEBUG - [_process_strategies] [N/A] ⏱ Skipping EMA_Cross_ema50, not yet time (every 5m)
2025-04-25 17:37:00 - DEBUG - [_process_strategies] [N/A] ⏱ Skipping VWAP_diff_signal_1700, not yet time (every 5m)
2025-04-25 17:37:00 - DEBUG - [_process_strategies] [N/A] ⏱ Skipping VWAP_diff_signal_rsi_1700, not yet time (every 5m)
2025-04-25 17:37:00 - DEBUG - [_process_strategies] [N/A] ⏱ Skipping VWAP_diff_signal_1700_volume, not yet time (every 5m)
2025-04-25 17:37:00 - DEBUG - [_process_strategies] [N/A] ⏱ Skipping EMA_Cross_candle, not yet time (every 5m)
2025-04-25 17:37:00 - DEBUG - [_process_strategies] [N/A] ⏱ Skipping SMA_Cross_candle, not yet time (every 5m)
2025-04-25 17:37:00 - INFO - [_update_active_orders_and_telegram] [N/A] 📊 Updating SL/TP for active orders
2025-04-25 17:37:01 - INFO - [_wait_until_next_iteration] [N/A] ⏳ Sleeping for 58.93 seconds before the next cycle
2025-04-25 17:38:00 - DEBUG - [_process_strategies] [N/A] ⏱ Skipping SMA_Cross_sma50, not yet time (every 5m)
2025-04-25 17:38:00 - DEBUG - [_process_strategies] [N/A] ⏱ Skipping EMA_Cross_ema50, not yet time (every 5m)
2025-04-25 17:38:00 - DEBUG - [_process_strategies] [N/A] ⏱ Skipping VWAP_diff_signal_1700, not yet time (every 5m)
2025-04-25 17:38:00 - DEBUG - [_process_strategies] [N/A] ⏱ Skipping VWAP_diff_signal_rsi_1700, not yet time (every 5m)
2025-04-25 17:38:00 - DEBUG - [_process_strategies] [N/A] ⏱ Skipping VWAP_diff_signal_1700_volume, not yet time (every 5m)
2025-04-25 17:38:00 - DEBUG - [_process_strategies] [N/A] ⏱ Skipping EMA_Cross_candle, not yet time (every 5m)
2025-04-25 17:38:00 - DEBUG - [_process_strategies] [N/A] ⏱ Skipping SMA_Cross_candle, not yet time (every 5m)
2025-04-25 17:38:00 - INFO - [_update_active_orders_and_telegram] [N/A] 📊 Updating SL/TP for active orders
2025-04-25 17:38:01 - INFO - [_wait_until_next_iteration] [N/A] ⏳ Sleeping for 58.92 seconds before the next cycle
2025-04-25 17:39:00 - DEBUG - [_process_strategies] [N/A] ⏱ Skipping SMA_Cross_sma50, not yet time (every 5m)
2025-04-25 17:39:00 - DEBUG - [_process_strategies] [N/A] ⏱ Skipping EMA_Cross_ema50, not yet time (every 5m)
2025-04-25 17:39:00 - DEBUG - [_process_strategies] [N/A] ⏱ Skipping VWAP_diff_signal_1700, not yet time (every 5m)
2025-04-25 17:39:00 - DEBUG - [_process_strategies] [N/A] ⏱ Skipping VWAP_diff_signal_rsi_1700, not yet time (every 5m)
2025-04-25 17:39:00 - DEBUG - [_process_strategies] [N/A] ⏱ Skipping VWAP_diff_signal_1700_volume, not yet time (every 5m)
2025-04-25 17:39:00 - DEBUG - [_process_strategies] [N/A] ⏱ Skipping EMA_Cross_candle, not yet time (every 5m)
2025-04-25 17:39:00 - DEBUG - [_process_strategies] [N/A] ⏱ Skipping SMA_Cross_candle, not yet time (every 5m)
2025-04-25 17:39:00 - INFO - [_update_active_orders_and_telegram] [N/A] 📊 Updating SL/TP for active orders
2025-04-25 17:39:01 - INFO - [_wait_until_next_iteration] [N/A] ⏳ Sleeping for 58.92 seconds before the next cycle
2025-04-25 17:40:00 - INFO - [_run_strategy_if_applicable] [N/A] ⏰ Strategy 'SMA_Cross_sma50' not executed because it's outside the time window: 16:35:00 - 16:50:00
2025-04-25 17:40:00 - INFO - [_run_strategy_if_applicable] [N/A] ⏰ Strategy 'EMA_Cross_ema50' not executed because it's outside the time window: 16:35:00 - 16:50:00
2025-04-25 17:40:00 - INFO - [_run_strategy_if_applicable] [N/A] 🔄 Starting trading loop for strategy: VWAP_diff_signal_1700
2025-04-25 17:40:00 - DEBUG - [_process_ticker] [CZR] 🚫 Trade not allowed for CZR (limit reached)
2025-04-25 17:40:00 - DEBUG - [_process_ticker] [MTCH] 🚫 Trade not allowed for MTCH (limit reached)
2025-04-25 17:40:00 - DEBUG - [_process_ticker] [NCHL] 🚫 Trade not allowed for NCHL (limit reached)
2025-04-25 17:40:00 - DEBUG - [_process_ticker] [HBAN] 🚫 Trade not allowed for HBAN (limit reached)
2025-04-25 17:40:00 - DEBUG - [_process_ticker] [MRNA] 🚫 Trade not allowed for MRNA (limit reached)
2025-04-25 17:40:00 - DEBUG - [_process_ticker] [WBD] 🚫 Trade not allowed for WBD (limit reached)
2025-04-25 17:40:00 - DEBUG - [_process_ticker] [CMCSA] 🚫 Trade not allowed for CMCSA (limit reached)
2025-04-25 17:40:00 - INFO - [_run_strategy_if_applicable] [N/A] 🔄 Starting trading loop for strategy: VWAP_diff_signal_rsi_1700
2025-04-25 17:40:00 - DEBUG - [_process_ticker] [IVZ] 🚫 Trade not allowed for IVZ (limit reached)
2025-04-25 17:40:00 - DEBUG - [_process_ticker] [FCX] 🚫 Trade not allowed for FCX (limit reached)
2025-04-25 17:40:00 - DEBUG - [_process_ticker] [HST] 🚫 Trade not allowed for HST (limit reached)
2025-04-25 17:40:00 - DEBUG - [_process_ticker] [IVZ] 🚫 Trade not allowed for IVZ (limit reached)
2025-04-25 17:40:00 - DEBUG - [_process_ticker] [NEM] 🚫 Trade not allowed for NEM (limit reached)
2025-04-25 17:40:00 - DEBUG - [_process_ticker] [LUV] 🚫 Trade not allowed for LUV (limit reached)
2025-04-25 17:40:00 - INFO - [_run_strategy_if_applicable] [N/A] 🔄 Starting trading loop for strategy: VWAP_diff_signal_1700_volume
2025-04-25 17:40:00 - DEBUG - [_process_ticker] [GEN] 🚫 Trade not allowed for GEN (limit reached)
2025-04-25 17:40:00 - DEBUG - [_process_ticker] [HPQ] 🚫 Trade not allowed for HPQ (limit reached)
2025-04-25 17:40:00 - DEBUG - [_process_ticker] [INTC] 🚫 Trade not allowed for INTC (limit reached)
2025-04-25 17:40:00 - DEBUG - [_process_ticker] [RF] 🚫 Trade not allowed for RF (limit reached)
2025-04-25 17:40:00 - INFO - [_run_strategy_if_applicable] [N/A] ⏰ Strategy 'EMA_Cross_candle' not executed because it's outside the time window: 16:35:00 - 16:50:00
2025-04-25 17:40:00 - INFO - [_run_strategy_if_applicable] [N/A] ⏰ Strategy 'SMA_Cross_candle' not executed because it's outside the time window: 16:35:00 - 16:50:00
2025-04-25 17:40:00 - INFO - [_update_active_orders_and_telegram] [N/A] 📊 Updating SL/TP for active orders
2025-04-25 17:40:01 - INFO - [_wait_until_next_iteration] [N/A] ⏳ Sleeping for 58.91 seconds before the next cycle
2025-04-25 17:41:00 - DEBUG - [_process_strategies] [N/A] ⏱ Skipping SMA_Cross_sma50, not yet time (every 5m)
2025-04-25 17:41:00 - DEBUG - [_process_strategies] [N/A] ⏱ Skipping EMA_Cross_ema50, not yet time (every 5m)
2025-04-25 17:41:00 - DEBUG - [_process_strategies] [N/A] ⏱ Skipping VWAP_diff_signal_1700, not yet time (every 5m)
2025-04-25 17:41:00 - DEBUG - [_process_strategies] [N/A] ⏱ Skipping VWAP_diff_signal_rsi_1700, not yet time (every 5m)
2025-04-25 17:41:00 - DEBUG - [_process_strategies] [N/A] ⏱ Skipping VWAP_diff_signal_1700_volume, not yet time (every 5m)
2025-04-25 17:41:00 - DEBUG - [_process_strategies] [N/A] ⏱ Skipping EMA_Cross_candle, not yet time (every 5m)
2025-04-25 17:41:00 - DEBUG - [_process_strategies] [N/A] ⏱ Skipping SMA_Cross_candle, not yet time (every 5m)
2025-04-25 17:41:00 - INFO - [_update_active_orders_and_telegram] [N/A] 📊 Updating SL/TP for active orders
2025-04-25 17:41:01 - INFO - [_wait_until_next_iteration] [N/A] ⏳ Sleeping for 58.95 seconds before the next cycle
2025-04-25 17:42:00 - DEBUG - [_process_strategies] [N/A] ⏱ Skipping SMA_Cross_sma50, not yet time (every 5m)
2025-04-25 17:42:00 - DEBUG - [_process_strategies] [N/A] ⏱ Skipping EMA_Cross_ema50, not yet time (every 5m)
2025-04-25 17:42:00 - DEBUG - [_process_strategies] [N/A] ⏱ Skipping VWAP_diff_signal_1700, not yet time (every 5m)
2025-04-25 17:42:00 - DEBUG - [_process_strategies] [N/A] ⏱ Skipping VWAP_diff_signal_rsi_1700, not yet time (every 5m)
2025-04-25 17:42:00 - DEBUG - [_process_strategies] [N/A] ⏱ Skipping VWAP_diff_signal_1700_volume, not yet time (every 5m)
2025-04-25 17:42:00 - DEBUG - [_process_strategies] [N/A] ⏱ Skipping EMA_Cross_candle, not yet time (every 5m)
2025-04-25 17:42:00 - DEBUG - [_process_strategies] [N/A] ⏱ Skipping SMA_Cross_candle, not yet time (every 5m)
2025-04-25 17:42:00 - INFO - [_update_active_orders_and_telegram] [N/A] 📊 Updating SL/TP for active orders
2025-04-25 17:42:01 - INFO - [_wait_until_next_iteration] [N/A] ⏳ Sleeping for 58.92 seconds before the next cycle
2025-04-25 17:43:00 - DEBUG - [_process_strategies] [N/A] ⏱ Skipping SMA_Cross_sma50, not yet time (every 5m)
2025-04-25 17:43:00 - DEBUG - [_process_strategies] [N/A] ⏱ Skipping EMA_Cross_ema50, not yet time (every 5m)
2025-04-25 17:43:00 - DEBUG - [_process_strategies] [N/A] ⏱ Skipping VWAP_diff_signal_1700, not yet time (every 5m)
2025-04-25 17:43:00 - DEBUG - [_process_strategies] [N/A] ⏱ Skipping VWAP_diff_signal_rsi_1700, not yet time (every 5m)
2025-04-25 17:43:00 - DEBUG - [_process_strategies] [N/A] ⏱ Skipping VWAP_diff_signal_1700_volume, not yet time (every 5m)
2025-04-25 17:43:00 - DEBUG - [_process_strategies] [N/A] ⏱ Skipping EMA_Cross_candle, not yet time (every 5m)
2025-04-25 17:43:00 - DEBUG - [_process_strategies] [N/A] ⏱ Skipping SMA_Cross_candle, not yet time (every 5m)
2025-04-25 17:43:00 - INFO - [_update_active_orders_and_telegram] [N/A] 📊 Updating SL/TP for active orders
2025-04-25 17:43:01 - INFO - [_wait_until_next_iteration] [N/A] ⏳ Sleeping for 58.92 seconds before the next cycle
2025-04-25 17:44:00 - DEBUG - [_process_strategies] [N/A] ⏱ Skipping SMA_Cross_sma50, not yet time (every 5m)
2025-04-25 17:44:00 - DEBUG - [_process_strategies] [N/A] ⏱ Skipping EMA_Cross_ema50, not yet time (every 5m)
2025-04-25 17:44:00 - DEBUG - [_process_strategies] [N/A] ⏱ Skipping VWAP_diff_signal_1700, not yet time (every 5m)
2025-04-25 17:44:00 - DEBUG - [_process_strategies] [N/A] ⏱ Skipping VWAP_diff_signal_rsi_1700, not yet time (every 5m)
2025-04-25 17:44:00 - DEBUG - [_process_strategies] [N/A] ⏱ Skipping VWAP_diff_signal_1700_volume, not yet time (every 5m)
2025-04-25 17:44:00 - DEBUG - [_process_strategies] [N/A] ⏱ Skipping EMA_Cross_candle, not yet time (every 5m)
2025-04-25 17:44:00 - DEBUG - [_process_strategies] [N/A] ⏱ Skipping SMA_Cross_candle, not yet time (every 5m)
2025-04-25 17:44:00 - INFO - [_update_active_orders_and_telegram] [N/A] 📊 Updating SL/TP for active orders
2025-04-25 17:44:01 - INFO - [_wait_until_next_iteration] [N/A] ⏳ Sleeping for 58.92 seconds before the next cycle
2025-04-25 17:45:00 - INFO - [_run_strategy_if_applicable] [N/A] ⏰ Strategy 'SMA_Cross_sma50' not executed because it's outside the time window: 16:35:00 - 16:50:00
2025-04-25 17:45:00 - INFO - [_run_strategy_if_applicable] [N/A] ⏰ Strategy 'EMA_Cross_ema50' not executed because it's outside the time window: 16:35:00 - 16:50:00
2025-04-25 17:45:00 - INFO - [_run_strategy_if_applicable] [N/A] 🔄 Starting trading loop for strategy: VWAP_diff_signal_1700
2025-04-25 17:45:00 - DEBUG - [_process_ticker] [CZR] 🚫 Trade not allowed for CZR (limit reached)
2025-04-25 17:45:00 - DEBUG - [_process_ticker] [MTCH] 🚫 Trade not allowed for MTCH (limit reached)
2025-04-25 17:45:00 - DEBUG - [_process_ticker] [NCHL] 🚫 Trade not allowed for NCHL (limit reached)
2025-04-25 17:45:00 - DEBUG - [_process_ticker] [HBAN] 🚫 Trade not allowed for HBAN (limit reached)
2025-04-25 17:45:00 - DEBUG - [_process_ticker] [MRNA] 🚫 Trade not allowed for MRNA (limit reached)
2025-04-25 17:45:00 - DEBUG - [_process_ticker] [WBD] 🚫 Trade not allowed for WBD (limit reached)
2025-04-25 17:45:00 - DEBUG - [_process_ticker] [CMCSA] 🚫 Trade not allowed for CMCSA (limit reached)
2025-04-25 17:45:00 - INFO - [_run_strategy_if_applicable] [N/A] 🔄 Starting trading loop for strategy: VWAP_diff_signal_rsi_1700
2025-04-25 17:45:00 - DEBUG - [_process_ticker] [IVZ] 🚫 Trade not allowed for IVZ (limit reached)
2025-04-25 17:45:00 - DEBUG - [_process_ticker] [FCX] 🚫 Trade not allowed for FCX (limit reached)
2025-04-25 17:45:00 - DEBUG - [_process_ticker] [HST] 🚫 Trade not allowed for HST (limit reached)
2025-04-25 17:45:00 - DEBUG - [_process_ticker] [IVZ] 🚫 Trade not allowed for IVZ (limit reached)
2025-04-25 17:45:00 - DEBUG - [_process_ticker] [NEM] 🚫 Trade not allowed for NEM (limit reached)
2025-04-25 17:45:00 - DEBUG - [_process_ticker] [LUV] 🚫 Trade not allowed for LUV (limit reached)
2025-04-25 17:45:00 - INFO - [_run_strategy_if_applicable] [N/A] 🔄 Starting trading loop for strategy: VWAP_diff_signal_1700_volume
2025-04-25 17:45:00 - DEBUG - [_process_ticker] [GEN] 🚫 Trade not allowed for GEN (limit reached)
2025-04-25 17:45:00 - DEBUG - [_process_ticker] [HPQ] 🚫 Trade not allowed for HPQ (limit reached)
2025-04-25 17:45:00 - DEBUG - [_process_ticker] [INTC] 🚫 Trade not allowed for INTC (limit reached)
2025-04-25 17:45:00 - DEBUG - [_process_ticker] [RF] 🚫 Trade not allowed for RF (limit reached)
2025-04-25 17:45:00 - INFO - [_run_strategy_if_applicable] [N/A] ⏰ Strategy 'EMA_Cross_candle' not executed because it's outside the time window: 16:35:00 - 16:50:00
2025-04-25 17:45:00 - INFO - [_run_strategy_if_applicable] [N/A] ⏰ Strategy 'SMA_Cross_candle' not executed because it's outside the time window: 16:35:00 - 16:50:00
2025-04-25 17:45:00 - INFO - [_update_active_orders_and_telegram] [N/A] 📊 Updating SL/TP for active orders
2025-04-25 17:45:01 - INFO - [_wait_until_next_iteration] [N/A] ⏳ Sleeping for 58.92 seconds before the next cycle
2025-04-25 17:46:00 - DEBUG - [_process_strategies] [N/A] ⏱ Skipping SMA_Cross_sma50, not yet time (every 5m)
2025-04-25 17:46:00 - DEBUG - [_process_strategies] [N/A] ⏱ Skipping EMA_Cross_ema50, not yet time (every 5m)
2025-04-25 17:46:00 - DEBUG - [_process_strategies] [N/A] ⏱ Skipping VWAP_diff_signal_1700, not yet time (every 5m)
2025-04-25 17:46:00 - DEBUG - [_process_strategies] [N/A] ⏱ Skipping VWAP_diff_signal_rsi_1700, not yet time (every 5m)
2025-04-25 17:46:00 - DEBUG - [_process_strategies] [N/A] ⏱ Skipping VWAP_diff_signal_1700_volume, not yet time (every 5m)
2025-04-25 17:46:00 - DEBUG - [_process_strategies] [N/A] ⏱ Skipping EMA_Cross_candle, not yet time (every 5m)
2025-04-25 17:46:00 - DEBUG - [_process_strategies] [N/A] ⏱ Skipping SMA_Cross_candle, not yet time (every 5m)
2025-04-25 17:46:00 - INFO - [_update_active_orders_and_telegram] [N/A] 📊 Updating SL/TP for active orders
2025-04-25 17:46:01 - INFO - [_wait_until_next_iteration] [N/A] ⏳ Sleeping for 58.92 seconds before the next cycle
2025-04-25 17:47:00 - DEBUG - [_process_strategies] [N/A] ⏱ Skipping SMA_Cross_sma50, not yet time (every 5m)
2025-04-25 17:47:00 - DEBUG - [_process_strategies] [N/A] ⏱ Skipping EMA_Cross_ema50, not yet time (every 5m)
2025-04-25 17:47:00 - DEBUG - [_process_strategies] [N/A] ⏱ Skipping VWAP_diff_signal_1700, not yet time (every 5m)
2025-04-25 17:47:00 - DEBUG - [_process_strategies] [N/A] ⏱ Skipping VWAP_diff_signal_rsi_1700, not yet time (every 5m)
2025-04-25 17:47:00 - DEBUG - [_process_strategies] [N/A] ⏱ Skipping VWAP_diff_signal_1700_volume, not yet time (every 5m)
2025-04-25 17:47:00 - DEBUG - [_process_strategies] [N/A] ⏱ Skipping EMA_Cross_candle, not yet time (every 5m)
2025-04-25 17:47:00 - DEBUG - [_process_strategies] [N/A] ⏱ Skipping SMA_Cross_candle, not yet time (every 5m)
2025-04-25 17:47:00 - INFO - [_update_active_orders_and_telegram] [N/A] 📊 Updating SL/TP for active orders
2025-04-25 17:47:01 - INFO - [_wait_until_next_iteration] [N/A] ⏳ Sleeping for 58.93 seconds before the next cycle
2025-04-25 17:48:00 - DEBUG - [_process_strategies] [N/A] ⏱ Skipping SMA_Cross_sma50, not yet time (every 5m)
2025-04-25 17:48:00 - DEBUG - [_process_strategies] [N/A] ⏱ Skipping EMA_Cross_ema50, not yet time (every 5m)
2025-04-25 17:48:00 - DEBUG - [_process_strategies] [N/A] ⏱ Skipping VWAP_diff_signal_1700, not yet time (every 5m)
2025-04-25 17:48:00 - DEBUG - [_process_strategies] [N/A] ⏱ Skipping VWAP_diff_signal_rsi_1700, not yet time (every 5m)
2025-04-25 17:48:00 - DEBUG - [_process_strategies] [N/A] ⏱ Skipping VWAP_diff_signal_1700_volume, not yet time (every 5m)
2025-04-25 17:48:00 - DEBUG - [_process_strategies] [N/A] ⏱ Skipping EMA_Cross_candle, not yet time (every 5m)
2025-04-25 17:48:00 - DEBUG - [_process_strategies] [N/A] ⏱ Skipping SMA_Cross_candle, not yet time (every 5m)
2025-04-25 17:48:00 - INFO - [_update_active_orders_and_telegram] [N/A] 📊 Updating SL/TP for active orders
2025-04-25 17:48:01 - INFO - [_wait_until_next_iteration] [N/A] ⏳ Sleeping for 58.92 seconds before the next cycle
2025-04-25 17:49:00 - DEBUG - [_process_strategies] [N/A] ⏱ Skipping SMA_Cross_sma50, not yet time (every 5m)
2025-04-25 17:49:00 - DEBUG - [_process_strategies] [N/A] ⏱ Skipping EMA_Cross_ema50, not yet time (every 5m)
2025-04-25 17:49:00 - DEBUG - [_process_strategies] [N/A] ⏱ Skipping VWAP_diff_signal_1700, not yet time (every 5m)
2025-04-25 17:49:00 - DEBUG - [_process_strategies] [N/A] ⏱ Skipping VWAP_diff_signal_rsi_1700, not yet time (every 5m)
2025-04-25 17:49:00 - DEBUG - [_process_strategies] [N/A] ⏱ Skipping VWAP_diff_signal_1700_volume, not yet time (every 5m)
2025-04-25 17:49:00 - DEBUG - [_process_strategies] [N/A] ⏱ Skipping EMA_Cross_candle, not yet time (every 5m)
2025-04-25 17:49:00 - DEBUG - [_process_strategies] [N/A] ⏱ Skipping SMA_Cross_candle, not yet time (every 5m)
2025-04-25 17:49:00 - INFO - [_update_active_orders_and_telegram] [N/A] 📊 Updating SL/TP for active orders
2025-04-25 17:49:01 - INFO - [_wait_until_next_iteration] [N/A] ⏳ Sleeping for 58.94 seconds before the next cycle
2025-04-25 17:50:00 - INFO - [_run_strategy_if_applicable] [N/A] ⏰ Strategy 'SMA_Cross_sma50' not executed because it's outside the time window: 16:35:00 - 16:50:00
2025-04-25 17:50:00 - INFO - [_run_strategy_if_applicable] [N/A] ⏰ Strategy 'EMA_Cross_ema50' not executed because it's outside the time window: 16:35:00 - 16:50:00
2025-04-25 17:50:00 - INFO - [_run_strategy_if_applicable] [N/A] 🔄 Starting trading loop for strategy: VWAP_diff_signal_1700
2025-04-25 17:50:00 - DEBUG - [_process_ticker] [CZR] 🚫 Trade not allowed for CZR (limit reached)
2025-04-25 17:50:00 - DEBUG - [_process_ticker] [MTCH] 🚫 Trade not allowed for MTCH (limit reached)
2025-04-25 17:50:00 - DEBUG - [_process_ticker] [NCHL] 🚫 Trade not allowed for NCHL (limit reached)
2025-04-25 17:50:00 - DEBUG - [_process_ticker] [HBAN] 🚫 Trade not allowed for HBAN (limit reached)
2025-04-25 17:50:00 - DEBUG - [_process_ticker] [MRNA] 🚫 Trade not allowed for MRNA (limit reached)
2025-04-25 17:50:00 - DEBUG - [_process_ticker] [WBD] 🚫 Trade not allowed for WBD (limit reached)
2025-04-25 17:50:00 - DEBUG - [_process_ticker] [CMCSA] 🚫 Trade not allowed for CMCSA (limit reached)
2025-04-25 17:50:00 - INFO - [_run_strategy_if_applicable] [N/A] 🔄 Starting trading loop for strategy: VWAP_diff_signal_rsi_1700
2025-04-25 17:50:00 - DEBUG - [_process_ticker] [IVZ] 🚫 Trade not allowed for IVZ (limit reached)
2025-04-25 17:50:00 - DEBUG - [_process_ticker] [FCX] 🚫 Trade not allowed for FCX (limit reached)
2025-04-25 17:50:00 - DEBUG - [_process_ticker] [HST] 🚫 Trade not allowed for HST (limit reached)
2025-04-25 17:50:00 - DEBUG - [_process_ticker] [IVZ] 🚫 Trade not allowed for IVZ (limit reached)
2025-04-25 17:50:00 - DEBUG - [_process_ticker] [NEM] 🚫 Trade not allowed for NEM (limit reached)
2025-04-25 17:50:00 - DEBUG - [_process_ticker] [LUV] 🚫 Trade not allowed for LUV (limit reached)
2025-04-25 17:50:00 - INFO - [_run_strategy_if_applicable] [N/A] 🔄 Starting trading loop for strategy: VWAP_diff_signal_1700_volume
2025-04-25 17:50:00 - DEBUG - [_process_ticker] [GEN] 🚫 Trade not allowed for GEN (limit reached)
2025-04-25 17:50:00 - DEBUG - [_process_ticker] [HPQ] 🚫 Trade not allowed for HPQ (limit reached)
2025-04-25 17:50:00 - DEBUG - [_process_ticker] [INTC] 🚫 Trade not allowed for INTC (limit reached)
2025-04-25 17:50:00 - DEBUG - [_process_ticker] [RF] 🚫 Trade not allowed for RF (limit reached)
2025-04-25 17:50:00 - INFO - [_run_strategy_if_applicable] [N/A] ⏰ Strategy 'EMA_Cross_candle' not executed because it's outside the time window: 16:35:00 - 16:50:00
2025-04-25 17:50:00 - INFO - [_run_strategy_if_applicable] [N/A] ⏰ Strategy 'SMA_Cross_candle' not executed because it's outside the time window: 16:35:00 - 16:50:00
2025-04-25 17:50:00 - INFO - [_update_active_orders_and_telegram] [N/A] 📊 Updating SL/TP for active orders
2025-04-25 17:50:01 - INFO - [_wait_until_next_iteration] [N/A] ⏳ Sleeping for 58.92 seconds before the next cycle
2025-04-25 17:51:00 - DEBUG - [_process_strategies] [N/A] ⏱ Skipping SMA_Cross_sma50, not yet time (every 5m)
2025-04-25 17:51:00 - DEBUG - [_process_strategies] [N/A] ⏱ Skipping EMA_Cross_ema50, not yet time (every 5m)
2025-04-25 17:51:00 - DEBUG - [_process_strategies] [N/A] ⏱ Skipping VWAP_diff_signal_1700, not yet time (every 5m)
2025-04-25 17:51:00 - DEBUG - [_process_strategies] [N/A] ⏱ Skipping VWAP_diff_signal_rsi_1700, not yet time (every 5m)
2025-04-25 17:51:00 - DEBUG - [_process_strategies] [N/A] ⏱ Skipping VWAP_diff_signal_1700_volume, not yet time (every 5m)
2025-04-25 17:51:00 - DEBUG - [_process_strategies] [N/A] ⏱ Skipping EMA_Cross_candle, not yet time (every 5m)
2025-04-25 17:51:00 - DEBUG - [_process_strategies] [N/A] ⏱ Skipping SMA_Cross_candle, not yet time (every 5m)
2025-04-25 17:51:00 - INFO - [_update_active_orders_and_telegram] [N/A] 📊 Updating SL/TP for active orders
2025-04-25 17:51:01 - INFO - [_wait_until_next_iteration] [N/A] ⏳ Sleeping for 58.92 seconds before the next cycle
2025-04-25 17:52:00 - DEBUG - [_process_strategies] [N/A] ⏱ Skipping SMA_Cross_sma50, not yet time (every 5m)
2025-04-25 17:52:00 - DEBUG - [_process_strategies] [N/A] ⏱ Skipping EMA_Cross_ema50, not yet time (every 5m)
2025-04-25 17:52:00 - DEBUG - [_process_strategies] [N/A] ⏱ Skipping VWAP_diff_signal_1700, not yet time (every 5m)
2025-04-25 17:52:00 - DEBUG - [_process_strategies] [N/A] ⏱ Skipping VWAP_diff_signal_rsi_1700, not yet time (every 5m)
2025-04-25 17:52:00 - DEBUG - [_process_strategies] [N/A] ⏱ Skipping VWAP_diff_signal_1700_volume, not yet time (every 5m)
2025-04-25 17:52:00 - DEBUG - [_process_strategies] [N/A] ⏱ Skipping EMA_Cross_candle, not yet time (every 5m)
2025-04-25 17:52:00 - DEBUG - [_process_strategies] [N/A] ⏱ Skipping SMA_Cross_candle, not yet time (every 5m)
2025-04-25 17:52:00 - INFO - [_update_active_orders_and_telegram] [N/A] 📊 Updating SL/TP for active orders
2025-04-25 17:52:01 - INFO - [_wait_until_next_iteration] [N/A] ⏳ Sleeping for 58.92 seconds before the next cycle
2025-04-25 17:53:00 - DEBUG - [_process_strategies] [N/A] ⏱ Skipping SMA_Cross_sma50, not yet time (every 5m)
2025-04-25 17:53:00 - DEBUG - [_process_strategies] [N/A] ⏱ Skipping EMA_Cross_ema50, not yet time (every 5m)
2025-04-25 17:53:00 - DEBUG - [_process_strategies] [N/A] ⏱ Skipping VWAP_diff_signal_1700, not yet time (every 5m)
2025-04-25 17:53:00 - DEBUG - [_process_strategies] [N/A] ⏱ Skipping VWAP_diff_signal_rsi_1700, not yet time (every 5m)
2025-04-25 17:53:00 - DEBUG - [_process_strategies] [N/A] ⏱ Skipping VWAP_diff_signal_1700_volume, not yet time (every 5m)
2025-04-25 17:53:00 - DEBUG - [_process_strategies] [N/A] ⏱ Skipping EMA_Cross_candle, not yet time (every 5m)
2025-04-25 17:53:00 - DEBUG - [_process_strategies] [N/A] ⏱ Skipping SMA_Cross_candle, not yet time (every 5m)
2025-04-25 17:53:00 - INFO - [_update_active_orders_and_telegram] [N/A] 📊 Updating SL/TP for active orders
2025-04-25 17:53:01 - INFO - [_wait_until_next_iteration] [N/A] ⏳ Sleeping for 58.95 seconds before the next cycle
2025-04-25 17:54:00 - DEBUG - [_process_strategies] [N/A] ⏱ Skipping SMA_Cross_sma50, not yet time (every 5m)
2025-04-25 17:54:00 - DEBUG - [_process_strategies] [N/A] ⏱ Skipping EMA_Cross_ema50, not yet time (every 5m)
2025-04-25 17:54:00 - DEBUG - [_process_strategies] [N/A] ⏱ Skipping VWAP_diff_signal_1700, not yet time (every 5m)
2025-04-25 17:54:00 - DEBUG - [_process_strategies] [N/A] ⏱ Skipping VWAP_diff_signal_rsi_1700, not yet time (every 5m)
2025-04-25 17:54:00 - DEBUG - [_process_strategies] [N/A] ⏱ Skipping VWAP_diff_signal_1700_volume, not yet time (every 5m)
2025-04-25 17:54:00 - DEBUG - [_process_strategies] [N/A] ⏱ Skipping EMA_Cross_candle, not yet time (every 5m)
2025-04-25 17:54:00 - DEBUG - [_process_strategies] [N/A] ⏱ Skipping SMA_Cross_candle, not yet time (every 5m)
2025-04-25 17:54:00 - INFO - [_update_active_orders_and_telegram] [N/A] 📊 Updating SL/TP for active orders
2025-04-25 17:54:01 - INFO - [_wait_until_next_iteration] [N/A] ⏳ Sleeping for 58.91 seconds before the next cycle
2025-04-25 17:55:00 - INFO - [_run_strategy_if_applicable] [N/A] ⏰ Strategy 'SMA_Cross_sma50' not executed because it's outside the time window: 16:35:00 - 16:50:00
2025-04-25 17:55:00 - INFO - [_run_strategy_if_applicable] [N/A] ⏰ Strategy 'EMA_Cross_ema50' not executed because it's outside the time window: 16:35:00 - 16:50:00
2025-04-25 17:55:00 - INFO - [_run_strategy_if_applicable] [N/A] 🔄 Starting trading loop for strategy: VWAP_diff_signal_1700
2025-04-25 17:55:00 - DEBUG - [_process_ticker] [CZR] 🚫 Trade not allowed for CZR (limit reached)
2025-04-25 17:55:00 - DEBUG - [_process_ticker] [MTCH] 🚫 Trade not allowed for MTCH (limit reached)
2025-04-25 17:55:00 - DEBUG - [_process_ticker] [NCHL] 🚫 Trade not allowed for NCHL (limit reached)
2025-04-25 17:55:00 - DEBUG - [_process_ticker] [HBAN] 🚫 Trade not allowed for HBAN (limit reached)
2025-04-25 17:55:00 - DEBUG - [_process_ticker] [MRNA] 🚫 Trade not allowed for MRNA (limit reached)
2025-04-25 17:55:00 - DEBUG - [_process_ticker] [WBD] 🚫 Trade not allowed for WBD (limit reached)
2025-04-25 17:55:00 - DEBUG - [_process_ticker] [CMCSA] 🚫 Trade not allowed for CMCSA (limit reached)
2025-04-25 17:55:00 - INFO - [_run_strategy_if_applicable] [N/A] 🔄 Starting trading loop for strategy: VWAP_diff_signal_rsi_1700
2025-04-25 17:55:00 - DEBUG - [_process_ticker] [IVZ] 🚫 Trade not allowed for IVZ (limit reached)
2025-04-25 17:55:00 - DEBUG - [_process_ticker] [FCX] 🚫 Trade not allowed for FCX (limit reached)
2025-04-25 17:55:00 - DEBUG - [_process_ticker] [HST] 🚫 Trade not allowed for HST (limit reached)
2025-04-25 17:55:00 - DEBUG - [_process_ticker] [IVZ] 🚫 Trade not allowed for IVZ (limit reached)
2025-04-25 17:55:00 - DEBUG - [_process_ticker] [NEM] 🚫 Trade not allowed for NEM (limit reached)
2025-04-25 17:55:00 - DEBUG - [_process_ticker] [LUV] 🚫 Trade not allowed for LUV (limit reached)
2025-04-25 17:55:00 - INFO - [_run_strategy_if_applicable] [N/A] 🔄 Starting trading loop for strategy: VWAP_diff_signal_1700_volume
2025-04-25 17:55:00 - DEBUG - [_process_ticker] [GEN] 🚫 Trade not allowed for GEN (limit reached)
2025-04-25 17:55:00 - DEBUG - [_process_ticker] [HPQ] 🚫 Trade not allowed for HPQ (limit reached)
2025-04-25 17:55:00 - DEBUG - [_process_ticker] [INTC] 🚫 Trade not allowed for INTC (limit reached)
2025-04-25 17:55:00 - DEBUG - [_process_ticker] [RF] 🚫 Trade not allowed for RF (limit reached)
2025-04-25 17:55:00 - INFO - [_run_strategy_if_applicable] [N/A] ⏰ Strategy 'EMA_Cross_candle' not executed because it's outside the time window: 16:35:00 - 16:50:00
2025-04-25 17:55:00 - INFO - [_run_strategy_if_applicable] [N/A] ⏰ Strategy 'SMA_Cross_candle' not executed because it's outside the time window: 16:35:00 - 16:50:00
2025-04-25 17:55:00 - INFO - [_update_active_orders_and_telegram] [N/A] 📊 Updating SL/TP for active orders
2025-04-25 17:55:01 - INFO - [_wait_until_next_iteration] [N/A] ⏳ Sleeping for 58.89 seconds before the next cycle
2025-04-25 17:56:00 - DEBUG - [_process_strategies] [N/A] ⏱ Skipping SMA_Cross_sma50, not yet time (every 5m)
2025-04-25 17:56:00 - DEBUG - [_process_strategies] [N/A] ⏱ Skipping EMA_Cross_ema50, not yet time (every 5m)
2025-04-25 17:56:00 - DEBUG - [_process_strategies] [N/A] ⏱ Skipping VWAP_diff_signal_1700, not yet time (every 5m)
2025-04-25 17:56:00 - DEBUG - [_process_strategies] [N/A] ⏱ Skipping VWAP_diff_signal_rsi_1700, not yet time (every 5m)
2025-04-25 17:56:00 - DEBUG - [_process_strategies] [N/A] ⏱ Skipping VWAP_diff_signal_1700_volume, not yet time (every 5m)
2025-04-25 17:56:00 - DEBUG - [_process_strategies] [N/A] ⏱ Skipping EMA_Cross_candle, not yet time (every 5m)
2025-04-25 17:56:00 - DEBUG - [_process_strategies] [N/A] ⏱ Skipping SMA_Cross_candle, not yet time (every 5m)
2025-04-25 17:56:00 - INFO - [_update_active_orders_and_telegram] [N/A] 📊 Updating SL/TP for active orders
2025-04-25 17:56:01 - INFO - [_wait_until_next_iteration] [N/A] ⏳ Sleeping for 58.94 seconds before the next cycle
2025-04-25 17:57:00 - DEBUG - [_process_strategies] [N/A] ⏱ Skipping SMA_Cross_sma50, not yet time (every 5m)
2025-04-25 17:57:00 - DEBUG - [_process_strategies] [N/A] ⏱ Skipping EMA_Cross_ema50, not yet time (every 5m)
2025-04-25 17:57:00 - DEBUG - [_process_strategies] [N/A] ⏱ Skipping VWAP_diff_signal_1700, not yet time (every 5m)
2025-04-25 17:57:00 - DEBUG - [_process_strategies] [N/A] ⏱ Skipping VWAP_diff_signal_rsi_1700, not yet time (every 5m)
2025-04-25 17:57:00 - DEBUG - [_process_strategies] [N/A] ⏱ Skipping VWAP_diff_signal_1700_volume, not yet time (every 5m)
2025-04-25 17:57:00 - DEBUG - [_process_strategies] [N/A] ⏱ Skipping EMA_Cross_candle, not yet time (every 5m)
2025-04-25 17:57:00 - DEBUG - [_process_strategies] [N/A] ⏱ Skipping SMA_Cross_candle, not yet time (every 5m)
2025-04-25 17:57:00 - INFO - [_update_active_orders_and_telegram] [N/A] 📊 Updating SL/TP for active orders
2025-04-25 17:57:01 - INFO - [_wait_until_next_iteration] [N/A] ⏳ Sleeping for 58.92 seconds before the next cycle
2025-04-25 17:58:00 - DEBUG - [_process_strategies] [N/A] ⏱ Skipping SMA_Cross_sma50, not yet time (every 5m)
2025-04-25 17:58:00 - DEBUG - [_process_strategies] [N/A] ⏱ Skipping EMA_Cross_ema50, not yet time (every 5m)
2025-04-25 17:58:00 - DEBUG - [_process_strategies] [N/A] ⏱ Skipping VWAP_diff_signal_1700, not yet time (every 5m)
2025-04-25 17:58:00 - DEBUG - [_process_strategies] [N/A] ⏱ Skipping VWAP_diff_signal_rsi_1700, not yet time (every 5m)
2025-04-25 17:58:00 - DEBUG - [_process_strategies] [N/A] ⏱ Skipping VWAP_diff_signal_1700_volume, not yet time (every 5m)
2025-04-25 17:58:00 - DEBUG - [_process_strategies] [N/A] ⏱ Skipping EMA_Cross_candle, not yet time (every 5m)
2025-04-25 17:58:00 - DEBUG - [_process_strategies] [N/A] ⏱ Skipping SMA_Cross_candle, not yet time (every 5m)
2025-04-25 17:58:00 - INFO - [_update_active_orders_and_telegram] [N/A] 📊 Updating SL/TP for active orders
2025-04-25 17:58:01 - INFO - [_wait_until_next_iteration] [N/A] ⏳ Sleeping for 58.92 seconds before the next cycle
2025-04-25 17:59:00 - DEBUG - [_process_strategies] [N/A] ⏱ Skipping SMA_Cross_sma50, not yet time (every 5m)
2025-04-25 17:59:00 - DEBUG - [_process_strategies] [N/A] ⏱ Skipping EMA_Cross_ema50, not yet time (every 5m)
2025-04-25 17:59:00 - DEBUG - [_process_strategies] [N/A] ⏱ Skipping VWAP_diff_signal_1700, not yet time (every 5m)
2025-04-25 17:59:00 - DEBUG - [_process_strategies] [N/A] ⏱ Skipping VWAP_diff_signal_rsi_1700, not yet time (every 5m)
2025-04-25 17:59:00 - DEBUG - [_process_strategies] [N/A] ⏱ Skipping VWAP_diff_signal_1700_volume, not yet time (every 5m)
2025-04-25 17:59:00 - DEBUG - [_process_strategies] [N/A] ⏱ Skipping EMA_Cross_candle, not yet time (every 5m)
2025-04-25 17:59:00 - DEBUG - [_process_strategies] [N/A] ⏱ Skipping SMA_Cross_candle, not yet time (every 5m)
2025-04-25 17:59:00 - INFO - [_update_active_orders_and_telegram] [N/A] 📊 Updating SL/TP for active orders
2025-04-25 17:59:01 - INFO - [_wait_until_next_iteration] [N/A] ⏳ Sleeping for 58.92 seconds before the next cycle
2025-04-25 18:00:00 - INFO - [_run_strategy_if_applicable] [N/A] ⏰ Strategy 'SMA_Cross_sma50' not executed because it's outside the time window: 16:35:00 - 16:50:00
2025-04-25 18:00:00 - INFO - [_run_strategy_if_applicable] [N/A] ⏰ Strategy 'EMA_Cross_ema50' not executed because it's outside the time window: 16:35:00 - 16:50:00
2025-04-25 18:00:00 - INFO - [_run_strategy_if_applicable] [N/A] 🔄 Starting trading loop for strategy: VWAP_diff_signal_1700
2025-04-25 18:00:00 - DEBUG - [_process_ticker] [CZR] 🚫 Trade not allowed for CZR (limit reached)
2025-04-25 18:00:00 - DEBUG - [_process_ticker] [MTCH] 🚫 Trade not allowed for MTCH (limit reached)
2025-04-25 18:00:00 - DEBUG - [_process_ticker] [NCHL] 🚫 Trade not allowed for NCHL (limit reached)
2025-04-25 18:00:00 - DEBUG - [_process_ticker] [HBAN] 🚫 Trade not allowed for HBAN (limit reached)
2025-04-25 18:00:00 - DEBUG - [_process_ticker] [MRNA] 🚫 Trade not allowed for MRNA (limit reached)
2025-04-25 18:00:00 - DEBUG - [_process_ticker] [WBD] 🚫 Trade not allowed for WBD (limit reached)
2025-04-25 18:00:00 - DEBUG - [_process_ticker] [CMCSA] 🚫 Trade not allowed for CMCSA (limit reached)
2025-04-25 18:00:00 - INFO - [_run_strategy_if_applicable] [N/A] 🔄 Starting trading loop for strategy: VWAP_diff_signal_rsi_1700
2025-04-25 18:00:00 - DEBUG - [_process_ticker] [IVZ] 🚫 Trade not allowed for IVZ (limit reached)
2025-04-25 18:00:00 - DEBUG - [_process_ticker] [FCX] 🚫 Trade not allowed for FCX (limit reached)
2025-04-25 18:00:00 - DEBUG - [_process_ticker] [HST] 🚫 Trade not allowed for HST (limit reached)
2025-04-25 18:00:00 - DEBUG - [_process_ticker] [IVZ] 🚫 Trade not allowed for IVZ (limit reached)
2025-04-25 18:00:00 - DEBUG - [_process_ticker] [NEM] 🚫 Trade not allowed for NEM (limit reached)
2025-04-25 18:00:00 - DEBUG - [_process_ticker] [LUV] 🚫 Trade not allowed for LUV (limit reached)
2025-04-25 18:00:00 - INFO - [_run_strategy_if_applicable] [N/A] 🔄 Starting trading loop for strategy: VWAP_diff_signal_1700_volume
2025-04-25 18:00:00 - DEBUG - [_process_ticker] [GEN] 🚫 Trade not allowed for GEN (limit reached)
2025-04-25 18:00:00 - DEBUG - [_process_ticker] [HPQ] 🚫 Trade not allowed for HPQ (limit reached)
2025-04-25 18:00:00 - DEBUG - [_process_ticker] [INTC] 🚫 Trade not allowed for INTC (limit reached)
2025-04-25 18:00:00 - DEBUG - [_process_ticker] [RF] 🚫 Trade not allowed for RF (limit reached)
2025-04-25 18:00:00 - INFO - [_run_strategy_if_applicable] [N/A] ⏰ Strategy 'EMA_Cross_candle' not executed because it's outside the time window: 16:35:00 - 16:50:00
2025-04-25 18:00:00 - INFO - [_run_strategy_if_applicable] [N/A] ⏰ Strategy 'SMA_Cross_candle' not executed because it's outside the time window: 16:35:00 - 16:50:00
2025-04-25 18:00:00 - INFO - [_update_active_orders_and_telegram] [N/A] 📊 Updating SL/TP for active orders
2025-04-25 18:00:01 - INFO - [_wait_until_next_iteration] [N/A] ⏳ Sleeping for 58.93 seconds before the next cycle
2025-04-25 18:01:00 - DEBUG - [_process_strategies] [N/A] ⏱ Skipping SMA_Cross_sma50, not yet time (every 5m)
2025-04-25 18:01:00 - DEBUG - [_process_strategies] [N/A] ⏱ Skipping EMA_Cross_ema50, not yet time (every 5m)
2025-04-25 18:01:00 - DEBUG - [_process_strategies] [N/A] ⏱ Skipping VWAP_diff_signal_1700, not yet time (every 5m)
2025-04-25 18:01:00 - DEBUG - [_process_strategies] [N/A] ⏱ Skipping VWAP_diff_signal_rsi_1700, not yet time (every 5m)
2025-04-25 18:01:00 - DEBUG - [_process_strategies] [N/A] ⏱ Skipping VWAP_diff_signal_1700_volume, not yet time (every 5m)
2025-04-25 18:01:00 - DEBUG - [_process_strategies] [N/A] ⏱ Skipping EMA_Cross_candle, not yet time (every 5m)
2025-04-25 18:01:00 - DEBUG - [_process_strategies] [N/A] ⏱ Skipping SMA_Cross_candle, not yet time (every 5m)
2025-04-25 18:01:00 - INFO - [_update_active_orders_and_telegram] [N/A] 📊 Updating SL/TP for active orders
2025-04-25 18:01:01 - INFO - [_wait_until_next_iteration] [N/A] ⏳ Sleeping for 58.93 seconds before the next cycle
2025-04-25 18:02:00 - DEBUG - [_process_strategies] [N/A] ⏱ Skipping SMA_Cross_sma50, not yet time (every 5m)
2025-04-25 18:02:00 - DEBUG - [_process_strategies] [N/A] ⏱ Skipping EMA_Cross_ema50, not yet time (every 5m)
2025-04-25 18:02:00 - DEBUG - [_process_strategies] [N/A] ⏱ Skipping VWAP_diff_signal_1700, not yet time (every 5m)
2025-04-25 18:02:00 - DEBUG - [_process_strategies] [N/A] ⏱ Skipping VWAP_diff_signal_rsi_1700, not yet time (every 5m)
2025-04-25 18:02:00 - DEBUG - [_process_strategies] [N/A] ⏱ Skipping VWAP_diff_signal_1700_volume, not yet time (every 5m)
2025-04-25 18:02:00 - DEBUG - [_process_strategies] [N/A] ⏱ Skipping EMA_Cross_candle, not yet time (every 5m)
2025-04-25 18:02:00 - DEBUG - [_process_strategies] [N/A] ⏱ Skipping SMA_Cross_candle, not yet time (every 5m)
2025-04-25 18:02:00 - INFO - [_update_active_orders_and_telegram] [N/A] 📊 Updating SL/TP for active orders
2025-04-25 18:02:01 - INFO - [_wait_until_next_iteration] [N/A] ⏳ Sleeping for 58.92 seconds before the next cycle
2025-04-25 18:03:00 - DEBUG - [_process_strategies] [N/A] ⏱ Skipping SMA_Cross_sma50, not yet time (every 5m)
2025-04-25 18:03:00 - DEBUG - [_process_strategies] [N/A] ⏱ Skipping EMA_Cross_ema50, not yet time (every 5m)
2025-04-25 18:03:00 - DEBUG - [_process_strategies] [N/A] ⏱ Skipping VWAP_diff_signal_1700, not yet time (every 5m)
2025-04-25 18:03:00 - DEBUG - [_process_strategies] [N/A] ⏱ Skipping VWAP_diff_signal_rsi_1700, not yet time (every 5m)
2025-04-25 18:03:00 - DEBUG - [_process_strategies] [N/A] ⏱ Skipping VWAP_diff_signal_1700_volume, not yet time (every 5m)
2025-04-25 18:03:00 - DEBUG - [_process_strategies] [N/A] ⏱ Skipping EMA_Cross_candle, not yet time (every 5m)
2025-04-25 18:03:00 - DEBUG - [_process_strategies] [N/A] ⏱ Skipping SMA_Cross_candle, not yet time (every 5m)
2025-04-25 18:03:00 - INFO - [_update_active_orders_and_telegram] [N/A] 📊 Updating SL/TP for active orders
2025-04-25 18:03:01 - INFO - [_wait_until_next_iteration] [N/A] ⏳ Sleeping for 58.92 seconds before the next cycle
2025-04-25 18:04:00 - DEBUG - [_process_strategies] [N/A] ⏱ Skipping SMA_Cross_sma50, not yet time (every 5m)
2025-04-25 18:04:00 - DEBUG - [_process_strategies] [N/A] ⏱ Skipping EMA_Cross_ema50, not yet time (every 5m)
2025-04-25 18:04:00 - DEBUG - [_process_strategies] [N/A] ⏱ Skipping VWAP_diff_signal_1700, not yet time (every 5m)
2025-04-25 18:04:00 - DEBUG - [_process_strategies] [N/A] ⏱ Skipping VWAP_diff_signal_rsi_1700, not yet time (every 5m)
2025-04-25 18:04:00 - DEBUG - [_process_strategies] [N/A] ⏱ Skipping VWAP_diff_signal_1700_volume, not yet time (every 5m)
2025-04-25 18:04:00 - DEBUG - [_process_strategies] [N/A] ⏱ Skipping EMA_Cross_candle, not yet time (every 5m)
2025-04-25 18:04:00 - DEBUG - [_process_strategies] [N/A] ⏱ Skipping SMA_Cross_candle, not yet time (every 5m)
2025-04-25 18:04:00 - INFO - [_update_active_orders_and_telegram] [N/A] 📊 Updating SL/TP for active orders
2025-04-25 18:04:01 - INFO - [_wait_until_next_iteration] [N/A] ⏳ Sleeping for 58.92 seconds before the next cycle
2025-04-25 18:05:00 - INFO - [_run_strategy_if_applicable] [N/A] ⏰ Strategy 'SMA_Cross_sma50' not executed because it's outside the time window: 16:35:00 - 16:50:00
2025-04-25 18:05:00 - INFO - [_run_strategy_if_applicable] [N/A] ⏰ Strategy 'EMA_Cross_ema50' not executed because it's outside the time window: 16:35:00 - 16:50:00
2025-04-25 18:05:00 - INFO - [_run_strategy_if_applicable] [N/A] 🔄 Starting trading loop for strategy: VWAP_diff_signal_1700
2025-04-25 18:05:00 - DEBUG - [_process_ticker] [CZR] 🚫 Trade not allowed for CZR (limit reached)
2025-04-25 18:05:00 - DEBUG - [_process_ticker] [MTCH] 🚫 Trade not allowed for MTCH (limit reached)
2025-04-25 18:05:00 - DEBUG - [_process_ticker] [NCHL] 🚫 Trade not allowed for NCHL (limit reached)
2025-04-25 18:05:00 - DEBUG - [_process_ticker] [HBAN] 🚫 Trade not allowed for HBAN (limit reached)
2025-04-25 18:05:00 - DEBUG - [_process_ticker] [MRNA] 🚫 Trade not allowed for MRNA (limit reached)
2025-04-25 18:05:00 - DEBUG - [_process_ticker] [WBD] 🚫 Trade not allowed for WBD (limit reached)
2025-04-25 18:05:00 - DEBUG - [_process_ticker] [CMCSA] 🚫 Trade not allowed for CMCSA (limit reached)
2025-04-25 18:05:00 - INFO - [_run_strategy_if_applicable] [N/A] 🔄 Starting trading loop for strategy: VWAP_diff_signal_rsi_1700
2025-04-25 18:05:00 - DEBUG - [_process_ticker] [IVZ] 🚫 Trade not allowed for IVZ (limit reached)
2025-04-25 18:05:00 - DEBUG - [_process_ticker] [FCX] 🚫 Trade not allowed for FCX (limit reached)
2025-04-25 18:05:00 - DEBUG - [_process_ticker] [HST] 🚫 Trade not allowed for HST (limit reached)
2025-04-25 18:05:00 - DEBUG - [_process_ticker] [IVZ] 🚫 Trade not allowed for IVZ (limit reached)
2025-04-25 18:05:00 - DEBUG - [_process_ticker] [NEM] 🚫 Trade not allowed for NEM (limit reached)
2025-04-25 18:05:00 - DEBUG - [_process_ticker] [LUV] 🚫 Trade not allowed for LUV (limit reached)
2025-04-25 18:05:00 - INFO - [_run_strategy_if_applicable] [N/A] 🔄 Starting trading loop for strategy: VWAP_diff_signal_1700_volume
2025-04-25 18:05:00 - DEBUG - [_process_ticker] [GEN] 🚫 Trade not allowed for GEN (limit reached)
2025-04-25 18:05:00 - DEBUG - [_process_ticker] [HPQ] 🚫 Trade not allowed for HPQ (limit reached)
2025-04-25 18:05:00 - DEBUG - [_process_ticker] [INTC] 🚫 Trade not allowed for INTC (limit reached)
2025-04-25 18:05:00 - DEBUG - [_process_ticker] [RF] 🚫 Trade not allowed for RF (limit reached)
2025-04-25 18:05:00 - INFO - [_run_strategy_if_applicable] [N/A] ⏰ Strategy 'EMA_Cross_candle' not executed because it's outside the time window: 16:35:00 - 16:50:00
2025-04-25 18:05:00 - INFO - [_run_strategy_if_applicable] [N/A] ⏰ Strategy 'SMA_Cross_candle' not executed because it's outside the time window: 16:35:00 - 16:50:00
2025-04-25 18:05:00 - INFO - [_update_active_orders_and_telegram] [N/A] 📊 Updating SL/TP for active orders
2025-04-25 18:05:01 - INFO - [_wait_until_next_iteration] [N/A] ⏳ Sleeping for 58.90 seconds before the next cycle
2025-04-25 18:06:00 - DEBUG - [_process_strategies] [N/A] ⏱ Skipping SMA_Cross_sma50, not yet time (every 5m)
2025-04-25 18:06:00 - DEBUG - [_process_strategies] [N/A] ⏱ Skipping EMA_Cross_ema50, not yet time (every 5m)
2025-04-25 18:06:00 - DEBUG - [_process_strategies] [N/A] ⏱ Skipping VWAP_diff_signal_1700, not yet time (every 5m)
2025-04-25 18:06:00 - DEBUG - [_process_strategies] [N/A] ⏱ Skipping VWAP_diff_signal_rsi_1700, not yet time (every 5m)
2025-04-25 18:06:00 - DEBUG - [_process_strategies] [N/A] ⏱ Skipping VWAP_diff_signal_1700_volume, not yet time (every 5m)
2025-04-25 18:06:00 - DEBUG - [_process_strategies] [N/A] ⏱ Skipping EMA_Cross_candle, not yet time (every 5m)
2025-04-25 18:06:00 - DEBUG - [_process_strategies] [N/A] ⏱ Skipping SMA_Cross_candle, not yet time (every 5m)
2025-04-25 18:06:00 - INFO - [_update_active_orders_and_telegram] [N/A] 📊 Updating SL/TP for active orders
2025-04-25 18:06:01 - INFO - [_wait_until_next_iteration] [N/A] ⏳ Sleeping for 58.92 seconds before the next cycle
2025-04-25 18:07:00 - DEBUG - [_process_strategies] [N/A] ⏱ Skipping SMA_Cross_sma50, not yet time (every 5m)
2025-04-25 18:07:00 - DEBUG - [_process_strategies] [N/A] ⏱ Skipping EMA_Cross_ema50, not yet time (every 5m)
2025-04-25 18:07:00 - DEBUG - [_process_strategies] [N/A] ⏱ Skipping VWAP_diff_signal_1700, not yet time (every 5m)
2025-04-25 18:07:00 - DEBUG - [_process_strategies] [N/A] ⏱ Skipping VWAP_diff_signal_rsi_1700, not yet time (every 5m)
2025-04-25 18:07:00 - DEBUG - [_process_strategies] [N/A] ⏱ Skipping VWAP_diff_signal_1700_volume, not yet time (every 5m)
2025-04-25 18:07:00 - DEBUG - [_process_strategies] [N/A] ⏱ Skipping EMA_Cross_candle, not yet time (every 5m)
2025-04-25 18:07:00 - DEBUG - [_process_strategies] [N/A] ⏱ Skipping SMA_Cross_candle, not yet time (every 5m)
2025-04-25 18:07:00 - INFO - [_update_active_orders_and_telegram] [N/A] 📊 Updating SL/TP for active orders
2025-04-25 18:07:01 - INFO - [_wait_until_next_iteration] [N/A] ⏳ Sleeping for 58.94 seconds before the next cycle
2025-04-25 18:08:00 - DEBUG - [_process_strategies] [N/A] ⏱ Skipping SMA_Cross_sma50, not yet time (every 5m)
2025-04-25 18:08:00 - DEBUG - [_process_strategies] [N/A] ⏱ Skipping EMA_Cross_ema50, not yet time (every 5m)
2025-04-25 18:08:00 - DEBUG - [_process_strategies] [N/A] ⏱ Skipping VWAP_diff_signal_1700, not yet time (every 5m)
2025-04-25 18:08:00 - DEBUG - [_process_strategies] [N/A] ⏱ Skipping VWAP_diff_signal_rsi_1700, not yet time (every 5m)
2025-04-25 18:08:00 - DEBUG - [_process_strategies] [N/A] ⏱ Skipping VWAP_diff_signal_1700_volume, not yet time (every 5m)
2025-04-25 18:08:00 - DEBUG - [_process_strategies] [N/A] ⏱ Skipping EMA_Cross_candle, not yet time (every 5m)
2025-04-25 18:08:00 - DEBUG - [_process_strategies] [N/A] ⏱ Skipping SMA_Cross_candle, not yet time (every 5m)
2025-04-25 18:08:00 - INFO - [_update_active_orders_and_telegram] [N/A] 📊 Updating SL/TP for active orders
2025-04-25 18:08:01 - INFO - [_wait_until_next_iteration] [N/A] ⏳ Sleeping for 58.92 seconds before the next cycle
2025-04-25 18:09:00 - DEBUG - [_process_strategies] [N/A] ⏱ Skipping SMA_Cross_sma50, not yet time (every 5m)
2025-04-25 18:09:00 - DEBUG - [_process_strategies] [N/A] ⏱ Skipping EMA_Cross_ema50, not yet time (every 5m)
2025-04-25 18:09:00 - DEBUG - [_process_strategies] [N/A] ⏱ Skipping VWAP_diff_signal_1700, not yet time (every 5m)
2025-04-25 18:09:00 - DEBUG - [_process_strategies] [N/A] ⏱ Skipping VWAP_diff_signal_rsi_1700, not yet time (every 5m)
2025-04-25 18:09:00 - DEBUG - [_process_strategies] [N/A] ⏱ Skipping VWAP_diff_signal_1700_volume, not yet time (every 5m)
2025-04-25 18:09:00 - DEBUG - [_process_strategies] [N/A] ⏱ Skipping EMA_Cross_candle, not yet time (every 5m)
2025-04-25 18:09:00 - DEBUG - [_process_strategies] [N/A] ⏱ Skipping SMA_Cross_candle, not yet time (every 5m)
2025-04-25 18:09:00 - INFO - [_update_active_orders_and_telegram] [N/A] 📊 Updating SL/TP for active orders
2025-04-25 18:09:01 - INFO - [_wait_until_next_iteration] [N/A] ⏳ Sleeping for 58.92 seconds before the next cycle
2025-04-25 18:10:00 - INFO - [_run_strategy_if_applicable] [N/A] ⏰ Strategy 'SMA_Cross_sma50' not executed because it's outside the time window: 16:35:00 - 16:50:00
2025-04-25 18:10:00 - INFO - [_run_strategy_if_applicable] [N/A] ⏰ Strategy 'EMA_Cross_ema50' not executed because it's outside the time window: 16:35:00 - 16:50:00
2025-04-25 18:10:00 - INFO - [_run_strategy_if_applicable] [N/A] 🔄 Starting trading loop for strategy: VWAP_diff_signal_1700
2025-04-25 18:10:00 - DEBUG - [_process_ticker] [CZR] 🚫 Trade not allowed for CZR (limit reached)
2025-04-25 18:10:00 - DEBUG - [_process_ticker] [MTCH] 🚫 Trade not allowed for MTCH (limit reached)
2025-04-25 18:10:00 - DEBUG - [_process_ticker] [NCHL] 🚫 Trade not allowed for NCHL (limit reached)
2025-04-25 18:10:00 - DEBUG - [_process_ticker] [HBAN] 🚫 Trade not allowed for HBAN (limit reached)
2025-04-25 18:10:00 - DEBUG - [_process_ticker] [MRNA] 🚫 Trade not allowed for MRNA (limit reached)
2025-04-25 18:10:00 - DEBUG - [_process_ticker] [WBD] 🚫 Trade not allowed for WBD (limit reached)
2025-04-25 18:10:00 - DEBUG - [_process_ticker] [CMCSA] 🚫 Trade not allowed for CMCSA (limit reached)
2025-04-25 18:10:00 - INFO - [_run_strategy_if_applicable] [N/A] 🔄 Starting trading loop for strategy: VWAP_diff_signal_rsi_1700
2025-04-25 18:10:00 - DEBUG - [_process_ticker] [IVZ] 🚫 Trade not allowed for IVZ (limit reached)
2025-04-25 18:10:00 - DEBUG - [_process_ticker] [FCX] 🚫 Trade not allowed for FCX (limit reached)
2025-04-25 18:10:00 - DEBUG - [_process_ticker] [HST] 🚫 Trade not allowed for HST (limit reached)
2025-04-25 18:10:00 - DEBUG - [_process_ticker] [IVZ] 🚫 Trade not allowed for IVZ (limit reached)
2025-04-25 18:10:00 - DEBUG - [_process_ticker] [NEM] 🚫 Trade not allowed for NEM (limit reached)
2025-04-25 18:10:00 - DEBUG - [_process_ticker] [LUV] 🚫 Trade not allowed for LUV (limit reached)
2025-04-25 18:10:00 - INFO - [_run_strategy_if_applicable] [N/A] 🔄 Starting trading loop for strategy: VWAP_diff_signal_1700_volume
2025-04-25 18:10:00 - DEBUG - [_process_ticker] [GEN] 🚫 Trade not allowed for GEN (limit reached)
2025-04-25 18:10:00 - DEBUG - [_process_ticker] [HPQ] 🚫 Trade not allowed for HPQ (limit reached)
2025-04-25 18:10:00 - DEBUG - [_process_ticker] [INTC] 🚫 Trade not allowed for INTC (limit reached)
2025-04-25 18:10:00 - DEBUG - [_process_ticker] [RF] 🚫 Trade not allowed for RF (limit reached)
2025-04-25 18:10:00 - INFO - [_run_strategy_if_applicable] [N/A] ⏰ Strategy 'EMA_Cross_candle' not executed because it's outside the time window: 16:35:00 - 16:50:00
2025-04-25 18:10:00 - INFO - [_run_strategy_if_applicable] [N/A] ⏰ Strategy 'SMA_Cross_candle' not executed because it's outside the time window: 16:35:00 - 16:50:00
2025-04-25 18:10:00 - INFO - [_update_active_orders_and_telegram] [N/A] 📊 Updating SL/TP for active orders
2025-04-25 18:10:01 - INFO - [_wait_until_next_iteration] [N/A] ⏳ Sleeping for 58.91 seconds before the next cycle
2025-04-25 18:11:00 - DEBUG - [_process_strategies] [N/A] ⏱ Skipping SMA_Cross_sma50, not yet time (every 5m)
2025-04-25 18:11:00 - DEBUG - [_process_strategies] [N/A] ⏱ Skipping EMA_Cross_ema50, not yet time (every 5m)
2025-04-25 18:11:00 - DEBUG - [_process_strategies] [N/A] ⏱ Skipping VWAP_diff_signal_1700, not yet time (every 5m)
2025-04-25 18:11:00 - DEBUG - [_process_strategies] [N/A] ⏱ Skipping VWAP_diff_signal_rsi_1700, not yet time (every 5m)
2025-04-25 18:11:00 - DEBUG - [_process_strategies] [N/A] ⏱ Skipping VWAP_diff_signal_1700_volume, not yet time (every 5m)
2025-04-25 18:11:00 - DEBUG - [_process_strategies] [N/A] ⏱ Skipping EMA_Cross_candle, not yet time (every 5m)
2025-04-25 18:11:00 - DEBUG - [_process_strategies] [N/A] ⏱ Skipping SMA_Cross_candle, not yet time (every 5m)
2025-04-25 18:11:00 - INFO - [_update_active_orders_and_telegram] [N/A] 📊 Updating SL/TP for active orders
2025-04-25 18:11:01 - INFO - [_wait_until_next_iteration] [N/A] ⏳ Sleeping for 58.92 seconds before the next cycle
2025-04-25 18:12:00 - DEBUG - [_process_strategies] [N/A] ⏱ Skipping SMA_Cross_sma50, not yet time (every 5m)
2025-04-25 18:12:00 - DEBUG - [_process_strategies] [N/A] ⏱ Skipping EMA_Cross_ema50, not yet time (every 5m)
2025-04-25 18:12:00 - DEBUG - [_process_strategies] [N/A] ⏱ Skipping VWAP_diff_signal_1700, not yet time (every 5m)
2025-04-25 18:12:00 - DEBUG - [_process_strategies] [N/A] ⏱ Skipping VWAP_diff_signal_rsi_1700, not yet time (every 5m)
2025-04-25 18:12:00 - DEBUG - [_process_strategies] [N/A] ⏱ Skipping VWAP_diff_signal_1700_volume, not yet time (every 5m)
2025-04-25 18:12:00 - DEBUG - [_process_strategies] [N/A] ⏱ Skipping EMA_Cross_candle, not yet time (every 5m)
2025-04-25 18:12:00 - DEBUG - [_process_strategies] [N/A] ⏱ Skipping SMA_Cross_candle, not yet time (every 5m)
2025-04-25 18:12:00 - INFO - [_update_active_orders_and_telegram] [N/A] 📊 Updating SL/TP for active orders
2025-04-25 18:12:01 - INFO - [_wait_until_next_iteration] [N/A] ⏳ Sleeping for 58.92 seconds before the next cycle
2025-04-25 18:13:00 - DEBUG - [_process_strategies] [N/A] ⏱ Skipping SMA_Cross_sma50, not yet time (every 5m)
2025-04-25 18:13:00 - DEBUG - [_process_strategies] [N/A] ⏱ Skipping EMA_Cross_ema50, not yet time (every 5m)
2025-04-25 18:13:00 - DEBUG - [_process_strategies] [N/A] ⏱ Skipping VWAP_diff_signal_1700, not yet time (every 5m)
2025-04-25 18:13:00 - DEBUG - [_process_strategies] [N/A] ⏱ Skipping VWAP_diff_signal_rsi_1700, not yet time (every 5m)
2025-04-25 18:13:00 - DEBUG - [_process_strategies] [N/A] ⏱ Skipping VWAP_diff_signal_1700_volume, not yet time (every 5m)
2025-04-25 18:13:00 - DEBUG - [_process_strategies] [N/A] ⏱ Skipping EMA_Cross_candle, not yet time (every 5m)
2025-04-25 18:13:00 - DEBUG - [_process_strategies] [N/A] ⏱ Skipping SMA_Cross_candle, not yet time (every 5m)
2025-04-25 18:13:00 - INFO - [_update_active_orders_and_telegram] [N/A] 📊 Updating SL/TP for active orders
2025-04-25 18:13:01 - INFO - [_wait_until_next_iteration] [N/A] ⏳ Sleeping for 58.92 seconds before the next cycle
2025-04-25 18:14:00 - DEBUG - [_process_strategies] [N/A] ⏱ Skipping SMA_Cross_sma50, not yet time (every 5m)
2025-04-25 18:14:00 - DEBUG - [_process_strategies] [N/A] ⏱ Skipping EMA_Cross_ema50, not yet time (every 5m)
2025-04-25 18:14:00 - DEBUG - [_process_strategies] [N/A] ⏱ Skipping VWAP_diff_signal_1700, not yet time (every 5m)
2025-04-25 18:14:00 - DEBUG - [_process_strategies] [N/A] ⏱ Skipping VWAP_diff_signal_rsi_1700, not yet time (every 5m)
2025-04-25 18:14:00 - DEBUG - [_process_strategies] [N/A] ⏱ Skipping VWAP_diff_signal_1700_volume, not yet time (every 5m)
2025-04-25 18:14:00 - DEBUG - [_process_strategies] [N/A] ⏱ Skipping EMA_Cross_candle, not yet time (every 5m)
2025-04-25 18:14:00 - DEBUG - [_process_strategies] [N/A] ⏱ Skipping SMA_Cross_candle, not yet time (every 5m)
2025-04-25 18:14:00 - INFO - [_update_active_orders_and_telegram] [N/A] 📊 Updating SL/TP for active orders
2025-04-25 18:14:01 - INFO - [_wait_until_next_iteration] [N/A] ⏳ Sleeping for 58.92 seconds before the next cycle
2025-04-25 18:15:00 - INFO - [_run_strategy_if_applicable] [N/A] ⏰ Strategy 'SMA_Cross_sma50' not executed because it's outside the time window: 16:35:00 - 16:50:00
2025-04-25 18:15:00 - INFO - [_run_strategy_if_applicable] [N/A] ⏰ Strategy 'EMA_Cross_ema50' not executed because it's outside the time window: 16:35:00 - 16:50:00
2025-04-25 18:15:00 - INFO - [_run_strategy_if_applicable] [N/A] 🔄 Starting trading loop for strategy: VWAP_diff_signal_1700
2025-04-25 18:15:00 - DEBUG - [_process_ticker] [CZR] 🚫 Trade not allowed for CZR (limit reached)
2025-04-25 18:15:00 - DEBUG - [_process_ticker] [MTCH] 🚫 Trade not allowed for MTCH (limit reached)
2025-04-25 18:15:00 - DEBUG - [_process_ticker] [NCHL] 🚫 Trade not allowed for NCHL (limit reached)
2025-04-25 18:15:00 - DEBUG - [_process_ticker] [HBAN] 🚫 Trade not allowed for HBAN (limit reached)
2025-04-25 18:15:00 - DEBUG - [_process_ticker] [MRNA] 🚫 Trade not allowed for MRNA (limit reached)
2025-04-25 18:15:00 - DEBUG - [_process_ticker] [WBD] 🚫 Trade not allowed for WBD (limit reached)
2025-04-25 18:15:00 - DEBUG - [_process_ticker] [CMCSA] 🚫 Trade not allowed for CMCSA (limit reached)
2025-04-25 18:15:00 - INFO - [_run_strategy_if_applicable] [N/A] 🔄 Starting trading loop for strategy: VWAP_diff_signal_rsi_1700
2025-04-25 18:15:00 - DEBUG - [_process_ticker] [IVZ] 🚫 Trade not allowed for IVZ (limit reached)
2025-04-25 18:15:00 - DEBUG - [_process_ticker] [FCX] 🚫 Trade not allowed for FCX (limit reached)
2025-04-25 18:15:00 - DEBUG - [_process_ticker] [HST] 🚫 Trade not allowed for HST (limit reached)
2025-04-25 18:15:00 - DEBUG - [_process_ticker] [IVZ] 🚫 Trade not allowed for IVZ (limit reached)
2025-04-25 18:15:00 - DEBUG - [_process_ticker] [NEM] 🚫 Trade not allowed for NEM (limit reached)
2025-04-25 18:15:00 - DEBUG - [_process_ticker] [LUV] 🚫 Trade not allowed for LUV (limit reached)
2025-04-25 18:15:00 - INFO - [_run_strategy_if_applicable] [N/A] 🔄 Starting trading loop for strategy: VWAP_diff_signal_1700_volume
2025-04-25 18:15:00 - DEBUG - [_process_ticker] [GEN] 🚫 Trade not allowed for GEN (limit reached)
2025-04-25 18:15:00 - DEBUG - [_process_ticker] [HPQ] 🚫 Trade not allowed for HPQ (limit reached)
2025-04-25 18:15:00 - DEBUG - [_process_ticker] [INTC] 🚫 Trade not allowed for INTC (limit reached)
2025-04-25 18:15:00 - DEBUG - [_process_ticker] [RF] 🚫 Trade not allowed for RF (limit reached)
2025-04-25 18:15:00 - INFO - [_run_strategy_if_applicable] [N/A] ⏰ Strategy 'EMA_Cross_candle' not executed because it's outside the time window: 16:35:00 - 16:50:00
2025-04-25 18:15:00 - INFO - [_run_strategy_if_applicable] [N/A] ⏰ Strategy 'SMA_Cross_candle' not executed because it's outside the time window: 16:35:00 - 16:50:00
2025-04-25 18:15:00 - INFO - [_update_active_orders_and_telegram] [N/A] 📊 Updating SL/TP for active orders
2025-04-25 18:15:01 - INFO - [_wait_until_next_iteration] [N/A] ⏳ Sleeping for 58.89 seconds before the next cycle
2025-04-25 18:16:00 - DEBUG - [_process_strategies] [N/A] ⏱ Skipping SMA_Cross_sma50, not yet time (every 5m)
2025-04-25 18:16:00 - DEBUG - [_process_strategies] [N/A] ⏱ Skipping EMA_Cross_ema50, not yet time (every 5m)
2025-04-25 18:16:00 - DEBUG - [_process_strategies] [N/A] ⏱ Skipping VWAP_diff_signal_1700, not yet time (every 5m)
2025-04-25 18:16:00 - DEBUG - [_process_strategies] [N/A] ⏱ Skipping VWAP_diff_signal_rsi_1700, not yet time (every 5m)
2025-04-25 18:16:00 - DEBUG - [_process_strategies] [N/A] ⏱ Skipping VWAP_diff_signal_1700_volume, not yet time (every 5m)
2025-04-25 18:16:00 - DEBUG - [_process_strategies] [N/A] ⏱ Skipping EMA_Cross_candle, not yet time (every 5m)
2025-04-25 18:16:00 - DEBUG - [_process_strategies] [N/A] ⏱ Skipping SMA_Cross_candle, not yet time (every 5m)
2025-04-25 18:16:00 - INFO - [_update_active_orders_and_telegram] [N/A] 📊 Updating SL/TP for active orders
2025-04-25 18:16:01 - INFO - [_wait_until_next_iteration] [N/A] ⏳ Sleeping for 58.92 seconds before the next cycle
2025-04-25 18:17:00 - DEBUG - [_process_strategies] [N/A] ⏱ Skipping SMA_Cross_sma50, not yet time (every 5m)
2025-04-25 18:17:00 - DEBUG - [_process_strategies] [N/A] ⏱ Skipping EMA_Cross_ema50, not yet time (every 5m)
2025-04-25 18:17:00 - DEBUG - [_process_strategies] [N/A] ⏱ Skipping VWAP_diff_signal_1700, not yet time (every 5m)
2025-04-25 18:17:00 - DEBUG - [_process_strategies] [N/A] ⏱ Skipping VWAP_diff_signal_rsi_1700, not yet time (every 5m)
2025-04-25 18:17:00 - DEBUG - [_process_strategies] [N/A] ⏱ Skipping VWAP_diff_signal_1700_volume, not yet time (every 5m)
2025-04-25 18:17:00 - DEBUG - [_process_strategies] [N/A] ⏱ Skipping EMA_Cross_candle, not yet time (every 5m)
2025-04-25 18:17:00 - DEBUG - [_process_strategies] [N/A] ⏱ Skipping SMA_Cross_candle, not yet time (every 5m)
2025-04-25 18:17:00 - INFO - [_update_active_orders_and_telegram] [N/A] 📊 Updating SL/TP for active orders
2025-04-25 18:17:01 - INFO - [_wait_until_next_iteration] [N/A] ⏳ Sleeping for 58.92 seconds before the next cycle
2025-04-25 18:18:00 - DEBUG - [_process_strategies] [N/A] ⏱ Skipping SMA_Cross_sma50, not yet time (every 5m)
2025-04-25 18:18:00 - DEBUG - [_process_strategies] [N/A] ⏱ Skipping EMA_Cross_ema50, not yet time (every 5m)
2025-04-25 18:18:00 - DEBUG - [_process_strategies] [N/A] ⏱ Skipping VWAP_diff_signal_1700, not yet time (every 5m)
2025-04-25 18:18:00 - DEBUG - [_process_strategies] [N/A] ⏱ Skipping VWAP_diff_signal_rsi_1700, not yet time (every 5m)
2025-04-25 18:18:00 - DEBUG - [_process_strategies] [N/A] ⏱ Skipping VWAP_diff_signal_1700_volume, not yet time (every 5m)
2025-04-25 18:18:00 - DEBUG - [_process_strategies] [N/A] ⏱ Skipping EMA_Cross_candle, not yet time (every 5m)
2025-04-25 18:18:00 - DEBUG - [_process_strategies] [N/A] ⏱ Skipping SMA_Cross_candle, not yet time (every 5m)
2025-04-25 18:18:00 - INFO - [_update_active_orders_and_telegram] [N/A] 📊 Updating SL/TP for active orders
2025-04-25 18:18:01 - INFO - [_wait_until_next_iteration] [N/A] ⏳ Sleeping for 58.95 seconds before the next cycle
2025-04-25 18:19:00 - DEBUG - [_process_strategies] [N/A] ⏱ Skipping SMA_Cross_sma50, not yet time (every 5m)
2025-04-25 18:19:00 - DEBUG - [_process_strategies] [N/A] ⏱ Skipping EMA_Cross_ema50, not yet time (every 5m)
2025-04-25 18:19:00 - DEBUG - [_process_strategies] [N/A] ⏱ Skipping VWAP_diff_signal_1700, not yet time (every 5m)
2025-04-25 18:19:00 - DEBUG - [_process_strategies] [N/A] ⏱ Skipping VWAP_diff_signal_rsi_1700, not yet time (every 5m)
2025-04-25 18:19:00 - DEBUG - [_process_strategies] [N/A] ⏱ Skipping VWAP_diff_signal_1700_volume, not yet time (every 5m)
2025-04-25 18:19:00 - DEBUG - [_process_strategies] [N/A] ⏱ Skipping EMA_Cross_candle, not yet time (every 5m)
2025-04-25 18:19:00 - DEBUG - [_process_strategies] [N/A] ⏱ Skipping SMA_Cross_candle, not yet time (every 5m)
2025-04-25 18:19:00 - INFO - [_update_active_orders_and_telegram] [N/A] 📊 Updating SL/TP for active orders
2025-04-25 18:19:01 - INFO - [_wait_until_next_iteration] [N/A] ⏳ Sleeping for 58.92 seconds before the next cycle
2025-04-25 18:20:00 - INFO - [_run_strategy_if_applicable] [N/A] ⏰ Strategy 'SMA_Cross_sma50' not executed because it's outside the time window: 16:35:00 - 16:50:00
2025-04-25 18:20:00 - INFO - [_run_strategy_if_applicable] [N/A] ⏰ Strategy 'EMA_Cross_ema50' not executed because it's outside the time window: 16:35:00 - 16:50:00
2025-04-25 18:20:00 - INFO - [_run_strategy_if_applicable] [N/A] 🔄 Starting trading loop for strategy: VWAP_diff_signal_1700
2025-04-25 18:20:00 - DEBUG - [_process_ticker] [CZR] 🚫 Trade not allowed for CZR (limit reached)
2025-04-25 18:20:00 - DEBUG - [_process_ticker] [MTCH] 🚫 Trade not allowed for MTCH (limit reached)
2025-04-25 18:20:00 - DEBUG - [_process_ticker] [NCHL] 🚫 Trade not allowed for NCHL (limit reached)
2025-04-25 18:20:00 - DEBUG - [_process_ticker] [HBAN] 🚫 Trade not allowed for HBAN (limit reached)
2025-04-25 18:20:00 - DEBUG - [_process_ticker] [MRNA] 🚫 Trade not allowed for MRNA (limit reached)
2025-04-25 18:20:00 - DEBUG - [_process_ticker] [WBD] 🚫 Trade not allowed for WBD (limit reached)
2025-04-25 18:20:00 - DEBUG - [_process_ticker] [CMCSA] 🚫 Trade not allowed for CMCSA (limit reached)
2025-04-25 18:20:00 - INFO - [_run_strategy_if_applicable] [N/A] 🔄 Starting trading loop for strategy: VWAP_diff_signal_rsi_1700
2025-04-25 18:20:00 - DEBUG - [_process_ticker] [IVZ] 🚫 Trade not allowed for IVZ (limit reached)
2025-04-25 18:20:00 - DEBUG - [_process_ticker] [FCX] 🚫 Trade not allowed for FCX (limit reached)
2025-04-25 18:20:00 - DEBUG - [_process_ticker] [HST] 🚫 Trade not allowed for HST (limit reached)
2025-04-25 18:20:00 - DEBUG - [_process_ticker] [IVZ] 🚫 Trade not allowed for IVZ (limit reached)
2025-04-25 18:20:00 - DEBUG - [_process_ticker] [NEM] 🚫 Trade not allowed for NEM (limit reached)
2025-04-25 18:20:00 - DEBUG - [_process_ticker] [LUV] 🚫 Trade not allowed for LUV (limit reached)
2025-04-25 18:20:00 - INFO - [_run_strategy_if_applicable] [N/A] 🔄 Starting trading loop for strategy: VWAP_diff_signal_1700_volume
2025-04-25 18:20:00 - DEBUG - [_process_ticker] [GEN] 🚫 Trade not allowed for GEN (limit reached)
2025-04-25 18:20:00 - DEBUG - [_process_ticker] [HPQ] 🚫 Trade not allowed for HPQ (limit reached)
2025-04-25 18:20:00 - DEBUG - [_process_ticker] [INTC] 🚫 Trade not allowed for INTC (limit reached)
2025-04-25 18:20:00 - DEBUG - [_process_ticker] [RF] 🚫 Trade not allowed for RF (limit reached)
2025-04-25 18:20:00 - INFO - [_run_strategy_if_applicable] [N/A] ⏰ Strategy 'EMA_Cross_candle' not executed because it's outside the time window: 16:35:00 - 16:50:00
2025-04-25 18:20:00 - INFO - [_run_strategy_if_applicable] [N/A] ⏰ Strategy 'SMA_Cross_candle' not executed because it's outside the time window: 16:35:00 - 16:50:00
2025-04-25 18:20:00 - INFO - [_update_active_orders_and_telegram] [N/A] 📊 Updating SL/TP for active orders
2025-04-25 18:20:01 - INFO - [_wait_until_next_iteration] [N/A] ⏳ Sleeping for 58.91 seconds before the next cycle
2025-04-25 18:21:00 - DEBUG - [_process_strategies] [N/A] ⏱ Skipping SMA_Cross_sma50, not yet time (every 5m)
2025-04-25 18:21:00 - DEBUG - [_process_strategies] [N/A] ⏱ Skipping EMA_Cross_ema50, not yet time (every 5m)
2025-04-25 18:21:00 - DEBUG - [_process_strategies] [N/A] ⏱ Skipping VWAP_diff_signal_1700, not yet time (every 5m)
2025-04-25 18:21:00 - DEBUG - [_process_strategies] [N/A] ⏱ Skipping VWAP_diff_signal_rsi_1700, not yet time (every 5m)
2025-04-25 18:21:00 - DEBUG - [_process_strategies] [N/A] ⏱ Skipping VWAP_diff_signal_1700_volume, not yet time (every 5m)
2025-04-25 18:21:00 - DEBUG - [_process_strategies] [N/A] ⏱ Skipping EMA_Cross_candle, not yet time (every 5m)
2025-04-25 18:21:00 - DEBUG - [_process_strategies] [N/A] ⏱ Skipping SMA_Cross_candle, not yet time (every 5m)
2025-04-25 18:21:00 - INFO - [_update_active_orders_and_telegram] [N/A] 📊 Updating SL/TP for active orders
2025-04-25 18:21:01 - INFO - [_wait_until_next_iteration] [N/A] ⏳ Sleeping for 58.97 seconds before the next cycle
2025-04-25 18:22:00 - DEBUG - [_process_strategies] [N/A] ⏱ Skipping SMA_Cross_sma50, not yet time (every 5m)
2025-04-25 18:22:00 - DEBUG - [_process_strategies] [N/A] ⏱ Skipping EMA_Cross_ema50, not yet time (every 5m)
2025-04-25 18:22:00 - DEBUG - [_process_strategies] [N/A] ⏱ Skipping VWAP_diff_signal_1700, not yet time (every 5m)
2025-04-25 18:22:00 - DEBUG - [_process_strategies] [N/A] ⏱ Skipping VWAP_diff_signal_rsi_1700, not yet time (every 5m)
2025-04-25 18:22:00 - DEBUG - [_process_strategies] [N/A] ⏱ Skipping VWAP_diff_signal_1700_volume, not yet time (every 5m)
2025-04-25 18:22:00 - DEBUG - [_process_strategies] [N/A] ⏱ Skipping EMA_Cross_candle, not yet time (every 5m)
2025-04-25 18:22:00 - DEBUG - [_process_strategies] [N/A] ⏱ Skipping SMA_Cross_candle, not yet time (every 5m)
2025-04-25 18:22:00 - INFO - [_update_active_orders_and_telegram] [N/A] 📊 Updating SL/TP for active orders
2025-04-25 18:22:01 - INFO - [_wait_until_next_iteration] [N/A] ⏳ Sleeping for 58.92 seconds before the next cycle
2025-04-25 18:23:00 - DEBUG - [_process_strategies] [N/A] ⏱ Skipping SMA_Cross_sma50, not yet time (every 5m)
2025-04-25 18:23:00 - DEBUG - [_process_strategies] [N/A] ⏱ Skipping EMA_Cross_ema50, not yet time (every 5m)
2025-04-25 18:23:00 - DEBUG - [_process_strategies] [N/A] ⏱ Skipping VWAP_diff_signal_1700, not yet time (every 5m)
2025-04-25 18:23:00 - DEBUG - [_process_strategies] [N/A] ⏱ Skipping VWAP_diff_signal_rsi_1700, not yet time (every 5m)
2025-04-25 18:23:00 - DEBUG - [_process_strategies] [N/A] ⏱ Skipping VWAP_diff_signal_1700_volume, not yet time (every 5m)
2025-04-25 18:23:00 - DEBUG - [_process_strategies] [N/A] ⏱ Skipping EMA_Cross_candle, not yet time (every 5m)
2025-04-25 18:23:00 - DEBUG - [_process_strategies] [N/A] ⏱ Skipping SMA_Cross_candle, not yet time (every 5m)
2025-04-25 18:23:00 - INFO - [_update_active_orders_and_telegram] [N/A] 📊 Updating SL/TP for active orders
2025-04-25 18:23:01 - INFO - [_wait_until_next_iteration] [N/A] ⏳ Sleeping for 58.92 seconds before the next cycle
2025-04-25 18:24:00 - DEBUG - [_process_strategies] [N/A] ⏱ Skipping SMA_Cross_sma50, not yet time (every 5m)
2025-04-25 18:24:00 - DEBUG - [_process_strategies] [N/A] ⏱ Skipping EMA_Cross_ema50, not yet time (every 5m)
2025-04-25 18:24:00 - DEBUG - [_process_strategies] [N/A] ⏱ Skipping VWAP_diff_signal_1700, not yet time (every 5m)
2025-04-25 18:24:00 - DEBUG - [_process_strategies] [N/A] ⏱ Skipping VWAP_diff_signal_rsi_1700, not yet time (every 5m)
2025-04-25 18:24:00 - DEBUG - [_process_strategies] [N/A] ⏱ Skipping VWAP_diff_signal_1700_volume, not yet time (every 5m)
2025-04-25 18:24:00 - DEBUG - [_process_strategies] [N/A] ⏱ Skipping EMA_Cross_candle, not yet time (every 5m)
2025-04-25 18:24:00 - DEBUG - [_process_strategies] [N/A] ⏱ Skipping SMA_Cross_candle, not yet time (every 5m)
2025-04-25 18:24:00 - INFO - [_update_active_orders_and_telegram] [N/A] 📊 Updating SL/TP for active orders
2025-04-25 18:24:01 - INFO - [_wait_until_next_iteration] [N/A] ⏳ Sleeping for 58.92 seconds before the next cycle
2025-04-25 18:25:00 - INFO - [_run_strategy_if_applicable] [N/A] ⏰ Strategy 'SMA_Cross_sma50' not executed because it's outside the time window: 16:35:00 - 16:50:00
2025-04-25 18:25:00 - INFO - [_run_strategy_if_applicable] [N/A] ⏰ Strategy 'EMA_Cross_ema50' not executed because it's outside the time window: 16:35:00 - 16:50:00
2025-04-25 18:25:00 - INFO - [_run_strategy_if_applicable] [N/A] 🔄 Starting trading loop for strategy: VWAP_diff_signal_1700
2025-04-25 18:25:00 - DEBUG - [_process_ticker] [CZR] 🚫 Trade not allowed for CZR (limit reached)
2025-04-25 18:25:00 - DEBUG - [_process_ticker] [MTCH] 🚫 Trade not allowed for MTCH (limit reached)
2025-04-25 18:25:00 - DEBUG - [_process_ticker] [NCHL] 🚫 Trade not allowed for NCHL (limit reached)
2025-04-25 18:25:00 - DEBUG - [_process_ticker] [HBAN] 🚫 Trade not allowed for HBAN (limit reached)
2025-04-25 18:25:00 - DEBUG - [_process_ticker] [MRNA] 🚫 Trade not allowed for MRNA (limit reached)
2025-04-25 18:25:00 - DEBUG - [_process_ticker] [WBD] 🚫 Trade not allowed for WBD (limit reached)
2025-04-25 18:25:00 - DEBUG - [_process_ticker] [CMCSA] 🚫 Trade not allowed for CMCSA (limit reached)
2025-04-25 18:25:00 - INFO - [_run_strategy_if_applicable] [N/A] 🔄 Starting trading loop for strategy: VWAP_diff_signal_rsi_1700
2025-04-25 18:25:00 - DEBUG - [_process_ticker] [IVZ] 🚫 Trade not allowed for IVZ (limit reached)
2025-04-25 18:25:00 - DEBUG - [_process_ticker] [FCX] 🚫 Trade not allowed for FCX (limit reached)
2025-04-25 18:25:00 - DEBUG - [_process_ticker] [HST] 🚫 Trade not allowed for HST (limit reached)
2025-04-25 18:25:00 - DEBUG - [_process_ticker] [IVZ] 🚫 Trade not allowed for IVZ (limit reached)
2025-04-25 18:25:00 - DEBUG - [_process_ticker] [NEM] 🚫 Trade not allowed for NEM (limit reached)
2025-04-25 18:25:00 - DEBUG - [_process_ticker] [LUV] 🚫 Trade not allowed for LUV (limit reached)
2025-04-25 18:25:00 - INFO - [_run_strategy_if_applicable] [N/A] 🔄 Starting trading loop for strategy: VWAP_diff_signal_1700_volume
2025-04-25 18:25:00 - DEBUG - [_process_ticker] [GEN] 🚫 Trade not allowed for GEN (limit reached)
2025-04-25 18:25:00 - DEBUG - [_process_ticker] [HPQ] 🚫 Trade not allowed for HPQ (limit reached)
2025-04-25 18:25:00 - DEBUG - [_process_ticker] [INTC] 🚫 Trade not allowed for INTC (limit reached)
2025-04-25 18:25:00 - DEBUG - [_process_ticker] [RF] 🚫 Trade not allowed for RF (limit reached)
2025-04-25 18:25:00 - INFO - [_run_strategy_if_applicable] [N/A] ⏰ Strategy 'EMA_Cross_candle' not executed because it's outside the time window: 16:35:00 - 16:50:00
2025-04-25 18:25:00 - INFO - [_run_strategy_if_applicable] [N/A] ⏰ Strategy 'SMA_Cross_candle' not executed because it's outside the time window: 16:35:00 - 16:50:00
2025-04-25 18:25:00 - INFO - [_update_active_orders_and_telegram] [N/A] 📊 Updating SL/TP for active orders
2025-04-25 18:25:01 - INFO - [_wait_until_next_iteration] [N/A] ⏳ Sleeping for 58.89 seconds before the next cycle
2025-04-25 18:26:00 - DEBUG - [_process_strategies] [N/A] ⏱ Skipping SMA_Cross_sma50, not yet time (every 5m)
2025-04-25 18:26:00 - DEBUG - [_process_strategies] [N/A] ⏱ Skipping EMA_Cross_ema50, not yet time (every 5m)
2025-04-25 18:26:00 - DEBUG - [_process_strategies] [N/A] ⏱ Skipping VWAP_diff_signal_1700, not yet time (every 5m)
2025-04-25 18:26:00 - DEBUG - [_process_strategies] [N/A] ⏱ Skipping VWAP_diff_signal_rsi_1700, not yet time (every 5m)
2025-04-25 18:26:00 - DEBUG - [_process_strategies] [N/A] ⏱ Skipping VWAP_diff_signal_1700_volume, not yet time (every 5m)
2025-04-25 18:26:00 - DEBUG - [_process_strategies] [N/A] ⏱ Skipping EMA_Cross_candle, not yet time (every 5m)
2025-04-25 18:26:00 - DEBUG - [_process_strategies] [N/A] ⏱ Skipping SMA_Cross_candle, not yet time (every 5m)
2025-04-25 18:26:00 - INFO - [_update_active_orders_and_telegram] [N/A] 📊 Updating SL/TP for active orders
2025-04-25 18:26:01 - INFO - [_wait_until_next_iteration] [N/A] ⏳ Sleeping for 58.92 seconds before the next cycle
2025-04-25 18:27:00 - DEBUG - [_process_strategies] [N/A] ⏱ Skipping SMA_Cross_sma50, not yet time (every 5m)
2025-04-25 18:27:00 - DEBUG - [_process_strategies] [N/A] ⏱ Skipping EMA_Cross_ema50, not yet time (every 5m)
2025-04-25 18:27:00 - DEBUG - [_process_strategies] [N/A] ⏱ Skipping VWAP_diff_signal_1700, not yet time (every 5m)
2025-04-25 18:27:00 - DEBUG - [_process_strategies] [N/A] ⏱ Skipping VWAP_diff_signal_rsi_1700, not yet time (every 5m)
2025-04-25 18:27:00 - DEBUG - [_process_strategies] [N/A] ⏱ Skipping VWAP_diff_signal_1700_volume, not yet time (every 5m)
2025-04-25 18:27:00 - DEBUG - [_process_strategies] [N/A] ⏱ Skipping EMA_Cross_candle, not yet time (every 5m)
2025-04-25 18:27:00 - DEBUG - [_process_strategies] [N/A] ⏱ Skipping SMA_Cross_candle, not yet time (every 5m)
2025-04-25 18:27:00 - INFO - [_update_active_orders_and_telegram] [N/A] 📊 Updating SL/TP for active orders
2025-04-25 18:27:01 - INFO - [_wait_until_next_iteration] [N/A] ⏳ Sleeping for 58.92 seconds before the next cycle
2025-04-25 18:28:00 - DEBUG - [_process_strategies] [N/A] ⏱ Skipping SMA_Cross_sma50, not yet time (every 5m)
2025-04-25 18:28:00 - DEBUG - [_process_strategies] [N/A] ⏱ Skipping EMA_Cross_ema50, not yet time (every 5m)
2025-04-25 18:28:00 - DEBUG - [_process_strategies] [N/A] ⏱ Skipping VWAP_diff_signal_1700, not yet time (every 5m)
2025-04-25 18:28:00 - DEBUG - [_process_strategies] [N/A] ⏱ Skipping VWAP_diff_signal_rsi_1700, not yet time (every 5m)
2025-04-25 18:28:00 - DEBUG - [_process_strategies] [N/A] ⏱ Skipping VWAP_diff_signal_1700_volume, not yet time (every 5m)
2025-04-25 18:28:00 - DEBUG - [_process_strategies] [N/A] ⏱ Skipping EMA_Cross_candle, not yet time (every 5m)
2025-04-25 18:28:00 - DEBUG - [_process_strategies] [N/A] ⏱ Skipping SMA_Cross_candle, not yet time (every 5m)
2025-04-25 18:28:00 - INFO - [_update_active_orders_and_telegram] [N/A] 📊 Updating SL/TP for active orders
2025-04-25 18:28:01 - INFO - [_wait_until_next_iteration] [N/A] ⏳ Sleeping for 58.92 seconds before the next cycle
2025-04-25 18:29:00 - DEBUG - [_process_strategies] [N/A] ⏱ Skipping SMA_Cross_sma50, not yet time (every 5m)
2025-04-25 18:29:00 - DEBUG - [_process_strategies] [N/A] ⏱ Skipping EMA_Cross_ema50, not yet time (every 5m)
2025-04-25 18:29:00 - DEBUG - [_process_strategies] [N/A] ⏱ Skipping VWAP_diff_signal_1700, not yet time (every 5m)
2025-04-25 18:29:00 - DEBUG - [_process_strategies] [N/A] ⏱ Skipping VWAP_diff_signal_rsi_1700, not yet time (every 5m)
2025-04-25 18:29:00 - DEBUG - [_process_strategies] [N/A] ⏱ Skipping VWAP_diff_signal_1700_volume, not yet time (every 5m)
2025-04-25 18:29:00 - DEBUG - [_process_strategies] [N/A] ⏱ Skipping EMA_Cross_candle, not yet time (every 5m)
2025-04-25 18:29:00 - DEBUG - [_process_strategies] [N/A] ⏱ Skipping SMA_Cross_candle, not yet time (every 5m)
2025-04-25 18:29:00 - INFO - [_update_active_orders_and_telegram] [N/A] 📊 Updating SL/TP for active orders
2025-04-25 18:29:01 - INFO - [_wait_until_next_iteration] [N/A] ⏳ Sleeping for 58.93 seconds before the next cycle
2025-04-25 18:30:00 - INFO - [_run_strategy_if_applicable] [N/A] ⏰ Strategy 'SMA_Cross_sma50' not executed because it's outside the time window: 16:35:00 - 16:50:00
2025-04-25 18:30:00 - INFO - [_run_strategy_if_applicable] [N/A] ⏰ Strategy 'EMA_Cross_ema50' not executed because it's outside the time window: 16:35:00 - 16:50:00
2025-04-25 18:30:00 - INFO - [_run_strategy_if_applicable] [N/A] 🔄 Starting trading loop for strategy: VWAP_diff_signal_1700
2025-04-25 18:30:00 - DEBUG - [_process_ticker] [CZR] 🚫 Trade not allowed for CZR (limit reached)
2025-04-25 18:30:00 - DEBUG - [_process_ticker] [MTCH] 🚫 Trade not allowed for MTCH (limit reached)
2025-04-25 18:30:00 - DEBUG - [_process_ticker] [NCHL] 🚫 Trade not allowed for NCHL (limit reached)
2025-04-25 18:30:00 - DEBUG - [_process_ticker] [HBAN] 🚫 Trade not allowed for HBAN (limit reached)
2025-04-25 18:30:00 - DEBUG - [_process_ticker] [MRNA] 🚫 Trade not allowed for MRNA (limit reached)
2025-04-25 18:30:00 - DEBUG - [_process_ticker] [WBD] 🚫 Trade not allowed for WBD (limit reached)
2025-04-25 18:30:00 - DEBUG - [_process_ticker] [CMCSA] 🚫 Trade not allowed for CMCSA (limit reached)
2025-04-25 18:30:00 - INFO - [_run_strategy_if_applicable] [N/A] 🔄 Starting trading loop for strategy: VWAP_diff_signal_rsi_1700
2025-04-25 18:30:00 - DEBUG - [_process_ticker] [IVZ] 🚫 Trade not allowed for IVZ (limit reached)
2025-04-25 18:30:00 - DEBUG - [_process_ticker] [FCX] 🚫 Trade not allowed for FCX (limit reached)
2025-04-25 18:30:00 - DEBUG - [_process_ticker] [HST] 🚫 Trade not allowed for HST (limit reached)
2025-04-25 18:30:00 - DEBUG - [_process_ticker] [IVZ] 🚫 Trade not allowed for IVZ (limit reached)
2025-04-25 18:30:00 - DEBUG - [_process_ticker] [NEM] 🚫 Trade not allowed for NEM (limit reached)
2025-04-25 18:30:00 - DEBUG - [_process_ticker] [LUV] 🚫 Trade not allowed for LUV (limit reached)
2025-04-25 18:30:00 - INFO - [_run_strategy_if_applicable] [N/A] 🔄 Starting trading loop for strategy: VWAP_diff_signal_1700_volume
2025-04-25 18:30:00 - DEBUG - [_process_ticker] [GEN] 🚫 Trade not allowed for GEN (limit reached)
2025-04-25 18:30:00 - DEBUG - [_process_ticker] [HPQ] 🚫 Trade not allowed for HPQ (limit reached)
2025-04-25 18:30:00 - DEBUG - [_process_ticker] [INTC] 🚫 Trade not allowed for INTC (limit reached)
2025-04-25 18:30:00 - DEBUG - [_process_ticker] [RF] 🚫 Trade not allowed for RF (limit reached)
2025-04-25 18:30:00 - INFO - [_run_strategy_if_applicable] [N/A] ⏰ Strategy 'EMA_Cross_candle' not executed because it's outside the time window: 16:35:00 - 16:50:00
2025-04-25 18:30:00 - INFO - [_run_strategy_if_applicable] [N/A] ⏰ Strategy 'SMA_Cross_candle' not executed because it's outside the time window: 16:35:00 - 16:50:00
2025-04-25 18:30:00 - INFO - [_update_active_orders_and_telegram] [N/A] 📊 Updating SL/TP for active orders
2025-04-25 18:30:01 - INFO - [_wait_until_next_iteration] [N/A] ⏳ Sleeping for 58.90 seconds before the next cycle
2025-04-25 18:31:00 - DEBUG - [_process_strategies] [N/A] ⏱ Skipping SMA_Cross_sma50, not yet time (every 5m)
2025-04-25 18:31:00 - DEBUG - [_process_strategies] [N/A] ⏱ Skipping EMA_Cross_ema50, not yet time (every 5m)
2025-04-25 18:31:00 - DEBUG - [_process_strategies] [N/A] ⏱ Skipping VWAP_diff_signal_1700, not yet time (every 5m)
2025-04-25 18:31:00 - DEBUG - [_process_strategies] [N/A] ⏱ Skipping VWAP_diff_signal_rsi_1700, not yet time (every 5m)
2025-04-25 18:31:00 - DEBUG - [_process_strategies] [N/A] ⏱ Skipping VWAP_diff_signal_1700_volume, not yet time (every 5m)
2025-04-25 18:31:00 - DEBUG - [_process_strategies] [N/A] ⏱ Skipping EMA_Cross_candle, not yet time (every 5m)
2025-04-25 18:31:00 - DEBUG - [_process_strategies] [N/A] ⏱ Skipping SMA_Cross_candle, not yet time (every 5m)
2025-04-25 18:31:00 - INFO - [_update_active_orders_and_telegram] [N/A] 📊 Updating SL/TP for active orders
2025-04-25 18:31:01 - INFO - [_wait_until_next_iteration] [N/A] ⏳ Sleeping for 58.92 seconds before the next cycle
2025-04-25 18:32:00 - DEBUG - [_process_strategies] [N/A] ⏱ Skipping SMA_Cross_sma50, not yet time (every 5m)
2025-04-25 18:32:00 - DEBUG - [_process_strategies] [N/A] ⏱ Skipping EMA_Cross_ema50, not yet time (every 5m)
2025-04-25 18:32:00 - DEBUG - [_process_strategies] [N/A] ⏱ Skipping VWAP_diff_signal_1700, not yet time (every 5m)
2025-04-25 18:32:00 - DEBUG - [_process_strategies] [N/A] ⏱ Skipping VWAP_diff_signal_rsi_1700, not yet time (every 5m)
2025-04-25 18:32:00 - DEBUG - [_process_strategies] [N/A] ⏱ Skipping VWAP_diff_signal_1700_volume, not yet time (every 5m)
2025-04-25 18:32:00 - DEBUG - [_process_strategies] [N/A] ⏱ Skipping EMA_Cross_candle, not yet time (every 5m)
2025-04-25 18:32:00 - DEBUG - [_process_strategies] [N/A] ⏱ Skipping SMA_Cross_candle, not yet time (every 5m)
2025-04-25 18:32:00 - INFO - [_update_active_orders_and_telegram] [N/A] 📊 Updating SL/TP for active orders
2025-04-25 18:32:01 - INFO - [_wait_until_next_iteration] [N/A] ⏳ Sleeping for 58.93 seconds before the next cycle
2025-04-25 18:33:00 - DEBUG - [_process_strategies] [N/A] ⏱ Skipping SMA_Cross_sma50, not yet time (every 5m)
2025-04-25 18:33:00 - DEBUG - [_process_strategies] [N/A] ⏱ Skipping EMA_Cross_ema50, not yet time (every 5m)
2025-04-25 18:33:00 - DEBUG - [_process_strategies] [N/A] ⏱ Skipping VWAP_diff_signal_1700, not yet time (every 5m)
2025-04-25 18:33:00 - DEBUG - [_process_strategies] [N/A] ⏱ Skipping VWAP_diff_signal_rsi_1700, not yet time (every 5m)
2025-04-25 18:33:00 - DEBUG - [_process_strategies] [N/A] ⏱ Skipping VWAP_diff_signal_1700_volume, not yet time (every 5m)
2025-04-25 18:33:00 - DEBUG - [_process_strategies] [N/A] ⏱ Skipping EMA_Cross_candle, not yet time (every 5m)
2025-04-25 18:33:00 - DEBUG - [_process_strategies] [N/A] ⏱ Skipping SMA_Cross_candle, not yet time (every 5m)
2025-04-25 18:33:00 - INFO - [_update_active_orders_and_telegram] [N/A] 📊 Updating SL/TP for active orders
2025-04-25 18:33:01 - INFO - [_wait_until_next_iteration] [N/A] ⏳ Sleeping for 58.92 seconds before the next cycle
2025-04-25 18:34:00 - DEBUG - [_process_strategies] [N/A] ⏱ Skipping SMA_Cross_sma50, not yet time (every 5m)
2025-04-25 18:34:00 - DEBUG - [_process_strategies] [N/A] ⏱ Skipping EMA_Cross_ema50, not yet time (every 5m)
2025-04-25 18:34:00 - DEBUG - [_process_strategies] [N/A] ⏱ Skipping VWAP_diff_signal_1700, not yet time (every 5m)
2025-04-25 18:34:00 - DEBUG - [_process_strategies] [N/A] ⏱ Skipping VWAP_diff_signal_rsi_1700, not yet time (every 5m)
2025-04-25 18:34:00 - DEBUG - [_process_strategies] [N/A] ⏱ Skipping VWAP_diff_signal_1700_volume, not yet time (every 5m)
2025-04-25 18:34:00 - DEBUG - [_process_strategies] [N/A] ⏱ Skipping EMA_Cross_candle, not yet time (every 5m)
2025-04-25 18:34:00 - DEBUG - [_process_strategies] [N/A] ⏱ Skipping SMA_Cross_candle, not yet time (every 5m)
2025-04-25 18:34:00 - INFO - [_update_active_orders_and_telegram] [N/A] 📊 Updating SL/TP for active orders
2025-04-25 18:34:01 - INFO - [_wait_until_next_iteration] [N/A] ⏳ Sleeping for 58.92 seconds before the next cycle
2025-04-25 18:35:00 - INFO - [_run_strategy_if_applicable] [N/A] ⏰ Strategy 'SMA_Cross_sma50' not executed because it's outside the time window: 16:35:00 - 16:50:00
2025-04-25 18:35:00 - INFO - [_run_strategy_if_applicable] [N/A] ⏰ Strategy 'EMA_Cross_ema50' not executed because it's outside the time window: 16:35:00 - 16:50:00
2025-04-25 18:35:00 - INFO - [_run_strategy_if_applicable] [N/A] 🔄 Starting trading loop for strategy: VWAP_diff_signal_1700
2025-04-25 18:35:00 - DEBUG - [_process_ticker] [CZR] 🚫 Trade not allowed for CZR (limit reached)
2025-04-25 18:35:00 - DEBUG - [_process_ticker] [MTCH] 🚫 Trade not allowed for MTCH (limit reached)
2025-04-25 18:35:00 - DEBUG - [_process_ticker] [NCHL] 🚫 Trade not allowed for NCHL (limit reached)
2025-04-25 18:35:00 - DEBUG - [_process_ticker] [HBAN] 🚫 Trade not allowed for HBAN (limit reached)
2025-04-25 18:35:00 - DEBUG - [_process_ticker] [MRNA] 🚫 Trade not allowed for MRNA (limit reached)
2025-04-25 18:35:00 - DEBUG - [_process_ticker] [WBD] 🚫 Trade not allowed for WBD (limit reached)
2025-04-25 18:35:00 - DEBUG - [_process_ticker] [CMCSA] 🚫 Trade not allowed for CMCSA (limit reached)
2025-04-25 18:35:00 - INFO - [_run_strategy_if_applicable] [N/A] 🔄 Starting trading loop for strategy: VWAP_diff_signal_rsi_1700
2025-04-25 18:35:00 - DEBUG - [_process_ticker] [IVZ] 🚫 Trade not allowed for IVZ (limit reached)
2025-04-25 18:35:00 - DEBUG - [_process_ticker] [FCX] 🚫 Trade not allowed for FCX (limit reached)
2025-04-25 18:35:00 - DEBUG - [_process_ticker] [HST] 🚫 Trade not allowed for HST (limit reached)
2025-04-25 18:35:00 - DEBUG - [_process_ticker] [IVZ] 🚫 Trade not allowed for IVZ (limit reached)
2025-04-25 18:35:00 - DEBUG - [_process_ticker] [NEM] 🚫 Trade not allowed for NEM (limit reached)
2025-04-25 18:35:00 - DEBUG - [_process_ticker] [LUV] 🚫 Trade not allowed for LUV (limit reached)
2025-04-25 18:35:00 - INFO - [_run_strategy_if_applicable] [N/A] 🔄 Starting trading loop for strategy: VWAP_diff_signal_1700_volume
2025-04-25 18:35:00 - DEBUG - [_process_ticker] [GEN] 🚫 Trade not allowed for GEN (limit reached)
2025-04-25 18:35:00 - DEBUG - [_process_ticker] [HPQ] 🚫 Trade not allowed for HPQ (limit reached)
2025-04-25 18:35:00 - DEBUG - [_process_ticker] [INTC] 🚫 Trade not allowed for INTC (limit reached)
2025-04-25 18:35:00 - DEBUG - [_process_ticker] [RF] 🚫 Trade not allowed for RF (limit reached)
2025-04-25 18:35:00 - INFO - [_run_strategy_if_applicable] [N/A] ⏰ Strategy 'EMA_Cross_candle' not executed because it's outside the time window: 16:35:00 - 16:50:00
2025-04-25 18:35:00 - INFO - [_run_strategy_if_applicable] [N/A] ⏰ Strategy 'SMA_Cross_candle' not executed because it's outside the time window: 16:35:00 - 16:50:00
2025-04-25 18:35:00 - INFO - [_update_active_orders_and_telegram] [N/A] 📊 Updating SL/TP for active orders
2025-04-25 18:35:01 - INFO - [_wait_until_next_iteration] [N/A] ⏳ Sleeping for 58.91 seconds before the next cycle
2025-04-25 18:36:00 - DEBUG - [_process_strategies] [N/A] ⏱ Skipping SMA_Cross_sma50, not yet time (every 5m)
2025-04-25 18:36:00 - DEBUG - [_process_strategies] [N/A] ⏱ Skipping EMA_Cross_ema50, not yet time (every 5m)
2025-04-25 18:36:00 - DEBUG - [_process_strategies] [N/A] ⏱ Skipping VWAP_diff_signal_1700, not yet time (every 5m)
2025-04-25 18:36:00 - DEBUG - [_process_strategies] [N/A] ⏱ Skipping VWAP_diff_signal_rsi_1700, not yet time (every 5m)
2025-04-25 18:36:00 - DEBUG - [_process_strategies] [N/A] ⏱ Skipping VWAP_diff_signal_1700_volume, not yet time (every 5m)
2025-04-25 18:36:00 - DEBUG - [_process_strategies] [N/A] ⏱ Skipping EMA_Cross_candle, not yet time (every 5m)
2025-04-25 18:36:00 - DEBUG - [_process_strategies] [N/A] ⏱ Skipping SMA_Cross_candle, not yet time (every 5m)
2025-04-25 18:36:00 - INFO - [_update_active_orders_and_telegram] [N/A] 📊 Updating SL/TP for active orders
2025-04-25 18:36:01 - INFO - [_wait_until_next_iteration] [N/A] ⏳ Sleeping for 58.92 seconds before the next cycle
2025-04-25 18:37:00 - DEBUG - [_process_strategies] [N/A] ⏱ Skipping SMA_Cross_sma50, not yet time (every 5m)
2025-04-25 18:37:00 - DEBUG - [_process_strategies] [N/A] ⏱ Skipping EMA_Cross_ema50, not yet time (every 5m)
2025-04-25 18:37:00 - DEBUG - [_process_strategies] [N/A] ⏱ Skipping VWAP_diff_signal_1700, not yet time (every 5m)
2025-04-25 18:37:00 - DEBUG - [_process_strategies] [N/A] ⏱ Skipping VWAP_diff_signal_rsi_1700, not yet time (every 5m)
2025-04-25 18:37:00 - DEBUG - [_process_strategies] [N/A] ⏱ Skipping VWAP_diff_signal_1700_volume, not yet time (every 5m)
2025-04-25 18:37:00 - DEBUG - [_process_strategies] [N/A] ⏱ Skipping EMA_Cross_candle, not yet time (every 5m)
2025-04-25 18:37:00 - DEBUG - [_process_strategies] [N/A] ⏱ Skipping SMA_Cross_candle, not yet time (every 5m)
2025-04-25 18:37:00 - INFO - [_update_active_orders_and_telegram] [N/A] 📊 Updating SL/TP for active orders
2025-04-25 18:37:01 - INFO - [_wait_until_next_iteration] [N/A] ⏳ Sleeping for 58.92 seconds before the next cycle
2025-04-25 18:38:00 - DEBUG - [_process_strategies] [N/A] ⏱ Skipping SMA_Cross_sma50, not yet time (every 5m)
2025-04-25 18:38:00 - DEBUG - [_process_strategies] [N/A] ⏱ Skipping EMA_Cross_ema50, not yet time (every 5m)
2025-04-25 18:38:00 - DEBUG - [_process_strategies] [N/A] ⏱ Skipping VWAP_diff_signal_1700, not yet time (every 5m)
2025-04-25 18:38:00 - DEBUG - [_process_strategies] [N/A] ⏱ Skipping VWAP_diff_signal_rsi_1700, not yet time (every 5m)
2025-04-25 18:38:00 - DEBUG - [_process_strategies] [N/A] ⏱ Skipping VWAP_diff_signal_1700_volume, not yet time (every 5m)
2025-04-25 18:38:00 - DEBUG - [_process_strategies] [N/A] ⏱ Skipping EMA_Cross_candle, not yet time (every 5m)
2025-04-25 18:38:00 - DEBUG - [_process_strategies] [N/A] ⏱ Skipping SMA_Cross_candle, not yet time (every 5m)
2025-04-25 18:38:00 - INFO - [_update_active_orders_and_telegram] [N/A] 📊 Updating SL/TP for active orders
2025-04-25 18:38:01 - INFO - [_wait_until_next_iteration] [N/A] ⏳ Sleeping for 58.93 seconds before the next cycle
2025-04-25 18:39:00 - DEBUG - [_process_strategies] [N/A] ⏱ Skipping SMA_Cross_sma50, not yet time (every 5m)
2025-04-25 18:39:00 - DEBUG - [_process_strategies] [N/A] ⏱ Skipping EMA_Cross_ema50, not yet time (every 5m)
2025-04-25 18:39:00 - DEBUG - [_process_strategies] [N/A] ⏱ Skipping VWAP_diff_signal_1700, not yet time (every 5m)
2025-04-25 18:39:00 - DEBUG - [_process_strategies] [N/A] ⏱ Skipping VWAP_diff_signal_rsi_1700, not yet time (every 5m)
2025-04-25 18:39:00 - DEBUG - [_process_strategies] [N/A] ⏱ Skipping VWAP_diff_signal_1700_volume, not yet time (every 5m)
2025-04-25 18:39:00 - DEBUG - [_process_strategies] [N/A] ⏱ Skipping EMA_Cross_candle, not yet time (every 5m)
2025-04-25 18:39:00 - DEBUG - [_process_strategies] [N/A] ⏱ Skipping SMA_Cross_candle, not yet time (every 5m)
2025-04-25 18:39:00 - INFO - [_update_active_orders_and_telegram] [N/A] 📊 Updating SL/TP for active orders
2025-04-25 18:39:01 - INFO - [_wait_until_next_iteration] [N/A] ⏳ Sleeping for 58.93 seconds before the next cycle
2025-04-25 18:40:00 - INFO - [_run_strategy_if_applicable] [N/A] ⏰ Strategy 'SMA_Cross_sma50' not executed because it's outside the time window: 16:35:00 - 16:50:00
2025-04-25 18:40:00 - INFO - [_run_strategy_if_applicable] [N/A] ⏰ Strategy 'EMA_Cross_ema50' not executed because it's outside the time window: 16:35:00 - 16:50:00
2025-04-25 18:40:00 - INFO - [_run_strategy_if_applicable] [N/A] 🔄 Starting trading loop for strategy: VWAP_diff_signal_1700
2025-04-25 18:40:00 - DEBUG - [_process_ticker] [CZR] 🚫 Trade not allowed for CZR (limit reached)
2025-04-25 18:40:00 - DEBUG - [_process_ticker] [MTCH] 🚫 Trade not allowed for MTCH (limit reached)
2025-04-25 18:40:00 - DEBUG - [_process_ticker] [NCHL] 🚫 Trade not allowed for NCHL (limit reached)
2025-04-25 18:40:00 - DEBUG - [_process_ticker] [HBAN] 🚫 Trade not allowed for HBAN (limit reached)
2025-04-25 18:40:00 - DEBUG - [_process_ticker] [MRNA] 🚫 Trade not allowed for MRNA (limit reached)
2025-04-25 18:40:00 - DEBUG - [_process_ticker] [WBD] 🚫 Trade not allowed for WBD (limit reached)
2025-04-25 18:40:00 - DEBUG - [_process_ticker] [CMCSA] 🚫 Trade not allowed for CMCSA (limit reached)
2025-04-25 18:40:00 - INFO - [_run_strategy_if_applicable] [N/A] 🔄 Starting trading loop for strategy: VWAP_diff_signal_rsi_1700
2025-04-25 18:40:00 - DEBUG - [_process_ticker] [IVZ] 🚫 Trade not allowed for IVZ (limit reached)
2025-04-25 18:40:00 - DEBUG - [_process_ticker] [FCX] 🚫 Trade not allowed for FCX (limit reached)
2025-04-25 18:40:00 - DEBUG - [_process_ticker] [HST] 🚫 Trade not allowed for HST (limit reached)
2025-04-25 18:40:00 - DEBUG - [_process_ticker] [IVZ] 🚫 Trade not allowed for IVZ (limit reached)
2025-04-25 18:40:00 - DEBUG - [_process_ticker] [NEM] 🚫 Trade not allowed for NEM (limit reached)
2025-04-25 18:40:00 - DEBUG - [_process_ticker] [LUV] 🚫 Trade not allowed for LUV (limit reached)
2025-04-25 18:40:00 - INFO - [_run_strategy_if_applicable] [N/A] 🔄 Starting trading loop for strategy: VWAP_diff_signal_1700_volume
2025-04-25 18:40:00 - DEBUG - [_process_ticker] [GEN] 🚫 Trade not allowed for GEN (limit reached)
2025-04-25 18:40:00 - DEBUG - [_process_ticker] [HPQ] 🚫 Trade not allowed for HPQ (limit reached)
2025-04-25 18:40:00 - DEBUG - [_process_ticker] [INTC] 🚫 Trade not allowed for INTC (limit reached)
2025-04-25 18:40:00 - DEBUG - [_process_ticker] [RF] 🚫 Trade not allowed for RF (limit reached)
2025-04-25 18:40:00 - INFO - [_run_strategy_if_applicable] [N/A] ⏰ Strategy 'EMA_Cross_candle' not executed because it's outside the time window: 16:35:00 - 16:50:00
2025-04-25 18:40:00 - INFO - [_run_strategy_if_applicable] [N/A] ⏰ Strategy 'SMA_Cross_candle' not executed because it's outside the time window: 16:35:00 - 16:50:00
2025-04-25 18:40:00 - INFO - [_update_active_orders_and_telegram] [N/A] 📊 Updating SL/TP for active orders
2025-04-25 18:40:01 - INFO - [_wait_until_next_iteration] [N/A] ⏳ Sleeping for 58.90 seconds before the next cycle
2025-04-25 18:41:00 - DEBUG - [_process_strategies] [N/A] ⏱ Skipping SMA_Cross_sma50, not yet time (every 5m)
2025-04-25 18:41:00 - DEBUG - [_process_strategies] [N/A] ⏱ Skipping EMA_Cross_ema50, not yet time (every 5m)
2025-04-25 18:41:00 - DEBUG - [_process_strategies] [N/A] ⏱ Skipping VWAP_diff_signal_1700, not yet time (every 5m)
2025-04-25 18:41:00 - DEBUG - [_process_strategies] [N/A] ⏱ Skipping VWAP_diff_signal_rsi_1700, not yet time (every 5m)
2025-04-25 18:41:00 - DEBUG - [_process_strategies] [N/A] ⏱ Skipping VWAP_diff_signal_1700_volume, not yet time (every 5m)
2025-04-25 18:41:00 - DEBUG - [_process_strategies] [N/A] ⏱ Skipping EMA_Cross_candle, not yet time (every 5m)
2025-04-25 18:41:00 - DEBUG - [_process_strategies] [N/A] ⏱ Skipping SMA_Cross_candle, not yet time (every 5m)
2025-04-25 18:41:00 - INFO - [_update_active_orders_and_telegram] [N/A] 📊 Updating SL/TP for active orders
2025-04-25 18:41:01 - INFO - [_wait_until_next_iteration] [N/A] ⏳ Sleeping for 58.92 seconds before the next cycle
2025-04-25 18:42:00 - DEBUG - [_process_strategies] [N/A] ⏱ Skipping SMA_Cross_sma50, not yet time (every 5m)
2025-04-25 18:42:00 - DEBUG - [_process_strategies] [N/A] ⏱ Skipping EMA_Cross_ema50, not yet time (every 5m)
2025-04-25 18:42:00 - DEBUG - [_process_strategies] [N/A] ⏱ Skipping VWAP_diff_signal_1700, not yet time (every 5m)
2025-04-25 18:42:00 - DEBUG - [_process_strategies] [N/A] ⏱ Skipping VWAP_diff_signal_rsi_1700, not yet time (every 5m)
2025-04-25 18:42:00 - DEBUG - [_process_strategies] [N/A] ⏱ Skipping VWAP_diff_signal_1700_volume, not yet time (every 5m)
2025-04-25 18:42:00 - DEBUG - [_process_strategies] [N/A] ⏱ Skipping EMA_Cross_candle, not yet time (every 5m)
2025-04-25 18:42:00 - DEBUG - [_process_strategies] [N/A] ⏱ Skipping SMA_Cross_candle, not yet time (every 5m)
2025-04-25 18:42:00 - INFO - [_update_active_orders_and_telegram] [N/A] 📊 Updating SL/TP for active orders
2025-04-25 18:42:01 - INFO - [_wait_until_next_iteration] [N/A] ⏳ Sleeping for 58.93 seconds before the next cycle
2025-04-25 18:43:00 - DEBUG - [_process_strategies] [N/A] ⏱ Skipping SMA_Cross_sma50, not yet time (every 5m)
2025-04-25 18:43:00 - DEBUG - [_process_strategies] [N/A] ⏱ Skipping EMA_Cross_ema50, not yet time (every 5m)
2025-04-25 18:43:00 - DEBUG - [_process_strategies] [N/A] ⏱ Skipping VWAP_diff_signal_1700, not yet time (every 5m)
2025-04-25 18:43:00 - DEBUG - [_process_strategies] [N/A] ⏱ Skipping VWAP_diff_signal_rsi_1700, not yet time (every 5m)
2025-04-25 18:43:00 - DEBUG - [_process_strategies] [N/A] ⏱ Skipping VWAP_diff_signal_1700_volume, not yet time (every 5m)
2025-04-25 18:43:00 - DEBUG - [_process_strategies] [N/A] ⏱ Skipping EMA_Cross_candle, not yet time (every 5m)
2025-04-25 18:43:00 - DEBUG - [_process_strategies] [N/A] ⏱ Skipping SMA_Cross_candle, not yet time (every 5m)
2025-04-25 18:43:00 - INFO - [_update_active_orders_and_telegram] [N/A] 📊 Updating SL/TP for active orders
2025-04-25 18:43:01 - INFO - [_wait_until_next_iteration] [N/A] ⏳ Sleeping for 58.92 seconds before the next cycle
2025-04-25 18:44:00 - DEBUG - [_process_strategies] [N/A] ⏱ Skipping SMA_Cross_sma50, not yet time (every 5m)
2025-04-25 18:44:00 - DEBUG - [_process_strategies] [N/A] ⏱ Skipping EMA_Cross_ema50, not yet time (every 5m)
2025-04-25 18:44:00 - DEBUG - [_process_strategies] [N/A] ⏱ Skipping VWAP_diff_signal_1700, not yet time (every 5m)
2025-04-25 18:44:00 - DEBUG - [_process_strategies] [N/A] ⏱ Skipping VWAP_diff_signal_rsi_1700, not yet time (every 5m)
2025-04-25 18:44:00 - DEBUG - [_process_strategies] [N/A] ⏱ Skipping VWAP_diff_signal_1700_volume, not yet time (every 5m)
2025-04-25 18:44:00 - DEBUG - [_process_strategies] [N/A] ⏱ Skipping EMA_Cross_candle, not yet time (every 5m)
2025-04-25 18:44:00 - DEBUG - [_process_strategies] [N/A] ⏱ Skipping SMA_Cross_candle, not yet time (every 5m)
2025-04-25 18:44:00 - INFO - [_update_active_orders_and_telegram] [N/A] 📊 Updating SL/TP for active orders
2025-04-25 18:44:01 - INFO - [_wait_until_next_iteration] [N/A] ⏳ Sleeping for 58.92 seconds before the next cycle
2025-04-25 18:45:00 - INFO - [_run_strategy_if_applicable] [N/A] ⏰ Strategy 'SMA_Cross_sma50' not executed because it's outside the time window: 16:35:00 - 16:50:00
2025-04-25 18:45:00 - INFO - [_run_strategy_if_applicable] [N/A] ⏰ Strategy 'EMA_Cross_ema50' not executed because it's outside the time window: 16:35:00 - 16:50:00
2025-04-25 18:45:00 - INFO - [_run_strategy_if_applicable] [N/A] 🔄 Starting trading loop for strategy: VWAP_diff_signal_1700
2025-04-25 18:45:00 - DEBUG - [_process_ticker] [CZR] 🚫 Trade not allowed for CZR (limit reached)
2025-04-25 18:45:00 - DEBUG - [_process_ticker] [MTCH] 🚫 Trade not allowed for MTCH (limit reached)
2025-04-25 18:45:00 - DEBUG - [_process_ticker] [NCHL] 🚫 Trade not allowed for NCHL (limit reached)
2025-04-25 18:45:00 - DEBUG - [_process_ticker] [HBAN] 🚫 Trade not allowed for HBAN (limit reached)
2025-04-25 18:45:00 - DEBUG - [_process_ticker] [MRNA] 🚫 Trade not allowed for MRNA (limit reached)
2025-04-25 18:45:00 - DEBUG - [_process_ticker] [WBD] 🚫 Trade not allowed for WBD (limit reached)
2025-04-25 18:45:00 - DEBUG - [_process_ticker] [CMCSA] 🚫 Trade not allowed for CMCSA (limit reached)
2025-04-25 18:45:00 - INFO - [_run_strategy_if_applicable] [N/A] 🔄 Starting trading loop for strategy: VWAP_diff_signal_rsi_1700
2025-04-25 18:45:00 - DEBUG - [_process_ticker] [IVZ] 🚫 Trade not allowed for IVZ (limit reached)
2025-04-25 18:45:00 - DEBUG - [_process_ticker] [FCX] 🚫 Trade not allowed for FCX (limit reached)
2025-04-25 18:45:00 - DEBUG - [_process_ticker] [HST] 🚫 Trade not allowed for HST (limit reached)
2025-04-25 18:45:00 - DEBUG - [_process_ticker] [IVZ] 🚫 Trade not allowed for IVZ (limit reached)
2025-04-25 18:45:00 - DEBUG - [_process_ticker] [NEM] 🚫 Trade not allowed for NEM (limit reached)
2025-04-25 18:45:00 - DEBUG - [_process_ticker] [LUV] 🚫 Trade not allowed for LUV (limit reached)
2025-04-25 18:45:00 - INFO - [_run_strategy_if_applicable] [N/A] 🔄 Starting trading loop for strategy: VWAP_diff_signal_1700_volume
2025-04-25 18:45:00 - DEBUG - [_process_ticker] [GEN] 🚫 Trade not allowed for GEN (limit reached)
2025-04-25 18:45:00 - DEBUG - [_process_ticker] [HPQ] 🚫 Trade not allowed for HPQ (limit reached)
2025-04-25 18:45:00 - DEBUG - [_process_ticker] [INTC] 🚫 Trade not allowed for INTC (limit reached)
2025-04-25 18:45:00 - DEBUG - [_process_ticker] [RF] 🚫 Trade not allowed for RF (limit reached)
2025-04-25 18:45:00 - INFO - [_run_strategy_if_applicable] [N/A] ⏰ Strategy 'EMA_Cross_candle' not executed because it's outside the time window: 16:35:00 - 16:50:00
2025-04-25 18:45:00 - INFO - [_run_strategy_if_applicable] [N/A] ⏰ Strategy 'SMA_Cross_candle' not executed because it's outside the time window: 16:35:00 - 16:50:00
2025-04-25 18:45:00 - INFO - [_update_active_orders_and_telegram] [N/A] 📊 Updating SL/TP for active orders
2025-04-25 18:45:01 - INFO - [_wait_until_next_iteration] [N/A] ⏳ Sleeping for 58.92 seconds before the next cycle
2025-04-25 18:46:00 - DEBUG - [_process_strategies] [N/A] ⏱ Skipping SMA_Cross_sma50, not yet time (every 5m)
2025-04-25 18:46:00 - DEBUG - [_process_strategies] [N/A] ⏱ Skipping EMA_Cross_ema50, not yet time (every 5m)
2025-04-25 18:46:00 - DEBUG - [_process_strategies] [N/A] ⏱ Skipping VWAP_diff_signal_1700, not yet time (every 5m)
2025-04-25 18:46:00 - DEBUG - [_process_strategies] [N/A] ⏱ Skipping VWAP_diff_signal_rsi_1700, not yet time (every 5m)
2025-04-25 18:46:00 - DEBUG - [_process_strategies] [N/A] ⏱ Skipping VWAP_diff_signal_1700_volume, not yet time (every 5m)
2025-04-25 18:46:00 - DEBUG - [_process_strategies] [N/A] ⏱ Skipping EMA_Cross_candle, not yet time (every 5m)
2025-04-25 18:46:00 - DEBUG - [_process_strategies] [N/A] ⏱ Skipping SMA_Cross_candle, not yet time (every 5m)
2025-04-25 18:46:00 - INFO - [_update_active_orders_and_telegram] [N/A] 📊 Updating SL/TP for active orders
2025-04-25 18:46:01 - INFO - [_wait_until_next_iteration] [N/A] ⏳ Sleeping for 58.93 seconds before the next cycle
2025-04-25 18:47:00 - DEBUG - [_process_strategies] [N/A] ⏱ Skipping SMA_Cross_sma50, not yet time (every 5m)
2025-04-25 18:47:00 - DEBUG - [_process_strategies] [N/A] ⏱ Skipping EMA_Cross_ema50, not yet time (every 5m)
2025-04-25 18:47:00 - DEBUG - [_process_strategies] [N/A] ⏱ Skipping VWAP_diff_signal_1700, not yet time (every 5m)
2025-04-25 18:47:00 - DEBUG - [_process_strategies] [N/A] ⏱ Skipping VWAP_diff_signal_rsi_1700, not yet time (every 5m)
2025-04-25 18:47:00 - DEBUG - [_process_strategies] [N/A] ⏱ Skipping VWAP_diff_signal_1700_volume, not yet time (every 5m)
2025-04-25 18:47:00 - DEBUG - [_process_strategies] [N/A] ⏱ Skipping EMA_Cross_candle, not yet time (every 5m)
2025-04-25 18:47:00 - DEBUG - [_process_strategies] [N/A] ⏱ Skipping SMA_Cross_candle, not yet time (every 5m)
2025-04-25 18:47:00 - INFO - [_update_active_orders_and_telegram] [N/A] 📊 Updating SL/TP for active orders
2025-04-25 18:47:01 - INFO - [_wait_until_next_iteration] [N/A] ⏳ Sleeping for 58.94 seconds before the next cycle
2025-04-25 18:48:00 - DEBUG - [_process_strategies] [N/A] ⏱ Skipping SMA_Cross_sma50, not yet time (every 5m)
2025-04-25 18:48:00 - DEBUG - [_process_strategies] [N/A] ⏱ Skipping EMA_Cross_ema50, not yet time (every 5m)
2025-04-25 18:48:00 - DEBUG - [_process_strategies] [N/A] ⏱ Skipping VWAP_diff_signal_1700, not yet time (every 5m)
2025-04-25 18:48:00 - DEBUG - [_process_strategies] [N/A] ⏱ Skipping VWAP_diff_signal_rsi_1700, not yet time (every 5m)
2025-04-25 18:48:00 - DEBUG - [_process_strategies] [N/A] ⏱ Skipping VWAP_diff_signal_1700_volume, not yet time (every 5m)
2025-04-25 18:48:00 - DEBUG - [_process_strategies] [N/A] ⏱ Skipping EMA_Cross_candle, not yet time (every 5m)
2025-04-25 18:48:00 - DEBUG - [_process_strategies] [N/A] ⏱ Skipping SMA_Cross_candle, not yet time (every 5m)
2025-04-25 18:48:00 - INFO - [_update_active_orders_and_telegram] [N/A] 📊 Updating SL/TP for active orders
2025-04-25 18:48:01 - INFO - [_wait_until_next_iteration] [N/A] ⏳ Sleeping for 58.93 seconds before the next cycle
2025-04-25 18:49:00 - DEBUG - [_process_strategies] [N/A] ⏱ Skipping SMA_Cross_sma50, not yet time (every 5m)
2025-04-25 18:49:00 - DEBUG - [_process_strategies] [N/A] ⏱ Skipping EMA_Cross_ema50, not yet time (every 5m)
2025-04-25 18:49:00 - DEBUG - [_process_strategies] [N/A] ⏱ Skipping VWAP_diff_signal_1700, not yet time (every 5m)
2025-04-25 18:49:00 - DEBUG - [_process_strategies] [N/A] ⏱ Skipping VWAP_diff_signal_rsi_1700, not yet time (every 5m)
2025-04-25 18:49:00 - DEBUG - [_process_strategies] [N/A] ⏱ Skipping VWAP_diff_signal_1700_volume, not yet time (every 5m)
2025-04-25 18:49:00 - DEBUG - [_process_strategies] [N/A] ⏱ Skipping EMA_Cross_candle, not yet time (every 5m)
2025-04-25 18:49:00 - DEBUG - [_process_strategies] [N/A] ⏱ Skipping SMA_Cross_candle, not yet time (every 5m)
2025-04-25 18:49:00 - INFO - [_update_active_orders_and_telegram] [N/A] 📊 Updating SL/TP for active orders
2025-04-25 18:49:01 - INFO - [_wait_until_next_iteration] [N/A] ⏳ Sleeping for 58.92 seconds before the next cycle
2025-04-25 18:50:00 - INFO - [_run_strategy_if_applicable] [N/A] ⏰ Strategy 'SMA_Cross_sma50' not executed because it's outside the time window: 16:35:00 - 16:50:00
2025-04-25 18:50:00 - INFO - [_run_strategy_if_applicable] [N/A] ⏰ Strategy 'EMA_Cross_ema50' not executed because it's outside the time window: 16:35:00 - 16:50:00
2025-04-25 18:50:00 - INFO - [_run_strategy_if_applicable] [N/A] 🔄 Starting trading loop for strategy: VWAP_diff_signal_1700
2025-04-25 18:50:00 - DEBUG - [_process_ticker] [CZR] 🚫 Trade not allowed for CZR (limit reached)
2025-04-25 18:50:00 - DEBUG - [_process_ticker] [MTCH] 🚫 Trade not allowed for MTCH (limit reached)
2025-04-25 18:50:00 - DEBUG - [_process_ticker] [NCHL] 🚫 Trade not allowed for NCHL (limit reached)
2025-04-25 18:50:00 - DEBUG - [_process_ticker] [HBAN] 🚫 Trade not allowed for HBAN (limit reached)
2025-04-25 18:50:00 - DEBUG - [_process_ticker] [MRNA] 🚫 Trade not allowed for MRNA (limit reached)
2025-04-25 18:50:00 - DEBUG - [_process_ticker] [WBD] 🚫 Trade not allowed for WBD (limit reached)
2025-04-25 18:50:00 - DEBUG - [_process_ticker] [CMCSA] 🚫 Trade not allowed for CMCSA (limit reached)
2025-04-25 18:50:00 - INFO - [_run_strategy_if_applicable] [N/A] 🔄 Starting trading loop for strategy: VWAP_diff_signal_rsi_1700
2025-04-25 18:50:00 - DEBUG - [_process_ticker] [IVZ] 🚫 Trade not allowed for IVZ (limit reached)
2025-04-25 18:50:00 - DEBUG - [_process_ticker] [FCX] 🚫 Trade not allowed for FCX (limit reached)
2025-04-25 18:50:00 - DEBUG - [_process_ticker] [HST] 🚫 Trade not allowed for HST (limit reached)
2025-04-25 18:50:00 - DEBUG - [_process_ticker] [IVZ] 🚫 Trade not allowed for IVZ (limit reached)
2025-04-25 18:50:00 - DEBUG - [_process_ticker] [NEM] 🚫 Trade not allowed for NEM (limit reached)
2025-04-25 18:50:00 - DEBUG - [_process_ticker] [LUV] 🚫 Trade not allowed for LUV (limit reached)
2025-04-25 18:50:00 - INFO - [_run_strategy_if_applicable] [N/A] 🔄 Starting trading loop for strategy: VWAP_diff_signal_1700_volume
2025-04-25 18:50:00 - DEBUG - [_process_ticker] [GEN] 🚫 Trade not allowed for GEN (limit reached)
2025-04-25 18:50:00 - DEBUG - [_process_ticker] [HPQ] 🚫 Trade not allowed for HPQ (limit reached)
2025-04-25 18:50:00 - DEBUG - [_process_ticker] [INTC] 🚫 Trade not allowed for INTC (limit reached)
2025-04-25 18:50:00 - DEBUG - [_process_ticker] [RF] 🚫 Trade not allowed for RF (limit reached)
2025-04-25 18:50:00 - INFO - [_run_strategy_if_applicable] [N/A] ⏰ Strategy 'EMA_Cross_candle' not executed because it's outside the time window: 16:35:00 - 16:50:00
2025-04-25 18:50:00 - INFO - [_run_strategy_if_applicable] [N/A] ⏰ Strategy 'SMA_Cross_candle' not executed because it's outside the time window: 16:35:00 - 16:50:00
2025-04-25 18:50:00 - INFO - [_update_active_orders_and_telegram] [N/A] 📊 Updating SL/TP for active orders
2025-04-25 18:50:01 - INFO - [_wait_until_next_iteration] [N/A] ⏳ Sleeping for 58.91 seconds before the next cycle
2025-04-25 18:51:00 - DEBUG - [_process_strategies] [N/A] ⏱ Skipping SMA_Cross_sma50, not yet time (every 5m)
2025-04-25 18:51:00 - DEBUG - [_process_strategies] [N/A] ⏱ Skipping EMA_Cross_ema50, not yet time (every 5m)
2025-04-25 18:51:00 - DEBUG - [_process_strategies] [N/A] ⏱ Skipping VWAP_diff_signal_1700, not yet time (every 5m)
2025-04-25 18:51:00 - DEBUG - [_process_strategies] [N/A] ⏱ Skipping VWAP_diff_signal_rsi_1700, not yet time (every 5m)
2025-04-25 18:51:00 - DEBUG - [_process_strategies] [N/A] ⏱ Skipping VWAP_diff_signal_1700_volume, not yet time (every 5m)
2025-04-25 18:51:00 - DEBUG - [_process_strategies] [N/A] ⏱ Skipping EMA_Cross_candle, not yet time (every 5m)
2025-04-25 18:51:00 - DEBUG - [_process_strategies] [N/A] ⏱ Skipping SMA_Cross_candle, not yet time (every 5m)
2025-04-25 18:51:00 - INFO - [_update_active_orders_and_telegram] [N/A] 📊 Updating SL/TP for active orders
2025-04-25 18:51:01 - INFO - [_wait_until_next_iteration] [N/A] ⏳ Sleeping for 58.92 seconds before the next cycle
2025-04-25 18:52:00 - DEBUG - [_process_strategies] [N/A] ⏱ Skipping SMA_Cross_sma50, not yet time (every 5m)
2025-04-25 18:52:00 - DEBUG - [_process_strategies] [N/A] ⏱ Skipping EMA_Cross_ema50, not yet time (every 5m)
2025-04-25 18:52:00 - DEBUG - [_process_strategies] [N/A] ⏱ Skipping VWAP_diff_signal_1700, not yet time (every 5m)
2025-04-25 18:52:00 - DEBUG - [_process_strategies] [N/A] ⏱ Skipping VWAP_diff_signal_rsi_1700, not yet time (every 5m)
2025-04-25 18:52:00 - DEBUG - [_process_strategies] [N/A] ⏱ Skipping VWAP_diff_signal_1700_volume, not yet time (every 5m)
2025-04-25 18:52:00 - DEBUG - [_process_strategies] [N/A] ⏱ Skipping EMA_Cross_candle, not yet time (every 5m)
2025-04-25 18:52:00 - DEBUG - [_process_strategies] [N/A] ⏱ Skipping SMA_Cross_candle, not yet time (every 5m)
2025-04-25 18:52:00 - INFO - [_update_active_orders_and_telegram] [N/A] 📊 Updating SL/TP for active orders
2025-04-25 18:52:01 - INFO - [_wait_until_next_iteration] [N/A] ⏳ Sleeping for 58.93 seconds before the next cycle
2025-04-25 18:53:00 - DEBUG - [_process_strategies] [N/A] ⏱ Skipping SMA_Cross_sma50, not yet time (every 5m)
2025-04-25 18:53:00 - DEBUG - [_process_strategies] [N/A] ⏱ Skipping EMA_Cross_ema50, not yet time (every 5m)
2025-04-25 18:53:00 - DEBUG - [_process_strategies] [N/A] ⏱ Skipping VWAP_diff_signal_1700, not yet time (every 5m)
2025-04-25 18:53:00 - DEBUG - [_process_strategies] [N/A] ⏱ Skipping VWAP_diff_signal_rsi_1700, not yet time (every 5m)
2025-04-25 18:53:00 - DEBUG - [_process_strategies] [N/A] ⏱ Skipping VWAP_diff_signal_1700_volume, not yet time (every 5m)
2025-04-25 18:53:00 - DEBUG - [_process_strategies] [N/A] ⏱ Skipping EMA_Cross_candle, not yet time (every 5m)
2025-04-25 18:53:00 - DEBUG - [_process_strategies] [N/A] ⏱ Skipping SMA_Cross_candle, not yet time (every 5m)
2025-04-25 18:53:00 - INFO - [_update_active_orders_and_telegram] [N/A] 📊 Updating SL/TP for active orders
2025-04-25 18:53:01 - INFO - [_wait_until_next_iteration] [N/A] ⏳ Sleeping for 58.93 seconds before the next cycle
2025-04-25 18:54:00 - DEBUG - [_process_strategies] [N/A] ⏱ Skipping SMA_Cross_sma50, not yet time (every 5m)
2025-04-25 18:54:00 - DEBUG - [_process_strategies] [N/A] ⏱ Skipping EMA_Cross_ema50, not yet time (every 5m)
2025-04-25 18:54:00 - DEBUG - [_process_strategies] [N/A] ⏱ Skipping VWAP_diff_signal_1700, not yet time (every 5m)
2025-04-25 18:54:00 - DEBUG - [_process_strategies] [N/A] ⏱ Skipping VWAP_diff_signal_rsi_1700, not yet time (every 5m)
2025-04-25 18:54:00 - DEBUG - [_process_strategies] [N/A] ⏱ Skipping VWAP_diff_signal_1700_volume, not yet time (every 5m)
2025-04-25 18:54:00 - DEBUG - [_process_strategies] [N/A] ⏱ Skipping EMA_Cross_candle, not yet time (every 5m)
2025-04-25 18:54:00 - DEBUG - [_process_strategies] [N/A] ⏱ Skipping SMA_Cross_candle, not yet time (every 5m)
2025-04-25 18:54:00 - INFO - [_update_active_orders_and_telegram] [N/A] 📊 Updating SL/TP for active orders
2025-04-25 18:54:01 - INFO - [_wait_until_next_iteration] [N/A] ⏳ Sleeping for 58.92 seconds before the next cycle
2025-04-25 18:55:00 - INFO - [_run_strategy_if_applicable] [N/A] ⏰ Strategy 'SMA_Cross_sma50' not executed because it's outside the time window: 16:35:00 - 16:50:00
2025-04-25 18:55:00 - INFO - [_run_strategy_if_applicable] [N/A] ⏰ Strategy 'EMA_Cross_ema50' not executed because it's outside the time window: 16:35:00 - 16:50:00
2025-04-25 18:55:00 - INFO - [_run_strategy_if_applicable] [N/A] 🔄 Starting trading loop for strategy: VWAP_diff_signal_1700
2025-04-25 18:55:00 - DEBUG - [_process_ticker] [CZR] 🚫 Trade not allowed for CZR (limit reached)
2025-04-25 18:55:00 - DEBUG - [_process_ticker] [MTCH] 🚫 Trade not allowed for MTCH (limit reached)
2025-04-25 18:55:00 - DEBUG - [_process_ticker] [NCHL] 🚫 Trade not allowed for NCHL (limit reached)
2025-04-25 18:55:00 - DEBUG - [_process_ticker] [HBAN] 🚫 Trade not allowed for HBAN (limit reached)
2025-04-25 18:55:00 - DEBUG - [_process_ticker] [MRNA] 🚫 Trade not allowed for MRNA (limit reached)
2025-04-25 18:55:00 - DEBUG - [_process_ticker] [WBD] 🚫 Trade not allowed for WBD (limit reached)
2025-04-25 18:55:00 - DEBUG - [_process_ticker] [CMCSA] 🚫 Trade not allowed for CMCSA (limit reached)
2025-04-25 18:55:00 - INFO - [_run_strategy_if_applicable] [N/A] 🔄 Starting trading loop for strategy: VWAP_diff_signal_rsi_1700
2025-04-25 18:55:00 - DEBUG - [_process_ticker] [IVZ] 🚫 Trade not allowed for IVZ (limit reached)
2025-04-25 18:55:00 - DEBUG - [_process_ticker] [FCX] 🚫 Trade not allowed for FCX (limit reached)
2025-04-25 18:55:00 - DEBUG - [_process_ticker] [HST] 🚫 Trade not allowed for HST (limit reached)
2025-04-25 18:55:00 - DEBUG - [_process_ticker] [IVZ] 🚫 Trade not allowed for IVZ (limit reached)
2025-04-25 18:55:00 - DEBUG - [_process_ticker] [NEM] 🚫 Trade not allowed for NEM (limit reached)
2025-04-25 18:55:00 - DEBUG - [_process_ticker] [LUV] 🚫 Trade not allowed for LUV (limit reached)
2025-04-25 18:55:00 - INFO - [_run_strategy_if_applicable] [N/A] 🔄 Starting trading loop for strategy: VWAP_diff_signal_1700_volume
2025-04-25 18:55:00 - DEBUG - [_process_ticker] [GEN] 🚫 Trade not allowed for GEN (limit reached)
2025-04-25 18:55:00 - DEBUG - [_process_ticker] [HPQ] 🚫 Trade not allowed for HPQ (limit reached)
2025-04-25 18:55:00 - DEBUG - [_process_ticker] [INTC] 🚫 Trade not allowed for INTC (limit reached)
2025-04-25 18:55:00 - DEBUG - [_process_ticker] [RF] 🚫 Trade not allowed for RF (limit reached)
2025-04-25 18:55:00 - INFO - [_run_strategy_if_applicable] [N/A] ⏰ Strategy 'EMA_Cross_candle' not executed because it's outside the time window: 16:35:00 - 16:50:00
2025-04-25 18:55:00 - INFO - [_run_strategy_if_applicable] [N/A] ⏰ Strategy 'SMA_Cross_candle' not executed because it's outside the time window: 16:35:00 - 16:50:00
2025-04-25 18:55:00 - INFO - [_update_active_orders_and_telegram] [N/A] 📊 Updating SL/TP for active orders
2025-04-25 18:55:01 - INFO - [_wait_until_next_iteration] [N/A] ⏳ Sleeping for 58.90 seconds before the next cycle
2025-04-25 18:56:00 - DEBUG - [_process_strategies] [N/A] ⏱ Skipping SMA_Cross_sma50, not yet time (every 5m)
2025-04-25 18:56:00 - DEBUG - [_process_strategies] [N/A] ⏱ Skipping EMA_Cross_ema50, not yet time (every 5m)
2025-04-25 18:56:00 - DEBUG - [_process_strategies] [N/A] ⏱ Skipping VWAP_diff_signal_1700, not yet time (every 5m)
2025-04-25 18:56:00 - DEBUG - [_process_strategies] [N/A] ⏱ Skipping VWAP_diff_signal_rsi_1700, not yet time (every 5m)
2025-04-25 18:56:00 - DEBUG - [_process_strategies] [N/A] ⏱ Skipping VWAP_diff_signal_1700_volume, not yet time (every 5m)
2025-04-25 18:56:00 - DEBUG - [_process_strategies] [N/A] ⏱ Skipping EMA_Cross_candle, not yet time (every 5m)
2025-04-25 18:56:00 - DEBUG - [_process_strategies] [N/A] ⏱ Skipping SMA_Cross_candle, not yet time (every 5m)
2025-04-25 18:56:00 - INFO - [_update_active_orders_and_telegram] [N/A] 📊 Updating SL/TP for active orders
2025-04-25 18:56:01 - INFO - [_wait_until_next_iteration] [N/A] ⏳ Sleeping for 58.92 seconds before the next cycle
2025-04-25 18:57:00 - DEBUG - [_process_strategies] [N/A] ⏱ Skipping SMA_Cross_sma50, not yet time (every 5m)
2025-04-25 18:57:00 - DEBUG - [_process_strategies] [N/A] ⏱ Skipping EMA_Cross_ema50, not yet time (every 5m)
2025-04-25 18:57:00 - DEBUG - [_process_strategies] [N/A] ⏱ Skipping VWAP_diff_signal_1700, not yet time (every 5m)
2025-04-25 18:57:00 - DEBUG - [_process_strategies] [N/A] ⏱ Skipping VWAP_diff_signal_rsi_1700, not yet time (every 5m)
2025-04-25 18:57:00 - DEBUG - [_process_strategies] [N/A] ⏱ Skipping VWAP_diff_signal_1700_volume, not yet time (every 5m)
2025-04-25 18:57:00 - DEBUG - [_process_strategies] [N/A] ⏱ Skipping EMA_Cross_candle, not yet time (every 5m)
2025-04-25 18:57:00 - DEBUG - [_process_strategies] [N/A] ⏱ Skipping SMA_Cross_candle, not yet time (every 5m)
2025-04-25 18:57:00 - INFO - [_update_active_orders_and_telegram] [N/A] 📊 Updating SL/TP for active orders
2025-04-25 18:57:01 - INFO - [_wait_until_next_iteration] [N/A] ⏳ Sleeping for 58.94 seconds before the next cycle
2025-04-25 18:58:00 - DEBUG - [_process_strategies] [N/A] ⏱ Skipping SMA_Cross_sma50, not yet time (every 5m)
2025-04-25 18:58:00 - DEBUG - [_process_strategies] [N/A] ⏱ Skipping EMA_Cross_ema50, not yet time (every 5m)
2025-04-25 18:58:00 - DEBUG - [_process_strategies] [N/A] ⏱ Skipping VWAP_diff_signal_1700, not yet time (every 5m)
2025-04-25 18:58:00 - DEBUG - [_process_strategies] [N/A] ⏱ Skipping VWAP_diff_signal_rsi_1700, not yet time (every 5m)
2025-04-25 18:58:00 - DEBUG - [_process_strategies] [N/A] ⏱ Skipping VWAP_diff_signal_1700_volume, not yet time (every 5m)
2025-04-25 18:58:00 - DEBUG - [_process_strategies] [N/A] ⏱ Skipping EMA_Cross_candle, not yet time (every 5m)
2025-04-25 18:58:00 - DEBUG - [_process_strategies] [N/A] ⏱ Skipping SMA_Cross_candle, not yet time (every 5m)
2025-04-25 18:58:00 - INFO - [_update_active_orders_and_telegram] [N/A] 📊 Updating SL/TP for active orders
2025-04-25 18:58:01 - INFO - [_wait_until_next_iteration] [N/A] ⏳ Sleeping for 58.92 seconds before the next cycle
2025-04-25 18:59:00 - DEBUG - [_process_strategies] [N/A] ⏱ Skipping SMA_Cross_sma50, not yet time (every 5m)
2025-04-25 18:59:00 - DEBUG - [_process_strategies] [N/A] ⏱ Skipping EMA_Cross_ema50, not yet time (every 5m)
2025-04-25 18:59:00 - DEBUG - [_process_strategies] [N/A] ⏱ Skipping VWAP_diff_signal_1700, not yet time (every 5m)
2025-04-25 18:59:00 - DEBUG - [_process_strategies] [N/A] ⏱ Skipping VWAP_diff_signal_rsi_1700, not yet time (every 5m)
2025-04-25 18:59:00 - DEBUG - [_process_strategies] [N/A] ⏱ Skipping VWAP_diff_signal_1700_volume, not yet time (every 5m)
2025-04-25 18:59:00 - DEBUG - [_process_strategies] [N/A] ⏱ Skipping EMA_Cross_candle, not yet time (every 5m)
2025-04-25 18:59:00 - DEBUG - [_process_strategies] [N/A] ⏱ Skipping SMA_Cross_candle, not yet time (every 5m)
2025-04-25 18:59:00 - INFO - [_update_active_orders_and_telegram] [N/A] 📊 Updating SL/TP for active orders
2025-04-25 18:59:01 - INFO - [_wait_until_next_iteration] [N/A] ⏳ Sleeping for 58.92 seconds before the next cycle
2025-04-25 19:00:00 - INFO - [_run_strategy_if_applicable] [N/A] ⏰ Strategy 'SMA_Cross_sma50' not executed because it's outside the time window: 16:35:00 - 16:50:00
2025-04-25 19:00:00 - INFO - [_run_strategy_if_applicable] [N/A] ⏰ Strategy 'EMA_Cross_ema50' not executed because it's outside the time window: 16:35:00 - 16:50:00
2025-04-25 19:00:00 - INFO - [_run_strategy_if_applicable] [N/A] ⏰ Strategy 'VWAP_diff_signal_1700' not executed because it's outside the time window: 17:30:00 - 19:00:00
2025-04-25 19:00:00 - INFO - [_run_strategy_if_applicable] [N/A] ⏰ Strategy 'VWAP_diff_signal_rsi_1700' not executed because it's outside the time window: 17:30:00 - 19:00:00
2025-04-25 19:00:00 - INFO - [_run_strategy_if_applicable] [N/A] ⏰ Strategy 'VWAP_diff_signal_1700_volume' not executed because it's outside the time window: 17:30:00 - 19:00:00
2025-04-25 19:00:00 - INFO - [_run_strategy_if_applicable] [N/A] ⏰ Strategy 'EMA_Cross_candle' not executed because it's outside the time window: 16:35:00 - 16:50:00
2025-04-25 19:00:00 - INFO - [_run_strategy_if_applicable] [N/A] ⏰ Strategy 'SMA_Cross_candle' not executed because it's outside the time window: 16:35:00 - 16:50:00
2025-04-25 19:00:00 - INFO - [_update_active_orders_and_telegram] [N/A] 📊 Updating SL/TP for active orders
2025-04-25 19:00:01 - INFO - [_wait_until_next_iteration] [N/A] ⏳ Sleeping for 58.92 seconds before the next cycle
2025-04-25 19:01:00 - DEBUG - [_process_strategies] [N/A] ⏱ Skipping SMA_Cross_sma50, not yet time (every 5m)
2025-04-25 19:01:00 - DEBUG - [_process_strategies] [N/A] ⏱ Skipping EMA_Cross_ema50, not yet time (every 5m)
2025-04-25 19:01:00 - DEBUG - [_process_strategies] [N/A] ⏱ Skipping VWAP_diff_signal_1700, not yet time (every 5m)
2025-04-25 19:01:00 - DEBUG - [_process_strategies] [N/A] ⏱ Skipping VWAP_diff_signal_rsi_1700, not yet time (every 5m)
2025-04-25 19:01:00 - DEBUG - [_process_strategies] [N/A] ⏱ Skipping VWAP_diff_signal_1700_volume, not yet time (every 5m)
2025-04-25 19:01:00 - DEBUG - [_process_strategies] [N/A] ⏱ Skipping EMA_Cross_candle, not yet time (every 5m)
2025-04-25 19:01:00 - DEBUG - [_process_strategies] [N/A] ⏱ Skipping SMA_Cross_candle, not yet time (every 5m)
2025-04-25 19:01:00 - INFO - [_update_active_orders_and_telegram] [N/A] 📊 Updating SL/TP for active orders
2025-04-25 19:01:01 - INFO - [_wait_until_next_iteration] [N/A] ⏳ Sleeping for 58.94 seconds before the next cycle
2025-04-25 19:02:00 - DEBUG - [_process_strategies] [N/A] ⏱ Skipping SMA_Cross_sma50, not yet time (every 5m)
2025-04-25 19:02:00 - DEBUG - [_process_strategies] [N/A] ⏱ Skipping EMA_Cross_ema50, not yet time (every 5m)
2025-04-25 19:02:00 - DEBUG - [_process_strategies] [N/A] ⏱ Skipping VWAP_diff_signal_1700, not yet time (every 5m)
2025-04-25 19:02:00 - DEBUG - [_process_strategies] [N/A] ⏱ Skipping VWAP_diff_signal_rsi_1700, not yet time (every 5m)
2025-04-25 19:02:00 - DEBUG - [_process_strategies] [N/A] ⏱ Skipping VWAP_diff_signal_1700_volume, not yet time (every 5m)
2025-04-25 19:02:00 - DEBUG - [_process_strategies] [N/A] ⏱ Skipping EMA_Cross_candle, not yet time (every 5m)
2025-04-25 19:02:00 - DEBUG - [_process_strategies] [N/A] ⏱ Skipping SMA_Cross_candle, not yet time (every 5m)
2025-04-25 19:02:00 - INFO - [_update_active_orders_and_telegram] [N/A] 📊 Updating SL/TP for active orders
2025-04-25 19:02:01 - INFO - [_wait_until_next_iteration] [N/A] ⏳ Sleeping for 58.92 seconds before the next cycle
2025-04-25 19:03:00 - DEBUG - [_process_strategies] [N/A] ⏱ Skipping SMA_Cross_sma50, not yet time (every 5m)
2025-04-25 19:03:00 - DEBUG - [_process_strategies] [N/A] ⏱ Skipping EMA_Cross_ema50, not yet time (every 5m)
2025-04-25 19:03:00 - DEBUG - [_process_strategies] [N/A] ⏱ Skipping VWAP_diff_signal_1700, not yet time (every 5m)
2025-04-25 19:03:00 - DEBUG - [_process_strategies] [N/A] ⏱ Skipping VWAP_diff_signal_rsi_1700, not yet time (every 5m)
2025-04-25 19:03:00 - DEBUG - [_process_strategies] [N/A] ⏱ Skipping VWAP_diff_signal_1700_volume, not yet time (every 5m)
2025-04-25 19:03:00 - DEBUG - [_process_strategies] [N/A] ⏱ Skipping EMA_Cross_candle, not yet time (every 5m)
2025-04-25 19:03:00 - DEBUG - [_process_strategies] [N/A] ⏱ Skipping SMA_Cross_candle, not yet time (every 5m)
2025-04-25 19:03:00 - INFO - [_update_active_orders_and_telegram] [N/A] 📊 Updating SL/TP for active orders
2025-04-25 19:03:01 - INFO - [_wait_until_next_iteration] [N/A] ⏳ Sleeping for 58.92 seconds before the next cycle
2025-04-25 19:04:00 - DEBUG - [_process_strategies] [N/A] ⏱ Skipping SMA_Cross_sma50, not yet time (every 5m)
2025-04-25 19:04:00 - DEBUG - [_process_strategies] [N/A] ⏱ Skipping EMA_Cross_ema50, not yet time (every 5m)
2025-04-25 19:04:00 - DEBUG - [_process_strategies] [N/A] ⏱ Skipping VWAP_diff_signal_1700, not yet time (every 5m)
2025-04-25 19:04:00 - DEBUG - [_process_strategies] [N/A] ⏱ Skipping VWAP_diff_signal_rsi_1700, not yet time (every 5m)
2025-04-25 19:04:00 - DEBUG - [_process_strategies] [N/A] ⏱ Skipping VWAP_diff_signal_1700_volume, not yet time (every 5m)
2025-04-25 19:04:00 - DEBUG - [_process_strategies] [N/A] ⏱ Skipping EMA_Cross_candle, not yet time (every 5m)
2025-04-25 19:04:00 - DEBUG - [_process_strategies] [N/A] ⏱ Skipping SMA_Cross_candle, not yet time (every 5m)
2025-04-25 19:04:00 - INFO - [_update_active_orders_and_telegram] [N/A] 📊 Updating SL/TP for active orders
2025-04-25 19:04:01 - INFO - [_wait_until_next_iteration] [N/A] ⏳ Sleeping for 58.93 seconds before the next cycle
2025-04-25 19:05:00 - INFO - [_run_strategy_if_applicable] [N/A] ⏰ Strategy 'SMA_Cross_sma50' not executed because it's outside the time window: 16:35:00 - 16:50:00
2025-04-25 19:05:00 - INFO - [_run_strategy_if_applicable] [N/A] ⏰ Strategy 'EMA_Cross_ema50' not executed because it's outside the time window: 16:35:00 - 16:50:00
2025-04-25 19:05:00 - INFO - [_run_strategy_if_applicable] [N/A] ⏰ Strategy 'VWAP_diff_signal_1700' not executed because it's outside the time window: 17:30:00 - 19:00:00
2025-04-25 19:05:00 - INFO - [_run_strategy_if_applicable] [N/A] ⏰ Strategy 'VWAP_diff_signal_rsi_1700' not executed because it's outside the time window: 17:30:00 - 19:00:00
2025-04-25 19:05:00 - INFO - [_run_strategy_if_applicable] [N/A] ⏰ Strategy 'VWAP_diff_signal_1700_volume' not executed because it's outside the time window: 17:30:00 - 19:00:00
2025-04-25 19:05:00 - INFO - [_run_strategy_if_applicable] [N/A] ⏰ Strategy 'EMA_Cross_candle' not executed because it's outside the time window: 16:35:00 - 16:50:00
2025-04-25 19:05:00 - INFO - [_run_strategy_if_applicable] [N/A] ⏰ Strategy 'SMA_Cross_candle' not executed because it's outside the time window: 16:35:00 - 16:50:00
2025-04-25 19:05:00 - INFO - [_update_active_orders_and_telegram] [N/A] 📊 Updating SL/TP for active orders
2025-04-25 19:05:01 - INFO - [_wait_until_next_iteration] [N/A] ⏳ Sleeping for 58.92 seconds before the next cycle
2025-04-25 19:06:00 - DEBUG - [_process_strategies] [N/A] ⏱ Skipping SMA_Cross_sma50, not yet time (every 5m)
2025-04-25 19:06:00 - DEBUG - [_process_strategies] [N/A] ⏱ Skipping EMA_Cross_ema50, not yet time (every 5m)
2025-04-25 19:06:00 - DEBUG - [_process_strategies] [N/A] ⏱ Skipping VWAP_diff_signal_1700, not yet time (every 5m)
2025-04-25 19:06:00 - DEBUG - [_process_strategies] [N/A] ⏱ Skipping VWAP_diff_signal_rsi_1700, not yet time (every 5m)
2025-04-25 19:06:00 - DEBUG - [_process_strategies] [N/A] ⏱ Skipping VWAP_diff_signal_1700_volume, not yet time (every 5m)
2025-04-25 19:06:00 - DEBUG - [_process_strategies] [N/A] ⏱ Skipping EMA_Cross_candle, not yet time (every 5m)
2025-04-25 19:06:00 - DEBUG - [_process_strategies] [N/A] ⏱ Skipping SMA_Cross_candle, not yet time (every 5m)
2025-04-25 19:06:00 - INFO - [_update_active_orders_and_telegram] [N/A] 📊 Updating SL/TP for active orders
2025-04-25 19:06:01 - INFO - [_wait_until_next_iteration] [N/A] ⏳ Sleeping for 58.92 seconds before the next cycle
2025-04-25 19:07:00 - DEBUG - [_process_strategies] [N/A] ⏱ Skipping SMA_Cross_sma50, not yet time (every 5m)
2025-04-25 19:07:00 - DEBUG - [_process_strategies] [N/A] ⏱ Skipping EMA_Cross_ema50, not yet time (every 5m)
2025-04-25 19:07:00 - DEBUG - [_process_strategies] [N/A] ⏱ Skipping VWAP_diff_signal_1700, not yet time (every 5m)
2025-04-25 19:07:00 - DEBUG - [_process_strategies] [N/A] ⏱ Skipping VWAP_diff_signal_rsi_1700, not yet time (every 5m)
2025-04-25 19:07:00 - DEBUG - [_process_strategies] [N/A] ⏱ Skipping VWAP_diff_signal_1700_volume, not yet time (every 5m)
2025-04-25 19:07:00 - DEBUG - [_process_strategies] [N/A] ⏱ Skipping EMA_Cross_candle, not yet time (every 5m)
2025-04-25 19:07:00 - DEBUG - [_process_strategies] [N/A] ⏱ Skipping SMA_Cross_candle, not yet time (every 5m)
2025-04-25 19:07:00 - INFO - [_update_active_orders_and_telegram] [N/A] 📊 Updating SL/TP for active orders
2025-04-25 19:07:01 - INFO - [_wait_until_next_iteration] [N/A] ⏳ Sleeping for 58.92 seconds before the next cycle
2025-04-25 19:08:00 - DEBUG - [_process_strategies] [N/A] ⏱ Skipping SMA_Cross_sma50, not yet time (every 5m)
2025-04-25 19:08:00 - DEBUG - [_process_strategies] [N/A] ⏱ Skipping EMA_Cross_ema50, not yet time (every 5m)
2025-04-25 19:08:00 - DEBUG - [_process_strategies] [N/A] ⏱ Skipping VWAP_diff_signal_1700, not yet time (every 5m)
2025-04-25 19:08:00 - DEBUG - [_process_strategies] [N/A] ⏱ Skipping VWAP_diff_signal_rsi_1700, not yet time (every 5m)
2025-04-25 19:08:00 - DEBUG - [_process_strategies] [N/A] ⏱ Skipping VWAP_diff_signal_1700_volume, not yet time (every 5m)
2025-04-25 19:08:00 - DEBUG - [_process_strategies] [N/A] ⏱ Skipping EMA_Cross_candle, not yet time (every 5m)
2025-04-25 19:08:00 - DEBUG - [_process_strategies] [N/A] ⏱ Skipping SMA_Cross_candle, not yet time (every 5m)
2025-04-25 19:08:00 - INFO - [_update_active_orders_and_telegram] [N/A] 📊 Updating SL/TP for active orders
2025-04-25 19:08:01 - INFO - [_wait_until_next_iteration] [N/A] ⏳ Sleeping for 58.93 seconds before the next cycle
2025-04-25 19:09:00 - DEBUG - [_process_strategies] [N/A] ⏱ Skipping SMA_Cross_sma50, not yet time (every 5m)
2025-04-25 19:09:00 - DEBUG - [_process_strategies] [N/A] ⏱ Skipping EMA_Cross_ema50, not yet time (every 5m)
2025-04-25 19:09:00 - DEBUG - [_process_strategies] [N/A] ⏱ Skipping VWAP_diff_signal_1700, not yet time (every 5m)
2025-04-25 19:09:00 - DEBUG - [_process_strategies] [N/A] ⏱ Skipping VWAP_diff_signal_rsi_1700, not yet time (every 5m)
2025-04-25 19:09:00 - DEBUG - [_process_strategies] [N/A] ⏱ Skipping VWAP_diff_signal_1700_volume, not yet time (every 5m)
2025-04-25 19:09:00 - DEBUG - [_process_strategies] [N/A] ⏱ Skipping EMA_Cross_candle, not yet time (every 5m)
2025-04-25 19:09:00 - DEBUG - [_process_strategies] [N/A] ⏱ Skipping SMA_Cross_candle, not yet time (every 5m)
2025-04-25 19:09:00 - INFO - [_update_active_orders_and_telegram] [N/A] 📊 Updating SL/TP for active orders
2025-04-25 19:09:01 - INFO - [_wait_until_next_iteration] [N/A] ⏳ Sleeping for 58.92 seconds before the next cycle
2025-04-25 19:10:00 - INFO - [_run_strategy_if_applicable] [N/A] ⏰ Strategy 'SMA_Cross_sma50' not executed because it's outside the time window: 16:35:00 - 16:50:00
2025-04-25 19:10:00 - INFO - [_run_strategy_if_applicable] [N/A] ⏰ Strategy 'EMA_Cross_ema50' not executed because it's outside the time window: 16:35:00 - 16:50:00
2025-04-25 19:10:00 - INFO - [_run_strategy_if_applicable] [N/A] ⏰ Strategy 'VWAP_diff_signal_1700' not executed because it's outside the time window: 17:30:00 - 19:00:00
2025-04-25 19:10:00 - INFO - [_run_strategy_if_applicable] [N/A] ⏰ Strategy 'VWAP_diff_signal_rsi_1700' not executed because it's outside the time window: 17:30:00 - 19:00:00
2025-04-25 19:10:00 - INFO - [_run_strategy_if_applicable] [N/A] ⏰ Strategy 'VWAP_diff_signal_1700_volume' not executed because it's outside the time window: 17:30:00 - 19:00:00
2025-04-25 19:10:00 - INFO - [_run_strategy_if_applicable] [N/A] ⏰ Strategy 'EMA_Cross_candle' not executed because it's outside the time window: 16:35:00 - 16:50:00
2025-04-25 19:10:00 - INFO - [_run_strategy_if_applicable] [N/A] ⏰ Strategy 'SMA_Cross_candle' not executed because it's outside the time window: 16:35:00 - 16:50:00
2025-04-25 19:10:00 - INFO - [_update_active_orders_and_telegram] [N/A] 📊 Updating SL/TP for active orders
2025-04-25 19:10:01 - INFO - [_wait_until_next_iteration] [N/A] ⏳ Sleeping for 58.92 seconds before the next cycle
2025-04-25 19:11:00 - DEBUG - [_process_strategies] [N/A] ⏱ Skipping SMA_Cross_sma50, not yet time (every 5m)
2025-04-25 19:11:00 - DEBUG - [_process_strategies] [N/A] ⏱ Skipping EMA_Cross_ema50, not yet time (every 5m)
2025-04-25 19:11:00 - DEBUG - [_process_strategies] [N/A] ⏱ Skipping VWAP_diff_signal_1700, not yet time (every 5m)
2025-04-25 19:11:00 - DEBUG - [_process_strategies] [N/A] ⏱ Skipping VWAP_diff_signal_rsi_1700, not yet time (every 5m)
2025-04-25 19:11:00 - DEBUG - [_process_strategies] [N/A] ⏱ Skipping VWAP_diff_signal_1700_volume, not yet time (every 5m)
2025-04-25 19:11:00 - DEBUG - [_process_strategies] [N/A] ⏱ Skipping EMA_Cross_candle, not yet time (every 5m)
2025-04-25 19:11:00 - DEBUG - [_process_strategies] [N/A] ⏱ Skipping SMA_Cross_candle, not yet time (every 5m)
2025-04-25 19:11:00 - INFO - [_update_active_orders_and_telegram] [N/A] 📊 Updating SL/TP for active orders
2025-04-25 19:11:01 - INFO - [_wait_until_next_iteration] [N/A] ⏳ Sleeping for 58.92 seconds before the next cycle
2025-04-25 19:12:00 - DEBUG - [_process_strategies] [N/A] ⏱ Skipping SMA_Cross_sma50, not yet time (every 5m)
2025-04-25 19:12:00 - DEBUG - [_process_strategies] [N/A] ⏱ Skipping EMA_Cross_ema50, not yet time (every 5m)
2025-04-25 19:12:00 - DEBUG - [_process_strategies] [N/A] ⏱ Skipping VWAP_diff_signal_1700, not yet time (every 5m)
2025-04-25 19:12:00 - DEBUG - [_process_strategies] [N/A] ⏱ Skipping VWAP_diff_signal_rsi_1700, not yet time (every 5m)
2025-04-25 19:12:00 - DEBUG - [_process_strategies] [N/A] ⏱ Skipping VWAP_diff_signal_1700_volume, not yet time (every 5m)
2025-04-25 19:12:00 - DEBUG - [_process_strategies] [N/A] ⏱ Skipping EMA_Cross_candle, not yet time (every 5m)
2025-04-25 19:12:00 - DEBUG - [_process_strategies] [N/A] ⏱ Skipping SMA_Cross_candle, not yet time (every 5m)
2025-04-25 19:12:00 - INFO - [_update_active_orders_and_telegram] [N/A] 📊 Updating SL/TP for active orders
2025-04-25 19:12:01 - INFO - [_wait_until_next_iteration] [N/A] ⏳ Sleeping for 58.92 seconds before the next cycle
2025-04-25 19:13:00 - DEBUG - [_process_strategies] [N/A] ⏱ Skipping SMA_Cross_sma50, not yet time (every 5m)
2025-04-25 19:13:00 - DEBUG - [_process_strategies] [N/A] ⏱ Skipping EMA_Cross_ema50, not yet time (every 5m)
2025-04-25 19:13:00 - DEBUG - [_process_strategies] [N/A] ⏱ Skipping VWAP_diff_signal_1700, not yet time (every 5m)
2025-04-25 19:13:00 - DEBUG - [_process_strategies] [N/A] ⏱ Skipping VWAP_diff_signal_rsi_1700, not yet time (every 5m)
2025-04-25 19:13:00 - DEBUG - [_process_strategies] [N/A] ⏱ Skipping VWAP_diff_signal_1700_volume, not yet time (every 5m)
2025-04-25 19:13:00 - DEBUG - [_process_strategies] [N/A] ⏱ Skipping EMA_Cross_candle, not yet time (every 5m)
2025-04-25 19:13:00 - DEBUG - [_process_strategies] [N/A] ⏱ Skipping SMA_Cross_candle, not yet time (every 5m)
2025-04-25 19:13:00 - INFO - [_update_active_orders_and_telegram] [N/A] 📊 Updating SL/TP for active orders
2025-04-25 19:13:01 - INFO - [_wait_until_next_iteration] [N/A] ⏳ Sleeping for 58.94 seconds before the next cycle
2025-04-25 19:14:00 - DEBUG - [_process_strategies] [N/A] ⏱ Skipping SMA_Cross_sma50, not yet time (every 5m)
2025-04-25 19:14:00 - DEBUG - [_process_strategies] [N/A] ⏱ Skipping EMA_Cross_ema50, not yet time (every 5m)
2025-04-25 19:14:00 - DEBUG - [_process_strategies] [N/A] ⏱ Skipping VWAP_diff_signal_1700, not yet time (every 5m)
2025-04-25 19:14:00 - DEBUG - [_process_strategies] [N/A] ⏱ Skipping VWAP_diff_signal_rsi_1700, not yet time (every 5m)
2025-04-25 19:14:00 - DEBUG - [_process_strategies] [N/A] ⏱ Skipping VWAP_diff_signal_1700_volume, not yet time (every 5m)
2025-04-25 19:14:00 - DEBUG - [_process_strategies] [N/A] ⏱ Skipping EMA_Cross_candle, not yet time (every 5m)
2025-04-25 19:14:00 - DEBUG - [_process_strategies] [N/A] ⏱ Skipping SMA_Cross_candle, not yet time (every 5m)
2025-04-25 19:14:00 - INFO - [_update_active_orders_and_telegram] [N/A] 📊 Updating SL/TP for active orders
2025-04-25 19:14:01 - INFO - [_wait_until_next_iteration] [N/A] ⏳ Sleeping for 58.93 seconds before the next cycle
2025-04-25 19:15:00 - INFO - [_run_strategy_if_applicable] [N/A] ⏰ Strategy 'SMA_Cross_sma50' not executed because it's outside the time window: 16:35:00 - 16:50:00
2025-04-25 19:15:00 - INFO - [_run_strategy_if_applicable] [N/A] ⏰ Strategy 'EMA_Cross_ema50' not executed because it's outside the time window: 16:35:00 - 16:50:00
2025-04-25 19:15:00 - INFO - [_run_strategy_if_applicable] [N/A] ⏰ Strategy 'VWAP_diff_signal_1700' not executed because it's outside the time window: 17:30:00 - 19:00:00
2025-04-25 19:15:00 - INFO - [_run_strategy_if_applicable] [N/A] ⏰ Strategy 'VWAP_diff_signal_rsi_1700' not executed because it's outside the time window: 17:30:00 - 19:00:00
2025-04-25 19:15:00 - INFO - [_run_strategy_if_applicable] [N/A] ⏰ Strategy 'VWAP_diff_signal_1700_volume' not executed because it's outside the time window: 17:30:00 - 19:00:00
2025-04-25 19:15:00 - INFO - [_run_strategy_if_applicable] [N/A] ⏰ Strategy 'EMA_Cross_candle' not executed because it's outside the time window: 16:35:00 - 16:50:00
2025-04-25 19:15:00 - INFO - [_run_strategy_if_applicable] [N/A] ⏰ Strategy 'SMA_Cross_candle' not executed because it's outside the time window: 16:35:00 - 16:50:00
2025-04-25 19:15:00 - INFO - [_update_active_orders_and_telegram] [N/A] 📊 Updating SL/TP for active orders
2025-04-25 19:15:01 - INFO - [_wait_until_next_iteration] [N/A] ⏳ Sleeping for 58.93 seconds before the next cycle
2025-04-25 19:16:00 - DEBUG - [_process_strategies] [N/A] ⏱ Skipping SMA_Cross_sma50, not yet time (every 5m)
2025-04-25 19:16:00 - DEBUG - [_process_strategies] [N/A] ⏱ Skipping EMA_Cross_ema50, not yet time (every 5m)
2025-04-25 19:16:00 - DEBUG - [_process_strategies] [N/A] ⏱ Skipping VWAP_diff_signal_1700, not yet time (every 5m)
2025-04-25 19:16:00 - DEBUG - [_process_strategies] [N/A] ⏱ Skipping VWAP_diff_signal_rsi_1700, not yet time (every 5m)
2025-04-25 19:16:00 - DEBUG - [_process_strategies] [N/A] ⏱ Skipping VWAP_diff_signal_1700_volume, not yet time (every 5m)
2025-04-25 19:16:00 - DEBUG - [_process_strategies] [N/A] ⏱ Skipping EMA_Cross_candle, not yet time (every 5m)
2025-04-25 19:16:00 - DEBUG - [_process_strategies] [N/A] ⏱ Skipping SMA_Cross_candle, not yet time (every 5m)
2025-04-25 19:16:00 - INFO - [_update_active_orders_and_telegram] [N/A] 📊 Updating SL/TP for active orders
2025-04-25 19:16:01 - INFO - [_wait_until_next_iteration] [N/A] ⏳ Sleeping for 58.93 seconds before the next cycle
2025-04-25 19:17:00 - DEBUG - [_process_strategies] [N/A] ⏱ Skipping SMA_Cross_sma50, not yet time (every 5m)
2025-04-25 19:17:00 - DEBUG - [_process_strategies] [N/A] ⏱ Skipping EMA_Cross_ema50, not yet time (every 5m)
2025-04-25 19:17:00 - DEBUG - [_process_strategies] [N/A] ⏱ Skipping VWAP_diff_signal_1700, not yet time (every 5m)
2025-04-25 19:17:00 - DEBUG - [_process_strategies] [N/A] ⏱ Skipping VWAP_diff_signal_rsi_1700, not yet time (every 5m)
2025-04-25 19:17:00 - DEBUG - [_process_strategies] [N/A] ⏱ Skipping VWAP_diff_signal_1700_volume, not yet time (every 5m)
2025-04-25 19:17:00 - DEBUG - [_process_strategies] [N/A] ⏱ Skipping EMA_Cross_candle, not yet time (every 5m)
2025-04-25 19:17:00 - DEBUG - [_process_strategies] [N/A] ⏱ Skipping SMA_Cross_candle, not yet time (every 5m)
2025-04-25 19:17:00 - INFO - [_update_active_orders_and_telegram] [N/A] 📊 Updating SL/TP for active orders
2025-04-25 19:17:01 - INFO - [_wait_until_next_iteration] [N/A] ⏳ Sleeping for 58.93 seconds before the next cycle
2025-04-25 19:18:00 - DEBUG - [_process_strategies] [N/A] ⏱ Skipping SMA_Cross_sma50, not yet time (every 5m)
2025-04-25 19:18:00 - DEBUG - [_process_strategies] [N/A] ⏱ Skipping EMA_Cross_ema50, not yet time (every 5m)
2025-04-25 19:18:00 - DEBUG - [_process_strategies] [N/A] ⏱ Skipping VWAP_diff_signal_1700, not yet time (every 5m)
2025-04-25 19:18:00 - DEBUG - [_process_strategies] [N/A] ⏱ Skipping VWAP_diff_signal_rsi_1700, not yet time (every 5m)
2025-04-25 19:18:00 - DEBUG - [_process_strategies] [N/A] ⏱ Skipping VWAP_diff_signal_1700_volume, not yet time (every 5m)
2025-04-25 19:18:00 - DEBUG - [_process_strategies] [N/A] ⏱ Skipping EMA_Cross_candle, not yet time (every 5m)
2025-04-25 19:18:00 - DEBUG - [_process_strategies] [N/A] ⏱ Skipping SMA_Cross_candle, not yet time (every 5m)
2025-04-25 19:18:00 - INFO - [_update_active_orders_and_telegram] [N/A] 📊 Updating SL/TP for active orders
2025-04-25 19:18:01 - INFO - [_wait_until_next_iteration] [N/A] ⏳ Sleeping for 58.92 seconds before the next cycle
2025-04-25 19:19:00 - DEBUG - [_process_strategies] [N/A] ⏱ Skipping SMA_Cross_sma50, not yet time (every 5m)
2025-04-25 19:19:00 - DEBUG - [_process_strategies] [N/A] ⏱ Skipping EMA_Cross_ema50, not yet time (every 5m)
2025-04-25 19:19:00 - DEBUG - [_process_strategies] [N/A] ⏱ Skipping VWAP_diff_signal_1700, not yet time (every 5m)
2025-04-25 19:19:00 - DEBUG - [_process_strategies] [N/A] ⏱ Skipping VWAP_diff_signal_rsi_1700, not yet time (every 5m)
2025-04-25 19:19:00 - DEBUG - [_process_strategies] [N/A] ⏱ Skipping VWAP_diff_signal_1700_volume, not yet time (every 5m)
2025-04-25 19:19:00 - DEBUG - [_process_strategies] [N/A] ⏱ Skipping EMA_Cross_candle, not yet time (every 5m)
2025-04-25 19:19:00 - DEBUG - [_process_strategies] [N/A] ⏱ Skipping SMA_Cross_candle, not yet time (every 5m)
2025-04-25 19:19:00 - INFO - [_update_active_orders_and_telegram] [N/A] 📊 Updating SL/TP for active orders
2025-04-25 19:19:01 - INFO - [_wait_until_next_iteration] [N/A] ⏳ Sleeping for 58.92 seconds before the next cycle
2025-04-25 19:20:00 - INFO - [_run_strategy_if_applicable] [N/A] ⏰ Strategy 'SMA_Cross_sma50' not executed because it's outside the time window: 16:35:00 - 16:50:00
2025-04-25 19:20:00 - INFO - [_run_strategy_if_applicable] [N/A] ⏰ Strategy 'EMA_Cross_ema50' not executed because it's outside the time window: 16:35:00 - 16:50:00
2025-04-25 19:20:00 - INFO - [_run_strategy_if_applicable] [N/A] ⏰ Strategy 'VWAP_diff_signal_1700' not executed because it's outside the time window: 17:30:00 - 19:00:00
2025-04-25 19:20:00 - INFO - [_run_strategy_if_applicable] [N/A] ⏰ Strategy 'VWAP_diff_signal_rsi_1700' not executed because it's outside the time window: 17:30:00 - 19:00:00
2025-04-25 19:20:00 - INFO - [_run_strategy_if_applicable] [N/A] ⏰ Strategy 'VWAP_diff_signal_1700_volume' not executed because it's outside the time window: 17:30:00 - 19:00:00
2025-04-25 19:20:00 - INFO - [_run_strategy_if_applicable] [N/A] ⏰ Strategy 'EMA_Cross_candle' not executed because it's outside the time window: 16:35:00 - 16:50:00
2025-04-25 19:20:00 - INFO - [_run_strategy_if_applicable] [N/A] ⏰ Strategy 'SMA_Cross_candle' not executed because it's outside the time window: 16:35:00 - 16:50:00
2025-04-25 19:20:00 - INFO - [_update_active_orders_and_telegram] [N/A] 📊 Updating SL/TP for active orders
2025-04-25 19:20:01 - INFO - [_wait_until_next_iteration] [N/A] ⏳ Sleeping for 58.92 seconds before the next cycle
2025-04-25 19:21:00 - DEBUG - [_process_strategies] [N/A] ⏱ Skipping SMA_Cross_sma50, not yet time (every 5m)
2025-04-25 19:21:00 - DEBUG - [_process_strategies] [N/A] ⏱ Skipping EMA_Cross_ema50, not yet time (every 5m)
2025-04-25 19:21:00 - DEBUG - [_process_strategies] [N/A] ⏱ Skipping VWAP_diff_signal_1700, not yet time (every 5m)
2025-04-25 19:21:00 - DEBUG - [_process_strategies] [N/A] ⏱ Skipping VWAP_diff_signal_rsi_1700, not yet time (every 5m)
2025-04-25 19:21:00 - DEBUG - [_process_strategies] [N/A] ⏱ Skipping VWAP_diff_signal_1700_volume, not yet time (every 5m)
2025-04-25 19:21:00 - DEBUG - [_process_strategies] [N/A] ⏱ Skipping EMA_Cross_candle, not yet time (every 5m)
2025-04-25 19:21:00 - DEBUG - [_process_strategies] [N/A] ⏱ Skipping SMA_Cross_candle, not yet time (every 5m)
2025-04-25 19:21:00 - INFO - [_update_active_orders_and_telegram] [N/A] 📊 Updating SL/TP for active orders
2025-04-25 19:21:01 - INFO - [_wait_until_next_iteration] [N/A] ⏳ Sleeping for 58.94 seconds before the next cycle
2025-04-25 19:22:00 - DEBUG - [_process_strategies] [N/A] ⏱ Skipping SMA_Cross_sma50, not yet time (every 5m)
2025-04-25 19:22:00 - DEBUG - [_process_strategies] [N/A] ⏱ Skipping EMA_Cross_ema50, not yet time (every 5m)
2025-04-25 19:22:00 - DEBUG - [_process_strategies] [N/A] ⏱ Skipping VWAP_diff_signal_1700, not yet time (every 5m)
2025-04-25 19:22:00 - DEBUG - [_process_strategies] [N/A] ⏱ Skipping VWAP_diff_signal_rsi_1700, not yet time (every 5m)
2025-04-25 19:22:00 - DEBUG - [_process_strategies] [N/A] ⏱ Skipping VWAP_diff_signal_1700_volume, not yet time (every 5m)
2025-04-25 19:22:00 - DEBUG - [_process_strategies] [N/A] ⏱ Skipping EMA_Cross_candle, not yet time (every 5m)
2025-04-25 19:22:00 - DEBUG - [_process_strategies] [N/A] ⏱ Skipping SMA_Cross_candle, not yet time (every 5m)
2025-04-25 19:22:00 - INFO - [_update_active_orders_and_telegram] [N/A] 📊 Updating SL/TP for active orders
2025-04-25 19:22:01 - INFO - [_wait_until_next_iteration] [N/A] ⏳ Sleeping for 58.93 seconds before the next cycle
2025-04-25 19:23:00 - DEBUG - [_process_strategies] [N/A] ⏱ Skipping SMA_Cross_sma50, not yet time (every 5m)
2025-04-25 19:23:00 - DEBUG - [_process_strategies] [N/A] ⏱ Skipping EMA_Cross_ema50, not yet time (every 5m)
2025-04-25 19:23:00 - DEBUG - [_process_strategies] [N/A] ⏱ Skipping VWAP_diff_signal_1700, not yet time (every 5m)
2025-04-25 19:23:00 - DEBUG - [_process_strategies] [N/A] ⏱ Skipping VWAP_diff_signal_rsi_1700, not yet time (every 5m)
2025-04-25 19:23:00 - DEBUG - [_process_strategies] [N/A] ⏱ Skipping VWAP_diff_signal_1700_volume, not yet time (every 5m)
2025-04-25 19:23:00 - DEBUG - [_process_strategies] [N/A] ⏱ Skipping EMA_Cross_candle, not yet time (every 5m)
2025-04-25 19:23:00 - DEBUG - [_process_strategies] [N/A] ⏱ Skipping SMA_Cross_candle, not yet time (every 5m)
2025-04-25 19:23:00 - INFO - [_update_active_orders_and_telegram] [N/A] 📊 Updating SL/TP for active orders
2025-04-25 19:23:01 - INFO - [_wait_until_next_iteration] [N/A] ⏳ Sleeping for 58.91 seconds before the next cycle
2025-04-25 19:24:00 - DEBUG - [_process_strategies] [N/A] ⏱ Skipping SMA_Cross_sma50, not yet time (every 5m)
2025-04-25 19:24:00 - DEBUG - [_process_strategies] [N/A] ⏱ Skipping EMA_Cross_ema50, not yet time (every 5m)
2025-04-25 19:24:00 - DEBUG - [_process_strategies] [N/A] ⏱ Skipping VWAP_diff_signal_1700, not yet time (every 5m)
2025-04-25 19:24:00 - DEBUG - [_process_strategies] [N/A] ⏱ Skipping VWAP_diff_signal_rsi_1700, not yet time (every 5m)
2025-04-25 19:24:00 - DEBUG - [_process_strategies] [N/A] ⏱ Skipping VWAP_diff_signal_1700_volume, not yet time (every 5m)
2025-04-25 19:24:00 - DEBUG - [_process_strategies] [N/A] ⏱ Skipping EMA_Cross_candle, not yet time (every 5m)
2025-04-25 19:24:00 - DEBUG - [_process_strategies] [N/A] ⏱ Skipping SMA_Cross_candle, not yet time (every 5m)
2025-04-25 19:24:00 - INFO - [_update_active_orders_and_telegram] [N/A] 📊 Updating SL/TP for active orders
2025-04-25 19:24:01 - INFO - [_wait_until_next_iteration] [N/A] ⏳ Sleeping for 58.94 seconds before the next cycle
2025-04-25 19:25:00 - INFO - [_run_strategy_if_applicable] [N/A] ⏰ Strategy 'SMA_Cross_sma50' not executed because it's outside the time window: 16:35:00 - 16:50:00
2025-04-25 19:25:00 - INFO - [_run_strategy_if_applicable] [N/A] ⏰ Strategy 'EMA_Cross_ema50' not executed because it's outside the time window: 16:35:00 - 16:50:00
2025-04-25 19:25:00 - INFO - [_run_strategy_if_applicable] [N/A] ⏰ Strategy 'VWAP_diff_signal_1700' not executed because it's outside the time window: 17:30:00 - 19:00:00
2025-04-25 19:25:00 - INFO - [_run_strategy_if_applicable] [N/A] ⏰ Strategy 'VWAP_diff_signal_rsi_1700' not executed because it's outside the time window: 17:30:00 - 19:00:00
2025-04-25 19:25:00 - INFO - [_run_strategy_if_applicable] [N/A] ⏰ Strategy 'VWAP_diff_signal_1700_volume' not executed because it's outside the time window: 17:30:00 - 19:00:00
2025-04-25 19:25:00 - INFO - [_run_strategy_if_applicable] [N/A] ⏰ Strategy 'EMA_Cross_candle' not executed because it's outside the time window: 16:35:00 - 16:50:00
2025-04-25 19:25:00 - INFO - [_run_strategy_if_applicable] [N/A] ⏰ Strategy 'SMA_Cross_candle' not executed because it's outside the time window: 16:35:00 - 16:50:00
2025-04-25 19:25:00 - INFO - [_update_active_orders_and_telegram] [N/A] 📊 Updating SL/TP for active orders
2025-04-25 19:25:01 - INFO - [_wait_until_next_iteration] [N/A] ⏳ Sleeping for 58.93 seconds before the next cycle
2025-04-25 19:26:00 - DEBUG - [_process_strategies] [N/A] ⏱ Skipping SMA_Cross_sma50, not yet time (every 5m)
2025-04-25 19:26:00 - DEBUG - [_process_strategies] [N/A] ⏱ Skipping EMA_Cross_ema50, not yet time (every 5m)
2025-04-25 19:26:00 - DEBUG - [_process_strategies] [N/A] ⏱ Skipping VWAP_diff_signal_1700, not yet time (every 5m)
2025-04-25 19:26:00 - DEBUG - [_process_strategies] [N/A] ⏱ Skipping VWAP_diff_signal_rsi_1700, not yet time (every 5m)
2025-04-25 19:26:00 - DEBUG - [_process_strategies] [N/A] ⏱ Skipping VWAP_diff_signal_1700_volume, not yet time (every 5m)
2025-04-25 19:26:00 - DEBUG - [_process_strategies] [N/A] ⏱ Skipping EMA_Cross_candle, not yet time (every 5m)
2025-04-25 19:26:00 - DEBUG - [_process_strategies] [N/A] ⏱ Skipping SMA_Cross_candle, not yet time (every 5m)
2025-04-25 19:26:00 - INFO - [_update_active_orders_and_telegram] [N/A] 📊 Updating SL/TP for active orders
2025-04-25 19:26:01 - INFO - [_wait_until_next_iteration] [N/A] ⏳ Sleeping for 58.92 seconds before the next cycle
2025-04-25 19:27:00 - DEBUG - [_process_strategies] [N/A] ⏱ Skipping SMA_Cross_sma50, not yet time (every 5m)
2025-04-25 19:27:00 - DEBUG - [_process_strategies] [N/A] ⏱ Skipping EMA_Cross_ema50, not yet time (every 5m)
2025-04-25 19:27:00 - DEBUG - [_process_strategies] [N/A] ⏱ Skipping VWAP_diff_signal_1700, not yet time (every 5m)
2025-04-25 19:27:00 - DEBUG - [_process_strategies] [N/A] ⏱ Skipping VWAP_diff_signal_rsi_1700, not yet time (every 5m)
2025-04-25 19:27:00 - DEBUG - [_process_strategies] [N/A] ⏱ Skipping VWAP_diff_signal_1700_volume, not yet time (every 5m)
2025-04-25 19:27:00 - DEBUG - [_process_strategies] [N/A] ⏱ Skipping EMA_Cross_candle, not yet time (every 5m)
2025-04-25 19:27:00 - DEBUG - [_process_strategies] [N/A] ⏱ Skipping SMA_Cross_candle, not yet time (every 5m)
2025-04-25 19:27:00 - INFO - [_update_active_orders_and_telegram] [N/A] 📊 Updating SL/TP for active orders
2025-04-25 19:27:01 - INFO - [_wait_until_next_iteration] [N/A] ⏳ Sleeping for 58.92 seconds before the next cycle
2025-04-25 19:28:00 - DEBUG - [_process_strategies] [N/A] ⏱ Skipping SMA_Cross_sma50, not yet time (every 5m)
2025-04-25 19:28:00 - DEBUG - [_process_strategies] [N/A] ⏱ Skipping EMA_Cross_ema50, not yet time (every 5m)
2025-04-25 19:28:00 - DEBUG - [_process_strategies] [N/A] ⏱ Skipping VWAP_diff_signal_1700, not yet time (every 5m)
2025-04-25 19:28:00 - DEBUG - [_process_strategies] [N/A] ⏱ Skipping VWAP_diff_signal_rsi_1700, not yet time (every 5m)
2025-04-25 19:28:00 - DEBUG - [_process_strategies] [N/A] ⏱ Skipping VWAP_diff_signal_1700_volume, not yet time (every 5m)
2025-04-25 19:28:00 - DEBUG - [_process_strategies] [N/A] ⏱ Skipping EMA_Cross_candle, not yet time (every 5m)
2025-04-25 19:28:00 - DEBUG - [_process_strategies] [N/A] ⏱ Skipping SMA_Cross_candle, not yet time (every 5m)
2025-04-25 19:28:00 - INFO - [_update_active_orders_and_telegram] [N/A] 📊 Updating SL/TP for active orders
2025-04-25 19:28:01 - INFO - [_wait_until_next_iteration] [N/A] ⏳ Sleeping for 58.92 seconds before the next cycle
2025-04-25 19:29:00 - DEBUG - [_process_strategies] [N/A] ⏱ Skipping SMA_Cross_sma50, not yet time (every 5m)
2025-04-25 19:29:00 - DEBUG - [_process_strategies] [N/A] ⏱ Skipping EMA_Cross_ema50, not yet time (every 5m)
2025-04-25 19:29:00 - DEBUG - [_process_strategies] [N/A] ⏱ Skipping VWAP_diff_signal_1700, not yet time (every 5m)
2025-04-25 19:29:00 - DEBUG - [_process_strategies] [N/A] ⏱ Skipping VWAP_diff_signal_rsi_1700, not yet time (every 5m)
2025-04-25 19:29:00 - DEBUG - [_process_strategies] [N/A] ⏱ Skipping VWAP_diff_signal_1700_volume, not yet time (every 5m)
2025-04-25 19:29:00 - DEBUG - [_process_strategies] [N/A] ⏱ Skipping EMA_Cross_candle, not yet time (every 5m)
2025-04-25 19:29:00 - DEBUG - [_process_strategies] [N/A] ⏱ Skipping SMA_Cross_candle, not yet time (every 5m)
2025-04-25 19:29:00 - INFO - [_update_active_orders_and_telegram] [N/A] 📊 Updating SL/TP for active orders
2025-04-25 19:29:01 - INFO - [_wait_until_next_iteration] [N/A] ⏳ Sleeping for 58.92 seconds before the next cycle
2025-04-25 19:30:00 - INFO - [_run_strategy_if_applicable] [N/A] ⏰ Strategy 'SMA_Cross_sma50' not executed because it's outside the time window: 16:35:00 - 16:50:00
2025-04-25 19:30:00 - INFO - [_run_strategy_if_applicable] [N/A] ⏰ Strategy 'EMA_Cross_ema50' not executed because it's outside the time window: 16:35:00 - 16:50:00
2025-04-25 19:30:00 - INFO - [_run_strategy_if_applicable] [N/A] ⏰ Strategy 'VWAP_diff_signal_1700' not executed because it's outside the time window: 17:30:00 - 19:00:00
2025-04-25 19:30:00 - INFO - [_run_strategy_if_applicable] [N/A] ⏰ Strategy 'VWAP_diff_signal_rsi_1700' not executed because it's outside the time window: 17:30:00 - 19:00:00
2025-04-25 19:30:00 - INFO - [_run_strategy_if_applicable] [N/A] ⏰ Strategy 'VWAP_diff_signal_1700_volume' not executed because it's outside the time window: 17:30:00 - 19:00:00
2025-04-25 19:30:00 - INFO - [_run_strategy_if_applicable] [N/A] ⏰ Strategy 'EMA_Cross_candle' not executed because it's outside the time window: 16:35:00 - 16:50:00
2025-04-25 19:30:00 - INFO - [_run_strategy_if_applicable] [N/A] ⏰ Strategy 'SMA_Cross_candle' not executed because it's outside the time window: 16:35:00 - 16:50:00
2025-04-25 19:30:00 - INFO - [_update_active_orders_and_telegram] [N/A] 📊 Updating SL/TP for active orders
2025-04-25 19:30:01 - INFO - [_wait_until_next_iteration] [N/A] ⏳ Sleeping for 58.92 seconds before the next cycle
2025-04-25 19:31:00 - DEBUG - [_process_strategies] [N/A] ⏱ Skipping SMA_Cross_sma50, not yet time (every 5m)
2025-04-25 19:31:00 - DEBUG - [_process_strategies] [N/A] ⏱ Skipping EMA_Cross_ema50, not yet time (every 5m)
2025-04-25 19:31:00 - DEBUG - [_process_strategies] [N/A] ⏱ Skipping VWAP_diff_signal_1700, not yet time (every 5m)
2025-04-25 19:31:00 - DEBUG - [_process_strategies] [N/A] ⏱ Skipping VWAP_diff_signal_rsi_1700, not yet time (every 5m)
2025-04-25 19:31:00 - DEBUG - [_process_strategies] [N/A] ⏱ Skipping VWAP_diff_signal_1700_volume, not yet time (every 5m)
2025-04-25 19:31:00 - DEBUG - [_process_strategies] [N/A] ⏱ Skipping EMA_Cross_candle, not yet time (every 5m)
2025-04-25 19:31:00 - DEBUG - [_process_strategies] [N/A] ⏱ Skipping SMA_Cross_candle, not yet time (every 5m)
2025-04-25 19:31:00 - INFO - [_update_active_orders_and_telegram] [N/A] 📊 Updating SL/TP for active orders
2025-04-25 19:31:01 - INFO - [_wait_until_next_iteration] [N/A] ⏳ Sleeping for 58.92 seconds before the next cycle
2025-04-25 19:32:00 - DEBUG - [_process_strategies] [N/A] ⏱ Skipping SMA_Cross_sma50, not yet time (every 5m)
2025-04-25 19:32:00 - DEBUG - [_process_strategies] [N/A] ⏱ Skipping EMA_Cross_ema50, not yet time (every 5m)
2025-04-25 19:32:00 - DEBUG - [_process_strategies] [N/A] ⏱ Skipping VWAP_diff_signal_1700, not yet time (every 5m)
2025-04-25 19:32:00 - DEBUG - [_process_strategies] [N/A] ⏱ Skipping VWAP_diff_signal_rsi_1700, not yet time (every 5m)
2025-04-25 19:32:00 - DEBUG - [_process_strategies] [N/A] ⏱ Skipping VWAP_diff_signal_1700_volume, not yet time (every 5m)
2025-04-25 19:32:00 - DEBUG - [_process_strategies] [N/A] ⏱ Skipping EMA_Cross_candle, not yet time (every 5m)
2025-04-25 19:32:00 - DEBUG - [_process_strategies] [N/A] ⏱ Skipping SMA_Cross_candle, not yet time (every 5m)
2025-04-25 19:32:00 - INFO - [_update_active_orders_and_telegram] [N/A] 📊 Updating SL/TP for active orders
2025-04-25 19:32:01 - INFO - [_wait_until_next_iteration] [N/A] ⏳ Sleeping for 58.92 seconds before the next cycle
2025-04-25 19:33:00 - DEBUG - [_process_strategies] [N/A] ⏱ Skipping SMA_Cross_sma50, not yet time (every 5m)
2025-04-25 19:33:00 - DEBUG - [_process_strategies] [N/A] ⏱ Skipping EMA_Cross_ema50, not yet time (every 5m)
2025-04-25 19:33:00 - DEBUG - [_process_strategies] [N/A] ⏱ Skipping VWAP_diff_signal_1700, not yet time (every 5m)
2025-04-25 19:33:00 - DEBUG - [_process_strategies] [N/A] ⏱ Skipping VWAP_diff_signal_rsi_1700, not yet time (every 5m)
2025-04-25 19:33:00 - DEBUG - [_process_strategies] [N/A] ⏱ Skipping VWAP_diff_signal_1700_volume, not yet time (every 5m)
2025-04-25 19:33:00 - DEBUG - [_process_strategies] [N/A] ⏱ Skipping EMA_Cross_candle, not yet time (every 5m)
2025-04-25 19:33:00 - DEBUG - [_process_strategies] [N/A] ⏱ Skipping SMA_Cross_candle, not yet time (every 5m)
2025-04-25 19:33:00 - INFO - [_update_active_orders_and_telegram] [N/A] 📊 Updating SL/TP for active orders
2025-04-25 19:33:01 - INFO - [_wait_until_next_iteration] [N/A] ⏳ Sleeping for 58.92 seconds before the next cycle
2025-04-25 19:34:00 - DEBUG - [_process_strategies] [N/A] ⏱ Skipping SMA_Cross_sma50, not yet time (every 5m)
2025-04-25 19:34:00 - DEBUG - [_process_strategies] [N/A] ⏱ Skipping EMA_Cross_ema50, not yet time (every 5m)
2025-04-25 19:34:00 - DEBUG - [_process_strategies] [N/A] ⏱ Skipping VWAP_diff_signal_1700, not yet time (every 5m)
2025-04-25 19:34:00 - DEBUG - [_process_strategies] [N/A] ⏱ Skipping VWAP_diff_signal_rsi_1700, not yet time (every 5m)
2025-04-25 19:34:00 - DEBUG - [_process_strategies] [N/A] ⏱ Skipping VWAP_diff_signal_1700_volume, not yet time (every 5m)
2025-04-25 19:34:00 - DEBUG - [_process_strategies] [N/A] ⏱ Skipping EMA_Cross_candle, not yet time (every 5m)
2025-04-25 19:34:00 - DEBUG - [_process_strategies] [N/A] ⏱ Skipping SMA_Cross_candle, not yet time (every 5m)
2025-04-25 19:34:00 - INFO - [_update_active_orders_and_telegram] [N/A] 📊 Updating SL/TP for active orders
2025-04-25 19:34:01 - INFO - [_wait_until_next_iteration] [N/A] ⏳ Sleeping for 58.92 seconds before the next cycle
2025-04-25 19:35:00 - INFO - [_run_strategy_if_applicable] [N/A] ⏰ Strategy 'SMA_Cross_sma50' not executed because it's outside the time window: 16:35:00 - 16:50:00
2025-04-25 19:35:00 - INFO - [_run_strategy_if_applicable] [N/A] ⏰ Strategy 'EMA_Cross_ema50' not executed because it's outside the time window: 16:35:00 - 16:50:00
2025-04-25 19:35:00 - INFO - [_run_strategy_if_applicable] [N/A] ⏰ Strategy 'VWAP_diff_signal_1700' not executed because it's outside the time window: 17:30:00 - 19:00:00
2025-04-25 19:35:00 - INFO - [_run_strategy_if_applicable] [N/A] ⏰ Strategy 'VWAP_diff_signal_rsi_1700' not executed because it's outside the time window: 17:30:00 - 19:00:00
2025-04-25 19:35:00 - INFO - [_run_strategy_if_applicable] [N/A] ⏰ Strategy 'VWAP_diff_signal_1700_volume' not executed because it's outside the time window: 17:30:00 - 19:00:00
2025-04-25 19:35:00 - INFO - [_run_strategy_if_applicable] [N/A] ⏰ Strategy 'EMA_Cross_candle' not executed because it's outside the time window: 16:35:00 - 16:50:00
2025-04-25 19:35:00 - INFO - [_run_strategy_if_applicable] [N/A] ⏰ Strategy 'SMA_Cross_candle' not executed because it's outside the time window: 16:35:00 - 16:50:00
2025-04-25 19:35:00 - INFO - [_update_active_orders_and_telegram] [N/A] 📊 Updating SL/TP for active orders
2025-04-25 19:35:01 - INFO - [_wait_until_next_iteration] [N/A] ⏳ Sleeping for 58.97 seconds before the next cycle
2025-04-25 19:36:00 - DEBUG - [_process_strategies] [N/A] ⏱ Skipping SMA_Cross_sma50, not yet time (every 5m)
2025-04-25 19:36:00 - DEBUG - [_process_strategies] [N/A] ⏱ Skipping EMA_Cross_ema50, not yet time (every 5m)
2025-04-25 19:36:00 - DEBUG - [_process_strategies] [N/A] ⏱ Skipping VWAP_diff_signal_1700, not yet time (every 5m)
2025-04-25 19:36:00 - DEBUG - [_process_strategies] [N/A] ⏱ Skipping VWAP_diff_signal_rsi_1700, not yet time (every 5m)
2025-04-25 19:36:00 - DEBUG - [_process_strategies] [N/A] ⏱ Skipping VWAP_diff_signal_1700_volume, not yet time (every 5m)
2025-04-25 19:36:00 - DEBUG - [_process_strategies] [N/A] ⏱ Skipping EMA_Cross_candle, not yet time (every 5m)
2025-04-25 19:36:00 - DEBUG - [_process_strategies] [N/A] ⏱ Skipping SMA_Cross_candle, not yet time (every 5m)
2025-04-25 19:36:00 - INFO - [_update_active_orders_and_telegram] [N/A] 📊 Updating SL/TP for active orders
2025-04-25 19:36:01 - INFO - [_wait_until_next_iteration] [N/A] ⏳ Sleeping for 58.92 seconds before the next cycle
2025-04-25 19:37:00 - DEBUG - [_process_strategies] [N/A] ⏱ Skipping SMA_Cross_sma50, not yet time (every 5m)
2025-04-25 19:37:00 - DEBUG - [_process_strategies] [N/A] ⏱ Skipping EMA_Cross_ema50, not yet time (every 5m)
2025-04-25 19:37:00 - DEBUG - [_process_strategies] [N/A] ⏱ Skipping VWAP_diff_signal_1700, not yet time (every 5m)
2025-04-25 19:37:00 - DEBUG - [_process_strategies] [N/A] ⏱ Skipping VWAP_diff_signal_rsi_1700, not yet time (every 5m)
2025-04-25 19:37:00 - DEBUG - [_process_strategies] [N/A] ⏱ Skipping VWAP_diff_signal_1700_volume, not yet time (every 5m)
2025-04-25 19:37:00 - DEBUG - [_process_strategies] [N/A] ⏱ Skipping EMA_Cross_candle, not yet time (every 5m)
2025-04-25 19:37:00 - DEBUG - [_process_strategies] [N/A] ⏱ Skipping SMA_Cross_candle, not yet time (every 5m)
2025-04-25 19:37:00 - INFO - [_update_active_orders_and_telegram] [N/A] 📊 Updating SL/TP for active orders
2025-04-25 19:37:01 - INFO - [_wait_until_next_iteration] [N/A] ⏳ Sleeping for 58.92 seconds before the next cycle
2025-04-25 19:38:00 - DEBUG - [_process_strategies] [N/A] ⏱ Skipping SMA_Cross_sma50, not yet time (every 5m)
2025-04-25 19:38:00 - DEBUG - [_process_strategies] [N/A] ⏱ Skipping EMA_Cross_ema50, not yet time (every 5m)
2025-04-25 19:38:00 - DEBUG - [_process_strategies] [N/A] ⏱ Skipping VWAP_diff_signal_1700, not yet time (every 5m)
2025-04-25 19:38:00 - DEBUG - [_process_strategies] [N/A] ⏱ Skipping VWAP_diff_signal_rsi_1700, not yet time (every 5m)
2025-04-25 19:38:00 - DEBUG - [_process_strategies] [N/A] ⏱ Skipping VWAP_diff_signal_1700_volume, not yet time (every 5m)
2025-04-25 19:38:00 - DEBUG - [_process_strategies] [N/A] ⏱ Skipping EMA_Cross_candle, not yet time (every 5m)
2025-04-25 19:38:00 - DEBUG - [_process_strategies] [N/A] ⏱ Skipping SMA_Cross_candle, not yet time (every 5m)
2025-04-25 19:38:00 - INFO - [_update_active_orders_and_telegram] [N/A] 📊 Updating SL/TP for active orders
2025-04-25 19:38:01 - INFO - [_wait_until_next_iteration] [N/A] ⏳ Sleeping for 58.96 seconds before the next cycle
2025-04-25 19:39:00 - DEBUG - [_process_strategies] [N/A] ⏱ Skipping SMA_Cross_sma50, not yet time (every 5m)
2025-04-25 19:39:00 - DEBUG - [_process_strategies] [N/A] ⏱ Skipping EMA_Cross_ema50, not yet time (every 5m)
2025-04-25 19:39:00 - DEBUG - [_process_strategies] [N/A] ⏱ Skipping VWAP_diff_signal_1700, not yet time (every 5m)
2025-04-25 19:39:00 - DEBUG - [_process_strategies] [N/A] ⏱ Skipping VWAP_diff_signal_rsi_1700, not yet time (every 5m)
2025-04-25 19:39:00 - DEBUG - [_process_strategies] [N/A] ⏱ Skipping VWAP_diff_signal_1700_volume, not yet time (every 5m)
2025-04-25 19:39:00 - DEBUG - [_process_strategies] [N/A] ⏱ Skipping EMA_Cross_candle, not yet time (every 5m)
2025-04-25 19:39:00 - DEBUG - [_process_strategies] [N/A] ⏱ Skipping SMA_Cross_candle, not yet time (every 5m)
2025-04-25 19:39:00 - INFO - [_update_active_orders_and_telegram] [N/A] 📊 Updating SL/TP for active orders
2025-04-25 19:39:01 - INFO - [_wait_until_next_iteration] [N/A] ⏳ Sleeping for 58.94 seconds before the next cycle
2025-04-25 19:40:00 - INFO - [_run_strategy_if_applicable] [N/A] ⏰ Strategy 'SMA_Cross_sma50' not executed because it's outside the time window: 16:35:00 - 16:50:00
2025-04-25 19:40:00 - INFO - [_run_strategy_if_applicable] [N/A] ⏰ Strategy 'EMA_Cross_ema50' not executed because it's outside the time window: 16:35:00 - 16:50:00
2025-04-25 19:40:00 - INFO - [_run_strategy_if_applicable] [N/A] ⏰ Strategy 'VWAP_diff_signal_1700' not executed because it's outside the time window: 17:30:00 - 19:00:00
2025-04-25 19:40:00 - INFO - [_run_strategy_if_applicable] [N/A] ⏰ Strategy 'VWAP_diff_signal_rsi_1700' not executed because it's outside the time window: 17:30:00 - 19:00:00
2025-04-25 19:40:00 - INFO - [_run_strategy_if_applicable] [N/A] ⏰ Strategy 'VWAP_diff_signal_1700_volume' not executed because it's outside the time window: 17:30:00 - 19:00:00
2025-04-25 19:40:00 - INFO - [_run_strategy_if_applicable] [N/A] ⏰ Strategy 'EMA_Cross_candle' not executed because it's outside the time window: 16:35:00 - 16:50:00
2025-04-25 19:40:00 - INFO - [_run_strategy_if_applicable] [N/A] ⏰ Strategy 'SMA_Cross_candle' not executed because it's outside the time window: 16:35:00 - 16:50:00
2025-04-25 19:40:00 - INFO - [_update_active_orders_and_telegram] [N/A] 📊 Updating SL/TP for active orders
2025-04-25 19:40:01 - INFO - [_wait_until_next_iteration] [N/A] ⏳ Sleeping for 58.92 seconds before the next cycle
2025-04-25 19:41:00 - DEBUG - [_process_strategies] [N/A] ⏱ Skipping SMA_Cross_sma50, not yet time (every 5m)
2025-04-25 19:41:00 - DEBUG - [_process_strategies] [N/A] ⏱ Skipping EMA_Cross_ema50, not yet time (every 5m)
2025-04-25 19:41:00 - DEBUG - [_process_strategies] [N/A] ⏱ Skipping VWAP_diff_signal_1700, not yet time (every 5m)
2025-04-25 19:41:00 - DEBUG - [_process_strategies] [N/A] ⏱ Skipping VWAP_diff_signal_rsi_1700, not yet time (every 5m)
2025-04-25 19:41:00 - DEBUG - [_process_strategies] [N/A] ⏱ Skipping VWAP_diff_signal_1700_volume, not yet time (every 5m)
2025-04-25 19:41:00 - DEBUG - [_process_strategies] [N/A] ⏱ Skipping EMA_Cross_candle, not yet time (every 5m)
2025-04-25 19:41:00 - DEBUG - [_process_strategies] [N/A] ⏱ Skipping SMA_Cross_candle, not yet time (every 5m)
2025-04-25 19:41:00 - INFO - [_update_active_orders_and_telegram] [N/A] 📊 Updating SL/TP for active orders
2025-04-25 19:41:01 - INFO - [_wait_until_next_iteration] [N/A] ⏳ Sleeping for 58.97 seconds before the next cycle
2025-04-25 19:42:00 - DEBUG - [_process_strategies] [N/A] ⏱ Skipping SMA_Cross_sma50, not yet time (every 5m)
2025-04-25 19:42:00 - DEBUG - [_process_strategies] [N/A] ⏱ Skipping EMA_Cross_ema50, not yet time (every 5m)
2025-04-25 19:42:00 - DEBUG - [_process_strategies] [N/A] ⏱ Skipping VWAP_diff_signal_1700, not yet time (every 5m)
2025-04-25 19:42:00 - DEBUG - [_process_strategies] [N/A] ⏱ Skipping VWAP_diff_signal_rsi_1700, not yet time (every 5m)
2025-04-25 19:42:00 - DEBUG - [_process_strategies] [N/A] ⏱ Skipping VWAP_diff_signal_1700_volume, not yet time (every 5m)
2025-04-25 19:42:00 - DEBUG - [_process_strategies] [N/A] ⏱ Skipping EMA_Cross_candle, not yet time (every 5m)
2025-04-25 19:42:00 - DEBUG - [_process_strategies] [N/A] ⏱ Skipping SMA_Cross_candle, not yet time (every 5m)
2025-04-25 19:42:00 - INFO - [_update_active_orders_and_telegram] [N/A] 📊 Updating SL/TP for active orders
2025-04-25 19:42:01 - INFO - [_wait_until_next_iteration] [N/A] ⏳ Sleeping for 58.92 seconds before the next cycle
2025-04-25 19:43:00 - DEBUG - [_process_strategies] [N/A] ⏱ Skipping SMA_Cross_sma50, not yet time (every 5m)
2025-04-25 19:43:00 - DEBUG - [_process_strategies] [N/A] ⏱ Skipping EMA_Cross_ema50, not yet time (every 5m)
2025-04-25 19:43:00 - DEBUG - [_process_strategies] [N/A] ⏱ Skipping VWAP_diff_signal_1700, not yet time (every 5m)
2025-04-25 19:43:00 - DEBUG - [_process_strategies] [N/A] ⏱ Skipping VWAP_diff_signal_rsi_1700, not yet time (every 5m)
2025-04-25 19:43:00 - DEBUG - [_process_strategies] [N/A] ⏱ Skipping VWAP_diff_signal_1700_volume, not yet time (every 5m)
2025-04-25 19:43:00 - DEBUG - [_process_strategies] [N/A] ⏱ Skipping EMA_Cross_candle, not yet time (every 5m)
2025-04-25 19:43:00 - DEBUG - [_process_strategies] [N/A] ⏱ Skipping SMA_Cross_candle, not yet time (every 5m)
2025-04-25 19:43:00 - INFO - [_update_active_orders_and_telegram] [N/A] 📊 Updating SL/TP for active orders
2025-04-25 19:43:01 - INFO - [_wait_until_next_iteration] [N/A] ⏳ Sleeping for 58.93 seconds before the next cycle
2025-04-25 19:44:00 - DEBUG - [_process_strategies] [N/A] ⏱ Skipping SMA_Cross_sma50, not yet time (every 5m)
2025-04-25 19:44:00 - DEBUG - [_process_strategies] [N/A] ⏱ Skipping EMA_Cross_ema50, not yet time (every 5m)
2025-04-25 19:44:00 - DEBUG - [_process_strategies] [N/A] ⏱ Skipping VWAP_diff_signal_1700, not yet time (every 5m)
2025-04-25 19:44:00 - DEBUG - [_process_strategies] [N/A] ⏱ Skipping VWAP_diff_signal_rsi_1700, not yet time (every 5m)
2025-04-25 19:44:00 - DEBUG - [_process_strategies] [N/A] ⏱ Skipping VWAP_diff_signal_1700_volume, not yet time (every 5m)
2025-04-25 19:44:00 - DEBUG - [_process_strategies] [N/A] ⏱ Skipping EMA_Cross_candle, not yet time (every 5m)
2025-04-25 19:44:00 - DEBUG - [_process_strategies] [N/A] ⏱ Skipping SMA_Cross_candle, not yet time (every 5m)
2025-04-25 19:44:00 - INFO - [_update_active_orders_and_telegram] [N/A] 📊 Updating SL/TP for active orders
2025-04-25 19:44:01 - INFO - [_wait_until_next_iteration] [N/A] ⏳ Sleeping for 58.93 seconds before the next cycle
2025-04-25 19:45:00 - INFO - [_run_strategy_if_applicable] [N/A] ⏰ Strategy 'SMA_Cross_sma50' not executed because it's outside the time window: 16:35:00 - 16:50:00
2025-04-25 19:45:00 - INFO - [_run_strategy_if_applicable] [N/A] ⏰ Strategy 'EMA_Cross_ema50' not executed because it's outside the time window: 16:35:00 - 16:50:00
2025-04-25 19:45:00 - INFO - [_run_strategy_if_applicable] [N/A] ⏰ Strategy 'VWAP_diff_signal_1700' not executed because it's outside the time window: 17:30:00 - 19:00:00
2025-04-25 19:45:00 - INFO - [_run_strategy_if_applicable] [N/A] ⏰ Strategy 'VWAP_diff_signal_rsi_1700' not executed because it's outside the time window: 17:30:00 - 19:00:00
2025-04-25 19:45:00 - INFO - [_run_strategy_if_applicable] [N/A] ⏰ Strategy 'VWAP_diff_signal_1700_volume' not executed because it's outside the time window: 17:30:00 - 19:00:00
2025-04-25 19:45:00 - INFO - [_run_strategy_if_applicable] [N/A] ⏰ Strategy 'EMA_Cross_candle' not executed because it's outside the time window: 16:35:00 - 16:50:00
2025-04-25 19:45:00 - INFO - [_run_strategy_if_applicable] [N/A] ⏰ Strategy 'SMA_Cross_candle' not executed because it's outside the time window: 16:35:00 - 16:50:00
2025-04-25 19:45:00 - INFO - [_update_active_orders_and_telegram] [N/A] 📊 Updating SL/TP for active orders
2025-04-25 19:45:01 - INFO - [_wait_until_next_iteration] [N/A] ⏳ Sleeping for 58.92 seconds before the next cycle
2025-04-25 19:46:00 - DEBUG - [_process_strategies] [N/A] ⏱ Skipping SMA_Cross_sma50, not yet time (every 5m)
2025-04-25 19:46:00 - DEBUG - [_process_strategies] [N/A] ⏱ Skipping EMA_Cross_ema50, not yet time (every 5m)
2025-04-25 19:46:00 - DEBUG - [_process_strategies] [N/A] ⏱ Skipping VWAP_diff_signal_1700, not yet time (every 5m)
2025-04-25 19:46:00 - DEBUG - [_process_strategies] [N/A] ⏱ Skipping VWAP_diff_signal_rsi_1700, not yet time (every 5m)
2025-04-25 19:46:00 - DEBUG - [_process_strategies] [N/A] ⏱ Skipping VWAP_diff_signal_1700_volume, not yet time (every 5m)
2025-04-25 19:46:00 - DEBUG - [_process_strategies] [N/A] ⏱ Skipping EMA_Cross_candle, not yet time (every 5m)
2025-04-25 19:46:00 - DEBUG - [_process_strategies] [N/A] ⏱ Skipping SMA_Cross_candle, not yet time (every 5m)
2025-04-25 19:46:00 - INFO - [_update_active_orders_and_telegram] [N/A] 📊 Updating SL/TP for active orders
2025-04-25 19:46:01 - INFO - [_wait_until_next_iteration] [N/A] ⏳ Sleeping for 58.92 seconds before the next cycle
2025-04-25 19:47:00 - DEBUG - [_process_strategies] [N/A] ⏱ Skipping SMA_Cross_sma50, not yet time (every 5m)
2025-04-25 19:47:00 - DEBUG - [_process_strategies] [N/A] ⏱ Skipping EMA_Cross_ema50, not yet time (every 5m)
2025-04-25 19:47:00 - DEBUG - [_process_strategies] [N/A] ⏱ Skipping VWAP_diff_signal_1700, not yet time (every 5m)
2025-04-25 19:47:00 - DEBUG - [_process_strategies] [N/A] ⏱ Skipping VWAP_diff_signal_rsi_1700, not yet time (every 5m)
2025-04-25 19:47:00 - DEBUG - [_process_strategies] [N/A] ⏱ Skipping VWAP_diff_signal_1700_volume, not yet time (every 5m)
2025-04-25 19:47:00 - DEBUG - [_process_strategies] [N/A] ⏱ Skipping EMA_Cross_candle, not yet time (every 5m)
2025-04-25 19:47:00 - DEBUG - [_process_strategies] [N/A] ⏱ Skipping SMA_Cross_candle, not yet time (every 5m)
2025-04-25 19:47:00 - INFO - [_update_active_orders_and_telegram] [N/A] 📊 Updating SL/TP for active orders
2025-04-25 19:47:01 - INFO - [_wait_until_next_iteration] [N/A] ⏳ Sleeping for 58.92 seconds before the next cycle
2025-04-25 19:48:00 - DEBUG - [_process_strategies] [N/A] ⏱ Skipping SMA_Cross_sma50, not yet time (every 5m)
2025-04-25 19:48:00 - DEBUG - [_process_strategies] [N/A] ⏱ Skipping EMA_Cross_ema50, not yet time (every 5m)
2025-04-25 19:48:00 - DEBUG - [_process_strategies] [N/A] ⏱ Skipping VWAP_diff_signal_1700, not yet time (every 5m)
2025-04-25 19:48:00 - DEBUG - [_process_strategies] [N/A] ⏱ Skipping VWAP_diff_signal_rsi_1700, not yet time (every 5m)
2025-04-25 19:48:00 - DEBUG - [_process_strategies] [N/A] ⏱ Skipping VWAP_diff_signal_1700_volume, not yet time (every 5m)
2025-04-25 19:48:00 - DEBUG - [_process_strategies] [N/A] ⏱ Skipping EMA_Cross_candle, not yet time (every 5m)
2025-04-25 19:48:00 - DEBUG - [_process_strategies] [N/A] ⏱ Skipping SMA_Cross_candle, not yet time (every 5m)
2025-04-25 19:48:00 - INFO - [_update_active_orders_and_telegram] [N/A] 📊 Updating SL/TP for active orders
2025-04-25 19:48:01 - INFO - [_wait_until_next_iteration] [N/A] ⏳ Sleeping for 58.92 seconds before the next cycle
2025-04-25 19:49:00 - DEBUG - [_process_strategies] [N/A] ⏱ Skipping SMA_Cross_sma50, not yet time (every 5m)
2025-04-25 19:49:00 - DEBUG - [_process_strategies] [N/A] ⏱ Skipping EMA_Cross_ema50, not yet time (every 5m)
2025-04-25 19:49:00 - DEBUG - [_process_strategies] [N/A] ⏱ Skipping VWAP_diff_signal_1700, not yet time (every 5m)
2025-04-25 19:49:00 - DEBUG - [_process_strategies] [N/A] ⏱ Skipping VWAP_diff_signal_rsi_1700, not yet time (every 5m)
2025-04-25 19:49:00 - DEBUG - [_process_strategies] [N/A] ⏱ Skipping VWAP_diff_signal_1700_volume, not yet time (every 5m)
2025-04-25 19:49:00 - DEBUG - [_process_strategies] [N/A] ⏱ Skipping EMA_Cross_candle, not yet time (every 5m)
2025-04-25 19:49:00 - DEBUG - [_process_strategies] [N/A] ⏱ Skipping SMA_Cross_candle, not yet time (every 5m)
2025-04-25 19:49:00 - INFO - [_update_active_orders_and_telegram] [N/A] 📊 Updating SL/TP for active orders
2025-04-25 19:49:01 - INFO - [_wait_until_next_iteration] [N/A] ⏳ Sleeping for 58.98 seconds before the next cycle
2025-04-25 19:50:00 - INFO - [_run_strategy_if_applicable] [N/A] ⏰ Strategy 'SMA_Cross_sma50' not executed because it's outside the time window: 16:35:00 - 16:50:00
2025-04-25 19:50:00 - INFO - [_run_strategy_if_applicable] [N/A] ⏰ Strategy 'EMA_Cross_ema50' not executed because it's outside the time window: 16:35:00 - 16:50:00
2025-04-25 19:50:00 - INFO - [_run_strategy_if_applicable] [N/A] ⏰ Strategy 'VWAP_diff_signal_1700' not executed because it's outside the time window: 17:30:00 - 19:00:00
2025-04-25 19:50:00 - INFO - [_run_strategy_if_applicable] [N/A] ⏰ Strategy 'VWAP_diff_signal_rsi_1700' not executed because it's outside the time window: 17:30:00 - 19:00:00
2025-04-25 19:50:00 - INFO - [_run_strategy_if_applicable] [N/A] ⏰ Strategy 'VWAP_diff_signal_1700_volume' not executed because it's outside the time window: 17:30:00 - 19:00:00
2025-04-25 19:50:00 - INFO - [_run_strategy_if_applicable] [N/A] ⏰ Strategy 'EMA_Cross_candle' not executed because it's outside the time window: 16:35:00 - 16:50:00
2025-04-25 19:50:00 - INFO - [_run_strategy_if_applicable] [N/A] ⏰ Strategy 'SMA_Cross_candle' not executed because it's outside the time window: 16:35:00 - 16:50:00
2025-04-25 19:50:00 - INFO - [_update_active_orders_and_telegram] [N/A] 📊 Updating SL/TP for active orders
2025-04-25 19:50:01 - INFO - [_wait_until_next_iteration] [N/A] ⏳ Sleeping for 58.92 seconds before the next cycle
2025-04-25 19:51:00 - DEBUG - [_process_strategies] [N/A] ⏱ Skipping SMA_Cross_sma50, not yet time (every 5m)
2025-04-25 19:51:00 - DEBUG - [_process_strategies] [N/A] ⏱ Skipping EMA_Cross_ema50, not yet time (every 5m)
2025-04-25 19:51:00 - DEBUG - [_process_strategies] [N/A] ⏱ Skipping VWAP_diff_signal_1700, not yet time (every 5m)
2025-04-25 19:51:00 - DEBUG - [_process_strategies] [N/A] ⏱ Skipping VWAP_diff_signal_rsi_1700, not yet time (every 5m)
2025-04-25 19:51:00 - DEBUG - [_process_strategies] [N/A] ⏱ Skipping VWAP_diff_signal_1700_volume, not yet time (every 5m)
2025-04-25 19:51:00 - DEBUG - [_process_strategies] [N/A] ⏱ Skipping EMA_Cross_candle, not yet time (every 5m)
2025-04-25 19:51:00 - DEBUG - [_process_strategies] [N/A] ⏱ Skipping SMA_Cross_candle, not yet time (every 5m)
2025-04-25 19:51:00 - INFO - [_update_active_orders_and_telegram] [N/A] 📊 Updating SL/TP for active orders
2025-04-25 19:51:01 - INFO - [_wait_until_next_iteration] [N/A] ⏳ Sleeping for 58.92 seconds before the next cycle
2025-04-25 19:52:00 - DEBUG - [_process_strategies] [N/A] ⏱ Skipping SMA_Cross_sma50, not yet time (every 5m)
2025-04-25 19:52:00 - DEBUG - [_process_strategies] [N/A] ⏱ Skipping EMA_Cross_ema50, not yet time (every 5m)
2025-04-25 19:52:00 - DEBUG - [_process_strategies] [N/A] ⏱ Skipping VWAP_diff_signal_1700, not yet time (every 5m)
2025-04-25 19:52:00 - DEBUG - [_process_strategies] [N/A] ⏱ Skipping VWAP_diff_signal_rsi_1700, not yet time (every 5m)
2025-04-25 19:52:00 - DEBUG - [_process_strategies] [N/A] ⏱ Skipping VWAP_diff_signal_1700_volume, not yet time (every 5m)
2025-04-25 19:52:00 - DEBUG - [_process_strategies] [N/A] ⏱ Skipping EMA_Cross_candle, not yet time (every 5m)
2025-04-25 19:52:00 - DEBUG - [_process_strategies] [N/A] ⏱ Skipping SMA_Cross_candle, not yet time (every 5m)
2025-04-25 19:52:00 - INFO - [_update_active_orders_and_telegram] [N/A] 📊 Updating SL/TP for active orders
2025-04-25 19:52:01 - INFO - [_wait_until_next_iteration] [N/A] ⏳ Sleeping for 58.92 seconds before the next cycle
2025-04-25 19:53:00 - DEBUG - [_process_strategies] [N/A] ⏱ Skipping SMA_Cross_sma50, not yet time (every 5m)
2025-04-25 19:53:00 - DEBUG - [_process_strategies] [N/A] ⏱ Skipping EMA_Cross_ema50, not yet time (every 5m)
2025-04-25 19:53:00 - DEBUG - [_process_strategies] [N/A] ⏱ Skipping VWAP_diff_signal_1700, not yet time (every 5m)
2025-04-25 19:53:00 - DEBUG - [_process_strategies] [N/A] ⏱ Skipping VWAP_diff_signal_rsi_1700, not yet time (every 5m)
2025-04-25 19:53:00 - DEBUG - [_process_strategies] [N/A] ⏱ Skipping VWAP_diff_signal_1700_volume, not yet time (every 5m)
2025-04-25 19:53:00 - DEBUG - [_process_strategies] [N/A] ⏱ Skipping EMA_Cross_candle, not yet time (every 5m)
2025-04-25 19:53:00 - DEBUG - [_process_strategies] [N/A] ⏱ Skipping SMA_Cross_candle, not yet time (every 5m)
2025-04-25 19:53:00 - INFO - [_update_active_orders_and_telegram] [N/A] 📊 Updating SL/TP for active orders
2025-04-25 19:53:01 - INFO - [_wait_until_next_iteration] [N/A] ⏳ Sleeping for 58.93 seconds before the next cycle
2025-04-25 19:54:00 - DEBUG - [_process_strategies] [N/A] ⏱ Skipping SMA_Cross_sma50, not yet time (every 5m)
2025-04-25 19:54:00 - DEBUG - [_process_strategies] [N/A] ⏱ Skipping EMA_Cross_ema50, not yet time (every 5m)
2025-04-25 19:54:00 - DEBUG - [_process_strategies] [N/A] ⏱ Skipping VWAP_diff_signal_1700, not yet time (every 5m)
2025-04-25 19:54:00 - DEBUG - [_process_strategies] [N/A] ⏱ Skipping VWAP_diff_signal_rsi_1700, not yet time (every 5m)
2025-04-25 19:54:00 - DEBUG - [_process_strategies] [N/A] ⏱ Skipping VWAP_diff_signal_1700_volume, not yet time (every 5m)
2025-04-25 19:54:00 - DEBUG - [_process_strategies] [N/A] ⏱ Skipping EMA_Cross_candle, not yet time (every 5m)
2025-04-25 19:54:00 - DEBUG - [_process_strategies] [N/A] ⏱ Skipping SMA_Cross_candle, not yet time (every 5m)
2025-04-25 19:54:00 - INFO - [_update_active_orders_and_telegram] [N/A] 📊 Updating SL/TP for active orders
2025-04-25 19:54:01 - INFO - [_wait_until_next_iteration] [N/A] ⏳ Sleeping for 58.92 seconds before the next cycle
2025-04-25 19:55:00 - INFO - [_run_strategy_if_applicable] [N/A] ⏰ Strategy 'SMA_Cross_sma50' not executed because it's outside the time window: 16:35:00 - 16:50:00
2025-04-25 19:55:00 - INFO - [_run_strategy_if_applicable] [N/A] ⏰ Strategy 'EMA_Cross_ema50' not executed because it's outside the time window: 16:35:00 - 16:50:00
2025-04-25 19:55:00 - INFO - [_run_strategy_if_applicable] [N/A] ⏰ Strategy 'VWAP_diff_signal_1700' not executed because it's outside the time window: 17:30:00 - 19:00:00
2025-04-25 19:55:00 - INFO - [_run_strategy_if_applicable] [N/A] ⏰ Strategy 'VWAP_diff_signal_rsi_1700' not executed because it's outside the time window: 17:30:00 - 19:00:00
2025-04-25 19:55:00 - INFO - [_run_strategy_if_applicable] [N/A] ⏰ Strategy 'VWAP_diff_signal_1700_volume' not executed because it's outside the time window: 17:30:00 - 19:00:00
2025-04-25 19:55:00 - INFO - [_run_strategy_if_applicable] [N/A] ⏰ Strategy 'EMA_Cross_candle' not executed because it's outside the time window: 16:35:00 - 16:50:00
2025-04-25 19:55:00 - INFO - [_run_strategy_if_applicable] [N/A] ⏰ Strategy 'SMA_Cross_candle' not executed because it's outside the time window: 16:35:00 - 16:50:00
2025-04-25 19:55:00 - INFO - [_update_active_orders_and_telegram] [N/A] 📊 Updating SL/TP for active orders
2025-04-25 19:55:01 - INFO - [_wait_until_next_iteration] [N/A] ⏳ Sleeping for 58.92 seconds before the next cycle
2025-04-25 19:56:00 - DEBUG - [_process_strategies] [N/A] ⏱ Skipping SMA_Cross_sma50, not yet time (every 5m)
2025-04-25 19:56:00 - DEBUG - [_process_strategies] [N/A] ⏱ Skipping EMA_Cross_ema50, not yet time (every 5m)
2025-04-25 19:56:00 - DEBUG - [_process_strategies] [N/A] ⏱ Skipping VWAP_diff_signal_1700, not yet time (every 5m)
2025-04-25 19:56:00 - DEBUG - [_process_strategies] [N/A] ⏱ Skipping VWAP_diff_signal_rsi_1700, not yet time (every 5m)
2025-04-25 19:56:00 - DEBUG - [_process_strategies] [N/A] ⏱ Skipping VWAP_diff_signal_1700_volume, not yet time (every 5m)
2025-04-25 19:56:00 - DEBUG - [_process_strategies] [N/A] ⏱ Skipping EMA_Cross_candle, not yet time (every 5m)
2025-04-25 19:56:00 - DEBUG - [_process_strategies] [N/A] ⏱ Skipping SMA_Cross_candle, not yet time (every 5m)
2025-04-25 19:56:00 - INFO - [_update_active_orders_and_telegram] [N/A] 📊 Updating SL/TP for active orders
2025-04-25 19:56:01 - INFO - [_wait_until_next_iteration] [N/A] ⏳ Sleeping for 58.92 seconds before the next cycle
2025-04-25 19:57:00 - DEBUG - [_process_strategies] [N/A] ⏱ Skipping SMA_Cross_sma50, not yet time (every 5m)
2025-04-25 19:57:00 - DEBUG - [_process_strategies] [N/A] ⏱ Skipping EMA_Cross_ema50, not yet time (every 5m)
2025-04-25 19:57:00 - DEBUG - [_process_strategies] [N/A] ⏱ Skipping VWAP_diff_signal_1700, not yet time (every 5m)
2025-04-25 19:57:00 - DEBUG - [_process_strategies] [N/A] ⏱ Skipping VWAP_diff_signal_rsi_1700, not yet time (every 5m)
2025-04-25 19:57:00 - DEBUG - [_process_strategies] [N/A] ⏱ Skipping VWAP_diff_signal_1700_volume, not yet time (every 5m)
2025-04-25 19:57:00 - DEBUG - [_process_strategies] [N/A] ⏱ Skipping EMA_Cross_candle, not yet time (every 5m)
2025-04-25 19:57:00 - DEBUG - [_process_strategies] [N/A] ⏱ Skipping SMA_Cross_candle, not yet time (every 5m)
2025-04-25 19:57:00 - INFO - [_update_active_orders_and_telegram] [N/A] 📊 Updating SL/TP for active orders
2025-04-25 19:57:01 - INFO - [_wait_until_next_iteration] [N/A] ⏳ Sleeping for 58.94 seconds before the next cycle
2025-04-25 19:58:00 - DEBUG - [_process_strategies] [N/A] ⏱ Skipping SMA_Cross_sma50, not yet time (every 5m)
2025-04-25 19:58:00 - DEBUG - [_process_strategies] [N/A] ⏱ Skipping EMA_Cross_ema50, not yet time (every 5m)
2025-04-25 19:58:00 - DEBUG - [_process_strategies] [N/A] ⏱ Skipping VWAP_diff_signal_1700, not yet time (every 5m)
2025-04-25 19:58:00 - DEBUG - [_process_strategies] [N/A] ⏱ Skipping VWAP_diff_signal_rsi_1700, not yet time (every 5m)
2025-04-25 19:58:00 - DEBUG - [_process_strategies] [N/A] ⏱ Skipping VWAP_diff_signal_1700_volume, not yet time (every 5m)
2025-04-25 19:58:00 - DEBUG - [_process_strategies] [N/A] ⏱ Skipping EMA_Cross_candle, not yet time (every 5m)
2025-04-25 19:58:00 - DEBUG - [_process_strategies] [N/A] ⏱ Skipping SMA_Cross_candle, not yet time (every 5m)
2025-04-25 19:58:00 - INFO - [_update_active_orders_and_telegram] [N/A] 📊 Updating SL/TP for active orders
2025-04-25 19:58:01 - INFO - [_wait_until_next_iteration] [N/A] ⏳ Sleeping for 58.92 seconds before the next cycle
2025-04-25 19:59:00 - DEBUG - [_process_strategies] [N/A] ⏱ Skipping SMA_Cross_sma50, not yet time (every 5m)
2025-04-25 19:59:00 - DEBUG - [_process_strategies] [N/A] ⏱ Skipping EMA_Cross_ema50, not yet time (every 5m)
2025-04-25 19:59:00 - DEBUG - [_process_strategies] [N/A] ⏱ Skipping VWAP_diff_signal_1700, not yet time (every 5m)
2025-04-25 19:59:00 - DEBUG - [_process_strategies] [N/A] ⏱ Skipping VWAP_diff_signal_rsi_1700, not yet time (every 5m)
2025-04-25 19:59:00 - DEBUG - [_process_strategies] [N/A] ⏱ Skipping VWAP_diff_signal_1700_volume, not yet time (every 5m)
2025-04-25 19:59:00 - DEBUG - [_process_strategies] [N/A] ⏱ Skipping EMA_Cross_candle, not yet time (every 5m)
2025-04-25 19:59:00 - DEBUG - [_process_strategies] [N/A] ⏱ Skipping SMA_Cross_candle, not yet time (every 5m)
2025-04-25 19:59:00 - INFO - [_update_active_orders_and_telegram] [N/A] 📊 Updating SL/TP for active orders
2025-04-25 19:59:01 - INFO - [_wait_until_next_iteration] [N/A] ⏳ Sleeping for 58.93 seconds before the next cycle
2025-04-25 20:00:00 - INFO - [_run_strategy_if_applicable] [N/A] ⏰ Strategy 'SMA_Cross_sma50' not executed because it's outside the time window: 16:35:00 - 16:50:00
2025-04-25 20:00:00 - INFO - [_run_strategy_if_applicable] [N/A] ⏰ Strategy 'EMA_Cross_ema50' not executed because it's outside the time window: 16:35:00 - 16:50:00
2025-04-25 20:00:00 - INFO - [_run_strategy_if_applicable] [N/A] ⏰ Strategy 'VWAP_diff_signal_1700' not executed because it's outside the time window: 17:30:00 - 19:00:00
2025-04-25 20:00:00 - INFO - [_run_strategy_if_applicable] [N/A] ⏰ Strategy 'VWAP_diff_signal_rsi_1700' not executed because it's outside the time window: 17:30:00 - 19:00:00
2025-04-25 20:00:00 - INFO - [_run_strategy_if_applicable] [N/A] ⏰ Strategy 'VWAP_diff_signal_1700_volume' not executed because it's outside the time window: 17:30:00 - 19:00:00
2025-04-25 20:00:00 - INFO - [_run_strategy_if_applicable] [N/A] ⏰ Strategy 'EMA_Cross_candle' not executed because it's outside the time window: 16:35:00 - 16:50:00
2025-04-25 20:00:00 - INFO - [_run_strategy_if_applicable] [N/A] ⏰ Strategy 'SMA_Cross_candle' not executed because it's outside the time window: 16:35:00 - 16:50:00
2025-04-25 20:00:00 - INFO - [_update_active_orders_and_telegram] [N/A] 📊 Updating SL/TP for active orders
2025-04-25 20:00:01 - INFO - [_wait_until_next_iteration] [N/A] ⏳ Sleeping for 58.92 seconds before the next cycle
2025-04-25 20:01:00 - DEBUG - [_process_strategies] [N/A] ⏱ Skipping SMA_Cross_sma50, not yet time (every 5m)
2025-04-25 20:01:00 - DEBUG - [_process_strategies] [N/A] ⏱ Skipping EMA_Cross_ema50, not yet time (every 5m)
2025-04-25 20:01:00 - DEBUG - [_process_strategies] [N/A] ⏱ Skipping VWAP_diff_signal_1700, not yet time (every 5m)
2025-04-25 20:01:00 - DEBUG - [_process_strategies] [N/A] ⏱ Skipping VWAP_diff_signal_rsi_1700, not yet time (every 5m)
2025-04-25 20:01:00 - DEBUG - [_process_strategies] [N/A] ⏱ Skipping VWAP_diff_signal_1700_volume, not yet time (every 5m)
2025-04-25 20:01:00 - DEBUG - [_process_strategies] [N/A] ⏱ Skipping EMA_Cross_candle, not yet time (every 5m)
2025-04-25 20:01:00 - DEBUG - [_process_strategies] [N/A] ⏱ Skipping SMA_Cross_candle, not yet time (every 5m)
2025-04-25 20:01:00 - INFO - [_update_active_orders_and_telegram] [N/A] 📊 Updating SL/TP for active orders
2025-04-25 20:01:01 - INFO - [_wait_until_next_iteration] [N/A] ⏳ Sleeping for 58.92 seconds before the next cycle
2025-04-25 20:02:00 - DEBUG - [_process_strategies] [N/A] ⏱ Skipping SMA_Cross_sma50, not yet time (every 5m)
2025-04-25 20:02:00 - DEBUG - [_process_strategies] [N/A] ⏱ Skipping EMA_Cross_ema50, not yet time (every 5m)
2025-04-25 20:02:00 - DEBUG - [_process_strategies] [N/A] ⏱ Skipping VWAP_diff_signal_1700, not yet time (every 5m)
2025-04-25 20:02:00 - DEBUG - [_process_strategies] [N/A] ⏱ Skipping VWAP_diff_signal_rsi_1700, not yet time (every 5m)
2025-04-25 20:02:00 - DEBUG - [_process_strategies] [N/A] ⏱ Skipping VWAP_diff_signal_1700_volume, not yet time (every 5m)
2025-04-25 20:02:00 - DEBUG - [_process_strategies] [N/A] ⏱ Skipping EMA_Cross_candle, not yet time (every 5m)
2025-04-25 20:02:00 - DEBUG - [_process_strategies] [N/A] ⏱ Skipping SMA_Cross_candle, not yet time (every 5m)
2025-04-25 20:02:00 - INFO - [_update_active_orders_and_telegram] [N/A] 📊 Updating SL/TP for active orders
2025-04-25 20:02:01 - INFO - [_wait_until_next_iteration] [N/A] ⏳ Sleeping for 58.92 seconds before the next cycle
2025-04-25 20:03:00 - DEBUG - [_process_strategies] [N/A] ⏱ Skipping SMA_Cross_sma50, not yet time (every 5m)
2025-04-25 20:03:00 - DEBUG - [_process_strategies] [N/A] ⏱ Skipping EMA_Cross_ema50, not yet time (every 5m)
2025-04-25 20:03:00 - DEBUG - [_process_strategies] [N/A] ⏱ Skipping VWAP_diff_signal_1700, not yet time (every 5m)
2025-04-25 20:03:00 - DEBUG - [_process_strategies] [N/A] ⏱ Skipping VWAP_diff_signal_rsi_1700, not yet time (every 5m)
2025-04-25 20:03:00 - DEBUG - [_process_strategies] [N/A] ⏱ Skipping VWAP_diff_signal_1700_volume, not yet time (every 5m)
2025-04-25 20:03:00 - DEBUG - [_process_strategies] [N/A] ⏱ Skipping EMA_Cross_candle, not yet time (every 5m)
2025-04-25 20:03:00 - DEBUG - [_process_strategies] [N/A] ⏱ Skipping SMA_Cross_candle, not yet time (every 5m)
2025-04-25 20:03:00 - INFO - [_update_active_orders_and_telegram] [N/A] 📊 Updating SL/TP for active orders
2025-04-25 20:03:01 - INFO - [_wait_until_next_iteration] [N/A] ⏳ Sleeping for 58.92 seconds before the next cycle
2025-04-25 20:04:00 - DEBUG - [_process_strategies] [N/A] ⏱ Skipping SMA_Cross_sma50, not yet time (every 5m)
2025-04-25 20:04:00 - DEBUG - [_process_strategies] [N/A] ⏱ Skipping EMA_Cross_ema50, not yet time (every 5m)
2025-04-25 20:04:00 - DEBUG - [_process_strategies] [N/A] ⏱ Skipping VWAP_diff_signal_1700, not yet time (every 5m)
2025-04-25 20:04:00 - DEBUG - [_process_strategies] [N/A] ⏱ Skipping VWAP_diff_signal_rsi_1700, not yet time (every 5m)
2025-04-25 20:04:00 - DEBUG - [_process_strategies] [N/A] ⏱ Skipping VWAP_diff_signal_1700_volume, not yet time (every 5m)
2025-04-25 20:04:00 - DEBUG - [_process_strategies] [N/A] ⏱ Skipping EMA_Cross_candle, not yet time (every 5m)
2025-04-25 20:04:00 - DEBUG - [_process_strategies] [N/A] ⏱ Skipping SMA_Cross_candle, not yet time (every 5m)
2025-04-25 20:04:00 - INFO - [_update_active_orders_and_telegram] [N/A] 📊 Updating SL/TP for active orders
2025-04-25 20:04:01 - INFO - [_wait_until_next_iteration] [N/A] ⏳ Sleeping for 58.92 seconds before the next cycle
2025-04-25 20:05:00 - INFO - [_run_strategy_if_applicable] [N/A] ⏰ Strategy 'SMA_Cross_sma50' not executed because it's outside the time window: 16:35:00 - 16:50:00
2025-04-25 20:05:00 - INFO - [_run_strategy_if_applicable] [N/A] ⏰ Strategy 'EMA_Cross_ema50' not executed because it's outside the time window: 16:35:00 - 16:50:00
2025-04-25 20:05:00 - INFO - [_run_strategy_if_applicable] [N/A] ⏰ Strategy 'VWAP_diff_signal_1700' not executed because it's outside the time window: 17:30:00 - 19:00:00
2025-04-25 20:05:00 - INFO - [_run_strategy_if_applicable] [N/A] ⏰ Strategy 'VWAP_diff_signal_rsi_1700' not executed because it's outside the time window: 17:30:00 - 19:00:00
2025-04-25 20:05:00 - INFO - [_run_strategy_if_applicable] [N/A] ⏰ Strategy 'VWAP_diff_signal_1700_volume' not executed because it's outside the time window: 17:30:00 - 19:00:00
2025-04-25 20:05:00 - INFO - [_run_strategy_if_applicable] [N/A] ⏰ Strategy 'EMA_Cross_candle' not executed because it's outside the time window: 16:35:00 - 16:50:00
2025-04-25 20:05:00 - INFO - [_run_strategy_if_applicable] [N/A] ⏰ Strategy 'SMA_Cross_candle' not executed because it's outside the time window: 16:35:00 - 16:50:00
2025-04-25 20:05:00 - INFO - [_update_active_orders_and_telegram] [N/A] 📊 Updating SL/TP for active orders
2025-04-25 20:05:01 - INFO - [_wait_until_next_iteration] [N/A] ⏳ Sleeping for 58.92 seconds before the next cycle
2025-04-25 20:06:00 - DEBUG - [_process_strategies] [N/A] ⏱ Skipping SMA_Cross_sma50, not yet time (every 5m)
2025-04-25 20:06:00 - DEBUG - [_process_strategies] [N/A] ⏱ Skipping EMA_Cross_ema50, not yet time (every 5m)
2025-04-25 20:06:00 - DEBUG - [_process_strategies] [N/A] ⏱ Skipping VWAP_diff_signal_1700, not yet time (every 5m)
2025-04-25 20:06:00 - DEBUG - [_process_strategies] [N/A] ⏱ Skipping VWAP_diff_signal_rsi_1700, not yet time (every 5m)
2025-04-25 20:06:00 - DEBUG - [_process_strategies] [N/A] ⏱ Skipping VWAP_diff_signal_1700_volume, not yet time (every 5m)
2025-04-25 20:06:00 - DEBUG - [_process_strategies] [N/A] ⏱ Skipping EMA_Cross_candle, not yet time (every 5m)
2025-04-25 20:06:00 - DEBUG - [_process_strategies] [N/A] ⏱ Skipping SMA_Cross_candle, not yet time (every 5m)
2025-04-25 20:06:00 - INFO - [_update_active_orders_and_telegram] [N/A] 📊 Updating SL/TP for active orders
2025-04-25 20:06:01 - INFO - [_wait_until_next_iteration] [N/A] ⏳ Sleeping for 58.93 seconds before the next cycle
2025-04-25 20:07:00 - DEBUG - [_process_strategies] [N/A] ⏱ Skipping SMA_Cross_sma50, not yet time (every 5m)
2025-04-25 20:07:00 - DEBUG - [_process_strategies] [N/A] ⏱ Skipping EMA_Cross_ema50, not yet time (every 5m)
2025-04-25 20:07:00 - DEBUG - [_process_strategies] [N/A] ⏱ Skipping VWAP_diff_signal_1700, not yet time (every 5m)
2025-04-25 20:07:00 - DEBUG - [_process_strategies] [N/A] ⏱ Skipping VWAP_diff_signal_rsi_1700, not yet time (every 5m)
2025-04-25 20:07:00 - DEBUG - [_process_strategies] [N/A] ⏱ Skipping VWAP_diff_signal_1700_volume, not yet time (every 5m)
2025-04-25 20:07:00 - DEBUG - [_process_strategies] [N/A] ⏱ Skipping EMA_Cross_candle, not yet time (every 5m)
2025-04-25 20:07:00 - DEBUG - [_process_strategies] [N/A] ⏱ Skipping SMA_Cross_candle, not yet time (every 5m)
2025-04-25 20:07:00 - INFO - [_update_active_orders_and_telegram] [N/A] 📊 Updating SL/TP for active orders
2025-04-25 20:07:01 - INFO - [_wait_until_next_iteration] [N/A] ⏳ Sleeping for 58.92 seconds before the next cycle
2025-04-25 20:08:00 - DEBUG - [_process_strategies] [N/A] ⏱ Skipping SMA_Cross_sma50, not yet time (every 5m)
2025-04-25 20:08:00 - DEBUG - [_process_strategies] [N/A] ⏱ Skipping EMA_Cross_ema50, not yet time (every 5m)
2025-04-25 20:08:00 - DEBUG - [_process_strategies] [N/A] ⏱ Skipping VWAP_diff_signal_1700, not yet time (every 5m)
2025-04-25 20:08:00 - DEBUG - [_process_strategies] [N/A] ⏱ Skipping VWAP_diff_signal_rsi_1700, not yet time (every 5m)
2025-04-25 20:08:00 - DEBUG - [_process_strategies] [N/A] ⏱ Skipping VWAP_diff_signal_1700_volume, not yet time (every 5m)
2025-04-25 20:08:00 - DEBUG - [_process_strategies] [N/A] ⏱ Skipping EMA_Cross_candle, not yet time (every 5m)
2025-04-25 20:08:00 - DEBUG - [_process_strategies] [N/A] ⏱ Skipping SMA_Cross_candle, not yet time (every 5m)
2025-04-25 20:08:00 - INFO - [_update_active_orders_and_telegram] [N/A] 📊 Updating SL/TP for active orders
2025-04-25 20:08:01 - INFO - [_wait_until_next_iteration] [N/A] ⏳ Sleeping for 58.92 seconds before the next cycle
2025-04-25 20:09:00 - DEBUG - [_process_strategies] [N/A] ⏱ Skipping SMA_Cross_sma50, not yet time (every 5m)
2025-04-25 20:09:00 - DEBUG - [_process_strategies] [N/A] ⏱ Skipping EMA_Cross_ema50, not yet time (every 5m)
2025-04-25 20:09:00 - DEBUG - [_process_strategies] [N/A] ⏱ Skipping VWAP_diff_signal_1700, not yet time (every 5m)
2025-04-25 20:09:00 - DEBUG - [_process_strategies] [N/A] ⏱ Skipping VWAP_diff_signal_rsi_1700, not yet time (every 5m)
2025-04-25 20:09:00 - DEBUG - [_process_strategies] [N/A] ⏱ Skipping VWAP_diff_signal_1700_volume, not yet time (every 5m)
2025-04-25 20:09:00 - DEBUG - [_process_strategies] [N/A] ⏱ Skipping EMA_Cross_candle, not yet time (every 5m)
2025-04-25 20:09:00 - DEBUG - [_process_strategies] [N/A] ⏱ Skipping SMA_Cross_candle, not yet time (every 5m)
2025-04-25 20:09:00 - INFO - [_update_active_orders_and_telegram] [N/A] 📊 Updating SL/TP for active orders
2025-04-25 20:09:01 - INFO - [_wait_until_next_iteration] [N/A] ⏳ Sleeping for 58.92 seconds before the next cycle
2025-04-25 20:10:00 - INFO - [_run_strategy_if_applicable] [N/A] ⏰ Strategy 'SMA_Cross_sma50' not executed because it's outside the time window: 16:35:00 - 16:50:00
2025-04-25 20:10:00 - INFO - [_run_strategy_if_applicable] [N/A] ⏰ Strategy 'EMA_Cross_ema50' not executed because it's outside the time window: 16:35:00 - 16:50:00
2025-04-25 20:10:00 - INFO - [_run_strategy_if_applicable] [N/A] ⏰ Strategy 'VWAP_diff_signal_1700' not executed because it's outside the time window: 17:30:00 - 19:00:00
2025-04-25 20:10:00 - INFO - [_run_strategy_if_applicable] [N/A] ⏰ Strategy 'VWAP_diff_signal_rsi_1700' not executed because it's outside the time window: 17:30:00 - 19:00:00
2025-04-25 20:10:00 - INFO - [_run_strategy_if_applicable] [N/A] ⏰ Strategy 'VWAP_diff_signal_1700_volume' not executed because it's outside the time window: 17:30:00 - 19:00:00
2025-04-25 20:10:00 - INFO - [_run_strategy_if_applicable] [N/A] ⏰ Strategy 'EMA_Cross_candle' not executed because it's outside the time window: 16:35:00 - 16:50:00
2025-04-25 20:10:00 - INFO - [_run_strategy_if_applicable] [N/A] ⏰ Strategy 'SMA_Cross_candle' not executed because it's outside the time window: 16:35:00 - 16:50:00
2025-04-25 20:10:00 - INFO - [_update_active_orders_and_telegram] [N/A] 📊 Updating SL/TP for active orders
2025-04-25 20:10:01 - INFO - [_wait_until_next_iteration] [N/A] ⏳ Sleeping for 58.92 seconds before the next cycle
2025-04-25 20:11:00 - DEBUG - [_process_strategies] [N/A] ⏱ Skipping SMA_Cross_sma50, not yet time (every 5m)
2025-04-25 20:11:00 - DEBUG - [_process_strategies] [N/A] ⏱ Skipping EMA_Cross_ema50, not yet time (every 5m)
2025-04-25 20:11:00 - DEBUG - [_process_strategies] [N/A] ⏱ Skipping VWAP_diff_signal_1700, not yet time (every 5m)
2025-04-25 20:11:00 - DEBUG - [_process_strategies] [N/A] ⏱ Skipping VWAP_diff_signal_rsi_1700, not yet time (every 5m)
2025-04-25 20:11:00 - DEBUG - [_process_strategies] [N/A] ⏱ Skipping VWAP_diff_signal_1700_volume, not yet time (every 5m)
2025-04-25 20:11:00 - DEBUG - [_process_strategies] [N/A] ⏱ Skipping EMA_Cross_candle, not yet time (every 5m)
2025-04-25 20:11:00 - DEBUG - [_process_strategies] [N/A] ⏱ Skipping SMA_Cross_candle, not yet time (every 5m)
2025-04-25 20:11:00 - INFO - [_update_active_orders_and_telegram] [N/A] 📊 Updating SL/TP for active orders
2025-04-25 20:11:01 - INFO - [_wait_until_next_iteration] [N/A] ⏳ Sleeping for 58.92 seconds before the next cycle
2025-04-25 20:12:00 - DEBUG - [_process_strategies] [N/A] ⏱ Skipping SMA_Cross_sma50, not yet time (every 5m)
2025-04-25 20:12:00 - DEBUG - [_process_strategies] [N/A] ⏱ Skipping EMA_Cross_ema50, not yet time (every 5m)
2025-04-25 20:12:00 - DEBUG - [_process_strategies] [N/A] ⏱ Skipping VWAP_diff_signal_1700, not yet time (every 5m)
2025-04-25 20:12:00 - DEBUG - [_process_strategies] [N/A] ⏱ Skipping VWAP_diff_signal_rsi_1700, not yet time (every 5m)
2025-04-25 20:12:00 - DEBUG - [_process_strategies] [N/A] ⏱ Skipping VWAP_diff_signal_1700_volume, not yet time (every 5m)
2025-04-25 20:12:00 - DEBUG - [_process_strategies] [N/A] ⏱ Skipping EMA_Cross_candle, not yet time (every 5m)
2025-04-25 20:12:00 - DEBUG - [_process_strategies] [N/A] ⏱ Skipping SMA_Cross_candle, not yet time (every 5m)
2025-04-25 20:12:00 - INFO - [_update_active_orders_and_telegram] [N/A] 📊 Updating SL/TP for active orders
2025-04-25 20:12:01 - INFO - [_wait_until_next_iteration] [N/A] ⏳ Sleeping for 58.92 seconds before the next cycle
2025-04-25 20:13:00 - DEBUG - [_process_strategies] [N/A] ⏱ Skipping SMA_Cross_sma50, not yet time (every 5m)
2025-04-25 20:13:00 - DEBUG - [_process_strategies] [N/A] ⏱ Skipping EMA_Cross_ema50, not yet time (every 5m)
2025-04-25 20:13:00 - DEBUG - [_process_strategies] [N/A] ⏱ Skipping VWAP_diff_signal_1700, not yet time (every 5m)
2025-04-25 20:13:00 - DEBUG - [_process_strategies] [N/A] ⏱ Skipping VWAP_diff_signal_rsi_1700, not yet time (every 5m)
2025-04-25 20:13:00 - DEBUG - [_process_strategies] [N/A] ⏱ Skipping VWAP_diff_signal_1700_volume, not yet time (every 5m)
2025-04-25 20:13:00 - DEBUG - [_process_strategies] [N/A] ⏱ Skipping EMA_Cross_candle, not yet time (every 5m)
2025-04-25 20:13:00 - DEBUG - [_process_strategies] [N/A] ⏱ Skipping SMA_Cross_candle, not yet time (every 5m)
2025-04-25 20:13:00 - INFO - [_update_active_orders_and_telegram] [N/A] 📊 Updating SL/TP for active orders
2025-04-25 20:13:01 - INFO - [_wait_until_next_iteration] [N/A] ⏳ Sleeping for 58.94 seconds before the next cycle
2025-04-25 20:14:00 - DEBUG - [_process_strategies] [N/A] ⏱ Skipping SMA_Cross_sma50, not yet time (every 5m)
2025-04-25 20:14:00 - DEBUG - [_process_strategies] [N/A] ⏱ Skipping EMA_Cross_ema50, not yet time (every 5m)
2025-04-25 20:14:00 - DEBUG - [_process_strategies] [N/A] ⏱ Skipping VWAP_diff_signal_1700, not yet time (every 5m)
2025-04-25 20:14:00 - DEBUG - [_process_strategies] [N/A] ⏱ Skipping VWAP_diff_signal_rsi_1700, not yet time (every 5m)
2025-04-25 20:14:00 - DEBUG - [_process_strategies] [N/A] ⏱ Skipping VWAP_diff_signal_1700_volume, not yet time (every 5m)
2025-04-25 20:14:00 - DEBUG - [_process_strategies] [N/A] ⏱ Skipping EMA_Cross_candle, not yet time (every 5m)
2025-04-25 20:14:00 - DEBUG - [_process_strategies] [N/A] ⏱ Skipping SMA_Cross_candle, not yet time (every 5m)
2025-04-25 20:14:00 - INFO - [_update_active_orders_and_telegram] [N/A] 📊 Updating SL/TP for active orders
2025-04-25 20:14:01 - INFO - [_wait_until_next_iteration] [N/A] ⏳ Sleeping for 58.93 seconds before the next cycle
2025-04-25 20:15:00 - INFO - [_run_strategy_if_applicable] [N/A] ⏰ Strategy 'SMA_Cross_sma50' not executed because it's outside the time window: 16:35:00 - 16:50:00
2025-04-25 20:15:00 - INFO - [_run_strategy_if_applicable] [N/A] ⏰ Strategy 'EMA_Cross_ema50' not executed because it's outside the time window: 16:35:00 - 16:50:00
2025-04-25 20:15:00 - INFO - [_run_strategy_if_applicable] [N/A] ⏰ Strategy 'VWAP_diff_signal_1700' not executed because it's outside the time window: 17:30:00 - 19:00:00
2025-04-25 20:15:00 - INFO - [_run_strategy_if_applicable] [N/A] ⏰ Strategy 'VWAP_diff_signal_rsi_1700' not executed because it's outside the time window: 17:30:00 - 19:00:00
2025-04-25 20:15:00 - INFO - [_run_strategy_if_applicable] [N/A] ⏰ Strategy 'VWAP_diff_signal_1700_volume' not executed because it's outside the time window: 17:30:00 - 19:00:00
2025-04-25 20:15:00 - INFO - [_run_strategy_if_applicable] [N/A] ⏰ Strategy 'EMA_Cross_candle' not executed because it's outside the time window: 16:35:00 - 16:50:00
2025-04-25 20:15:00 - INFO - [_run_strategy_if_applicable] [N/A] ⏰ Strategy 'SMA_Cross_candle' not executed because it's outside the time window: 16:35:00 - 16:50:00
2025-04-25 20:15:00 - INFO - [_update_active_orders_and_telegram] [N/A] 📊 Updating SL/TP for active orders
2025-04-25 20:15:01 - INFO - [_wait_until_next_iteration] [N/A] ⏳ Sleeping for 58.92 seconds before the next cycle
2025-04-25 20:16:00 - DEBUG - [_process_strategies] [N/A] ⏱ Skipping SMA_Cross_sma50, not yet time (every 5m)
2025-04-25 20:16:00 - DEBUG - [_process_strategies] [N/A] ⏱ Skipping EMA_Cross_ema50, not yet time (every 5m)
2025-04-25 20:16:00 - DEBUG - [_process_strategies] [N/A] ⏱ Skipping VWAP_diff_signal_1700, not yet time (every 5m)
2025-04-25 20:16:00 - DEBUG - [_process_strategies] [N/A] ⏱ Skipping VWAP_diff_signal_rsi_1700, not yet time (every 5m)
2025-04-25 20:16:00 - DEBUG - [_process_strategies] [N/A] ⏱ Skipping VWAP_diff_signal_1700_volume, not yet time (every 5m)
2025-04-25 20:16:00 - DEBUG - [_process_strategies] [N/A] ⏱ Skipping EMA_Cross_candle, not yet time (every 5m)
2025-04-25 20:16:00 - DEBUG - [_process_strategies] [N/A] ⏱ Skipping SMA_Cross_candle, not yet time (every 5m)
2025-04-25 20:16:00 - INFO - [_update_active_orders_and_telegram] [N/A] 📊 Updating SL/TP for active orders
2025-04-25 20:16:01 - INFO - [_wait_until_next_iteration] [N/A] ⏳ Sleeping for 58.92 seconds before the next cycle
2025-04-25 20:17:00 - DEBUG - [_process_strategies] [N/A] ⏱ Skipping SMA_Cross_sma50, not yet time (every 5m)
2025-04-25 20:17:00 - DEBUG - [_process_strategies] [N/A] ⏱ Skipping EMA_Cross_ema50, not yet time (every 5m)
2025-04-25 20:17:00 - DEBUG - [_process_strategies] [N/A] ⏱ Skipping VWAP_diff_signal_1700, not yet time (every 5m)
2025-04-25 20:17:00 - DEBUG - [_process_strategies] [N/A] ⏱ Skipping VWAP_diff_signal_rsi_1700, not yet time (every 5m)
2025-04-25 20:17:00 - DEBUG - [_process_strategies] [N/A] ⏱ Skipping VWAP_diff_signal_1700_volume, not yet time (every 5m)
2025-04-25 20:17:00 - DEBUG - [_process_strategies] [N/A] ⏱ Skipping EMA_Cross_candle, not yet time (every 5m)
2025-04-25 20:17:00 - DEBUG - [_process_strategies] [N/A] ⏱ Skipping SMA_Cross_candle, not yet time (every 5m)
2025-04-25 20:17:00 - INFO - [_update_active_orders_and_telegram] [N/A] 📊 Updating SL/TP for active orders
2025-04-25 20:17:01 - INFO - [_wait_until_next_iteration] [N/A] ⏳ Sleeping for 58.92 seconds before the next cycle
2025-04-25 20:18:00 - DEBUG - [_process_strategies] [N/A] ⏱ Skipping SMA_Cross_sma50, not yet time (every 5m)
2025-04-25 20:18:00 - DEBUG - [_process_strategies] [N/A] ⏱ Skipping EMA_Cross_ema50, not yet time (every 5m)
2025-04-25 20:18:00 - DEBUG - [_process_strategies] [N/A] ⏱ Skipping VWAP_diff_signal_1700, not yet time (every 5m)
2025-04-25 20:18:00 - DEBUG - [_process_strategies] [N/A] ⏱ Skipping VWAP_diff_signal_rsi_1700, not yet time (every 5m)
2025-04-25 20:18:00 - DEBUG - [_process_strategies] [N/A] ⏱ Skipping VWAP_diff_signal_1700_volume, not yet time (every 5m)
2025-04-25 20:18:00 - DEBUG - [_process_strategies] [N/A] ⏱ Skipping EMA_Cross_candle, not yet time (every 5m)
2025-04-25 20:18:00 - DEBUG - [_process_strategies] [N/A] ⏱ Skipping SMA_Cross_candle, not yet time (every 5m)
2025-04-25 20:18:00 - INFO - [_update_active_orders_and_telegram] [N/A] 📊 Updating SL/TP for active orders
2025-04-25 20:18:01 - INFO - [_wait_until_next_iteration] [N/A] ⏳ Sleeping for 58.95 seconds before the next cycle
2025-04-25 20:19:00 - DEBUG - [_process_strategies] [N/A] ⏱ Skipping SMA_Cross_sma50, not yet time (every 5m)
2025-04-25 20:19:00 - DEBUG - [_process_strategies] [N/A] ⏱ Skipping EMA_Cross_ema50, not yet time (every 5m)
2025-04-25 20:19:00 - DEBUG - [_process_strategies] [N/A] ⏱ Skipping VWAP_diff_signal_1700, not yet time (every 5m)
2025-04-25 20:19:00 - DEBUG - [_process_strategies] [N/A] ⏱ Skipping VWAP_diff_signal_rsi_1700, not yet time (every 5m)
2025-04-25 20:19:00 - DEBUG - [_process_strategies] [N/A] ⏱ Skipping VWAP_diff_signal_1700_volume, not yet time (every 5m)
2025-04-25 20:19:00 - DEBUG - [_process_strategies] [N/A] ⏱ Skipping EMA_Cross_candle, not yet time (every 5m)
2025-04-25 20:19:00 - DEBUG - [_process_strategies] [N/A] ⏱ Skipping SMA_Cross_candle, not yet time (every 5m)
2025-04-25 20:19:00 - INFO - [_update_active_orders_and_telegram] [N/A] 📊 Updating SL/TP for active orders
2025-04-25 20:19:01 - INFO - [_wait_until_next_iteration] [N/A] ⏳ Sleeping for 58.92 seconds before the next cycle
2025-04-25 20:20:00 - INFO - [_run_strategy_if_applicable] [N/A] ⏰ Strategy 'SMA_Cross_sma50' not executed because it's outside the time window: 16:35:00 - 16:50:00
2025-04-25 20:20:00 - INFO - [_run_strategy_if_applicable] [N/A] ⏰ Strategy 'EMA_Cross_ema50' not executed because it's outside the time window: 16:35:00 - 16:50:00
2025-04-25 20:20:00 - INFO - [_run_strategy_if_applicable] [N/A] ⏰ Strategy 'VWAP_diff_signal_1700' not executed because it's outside the time window: 17:30:00 - 19:00:00
2025-04-25 20:20:00 - INFO - [_run_strategy_if_applicable] [N/A] ⏰ Strategy 'VWAP_diff_signal_rsi_1700' not executed because it's outside the time window: 17:30:00 - 19:00:00
2025-04-25 20:20:00 - INFO - [_run_strategy_if_applicable] [N/A] ⏰ Strategy 'VWAP_diff_signal_1700_volume' not executed because it's outside the time window: 17:30:00 - 19:00:00
2025-04-25 20:20:00 - INFO - [_run_strategy_if_applicable] [N/A] ⏰ Strategy 'EMA_Cross_candle' not executed because it's outside the time window: 16:35:00 - 16:50:00
2025-04-25 20:20:00 - INFO - [_run_strategy_if_applicable] [N/A] ⏰ Strategy 'SMA_Cross_candle' not executed because it's outside the time window: 16:35:00 - 16:50:00
2025-04-25 20:20:00 - INFO - [_update_active_orders_and_telegram] [N/A] 📊 Updating SL/TP for active orders
2025-04-25 20:20:01 - INFO - [_wait_until_next_iteration] [N/A] ⏳ Sleeping for 58.95 seconds before the next cycle
2025-04-25 20:21:00 - DEBUG - [_process_strategies] [N/A] ⏱ Skipping SMA_Cross_sma50, not yet time (every 5m)
2025-04-25 20:21:00 - DEBUG - [_process_strategies] [N/A] ⏱ Skipping EMA_Cross_ema50, not yet time (every 5m)
2025-04-25 20:21:00 - DEBUG - [_process_strategies] [N/A] ⏱ Skipping VWAP_diff_signal_1700, not yet time (every 5m)
2025-04-25 20:21:00 - DEBUG - [_process_strategies] [N/A] ⏱ Skipping VWAP_diff_signal_rsi_1700, not yet time (every 5m)
2025-04-25 20:21:00 - DEBUG - [_process_strategies] [N/A] ⏱ Skipping VWAP_diff_signal_1700_volume, not yet time (every 5m)
2025-04-25 20:21:00 - DEBUG - [_process_strategies] [N/A] ⏱ Skipping EMA_Cross_candle, not yet time (every 5m)
2025-04-25 20:21:00 - DEBUG - [_process_strategies] [N/A] ⏱ Skipping SMA_Cross_candle, not yet time (every 5m)
2025-04-25 20:21:00 - INFO - [_update_active_orders_and_telegram] [N/A] 📊 Updating SL/TP for active orders
2025-04-25 20:21:01 - INFO - [_wait_until_next_iteration] [N/A] ⏳ Sleeping for 58.92 seconds before the next cycle
2025-04-25 20:22:00 - DEBUG - [_process_strategies] [N/A] ⏱ Skipping SMA_Cross_sma50, not yet time (every 5m)
2025-04-25 20:22:00 - DEBUG - [_process_strategies] [N/A] ⏱ Skipping EMA_Cross_ema50, not yet time (every 5m)
2025-04-25 20:22:00 - DEBUG - [_process_strategies] [N/A] ⏱ Skipping VWAP_diff_signal_1700, not yet time (every 5m)
2025-04-25 20:22:00 - DEBUG - [_process_strategies] [N/A] ⏱ Skipping VWAP_diff_signal_rsi_1700, not yet time (every 5m)
2025-04-25 20:22:00 - DEBUG - [_process_strategies] [N/A] ⏱ Skipping VWAP_diff_signal_1700_volume, not yet time (every 5m)
2025-04-25 20:22:00 - DEBUG - [_process_strategies] [N/A] ⏱ Skipping EMA_Cross_candle, not yet time (every 5m)
2025-04-25 20:22:00 - DEBUG - [_process_strategies] [N/A] ⏱ Skipping SMA_Cross_candle, not yet time (every 5m)
2025-04-25 20:22:00 - INFO - [_update_active_orders_and_telegram] [N/A] 📊 Updating SL/TP for active orders
2025-04-25 20:22:01 - INFO - [_wait_until_next_iteration] [N/A] ⏳ Sleeping for 58.92 seconds before the next cycle
2025-04-25 20:23:00 - DEBUG - [_process_strategies] [N/A] ⏱ Skipping SMA_Cross_sma50, not yet time (every 5m)
2025-04-25 20:23:00 - DEBUG - [_process_strategies] [N/A] ⏱ Skipping EMA_Cross_ema50, not yet time (every 5m)
2025-04-25 20:23:00 - DEBUG - [_process_strategies] [N/A] ⏱ Skipping VWAP_diff_signal_1700, not yet time (every 5m)
2025-04-25 20:23:00 - DEBUG - [_process_strategies] [N/A] ⏱ Skipping VWAP_diff_signal_rsi_1700, not yet time (every 5m)
2025-04-25 20:23:00 - DEBUG - [_process_strategies] [N/A] ⏱ Skipping VWAP_diff_signal_1700_volume, not yet time (every 5m)
2025-04-25 20:23:00 - DEBUG - [_process_strategies] [N/A] ⏱ Skipping EMA_Cross_candle, not yet time (every 5m)
2025-04-25 20:23:00 - DEBUG - [_process_strategies] [N/A] ⏱ Skipping SMA_Cross_candle, not yet time (every 5m)
2025-04-25 20:23:00 - INFO - [_update_active_orders_and_telegram] [N/A] 📊 Updating SL/TP for active orders
2025-04-25 20:23:01 - INFO - [_wait_until_next_iteration] [N/A] ⏳ Sleeping for 58.92 seconds before the next cycle
2025-04-25 20:24:00 - DEBUG - [_process_strategies] [N/A] ⏱ Skipping SMA_Cross_sma50, not yet time (every 5m)
2025-04-25 20:24:00 - DEBUG - [_process_strategies] [N/A] ⏱ Skipping EMA_Cross_ema50, not yet time (every 5m)
2025-04-25 20:24:00 - DEBUG - [_process_strategies] [N/A] ⏱ Skipping VWAP_diff_signal_1700, not yet time (every 5m)
2025-04-25 20:24:00 - DEBUG - [_process_strategies] [N/A] ⏱ Skipping VWAP_diff_signal_rsi_1700, not yet time (every 5m)
2025-04-25 20:24:00 - DEBUG - [_process_strategies] [N/A] ⏱ Skipping VWAP_diff_signal_1700_volume, not yet time (every 5m)
2025-04-25 20:24:00 - DEBUG - [_process_strategies] [N/A] ⏱ Skipping EMA_Cross_candle, not yet time (every 5m)
2025-04-25 20:24:00 - DEBUG - [_process_strategies] [N/A] ⏱ Skipping SMA_Cross_candle, not yet time (every 5m)
2025-04-25 20:24:00 - INFO - [_update_active_orders_and_telegram] [N/A] 📊 Updating SL/TP for active orders
2025-04-25 20:24:01 - INFO - [_wait_until_next_iteration] [N/A] ⏳ Sleeping for 58.92 seconds before the next cycle
2025-04-25 20:25:00 - INFO - [_run_strategy_if_applicable] [N/A] ⏰ Strategy 'SMA_Cross_sma50' not executed because it's outside the time window: 16:35:00 - 16:50:00
2025-04-25 20:25:00 - INFO - [_run_strategy_if_applicable] [N/A] ⏰ Strategy 'EMA_Cross_ema50' not executed because it's outside the time window: 16:35:00 - 16:50:00
2025-04-25 20:25:00 - INFO - [_run_strategy_if_applicable] [N/A] ⏰ Strategy 'VWAP_diff_signal_1700' not executed because it's outside the time window: 17:30:00 - 19:00:00
2025-04-25 20:25:00 - INFO - [_run_strategy_if_applicable] [N/A] ⏰ Strategy 'VWAP_diff_signal_rsi_1700' not executed because it's outside the time window: 17:30:00 - 19:00:00
2025-04-25 20:25:00 - INFO - [_run_strategy_if_applicable] [N/A] ⏰ Strategy 'VWAP_diff_signal_1700_volume' not executed because it's outside the time window: 17:30:00 - 19:00:00
2025-04-25 20:25:00 - INFO - [_run_strategy_if_applicable] [N/A] ⏰ Strategy 'EMA_Cross_candle' not executed because it's outside the time window: 16:35:00 - 16:50:00
2025-04-25 20:25:00 - INFO - [_run_strategy_if_applicable] [N/A] ⏰ Strategy 'SMA_Cross_candle' not executed because it's outside the time window: 16:35:00 - 16:50:00
2025-04-25 20:25:00 - INFO - [_update_active_orders_and_telegram] [N/A] 📊 Updating SL/TP for active orders
2025-04-25 20:25:01 - INFO - [_wait_until_next_iteration] [N/A] ⏳ Sleeping for 58.92 seconds before the next cycle
2025-04-25 20:26:00 - DEBUG - [_process_strategies] [N/A] ⏱ Skipping SMA_Cross_sma50, not yet time (every 5m)
2025-04-25 20:26:00 - DEBUG - [_process_strategies] [N/A] ⏱ Skipping EMA_Cross_ema50, not yet time (every 5m)
2025-04-25 20:26:00 - DEBUG - [_process_strategies] [N/A] ⏱ Skipping VWAP_diff_signal_1700, not yet time (every 5m)
2025-04-25 20:26:00 - DEBUG - [_process_strategies] [N/A] ⏱ Skipping VWAP_diff_signal_rsi_1700, not yet time (every 5m)
2025-04-25 20:26:00 - DEBUG - [_process_strategies] [N/A] ⏱ Skipping VWAP_diff_signal_1700_volume, not yet time (every 5m)
2025-04-25 20:26:00 - DEBUG - [_process_strategies] [N/A] ⏱ Skipping EMA_Cross_candle, not yet time (every 5m)
2025-04-25 20:26:00 - DEBUG - [_process_strategies] [N/A] ⏱ Skipping SMA_Cross_candle, not yet time (every 5m)
2025-04-25 20:26:00 - INFO - [_update_active_orders_and_telegram] [N/A] 📊 Updating SL/TP for active orders
2025-04-25 20:26:01 - INFO - [_wait_until_next_iteration] [N/A] ⏳ Sleeping for 58.93 seconds before the next cycle
2025-04-25 20:27:00 - DEBUG - [_process_strategies] [N/A] ⏱ Skipping SMA_Cross_sma50, not yet time (every 5m)
2025-04-25 20:27:00 - DEBUG - [_process_strategies] [N/A] ⏱ Skipping EMA_Cross_ema50, not yet time (every 5m)
2025-04-25 20:27:00 - DEBUG - [_process_strategies] [N/A] ⏱ Skipping VWAP_diff_signal_1700, not yet time (every 5m)
2025-04-25 20:27:00 - DEBUG - [_process_strategies] [N/A] ⏱ Skipping VWAP_diff_signal_rsi_1700, not yet time (every 5m)
2025-04-25 20:27:00 - DEBUG - [_process_strategies] [N/A] ⏱ Skipping VWAP_diff_signal_1700_volume, not yet time (every 5m)
2025-04-25 20:27:00 - DEBUG - [_process_strategies] [N/A] ⏱ Skipping EMA_Cross_candle, not yet time (every 5m)
2025-04-25 20:27:00 - DEBUG - [_process_strategies] [N/A] ⏱ Skipping SMA_Cross_candle, not yet time (every 5m)
2025-04-25 20:27:00 - INFO - [_update_active_orders_and_telegram] [N/A] 📊 Updating SL/TP for active orders
2025-04-25 20:27:01 - INFO - [_wait_until_next_iteration] [N/A] ⏳ Sleeping for 58.92 seconds before the next cycle
2025-04-25 20:28:00 - DEBUG - [_process_strategies] [N/A] ⏱ Skipping SMA_Cross_sma50, not yet time (every 5m)
2025-04-25 20:28:00 - DEBUG - [_process_strategies] [N/A] ⏱ Skipping EMA_Cross_ema50, not yet time (every 5m)
2025-04-25 20:28:00 - DEBUG - [_process_strategies] [N/A] ⏱ Skipping VWAP_diff_signal_1700, not yet time (every 5m)
2025-04-25 20:28:00 - DEBUG - [_process_strategies] [N/A] ⏱ Skipping VWAP_diff_signal_rsi_1700, not yet time (every 5m)
2025-04-25 20:28:00 - DEBUG - [_process_strategies] [N/A] ⏱ Skipping VWAP_diff_signal_1700_volume, not yet time (every 5m)
2025-04-25 20:28:00 - DEBUG - [_process_strategies] [N/A] ⏱ Skipping EMA_Cross_candle, not yet time (every 5m)
2025-04-25 20:28:00 - DEBUG - [_process_strategies] [N/A] ⏱ Skipping SMA_Cross_candle, not yet time (every 5m)
2025-04-25 20:28:00 - INFO - [_update_active_orders_and_telegram] [N/A] 📊 Updating SL/TP for active orders
2025-04-25 20:28:01 - INFO - [_wait_until_next_iteration] [N/A] ⏳ Sleeping for 58.95 seconds before the next cycle
2025-04-25 20:29:00 - DEBUG - [_process_strategies] [N/A] ⏱ Skipping SMA_Cross_sma50, not yet time (every 5m)
2025-04-25 20:29:00 - DEBUG - [_process_strategies] [N/A] ⏱ Skipping EMA_Cross_ema50, not yet time (every 5m)
2025-04-25 20:29:00 - DEBUG - [_process_strategies] [N/A] ⏱ Skipping VWAP_diff_signal_1700, not yet time (every 5m)
2025-04-25 20:29:00 - DEBUG - [_process_strategies] [N/A] ⏱ Skipping VWAP_diff_signal_rsi_1700, not yet time (every 5m)
2025-04-25 20:29:00 - DEBUG - [_process_strategies] [N/A] ⏱ Skipping VWAP_diff_signal_1700_volume, not yet time (every 5m)
2025-04-25 20:29:00 - DEBUG - [_process_strategies] [N/A] ⏱ Skipping EMA_Cross_candle, not yet time (every 5m)
2025-04-25 20:29:00 - DEBUG - [_process_strategies] [N/A] ⏱ Skipping SMA_Cross_candle, not yet time (every 5m)
2025-04-25 20:29:00 - INFO - [_update_active_orders_and_telegram] [N/A] 📊 Updating SL/TP for active orders
2025-04-25 20:29:01 - INFO - [_wait_until_next_iteration] [N/A] ⏳ Sleeping for 58.97 seconds before the next cycle
2025-04-25 20:30:00 - INFO - [_run_strategy_if_applicable] [N/A] ⏰ Strategy 'SMA_Cross_sma50' not executed because it's outside the time window: 16:35:00 - 16:50:00
2025-04-25 20:30:00 - INFO - [_run_strategy_if_applicable] [N/A] ⏰ Strategy 'EMA_Cross_ema50' not executed because it's outside the time window: 16:35:00 - 16:50:00
2025-04-25 20:30:00 - INFO - [_run_strategy_if_applicable] [N/A] ⏰ Strategy 'VWAP_diff_signal_1700' not executed because it's outside the time window: 17:30:00 - 19:00:00
2025-04-25 20:30:00 - INFO - [_run_strategy_if_applicable] [N/A] ⏰ Strategy 'VWAP_diff_signal_rsi_1700' not executed because it's outside the time window: 17:30:00 - 19:00:00
2025-04-25 20:30:00 - INFO - [_run_strategy_if_applicable] [N/A] ⏰ Strategy 'VWAP_diff_signal_1700_volume' not executed because it's outside the time window: 17:30:00 - 19:00:00
2025-04-25 20:30:00 - INFO - [_run_strategy_if_applicable] [N/A] ⏰ Strategy 'EMA_Cross_candle' not executed because it's outside the time window: 16:35:00 - 16:50:00
2025-04-25 20:30:00 - INFO - [_run_strategy_if_applicable] [N/A] ⏰ Strategy 'SMA_Cross_candle' not executed because it's outside the time window: 16:35:00 - 16:50:00
2025-04-25 20:30:00 - INFO - [_update_active_orders_and_telegram] [N/A] 📊 Updating SL/TP for active orders
2025-04-25 20:30:01 - INFO - [_wait_until_next_iteration] [N/A] ⏳ Sleeping for 58.94 seconds before the next cycle
2025-04-25 20:31:00 - DEBUG - [_process_strategies] [N/A] ⏱ Skipping SMA_Cross_sma50, not yet time (every 5m)
2025-04-25 20:31:00 - DEBUG - [_process_strategies] [N/A] ⏱ Skipping EMA_Cross_ema50, not yet time (every 5m)
2025-04-25 20:31:00 - DEBUG - [_process_strategies] [N/A] ⏱ Skipping VWAP_diff_signal_1700, not yet time (every 5m)
2025-04-25 20:31:00 - DEBUG - [_process_strategies] [N/A] ⏱ Skipping VWAP_diff_signal_rsi_1700, not yet time (every 5m)
2025-04-25 20:31:00 - DEBUG - [_process_strategies] [N/A] ⏱ Skipping VWAP_diff_signal_1700_volume, not yet time (every 5m)
2025-04-25 20:31:00 - DEBUG - [_process_strategies] [N/A] ⏱ Skipping EMA_Cross_candle, not yet time (every 5m)
2025-04-25 20:31:00 - DEBUG - [_process_strategies] [N/A] ⏱ Skipping SMA_Cross_candle, not yet time (every 5m)
2025-04-25 20:31:00 - INFO - [_update_active_orders_and_telegram] [N/A] 📊 Updating SL/TP for active orders
2025-04-25 20:31:01 - INFO - [_wait_until_next_iteration] [N/A] ⏳ Sleeping for 58.93 seconds before the next cycle
2025-04-25 20:32:00 - DEBUG - [_process_strategies] [N/A] ⏱ Skipping SMA_Cross_sma50, not yet time (every 5m)
2025-04-25 20:32:00 - DEBUG - [_process_strategies] [N/A] ⏱ Skipping EMA_Cross_ema50, not yet time (every 5m)
2025-04-25 20:32:00 - DEBUG - [_process_strategies] [N/A] ⏱ Skipping VWAP_diff_signal_1700, not yet time (every 5m)
2025-04-25 20:32:00 - DEBUG - [_process_strategies] [N/A] ⏱ Skipping VWAP_diff_signal_rsi_1700, not yet time (every 5m)
2025-04-25 20:32:00 - DEBUG - [_process_strategies] [N/A] ⏱ Skipping VWAP_diff_signal_1700_volume, not yet time (every 5m)
2025-04-25 20:32:00 - DEBUG - [_process_strategies] [N/A] ⏱ Skipping EMA_Cross_candle, not yet time (every 5m)
2025-04-25 20:32:00 - DEBUG - [_process_strategies] [N/A] ⏱ Skipping SMA_Cross_candle, not yet time (every 5m)
2025-04-25 20:32:00 - INFO - [_update_active_orders_and_telegram] [N/A] 📊 Updating SL/TP for active orders
2025-04-25 20:32:01 - INFO - [_wait_until_next_iteration] [N/A] ⏳ Sleeping for 58.92 seconds before the next cycle
2025-04-25 20:33:00 - DEBUG - [_process_strategies] [N/A] ⏱ Skipping SMA_Cross_sma50, not yet time (every 5m)
2025-04-25 20:33:00 - DEBUG - [_process_strategies] [N/A] ⏱ Skipping EMA_Cross_ema50, not yet time (every 5m)
2025-04-25 20:33:00 - DEBUG - [_process_strategies] [N/A] ⏱ Skipping VWAP_diff_signal_1700, not yet time (every 5m)
2025-04-25 20:33:00 - DEBUG - [_process_strategies] [N/A] ⏱ Skipping VWAP_diff_signal_rsi_1700, not yet time (every 5m)
2025-04-25 20:33:00 - DEBUG - [_process_strategies] [N/A] ⏱ Skipping VWAP_diff_signal_1700_volume, not yet time (every 5m)
2025-04-25 20:33:00 - DEBUG - [_process_strategies] [N/A] ⏱ Skipping EMA_Cross_candle, not yet time (every 5m)
2025-04-25 20:33:00 - DEBUG - [_process_strategies] [N/A] ⏱ Skipping SMA_Cross_candle, not yet time (every 5m)
2025-04-25 20:33:00 - INFO - [_update_active_orders_and_telegram] [N/A] 📊 Updating SL/TP for active orders
2025-04-25 20:33:01 - INFO - [_wait_until_next_iteration] [N/A] ⏳ Sleeping for 58.93 seconds before the next cycle
2025-04-25 20:34:00 - DEBUG - [_process_strategies] [N/A] ⏱ Skipping SMA_Cross_sma50, not yet time (every 5m)
2025-04-25 20:34:00 - DEBUG - [_process_strategies] [N/A] ⏱ Skipping EMA_Cross_ema50, not yet time (every 5m)
2025-04-25 20:34:00 - DEBUG - [_process_strategies] [N/A] ⏱ Skipping VWAP_diff_signal_1700, not yet time (every 5m)
2025-04-25 20:34:00 - DEBUG - [_process_strategies] [N/A] ⏱ Skipping VWAP_diff_signal_rsi_1700, not yet time (every 5m)
2025-04-25 20:34:00 - DEBUG - [_process_strategies] [N/A] ⏱ Skipping VWAP_diff_signal_1700_volume, not yet time (every 5m)
2025-04-25 20:34:00 - DEBUG - [_process_strategies] [N/A] ⏱ Skipping EMA_Cross_candle, not yet time (every 5m)
2025-04-25 20:34:00 - DEBUG - [_process_strategies] [N/A] ⏱ Skipping SMA_Cross_candle, not yet time (every 5m)
2025-04-25 20:34:00 - INFO - [_update_active_orders_and_telegram] [N/A] 📊 Updating SL/TP for active orders
2025-04-25 20:34:01 - INFO - [_wait_until_next_iteration] [N/A] ⏳ Sleeping for 58.92 seconds before the next cycle
2025-04-25 20:35:00 - INFO - [_run_strategy_if_applicable] [N/A] ⏰ Strategy 'SMA_Cross_sma50' not executed because it's outside the time window: 16:35:00 - 16:50:00
2025-04-25 20:35:00 - INFO - [_run_strategy_if_applicable] [N/A] ⏰ Strategy 'EMA_Cross_ema50' not executed because it's outside the time window: 16:35:00 - 16:50:00
2025-04-25 20:35:00 - INFO - [_run_strategy_if_applicable] [N/A] ⏰ Strategy 'VWAP_diff_signal_1700' not executed because it's outside the time window: 17:30:00 - 19:00:00
2025-04-25 20:35:00 - INFO - [_run_strategy_if_applicable] [N/A] ⏰ Strategy 'VWAP_diff_signal_rsi_1700' not executed because it's outside the time window: 17:30:00 - 19:00:00
2025-04-25 20:35:00 - INFO - [_run_strategy_if_applicable] [N/A] ⏰ Strategy 'VWAP_diff_signal_1700_volume' not executed because it's outside the time window: 17:30:00 - 19:00:00
2025-04-25 20:35:00 - INFO - [_run_strategy_if_applicable] [N/A] ⏰ Strategy 'EMA_Cross_candle' not executed because it's outside the time window: 16:35:00 - 16:50:00
2025-04-25 20:35:00 - INFO - [_run_strategy_if_applicable] [N/A] ⏰ Strategy 'SMA_Cross_candle' not executed because it's outside the time window: 16:35:00 - 16:50:00
2025-04-25 20:35:00 - INFO - [_update_active_orders_and_telegram] [N/A] 📊 Updating SL/TP for active orders
2025-04-25 20:35:01 - INFO - [_wait_until_next_iteration] [N/A] ⏳ Sleeping for 58.93 seconds before the next cycle
2025-04-25 20:36:00 - DEBUG - [_process_strategies] [N/A] ⏱ Skipping SMA_Cross_sma50, not yet time (every 5m)
2025-04-25 20:36:00 - DEBUG - [_process_strategies] [N/A] ⏱ Skipping EMA_Cross_ema50, not yet time (every 5m)
2025-04-25 20:36:00 - DEBUG - [_process_strategies] [N/A] ⏱ Skipping VWAP_diff_signal_1700, not yet time (every 5m)
2025-04-25 20:36:00 - DEBUG - [_process_strategies] [N/A] ⏱ Skipping VWAP_diff_signal_rsi_1700, not yet time (every 5m)
2025-04-25 20:36:00 - DEBUG - [_process_strategies] [N/A] ⏱ Skipping VWAP_diff_signal_1700_volume, not yet time (every 5m)
2025-04-25 20:36:00 - DEBUG - [_process_strategies] [N/A] ⏱ Skipping EMA_Cross_candle, not yet time (every 5m)
2025-04-25 20:36:00 - DEBUG - [_process_strategies] [N/A] ⏱ Skipping SMA_Cross_candle, not yet time (every 5m)
2025-04-25 20:36:00 - INFO - [_update_active_orders_and_telegram] [N/A] 📊 Updating SL/TP for active orders
2025-04-25 20:36:01 - INFO - [_wait_until_next_iteration] [N/A] ⏳ Sleeping for 58.92 seconds before the next cycle
2025-04-25 20:37:00 - DEBUG - [_process_strategies] [N/A] ⏱ Skipping SMA_Cross_sma50, not yet time (every 5m)
2025-04-25 20:37:00 - DEBUG - [_process_strategies] [N/A] ⏱ Skipping EMA_Cross_ema50, not yet time (every 5m)
2025-04-25 20:37:00 - DEBUG - [_process_strategies] [N/A] ⏱ Skipping VWAP_diff_signal_1700, not yet time (every 5m)
2025-04-25 20:37:00 - DEBUG - [_process_strategies] [N/A] ⏱ Skipping VWAP_diff_signal_rsi_1700, not yet time (every 5m)
2025-04-25 20:37:00 - DEBUG - [_process_strategies] [N/A] ⏱ Skipping VWAP_diff_signal_1700_volume, not yet time (every 5m)
2025-04-25 20:37:00 - DEBUG - [_process_strategies] [N/A] ⏱ Skipping EMA_Cross_candle, not yet time (every 5m)
2025-04-25 20:37:00 - DEBUG - [_process_strategies] [N/A] ⏱ Skipping SMA_Cross_candle, not yet time (every 5m)
2025-04-25 20:37:00 - INFO - [_update_active_orders_and_telegram] [N/A] 📊 Updating SL/TP for active orders
2025-04-25 20:37:01 - INFO - [_wait_until_next_iteration] [N/A] ⏳ Sleeping for 58.91 seconds before the next cycle
2025-04-25 20:38:00 - DEBUG - [_process_strategies] [N/A] ⏱ Skipping SMA_Cross_sma50, not yet time (every 5m)
2025-04-25 20:38:00 - DEBUG - [_process_strategies] [N/A] ⏱ Skipping EMA_Cross_ema50, not yet time (every 5m)
2025-04-25 20:38:00 - DEBUG - [_process_strategies] [N/A] ⏱ Skipping VWAP_diff_signal_1700, not yet time (every 5m)
2025-04-25 20:38:00 - DEBUG - [_process_strategies] [N/A] ⏱ Skipping VWAP_diff_signal_rsi_1700, not yet time (every 5m)
2025-04-25 20:38:00 - DEBUG - [_process_strategies] [N/A] ⏱ Skipping VWAP_diff_signal_1700_volume, not yet time (every 5m)
2025-04-25 20:38:00 - DEBUG - [_process_strategies] [N/A] ⏱ Skipping EMA_Cross_candle, not yet time (every 5m)
2025-04-25 20:38:00 - DEBUG - [_process_strategies] [N/A] ⏱ Skipping SMA_Cross_candle, not yet time (every 5m)
2025-04-25 20:38:00 - INFO - [_update_active_orders_and_telegram] [N/A] 📊 Updating SL/TP for active orders
2025-04-25 20:38:01 - INFO - [_wait_until_next_iteration] [N/A] ⏳ Sleeping for 58.92 seconds before the next cycle
2025-04-25 20:39:00 - DEBUG - [_process_strategies] [N/A] ⏱ Skipping SMA_Cross_sma50, not yet time (every 5m)
2025-04-25 20:39:00 - DEBUG - [_process_strategies] [N/A] ⏱ Skipping EMA_Cross_ema50, not yet time (every 5m)
2025-04-25 20:39:00 - DEBUG - [_process_strategies] [N/A] ⏱ Skipping VWAP_diff_signal_1700, not yet time (every 5m)
2025-04-25 20:39:00 - DEBUG - [_process_strategies] [N/A] ⏱ Skipping VWAP_diff_signal_rsi_1700, not yet time (every 5m)
2025-04-25 20:39:00 - DEBUG - [_process_strategies] [N/A] ⏱ Skipping VWAP_diff_signal_1700_volume, not yet time (every 5m)
2025-04-25 20:39:00 - DEBUG - [_process_strategies] [N/A] ⏱ Skipping EMA_Cross_candle, not yet time (every 5m)
2025-04-25 20:39:00 - DEBUG - [_process_strategies] [N/A] ⏱ Skipping SMA_Cross_candle, not yet time (every 5m)
2025-04-25 20:39:00 - INFO - [_update_active_orders_and_telegram] [N/A] 📊 Updating SL/TP for active orders
2025-04-25 20:39:01 - INFO - [_wait_until_next_iteration] [N/A] ⏳ Sleeping for 58.92 seconds before the next cycle
2025-04-25 20:40:00 - INFO - [_run_strategy_if_applicable] [N/A] ⏰ Strategy 'SMA_Cross_sma50' not executed because it's outside the time window: 16:35:00 - 16:50:00
2025-04-25 20:40:00 - INFO - [_run_strategy_if_applicable] [N/A] ⏰ Strategy 'EMA_Cross_ema50' not executed because it's outside the time window: 16:35:00 - 16:50:00
2025-04-25 20:40:00 - INFO - [_run_strategy_if_applicable] [N/A] ⏰ Strategy 'VWAP_diff_signal_1700' not executed because it's outside the time window: 17:30:00 - 19:00:00
2025-04-25 20:40:00 - INFO - [_run_strategy_if_applicable] [N/A] ⏰ Strategy 'VWAP_diff_signal_rsi_1700' not executed because it's outside the time window: 17:30:00 - 19:00:00
2025-04-25 20:40:00 - INFO - [_run_strategy_if_applicable] [N/A] ⏰ Strategy 'VWAP_diff_signal_1700_volume' not executed because it's outside the time window: 17:30:00 - 19:00:00
2025-04-25 20:40:00 - INFO - [_run_strategy_if_applicable] [N/A] ⏰ Strategy 'EMA_Cross_candle' not executed because it's outside the time window: 16:35:00 - 16:50:00
2025-04-25 20:40:00 - INFO - [_run_strategy_if_applicable] [N/A] ⏰ Strategy 'SMA_Cross_candle' not executed because it's outside the time window: 16:35:00 - 16:50:00
2025-04-25 20:40:00 - INFO - [_update_active_orders_and_telegram] [N/A] 📊 Updating SL/TP for active orders
2025-04-25 20:40:01 - INFO - [_wait_until_next_iteration] [N/A] ⏳ Sleeping for 58.94 seconds before the next cycle
2025-04-25 20:41:00 - DEBUG - [_process_strategies] [N/A] ⏱ Skipping SMA_Cross_sma50, not yet time (every 5m)
2025-04-25 20:41:00 - DEBUG - [_process_strategies] [N/A] ⏱ Skipping EMA_Cross_ema50, not yet time (every 5m)
2025-04-25 20:41:00 - DEBUG - [_process_strategies] [N/A] ⏱ Skipping VWAP_diff_signal_1700, not yet time (every 5m)
2025-04-25 20:41:00 - DEBUG - [_process_strategies] [N/A] ⏱ Skipping VWAP_diff_signal_rsi_1700, not yet time (every 5m)
2025-04-25 20:41:00 - DEBUG - [_process_strategies] [N/A] ⏱ Skipping VWAP_diff_signal_1700_volume, not yet time (every 5m)
2025-04-25 20:41:00 - DEBUG - [_process_strategies] [N/A] ⏱ Skipping EMA_Cross_candle, not yet time (every 5m)
2025-04-25 20:41:00 - DEBUG - [_process_strategies] [N/A] ⏱ Skipping SMA_Cross_candle, not yet time (every 5m)
2025-04-25 20:41:00 - INFO - [_update_active_orders_and_telegram] [N/A] 📊 Updating SL/TP for active orders
2025-04-25 20:41:01 - INFO - [_wait_until_next_iteration] [N/A] ⏳ Sleeping for 58.92 seconds before the next cycle
2025-04-25 20:42:00 - DEBUG - [_process_strategies] [N/A] ⏱ Skipping SMA_Cross_sma50, not yet time (every 5m)
2025-04-25 20:42:00 - DEBUG - [_process_strategies] [N/A] ⏱ Skipping EMA_Cross_ema50, not yet time (every 5m)
2025-04-25 20:42:00 - DEBUG - [_process_strategies] [N/A] ⏱ Skipping VWAP_diff_signal_1700, not yet time (every 5m)
2025-04-25 20:42:00 - DEBUG - [_process_strategies] [N/A] ⏱ Skipping VWAP_diff_signal_rsi_1700, not yet time (every 5m)
2025-04-25 20:42:00 - DEBUG - [_process_strategies] [N/A] ⏱ Skipping VWAP_diff_signal_1700_volume, not yet time (every 5m)
2025-04-25 20:42:00 - DEBUG - [_process_strategies] [N/A] ⏱ Skipping EMA_Cross_candle, not yet time (every 5m)
2025-04-25 20:42:00 - DEBUG - [_process_strategies] [N/A] ⏱ Skipping SMA_Cross_candle, not yet time (every 5m)
2025-04-25 20:42:00 - INFO - [_update_active_orders_and_telegram] [N/A] 📊 Updating SL/TP for active orders
2025-04-25 20:42:01 - INFO - [_wait_until_next_iteration] [N/A] ⏳ Sleeping for 58.92 seconds before the next cycle
2025-04-25 20:43:00 - DEBUG - [_process_strategies] [N/A] ⏱ Skipping SMA_Cross_sma50, not yet time (every 5m)
2025-04-25 20:43:00 - DEBUG - [_process_strategies] [N/A] ⏱ Skipping EMA_Cross_ema50, not yet time (every 5m)
2025-04-25 20:43:00 - DEBUG - [_process_strategies] [N/A] ⏱ Skipping VWAP_diff_signal_1700, not yet time (every 5m)
2025-04-25 20:43:00 - DEBUG - [_process_strategies] [N/A] ⏱ Skipping VWAP_diff_signal_rsi_1700, not yet time (every 5m)
2025-04-25 20:43:00 - DEBUG - [_process_strategies] [N/A] ⏱ Skipping VWAP_diff_signal_1700_volume, not yet time (every 5m)
2025-04-25 20:43:00 - DEBUG - [_process_strategies] [N/A] ⏱ Skipping EMA_Cross_candle, not yet time (every 5m)
2025-04-25 20:43:00 - DEBUG - [_process_strategies] [N/A] ⏱ Skipping SMA_Cross_candle, not yet time (every 5m)
2025-04-25 20:43:00 - INFO - [_update_active_orders_and_telegram] [N/A] 📊 Updating SL/TP for active orders
2025-04-25 20:43:01 - INFO - [_wait_until_next_iteration] [N/A] ⏳ Sleeping for 58.93 seconds before the next cycle
2025-04-25 20:44:00 - DEBUG - [_process_strategies] [N/A] ⏱ Skipping SMA_Cross_sma50, not yet time (every 5m)
2025-04-25 20:44:00 - DEBUG - [_process_strategies] [N/A] ⏱ Skipping EMA_Cross_ema50, not yet time (every 5m)
2025-04-25 20:44:00 - DEBUG - [_process_strategies] [N/A] ⏱ Skipping VWAP_diff_signal_1700, not yet time (every 5m)
2025-04-25 20:44:00 - DEBUG - [_process_strategies] [N/A] ⏱ Skipping VWAP_diff_signal_rsi_1700, not yet time (every 5m)
2025-04-25 20:44:00 - DEBUG - [_process_strategies] [N/A] ⏱ Skipping VWAP_diff_signal_1700_volume, not yet time (every 5m)
2025-04-25 20:44:00 - DEBUG - [_process_strategies] [N/A] ⏱ Skipping EMA_Cross_candle, not yet time (every 5m)
2025-04-25 20:44:00 - DEBUG - [_process_strategies] [N/A] ⏱ Skipping SMA_Cross_candle, not yet time (every 5m)
2025-04-25 20:44:00 - INFO - [_update_active_orders_and_telegram] [N/A] 📊 Updating SL/TP for active orders
2025-04-25 20:44:01 - INFO - [_wait_until_next_iteration] [N/A] ⏳ Sleeping for 58.93 seconds before the next cycle
2025-04-25 20:45:00 - INFO - [_run_strategy_if_applicable] [N/A] ⏰ Strategy 'SMA_Cross_sma50' not executed because it's outside the time window: 16:35:00 - 16:50:00
2025-04-25 20:45:00 - INFO - [_run_strategy_if_applicable] [N/A] ⏰ Strategy 'EMA_Cross_ema50' not executed because it's outside the time window: 16:35:00 - 16:50:00
2025-04-25 20:45:00 - INFO - [_run_strategy_if_applicable] [N/A] ⏰ Strategy 'VWAP_diff_signal_1700' not executed because it's outside the time window: 17:30:00 - 19:00:00
2025-04-25 20:45:00 - INFO - [_run_strategy_if_applicable] [N/A] ⏰ Strategy 'VWAP_diff_signal_rsi_1700' not executed because it's outside the time window: 17:30:00 - 19:00:00
2025-04-25 20:45:00 - INFO - [_run_strategy_if_applicable] [N/A] ⏰ Strategy 'VWAP_diff_signal_1700_volume' not executed because it's outside the time window: 17:30:00 - 19:00:00
2025-04-25 20:45:00 - INFO - [_run_strategy_if_applicable] [N/A] ⏰ Strategy 'EMA_Cross_candle' not executed because it's outside the time window: 16:35:00 - 16:50:00
2025-04-25 20:45:00 - INFO - [_run_strategy_if_applicable] [N/A] ⏰ Strategy 'SMA_Cross_candle' not executed because it's outside the time window: 16:35:00 - 16:50:00
2025-04-25 20:45:00 - INFO - [_update_active_orders_and_telegram] [N/A] 📊 Updating SL/TP for active orders
2025-04-25 20:45:01 - INFO - [_wait_until_next_iteration] [N/A] ⏳ Sleeping for 58.92 seconds before the next cycle
2025-04-25 20:46:00 - DEBUG - [_process_strategies] [N/A] ⏱ Skipping SMA_Cross_sma50, not yet time (every 5m)
2025-04-25 20:46:00 - DEBUG - [_process_strategies] [N/A] ⏱ Skipping EMA_Cross_ema50, not yet time (every 5m)
2025-04-25 20:46:00 - DEBUG - [_process_strategies] [N/A] ⏱ Skipping VWAP_diff_signal_1700, not yet time (every 5m)
2025-04-25 20:46:00 - DEBUG - [_process_strategies] [N/A] ⏱ Skipping VWAP_diff_signal_rsi_1700, not yet time (every 5m)
2025-04-25 20:46:00 - DEBUG - [_process_strategies] [N/A] ⏱ Skipping VWAP_diff_signal_1700_volume, not yet time (every 5m)
2025-04-25 20:46:00 - DEBUG - [_process_strategies] [N/A] ⏱ Skipping EMA_Cross_candle, not yet time (every 5m)
2025-04-25 20:46:00 - DEBUG - [_process_strategies] [N/A] ⏱ Skipping SMA_Cross_candle, not yet time (every 5m)
2025-04-25 20:46:00 - INFO - [_update_active_orders_and_telegram] [N/A] 📊 Updating SL/TP for active orders
2025-04-25 20:46:01 - INFO - [_wait_until_next_iteration] [N/A] ⏳ Sleeping for 58.95 seconds before the next cycle
2025-04-25 20:47:00 - DEBUG - [_process_strategies] [N/A] ⏱ Skipping SMA_Cross_sma50, not yet time (every 5m)
2025-04-25 20:47:00 - DEBUG - [_process_strategies] [N/A] ⏱ Skipping EMA_Cross_ema50, not yet time (every 5m)
2025-04-25 20:47:00 - DEBUG - [_process_strategies] [N/A] ⏱ Skipping VWAP_diff_signal_1700, not yet time (every 5m)
2025-04-25 20:47:00 - DEBUG - [_process_strategies] [N/A] ⏱ Skipping VWAP_diff_signal_rsi_1700, not yet time (every 5m)
2025-04-25 20:47:00 - DEBUG - [_process_strategies] [N/A] ⏱ Skipping VWAP_diff_signal_1700_volume, not yet time (every 5m)
2025-04-25 20:47:00 - DEBUG - [_process_strategies] [N/A] ⏱ Skipping EMA_Cross_candle, not yet time (every 5m)
2025-04-25 20:47:00 - DEBUG - [_process_strategies] [N/A] ⏱ Skipping SMA_Cross_candle, not yet time (every 5m)
2025-04-25 20:47:00 - INFO - [_update_active_orders_and_telegram] [N/A] 📊 Updating SL/TP for active orders
2025-04-25 20:47:01 - INFO - [_wait_until_next_iteration] [N/A] ⏳ Sleeping for 58.94 seconds before the next cycle
2025-04-25 20:48:00 - DEBUG - [_process_strategies] [N/A] ⏱ Skipping SMA_Cross_sma50, not yet time (every 5m)
2025-04-25 20:48:00 - DEBUG - [_process_strategies] [N/A] ⏱ Skipping EMA_Cross_ema50, not yet time (every 5m)
2025-04-25 20:48:00 - DEBUG - [_process_strategies] [N/A] ⏱ Skipping VWAP_diff_signal_1700, not yet time (every 5m)
2025-04-25 20:48:00 - DEBUG - [_process_strategies] [N/A] ⏱ Skipping VWAP_diff_signal_rsi_1700, not yet time (every 5m)
2025-04-25 20:48:00 - DEBUG - [_process_strategies] [N/A] ⏱ Skipping VWAP_diff_signal_1700_volume, not yet time (every 5m)
2025-04-25 20:48:00 - DEBUG - [_process_strategies] [N/A] ⏱ Skipping EMA_Cross_candle, not yet time (every 5m)
2025-04-25 20:48:00 - DEBUG - [_process_strategies] [N/A] ⏱ Skipping SMA_Cross_candle, not yet time (every 5m)
2025-04-25 20:48:00 - INFO - [_update_active_orders_and_telegram] [N/A] 📊 Updating SL/TP for active orders
2025-04-25 20:48:01 - INFO - [_wait_until_next_iteration] [N/A] ⏳ Sleeping for 58.93 seconds before the next cycle
2025-04-25 20:49:00 - DEBUG - [_process_strategies] [N/A] ⏱ Skipping SMA_Cross_sma50, not yet time (every 5m)
2025-04-25 20:49:00 - DEBUG - [_process_strategies] [N/A] ⏱ Skipping EMA_Cross_ema50, not yet time (every 5m)
2025-04-25 20:49:00 - DEBUG - [_process_strategies] [N/A] ⏱ Skipping VWAP_diff_signal_1700, not yet time (every 5m)
2025-04-25 20:49:00 - DEBUG - [_process_strategies] [N/A] ⏱ Skipping VWAP_diff_signal_rsi_1700, not yet time (every 5m)
2025-04-25 20:49:00 - DEBUG - [_process_strategies] [N/A] ⏱ Skipping VWAP_diff_signal_1700_volume, not yet time (every 5m)
2025-04-25 20:49:00 - DEBUG - [_process_strategies] [N/A] ⏱ Skipping EMA_Cross_candle, not yet time (every 5m)
2025-04-25 20:49:00 - DEBUG - [_process_strategies] [N/A] ⏱ Skipping SMA_Cross_candle, not yet time (every 5m)
2025-04-25 20:49:00 - INFO - [_update_active_orders_and_telegram] [N/A] 📊 Updating SL/TP for active orders
2025-04-25 20:49:01 - INFO - [_wait_until_next_iteration] [N/A] ⏳ Sleeping for 58.92 seconds before the next cycle
2025-04-25 20:50:00 - INFO - [_run_strategy_if_applicable] [N/A] ⏰ Strategy 'SMA_Cross_sma50' not executed because it's outside the time window: 16:35:00 - 16:50:00
2025-04-25 20:50:00 - INFO - [_run_strategy_if_applicable] [N/A] ⏰ Strategy 'EMA_Cross_ema50' not executed because it's outside the time window: 16:35:00 - 16:50:00
2025-04-25 20:50:00 - INFO - [_run_strategy_if_applicable] [N/A] ⏰ Strategy 'VWAP_diff_signal_1700' not executed because it's outside the time window: 17:30:00 - 19:00:00
2025-04-25 20:50:00 - INFO - [_run_strategy_if_applicable] [N/A] ⏰ Strategy 'VWAP_diff_signal_rsi_1700' not executed because it's outside the time window: 17:30:00 - 19:00:00
2025-04-25 20:50:00 - INFO - [_run_strategy_if_applicable] [N/A] ⏰ Strategy 'VWAP_diff_signal_1700_volume' not executed because it's outside the time window: 17:30:00 - 19:00:00
2025-04-25 20:50:00 - INFO - [_run_strategy_if_applicable] [N/A] ⏰ Strategy 'EMA_Cross_candle' not executed because it's outside the time window: 16:35:00 - 16:50:00
2025-04-25 20:50:00 - INFO - [_run_strategy_if_applicable] [N/A] ⏰ Strategy 'SMA_Cross_candle' not executed because it's outside the time window: 16:35:00 - 16:50:00
2025-04-25 20:50:00 - INFO - [_update_active_orders_and_telegram] [N/A] 📊 Updating SL/TP for active orders
2025-04-25 20:50:01 - INFO - [_wait_until_next_iteration] [N/A] ⏳ Sleeping for 58.92 seconds before the next cycle
2025-04-25 20:51:00 - DEBUG - [_process_strategies] [N/A] ⏱ Skipping SMA_Cross_sma50, not yet time (every 5m)
2025-04-25 20:51:00 - DEBUG - [_process_strategies] [N/A] ⏱ Skipping EMA_Cross_ema50, not yet time (every 5m)
2025-04-25 20:51:00 - DEBUG - [_process_strategies] [N/A] ⏱ Skipping VWAP_diff_signal_1700, not yet time (every 5m)
2025-04-25 20:51:00 - DEBUG - [_process_strategies] [N/A] ⏱ Skipping VWAP_diff_signal_rsi_1700, not yet time (every 5m)
2025-04-25 20:51:00 - DEBUG - [_process_strategies] [N/A] ⏱ Skipping VWAP_diff_signal_1700_volume, not yet time (every 5m)
2025-04-25 20:51:00 - DEBUG - [_process_strategies] [N/A] ⏱ Skipping EMA_Cross_candle, not yet time (every 5m)
2025-04-25 20:51:00 - DEBUG - [_process_strategies] [N/A] ⏱ Skipping SMA_Cross_candle, not yet time (every 5m)
2025-04-25 20:51:00 - INFO - [_update_active_orders_and_telegram] [N/A] 📊 Updating SL/TP for active orders
2025-04-25 20:51:01 - INFO - [_wait_until_next_iteration] [N/A] ⏳ Sleeping for 58.92 seconds before the next cycle
2025-04-25 20:52:00 - DEBUG - [_process_strategies] [N/A] ⏱ Skipping SMA_Cross_sma50, not yet time (every 5m)
2025-04-25 20:52:00 - DEBUG - [_process_strategies] [N/A] ⏱ Skipping EMA_Cross_ema50, not yet time (every 5m)
2025-04-25 20:52:00 - DEBUG - [_process_strategies] [N/A] ⏱ Skipping VWAP_diff_signal_1700, not yet time (every 5m)
2025-04-25 20:52:00 - DEBUG - [_process_strategies] [N/A] ⏱ Skipping VWAP_diff_signal_rsi_1700, not yet time (every 5m)
2025-04-25 20:52:00 - DEBUG - [_process_strategies] [N/A] ⏱ Skipping VWAP_diff_signal_1700_volume, not yet time (every 5m)
2025-04-25 20:52:00 - DEBUG - [_process_strategies] [N/A] ⏱ Skipping EMA_Cross_candle, not yet time (every 5m)
2025-04-25 20:52:00 - DEBUG - [_process_strategies] [N/A] ⏱ Skipping SMA_Cross_candle, not yet time (every 5m)
2025-04-25 20:52:00 - INFO - [_update_active_orders_and_telegram] [N/A] 📊 Updating SL/TP for active orders
2025-04-25 20:52:01 - INFO - [_wait_until_next_iteration] [N/A] ⏳ Sleeping for 58.94 seconds before the next cycle
2025-04-25 20:53:00 - DEBUG - [_process_strategies] [N/A] ⏱ Skipping SMA_Cross_sma50, not yet time (every 5m)
2025-04-25 20:53:00 - DEBUG - [_process_strategies] [N/A] ⏱ Skipping EMA_Cross_ema50, not yet time (every 5m)
2025-04-25 20:53:00 - DEBUG - [_process_strategies] [N/A] ⏱ Skipping VWAP_diff_signal_1700, not yet time (every 5m)
2025-04-25 20:53:00 - DEBUG - [_process_strategies] [N/A] ⏱ Skipping VWAP_diff_signal_rsi_1700, not yet time (every 5m)
2025-04-25 20:53:00 - DEBUG - [_process_strategies] [N/A] ⏱ Skipping VWAP_diff_signal_1700_volume, not yet time (every 5m)
2025-04-25 20:53:00 - DEBUG - [_process_strategies] [N/A] ⏱ Skipping EMA_Cross_candle, not yet time (every 5m)
2025-04-25 20:53:00 - DEBUG - [_process_strategies] [N/A] ⏱ Skipping SMA_Cross_candle, not yet time (every 5m)
2025-04-25 20:53:00 - INFO - [_update_active_orders_and_telegram] [N/A] 📊 Updating SL/TP for active orders
2025-04-25 20:53:01 - INFO - [_wait_until_next_iteration] [N/A] ⏳ Sleeping for 58.95 seconds before the next cycle
2025-04-25 20:54:00 - DEBUG - [_process_strategies] [N/A] ⏱ Skipping SMA_Cross_sma50, not yet time (every 5m)
2025-04-25 20:54:00 - DEBUG - [_process_strategies] [N/A] ⏱ Skipping EMA_Cross_ema50, not yet time (every 5m)
2025-04-25 20:54:00 - DEBUG - [_process_strategies] [N/A] ⏱ Skipping VWAP_diff_signal_1700, not yet time (every 5m)
2025-04-25 20:54:00 - DEBUG - [_process_strategies] [N/A] ⏱ Skipping VWAP_diff_signal_rsi_1700, not yet time (every 5m)
2025-04-25 20:54:00 - DEBUG - [_process_strategies] [N/A] ⏱ Skipping VWAP_diff_signal_1700_volume, not yet time (every 5m)
2025-04-25 20:54:00 - DEBUG - [_process_strategies] [N/A] ⏱ Skipping EMA_Cross_candle, not yet time (every 5m)
2025-04-25 20:54:00 - DEBUG - [_process_strategies] [N/A] ⏱ Skipping SMA_Cross_candle, not yet time (every 5m)
2025-04-25 20:54:00 - INFO - [_update_active_orders_and_telegram] [N/A] 📊 Updating SL/TP for active orders
2025-04-25 20:54:01 - INFO - [_wait_until_next_iteration] [N/A] ⏳ Sleeping for 58.92 seconds before the next cycle
2025-04-25 20:55:00 - INFO - [_run_strategy_if_applicable] [N/A] ⏰ Strategy 'SMA_Cross_sma50' not executed because it's outside the time window: 16:35:00 - 16:50:00
2025-04-25 20:55:00 - INFO - [_run_strategy_if_applicable] [N/A] ⏰ Strategy 'EMA_Cross_ema50' not executed because it's outside the time window: 16:35:00 - 16:50:00
2025-04-25 20:55:00 - INFO - [_run_strategy_if_applicable] [N/A] ⏰ Strategy 'VWAP_diff_signal_1700' not executed because it's outside the time window: 17:30:00 - 19:00:00
2025-04-25 20:55:00 - INFO - [_run_strategy_if_applicable] [N/A] ⏰ Strategy 'VWAP_diff_signal_rsi_1700' not executed because it's outside the time window: 17:30:00 - 19:00:00
2025-04-25 20:55:00 - INFO - [_run_strategy_if_applicable] [N/A] ⏰ Strategy 'VWAP_diff_signal_1700_volume' not executed because it's outside the time window: 17:30:00 - 19:00:00
2025-04-25 20:55:00 - INFO - [_run_strategy_if_applicable] [N/A] ⏰ Strategy 'EMA_Cross_candle' not executed because it's outside the time window: 16:35:00 - 16:50:00
2025-04-25 20:55:00 - INFO - [_run_strategy_if_applicable] [N/A] ⏰ Strategy 'SMA_Cross_candle' not executed because it's outside the time window: 16:35:00 - 16:50:00
2025-04-25 20:55:00 - INFO - [_update_active_orders_and_telegram] [N/A] 📊 Updating SL/TP for active orders
2025-04-25 20:55:01 - INFO - [_wait_until_next_iteration] [N/A] ⏳ Sleeping for 58.92 seconds before the next cycle
2025-04-25 20:56:00 - DEBUG - [_process_strategies] [N/A] ⏱ Skipping SMA_Cross_sma50, not yet time (every 5m)
2025-04-25 20:56:00 - DEBUG - [_process_strategies] [N/A] ⏱ Skipping EMA_Cross_ema50, not yet time (every 5m)
2025-04-25 20:56:00 - DEBUG - [_process_strategies] [N/A] ⏱ Skipping VWAP_diff_signal_1700, not yet time (every 5m)
2025-04-25 20:56:00 - DEBUG - [_process_strategies] [N/A] ⏱ Skipping VWAP_diff_signal_rsi_1700, not yet time (every 5m)
2025-04-25 20:56:00 - DEBUG - [_process_strategies] [N/A] ⏱ Skipping VWAP_diff_signal_1700_volume, not yet time (every 5m)
2025-04-25 20:56:00 - DEBUG - [_process_strategies] [N/A] ⏱ Skipping EMA_Cross_candle, not yet time (every 5m)
2025-04-25 20:56:00 - DEBUG - [_process_strategies] [N/A] ⏱ Skipping SMA_Cross_candle, not yet time (every 5m)
2025-04-25 20:56:00 - INFO - [_update_active_orders_and_telegram] [N/A] 📊 Updating SL/TP for active orders
2025-04-25 20:56:01 - INFO - [_wait_until_next_iteration] [N/A] ⏳ Sleeping for 58.92 seconds before the next cycle
2025-04-25 20:57:00 - DEBUG - [_process_strategies] [N/A] ⏱ Skipping SMA_Cross_sma50, not yet time (every 5m)
2025-04-25 20:57:00 - DEBUG - [_process_strategies] [N/A] ⏱ Skipping EMA_Cross_ema50, not yet time (every 5m)
2025-04-25 20:57:00 - DEBUG - [_process_strategies] [N/A] ⏱ Skipping VWAP_diff_signal_1700, not yet time (every 5m)
2025-04-25 20:57:00 - DEBUG - [_process_strategies] [N/A] ⏱ Skipping VWAP_diff_signal_rsi_1700, not yet time (every 5m)
2025-04-25 20:57:00 - DEBUG - [_process_strategies] [N/A] ⏱ Skipping VWAP_diff_signal_1700_volume, not yet time (every 5m)
2025-04-25 20:57:00 - DEBUG - [_process_strategies] [N/A] ⏱ Skipping EMA_Cross_candle, not yet time (every 5m)
2025-04-25 20:57:00 - DEBUG - [_process_strategies] [N/A] ⏱ Skipping SMA_Cross_candle, not yet time (every 5m)
2025-04-25 20:57:00 - INFO - [_update_active_orders_and_telegram] [N/A] 📊 Updating SL/TP for active orders
2025-04-25 20:57:01 - INFO - [_wait_until_next_iteration] [N/A] ⏳ Sleeping for 58.92 seconds before the next cycle
2025-04-25 20:58:00 - DEBUG - [_process_strategies] [N/A] ⏱ Skipping SMA_Cross_sma50, not yet time (every 5m)
2025-04-25 20:58:00 - DEBUG - [_process_strategies] [N/A] ⏱ Skipping EMA_Cross_ema50, not yet time (every 5m)
2025-04-25 20:58:00 - DEBUG - [_process_strategies] [N/A] ⏱ Skipping VWAP_diff_signal_1700, not yet time (every 5m)
2025-04-25 20:58:00 - DEBUG - [_process_strategies] [N/A] ⏱ Skipping VWAP_diff_signal_rsi_1700, not yet time (every 5m)
2025-04-25 20:58:00 - DEBUG - [_process_strategies] [N/A] ⏱ Skipping VWAP_diff_signal_1700_volume, not yet time (every 5m)
2025-04-25 20:58:00 - DEBUG - [_process_strategies] [N/A] ⏱ Skipping EMA_Cross_candle, not yet time (every 5m)
2025-04-25 20:58:00 - DEBUG - [_process_strategies] [N/A] ⏱ Skipping SMA_Cross_candle, not yet time (every 5m)
2025-04-25 20:58:00 - INFO - [_update_active_orders_and_telegram] [N/A] 📊 Updating SL/TP for active orders
2025-04-25 20:58:01 - INFO - [_wait_until_next_iteration] [N/A] ⏳ Sleeping for 58.96 seconds before the next cycle
2025-04-25 20:59:00 - DEBUG - [_process_strategies] [N/A] ⏱ Skipping SMA_Cross_sma50, not yet time (every 5m)
2025-04-25 20:59:00 - DEBUG - [_process_strategies] [N/A] ⏱ Skipping EMA_Cross_ema50, not yet time (every 5m)
2025-04-25 20:59:00 - DEBUG - [_process_strategies] [N/A] ⏱ Skipping VWAP_diff_signal_1700, not yet time (every 5m)
2025-04-25 20:59:00 - DEBUG - [_process_strategies] [N/A] ⏱ Skipping VWAP_diff_signal_rsi_1700, not yet time (every 5m)
2025-04-25 20:59:00 - DEBUG - [_process_strategies] [N/A] ⏱ Skipping VWAP_diff_signal_1700_volume, not yet time (every 5m)
2025-04-25 20:59:00 - DEBUG - [_process_strategies] [N/A] ⏱ Skipping EMA_Cross_candle, not yet time (every 5m)
2025-04-25 20:59:00 - DEBUG - [_process_strategies] [N/A] ⏱ Skipping SMA_Cross_candle, not yet time (every 5m)
2025-04-25 20:59:00 - INFO - [_update_active_orders_and_telegram] [N/A] 📊 Updating SL/TP for active orders
2025-04-25 20:59:01 - INFO - [_wait_until_next_iteration] [N/A] ⏳ Sleeping for 58.92 seconds before the next cycle
2025-04-25 21:00:00 - INFO - [_run_strategy_if_applicable] [N/A] ⏰ Strategy 'SMA_Cross_sma50' not executed because it's outside the time window: 16:35:00 - 16:50:00
2025-04-25 21:00:00 - INFO - [_run_strategy_if_applicable] [N/A] ⏰ Strategy 'EMA_Cross_ema50' not executed because it's outside the time window: 16:35:00 - 16:50:00
2025-04-25 21:00:00 - INFO - [_run_strategy_if_applicable] [N/A] ⏰ Strategy 'VWAP_diff_signal_1700' not executed because it's outside the time window: 17:30:00 - 19:00:00
2025-04-25 21:00:00 - INFO - [_run_strategy_if_applicable] [N/A] ⏰ Strategy 'VWAP_diff_signal_rsi_1700' not executed because it's outside the time window: 17:30:00 - 19:00:00
2025-04-25 21:00:00 - INFO - [_run_strategy_if_applicable] [N/A] ⏰ Strategy 'VWAP_diff_signal_1700_volume' not executed because it's outside the time window: 17:30:00 - 19:00:00
2025-04-25 21:00:00 - INFO - [_run_strategy_if_applicable] [N/A] ⏰ Strategy 'EMA_Cross_candle' not executed because it's outside the time window: 16:35:00 - 16:50:00
2025-04-25 21:00:00 - INFO - [_run_strategy_if_applicable] [N/A] ⏰ Strategy 'SMA_Cross_candle' not executed because it's outside the time window: 16:35:00 - 16:50:00
2025-04-25 21:00:00 - INFO - [_update_active_orders_and_telegram] [N/A] 📊 Updating SL/TP for active orders
2025-04-25 21:00:01 - INFO - [_wait_until_next_iteration] [N/A] ⏳ Sleeping for 58.95 seconds before the next cycle
2025-04-25 21:01:00 - DEBUG - [_process_strategies] [N/A] ⏱ Skipping SMA_Cross_sma50, not yet time (every 5m)
2025-04-25 21:01:00 - DEBUG - [_process_strategies] [N/A] ⏱ Skipping EMA_Cross_ema50, not yet time (every 5m)
2025-04-25 21:01:00 - DEBUG - [_process_strategies] [N/A] ⏱ Skipping VWAP_diff_signal_1700, not yet time (every 5m)
2025-04-25 21:01:00 - DEBUG - [_process_strategies] [N/A] ⏱ Skipping VWAP_diff_signal_rsi_1700, not yet time (every 5m)
2025-04-25 21:01:00 - DEBUG - [_process_strategies] [N/A] ⏱ Skipping VWAP_diff_signal_1700_volume, not yet time (every 5m)
2025-04-25 21:01:00 - DEBUG - [_process_strategies] [N/A] ⏱ Skipping EMA_Cross_candle, not yet time (every 5m)
2025-04-25 21:01:00 - DEBUG - [_process_strategies] [N/A] ⏱ Skipping SMA_Cross_candle, not yet time (every 5m)
2025-04-25 21:01:00 - INFO - [_update_active_orders_and_telegram] [N/A] 📊 Updating SL/TP for active orders
2025-04-25 21:01:01 - INFO - [_wait_until_next_iteration] [N/A] ⏳ Sleeping for 58.92 seconds before the next cycle
2025-04-25 21:02:00 - DEBUG - [_process_strategies] [N/A] ⏱ Skipping SMA_Cross_sma50, not yet time (every 5m)
2025-04-25 21:02:00 - DEBUG - [_process_strategies] [N/A] ⏱ Skipping EMA_Cross_ema50, not yet time (every 5m)
2025-04-25 21:02:00 - DEBUG - [_process_strategies] [N/A] ⏱ Skipping VWAP_diff_signal_1700, not yet time (every 5m)
2025-04-25 21:02:00 - DEBUG - [_process_strategies] [N/A] ⏱ Skipping VWAP_diff_signal_rsi_1700, not yet time (every 5m)
2025-04-25 21:02:00 - DEBUG - [_process_strategies] [N/A] ⏱ Skipping VWAP_diff_signal_1700_volume, not yet time (every 5m)
2025-04-25 21:02:00 - DEBUG - [_process_strategies] [N/A] ⏱ Skipping EMA_Cross_candle, not yet time (every 5m)
2025-04-25 21:02:00 - DEBUG - [_process_strategies] [N/A] ⏱ Skipping SMA_Cross_candle, not yet time (every 5m)
2025-04-25 21:02:00 - INFO - [_update_active_orders_and_telegram] [N/A] 📊 Updating SL/TP for active orders
2025-04-25 21:02:01 - INFO - [_wait_until_next_iteration] [N/A] ⏳ Sleeping for 58.92 seconds before the next cycle
2025-04-25 21:03:00 - DEBUG - [_process_strategies] [N/A] ⏱ Skipping SMA_Cross_sma50, not yet time (every 5m)
2025-04-25 21:03:00 - DEBUG - [_process_strategies] [N/A] ⏱ Skipping EMA_Cross_ema50, not yet time (every 5m)
2025-04-25 21:03:00 - DEBUG - [_process_strategies] [N/A] ⏱ Skipping VWAP_diff_signal_1700, not yet time (every 5m)
2025-04-25 21:03:00 - DEBUG - [_process_strategies] [N/A] ⏱ Skipping VWAP_diff_signal_rsi_1700, not yet time (every 5m)
2025-04-25 21:03:00 - DEBUG - [_process_strategies] [N/A] ⏱ Skipping VWAP_diff_signal_1700_volume, not yet time (every 5m)
2025-04-25 21:03:00 - DEBUG - [_process_strategies] [N/A] ⏱ Skipping EMA_Cross_candle, not yet time (every 5m)
2025-04-25 21:03:00 - DEBUG - [_process_strategies] [N/A] ⏱ Skipping SMA_Cross_candle, not yet time (every 5m)
2025-04-25 21:03:00 - INFO - [_update_active_orders_and_telegram] [N/A] 📊 Updating SL/TP for active orders
2025-04-25 21:03:01 - INFO - [_wait_until_next_iteration] [N/A] ⏳ Sleeping for 58.94 seconds before the next cycle
2025-04-25 21:04:00 - DEBUG - [_process_strategies] [N/A] ⏱ Skipping SMA_Cross_sma50, not yet time (every 5m)
2025-04-25 21:04:00 - DEBUG - [_process_strategies] [N/A] ⏱ Skipping EMA_Cross_ema50, not yet time (every 5m)
2025-04-25 21:04:00 - DEBUG - [_process_strategies] [N/A] ⏱ Skipping VWAP_diff_signal_1700, not yet time (every 5m)
2025-04-25 21:04:00 - DEBUG - [_process_strategies] [N/A] ⏱ Skipping VWAP_diff_signal_rsi_1700, not yet time (every 5m)
2025-04-25 21:04:00 - DEBUG - [_process_strategies] [N/A] ⏱ Skipping VWAP_diff_signal_1700_volume, not yet time (every 5m)
2025-04-25 21:04:00 - DEBUG - [_process_strategies] [N/A] ⏱ Skipping EMA_Cross_candle, not yet time (every 5m)
2025-04-25 21:04:00 - DEBUG - [_process_strategies] [N/A] ⏱ Skipping SMA_Cross_candle, not yet time (every 5m)
2025-04-25 21:04:00 - INFO - [_update_active_orders_and_telegram] [N/A] 📊 Updating SL/TP for active orders
2025-04-25 21:04:01 - INFO - [_wait_until_next_iteration] [N/A] ⏳ Sleeping for 58.92 seconds before the next cycle
2025-04-25 21:05:00 - INFO - [_run_strategy_if_applicable] [N/A] ⏰ Strategy 'SMA_Cross_sma50' not executed because it's outside the time window: 16:35:00 - 16:50:00
2025-04-25 21:05:00 - INFO - [_run_strategy_if_applicable] [N/A] ⏰ Strategy 'EMA_Cross_ema50' not executed because it's outside the time window: 16:35:00 - 16:50:00
2025-04-25 21:05:00 - INFO - [_run_strategy_if_applicable] [N/A] ⏰ Strategy 'VWAP_diff_signal_1700' not executed because it's outside the time window: 17:30:00 - 19:00:00
2025-04-25 21:05:00 - INFO - [_run_strategy_if_applicable] [N/A] ⏰ Strategy 'VWAP_diff_signal_rsi_1700' not executed because it's outside the time window: 17:30:00 - 19:00:00
2025-04-25 21:05:00 - INFO - [_run_strategy_if_applicable] [N/A] ⏰ Strategy 'VWAP_diff_signal_1700_volume' not executed because it's outside the time window: 17:30:00 - 19:00:00
2025-04-25 21:05:00 - INFO - [_run_strategy_if_applicable] [N/A] ⏰ Strategy 'EMA_Cross_candle' not executed because it's outside the time window: 16:35:00 - 16:50:00
2025-04-25 21:05:00 - INFO - [_run_strategy_if_applicable] [N/A] ⏰ Strategy 'SMA_Cross_candle' not executed because it's outside the time window: 16:35:00 - 16:50:00
2025-04-25 21:05:00 - INFO - [_update_active_orders_and_telegram] [N/A] 📊 Updating SL/TP for active orders
2025-04-25 21:05:01 - INFO - [_wait_until_next_iteration] [N/A] ⏳ Sleeping for 58.93 seconds before the next cycle
2025-04-25 21:06:00 - DEBUG - [_process_strategies] [N/A] ⏱ Skipping SMA_Cross_sma50, not yet time (every 5m)
2025-04-25 21:06:00 - DEBUG - [_process_strategies] [N/A] ⏱ Skipping EMA_Cross_ema50, not yet time (every 5m)
2025-04-25 21:06:00 - DEBUG - [_process_strategies] [N/A] ⏱ Skipping VWAP_diff_signal_1700, not yet time (every 5m)
2025-04-25 21:06:00 - DEBUG - [_process_strategies] [N/A] ⏱ Skipping VWAP_diff_signal_rsi_1700, not yet time (every 5m)
2025-04-25 21:06:00 - DEBUG - [_process_strategies] [N/A] ⏱ Skipping VWAP_diff_signal_1700_volume, not yet time (every 5m)
2025-04-25 21:06:00 - DEBUG - [_process_strategies] [N/A] ⏱ Skipping EMA_Cross_candle, not yet time (every 5m)
2025-04-25 21:06:00 - DEBUG - [_process_strategies] [N/A] ⏱ Skipping SMA_Cross_candle, not yet time (every 5m)
2025-04-25 21:06:00 - INFO - [_update_active_orders_and_telegram] [N/A] 📊 Updating SL/TP for active orders
2025-04-25 21:06:01 - INFO - [_wait_until_next_iteration] [N/A] ⏳ Sleeping for 58.92 seconds before the next cycle
2025-04-25 21:07:00 - DEBUG - [_process_strategies] [N/A] ⏱ Skipping SMA_Cross_sma50, not yet time (every 5m)
2025-04-25 21:07:00 - DEBUG - [_process_strategies] [N/A] ⏱ Skipping EMA_Cross_ema50, not yet time (every 5m)
2025-04-25 21:07:00 - DEBUG - [_process_strategies] [N/A] ⏱ Skipping VWAP_diff_signal_1700, not yet time (every 5m)
2025-04-25 21:07:00 - DEBUG - [_process_strategies] [N/A] ⏱ Skipping VWAP_diff_signal_rsi_1700, not yet time (every 5m)
2025-04-25 21:07:00 - DEBUG - [_process_strategies] [N/A] ⏱ Skipping VWAP_diff_signal_1700_volume, not yet time (every 5m)
2025-04-25 21:07:00 - DEBUG - [_process_strategies] [N/A] ⏱ Skipping EMA_Cross_candle, not yet time (every 5m)
2025-04-25 21:07:00 - DEBUG - [_process_strategies] [N/A] ⏱ Skipping SMA_Cross_candle, not yet time (every 5m)
2025-04-25 21:07:00 - INFO - [_update_active_orders_and_telegram] [N/A] 📊 Updating SL/TP for active orders
2025-04-25 21:07:01 - INFO - [_wait_until_next_iteration] [N/A] ⏳ Sleeping for 58.94 seconds before the next cycle
2025-04-25 21:08:00 - DEBUG - [_process_strategies] [N/A] ⏱ Skipping SMA_Cross_sma50, not yet time (every 5m)
2025-04-25 21:08:00 - DEBUG - [_process_strategies] [N/A] ⏱ Skipping EMA_Cross_ema50, not yet time (every 5m)
2025-04-25 21:08:00 - DEBUG - [_process_strategies] [N/A] ⏱ Skipping VWAP_diff_signal_1700, not yet time (every 5m)
2025-04-25 21:08:00 - DEBUG - [_process_strategies] [N/A] ⏱ Skipping VWAP_diff_signal_rsi_1700, not yet time (every 5m)
2025-04-25 21:08:00 - DEBUG - [_process_strategies] [N/A] ⏱ Skipping VWAP_diff_signal_1700_volume, not yet time (every 5m)
2025-04-25 21:08:00 - DEBUG - [_process_strategies] [N/A] ⏱ Skipping EMA_Cross_candle, not yet time (every 5m)
2025-04-25 21:08:00 - DEBUG - [_process_strategies] [N/A] ⏱ Skipping SMA_Cross_candle, not yet time (every 5m)
2025-04-25 21:08:00 - INFO - [_update_active_orders_and_telegram] [N/A] 📊 Updating SL/TP for active orders
2025-04-25 21:08:01 - INFO - [_wait_until_next_iteration] [N/A] ⏳ Sleeping for 58.94 seconds before the next cycle
2025-04-25 21:09:00 - DEBUG - [_process_strategies] [N/A] ⏱ Skipping SMA_Cross_sma50, not yet time (every 5m)
2025-04-25 21:09:00 - DEBUG - [_process_strategies] [N/A] ⏱ Skipping EMA_Cross_ema50, not yet time (every 5m)
2025-04-25 21:09:00 - DEBUG - [_process_strategies] [N/A] ⏱ Skipping VWAP_diff_signal_1700, not yet time (every 5m)
2025-04-25 21:09:00 - DEBUG - [_process_strategies] [N/A] ⏱ Skipping VWAP_diff_signal_rsi_1700, not yet time (every 5m)
2025-04-25 21:09:00 - DEBUG - [_process_strategies] [N/A] ⏱ Skipping VWAP_diff_signal_1700_volume, not yet time (every 5m)
2025-04-25 21:09:00 - DEBUG - [_process_strategies] [N/A] ⏱ Skipping EMA_Cross_candle, not yet time (every 5m)
2025-04-25 21:09:00 - DEBUG - [_process_strategies] [N/A] ⏱ Skipping SMA_Cross_candle, not yet time (every 5m)
2025-04-25 21:09:00 - INFO - [_update_active_orders_and_telegram] [N/A] 📊 Updating SL/TP for active orders
2025-04-25 21:09:01 - INFO - [_wait_until_next_iteration] [N/A] ⏳ Sleeping for 58.93 seconds before the next cycle
2025-04-25 21:10:00 - INFO - [_run_strategy_if_applicable] [N/A] ⏰ Strategy 'SMA_Cross_sma50' not executed because it's outside the time window: 16:35:00 - 16:50:00
2025-04-25 21:10:00 - INFO - [_run_strategy_if_applicable] [N/A] ⏰ Strategy 'EMA_Cross_ema50' not executed because it's outside the time window: 16:35:00 - 16:50:00
2025-04-25 21:10:00 - INFO - [_run_strategy_if_applicable] [N/A] ⏰ Strategy 'VWAP_diff_signal_1700' not executed because it's outside the time window: 17:30:00 - 19:00:00
2025-04-25 21:10:00 - INFO - [_run_strategy_if_applicable] [N/A] ⏰ Strategy 'VWAP_diff_signal_rsi_1700' not executed because it's outside the time window: 17:30:00 - 19:00:00
2025-04-25 21:10:00 - INFO - [_run_strategy_if_applicable] [N/A] ⏰ Strategy 'VWAP_diff_signal_1700_volume' not executed because it's outside the time window: 17:30:00 - 19:00:00
2025-04-25 21:10:00 - INFO - [_run_strategy_if_applicable] [N/A] ⏰ Strategy 'EMA_Cross_candle' not executed because it's outside the time window: 16:35:00 - 16:50:00
2025-04-25 21:10:00 - INFO - [_run_strategy_if_applicable] [N/A] ⏰ Strategy 'SMA_Cross_candle' not executed because it's outside the time window: 16:35:00 - 16:50:00
2025-04-25 21:10:00 - INFO - [_update_active_orders_and_telegram] [N/A] 📊 Updating SL/TP for active orders
2025-04-25 21:10:01 - INFO - [_wait_until_next_iteration] [N/A] ⏳ Sleeping for 58.92 seconds before the next cycle
2025-04-25 21:11:00 - DEBUG - [_process_strategies] [N/A] ⏱ Skipping SMA_Cross_sma50, not yet time (every 5m)
2025-04-25 21:11:00 - DEBUG - [_process_strategies] [N/A] ⏱ Skipping EMA_Cross_ema50, not yet time (every 5m)
2025-04-25 21:11:00 - DEBUG - [_process_strategies] [N/A] ⏱ Skipping VWAP_diff_signal_1700, not yet time (every 5m)
2025-04-25 21:11:00 - DEBUG - [_process_strategies] [N/A] ⏱ Skipping VWAP_diff_signal_rsi_1700, not yet time (every 5m)
2025-04-25 21:11:00 - DEBUG - [_process_strategies] [N/A] ⏱ Skipping VWAP_diff_signal_1700_volume, not yet time (every 5m)
2025-04-25 21:11:00 - DEBUG - [_process_strategies] [N/A] ⏱ Skipping EMA_Cross_candle, not yet time (every 5m)
2025-04-25 21:11:00 - DEBUG - [_process_strategies] [N/A] ⏱ Skipping SMA_Cross_candle, not yet time (every 5m)
2025-04-25 21:11:00 - INFO - [_update_active_orders_and_telegram] [N/A] 📊 Updating SL/TP for active orders
2025-04-25 21:11:01 - INFO - [_wait_until_next_iteration] [N/A] ⏳ Sleeping for 58.92 seconds before the next cycle
2025-04-25 21:12:00 - DEBUG - [_process_strategies] [N/A] ⏱ Skipping SMA_Cross_sma50, not yet time (every 5m)
2025-04-25 21:12:00 - DEBUG - [_process_strategies] [N/A] ⏱ Skipping EMA_Cross_ema50, not yet time (every 5m)
2025-04-25 21:12:00 - DEBUG - [_process_strategies] [N/A] ⏱ Skipping VWAP_diff_signal_1700, not yet time (every 5m)
2025-04-25 21:12:00 - DEBUG - [_process_strategies] [N/A] ⏱ Skipping VWAP_diff_signal_rsi_1700, not yet time (every 5m)
2025-04-25 21:12:00 - DEBUG - [_process_strategies] [N/A] ⏱ Skipping VWAP_diff_signal_1700_volume, not yet time (every 5m)
2025-04-25 21:12:00 - DEBUG - [_process_strategies] [N/A] ⏱ Skipping EMA_Cross_candle, not yet time (every 5m)
2025-04-25 21:12:00 - DEBUG - [_process_strategies] [N/A] ⏱ Skipping SMA_Cross_candle, not yet time (every 5m)
2025-04-25 21:12:00 - INFO - [_update_active_orders_and_telegram] [N/A] 📊 Updating SL/TP for active orders
2025-04-25 21:12:01 - INFO - [_wait_until_next_iteration] [N/A] ⏳ Sleeping for 58.92 seconds before the next cycle
2025-04-25 21:13:00 - DEBUG - [_process_strategies] [N/A] ⏱ Skipping SMA_Cross_sma50, not yet time (every 5m)
2025-04-25 21:13:00 - DEBUG - [_process_strategies] [N/A] ⏱ Skipping EMA_Cross_ema50, not yet time (every 5m)
2025-04-25 21:13:00 - DEBUG - [_process_strategies] [N/A] ⏱ Skipping VWAP_diff_signal_1700, not yet time (every 5m)
2025-04-25 21:13:00 - DEBUG - [_process_strategies] [N/A] ⏱ Skipping VWAP_diff_signal_rsi_1700, not yet time (every 5m)
2025-04-25 21:13:00 - DEBUG - [_process_strategies] [N/A] ⏱ Skipping VWAP_diff_signal_1700_volume, not yet time (every 5m)
2025-04-25 21:13:00 - DEBUG - [_process_strategies] [N/A] ⏱ Skipping EMA_Cross_candle, not yet time (every 5m)
2025-04-25 21:13:00 - DEBUG - [_process_strategies] [N/A] ⏱ Skipping SMA_Cross_candle, not yet time (every 5m)
2025-04-25 21:13:00 - INFO - [_update_active_orders_and_telegram] [N/A] 📊 Updating SL/TP for active orders
2025-04-25 21:13:01 - INFO - [_wait_until_next_iteration] [N/A] ⏳ Sleeping for 58.94 seconds before the next cycle
2025-04-25 21:14:00 - DEBUG - [_process_strategies] [N/A] ⏱ Skipping SMA_Cross_sma50, not yet time (every 5m)
2025-04-25 21:14:00 - DEBUG - [_process_strategies] [N/A] ⏱ Skipping EMA_Cross_ema50, not yet time (every 5m)
2025-04-25 21:14:00 - DEBUG - [_process_strategies] [N/A] ⏱ Skipping VWAP_diff_signal_1700, not yet time (every 5m)
2025-04-25 21:14:00 - DEBUG - [_process_strategies] [N/A] ⏱ Skipping VWAP_diff_signal_rsi_1700, not yet time (every 5m)
2025-04-25 21:14:00 - DEBUG - [_process_strategies] [N/A] ⏱ Skipping VWAP_diff_signal_1700_volume, not yet time (every 5m)
2025-04-25 21:14:00 - DEBUG - [_process_strategies] [N/A] ⏱ Skipping EMA_Cross_candle, not yet time (every 5m)
2025-04-25 21:14:00 - DEBUG - [_process_strategies] [N/A] ⏱ Skipping SMA_Cross_candle, not yet time (every 5m)
2025-04-25 21:14:00 - INFO - [_update_active_orders_and_telegram] [N/A] 📊 Updating SL/TP for active orders
2025-04-25 21:14:01 - INFO - [_wait_until_next_iteration] [N/A] ⏳ Sleeping for 58.94 seconds before the next cycle
2025-04-25 21:15:00 - INFO - [_run_strategy_if_applicable] [N/A] ⏰ Strategy 'SMA_Cross_sma50' not executed because it's outside the time window: 16:35:00 - 16:50:00
2025-04-25 21:15:00 - INFO - [_run_strategy_if_applicable] [N/A] ⏰ Strategy 'EMA_Cross_ema50' not executed because it's outside the time window: 16:35:00 - 16:50:00
2025-04-25 21:15:00 - INFO - [_run_strategy_if_applicable] [N/A] ⏰ Strategy 'VWAP_diff_signal_1700' not executed because it's outside the time window: 17:30:00 - 19:00:00
2025-04-25 21:15:00 - INFO - [_run_strategy_if_applicable] [N/A] ⏰ Strategy 'VWAP_diff_signal_rsi_1700' not executed because it's outside the time window: 17:30:00 - 19:00:00
2025-04-25 21:15:00 - INFO - [_run_strategy_if_applicable] [N/A] ⏰ Strategy 'VWAP_diff_signal_1700_volume' not executed because it's outside the time window: 17:30:00 - 19:00:00
2025-04-25 21:15:00 - INFO - [_run_strategy_if_applicable] [N/A] ⏰ Strategy 'EMA_Cross_candle' not executed because it's outside the time window: 16:35:00 - 16:50:00
2025-04-25 21:15:00 - INFO - [_run_strategy_if_applicable] [N/A] ⏰ Strategy 'SMA_Cross_candle' not executed because it's outside the time window: 16:35:00 - 16:50:00
2025-04-25 21:15:00 - INFO - [_update_active_orders_and_telegram] [N/A] 📊 Updating SL/TP for active orders
2025-04-25 21:15:01 - INFO - [_wait_until_next_iteration] [N/A] ⏳ Sleeping for 58.93 seconds before the next cycle
2025-04-25 21:16:00 - DEBUG - [_process_strategies] [N/A] ⏱ Skipping SMA_Cross_sma50, not yet time (every 5m)
2025-04-25 21:16:00 - DEBUG - [_process_strategies] [N/A] ⏱ Skipping EMA_Cross_ema50, not yet time (every 5m)
2025-04-25 21:16:00 - DEBUG - [_process_strategies] [N/A] ⏱ Skipping VWAP_diff_signal_1700, not yet time (every 5m)
2025-04-25 21:16:00 - DEBUG - [_process_strategies] [N/A] ⏱ Skipping VWAP_diff_signal_rsi_1700, not yet time (every 5m)
2025-04-25 21:16:00 - DEBUG - [_process_strategies] [N/A] ⏱ Skipping VWAP_diff_signal_1700_volume, not yet time (every 5m)
2025-04-25 21:16:00 - DEBUG - [_process_strategies] [N/A] ⏱ Skipping EMA_Cross_candle, not yet time (every 5m)
2025-04-25 21:16:00 - DEBUG - [_process_strategies] [N/A] ⏱ Skipping SMA_Cross_candle, not yet time (every 5m)
2025-04-25 21:16:00 - INFO - [_update_active_orders_and_telegram] [N/A] 📊 Updating SL/TP for active orders
2025-04-25 21:16:01 - INFO - [_wait_until_next_iteration] [N/A] ⏳ Sleeping for 58.92 seconds before the next cycle
2025-04-25 21:17:00 - DEBUG - [_process_strategies] [N/A] ⏱ Skipping SMA_Cross_sma50, not yet time (every 5m)
2025-04-25 21:17:00 - DEBUG - [_process_strategies] [N/A] ⏱ Skipping EMA_Cross_ema50, not yet time (every 5m)
2025-04-25 21:17:00 - DEBUG - [_process_strategies] [N/A] ⏱ Skipping VWAP_diff_signal_1700, not yet time (every 5m)
2025-04-25 21:17:00 - DEBUG - [_process_strategies] [N/A] ⏱ Skipping VWAP_diff_signal_rsi_1700, not yet time (every 5m)
2025-04-25 21:17:00 - DEBUG - [_process_strategies] [N/A] ⏱ Skipping VWAP_diff_signal_1700_volume, not yet time (every 5m)
2025-04-25 21:17:00 - DEBUG - [_process_strategies] [N/A] ⏱ Skipping EMA_Cross_candle, not yet time (every 5m)
2025-04-25 21:17:00 - DEBUG - [_process_strategies] [N/A] ⏱ Skipping SMA_Cross_candle, not yet time (every 5m)
2025-04-25 21:17:00 - INFO - [_update_active_orders_and_telegram] [N/A] 📊 Updating SL/TP for active orders
2025-04-25 21:17:01 - INFO - [_wait_until_next_iteration] [N/A] ⏳ Sleeping for 58.92 seconds before the next cycle
2025-04-25 21:18:00 - DEBUG - [_process_strategies] [N/A] ⏱ Skipping SMA_Cross_sma50, not yet time (every 5m)
2025-04-25 21:18:00 - DEBUG - [_process_strategies] [N/A] ⏱ Skipping EMA_Cross_ema50, not yet time (every 5m)
2025-04-25 21:18:00 - DEBUG - [_process_strategies] [N/A] ⏱ Skipping VWAP_diff_signal_1700, not yet time (every 5m)
2025-04-25 21:18:00 - DEBUG - [_process_strategies] [N/A] ⏱ Skipping VWAP_diff_signal_rsi_1700, not yet time (every 5m)
2025-04-25 21:18:00 - DEBUG - [_process_strategies] [N/A] ⏱ Skipping VWAP_diff_signal_1700_volume, not yet time (every 5m)
2025-04-25 21:18:00 - DEBUG - [_process_strategies] [N/A] ⏱ Skipping EMA_Cross_candle, not yet time (every 5m)
2025-04-25 21:18:00 - DEBUG - [_process_strategies] [N/A] ⏱ Skipping SMA_Cross_candle, not yet time (every 5m)
2025-04-25 21:18:00 - INFO - [_update_active_orders_and_telegram] [N/A] 📊 Updating SL/TP for active orders
2025-04-25 21:18:01 - INFO - [_wait_until_next_iteration] [N/A] ⏳ Sleeping for 58.92 seconds before the next cycle
2025-04-25 21:19:00 - DEBUG - [_process_strategies] [N/A] ⏱ Skipping SMA_Cross_sma50, not yet time (every 5m)
2025-04-25 21:19:00 - DEBUG - [_process_strategies] [N/A] ⏱ Skipping EMA_Cross_ema50, not yet time (every 5m)
2025-04-25 21:19:00 - DEBUG - [_process_strategies] [N/A] ⏱ Skipping VWAP_diff_signal_1700, not yet time (every 5m)
2025-04-25 21:19:00 - DEBUG - [_process_strategies] [N/A] ⏱ Skipping VWAP_diff_signal_rsi_1700, not yet time (every 5m)
2025-04-25 21:19:00 - DEBUG - [_process_strategies] [N/A] ⏱ Skipping VWAP_diff_signal_1700_volume, not yet time (every 5m)
2025-04-25 21:19:00 - DEBUG - [_process_strategies] [N/A] ⏱ Skipping EMA_Cross_candle, not yet time (every 5m)
2025-04-25 21:19:00 - DEBUG - [_process_strategies] [N/A] ⏱ Skipping SMA_Cross_candle, not yet time (every 5m)
2025-04-25 21:19:00 - INFO - [_update_active_orders_and_telegram] [N/A] 📊 Updating SL/TP for active orders
2025-04-25 21:19:01 - INFO - [_wait_until_next_iteration] [N/A] ⏳ Sleeping for 58.92 seconds before the next cycle
2025-04-25 21:20:00 - INFO - [_run_strategy_if_applicable] [N/A] ⏰ Strategy 'SMA_Cross_sma50' not executed because it's outside the time window: 16:35:00 - 16:50:00
2025-04-25 21:20:00 - INFO - [_run_strategy_if_applicable] [N/A] ⏰ Strategy 'EMA_Cross_ema50' not executed because it's outside the time window: 16:35:00 - 16:50:00
2025-04-25 21:20:00 - INFO - [_run_strategy_if_applicable] [N/A] ⏰ Strategy 'VWAP_diff_signal_1700' not executed because it's outside the time window: 17:30:00 - 19:00:00
2025-04-25 21:20:00 - INFO - [_run_strategy_if_applicable] [N/A] ⏰ Strategy 'VWAP_diff_signal_rsi_1700' not executed because it's outside the time window: 17:30:00 - 19:00:00
2025-04-25 21:20:00 - INFO - [_run_strategy_if_applicable] [N/A] ⏰ Strategy 'VWAP_diff_signal_1700_volume' not executed because it's outside the time window: 17:30:00 - 19:00:00
2025-04-25 21:20:00 - INFO - [_run_strategy_if_applicable] [N/A] ⏰ Strategy 'EMA_Cross_candle' not executed because it's outside the time window: 16:35:00 - 16:50:00
2025-04-25 21:20:00 - INFO - [_run_strategy_if_applicable] [N/A] ⏰ Strategy 'SMA_Cross_candle' not executed because it's outside the time window: 16:35:00 - 16:50:00
2025-04-25 21:20:00 - INFO - [_update_active_orders_and_telegram] [N/A] 📊 Updating SL/TP for active orders
2025-04-25 21:20:01 - INFO - [_wait_until_next_iteration] [N/A] ⏳ Sleeping for 58.93 seconds before the next cycle
2025-04-25 21:21:00 - DEBUG - [_process_strategies] [N/A] ⏱ Skipping SMA_Cross_sma50, not yet time (every 5m)
2025-04-25 21:21:00 - DEBUG - [_process_strategies] [N/A] ⏱ Skipping EMA_Cross_ema50, not yet time (every 5m)
2025-04-25 21:21:00 - DEBUG - [_process_strategies] [N/A] ⏱ Skipping VWAP_diff_signal_1700, not yet time (every 5m)
2025-04-25 21:21:00 - DEBUG - [_process_strategies] [N/A] ⏱ Skipping VWAP_diff_signal_rsi_1700, not yet time (every 5m)
2025-04-25 21:21:00 - DEBUG - [_process_strategies] [N/A] ⏱ Skipping VWAP_diff_signal_1700_volume, not yet time (every 5m)
2025-04-25 21:21:00 - DEBUG - [_process_strategies] [N/A] ⏱ Skipping EMA_Cross_candle, not yet time (every 5m)
2025-04-25 21:21:00 - DEBUG - [_process_strategies] [N/A] ⏱ Skipping SMA_Cross_candle, not yet time (every 5m)
2025-04-25 21:21:00 - INFO - [_update_active_orders_and_telegram] [N/A] 📊 Updating SL/TP for active orders
2025-04-25 21:21:01 - INFO - [_wait_until_next_iteration] [N/A] ⏳ Sleeping for 58.92 seconds before the next cycle
2025-04-25 21:22:00 - DEBUG - [_process_strategies] [N/A] ⏱ Skipping SMA_Cross_sma50, not yet time (every 5m)
2025-04-25 21:22:00 - DEBUG - [_process_strategies] [N/A] ⏱ Skipping EMA_Cross_ema50, not yet time (every 5m)
2025-04-25 21:22:00 - DEBUG - [_process_strategies] [N/A] ⏱ Skipping VWAP_diff_signal_1700, not yet time (every 5m)
2025-04-25 21:22:00 - DEBUG - [_process_strategies] [N/A] ⏱ Skipping VWAP_diff_signal_rsi_1700, not yet time (every 5m)
2025-04-25 21:22:00 - DEBUG - [_process_strategies] [N/A] ⏱ Skipping VWAP_diff_signal_1700_volume, not yet time (every 5m)
2025-04-25 21:22:00 - DEBUG - [_process_strategies] [N/A] ⏱ Skipping EMA_Cross_candle, not yet time (every 5m)
2025-04-25 21:22:00 - DEBUG - [_process_strategies] [N/A] ⏱ Skipping SMA_Cross_candle, not yet time (every 5m)
2025-04-25 21:22:00 - INFO - [_update_active_orders_and_telegram] [N/A] 📊 Updating SL/TP for active orders
2025-04-25 21:22:01 - INFO - [_wait_until_next_iteration] [N/A] ⏳ Sleeping for 58.95 seconds before the next cycle
2025-04-25 21:23:00 - DEBUG - [_process_strategies] [N/A] ⏱ Skipping SMA_Cross_sma50, not yet time (every 5m)
2025-04-25 21:23:00 - DEBUG - [_process_strategies] [N/A] ⏱ Skipping EMA_Cross_ema50, not yet time (every 5m)
2025-04-25 21:23:00 - DEBUG - [_process_strategies] [N/A] ⏱ Skipping VWAP_diff_signal_1700, not yet time (every 5m)
2025-04-25 21:23:00 - DEBUG - [_process_strategies] [N/A] ⏱ Skipping VWAP_diff_signal_rsi_1700, not yet time (every 5m)
2025-04-25 21:23:00 - DEBUG - [_process_strategies] [N/A] ⏱ Skipping VWAP_diff_signal_1700_volume, not yet time (every 5m)
2025-04-25 21:23:00 - DEBUG - [_process_strategies] [N/A] ⏱ Skipping EMA_Cross_candle, not yet time (every 5m)
2025-04-25 21:23:00 - DEBUG - [_process_strategies] [N/A] ⏱ Skipping SMA_Cross_candle, not yet time (every 5m)
2025-04-25 21:23:00 - INFO - [_update_active_orders_and_telegram] [N/A] 📊 Updating SL/TP for active orders
2025-04-25 21:23:01 - INFO - [_wait_until_next_iteration] [N/A] ⏳ Sleeping for 58.93 seconds before the next cycle
2025-04-25 21:24:00 - DEBUG - [_process_strategies] [N/A] ⏱ Skipping SMA_Cross_sma50, not yet time (every 5m)
2025-04-25 21:24:00 - DEBUG - [_process_strategies] [N/A] ⏱ Skipping EMA_Cross_ema50, not yet time (every 5m)
2025-04-25 21:24:00 - DEBUG - [_process_strategies] [N/A] ⏱ Skipping VWAP_diff_signal_1700, not yet time (every 5m)
2025-04-25 21:24:00 - DEBUG - [_process_strategies] [N/A] ⏱ Skipping VWAP_diff_signal_rsi_1700, not yet time (every 5m)
2025-04-25 21:24:00 - DEBUG - [_process_strategies] [N/A] ⏱ Skipping VWAP_diff_signal_1700_volume, not yet time (every 5m)
2025-04-25 21:24:00 - DEBUG - [_process_strategies] [N/A] ⏱ Skipping EMA_Cross_candle, not yet time (every 5m)
2025-04-25 21:24:00 - DEBUG - [_process_strategies] [N/A] ⏱ Skipping SMA_Cross_candle, not yet time (every 5m)
2025-04-25 21:24:00 - INFO - [_update_active_orders_and_telegram] [N/A] 📊 Updating SL/TP for active orders
2025-04-25 21:24:01 - INFO - [_wait_until_next_iteration] [N/A] ⏳ Sleeping for 58.95 seconds before the next cycle
2025-04-25 21:25:00 - INFO - [_run_strategy_if_applicable] [N/A] ⏰ Strategy 'SMA_Cross_sma50' not executed because it's outside the time window: 16:35:00 - 16:50:00
2025-04-25 21:25:00 - INFO - [_run_strategy_if_applicable] [N/A] ⏰ Strategy 'EMA_Cross_ema50' not executed because it's outside the time window: 16:35:00 - 16:50:00
2025-04-25 21:25:00 - INFO - [_run_strategy_if_applicable] [N/A] ⏰ Strategy 'VWAP_diff_signal_1700' not executed because it's outside the time window: 17:30:00 - 19:00:00
2025-04-25 21:25:00 - INFO - [_run_strategy_if_applicable] [N/A] ⏰ Strategy 'VWAP_diff_signal_rsi_1700' not executed because it's outside the time window: 17:30:00 - 19:00:00
2025-04-25 21:25:00 - INFO - [_run_strategy_if_applicable] [N/A] ⏰ Strategy 'VWAP_diff_signal_1700_volume' not executed because it's outside the time window: 17:30:00 - 19:00:00
2025-04-25 21:25:00 - INFO - [_run_strategy_if_applicable] [N/A] ⏰ Strategy 'EMA_Cross_candle' not executed because it's outside the time window: 16:35:00 - 16:50:00
2025-04-25 21:25:00 - INFO - [_run_strategy_if_applicable] [N/A] ⏰ Strategy 'SMA_Cross_candle' not executed because it's outside the time window: 16:35:00 - 16:50:00
2025-04-25 21:25:00 - INFO - [_update_active_orders_and_telegram] [N/A] 📊 Updating SL/TP for active orders
2025-04-25 21:25:01 - INFO - [_wait_until_next_iteration] [N/A] ⏳ Sleeping for 58.92 seconds before the next cycle
2025-04-25 21:26:00 - DEBUG - [_process_strategies] [N/A] ⏱ Skipping SMA_Cross_sma50, not yet time (every 5m)
2025-04-25 21:26:00 - DEBUG - [_process_strategies] [N/A] ⏱ Skipping EMA_Cross_ema50, not yet time (every 5m)
2025-04-25 21:26:00 - DEBUG - [_process_strategies] [N/A] ⏱ Skipping VWAP_diff_signal_1700, not yet time (every 5m)
2025-04-25 21:26:00 - DEBUG - [_process_strategies] [N/A] ⏱ Skipping VWAP_diff_signal_rsi_1700, not yet time (every 5m)
2025-04-25 21:26:00 - DEBUG - [_process_strategies] [N/A] ⏱ Skipping VWAP_diff_signal_1700_volume, not yet time (every 5m)
2025-04-25 21:26:00 - DEBUG - [_process_strategies] [N/A] ⏱ Skipping EMA_Cross_candle, not yet time (every 5m)
2025-04-25 21:26:00 - DEBUG - [_process_strategies] [N/A] ⏱ Skipping SMA_Cross_candle, not yet time (every 5m)
2025-04-25 21:26:00 - INFO - [_update_active_orders_and_telegram] [N/A] 📊 Updating SL/TP for active orders
2025-04-25 21:26:01 - INFO - [_wait_until_next_iteration] [N/A] ⏳ Sleeping for 58.92 seconds before the next cycle
2025-04-25 21:27:00 - DEBUG - [_process_strategies] [N/A] ⏱ Skipping SMA_Cross_sma50, not yet time (every 5m)
2025-04-25 21:27:00 - DEBUG - [_process_strategies] [N/A] ⏱ Skipping EMA_Cross_ema50, not yet time (every 5m)
2025-04-25 21:27:00 - DEBUG - [_process_strategies] [N/A] ⏱ Skipping VWAP_diff_signal_1700, not yet time (every 5m)
2025-04-25 21:27:00 - DEBUG - [_process_strategies] [N/A] ⏱ Skipping VWAP_diff_signal_rsi_1700, not yet time (every 5m)
2025-04-25 21:27:00 - DEBUG - [_process_strategies] [N/A] ⏱ Skipping VWAP_diff_signal_1700_volume, not yet time (every 5m)
2025-04-25 21:27:00 - DEBUG - [_process_strategies] [N/A] ⏱ Skipping EMA_Cross_candle, not yet time (every 5m)
2025-04-25 21:27:00 - DEBUG - [_process_strategies] [N/A] ⏱ Skipping SMA_Cross_candle, not yet time (every 5m)
2025-04-25 21:27:00 - INFO - [_update_active_orders_and_telegram] [N/A] 📊 Updating SL/TP for active orders
2025-04-25 21:27:01 - INFO - [_wait_until_next_iteration] [N/A] ⏳ Sleeping for 58.92 seconds before the next cycle
2025-04-25 21:28:00 - DEBUG - [_process_strategies] [N/A] ⏱ Skipping SMA_Cross_sma50, not yet time (every 5m)
2025-04-25 21:28:00 - DEBUG - [_process_strategies] [N/A] ⏱ Skipping EMA_Cross_ema50, not yet time (every 5m)
2025-04-25 21:28:00 - DEBUG - [_process_strategies] [N/A] ⏱ Skipping VWAP_diff_signal_1700, not yet time (every 5m)
2025-04-25 21:28:00 - DEBUG - [_process_strategies] [N/A] ⏱ Skipping VWAP_diff_signal_rsi_1700, not yet time (every 5m)
2025-04-25 21:28:00 - DEBUG - [_process_strategies] [N/A] ⏱ Skipping VWAP_diff_signal_1700_volume, not yet time (every 5m)
2025-04-25 21:28:00 - DEBUG - [_process_strategies] [N/A] ⏱ Skipping EMA_Cross_candle, not yet time (every 5m)
2025-04-25 21:28:00 - DEBUG - [_process_strategies] [N/A] ⏱ Skipping SMA_Cross_candle, not yet time (every 5m)
2025-04-25 21:28:00 - INFO - [_update_active_orders_and_telegram] [N/A] 📊 Updating SL/TP for active orders
2025-04-25 21:28:01 - INFO - [_wait_until_next_iteration] [N/A] ⏳ Sleeping for 58.92 seconds before the next cycle
2025-04-25 21:29:00 - DEBUG - [_process_strategies] [N/A] ⏱ Skipping SMA_Cross_sma50, not yet time (every 5m)
2025-04-25 21:29:00 - DEBUG - [_process_strategies] [N/A] ⏱ Skipping EMA_Cross_ema50, not yet time (every 5m)
2025-04-25 21:29:00 - DEBUG - [_process_strategies] [N/A] ⏱ Skipping VWAP_diff_signal_1700, not yet time (every 5m)
2025-04-25 21:29:00 - DEBUG - [_process_strategies] [N/A] ⏱ Skipping VWAP_diff_signal_rsi_1700, not yet time (every 5m)
2025-04-25 21:29:00 - DEBUG - [_process_strategies] [N/A] ⏱ Skipping VWAP_diff_signal_1700_volume, not yet time (every 5m)
2025-04-25 21:29:00 - DEBUG - [_process_strategies] [N/A] ⏱ Skipping EMA_Cross_candle, not yet time (every 5m)
2025-04-25 21:29:00 - DEBUG - [_process_strategies] [N/A] ⏱ Skipping SMA_Cross_candle, not yet time (every 5m)
2025-04-25 21:29:00 - INFO - [_update_active_orders_and_telegram] [N/A] 📊 Updating SL/TP for active orders
2025-04-25 21:29:01 - INFO - [_wait_until_next_iteration] [N/A] ⏳ Sleeping for 58.92 seconds before the next cycle
2025-04-25 21:30:00 - INFO - [_run_strategy_if_applicable] [N/A] ⏰ Strategy 'SMA_Cross_sma50' not executed because it's outside the time window: 16:35:00 - 16:50:00
2025-04-25 21:30:00 - INFO - [_run_strategy_if_applicable] [N/A] ⏰ Strategy 'EMA_Cross_ema50' not executed because it's outside the time window: 16:35:00 - 16:50:00
2025-04-25 21:30:00 - INFO - [_run_strategy_if_applicable] [N/A] ⏰ Strategy 'VWAP_diff_signal_1700' not executed because it's outside the time window: 17:30:00 - 19:00:00
2025-04-25 21:30:00 - INFO - [_run_strategy_if_applicable] [N/A] ⏰ Strategy 'VWAP_diff_signal_rsi_1700' not executed because it's outside the time window: 17:30:00 - 19:00:00
2025-04-25 21:30:00 - INFO - [_run_strategy_if_applicable] [N/A] ⏰ Strategy 'VWAP_diff_signal_1700_volume' not executed because it's outside the time window: 17:30:00 - 19:00:00
2025-04-25 21:30:00 - INFO - [_run_strategy_if_applicable] [N/A] ⏰ Strategy 'EMA_Cross_candle' not executed because it's outside the time window: 16:35:00 - 16:50:00
2025-04-25 21:30:00 - INFO - [_run_strategy_if_applicable] [N/A] ⏰ Strategy 'SMA_Cross_candle' not executed because it's outside the time window: 16:35:00 - 16:50:00
2025-04-25 21:30:00 - INFO - [_update_active_orders_and_telegram] [N/A] 📊 Updating SL/TP for active orders
2025-04-25 21:30:01 - INFO - [_wait_until_next_iteration] [N/A] ⏳ Sleeping for 58.92 seconds before the next cycle
2025-04-25 21:31:00 - DEBUG - [_process_strategies] [N/A] ⏱ Skipping SMA_Cross_sma50, not yet time (every 5m)
2025-04-25 21:31:00 - DEBUG - [_process_strategies] [N/A] ⏱ Skipping EMA_Cross_ema50, not yet time (every 5m)
2025-04-25 21:31:00 - DEBUG - [_process_strategies] [N/A] ⏱ Skipping VWAP_diff_signal_1700, not yet time (every 5m)
2025-04-25 21:31:00 - DEBUG - [_process_strategies] [N/A] ⏱ Skipping VWAP_diff_signal_rsi_1700, not yet time (every 5m)
2025-04-25 21:31:00 - DEBUG - [_process_strategies] [N/A] ⏱ Skipping VWAP_diff_signal_1700_volume, not yet time (every 5m)
2025-04-25 21:31:00 - DEBUG - [_process_strategies] [N/A] ⏱ Skipping EMA_Cross_candle, not yet time (every 5m)
2025-04-25 21:31:00 - DEBUG - [_process_strategies] [N/A] ⏱ Skipping SMA_Cross_candle, not yet time (every 5m)
2025-04-25 21:31:00 - INFO - [_update_active_orders_and_telegram] [N/A] 📊 Updating SL/TP for active orders
2025-04-25 21:31:01 - INFO - [_wait_until_next_iteration] [N/A] ⏳ Sleeping for 58.93 seconds before the next cycle
2025-04-25 21:32:00 - DEBUG - [_process_strategies] [N/A] ⏱ Skipping SMA_Cross_sma50, not yet time (every 5m)
2025-04-25 21:32:00 - DEBUG - [_process_strategies] [N/A] ⏱ Skipping EMA_Cross_ema50, not yet time (every 5m)
2025-04-25 21:32:00 - DEBUG - [_process_strategies] [N/A] ⏱ Skipping VWAP_diff_signal_1700, not yet time (every 5m)
2025-04-25 21:32:00 - DEBUG - [_process_strategies] [N/A] ⏱ Skipping VWAP_diff_signal_rsi_1700, not yet time (every 5m)
2025-04-25 21:32:00 - DEBUG - [_process_strategies] [N/A] ⏱ Skipping VWAP_diff_signal_1700_volume, not yet time (every 5m)
2025-04-25 21:32:00 - DEBUG - [_process_strategies] [N/A] ⏱ Skipping EMA_Cross_candle, not yet time (every 5m)
2025-04-25 21:32:00 - DEBUG - [_process_strategies] [N/A] ⏱ Skipping SMA_Cross_candle, not yet time (every 5m)
2025-04-25 21:32:00 - INFO - [_update_active_orders_and_telegram] [N/A] 📊 Updating SL/TP for active orders
2025-04-25 21:32:01 - INFO - [_wait_until_next_iteration] [N/A] ⏳ Sleeping for 58.92 seconds before the next cycle
2025-04-25 21:33:00 - DEBUG - [_process_strategies] [N/A] ⏱ Skipping SMA_Cross_sma50, not yet time (every 5m)
2025-04-25 21:33:00 - DEBUG - [_process_strategies] [N/A] ⏱ Skipping EMA_Cross_ema50, not yet time (every 5m)
2025-04-25 21:33:00 - DEBUG - [_process_strategies] [N/A] ⏱ Skipping VWAP_diff_signal_1700, not yet time (every 5m)
2025-04-25 21:33:00 - DEBUG - [_process_strategies] [N/A] ⏱ Skipping VWAP_diff_signal_rsi_1700, not yet time (every 5m)
2025-04-25 21:33:00 - DEBUG - [_process_strategies] [N/A] ⏱ Skipping VWAP_diff_signal_1700_volume, not yet time (every 5m)
2025-04-25 21:33:00 - DEBUG - [_process_strategies] [N/A] ⏱ Skipping EMA_Cross_candle, not yet time (every 5m)
2025-04-25 21:33:00 - DEBUG - [_process_strategies] [N/A] ⏱ Skipping SMA_Cross_candle, not yet time (every 5m)
2025-04-25 21:33:00 - INFO - [_update_active_orders_and_telegram] [N/A] 📊 Updating SL/TP for active orders
2025-04-25 21:33:01 - INFO - [_wait_until_next_iteration] [N/A] ⏳ Sleeping for 58.92 seconds before the next cycle
2025-04-25 21:34:00 - DEBUG - [_process_strategies] [N/A] ⏱ Skipping SMA_Cross_sma50, not yet time (every 5m)
2025-04-25 21:34:00 - DEBUG - [_process_strategies] [N/A] ⏱ Skipping EMA_Cross_ema50, not yet time (every 5m)
2025-04-25 21:34:00 - DEBUG - [_process_strategies] [N/A] ⏱ Skipping VWAP_diff_signal_1700, not yet time (every 5m)
2025-04-25 21:34:00 - DEBUG - [_process_strategies] [N/A] ⏱ Skipping VWAP_diff_signal_rsi_1700, not yet time (every 5m)
2025-04-25 21:34:00 - DEBUG - [_process_strategies] [N/A] ⏱ Skipping VWAP_diff_signal_1700_volume, not yet time (every 5m)
2025-04-25 21:34:00 - DEBUG - [_process_strategies] [N/A] ⏱ Skipping EMA_Cross_candle, not yet time (every 5m)
2025-04-25 21:34:00 - DEBUG - [_process_strategies] [N/A] ⏱ Skipping SMA_Cross_candle, not yet time (every 5m)
2025-04-25 21:34:00 - INFO - [_update_active_orders_and_telegram] [N/A] 📊 Updating SL/TP for active orders
2025-04-25 21:34:01 - INFO - [_wait_until_next_iteration] [N/A] ⏳ Sleeping for 58.93 seconds before the next cycle
2025-04-25 21:35:00 - INFO - [_run_strategy_if_applicable] [N/A] ⏰ Strategy 'SMA_Cross_sma50' not executed because it's outside the time window: 16:35:00 - 16:50:00
2025-04-25 21:35:00 - INFO - [_run_strategy_if_applicable] [N/A] ⏰ Strategy 'EMA_Cross_ema50' not executed because it's outside the time window: 16:35:00 - 16:50:00
2025-04-25 21:35:00 - INFO - [_run_strategy_if_applicable] [N/A] ⏰ Strategy 'VWAP_diff_signal_1700' not executed because it's outside the time window: 17:30:00 - 19:00:00
2025-04-25 21:35:00 - INFO - [_run_strategy_if_applicable] [N/A] ⏰ Strategy 'VWAP_diff_signal_rsi_1700' not executed because it's outside the time window: 17:30:00 - 19:00:00
2025-04-25 21:35:00 - INFO - [_run_strategy_if_applicable] [N/A] ⏰ Strategy 'VWAP_diff_signal_1700_volume' not executed because it's outside the time window: 17:30:00 - 19:00:00
2025-04-25 21:35:00 - INFO - [_run_strategy_if_applicable] [N/A] ⏰ Strategy 'EMA_Cross_candle' not executed because it's outside the time window: 16:35:00 - 16:50:00
2025-04-25 21:35:00 - INFO - [_run_strategy_if_applicable] [N/A] ⏰ Strategy 'SMA_Cross_candle' not executed because it's outside the time window: 16:35:00 - 16:50:00
2025-04-25 21:35:00 - INFO - [_update_active_orders_and_telegram] [N/A] 📊 Updating SL/TP for active orders
2025-04-25 21:35:01 - INFO - [_wait_until_next_iteration] [N/A] ⏳ Sleeping for 58.92 seconds before the next cycle
2025-04-25 21:36:00 - DEBUG - [_process_strategies] [N/A] ⏱ Skipping SMA_Cross_sma50, not yet time (every 5m)
2025-04-25 21:36:00 - DEBUG - [_process_strategies] [N/A] ⏱ Skipping EMA_Cross_ema50, not yet time (every 5m)
2025-04-25 21:36:00 - DEBUG - [_process_strategies] [N/A] ⏱ Skipping VWAP_diff_signal_1700, not yet time (every 5m)
2025-04-25 21:36:00 - DEBUG - [_process_strategies] [N/A] ⏱ Skipping VWAP_diff_signal_rsi_1700, not yet time (every 5m)
2025-04-25 21:36:00 - DEBUG - [_process_strategies] [N/A] ⏱ Skipping VWAP_diff_signal_1700_volume, not yet time (every 5m)
2025-04-25 21:36:00 - DEBUG - [_process_strategies] [N/A] ⏱ Skipping EMA_Cross_candle, not yet time (every 5m)
2025-04-25 21:36:00 - DEBUG - [_process_strategies] [N/A] ⏱ Skipping SMA_Cross_candle, not yet time (every 5m)
2025-04-25 21:36:00 - INFO - [_update_active_orders_and_telegram] [N/A] 📊 Updating SL/TP for active orders
2025-04-25 21:36:01 - INFO - [_wait_until_next_iteration] [N/A] ⏳ Sleeping for 58.92 seconds before the next cycle
2025-04-25 21:37:00 - DEBUG - [_process_strategies] [N/A] ⏱ Skipping SMA_Cross_sma50, not yet time (every 5m)
2025-04-25 21:37:00 - DEBUG - [_process_strategies] [N/A] ⏱ Skipping EMA_Cross_ema50, not yet time (every 5m)
2025-04-25 21:37:00 - DEBUG - [_process_strategies] [N/A] ⏱ Skipping VWAP_diff_signal_1700, not yet time (every 5m)
2025-04-25 21:37:00 - DEBUG - [_process_strategies] [N/A] ⏱ Skipping VWAP_diff_signal_rsi_1700, not yet time (every 5m)
2025-04-25 21:37:00 - DEBUG - [_process_strategies] [N/A] ⏱ Skipping VWAP_diff_signal_1700_volume, not yet time (every 5m)
2025-04-25 21:37:00 - DEBUG - [_process_strategies] [N/A] ⏱ Skipping EMA_Cross_candle, not yet time (every 5m)
2025-04-25 21:37:00 - DEBUG - [_process_strategies] [N/A] ⏱ Skipping SMA_Cross_candle, not yet time (every 5m)
2025-04-25 21:37:00 - INFO - [_update_active_orders_and_telegram] [N/A] 📊 Updating SL/TP for active orders
2025-04-25 21:37:01 - INFO - [_wait_until_next_iteration] [N/A] ⏳ Sleeping for 58.92 seconds before the next cycle
2025-04-25 21:38:00 - DEBUG - [_process_strategies] [N/A] ⏱ Skipping SMA_Cross_sma50, not yet time (every 5m)
2025-04-25 21:38:00 - DEBUG - [_process_strategies] [N/A] ⏱ Skipping EMA_Cross_ema50, not yet time (every 5m)
2025-04-25 21:38:00 - DEBUG - [_process_strategies] [N/A] ⏱ Skipping VWAP_diff_signal_1700, not yet time (every 5m)
2025-04-25 21:38:00 - DEBUG - [_process_strategies] [N/A] ⏱ Skipping VWAP_diff_signal_rsi_1700, not yet time (every 5m)
2025-04-25 21:38:00 - DEBUG - [_process_strategies] [N/A] ⏱ Skipping VWAP_diff_signal_1700_volume, not yet time (every 5m)
2025-04-25 21:38:00 - DEBUG - [_process_strategies] [N/A] ⏱ Skipping EMA_Cross_candle, not yet time (every 5m)
2025-04-25 21:38:00 - DEBUG - [_process_strategies] [N/A] ⏱ Skipping SMA_Cross_candle, not yet time (every 5m)
2025-04-25 21:38:00 - INFO - [_update_active_orders_and_telegram] [N/A] 📊 Updating SL/TP for active orders
2025-04-25 21:38:01 - INFO - [_wait_until_next_iteration] [N/A] ⏳ Sleeping for 58.94 seconds before the next cycle
2025-04-25 21:39:00 - DEBUG - [_process_strategies] [N/A] ⏱ Skipping SMA_Cross_sma50, not yet time (every 5m)
2025-04-25 21:39:00 - DEBUG - [_process_strategies] [N/A] ⏱ Skipping EMA_Cross_ema50, not yet time (every 5m)
2025-04-25 21:39:00 - DEBUG - [_process_strategies] [N/A] ⏱ Skipping VWAP_diff_signal_1700, not yet time (every 5m)
2025-04-25 21:39:00 - DEBUG - [_process_strategies] [N/A] ⏱ Skipping VWAP_diff_signal_rsi_1700, not yet time (every 5m)
2025-04-25 21:39:00 - DEBUG - [_process_strategies] [N/A] ⏱ Skipping VWAP_diff_signal_1700_volume, not yet time (every 5m)
2025-04-25 21:39:00 - DEBUG - [_process_strategies] [N/A] ⏱ Skipping EMA_Cross_candle, not yet time (every 5m)
2025-04-25 21:39:00 - DEBUG - [_process_strategies] [N/A] ⏱ Skipping SMA_Cross_candle, not yet time (every 5m)
2025-04-25 21:39:00 - INFO - [_update_active_orders_and_telegram] [N/A] 📊 Updating SL/TP for active orders
2025-04-25 21:39:01 - INFO - [_wait_until_next_iteration] [N/A] ⏳ Sleeping for 58.92 seconds before the next cycle
2025-04-25 21:40:00 - INFO - [_run_strategy_if_applicable] [N/A] ⏰ Strategy 'SMA_Cross_sma50' not executed because it's outside the time window: 16:35:00 - 16:50:00
2025-04-25 21:40:00 - INFO - [_run_strategy_if_applicable] [N/A] ⏰ Strategy 'EMA_Cross_ema50' not executed because it's outside the time window: 16:35:00 - 16:50:00
2025-04-25 21:40:00 - INFO - [_run_strategy_if_applicable] [N/A] ⏰ Strategy 'VWAP_diff_signal_1700' not executed because it's outside the time window: 17:30:00 - 19:00:00
2025-04-25 21:40:00 - INFO - [_run_strategy_if_applicable] [N/A] ⏰ Strategy 'VWAP_diff_signal_rsi_1700' not executed because it's outside the time window: 17:30:00 - 19:00:00
2025-04-25 21:40:00 - INFO - [_run_strategy_if_applicable] [N/A] ⏰ Strategy 'VWAP_diff_signal_1700_volume' not executed because it's outside the time window: 17:30:00 - 19:00:00
2025-04-25 21:40:00 - INFO - [_run_strategy_if_applicable] [N/A] ⏰ Strategy 'EMA_Cross_candle' not executed because it's outside the time window: 16:35:00 - 16:50:00
2025-04-25 21:40:00 - INFO - [_run_strategy_if_applicable] [N/A] ⏰ Strategy 'SMA_Cross_candle' not executed because it's outside the time window: 16:35:00 - 16:50:00
2025-04-25 21:40:00 - INFO - [_update_active_orders_and_telegram] [N/A] 📊 Updating SL/TP for active orders
2025-04-25 21:40:01 - INFO - [_wait_until_next_iteration] [N/A] ⏳ Sleeping for 58.92 seconds before the next cycle
2025-04-25 21:41:00 - DEBUG - [_process_strategies] [N/A] ⏱ Skipping SMA_Cross_sma50, not yet time (every 5m)
2025-04-25 21:41:00 - DEBUG - [_process_strategies] [N/A] ⏱ Skipping EMA_Cross_ema50, not yet time (every 5m)
2025-04-25 21:41:00 - DEBUG - [_process_strategies] [N/A] ⏱ Skipping VWAP_diff_signal_1700, not yet time (every 5m)
2025-04-25 21:41:00 - DEBUG - [_process_strategies] [N/A] ⏱ Skipping VWAP_diff_signal_rsi_1700, not yet time (every 5m)
2025-04-25 21:41:00 - DEBUG - [_process_strategies] [N/A] ⏱ Skipping VWAP_diff_signal_1700_volume, not yet time (every 5m)
2025-04-25 21:41:00 - DEBUG - [_process_strategies] [N/A] ⏱ Skipping EMA_Cross_candle, not yet time (every 5m)
2025-04-25 21:41:00 - DEBUG - [_process_strategies] [N/A] ⏱ Skipping SMA_Cross_candle, not yet time (every 5m)
2025-04-25 21:41:00 - INFO - [_update_active_orders_and_telegram] [N/A] 📊 Updating SL/TP for active orders
2025-04-25 21:41:01 - INFO - [_wait_until_next_iteration] [N/A] ⏳ Sleeping for 58.96 seconds before the next cycle
2025-04-25 21:42:00 - DEBUG - [_process_strategies] [N/A] ⏱ Skipping SMA_Cross_sma50, not yet time (every 5m)
2025-04-25 21:42:00 - DEBUG - [_process_strategies] [N/A] ⏱ Skipping EMA_Cross_ema50, not yet time (every 5m)
2025-04-25 21:42:00 - DEBUG - [_process_strategies] [N/A] ⏱ Skipping VWAP_diff_signal_1700, not yet time (every 5m)
2025-04-25 21:42:00 - DEBUG - [_process_strategies] [N/A] ⏱ Skipping VWAP_diff_signal_rsi_1700, not yet time (every 5m)
2025-04-25 21:42:00 - DEBUG - [_process_strategies] [N/A] ⏱ Skipping VWAP_diff_signal_1700_volume, not yet time (every 5m)
2025-04-25 21:42:00 - DEBUG - [_process_strategies] [N/A] ⏱ Skipping EMA_Cross_candle, not yet time (every 5m)
2025-04-25 21:42:00 - DEBUG - [_process_strategies] [N/A] ⏱ Skipping SMA_Cross_candle, not yet time (every 5m)
2025-04-25 21:42:00 - INFO - [_update_active_orders_and_telegram] [N/A] 📊 Updating SL/TP for active orders
2025-04-25 21:42:01 - INFO - [_wait_until_next_iteration] [N/A] ⏳ Sleeping for 58.92 seconds before the next cycle
2025-04-25 21:43:00 - DEBUG - [_process_strategies] [N/A] ⏱ Skipping SMA_Cross_sma50, not yet time (every 5m)
2025-04-25 21:43:00 - DEBUG - [_process_strategies] [N/A] ⏱ Skipping EMA_Cross_ema50, not yet time (every 5m)
2025-04-25 21:43:00 - DEBUG - [_process_strategies] [N/A] ⏱ Skipping VWAP_diff_signal_1700, not yet time (every 5m)
2025-04-25 21:43:00 - DEBUG - [_process_strategies] [N/A] ⏱ Skipping VWAP_diff_signal_rsi_1700, not yet time (every 5m)
2025-04-25 21:43:00 - DEBUG - [_process_strategies] [N/A] ⏱ Skipping VWAP_diff_signal_1700_volume, not yet time (every 5m)
2025-04-25 21:43:00 - DEBUG - [_process_strategies] [N/A] ⏱ Skipping EMA_Cross_candle, not yet time (every 5m)
2025-04-25 21:43:00 - DEBUG - [_process_strategies] [N/A] ⏱ Skipping SMA_Cross_candle, not yet time (every 5m)
2025-04-25 21:43:00 - INFO - [_update_active_orders_and_telegram] [N/A] 📊 Updating SL/TP for active orders
2025-04-25 21:43:01 - INFO - [_wait_until_next_iteration] [N/A] ⏳ Sleeping for 58.92 seconds before the next cycle
2025-04-25 21:44:00 - DEBUG - [_process_strategies] [N/A] ⏱ Skipping SMA_Cross_sma50, not yet time (every 5m)
2025-04-25 21:44:00 - DEBUG - [_process_strategies] [N/A] ⏱ Skipping EMA_Cross_ema50, not yet time (every 5m)
2025-04-25 21:44:00 - DEBUG - [_process_strategies] [N/A] ⏱ Skipping VWAP_diff_signal_1700, not yet time (every 5m)
2025-04-25 21:44:00 - DEBUG - [_process_strategies] [N/A] ⏱ Skipping VWAP_diff_signal_rsi_1700, not yet time (every 5m)
2025-04-25 21:44:00 - DEBUG - [_process_strategies] [N/A] ⏱ Skipping VWAP_diff_signal_1700_volume, not yet time (every 5m)
2025-04-25 21:44:00 - DEBUG - [_process_strategies] [N/A] ⏱ Skipping EMA_Cross_candle, not yet time (every 5m)
2025-04-25 21:44:00 - DEBUG - [_process_strategies] [N/A] ⏱ Skipping SMA_Cross_candle, not yet time (every 5m)
2025-04-25 21:44:00 - INFO - [_update_active_orders_and_telegram] [N/A] 📊 Updating SL/TP for active orders
2025-04-25 21:44:01 - INFO - [_wait_until_next_iteration] [N/A] ⏳ Sleeping for 58.94 seconds before the next cycle
2025-04-25 21:45:00 - INFO - [_run_strategy_if_applicable] [N/A] ⏰ Strategy 'SMA_Cross_sma50' not executed because it's outside the time window: 16:35:00 - 16:50:00
2025-04-25 21:45:00 - INFO - [_run_strategy_if_applicable] [N/A] ⏰ Strategy 'EMA_Cross_ema50' not executed because it's outside the time window: 16:35:00 - 16:50:00
2025-04-25 21:45:00 - INFO - [_run_strategy_if_applicable] [N/A] ⏰ Strategy 'VWAP_diff_signal_1700' not executed because it's outside the time window: 17:30:00 - 19:00:00
2025-04-25 21:45:00 - INFO - [_run_strategy_if_applicable] [N/A] ⏰ Strategy 'VWAP_diff_signal_rsi_1700' not executed because it's outside the time window: 17:30:00 - 19:00:00
2025-04-25 21:45:00 - INFO - [_run_strategy_if_applicable] [N/A] ⏰ Strategy 'VWAP_diff_signal_1700_volume' not executed because it's outside the time window: 17:30:00 - 19:00:00
2025-04-25 21:45:00 - INFO - [_run_strategy_if_applicable] [N/A] ⏰ Strategy 'EMA_Cross_candle' not executed because it's outside the time window: 16:35:00 - 16:50:00
2025-04-25 21:45:00 - INFO - [_run_strategy_if_applicable] [N/A] ⏰ Strategy 'SMA_Cross_candle' not executed because it's outside the time window: 16:35:00 - 16:50:00
2025-04-25 21:45:00 - INFO - [_update_active_orders_and_telegram] [N/A] 📊 Updating SL/TP for active orders
2025-04-25 21:45:01 - INFO - [_wait_until_next_iteration] [N/A] ⏳ Sleeping for 58.93 seconds before the next cycle
2025-04-25 21:46:00 - DEBUG - [_process_strategies] [N/A] ⏱ Skipping SMA_Cross_sma50, not yet time (every 5m)
2025-04-25 21:46:00 - DEBUG - [_process_strategies] [N/A] ⏱ Skipping EMA_Cross_ema50, not yet time (every 5m)
2025-04-25 21:46:00 - DEBUG - [_process_strategies] [N/A] ⏱ Skipping VWAP_diff_signal_1700, not yet time (every 5m)
2025-04-25 21:46:00 - DEBUG - [_process_strategies] [N/A] ⏱ Skipping VWAP_diff_signal_rsi_1700, not yet time (every 5m)
2025-04-25 21:46:00 - DEBUG - [_process_strategies] [N/A] ⏱ Skipping VWAP_diff_signal_1700_volume, not yet time (every 5m)
2025-04-25 21:46:00 - DEBUG - [_process_strategies] [N/A] ⏱ Skipping EMA_Cross_candle, not yet time (every 5m)
2025-04-25 21:46:00 - DEBUG - [_process_strategies] [N/A] ⏱ Skipping SMA_Cross_candle, not yet time (every 5m)
2025-04-25 21:46:00 - INFO - [_update_active_orders_and_telegram] [N/A] 📊 Updating SL/TP for active orders
2025-04-25 21:46:01 - INFO - [_wait_until_next_iteration] [N/A] ⏳ Sleeping for 58.94 seconds before the next cycle
2025-04-25 21:47:00 - DEBUG - [_process_strategies] [N/A] ⏱ Skipping SMA_Cross_sma50, not yet time (every 5m)
2025-04-25 21:47:00 - DEBUG - [_process_strategies] [N/A] ⏱ Skipping EMA_Cross_ema50, not yet time (every 5m)
2025-04-25 21:47:00 - DEBUG - [_process_strategies] [N/A] ⏱ Skipping VWAP_diff_signal_1700, not yet time (every 5m)
2025-04-25 21:47:00 - DEBUG - [_process_strategies] [N/A] ⏱ Skipping VWAP_diff_signal_rsi_1700, not yet time (every 5m)
2025-04-25 21:47:00 - DEBUG - [_process_strategies] [N/A] ⏱ Skipping VWAP_diff_signal_1700_volume, not yet time (every 5m)
2025-04-25 21:47:00 - DEBUG - [_process_strategies] [N/A] ⏱ Skipping EMA_Cross_candle, not yet time (every 5m)
2025-04-25 21:47:00 - DEBUG - [_process_strategies] [N/A] ⏱ Skipping SMA_Cross_candle, not yet time (every 5m)
2025-04-25 21:47:00 - INFO - [_update_active_orders_and_telegram] [N/A] 📊 Updating SL/TP for active orders
2025-04-25 21:47:01 - INFO - [_wait_until_next_iteration] [N/A] ⏳ Sleeping for 58.94 seconds before the next cycle
2025-04-25 21:48:00 - DEBUG - [_process_strategies] [N/A] ⏱ Skipping SMA_Cross_sma50, not yet time (every 5m)
2025-04-25 21:48:00 - DEBUG - [_process_strategies] [N/A] ⏱ Skipping EMA_Cross_ema50, not yet time (every 5m)
2025-04-25 21:48:00 - DEBUG - [_process_strategies] [N/A] ⏱ Skipping VWAP_diff_signal_1700, not yet time (every 5m)
2025-04-25 21:48:00 - DEBUG - [_process_strategies] [N/A] ⏱ Skipping VWAP_diff_signal_rsi_1700, not yet time (every 5m)
2025-04-25 21:48:00 - DEBUG - [_process_strategies] [N/A] ⏱ Skipping VWAP_diff_signal_1700_volume, not yet time (every 5m)
2025-04-25 21:48:00 - DEBUG - [_process_strategies] [N/A] ⏱ Skipping EMA_Cross_candle, not yet time (every 5m)
2025-04-25 21:48:00 - DEBUG - [_process_strategies] [N/A] ⏱ Skipping SMA_Cross_candle, not yet time (every 5m)
2025-04-25 21:48:00 - INFO - [_update_active_orders_and_telegram] [N/A] 📊 Updating SL/TP for active orders
2025-04-25 21:48:01 - INFO - [_wait_until_next_iteration] [N/A] ⏳ Sleeping for 58.92 seconds before the next cycle
2025-04-25 21:49:00 - DEBUG - [_process_strategies] [N/A] ⏱ Skipping SMA_Cross_sma50, not yet time (every 5m)
2025-04-25 21:49:00 - DEBUG - [_process_strategies] [N/A] ⏱ Skipping EMA_Cross_ema50, not yet time (every 5m)
2025-04-25 21:49:00 - DEBUG - [_process_strategies] [N/A] ⏱ Skipping VWAP_diff_signal_1700, not yet time (every 5m)
2025-04-25 21:49:00 - DEBUG - [_process_strategies] [N/A] ⏱ Skipping VWAP_diff_signal_rsi_1700, not yet time (every 5m)
2025-04-25 21:49:00 - DEBUG - [_process_strategies] [N/A] ⏱ Skipping VWAP_diff_signal_1700_volume, not yet time (every 5m)
2025-04-25 21:49:00 - DEBUG - [_process_strategies] [N/A] ⏱ Skipping EMA_Cross_candle, not yet time (every 5m)
2025-04-25 21:49:00 - DEBUG - [_process_strategies] [N/A] ⏱ Skipping SMA_Cross_candle, not yet time (every 5m)
2025-04-25 21:49:00 - INFO - [_update_active_orders_and_telegram] [N/A] 📊 Updating SL/TP for active orders
2025-04-25 21:49:01 - INFO - [_wait_until_next_iteration] [N/A] ⏳ Sleeping for 58.92 seconds before the next cycle
2025-04-25 21:50:00 - INFO - [_run_strategy_if_applicable] [N/A] ⏰ Strategy 'SMA_Cross_sma50' not executed because it's outside the time window: 16:35:00 - 16:50:00
2025-04-25 21:50:00 - INFO - [_run_strategy_if_applicable] [N/A] ⏰ Strategy 'EMA_Cross_ema50' not executed because it's outside the time window: 16:35:00 - 16:50:00
2025-04-25 21:50:00 - INFO - [_run_strategy_if_applicable] [N/A] ⏰ Strategy 'VWAP_diff_signal_1700' not executed because it's outside the time window: 17:30:00 - 19:00:00
2025-04-25 21:50:00 - INFO - [_run_strategy_if_applicable] [N/A] ⏰ Strategy 'VWAP_diff_signal_rsi_1700' not executed because it's outside the time window: 17:30:00 - 19:00:00
2025-04-25 21:50:00 - INFO - [_run_strategy_if_applicable] [N/A] ⏰ Strategy 'VWAP_diff_signal_1700_volume' not executed because it's outside the time window: 17:30:00 - 19:00:00
2025-04-25 21:50:00 - INFO - [_run_strategy_if_applicable] [N/A] ⏰ Strategy 'EMA_Cross_candle' not executed because it's outside the time window: 16:35:00 - 16:50:00
2025-04-25 21:50:00 - INFO - [_run_strategy_if_applicable] [N/A] ⏰ Strategy 'SMA_Cross_candle' not executed because it's outside the time window: 16:35:00 - 16:50:00
2025-04-25 21:50:00 - INFO - [_update_active_orders_and_telegram] [N/A] 📊 Updating SL/TP for active orders
2025-04-25 21:50:01 - INFO - [_wait_until_next_iteration] [N/A] ⏳ Sleeping for 58.92 seconds before the next cycle
2025-04-25 21:51:00 - DEBUG - [_process_strategies] [N/A] ⏱ Skipping SMA_Cross_sma50, not yet time (every 5m)
2025-04-25 21:51:00 - DEBUG - [_process_strategies] [N/A] ⏱ Skipping EMA_Cross_ema50, not yet time (every 5m)
2025-04-25 21:51:00 - DEBUG - [_process_strategies] [N/A] ⏱ Skipping VWAP_diff_signal_1700, not yet time (every 5m)
2025-04-25 21:51:00 - DEBUG - [_process_strategies] [N/A] ⏱ Skipping VWAP_diff_signal_rsi_1700, not yet time (every 5m)
2025-04-25 21:51:00 - DEBUG - [_process_strategies] [N/A] ⏱ Skipping VWAP_diff_signal_1700_volume, not yet time (every 5m)
2025-04-25 21:51:00 - DEBUG - [_process_strategies] [N/A] ⏱ Skipping EMA_Cross_candle, not yet time (every 5m)
2025-04-25 21:51:00 - DEBUG - [_process_strategies] [N/A] ⏱ Skipping SMA_Cross_candle, not yet time (every 5m)
2025-04-25 21:51:00 - INFO - [_update_active_orders_and_telegram] [N/A] 📊 Updating SL/TP for active orders
2025-04-25 21:51:01 - INFO - [_wait_until_next_iteration] [N/A] ⏳ Sleeping for 58.92 seconds before the next cycle
2025-04-25 21:52:00 - DEBUG - [_process_strategies] [N/A] ⏱ Skipping SMA_Cross_sma50, not yet time (every 5m)
2025-04-25 21:52:00 - DEBUG - [_process_strategies] [N/A] ⏱ Skipping EMA_Cross_ema50, not yet time (every 5m)
2025-04-25 21:52:00 - DEBUG - [_process_strategies] [N/A] ⏱ Skipping VWAP_diff_signal_1700, not yet time (every 5m)
2025-04-25 21:52:00 - DEBUG - [_process_strategies] [N/A] ⏱ Skipping VWAP_diff_signal_rsi_1700, not yet time (every 5m)
2025-04-25 21:52:00 - DEBUG - [_process_strategies] [N/A] ⏱ Skipping VWAP_diff_signal_1700_volume, not yet time (every 5m)
2025-04-25 21:52:00 - DEBUG - [_process_strategies] [N/A] ⏱ Skipping EMA_Cross_candle, not yet time (every 5m)
2025-04-25 21:52:00 - DEBUG - [_process_strategies] [N/A] ⏱ Skipping SMA_Cross_candle, not yet time (every 5m)
2025-04-25 21:52:00 - INFO - [_update_active_orders_and_telegram] [N/A] 📊 Updating SL/TP for active orders
2025-04-25 21:52:01 - INFO - [_wait_until_next_iteration] [N/A] ⏳ Sleeping for 58.93 seconds before the next cycle
2025-04-25 21:53:00 - DEBUG - [_process_strategies] [N/A] ⏱ Skipping SMA_Cross_sma50, not yet time (every 5m)
2025-04-25 21:53:00 - DEBUG - [_process_strategies] [N/A] ⏱ Skipping EMA_Cross_ema50, not yet time (every 5m)
2025-04-25 21:53:00 - DEBUG - [_process_strategies] [N/A] ⏱ Skipping VWAP_diff_signal_1700, not yet time (every 5m)
2025-04-25 21:53:00 - DEBUG - [_process_strategies] [N/A] ⏱ Skipping VWAP_diff_signal_rsi_1700, not yet time (every 5m)
2025-04-25 21:53:00 - DEBUG - [_process_strategies] [N/A] ⏱ Skipping VWAP_diff_signal_1700_volume, not yet time (every 5m)
2025-04-25 21:53:00 - DEBUG - [_process_strategies] [N/A] ⏱ Skipping EMA_Cross_candle, not yet time (every 5m)
2025-04-25 21:53:00 - DEBUG - [_process_strategies] [N/A] ⏱ Skipping SMA_Cross_candle, not yet time (every 5m)
2025-04-25 21:53:00 - INFO - [_update_active_orders_and_telegram] [N/A] 📊 Updating SL/TP for active orders
2025-04-25 21:53:01 - INFO - [_wait_until_next_iteration] [N/A] ⏳ Sleeping for 58.92 seconds before the next cycle
2025-04-25 21:54:00 - DEBUG - [_process_strategies] [N/A] ⏱ Skipping SMA_Cross_sma50, not yet time (every 5m)
2025-04-25 21:54:00 - DEBUG - [_process_strategies] [N/A] ⏱ Skipping EMA_Cross_ema50, not yet time (every 5m)
2025-04-25 21:54:00 - DEBUG - [_process_strategies] [N/A] ⏱ Skipping VWAP_diff_signal_1700, not yet time (every 5m)
2025-04-25 21:54:00 - DEBUG - [_process_strategies] [N/A] ⏱ Skipping VWAP_diff_signal_rsi_1700, not yet time (every 5m)
2025-04-25 21:54:00 - DEBUG - [_process_strategies] [N/A] ⏱ Skipping VWAP_diff_signal_1700_volume, not yet time (every 5m)
2025-04-25 21:54:00 - DEBUG - [_process_strategies] [N/A] ⏱ Skipping EMA_Cross_candle, not yet time (every 5m)
2025-04-25 21:54:00 - DEBUG - [_process_strategies] [N/A] ⏱ Skipping SMA_Cross_candle, not yet time (every 5m)
2025-04-25 21:54:00 - INFO - [_update_active_orders_and_telegram] [N/A] 📊 Updating SL/TP for active orders
2025-04-25 21:54:01 - INFO - [_wait_until_next_iteration] [N/A] ⏳ Sleeping for 58.92 seconds before the next cycle
2025-04-25 21:55:00 - INFO - [_run_strategy_if_applicable] [N/A] ⏰ Strategy 'SMA_Cross_sma50' not executed because it's outside the time window: 16:35:00 - 16:50:00
2025-04-25 21:55:00 - INFO - [_run_strategy_if_applicable] [N/A] ⏰ Strategy 'EMA_Cross_ema50' not executed because it's outside the time window: 16:35:00 - 16:50:00
2025-04-25 21:55:00 - INFO - [_run_strategy_if_applicable] [N/A] ⏰ Strategy 'VWAP_diff_signal_1700' not executed because it's outside the time window: 17:30:00 - 19:00:00
2025-04-25 21:55:00 - INFO - [_run_strategy_if_applicable] [N/A] ⏰ Strategy 'VWAP_diff_signal_rsi_1700' not executed because it's outside the time window: 17:30:00 - 19:00:00
2025-04-25 21:55:00 - INFO - [_run_strategy_if_applicable] [N/A] ⏰ Strategy 'VWAP_diff_signal_1700_volume' not executed because it's outside the time window: 17:30:00 - 19:00:00
2025-04-25 21:55:00 - INFO - [_run_strategy_if_applicable] [N/A] ⏰ Strategy 'EMA_Cross_candle' not executed because it's outside the time window: 16:35:00 - 16:50:00
2025-04-25 21:55:00 - INFO - [_run_strategy_if_applicable] [N/A] ⏰ Strategy 'SMA_Cross_candle' not executed because it's outside the time window: 16:35:00 - 16:50:00
2025-04-25 21:55:00 - INFO - [_update_active_orders_and_telegram] [N/A] 📊 Updating SL/TP for active orders
2025-04-25 21:55:01 - INFO - [_wait_until_next_iteration] [N/A] ⏳ Sleeping for 58.92 seconds before the next cycle
2025-04-25 21:56:00 - DEBUG - [_process_strategies] [N/A] ⏱ Skipping SMA_Cross_sma50, not yet time (every 5m)
2025-04-25 21:56:00 - DEBUG - [_process_strategies] [N/A] ⏱ Skipping EMA_Cross_ema50, not yet time (every 5m)
2025-04-25 21:56:00 - DEBUG - [_process_strategies] [N/A] ⏱ Skipping VWAP_diff_signal_1700, not yet time (every 5m)
2025-04-25 21:56:00 - DEBUG - [_process_strategies] [N/A] ⏱ Skipping VWAP_diff_signal_rsi_1700, not yet time (every 5m)
2025-04-25 21:56:00 - DEBUG - [_process_strategies] [N/A] ⏱ Skipping VWAP_diff_signal_1700_volume, not yet time (every 5m)
2025-04-25 21:56:00 - DEBUG - [_process_strategies] [N/A] ⏱ Skipping EMA_Cross_candle, not yet time (every 5m)
2025-04-25 21:56:00 - DEBUG - [_process_strategies] [N/A] ⏱ Skipping SMA_Cross_candle, not yet time (every 5m)
2025-04-25 21:56:00 - INFO - [_update_active_orders_and_telegram] [N/A] 📊 Updating SL/TP for active orders
2025-04-25 21:56:01 - INFO - [_wait_until_next_iteration] [N/A] ⏳ Sleeping for 58.92 seconds before the next cycle
2025-04-25 21:57:00 - DEBUG - [_process_strategies] [N/A] ⏱ Skipping SMA_Cross_sma50, not yet time (every 5m)
2025-04-25 21:57:00 - DEBUG - [_process_strategies] [N/A] ⏱ Skipping EMA_Cross_ema50, not yet time (every 5m)
2025-04-25 21:57:00 - DEBUG - [_process_strategies] [N/A] ⏱ Skipping VWAP_diff_signal_1700, not yet time (every 5m)
2025-04-25 21:57:00 - DEBUG - [_process_strategies] [N/A] ⏱ Skipping VWAP_diff_signal_rsi_1700, not yet time (every 5m)
2025-04-25 21:57:00 - DEBUG - [_process_strategies] [N/A] ⏱ Skipping VWAP_diff_signal_1700_volume, not yet time (every 5m)
2025-04-25 21:57:00 - DEBUG - [_process_strategies] [N/A] ⏱ Skipping EMA_Cross_candle, not yet time (every 5m)
2025-04-25 21:57:00 - DEBUG - [_process_strategies] [N/A] ⏱ Skipping SMA_Cross_candle, not yet time (every 5m)
2025-04-25 21:57:00 - INFO - [_update_active_orders_and_telegram] [N/A] 📊 Updating SL/TP for active orders
2025-04-25 21:57:01 - INFO - [_wait_until_next_iteration] [N/A] ⏳ Sleeping for 58.92 seconds before the next cycle
2025-04-25 21:58:00 - DEBUG - [_process_strategies] [N/A] ⏱ Skipping SMA_Cross_sma50, not yet time (every 5m)
2025-04-25 21:58:00 - DEBUG - [_process_strategies] [N/A] ⏱ Skipping EMA_Cross_ema50, not yet time (every 5m)
2025-04-25 21:58:00 - DEBUG - [_process_strategies] [N/A] ⏱ Skipping VWAP_diff_signal_1700, not yet time (every 5m)
2025-04-25 21:58:00 - DEBUG - [_process_strategies] [N/A] ⏱ Skipping VWAP_diff_signal_rsi_1700, not yet time (every 5m)
2025-04-25 21:58:00 - DEBUG - [_process_strategies] [N/A] ⏱ Skipping VWAP_diff_signal_1700_volume, not yet time (every 5m)
2025-04-25 21:58:00 - DEBUG - [_process_strategies] [N/A] ⏱ Skipping EMA_Cross_candle, not yet time (every 5m)
2025-04-25 21:58:00 - DEBUG - [_process_strategies] [N/A] ⏱ Skipping SMA_Cross_candle, not yet time (every 5m)
2025-04-25 21:58:00 - INFO - [_update_active_orders_and_telegram] [N/A] 📊 Updating SL/TP for active orders
2025-04-25 21:58:01 - INFO - [_wait_until_next_iteration] [N/A] ⏳ Sleeping for 58.93 seconds before the next cycle
2025-04-25 21:59:00 - DEBUG - [_process_strategies] [N/A] ⏱ Skipping SMA_Cross_sma50, not yet time (every 5m)
2025-04-25 21:59:00 - DEBUG - [_process_strategies] [N/A] ⏱ Skipping EMA_Cross_ema50, not yet time (every 5m)
2025-04-25 21:59:00 - DEBUG - [_process_strategies] [N/A] ⏱ Skipping VWAP_diff_signal_1700, not yet time (every 5m)
2025-04-25 21:59:00 - DEBUG - [_process_strategies] [N/A] ⏱ Skipping VWAP_diff_signal_rsi_1700, not yet time (every 5m)
2025-04-25 21:59:00 - DEBUG - [_process_strategies] [N/A] ⏱ Skipping VWAP_diff_signal_1700_volume, not yet time (every 5m)
2025-04-25 21:59:00 - DEBUG - [_process_strategies] [N/A] ⏱ Skipping EMA_Cross_candle, not yet time (every 5m)
2025-04-25 21:59:00 - DEBUG - [_process_strategies] [N/A] ⏱ Skipping SMA_Cross_candle, not yet time (every 5m)
2025-04-25 21:59:00 - INFO - [_update_active_orders_and_telegram] [N/A] 📊 Updating SL/TP for active orders
2025-04-25 21:59:01 - INFO - [_wait_until_next_iteration] [N/A] ⏳ Sleeping for 58.93 seconds before the next cycle
2025-04-25 22:00:00 - INFO - [_run_strategy_if_applicable] [N/A] ⏰ Strategy 'SMA_Cross_sma50' not executed because it's outside the time window: 16:35:00 - 16:50:00
2025-04-25 22:00:00 - INFO - [_run_strategy_if_applicable] [N/A] ⏰ Strategy 'EMA_Cross_ema50' not executed because it's outside the time window: 16:35:00 - 16:50:00
2025-04-25 22:00:00 - INFO - [_run_strategy_if_applicable] [N/A] ⏰ Strategy 'VWAP_diff_signal_1700' not executed because it's outside the time window: 17:30:00 - 19:00:00
2025-04-25 22:00:00 - INFO - [_run_strategy_if_applicable] [N/A] ⏰ Strategy 'VWAP_diff_signal_rsi_1700' not executed because it's outside the time window: 17:30:00 - 19:00:00
2025-04-25 22:00:00 - INFO - [_run_strategy_if_applicable] [N/A] ⏰ Strategy 'VWAP_diff_signal_1700_volume' not executed because it's outside the time window: 17:30:00 - 19:00:00
2025-04-25 22:00:00 - INFO - [_run_strategy_if_applicable] [N/A] ⏰ Strategy 'EMA_Cross_candle' not executed because it's outside the time window: 16:35:00 - 16:50:00
2025-04-25 22:00:00 - INFO - [_run_strategy_if_applicable] [N/A] ⏰ Strategy 'SMA_Cross_candle' not executed because it's outside the time window: 16:35:00 - 16:50:00
2025-04-25 22:00:00 - INFO - [_update_active_orders_and_telegram] [N/A] 📊 Updating SL/TP for active orders
2025-04-25 22:00:01 - INFO - [_wait_until_next_iteration] [N/A] ⏳ Sleeping for 58.92 seconds before the next cycle
2025-04-25 22:01:00 - DEBUG - [_process_strategies] [N/A] ⏱ Skipping SMA_Cross_sma50, not yet time (every 5m)
2025-04-25 22:01:00 - DEBUG - [_process_strategies] [N/A] ⏱ Skipping EMA_Cross_ema50, not yet time (every 5m)
2025-04-25 22:01:00 - DEBUG - [_process_strategies] [N/A] ⏱ Skipping VWAP_diff_signal_1700, not yet time (every 5m)
2025-04-25 22:01:00 - DEBUG - [_process_strategies] [N/A] ⏱ Skipping VWAP_diff_signal_rsi_1700, not yet time (every 5m)
2025-04-25 22:01:00 - DEBUG - [_process_strategies] [N/A] ⏱ Skipping VWAP_diff_signal_1700_volume, not yet time (every 5m)
2025-04-25 22:01:00 - DEBUG - [_process_strategies] [N/A] ⏱ Skipping EMA_Cross_candle, not yet time (every 5m)
2025-04-25 22:01:00 - DEBUG - [_process_strategies] [N/A] ⏱ Skipping SMA_Cross_candle, not yet time (every 5m)
2025-04-25 22:01:00 - INFO - [_update_active_orders_and_telegram] [N/A] 📊 Updating SL/TP for active orders
2025-04-25 22:01:01 - INFO - [_wait_until_next_iteration] [N/A] ⏳ Sleeping for 58.92 seconds before the next cycle
2025-04-25 22:02:00 - DEBUG - [_process_strategies] [N/A] ⏱ Skipping SMA_Cross_sma50, not yet time (every 5m)
2025-04-25 22:02:00 - DEBUG - [_process_strategies] [N/A] ⏱ Skipping EMA_Cross_ema50, not yet time (every 5m)
2025-04-25 22:02:00 - DEBUG - [_process_strategies] [N/A] ⏱ Skipping VWAP_diff_signal_1700, not yet time (every 5m)
2025-04-25 22:02:00 - DEBUG - [_process_strategies] [N/A] ⏱ Skipping VWAP_diff_signal_rsi_1700, not yet time (every 5m)
2025-04-25 22:02:00 - DEBUG - [_process_strategies] [N/A] ⏱ Skipping VWAP_diff_signal_1700_volume, not yet time (every 5m)
2025-04-25 22:02:00 - DEBUG - [_process_strategies] [N/A] ⏱ Skipping EMA_Cross_candle, not yet time (every 5m)
2025-04-25 22:02:00 - DEBUG - [_process_strategies] [N/A] ⏱ Skipping SMA_Cross_candle, not yet time (every 5m)
2025-04-25 22:02:00 - INFO - [_update_active_orders_and_telegram] [N/A] 📊 Updating SL/TP for active orders
2025-04-25 22:02:01 - INFO - [_wait_until_next_iteration] [N/A] ⏳ Sleeping for 58.92 seconds before the next cycle
2025-04-25 22:03:00 - DEBUG - [_process_strategies] [N/A] ⏱ Skipping SMA_Cross_sma50, not yet time (every 5m)
2025-04-25 22:03:00 - DEBUG - [_process_strategies] [N/A] ⏱ Skipping EMA_Cross_ema50, not yet time (every 5m)
2025-04-25 22:03:00 - DEBUG - [_process_strategies] [N/A] ⏱ Skipping VWAP_diff_signal_1700, not yet time (every 5m)
2025-04-25 22:03:00 - DEBUG - [_process_strategies] [N/A] ⏱ Skipping VWAP_diff_signal_rsi_1700, not yet time (every 5m)
2025-04-25 22:03:00 - DEBUG - [_process_strategies] [N/A] ⏱ Skipping VWAP_diff_signal_1700_volume, not yet time (every 5m)
2025-04-25 22:03:00 - DEBUG - [_process_strategies] [N/A] ⏱ Skipping EMA_Cross_candle, not yet time (every 5m)
2025-04-25 22:03:00 - DEBUG - [_process_strategies] [N/A] ⏱ Skipping SMA_Cross_candle, not yet time (every 5m)
2025-04-25 22:03:00 - INFO - [_update_active_orders_and_telegram] [N/A] 📊 Updating SL/TP for active orders
2025-04-25 22:03:01 - INFO - [_wait_until_next_iteration] [N/A] ⏳ Sleeping for 58.97 seconds before the next cycle
2025-04-25 22:04:00 - DEBUG - [_process_strategies] [N/A] ⏱ Skipping SMA_Cross_sma50, not yet time (every 5m)
2025-04-25 22:04:00 - DEBUG - [_process_strategies] [N/A] ⏱ Skipping EMA_Cross_ema50, not yet time (every 5m)
2025-04-25 22:04:00 - DEBUG - [_process_strategies] [N/A] ⏱ Skipping VWAP_diff_signal_1700, not yet time (every 5m)
2025-04-25 22:04:00 - DEBUG - [_process_strategies] [N/A] ⏱ Skipping VWAP_diff_signal_rsi_1700, not yet time (every 5m)
2025-04-25 22:04:00 - DEBUG - [_process_strategies] [N/A] ⏱ Skipping VWAP_diff_signal_1700_volume, not yet time (every 5m)
2025-04-25 22:04:00 - DEBUG - [_process_strategies] [N/A] ⏱ Skipping EMA_Cross_candle, not yet time (every 5m)
2025-04-25 22:04:00 - DEBUG - [_process_strategies] [N/A] ⏱ Skipping SMA_Cross_candle, not yet time (every 5m)
2025-04-25 22:04:00 - INFO - [_update_active_orders_and_telegram] [N/A] 📊 Updating SL/TP for active orders
2025-04-25 22:04:01 - INFO - [_wait_until_next_iteration] [N/A] ⏳ Sleeping for 58.92 seconds before the next cycle
2025-04-25 22:05:00 - INFO - [_run_strategy_if_applicable] [N/A] ⏰ Strategy 'SMA_Cross_sma50' not executed because it's outside the time window: 16:35:00 - 16:50:00
2025-04-25 22:05:00 - INFO - [_run_strategy_if_applicable] [N/A] ⏰ Strategy 'EMA_Cross_ema50' not executed because it's outside the time window: 16:35:00 - 16:50:00
2025-04-25 22:05:00 - INFO - [_run_strategy_if_applicable] [N/A] ⏰ Strategy 'VWAP_diff_signal_1700' not executed because it's outside the time window: 17:30:00 - 19:00:00
2025-04-25 22:05:00 - INFO - [_run_strategy_if_applicable] [N/A] ⏰ Strategy 'VWAP_diff_signal_rsi_1700' not executed because it's outside the time window: 17:30:00 - 19:00:00
2025-04-25 22:05:00 - INFO - [_run_strategy_if_applicable] [N/A] ⏰ Strategy 'VWAP_diff_signal_1700_volume' not executed because it's outside the time window: 17:30:00 - 19:00:00
2025-04-25 22:05:00 - INFO - [_run_strategy_if_applicable] [N/A] ⏰ Strategy 'EMA_Cross_candle' not executed because it's outside the time window: 16:35:00 - 16:50:00
2025-04-25 22:05:00 - INFO - [_run_strategy_if_applicable] [N/A] ⏰ Strategy 'SMA_Cross_candle' not executed because it's outside the time window: 16:35:00 - 16:50:00
2025-04-25 22:05:00 - INFO - [_update_active_orders_and_telegram] [N/A] 📊 Updating SL/TP for active orders
2025-04-25 22:05:01 - INFO - [_wait_until_next_iteration] [N/A] ⏳ Sleeping for 58.94 seconds before the next cycle
2025-04-25 22:06:00 - DEBUG - [_process_strategies] [N/A] ⏱ Skipping SMA_Cross_sma50, not yet time (every 5m)
2025-04-25 22:06:00 - DEBUG - [_process_strategies] [N/A] ⏱ Skipping EMA_Cross_ema50, not yet time (every 5m)
2025-04-25 22:06:00 - DEBUG - [_process_strategies] [N/A] ⏱ Skipping VWAP_diff_signal_1700, not yet time (every 5m)
2025-04-25 22:06:00 - DEBUG - [_process_strategies] [N/A] ⏱ Skipping VWAP_diff_signal_rsi_1700, not yet time (every 5m)
2025-04-25 22:06:00 - DEBUG - [_process_strategies] [N/A] ⏱ Skipping VWAP_diff_signal_1700_volume, not yet time (every 5m)
2025-04-25 22:06:00 - DEBUG - [_process_strategies] [N/A] ⏱ Skipping EMA_Cross_candle, not yet time (every 5m)
2025-04-25 22:06:00 - DEBUG - [_process_strategies] [N/A] ⏱ Skipping SMA_Cross_candle, not yet time (every 5m)
2025-04-25 22:06:00 - INFO - [_update_active_orders_and_telegram] [N/A] 📊 Updating SL/TP for active orders
2025-04-25 22:06:01 - INFO - [_wait_until_next_iteration] [N/A] ⏳ Sleeping for 58.93 seconds before the next cycle
2025-04-25 22:07:00 - DEBUG - [_process_strategies] [N/A] ⏱ Skipping SMA_Cross_sma50, not yet time (every 5m)
2025-04-25 22:07:00 - DEBUG - [_process_strategies] [N/A] ⏱ Skipping EMA_Cross_ema50, not yet time (every 5m)
2025-04-25 22:07:00 - DEBUG - [_process_strategies] [N/A] ⏱ Skipping VWAP_diff_signal_1700, not yet time (every 5m)
2025-04-25 22:07:00 - DEBUG - [_process_strategies] [N/A] ⏱ Skipping VWAP_diff_signal_rsi_1700, not yet time (every 5m)
2025-04-25 22:07:00 - DEBUG - [_process_strategies] [N/A] ⏱ Skipping VWAP_diff_signal_1700_volume, not yet time (every 5m)
2025-04-25 22:07:00 - DEBUG - [_process_strategies] [N/A] ⏱ Skipping EMA_Cross_candle, not yet time (every 5m)
2025-04-25 22:07:00 - DEBUG - [_process_strategies] [N/A] ⏱ Skipping SMA_Cross_candle, not yet time (every 5m)
2025-04-25 22:07:00 - INFO - [_update_active_orders_and_telegram] [N/A] 📊 Updating SL/TP for active orders
2025-04-25 22:07:01 - INFO - [_wait_until_next_iteration] [N/A] ⏳ Sleeping for 58.92 seconds before the next cycle
2025-04-25 22:08:00 - DEBUG - [_process_strategies] [N/A] ⏱ Skipping SMA_Cross_sma50, not yet time (every 5m)
2025-04-25 22:08:00 - DEBUG - [_process_strategies] [N/A] ⏱ Skipping EMA_Cross_ema50, not yet time (every 5m)
2025-04-25 22:08:00 - DEBUG - [_process_strategies] [N/A] ⏱ Skipping VWAP_diff_signal_1700, not yet time (every 5m)
2025-04-25 22:08:00 - DEBUG - [_process_strategies] [N/A] ⏱ Skipping VWAP_diff_signal_rsi_1700, not yet time (every 5m)
2025-04-25 22:08:00 - DEBUG - [_process_strategies] [N/A] ⏱ Skipping VWAP_diff_signal_1700_volume, not yet time (every 5m)
2025-04-25 22:08:00 - DEBUG - [_process_strategies] [N/A] ⏱ Skipping EMA_Cross_candle, not yet time (every 5m)
2025-04-25 22:08:00 - DEBUG - [_process_strategies] [N/A] ⏱ Skipping SMA_Cross_candle, not yet time (every 5m)
2025-04-25 22:08:00 - INFO - [_update_active_orders_and_telegram] [N/A] 📊 Updating SL/TP for active orders
2025-04-25 22:08:01 - INFO - [_wait_until_next_iteration] [N/A] ⏳ Sleeping for 58.92 seconds before the next cycle
2025-04-25 22:09:00 - DEBUG - [_process_strategies] [N/A] ⏱ Skipping SMA_Cross_sma50, not yet time (every 5m)
2025-04-25 22:09:00 - DEBUG - [_process_strategies] [N/A] ⏱ Skipping EMA_Cross_ema50, not yet time (every 5m)
2025-04-25 22:09:00 - DEBUG - [_process_strategies] [N/A] ⏱ Skipping VWAP_diff_signal_1700, not yet time (every 5m)
2025-04-25 22:09:00 - DEBUG - [_process_strategies] [N/A] ⏱ Skipping VWAP_diff_signal_rsi_1700, not yet time (every 5m)
2025-04-25 22:09:00 - DEBUG - [_process_strategies] [N/A] ⏱ Skipping VWAP_diff_signal_1700_volume, not yet time (every 5m)
2025-04-25 22:09:00 - DEBUG - [_process_strategies] [N/A] ⏱ Skipping EMA_Cross_candle, not yet time (every 5m)
2025-04-25 22:09:00 - DEBUG - [_process_strategies] [N/A] ⏱ Skipping SMA_Cross_candle, not yet time (every 5m)
2025-04-25 22:09:00 - INFO - [_update_active_orders_and_telegram] [N/A] 📊 Updating SL/TP for active orders
2025-04-25 22:09:01 - INFO - [_wait_until_next_iteration] [N/A] ⏳ Sleeping for 58.93 seconds before the next cycle
2025-04-25 22:10:00 - INFO - [_run_strategy_if_applicable] [N/A] ⏰ Strategy 'SMA_Cross_sma50' not executed because it's outside the time window: 16:35:00 - 16:50:00
2025-04-25 22:10:00 - INFO - [_run_strategy_if_applicable] [N/A] ⏰ Strategy 'EMA_Cross_ema50' not executed because it's outside the time window: 16:35:00 - 16:50:00
2025-04-25 22:10:00 - INFO - [_run_strategy_if_applicable] [N/A] ⏰ Strategy 'VWAP_diff_signal_1700' not executed because it's outside the time window: 17:30:00 - 19:00:00
2025-04-25 22:10:00 - INFO - [_run_strategy_if_applicable] [N/A] ⏰ Strategy 'VWAP_diff_signal_rsi_1700' not executed because it's outside the time window: 17:30:00 - 19:00:00
2025-04-25 22:10:00 - INFO - [_run_strategy_if_applicable] [N/A] ⏰ Strategy 'VWAP_diff_signal_1700_volume' not executed because it's outside the time window: 17:30:00 - 19:00:00
2025-04-25 22:10:00 - INFO - [_run_strategy_if_applicable] [N/A] ⏰ Strategy 'EMA_Cross_candle' not executed because it's outside the time window: 16:35:00 - 16:50:00
2025-04-25 22:10:00 - INFO - [_run_strategy_if_applicable] [N/A] ⏰ Strategy 'SMA_Cross_candle' not executed because it's outside the time window: 16:35:00 - 16:50:00
2025-04-25 22:10:00 - INFO - [_update_active_orders_and_telegram] [N/A] 📊 Updating SL/TP for active orders
2025-04-25 22:10:01 - INFO - [_wait_until_next_iteration] [N/A] ⏳ Sleeping for 58.93 seconds before the next cycle
2025-04-25 22:11:00 - DEBUG - [_process_strategies] [N/A] ⏱ Skipping SMA_Cross_sma50, not yet time (every 5m)
2025-04-25 22:11:00 - DEBUG - [_process_strategies] [N/A] ⏱ Skipping EMA_Cross_ema50, not yet time (every 5m)
2025-04-25 22:11:00 - DEBUG - [_process_strategies] [N/A] ⏱ Skipping VWAP_diff_signal_1700, not yet time (every 5m)
2025-04-25 22:11:00 - DEBUG - [_process_strategies] [N/A] ⏱ Skipping VWAP_diff_signal_rsi_1700, not yet time (every 5m)
2025-04-25 22:11:00 - DEBUG - [_process_strategies] [N/A] ⏱ Skipping VWAP_diff_signal_1700_volume, not yet time (every 5m)
2025-04-25 22:11:00 - DEBUG - [_process_strategies] [N/A] ⏱ Skipping EMA_Cross_candle, not yet time (every 5m)
2025-04-25 22:11:00 - DEBUG - [_process_strategies] [N/A] ⏱ Skipping SMA_Cross_candle, not yet time (every 5m)
2025-04-25 22:11:00 - INFO - [_update_active_orders_and_telegram] [N/A] 📊 Updating SL/TP for active orders
2025-04-25 22:11:01 - INFO - [_wait_until_next_iteration] [N/A] ⏳ Sleeping for 58.93 seconds before the next cycle
2025-04-25 22:12:00 - DEBUG - [_process_strategies] [N/A] ⏱ Skipping SMA_Cross_sma50, not yet time (every 5m)
2025-04-25 22:12:00 - DEBUG - [_process_strategies] [N/A] ⏱ Skipping EMA_Cross_ema50, not yet time (every 5m)
2025-04-25 22:12:00 - DEBUG - [_process_strategies] [N/A] ⏱ Skipping VWAP_diff_signal_1700, not yet time (every 5m)
2025-04-25 22:12:00 - DEBUG - [_process_strategies] [N/A] ⏱ Skipping VWAP_diff_signal_rsi_1700, not yet time (every 5m)
2025-04-25 22:12:00 - DEBUG - [_process_strategies] [N/A] ⏱ Skipping VWAP_diff_signal_1700_volume, not yet time (every 5m)
2025-04-25 22:12:00 - DEBUG - [_process_strategies] [N/A] ⏱ Skipping EMA_Cross_candle, not yet time (every 5m)
2025-04-25 22:12:00 - DEBUG - [_process_strategies] [N/A] ⏱ Skipping SMA_Cross_candle, not yet time (every 5m)
2025-04-25 22:12:00 - INFO - [_update_active_orders_and_telegram] [N/A] 📊 Updating SL/TP for active orders
2025-04-25 22:12:01 - INFO - [_wait_until_next_iteration] [N/A] ⏳ Sleeping for 58.92 seconds before the next cycle
2025-04-25 22:13:00 - DEBUG - [_process_strategies] [N/A] ⏱ Skipping SMA_Cross_sma50, not yet time (every 5m)
2025-04-25 22:13:00 - DEBUG - [_process_strategies] [N/A] ⏱ Skipping EMA_Cross_ema50, not yet time (every 5m)
2025-04-25 22:13:00 - DEBUG - [_process_strategies] [N/A] ⏱ Skipping VWAP_diff_signal_1700, not yet time (every 5m)
2025-04-25 22:13:00 - DEBUG - [_process_strategies] [N/A] ⏱ Skipping VWAP_diff_signal_rsi_1700, not yet time (every 5m)
2025-04-25 22:13:00 - DEBUG - [_process_strategies] [N/A] ⏱ Skipping VWAP_diff_signal_1700_volume, not yet time (every 5m)
2025-04-25 22:13:00 - DEBUG - [_process_strategies] [N/A] ⏱ Skipping EMA_Cross_candle, not yet time (every 5m)
2025-04-25 22:13:00 - DEBUG - [_process_strategies] [N/A] ⏱ Skipping SMA_Cross_candle, not yet time (every 5m)
2025-04-25 22:13:00 - INFO - [_update_active_orders_and_telegram] [N/A] 📊 Updating SL/TP for active orders
2025-04-25 22:13:01 - INFO - [_wait_until_next_iteration] [N/A] ⏳ Sleeping for 58.94 seconds before the next cycle
2025-04-25 22:14:00 - DEBUG - [_process_strategies] [N/A] ⏱ Skipping SMA_Cross_sma50, not yet time (every 5m)
2025-04-25 22:14:00 - DEBUG - [_process_strategies] [N/A] ⏱ Skipping EMA_Cross_ema50, not yet time (every 5m)
2025-04-25 22:14:00 - DEBUG - [_process_strategies] [N/A] ⏱ Skipping VWAP_diff_signal_1700, not yet time (every 5m)
2025-04-25 22:14:00 - DEBUG - [_process_strategies] [N/A] ⏱ Skipping VWAP_diff_signal_rsi_1700, not yet time (every 5m)
2025-04-25 22:14:00 - DEBUG - [_process_strategies] [N/A] ⏱ Skipping VWAP_diff_signal_1700_volume, not yet time (every 5m)
2025-04-25 22:14:00 - DEBUG - [_process_strategies] [N/A] ⏱ Skipping EMA_Cross_candle, not yet time (every 5m)
2025-04-25 22:14:00 - DEBUG - [_process_strategies] [N/A] ⏱ Skipping SMA_Cross_candle, not yet time (every 5m)
2025-04-25 22:14:00 - INFO - [_update_active_orders_and_telegram] [N/A] 📊 Updating SL/TP for active orders
2025-04-25 22:14:01 - INFO - [_wait_until_next_iteration] [N/A] ⏳ Sleeping for 58.92 seconds before the next cycle
2025-04-25 22:15:00 - INFO - [_run_strategy_if_applicable] [N/A] ⏰ Strategy 'SMA_Cross_sma50' not executed because it's outside the time window: 16:35:00 - 16:50:00
2025-04-25 22:15:00 - INFO - [_run_strategy_if_applicable] [N/A] ⏰ Strategy 'EMA_Cross_ema50' not executed because it's outside the time window: 16:35:00 - 16:50:00
2025-04-25 22:15:00 - INFO - [_run_strategy_if_applicable] [N/A] ⏰ Strategy 'VWAP_diff_signal_1700' not executed because it's outside the time window: 17:30:00 - 19:00:00
2025-04-25 22:15:00 - INFO - [_run_strategy_if_applicable] [N/A] ⏰ Strategy 'VWAP_diff_signal_rsi_1700' not executed because it's outside the time window: 17:30:00 - 19:00:00
2025-04-25 22:15:00 - INFO - [_run_strategy_if_applicable] [N/A] ⏰ Strategy 'VWAP_diff_signal_1700_volume' not executed because it's outside the time window: 17:30:00 - 19:00:00
2025-04-25 22:15:00 - INFO - [_run_strategy_if_applicable] [N/A] ⏰ Strategy 'EMA_Cross_candle' not executed because it's outside the time window: 16:35:00 - 16:50:00
2025-04-25 22:15:00 - INFO - [_run_strategy_if_applicable] [N/A] ⏰ Strategy 'SMA_Cross_candle' not executed because it's outside the time window: 16:35:00 - 16:50:00
2025-04-25 22:15:00 - INFO - [_update_active_orders_and_telegram] [N/A] 📊 Updating SL/TP for active orders
2025-04-25 22:15:01 - INFO - [_wait_until_next_iteration] [N/A] ⏳ Sleeping for 58.93 seconds before the next cycle
2025-04-25 22:16:00 - DEBUG - [_process_strategies] [N/A] ⏱ Skipping SMA_Cross_sma50, not yet time (every 5m)
2025-04-25 22:16:00 - DEBUG - [_process_strategies] [N/A] ⏱ Skipping EMA_Cross_ema50, not yet time (every 5m)
2025-04-25 22:16:00 - DEBUG - [_process_strategies] [N/A] ⏱ Skipping VWAP_diff_signal_1700, not yet time (every 5m)
2025-04-25 22:16:00 - DEBUG - [_process_strategies] [N/A] ⏱ Skipping VWAP_diff_signal_rsi_1700, not yet time (every 5m)
2025-04-25 22:16:00 - DEBUG - [_process_strategies] [N/A] ⏱ Skipping VWAP_diff_signal_1700_volume, not yet time (every 5m)
2025-04-25 22:16:00 - DEBUG - [_process_strategies] [N/A] ⏱ Skipping EMA_Cross_candle, not yet time (every 5m)
2025-04-25 22:16:00 - DEBUG - [_process_strategies] [N/A] ⏱ Skipping SMA_Cross_candle, not yet time (every 5m)
2025-04-25 22:16:00 - INFO - [_update_active_orders_and_telegram] [N/A] 📊 Updating SL/TP for active orders
2025-04-25 22:16:01 - INFO - [_wait_until_next_iteration] [N/A] ⏳ Sleeping for 58.92 seconds before the next cycle
2025-04-25 22:17:00 - DEBUG - [_process_strategies] [N/A] ⏱ Skipping SMA_Cross_sma50, not yet time (every 5m)
2025-04-25 22:17:00 - DEBUG - [_process_strategies] [N/A] ⏱ Skipping EMA_Cross_ema50, not yet time (every 5m)
2025-04-25 22:17:00 - DEBUG - [_process_strategies] [N/A] ⏱ Skipping VWAP_diff_signal_1700, not yet time (every 5m)
2025-04-25 22:17:00 - DEBUG - [_process_strategies] [N/A] ⏱ Skipping VWAP_diff_signal_rsi_1700, not yet time (every 5m)
2025-04-25 22:17:00 - DEBUG - [_process_strategies] [N/A] ⏱ Skipping VWAP_diff_signal_1700_volume, not yet time (every 5m)
2025-04-25 22:17:00 - DEBUG - [_process_strategies] [N/A] ⏱ Skipping EMA_Cross_candle, not yet time (every 5m)
2025-04-25 22:17:00 - DEBUG - [_process_strategies] [N/A] ⏱ Skipping SMA_Cross_candle, not yet time (every 5m)
2025-04-25 22:17:00 - INFO - [_update_active_orders_and_telegram] [N/A] 📊 Updating SL/TP for active orders
2025-04-25 22:17:01 - INFO - [_wait_until_next_iteration] [N/A] ⏳ Sleeping for 58.93 seconds before the next cycle
2025-04-25 22:18:00 - DEBUG - [_process_strategies] [N/A] ⏱ Skipping SMA_Cross_sma50, not yet time (every 5m)
2025-04-25 22:18:00 - DEBUG - [_process_strategies] [N/A] ⏱ Skipping EMA_Cross_ema50, not yet time (every 5m)
2025-04-25 22:18:00 - DEBUG - [_process_strategies] [N/A] ⏱ Skipping VWAP_diff_signal_1700, not yet time (every 5m)
2025-04-25 22:18:00 - DEBUG - [_process_strategies] [N/A] ⏱ Skipping VWAP_diff_signal_rsi_1700, not yet time (every 5m)
2025-04-25 22:18:00 - DEBUG - [_process_strategies] [N/A] ⏱ Skipping VWAP_diff_signal_1700_volume, not yet time (every 5m)
2025-04-25 22:18:00 - DEBUG - [_process_strategies] [N/A] ⏱ Skipping EMA_Cross_candle, not yet time (every 5m)
2025-04-25 22:18:00 - DEBUG - [_process_strategies] [N/A] ⏱ Skipping SMA_Cross_candle, not yet time (every 5m)
2025-04-25 22:18:00 - INFO - [_update_active_orders_and_telegram] [N/A] 📊 Updating SL/TP for active orders
2025-04-25 22:18:01 - INFO - [_wait_until_next_iteration] [N/A] ⏳ Sleeping for 58.92 seconds before the next cycle
2025-04-25 22:19:00 - DEBUG - [_process_strategies] [N/A] ⏱ Skipping SMA_Cross_sma50, not yet time (every 5m)
2025-04-25 22:19:00 - DEBUG - [_process_strategies] [N/A] ⏱ Skipping EMA_Cross_ema50, not yet time (every 5m)
2025-04-25 22:19:00 - DEBUG - [_process_strategies] [N/A] ⏱ Skipping VWAP_diff_signal_1700, not yet time (every 5m)
2025-04-25 22:19:00 - DEBUG - [_process_strategies] [N/A] ⏱ Skipping VWAP_diff_signal_rsi_1700, not yet time (every 5m)
2025-04-25 22:19:00 - DEBUG - [_process_strategies] [N/A] ⏱ Skipping VWAP_diff_signal_1700_volume, not yet time (every 5m)
2025-04-25 22:19:00 - DEBUG - [_process_strategies] [N/A] ⏱ Skipping EMA_Cross_candle, not yet time (every 5m)
2025-04-25 22:19:00 - DEBUG - [_process_strategies] [N/A] ⏱ Skipping SMA_Cross_candle, not yet time (every 5m)
2025-04-25 22:19:00 - INFO - [_update_active_orders_and_telegram] [N/A] 📊 Updating SL/TP for active orders
2025-04-25 22:19:01 - INFO - [_wait_until_next_iteration] [N/A] ⏳ Sleeping for 58.93 seconds before the next cycle
2025-04-25 22:20:00 - INFO - [_run_strategy_if_applicable] [N/A] ⏰ Strategy 'SMA_Cross_sma50' not executed because it's outside the time window: 16:35:00 - 16:50:00
2025-04-25 22:20:00 - INFO - [_run_strategy_if_applicable] [N/A] ⏰ Strategy 'EMA_Cross_ema50' not executed because it's outside the time window: 16:35:00 - 16:50:00
2025-04-25 22:20:00 - INFO - [_run_strategy_if_applicable] [N/A] ⏰ Strategy 'VWAP_diff_signal_1700' not executed because it's outside the time window: 17:30:00 - 19:00:00
2025-04-25 22:20:00 - INFO - [_run_strategy_if_applicable] [N/A] ⏰ Strategy 'VWAP_diff_signal_rsi_1700' not executed because it's outside the time window: 17:30:00 - 19:00:00
2025-04-25 22:20:00 - INFO - [_run_strategy_if_applicable] [N/A] ⏰ Strategy 'VWAP_diff_signal_1700_volume' not executed because it's outside the time window: 17:30:00 - 19:00:00
2025-04-25 22:20:00 - INFO - [_run_strategy_if_applicable] [N/A] ⏰ Strategy 'EMA_Cross_candle' not executed because it's outside the time window: 16:35:00 - 16:50:00
2025-04-25 22:20:00 - INFO - [_run_strategy_if_applicable] [N/A] ⏰ Strategy 'SMA_Cross_candle' not executed because it's outside the time window: 16:35:00 - 16:50:00
2025-04-25 22:20:00 - INFO - [_update_active_orders_and_telegram] [N/A] 📊 Updating SL/TP for active orders
2025-04-25 22:20:01 - INFO - [_wait_until_next_iteration] [N/A] ⏳ Sleeping for 58.93 seconds before the next cycle
2025-04-25 22:21:00 - DEBUG - [_process_strategies] [N/A] ⏱ Skipping SMA_Cross_sma50, not yet time (every 5m)
2025-04-25 22:21:00 - DEBUG - [_process_strategies] [N/A] ⏱ Skipping EMA_Cross_ema50, not yet time (every 5m)
2025-04-25 22:21:00 - DEBUG - [_process_strategies] [N/A] ⏱ Skipping VWAP_diff_signal_1700, not yet time (every 5m)
2025-04-25 22:21:00 - DEBUG - [_process_strategies] [N/A] ⏱ Skipping VWAP_diff_signal_rsi_1700, not yet time (every 5m)
2025-04-25 22:21:00 - DEBUG - [_process_strategies] [N/A] ⏱ Skipping VWAP_diff_signal_1700_volume, not yet time (every 5m)
2025-04-25 22:21:00 - DEBUG - [_process_strategies] [N/A] ⏱ Skipping EMA_Cross_candle, not yet time (every 5m)
2025-04-25 22:21:00 - DEBUG - [_process_strategies] [N/A] ⏱ Skipping SMA_Cross_candle, not yet time (every 5m)
2025-04-25 22:21:00 - INFO - [_update_active_orders_and_telegram] [N/A] 📊 Updating SL/TP for active orders
2025-04-25 22:21:01 - INFO - [_wait_until_next_iteration] [N/A] ⏳ Sleeping for 58.93 seconds before the next cycle
2025-04-25 22:22:00 - DEBUG - [_process_strategies] [N/A] ⏱ Skipping SMA_Cross_sma50, not yet time (every 5m)
2025-04-25 22:22:00 - DEBUG - [_process_strategies] [N/A] ⏱ Skipping EMA_Cross_ema50, not yet time (every 5m)
2025-04-25 22:22:00 - DEBUG - [_process_strategies] [N/A] ⏱ Skipping VWAP_diff_signal_1700, not yet time (every 5m)
2025-04-25 22:22:00 - DEBUG - [_process_strategies] [N/A] ⏱ Skipping VWAP_diff_signal_rsi_1700, not yet time (every 5m)
2025-04-25 22:22:00 - DEBUG - [_process_strategies] [N/A] ⏱ Skipping VWAP_diff_signal_1700_volume, not yet time (every 5m)
2025-04-25 22:22:00 - DEBUG - [_process_strategies] [N/A] ⏱ Skipping EMA_Cross_candle, not yet time (every 5m)
2025-04-25 22:22:00 - DEBUG - [_process_strategies] [N/A] ⏱ Skipping SMA_Cross_candle, not yet time (every 5m)
2025-04-25 22:22:00 - INFO - [_update_active_orders_and_telegram] [N/A] 📊 Updating SL/TP for active orders
2025-04-25 22:22:01 - INFO - [_wait_until_next_iteration] [N/A] ⏳ Sleeping for 58.92 seconds before the next cycle
2025-04-25 22:23:00 - DEBUG - [_process_strategies] [N/A] ⏱ Skipping SMA_Cross_sma50, not yet time (every 5m)
2025-04-25 22:23:00 - DEBUG - [_process_strategies] [N/A] ⏱ Skipping EMA_Cross_ema50, not yet time (every 5m)
2025-04-25 22:23:00 - DEBUG - [_process_strategies] [N/A] ⏱ Skipping VWAP_diff_signal_1700, not yet time (every 5m)
2025-04-25 22:23:00 - DEBUG - [_process_strategies] [N/A] ⏱ Skipping VWAP_diff_signal_rsi_1700, not yet time (every 5m)
2025-04-25 22:23:00 - DEBUG - [_process_strategies] [N/A] ⏱ Skipping VWAP_diff_signal_1700_volume, not yet time (every 5m)
2025-04-25 22:23:00 - DEBUG - [_process_strategies] [N/A] ⏱ Skipping EMA_Cross_candle, not yet time (every 5m)
2025-04-25 22:23:00 - DEBUG - [_process_strategies] [N/A] ⏱ Skipping SMA_Cross_candle, not yet time (every 5m)
2025-04-25 22:23:00 - INFO - [_update_active_orders_and_telegram] [N/A] 📊 Updating SL/TP for active orders
2025-04-25 22:23:01 - INFO - [_wait_until_next_iteration] [N/A] ⏳ Sleeping for 58.95 seconds before the next cycle
2025-04-25 22:24:00 - DEBUG - [_process_strategies] [N/A] ⏱ Skipping SMA_Cross_sma50, not yet time (every 5m)
2025-04-25 22:24:00 - DEBUG - [_process_strategies] [N/A] ⏱ Skipping EMA_Cross_ema50, not yet time (every 5m)
2025-04-25 22:24:00 - DEBUG - [_process_strategies] [N/A] ⏱ Skipping VWAP_diff_signal_1700, not yet time (every 5m)
2025-04-25 22:24:00 - DEBUG - [_process_strategies] [N/A] ⏱ Skipping VWAP_diff_signal_rsi_1700, not yet time (every 5m)
2025-04-25 22:24:00 - DEBUG - [_process_strategies] [N/A] ⏱ Skipping VWAP_diff_signal_1700_volume, not yet time (every 5m)
2025-04-25 22:24:00 - DEBUG - [_process_strategies] [N/A] ⏱ Skipping EMA_Cross_candle, not yet time (every 5m)
2025-04-25 22:24:00 - DEBUG - [_process_strategies] [N/A] ⏱ Skipping SMA_Cross_candle, not yet time (every 5m)
2025-04-25 22:24:00 - INFO - [_update_active_orders_and_telegram] [N/A] 📊 Updating SL/TP for active orders
2025-04-25 22:24:01 - INFO - [_wait_until_next_iteration] [N/A] ⏳ Sleeping for 58.92 seconds before the next cycle
2025-04-25 22:25:00 - INFO - [_run_strategy_if_applicable] [N/A] ⏰ Strategy 'SMA_Cross_sma50' not executed because it's outside the time window: 16:35:00 - 16:50:00
2025-04-25 22:25:00 - INFO - [_run_strategy_if_applicable] [N/A] ⏰ Strategy 'EMA_Cross_ema50' not executed because it's outside the time window: 16:35:00 - 16:50:00
2025-04-25 22:25:00 - INFO - [_run_strategy_if_applicable] [N/A] ⏰ Strategy 'VWAP_diff_signal_1700' not executed because it's outside the time window: 17:30:00 - 19:00:00
2025-04-25 22:25:00 - INFO - [_run_strategy_if_applicable] [N/A] ⏰ Strategy 'VWAP_diff_signal_rsi_1700' not executed because it's outside the time window: 17:30:00 - 19:00:00
2025-04-25 22:25:00 - INFO - [_run_strategy_if_applicable] [N/A] ⏰ Strategy 'VWAP_diff_signal_1700_volume' not executed because it's outside the time window: 17:30:00 - 19:00:00
2025-04-25 22:25:00 - INFO - [_run_strategy_if_applicable] [N/A] ⏰ Strategy 'EMA_Cross_candle' not executed because it's outside the time window: 16:35:00 - 16:50:00
2025-04-25 22:25:00 - INFO - [_run_strategy_if_applicable] [N/A] ⏰ Strategy 'SMA_Cross_candle' not executed because it's outside the time window: 16:35:00 - 16:50:00
2025-04-25 22:25:00 - INFO - [_update_active_orders_and_telegram] [N/A] 📊 Updating SL/TP for active orders
2025-04-25 22:25:01 - INFO - [_wait_until_next_iteration] [N/A] ⏳ Sleeping for 58.92 seconds before the next cycle
2025-04-25 22:26:00 - DEBUG - [_process_strategies] [N/A] ⏱ Skipping SMA_Cross_sma50, not yet time (every 5m)
2025-04-25 22:26:00 - DEBUG - [_process_strategies] [N/A] ⏱ Skipping EMA_Cross_ema50, not yet time (every 5m)
2025-04-25 22:26:00 - DEBUG - [_process_strategies] [N/A] ⏱ Skipping VWAP_diff_signal_1700, not yet time (every 5m)
2025-04-25 22:26:00 - DEBUG - [_process_strategies] [N/A] ⏱ Skipping VWAP_diff_signal_rsi_1700, not yet time (every 5m)
2025-04-25 22:26:00 - DEBUG - [_process_strategies] [N/A] ⏱ Skipping VWAP_diff_signal_1700_volume, not yet time (every 5m)
2025-04-25 22:26:00 - DEBUG - [_process_strategies] [N/A] ⏱ Skipping EMA_Cross_candle, not yet time (every 5m)
2025-04-25 22:26:00 - DEBUG - [_process_strategies] [N/A] ⏱ Skipping SMA_Cross_candle, not yet time (every 5m)
2025-04-25 22:26:00 - INFO - [_update_active_orders_and_telegram] [N/A] 📊 Updating SL/TP for active orders
2025-04-25 22:26:01 - INFO - [_wait_until_next_iteration] [N/A] ⏳ Sleeping for 58.92 seconds before the next cycle
2025-04-25 22:27:00 - DEBUG - [_process_strategies] [N/A] ⏱ Skipping SMA_Cross_sma50, not yet time (every 5m)
2025-04-25 22:27:00 - DEBUG - [_process_strategies] [N/A] ⏱ Skipping EMA_Cross_ema50, not yet time (every 5m)
2025-04-25 22:27:00 - DEBUG - [_process_strategies] [N/A] ⏱ Skipping VWAP_diff_signal_1700, not yet time (every 5m)
2025-04-25 22:27:00 - DEBUG - [_process_strategies] [N/A] ⏱ Skipping VWAP_diff_signal_rsi_1700, not yet time (every 5m)
2025-04-25 22:27:00 - DEBUG - [_process_strategies] [N/A] ⏱ Skipping VWAP_diff_signal_1700_volume, not yet time (every 5m)
2025-04-25 22:27:00 - DEBUG - [_process_strategies] [N/A] ⏱ Skipping EMA_Cross_candle, not yet time (every 5m)
2025-04-25 22:27:00 - DEBUG - [_process_strategies] [N/A] ⏱ Skipping SMA_Cross_candle, not yet time (every 5m)
2025-04-25 22:27:00 - INFO - [_update_active_orders_and_telegram] [N/A] 📊 Updating SL/TP for active orders
2025-04-25 22:27:01 - INFO - [_wait_until_next_iteration] [N/A] ⏳ Sleeping for 58.93 seconds before the next cycle
2025-04-25 22:28:00 - DEBUG - [_process_strategies] [N/A] ⏱ Skipping SMA_Cross_sma50, not yet time (every 5m)
2025-04-25 22:28:00 - DEBUG - [_process_strategies] [N/A] ⏱ Skipping EMA_Cross_ema50, not yet time (every 5m)
2025-04-25 22:28:00 - DEBUG - [_process_strategies] [N/A] ⏱ Skipping VWAP_diff_signal_1700, not yet time (every 5m)
2025-04-25 22:28:00 - DEBUG - [_process_strategies] [N/A] ⏱ Skipping VWAP_diff_signal_rsi_1700, not yet time (every 5m)
2025-04-25 22:28:00 - DEBUG - [_process_strategies] [N/A] ⏱ Skipping VWAP_diff_signal_1700_volume, not yet time (every 5m)
2025-04-25 22:28:00 - DEBUG - [_process_strategies] [N/A] ⏱ Skipping EMA_Cross_candle, not yet time (every 5m)
2025-04-25 22:28:00 - DEBUG - [_process_strategies] [N/A] ⏱ Skipping SMA_Cross_candle, not yet time (every 5m)
2025-04-25 22:28:00 - INFO - [_update_active_orders_and_telegram] [N/A] 📊 Updating SL/TP for active orders
2025-04-25 22:28:01 - INFO - [_wait_until_next_iteration] [N/A] ⏳ Sleeping for 58.92 seconds before the next cycle
2025-04-25 22:29:00 - DEBUG - [_process_strategies] [N/A] ⏱ Skipping SMA_Cross_sma50, not yet time (every 5m)
2025-04-25 22:29:00 - DEBUG - [_process_strategies] [N/A] ⏱ Skipping EMA_Cross_ema50, not yet time (every 5m)
2025-04-25 22:29:00 - DEBUG - [_process_strategies] [N/A] ⏱ Skipping VWAP_diff_signal_1700, not yet time (every 5m)
2025-04-25 22:29:00 - DEBUG - [_process_strategies] [N/A] ⏱ Skipping VWAP_diff_signal_rsi_1700, not yet time (every 5m)
2025-04-25 22:29:00 - DEBUG - [_process_strategies] [N/A] ⏱ Skipping VWAP_diff_signal_1700_volume, not yet time (every 5m)
2025-04-25 22:29:00 - DEBUG - [_process_strategies] [N/A] ⏱ Skipping EMA_Cross_candle, not yet time (every 5m)
2025-04-25 22:29:00 - DEBUG - [_process_strategies] [N/A] ⏱ Skipping SMA_Cross_candle, not yet time (every 5m)
2025-04-25 22:29:00 - INFO - [_update_active_orders_and_telegram] [N/A] 📊 Updating SL/TP for active orders
2025-04-25 22:29:01 - INFO - [_wait_until_next_iteration] [N/A] ⏳ Sleeping for 58.93 seconds before the next cycle
2025-04-25 22:30:00 - INFO - [_run_strategy_if_applicable] [N/A] ⏰ Strategy 'SMA_Cross_sma50' not executed because it's outside the time window: 16:35:00 - 16:50:00
2025-04-25 22:30:00 - INFO - [_run_strategy_if_applicable] [N/A] ⏰ Strategy 'EMA_Cross_ema50' not executed because it's outside the time window: 16:35:00 - 16:50:00
2025-04-25 22:30:00 - INFO - [_run_strategy_if_applicable] [N/A] ⏰ Strategy 'VWAP_diff_signal_1700' not executed because it's outside the time window: 17:30:00 - 19:00:00
2025-04-25 22:30:00 - INFO - [_run_strategy_if_applicable] [N/A] ⏰ Strategy 'VWAP_diff_signal_rsi_1700' not executed because it's outside the time window: 17:30:00 - 19:00:00
2025-04-25 22:30:00 - INFO - [_run_strategy_if_applicable] [N/A] ⏰ Strategy 'VWAP_diff_signal_1700_volume' not executed because it's outside the time window: 17:30:00 - 19:00:00
2025-04-25 22:30:00 - INFO - [_run_strategy_if_applicable] [N/A] ⏰ Strategy 'EMA_Cross_candle' not executed because it's outside the time window: 16:35:00 - 16:50:00
2025-04-25 22:30:00 - INFO - [_run_strategy_if_applicable] [N/A] ⏰ Strategy 'SMA_Cross_candle' not executed because it's outside the time window: 16:35:00 - 16:50:00
2025-04-25 22:30:00 - INFO - [_update_active_orders_and_telegram] [N/A] 📊 Updating SL/TP for active orders
2025-04-25 22:30:01 - INFO - [_wait_until_next_iteration] [N/A] ⏳ Sleeping for 58.92 seconds before the next cycle
2025-04-25 22:31:00 - DEBUG - [_process_strategies] [N/A] ⏱ Skipping SMA_Cross_sma50, not yet time (every 5m)
2025-04-25 22:31:00 - DEBUG - [_process_strategies] [N/A] ⏱ Skipping EMA_Cross_ema50, not yet time (every 5m)
2025-04-25 22:31:00 - DEBUG - [_process_strategies] [N/A] ⏱ Skipping VWAP_diff_signal_1700, not yet time (every 5m)
2025-04-25 22:31:00 - DEBUG - [_process_strategies] [N/A] ⏱ Skipping VWAP_diff_signal_rsi_1700, not yet time (every 5m)
2025-04-25 22:31:00 - DEBUG - [_process_strategies] [N/A] ⏱ Skipping VWAP_diff_signal_1700_volume, not yet time (every 5m)
2025-04-25 22:31:00 - DEBUG - [_process_strategies] [N/A] ⏱ Skipping EMA_Cross_candle, not yet time (every 5m)
2025-04-25 22:31:00 - DEBUG - [_process_strategies] [N/A] ⏱ Skipping SMA_Cross_candle, not yet time (every 5m)
2025-04-25 22:31:00 - INFO - [_update_active_orders_and_telegram] [N/A] 📊 Updating SL/TP for active orders
2025-04-25 22:31:01 - INFO - [_wait_until_next_iteration] [N/A] ⏳ Sleeping for 58.97 seconds before the next cycle
2025-04-25 22:32:00 - DEBUG - [_process_strategies] [N/A] ⏱ Skipping SMA_Cross_sma50, not yet time (every 5m)
2025-04-25 22:32:00 - DEBUG - [_process_strategies] [N/A] ⏱ Skipping EMA_Cross_ema50, not yet time (every 5m)
2025-04-25 22:32:00 - DEBUG - [_process_strategies] [N/A] ⏱ Skipping VWAP_diff_signal_1700, not yet time (every 5m)
2025-04-25 22:32:00 - DEBUG - [_process_strategies] [N/A] ⏱ Skipping VWAP_diff_signal_rsi_1700, not yet time (every 5m)
2025-04-25 22:32:00 - DEBUG - [_process_strategies] [N/A] ⏱ Skipping VWAP_diff_signal_1700_volume, not yet time (every 5m)
2025-04-25 22:32:00 - DEBUG - [_process_strategies] [N/A] ⏱ Skipping EMA_Cross_candle, not yet time (every 5m)
2025-04-25 22:32:00 - DEBUG - [_process_strategies] [N/A] ⏱ Skipping SMA_Cross_candle, not yet time (every 5m)
2025-04-25 22:32:00 - INFO - [_update_active_orders_and_telegram] [N/A] 📊 Updating SL/TP for active orders
2025-04-25 22:32:01 - INFO - [_wait_until_next_iteration] [N/A] ⏳ Sleeping for 58.92 seconds before the next cycle
2025-04-25 22:33:00 - DEBUG - [_process_strategies] [N/A] ⏱ Skipping SMA_Cross_sma50, not yet time (every 5m)
2025-04-25 22:33:00 - DEBUG - [_process_strategies] [N/A] ⏱ Skipping EMA_Cross_ema50, not yet time (every 5m)
2025-04-25 22:33:00 - DEBUG - [_process_strategies] [N/A] ⏱ Skipping VWAP_diff_signal_1700, not yet time (every 5m)
2025-04-25 22:33:00 - DEBUG - [_process_strategies] [N/A] ⏱ Skipping VWAP_diff_signal_rsi_1700, not yet time (every 5m)
2025-04-25 22:33:00 - DEBUG - [_process_strategies] [N/A] ⏱ Skipping VWAP_diff_signal_1700_volume, not yet time (every 5m)
2025-04-25 22:33:00 - DEBUG - [_process_strategies] [N/A] ⏱ Skipping EMA_Cross_candle, not yet time (every 5m)
2025-04-25 22:33:00 - DEBUG - [_process_strategies] [N/A] ⏱ Skipping SMA_Cross_candle, not yet time (every 5m)
2025-04-25 22:33:00 - INFO - [_update_active_orders_and_telegram] [N/A] 📊 Updating SL/TP for active orders
2025-04-25 22:33:01 - INFO - [_wait_until_next_iteration] [N/A] ⏳ Sleeping for 58.92 seconds before the next cycle
2025-04-25 22:34:00 - DEBUG - [_process_strategies] [N/A] ⏱ Skipping SMA_Cross_sma50, not yet time (every 5m)
2025-04-25 22:34:00 - DEBUG - [_process_strategies] [N/A] ⏱ Skipping EMA_Cross_ema50, not yet time (every 5m)
2025-04-25 22:34:00 - DEBUG - [_process_strategies] [N/A] ⏱ Skipping VWAP_diff_signal_1700, not yet time (every 5m)
2025-04-25 22:34:00 - DEBUG - [_process_strategies] [N/A] ⏱ Skipping VWAP_diff_signal_rsi_1700, not yet time (every 5m)
2025-04-25 22:34:00 - DEBUG - [_process_strategies] [N/A] ⏱ Skipping VWAP_diff_signal_1700_volume, not yet time (every 5m)
2025-04-25 22:34:00 - DEBUG - [_process_strategies] [N/A] ⏱ Skipping EMA_Cross_candle, not yet time (every 5m)
2025-04-25 22:34:00 - DEBUG - [_process_strategies] [N/A] ⏱ Skipping SMA_Cross_candle, not yet time (every 5m)
2025-04-25 22:34:00 - INFO - [_update_active_orders_and_telegram] [N/A] 📊 Updating SL/TP for active orders
2025-04-25 22:34:01 - INFO - [_wait_until_next_iteration] [N/A] ⏳ Sleeping for 58.92 seconds before the next cycle
2025-04-25 22:35:00 - INFO - [_run_strategy_if_applicable] [N/A] ⏰ Strategy 'SMA_Cross_sma50' not executed because it's outside the time window: 16:35:00 - 16:50:00
2025-04-25 22:35:00 - INFO - [_run_strategy_if_applicable] [N/A] ⏰ Strategy 'EMA_Cross_ema50' not executed because it's outside the time window: 16:35:00 - 16:50:00
2025-04-25 22:35:00 - INFO - [_run_strategy_if_applicable] [N/A] ⏰ Strategy 'VWAP_diff_signal_1700' not executed because it's outside the time window: 17:30:00 - 19:00:00
2025-04-25 22:35:00 - INFO - [_run_strategy_if_applicable] [N/A] ⏰ Strategy 'VWAP_diff_signal_rsi_1700' not executed because it's outside the time window: 17:30:00 - 19:00:00
2025-04-25 22:35:00 - INFO - [_run_strategy_if_applicable] [N/A] ⏰ Strategy 'VWAP_diff_signal_1700_volume' not executed because it's outside the time window: 17:30:00 - 19:00:00
2025-04-25 22:35:00 - INFO - [_run_strategy_if_applicable] [N/A] ⏰ Strategy 'EMA_Cross_candle' not executed because it's outside the time window: 16:35:00 - 16:50:00
2025-04-25 22:35:00 - INFO - [_run_strategy_if_applicable] [N/A] ⏰ Strategy 'SMA_Cross_candle' not executed because it's outside the time window: 16:35:00 - 16:50:00
2025-04-25 22:35:00 - INFO - [_update_active_orders_and_telegram] [N/A] 📊 Updating SL/TP for active orders
2025-04-25 22:35:01 - INFO - [_wait_until_next_iteration] [N/A] ⏳ Sleeping for 58.94 seconds before the next cycle
2025-04-25 22:36:00 - DEBUG - [_process_strategies] [N/A] ⏱ Skipping SMA_Cross_sma50, not yet time (every 5m)
2025-04-25 22:36:00 - DEBUG - [_process_strategies] [N/A] ⏱ Skipping EMA_Cross_ema50, not yet time (every 5m)
2025-04-25 22:36:00 - DEBUG - [_process_strategies] [N/A] ⏱ Skipping VWAP_diff_signal_1700, not yet time (every 5m)
2025-04-25 22:36:00 - DEBUG - [_process_strategies] [N/A] ⏱ Skipping VWAP_diff_signal_rsi_1700, not yet time (every 5m)
2025-04-25 22:36:00 - DEBUG - [_process_strategies] [N/A] ⏱ Skipping VWAP_diff_signal_1700_volume, not yet time (every 5m)
2025-04-25 22:36:00 - DEBUG - [_process_strategies] [N/A] ⏱ Skipping EMA_Cross_candle, not yet time (every 5m)
2025-04-25 22:36:00 - DEBUG - [_process_strategies] [N/A] ⏱ Skipping SMA_Cross_candle, not yet time (every 5m)
2025-04-25 22:36:00 - INFO - [_update_active_orders_and_telegram] [N/A] 📊 Updating SL/TP for active orders
2025-04-25 22:36:01 - INFO - [_wait_until_next_iteration] [N/A] ⏳ Sleeping for 58.95 seconds before the next cycle
2025-04-25 22:37:00 - DEBUG - [_process_strategies] [N/A] ⏱ Skipping SMA_Cross_sma50, not yet time (every 5m)
2025-04-25 22:37:00 - DEBUG - [_process_strategies] [N/A] ⏱ Skipping EMA_Cross_ema50, not yet time (every 5m)
2025-04-25 22:37:00 - DEBUG - [_process_strategies] [N/A] ⏱ Skipping VWAP_diff_signal_1700, not yet time (every 5m)
2025-04-25 22:37:00 - DEBUG - [_process_strategies] [N/A] ⏱ Skipping VWAP_diff_signal_rsi_1700, not yet time (every 5m)
2025-04-25 22:37:00 - DEBUG - [_process_strategies] [N/A] ⏱ Skipping VWAP_diff_signal_1700_volume, not yet time (every 5m)
2025-04-25 22:37:00 - DEBUG - [_process_strategies] [N/A] ⏱ Skipping EMA_Cross_candle, not yet time (every 5m)
2025-04-25 22:37:00 - DEBUG - [_process_strategies] [N/A] ⏱ Skipping SMA_Cross_candle, not yet time (every 5m)
2025-04-25 22:37:00 - INFO - [_update_active_orders_and_telegram] [N/A] 📊 Updating SL/TP for active orders
2025-04-25 22:37:01 - INFO - [_wait_until_next_iteration] [N/A] ⏳ Sleeping for 58.93 seconds before the next cycle
2025-04-25 22:38:00 - DEBUG - [_process_strategies] [N/A] ⏱ Skipping SMA_Cross_sma50, not yet time (every 5m)
2025-04-25 22:38:00 - DEBUG - [_process_strategies] [N/A] ⏱ Skipping EMA_Cross_ema50, not yet time (every 5m)
2025-04-25 22:38:00 - DEBUG - [_process_strategies] [N/A] ⏱ Skipping VWAP_diff_signal_1700, not yet time (every 5m)
2025-04-25 22:38:00 - DEBUG - [_process_strategies] [N/A] ⏱ Skipping VWAP_diff_signal_rsi_1700, not yet time (every 5m)
2025-04-25 22:38:00 - DEBUG - [_process_strategies] [N/A] ⏱ Skipping VWAP_diff_signal_1700_volume, not yet time (every 5m)
2025-04-25 22:38:00 - DEBUG - [_process_strategies] [N/A] ⏱ Skipping EMA_Cross_candle, not yet time (every 5m)
2025-04-25 22:38:00 - DEBUG - [_process_strategies] [N/A] ⏱ Skipping SMA_Cross_candle, not yet time (every 5m)
2025-04-25 22:38:00 - INFO - [_update_active_orders_and_telegram] [N/A] 📊 Updating SL/TP for active orders
2025-04-25 22:38:01 - INFO - [_wait_until_next_iteration] [N/A] ⏳ Sleeping for 58.93 seconds before the next cycle
2025-04-25 22:39:00 - DEBUG - [_process_strategies] [N/A] ⏱ Skipping SMA_Cross_sma50, not yet time (every 5m)
2025-04-25 22:39:00 - DEBUG - [_process_strategies] [N/A] ⏱ Skipping EMA_Cross_ema50, not yet time (every 5m)
2025-04-25 22:39:00 - DEBUG - [_process_strategies] [N/A] ⏱ Skipping VWAP_diff_signal_1700, not yet time (every 5m)
2025-04-25 22:39:00 - DEBUG - [_process_strategies] [N/A] ⏱ Skipping VWAP_diff_signal_rsi_1700, not yet time (every 5m)
2025-04-25 22:39:00 - DEBUG - [_process_strategies] [N/A] ⏱ Skipping VWAP_diff_signal_1700_volume, not yet time (every 5m)
2025-04-25 22:39:00 - DEBUG - [_process_strategies] [N/A] ⏱ Skipping EMA_Cross_candle, not yet time (every 5m)
2025-04-25 22:39:00 - DEBUG - [_process_strategies] [N/A] ⏱ Skipping SMA_Cross_candle, not yet time (every 5m)
2025-04-25 22:39:00 - INFO - [_update_active_orders_and_telegram] [N/A] 📊 Updating SL/TP for active orders
2025-04-25 22:39:01 - INFO - [_wait_until_next_iteration] [N/A] ⏳ Sleeping for 58.92 seconds before the next cycle
2025-04-25 22:40:00 - INFO - [_run_strategy_if_applicable] [N/A] ⏰ Strategy 'SMA_Cross_sma50' not executed because it's outside the time window: 16:35:00 - 16:50:00
2025-04-25 22:40:00 - INFO - [_run_strategy_if_applicable] [N/A] ⏰ Strategy 'EMA_Cross_ema50' not executed because it's outside the time window: 16:35:00 - 16:50:00
2025-04-25 22:40:00 - INFO - [_run_strategy_if_applicable] [N/A] ⏰ Strategy 'VWAP_diff_signal_1700' not executed because it's outside the time window: 17:30:00 - 19:00:00
2025-04-25 22:40:00 - INFO - [_run_strategy_if_applicable] [N/A] ⏰ Strategy 'VWAP_diff_signal_rsi_1700' not executed because it's outside the time window: 17:30:00 - 19:00:00
2025-04-25 22:40:00 - INFO - [_run_strategy_if_applicable] [N/A] ⏰ Strategy 'VWAP_diff_signal_1700_volume' not executed because it's outside the time window: 17:30:00 - 19:00:00
2025-04-25 22:40:00 - INFO - [_run_strategy_if_applicable] [N/A] ⏰ Strategy 'EMA_Cross_candle' not executed because it's outside the time window: 16:35:00 - 16:50:00
2025-04-25 22:40:00 - INFO - [_run_strategy_if_applicable] [N/A] ⏰ Strategy 'SMA_Cross_candle' not executed because it's outside the time window: 16:35:00 - 16:50:00
2025-04-25 22:40:00 - INFO - [_update_active_orders_and_telegram] [N/A] 📊 Updating SL/TP for active orders
2025-04-25 22:40:01 - INFO - [_wait_until_next_iteration] [N/A] ⏳ Sleeping for 58.93 seconds before the next cycle
2025-04-25 22:41:00 - DEBUG - [_process_strategies] [N/A] ⏱ Skipping SMA_Cross_sma50, not yet time (every 5m)
2025-04-25 22:41:00 - DEBUG - [_process_strategies] [N/A] ⏱ Skipping EMA_Cross_ema50, not yet time (every 5m)
2025-04-25 22:41:00 - DEBUG - [_process_strategies] [N/A] ⏱ Skipping VWAP_diff_signal_1700, not yet time (every 5m)
2025-04-25 22:41:00 - DEBUG - [_process_strategies] [N/A] ⏱ Skipping VWAP_diff_signal_rsi_1700, not yet time (every 5m)
2025-04-25 22:41:00 - DEBUG - [_process_strategies] [N/A] ⏱ Skipping VWAP_diff_signal_1700_volume, not yet time (every 5m)
2025-04-25 22:41:00 - DEBUG - [_process_strategies] [N/A] ⏱ Skipping EMA_Cross_candle, not yet time (every 5m)
2025-04-25 22:41:00 - DEBUG - [_process_strategies] [N/A] ⏱ Skipping SMA_Cross_candle, not yet time (every 5m)
2025-04-25 22:41:00 - INFO - [_update_active_orders_and_telegram] [N/A] 📊 Updating SL/TP for active orders
2025-04-25 22:41:01 - INFO - [_wait_until_next_iteration] [N/A] ⏳ Sleeping for 58.92 seconds before the next cycle
2025-04-25 22:42:00 - DEBUG - [_process_strategies] [N/A] ⏱ Skipping SMA_Cross_sma50, not yet time (every 5m)
2025-04-25 22:42:00 - DEBUG - [_process_strategies] [N/A] ⏱ Skipping EMA_Cross_ema50, not yet time (every 5m)
2025-04-25 22:42:00 - DEBUG - [_process_strategies] [N/A] ⏱ Skipping VWAP_diff_signal_1700, not yet time (every 5m)
2025-04-25 22:42:00 - DEBUG - [_process_strategies] [N/A] ⏱ Skipping VWAP_diff_signal_rsi_1700, not yet time (every 5m)
2025-04-25 22:42:00 - DEBUG - [_process_strategies] [N/A] ⏱ Skipping VWAP_diff_signal_1700_volume, not yet time (every 5m)
2025-04-25 22:42:00 - DEBUG - [_process_strategies] [N/A] ⏱ Skipping EMA_Cross_candle, not yet time (every 5m)
2025-04-25 22:42:00 - DEBUG - [_process_strategies] [N/A] ⏱ Skipping SMA_Cross_candle, not yet time (every 5m)
2025-04-25 22:42:00 - INFO - [_update_active_orders_and_telegram] [N/A] 📊 Updating SL/TP for active orders
2025-04-25 22:42:01 - INFO - [_wait_until_next_iteration] [N/A] ⏳ Sleeping for 58.94 seconds before the next cycle
2025-04-25 22:43:00 - DEBUG - [_process_strategies] [N/A] ⏱ Skipping SMA_Cross_sma50, not yet time (every 5m)
2025-04-25 22:43:00 - DEBUG - [_process_strategies] [N/A] ⏱ Skipping EMA_Cross_ema50, not yet time (every 5m)
2025-04-25 22:43:00 - DEBUG - [_process_strategies] [N/A] ⏱ Skipping VWAP_diff_signal_1700, not yet time (every 5m)
2025-04-25 22:43:00 - DEBUG - [_process_strategies] [N/A] ⏱ Skipping VWAP_diff_signal_rsi_1700, not yet time (every 5m)
2025-04-25 22:43:00 - DEBUG - [_process_strategies] [N/A] ⏱ Skipping VWAP_diff_signal_1700_volume, not yet time (every 5m)
2025-04-25 22:43:00 - DEBUG - [_process_strategies] [N/A] ⏱ Skipping EMA_Cross_candle, not yet time (every 5m)
2025-04-25 22:43:00 - DEBUG - [_process_strategies] [N/A] ⏱ Skipping SMA_Cross_candle, not yet time (every 5m)
2025-04-25 22:43:00 - INFO - [_update_active_orders_and_telegram] [N/A] 📊 Updating SL/TP for active orders
2025-04-25 22:43:01 - INFO - [_wait_until_next_iteration] [N/A] ⏳ Sleeping for 58.92 seconds before the next cycle
2025-04-25 22:44:00 - DEBUG - [_process_strategies] [N/A] ⏱ Skipping SMA_Cross_sma50, not yet time (every 5m)
2025-04-25 22:44:00 - DEBUG - [_process_strategies] [N/A] ⏱ Skipping EMA_Cross_ema50, not yet time (every 5m)
2025-04-25 22:44:00 - DEBUG - [_process_strategies] [N/A] ⏱ Skipping VWAP_diff_signal_1700, not yet time (every 5m)
2025-04-25 22:44:00 - DEBUG - [_process_strategies] [N/A] ⏱ Skipping VWAP_diff_signal_rsi_1700, not yet time (every 5m)
2025-04-25 22:44:00 - DEBUG - [_process_strategies] [N/A] ⏱ Skipping VWAP_diff_signal_1700_volume, not yet time (every 5m)
2025-04-25 22:44:00 - DEBUG - [_process_strategies] [N/A] ⏱ Skipping EMA_Cross_candle, not yet time (every 5m)
2025-04-25 22:44:00 - DEBUG - [_process_strategies] [N/A] ⏱ Skipping SMA_Cross_candle, not yet time (every 5m)
2025-04-25 22:44:00 - INFO - [_update_active_orders_and_telegram] [N/A] 📊 Updating SL/TP for active orders
2025-04-25 22:44:01 - INFO - [_wait_until_next_iteration] [N/A] ⏳ Sleeping for 58.95 seconds before the next cycle
2025-04-25 22:45:00 - INFO - [_run_strategy_if_applicable] [N/A] ⏰ Strategy 'SMA_Cross_sma50' not executed because it's outside the time window: 16:35:00 - 16:50:00
2025-04-25 22:45:00 - INFO - [_run_strategy_if_applicable] [N/A] ⏰ Strategy 'EMA_Cross_ema50' not executed because it's outside the time window: 16:35:00 - 16:50:00
2025-04-25 22:45:00 - INFO - [_run_strategy_if_applicable] [N/A] ⏰ Strategy 'VWAP_diff_signal_1700' not executed because it's outside the time window: 17:30:00 - 19:00:00
2025-04-25 22:45:00 - INFO - [_run_strategy_if_applicable] [N/A] ⏰ Strategy 'VWAP_diff_signal_rsi_1700' not executed because it's outside the time window: 17:30:00 - 19:00:00
2025-04-25 22:45:00 - INFO - [_run_strategy_if_applicable] [N/A] ⏰ Strategy 'VWAP_diff_signal_1700_volume' not executed because it's outside the time window: 17:30:00 - 19:00:00
2025-04-25 22:45:00 - INFO - [_run_strategy_if_applicable] [N/A] ⏰ Strategy 'EMA_Cross_candle' not executed because it's outside the time window: 16:35:00 - 16:50:00
2025-04-25 22:45:00 - INFO - [_run_strategy_if_applicable] [N/A] ⏰ Strategy 'SMA_Cross_candle' not executed because it's outside the time window: 16:35:00 - 16:50:00
2025-04-25 22:45:00 - INFO - [_update_active_orders_and_telegram] [N/A] 📊 Updating SL/TP for active orders
2025-04-25 22:45:01 - INFO - [_wait_until_next_iteration] [N/A] ⏳ Sleeping for 58.93 seconds before the next cycle
2025-04-25 22:46:00 - DEBUG - [_process_strategies] [N/A] ⏱ Skipping SMA_Cross_sma50, not yet time (every 5m)
2025-04-25 22:46:00 - DEBUG - [_process_strategies] [N/A] ⏱ Skipping EMA_Cross_ema50, not yet time (every 5m)
2025-04-25 22:46:00 - DEBUG - [_process_strategies] [N/A] ⏱ Skipping VWAP_diff_signal_1700, not yet time (every 5m)
2025-04-25 22:46:00 - DEBUG - [_process_strategies] [N/A] ⏱ Skipping VWAP_diff_signal_rsi_1700, not yet time (every 5m)
2025-04-25 22:46:00 - DEBUG - [_process_strategies] [N/A] ⏱ Skipping VWAP_diff_signal_1700_volume, not yet time (every 5m)
2025-04-25 22:46:00 - DEBUG - [_process_strategies] [N/A] ⏱ Skipping EMA_Cross_candle, not yet time (every 5m)
2025-04-25 22:46:00 - DEBUG - [_process_strategies] [N/A] ⏱ Skipping SMA_Cross_candle, not yet time (every 5m)
2025-04-25 22:46:00 - INFO - [_update_active_orders_and_telegram] [N/A] 📊 Updating SL/TP for active orders
2025-04-25 22:46:01 - INFO - [_wait_until_next_iteration] [N/A] ⏳ Sleeping for 58.92 seconds before the next cycle
2025-04-25 22:47:00 - DEBUG - [_process_strategies] [N/A] ⏱ Skipping SMA_Cross_sma50, not yet time (every 5m)
2025-04-25 22:47:00 - DEBUG - [_process_strategies] [N/A] ⏱ Skipping EMA_Cross_ema50, not yet time (every 5m)
2025-04-25 22:47:00 - DEBUG - [_process_strategies] [N/A] ⏱ Skipping VWAP_diff_signal_1700, not yet time (every 5m)
2025-04-25 22:47:00 - DEBUG - [_process_strategies] [N/A] ⏱ Skipping VWAP_diff_signal_rsi_1700, not yet time (every 5m)
2025-04-25 22:47:00 - DEBUG - [_process_strategies] [N/A] ⏱ Skipping VWAP_diff_signal_1700_volume, not yet time (every 5m)
2025-04-25 22:47:00 - DEBUG - [_process_strategies] [N/A] ⏱ Skipping EMA_Cross_candle, not yet time (every 5m)
2025-04-25 22:47:00 - DEBUG - [_process_strategies] [N/A] ⏱ Skipping SMA_Cross_candle, not yet time (every 5m)
2025-04-25 22:47:00 - INFO - [_update_active_orders_and_telegram] [N/A] 📊 Updating SL/TP for active orders
2025-04-25 22:47:01 - INFO - [_wait_until_next_iteration] [N/A] ⏳ Sleeping for 58.92 seconds before the next cycle
2025-04-25 22:48:00 - INFO - [start_trading] [N/A] 🛑 Closing all positions before end of session
2025-04-25 22:48:00 - WARNING - [close_position] [CZR] ⚠️ No open position found for CZR
2025-04-25 22:48:00 - INFO - [close_position] [GEN] 🔹 Closing 198.0 shares of GEN (SELL)
2025-04-25 22:48:01 - INFO - [close_position] [GEN] ✅ Closed position for GEN at 25.17
2025-04-25 22:48:01 - INFO - [close_position] [TFC] 🔹 Closing 132.0 shares of TFC (BUY)
2025-04-25 22:48:02 - INFO - [close_position] [TFC] ✅ Closed position for TFC at 37.64
2025-04-25 22:48:02 - INFO - [close_position] [FITB] 🔹 Closing 140.0 shares of FITB (BUY)
2025-04-25 22:48:03 - INFO - [close_position] [FITB] ✅ Closed position for FITB at 35.24
2025-04-25 22:48:04 - WARNING - [close_position] [DVN] ⚠️ No open position found for DVN
2025-04-25 22:48:04 - INFO - [close_position] [IPG] 🔹 Closing 202.0 shares of IPG (BUY)
2025-04-25 22:48:05 - INFO - [close_position] [IPG] ✅ Closed position for IPG at 24.57
2025-04-25 22:48:05 - WARNING - [close_position] [NWSA] ⚠️ No open position found for NWSA
2025-04-25 22:48:05 - INFO - [close_position] [CFG] 🔹 Closing 134.0 shares of CFG (BUY)
2025-04-25 22:48:06 - INFO - [close_position] [CFG] ✅ Closed position for CFG at 37.03
2025-04-25 22:48:06 - WARNING - [close_position] [LUV] ⚠️ No open position found for LUV
2025-04-25 22:48:07 - WARNING - [close_position] [WBD] ⚠️ No open position found for WBD
2025-04-25 22:48:07 - DEBUG - [_process_strategies] [N/A] ⏱ Skipping SMA_Cross_sma50, not yet time (every 5m)
2025-04-25 22:48:07 - DEBUG - [_process_strategies] [N/A] ⏱ Skipping EMA_Cross_ema50, not yet time (every 5m)
2025-04-25 22:48:07 - DEBUG - [_process_strategies] [N/A] ⏱ Skipping VWAP_diff_signal_1700, not yet time (every 5m)
2025-04-25 22:48:07 - DEBUG - [_process_strategies] [N/A] ⏱ Skipping VWAP_diff_signal_rsi_1700, not yet time (every 5m)
2025-04-25 22:48:07 - DEBUG - [_process_strategies] [N/A] ⏱ Skipping VWAP_diff_signal_1700_volume, not yet time (every 5m)
2025-04-25 22:48:07 - DEBUG - [_process_strategies] [N/A] ⏱ Skipping EMA_Cross_candle, not yet time (every 5m)
2025-04-25 22:48:07 - DEBUG - [_process_strategies] [N/A] ⏱ Skipping SMA_Cross_candle, not yet time (every 5m)
2025-04-25 22:48:07 - INFO - [_update_active_orders_and_telegram] [N/A] 📊 Updating SL/TP for active orders
2025-04-25 22:48:08 - INFO - [_wait_until_next_iteration] [N/A] ⏳ Sleeping for 51.79 seconds before the next cycle
2025-04-25 22:49:00 - DEBUG - [_process_strategies] [N/A] ⏱ Skipping SMA_Cross_sma50, not yet time (every 5m)
2025-04-25 22:49:00 - DEBUG - [_process_strategies] [N/A] ⏱ Skipping EMA_Cross_ema50, not yet time (every 5m)
2025-04-25 22:49:00 - DEBUG - [_process_strategies] [N/A] ⏱ Skipping VWAP_diff_signal_1700, not yet time (every 5m)
2025-04-25 22:49:00 - DEBUG - [_process_strategies] [N/A] ⏱ Skipping VWAP_diff_signal_rsi_1700, not yet time (every 5m)
2025-04-25 22:49:00 - DEBUG - [_process_strategies] [N/A] ⏱ Skipping VWAP_diff_signal_1700_volume, not yet time (every 5m)
2025-04-25 22:49:00 - DEBUG - [_process_strategies] [N/A] ⏱ Skipping EMA_Cross_candle, not yet time (every 5m)
2025-04-25 22:49:00 - DEBUG - [_process_strategies] [N/A] ⏱ Skipping SMA_Cross_candle, not yet time (every 5m)
2025-04-25 22:49:00 - INFO - [_update_active_orders_and_telegram] [N/A] 📊 Updating SL/TP for active orders
2025-04-25 22:49:01 - INFO - [_wait_until_next_iteration] [N/A] ⏳ Sleeping for 58.93 seconds before the next cycle
2025-04-25 22:50:00 - INFO - [_run_strategy_if_applicable] [N/A] ⏰ Strategy 'SMA_Cross_sma50' not executed because it's outside the time window: 16:35:00 - 16:50:00
2025-04-25 22:50:00 - INFO - [_run_strategy_if_applicable] [N/A] ⏰ Strategy 'EMA_Cross_ema50' not executed because it's outside the time window: 16:35:00 - 16:50:00
2025-04-25 22:50:00 - INFO - [_run_strategy_if_applicable] [N/A] ⏰ Strategy 'VWAP_diff_signal_1700' not executed because it's outside the time window: 17:30:00 - 19:00:00
2025-04-25 22:50:00 - INFO - [_run_strategy_if_applicable] [N/A] ⏰ Strategy 'VWAP_diff_signal_rsi_1700' not executed because it's outside the time window: 17:30:00 - 19:00:00
2025-04-25 22:50:00 - INFO - [_run_strategy_if_applicable] [N/A] ⏰ Strategy 'VWAP_diff_signal_1700_volume' not executed because it's outside the time window: 17:30:00 - 19:00:00
2025-04-25 22:50:00 - INFO - [_run_strategy_if_applicable] [N/A] ⏰ Strategy 'EMA_Cross_candle' not executed because it's outside the time window: 16:35:00 - 16:50:00
2025-04-25 22:50:00 - INFO - [_run_strategy_if_applicable] [N/A] ⏰ Strategy 'SMA_Cross_candle' not executed because it's outside the time window: 16:35:00 - 16:50:00
2025-04-25 22:50:00 - INFO - [_update_active_orders_and_telegram] [N/A] 📊 Updating SL/TP for active orders
2025-04-25 22:50:01 - INFO - [_wait_until_next_iteration] [N/A] ⏳ Sleeping for 58.94 seconds before the next cycle
2025-04-25 22:51:00 - DEBUG - [_process_strategies] [N/A] ⏱ Skipping SMA_Cross_sma50, not yet time (every 5m)
2025-04-25 22:51:00 - DEBUG - [_process_strategies] [N/A] ⏱ Skipping EMA_Cross_ema50, not yet time (every 5m)
2025-04-25 22:51:00 - DEBUG - [_process_strategies] [N/A] ⏱ Skipping VWAP_diff_signal_1700, not yet time (every 5m)
2025-04-25 22:51:00 - DEBUG - [_process_strategies] [N/A] ⏱ Skipping VWAP_diff_signal_rsi_1700, not yet time (every 5m)
2025-04-25 22:51:00 - DEBUG - [_process_strategies] [N/A] ⏱ Skipping VWAP_diff_signal_1700_volume, not yet time (every 5m)
2025-04-25 22:51:00 - DEBUG - [_process_strategies] [N/A] ⏱ Skipping EMA_Cross_candle, not yet time (every 5m)
2025-04-25 22:51:00 - DEBUG - [_process_strategies] [N/A] ⏱ Skipping SMA_Cross_candle, not yet time (every 5m)
2025-04-25 22:51:00 - INFO - [_update_active_orders_and_telegram] [N/A] 📊 Updating SL/TP for active orders
2025-04-25 22:51:01 - INFO - [_wait_until_next_iteration] [N/A] ⏳ Sleeping for 58.93 seconds before the next cycle
2025-04-25 22:52:00 - DEBUG - [_process_strategies] [N/A] ⏱ Skipping SMA_Cross_sma50, not yet time (every 5m)
2025-04-25 22:52:00 - DEBUG - [_process_strategies] [N/A] ⏱ Skipping EMA_Cross_ema50, not yet time (every 5m)
2025-04-25 22:52:00 - DEBUG - [_process_strategies] [N/A] ⏱ Skipping VWAP_diff_signal_1700, not yet time (every 5m)
2025-04-25 22:52:00 - DEBUG - [_process_strategies] [N/A] ⏱ Skipping VWAP_diff_signal_rsi_1700, not yet time (every 5m)
2025-04-25 22:52:00 - DEBUG - [_process_strategies] [N/A] ⏱ Skipping VWAP_diff_signal_1700_volume, not yet time (every 5m)
2025-04-25 22:52:00 - DEBUG - [_process_strategies] [N/A] ⏱ Skipping EMA_Cross_candle, not yet time (every 5m)
2025-04-25 22:52:00 - DEBUG - [_process_strategies] [N/A] ⏱ Skipping SMA_Cross_candle, not yet time (every 5m)
2025-04-25 22:52:00 - INFO - [_update_active_orders_and_telegram] [N/A] 📊 Updating SL/TP for active orders
2025-04-25 22:52:01 - INFO - [_wait_until_next_iteration] [N/A] ⏳ Sleeping for 58.94 seconds before the next cycle
2025-04-25 22:53:00 - DEBUG - [_process_strategies] [N/A] ⏱ Skipping SMA_Cross_sma50, not yet time (every 5m)
2025-04-25 22:53:00 - DEBUG - [_process_strategies] [N/A] ⏱ Skipping EMA_Cross_ema50, not yet time (every 5m)
2025-04-25 22:53:00 - DEBUG - [_process_strategies] [N/A] ⏱ Skipping VWAP_diff_signal_1700, not yet time (every 5m)
2025-04-25 22:53:00 - DEBUG - [_process_strategies] [N/A] ⏱ Skipping VWAP_diff_signal_rsi_1700, not yet time (every 5m)
2025-04-25 22:53:00 - DEBUG - [_process_strategies] [N/A] ⏱ Skipping VWAP_diff_signal_1700_volume, not yet time (every 5m)
2025-04-25 22:53:00 - DEBUG - [_process_strategies] [N/A] ⏱ Skipping EMA_Cross_candle, not yet time (every 5m)
2025-04-25 22:53:00 - DEBUG - [_process_strategies] [N/A] ⏱ Skipping SMA_Cross_candle, not yet time (every 5m)
2025-04-25 22:53:00 - INFO - [_update_active_orders_and_telegram] [N/A] 📊 Updating SL/TP for active orders
2025-04-25 22:53:01 - INFO - [_wait_until_next_iteration] [N/A] ⏳ Sleeping for 58.92 seconds before the next cycle
2025-04-25 22:54:00 - DEBUG - [_process_strategies] [N/A] ⏱ Skipping SMA_Cross_sma50, not yet time (every 5m)
2025-04-25 22:54:00 - DEBUG - [_process_strategies] [N/A] ⏱ Skipping EMA_Cross_ema50, not yet time (every 5m)
2025-04-25 22:54:00 - DEBUG - [_process_strategies] [N/A] ⏱ Skipping VWAP_diff_signal_1700, not yet time (every 5m)
2025-04-25 22:54:00 - DEBUG - [_process_strategies] [N/A] ⏱ Skipping VWAP_diff_signal_rsi_1700, not yet time (every 5m)
2025-04-25 22:54:00 - DEBUG - [_process_strategies] [N/A] ⏱ Skipping VWAP_diff_signal_1700_volume, not yet time (every 5m)
2025-04-25 22:54:00 - DEBUG - [_process_strategies] [N/A] ⏱ Skipping EMA_Cross_candle, not yet time (every 5m)
2025-04-25 22:54:00 - DEBUG - [_process_strategies] [N/A] ⏱ Skipping SMA_Cross_candle, not yet time (every 5m)
2025-04-25 22:54:00 - INFO - [_update_active_orders_and_telegram] [N/A] 📊 Updating SL/TP for active orders
2025-04-25 22:54:01 - INFO - [_wait_until_next_iteration] [N/A] ⏳ Sleeping for 58.93 seconds before the next cycle
2025-04-25 22:55:00 - INFO - [_run_strategy_if_applicable] [N/A] ⏰ Strategy 'SMA_Cross_sma50' not executed because it's outside the time window: 16:35:00 - 16:50:00
2025-04-25 22:55:00 - INFO - [_run_strategy_if_applicable] [N/A] ⏰ Strategy 'EMA_Cross_ema50' not executed because it's outside the time window: 16:35:00 - 16:50:00
2025-04-25 22:55:00 - INFO - [_run_strategy_if_applicable] [N/A] ⏰ Strategy 'VWAP_diff_signal_1700' not executed because it's outside the time window: 17:30:00 - 19:00:00
2025-04-25 22:55:00 - INFO - [_run_strategy_if_applicable] [N/A] ⏰ Strategy 'VWAP_diff_signal_rsi_1700' not executed because it's outside the time window: 17:30:00 - 19:00:00
2025-04-25 22:55:00 - INFO - [_run_strategy_if_applicable] [N/A] ⏰ Strategy 'VWAP_diff_signal_1700_volume' not executed because it's outside the time window: 17:30:00 - 19:00:00
2025-04-25 22:55:00 - INFO - [_run_strategy_if_applicable] [N/A] ⏰ Strategy 'EMA_Cross_candle' not executed because it's outside the time window: 16:35:00 - 16:50:00
2025-04-25 22:55:00 - INFO - [_run_strategy_if_applicable] [N/A] ⏰ Strategy 'SMA_Cross_candle' not executed because it's outside the time window: 16:35:00 - 16:50:00
2025-04-25 22:55:00 - INFO - [_update_active_orders_and_telegram] [N/A] 📊 Updating SL/TP for active orders
2025-04-25 22:55:01 - INFO - [_wait_until_next_iteration] [N/A] ⏳ Sleeping for 58.93 seconds before the next cycle
2025-04-25 22:56:00 - DEBUG - [_process_strategies] [N/A] ⏱ Skipping SMA_Cross_sma50, not yet time (every 5m)
2025-04-25 22:56:00 - DEBUG - [_process_strategies] [N/A] ⏱ Skipping EMA_Cross_ema50, not yet time (every 5m)
2025-04-25 22:56:00 - DEBUG - [_process_strategies] [N/A] ⏱ Skipping VWAP_diff_signal_1700, not yet time (every 5m)
2025-04-25 22:56:00 - DEBUG - [_process_strategies] [N/A] ⏱ Skipping VWAP_diff_signal_rsi_1700, not yet time (every 5m)
2025-04-25 22:56:00 - DEBUG - [_process_strategies] [N/A] ⏱ Skipping VWAP_diff_signal_1700_volume, not yet time (every 5m)
2025-04-25 22:56:00 - DEBUG - [_process_strategies] [N/A] ⏱ Skipping EMA_Cross_candle, not yet time (every 5m)
2025-04-25 22:56:00 - DEBUG - [_process_strategies] [N/A] ⏱ Skipping SMA_Cross_candle, not yet time (every 5m)
2025-04-25 22:56:00 - INFO - [_update_active_orders_and_telegram] [N/A] 📊 Updating SL/TP for active orders
2025-04-25 22:56:01 - INFO - [_wait_until_next_iteration] [N/A] ⏳ Sleeping for 58.92 seconds before the next cycle
2025-04-25 22:57:00 - DEBUG - [_process_strategies] [N/A] ⏱ Skipping SMA_Cross_sma50, not yet time (every 5m)
2025-04-25 22:57:00 - DEBUG - [_process_strategies] [N/A] ⏱ Skipping EMA_Cross_ema50, not yet time (every 5m)
2025-04-25 22:57:00 - DEBUG - [_process_strategies] [N/A] ⏱ Skipping VWAP_diff_signal_1700, not yet time (every 5m)
2025-04-25 22:57:00 - DEBUG - [_process_strategies] [N/A] ⏱ Skipping VWAP_diff_signal_rsi_1700, not yet time (every 5m)
2025-04-25 22:57:00 - DEBUG - [_process_strategies] [N/A] ⏱ Skipping VWAP_diff_signal_1700_volume, not yet time (every 5m)
2025-04-25 22:57:00 - DEBUG - [_process_strategies] [N/A] ⏱ Skipping EMA_Cross_candle, not yet time (every 5m)
2025-04-25 22:57:00 - DEBUG - [_process_strategies] [N/A] ⏱ Skipping SMA_Cross_candle, not yet time (every 5m)
2025-04-25 22:57:00 - INFO - [_update_active_orders_and_telegram] [N/A] 📊 Updating SL/TP for active orders
2025-04-25 22:57:01 - INFO - [_wait_until_next_iteration] [N/A] ⏳ Sleeping for 58.95 seconds before the next cycle
2025-04-25 23:45:00 - ERROR - [safe_main_trading] [N/A] Error in thread: Socket disconnect
2025-04-28 11:01:38 - INFO - [wait_for_precise_time] [N/A] 🌅 Troppo presto, attendo l'inizio della sessione alle 16:30:00
