2025-05-07 13:39:47 - INFO - [start_tws] [N/A] Avvio di TWS...
2025-05-07 13:39:57 - INFO - [start_tws] [N/A] TWS avviato con successo!
2025-05-07 13:39:57 - INFO - [login] [N/A] Attesa della finestra di login...
2025-05-07 13:40:13 - INFO - [login] [N/A] Login effettuato con successo!
2025-05-07 13:40:13 - INFO - [wait_until_tws_ready] [N/A] ⌛ Verifico connessione API TWS tramite ib_insync...
2025-05-07 13:40:13 - DEBUG - [wait_until_tws_ready] [N/A] ⏳ TWS non ancora pronto: ConnectionRefusedError: [Errno 111] Connect call failed ('127.0.0.1', 7497)
2025-05-07 13:40:18 - DEBUG - [wait_until_tws_ready] [N/A] ⏳ TWS non ancora pronto: ConnectionRefusedError: [Errno 111] Connect call failed ('127.0.0.1', 7497)
2025-05-07 13:40:23 - DEBUG - [wait_until_tws_ready] [N/A] ⏳ TWS non ancora pronto: ConnectionRefusedError: [Errno 111] Connect call failed ('127.0.0.1', 7497)
2025-05-07 13:40:38 - DEBUG - [wait_until_tws_ready] [N/A] ⏳ TWS non ancora pronto: TimeoutError: 
2025-05-07 13:40:53 - DEBUG - [wait_until_tws_ready] [N/A] ⏳ TWS non ancora pronto: TimeoutError: 
2025-05-07 13:41:08 - DEBUG - [wait_until_tws_ready] [N/A] ⏳ TWS non ancora pronto: TimeoutError: 
2025-05-07 13:41:23 - DEBUG - [wait_until_tws_ready] [N/A] ⏳ TWS non ancora pronto: TimeoutError: 
2025-05-07 13:41:38 - DEBUG - [wait_until_tws_ready] [N/A] ⏳ TWS non ancora pronto: TimeoutError: 
2025-05-07 13:41:53 - DEBUG - [wait_until_tws_ready] [N/A] ⏳ TWS non ancora pronto: TimeoutError: 
2025-05-07 13:42:08 - DEBUG - [wait_until_tws_ready] [N/A] ⏳ TWS non ancora pronto: TimeoutError: 
2025-05-07 13:42:23 - DEBUG - [wait_until_tws_ready] [N/A] ⏳ TWS non ancora pronto: TimeoutError: 
2025-05-07 13:42:29 - INFO - [wait_until_tws_ready] [N/A] ✅ Connessione API a TWS riuscita!
2025-05-07 13:42:30 - INFO - [__init__] [N/A] ✅ Connected to IBKR successfully
2025-05-07 13:42:31 - INFO - [start] [N/A] Starting bot
2025-05-07 13:42:52 - INFO - [start_daily_session] [N/A] Starting daily session
2025-05-07 13:42:52 - INFO - [__init__] [N/A] ✅ Connected to IBKR successfully
2025-05-07 13:42:52 - INFO - [wait_for_precise_time] [N/A] 🌅 Troppo presto, attendo l'inizio della sessione alle 16:30:00
2025-05-07 16:30:00 - INFO - [wait_for_precise_time] [N/A] 🎯 Orario valido raggiunto. Avvio operazioni.
2025-05-07 16:30:00 - INFO - [_run_strategy_if_applicable] [N/A] ⏰ Strategy 'VWAP_diff_signal_rsi_1700' not executed because it's outside the time window: 17:30:00 - 19:00:00
2025-05-07 16:30:00 - INFO - [_run_strategy_if_applicable] [N/A] ⏰ Strategy 'VWAP_diff_signal_1700_volume' not executed because it's outside the time window: 17:30:00 - 19:00:00
2025-05-07 16:30:00 - INFO - [_run_strategy_if_applicable] [N/A] ⏰ Strategy 'VWAP_diff_signal_1700' not executed because it's outside the time window: 17:30:00 - 19:00:00
2025-05-07 16:30:00 - INFO - [_run_strategy_if_applicable] [N/A] ⏰ Strategy 'EMA_Cross_ema50' not executed because it's outside the time window: 16:35:00 - 16:50:00
2025-05-07 16:30:00 - INFO - [_run_strategy_if_applicable] [N/A] ⏰ Strategy 'SMA_Cross_sma50' not executed because it's outside the time window: 16:35:00 - 16:50:00
2025-05-07 16:30:00 - INFO - [_run_strategy_if_applicable] [N/A] ⏰ Strategy 'SMA_Cross_candle' not executed because it's outside the time window: 16:35:00 - 16:50:00
2025-05-07 16:30:00 - INFO - [_run_strategy_if_applicable] [N/A] ⏰ Strategy 'EMA_Cross_candle' not executed because it's outside the time window: 16:35:00 - 16:50:00
2025-05-07 16:30:00 - INFO - [_update_active_orders_and_telegram] [N/A] 📊 Updating SL/TP for active orders
2025-05-07 16:30:01 - INFO - [_wait_until_next_iteration] [N/A] ⏳ Sleeping for 58.88 seconds before the next cycle
2025-05-07 16:31:00 - DEBUG - [_process_strategies] [N/A] ⏱ Skipping VWAP_diff_signal_rsi_1700, not yet time (every 5m)
2025-05-07 16:31:00 - DEBUG - [_process_strategies] [N/A] ⏱ Skipping VWAP_diff_signal_1700_volume, not yet time (every 5m)
2025-05-07 16:31:00 - DEBUG - [_process_strategies] [N/A] ⏱ Skipping VWAP_diff_signal_1700, not yet time (every 5m)
2025-05-07 16:31:00 - DEBUG - [_process_strategies] [N/A] ⏱ Skipping EMA_Cross_ema50, not yet time (every 5m)
2025-05-07 16:31:00 - DEBUG - [_process_strategies] [N/A] ⏱ Skipping SMA_Cross_sma50, not yet time (every 5m)
2025-05-07 16:31:00 - DEBUG - [_process_strategies] [N/A] ⏱ Skipping SMA_Cross_candle, not yet time (every 5m)
2025-05-07 16:31:00 - DEBUG - [_process_strategies] [N/A] ⏱ Skipping EMA_Cross_candle, not yet time (every 5m)
2025-05-07 16:31:00 - INFO - [_update_active_orders_and_telegram] [N/A] 📊 Updating SL/TP for active orders
2025-05-07 16:31:01 - INFO - [_wait_until_next_iteration] [N/A] ⏳ Sleeping for 58.93 seconds before the next cycle
2025-05-07 16:32:00 - DEBUG - [_process_strategies] [N/A] ⏱ Skipping VWAP_diff_signal_rsi_1700, not yet time (every 5m)
2025-05-07 16:32:00 - DEBUG - [_process_strategies] [N/A] ⏱ Skipping VWAP_diff_signal_1700_volume, not yet time (every 5m)
2025-05-07 16:32:00 - DEBUG - [_process_strategies] [N/A] ⏱ Skipping VWAP_diff_signal_1700, not yet time (every 5m)
2025-05-07 16:32:00 - DEBUG - [_process_strategies] [N/A] ⏱ Skipping EMA_Cross_ema50, not yet time (every 5m)
2025-05-07 16:32:00 - DEBUG - [_process_strategies] [N/A] ⏱ Skipping SMA_Cross_sma50, not yet time (every 5m)
2025-05-07 16:32:00 - DEBUG - [_process_strategies] [N/A] ⏱ Skipping SMA_Cross_candle, not yet time (every 5m)
2025-05-07 16:32:00 - DEBUG - [_process_strategies] [N/A] ⏱ Skipping EMA_Cross_candle, not yet time (every 5m)
2025-05-07 16:32:00 - INFO - [_update_active_orders_and_telegram] [N/A] 📊 Updating SL/TP for active orders
2025-05-07 16:32:01 - INFO - [_wait_until_next_iteration] [N/A] ⏳ Sleeping for 58.93 seconds before the next cycle
2025-05-07 16:33:00 - DEBUG - [_process_strategies] [N/A] ⏱ Skipping VWAP_diff_signal_rsi_1700, not yet time (every 5m)
2025-05-07 16:33:00 - DEBUG - [_process_strategies] [N/A] ⏱ Skipping VWAP_diff_signal_1700_volume, not yet time (every 5m)
2025-05-07 16:33:00 - DEBUG - [_process_strategies] [N/A] ⏱ Skipping VWAP_diff_signal_1700, not yet time (every 5m)
2025-05-07 16:33:00 - DEBUG - [_process_strategies] [N/A] ⏱ Skipping EMA_Cross_ema50, not yet time (every 5m)
2025-05-07 16:33:00 - DEBUG - [_process_strategies] [N/A] ⏱ Skipping SMA_Cross_sma50, not yet time (every 5m)
2025-05-07 16:33:00 - DEBUG - [_process_strategies] [N/A] ⏱ Skipping SMA_Cross_candle, not yet time (every 5m)
2025-05-07 16:33:00 - DEBUG - [_process_strategies] [N/A] ⏱ Skipping EMA_Cross_candle, not yet time (every 5m)
2025-05-07 16:33:00 - INFO - [_update_active_orders_and_telegram] [N/A] 📊 Updating SL/TP for active orders
2025-05-07 16:33:01 - INFO - [_wait_until_next_iteration] [N/A] ⏳ Sleeping for 58.98 seconds before the next cycle
2025-05-07 16:34:00 - DEBUG - [_process_strategies] [N/A] ⏱ Skipping VWAP_diff_signal_rsi_1700, not yet time (every 5m)
2025-05-07 16:34:00 - DEBUG - [_process_strategies] [N/A] ⏱ Skipping VWAP_diff_signal_1700_volume, not yet time (every 5m)
2025-05-07 16:34:00 - DEBUG - [_process_strategies] [N/A] ⏱ Skipping VWAP_diff_signal_1700, not yet time (every 5m)
2025-05-07 16:34:00 - DEBUG - [_process_strategies] [N/A] ⏱ Skipping EMA_Cross_ema50, not yet time (every 5m)
2025-05-07 16:34:00 - DEBUG - [_process_strategies] [N/A] ⏱ Skipping SMA_Cross_sma50, not yet time (every 5m)
2025-05-07 16:34:00 - DEBUG - [_process_strategies] [N/A] ⏱ Skipping SMA_Cross_candle, not yet time (every 5m)
2025-05-07 16:34:00 - DEBUG - [_process_strategies] [N/A] ⏱ Skipping EMA_Cross_candle, not yet time (every 5m)
2025-05-07 16:34:00 - INFO - [_update_active_orders_and_telegram] [N/A] 📊 Updating SL/TP for active orders
2025-05-07 16:34:01 - INFO - [_wait_until_next_iteration] [N/A] ⏳ Sleeping for 58.93 seconds before the next cycle
2025-05-07 16:35:00 - INFO - [_run_strategy_if_applicable] [N/A] ⏰ Strategy 'VWAP_diff_signal_rsi_1700' not executed because it's outside the time window: 17:30:00 - 19:00:00
2025-05-07 16:35:00 - INFO - [_run_strategy_if_applicable] [N/A] ⏰ Strategy 'VWAP_diff_signal_1700_volume' not executed because it's outside the time window: 17:30:00 - 19:00:00
2025-05-07 16:35:00 - INFO - [_run_strategy_if_applicable] [N/A] ⏰ Strategy 'VWAP_diff_signal_1700' not executed because it's outside the time window: 17:30:00 - 19:00:00
2025-05-07 16:35:00 - INFO - [_run_strategy_if_applicable] [N/A] 🔄 Starting trading loop for strategy: EMA_Cross_ema50
2025-05-07 16:35:00 - INFO - [get_stock_data] [CFG] Requesting data for CFG
2025-05-07 16:35:01 - INFO - [get_stock_data] [CFG] Data received for CFG: 79 rows
2025-05-07 16:35:01 - INFO - [check_ema_cross_ema50] [CFG] Analyzing EMA signals for CFG
2025-05-07 16:35:01 - INFO - [check_ema_cross_ema50] [CFG] EMA9: 38.36767003149578, EMA21: 38.39817104093729, EMA50: 38.39171334054357 | Prev EMA9: 38.41208753936972, EMA21: 38.41898814503102
2025-05-07 16:35:01 - DEBUG - [check_ema_cross_ema50] [CFG] No signal detected
2025-05-07 16:35:01 - INFO - [_process_ticker] [CFG] ℹ️ No valid signal for CFG
2025-05-07 16:35:01 - INFO - [get_stock_data] [CZR] Requesting data for CZR
2025-05-07 16:35:03 - INFO - [get_stock_data] [CZR] Data received for CZR: 79 rows
2025-05-07 16:35:03 - INFO - [check_ema_cross_ema50] [CZR] Analyzing EMA signals for CZR
2025-05-07 16:35:03 - INFO - [check_ema_cross_ema50] [CZR] EMA9: 26.841187748979703, EMA21: 26.826557544783665, EMA50: 26.86700665524928 | Prev EMA9: 26.838984686224627, EMA21: 26.82421329926203
2025-05-07 16:35:03 - DEBUG - [check_ema_cross_ema50] [CZR] No signal detected
2025-05-07 16:35:03 - INFO - [_process_ticker] [CZR] ℹ️ No valid signal for CZR
2025-05-07 16:35:03 - INFO - [get_stock_data] [GEN] Requesting data for GEN
2025-05-07 16:35:04 - INFO - [get_stock_data] [GEN] Data received for GEN: 79 rows
2025-05-07 16:35:04 - INFO - [check_ema_cross_ema50] [GEN] Analyzing EMA signals for GEN
2025-05-07 16:35:04 - INFO - [check_ema_cross_ema50] [GEN] EMA9: 25.726604113608133, EMA21: 25.733217867761066, EMA50: 25.74309216677784 | Prev EMA9: 25.733255142010165, EMA21: 25.736539654537175
2025-05-07 16:35:04 - DEBUG - [check_ema_cross_ema50] [GEN] No signal detected
2025-05-07 16:35:04 - INFO - [_process_ticker] [GEN] ℹ️ No valid signal for GEN
2025-05-07 16:35:04 - INFO - [get_stock_data] [PARA] Requesting data for PARA
2025-05-07 16:35:05 - INFO - [get_stock_data] [PARA] Data received for PARA: 79 rows
2025-05-07 16:35:05 - INFO - [check_ema_cross_ema50] [PARA] Analyzing EMA signals for PARA
2025-05-07 16:35:05 - INFO - [check_ema_cross_ema50] [PARA] EMA9: 11.471465657320019, EMA21: 11.441275723296917, EMA50: 11.38634134741591 | Prev EMA9: 11.464332071650022, EMA21: 11.435403295626609
2025-05-07 16:35:05 - DEBUG - [check_ema_cross_ema50] [PARA] No signal detected
2025-05-07 16:35:05 - INFO - [_process_ticker] [PARA] ℹ️ No valid signal for PARA
2025-05-07 16:35:05 - INFO - [get_stock_data] [PPL] Requesting data for PPL
2025-05-07 16:35:06 - INFO - [get_stock_data] [PPL] Data received for PPL: 80 rows
2025-05-07 16:35:06 - INFO - [check_ema_cross_ema50] [PPL] Analyzing EMA signals for PPL
2025-05-07 16:35:06 - INFO - [check_ema_cross_ema50] [PPL] EMA9: 36.2346653597411, EMA21: 36.2710793156015, EMA50: 36.27350011306833 | Prev EMA9: 36.24583169967637, EMA21: 36.27918724716165
2025-05-07 16:35:06 - DEBUG - [check_ema_cross_ema50] [PPL] No signal detected
2025-05-07 16:35:06 - INFO - [_process_ticker] [PPL] ℹ️ No valid signal for PPL
2025-05-07 16:35:06 - INFO - [get_stock_data] [TFC] Requesting data for TFC
2025-05-07 16:35:08 - INFO - [get_stock_data] [TFC] Data received for TFC: 80 rows
2025-05-07 16:35:08 - INFO - [check_ema_cross_ema50] [TFC] Analyzing EMA signals for TFC
2025-05-07 16:35:08 - INFO - [check_ema_cross_ema50] [TFC] EMA9: 39.19325796219551, EMA21: 39.24877952731497, EMA50: 39.243403081708266 | Prev EMA9: 39.186572452744386, EMA21: 39.251657480046475
2025-05-07 16:35:08 - DEBUG - [check_ema_cross_ema50] [TFC] No signal detected
2025-05-07 16:35:08 - INFO - [_process_ticker] [TFC] ℹ️ No valid signal for TFC
2025-05-07 16:35:08 - INFO - [get_stock_data] [WBD] Requesting data for WBD
2025-05-07 16:35:09 - INFO - [get_stock_data] [WBD] Data received for WBD: 80 rows
2025-05-07 16:35:09 - INFO - [check_ema_cross_ema50] [WBD] Analyzing EMA signals for WBD
2025-05-07 16:35:09 - INFO - [check_ema_cross_ema50] [WBD] EMA9: 8.435271060135126, EMA21: 8.398404059967323, EMA50: 8.374931148486679 | Prev EMA9: 8.399088825168905, EMA21: 8.380244465964056
2025-05-07 16:35:09 - DEBUG - [check_ema_cross_ema50] [WBD] No signal detected
2025-05-07 16:35:09 - INFO - [_process_ticker] [WBD] ℹ️ No valid signal for WBD
2025-05-07 16:35:09 - INFO - [_run_strategy_if_applicable] [N/A] 🔄 Starting trading loop for strategy: SMA_Cross_sma50
2025-05-07 16:35:09 - INFO - [get_stock_data] [FITB] Requesting data for FITB
2025-05-07 16:35:11 - INFO - [get_stock_data] [FITB] Data received for FITB: 80 rows
2025-05-07 16:35:11 - INFO - [check_sma_cross_sma50] [FITB] Analyzing SMA signals for FITB
2025-05-07 16:35:11 - INFO - [check_sma_cross_sma50] [FITB] SMA5: 36.760000000000005, SMA20: 36.8405, SMA50: 36.864399999999996 | Prev SMA5: 36.772000000000006, SMA20: 36.846500000000006
2025-05-07 16:35:11 - DEBUG - [check_sma_cross_sma50] [FITB] No signal detected
2025-05-07 16:35:11 - INFO - [_process_ticker] [FITB] ℹ️ No valid signal for FITB
2025-05-07 16:35:11 - INFO - [get_stock_data] [HPQ] Requesting data for HPQ
2025-05-07 16:35:13 - INFO - [get_stock_data] [HPQ] Data received for HPQ: 80 rows
2025-05-07 16:35:13 - INFO - [check_sma_cross_sma50] [HPQ] Analyzing SMA signals for HPQ
2025-05-07 16:35:13 - INFO - [check_sma_cross_sma50] [HPQ] SMA5: 25.65, SMA20: 25.7385, SMA50: 25.725 | Prev SMA5: 25.695999999999998, SMA20: 25.746999999999996
2025-05-07 16:35:13 - DEBUG - [check_sma_cross_sma50] [HPQ] No signal detected
2025-05-07 16:35:13 - INFO - [_process_ticker] [HPQ] ℹ️ No valid signal for HPQ
2025-05-07 16:35:13 - INFO - [get_stock_data] [IPG] Requesting data for IPG
2025-05-07 16:35:14 - INFO - [get_stock_data] [IPG] Data received for IPG: 80 rows
2025-05-07 16:35:14 - INFO - [check_sma_cross_sma50] [IPG] Analyzing SMA signals for IPG
2025-05-07 16:35:14 - INFO - [check_sma_cross_sma50] [IPG] SMA5: 25.066000000000003, SMA20: 25.069, SMA50: 25.075599999999998 | Prev SMA5: 25.058, SMA20: 25.067999999999998
2025-05-07 16:35:14 - DEBUG - [check_sma_cross_sma50] [IPG] No signal detected
2025-05-07 16:35:14 - INFO - [_process_ticker] [IPG] ℹ️ No valid signal for IPG
2025-05-07 16:35:14 - INFO - [get_stock_data] [LVS] Requesting data for LVS
2025-05-07 16:35:15 - INFO - [get_stock_data] [LVS] Data received for LVS: 80 rows
2025-05-07 16:35:15 - INFO - [check_sma_cross_sma50] [LVS] Analyzing SMA signals for LVS
2025-05-07 16:35:15 - INFO - [check_sma_cross_sma50] [LVS] SMA5: 39.032, SMA20: 38.942499999999995, SMA50: 38.8364 | Prev SMA5: 38.924, SMA20: 38.919
2025-05-07 16:35:15 - DEBUG - [check_sma_cross_sma50] [LVS] No signal detected
2025-05-07 16:35:15 - INFO - [_process_ticker] [LVS] ℹ️ No valid signal for LVS
2025-05-07 16:35:15 - INFO - [get_stock_data] [NCLH] Requesting data for NCLH
2025-05-07 16:35:17 - INFO - [get_stock_data] [NCLH] Data received for NCLH: 80 rows
2025-05-07 16:35:17 - INFO - [check_sma_cross_sma50] [NCLH] Analyzing SMA signals for NCLH
2025-05-07 16:35:17 - INFO - [check_sma_cross_sma50] [NCLH] SMA5: 17.304000000000002, SMA20: 17.315, SMA50: 17.2932 | Prev SMA5: 17.286, SMA20: 17.3135
2025-05-07 16:35:17 - DEBUG - [check_sma_cross_sma50] [NCLH] No signal detected
2025-05-07 16:35:17 - INFO - [_process_ticker] [NCLH] ℹ️ No valid signal for NCLH
2025-05-07 16:35:17 - INFO - [get_stock_data] [NWSA] Requesting data for NWSA
2025-05-07 16:35:18 - INFO - [get_stock_data] [NWSA] Data received for NWSA: 80 rows
2025-05-07 16:35:18 - INFO - [check_sma_cross_sma50] [NWSA] Analyzing SMA signals for NWSA
2025-05-07 16:35:18 - INFO - [check_sma_cross_sma50] [NWSA] SMA5: 27.865999999999996, SMA20: 27.807499999999997, SMA50: 27.759 | Prev SMA5: 27.826, SMA20: 27.796
2025-05-07 16:35:18 - DEBUG - [check_sma_cross_sma50] [NWSA] No signal detected
2025-05-07 16:35:18 - INFO - [_process_ticker] [NWSA] ℹ️ No valid signal for NWSA
2025-05-07 16:35:18 - INFO - [_run_strategy_if_applicable] [N/A] 🔄 Starting trading loop for strategy: SMA_Cross_candle
2025-05-07 16:35:18 - INFO - [get_stock_data] [DVN] Requesting data for DVN
2025-05-07 16:35:19 - INFO - [get_stock_data] [DVN] Data received for DVN: 80 rows
2025-05-07 16:35:19 - INFO - [check_sma_cross_candle] [DVN] Analyzing SMA signals for DVN
2025-05-07 16:35:19 - INFO - [check_sma_cross_candle] [DVN] SMA5: 30.516, SMA20: 30.75 | Prev SMA5: 30.636000000000003, SMA20: 30.7815 | Candle direction: bearish
2025-05-07 16:35:19 - DEBUG - [check_sma_cross_candle] [DVN] No signal detected
2025-05-07 16:35:19 - INFO - [_process_ticker] [DVN] ℹ️ No valid signal for DVN
2025-05-07 16:35:19 - INFO - [get_stock_data] [LUV] Requesting data for LUV
2025-05-07 16:35:21 - INFO - [get_stock_data] [LUV] Data received for LUV: 80 rows
2025-05-07 16:35:21 - INFO - [check_sma_cross_candle] [LUV] Analyzing SMA signals for LUV
2025-05-07 16:35:21 - INFO - [check_sma_cross_candle] [LUV] SMA5: 29.85, SMA20: 29.966 | Prev SMA5: 29.881999999999998, SMA20: 29.976999999999997 | Candle direction: bearish
2025-05-07 16:35:21 - DEBUG - [check_sma_cross_candle] [LUV] No signal detected
2025-05-07 16:35:21 - INFO - [_process_ticker] [LUV] ℹ️ No valid signal for LUV
2025-05-07 16:35:21 - INFO - [get_stock_data] [NI] Requesting data for NI
2025-05-07 16:35:22 - INFO - [get_stock_data] [NI] Data received for NI: 80 rows
2025-05-07 16:35:22 - INFO - [check_sma_cross_candle] [NI] Analyzing SMA signals for NI
2025-05-07 16:35:22 - INFO - [check_sma_cross_candle] [NI] SMA5: 39.384, SMA20: 39.451499999999996 | Prev SMA5: 39.392, SMA20: 39.454 | Candle direction: bearish
2025-05-07 16:35:22 - DEBUG - [check_sma_cross_candle] [NI] No signal detected
2025-05-07 16:35:22 - INFO - [_process_ticker] [NI] ℹ️ No valid signal for NI
2025-05-07 16:35:22 - INFO - [get_stock_data] [WBD] Requesting data for WBD
2025-05-07 16:35:23 - INFO - [get_stock_data] [WBD] Data received for WBD: 80 rows
2025-05-07 16:35:23 - INFO - [check_sma_cross_candle] [WBD] Analyzing SMA signals for WBD
2025-05-07 16:35:23 - INFO - [check_sma_cross_candle] [WBD] SMA5: 8.48, SMA20: 8.3995 | Prev SMA5: 8.446000000000002, SMA20: 8.388 | Candle direction: bearish
2025-05-07 16:35:23 - DEBUG - [check_sma_cross_candle] [WBD] No signal detected
2025-05-07 16:35:23 - INFO - [_process_ticker] [WBD] ℹ️ No valid signal for WBD
2025-05-07 16:35:23 - INFO - [_run_strategy_if_applicable] [N/A] 🔄 Starting trading loop for strategy: EMA_Cross_candle
2025-05-07 16:35:23 - INFO - [get_stock_data] [BAX] Requesting data for BAX
2025-05-07 16:35:24 - INFO - [get_stock_data] [BAX] Data received for BAX: 80 rows
2025-05-07 16:35:24 - INFO - [check_ema_cross_candle] [BAX] Analyzing EMA signals for BAX
2025-05-07 16:35:24 - INFO - [check_ema_cross_candle] [BAX] EMA9: 30.039931375543876, EMA21: 30.036948153994825 | Prev EMA9: 30.024914219429842, EMA21: 30.030642969394307 | Candle: bearish
2025-05-07 16:35:24 - DEBUG - [check_ema_cross_candle] [BAX] No signal detected
2025-05-07 16:35:24 - INFO - [_process_ticker] [BAX] ℹ️ No valid signal for BAX
2025-05-07 16:35:24 - INFO - [get_stock_data] [CTRA] Requesting data for CTRA
2025-05-07 16:35:25 - INFO - [get_stock_data] [CTRA] Data received for CTRA: 80 rows
2025-05-07 16:35:25 - INFO - [check_ema_cross_candle] [CTRA] Analyzing EMA signals for CTRA
2025-05-07 16:35:25 - INFO - [check_ema_cross_candle] [CTRA] EMA9: 23.104932409012868, EMA21: 23.075921995700824 | Prev EMA9: 23.08366551126608, EMA21: 23.064514195270906 | Candle: bearish
2025-05-07 16:35:25 - DEBUG - [check_ema_cross_candle] [CTRA] No signal detected
2025-05-07 16:35:25 - INFO - [_process_ticker] [CTRA] ℹ️ No valid signal for CTRA
2025-05-07 16:35:25 - INFO - [get_stock_data] [EXC] Requesting data for EXC
2025-05-07 16:35:27 - INFO - [get_stock_data] [EXC] Data received for EXC: 80 rows
2025-05-07 16:35:27 - INFO - [check_ema_cross_candle] [EXC] Analyzing EMA signals for EXC
2025-05-07 16:35:27 - INFO - [check_ema_cross_candle] [EXC] EMA9: 46.329022539350944, EMA21: 46.364886406268425 | Prev EMA9: 46.34127817418868, EMA21: 46.37337504689527 | Candle: bullish
2025-05-07 16:35:27 - DEBUG - [check_ema_cross_candle] [EXC] No signal detected
2025-05-07 16:35:27 - INFO - [_process_ticker] [EXC] ℹ️ No valid signal for EXC
2025-05-07 16:35:27 - INFO - [get_stock_data] [FITB] Requesting data for FITB
2025-05-07 16:35:27 - INFO - [get_stock_data] [FITB] Data received for FITB: 80 rows
2025-05-07 16:35:27 - INFO - [check_ema_cross_candle] [FITB] Analyzing EMA signals for FITB
2025-05-07 16:35:27 - INFO - [check_ema_cross_candle] [FITB] EMA9: 36.78972183879472, EMA21: 36.81987701793072 | Prev EMA9: 36.7921522984934, EMA21: 36.823864719723794 | Candle: bearish
2025-05-07 16:35:27 - DEBUG - [check_ema_cross_candle] [FITB] No signal detected
2025-05-07 16:35:27 - INFO - [_process_ticker] [FITB] ℹ️ No valid signal for FITB
2025-05-07 16:35:27 - INFO - [get_stock_data] [KMI] Requesting data for KMI
2025-05-07 16:35:29 - INFO - [get_stock_data] [KMI] Data received for KMI: 80 rows
2025-05-07 16:35:29 - INFO - [check_ema_cross_candle] [KMI] Analyzing EMA signals for KMI
2025-05-07 16:35:29 - INFO - [check_ema_cross_candle] [KMI] EMA9: 27.28929643929173, EMA21: 27.240645029814804 | Prev EMA9: 27.284120549114657, EMA21: 27.233709532796283 | Candle: bearish
2025-05-07 16:35:29 - DEBUG - [check_ema_cross_candle] [KMI] No signal detected
2025-05-07 16:35:29 - INFO - [_process_ticker] [KMI] ℹ️ No valid signal for KMI
2025-05-07 16:35:29 - INFO - [get_stock_data] [UDR] Requesting data for UDR
2025-05-07 16:35:31 - INFO - [get_stock_data] [UDR] Data received for UDR: 80 rows
2025-05-07 16:35:31 - INFO - [check_ema_cross_candle] [UDR] Analyzing EMA signals for UDR
2025-05-07 16:35:31 - INFO - [check_ema_cross_candle] [UDR] EMA9: 42.88953875555444, EMA21: 42.87101018857858 | Prev EMA9: 42.88692344444305, EMA21: 42.86811120743644 | Candle: bearish
2025-05-07 16:35:31 - DEBUG - [check_ema_cross_candle] [UDR] No signal detected
2025-05-07 16:35:31 - INFO - [_process_ticker] [UDR] ℹ️ No valid signal for UDR
2025-05-07 16:35:31 - INFO - [_update_active_orders_and_telegram] [N/A] 📊 Updating SL/TP for active orders
2025-05-07 16:35:32 - INFO - [_wait_until_next_iteration] [N/A] ⏳ Sleeping for 27.32 seconds before the next cycle
2025-05-07 16:36:00 - DEBUG - [_process_strategies] [N/A] ⏱ Skipping VWAP_diff_signal_rsi_1700, not yet time (every 5m)
2025-05-07 16:36:00 - DEBUG - [_process_strategies] [N/A] ⏱ Skipping VWAP_diff_signal_1700_volume, not yet time (every 5m)
2025-05-07 16:36:00 - DEBUG - [_process_strategies] [N/A] ⏱ Skipping VWAP_diff_signal_1700, not yet time (every 5m)
2025-05-07 16:36:00 - DEBUG - [_process_strategies] [N/A] ⏱ Skipping EMA_Cross_ema50, not yet time (every 5m)
2025-05-07 16:36:00 - DEBUG - [_process_strategies] [N/A] ⏱ Skipping SMA_Cross_sma50, not yet time (every 5m)
2025-05-07 16:36:00 - DEBUG - [_process_strategies] [N/A] ⏱ Skipping SMA_Cross_candle, not yet time (every 5m)
2025-05-07 16:36:00 - DEBUG - [_process_strategies] [N/A] ⏱ Skipping EMA_Cross_candle, not yet time (every 5m)
2025-05-07 16:36:00 - INFO - [_update_active_orders_and_telegram] [N/A] 📊 Updating SL/TP for active orders
2025-05-07 16:36:01 - INFO - [_wait_until_next_iteration] [N/A] ⏳ Sleeping for 58.96 seconds before the next cycle
2025-05-07 16:37:00 - DEBUG - [_process_strategies] [N/A] ⏱ Skipping VWAP_diff_signal_rsi_1700, not yet time (every 5m)
2025-05-07 16:37:00 - DEBUG - [_process_strategies] [N/A] ⏱ Skipping VWAP_diff_signal_1700_volume, not yet time (every 5m)
2025-05-07 16:37:00 - DEBUG - [_process_strategies] [N/A] ⏱ Skipping VWAP_diff_signal_1700, not yet time (every 5m)
2025-05-07 16:37:00 - DEBUG - [_process_strategies] [N/A] ⏱ Skipping EMA_Cross_ema50, not yet time (every 5m)
2025-05-07 16:37:00 - DEBUG - [_process_strategies] [N/A] ⏱ Skipping SMA_Cross_sma50, not yet time (every 5m)
2025-05-07 16:37:00 - DEBUG - [_process_strategies] [N/A] ⏱ Skipping SMA_Cross_candle, not yet time (every 5m)
2025-05-07 16:37:00 - DEBUG - [_process_strategies] [N/A] ⏱ Skipping EMA_Cross_candle, not yet time (every 5m)
2025-05-07 16:37:00 - INFO - [_update_active_orders_and_telegram] [N/A] 📊 Updating SL/TP for active orders
2025-05-07 16:37:01 - INFO - [_wait_until_next_iteration] [N/A] ⏳ Sleeping for 58.93 seconds before the next cycle
2025-05-07 16:38:00 - DEBUG - [_process_strategies] [N/A] ⏱ Skipping VWAP_diff_signal_rsi_1700, not yet time (every 5m)
2025-05-07 16:38:00 - DEBUG - [_process_strategies] [N/A] ⏱ Skipping VWAP_diff_signal_1700_volume, not yet time (every 5m)
2025-05-07 16:38:00 - DEBUG - [_process_strategies] [N/A] ⏱ Skipping VWAP_diff_signal_1700, not yet time (every 5m)
2025-05-07 16:38:00 - DEBUG - [_process_strategies] [N/A] ⏱ Skipping EMA_Cross_ema50, not yet time (every 5m)
2025-05-07 16:38:00 - DEBUG - [_process_strategies] [N/A] ⏱ Skipping SMA_Cross_sma50, not yet time (every 5m)
2025-05-07 16:38:00 - DEBUG - [_process_strategies] [N/A] ⏱ Skipping SMA_Cross_candle, not yet time (every 5m)
2025-05-07 16:38:00 - DEBUG - [_process_strategies] [N/A] ⏱ Skipping EMA_Cross_candle, not yet time (every 5m)
2025-05-07 16:38:00 - INFO - [_update_active_orders_and_telegram] [N/A] 📊 Updating SL/TP for active orders
2025-05-07 16:38:01 - INFO - [_wait_until_next_iteration] [N/A] ⏳ Sleeping for 58.93 seconds before the next cycle
2025-05-07 16:39:00 - DEBUG - [_process_strategies] [N/A] ⏱ Skipping VWAP_diff_signal_rsi_1700, not yet time (every 5m)
2025-05-07 16:39:00 - DEBUG - [_process_strategies] [N/A] ⏱ Skipping VWAP_diff_signal_1700_volume, not yet time (every 5m)
2025-05-07 16:39:00 - DEBUG - [_process_strategies] [N/A] ⏱ Skipping VWAP_diff_signal_1700, not yet time (every 5m)
2025-05-07 16:39:00 - DEBUG - [_process_strategies] [N/A] ⏱ Skipping EMA_Cross_ema50, not yet time (every 5m)
2025-05-07 16:39:00 - DEBUG - [_process_strategies] [N/A] ⏱ Skipping SMA_Cross_sma50, not yet time (every 5m)
2025-05-07 16:39:00 - DEBUG - [_process_strategies] [N/A] ⏱ Skipping SMA_Cross_candle, not yet time (every 5m)
2025-05-07 16:39:00 - DEBUG - [_process_strategies] [N/A] ⏱ Skipping EMA_Cross_candle, not yet time (every 5m)
2025-05-07 16:39:00 - INFO - [_update_active_orders_and_telegram] [N/A] 📊 Updating SL/TP for active orders
2025-05-07 16:39:01 - INFO - [_wait_until_next_iteration] [N/A] ⏳ Sleeping for 58.94 seconds before the next cycle
2025-05-07 16:40:00 - INFO - [_run_strategy_if_applicable] [N/A] ⏰ Strategy 'VWAP_diff_signal_rsi_1700' not executed because it's outside the time window: 17:30:00 - 19:00:00
2025-05-07 16:40:00 - INFO - [_run_strategy_if_applicable] [N/A] ⏰ Strategy 'VWAP_diff_signal_1700_volume' not executed because it's outside the time window: 17:30:00 - 19:00:00
2025-05-07 16:40:00 - INFO - [_run_strategy_if_applicable] [N/A] ⏰ Strategy 'VWAP_diff_signal_1700' not executed because it's outside the time window: 17:30:00 - 19:00:00
2025-05-07 16:40:00 - INFO - [_run_strategy_if_applicable] [N/A] 🔄 Starting trading loop for strategy: EMA_Cross_ema50
2025-05-07 16:40:00 - INFO - [get_stock_data] [CFG] Requesting data for CFG
2025-05-07 16:40:00 - INFO - [get_stock_data] [CFG] Data received for CFG: 80 rows
2025-05-07 16:40:00 - INFO - [check_ema_cross_ema50] [CFG] Analyzing EMA signals for CFG
2025-05-07 16:40:00 - INFO - [check_ema_cross_ema50] [CFG] EMA9: 38.39213602519662, EMA21: 38.40651912812481, EMA50: 38.39556771934578 | Prev EMA9: 38.36767003149578, EMA21: 38.39817104093729
2025-05-07 16:40:00 - DEBUG - [check_ema_cross_ema50] [CFG] No signal detected
2025-05-07 16:40:00 - INFO - [_process_ticker] [CFG] ℹ️ No valid signal for CFG
2025-05-07 16:40:00 - INFO - [get_stock_data] [CZR] Requesting data for CZR
2025-05-07 16:40:01 - INFO - [get_stock_data] [CZR] Data received for CZR: 80 rows
2025-05-07 16:40:01 - INFO - [check_ema_cross_ema50] [CZR] Analyzing EMA signals for CZR
2025-05-07 16:40:01 - INFO - [check_ema_cross_ema50] [CZR] EMA9: 26.878950199183762, EMA21: 26.845052313439695, EMA50: 26.873398551121856 | Prev EMA9: 26.841187748979703, EMA21: 26.826557544783665
2025-05-07 16:40:01 - DEBUG - [check_ema_cross_ema50] [CZR] No signal detected
2025-05-07 16:40:01 - INFO - [_process_ticker] [CZR] ℹ️ No valid signal for CZR
2025-05-07 16:40:01 - INFO - [get_stock_data] [GEN] Requesting data for GEN
2025-05-07 16:40:02 - INFO - [get_stock_data] [GEN] Data received for GEN: 80 rows
2025-05-07 16:40:02 - INFO - [check_ema_cross_ema50] [GEN] Analyzing EMA signals for GEN
2025-05-07 16:40:02 - INFO - [check_ema_cross_ema50] [GEN] EMA9: 26.043283290886507, EMA21: 25.876561697964608, EMA50: 25.80453953278655 | Prev EMA9: 25.726604113608133, EMA21: 25.733217867761066
2025-05-07 16:40:02 - INFO - [check_ema_cross_ema50] [GEN] ✅ BUY signal at 27.32, (SL: 27.12876, TP: 27.70248 will be calculated externally)
2025-05-07 16:40:02 - INFO - [place_order] [GEN] Placing MARKET order for GEN: 180 shares
2025-05-07 16:40:02 - INFO - [_place_trade_and_register] [GEN] ✅ Order BUY for GEN placed with ID 56
2025-05-07 16:40:02 - INFO - [get_stock_data] [PARA] Requesting data for PARA
2025-05-07 16:40:03 - INFO - [get_stock_data] [PARA] Data received for PARA: 80 rows
2025-05-07 16:40:03 - INFO - [check_ema_cross_ema50] [PARA] Analyzing EMA signals for PARA
2025-05-07 16:40:03 - INFO - [check_ema_cross_ema50] [PARA] EMA9: 11.491172525856015, EMA21: 11.452977930269924, EMA50: 11.393543647517246 | Prev EMA9: 11.471465657320019, EMA21: 11.441275723296917
2025-05-07 16:40:03 - DEBUG - [check_ema_cross_ema50] [PARA] No signal detected
2025-05-07 16:40:03 - INFO - [_process_ticker] [PARA] ℹ️ No valid signal for PARA
2025-05-07 16:40:03 - INFO - [get_stock_data] [PPL] Requesting data for PPL
2025-05-07 16:40:04 - INFO - [get_stock_data] [PPL] Data received for PPL: 80 rows
2025-05-07 16:40:04 - INFO - [check_ema_cross_ema50] [PPL] Analyzing EMA signals for PPL
2025-05-07 16:40:04 - INFO - [check_ema_cross_ema50] [PPL] EMA9: 36.2346653597411, EMA21: 36.2710793156015, EMA50: 36.27350011306833 | Prev EMA9: 36.24583169967637, EMA21: 36.27918724716165
2025-05-07 16:40:04 - DEBUG - [check_ema_cross_ema50] [PPL] No signal detected
2025-05-07 16:40:04 - INFO - [_process_ticker] [PPL] ℹ️ No valid signal for PPL
2025-05-07 16:40:04 - INFO - [get_stock_data] [TFC] Requesting data for TFC
2025-05-07 16:40:04 - INFO - [get_stock_data] [TFC] Data received for TFC: 80 rows
2025-05-07 16:40:04 - INFO - [check_ema_cross_ema50] [TFC] Analyzing EMA signals for TFC
2025-05-07 16:40:04 - INFO - [check_ema_cross_ema50] [TFC] EMA9: 39.19325796219551, EMA21: 39.24877952731497, EMA50: 39.243403081708266 | Prev EMA9: 39.186572452744386, EMA21: 39.251657480046475
2025-05-07 16:40:04 - DEBUG - [check_ema_cross_ema50] [TFC] No signal detected
2025-05-07 16:40:04 - INFO - [_process_ticker] [TFC] ℹ️ No valid signal for TFC
2025-05-07 16:40:04 - INFO - [get_stock_data] [WBD] Requesting data for WBD
2025-05-07 16:40:05 - INFO - [get_stock_data] [WBD] Data received for WBD: 80 rows
2025-05-07 16:40:05 - INFO - [check_ema_cross_ema50] [WBD] Analyzing EMA signals for WBD
2025-05-07 16:40:05 - INFO - [check_ema_cross_ema50] [WBD] EMA9: 8.435271060135126, EMA21: 8.398404059967323, EMA50: 8.374931148486679 | Prev EMA9: 8.399088825168905, EMA21: 8.380244465964056
2025-05-07 16:40:05 - DEBUG - [check_ema_cross_ema50] [WBD] No signal detected
2025-05-07 16:40:05 - INFO - [_process_ticker] [WBD] ℹ️ No valid signal for WBD
2025-05-07 16:40:05 - INFO - [_run_strategy_if_applicable] [N/A] 🔄 Starting trading loop for strategy: SMA_Cross_sma50
2025-05-07 16:40:05 - INFO - [get_stock_data] [FITB] Requesting data for FITB
2025-05-07 16:40:06 - INFO - [get_stock_data] [FITB] Data received for FITB: 81 rows
2025-05-07 16:40:06 - INFO - [check_sma_cross_sma50] [FITB] Analyzing SMA signals for FITB
2025-05-07 16:40:06 - INFO - [check_sma_cross_sma50] [FITB] SMA5: 36.812, SMA20: 36.851, SMA50: 36.867 | Prev SMA5: 36.792, SMA20: 36.848499999999994
2025-05-07 16:40:06 - DEBUG - [check_sma_cross_sma50] [FITB] No signal detected
2025-05-07 16:40:06 - INFO - [_process_ticker] [FITB] ℹ️ No valid signal for FITB
2025-05-07 16:40:06 - INFO - [get_stock_data] [HPQ] Requesting data for HPQ
2025-05-07 16:40:07 - INFO - [get_stock_data] [HPQ] Data received for HPQ: 81 rows
2025-05-07 16:40:07 - INFO - [check_sma_cross_sma50] [HPQ] Analyzing SMA signals for HPQ
2025-05-07 16:40:07 - INFO - [check_sma_cross_sma50] [HPQ] SMA5: 25.648000000000003, SMA20: 25.740000000000002, SMA50: 25.725 | Prev SMA5: 25.669999999999998, SMA20: 25.7435
2025-05-07 16:40:07 - DEBUG - [check_sma_cross_sma50] [HPQ] No signal detected
2025-05-07 16:40:07 - INFO - [_process_ticker] [HPQ] ℹ️ No valid signal for HPQ
2025-05-07 16:40:07 - INFO - [get_stock_data] [IPG] Requesting data for IPG
2025-05-07 16:40:07 - INFO - [get_stock_data] [IPG] Data received for IPG: 81 rows
2025-05-07 16:40:07 - INFO - [check_sma_cross_sma50] [IPG] Analyzing SMA signals for IPG
2025-05-07 16:40:07 - INFO - [check_sma_cross_sma50] [IPG] SMA5: 25.044, SMA20: 25.064, SMA50: 25.0724 | Prev SMA5: 25.056, SMA20: 25.066499999999998
2025-05-07 16:40:07 - DEBUG - [check_sma_cross_sma50] [IPG] No signal detected
2025-05-07 16:40:07 - INFO - [_process_ticker] [IPG] ℹ️ No valid signal for IPG
2025-05-07 16:40:07 - INFO - [get_stock_data] [LVS] Requesting data for LVS
2025-05-07 16:40:08 - INFO - [get_stock_data] [LVS] Data received for LVS: 81 rows
2025-05-07 16:40:08 - INFO - [check_sma_cross_sma50] [LVS] Analyzing SMA signals for LVS
2025-05-07 16:40:08 - INFO - [check_sma_cross_sma50] [LVS] SMA5: 39.08, SMA20: 38.9505, SMA50: 38.842000000000006 | Prev SMA5: 39.007999999999996, SMA20: 38.9365
2025-05-07 16:40:08 - DEBUG - [check_sma_cross_sma50] [LVS] No signal detected
2025-05-07 16:40:08 - INFO - [_process_ticker] [LVS] ℹ️ No valid signal for LVS
2025-05-07 16:40:08 - INFO - [get_stock_data] [NCLH] Requesting data for NCLH
2025-05-07 16:40:09 - INFO - [get_stock_data] [NCLH] Data received for NCLH: 81 rows
2025-05-07 16:40:09 - INFO - [check_sma_cross_sma50] [NCLH] Analyzing SMA signals for NCLH
2025-05-07 16:40:09 - INFO - [check_sma_cross_sma50] [NCLH] SMA5: 17.322, SMA20: 17.318, SMA50: 17.293400000000002 | Prev SMA5: 17.304000000000002, SMA20: 17.315
2025-05-07 16:40:09 - INFO - [check_sma_cross_sma50] [NCLH] ✅ BUY signal at 17.36, (SL: 17.23848, TP: 17.60304 will be calculated externally)
2025-05-07 16:40:09 - INFO - [place_order] [NCLH] Placing MARKET order for NCLH: 288 shares
2025-05-07 16:40:09 - INFO - [_place_trade_and_register] [NCLH] ✅ Order BUY for NCLH placed with ID 76
2025-05-07 16:40:09 - INFO - [get_stock_data] [NWSA] Requesting data for NWSA
2025-05-07 16:40:09 - INFO - [get_stock_data] [NWSA] Data received for NWSA: 81 rows
2025-05-07 16:40:09 - INFO - [check_sma_cross_sma50] [NWSA] Analyzing SMA signals for NWSA
2025-05-07 16:40:09 - INFO - [check_sma_cross_sma50] [NWSA] SMA5: 27.928000000000004, SMA20: 27.8245, SMA50: 27.766 | Prev SMA5: 27.877999999999997, SMA20: 27.8105
2025-05-07 16:40:09 - DEBUG - [check_sma_cross_sma50] [NWSA] No signal detected
2025-05-07 16:40:09 - INFO - [_process_ticker] [NWSA] ℹ️ No valid signal for NWSA
2025-05-07 16:40:09 - INFO - [_run_strategy_if_applicable] [N/A] 🔄 Starting trading loop for strategy: SMA_Cross_candle
2025-05-07 16:40:09 - INFO - [get_stock_data] [DVN] Requesting data for DVN
2025-05-07 16:40:11 - INFO - [get_stock_data] [DVN] Data received for DVN: 81 rows
2025-05-07 16:40:11 - INFO - [check_sma_cross_candle] [DVN] Analyzing SMA signals for DVN
2025-05-07 16:40:11 - INFO - [check_sma_cross_candle] [DVN] SMA5: 30.328000000000003, SMA20: 30.700500000000005 | Prev SMA5: 30.486, SMA20: 30.7425 | Candle direction: bearish
2025-05-07 16:40:11 - DEBUG - [check_sma_cross_candle] [DVN] No signal detected
2025-05-07 16:40:11 - INFO - [_process_ticker] [DVN] ℹ️ No valid signal for DVN
2025-05-07 16:40:11 - INFO - [get_stock_data] [LUV] Requesting data for LUV
2025-05-07 16:40:11 - INFO - [get_stock_data] [LUV] Data received for LUV: 81 rows
2025-05-07 16:40:11 - INFO - [check_sma_cross_candle] [LUV] Analyzing SMA signals for LUV
2025-05-07 16:40:11 - INFO - [check_sma_cross_candle] [LUV] SMA5: 29.880000000000003, SMA20: 29.9695 | Prev SMA5: 29.879999999999995, SMA20: 29.9735 | Candle direction: bearish
2025-05-07 16:40:11 - DEBUG - [check_sma_cross_candle] [LUV] No signal detected
2025-05-07 16:40:11 - INFO - [_process_ticker] [LUV] ℹ️ No valid signal for LUV
2025-05-07 16:40:11 - INFO - [get_stock_data] [NI] Requesting data for NI
2025-05-07 16:40:13 - INFO - [get_stock_data] [NI] Data received for NI: 81 rows
2025-05-07 16:40:13 - INFO - [check_sma_cross_candle] [NI] Analyzing SMA signals for NI
2025-05-07 16:40:13 - INFO - [check_sma_cross_candle] [NI] SMA5: 39.342, SMA20: 39.439499999999995 | Prev SMA5: 39.364, SMA20: 39.4465 | Candle direction: bearish
2025-05-07 16:40:13 - DEBUG - [check_sma_cross_candle] [NI] No signal detected
2025-05-07 16:40:13 - INFO - [_process_ticker] [NI] ℹ️ No valid signal for NI
2025-05-07 16:40:13 - INFO - [get_stock_data] [WBD] Requesting data for WBD
2025-05-07 16:40:14 - INFO - [get_stock_data] [WBD] Data received for WBD: 81 rows
2025-05-07 16:40:14 - INFO - [check_sma_cross_candle] [WBD] Analyzing SMA signals for WBD
2025-05-07 16:40:14 - INFO - [check_sma_cross_candle] [WBD] SMA5: 8.502, SMA20: 8.408 | Prev SMA5: 8.475999999999999, SMA20: 8.3985 | Candle direction: bearish
2025-05-07 16:40:14 - DEBUG - [check_sma_cross_candle] [WBD] No signal detected
2025-05-07 16:40:14 - INFO - [_process_ticker] [WBD] ℹ️ No valid signal for WBD
2025-05-07 16:40:14 - INFO - [_run_strategy_if_applicable] [N/A] 🔄 Starting trading loop for strategy: EMA_Cross_candle
2025-05-07 16:40:14 - INFO - [get_stock_data] [BAX] Requesting data for BAX
2025-05-07 16:40:14 - INFO - [get_stock_data] [BAX] Data received for BAX: 81 rows
2025-05-07 16:40:14 - INFO - [check_ema_cross_candle] [BAX] Analyzing EMA signals for BAX
2025-05-07 16:40:14 - INFO - [check_ema_cross_candle] [BAX] EMA9: 30.055545100435104, EMA21: 30.044415677185377 | Prev EMA9: 30.041931375543875, EMA21: 30.037857244903915 | Candle: bearish
2025-05-07 16:40:14 - DEBUG - [check_ema_cross_candle] [BAX] No signal detected
2025-05-07 16:40:14 - INFO - [_process_ticker] [BAX] ℹ️ No valid signal for BAX
2025-05-07 16:40:14 - INFO - [get_stock_data] [CTRA] Requesting data for CTRA
2025-05-07 16:40:15 - INFO - [get_stock_data] [CTRA] Data received for CTRA: 81 rows
2025-05-07 16:40:15 - INFO - [check_ema_cross_candle] [CTRA] Analyzing EMA signals for CTRA
2025-05-07 16:40:15 - INFO - [check_ema_cross_candle] [CTRA] EMA9: 23.145945927210295, EMA21: 23.098193549810667 | Prev EMA9: 23.124932409012867, EMA21: 23.085012904791732 | Candle: bearish
2025-05-07 16:40:15 - DEBUG - [check_ema_cross_candle] [CTRA] No signal detected
2025-05-07 16:40:15 - INFO - [_process_ticker] [CTRA] ℹ️ No valid signal for CTRA
2025-05-07 16:40:15 - INFO - [get_stock_data] [EXC] Requesting data for EXC
2025-05-07 16:40:16 - INFO - [get_stock_data] [EXC] Data received for EXC: 81 rows
2025-05-07 16:40:16 - INFO - [check_ema_cross_candle] [EXC] Analyzing EMA signals for EXC
2025-05-07 16:40:16 - INFO - [check_ema_cross_candle] [EXC] EMA9: 46.33721803148075, EMA21: 46.36584714619443 | Prev EMA9: 46.33902253935094, EMA21: 46.369431860813876 | Candle: bearish
2025-05-07 16:40:16 - DEBUG - [check_ema_cross_candle] [EXC] No signal detected
2025-05-07 16:40:16 - INFO - [_process_ticker] [EXC] ℹ️ No valid signal for EXC
2025-05-07 16:40:16 - INFO - [get_stock_data] [FITB] Requesting data for FITB
2025-05-07 16:40:17 - INFO - [get_stock_data] [FITB] Data received for FITB: 81 rows
2025-05-07 16:40:17 - INFO - [check_ema_cross_candle] [FITB] Analyzing EMA signals for FITB
2025-05-07 16:40:17 - INFO - [check_ema_cross_candle] [FITB] EMA9: 36.84537747103578, EMA21: 36.844020429523795 | Prev EMA9: 36.82172183879472, EMA21: 36.83442247247618 | Candle: bearish
2025-05-07 16:40:17 - DEBUG - [check_ema_cross_candle] [FITB] No signal detected
2025-05-07 16:40:17 - INFO - [_process_ticker] [FITB] ℹ️ No valid signal for FITB
2025-05-07 16:40:17 - INFO - [get_stock_data] [KMI] Requesting data for KMI
2025-05-07 16:40:18 - INFO - [get_stock_data] [KMI] Data received for KMI: 81 rows
2025-05-07 16:40:18 - INFO - [check_ema_cross_candle] [KMI] Analyzing EMA signals for KMI
2025-05-07 16:40:18 - INFO - [check_ema_cross_candle] [KMI] EMA9: 27.374237151433384, EMA21: 27.285958291567177 | Prev EMA9: 27.335296439291728, EMA21: 27.261554120723893 | Candle: bearish
2025-05-07 16:40:18 - DEBUG - [check_ema_cross_candle] [KMI] No signal detected
2025-05-07 16:40:18 - INFO - [_process_ticker] [KMI] ℹ️ No valid signal for KMI
2025-05-07 16:40:18 - INFO - [get_stock_data] [UDR] Requesting data for UDR
2025-05-07 16:40:19 - INFO - [get_stock_data] [UDR] Data received for UDR: 81 rows
2025-05-07 16:40:19 - INFO - [check_ema_cross_candle] [UDR] Analyzing EMA signals for UDR
2025-05-07 16:40:19 - INFO - [check_ema_cross_candle] [UDR] EMA9: 42.942831004443555, EMA21: 42.89810843589788 | Prev EMA9: 42.91353875555444, EMA21: 42.881919279487676 | Candle: bearish
2025-05-07 16:40:19 - DEBUG - [check_ema_cross_candle] [UDR] No signal detected
2025-05-07 16:40:19 - INFO - [_process_ticker] [UDR] ℹ️ No valid signal for UDR
2025-05-07 16:40:19 - INFO - [_update_active_orders_and_telegram] [N/A] 📊 Updating SL/TP for active orders
2025-05-07 16:40:20 - INFO - [update_orders] [N/A] ✅ Order 56 filled at 27.72
2025-05-07 16:40:20 - INFO - [set_tp_sl_direct] [N/A] 🔹 Setting TP (LMT) 27.7 and SL 27.13 for GEN
2025-05-07 16:40:20 - INFO - [set_tp_sl_direct] [N/A] ✅ TP (MIT) Order Status: PendingSubmit (Trigger: 27.7)
2025-05-07 16:40:20 - INFO - [set_tp_sl_direct] [N/A] ✅ SL (Stop) Order Status: PendingSubmit (Trigger: 27.13)
2025-05-07 16:40:20 - INFO - [update_orders] [N/A] ✅ Order 76 filled at 17.37
2025-05-07 16:40:20 - INFO - [set_tp_sl_direct] [N/A] 🔹 Setting TP (LMT) 17.6 and SL 17.24 for NCLH
2025-05-07 16:40:20 - INFO - [set_tp_sl_direct] [N/A] ✅ TP (MIT) Order Status: PendingSubmit (Trigger: 17.6)
2025-05-07 16:40:20 - INFO - [set_tp_sl_direct] [N/A] ✅ SL (Stop) Order Status: PendingSubmit (Trigger: 17.24)
2025-05-07 16:40:20 - INFO - [_wait_until_next_iteration] [N/A] ⏳ Sleeping for 39.10 seconds before the next cycle
2025-05-07 16:41:00 - DEBUG - [_process_strategies] [N/A] ⏱ Skipping VWAP_diff_signal_rsi_1700, not yet time (every 5m)
2025-05-07 16:41:00 - DEBUG - [_process_strategies] [N/A] ⏱ Skipping VWAP_diff_signal_1700_volume, not yet time (every 5m)
2025-05-07 16:41:00 - DEBUG - [_process_strategies] [N/A] ⏱ Skipping VWAP_diff_signal_1700, not yet time (every 5m)
2025-05-07 16:41:00 - DEBUG - [_process_strategies] [N/A] ⏱ Skipping EMA_Cross_ema50, not yet time (every 5m)
2025-05-07 16:41:00 - DEBUG - [_process_strategies] [N/A] ⏱ Skipping SMA_Cross_sma50, not yet time (every 5m)
2025-05-07 16:41:00 - DEBUG - [_process_strategies] [N/A] ⏱ Skipping SMA_Cross_candle, not yet time (every 5m)
2025-05-07 16:41:00 - DEBUG - [_process_strategies] [N/A] ⏱ Skipping EMA_Cross_candle, not yet time (every 5m)
2025-05-07 16:41:00 - INFO - [_update_active_orders_and_telegram] [N/A] 📊 Updating SL/TP for active orders
2025-05-07 16:41:01 - INFO - [_wait_until_next_iteration] [N/A] ⏳ Sleeping for 58.94 seconds before the next cycle
2025-05-07 16:42:00 - DEBUG - [_process_strategies] [N/A] ⏱ Skipping VWAP_diff_signal_rsi_1700, not yet time (every 5m)
2025-05-07 16:42:00 - DEBUG - [_process_strategies] [N/A] ⏱ Skipping VWAP_diff_signal_1700_volume, not yet time (every 5m)
2025-05-07 16:42:00 - DEBUG - [_process_strategies] [N/A] ⏱ Skipping VWAP_diff_signal_1700, not yet time (every 5m)
2025-05-07 16:42:00 - DEBUG - [_process_strategies] [N/A] ⏱ Skipping EMA_Cross_ema50, not yet time (every 5m)
2025-05-07 16:42:00 - DEBUG - [_process_strategies] [N/A] ⏱ Skipping SMA_Cross_sma50, not yet time (every 5m)
2025-05-07 16:42:00 - DEBUG - [_process_strategies] [N/A] ⏱ Skipping SMA_Cross_candle, not yet time (every 5m)
2025-05-07 16:42:00 - DEBUG - [_process_strategies] [N/A] ⏱ Skipping EMA_Cross_candle, not yet time (every 5m)
2025-05-07 16:42:00 - INFO - [_update_active_orders_and_telegram] [N/A] 📊 Updating SL/TP for active orders
2025-05-07 16:42:01 - INFO - [_wait_until_next_iteration] [N/A] ⏳ Sleeping for 58.92 seconds before the next cycle
2025-05-07 16:43:00 - DEBUG - [_process_strategies] [N/A] ⏱ Skipping VWAP_diff_signal_rsi_1700, not yet time (every 5m)
2025-05-07 16:43:00 - DEBUG - [_process_strategies] [N/A] ⏱ Skipping VWAP_diff_signal_1700_volume, not yet time (every 5m)
2025-05-07 16:43:00 - DEBUG - [_process_strategies] [N/A] ⏱ Skipping VWAP_diff_signal_1700, not yet time (every 5m)
2025-05-07 16:43:00 - DEBUG - [_process_strategies] [N/A] ⏱ Skipping EMA_Cross_ema50, not yet time (every 5m)
2025-05-07 16:43:00 - DEBUG - [_process_strategies] [N/A] ⏱ Skipping SMA_Cross_sma50, not yet time (every 5m)
2025-05-07 16:43:00 - DEBUG - [_process_strategies] [N/A] ⏱ Skipping SMA_Cross_candle, not yet time (every 5m)
2025-05-07 16:43:00 - DEBUG - [_process_strategies] [N/A] ⏱ Skipping EMA_Cross_candle, not yet time (every 5m)
2025-05-07 16:43:00 - INFO - [_update_active_orders_and_telegram] [N/A] 📊 Updating SL/TP for active orders
2025-05-07 16:43:01 - INFO - [_wait_until_next_iteration] [N/A] ⏳ Sleeping for 58.93 seconds before the next cycle
2025-05-07 16:44:00 - DEBUG - [_process_strategies] [N/A] ⏱ Skipping VWAP_diff_signal_rsi_1700, not yet time (every 5m)
2025-05-07 16:44:00 - DEBUG - [_process_strategies] [N/A] ⏱ Skipping VWAP_diff_signal_1700_volume, not yet time (every 5m)
2025-05-07 16:44:00 - DEBUG - [_process_strategies] [N/A] ⏱ Skipping VWAP_diff_signal_1700, not yet time (every 5m)
2025-05-07 16:44:00 - DEBUG - [_process_strategies] [N/A] ⏱ Skipping EMA_Cross_ema50, not yet time (every 5m)
2025-05-07 16:44:00 - DEBUG - [_process_strategies] [N/A] ⏱ Skipping SMA_Cross_sma50, not yet time (every 5m)
2025-05-07 16:44:00 - DEBUG - [_process_strategies] [N/A] ⏱ Skipping SMA_Cross_candle, not yet time (every 5m)
2025-05-07 16:44:00 - DEBUG - [_process_strategies] [N/A] ⏱ Skipping EMA_Cross_candle, not yet time (every 5m)
2025-05-07 16:44:00 - INFO - [_update_active_orders_and_telegram] [N/A] 📊 Updating SL/TP for active orders
2025-05-07 16:44:01 - INFO - [_wait_until_next_iteration] [N/A] ⏳ Sleeping for 58.93 seconds before the next cycle
2025-05-07 16:45:00 - INFO - [_run_strategy_if_applicable] [N/A] ⏰ Strategy 'VWAP_diff_signal_rsi_1700' not executed because it's outside the time window: 17:30:00 - 19:00:00
2025-05-07 16:45:00 - INFO - [_run_strategy_if_applicable] [N/A] ⏰ Strategy 'VWAP_diff_signal_1700_volume' not executed because it's outside the time window: 17:30:00 - 19:00:00
2025-05-07 16:45:00 - INFO - [_run_strategy_if_applicable] [N/A] ⏰ Strategy 'VWAP_diff_signal_1700' not executed because it's outside the time window: 17:30:00 - 19:00:00
2025-05-07 16:45:00 - INFO - [_run_strategy_if_applicable] [N/A] 🔄 Starting trading loop for strategy: EMA_Cross_ema50
2025-05-07 16:45:00 - INFO - [get_stock_data] [CFG] Requesting data for CFG
2025-05-07 16:45:00 - INFO - [get_stock_data] [CFG] Data received for CFG: 81 rows
2025-05-07 16:45:00 - INFO - [check_ema_cross_ema50] [CFG] Analyzing EMA signals for CFG
2025-05-07 16:45:00 - INFO - [check_ema_cross_ema50] [CFG] EMA9: 38.4277088201573, EMA21: 38.42138102556801, EMA50: 38.402408200940066 | Prev EMA9: 38.39213602519662, EMA21: 38.40651912812481
2025-05-07 16:45:00 - INFO - [check_ema_cross_ema50] [CFG] ✅ BUY signal at 38.59, (SL: 38.31987, TP: 39.13026000000001 will be calculated externally)
2025-05-07 16:45:00 - INFO - [place_order] [CFG] Placing MARKET order for CFG: 129 shares
2025-05-07 16:45:00 - INFO - [_place_trade_and_register] [CFG] ✅ Order BUY for CFG placed with ID 106
2025-05-07 16:45:00 - INFO - [get_stock_data] [CZR] Requesting data for CZR
2025-05-07 16:45:01 - INFO - [get_stock_data] [CZR] Data received for CZR: 81 rows
2025-05-07 16:45:01 - INFO - [check_ema_cross_ema50] [CZR] Analyzing EMA signals for CZR
2025-05-07 16:45:01 - INFO - [check_ema_cross_ema50] [CZR] EMA9: 26.91316015934701, EMA21: 26.863683921308812, EMA50: 26.880324098136686 | Prev EMA9: 26.878950199183762, EMA21: 26.845052313439695
2025-05-07 16:45:01 - DEBUG - [check_ema_cross_ema50] [CZR] No signal detected
2025-05-07 16:45:01 - INFO - [_process_ticker] [CZR] ℹ️ No valid signal for CZR
2025-05-07 16:45:01 - DEBUG - [_process_ticker] [GEN] 🚫 Trade not allowed for GEN (limit reached)
2025-05-07 16:45:01 - INFO - [get_stock_data] [PARA] Requesting data for PARA
2025-05-07 16:45:02 - INFO - [get_stock_data] [PARA] Data received for PARA: 81 rows
2025-05-07 16:45:02 - INFO - [check_ema_cross_ema50] [PARA] Analyzing EMA signals for PARA
2025-05-07 16:45:02 - INFO - [check_ema_cross_ema50] [PARA] EMA9: 11.494938020684812, EMA21: 11.45816175479084, EMA50: 11.398110563300884 | Prev EMA9: 11.491172525856015, EMA21: 11.452977930269924
2025-05-07 16:45:02 - DEBUG - [check_ema_cross_ema50] [PARA] No signal detected
2025-05-07 16:45:02 - INFO - [_process_ticker] [PARA] ℹ️ No valid signal for PARA
2025-05-07 16:45:02 - INFO - [get_stock_data] [PPL] Requesting data for PPL
2025-05-07 16:45:03 - INFO - [get_stock_data] [PPL] Data received for PPL: 81 rows
2025-05-07 16:45:03 - INFO - [check_ema_cross_ema50] [PPL] Analyzing EMA signals for PPL
2025-05-07 16:45:03 - INFO - [check_ema_cross_ema50] [PPL] EMA9: 36.24773228779288, EMA21: 36.27370846872863, EMA50: 36.27453932432055 | Prev EMA9: 36.2346653597411, EMA21: 36.2710793156015
2025-05-07 16:45:03 - DEBUG - [check_ema_cross_ema50] [PPL] No signal detected
2025-05-07 16:45:03 - INFO - [_process_ticker] [PPL] ℹ️ No valid signal for PPL
2025-05-07 16:45:03 - INFO - [get_stock_data] [TFC] Requesting data for TFC
2025-05-07 16:45:04 - INFO - [get_stock_data] [TFC] Data received for TFC: 81 rows
2025-05-07 16:45:04 - INFO - [check_ema_cross_ema50] [TFC] Analyzing EMA signals for TFC
2025-05-07 16:45:04 - INFO - [check_ema_cross_ema50] [TFC] EMA9: 39.218606369756415, EMA21: 39.25525411574089, EMA50: 39.24640688242559 | Prev EMA9: 39.19325796219551, EMA21: 39.24877952731497
2025-05-07 16:45:04 - DEBUG - [check_ema_cross_ema50] [TFC] No signal detected
2025-05-07 16:45:04 - INFO - [_process_ticker] [TFC] ℹ️ No valid signal for TFC
2025-05-07 16:45:04 - INFO - [get_stock_data] [WBD] Requesting data for WBD
2025-05-07 16:45:04 - INFO - [get_stock_data] [WBD] Data received for WBD: 81 rows
2025-05-07 16:45:04 - INFO - [check_ema_cross_ema50] [WBD] Analyzing EMA signals for WBD
2025-05-07 16:45:04 - INFO - [check_ema_cross_ema50] [WBD] EMA9: 8.4562168481081, EMA21: 8.411276418152111, EMA50: 8.381404436781319 | Prev EMA9: 8.435271060135126, EMA21: 8.398404059967323
2025-05-07 16:45:04 - DEBUG - [check_ema_cross_ema50] [WBD] No signal detected
2025-05-07 16:45:04 - INFO - [_process_ticker] [WBD] ℹ️ No valid signal for WBD
2025-05-07 16:45:04 - INFO - [_run_strategy_if_applicable] [N/A] 🔄 Starting trading loop for strategy: SMA_Cross_sma50
2025-05-07 16:45:04 - INFO - [get_stock_data] [FITB] Requesting data for FITB
2025-05-07 16:45:05 - INFO - [get_stock_data] [FITB] Data received for FITB: 81 rows
2025-05-07 16:45:05 - INFO - [check_sma_cross_sma50] [FITB] Analyzing SMA signals for FITB
2025-05-07 16:45:05 - INFO - [check_sma_cross_sma50] [FITB] SMA5: 36.834, SMA20: 36.8565, SMA50: 36.8692 | Prev SMA5: 36.792, SMA20: 36.848499999999994
2025-05-07 16:45:05 - DEBUG - [check_sma_cross_sma50] [FITB] No signal detected
2025-05-07 16:45:05 - INFO - [_process_ticker] [FITB] ℹ️ No valid signal for FITB
2025-05-07 16:45:05 - INFO - [get_stock_data] [HPQ] Requesting data for HPQ
2025-05-07 16:45:05 - INFO - [get_stock_data] [HPQ] Data received for HPQ: 81 rows
2025-05-07 16:45:05 - INFO - [check_sma_cross_sma50] [HPQ] Analyzing SMA signals for HPQ
2025-05-07 16:45:05 - INFO - [check_sma_cross_sma50] [HPQ] SMA5: 25.669999999999998, SMA20: 25.745500000000003, SMA50: 25.727199999999996 | Prev SMA5: 25.669999999999998, SMA20: 25.7435
2025-05-07 16:45:05 - DEBUG - [check_sma_cross_sma50] [HPQ] No signal detected
2025-05-07 16:45:05 - INFO - [_process_ticker] [HPQ] ℹ️ No valid signal for HPQ
2025-05-07 16:45:05 - INFO - [get_stock_data] [IPG] Requesting data for IPG
2025-05-07 16:45:06 - INFO - [get_stock_data] [IPG] Data received for IPG: 82 rows
2025-05-07 16:45:06 - INFO - [check_sma_cross_sma50] [IPG] Analyzing SMA signals for IPG
2025-05-07 16:45:06 - INFO - [check_sma_cross_sma50] [IPG] SMA5: 25.094, SMA20: 25.0765, SMA50: 25.0762 | Prev SMA5: 25.068, SMA20: 25.07
2025-05-07 16:45:06 - INFO - [check_sma_cross_sma50] [IPG] ✅ BUY signal at 25.18, (SL: 25.00374, TP: 25.532519999999998 will be calculated externally)
2025-05-07 16:45:06 - INFO - [place_order] [IPG] Placing MARKET order for IPG: 198 shares
2025-05-07 16:45:06 - INFO - [_place_trade_and_register] [IPG] ✅ Order BUY for IPG placed with ID 124
2025-05-07 16:45:06 - INFO - [get_stock_data] [LVS] Requesting data for LVS
2025-05-07 16:45:07 - INFO - [get_stock_data] [LVS] Data received for LVS: 82 rows
2025-05-07 16:45:07 - INFO - [check_sma_cross_sma50] [LVS] Analyzing SMA signals for LVS
2025-05-07 16:45:07 - INFO - [check_sma_cross_sma50] [LVS] SMA5: 39.156, SMA20: 38.961, SMA50: 38.849399999999996 | Prev SMA5: 39.074, SMA20: 38.949
2025-05-07 16:45:07 - DEBUG - [check_sma_cross_sma50] [LVS] No signal detected
2025-05-07 16:45:07 - INFO - [_process_ticker] [LVS] ℹ️ No valid signal for LVS
2025-05-07 16:45:07 - DEBUG - [_process_ticker] [NCLH] 🚫 Trade not allowed for NCLH (limit reached)
2025-05-07 16:45:07 - INFO - [get_stock_data] [NWSA] Requesting data for NWSA
2025-05-07 16:45:08 - INFO - [get_stock_data] [NWSA] Data received for NWSA: 82 rows
2025-05-07 16:45:08 - INFO - [check_sma_cross_sma50] [NWSA] Analyzing SMA signals for NWSA
2025-05-07 16:45:08 - INFO - [check_sma_cross_sma50] [NWSA] SMA5: 27.986, SMA20: 27.840000000000003, SMA50: 27.773000000000003 | Prev SMA5: 27.93, SMA20: 27.825
2025-05-07 16:45:08 - DEBUG - [check_sma_cross_sma50] [NWSA] No signal detected
2025-05-07 16:45:08 - INFO - [_process_ticker] [NWSA] ℹ️ No valid signal for NWSA
2025-05-07 16:45:08 - INFO - [_run_strategy_if_applicable] [N/A] 🔄 Starting trading loop for strategy: SMA_Cross_candle
2025-05-07 16:45:08 - INFO - [get_stock_data] [DVN] Requesting data for DVN
2025-05-07 16:45:09 - INFO - [get_stock_data] [DVN] Data received for DVN: 82 rows
2025-05-07 16:45:09 - INFO - [check_sma_cross_candle] [DVN] Analyzing SMA signals for DVN
2025-05-07 16:45:09 - INFO - [check_sma_cross_candle] [DVN] SMA5: 30.29, SMA20: 30.680500000000002 | Prev SMA5: 30.369999999999997, SMA20: 30.711000000000002 | Candle direction: bullish
2025-05-07 16:45:09 - DEBUG - [check_sma_cross_candle] [DVN] No signal detected
2025-05-07 16:45:09 - INFO - [_process_ticker] [DVN] ℹ️ No valid signal for DVN
2025-05-07 16:45:09 - INFO - [get_stock_data] [LUV] Requesting data for LUV
2025-05-07 16:45:09 - INFO - [get_stock_data] [LUV] Data received for LUV: 82 rows
2025-05-07 16:45:09 - INFO - [check_sma_cross_candle] [LUV] Analyzing SMA signals for LUV
2025-05-07 16:45:09 - INFO - [check_sma_cross_candle] [LUV] SMA5: 29.887999999999998, SMA20: 29.9655 | Prev SMA5: 29.877999999999997, SMA20: 29.969 | Candle direction: bearish
2025-05-07 16:45:09 - DEBUG - [check_sma_cross_candle] [LUV] No signal detected
2025-05-07 16:45:09 - INFO - [_process_ticker] [LUV] ℹ️ No valid signal for LUV
2025-05-07 16:45:09 - INFO - [get_stock_data] [NI] Requesting data for NI
2025-05-07 16:45:11 - INFO - [get_stock_data] [NI] Data received for NI: 82 rows
2025-05-07 16:45:11 - INFO - [check_sma_cross_candle] [NI] Analyzing SMA signals for NI
2025-05-07 16:45:11 - INFO - [check_sma_cross_candle] [NI] SMA5: 39.432, SMA20: 39.457 | Prev SMA5: 39.39, SMA20: 39.451499999999996 | Candle direction: bullish
2025-05-07 16:45:11 - DEBUG - [check_sma_cross_candle] [NI] No signal detected
2025-05-07 16:45:11 - INFO - [_process_ticker] [NI] ℹ️ No valid signal for NI
2025-05-07 16:45:11 - INFO - [get_stock_data] [WBD] Requesting data for WBD
2025-05-07 16:45:11 - INFO - [get_stock_data] [WBD] Data received for WBD: 82 rows
2025-05-07 16:45:11 - INFO - [check_sma_cross_candle] [WBD] Analyzing SMA signals for WBD
2025-05-07 16:45:11 - INFO - [check_sma_cross_candle] [WBD] SMA5: 8.546, SMA20: 8.4235 | Prev SMA5: 8.514, SMA20: 8.411 | Candle direction: bearish
2025-05-07 16:45:11 - DEBUG - [check_sma_cross_candle] [WBD] No signal detected
2025-05-07 16:45:11 - INFO - [_process_ticker] [WBD] ℹ️ No valid signal for WBD
2025-05-07 16:45:11 - INFO - [_run_strategy_if_applicable] [N/A] 🔄 Starting trading loop for strategy: EMA_Cross_candle
2025-05-07 16:45:11 - INFO - [get_stock_data] [BAX] Requesting data for BAX
2025-05-07 16:45:12 - INFO - [get_stock_data] [BAX] Data received for BAX: 82 rows
2025-05-07 16:45:12 - INFO - [check_ema_cross_candle] [BAX] Analyzing EMA signals for BAX
2025-05-07 16:45:12 - INFO - [check_ema_cross_candle] [BAX] EMA9: 30.14083608034808, EMA21: 30.086080367689185 | Prev EMA9: 30.0935451004351, EMA21: 30.061688404458103 | Candle: bearish
2025-05-07 16:45:12 - DEBUG - [check_ema_cross_candle] [BAX] No signal detected
2025-05-07 16:45:12 - INFO - [_process_ticker] [BAX] ℹ️ No valid signal for BAX
2025-05-07 16:45:12 - INFO - [get_stock_data] [CTRA] Requesting data for CTRA
2025-05-07 16:45:13 - INFO - [get_stock_data] [CTRA] Data received for CTRA: 82 rows
2025-05-07 16:45:13 - INFO - [check_ema_cross_candle] [CTRA] Analyzing EMA signals for CTRA
2025-05-07 16:45:13 - INFO - [check_ema_cross_candle] [CTRA] EMA9: 23.170756741768237, EMA21: 23.113812318009693 | Prev EMA9: 23.145945927210295, EMA21: 23.098193549810667 | Candle: bullish
2025-05-07 16:45:13 - DEBUG - [check_ema_cross_candle] [CTRA] No signal detected
2025-05-07 16:45:13 - INFO - [_process_ticker] [CTRA] ℹ️ No valid signal for CTRA
2025-05-07 16:45:13 - INFO - [get_stock_data] [EXC] Requesting data for EXC
2025-05-07 16:45:14 - INFO - [get_stock_data] [EXC] Data received for EXC: 82 rows
2025-05-07 16:45:14 - INFO - [check_ema_cross_candle] [EXC] Analyzing EMA signals for EXC
2025-05-07 16:45:14 - INFO - [check_ema_cross_candle] [EXC] EMA9: 46.35977442518461, EMA21: 46.3739932733999 | Prev EMA9: 46.34721803148076, EMA21: 46.37039260073989 | Candle: bullish
2025-05-07 16:45:14 - DEBUG - [check_ema_cross_candle] [EXC] No signal detected
2025-05-07 16:45:14 - INFO - [_process_ticker] [EXC] ℹ️ No valid signal for EXC
2025-05-07 16:45:14 - INFO - [get_stock_data] [FITB] Requesting data for FITB
2025-05-07 16:45:15 - INFO - [get_stock_data] [FITB] Data received for FITB: 82 rows
2025-05-07 16:45:15 - INFO - [check_ema_cross_candle] [FITB] Analyzing EMA signals for FITB
2025-05-07 16:45:15 - INFO - [check_ema_cross_candle] [FITB] EMA9: 36.901901976828626, EMA21: 36.870927663203446 | Prev EMA9: 36.86737747103578, EMA21: 36.85402042952379 | Candle: bearish
2025-05-07 16:45:15 - DEBUG - [check_ema_cross_candle] [FITB] No signal detected
2025-05-07 16:45:15 - INFO - [_process_ticker] [FITB] ℹ️ No valid signal for FITB
2025-05-07 16:45:15 - INFO - [get_stock_data] [KMI] Requesting data for KMI
2025-05-07 16:45:16 - INFO - [get_stock_data] [KMI] Data received for KMI: 82 rows
2025-05-07 16:45:16 - INFO - [check_ema_cross_candle] [KMI] Analyzing EMA signals for KMI
2025-05-07 16:45:16 - INFO - [check_ema_cross_candle] [KMI] EMA9: 27.408989721146707, EMA21: 27.309879438614786 | Prev EMA9: 27.376237151433383, EMA21: 27.286867382476267 | Candle: bearish
2025-05-07 16:45:16 - DEBUG - [check_ema_cross_candle] [KMI] No signal detected
2025-05-07 16:45:16 - INFO - [_process_ticker] [KMI] ℹ️ No valid signal for KMI
2025-05-07 16:45:16 - INFO - [get_stock_data] [UDR] Requesting data for UDR
2025-05-07 16:45:16 - INFO - [get_stock_data] [UDR] Data received for UDR: 82 rows
2025-05-07 16:45:16 - INFO - [check_ema_cross_candle] [UDR] Analyzing EMA signals for UDR
2025-05-07 16:45:16 - INFO - [check_ema_cross_candle] [UDR] EMA9: 42.95186480355484, EMA21: 42.90588370205593 | Prev EMA9: 42.93483100444355, EMA21: 42.89447207226152 | Candle: bearish
2025-05-07 16:45:16 - DEBUG - [check_ema_cross_candle] [UDR] No signal detected
2025-05-07 16:45:16 - INFO - [_process_ticker] [UDR] ℹ️ No valid signal for UDR
2025-05-07 16:45:16 - INFO - [_update_active_orders_and_telegram] [N/A] 📊 Updating SL/TP for active orders
2025-05-07 16:45:17 - INFO - [update_orders] [N/A] ✅ Order 106 filled at 38.69
2025-05-07 16:45:17 - INFO - [set_tp_sl_direct] [N/A] 🔹 Setting TP (LMT) 39.13 and SL 38.32 for CFG
2025-05-07 16:45:17 - INFO - [set_tp_sl_direct] [N/A] ✅ TP (MIT) Order Status: PendingSubmit (Trigger: 39.13)
2025-05-07 16:45:17 - INFO - [set_tp_sl_direct] [N/A] ✅ SL (Stop) Order Status: PendingSubmit (Trigger: 38.32)
2025-05-07 16:45:17 - INFO - [update_orders] [N/A] ✅ Order 124 filled at 25.194949
2025-05-07 16:45:17 - INFO - [set_tp_sl_direct] [N/A] 🔹 Setting TP (LMT) 25.53 and SL 25.0 for IPG
2025-05-07 16:45:17 - INFO - [set_tp_sl_direct] [N/A] ✅ TP (MIT) Order Status: PendingSubmit (Trigger: 25.53)
2025-05-07 16:45:17 - INFO - [set_tp_sl_direct] [N/A] ✅ SL (Stop) Order Status: PendingSubmit (Trigger: 25.0)
2025-05-07 16:45:18 - INFO - [_wait_until_next_iteration] [N/A] ⏳ Sleeping for 41.46 seconds before the next cycle
2025-05-07 16:46:00 - DEBUG - [_process_strategies] [N/A] ⏱ Skipping VWAP_diff_signal_rsi_1700, not yet time (every 5m)
2025-05-07 16:46:00 - DEBUG - [_process_strategies] [N/A] ⏱ Skipping VWAP_diff_signal_1700_volume, not yet time (every 5m)
2025-05-07 16:46:00 - DEBUG - [_process_strategies] [N/A] ⏱ Skipping VWAP_diff_signal_1700, not yet time (every 5m)
2025-05-07 16:46:00 - DEBUG - [_process_strategies] [N/A] ⏱ Skipping EMA_Cross_ema50, not yet time (every 5m)
2025-05-07 16:46:00 - DEBUG - [_process_strategies] [N/A] ⏱ Skipping SMA_Cross_sma50, not yet time (every 5m)
2025-05-07 16:46:00 - DEBUG - [_process_strategies] [N/A] ⏱ Skipping SMA_Cross_candle, not yet time (every 5m)
2025-05-07 16:46:00 - DEBUG - [_process_strategies] [N/A] ⏱ Skipping EMA_Cross_candle, not yet time (every 5m)
2025-05-07 16:46:00 - INFO - [_update_active_orders_and_telegram] [N/A] 📊 Updating SL/TP for active orders
2025-05-07 16:46:01 - INFO - [_wait_until_next_iteration] [N/A] ⏳ Sleeping for 58.94 seconds before the next cycle
2025-05-07 16:47:00 - DEBUG - [_process_strategies] [N/A] ⏱ Skipping VWAP_diff_signal_rsi_1700, not yet time (every 5m)
2025-05-07 16:47:00 - DEBUG - [_process_strategies] [N/A] ⏱ Skipping VWAP_diff_signal_1700_volume, not yet time (every 5m)
2025-05-07 16:47:00 - DEBUG - [_process_strategies] [N/A] ⏱ Skipping VWAP_diff_signal_1700, not yet time (every 5m)
2025-05-07 16:47:00 - DEBUG - [_process_strategies] [N/A] ⏱ Skipping EMA_Cross_ema50, not yet time (every 5m)
2025-05-07 16:47:00 - DEBUG - [_process_strategies] [N/A] ⏱ Skipping SMA_Cross_sma50, not yet time (every 5m)
2025-05-07 16:47:00 - DEBUG - [_process_strategies] [N/A] ⏱ Skipping SMA_Cross_candle, not yet time (every 5m)
2025-05-07 16:47:00 - DEBUG - [_process_strategies] [N/A] ⏱ Skipping EMA_Cross_candle, not yet time (every 5m)
2025-05-07 16:47:00 - INFO - [_update_active_orders_and_telegram] [N/A] 📊 Updating SL/TP for active orders
2025-05-07 16:47:01 - INFO - [_wait_until_next_iteration] [N/A] ⏳ Sleeping for 58.93 seconds before the next cycle
2025-05-07 16:48:00 - DEBUG - [_process_strategies] [N/A] ⏱ Skipping VWAP_diff_signal_rsi_1700, not yet time (every 5m)
2025-05-07 16:48:00 - DEBUG - [_process_strategies] [N/A] ⏱ Skipping VWAP_diff_signal_1700_volume, not yet time (every 5m)
2025-05-07 16:48:00 - DEBUG - [_process_strategies] [N/A] ⏱ Skipping VWAP_diff_signal_1700, not yet time (every 5m)
2025-05-07 16:48:00 - DEBUG - [_process_strategies] [N/A] ⏱ Skipping EMA_Cross_ema50, not yet time (every 5m)
2025-05-07 16:48:00 - DEBUG - [_process_strategies] [N/A] ⏱ Skipping SMA_Cross_sma50, not yet time (every 5m)
2025-05-07 16:48:00 - DEBUG - [_process_strategies] [N/A] ⏱ Skipping SMA_Cross_candle, not yet time (every 5m)
2025-05-07 16:48:00 - DEBUG - [_process_strategies] [N/A] ⏱ Skipping EMA_Cross_candle, not yet time (every 5m)
2025-05-07 16:48:00 - INFO - [_update_active_orders_and_telegram] [N/A] 📊 Updating SL/TP for active orders
2025-05-07 16:48:01 - INFO - [_wait_until_next_iteration] [N/A] ⏳ Sleeping for 58.93 seconds before the next cycle
2025-05-07 16:49:00 - DEBUG - [_process_strategies] [N/A] ⏱ Skipping VWAP_diff_signal_rsi_1700, not yet time (every 5m)
2025-05-07 16:49:00 - DEBUG - [_process_strategies] [N/A] ⏱ Skipping VWAP_diff_signal_1700_volume, not yet time (every 5m)
2025-05-07 16:49:00 - DEBUG - [_process_strategies] [N/A] ⏱ Skipping VWAP_diff_signal_1700, not yet time (every 5m)
2025-05-07 16:49:00 - DEBUG - [_process_strategies] [N/A] ⏱ Skipping EMA_Cross_ema50, not yet time (every 5m)
2025-05-07 16:49:00 - DEBUG - [_process_strategies] [N/A] ⏱ Skipping SMA_Cross_sma50, not yet time (every 5m)
2025-05-07 16:49:00 - DEBUG - [_process_strategies] [N/A] ⏱ Skipping SMA_Cross_candle, not yet time (every 5m)
2025-05-07 16:49:00 - DEBUG - [_process_strategies] [N/A] ⏱ Skipping EMA_Cross_candle, not yet time (every 5m)
2025-05-07 16:49:00 - INFO - [_update_active_orders_and_telegram] [N/A] 📊 Updating SL/TP for active orders
2025-05-07 16:49:01 - INFO - [_wait_until_next_iteration] [N/A] ⏳ Sleeping for 58.93 seconds before the next cycle
2025-05-07 16:50:00 - INFO - [_run_strategy_if_applicable] [N/A] ⏰ Strategy 'VWAP_diff_signal_rsi_1700' not executed because it's outside the time window: 17:30:00 - 19:00:00
2025-05-07 16:50:00 - INFO - [_run_strategy_if_applicable] [N/A] ⏰ Strategy 'VWAP_diff_signal_1700_volume' not executed because it's outside the time window: 17:30:00 - 19:00:00
2025-05-07 16:50:00 - INFO - [_run_strategy_if_applicable] [N/A] ⏰ Strategy 'VWAP_diff_signal_1700' not executed because it's outside the time window: 17:30:00 - 19:00:00
2025-05-07 16:50:00 - INFO - [_run_strategy_if_applicable] [N/A] ⏰ Strategy 'EMA_Cross_ema50' not executed because it's outside the time window: 16:35:00 - 16:50:00
2025-05-07 16:50:00 - INFO - [_run_strategy_if_applicable] [N/A] ⏰ Strategy 'SMA_Cross_sma50' not executed because it's outside the time window: 16:35:00 - 16:50:00
2025-05-07 16:50:00 - INFO - [_run_strategy_if_applicable] [N/A] ⏰ Strategy 'SMA_Cross_candle' not executed because it's outside the time window: 16:35:00 - 16:50:00
2025-05-07 16:50:00 - INFO - [_run_strategy_if_applicable] [N/A] ⏰ Strategy 'EMA_Cross_candle' not executed because it's outside the time window: 16:35:00 - 16:50:00
2025-05-07 16:50:00 - INFO - [_update_active_orders_and_telegram] [N/A] 📊 Updating SL/TP for active orders
2025-05-07 16:50:01 - INFO - [_wait_until_next_iteration] [N/A] ⏳ Sleeping for 58.92 seconds before the next cycle
2025-05-07 16:51:00 - DEBUG - [_process_strategies] [N/A] ⏱ Skipping VWAP_diff_signal_rsi_1700, not yet time (every 5m)
2025-05-07 16:51:00 - DEBUG - [_process_strategies] [N/A] ⏱ Skipping VWAP_diff_signal_1700_volume, not yet time (every 5m)
2025-05-07 16:51:00 - DEBUG - [_process_strategies] [N/A] ⏱ Skipping VWAP_diff_signal_1700, not yet time (every 5m)
2025-05-07 16:51:00 - DEBUG - [_process_strategies] [N/A] ⏱ Skipping EMA_Cross_ema50, not yet time (every 5m)
2025-05-07 16:51:00 - DEBUG - [_process_strategies] [N/A] ⏱ Skipping SMA_Cross_sma50, not yet time (every 5m)
2025-05-07 16:51:00 - DEBUG - [_process_strategies] [N/A] ⏱ Skipping SMA_Cross_candle, not yet time (every 5m)
2025-05-07 16:51:00 - DEBUG - [_process_strategies] [N/A] ⏱ Skipping EMA_Cross_candle, not yet time (every 5m)
2025-05-07 16:51:00 - INFO - [_update_active_orders_and_telegram] [N/A] 📊 Updating SL/TP for active orders
2025-05-07 16:51:01 - INFO - [_wait_until_next_iteration] [N/A] ⏳ Sleeping for 58.91 seconds before the next cycle
2025-05-07 16:52:00 - DEBUG - [_process_strategies] [N/A] ⏱ Skipping VWAP_diff_signal_rsi_1700, not yet time (every 5m)
2025-05-07 16:52:00 - DEBUG - [_process_strategies] [N/A] ⏱ Skipping VWAP_diff_signal_1700_volume, not yet time (every 5m)
2025-05-07 16:52:00 - DEBUG - [_process_strategies] [N/A] ⏱ Skipping VWAP_diff_signal_1700, not yet time (every 5m)
2025-05-07 16:52:00 - DEBUG - [_process_strategies] [N/A] ⏱ Skipping EMA_Cross_ema50, not yet time (every 5m)
2025-05-07 16:52:00 - DEBUG - [_process_strategies] [N/A] ⏱ Skipping SMA_Cross_sma50, not yet time (every 5m)
2025-05-07 16:52:00 - DEBUG - [_process_strategies] [N/A] ⏱ Skipping SMA_Cross_candle, not yet time (every 5m)
2025-05-07 16:52:00 - DEBUG - [_process_strategies] [N/A] ⏱ Skipping EMA_Cross_candle, not yet time (every 5m)
2025-05-07 16:52:00 - INFO - [_update_active_orders_and_telegram] [N/A] 📊 Updating SL/TP for active orders
2025-05-07 16:52:01 - INFO - [_wait_until_next_iteration] [N/A] ⏳ Sleeping for 58.92 seconds before the next cycle
2025-05-07 16:53:00 - DEBUG - [_process_strategies] [N/A] ⏱ Skipping VWAP_diff_signal_rsi_1700, not yet time (every 5m)
2025-05-07 16:53:00 - DEBUG - [_process_strategies] [N/A] ⏱ Skipping VWAP_diff_signal_1700_volume, not yet time (every 5m)
2025-05-07 16:53:00 - DEBUG - [_process_strategies] [N/A] ⏱ Skipping VWAP_diff_signal_1700, not yet time (every 5m)
2025-05-07 16:53:00 - DEBUG - [_process_strategies] [N/A] ⏱ Skipping EMA_Cross_ema50, not yet time (every 5m)
2025-05-07 16:53:00 - DEBUG - [_process_strategies] [N/A] ⏱ Skipping SMA_Cross_sma50, not yet time (every 5m)
2025-05-07 16:53:00 - DEBUG - [_process_strategies] [N/A] ⏱ Skipping SMA_Cross_candle, not yet time (every 5m)
2025-05-07 16:53:00 - DEBUG - [_process_strategies] [N/A] ⏱ Skipping EMA_Cross_candle, not yet time (every 5m)
2025-05-07 16:53:00 - INFO - [_update_active_orders_and_telegram] [N/A] 📊 Updating SL/TP for active orders
2025-05-07 16:53:01 - INFO - [_wait_until_next_iteration] [N/A] ⏳ Sleeping for 58.91 seconds before the next cycle
2025-05-07 16:54:00 - DEBUG - [_process_strategies] [N/A] ⏱ Skipping VWAP_diff_signal_rsi_1700, not yet time (every 5m)
2025-05-07 16:54:00 - DEBUG - [_process_strategies] [N/A] ⏱ Skipping VWAP_diff_signal_1700_volume, not yet time (every 5m)
2025-05-07 16:54:00 - DEBUG - [_process_strategies] [N/A] ⏱ Skipping VWAP_diff_signal_1700, not yet time (every 5m)
2025-05-07 16:54:00 - DEBUG - [_process_strategies] [N/A] ⏱ Skipping EMA_Cross_ema50, not yet time (every 5m)
2025-05-07 16:54:00 - DEBUG - [_process_strategies] [N/A] ⏱ Skipping SMA_Cross_sma50, not yet time (every 5m)
2025-05-07 16:54:00 - DEBUG - [_process_strategies] [N/A] ⏱ Skipping SMA_Cross_candle, not yet time (every 5m)
2025-05-07 16:54:00 - DEBUG - [_process_strategies] [N/A] ⏱ Skipping EMA_Cross_candle, not yet time (every 5m)
2025-05-07 16:54:00 - INFO - [_update_active_orders_and_telegram] [N/A] 📊 Updating SL/TP for active orders
2025-05-07 16:54:01 - INFO - [_wait_until_next_iteration] [N/A] ⏳ Sleeping for 58.94 seconds before the next cycle
2025-05-07 16:55:00 - INFO - [_run_strategy_if_applicable] [N/A] ⏰ Strategy 'VWAP_diff_signal_rsi_1700' not executed because it's outside the time window: 17:30:00 - 19:00:00
2025-05-07 16:55:00 - INFO - [_run_strategy_if_applicable] [N/A] ⏰ Strategy 'VWAP_diff_signal_1700_volume' not executed because it's outside the time window: 17:30:00 - 19:00:00
2025-05-07 16:55:00 - INFO - [_run_strategy_if_applicable] [N/A] ⏰ Strategy 'VWAP_diff_signal_1700' not executed because it's outside the time window: 17:30:00 - 19:00:00
2025-05-07 16:55:00 - INFO - [_run_strategy_if_applicable] [N/A] ⏰ Strategy 'EMA_Cross_ema50' not executed because it's outside the time window: 16:35:00 - 16:50:00
2025-05-07 16:55:00 - INFO - [_run_strategy_if_applicable] [N/A] ⏰ Strategy 'SMA_Cross_sma50' not executed because it's outside the time window: 16:35:00 - 16:50:00
2025-05-07 16:55:00 - INFO - [_run_strategy_if_applicable] [N/A] ⏰ Strategy 'SMA_Cross_candle' not executed because it's outside the time window: 16:35:00 - 16:50:00
2025-05-07 16:55:00 - INFO - [_run_strategy_if_applicable] [N/A] ⏰ Strategy 'EMA_Cross_candle' not executed because it's outside the time window: 16:35:00 - 16:50:00
2025-05-07 16:55:00 - INFO - [_update_active_orders_and_telegram] [N/A] 📊 Updating SL/TP for active orders
2025-05-07 16:55:01 - INFO - [_wait_until_next_iteration] [N/A] ⏳ Sleeping for 58.92 seconds before the next cycle
2025-05-07 16:56:00 - DEBUG - [_process_strategies] [N/A] ⏱ Skipping VWAP_diff_signal_rsi_1700, not yet time (every 5m)
2025-05-07 16:56:00 - DEBUG - [_process_strategies] [N/A] ⏱ Skipping VWAP_diff_signal_1700_volume, not yet time (every 5m)
2025-05-07 16:56:00 - DEBUG - [_process_strategies] [N/A] ⏱ Skipping VWAP_diff_signal_1700, not yet time (every 5m)
2025-05-07 16:56:00 - DEBUG - [_process_strategies] [N/A] ⏱ Skipping EMA_Cross_ema50, not yet time (every 5m)
2025-05-07 16:56:00 - DEBUG - [_process_strategies] [N/A] ⏱ Skipping SMA_Cross_sma50, not yet time (every 5m)
2025-05-07 16:56:00 - DEBUG - [_process_strategies] [N/A] ⏱ Skipping SMA_Cross_candle, not yet time (every 5m)
2025-05-07 16:56:00 - DEBUG - [_process_strategies] [N/A] ⏱ Skipping EMA_Cross_candle, not yet time (every 5m)
2025-05-07 16:56:00 - INFO - [_update_active_orders_and_telegram] [N/A] 📊 Updating SL/TP for active orders
2025-05-07 16:56:01 - INFO - [_wait_until_next_iteration] [N/A] ⏳ Sleeping for 58.95 seconds before the next cycle
2025-05-07 16:57:00 - DEBUG - [_process_strategies] [N/A] ⏱ Skipping VWAP_diff_signal_rsi_1700, not yet time (every 5m)
2025-05-07 16:57:00 - DEBUG - [_process_strategies] [N/A] ⏱ Skipping VWAP_diff_signal_1700_volume, not yet time (every 5m)
2025-05-07 16:57:00 - DEBUG - [_process_strategies] [N/A] ⏱ Skipping VWAP_diff_signal_1700, not yet time (every 5m)
2025-05-07 16:57:00 - DEBUG - [_process_strategies] [N/A] ⏱ Skipping EMA_Cross_ema50, not yet time (every 5m)
2025-05-07 16:57:00 - DEBUG - [_process_strategies] [N/A] ⏱ Skipping SMA_Cross_sma50, not yet time (every 5m)
2025-05-07 16:57:00 - DEBUG - [_process_strategies] [N/A] ⏱ Skipping SMA_Cross_candle, not yet time (every 5m)
2025-05-07 16:57:00 - DEBUG - [_process_strategies] [N/A] ⏱ Skipping EMA_Cross_candle, not yet time (every 5m)
2025-05-07 16:57:00 - INFO - [_update_active_orders_and_telegram] [N/A] 📊 Updating SL/TP for active orders
2025-05-07 16:57:01 - INFO - [_wait_until_next_iteration] [N/A] ⏳ Sleeping for 58.92 seconds before the next cycle
2025-05-07 16:58:00 - DEBUG - [_process_strategies] [N/A] ⏱ Skipping VWAP_diff_signal_rsi_1700, not yet time (every 5m)
2025-05-07 16:58:00 - DEBUG - [_process_strategies] [N/A] ⏱ Skipping VWAP_diff_signal_1700_volume, not yet time (every 5m)
2025-05-07 16:58:00 - DEBUG - [_process_strategies] [N/A] ⏱ Skipping VWAP_diff_signal_1700, not yet time (every 5m)
2025-05-07 16:58:00 - DEBUG - [_process_strategies] [N/A] ⏱ Skipping EMA_Cross_ema50, not yet time (every 5m)
2025-05-07 16:58:00 - DEBUG - [_process_strategies] [N/A] ⏱ Skipping SMA_Cross_sma50, not yet time (every 5m)
2025-05-07 16:58:00 - DEBUG - [_process_strategies] [N/A] ⏱ Skipping SMA_Cross_candle, not yet time (every 5m)
2025-05-07 16:58:00 - DEBUG - [_process_strategies] [N/A] ⏱ Skipping EMA_Cross_candle, not yet time (every 5m)
2025-05-07 16:58:00 - INFO - [_update_active_orders_and_telegram] [N/A] 📊 Updating SL/TP for active orders
2025-05-07 16:58:01 - INFO - [_wait_until_next_iteration] [N/A] ⏳ Sleeping for 58.92 seconds before the next cycle
2025-05-07 16:59:00 - DEBUG - [_process_strategies] [N/A] ⏱ Skipping VWAP_diff_signal_rsi_1700, not yet time (every 5m)
2025-05-07 16:59:00 - DEBUG - [_process_strategies] [N/A] ⏱ Skipping VWAP_diff_signal_1700_volume, not yet time (every 5m)
2025-05-07 16:59:00 - DEBUG - [_process_strategies] [N/A] ⏱ Skipping VWAP_diff_signal_1700, not yet time (every 5m)
2025-05-07 16:59:00 - DEBUG - [_process_strategies] [N/A] ⏱ Skipping EMA_Cross_ema50, not yet time (every 5m)
2025-05-07 16:59:00 - DEBUG - [_process_strategies] [N/A] ⏱ Skipping SMA_Cross_sma50, not yet time (every 5m)
2025-05-07 16:59:00 - DEBUG - [_process_strategies] [N/A] ⏱ Skipping SMA_Cross_candle, not yet time (every 5m)
2025-05-07 16:59:00 - DEBUG - [_process_strategies] [N/A] ⏱ Skipping EMA_Cross_candle, not yet time (every 5m)
2025-05-07 16:59:00 - INFO - [_update_active_orders_and_telegram] [N/A] 📊 Updating SL/TP for active orders
2025-05-07 16:59:01 - INFO - [_wait_until_next_iteration] [N/A] ⏳ Sleeping for 58.93 seconds before the next cycle
2025-05-07 17:00:00 - INFO - [_run_strategy_if_applicable] [N/A] ⏰ Strategy 'VWAP_diff_signal_rsi_1700' not executed because it's outside the time window: 17:30:00 - 19:00:00
2025-05-07 17:00:00 - INFO - [_run_strategy_if_applicable] [N/A] ⏰ Strategy 'VWAP_diff_signal_1700_volume' not executed because it's outside the time window: 17:30:00 - 19:00:00
2025-05-07 17:00:00 - INFO - [_run_strategy_if_applicable] [N/A] ⏰ Strategy 'VWAP_diff_signal_1700' not executed because it's outside the time window: 17:30:00 - 19:00:00
2025-05-07 17:00:00 - INFO - [_run_strategy_if_applicable] [N/A] ⏰ Strategy 'EMA_Cross_ema50' not executed because it's outside the time window: 16:35:00 - 16:50:00
2025-05-07 17:00:00 - INFO - [_run_strategy_if_applicable] [N/A] ⏰ Strategy 'SMA_Cross_sma50' not executed because it's outside the time window: 16:35:00 - 16:50:00
2025-05-07 17:00:00 - INFO - [_run_strategy_if_applicable] [N/A] ⏰ Strategy 'SMA_Cross_candle' not executed because it's outside the time window: 16:35:00 - 16:50:00
2025-05-07 17:00:00 - INFO - [_run_strategy_if_applicable] [N/A] ⏰ Strategy 'EMA_Cross_candle' not executed because it's outside the time window: 16:35:00 - 16:50:00
2025-05-07 17:00:00 - INFO - [_update_active_orders_and_telegram] [N/A] 📊 Updating SL/TP for active orders
2025-05-07 17:00:01 - INFO - [_wait_until_next_iteration] [N/A] ⏳ Sleeping for 58.93 seconds before the next cycle
2025-05-07 17:01:00 - DEBUG - [_process_strategies] [N/A] ⏱ Skipping VWAP_diff_signal_rsi_1700, not yet time (every 5m)
2025-05-07 17:01:00 - DEBUG - [_process_strategies] [N/A] ⏱ Skipping VWAP_diff_signal_1700_volume, not yet time (every 5m)
2025-05-07 17:01:00 - DEBUG - [_process_strategies] [N/A] ⏱ Skipping VWAP_diff_signal_1700, not yet time (every 5m)
2025-05-07 17:01:00 - DEBUG - [_process_strategies] [N/A] ⏱ Skipping EMA_Cross_ema50, not yet time (every 5m)
2025-05-07 17:01:00 - DEBUG - [_process_strategies] [N/A] ⏱ Skipping SMA_Cross_sma50, not yet time (every 5m)
2025-05-07 17:01:00 - DEBUG - [_process_strategies] [N/A] ⏱ Skipping SMA_Cross_candle, not yet time (every 5m)
2025-05-07 17:01:00 - DEBUG - [_process_strategies] [N/A] ⏱ Skipping EMA_Cross_candle, not yet time (every 5m)
2025-05-07 17:01:00 - INFO - [_update_active_orders_and_telegram] [N/A] 📊 Updating SL/TP for active orders
2025-05-07 17:01:01 - INFO - [_wait_until_next_iteration] [N/A] ⏳ Sleeping for 58.92 seconds before the next cycle
2025-05-07 17:02:00 - DEBUG - [_process_strategies] [N/A] ⏱ Skipping VWAP_diff_signal_rsi_1700, not yet time (every 5m)
2025-05-07 17:02:00 - DEBUG - [_process_strategies] [N/A] ⏱ Skipping VWAP_diff_signal_1700_volume, not yet time (every 5m)
2025-05-07 17:02:00 - DEBUG - [_process_strategies] [N/A] ⏱ Skipping VWAP_diff_signal_1700, not yet time (every 5m)
2025-05-07 17:02:00 - DEBUG - [_process_strategies] [N/A] ⏱ Skipping EMA_Cross_ema50, not yet time (every 5m)
2025-05-07 17:02:00 - DEBUG - [_process_strategies] [N/A] ⏱ Skipping SMA_Cross_sma50, not yet time (every 5m)
2025-05-07 17:02:00 - DEBUG - [_process_strategies] [N/A] ⏱ Skipping SMA_Cross_candle, not yet time (every 5m)
2025-05-07 17:02:00 - DEBUG - [_process_strategies] [N/A] ⏱ Skipping EMA_Cross_candle, not yet time (every 5m)
2025-05-07 17:02:00 - INFO - [_update_active_orders_and_telegram] [N/A] 📊 Updating SL/TP for active orders
2025-05-07 17:02:01 - INFO - [_wait_until_next_iteration] [N/A] ⏳ Sleeping for 58.93 seconds before the next cycle
2025-05-07 17:03:00 - DEBUG - [_process_strategies] [N/A] ⏱ Skipping VWAP_diff_signal_rsi_1700, not yet time (every 5m)
2025-05-07 17:03:00 - DEBUG - [_process_strategies] [N/A] ⏱ Skipping VWAP_diff_signal_1700_volume, not yet time (every 5m)
2025-05-07 17:03:00 - DEBUG - [_process_strategies] [N/A] ⏱ Skipping VWAP_diff_signal_1700, not yet time (every 5m)
2025-05-07 17:03:00 - DEBUG - [_process_strategies] [N/A] ⏱ Skipping EMA_Cross_ema50, not yet time (every 5m)
2025-05-07 17:03:00 - DEBUG - [_process_strategies] [N/A] ⏱ Skipping SMA_Cross_sma50, not yet time (every 5m)
2025-05-07 17:03:00 - DEBUG - [_process_strategies] [N/A] ⏱ Skipping SMA_Cross_candle, not yet time (every 5m)
2025-05-07 17:03:00 - DEBUG - [_process_strategies] [N/A] ⏱ Skipping EMA_Cross_candle, not yet time (every 5m)
2025-05-07 17:03:00 - INFO - [_update_active_orders_and_telegram] [N/A] 📊 Updating SL/TP for active orders
2025-05-07 17:03:01 - INFO - [_wait_until_next_iteration] [N/A] ⏳ Sleeping for 58.93 seconds before the next cycle
2025-05-07 17:04:00 - DEBUG - [_process_strategies] [N/A] ⏱ Skipping VWAP_diff_signal_rsi_1700, not yet time (every 5m)
2025-05-07 17:04:00 - DEBUG - [_process_strategies] [N/A] ⏱ Skipping VWAP_diff_signal_1700_volume, not yet time (every 5m)
2025-05-07 17:04:00 - DEBUG - [_process_strategies] [N/A] ⏱ Skipping VWAP_diff_signal_1700, not yet time (every 5m)
2025-05-07 17:04:00 - DEBUG - [_process_strategies] [N/A] ⏱ Skipping EMA_Cross_ema50, not yet time (every 5m)
2025-05-07 17:04:00 - DEBUG - [_process_strategies] [N/A] ⏱ Skipping SMA_Cross_sma50, not yet time (every 5m)
2025-05-07 17:04:00 - DEBUG - [_process_strategies] [N/A] ⏱ Skipping SMA_Cross_candle, not yet time (every 5m)
2025-05-07 17:04:00 - DEBUG - [_process_strategies] [N/A] ⏱ Skipping EMA_Cross_candle, not yet time (every 5m)
2025-05-07 17:04:00 - INFO - [_update_active_orders_and_telegram] [N/A] 📊 Updating SL/TP for active orders
2025-05-07 17:04:01 - INFO - [_wait_until_next_iteration] [N/A] ⏳ Sleeping for 58.93 seconds before the next cycle
2025-05-07 17:05:00 - INFO - [_run_strategy_if_applicable] [N/A] ⏰ Strategy 'VWAP_diff_signal_rsi_1700' not executed because it's outside the time window: 17:30:00 - 19:00:00
2025-05-07 17:05:00 - INFO - [_run_strategy_if_applicable] [N/A] ⏰ Strategy 'VWAP_diff_signal_1700_volume' not executed because it's outside the time window: 17:30:00 - 19:00:00
2025-05-07 17:05:00 - INFO - [_run_strategy_if_applicable] [N/A] ⏰ Strategy 'VWAP_diff_signal_1700' not executed because it's outside the time window: 17:30:00 - 19:00:00
2025-05-07 17:05:00 - INFO - [_run_strategy_if_applicable] [N/A] ⏰ Strategy 'EMA_Cross_ema50' not executed because it's outside the time window: 16:35:00 - 16:50:00
2025-05-07 17:05:00 - INFO - [_run_strategy_if_applicable] [N/A] ⏰ Strategy 'SMA_Cross_sma50' not executed because it's outside the time window: 16:35:00 - 16:50:00
2025-05-07 17:05:00 - INFO - [_run_strategy_if_applicable] [N/A] ⏰ Strategy 'SMA_Cross_candle' not executed because it's outside the time window: 16:35:00 - 16:50:00
2025-05-07 17:05:00 - INFO - [_run_strategy_if_applicable] [N/A] ⏰ Strategy 'EMA_Cross_candle' not executed because it's outside the time window: 16:35:00 - 16:50:00
2025-05-07 17:05:00 - INFO - [_update_active_orders_and_telegram] [N/A] 📊 Updating SL/TP for active orders
2025-05-07 17:05:01 - INFO - [_wait_until_next_iteration] [N/A] ⏳ Sleeping for 58.92 seconds before the next cycle
2025-05-07 17:06:00 - DEBUG - [_process_strategies] [N/A] ⏱ Skipping VWAP_diff_signal_rsi_1700, not yet time (every 5m)
2025-05-07 17:06:00 - DEBUG - [_process_strategies] [N/A] ⏱ Skipping VWAP_diff_signal_1700_volume, not yet time (every 5m)
2025-05-07 17:06:00 - DEBUG - [_process_strategies] [N/A] ⏱ Skipping VWAP_diff_signal_1700, not yet time (every 5m)
2025-05-07 17:06:00 - DEBUG - [_process_strategies] [N/A] ⏱ Skipping EMA_Cross_ema50, not yet time (every 5m)
2025-05-07 17:06:00 - DEBUG - [_process_strategies] [N/A] ⏱ Skipping SMA_Cross_sma50, not yet time (every 5m)
2025-05-07 17:06:00 - DEBUG - [_process_strategies] [N/A] ⏱ Skipping SMA_Cross_candle, not yet time (every 5m)
2025-05-07 17:06:00 - DEBUG - [_process_strategies] [N/A] ⏱ Skipping EMA_Cross_candle, not yet time (every 5m)
2025-05-07 17:06:00 - INFO - [_update_active_orders_and_telegram] [N/A] 📊 Updating SL/TP for active orders
2025-05-07 17:06:01 - INFO - [_wait_until_next_iteration] [N/A] ⏳ Sleeping for 58.92 seconds before the next cycle
2025-05-07 17:07:00 - DEBUG - [_process_strategies] [N/A] ⏱ Skipping VWAP_diff_signal_rsi_1700, not yet time (every 5m)
2025-05-07 17:07:00 - DEBUG - [_process_strategies] [N/A] ⏱ Skipping VWAP_diff_signal_1700_volume, not yet time (every 5m)
2025-05-07 17:07:00 - DEBUG - [_process_strategies] [N/A] ⏱ Skipping VWAP_diff_signal_1700, not yet time (every 5m)
2025-05-07 17:07:00 - DEBUG - [_process_strategies] [N/A] ⏱ Skipping EMA_Cross_ema50, not yet time (every 5m)
2025-05-07 17:07:00 - DEBUG - [_process_strategies] [N/A] ⏱ Skipping SMA_Cross_sma50, not yet time (every 5m)
2025-05-07 17:07:00 - DEBUG - [_process_strategies] [N/A] ⏱ Skipping SMA_Cross_candle, not yet time (every 5m)
2025-05-07 17:07:00 - DEBUG - [_process_strategies] [N/A] ⏱ Skipping EMA_Cross_candle, not yet time (every 5m)
2025-05-07 17:07:00 - INFO - [_update_active_orders_and_telegram] [N/A] 📊 Updating SL/TP for active orders
2025-05-07 17:07:01 - INFO - [_wait_until_next_iteration] [N/A] ⏳ Sleeping for 58.93 seconds before the next cycle
2025-05-07 17:08:00 - DEBUG - [_process_strategies] [N/A] ⏱ Skipping VWAP_diff_signal_rsi_1700, not yet time (every 5m)
2025-05-07 17:08:00 - DEBUG - [_process_strategies] [N/A] ⏱ Skipping VWAP_diff_signal_1700_volume, not yet time (every 5m)
2025-05-07 17:08:00 - DEBUG - [_process_strategies] [N/A] ⏱ Skipping VWAP_diff_signal_1700, not yet time (every 5m)
2025-05-07 17:08:00 - DEBUG - [_process_strategies] [N/A] ⏱ Skipping EMA_Cross_ema50, not yet time (every 5m)
2025-05-07 17:08:00 - DEBUG - [_process_strategies] [N/A] ⏱ Skipping SMA_Cross_sma50, not yet time (every 5m)
2025-05-07 17:08:00 - DEBUG - [_process_strategies] [N/A] ⏱ Skipping SMA_Cross_candle, not yet time (every 5m)
2025-05-07 17:08:00 - DEBUG - [_process_strategies] [N/A] ⏱ Skipping EMA_Cross_candle, not yet time (every 5m)
2025-05-07 17:08:00 - INFO - [_update_active_orders_and_telegram] [N/A] 📊 Updating SL/TP for active orders
2025-05-07 17:08:01 - INFO - [_wait_until_next_iteration] [N/A] ⏳ Sleeping for 58.92 seconds before the next cycle
2025-05-07 17:09:00 - DEBUG - [_process_strategies] [N/A] ⏱ Skipping VWAP_diff_signal_rsi_1700, not yet time (every 5m)
2025-05-07 17:09:00 - DEBUG - [_process_strategies] [N/A] ⏱ Skipping VWAP_diff_signal_1700_volume, not yet time (every 5m)
2025-05-07 17:09:00 - DEBUG - [_process_strategies] [N/A] ⏱ Skipping VWAP_diff_signal_1700, not yet time (every 5m)
2025-05-07 17:09:00 - DEBUG - [_process_strategies] [N/A] ⏱ Skipping EMA_Cross_ema50, not yet time (every 5m)
2025-05-07 17:09:00 - DEBUG - [_process_strategies] [N/A] ⏱ Skipping SMA_Cross_sma50, not yet time (every 5m)
2025-05-07 17:09:00 - DEBUG - [_process_strategies] [N/A] ⏱ Skipping SMA_Cross_candle, not yet time (every 5m)
2025-05-07 17:09:00 - DEBUG - [_process_strategies] [N/A] ⏱ Skipping EMA_Cross_candle, not yet time (every 5m)
2025-05-07 17:09:00 - INFO - [_update_active_orders_and_telegram] [N/A] 📊 Updating SL/TP for active orders
2025-05-07 17:09:01 - INFO - [_wait_until_next_iteration] [N/A] ⏳ Sleeping for 58.93 seconds before the next cycle
2025-05-07 17:10:00 - INFO - [_run_strategy_if_applicable] [N/A] ⏰ Strategy 'VWAP_diff_signal_rsi_1700' not executed because it's outside the time window: 17:30:00 - 19:00:00
2025-05-07 17:10:00 - INFO - [_run_strategy_if_applicable] [N/A] ⏰ Strategy 'VWAP_diff_signal_1700_volume' not executed because it's outside the time window: 17:30:00 - 19:00:00
2025-05-07 17:10:00 - INFO - [_run_strategy_if_applicable] [N/A] ⏰ Strategy 'VWAP_diff_signal_1700' not executed because it's outside the time window: 17:30:00 - 19:00:00
2025-05-07 17:10:00 - INFO - [_run_strategy_if_applicable] [N/A] ⏰ Strategy 'EMA_Cross_ema50' not executed because it's outside the time window: 16:35:00 - 16:50:00
2025-05-07 17:10:00 - INFO - [_run_strategy_if_applicable] [N/A] ⏰ Strategy 'SMA_Cross_sma50' not executed because it's outside the time window: 16:35:00 - 16:50:00
2025-05-07 17:10:00 - INFO - [_run_strategy_if_applicable] [N/A] ⏰ Strategy 'SMA_Cross_candle' not executed because it's outside the time window: 16:35:00 - 16:50:00
2025-05-07 17:10:00 - INFO - [_run_strategy_if_applicable] [N/A] ⏰ Strategy 'EMA_Cross_candle' not executed because it's outside the time window: 16:35:00 - 16:50:00
2025-05-07 17:10:00 - INFO - [_update_active_orders_and_telegram] [N/A] 📊 Updating SL/TP for active orders
2025-05-07 17:10:01 - INFO - [_wait_until_next_iteration] [N/A] ⏳ Sleeping for 58.92 seconds before the next cycle
2025-05-07 17:11:00 - DEBUG - [_process_strategies] [N/A] ⏱ Skipping VWAP_diff_signal_rsi_1700, not yet time (every 5m)
2025-05-07 17:11:00 - DEBUG - [_process_strategies] [N/A] ⏱ Skipping VWAP_diff_signal_1700_volume, not yet time (every 5m)
2025-05-07 17:11:00 - DEBUG - [_process_strategies] [N/A] ⏱ Skipping VWAP_diff_signal_1700, not yet time (every 5m)
2025-05-07 17:11:00 - DEBUG - [_process_strategies] [N/A] ⏱ Skipping EMA_Cross_ema50, not yet time (every 5m)
2025-05-07 17:11:00 - DEBUG - [_process_strategies] [N/A] ⏱ Skipping SMA_Cross_sma50, not yet time (every 5m)
2025-05-07 17:11:00 - DEBUG - [_process_strategies] [N/A] ⏱ Skipping SMA_Cross_candle, not yet time (every 5m)
2025-05-07 17:11:00 - DEBUG - [_process_strategies] [N/A] ⏱ Skipping EMA_Cross_candle, not yet time (every 5m)
2025-05-07 17:11:00 - INFO - [_update_active_orders_and_telegram] [N/A] 📊 Updating SL/TP for active orders
2025-05-07 17:11:01 - INFO - [_wait_until_next_iteration] [N/A] ⏳ Sleeping for 58.92 seconds before the next cycle
2025-05-07 17:12:00 - DEBUG - [_process_strategies] [N/A] ⏱ Skipping VWAP_diff_signal_rsi_1700, not yet time (every 5m)
2025-05-07 17:12:00 - DEBUG - [_process_strategies] [N/A] ⏱ Skipping VWAP_diff_signal_1700_volume, not yet time (every 5m)
2025-05-07 17:12:00 - DEBUG - [_process_strategies] [N/A] ⏱ Skipping VWAP_diff_signal_1700, not yet time (every 5m)
2025-05-07 17:12:00 - DEBUG - [_process_strategies] [N/A] ⏱ Skipping EMA_Cross_ema50, not yet time (every 5m)
2025-05-07 17:12:00 - DEBUG - [_process_strategies] [N/A] ⏱ Skipping SMA_Cross_sma50, not yet time (every 5m)
2025-05-07 17:12:00 - DEBUG - [_process_strategies] [N/A] ⏱ Skipping SMA_Cross_candle, not yet time (every 5m)
2025-05-07 17:12:00 - DEBUG - [_process_strategies] [N/A] ⏱ Skipping EMA_Cross_candle, not yet time (every 5m)
2025-05-07 17:12:00 - INFO - [_update_active_orders_and_telegram] [N/A] 📊 Updating SL/TP for active orders
2025-05-07 17:12:01 - INFO - [_wait_until_next_iteration] [N/A] ⏳ Sleeping for 58.93 seconds before the next cycle
2025-05-07 17:13:00 - DEBUG - [_process_strategies] [N/A] ⏱ Skipping VWAP_diff_signal_rsi_1700, not yet time (every 5m)
2025-05-07 17:13:00 - DEBUG - [_process_strategies] [N/A] ⏱ Skipping VWAP_diff_signal_1700_volume, not yet time (every 5m)
2025-05-07 17:13:00 - DEBUG - [_process_strategies] [N/A] ⏱ Skipping VWAP_diff_signal_1700, not yet time (every 5m)
2025-05-07 17:13:00 - DEBUG - [_process_strategies] [N/A] ⏱ Skipping EMA_Cross_ema50, not yet time (every 5m)
2025-05-07 17:13:00 - DEBUG - [_process_strategies] [N/A] ⏱ Skipping SMA_Cross_sma50, not yet time (every 5m)
2025-05-07 17:13:00 - DEBUG - [_process_strategies] [N/A] ⏱ Skipping SMA_Cross_candle, not yet time (every 5m)
2025-05-07 17:13:00 - DEBUG - [_process_strategies] [N/A] ⏱ Skipping EMA_Cross_candle, not yet time (every 5m)
2025-05-07 17:13:00 - INFO - [_update_active_orders_and_telegram] [N/A] 📊 Updating SL/TP for active orders
2025-05-07 17:13:01 - INFO - [_wait_until_next_iteration] [N/A] ⏳ Sleeping for 58.92 seconds before the next cycle
2025-05-07 17:14:00 - DEBUG - [_process_strategies] [N/A] ⏱ Skipping VWAP_diff_signal_rsi_1700, not yet time (every 5m)
2025-05-07 17:14:00 - DEBUG - [_process_strategies] [N/A] ⏱ Skipping VWAP_diff_signal_1700_volume, not yet time (every 5m)
2025-05-07 17:14:00 - DEBUG - [_process_strategies] [N/A] ⏱ Skipping VWAP_diff_signal_1700, not yet time (every 5m)
2025-05-07 17:14:00 - DEBUG - [_process_strategies] [N/A] ⏱ Skipping EMA_Cross_ema50, not yet time (every 5m)
2025-05-07 17:14:00 - DEBUG - [_process_strategies] [N/A] ⏱ Skipping SMA_Cross_sma50, not yet time (every 5m)
2025-05-07 17:14:00 - DEBUG - [_process_strategies] [N/A] ⏱ Skipping SMA_Cross_candle, not yet time (every 5m)
2025-05-07 17:14:00 - DEBUG - [_process_strategies] [N/A] ⏱ Skipping EMA_Cross_candle, not yet time (every 5m)
2025-05-07 17:14:00 - INFO - [_update_active_orders_and_telegram] [N/A] 📊 Updating SL/TP for active orders
2025-05-07 17:14:01 - INFO - [_wait_until_next_iteration] [N/A] ⏳ Sleeping for 58.93 seconds before the next cycle
2025-05-07 17:15:00 - INFO - [_run_strategy_if_applicable] [N/A] ⏰ Strategy 'VWAP_diff_signal_rsi_1700' not executed because it's outside the time window: 17:30:00 - 19:00:00
2025-05-07 17:15:00 - INFO - [_run_strategy_if_applicable] [N/A] ⏰ Strategy 'VWAP_diff_signal_1700_volume' not executed because it's outside the time window: 17:30:00 - 19:00:00
2025-05-07 17:15:00 - INFO - [_run_strategy_if_applicable] [N/A] ⏰ Strategy 'VWAP_diff_signal_1700' not executed because it's outside the time window: 17:30:00 - 19:00:00
2025-05-07 17:15:00 - INFO - [_run_strategy_if_applicable] [N/A] ⏰ Strategy 'EMA_Cross_ema50' not executed because it's outside the time window: 16:35:00 - 16:50:00
2025-05-07 17:15:00 - INFO - [_run_strategy_if_applicable] [N/A] ⏰ Strategy 'SMA_Cross_sma50' not executed because it's outside the time window: 16:35:00 - 16:50:00
2025-05-07 17:15:00 - INFO - [_run_strategy_if_applicable] [N/A] ⏰ Strategy 'SMA_Cross_candle' not executed because it's outside the time window: 16:35:00 - 16:50:00
2025-05-07 17:15:00 - INFO - [_run_strategy_if_applicable] [N/A] ⏰ Strategy 'EMA_Cross_candle' not executed because it's outside the time window: 16:35:00 - 16:50:00
2025-05-07 17:15:00 - INFO - [_update_active_orders_and_telegram] [N/A] 📊 Updating SL/TP for active orders
2025-05-07 17:15:01 - INFO - [_wait_until_next_iteration] [N/A] ⏳ Sleeping for 58.92 seconds before the next cycle
2025-05-07 17:16:00 - DEBUG - [_process_strategies] [N/A] ⏱ Skipping VWAP_diff_signal_rsi_1700, not yet time (every 5m)
2025-05-07 17:16:00 - DEBUG - [_process_strategies] [N/A] ⏱ Skipping VWAP_diff_signal_1700_volume, not yet time (every 5m)
2025-05-07 17:16:00 - DEBUG - [_process_strategies] [N/A] ⏱ Skipping VWAP_diff_signal_1700, not yet time (every 5m)
2025-05-07 17:16:00 - DEBUG - [_process_strategies] [N/A] ⏱ Skipping EMA_Cross_ema50, not yet time (every 5m)
2025-05-07 17:16:00 - DEBUG - [_process_strategies] [N/A] ⏱ Skipping SMA_Cross_sma50, not yet time (every 5m)
2025-05-07 17:16:00 - DEBUG - [_process_strategies] [N/A] ⏱ Skipping SMA_Cross_candle, not yet time (every 5m)
2025-05-07 17:16:00 - DEBUG - [_process_strategies] [N/A] ⏱ Skipping EMA_Cross_candle, not yet time (every 5m)
2025-05-07 17:16:00 - INFO - [_update_active_orders_and_telegram] [N/A] 📊 Updating SL/TP for active orders
2025-05-07 17:16:01 - INFO - [_wait_until_next_iteration] [N/A] ⏳ Sleeping for 58.93 seconds before the next cycle
2025-05-07 17:17:00 - DEBUG - [_process_strategies] [N/A] ⏱ Skipping VWAP_diff_signal_rsi_1700, not yet time (every 5m)
2025-05-07 17:17:00 - DEBUG - [_process_strategies] [N/A] ⏱ Skipping VWAP_diff_signal_1700_volume, not yet time (every 5m)
2025-05-07 17:17:00 - DEBUG - [_process_strategies] [N/A] ⏱ Skipping VWAP_diff_signal_1700, not yet time (every 5m)
2025-05-07 17:17:00 - DEBUG - [_process_strategies] [N/A] ⏱ Skipping EMA_Cross_ema50, not yet time (every 5m)
2025-05-07 17:17:00 - DEBUG - [_process_strategies] [N/A] ⏱ Skipping SMA_Cross_sma50, not yet time (every 5m)
2025-05-07 17:17:00 - DEBUG - [_process_strategies] [N/A] ⏱ Skipping SMA_Cross_candle, not yet time (every 5m)
2025-05-07 17:17:00 - DEBUG - [_process_strategies] [N/A] ⏱ Skipping EMA_Cross_candle, not yet time (every 5m)
2025-05-07 17:17:00 - INFO - [_update_active_orders_and_telegram] [N/A] 📊 Updating SL/TP for active orders
2025-05-07 17:17:01 - INFO - [_wait_until_next_iteration] [N/A] ⏳ Sleeping for 58.92 seconds before the next cycle
2025-05-07 17:18:00 - DEBUG - [_process_strategies] [N/A] ⏱ Skipping VWAP_diff_signal_rsi_1700, not yet time (every 5m)
2025-05-07 17:18:00 - DEBUG - [_process_strategies] [N/A] ⏱ Skipping VWAP_diff_signal_1700_volume, not yet time (every 5m)
2025-05-07 17:18:00 - DEBUG - [_process_strategies] [N/A] ⏱ Skipping VWAP_diff_signal_1700, not yet time (every 5m)
2025-05-07 17:18:00 - DEBUG - [_process_strategies] [N/A] ⏱ Skipping EMA_Cross_ema50, not yet time (every 5m)
2025-05-07 17:18:00 - DEBUG - [_process_strategies] [N/A] ⏱ Skipping SMA_Cross_sma50, not yet time (every 5m)
2025-05-07 17:18:00 - DEBUG - [_process_strategies] [N/A] ⏱ Skipping SMA_Cross_candle, not yet time (every 5m)
2025-05-07 17:18:00 - DEBUG - [_process_strategies] [N/A] ⏱ Skipping EMA_Cross_candle, not yet time (every 5m)
2025-05-07 17:18:00 - INFO - [_update_active_orders_and_telegram] [N/A] 📊 Updating SL/TP for active orders
2025-05-07 17:18:01 - INFO - [_wait_until_next_iteration] [N/A] ⏳ Sleeping for 58.92 seconds before the next cycle
2025-05-07 17:19:00 - DEBUG - [_process_strategies] [N/A] ⏱ Skipping VWAP_diff_signal_rsi_1700, not yet time (every 5m)
2025-05-07 17:19:00 - DEBUG - [_process_strategies] [N/A] ⏱ Skipping VWAP_diff_signal_1700_volume, not yet time (every 5m)
2025-05-07 17:19:00 - DEBUG - [_process_strategies] [N/A] ⏱ Skipping VWAP_diff_signal_1700, not yet time (every 5m)
2025-05-07 17:19:00 - DEBUG - [_process_strategies] [N/A] ⏱ Skipping EMA_Cross_ema50, not yet time (every 5m)
2025-05-07 17:19:00 - DEBUG - [_process_strategies] [N/A] ⏱ Skipping SMA_Cross_sma50, not yet time (every 5m)
2025-05-07 17:19:00 - DEBUG - [_process_strategies] [N/A] ⏱ Skipping SMA_Cross_candle, not yet time (every 5m)
2025-05-07 17:19:00 - DEBUG - [_process_strategies] [N/A] ⏱ Skipping EMA_Cross_candle, not yet time (every 5m)
2025-05-07 17:19:00 - INFO - [_update_active_orders_and_telegram] [N/A] 📊 Updating SL/TP for active orders
2025-05-07 17:19:01 - INFO - [_wait_until_next_iteration] [N/A] ⏳ Sleeping for 58.92 seconds before the next cycle
2025-05-07 17:20:00 - INFO - [_run_strategy_if_applicable] [N/A] ⏰ Strategy 'VWAP_diff_signal_rsi_1700' not executed because it's outside the time window: 17:30:00 - 19:00:00
2025-05-07 17:20:00 - INFO - [_run_strategy_if_applicable] [N/A] ⏰ Strategy 'VWAP_diff_signal_1700_volume' not executed because it's outside the time window: 17:30:00 - 19:00:00
2025-05-07 17:20:00 - INFO - [_run_strategy_if_applicable] [N/A] ⏰ Strategy 'VWAP_diff_signal_1700' not executed because it's outside the time window: 17:30:00 - 19:00:00
2025-05-07 17:20:00 - INFO - [_run_strategy_if_applicable] [N/A] ⏰ Strategy 'EMA_Cross_ema50' not executed because it's outside the time window: 16:35:00 - 16:50:00
2025-05-07 17:20:00 - INFO - [_run_strategy_if_applicable] [N/A] ⏰ Strategy 'SMA_Cross_sma50' not executed because it's outside the time window: 16:35:00 - 16:50:00
2025-05-07 17:20:00 - INFO - [_run_strategy_if_applicable] [N/A] ⏰ Strategy 'SMA_Cross_candle' not executed because it's outside the time window: 16:35:00 - 16:50:00
2025-05-07 17:20:00 - INFO - [_run_strategy_if_applicable] [N/A] ⏰ Strategy 'EMA_Cross_candle' not executed because it's outside the time window: 16:35:00 - 16:50:00
2025-05-07 17:20:00 - INFO - [_update_active_orders_and_telegram] [N/A] 📊 Updating SL/TP for active orders
2025-05-07 17:20:01 - INFO - [_wait_until_next_iteration] [N/A] ⏳ Sleeping for 58.92 seconds before the next cycle
2025-05-07 17:21:00 - DEBUG - [_process_strategies] [N/A] ⏱ Skipping VWAP_diff_signal_rsi_1700, not yet time (every 5m)
2025-05-07 17:21:00 - DEBUG - [_process_strategies] [N/A] ⏱ Skipping VWAP_diff_signal_1700_volume, not yet time (every 5m)
2025-05-07 17:21:00 - DEBUG - [_process_strategies] [N/A] ⏱ Skipping VWAP_diff_signal_1700, not yet time (every 5m)
2025-05-07 17:21:00 - DEBUG - [_process_strategies] [N/A] ⏱ Skipping EMA_Cross_ema50, not yet time (every 5m)
2025-05-07 17:21:00 - DEBUG - [_process_strategies] [N/A] ⏱ Skipping SMA_Cross_sma50, not yet time (every 5m)
2025-05-07 17:21:00 - DEBUG - [_process_strategies] [N/A] ⏱ Skipping SMA_Cross_candle, not yet time (every 5m)
2025-05-07 17:21:00 - DEBUG - [_process_strategies] [N/A] ⏱ Skipping EMA_Cross_candle, not yet time (every 5m)
2025-05-07 17:21:00 - INFO - [_update_active_orders_and_telegram] [N/A] 📊 Updating SL/TP for active orders
2025-05-07 17:21:01 - INFO - [_wait_until_next_iteration] [N/A] ⏳ Sleeping for 58.93 seconds before the next cycle
2025-05-07 17:22:00 - DEBUG - [_process_strategies] [N/A] ⏱ Skipping VWAP_diff_signal_rsi_1700, not yet time (every 5m)
2025-05-07 17:22:00 - DEBUG - [_process_strategies] [N/A] ⏱ Skipping VWAP_diff_signal_1700_volume, not yet time (every 5m)
2025-05-07 17:22:00 - DEBUG - [_process_strategies] [N/A] ⏱ Skipping VWAP_diff_signal_1700, not yet time (every 5m)
2025-05-07 17:22:00 - DEBUG - [_process_strategies] [N/A] ⏱ Skipping EMA_Cross_ema50, not yet time (every 5m)
2025-05-07 17:22:00 - DEBUG - [_process_strategies] [N/A] ⏱ Skipping SMA_Cross_sma50, not yet time (every 5m)
2025-05-07 17:22:00 - DEBUG - [_process_strategies] [N/A] ⏱ Skipping SMA_Cross_candle, not yet time (every 5m)
2025-05-07 17:22:00 - DEBUG - [_process_strategies] [N/A] ⏱ Skipping EMA_Cross_candle, not yet time (every 5m)
2025-05-07 17:22:00 - INFO - [_update_active_orders_and_telegram] [N/A] 📊 Updating SL/TP for active orders
2025-05-07 17:22:01 - INFO - [_wait_until_next_iteration] [N/A] ⏳ Sleeping for 58.95 seconds before the next cycle
2025-05-07 17:23:00 - DEBUG - [_process_strategies] [N/A] ⏱ Skipping VWAP_diff_signal_rsi_1700, not yet time (every 5m)
2025-05-07 17:23:00 - DEBUG - [_process_strategies] [N/A] ⏱ Skipping VWAP_diff_signal_1700_volume, not yet time (every 5m)
2025-05-07 17:23:00 - DEBUG - [_process_strategies] [N/A] ⏱ Skipping VWAP_diff_signal_1700, not yet time (every 5m)
2025-05-07 17:23:00 - DEBUG - [_process_strategies] [N/A] ⏱ Skipping EMA_Cross_ema50, not yet time (every 5m)
2025-05-07 17:23:00 - DEBUG - [_process_strategies] [N/A] ⏱ Skipping SMA_Cross_sma50, not yet time (every 5m)
2025-05-07 17:23:00 - DEBUG - [_process_strategies] [N/A] ⏱ Skipping SMA_Cross_candle, not yet time (every 5m)
2025-05-07 17:23:00 - DEBUG - [_process_strategies] [N/A] ⏱ Skipping EMA_Cross_candle, not yet time (every 5m)
2025-05-07 17:23:00 - INFO - [_update_active_orders_and_telegram] [N/A] 📊 Updating SL/TP for active orders
2025-05-07 17:23:01 - INFO - [_wait_until_next_iteration] [N/A] ⏳ Sleeping for 58.94 seconds before the next cycle
2025-05-07 17:24:00 - DEBUG - [_process_strategies] [N/A] ⏱ Skipping VWAP_diff_signal_rsi_1700, not yet time (every 5m)
2025-05-07 17:24:00 - DEBUG - [_process_strategies] [N/A] ⏱ Skipping VWAP_diff_signal_1700_volume, not yet time (every 5m)
2025-05-07 17:24:00 - DEBUG - [_process_strategies] [N/A] ⏱ Skipping VWAP_diff_signal_1700, not yet time (every 5m)
2025-05-07 17:24:00 - DEBUG - [_process_strategies] [N/A] ⏱ Skipping EMA_Cross_ema50, not yet time (every 5m)
2025-05-07 17:24:00 - DEBUG - [_process_strategies] [N/A] ⏱ Skipping SMA_Cross_sma50, not yet time (every 5m)
2025-05-07 17:24:00 - DEBUG - [_process_strategies] [N/A] ⏱ Skipping SMA_Cross_candle, not yet time (every 5m)
2025-05-07 17:24:00 - DEBUG - [_process_strategies] [N/A] ⏱ Skipping EMA_Cross_candle, not yet time (every 5m)
2025-05-07 17:24:00 - INFO - [_update_active_orders_and_telegram] [N/A] 📊 Updating SL/TP for active orders
2025-05-07 17:24:01 - INFO - [_wait_until_next_iteration] [N/A] ⏳ Sleeping for 58.93 seconds before the next cycle
2025-05-07 17:25:00 - INFO - [_run_strategy_if_applicable] [N/A] ⏰ Strategy 'VWAP_diff_signal_rsi_1700' not executed because it's outside the time window: 17:30:00 - 19:00:00
2025-05-07 17:25:00 - INFO - [_run_strategy_if_applicable] [N/A] ⏰ Strategy 'VWAP_diff_signal_1700_volume' not executed because it's outside the time window: 17:30:00 - 19:00:00
2025-05-07 17:25:00 - INFO - [_run_strategy_if_applicable] [N/A] ⏰ Strategy 'VWAP_diff_signal_1700' not executed because it's outside the time window: 17:30:00 - 19:00:00
2025-05-07 17:25:00 - INFO - [_run_strategy_if_applicable] [N/A] ⏰ Strategy 'EMA_Cross_ema50' not executed because it's outside the time window: 16:35:00 - 16:50:00
2025-05-07 17:25:00 - INFO - [_run_strategy_if_applicable] [N/A] ⏰ Strategy 'SMA_Cross_sma50' not executed because it's outside the time window: 16:35:00 - 16:50:00
2025-05-07 17:25:00 - INFO - [_run_strategy_if_applicable] [N/A] ⏰ Strategy 'SMA_Cross_candle' not executed because it's outside the time window: 16:35:00 - 16:50:00
2025-05-07 17:25:00 - INFO - [_run_strategy_if_applicable] [N/A] ⏰ Strategy 'EMA_Cross_candle' not executed because it's outside the time window: 16:35:00 - 16:50:00
2025-05-07 17:25:00 - INFO - [_update_active_orders_and_telegram] [N/A] 📊 Updating SL/TP for active orders
2025-05-07 17:25:01 - INFO - [_wait_until_next_iteration] [N/A] ⏳ Sleeping for 58.93 seconds before the next cycle
2025-05-07 17:26:00 - DEBUG - [_process_strategies] [N/A] ⏱ Skipping VWAP_diff_signal_rsi_1700, not yet time (every 5m)
2025-05-07 17:26:00 - DEBUG - [_process_strategies] [N/A] ⏱ Skipping VWAP_diff_signal_1700_volume, not yet time (every 5m)
2025-05-07 17:26:00 - DEBUG - [_process_strategies] [N/A] ⏱ Skipping VWAP_diff_signal_1700, not yet time (every 5m)
2025-05-07 17:26:00 - DEBUG - [_process_strategies] [N/A] ⏱ Skipping EMA_Cross_ema50, not yet time (every 5m)
2025-05-07 17:26:00 - DEBUG - [_process_strategies] [N/A] ⏱ Skipping SMA_Cross_sma50, not yet time (every 5m)
2025-05-07 17:26:00 - DEBUG - [_process_strategies] [N/A] ⏱ Skipping SMA_Cross_candle, not yet time (every 5m)
2025-05-07 17:26:00 - DEBUG - [_process_strategies] [N/A] ⏱ Skipping EMA_Cross_candle, not yet time (every 5m)
2025-05-07 17:26:00 - INFO - [_update_active_orders_and_telegram] [N/A] 📊 Updating SL/TP for active orders
2025-05-07 17:26:01 - INFO - [_wait_until_next_iteration] [N/A] ⏳ Sleeping for 58.92 seconds before the next cycle
2025-05-07 17:27:00 - DEBUG - [_process_strategies] [N/A] ⏱ Skipping VWAP_diff_signal_rsi_1700, not yet time (every 5m)
2025-05-07 17:27:00 - DEBUG - [_process_strategies] [N/A] ⏱ Skipping VWAP_diff_signal_1700_volume, not yet time (every 5m)
2025-05-07 17:27:00 - DEBUG - [_process_strategies] [N/A] ⏱ Skipping VWAP_diff_signal_1700, not yet time (every 5m)
2025-05-07 17:27:00 - DEBUG - [_process_strategies] [N/A] ⏱ Skipping EMA_Cross_ema50, not yet time (every 5m)
2025-05-07 17:27:00 - DEBUG - [_process_strategies] [N/A] ⏱ Skipping SMA_Cross_sma50, not yet time (every 5m)
2025-05-07 17:27:00 - DEBUG - [_process_strategies] [N/A] ⏱ Skipping SMA_Cross_candle, not yet time (every 5m)
2025-05-07 17:27:00 - DEBUG - [_process_strategies] [N/A] ⏱ Skipping EMA_Cross_candle, not yet time (every 5m)
2025-05-07 17:27:00 - INFO - [_update_active_orders_and_telegram] [N/A] 📊 Updating SL/TP for active orders
2025-05-07 17:27:01 - INFO - [_wait_until_next_iteration] [N/A] ⏳ Sleeping for 58.94 seconds before the next cycle
2025-05-07 17:28:00 - DEBUG - [_process_strategies] [N/A] ⏱ Skipping VWAP_diff_signal_rsi_1700, not yet time (every 5m)
2025-05-07 17:28:00 - DEBUG - [_process_strategies] [N/A] ⏱ Skipping VWAP_diff_signal_1700_volume, not yet time (every 5m)
2025-05-07 17:28:00 - DEBUG - [_process_strategies] [N/A] ⏱ Skipping VWAP_diff_signal_1700, not yet time (every 5m)
2025-05-07 17:28:00 - DEBUG - [_process_strategies] [N/A] ⏱ Skipping EMA_Cross_ema50, not yet time (every 5m)
2025-05-07 17:28:00 - DEBUG - [_process_strategies] [N/A] ⏱ Skipping SMA_Cross_sma50, not yet time (every 5m)
2025-05-07 17:28:00 - DEBUG - [_process_strategies] [N/A] ⏱ Skipping SMA_Cross_candle, not yet time (every 5m)
2025-05-07 17:28:00 - DEBUG - [_process_strategies] [N/A] ⏱ Skipping EMA_Cross_candle, not yet time (every 5m)
2025-05-07 17:28:00 - INFO - [_update_active_orders_and_telegram] [N/A] 📊 Updating SL/TP for active orders
2025-05-07 17:28:01 - INFO - [_wait_until_next_iteration] [N/A] ⏳ Sleeping for 58.92 seconds before the next cycle
2025-05-07 17:29:00 - DEBUG - [_process_strategies] [N/A] ⏱ Skipping VWAP_diff_signal_rsi_1700, not yet time (every 5m)
2025-05-07 17:29:00 - DEBUG - [_process_strategies] [N/A] ⏱ Skipping VWAP_diff_signal_1700_volume, not yet time (every 5m)
2025-05-07 17:29:00 - DEBUG - [_process_strategies] [N/A] ⏱ Skipping VWAP_diff_signal_1700, not yet time (every 5m)
2025-05-07 17:29:00 - DEBUG - [_process_strategies] [N/A] ⏱ Skipping EMA_Cross_ema50, not yet time (every 5m)
2025-05-07 17:29:00 - DEBUG - [_process_strategies] [N/A] ⏱ Skipping SMA_Cross_sma50, not yet time (every 5m)
2025-05-07 17:29:00 - DEBUG - [_process_strategies] [N/A] ⏱ Skipping SMA_Cross_candle, not yet time (every 5m)
2025-05-07 17:29:00 - DEBUG - [_process_strategies] [N/A] ⏱ Skipping EMA_Cross_candle, not yet time (every 5m)
2025-05-07 17:29:00 - INFO - [_update_active_orders_and_telegram] [N/A] 📊 Updating SL/TP for active orders
2025-05-07 17:29:01 - INFO - [_wait_until_next_iteration] [N/A] ⏳ Sleeping for 58.93 seconds before the next cycle
2025-05-07 17:30:00 - INFO - [_run_strategy_if_applicable] [N/A] 🔄 Starting trading loop for strategy: VWAP_diff_signal_rsi_1700
2025-05-07 17:30:00 - INFO - [get_stock_data] [IVZ] Requesting data for IVZ
2025-05-07 17:30:01 - INFO - [get_stock_data] [IVZ] Data received for IVZ: 90 rows
2025-05-07 17:30:01 - INFO - [check_vwap_diff_signal_with_rsi] [IVZ] Analyzing VWAP reversal signal for IVZ
2025-05-07 17:30:01 - INFO - [check_vwap_diff_signal_with_rsi] [IVZ] Close: 14.38 | Low: 14.36 | High: 14.39 | VWAP: 14.394262029313783 | RSI: 58.03
2025-05-07 17:30:01 - DEBUG - [check_vwap_diff_signal_with_rsi] [IVZ] [IVZ] Last Candela: VWAP-Low=0.24%, High-VWAP=-0.03%
2025-05-07 17:30:01 - DEBUG - [check_vwap_diff_signal_with_rsi] [IVZ] No VWAP+RSI signal detected
2025-05-07 17:30:01 - INFO - [_process_ticker] [IVZ] ℹ️ No valid signal for IVZ
2025-05-07 17:30:01 - INFO - [get_stock_data] [FCX] Requesting data for FCX
2025-05-07 17:30:02 - INFO - [get_stock_data] [FCX] Data received for FCX: 90 rows
2025-05-07 17:30:02 - INFO - [check_vwap_diff_signal_with_rsi] [FCX] Analyzing VWAP reversal signal for FCX
2025-05-07 17:30:02 - INFO - [check_vwap_diff_signal_with_rsi] [FCX] Close: 37.06 | Low: 37.04 | High: 37.14 | VWAP: 37.23169323302604 | RSI: 27.05
2025-05-07 17:30:02 - DEBUG - [check_vwap_diff_signal_with_rsi] [FCX] [FCX] Last Candela: VWAP-Low=0.51%, High-VWAP=-0.25%
2025-05-07 17:30:02 - DEBUG - [check_vwap_diff_signal_with_rsi] [FCX] No VWAP+RSI signal detected
2025-05-07 17:30:02 - INFO - [_process_ticker] [FCX] ℹ️ No valid signal for FCX
2025-05-07 17:30:02 - INFO - [get_stock_data] [HST] Requesting data for HST
2025-05-07 17:30:03 - INFO - [get_stock_data] [HST] Data received for HST: 90 rows
2025-05-07 17:30:03 - INFO - [check_vwap_diff_signal_with_rsi] [HST] Analyzing VWAP reversal signal for HST
2025-05-07 17:30:03 - INFO - [check_vwap_diff_signal_with_rsi] [HST] Close: 14.53 | Low: 14.49 | High: 14.55 | VWAP: 14.533475416602291 | RSI: 51.52
2025-05-07 17:30:03 - DEBUG - [check_vwap_diff_signal_with_rsi] [HST] [HST] Last Candela: VWAP-Low=0.30%, High-VWAP=0.11%
2025-05-07 17:30:03 - DEBUG - [check_vwap_diff_signal_with_rsi] [HST] No VWAP+RSI signal detected
2025-05-07 17:30:03 - INFO - [_process_ticker] [HST] ℹ️ No valid signal for HST
2025-05-07 17:30:03 - INFO - [get_stock_data] [IVZ] Requesting data for IVZ
2025-05-07 17:30:04 - INFO - [get_stock_data] [IVZ] Data received for IVZ: 90 rows
2025-05-07 17:30:04 - INFO - [check_vwap_diff_signal_with_rsi] [IVZ] Analyzing VWAP reversal signal for IVZ
2025-05-07 17:30:04 - INFO - [check_vwap_diff_signal_with_rsi] [IVZ] Close: 14.38 | Low: 14.36 | High: 14.39 | VWAP: 14.394262029313783 | RSI: 58.03
2025-05-07 17:30:04 - DEBUG - [check_vwap_diff_signal_with_rsi] [IVZ] [IVZ] Last Candela: VWAP-Low=0.24%, High-VWAP=-0.03%
2025-05-07 17:30:04 - DEBUG - [check_vwap_diff_signal_with_rsi] [IVZ] No VWAP+RSI signal detected
2025-05-07 17:30:04 - INFO - [_process_ticker] [IVZ] ℹ️ No valid signal for IVZ
2025-05-07 17:30:04 - INFO - [get_stock_data] [NEM] Requesting data for NEM
2025-05-07 17:30:05 - INFO - [get_stock_data] [NEM] Data received for NEM: 91 rows
2025-05-07 17:30:05 - INFO - [check_vwap_diff_signal_with_rsi] [NEM] Analyzing VWAP reversal signal for NEM
2025-05-07 17:30:05 - INFO - [check_vwap_diff_signal_with_rsi] [NEM] Close: 53.75 | Low: 53.75 | High: 53.75 | VWAP: 54.038292766227315 | RSI: 36.75
2025-05-07 17:30:05 - DEBUG - [check_vwap_diff_signal_with_rsi] [NEM] [NEM] Last Candela: VWAP-Low=0.53%, High-VWAP=-0.53%
2025-05-07 17:30:05 - DEBUG - [check_vwap_diff_signal_with_rsi] [NEM] No VWAP+RSI signal detected
2025-05-07 17:30:05 - INFO - [_process_ticker] [NEM] ℹ️ No valid signal for NEM
2025-05-07 17:30:05 - INFO - [get_stock_data] [LUV] Requesting data for LUV
2025-05-07 17:30:06 - INFO - [get_stock_data] [LUV] Data received for LUV: 91 rows
2025-05-07 17:30:06 - INFO - [check_vwap_diff_signal_with_rsi] [LUV] Analyzing VWAP reversal signal for LUV
2025-05-07 17:30:06 - INFO - [check_vwap_diff_signal_with_rsi] [LUV] Close: 30.2 | Low: 30.19 | High: 30.2 | VWAP: 30.025634693977302 | RSI: 68.76
2025-05-07 17:30:06 - DEBUG - [check_vwap_diff_signal_with_rsi] [LUV] [LUV] Last Candela: VWAP-Low=-0.55%, High-VWAP=0.58%
2025-05-07 17:30:06 - DEBUG - [check_vwap_diff_signal_with_rsi] [LUV] No VWAP+RSI signal detected
2025-05-07 17:30:06 - INFO - [_process_ticker] [LUV] ℹ️ No valid signal for LUV
2025-05-07 17:30:06 - INFO - [_run_strategy_if_applicable] [N/A] 🔄 Starting trading loop for strategy: VWAP_diff_signal_1700_volume
2025-05-07 17:30:06 - DEBUG - [_process_ticker] [GEN] 🚫 Trade not allowed for GEN (limit reached)
2025-05-07 17:30:06 - INFO - [get_stock_data] [HPQ] Requesting data for HPQ
2025-05-07 17:30:07 - INFO - [get_stock_data] [HPQ] Data received for HPQ: 91 rows
2025-05-07 17:30:07 - INFO - [check_vwap_diff_signal_with_volume] [HPQ] Analyzing VWAP reversal signal for HPQ
2025-05-07 17:30:07 - INFO - [_process_ticker] [HPQ] ℹ️ No valid signal for HPQ
2025-05-07 17:30:07 - INFO - [get_stock_data] [INTC] Requesting data for INTC
2025-05-07 17:30:08 - INFO - [get_stock_data] [INTC] Data received for INTC: 91 rows
2025-05-07 17:30:08 - INFO - [check_vwap_diff_signal_with_volume] [INTC] Analyzing VWAP reversal signal for INTC
2025-05-07 17:30:08 - INFO - [_process_ticker] [INTC] ℹ️ No valid signal for INTC
2025-05-07 17:30:08 - INFO - [get_stock_data] [RF] Requesting data for RF
2025-05-07 17:30:09 - INFO - [get_stock_data] [RF] Data received for RF: 91 rows
2025-05-07 17:30:09 - INFO - [check_vwap_diff_signal_with_volume] [RF] Analyzing VWAP reversal signal for RF
2025-05-07 17:30:09 - INFO - [_process_ticker] [RF] ℹ️ No valid signal for RF
2025-05-07 17:30:09 - INFO - [_run_strategy_if_applicable] [N/A] 🔄 Starting trading loop for strategy: VWAP_diff_signal_1700
2025-05-07 17:30:09 - INFO - [get_stock_data] [CZR] Requesting data for CZR
2025-05-07 17:30:10 - INFO - [get_stock_data] [CZR] Data received for CZR: 91 rows
2025-05-07 17:30:10 - INFO - [check_vwap_diff_signal] [CZR] Analyzing VWAP reversal signal for CZR
2025-05-07 17:30:10 - INFO - [check_vwap_diff_signal] [CZR] Close: 26.89 | Low: 26.89 | High: 26.89 | VWAP: 26.930771209884604
2025-05-07 17:30:10 - DEBUG - [check_vwap_diff_signal] [CZR] [CZR] Last Candela: VWAP-Low=0.15%, High-VWAP=-0.15%
2025-05-07 17:30:10 - DEBUG - [check_vwap_diff_signal] [CZR] No VWAP signal detected
2025-05-07 17:30:10 - INFO - [_process_ticker] [CZR] ℹ️ No valid signal for CZR
2025-05-07 17:30:10 - INFO - [get_stock_data] [MTCH] Requesting data for MTCH
2025-05-07 17:30:11 - INFO - [get_stock_data] [MTCH] Data received for MTCH: 91 rows
2025-05-07 17:30:11 - INFO - [check_vwap_diff_signal] [MTCH] Analyzing VWAP reversal signal for MTCH
2025-05-07 17:30:11 - INFO - [check_vwap_diff_signal] [MTCH] Close: 30.43 | Low: 30.43 | High: 30.43 | VWAP: 30.406276390097464
2025-05-07 17:30:11 - DEBUG - [check_vwap_diff_signal] [MTCH] [MTCH] Last Candela: VWAP-Low=-0.08%, High-VWAP=0.08%
2025-05-07 17:30:11 - DEBUG - [check_vwap_diff_signal] [MTCH] No VWAP signal detected
2025-05-07 17:30:11 - INFO - [_process_ticker] [MTCH] ℹ️ No valid signal for MTCH
2025-05-07 17:30:11 - INFO - [get_stock_data] [NCHL] Requesting data for NCHL
2025-05-07 17:30:12 - ERROR - [get_stock_data] [NCHL] Error retrieving data: 'NoneType' object has no attribute 'empty'
2025-05-07 17:30:12 - INFO - [get_stock_data] [HBAN] Requesting data for HBAN
2025-05-07 17:30:13 - INFO - [get_stock_data] [HBAN] Data received for HBAN: 91 rows
2025-05-07 17:30:13 - INFO - [check_vwap_diff_signal] [HBAN] Analyzing VWAP reversal signal for HBAN
2025-05-07 17:30:13 - INFO - [check_vwap_diff_signal] [HBAN] Close: 15.04 | Low: 15.03 | High: 15.04 | VWAP: 15.019819425438659
2025-05-07 17:30:13 - DEBUG - [check_vwap_diff_signal] [HBAN] [HBAN] Last Candela: VWAP-Low=-0.07%, High-VWAP=0.13%
2025-05-07 17:30:13 - DEBUG - [check_vwap_diff_signal] [HBAN] No VWAP signal detected
2025-05-07 17:30:13 - INFO - [_process_ticker] [HBAN] ℹ️ No valid signal for HBAN
2025-05-07 17:30:13 - INFO - [get_stock_data] [MRNA] Requesting data for MRNA
2025-05-07 17:30:14 - INFO - [get_stock_data] [MRNA] Data received for MRNA: 91 rows
2025-05-07 17:30:14 - INFO - [check_vwap_diff_signal] [MRNA] Analyzing VWAP reversal signal for MRNA
2025-05-07 17:30:14 - INFO - [check_vwap_diff_signal] [MRNA] Close: 24.15 | Low: 24.15 | High: 24.16 | VWAP: 24.4466789504816
2025-05-07 17:30:14 - DEBUG - [check_vwap_diff_signal] [MRNA] [MRNA] Last Candela: VWAP-Low=1.21%, High-VWAP=-1.17%
2025-05-07 17:30:14 - DEBUG - [check_vwap_diff_signal] [MRNA] No VWAP signal detected
2025-05-07 17:30:14 - INFO - [_process_ticker] [MRNA] ℹ️ No valid signal for MRNA
2025-05-07 17:30:14 - INFO - [get_stock_data] [WBD] Requesting data for WBD
2025-05-07 17:30:15 - INFO - [get_stock_data] [WBD] Data received for WBD: 91 rows
2025-05-07 17:30:15 - INFO - [check_vwap_diff_signal] [WBD] Analyzing VWAP reversal signal for WBD
2025-05-07 17:30:15 - INFO - [check_vwap_diff_signal] [WBD] Close: 8.58 | Low: 8.57 | High: 8.58 | VWAP: 8.575920769942812
2025-05-07 17:30:15 - DEBUG - [check_vwap_diff_signal] [WBD] [WBD] Last Candela: VWAP-Low=0.07%, High-VWAP=0.05%
2025-05-07 17:30:15 - DEBUG - [check_vwap_diff_signal] [WBD] No VWAP signal detected
2025-05-07 17:30:15 - INFO - [_process_ticker] [WBD] ℹ️ No valid signal for WBD
2025-05-07 17:30:15 - INFO - [get_stock_data] [CMCSA] Requesting data for CMCSA
2025-05-07 17:30:16 - INFO - [get_stock_data] [CMCSA] Data received for CMCSA: 91 rows
2025-05-07 17:30:16 - INFO - [check_vwap_diff_signal] [CMCSA] Analyzing VWAP reversal signal for CMCSA
2025-05-07 17:30:16 - INFO - [check_vwap_diff_signal] [CMCSA] Close: 34.62 | Low: 34.62 | High: 34.63 | VWAP: 34.71462278749034
2025-05-07 17:30:16 - DEBUG - [check_vwap_diff_signal] [CMCSA] [CMCSA] Last Candela: VWAP-Low=0.27%, High-VWAP=-0.24%
2025-05-07 17:30:16 - DEBUG - [check_vwap_diff_signal] [CMCSA] No VWAP signal detected
2025-05-07 17:30:16 - INFO - [_process_ticker] [CMCSA] ℹ️ No valid signal for CMCSA
2025-05-07 17:30:16 - INFO - [_run_strategy_if_applicable] [N/A] ⏰ Strategy 'EMA_Cross_ema50' not executed because it's outside the time window: 16:35:00 - 16:50:00
2025-05-07 17:30:16 - INFO - [_run_strategy_if_applicable] [N/A] ⏰ Strategy 'SMA_Cross_sma50' not executed because it's outside the time window: 16:35:00 - 16:50:00
2025-05-07 17:30:16 - INFO - [_run_strategy_if_applicable] [N/A] ⏰ Strategy 'SMA_Cross_candle' not executed because it's outside the time window: 16:35:00 - 16:50:00
2025-05-07 17:30:16 - INFO - [_run_strategy_if_applicable] [N/A] ⏰ Strategy 'EMA_Cross_candle' not executed because it's outside the time window: 16:35:00 - 16:50:00
2025-05-07 17:30:16 - INFO - [_update_active_orders_and_telegram] [N/A] 📊 Updating SL/TP for active orders
2025-05-07 17:30:17 - INFO - [_wait_until_next_iteration] [N/A] ⏳ Sleeping for 42.31 seconds before the next cycle
2025-05-07 17:31:00 - DEBUG - [_process_strategies] [N/A] ⏱ Skipping VWAP_diff_signal_rsi_1700, not yet time (every 5m)
2025-05-07 17:31:00 - DEBUG - [_process_strategies] [N/A] ⏱ Skipping VWAP_diff_signal_1700_volume, not yet time (every 5m)
2025-05-07 17:31:00 - DEBUG - [_process_strategies] [N/A] ⏱ Skipping VWAP_diff_signal_1700, not yet time (every 5m)
2025-05-07 17:31:00 - DEBUG - [_process_strategies] [N/A] ⏱ Skipping EMA_Cross_ema50, not yet time (every 5m)
2025-05-07 17:31:00 - DEBUG - [_process_strategies] [N/A] ⏱ Skipping SMA_Cross_sma50, not yet time (every 5m)
2025-05-07 17:31:00 - DEBUG - [_process_strategies] [N/A] ⏱ Skipping SMA_Cross_candle, not yet time (every 5m)
2025-05-07 17:31:00 - DEBUG - [_process_strategies] [N/A] ⏱ Skipping EMA_Cross_candle, not yet time (every 5m)
2025-05-07 17:31:00 - INFO - [_update_active_orders_and_telegram] [N/A] 📊 Updating SL/TP for active orders
2025-05-07 17:31:01 - INFO - [_wait_until_next_iteration] [N/A] ⏳ Sleeping for 58.94 seconds before the next cycle
2025-05-07 17:32:00 - DEBUG - [_process_strategies] [N/A] ⏱ Skipping VWAP_diff_signal_rsi_1700, not yet time (every 5m)
2025-05-07 17:32:00 - DEBUG - [_process_strategies] [N/A] ⏱ Skipping VWAP_diff_signal_1700_volume, not yet time (every 5m)
2025-05-07 17:32:00 - DEBUG - [_process_strategies] [N/A] ⏱ Skipping VWAP_diff_signal_1700, not yet time (every 5m)
2025-05-07 17:32:00 - DEBUG - [_process_strategies] [N/A] ⏱ Skipping EMA_Cross_ema50, not yet time (every 5m)
2025-05-07 17:32:00 - DEBUG - [_process_strategies] [N/A] ⏱ Skipping SMA_Cross_sma50, not yet time (every 5m)
2025-05-07 17:32:00 - DEBUG - [_process_strategies] [N/A] ⏱ Skipping SMA_Cross_candle, not yet time (every 5m)
2025-05-07 17:32:00 - DEBUG - [_process_strategies] [N/A] ⏱ Skipping EMA_Cross_candle, not yet time (every 5m)
2025-05-07 17:32:00 - INFO - [_update_active_orders_and_telegram] [N/A] 📊 Updating SL/TP for active orders
2025-05-07 17:32:01 - INFO - [_wait_until_next_iteration] [N/A] ⏳ Sleeping for 58.93 seconds before the next cycle
2025-05-07 17:33:00 - DEBUG - [_process_strategies] [N/A] ⏱ Skipping VWAP_diff_signal_rsi_1700, not yet time (every 5m)
2025-05-07 17:33:00 - DEBUG - [_process_strategies] [N/A] ⏱ Skipping VWAP_diff_signal_1700_volume, not yet time (every 5m)
2025-05-07 17:33:00 - DEBUG - [_process_strategies] [N/A] ⏱ Skipping VWAP_diff_signal_1700, not yet time (every 5m)
2025-05-07 17:33:00 - DEBUG - [_process_strategies] [N/A] ⏱ Skipping EMA_Cross_ema50, not yet time (every 5m)
2025-05-07 17:33:00 - DEBUG - [_process_strategies] [N/A] ⏱ Skipping SMA_Cross_sma50, not yet time (every 5m)
2025-05-07 17:33:00 - DEBUG - [_process_strategies] [N/A] ⏱ Skipping SMA_Cross_candle, not yet time (every 5m)
2025-05-07 17:33:00 - DEBUG - [_process_strategies] [N/A] ⏱ Skipping EMA_Cross_candle, not yet time (every 5m)
2025-05-07 17:33:00 - INFO - [_update_active_orders_and_telegram] [N/A] 📊 Updating SL/TP for active orders
2025-05-07 17:33:01 - INFO - [_wait_until_next_iteration] [N/A] ⏳ Sleeping for 58.95 seconds before the next cycle
2025-05-07 17:34:00 - DEBUG - [_process_strategies] [N/A] ⏱ Skipping VWAP_diff_signal_rsi_1700, not yet time (every 5m)
2025-05-07 17:34:00 - DEBUG - [_process_strategies] [N/A] ⏱ Skipping VWAP_diff_signal_1700_volume, not yet time (every 5m)
2025-05-07 17:34:00 - DEBUG - [_process_strategies] [N/A] ⏱ Skipping VWAP_diff_signal_1700, not yet time (every 5m)
2025-05-07 17:34:00 - DEBUG - [_process_strategies] [N/A] ⏱ Skipping EMA_Cross_ema50, not yet time (every 5m)
2025-05-07 17:34:00 - DEBUG - [_process_strategies] [N/A] ⏱ Skipping SMA_Cross_sma50, not yet time (every 5m)
2025-05-07 17:34:00 - DEBUG - [_process_strategies] [N/A] ⏱ Skipping SMA_Cross_candle, not yet time (every 5m)
2025-05-07 17:34:00 - DEBUG - [_process_strategies] [N/A] ⏱ Skipping EMA_Cross_candle, not yet time (every 5m)
2025-05-07 17:34:00 - INFO - [_update_active_orders_and_telegram] [N/A] 📊 Updating SL/TP for active orders
2025-05-07 17:34:01 - INFO - [_wait_until_next_iteration] [N/A] ⏳ Sleeping for 58.93 seconds before the next cycle
2025-05-07 17:35:00 - INFO - [_run_strategy_if_applicable] [N/A] 🔄 Starting trading loop for strategy: VWAP_diff_signal_rsi_1700
2025-05-07 17:35:00 - INFO - [get_stock_data] [IVZ] Requesting data for IVZ
2025-05-07 17:35:00 - INFO - [get_stock_data] [IVZ] Data received for IVZ: 91 rows
2025-05-07 17:35:00 - INFO - [check_vwap_diff_signal_with_rsi] [IVZ] Analyzing VWAP reversal signal for IVZ
2025-05-07 17:35:00 - INFO - [check_vwap_diff_signal_with_rsi] [IVZ] Close: 14.37 | Low: 14.36 | High: 14.41 | VWAP: 14.39309220949413 | RSI: 56.49
2025-05-07 17:35:00 - DEBUG - [check_vwap_diff_signal_with_rsi] [IVZ] [IVZ] Last Candela: VWAP-Low=0.23%, High-VWAP=0.12%
2025-05-07 17:35:00 - DEBUG - [check_vwap_diff_signal_with_rsi] [IVZ] No VWAP+RSI signal detected
2025-05-07 17:35:00 - INFO - [_process_ticker] [IVZ] ℹ️ No valid signal for IVZ
2025-05-07 17:35:00 - INFO - [get_stock_data] [FCX] Requesting data for FCX
2025-05-07 17:35:01 - INFO - [get_stock_data] [FCX] Data received for FCX: 91 rows
2025-05-07 17:35:01 - INFO - [check_vwap_diff_signal_with_rsi] [FCX] Analyzing VWAP reversal signal for FCX
2025-05-07 17:35:01 - INFO - [check_vwap_diff_signal_with_rsi] [FCX] Close: 37.15 | Low: 37.03 | High: 37.17 | VWAP: 37.22916293644352 | RSI: 33.22
2025-05-07 17:35:01 - DEBUG - [check_vwap_diff_signal_with_rsi] [FCX] [FCX] Last Candela: VWAP-Low=0.53%, High-VWAP=-0.16%
2025-05-07 17:35:01 - DEBUG - [check_vwap_diff_signal_with_rsi] [FCX] No VWAP+RSI signal detected
2025-05-07 17:35:01 - INFO - [_process_ticker] [FCX] ℹ️ No valid signal for FCX
2025-05-07 17:35:01 - INFO - [get_stock_data] [HST] Requesting data for HST
2025-05-07 17:35:02 - INFO - [get_stock_data] [HST] Data received for HST: 91 rows
2025-05-07 17:35:02 - INFO - [check_vwap_diff_signal_with_rsi] [HST] Analyzing VWAP reversal signal for HST
2025-05-07 17:35:02 - INFO - [check_vwap_diff_signal_with_rsi] [HST] Close: 14.57 | Low: 14.53 | High: 14.57 | VWAP: 14.534592128335976 | RSI: 58.00
2025-05-07 17:35:02 - DEBUG - [check_vwap_diff_signal_with_rsi] [HST] [HST] Last Candela: VWAP-Low=0.03%, High-VWAP=0.24%
2025-05-07 17:35:02 - DEBUG - [check_vwap_diff_signal_with_rsi] [HST] No VWAP+RSI signal detected
2025-05-07 17:35:02 - INFO - [_process_ticker] [HST] ℹ️ No valid signal for HST
2025-05-07 17:35:02 - INFO - [get_stock_data] [IVZ] Requesting data for IVZ
2025-05-07 17:35:02 - INFO - [get_stock_data] [IVZ] Data received for IVZ: 91 rows
2025-05-07 17:35:02 - INFO - [check_vwap_diff_signal_with_rsi] [IVZ] Analyzing VWAP reversal signal for IVZ
2025-05-07 17:35:02 - INFO - [check_vwap_diff_signal_with_rsi] [IVZ] Close: 14.36 | Low: 14.36 | High: 14.41 | VWAP: 14.392602963255888 | RSI: 55.02
2025-05-07 17:35:02 - DEBUG - [check_vwap_diff_signal_with_rsi] [IVZ] [IVZ] Last Candela: VWAP-Low=0.23%, High-VWAP=0.12%
2025-05-07 17:35:02 - DEBUG - [check_vwap_diff_signal_with_rsi] [IVZ] No VWAP+RSI signal detected
2025-05-07 17:35:02 - INFO - [_process_ticker] [IVZ] ℹ️ No valid signal for IVZ
2025-05-07 17:35:02 - INFO - [get_stock_data] [NEM] Requesting data for NEM
2025-05-07 17:35:03 - INFO - [get_stock_data] [NEM] Data received for NEM: 91 rows
2025-05-07 17:35:03 - INFO - [check_vwap_diff_signal_with_rsi] [NEM] Analyzing VWAP reversal signal for NEM
2025-05-07 17:35:03 - INFO - [check_vwap_diff_signal_with_rsi] [NEM] Close: 53.82 | Low: 53.72 | High: 53.82 | VWAP: 54.03216507136937 | RSI: 39.72
2025-05-07 17:35:03 - DEBUG - [check_vwap_diff_signal_with_rsi] [NEM] [NEM] Last Candela: VWAP-Low=0.58%, High-VWAP=-0.39%
2025-05-07 17:35:03 - DEBUG - [check_vwap_diff_signal_with_rsi] [NEM] No VWAP+RSI signal detected
2025-05-07 17:35:03 - INFO - [_process_ticker] [NEM] ℹ️ No valid signal for NEM
2025-05-07 17:35:03 - INFO - [get_stock_data] [LUV] Requesting data for LUV
2025-05-07 17:35:03 - INFO - [get_stock_data] [LUV] Data received for LUV: 91 rows
2025-05-07 17:35:03 - INFO - [check_vwap_diff_signal_with_rsi] [LUV] Analyzing VWAP reversal signal for LUV
2025-05-07 17:35:03 - INFO - [check_vwap_diff_signal_with_rsi] [LUV] Close: 30.24 | Low: 30.19 | High: 30.27 | VWAP: 30.037976658782817 | RSI: 71.11
2025-05-07 17:35:03 - DEBUG - [check_vwap_diff_signal_with_rsi] [LUV] [LUV] Last Candela: VWAP-Low=-0.51%, High-VWAP=0.77%
2025-05-07 17:35:03 - DEBUG - [check_vwap_diff_signal_with_rsi] [LUV] No VWAP+RSI signal detected
2025-05-07 17:35:03 - INFO - [_process_ticker] [LUV] ℹ️ No valid signal for LUV
2025-05-07 17:35:03 - INFO - [_run_strategy_if_applicable] [N/A] 🔄 Starting trading loop for strategy: VWAP_diff_signal_1700_volume
2025-05-07 17:35:03 - DEBUG - [_process_ticker] [GEN] 🚫 Trade not allowed for GEN (limit reached)
2025-05-07 17:35:03 - INFO - [get_stock_data] [HPQ] Requesting data for HPQ
2025-05-07 17:35:04 - INFO - [get_stock_data] [HPQ] Data received for HPQ: 91 rows
2025-05-07 17:35:04 - INFO - [check_vwap_diff_signal_with_volume] [HPQ] Analyzing VWAP reversal signal for HPQ
2025-05-07 17:35:04 - INFO - [_process_ticker] [HPQ] ℹ️ No valid signal for HPQ
2025-05-07 17:35:04 - INFO - [get_stock_data] [INTC] Requesting data for INTC
2025-05-07 17:35:05 - INFO - [get_stock_data] [INTC] Data received for INTC: 91 rows
2025-05-07 17:35:05 - INFO - [check_vwap_diff_signal_with_volume] [INTC] Analyzing VWAP reversal signal for INTC
2025-05-07 17:35:05 - INFO - [_process_ticker] [INTC] ℹ️ No valid signal for INTC
2025-05-07 17:35:05 - INFO - [get_stock_data] [RF] Requesting data for RF
2025-05-07 17:35:06 - INFO - [get_stock_data] [RF] Data received for RF: 92 rows
2025-05-07 17:35:06 - INFO - [check_vwap_diff_signal_with_volume] [RF] Analyzing VWAP reversal signal for RF
2025-05-07 17:35:06 - INFO - [_process_ticker] [RF] ℹ️ No valid signal for RF
2025-05-07 17:35:06 - INFO - [_run_strategy_if_applicable] [N/A] 🔄 Starting trading loop for strategy: VWAP_diff_signal_1700
2025-05-07 17:35:06 - INFO - [get_stock_data] [CZR] Requesting data for CZR
2025-05-07 17:35:07 - INFO - [get_stock_data] [CZR] Data received for CZR: 92 rows
2025-05-07 17:35:07 - INFO - [check_vwap_diff_signal] [CZR] Analyzing VWAP reversal signal for CZR
2025-05-07 17:35:07 - INFO - [check_vwap_diff_signal] [CZR] Close: 26.89 | Low: 26.89 | High: 26.89 | VWAP: 26.92898669366398
2025-05-07 17:35:07 - DEBUG - [check_vwap_diff_signal] [CZR] [CZR] Last Candela: VWAP-Low=0.14%, High-VWAP=-0.14%
2025-05-07 17:35:07 - DEBUG - [check_vwap_diff_signal] [CZR] No VWAP signal detected
2025-05-07 17:35:07 - INFO - [_process_ticker] [CZR] ℹ️ No valid signal for CZR
2025-05-07 17:35:07 - INFO - [get_stock_data] [MTCH] Requesting data for MTCH
2025-05-07 17:35:08 - INFO - [get_stock_data] [MTCH] Data received for MTCH: 92 rows
2025-05-07 17:35:08 - INFO - [check_vwap_diff_signal] [MTCH] Analyzing VWAP reversal signal for MTCH
2025-05-07 17:35:08 - INFO - [check_vwap_diff_signal] [MTCH] Close: 30.43 | Low: 30.43 | High: 30.43 | VWAP: 30.40736624803592
2025-05-07 17:35:08 - DEBUG - [check_vwap_diff_signal] [MTCH] [MTCH] Last Candela: VWAP-Low=-0.07%, High-VWAP=0.07%
2025-05-07 17:35:08 - DEBUG - [check_vwap_diff_signal] [MTCH] No VWAP signal detected
2025-05-07 17:35:08 - INFO - [_process_ticker] [MTCH] ℹ️ No valid signal for MTCH
2025-05-07 17:35:08 - INFO - [get_stock_data] [NCHL] Requesting data for NCHL
2025-05-07 17:35:08 - ERROR - [get_stock_data] [NCHL] Error retrieving data: 'NoneType' object has no attribute 'empty'
2025-05-07 17:35:08 - INFO - [get_stock_data] [HBAN] Requesting data for HBAN
2025-05-07 17:35:09 - INFO - [get_stock_data] [HBAN] Data received for HBAN: 92 rows
2025-05-07 17:35:09 - INFO - [check_vwap_diff_signal] [HBAN] Analyzing VWAP reversal signal for HBAN
2025-05-07 17:35:09 - INFO - [check_vwap_diff_signal] [HBAN] Close: 15.01 | Low: 15.01 | High: 15.01 | VWAP: 15.019821727940798
2025-05-07 17:35:09 - DEBUG - [check_vwap_diff_signal] [HBAN] [HBAN] Last Candela: VWAP-Low=0.07%, High-VWAP=-0.07%
2025-05-07 17:35:09 - DEBUG - [check_vwap_diff_signal] [HBAN] No VWAP signal detected
2025-05-07 17:35:09 - INFO - [_process_ticker] [HBAN] ℹ️ No valid signal for HBAN
2025-05-07 17:35:09 - INFO - [get_stock_data] [MRNA] Requesting data for MRNA
2025-05-07 17:35:10 - INFO - [get_stock_data] [MRNA] Data received for MRNA: 92 rows
2025-05-07 17:35:10 - INFO - [check_vwap_diff_signal] [MRNA] Analyzing VWAP reversal signal for MRNA
2025-05-07 17:35:10 - INFO - [check_vwap_diff_signal] [MRNA] Close: 24.09 | Low: 24.09 | High: 24.1 | VWAP: 24.42853789707866
2025-05-07 17:35:10 - DEBUG - [check_vwap_diff_signal] [MRNA] [MRNA] Last Candela: VWAP-Low=1.39%, High-VWAP=-1.34%
2025-05-07 17:35:10 - DEBUG - [check_vwap_diff_signal] [MRNA] No VWAP signal detected
2025-05-07 17:35:10 - INFO - [_process_ticker] [MRNA] ℹ️ No valid signal for MRNA
2025-05-07 17:35:10 - INFO - [get_stock_data] [WBD] Requesting data for WBD
2025-05-07 17:35:11 - INFO - [get_stock_data] [WBD] Data received for WBD: 92 rows
2025-05-07 17:35:11 - INFO - [check_vwap_diff_signal] [WBD] Analyzing VWAP reversal signal for WBD
2025-05-07 17:35:11 - INFO - [check_vwap_diff_signal] [WBD] Close: 8.61 | Low: 8.61 | High: 8.63 | VWAP: 8.580161051946734
2025-05-07 17:35:11 - DEBUG - [check_vwap_diff_signal] [WBD] [WBD] Last Candela: VWAP-Low=-0.35%, High-VWAP=0.58%
2025-05-07 17:35:11 - DEBUG - [check_vwap_diff_signal] [WBD] No VWAP signal detected
2025-05-07 17:35:11 - INFO - [_process_ticker] [WBD] ℹ️ No valid signal for WBD
2025-05-07 17:35:11 - INFO - [get_stock_data] [CMCSA] Requesting data for CMCSA
2025-05-07 17:35:12 - INFO - [get_stock_data] [CMCSA] Data received for CMCSA: 92 rows
2025-05-07 17:35:12 - INFO - [check_vwap_diff_signal] [CMCSA] Analyzing VWAP reversal signal for CMCSA
2025-05-07 17:35:12 - INFO - [check_vwap_diff_signal] [CMCSA] Close: 34.55 | Low: 34.55 | High: 34.56 | VWAP: 34.70298618700158
2025-05-07 17:35:12 - DEBUG - [check_vwap_diff_signal] [CMCSA] [CMCSA] Last Candela: VWAP-Low=0.44%, High-VWAP=-0.41%
2025-05-07 17:35:12 - DEBUG - [check_vwap_diff_signal] [CMCSA] No VWAP signal detected
2025-05-07 17:35:12 - INFO - [_process_ticker] [CMCSA] ℹ️ No valid signal for CMCSA
2025-05-07 17:35:12 - INFO - [_run_strategy_if_applicable] [N/A] ⏰ Strategy 'EMA_Cross_ema50' not executed because it's outside the time window: 16:35:00 - 16:50:00
2025-05-07 17:35:12 - INFO - [_run_strategy_if_applicable] [N/A] ⏰ Strategy 'SMA_Cross_sma50' not executed because it's outside the time window: 16:35:00 - 16:50:00
2025-05-07 17:35:12 - INFO - [_run_strategy_if_applicable] [N/A] ⏰ Strategy 'SMA_Cross_candle' not executed because it's outside the time window: 16:35:00 - 16:50:00
2025-05-07 17:35:12 - INFO - [_run_strategy_if_applicable] [N/A] ⏰ Strategy 'EMA_Cross_candle' not executed because it's outside the time window: 16:35:00 - 16:50:00
2025-05-07 17:35:12 - INFO - [_update_active_orders_and_telegram] [N/A] 📊 Updating SL/TP for active orders
2025-05-07 17:35:13 - INFO - [_wait_until_next_iteration] [N/A] ⏳ Sleeping for 46.88 seconds before the next cycle
2025-05-07 17:36:00 - DEBUG - [_process_strategies] [N/A] ⏱ Skipping VWAP_diff_signal_rsi_1700, not yet time (every 5m)
2025-05-07 17:36:00 - DEBUG - [_process_strategies] [N/A] ⏱ Skipping VWAP_diff_signal_1700_volume, not yet time (every 5m)
2025-05-07 17:36:00 - DEBUG - [_process_strategies] [N/A] ⏱ Skipping VWAP_diff_signal_1700, not yet time (every 5m)
2025-05-07 17:36:00 - DEBUG - [_process_strategies] [N/A] ⏱ Skipping EMA_Cross_ema50, not yet time (every 5m)
2025-05-07 17:36:00 - DEBUG - [_process_strategies] [N/A] ⏱ Skipping SMA_Cross_sma50, not yet time (every 5m)
2025-05-07 17:36:00 - DEBUG - [_process_strategies] [N/A] ⏱ Skipping SMA_Cross_candle, not yet time (every 5m)
2025-05-07 17:36:00 - DEBUG - [_process_strategies] [N/A] ⏱ Skipping EMA_Cross_candle, not yet time (every 5m)
2025-05-07 17:36:00 - INFO - [_update_active_orders_and_telegram] [N/A] 📊 Updating SL/TP for active orders
2025-05-07 17:36:01 - INFO - [_wait_until_next_iteration] [N/A] ⏳ Sleeping for 58.94 seconds before the next cycle
2025-05-07 17:37:00 - DEBUG - [_process_strategies] [N/A] ⏱ Skipping VWAP_diff_signal_rsi_1700, not yet time (every 5m)
2025-05-07 17:37:00 - DEBUG - [_process_strategies] [N/A] ⏱ Skipping VWAP_diff_signal_1700_volume, not yet time (every 5m)
2025-05-07 17:37:00 - DEBUG - [_process_strategies] [N/A] ⏱ Skipping VWAP_diff_signal_1700, not yet time (every 5m)
2025-05-07 17:37:00 - DEBUG - [_process_strategies] [N/A] ⏱ Skipping EMA_Cross_ema50, not yet time (every 5m)
2025-05-07 17:37:00 - DEBUG - [_process_strategies] [N/A] ⏱ Skipping SMA_Cross_sma50, not yet time (every 5m)
2025-05-07 17:37:00 - DEBUG - [_process_strategies] [N/A] ⏱ Skipping SMA_Cross_candle, not yet time (every 5m)
2025-05-07 17:37:00 - DEBUG - [_process_strategies] [N/A] ⏱ Skipping EMA_Cross_candle, not yet time (every 5m)
2025-05-07 17:37:00 - INFO - [_update_active_orders_and_telegram] [N/A] 📊 Updating SL/TP for active orders
2025-05-07 17:37:01 - INFO - [_wait_until_next_iteration] [N/A] ⏳ Sleeping for 58.93 seconds before the next cycle
2025-05-07 17:38:00 - DEBUG - [_process_strategies] [N/A] ⏱ Skipping VWAP_diff_signal_rsi_1700, not yet time (every 5m)
2025-05-07 17:38:00 - DEBUG - [_process_strategies] [N/A] ⏱ Skipping VWAP_diff_signal_1700_volume, not yet time (every 5m)
2025-05-07 17:38:00 - DEBUG - [_process_strategies] [N/A] ⏱ Skipping VWAP_diff_signal_1700, not yet time (every 5m)
2025-05-07 17:38:00 - DEBUG - [_process_strategies] [N/A] ⏱ Skipping EMA_Cross_ema50, not yet time (every 5m)
2025-05-07 17:38:00 - DEBUG - [_process_strategies] [N/A] ⏱ Skipping SMA_Cross_sma50, not yet time (every 5m)
2025-05-07 17:38:00 - DEBUG - [_process_strategies] [N/A] ⏱ Skipping SMA_Cross_candle, not yet time (every 5m)
2025-05-07 17:38:00 - DEBUG - [_process_strategies] [N/A] ⏱ Skipping EMA_Cross_candle, not yet time (every 5m)
2025-05-07 17:38:00 - INFO - [_update_active_orders_and_telegram] [N/A] 📊 Updating SL/TP for active orders
2025-05-07 17:38:01 - INFO - [_wait_until_next_iteration] [N/A] ⏳ Sleeping for 58.93 seconds before the next cycle
2025-05-07 17:39:00 - DEBUG - [_process_strategies] [N/A] ⏱ Skipping VWAP_diff_signal_rsi_1700, not yet time (every 5m)
2025-05-07 17:39:00 - DEBUG - [_process_strategies] [N/A] ⏱ Skipping VWAP_diff_signal_1700_volume, not yet time (every 5m)
2025-05-07 17:39:00 - DEBUG - [_process_strategies] [N/A] ⏱ Skipping VWAP_diff_signal_1700, not yet time (every 5m)
2025-05-07 17:39:00 - DEBUG - [_process_strategies] [N/A] ⏱ Skipping EMA_Cross_ema50, not yet time (every 5m)
2025-05-07 17:39:00 - DEBUG - [_process_strategies] [N/A] ⏱ Skipping SMA_Cross_sma50, not yet time (every 5m)
2025-05-07 17:39:00 - DEBUG - [_process_strategies] [N/A] ⏱ Skipping SMA_Cross_candle, not yet time (every 5m)
2025-05-07 17:39:00 - DEBUG - [_process_strategies] [N/A] ⏱ Skipping EMA_Cross_candle, not yet time (every 5m)
2025-05-07 17:39:00 - INFO - [_update_active_orders_and_telegram] [N/A] 📊 Updating SL/TP for active orders
2025-05-07 17:39:01 - INFO - [_wait_until_next_iteration] [N/A] ⏳ Sleeping for 58.93 seconds before the next cycle
2025-05-07 17:40:00 - INFO - [_run_strategy_if_applicable] [N/A] 🔄 Starting trading loop for strategy: VWAP_diff_signal_rsi_1700
2025-05-07 17:40:00 - INFO - [get_stock_data] [IVZ] Requesting data for IVZ
2025-05-07 17:40:00 - INFO - [get_stock_data] [IVZ] Data received for IVZ: 92 rows
2025-05-07 17:40:00 - INFO - [check_vwap_diff_signal_with_rsi] [IVZ] Analyzing VWAP reversal signal for IVZ
2025-05-07 17:40:00 - INFO - [check_vwap_diff_signal_with_rsi] [IVZ] Close: 14.37 | Low: 14.36 | High: 14.38 | VWAP: 14.392276871945763 | RSI: 56.24
2025-05-07 17:40:00 - DEBUG - [check_vwap_diff_signal_with_rsi] [IVZ] [IVZ] Last Candela: VWAP-Low=0.22%, High-VWAP=-0.09%
2025-05-07 17:40:00 - DEBUG - [check_vwap_diff_signal_with_rsi] [IVZ] No VWAP+RSI signal detected
2025-05-07 17:40:00 - INFO - [_process_ticker] [IVZ] ℹ️ No valid signal for IVZ
2025-05-07 17:40:00 - INFO - [get_stock_data] [FCX] Requesting data for FCX
2025-05-07 17:40:01 - INFO - [get_stock_data] [FCX] Data received for FCX: 92 rows
2025-05-07 17:40:01 - INFO - [check_vwap_diff_signal_with_rsi] [FCX] Analyzing VWAP reversal signal for FCX
2025-05-07 17:40:01 - INFO - [check_vwap_diff_signal_with_rsi] [FCX] Close: 37.1 | Low: 37.09 | High: 37.17 | VWAP: 37.2264367471291 | RSI: 31.62
2025-05-07 17:40:01 - DEBUG - [check_vwap_diff_signal_with_rsi] [FCX] [FCX] Last Candela: VWAP-Low=0.37%, High-VWAP=-0.15%
2025-05-07 17:40:01 - DEBUG - [check_vwap_diff_signal_with_rsi] [FCX] No VWAP+RSI signal detected
2025-05-07 17:40:01 - INFO - [_process_ticker] [FCX] ℹ️ No valid signal for FCX
2025-05-07 17:40:01 - INFO - [get_stock_data] [HST] Requesting data for HST
2025-05-07 17:40:01 - INFO - [get_stock_data] [HST] Data received for HST: 92 rows
2025-05-07 17:40:01 - INFO - [check_vwap_diff_signal_with_rsi] [HST] Analyzing VWAP reversal signal for HST
2025-05-07 17:40:01 - INFO - [check_vwap_diff_signal_with_rsi] [HST] Close: 14.6 | Low: 14.56 | High: 14.61 | VWAP: 14.53650592436551 | RSI: 62.09
2025-05-07 17:40:01 - DEBUG - [check_vwap_diff_signal_with_rsi] [HST] [HST] Last Candela: VWAP-Low=-0.16%, High-VWAP=0.51%
2025-05-07 17:40:01 - DEBUG - [check_vwap_diff_signal_with_rsi] [HST] No VWAP+RSI signal detected
2025-05-07 17:40:01 - INFO - [_process_ticker] [HST] ℹ️ No valid signal for HST
2025-05-07 17:40:01 - INFO - [get_stock_data] [IVZ] Requesting data for IVZ
2025-05-07 17:40:02 - INFO - [get_stock_data] [IVZ] Data received for IVZ: 92 rows
2025-05-07 17:40:02 - INFO - [check_vwap_diff_signal_with_rsi] [IVZ] Analyzing VWAP reversal signal for IVZ
2025-05-07 17:40:02 - INFO - [check_vwap_diff_signal_with_rsi] [IVZ] Close: 14.37 | Low: 14.36 | High: 14.38 | VWAP: 14.392276871945763 | RSI: 56.24
2025-05-07 17:40:02 - DEBUG - [check_vwap_diff_signal_with_rsi] [IVZ] [IVZ] Last Candela: VWAP-Low=0.22%, High-VWAP=-0.09%
2025-05-07 17:40:02 - DEBUG - [check_vwap_diff_signal_with_rsi] [IVZ] No VWAP+RSI signal detected
2025-05-07 17:40:02 - INFO - [_process_ticker] [IVZ] ℹ️ No valid signal for IVZ
2025-05-07 17:40:02 - INFO - [get_stock_data] [NEM] Requesting data for NEM
2025-05-07 17:40:03 - INFO - [get_stock_data] [NEM] Data received for NEM: 92 rows
2025-05-07 17:40:03 - INFO - [check_vwap_diff_signal_with_rsi] [NEM] Analyzing VWAP reversal signal for NEM
2025-05-07 17:40:03 - INFO - [check_vwap_diff_signal_with_rsi] [NEM] Close: 53.77 | Low: 53.76 | High: 53.87 | VWAP: 54.02446862688921 | RSI: 38.33
2025-05-07 17:40:03 - DEBUG - [check_vwap_diff_signal_with_rsi] [NEM] [NEM] Last Candela: VWAP-Low=0.49%, High-VWAP=-0.29%
2025-05-07 17:40:03 - DEBUG - [check_vwap_diff_signal_with_rsi] [NEM] No VWAP+RSI signal detected
2025-05-07 17:40:03 - INFO - [_process_ticker] [NEM] ℹ️ No valid signal for NEM
2025-05-07 17:40:03 - INFO - [get_stock_data] [LUV] Requesting data for LUV
2025-05-07 17:40:03 - INFO - [get_stock_data] [LUV] Data received for LUV: 92 rows
2025-05-07 17:40:03 - INFO - [check_vwap_diff_signal_with_rsi] [LUV] Analyzing VWAP reversal signal for LUV
2025-05-07 17:40:03 - INFO - [check_vwap_diff_signal_with_rsi] [LUV] Close: 30.38 | Low: 30.22 | High: 30.39 | VWAP: 30.058986513085312 | RSI: 77.49
2025-05-07 17:40:03 - DEBUG - [check_vwap_diff_signal_with_rsi] [LUV] [LUV] Last Candela: VWAP-Low=-0.54%, High-VWAP=1.10%
2025-05-07 17:40:03 - DEBUG - [check_vwap_diff_signal_with_rsi] [LUV] No VWAP+RSI signal detected
2025-05-07 17:40:03 - INFO - [_process_ticker] [LUV] ℹ️ No valid signal for LUV
2025-05-07 17:40:03 - INFO - [_run_strategy_if_applicable] [N/A] 🔄 Starting trading loop for strategy: VWAP_diff_signal_1700_volume
2025-05-07 17:40:03 - DEBUG - [_process_ticker] [GEN] 🚫 Trade not allowed for GEN (limit reached)
2025-05-07 17:40:03 - INFO - [get_stock_data] [HPQ] Requesting data for HPQ
2025-05-07 17:40:04 - INFO - [get_stock_data] [HPQ] Data received for HPQ: 92 rows
2025-05-07 17:40:04 - INFO - [check_vwap_diff_signal_with_volume] [HPQ] Analyzing VWAP reversal signal for HPQ
2025-05-07 17:40:04 - INFO - [_process_ticker] [HPQ] ℹ️ No valid signal for HPQ
2025-05-07 17:40:04 - INFO - [get_stock_data] [INTC] Requesting data for INTC
2025-05-07 17:40:05 - INFO - [get_stock_data] [INTC] Data received for INTC: 92 rows
2025-05-07 17:40:05 - INFO - [check_vwap_diff_signal_with_volume] [INTC] Analyzing VWAP reversal signal for INTC
2025-05-07 17:40:05 - INFO - [_process_ticker] [INTC] ℹ️ No valid signal for INTC
2025-05-07 17:40:05 - INFO - [get_stock_data] [RF] Requesting data for RF
2025-05-07 17:40:05 - INFO - [get_stock_data] [RF] Data received for RF: 92 rows
2025-05-07 17:40:05 - INFO - [check_vwap_diff_signal_with_volume] [RF] Analyzing VWAP reversal signal for RF
2025-05-07 17:40:05 - INFO - [_process_ticker] [RF] ℹ️ No valid signal for RF
2025-05-07 17:40:05 - INFO - [_run_strategy_if_applicable] [N/A] 🔄 Starting trading loop for strategy: VWAP_diff_signal_1700
2025-05-07 17:40:05 - INFO - [get_stock_data] [CZR] Requesting data for CZR
2025-05-07 17:40:06 - INFO - [get_stock_data] [CZR] Data received for CZR: 93 rows
2025-05-07 17:40:06 - INFO - [check_vwap_diff_signal] [CZR] Analyzing VWAP reversal signal for CZR
2025-05-07 17:40:06 - INFO - [check_vwap_diff_signal] [CZR] Close: 27.02 | Low: 27.02 | High: 27.02 | VWAP: 26.9431216452378
2025-05-07 17:40:06 - DEBUG - [check_vwap_diff_signal] [CZR] [CZR] Last Candela: VWAP-Low=-0.29%, High-VWAP=0.29%
2025-05-07 17:40:06 - DEBUG - [check_vwap_diff_signal] [CZR] No VWAP signal detected
2025-05-07 17:40:06 - INFO - [_process_ticker] [CZR] ℹ️ No valid signal for CZR
2025-05-07 17:40:06 - INFO - [get_stock_data] [MTCH] Requesting data for MTCH
2025-05-07 17:40:07 - INFO - [get_stock_data] [MTCH] Data received for MTCH: 93 rows
2025-05-07 17:40:07 - INFO - [check_vwap_diff_signal] [MTCH] Analyzing VWAP reversal signal for MTCH
2025-05-07 17:40:07 - INFO - [check_vwap_diff_signal] [MTCH] Close: 30.46 | Low: 30.46 | High: 30.48 | VWAP: 30.409612255142765
2025-05-07 17:40:07 - DEBUG - [check_vwap_diff_signal] [MTCH] [MTCH] Last Candela: VWAP-Low=-0.17%, High-VWAP=0.23%
2025-05-07 17:40:07 - DEBUG - [check_vwap_diff_signal] [MTCH] No VWAP signal detected
2025-05-07 17:40:07 - INFO - [_process_ticker] [MTCH] ℹ️ No valid signal for MTCH
2025-05-07 17:40:07 - INFO - [get_stock_data] [NCHL] Requesting data for NCHL
2025-05-07 17:40:07 - ERROR - [get_stock_data] [NCHL] Error retrieving data: 'NoneType' object has no attribute 'empty'
2025-05-07 17:40:07 - INFO - [get_stock_data] [HBAN] Requesting data for HBAN
2025-05-07 17:40:08 - INFO - [get_stock_data] [HBAN] Data received for HBAN: 93 rows
2025-05-07 17:40:08 - INFO - [check_vwap_diff_signal] [HBAN] Analyzing VWAP reversal signal for HBAN
2025-05-07 17:40:08 - INFO - [check_vwap_diff_signal] [HBAN] Close: 15.02 | Low: 15.01 | High: 15.02 | VWAP: 15.018800266340854
2025-05-07 17:40:08 - DEBUG - [check_vwap_diff_signal] [HBAN] [HBAN] Last Candela: VWAP-Low=0.06%, High-VWAP=0.01%
2025-05-07 17:40:08 - DEBUG - [check_vwap_diff_signal] [HBAN] No VWAP signal detected
2025-05-07 17:40:08 - INFO - [_process_ticker] [HBAN] ℹ️ No valid signal for HBAN
2025-05-07 17:40:08 - INFO - [get_stock_data] [MRNA] Requesting data for MRNA
2025-05-07 17:40:09 - INFO - [get_stock_data] [MRNA] Data received for MRNA: 93 rows
2025-05-07 17:40:09 - INFO - [check_vwap_diff_signal] [MRNA] Analyzing VWAP reversal signal for MRNA
2025-05-07 17:40:09 - INFO - [check_vwap_diff_signal] [MRNA] Close: 24.21 | Low: 24.21 | High: 24.22 | VWAP: 24.419000015248855
2025-05-07 17:40:09 - DEBUG - [check_vwap_diff_signal] [MRNA] [MRNA] Last Candela: VWAP-Low=0.86%, High-VWAP=-0.81%
2025-05-07 17:40:09 - DEBUG - [check_vwap_diff_signal] [MRNA] No VWAP signal detected
2025-05-07 17:40:09 - INFO - [_process_ticker] [MRNA] ℹ️ No valid signal for MRNA
2025-05-07 17:40:09 - INFO - [get_stock_data] [WBD] Requesting data for WBD
2025-05-07 17:40:09 - INFO - [get_stock_data] [WBD] Data received for WBD: 93 rows
2025-05-07 17:40:09 - INFO - [check_vwap_diff_signal] [WBD] Analyzing VWAP reversal signal for WBD
2025-05-07 17:40:09 - INFO - [check_vwap_diff_signal] [WBD] Close: 8.59 | Low: 8.59 | High: 8.59 | VWAP: 8.58059521345748
2025-05-07 17:40:09 - DEBUG - [check_vwap_diff_signal] [WBD] [WBD] Last Candela: VWAP-Low=-0.11%, High-VWAP=0.11%
2025-05-07 17:40:09 - DEBUG - [check_vwap_diff_signal] [WBD] No VWAP signal detected
2025-05-07 17:40:09 - INFO - [_process_ticker] [WBD] ℹ️ No valid signal for WBD
2025-05-07 17:40:09 - INFO - [get_stock_data] [CMCSA] Requesting data for CMCSA
2025-05-07 17:40:10 - INFO - [get_stock_data] [CMCSA] Data received for CMCSA: 93 rows
2025-05-07 17:40:10 - INFO - [check_vwap_diff_signal] [CMCSA] Analyzing VWAP reversal signal for CMCSA
2025-05-07 17:40:10 - INFO - [check_vwap_diff_signal] [CMCSA] Close: 34.52 | Low: 34.51 | High: 34.52 | VWAP: 34.696233216164536
2025-05-07 17:40:10 - DEBUG - [check_vwap_diff_signal] [CMCSA] [CMCSA] Last Candela: VWAP-Low=0.54%, High-VWAP=-0.51%
2025-05-07 17:40:10 - DEBUG - [check_vwap_diff_signal] [CMCSA] No VWAP signal detected
2025-05-07 17:40:10 - INFO - [_process_ticker] [CMCSA] ℹ️ No valid signal for CMCSA
2025-05-07 17:40:10 - INFO - [_run_strategy_if_applicable] [N/A] ⏰ Strategy 'EMA_Cross_ema50' not executed because it's outside the time window: 16:35:00 - 16:50:00
2025-05-07 17:40:10 - INFO - [_run_strategy_if_applicable] [N/A] ⏰ Strategy 'SMA_Cross_sma50' not executed because it's outside the time window: 16:35:00 - 16:50:00
2025-05-07 17:40:10 - INFO - [_run_strategy_if_applicable] [N/A] ⏰ Strategy 'SMA_Cross_candle' not executed because it's outside the time window: 16:35:00 - 16:50:00
2025-05-07 17:40:10 - INFO - [_run_strategy_if_applicable] [N/A] ⏰ Strategy 'EMA_Cross_candle' not executed because it's outside the time window: 16:35:00 - 16:50:00
2025-05-07 17:40:10 - INFO - [_update_active_orders_and_telegram] [N/A] 📊 Updating SL/TP for active orders
2025-05-07 17:40:11 - INFO - [_wait_until_next_iteration] [N/A] ⏳ Sleeping for 48.30 seconds before the next cycle
2025-05-07 17:41:00 - DEBUG - [_process_strategies] [N/A] ⏱ Skipping VWAP_diff_signal_rsi_1700, not yet time (every 5m)
2025-05-07 17:41:00 - DEBUG - [_process_strategies] [N/A] ⏱ Skipping VWAP_diff_signal_1700_volume, not yet time (every 5m)
2025-05-07 17:41:00 - DEBUG - [_process_strategies] [N/A] ⏱ Skipping VWAP_diff_signal_1700, not yet time (every 5m)
2025-05-07 17:41:00 - DEBUG - [_process_strategies] [N/A] ⏱ Skipping EMA_Cross_ema50, not yet time (every 5m)
2025-05-07 17:41:00 - DEBUG - [_process_strategies] [N/A] ⏱ Skipping SMA_Cross_sma50, not yet time (every 5m)
2025-05-07 17:41:00 - DEBUG - [_process_strategies] [N/A] ⏱ Skipping SMA_Cross_candle, not yet time (every 5m)
2025-05-07 17:41:00 - DEBUG - [_process_strategies] [N/A] ⏱ Skipping EMA_Cross_candle, not yet time (every 5m)
2025-05-07 17:41:00 - INFO - [_update_active_orders_and_telegram] [N/A] 📊 Updating SL/TP for active orders
2025-05-07 17:41:01 - INFO - [_wait_until_next_iteration] [N/A] ⏳ Sleeping for 58.94 seconds before the next cycle
2025-05-07 17:42:00 - DEBUG - [_process_strategies] [N/A] ⏱ Skipping VWAP_diff_signal_rsi_1700, not yet time (every 5m)
2025-05-07 17:42:00 - DEBUG - [_process_strategies] [N/A] ⏱ Skipping VWAP_diff_signal_1700_volume, not yet time (every 5m)
2025-05-07 17:42:00 - DEBUG - [_process_strategies] [N/A] ⏱ Skipping VWAP_diff_signal_1700, not yet time (every 5m)
2025-05-07 17:42:00 - DEBUG - [_process_strategies] [N/A] ⏱ Skipping EMA_Cross_ema50, not yet time (every 5m)
2025-05-07 17:42:00 - DEBUG - [_process_strategies] [N/A] ⏱ Skipping SMA_Cross_sma50, not yet time (every 5m)
2025-05-07 17:42:00 - DEBUG - [_process_strategies] [N/A] ⏱ Skipping SMA_Cross_candle, not yet time (every 5m)
2025-05-07 17:42:00 - DEBUG - [_process_strategies] [N/A] ⏱ Skipping EMA_Cross_candle, not yet time (every 5m)
2025-05-07 17:42:00 - INFO - [_update_active_orders_and_telegram] [N/A] 📊 Updating SL/TP for active orders
2025-05-07 17:42:01 - INFO - [_wait_until_next_iteration] [N/A] ⏳ Sleeping for 58.92 seconds before the next cycle
2025-05-07 17:43:00 - DEBUG - [_process_strategies] [N/A] ⏱ Skipping VWAP_diff_signal_rsi_1700, not yet time (every 5m)
2025-05-07 17:43:00 - DEBUG - [_process_strategies] [N/A] ⏱ Skipping VWAP_diff_signal_1700_volume, not yet time (every 5m)
2025-05-07 17:43:00 - DEBUG - [_process_strategies] [N/A] ⏱ Skipping VWAP_diff_signal_1700, not yet time (every 5m)
2025-05-07 17:43:00 - DEBUG - [_process_strategies] [N/A] ⏱ Skipping EMA_Cross_ema50, not yet time (every 5m)
2025-05-07 17:43:00 - DEBUG - [_process_strategies] [N/A] ⏱ Skipping SMA_Cross_sma50, not yet time (every 5m)
2025-05-07 17:43:00 - DEBUG - [_process_strategies] [N/A] ⏱ Skipping SMA_Cross_candle, not yet time (every 5m)
2025-05-07 17:43:00 - DEBUG - [_process_strategies] [N/A] ⏱ Skipping EMA_Cross_candle, not yet time (every 5m)
2025-05-07 17:43:00 - INFO - [_update_active_orders_and_telegram] [N/A] 📊 Updating SL/TP for active orders
2025-05-07 17:43:01 - INFO - [_wait_until_next_iteration] [N/A] ⏳ Sleeping for 58.93 seconds before the next cycle
2025-05-07 17:44:00 - DEBUG - [_process_strategies] [N/A] ⏱ Skipping VWAP_diff_signal_rsi_1700, not yet time (every 5m)
2025-05-07 17:44:00 - DEBUG - [_process_strategies] [N/A] ⏱ Skipping VWAP_diff_signal_1700_volume, not yet time (every 5m)
2025-05-07 17:44:00 - DEBUG - [_process_strategies] [N/A] ⏱ Skipping VWAP_diff_signal_1700, not yet time (every 5m)
2025-05-07 17:44:00 - DEBUG - [_process_strategies] [N/A] ⏱ Skipping EMA_Cross_ema50, not yet time (every 5m)
2025-05-07 17:44:00 - DEBUG - [_process_strategies] [N/A] ⏱ Skipping SMA_Cross_sma50, not yet time (every 5m)
2025-05-07 17:44:00 - DEBUG - [_process_strategies] [N/A] ⏱ Skipping SMA_Cross_candle, not yet time (every 5m)
2025-05-07 17:44:00 - DEBUG - [_process_strategies] [N/A] ⏱ Skipping EMA_Cross_candle, not yet time (every 5m)
2025-05-07 17:44:00 - INFO - [_update_active_orders_and_telegram] [N/A] 📊 Updating SL/TP for active orders
2025-05-07 17:44:01 - INFO - [_wait_until_next_iteration] [N/A] ⏳ Sleeping for 58.93 seconds before the next cycle
2025-05-07 17:45:00 - INFO - [_run_strategy_if_applicable] [N/A] 🔄 Starting trading loop for strategy: VWAP_diff_signal_rsi_1700
2025-05-07 17:45:00 - INFO - [get_stock_data] [IVZ] Requesting data for IVZ
2025-05-07 17:45:00 - INFO - [get_stock_data] [IVZ] Data received for IVZ: 93 rows
2025-05-07 17:45:00 - INFO - [check_vwap_diff_signal_with_rsi] [IVZ] Analyzing VWAP reversal signal for IVZ
2025-05-07 17:45:00 - INFO - [check_vwap_diff_signal_with_rsi] [IVZ] Close: 14.39 | Low: 14.36 | High: 14.39 | VWAP: 14.392212736910237 | RSI: 58.66
2025-05-07 17:45:00 - DEBUG - [check_vwap_diff_signal_with_rsi] [IVZ] [IVZ] Last Candela: VWAP-Low=0.22%, High-VWAP=-0.02%
2025-05-07 17:45:00 - DEBUG - [check_vwap_diff_signal_with_rsi] [IVZ] No VWAP+RSI signal detected
2025-05-07 17:45:00 - INFO - [_process_ticker] [IVZ] ℹ️ No valid signal for IVZ
2025-05-07 17:45:00 - INFO - [get_stock_data] [FCX] Requesting data for FCX
2025-05-07 17:45:01 - INFO - [get_stock_data] [FCX] Data received for FCX: 93 rows
2025-05-07 17:45:01 - INFO - [check_vwap_diff_signal_with_rsi] [FCX] Analyzing VWAP reversal signal for FCX
2025-05-07 17:45:01 - INFO - [check_vwap_diff_signal_with_rsi] [FCX] Close: 37.02 | Low: 37.01 | High: 37.1 | VWAP: 37.21829381904909 | RSI: 29.20
2025-05-07 17:45:01 - DEBUG - [check_vwap_diff_signal_with_rsi] [FCX] [FCX] Last Candela: VWAP-Low=0.56%, High-VWAP=-0.32%
2025-05-07 17:45:01 - DEBUG - [check_vwap_diff_signal_with_rsi] [FCX] No VWAP+RSI signal detected
2025-05-07 17:45:01 - INFO - [_process_ticker] [FCX] ℹ️ No valid signal for FCX
2025-05-07 17:45:01 - INFO - [get_stock_data] [HST] Requesting data for HST
2025-05-07 17:45:01 - INFO - [get_stock_data] [HST] Data received for HST: 93 rows
2025-05-07 17:45:01 - INFO - [check_vwap_diff_signal_with_rsi] [HST] Analyzing VWAP reversal signal for HST
2025-05-07 17:45:01 - INFO - [check_vwap_diff_signal_with_rsi] [HST] Close: 14.63 | Low: 14.6 | High: 14.64 | VWAP: 14.540206140909667 | RSI: 65.69
2025-05-07 17:45:02 - DEBUG - [check_vwap_diff_signal_with_rsi] [HST] [HST] Last Candela: VWAP-Low=-0.41%, High-VWAP=0.69%
2025-05-07 17:45:02 - DEBUG - [check_vwap_diff_signal_with_rsi] [HST] No VWAP+RSI signal detected
2025-05-07 17:45:02 - INFO - [_process_ticker] [HST] ℹ️ No valid signal for HST
2025-05-07 17:45:02 - INFO - [get_stock_data] [IVZ] Requesting data for IVZ
2025-05-07 17:45:02 - INFO - [get_stock_data] [IVZ] Data received for IVZ: 93 rows
2025-05-07 17:45:02 - INFO - [check_vwap_diff_signal_with_rsi] [IVZ] Analyzing VWAP reversal signal for IVZ
2025-05-07 17:45:02 - INFO - [check_vwap_diff_signal_with_rsi] [IVZ] Close: 14.39 | Low: 14.36 | High: 14.39 | VWAP: 14.392212736910237 | RSI: 58.66
2025-05-07 17:45:02 - DEBUG - [check_vwap_diff_signal_with_rsi] [IVZ] [IVZ] Last Candela: VWAP-Low=0.22%, High-VWAP=-0.02%
2025-05-07 17:45:02 - DEBUG - [check_vwap_diff_signal_with_rsi] [IVZ] No VWAP+RSI signal detected
2025-05-07 17:45:02 - INFO - [_process_ticker] [IVZ] ℹ️ No valid signal for IVZ
2025-05-07 17:45:02 - INFO - [get_stock_data] [NEM] Requesting data for NEM
2025-05-07 17:45:03 - INFO - [get_stock_data] [NEM] Data received for NEM: 93 rows
2025-05-07 17:45:03 - INFO - [check_vwap_diff_signal_with_rsi] [NEM] Analyzing VWAP reversal signal for NEM
2025-05-07 17:45:03 - INFO - [check_vwap_diff_signal_with_rsi] [NEM] Close: 53.63 | Low: 53.63 | High: 53.78 | VWAP: 54.00044659608299 | RSI: 34.69
2025-05-07 17:45:03 - DEBUG - [check_vwap_diff_signal_with_rsi] [NEM] [NEM] Last Candela: VWAP-Low=0.69%, High-VWAP=-0.41%
2025-05-07 17:45:03 - DEBUG - [check_vwap_diff_signal_with_rsi] [NEM] No VWAP+RSI signal detected
2025-05-07 17:45:03 - INFO - [_process_ticker] [NEM] ℹ️ No valid signal for NEM
2025-05-07 17:45:03 - INFO - [get_stock_data] [LUV] Requesting data for LUV
2025-05-07 17:45:03 - INFO - [get_stock_data] [LUV] Data received for LUV: 93 rows
2025-05-07 17:45:03 - INFO - [check_vwap_diff_signal_with_rsi] [LUV] Analyzing VWAP reversal signal for LUV
2025-05-07 17:45:03 - INFO - [check_vwap_diff_signal_with_rsi] [LUV] Close: 30.35 | Low: 30.34 | High: 30.39 | VWAP: 30.073475521947678 | RSI: 73.73
2025-05-07 17:45:03 - DEBUG - [check_vwap_diff_signal_with_rsi] [LUV] [LUV] Last Candela: VWAP-Low=-0.89%, High-VWAP=1.05%
2025-05-07 17:45:03 - DEBUG - [check_vwap_diff_signal_with_rsi] [LUV] No VWAP+RSI signal detected
2025-05-07 17:45:03 - INFO - [_process_ticker] [LUV] ℹ️ No valid signal for LUV
2025-05-07 17:45:03 - INFO - [_run_strategy_if_applicable] [N/A] 🔄 Starting trading loop for strategy: VWAP_diff_signal_1700_volume
2025-05-07 17:45:03 - DEBUG - [_process_ticker] [GEN] 🚫 Trade not allowed for GEN (limit reached)
2025-05-07 17:45:03 - INFO - [get_stock_data] [HPQ] Requesting data for HPQ
2025-05-07 17:45:04 - INFO - [get_stock_data] [HPQ] Data received for HPQ: 93 rows
2025-05-07 17:45:04 - INFO - [check_vwap_diff_signal_with_volume] [HPQ] Analyzing VWAP reversal signal for HPQ
2025-05-07 17:45:04 - INFO - [_process_ticker] [HPQ] ℹ️ No valid signal for HPQ
2025-05-07 17:45:04 - INFO - [get_stock_data] [INTC] Requesting data for INTC
2025-05-07 17:45:05 - INFO - [get_stock_data] [INTC] Data received for INTC: 93 rows
2025-05-07 17:45:05 - INFO - [check_vwap_diff_signal_with_volume] [INTC] Analyzing VWAP reversal signal for INTC
2025-05-07 17:45:05 - INFO - [_process_ticker] [INTC] ℹ️ No valid signal for INTC
2025-05-07 17:45:05 - INFO - [get_stock_data] [RF] Requesting data for RF
2025-05-07 17:45:05 - INFO - [get_stock_data] [RF] Data received for RF: 93 rows
2025-05-07 17:45:05 - INFO - [check_vwap_diff_signal_with_volume] [RF] Analyzing VWAP reversal signal for RF
2025-05-07 17:45:05 - INFO - [_process_ticker] [RF] ℹ️ No valid signal for RF
2025-05-07 17:45:05 - INFO - [_run_strategy_if_applicable] [N/A] 🔄 Starting trading loop for strategy: VWAP_diff_signal_1700
2025-05-07 17:45:05 - INFO - [get_stock_data] [CZR] Requesting data for CZR
2025-05-07 17:45:06 - INFO - [get_stock_data] [CZR] Data received for CZR: 94 rows
2025-05-07 17:45:06 - INFO - [check_vwap_diff_signal] [CZR] Analyzing VWAP reversal signal for CZR
2025-05-07 17:45:06 - INFO - [check_vwap_diff_signal] [CZR] Close: 27.05 | Low: 27.05 | High: 27.06 | VWAP: 26.968046118113836
2025-05-07 17:45:06 - DEBUG - [check_vwap_diff_signal] [CZR] [CZR] Last Candela: VWAP-Low=-0.30%, High-VWAP=0.34%
2025-05-07 17:45:06 - DEBUG - [check_vwap_diff_signal] [CZR] No VWAP signal detected
2025-05-07 17:45:06 - INFO - [_process_ticker] [CZR] ℹ️ No valid signal for CZR
2025-05-07 17:45:06 - INFO - [get_stock_data] [MTCH] Requesting data for MTCH
2025-05-07 17:45:06 - INFO - [get_stock_data] [MTCH] Data received for MTCH: 94 rows
2025-05-07 17:45:06 - INFO - [check_vwap_diff_signal] [MTCH] Analyzing VWAP reversal signal for MTCH
2025-05-07 17:45:06 - INFO - [check_vwap_diff_signal] [MTCH] Close: 30.47 | Low: 30.47 | High: 30.47 | VWAP: 30.413213853618608
2025-05-07 17:45:06 - DEBUG - [check_vwap_diff_signal] [MTCH] [MTCH] Last Candela: VWAP-Low=-0.19%, High-VWAP=0.19%
2025-05-07 17:45:06 - DEBUG - [check_vwap_diff_signal] [MTCH] No VWAP signal detected
2025-05-07 17:45:06 - INFO - [_process_ticker] [MTCH] ℹ️ No valid signal for MTCH
2025-05-07 17:45:06 - INFO - [get_stock_data] [NCHL] Requesting data for NCHL
2025-05-07 17:45:07 - ERROR - [get_stock_data] [NCHL] Error retrieving data: 'NoneType' object has no attribute 'empty'
2025-05-07 17:45:07 - INFO - [get_stock_data] [HBAN] Requesting data for HBAN
2025-05-07 17:45:07 - INFO - [get_stock_data] [HBAN] Data received for HBAN: 94 rows
2025-05-07 17:45:07 - INFO - [check_vwap_diff_signal] [HBAN] Analyzing VWAP reversal signal for HBAN
2025-05-07 17:45:07 - INFO - [check_vwap_diff_signal] [HBAN] Close: 15.02 | Low: 15.01 | High: 15.02 | VWAP: 15.01774987793536
2025-05-07 17:45:07 - DEBUG - [check_vwap_diff_signal] [HBAN] [HBAN] Last Candela: VWAP-Low=0.05%, High-VWAP=0.01%
2025-05-07 17:45:07 - DEBUG - [check_vwap_diff_signal] [HBAN] No VWAP signal detected
2025-05-07 17:45:07 - INFO - [_process_ticker] [HBAN] ℹ️ No valid signal for HBAN
2025-05-07 17:45:07 - INFO - [get_stock_data] [MRNA] Requesting data for MRNA
2025-05-07 17:45:08 - INFO - [get_stock_data] [MRNA] Data received for MRNA: 94 rows
2025-05-07 17:45:08 - INFO - [check_vwap_diff_signal] [MRNA] Analyzing VWAP reversal signal for MRNA
2025-05-07 17:45:08 - INFO - [check_vwap_diff_signal] [MRNA] Close: 24.15 | Low: 24.14 | High: 24.15 | VWAP: 24.408405311763033
2025-05-07 17:45:08 - DEBUG - [check_vwap_diff_signal] [MRNA] [MRNA] Last Candela: VWAP-Low=1.10%, High-VWAP=-1.06%
2025-05-07 17:45:08 - DEBUG - [check_vwap_diff_signal] [MRNA] No VWAP signal detected
2025-05-07 17:45:08 - INFO - [_process_ticker] [MRNA] ℹ️ No valid signal for MRNA
2025-05-07 17:45:08 - INFO - [get_stock_data] [WBD] Requesting data for WBD
2025-05-07 17:45:09 - INFO - [get_stock_data] [WBD] Data received for WBD: 94 rows
2025-05-07 17:45:09 - INFO - [check_vwap_diff_signal] [WBD] Analyzing VWAP reversal signal for WBD
2025-05-07 17:45:09 - INFO - [check_vwap_diff_signal] [WBD] Close: 8.6 | Low: 8.59 | High: 8.6 | VWAP: 8.58076789152702
2025-05-07 17:45:09 - DEBUG - [check_vwap_diff_signal] [WBD] [WBD] Last Candela: VWAP-Low=-0.11%, High-VWAP=0.22%
2025-05-07 17:45:09 - DEBUG - [check_vwap_diff_signal] [WBD] No VWAP signal detected
2025-05-07 17:45:09 - INFO - [_process_ticker] [WBD] ℹ️ No valid signal for WBD
2025-05-07 17:45:09 - INFO - [get_stock_data] [CMCSA] Requesting data for CMCSA
2025-05-07 17:45:09 - INFO - [get_stock_data] [CMCSA] Data received for CMCSA: 94 rows
2025-05-07 17:45:09 - INFO - [check_vwap_diff_signal] [CMCSA] Analyzing VWAP reversal signal for CMCSA
2025-05-07 17:45:09 - INFO - [check_vwap_diff_signal] [CMCSA] Close: 34.55 | Low: 34.55 | High: 34.56 | VWAP: 34.68961643184313
2025-05-07 17:45:09 - DEBUG - [check_vwap_diff_signal] [CMCSA] [CMCSA] Last Candela: VWAP-Low=0.40%, High-VWAP=-0.37%
2025-05-07 17:45:09 - DEBUG - [check_vwap_diff_signal] [CMCSA] No VWAP signal detected
2025-05-07 17:45:09 - INFO - [_process_ticker] [CMCSA] ℹ️ No valid signal for CMCSA
2025-05-07 17:45:09 - INFO - [_run_strategy_if_applicable] [N/A] ⏰ Strategy 'EMA_Cross_ema50' not executed because it's outside the time window: 16:35:00 - 16:50:00
2025-05-07 17:45:09 - INFO - [_run_strategy_if_applicable] [N/A] ⏰ Strategy 'SMA_Cross_sma50' not executed because it's outside the time window: 16:35:00 - 16:50:00
2025-05-07 17:45:09 - INFO - [_run_strategy_if_applicable] [N/A] ⏰ Strategy 'SMA_Cross_candle' not executed because it's outside the time window: 16:35:00 - 16:50:00
2025-05-07 17:45:09 - INFO - [_run_strategy_if_applicable] [N/A] ⏰ Strategy 'EMA_Cross_candle' not executed because it's outside the time window: 16:35:00 - 16:50:00
2025-05-07 17:45:09 - INFO - [_update_active_orders_and_telegram] [N/A] 📊 Updating SL/TP for active orders
2025-05-07 17:45:11 - INFO - [_wait_until_next_iteration] [N/A] ⏳ Sleeping for 48.96 seconds before the next cycle
2025-05-07 17:46:00 - DEBUG - [_process_strategies] [N/A] ⏱ Skipping VWAP_diff_signal_rsi_1700, not yet time (every 5m)
2025-05-07 17:46:00 - DEBUG - [_process_strategies] [N/A] ⏱ Skipping VWAP_diff_signal_1700_volume, not yet time (every 5m)
2025-05-07 17:46:00 - DEBUG - [_process_strategies] [N/A] ⏱ Skipping VWAP_diff_signal_1700, not yet time (every 5m)
2025-05-07 17:46:00 - DEBUG - [_process_strategies] [N/A] ⏱ Skipping EMA_Cross_ema50, not yet time (every 5m)
2025-05-07 17:46:00 - DEBUG - [_process_strategies] [N/A] ⏱ Skipping SMA_Cross_sma50, not yet time (every 5m)
2025-05-07 17:46:00 - DEBUG - [_process_strategies] [N/A] ⏱ Skipping SMA_Cross_candle, not yet time (every 5m)
2025-05-07 17:46:00 - DEBUG - [_process_strategies] [N/A] ⏱ Skipping EMA_Cross_candle, not yet time (every 5m)
2025-05-07 17:46:00 - INFO - [_update_active_orders_and_telegram] [N/A] 📊 Updating SL/TP for active orders
2025-05-07 17:46:01 - INFO - [_wait_until_next_iteration] [N/A] ⏳ Sleeping for 58.94 seconds before the next cycle
2025-05-07 17:47:00 - DEBUG - [_process_strategies] [N/A] ⏱ Skipping VWAP_diff_signal_rsi_1700, not yet time (every 5m)
2025-05-07 17:47:00 - DEBUG - [_process_strategies] [N/A] ⏱ Skipping VWAP_diff_signal_1700_volume, not yet time (every 5m)
2025-05-07 17:47:00 - DEBUG - [_process_strategies] [N/A] ⏱ Skipping VWAP_diff_signal_1700, not yet time (every 5m)
2025-05-07 17:47:00 - DEBUG - [_process_strategies] [N/A] ⏱ Skipping EMA_Cross_ema50, not yet time (every 5m)
2025-05-07 17:47:00 - DEBUG - [_process_strategies] [N/A] ⏱ Skipping SMA_Cross_sma50, not yet time (every 5m)
2025-05-07 17:47:00 - DEBUG - [_process_strategies] [N/A] ⏱ Skipping SMA_Cross_candle, not yet time (every 5m)
2025-05-07 17:47:00 - DEBUG - [_process_strategies] [N/A] ⏱ Skipping EMA_Cross_candle, not yet time (every 5m)
2025-05-07 17:47:00 - INFO - [_update_active_orders_and_telegram] [N/A] 📊 Updating SL/TP for active orders
2025-05-07 17:47:01 - INFO - [_wait_until_next_iteration] [N/A] ⏳ Sleeping for 58.92 seconds before the next cycle
2025-05-07 17:48:00 - DEBUG - [_process_strategies] [N/A] ⏱ Skipping VWAP_diff_signal_rsi_1700, not yet time (every 5m)
2025-05-07 17:48:00 - DEBUG - [_process_strategies] [N/A] ⏱ Skipping VWAP_diff_signal_1700_volume, not yet time (every 5m)
2025-05-07 17:48:00 - DEBUG - [_process_strategies] [N/A] ⏱ Skipping VWAP_diff_signal_1700, not yet time (every 5m)
2025-05-07 17:48:00 - DEBUG - [_process_strategies] [N/A] ⏱ Skipping EMA_Cross_ema50, not yet time (every 5m)
2025-05-07 17:48:00 - DEBUG - [_process_strategies] [N/A] ⏱ Skipping SMA_Cross_sma50, not yet time (every 5m)
2025-05-07 17:48:00 - DEBUG - [_process_strategies] [N/A] ⏱ Skipping SMA_Cross_candle, not yet time (every 5m)
2025-05-07 17:48:00 - DEBUG - [_process_strategies] [N/A] ⏱ Skipping EMA_Cross_candle, not yet time (every 5m)
2025-05-07 17:48:00 - INFO - [_update_active_orders_and_telegram] [N/A] 📊 Updating SL/TP for active orders
2025-05-07 17:48:01 - INFO - [_wait_until_next_iteration] [N/A] ⏳ Sleeping for 58.93 seconds before the next cycle
2025-05-07 17:49:00 - DEBUG - [_process_strategies] [N/A] ⏱ Skipping VWAP_diff_signal_rsi_1700, not yet time (every 5m)
2025-05-07 17:49:00 - DEBUG - [_process_strategies] [N/A] ⏱ Skipping VWAP_diff_signal_1700_volume, not yet time (every 5m)
2025-05-07 17:49:00 - DEBUG - [_process_strategies] [N/A] ⏱ Skipping VWAP_diff_signal_1700, not yet time (every 5m)
2025-05-07 17:49:00 - DEBUG - [_process_strategies] [N/A] ⏱ Skipping EMA_Cross_ema50, not yet time (every 5m)
2025-05-07 17:49:00 - DEBUG - [_process_strategies] [N/A] ⏱ Skipping SMA_Cross_sma50, not yet time (every 5m)
2025-05-07 17:49:00 - DEBUG - [_process_strategies] [N/A] ⏱ Skipping SMA_Cross_candle, not yet time (every 5m)
2025-05-07 17:49:00 - DEBUG - [_process_strategies] [N/A] ⏱ Skipping EMA_Cross_candle, not yet time (every 5m)
2025-05-07 17:49:00 - INFO - [_update_active_orders_and_telegram] [N/A] 📊 Updating SL/TP for active orders
2025-05-07 17:49:01 - INFO - [_wait_until_next_iteration] [N/A] ⏳ Sleeping for 58.92 seconds before the next cycle
2025-05-07 17:50:00 - INFO - [_run_strategy_if_applicable] [N/A] 🔄 Starting trading loop for strategy: VWAP_diff_signal_rsi_1700
2025-05-07 17:50:00 - INFO - [get_stock_data] [IVZ] Requesting data for IVZ
2025-05-07 17:50:00 - INFO - [get_stock_data] [IVZ] Data received for IVZ: 94 rows
2025-05-07 17:50:00 - INFO - [check_vwap_diff_signal_with_rsi] [IVZ] Analyzing VWAP reversal signal for IVZ
2025-05-07 17:50:00 - INFO - [check_vwap_diff_signal_with_rsi] [IVZ] Close: 14.39 | Low: 14.38 | High: 14.41 | VWAP: 14.392152529917057 | RSI: 58.66
2025-05-07 17:50:00 - DEBUG - [check_vwap_diff_signal_with_rsi] [IVZ] [IVZ] Last Candela: VWAP-Low=0.08%, High-VWAP=0.12%
2025-05-07 17:50:00 - DEBUG - [check_vwap_diff_signal_with_rsi] [IVZ] No VWAP+RSI signal detected
2025-05-07 17:50:00 - INFO - [_process_ticker] [IVZ] ℹ️ No valid signal for IVZ
2025-05-07 17:50:00 - INFO - [get_stock_data] [FCX] Requesting data for FCX
2025-05-07 17:50:01 - INFO - [get_stock_data] [FCX] Data received for FCX: 94 rows
2025-05-07 17:50:01 - INFO - [check_vwap_diff_signal_with_rsi] [FCX] Analyzing VWAP reversal signal for FCX
2025-05-07 17:50:01 - INFO - [check_vwap_diff_signal_with_rsi] [FCX] Close: 37.07 | Low: 37.0 | High: 37.08 | VWAP: 37.214889947007926 | RSI: 32.67
2025-05-07 17:50:01 - DEBUG - [check_vwap_diff_signal_with_rsi] [FCX] [FCX] Last Candela: VWAP-Low=0.58%, High-VWAP=-0.36%
2025-05-07 17:50:01 - DEBUG - [check_vwap_diff_signal_with_rsi] [FCX] No VWAP+RSI signal detected
2025-05-07 17:50:01 - INFO - [_process_ticker] [FCX] ℹ️ No valid signal for FCX
2025-05-07 17:50:01 - INFO - [get_stock_data] [HST] Requesting data for HST
2025-05-07 17:50:02 - INFO - [get_stock_data] [HST] Data received for HST: 94 rows
2025-05-07 17:50:02 - INFO - [check_vwap_diff_signal_with_rsi] [HST] Analyzing VWAP reversal signal for HST
2025-05-07 17:50:02 - INFO - [check_vwap_diff_signal_with_rsi] [HST] Close: 14.62 | Low: 14.61 | High: 14.64 | VWAP: 14.543053201851334 | RSI: 63.52
2025-05-07 17:50:02 - DEBUG - [check_vwap_diff_signal_with_rsi] [HST] [HST] Last Candela: VWAP-Low=-0.46%, High-VWAP=0.67%
2025-05-07 17:50:02 - DEBUG - [check_vwap_diff_signal_with_rsi] [HST] No VWAP+RSI signal detected
2025-05-07 17:50:02 - INFO - [_process_ticker] [HST] ℹ️ No valid signal for HST
2025-05-07 17:50:02 - INFO - [get_stock_data] [IVZ] Requesting data for IVZ
2025-05-07 17:50:03 - INFO - [get_stock_data] [IVZ] Data received for IVZ: 94 rows
2025-05-07 17:50:03 - INFO - [check_vwap_diff_signal_with_rsi] [IVZ] Analyzing VWAP reversal signal for IVZ
2025-05-07 17:50:03 - INFO - [check_vwap_diff_signal_with_rsi] [IVZ] Close: 14.39 | Low: 14.38 | High: 14.41 | VWAP: 14.392152529917057 | RSI: 58.66
2025-05-07 17:50:03 - DEBUG - [check_vwap_diff_signal_with_rsi] [IVZ] [IVZ] Last Candela: VWAP-Low=0.08%, High-VWAP=0.12%
2025-05-07 17:50:03 - DEBUG - [check_vwap_diff_signal_with_rsi] [IVZ] No VWAP+RSI signal detected
2025-05-07 17:50:03 - INFO - [_process_ticker] [IVZ] ℹ️ No valid signal for IVZ
2025-05-07 17:50:03 - INFO - [get_stock_data] [NEM] Requesting data for NEM
2025-05-07 17:50:04 - INFO - [get_stock_data] [NEM] Data received for NEM: 94 rows
2025-05-07 17:50:04 - INFO - [check_vwap_diff_signal_with_rsi] [NEM] Analyzing VWAP reversal signal for NEM
2025-05-07 17:50:04 - INFO - [check_vwap_diff_signal_with_rsi] [NEM] Close: 53.57 | Low: 53.53 | High: 53.67 | VWAP: 53.987595907222904 | RSI: 33.23
2025-05-07 17:50:04 - DEBUG - [check_vwap_diff_signal_with_rsi] [NEM] [NEM] Last Candela: VWAP-Low=0.85%, High-VWAP=-0.59%
2025-05-07 17:50:04 - DEBUG - [check_vwap_diff_signal_with_rsi] [NEM] No VWAP+RSI signal detected
2025-05-07 17:50:04 - INFO - [_process_ticker] [NEM] ℹ️ No valid signal for NEM
2025-05-07 17:50:04 - INFO - [get_stock_data] [LUV] Requesting data for LUV
2025-05-07 17:50:05 - INFO - [get_stock_data] [LUV] Data received for LUV: 94 rows
2025-05-07 17:50:05 - INFO - [check_vwap_diff_signal_with_rsi] [LUV] Analyzing VWAP reversal signal for LUV
2025-05-07 17:50:05 - INFO - [check_vwap_diff_signal_with_rsi] [LUV] Close: 30.4 | Low: 30.34 | High: 30.42 | VWAP: 30.090720831651836 | RSI: 75.84
2025-05-07 17:50:05 - DEBUG - [check_vwap_diff_signal_with_rsi] [LUV] [LUV] Last Candela: VWAP-Low=-0.83%, High-VWAP=1.09%
2025-05-07 17:50:05 - DEBUG - [check_vwap_diff_signal_with_rsi] [LUV] No VWAP+RSI signal detected
2025-05-07 17:50:05 - INFO - [_process_ticker] [LUV] ℹ️ No valid signal for LUV
2025-05-07 17:50:05 - INFO - [_run_strategy_if_applicable] [N/A] 🔄 Starting trading loop for strategy: VWAP_diff_signal_1700_volume
2025-05-07 17:50:05 - DEBUG - [_process_ticker] [GEN] 🚫 Trade not allowed for GEN (limit reached)
2025-05-07 17:50:05 - INFO - [get_stock_data] [HPQ] Requesting data for HPQ
2025-05-07 17:50:05 - INFO - [get_stock_data] [HPQ] Data received for HPQ: 94 rows
2025-05-07 17:50:05 - INFO - [check_vwap_diff_signal_with_volume] [HPQ] Analyzing VWAP reversal signal for HPQ
2025-05-07 17:50:05 - INFO - [_process_ticker] [HPQ] ℹ️ No valid signal for HPQ
2025-05-07 17:50:05 - INFO - [get_stock_data] [INTC] Requesting data for INTC
2025-05-07 17:50:06 - INFO - [get_stock_data] [INTC] Data received for INTC: 95 rows
2025-05-07 17:50:06 - INFO - [check_vwap_diff_signal_with_volume] [INTC] Analyzing VWAP reversal signal for INTC
2025-05-07 17:50:06 - INFO - [_process_ticker] [INTC] ℹ️ No valid signal for INTC
2025-05-07 17:50:06 - INFO - [get_stock_data] [RF] Requesting data for RF
2025-05-07 17:50:07 - INFO - [get_stock_data] [RF] Data received for RF: 95 rows
2025-05-07 17:50:07 - INFO - [check_vwap_diff_signal_with_volume] [RF] Analyzing VWAP reversal signal for RF
2025-05-07 17:50:07 - INFO - [_process_ticker] [RF] ℹ️ No valid signal for RF
2025-05-07 17:50:07 - INFO - [_run_strategy_if_applicable] [N/A] 🔄 Starting trading loop for strategy: VWAP_diff_signal_1700
2025-05-07 17:50:07 - INFO - [get_stock_data] [CZR] Requesting data for CZR
2025-05-07 17:50:07 - INFO - [get_stock_data] [CZR] Data received for CZR: 95 rows
2025-05-07 17:50:07 - INFO - [check_vwap_diff_signal] [CZR] Analyzing VWAP reversal signal for CZR
2025-05-07 17:50:07 - INFO - [check_vwap_diff_signal] [CZR] Close: 26.89 | Low: 26.89 | High: 26.94 | VWAP: 26.964959714071394
2025-05-07 17:50:07 - DEBUG - [check_vwap_diff_signal] [CZR] [CZR] Last Candela: VWAP-Low=0.28%, High-VWAP=-0.09%
2025-05-07 17:50:07 - DEBUG - [check_vwap_diff_signal] [CZR] No VWAP signal detected
2025-05-07 17:50:07 - INFO - [_process_ticker] [CZR] ℹ️ No valid signal for CZR
2025-05-07 17:50:07 - INFO - [get_stock_data] [MTCH] Requesting data for MTCH
2025-05-07 17:50:08 - INFO - [get_stock_data] [MTCH] Data received for MTCH: 95 rows
2025-05-07 17:50:08 - INFO - [check_vwap_diff_signal] [MTCH] Analyzing VWAP reversal signal for MTCH
2025-05-07 17:50:08 - INFO - [check_vwap_diff_signal] [MTCH] Close: 30.38 | Low: 30.38 | High: 30.38 | VWAP: 30.4110232834258
2025-05-07 17:50:08 - DEBUG - [check_vwap_diff_signal] [MTCH] [MTCH] Last Candela: VWAP-Low=0.10%, High-VWAP=-0.10%
2025-05-07 17:50:08 - DEBUG - [check_vwap_diff_signal] [MTCH] No VWAP signal detected
2025-05-07 17:50:08 - INFO - [_process_ticker] [MTCH] ℹ️ No valid signal for MTCH
2025-05-07 17:50:08 - INFO - [get_stock_data] [NCHL] Requesting data for NCHL
2025-05-07 17:50:08 - ERROR - [get_stock_data] [NCHL] Error retrieving data: 'NoneType' object has no attribute 'empty'
2025-05-07 17:50:08 - INFO - [get_stock_data] [HBAN] Requesting data for HBAN
2025-05-07 17:50:09 - INFO - [get_stock_data] [HBAN] Data received for HBAN: 95 rows
2025-05-07 17:50:09 - INFO - [check_vwap_diff_signal] [HBAN] Analyzing VWAP reversal signal for HBAN
2025-05-07 17:50:09 - INFO - [check_vwap_diff_signal] [HBAN] Close: 15.01 | Low: 15.0 | High: 15.02 | VWAP: 15.017512172292786
2025-05-07 17:50:09 - DEBUG - [check_vwap_diff_signal] [HBAN] [HBAN] Last Candela: VWAP-Low=0.12%, High-VWAP=0.02%
2025-05-07 17:50:09 - DEBUG - [check_vwap_diff_signal] [HBAN] No VWAP signal detected
2025-05-07 17:50:09 - INFO - [_process_ticker] [HBAN] ℹ️ No valid signal for HBAN
2025-05-07 17:50:09 - INFO - [get_stock_data] [MRNA] Requesting data for MRNA
2025-05-07 17:50:09 - INFO - [get_stock_data] [MRNA] Data received for MRNA: 95 rows
2025-05-07 17:50:09 - INFO - [check_vwap_diff_signal] [MRNA] Analyzing VWAP reversal signal for MRNA
2025-05-07 17:50:09 - INFO - [check_vwap_diff_signal] [MRNA] Close: 24.12 | Low: 24.12 | High: 24.12 | VWAP: 24.401351362185792
2025-05-07 17:50:09 - DEBUG - [check_vwap_diff_signal] [MRNA] [MRNA] Last Candela: VWAP-Low=1.15%, High-VWAP=-1.15%
2025-05-07 17:50:09 - DEBUG - [check_vwap_diff_signal] [MRNA] No VWAP signal detected
2025-05-07 17:50:09 - INFO - [_process_ticker] [MRNA] ℹ️ No valid signal for MRNA
2025-05-07 17:50:09 - INFO - [get_stock_data] [WBD] Requesting data for WBD
2025-05-07 17:50:10 - INFO - [get_stock_data] [WBD] Data received for WBD: 95 rows
2025-05-07 17:50:10 - INFO - [check_vwap_diff_signal] [WBD] Analyzing VWAP reversal signal for WBD
2025-05-07 17:50:10 - INFO - [check_vwap_diff_signal] [WBD] Close: 8.61 | Low: 8.6 | High: 8.61 | VWAP: 8.58231464570898
2025-05-07 17:50:10 - DEBUG - [check_vwap_diff_signal] [WBD] [WBD] Last Candela: VWAP-Low=-0.21%, High-VWAP=0.32%
2025-05-07 17:50:10 - DEBUG - [check_vwap_diff_signal] [WBD] No VWAP signal detected
2025-05-07 17:50:10 - INFO - [_process_ticker] [WBD] ℹ️ No valid signal for WBD
2025-05-07 17:50:10 - INFO - [get_stock_data] [CMCSA] Requesting data for CMCSA
2025-05-07 17:50:11 - INFO - [get_stock_data] [CMCSA] Data received for CMCSA: 95 rows
2025-05-07 17:50:11 - INFO - [check_vwap_diff_signal] [CMCSA] Analyzing VWAP reversal signal for CMCSA
2025-05-07 17:50:11 - INFO - [check_vwap_diff_signal] [CMCSA] Close: 34.57 | Low: 34.56 | High: 34.58 | VWAP: 34.684033628368454
2025-05-07 17:50:11 - DEBUG - [check_vwap_diff_signal] [CMCSA] [CMCSA] Last Candela: VWAP-Low=0.36%, High-VWAP=-0.30%
2025-05-07 17:50:11 - DEBUG - [check_vwap_diff_signal] [CMCSA] No VWAP signal detected
2025-05-07 17:50:11 - INFO - [_process_ticker] [CMCSA] ℹ️ No valid signal for CMCSA
2025-05-07 17:50:11 - INFO - [_run_strategy_if_applicable] [N/A] ⏰ Strategy 'EMA_Cross_ema50' not executed because it's outside the time window: 16:35:00 - 16:50:00
2025-05-07 17:50:11 - INFO - [_run_strategy_if_applicable] [N/A] ⏰ Strategy 'SMA_Cross_sma50' not executed because it's outside the time window: 16:35:00 - 16:50:00
2025-05-07 17:50:11 - INFO - [_run_strategy_if_applicable] [N/A] ⏰ Strategy 'SMA_Cross_candle' not executed because it's outside the time window: 16:35:00 - 16:50:00
2025-05-07 17:50:11 - INFO - [_run_strategy_if_applicable] [N/A] ⏰ Strategy 'EMA_Cross_candle' not executed because it's outside the time window: 16:35:00 - 16:50:00
2025-05-07 17:50:11 - INFO - [_update_active_orders_and_telegram] [N/A] 📊 Updating SL/TP for active orders
2025-05-07 17:50:12 - INFO - [_wait_until_next_iteration] [N/A] ⏳ Sleeping for 47.80 seconds before the next cycle
2025-05-07 17:51:00 - DEBUG - [_process_strategies] [N/A] ⏱ Skipping VWAP_diff_signal_rsi_1700, not yet time (every 5m)
2025-05-07 17:51:00 - DEBUG - [_process_strategies] [N/A] ⏱ Skipping VWAP_diff_signal_1700_volume, not yet time (every 5m)
2025-05-07 17:51:00 - DEBUG - [_process_strategies] [N/A] ⏱ Skipping VWAP_diff_signal_1700, not yet time (every 5m)
2025-05-07 17:51:00 - DEBUG - [_process_strategies] [N/A] ⏱ Skipping EMA_Cross_ema50, not yet time (every 5m)
2025-05-07 17:51:00 - DEBUG - [_process_strategies] [N/A] ⏱ Skipping SMA_Cross_sma50, not yet time (every 5m)
2025-05-07 17:51:00 - DEBUG - [_process_strategies] [N/A] ⏱ Skipping SMA_Cross_candle, not yet time (every 5m)
2025-05-07 17:51:00 - DEBUG - [_process_strategies] [N/A] ⏱ Skipping EMA_Cross_candle, not yet time (every 5m)
2025-05-07 17:51:00 - INFO - [_update_active_orders_and_telegram] [N/A] 📊 Updating SL/TP for active orders
2025-05-07 17:51:01 - INFO - [_wait_until_next_iteration] [N/A] ⏳ Sleeping for 58.93 seconds before the next cycle
2025-05-07 17:52:00 - DEBUG - [_process_strategies] [N/A] ⏱ Skipping VWAP_diff_signal_rsi_1700, not yet time (every 5m)
2025-05-07 17:52:00 - DEBUG - [_process_strategies] [N/A] ⏱ Skipping VWAP_diff_signal_1700_volume, not yet time (every 5m)
2025-05-07 17:52:00 - DEBUG - [_process_strategies] [N/A] ⏱ Skipping VWAP_diff_signal_1700, not yet time (every 5m)
2025-05-07 17:52:00 - DEBUG - [_process_strategies] [N/A] ⏱ Skipping EMA_Cross_ema50, not yet time (every 5m)
2025-05-07 17:52:00 - DEBUG - [_process_strategies] [N/A] ⏱ Skipping SMA_Cross_sma50, not yet time (every 5m)
2025-05-07 17:52:00 - DEBUG - [_process_strategies] [N/A] ⏱ Skipping SMA_Cross_candle, not yet time (every 5m)
2025-05-07 17:52:00 - DEBUG - [_process_strategies] [N/A] ⏱ Skipping EMA_Cross_candle, not yet time (every 5m)
2025-05-07 17:52:00 - INFO - [_update_active_orders_and_telegram] [N/A] 📊 Updating SL/TP for active orders
2025-05-07 17:52:01 - INFO - [_wait_until_next_iteration] [N/A] ⏳ Sleeping for 58.92 seconds before the next cycle
2025-05-07 17:53:00 - DEBUG - [_process_strategies] [N/A] ⏱ Skipping VWAP_diff_signal_rsi_1700, not yet time (every 5m)
2025-05-07 17:53:00 - DEBUG - [_process_strategies] [N/A] ⏱ Skipping VWAP_diff_signal_1700_volume, not yet time (every 5m)
2025-05-07 17:53:00 - DEBUG - [_process_strategies] [N/A] ⏱ Skipping VWAP_diff_signal_1700, not yet time (every 5m)
2025-05-07 17:53:00 - DEBUG - [_process_strategies] [N/A] ⏱ Skipping EMA_Cross_ema50, not yet time (every 5m)
2025-05-07 17:53:00 - DEBUG - [_process_strategies] [N/A] ⏱ Skipping SMA_Cross_sma50, not yet time (every 5m)
2025-05-07 17:53:00 - DEBUG - [_process_strategies] [N/A] ⏱ Skipping SMA_Cross_candle, not yet time (every 5m)
2025-05-07 17:53:00 - DEBUG - [_process_strategies] [N/A] ⏱ Skipping EMA_Cross_candle, not yet time (every 5m)
2025-05-07 17:53:00 - INFO - [_update_active_orders_and_telegram] [N/A] 📊 Updating SL/TP for active orders
2025-05-07 17:53:01 - INFO - [_wait_until_next_iteration] [N/A] ⏳ Sleeping for 58.93 seconds before the next cycle
2025-05-07 17:54:00 - DEBUG - [_process_strategies] [N/A] ⏱ Skipping VWAP_diff_signal_rsi_1700, not yet time (every 5m)
2025-05-07 17:54:00 - DEBUG - [_process_strategies] [N/A] ⏱ Skipping VWAP_diff_signal_1700_volume, not yet time (every 5m)
2025-05-07 17:54:00 - DEBUG - [_process_strategies] [N/A] ⏱ Skipping VWAP_diff_signal_1700, not yet time (every 5m)
2025-05-07 17:54:00 - DEBUG - [_process_strategies] [N/A] ⏱ Skipping EMA_Cross_ema50, not yet time (every 5m)
2025-05-07 17:54:00 - DEBUG - [_process_strategies] [N/A] ⏱ Skipping SMA_Cross_sma50, not yet time (every 5m)
2025-05-07 17:54:00 - DEBUG - [_process_strategies] [N/A] ⏱ Skipping SMA_Cross_candle, not yet time (every 5m)
2025-05-07 17:54:00 - DEBUG - [_process_strategies] [N/A] ⏱ Skipping EMA_Cross_candle, not yet time (every 5m)
2025-05-07 17:54:00 - INFO - [_update_active_orders_and_telegram] [N/A] 📊 Updating SL/TP for active orders
2025-05-07 17:54:01 - INFO - [_wait_until_next_iteration] [N/A] ⏳ Sleeping for 58.94 seconds before the next cycle
2025-05-07 17:55:00 - INFO - [_run_strategy_if_applicable] [N/A] 🔄 Starting trading loop for strategy: VWAP_diff_signal_rsi_1700
2025-05-07 17:55:00 - INFO - [get_stock_data] [IVZ] Requesting data for IVZ
2025-05-07 17:55:00 - INFO - [get_stock_data] [IVZ] Data received for IVZ: 95 rows
2025-05-07 17:55:00 - INFO - [check_vwap_diff_signal_with_rsi] [IVZ] Analyzing VWAP reversal signal for IVZ
2025-05-07 17:55:00 - INFO - [check_vwap_diff_signal_with_rsi] [IVZ] Close: 14.34 | Low: 14.33 | High: 14.38 | VWAP: 14.390616458946948 | RSI: 50.56
2025-05-07 17:55:00 - DEBUG - [check_vwap_diff_signal_with_rsi] [IVZ] [IVZ] Last Candela: VWAP-Low=0.42%, High-VWAP=-0.07%
2025-05-07 17:55:00 - DEBUG - [check_vwap_diff_signal_with_rsi] [IVZ] No VWAP+RSI signal detected
2025-05-07 17:55:00 - INFO - [_process_ticker] [IVZ] ℹ️ No valid signal for IVZ
2025-05-07 17:55:00 - INFO - [get_stock_data] [FCX] Requesting data for FCX
2025-05-07 17:55:01 - INFO - [get_stock_data] [FCX] Data received for FCX: 95 rows
2025-05-07 17:55:01 - INFO - [check_vwap_diff_signal_with_rsi] [FCX] Analyzing VWAP reversal signal for FCX
2025-05-07 17:55:01 - INFO - [check_vwap_diff_signal_with_rsi] [FCX] Close: 37.02 | Low: 37.01 | High: 37.09 | VWAP: 37.211349318263565 | RSI: 31.03
2025-05-07 17:55:01 - DEBUG - [check_vwap_diff_signal_with_rsi] [FCX] [FCX] Last Candela: VWAP-Low=0.54%, High-VWAP=-0.33%
2025-05-07 17:55:01 - DEBUG - [check_vwap_diff_signal_with_rsi] [FCX] No VWAP+RSI signal detected
2025-05-07 17:55:01 - INFO - [_process_ticker] [FCX] ℹ️ No valid signal for FCX
2025-05-07 17:55:01 - INFO - [get_stock_data] [HST] Requesting data for HST
2025-05-07 17:55:02 - INFO - [get_stock_data] [HST] Data received for HST: 95 rows
2025-05-07 17:55:02 - INFO - [check_vwap_diff_signal_with_rsi] [HST] Analyzing VWAP reversal signal for HST
2025-05-07 17:55:02 - INFO - [check_vwap_diff_signal_with_rsi] [HST] Close: 14.57 | Low: 14.57 | High: 14.63 | VWAP: 14.54363391919495 | RSI: 53.95
2025-05-07 17:55:02 - DEBUG - [check_vwap_diff_signal_with_rsi] [HST] [HST] Last Candela: VWAP-Low=-0.18%, High-VWAP=0.59%
2025-05-07 17:55:02 - DEBUG - [check_vwap_diff_signal_with_rsi] [HST] No VWAP+RSI signal detected
2025-05-07 17:55:02 - INFO - [_process_ticker] [HST] ℹ️ No valid signal for HST
2025-05-07 17:55:02 - INFO - [get_stock_data] [IVZ] Requesting data for IVZ
2025-05-07 17:55:02 - INFO - [get_stock_data] [IVZ] Data received for IVZ: 95 rows
2025-05-07 17:55:02 - INFO - [check_vwap_diff_signal_with_rsi] [IVZ] Analyzing VWAP reversal signal for IVZ
2025-05-07 17:55:02 - INFO - [check_vwap_diff_signal_with_rsi] [IVZ] Close: 14.34 | Low: 14.33 | High: 14.38 | VWAP: 14.390616458946948 | RSI: 50.56
2025-05-07 17:55:02 - DEBUG - [check_vwap_diff_signal_with_rsi] [IVZ] [IVZ] Last Candela: VWAP-Low=0.42%, High-VWAP=-0.07%
2025-05-07 17:55:02 - DEBUG - [check_vwap_diff_signal_with_rsi] [IVZ] No VWAP+RSI signal detected
2025-05-07 17:55:02 - INFO - [_process_ticker] [IVZ] ℹ️ No valid signal for IVZ
2025-05-07 17:55:02 - INFO - [get_stock_data] [NEM] Requesting data for NEM
2025-05-07 17:55:03 - INFO - [get_stock_data] [NEM] Data received for NEM: 95 rows
2025-05-07 17:55:03 - INFO - [check_vwap_diff_signal_with_rsi] [NEM] Analyzing VWAP reversal signal for NEM
2025-05-07 17:55:03 - INFO - [check_vwap_diff_signal_with_rsi] [NEM] Close: 53.65 | Low: 53.51 | High: 53.68 | VWAP: 53.96705967394194 | RSI: 37.03
2025-05-07 17:55:03 - DEBUG - [check_vwap_diff_signal_with_rsi] [NEM] [NEM] Last Candela: VWAP-Low=0.85%, High-VWAP=-0.53%
2025-05-07 17:55:03 - DEBUG - [check_vwap_diff_signal_with_rsi] [NEM] No VWAP+RSI signal detected
2025-05-07 17:55:03 - INFO - [_process_ticker] [NEM] ℹ️ No valid signal for NEM
2025-05-07 17:55:03 - INFO - [get_stock_data] [LUV] Requesting data for LUV
2025-05-07 17:55:03 - INFO - [get_stock_data] [LUV] Data received for LUV: 95 rows
2025-05-07 17:55:03 - INFO - [check_vwap_diff_signal_with_rsi] [LUV] Analyzing VWAP reversal signal for LUV
2025-05-07 17:55:03 - INFO - [check_vwap_diff_signal_with_rsi] [LUV] Close: 30.32 | Low: 30.31 | High: 30.43 | VWAP: 30.109505225616832 | RSI: 66.64
2025-05-07 17:55:03 - DEBUG - [check_vwap_diff_signal_with_rsi] [LUV] [LUV] Last Candela: VWAP-Low=-0.67%, High-VWAP=1.06%
2025-05-07 17:55:03 - DEBUG - [check_vwap_diff_signal_with_rsi] [LUV] No VWAP+RSI signal detected
2025-05-07 17:55:03 - INFO - [_process_ticker] [LUV] ℹ️ No valid signal for LUV
2025-05-07 17:55:03 - INFO - [_run_strategy_if_applicable] [N/A] 🔄 Starting trading loop for strategy: VWAP_diff_signal_1700_volume
2025-05-07 17:55:03 - DEBUG - [_process_ticker] [GEN] 🚫 Trade not allowed for GEN (limit reached)
2025-05-07 17:55:03 - INFO - [get_stock_data] [HPQ] Requesting data for HPQ
2025-05-07 17:55:04 - INFO - [get_stock_data] [HPQ] Data received for HPQ: 95 rows
2025-05-07 17:55:04 - INFO - [check_vwap_diff_signal_with_volume] [HPQ] Analyzing VWAP reversal signal for HPQ
2025-05-07 17:55:04 - INFO - [_process_ticker] [HPQ] ℹ️ No valid signal for HPQ
2025-05-07 17:55:04 - INFO - [get_stock_data] [INTC] Requesting data for INTC
2025-05-07 17:55:05 - INFO - [get_stock_data] [INTC] Data received for INTC: 95 rows
2025-05-07 17:55:05 - INFO - [check_vwap_diff_signal_with_volume] [INTC] Analyzing VWAP reversal signal for INTC
2025-05-07 17:55:05 - INFO - [_process_ticker] [INTC] ℹ️ No valid signal for INTC
2025-05-07 17:55:05 - INFO - [get_stock_data] [RF] Requesting data for RF
2025-05-07 17:55:05 - INFO - [get_stock_data] [RF] Data received for RF: 95 rows
2025-05-07 17:55:05 - INFO - [check_vwap_diff_signal_with_volume] [RF] Analyzing VWAP reversal signal for RF
2025-05-07 17:55:05 - INFO - [_process_ticker] [RF] ℹ️ No valid signal for RF
2025-05-07 17:55:05 - INFO - [_run_strategy_if_applicable] [N/A] 🔄 Starting trading loop for strategy: VWAP_diff_signal_1700
2025-05-07 17:55:05 - INFO - [get_stock_data] [CZR] Requesting data for CZR
2025-05-07 17:55:06 - INFO - [get_stock_data] [CZR] Data received for CZR: 96 rows
2025-05-07 17:55:06 - INFO - [check_vwap_diff_signal] [CZR] Analyzing VWAP reversal signal for CZR
2025-05-07 17:55:06 - INFO - [check_vwap_diff_signal] [CZR] Close: 26.82 | Low: 26.8 | High: 26.82 | VWAP: 26.942100858211695
2025-05-07 17:55:06 - DEBUG - [check_vwap_diff_signal] [CZR] [CZR] Last Candela: VWAP-Low=0.53%, High-VWAP=-0.45%
2025-05-07 17:55:06 - DEBUG - [check_vwap_diff_signal] [CZR] No VWAP signal detected
2025-05-07 17:55:06 - INFO - [_process_ticker] [CZR] ℹ️ No valid signal for CZR
2025-05-07 17:55:06 - INFO - [get_stock_data] [MTCH] Requesting data for MTCH
2025-05-07 17:55:06 - INFO - [get_stock_data] [MTCH] Data received for MTCH: 96 rows
2025-05-07 17:55:06 - INFO - [check_vwap_diff_signal] [MTCH] Analyzing VWAP reversal signal for MTCH
2025-05-07 17:55:06 - INFO - [check_vwap_diff_signal] [MTCH] Close: 30.21 | Low: 30.21 | High: 30.21 | VWAP: 30.390299533276576
2025-05-07 17:55:06 - DEBUG - [check_vwap_diff_signal] [MTCH] [MTCH] Last Candela: VWAP-Low=0.59%, High-VWAP=-0.59%
2025-05-07 17:55:06 - DEBUG - [check_vwap_diff_signal] [MTCH] No VWAP signal detected
2025-05-07 17:55:06 - INFO - [_process_ticker] [MTCH] ℹ️ No valid signal for MTCH
2025-05-07 17:55:07 - INFO - [get_stock_data] [NCHL] Requesting data for NCHL
2025-05-07 17:55:07 - ERROR - [get_stock_data] [NCHL] Error retrieving data: 'NoneType' object has no attribute 'empty'
2025-05-07 17:55:07 - INFO - [get_stock_data] [HBAN] Requesting data for HBAN
2025-05-07 17:55:08 - INFO - [get_stock_data] [HBAN] Data received for HBAN: 96 rows
2025-05-07 17:55:08 - INFO - [check_vwap_diff_signal] [HBAN] Analyzing VWAP reversal signal for HBAN
2025-05-07 17:55:08 - INFO - [check_vwap_diff_signal] [HBAN] Close: 15.0 | Low: 15.0 | High: 15.0 | VWAP: 15.015307313855182
2025-05-07 17:55:08 - DEBUG - [check_vwap_diff_signal] [HBAN] [HBAN] Last Candela: VWAP-Low=0.10%, High-VWAP=-0.10%
2025-05-07 17:55:08 - DEBUG - [check_vwap_diff_signal] [HBAN] No VWAP signal detected
2025-05-07 17:55:08 - INFO - [_process_ticker] [HBAN] ℹ️ No valid signal for HBAN
2025-05-07 17:55:08 - INFO - [get_stock_data] [MRNA] Requesting data for MRNA
2025-05-07 17:55:08 - INFO - [get_stock_data] [MRNA] Data received for MRNA: 96 rows
2025-05-07 17:55:08 - INFO - [check_vwap_diff_signal] [MRNA] Analyzing VWAP reversal signal for MRNA
2025-05-07 17:55:08 - INFO - [check_vwap_diff_signal] [MRNA] Close: 24.07 | Low: 24.06 | High: 24.1 | VWAP: 24.389689242658392
2025-05-07 17:55:08 - DEBUG - [check_vwap_diff_signal] [MRNA] [MRNA] Last Candela: VWAP-Low=1.35%, High-VWAP=-1.19%
2025-05-07 17:55:08 - DEBUG - [check_vwap_diff_signal] [MRNA] No VWAP signal detected
2025-05-07 17:55:08 - INFO - [_process_ticker] [MRNA] ℹ️ No valid signal for MRNA
2025-05-07 17:55:08 - INFO - [get_stock_data] [WBD] Requesting data for WBD
2025-05-07 17:55:09 - INFO - [get_stock_data] [WBD] Data received for WBD: 96 rows
2025-05-07 17:55:09 - INFO - [check_vwap_diff_signal] [WBD] Analyzing VWAP reversal signal for WBD
2025-05-07 17:55:09 - INFO - [check_vwap_diff_signal] [WBD] Close: 8.58 | Low: 8.58 | High: 8.59 | VWAP: 8.582572676136497
2025-05-07 17:55:09 - DEBUG - [check_vwap_diff_signal] [WBD] [WBD] Last Candela: VWAP-Low=0.03%, High-VWAP=0.09%
2025-05-07 17:55:09 - DEBUG - [check_vwap_diff_signal] [WBD] No VWAP signal detected
2025-05-07 17:55:09 - INFO - [_process_ticker] [WBD] ℹ️ No valid signal for WBD
2025-05-07 17:55:09 - INFO - [get_stock_data] [CMCSA] Requesting data for CMCSA
2025-05-07 17:55:10 - INFO - [get_stock_data] [CMCSA] Data received for CMCSA: 96 rows
2025-05-07 17:55:10 - INFO - [check_vwap_diff_signal] [CMCSA] Analyzing VWAP reversal signal for CMCSA
2025-05-07 17:55:10 - INFO - [check_vwap_diff_signal] [CMCSA] Close: 34.51 | Low: 34.51 | High: 34.51 | VWAP: 34.67759782608449
2025-05-07 17:55:10 - DEBUG - [check_vwap_diff_signal] [CMCSA] [CMCSA] Last Candela: VWAP-Low=0.48%, High-VWAP=-0.48%
2025-05-07 17:55:10 - DEBUG - [check_vwap_diff_signal] [CMCSA] No VWAP signal detected
2025-05-07 17:55:10 - INFO - [_process_ticker] [CMCSA] ℹ️ No valid signal for CMCSA
2025-05-07 17:55:10 - INFO - [_run_strategy_if_applicable] [N/A] ⏰ Strategy 'EMA_Cross_ema50' not executed because it's outside the time window: 16:35:00 - 16:50:00
2025-05-07 17:55:10 - INFO - [_run_strategy_if_applicable] [N/A] ⏰ Strategy 'SMA_Cross_sma50' not executed because it's outside the time window: 16:35:00 - 16:50:00
2025-05-07 17:55:10 - INFO - [_run_strategy_if_applicable] [N/A] ⏰ Strategy 'SMA_Cross_candle' not executed because it's outside the time window: 16:35:00 - 16:50:00
2025-05-07 17:55:10 - INFO - [_run_strategy_if_applicable] [N/A] ⏰ Strategy 'EMA_Cross_candle' not executed because it's outside the time window: 16:35:00 - 16:50:00
2025-05-07 17:55:10 - INFO - [_update_active_orders_and_telegram] [N/A] 📊 Updating SL/TP for active orders
2025-05-07 17:55:11 - INFO - [_wait_until_next_iteration] [N/A] ⏳ Sleeping for 48.05 seconds before the next cycle
2025-05-07 17:56:00 - DEBUG - [_process_strategies] [N/A] ⏱ Skipping VWAP_diff_signal_rsi_1700, not yet time (every 5m)
2025-05-07 17:56:00 - DEBUG - [_process_strategies] [N/A] ⏱ Skipping VWAP_diff_signal_1700_volume, not yet time (every 5m)
2025-05-07 17:56:00 - DEBUG - [_process_strategies] [N/A] ⏱ Skipping VWAP_diff_signal_1700, not yet time (every 5m)
2025-05-07 17:56:00 - DEBUG - [_process_strategies] [N/A] ⏱ Skipping EMA_Cross_ema50, not yet time (every 5m)
2025-05-07 17:56:00 - DEBUG - [_process_strategies] [N/A] ⏱ Skipping SMA_Cross_sma50, not yet time (every 5m)
2025-05-07 17:56:00 - DEBUG - [_process_strategies] [N/A] ⏱ Skipping SMA_Cross_candle, not yet time (every 5m)
2025-05-07 17:56:00 - DEBUG - [_process_strategies] [N/A] ⏱ Skipping EMA_Cross_candle, not yet time (every 5m)
2025-05-07 17:56:00 - INFO - [_update_active_orders_and_telegram] [N/A] 📊 Updating SL/TP for active orders
2025-05-07 17:56:01 - INFO - [_wait_until_next_iteration] [N/A] ⏳ Sleeping for 58.93 seconds before the next cycle
2025-05-07 17:57:00 - DEBUG - [_process_strategies] [N/A] ⏱ Skipping VWAP_diff_signal_rsi_1700, not yet time (every 5m)
2025-05-07 17:57:00 - DEBUG - [_process_strategies] [N/A] ⏱ Skipping VWAP_diff_signal_1700_volume, not yet time (every 5m)
2025-05-07 17:57:00 - DEBUG - [_process_strategies] [N/A] ⏱ Skipping VWAP_diff_signal_1700, not yet time (every 5m)
2025-05-07 17:57:00 - DEBUG - [_process_strategies] [N/A] ⏱ Skipping EMA_Cross_ema50, not yet time (every 5m)
2025-05-07 17:57:00 - DEBUG - [_process_strategies] [N/A] ⏱ Skipping SMA_Cross_sma50, not yet time (every 5m)
2025-05-07 17:57:00 - DEBUG - [_process_strategies] [N/A] ⏱ Skipping SMA_Cross_candle, not yet time (every 5m)
2025-05-07 17:57:00 - DEBUG - [_process_strategies] [N/A] ⏱ Skipping EMA_Cross_candle, not yet time (every 5m)
2025-05-07 17:57:00 - INFO - [_update_active_orders_and_telegram] [N/A] 📊 Updating SL/TP for active orders
2025-05-07 17:57:01 - INFO - [_wait_until_next_iteration] [N/A] ⏳ Sleeping for 58.92 seconds before the next cycle
2025-05-07 17:58:00 - DEBUG - [_process_strategies] [N/A] ⏱ Skipping VWAP_diff_signal_rsi_1700, not yet time (every 5m)
2025-05-07 17:58:00 - DEBUG - [_process_strategies] [N/A] ⏱ Skipping VWAP_diff_signal_1700_volume, not yet time (every 5m)
2025-05-07 17:58:00 - DEBUG - [_process_strategies] [N/A] ⏱ Skipping VWAP_diff_signal_1700, not yet time (every 5m)
2025-05-07 17:58:00 - DEBUG - [_process_strategies] [N/A] ⏱ Skipping EMA_Cross_ema50, not yet time (every 5m)
2025-05-07 17:58:00 - DEBUG - [_process_strategies] [N/A] ⏱ Skipping SMA_Cross_sma50, not yet time (every 5m)
2025-05-07 17:58:00 - DEBUG - [_process_strategies] [N/A] ⏱ Skipping SMA_Cross_candle, not yet time (every 5m)
2025-05-07 17:58:00 - DEBUG - [_process_strategies] [N/A] ⏱ Skipping EMA_Cross_candle, not yet time (every 5m)
2025-05-07 17:58:00 - INFO - [_update_active_orders_and_telegram] [N/A] 📊 Updating SL/TP for active orders
2025-05-07 17:58:01 - INFO - [_wait_until_next_iteration] [N/A] ⏳ Sleeping for 58.93 seconds before the next cycle
2025-05-07 17:59:00 - DEBUG - [_process_strategies] [N/A] ⏱ Skipping VWAP_diff_signal_rsi_1700, not yet time (every 5m)
2025-05-07 17:59:00 - DEBUG - [_process_strategies] [N/A] ⏱ Skipping VWAP_diff_signal_1700_volume, not yet time (every 5m)
2025-05-07 17:59:00 - DEBUG - [_process_strategies] [N/A] ⏱ Skipping VWAP_diff_signal_1700, not yet time (every 5m)
2025-05-07 17:59:00 - DEBUG - [_process_strategies] [N/A] ⏱ Skipping EMA_Cross_ema50, not yet time (every 5m)
2025-05-07 17:59:00 - DEBUG - [_process_strategies] [N/A] ⏱ Skipping SMA_Cross_sma50, not yet time (every 5m)
2025-05-07 17:59:00 - DEBUG - [_process_strategies] [N/A] ⏱ Skipping SMA_Cross_candle, not yet time (every 5m)
2025-05-07 17:59:00 - DEBUG - [_process_strategies] [N/A] ⏱ Skipping EMA_Cross_candle, not yet time (every 5m)
2025-05-07 17:59:00 - INFO - [_update_active_orders_and_telegram] [N/A] 📊 Updating SL/TP for active orders
2025-05-07 17:59:01 - INFO - [_wait_until_next_iteration] [N/A] ⏳ Sleeping for 58.93 seconds before the next cycle
2025-05-07 18:00:00 - INFO - [_run_strategy_if_applicable] [N/A] 🔄 Starting trading loop for strategy: VWAP_diff_signal_rsi_1700
2025-05-07 18:00:00 - INFO - [get_stock_data] [IVZ] Requesting data for IVZ
2025-05-07 18:00:00 - INFO - [get_stock_data] [IVZ] Data received for IVZ: 96 rows
2025-05-07 18:00:00 - INFO - [check_vwap_diff_signal_with_rsi] [IVZ] Analyzing VWAP reversal signal for IVZ
2025-05-07 18:00:00 - INFO - [check_vwap_diff_signal_with_rsi] [IVZ] Close: 14.35 | Low: 14.32 | High: 14.36 | VWAP: 14.389199188379413 | RSI: 51.99
2025-05-07 18:00:00 - DEBUG - [check_vwap_diff_signal_with_rsi] [IVZ] [IVZ] Last Candela: VWAP-Low=0.48%, High-VWAP=-0.20%
2025-05-07 18:00:00 - DEBUG - [check_vwap_diff_signal_with_rsi] [IVZ] No VWAP+RSI signal detected
2025-05-07 18:00:00 - INFO - [_process_ticker] [IVZ] ℹ️ No valid signal for IVZ
2025-05-07 18:00:00 - INFO - [get_stock_data] [FCX] Requesting data for FCX
2025-05-07 18:00:01 - INFO - [get_stock_data] [FCX] Data received for FCX: 96 rows
2025-05-07 18:00:01 - INFO - [check_vwap_diff_signal_with_rsi] [FCX] Analyzing VWAP reversal signal for FCX
2025-05-07 18:00:01 - INFO - [check_vwap_diff_signal_with_rsi] [FCX] Close: 37.08 | Low: 36.98 | High: 37.08 | VWAP: 37.20676943406619 | RSI: 35.23
2025-05-07 18:00:01 - DEBUG - [check_vwap_diff_signal_with_rsi] [FCX] [FCX] Last Candela: VWAP-Low=0.61%, High-VWAP=-0.34%
2025-05-07 18:00:01 - DEBUG - [check_vwap_diff_signal_with_rsi] [FCX] No VWAP+RSI signal detected
2025-05-07 18:00:01 - INFO - [_process_ticker] [FCX] ℹ️ No valid signal for FCX
2025-05-07 18:00:01 - INFO - [get_stock_data] [HST] Requesting data for HST
2025-05-07 18:00:02 - INFO - [get_stock_data] [HST] Data received for HST: 96 rows
2025-05-07 18:00:02 - INFO - [check_vwap_diff_signal_with_rsi] [HST] Analyzing VWAP reversal signal for HST
2025-05-07 18:00:02 - INFO - [check_vwap_diff_signal_with_rsi] [HST] Close: 14.57 | Low: 14.55 | High: 14.58 | VWAP: 14.544223646281681 | RSI: 53.95
2025-05-07 18:00:02 - DEBUG - [check_vwap_diff_signal_with_rsi] [HST] [HST] Last Candela: VWAP-Low=-0.04%, High-VWAP=0.25%
2025-05-07 18:00:02 - DEBUG - [check_vwap_diff_signal_with_rsi] [HST] No VWAP+RSI signal detected
2025-05-07 18:00:02 - INFO - [_process_ticker] [HST] ℹ️ No valid signal for HST
2025-05-07 18:00:02 - INFO - [get_stock_data] [IVZ] Requesting data for IVZ
2025-05-07 18:00:02 - INFO - [get_stock_data] [IVZ] Data received for IVZ: 96 rows
2025-05-07 18:00:02 - INFO - [check_vwap_diff_signal_with_rsi] [IVZ] Analyzing VWAP reversal signal for IVZ
2025-05-07 18:00:02 - INFO - [check_vwap_diff_signal_with_rsi] [IVZ] Close: 14.35 | Low: 14.32 | High: 14.36 | VWAP: 14.389199188379413 | RSI: 51.99
2025-05-07 18:00:02 - DEBUG - [check_vwap_diff_signal_with_rsi] [IVZ] [IVZ] Last Candela: VWAP-Low=0.48%, High-VWAP=-0.20%
2025-05-07 18:00:02 - DEBUG - [check_vwap_diff_signal_with_rsi] [IVZ] No VWAP+RSI signal detected
2025-05-07 18:00:02 - INFO - [_process_ticker] [IVZ] ℹ️ No valid signal for IVZ
2025-05-07 18:00:02 - INFO - [get_stock_data] [NEM] Requesting data for NEM
2025-05-07 18:00:03 - INFO - [get_stock_data] [NEM] Data received for NEM: 96 rows
2025-05-07 18:00:03 - INFO - [check_vwap_diff_signal_with_rsi] [NEM] Analyzing VWAP reversal signal for NEM
2025-05-07 18:00:03 - INFO - [check_vwap_diff_signal_with_rsi] [NEM] Close: 53.76 | Low: 53.61 | High: 53.76 | VWAP: 53.95456595825693 | RSI: 41.92
2025-05-07 18:00:03 - DEBUG - [check_vwap_diff_signal_with_rsi] [NEM] [NEM] Last Candela: VWAP-Low=0.64%, High-VWAP=-0.36%
2025-05-07 18:00:03 - DEBUG - [check_vwap_diff_signal_with_rsi] [NEM] No VWAP+RSI signal detected
2025-05-07 18:00:03 - INFO - [_process_ticker] [NEM] ℹ️ No valid signal for NEM
2025-05-07 18:00:03 - INFO - [get_stock_data] [LUV] Requesting data for LUV
2025-05-07 18:00:04 - INFO - [get_stock_data] [LUV] Data received for LUV: 96 rows
2025-05-07 18:00:04 - INFO - [check_vwap_diff_signal_with_rsi] [LUV] Analyzing VWAP reversal signal for LUV
2025-05-07 18:00:04 - INFO - [check_vwap_diff_signal_with_rsi] [LUV] Close: 30.38 | Low: 30.3 | High: 30.39 | VWAP: 30.12474884619144 | RSI: 69.62
2025-05-07 18:00:04 - DEBUG - [check_vwap_diff_signal_with_rsi] [LUV] [LUV] Last Candela: VWAP-Low=-0.58%, High-VWAP=0.88%
2025-05-07 18:00:04 - DEBUG - [check_vwap_diff_signal_with_rsi] [LUV] No VWAP+RSI signal detected
2025-05-07 18:00:04 - INFO - [_process_ticker] [LUV] ℹ️ No valid signal for LUV
2025-05-07 18:00:04 - INFO - [_run_strategy_if_applicable] [N/A] 🔄 Starting trading loop for strategy: VWAP_diff_signal_1700_volume
2025-05-07 18:00:04 - DEBUG - [_process_ticker] [GEN] 🚫 Trade not allowed for GEN (limit reached)
2025-05-07 18:00:04 - INFO - [get_stock_data] [HPQ] Requesting data for HPQ
2025-05-07 18:00:04 - INFO - [get_stock_data] [HPQ] Data received for HPQ: 96 rows
2025-05-07 18:00:04 - INFO - [check_vwap_diff_signal_with_volume] [HPQ] Analyzing VWAP reversal signal for HPQ
2025-05-07 18:00:04 - INFO - [_process_ticker] [HPQ] ℹ️ No valid signal for HPQ
2025-05-07 18:00:04 - INFO - [get_stock_data] [INTC] Requesting data for INTC
2025-05-07 18:00:05 - INFO - [get_stock_data] [INTC] Data received for INTC: 96 rows
2025-05-07 18:00:05 - INFO - [check_vwap_diff_signal_with_volume] [INTC] Analyzing VWAP reversal signal for INTC
2025-05-07 18:00:05 - INFO - [_process_ticker] [INTC] ℹ️ No valid signal for INTC
2025-05-07 18:00:05 - INFO - [get_stock_data] [RF] Requesting data for RF
2025-05-07 18:00:06 - INFO - [get_stock_data] [RF] Data received for RF: 97 rows
2025-05-07 18:00:06 - INFO - [check_vwap_diff_signal_with_volume] [RF] Analyzing VWAP reversal signal for RF
2025-05-07 18:00:06 - INFO - [_process_ticker] [RF] ℹ️ No valid signal for RF
2025-05-07 18:00:06 - INFO - [_run_strategy_if_applicable] [N/A] 🔄 Starting trading loop for strategy: VWAP_diff_signal_1700
2025-05-07 18:00:06 - INFO - [get_stock_data] [CZR] Requesting data for CZR
2025-05-07 18:00:07 - INFO - [get_stock_data] [CZR] Data received for CZR: 97 rows
2025-05-07 18:00:07 - INFO - [check_vwap_diff_signal] [CZR] Analyzing VWAP reversal signal for CZR
2025-05-07 18:00:07 - INFO - [check_vwap_diff_signal] [CZR] Close: 26.86 | Low: 26.86 | High: 26.87 | VWAP: 26.935974201162765
2025-05-07 18:00:07 - DEBUG - [check_vwap_diff_signal] [CZR] [CZR] Last Candela: VWAP-Low=0.28%, High-VWAP=-0.24%
2025-05-07 18:00:07 - DEBUG - [check_vwap_diff_signal] [CZR] No VWAP signal detected
2025-05-07 18:00:07 - INFO - [_process_ticker] [CZR] ℹ️ No valid signal for CZR
2025-05-07 18:00:07 - INFO - [get_stock_data] [MTCH] Requesting data for MTCH
2025-05-07 18:00:07 - INFO - [get_stock_data] [MTCH] Data received for MTCH: 97 rows
2025-05-07 18:00:07 - INFO - [check_vwap_diff_signal] [MTCH] Analyzing VWAP reversal signal for MTCH
2025-05-07 18:00:07 - INFO - [check_vwap_diff_signal] [MTCH] Close: 30.16 | Low: 30.16 | High: 30.16 | VWAP: 30.37087096000076
2025-05-07 18:00:07 - DEBUG - [check_vwap_diff_signal] [MTCH] [MTCH] Last Candela: VWAP-Low=0.69%, High-VWAP=-0.69%
2025-05-07 18:00:07 - DEBUG - [check_vwap_diff_signal] [MTCH] No VWAP signal detected
2025-05-07 18:00:07 - INFO - [_process_ticker] [MTCH] ℹ️ No valid signal for MTCH
2025-05-07 18:00:07 - INFO - [get_stock_data] [NCHL] Requesting data for NCHL
2025-05-07 18:00:07 - ERROR - [get_stock_data] [NCHL] Error retrieving data: 'NoneType' object has no attribute 'empty'
2025-05-07 18:00:07 - INFO - [get_stock_data] [HBAN] Requesting data for HBAN
2025-05-07 18:00:08 - INFO - [get_stock_data] [HBAN] Data received for HBAN: 97 rows
2025-05-07 18:00:08 - INFO - [check_vwap_diff_signal] [HBAN] Analyzing VWAP reversal signal for HBAN
2025-05-07 18:00:08 - INFO - [check_vwap_diff_signal] [HBAN] Close: 15.04 | Low: 15.03 | High: 15.04 | VWAP: 15.017176868952822
2025-05-07 18:00:08 - DEBUG - [check_vwap_diff_signal] [HBAN] [HBAN] Last Candela: VWAP-Low=-0.09%, High-VWAP=0.15%
2025-05-07 18:00:08 - DEBUG - [check_vwap_diff_signal] [HBAN] No VWAP signal detected
2025-05-07 18:00:08 - INFO - [_process_ticker] [HBAN] ℹ️ No valid signal for HBAN
2025-05-07 18:00:08 - INFO - [get_stock_data] [MRNA] Requesting data for MRNA
2025-05-07 18:00:09 - INFO - [get_stock_data] [MRNA] Data received for MRNA: 97 rows
2025-05-07 18:00:09 - INFO - [check_vwap_diff_signal] [MRNA] Analyzing VWAP reversal signal for MRNA
2025-05-07 18:00:09 - INFO - [check_vwap_diff_signal] [MRNA] Close: 23.94 | Low: 23.94 | High: 23.95 | VWAP: 24.354761561088413
2025-05-07 18:00:09 - DEBUG - [check_vwap_diff_signal] [MRNA] [MRNA] Last Candela: VWAP-Low=1.70%, High-VWAP=-1.66%
2025-05-07 18:00:09 - INFO - [check_vwap_diff_signal] [MRNA] 🔁 TP adjusted to VWAP for BUY: from 24.28 to 24.35
2025-05-07 18:00:09 - INFO - [check_vwap_diff_signal] [MRNA] ✅ BUY signal | Entry: 23.94, SL: 23.77, TP: 24.35
2025-05-07 18:00:09 - INFO - [place_order] [MRNA] Placing MARKET order for MRNA: 208 shares
2025-05-07 18:00:09 - INFO - [_place_trade_and_register] [MRNA] ✅ Order BUY for MRNA placed with ID 374
2025-05-07 18:00:09 - INFO - [get_stock_data] [WBD] Requesting data for WBD
2025-05-07 18:00:10 - INFO - [get_stock_data] [WBD] Data received for WBD: 97 rows
2025-05-07 18:00:10 - INFO - [check_vwap_diff_signal] [WBD] Analyzing VWAP reversal signal for WBD
2025-05-07 18:00:10 - INFO - [check_vwap_diff_signal] [WBD] Close: 8.58 | Low: 8.57 | High: 8.58 | VWAP: 8.582381361575623
2025-05-07 18:00:10 - DEBUG - [check_vwap_diff_signal] [WBD] [WBD] Last Candela: VWAP-Low=0.14%, High-VWAP=-0.03%
2025-05-07 18:00:10 - DEBUG - [check_vwap_diff_signal] [WBD] No VWAP signal detected
2025-05-07 18:00:10 - INFO - [_process_ticker] [WBD] ℹ️ No valid signal for WBD
2025-05-07 18:00:10 - INFO - [get_stock_data] [CMCSA] Requesting data for CMCSA
2025-05-07 18:00:11 - INFO - [get_stock_data] [CMCSA] Data received for CMCSA: 97 rows
2025-05-07 18:00:11 - INFO - [check_vwap_diff_signal] [CMCSA] Analyzing VWAP reversal signal for CMCSA
2025-05-07 18:00:11 - INFO - [check_vwap_diff_signal] [CMCSA] Close: 34.51 | Low: 34.5 | High: 34.51 | VWAP: 34.67090346543035
2025-05-07 18:00:11 - DEBUG - [check_vwap_diff_signal] [CMCSA] [CMCSA] Last Candela: VWAP-Low=0.49%, High-VWAP=-0.46%
2025-05-07 18:00:11 - DEBUG - [check_vwap_diff_signal] [CMCSA] No VWAP signal detected
2025-05-07 18:00:11 - INFO - [_process_ticker] [CMCSA] ℹ️ No valid signal for CMCSA
2025-05-07 18:00:11 - INFO - [_run_strategy_if_applicable] [N/A] ⏰ Strategy 'EMA_Cross_ema50' not executed because it's outside the time window: 16:35:00 - 16:50:00
2025-05-07 18:00:11 - INFO - [_run_strategy_if_applicable] [N/A] ⏰ Strategy 'SMA_Cross_sma50' not executed because it's outside the time window: 16:35:00 - 16:50:00
2025-05-07 18:00:11 - INFO - [_run_strategy_if_applicable] [N/A] ⏰ Strategy 'SMA_Cross_candle' not executed because it's outside the time window: 16:35:00 - 16:50:00
2025-05-07 18:00:11 - INFO - [_run_strategy_if_applicable] [N/A] ⏰ Strategy 'EMA_Cross_candle' not executed because it's outside the time window: 16:35:00 - 16:50:00
2025-05-07 18:00:11 - INFO - [_update_active_orders_and_telegram] [N/A] 📊 Updating SL/TP for active orders
2025-05-07 18:00:12 - INFO - [update_orders] [N/A] ✅ Order 374 filled at 23.95
2025-05-07 18:00:12 - INFO - [set_tp_sl_direct] [N/A] 🔹 Setting TP (LMT) 24.35 and SL 23.77 for MRNA
2025-05-07 18:00:12 - INFO - [set_tp_sl_direct] [N/A] ✅ TP (MIT) Order Status: PendingSubmit (Trigger: 24.35)
2025-05-07 18:00:12 - INFO - [set_tp_sl_direct] [N/A] ✅ SL (Stop) Order Status: PendingSubmit (Trigger: 23.77)
2025-05-07 18:00:12 - INFO - [_wait_until_next_iteration] [N/A] ⏳ Sleeping for 47.06 seconds before the next cycle
2025-05-07 18:01:00 - DEBUG - [_process_strategies] [N/A] ⏱ Skipping VWAP_diff_signal_rsi_1700, not yet time (every 5m)
2025-05-07 18:01:00 - DEBUG - [_process_strategies] [N/A] ⏱ Skipping VWAP_diff_signal_1700_volume, not yet time (every 5m)
2025-05-07 18:01:00 - DEBUG - [_process_strategies] [N/A] ⏱ Skipping VWAP_diff_signal_1700, not yet time (every 5m)
2025-05-07 18:01:00 - DEBUG - [_process_strategies] [N/A] ⏱ Skipping EMA_Cross_ema50, not yet time (every 5m)
2025-05-07 18:01:00 - DEBUG - [_process_strategies] [N/A] ⏱ Skipping SMA_Cross_sma50, not yet time (every 5m)
2025-05-07 18:01:00 - DEBUG - [_process_strategies] [N/A] ⏱ Skipping SMA_Cross_candle, not yet time (every 5m)
2025-05-07 18:01:00 - DEBUG - [_process_strategies] [N/A] ⏱ Skipping EMA_Cross_candle, not yet time (every 5m)
2025-05-07 18:01:00 - INFO - [_update_active_orders_and_telegram] [N/A] 📊 Updating SL/TP for active orders
2025-05-07 18:01:01 - INFO - [_wait_until_next_iteration] [N/A] ⏳ Sleeping for 58.94 seconds before the next cycle
2025-05-07 18:02:00 - DEBUG - [_process_strategies] [N/A] ⏱ Skipping VWAP_diff_signal_rsi_1700, not yet time (every 5m)
2025-05-07 18:02:00 - DEBUG - [_process_strategies] [N/A] ⏱ Skipping VWAP_diff_signal_1700_volume, not yet time (every 5m)
2025-05-07 18:02:00 - DEBUG - [_process_strategies] [N/A] ⏱ Skipping VWAP_diff_signal_1700, not yet time (every 5m)
2025-05-07 18:02:00 - DEBUG - [_process_strategies] [N/A] ⏱ Skipping EMA_Cross_ema50, not yet time (every 5m)
2025-05-07 18:02:00 - DEBUG - [_process_strategies] [N/A] ⏱ Skipping SMA_Cross_sma50, not yet time (every 5m)
2025-05-07 18:02:00 - DEBUG - [_process_strategies] [N/A] ⏱ Skipping SMA_Cross_candle, not yet time (every 5m)
2025-05-07 18:02:00 - DEBUG - [_process_strategies] [N/A] ⏱ Skipping EMA_Cross_candle, not yet time (every 5m)
2025-05-07 18:02:00 - INFO - [_update_active_orders_and_telegram] [N/A] 📊 Updating SL/TP for active orders
2025-05-07 18:02:01 - INFO - [_wait_until_next_iteration] [N/A] ⏳ Sleeping for 58.96 seconds before the next cycle
2025-05-07 18:03:00 - DEBUG - [_process_strategies] [N/A] ⏱ Skipping VWAP_diff_signal_rsi_1700, not yet time (every 5m)
2025-05-07 18:03:00 - DEBUG - [_process_strategies] [N/A] ⏱ Skipping VWAP_diff_signal_1700_volume, not yet time (every 5m)
2025-05-07 18:03:00 - DEBUG - [_process_strategies] [N/A] ⏱ Skipping VWAP_diff_signal_1700, not yet time (every 5m)
2025-05-07 18:03:00 - DEBUG - [_process_strategies] [N/A] ⏱ Skipping EMA_Cross_ema50, not yet time (every 5m)
2025-05-07 18:03:00 - DEBUG - [_process_strategies] [N/A] ⏱ Skipping SMA_Cross_sma50, not yet time (every 5m)
2025-05-07 18:03:00 - DEBUG - [_process_strategies] [N/A] ⏱ Skipping SMA_Cross_candle, not yet time (every 5m)
2025-05-07 18:03:00 - DEBUG - [_process_strategies] [N/A] ⏱ Skipping EMA_Cross_candle, not yet time (every 5m)
2025-05-07 18:03:00 - INFO - [_update_active_orders_and_telegram] [N/A] 📊 Updating SL/TP for active orders
2025-05-07 18:03:01 - INFO - [_wait_until_next_iteration] [N/A] ⏳ Sleeping for 58.93 seconds before the next cycle
2025-05-07 18:04:00 - DEBUG - [_process_strategies] [N/A] ⏱ Skipping VWAP_diff_signal_rsi_1700, not yet time (every 5m)
2025-05-07 18:04:00 - DEBUG - [_process_strategies] [N/A] ⏱ Skipping VWAP_diff_signal_1700_volume, not yet time (every 5m)
2025-05-07 18:04:00 - DEBUG - [_process_strategies] [N/A] ⏱ Skipping VWAP_diff_signal_1700, not yet time (every 5m)
2025-05-07 18:04:00 - DEBUG - [_process_strategies] [N/A] ⏱ Skipping EMA_Cross_ema50, not yet time (every 5m)
2025-05-07 18:04:00 - DEBUG - [_process_strategies] [N/A] ⏱ Skipping SMA_Cross_sma50, not yet time (every 5m)
2025-05-07 18:04:00 - DEBUG - [_process_strategies] [N/A] ⏱ Skipping SMA_Cross_candle, not yet time (every 5m)
2025-05-07 18:04:00 - DEBUG - [_process_strategies] [N/A] ⏱ Skipping EMA_Cross_candle, not yet time (every 5m)
2025-05-07 18:04:00 - INFO - [_update_active_orders_and_telegram] [N/A] 📊 Updating SL/TP for active orders
2025-05-07 18:04:01 - INFO - [_wait_until_next_iteration] [N/A] ⏳ Sleeping for 58.92 seconds before the next cycle
2025-05-07 18:05:00 - INFO - [_run_strategy_if_applicable] [N/A] 🔄 Starting trading loop for strategy: VWAP_diff_signal_rsi_1700
2025-05-07 18:05:00 - INFO - [get_stock_data] [IVZ] Requesting data for IVZ
2025-05-07 18:05:00 - INFO - [get_stock_data] [IVZ] Data received for IVZ: 97 rows
2025-05-07 18:05:00 - INFO - [check_vwap_diff_signal_with_rsi] [IVZ] Analyzing VWAP reversal signal for IVZ
2025-05-07 18:05:00 - INFO - [check_vwap_diff_signal_with_rsi] [IVZ] Close: 14.36 | Low: 14.34 | High: 14.37 | VWAP: 14.388194001182844 | RSI: 53.44
2025-05-07 18:05:00 - DEBUG - [check_vwap_diff_signal_with_rsi] [IVZ] [IVZ] Last Candela: VWAP-Low=0.33%, High-VWAP=-0.13%
2025-05-07 18:05:00 - DEBUG - [check_vwap_diff_signal_with_rsi] [IVZ] No VWAP+RSI signal detected
2025-05-07 18:05:00 - INFO - [_process_ticker] [IVZ] ℹ️ No valid signal for IVZ
2025-05-07 18:05:00 - INFO - [get_stock_data] [FCX] Requesting data for FCX
2025-05-07 18:05:01 - INFO - [get_stock_data] [FCX] Data received for FCX: 97 rows
2025-05-07 18:05:01 - INFO - [check_vwap_diff_signal_with_rsi] [FCX] Analyzing VWAP reversal signal for FCX
2025-05-07 18:05:01 - INFO - [check_vwap_diff_signal_with_rsi] [FCX] Close: 37.11 | Low: 37.01 | High: 37.13 | VWAP: 37.20484138161588 | RSI: 37.29
2025-05-07 18:05:01 - DEBUG - [check_vwap_diff_signal_with_rsi] [FCX] [FCX] Last Candela: VWAP-Low=0.52%, High-VWAP=-0.20%
2025-05-07 18:05:01 - DEBUG - [check_vwap_diff_signal_with_rsi] [FCX] No VWAP+RSI signal detected
2025-05-07 18:05:01 - INFO - [_process_ticker] [FCX] ℹ️ No valid signal for FCX
2025-05-07 18:05:01 - INFO - [get_stock_data] [HST] Requesting data for HST
2025-05-07 18:05:01 - INFO - [get_stock_data] [HST] Data received for HST: 97 rows
2025-05-07 18:05:01 - INFO - [check_vwap_diff_signal_with_rsi] [HST] Analyzing VWAP reversal signal for HST
2025-05-07 18:05:01 - INFO - [check_vwap_diff_signal_with_rsi] [HST] Close: 14.56 | Low: 14.55 | High: 14.58 | VWAP: 14.544397838774673 | RSI: 52.13
2025-05-07 18:05:01 - DEBUG - [check_vwap_diff_signal_with_rsi] [HST] [HST] Last Candela: VWAP-Low=-0.04%, High-VWAP=0.24%
2025-05-07 18:05:01 - DEBUG - [check_vwap_diff_signal_with_rsi] [HST] No VWAP+RSI signal detected
2025-05-07 18:05:01 - INFO - [_process_ticker] [HST] ℹ️ No valid signal for HST
2025-05-07 18:05:01 - INFO - [get_stock_data] [IVZ] Requesting data for IVZ
2025-05-07 18:05:02 - INFO - [get_stock_data] [IVZ] Data received for IVZ: 97 rows
2025-05-07 18:05:02 - INFO - [check_vwap_diff_signal_with_rsi] [IVZ] Analyzing VWAP reversal signal for IVZ
2025-05-07 18:05:02 - INFO - [check_vwap_diff_signal_with_rsi] [IVZ] Close: 14.36 | Low: 14.34 | High: 14.37 | VWAP: 14.388194001182844 | RSI: 53.44
2025-05-07 18:05:02 - DEBUG - [check_vwap_diff_signal_with_rsi] [IVZ] [IVZ] Last Candela: VWAP-Low=0.33%, High-VWAP=-0.13%
2025-05-07 18:05:02 - DEBUG - [check_vwap_diff_signal_with_rsi] [IVZ] No VWAP+RSI signal detected
2025-05-07 18:05:02 - INFO - [_process_ticker] [IVZ] ℹ️ No valid signal for IVZ
2025-05-07 18:05:02 - INFO - [get_stock_data] [NEM] Requesting data for NEM
2025-05-07 18:05:03 - INFO - [get_stock_data] [NEM] Data received for NEM: 97 rows
2025-05-07 18:05:03 - INFO - [check_vwap_diff_signal_with_rsi] [NEM] Analyzing VWAP reversal signal for NEM
2025-05-07 18:05:03 - INFO - [check_vwap_diff_signal_with_rsi] [NEM] Close: 54.04 | Low: 53.73 | High: 54.07 | VWAP: 53.959877972946394 | RSI: 52.12
2025-05-07 18:05:03 - DEBUG - [check_vwap_diff_signal_with_rsi] [NEM] [NEM] Last Candela: VWAP-Low=0.43%, High-VWAP=0.20%
2025-05-07 18:05:03 - DEBUG - [check_vwap_diff_signal_with_rsi] [NEM] No VWAP+RSI signal detected
2025-05-07 18:05:03 - INFO - [_process_ticker] [NEM] ℹ️ No valid signal for NEM
2025-05-07 18:05:03 - INFO - [get_stock_data] [LUV] Requesting data for LUV
2025-05-07 18:05:03 - INFO - [get_stock_data] [LUV] Data received for LUV: 97 rows
2025-05-07 18:05:03 - INFO - [check_vwap_diff_signal_with_rsi] [LUV] Analyzing VWAP reversal signal for LUV
2025-05-07 18:05:03 - INFO - [check_vwap_diff_signal_with_rsi] [LUV] Close: 30.27 | Low: 30.24 | High: 30.38 | VWAP: 30.1314595548367 | RSI: 59.19
2025-05-07 18:05:03 - DEBUG - [check_vwap_diff_signal_with_rsi] [LUV] [LUV] Last Candela: VWAP-Low=-0.36%, High-VWAP=0.82%
2025-05-07 18:05:03 - DEBUG - [check_vwap_diff_signal_with_rsi] [LUV] No VWAP+RSI signal detected
2025-05-07 18:05:03 - INFO - [_process_ticker] [LUV] ℹ️ No valid signal for LUV
2025-05-07 18:05:03 - INFO - [_run_strategy_if_applicable] [N/A] 🔄 Starting trading loop for strategy: VWAP_diff_signal_1700_volume
2025-05-07 18:05:03 - DEBUG - [_process_ticker] [GEN] 🚫 Trade not allowed for GEN (limit reached)
2025-05-07 18:05:03 - INFO - [get_stock_data] [HPQ] Requesting data for HPQ
2025-05-07 18:05:04 - INFO - [get_stock_data] [HPQ] Data received for HPQ: 97 rows
2025-05-07 18:05:04 - INFO - [check_vwap_diff_signal_with_volume] [HPQ] Analyzing VWAP reversal signal for HPQ
2025-05-07 18:05:04 - INFO - [_process_ticker] [HPQ] ℹ️ No valid signal for HPQ
2025-05-07 18:05:04 - INFO - [get_stock_data] [INTC] Requesting data for INTC
2025-05-07 18:05:05 - INFO - [get_stock_data] [INTC] Data received for INTC: 97 rows
2025-05-07 18:05:05 - INFO - [check_vwap_diff_signal_with_volume] [INTC] Analyzing VWAP reversal signal for INTC
2025-05-07 18:05:05 - INFO - [_process_ticker] [INTC] ℹ️ No valid signal for INTC
2025-05-07 18:05:05 - INFO - [get_stock_data] [RF] Requesting data for RF
2025-05-07 18:05:05 - INFO - [get_stock_data] [RF] Data received for RF: 97 rows
2025-05-07 18:05:05 - INFO - [check_vwap_diff_signal_with_volume] [RF] Analyzing VWAP reversal signal for RF
2025-05-07 18:05:05 - INFO - [_process_ticker] [RF] ℹ️ No valid signal for RF
2025-05-07 18:05:05 - INFO - [_run_strategy_if_applicable] [N/A] 🔄 Starting trading loop for strategy: VWAP_diff_signal_1700
2025-05-07 18:05:05 - INFO - [get_stock_data] [CZR] Requesting data for CZR
2025-05-07 18:05:06 - INFO - [get_stock_data] [CZR] Data received for CZR: 98 rows
2025-05-07 18:05:06 - INFO - [check_vwap_diff_signal] [CZR] Analyzing VWAP reversal signal for CZR
2025-05-07 18:05:06 - INFO - [check_vwap_diff_signal] [CZR] Close: 27.0 | Low: 26.99 | High: 27.0 | VWAP: 26.937771513238125
2025-05-07 18:05:06 - DEBUG - [check_vwap_diff_signal] [CZR] [CZR] Last Candela: VWAP-Low=-0.19%, High-VWAP=0.23%
2025-05-07 18:05:06 - DEBUG - [check_vwap_diff_signal] [CZR] No VWAP signal detected
2025-05-07 18:05:06 - INFO - [_process_ticker] [CZR] ℹ️ No valid signal for CZR
2025-05-07 18:05:06 - INFO - [get_stock_data] [MTCH] Requesting data for MTCH
2025-05-07 18:05:06 - INFO - [get_stock_data] [MTCH] Data received for MTCH: 98 rows
2025-05-07 18:05:06 - INFO - [check_vwap_diff_signal] [MTCH] Analyzing VWAP reversal signal for MTCH
2025-05-07 18:05:06 - INFO - [check_vwap_diff_signal] [MTCH] Close: 30.14 | Low: 30.14 | High: 30.14 | VWAP: 30.358350528906488
2025-05-07 18:05:06 - DEBUG - [check_vwap_diff_signal] [MTCH] [MTCH] Last Candela: VWAP-Low=0.72%, High-VWAP=-0.72%
2025-05-07 18:05:06 - DEBUG - [check_vwap_diff_signal] [MTCH] No VWAP signal detected
2025-05-07 18:05:06 - INFO - [_process_ticker] [MTCH] ℹ️ No valid signal for MTCH
2025-05-07 18:05:06 - INFO - [get_stock_data] [NCHL] Requesting data for NCHL
2025-05-07 18:05:07 - ERROR - [get_stock_data] [NCHL] Error retrieving data: 'NoneType' object has no attribute 'empty'
2025-05-07 18:05:07 - INFO - [get_stock_data] [HBAN] Requesting data for HBAN
2025-05-07 18:05:07 - INFO - [get_stock_data] [HBAN] Data received for HBAN: 98 rows
2025-05-07 18:05:07 - INFO - [check_vwap_diff_signal] [HBAN] Analyzing VWAP reversal signal for HBAN
2025-05-07 18:05:07 - INFO - [check_vwap_diff_signal] [HBAN] Close: 15.01 | Low: 15.01 | High: 15.01 | VWAP: 15.016260983340876
2025-05-07 18:05:07 - DEBUG - [check_vwap_diff_signal] [HBAN] [HBAN] Last Candela: VWAP-Low=0.04%, High-VWAP=-0.04%
2025-05-07 18:05:07 - DEBUG - [check_vwap_diff_signal] [HBAN] No VWAP signal detected
2025-05-07 18:05:07 - INFO - [_process_ticker] [HBAN] ℹ️ No valid signal for HBAN
2025-05-07 18:05:07 - DEBUG - [_process_ticker] [MRNA] 🚫 Trade not allowed for MRNA (limit reached)
2025-05-07 18:05:07 - INFO - [get_stock_data] [WBD] Requesting data for WBD
2025-05-07 18:05:08 - INFO - [get_stock_data] [WBD] Data received for WBD: 98 rows
2025-05-07 18:05:08 - INFO - [check_vwap_diff_signal] [WBD] Analyzing VWAP reversal signal for WBD
2025-05-07 18:05:08 - INFO - [check_vwap_diff_signal] [WBD] Close: 8.55 | Low: 8.54 | High: 8.56 | VWAP: 8.580285824065339
2025-05-07 18:05:08 - DEBUG - [check_vwap_diff_signal] [WBD] [WBD] Last Candela: VWAP-Low=0.47%, High-VWAP=-0.24%
2025-05-07 18:05:08 - DEBUG - [check_vwap_diff_signal] [WBD] No VWAP signal detected
2025-05-07 18:05:08 - INFO - [_process_ticker] [WBD] ℹ️ No valid signal for WBD
2025-05-07 18:05:08 - INFO - [get_stock_data] [CMCSA] Requesting data for CMCSA
2025-05-07 18:05:09 - INFO - [get_stock_data] [CMCSA] Data received for CMCSA: 98 rows
2025-05-07 18:05:09 - INFO - [check_vwap_diff_signal] [CMCSA] Analyzing VWAP reversal signal for CMCSA
2025-05-07 18:05:09 - INFO - [check_vwap_diff_signal] [CMCSA] Close: 34.51 | Low: 34.5 | High: 34.51 | VWAP: 34.66221979733671
2025-05-07 18:05:09 - DEBUG - [check_vwap_diff_signal] [CMCSA] [CMCSA] Last Candela: VWAP-Low=0.47%, High-VWAP=-0.44%
2025-05-07 18:05:09 - DEBUG - [check_vwap_diff_signal] [CMCSA] No VWAP signal detected
2025-05-07 18:05:09 - INFO - [_process_ticker] [CMCSA] ℹ️ No valid signal for CMCSA
2025-05-07 18:05:09 - INFO - [_run_strategy_if_applicable] [N/A] ⏰ Strategy 'EMA_Cross_ema50' not executed because it's outside the time window: 16:35:00 - 16:50:00
2025-05-07 18:05:09 - INFO - [_run_strategy_if_applicable] [N/A] ⏰ Strategy 'SMA_Cross_sma50' not executed because it's outside the time window: 16:35:00 - 16:50:00
2025-05-07 18:05:09 - INFO - [_run_strategy_if_applicable] [N/A] ⏰ Strategy 'SMA_Cross_candle' not executed because it's outside the time window: 16:35:00 - 16:50:00
2025-05-07 18:05:09 - INFO - [_run_strategy_if_applicable] [N/A] ⏰ Strategy 'EMA_Cross_candle' not executed because it's outside the time window: 16:35:00 - 16:50:00
2025-05-07 18:05:09 - INFO - [_update_active_orders_and_telegram] [N/A] 📊 Updating SL/TP for active orders
2025-05-07 18:05:10 - INFO - [_wait_until_next_iteration] [N/A] ⏳ Sleeping for 49.85 seconds before the next cycle
2025-05-07 18:06:00 - DEBUG - [_process_strategies] [N/A] ⏱ Skipping VWAP_diff_signal_rsi_1700, not yet time (every 5m)
2025-05-07 18:06:00 - DEBUG - [_process_strategies] [N/A] ⏱ Skipping VWAP_diff_signal_1700_volume, not yet time (every 5m)
2025-05-07 18:06:00 - DEBUG - [_process_strategies] [N/A] ⏱ Skipping VWAP_diff_signal_1700, not yet time (every 5m)
2025-05-07 18:06:00 - DEBUG - [_process_strategies] [N/A] ⏱ Skipping EMA_Cross_ema50, not yet time (every 5m)
2025-05-07 18:06:00 - DEBUG - [_process_strategies] [N/A] ⏱ Skipping SMA_Cross_sma50, not yet time (every 5m)
2025-05-07 18:06:00 - DEBUG - [_process_strategies] [N/A] ⏱ Skipping SMA_Cross_candle, not yet time (every 5m)
2025-05-07 18:06:00 - DEBUG - [_process_strategies] [N/A] ⏱ Skipping EMA_Cross_candle, not yet time (every 5m)
2025-05-07 18:06:00 - INFO - [_update_active_orders_and_telegram] [N/A] 📊 Updating SL/TP for active orders
2025-05-07 18:06:01 - INFO - [_wait_until_next_iteration] [N/A] ⏳ Sleeping for 58.95 seconds before the next cycle
2025-05-07 18:07:00 - DEBUG - [_process_strategies] [N/A] ⏱ Skipping VWAP_diff_signal_rsi_1700, not yet time (every 5m)
2025-05-07 18:07:00 - DEBUG - [_process_strategies] [N/A] ⏱ Skipping VWAP_diff_signal_1700_volume, not yet time (every 5m)
2025-05-07 18:07:00 - DEBUG - [_process_strategies] [N/A] ⏱ Skipping VWAP_diff_signal_1700, not yet time (every 5m)
2025-05-07 18:07:00 - DEBUG - [_process_strategies] [N/A] ⏱ Skipping EMA_Cross_ema50, not yet time (every 5m)
2025-05-07 18:07:00 - DEBUG - [_process_strategies] [N/A] ⏱ Skipping SMA_Cross_sma50, not yet time (every 5m)
2025-05-07 18:07:00 - DEBUG - [_process_strategies] [N/A] ⏱ Skipping SMA_Cross_candle, not yet time (every 5m)
2025-05-07 18:07:00 - DEBUG - [_process_strategies] [N/A] ⏱ Skipping EMA_Cross_candle, not yet time (every 5m)
2025-05-07 18:07:00 - INFO - [_update_active_orders_and_telegram] [N/A] 📊 Updating SL/TP for active orders
2025-05-07 18:07:01 - INFO - [_wait_until_next_iteration] [N/A] ⏳ Sleeping for 58.93 seconds before the next cycle
2025-05-07 18:08:00 - DEBUG - [_process_strategies] [N/A] ⏱ Skipping VWAP_diff_signal_rsi_1700, not yet time (every 5m)
2025-05-07 18:08:00 - DEBUG - [_process_strategies] [N/A] ⏱ Skipping VWAP_diff_signal_1700_volume, not yet time (every 5m)
2025-05-07 18:08:00 - DEBUG - [_process_strategies] [N/A] ⏱ Skipping VWAP_diff_signal_1700, not yet time (every 5m)
2025-05-07 18:08:00 - DEBUG - [_process_strategies] [N/A] ⏱ Skipping EMA_Cross_ema50, not yet time (every 5m)
2025-05-07 18:08:00 - DEBUG - [_process_strategies] [N/A] ⏱ Skipping SMA_Cross_sma50, not yet time (every 5m)
2025-05-07 18:08:00 - DEBUG - [_process_strategies] [N/A] ⏱ Skipping SMA_Cross_candle, not yet time (every 5m)
2025-05-07 18:08:00 - DEBUG - [_process_strategies] [N/A] ⏱ Skipping EMA_Cross_candle, not yet time (every 5m)
2025-05-07 18:08:00 - INFO - [_update_active_orders_and_telegram] [N/A] 📊 Updating SL/TP for active orders
2025-05-07 18:08:01 - INFO - [_wait_until_next_iteration] [N/A] ⏳ Sleeping for 58.92 seconds before the next cycle
2025-05-07 18:09:00 - DEBUG - [_process_strategies] [N/A] ⏱ Skipping VWAP_diff_signal_rsi_1700, not yet time (every 5m)
2025-05-07 18:09:00 - DEBUG - [_process_strategies] [N/A] ⏱ Skipping VWAP_diff_signal_1700_volume, not yet time (every 5m)
2025-05-07 18:09:00 - DEBUG - [_process_strategies] [N/A] ⏱ Skipping VWAP_diff_signal_1700, not yet time (every 5m)
2025-05-07 18:09:00 - DEBUG - [_process_strategies] [N/A] ⏱ Skipping EMA_Cross_ema50, not yet time (every 5m)
2025-05-07 18:09:00 - DEBUG - [_process_strategies] [N/A] ⏱ Skipping SMA_Cross_sma50, not yet time (every 5m)
2025-05-07 18:09:00 - DEBUG - [_process_strategies] [N/A] ⏱ Skipping SMA_Cross_candle, not yet time (every 5m)
2025-05-07 18:09:00 - DEBUG - [_process_strategies] [N/A] ⏱ Skipping EMA_Cross_candle, not yet time (every 5m)
2025-05-07 18:09:00 - INFO - [_update_active_orders_and_telegram] [N/A] 📊 Updating SL/TP for active orders
2025-05-07 18:09:01 - INFO - [_wait_until_next_iteration] [N/A] ⏳ Sleeping for 58.93 seconds before the next cycle
2025-05-07 18:10:00 - INFO - [_run_strategy_if_applicable] [N/A] 🔄 Starting trading loop for strategy: VWAP_diff_signal_rsi_1700
2025-05-07 18:10:00 - INFO - [get_stock_data] [IVZ] Requesting data for IVZ
2025-05-07 18:10:00 - INFO - [get_stock_data] [IVZ] Data received for IVZ: 98 rows
2025-05-07 18:10:00 - INFO - [check_vwap_diff_signal_with_rsi] [IVZ] Analyzing VWAP reversal signal for IVZ
2025-05-07 18:10:00 - INFO - [check_vwap_diff_signal_with_rsi] [IVZ] Close: 14.39 | Low: 14.36 | High: 14.4 | VWAP: 14.388247823391369 | RSI: 57.57
2025-05-07 18:10:00 - DEBUG - [check_vwap_diff_signal_with_rsi] [IVZ] [IVZ] Last Candela: VWAP-Low=0.20%, High-VWAP=0.08%
2025-05-07 18:10:00 - DEBUG - [check_vwap_diff_signal_with_rsi] [IVZ] No VWAP+RSI signal detected
2025-05-07 18:10:00 - INFO - [_process_ticker] [IVZ] ℹ️ No valid signal for IVZ
2025-05-07 18:10:00 - INFO - [get_stock_data] [FCX] Requesting data for FCX
2025-05-07 18:10:01 - INFO - [get_stock_data] [FCX] Data received for FCX: 98 rows
2025-05-07 18:10:01 - INFO - [check_vwap_diff_signal_with_rsi] [FCX] Analyzing VWAP reversal signal for FCX
2025-05-07 18:10:01 - INFO - [check_vwap_diff_signal_with_rsi] [FCX] Close: 37.15 | Low: 37.05 | High: 37.18 | VWAP: 37.2001985838453 | RSI: 40.03
2025-05-07 18:10:01 - DEBUG - [check_vwap_diff_signal_with_rsi] [FCX] [FCX] Last Candela: VWAP-Low=0.40%, High-VWAP=-0.05%
2025-05-07 18:10:01 - DEBUG - [check_vwap_diff_signal_with_rsi] [FCX] No VWAP+RSI signal detected
2025-05-07 18:10:01 - INFO - [_process_ticker] [FCX] ℹ️ No valid signal for FCX
2025-05-07 18:10:01 - INFO - [get_stock_data] [HST] Requesting data for HST
2025-05-07 18:10:02 - INFO - [get_stock_data] [HST] Data received for HST: 98 rows
2025-05-07 18:10:02 - INFO - [check_vwap_diff_signal_with_rsi] [HST] Analyzing VWAP reversal signal for HST
2025-05-07 18:10:02 - INFO - [check_vwap_diff_signal_with_rsi] [HST] Close: 14.59 | Low: 14.56 | High: 14.6 | VWAP: 14.545378027632864 | RSI: 56.84
2025-05-07 18:10:02 - DEBUG - [check_vwap_diff_signal_with_rsi] [HST] [HST] Last Candela: VWAP-Low=-0.10%, High-VWAP=0.38%
2025-05-07 18:10:02 - DEBUG - [check_vwap_diff_signal_with_rsi] [HST] No VWAP+RSI signal detected
2025-05-07 18:10:02 - INFO - [_process_ticker] [HST] ℹ️ No valid signal for HST
2025-05-07 18:10:02 - INFO - [get_stock_data] [IVZ] Requesting data for IVZ
2025-05-07 18:10:02 - INFO - [get_stock_data] [IVZ] Data received for IVZ: 98 rows
2025-05-07 18:10:02 - INFO - [check_vwap_diff_signal_with_rsi] [IVZ] Analyzing VWAP reversal signal for IVZ
2025-05-07 18:10:02 - INFO - [check_vwap_diff_signal_with_rsi] [IVZ] Close: 14.39 | Low: 14.36 | High: 14.4 | VWAP: 14.388247823391369 | RSI: 57.57
2025-05-07 18:10:02 - DEBUG - [check_vwap_diff_signal_with_rsi] [IVZ] [IVZ] Last Candela: VWAP-Low=0.20%, High-VWAP=0.08%
2025-05-07 18:10:02 - DEBUG - [check_vwap_diff_signal_with_rsi] [IVZ] No VWAP+RSI signal detected
2025-05-07 18:10:02 - INFO - [_process_ticker] [IVZ] ℹ️ No valid signal for IVZ
2025-05-07 18:10:02 - INFO - [get_stock_data] [NEM] Requesting data for NEM
2025-05-07 18:10:03 - INFO - [get_stock_data] [NEM] Data received for NEM: 98 rows
2025-05-07 18:10:03 - INFO - [check_vwap_diff_signal_with_rsi] [NEM] Analyzing VWAP reversal signal for NEM
2025-05-07 18:10:03 - INFO - [check_vwap_diff_signal_with_rsi] [NEM] Close: 54.04 | Low: 54.0 | High: 54.1 | VWAP: 53.96246654192048 | RSI: 52.12
2025-05-07 18:10:03 - DEBUG - [check_vwap_diff_signal_with_rsi] [NEM] [NEM] Last Candela: VWAP-Low=-0.07%, High-VWAP=0.25%
2025-05-07 18:10:03 - DEBUG - [check_vwap_diff_signal_with_rsi] [NEM] No VWAP+RSI signal detected
2025-05-07 18:10:03 - INFO - [_process_ticker] [NEM] ℹ️ No valid signal for NEM
2025-05-07 18:10:03 - INFO - [get_stock_data] [LUV] Requesting data for LUV
2025-05-07 18:10:03 - INFO - [get_stock_data] [LUV] Data received for LUV: 98 rows
2025-05-07 18:10:03 - INFO - [check_vwap_diff_signal_with_rsi] [LUV] Analyzing VWAP reversal signal for LUV
2025-05-07 18:10:03 - INFO - [check_vwap_diff_signal_with_rsi] [LUV] Close: 30.29 | Low: 30.24 | High: 30.32 | VWAP: 30.140173028153992 | RSI: 60.36
2025-05-07 18:10:03 - DEBUG - [check_vwap_diff_signal_with_rsi] [LUV] [LUV] Last Candela: VWAP-Low=-0.33%, High-VWAP=0.60%
2025-05-07 18:10:03 - DEBUG - [check_vwap_diff_signal_with_rsi] [LUV] No VWAP+RSI signal detected
2025-05-07 18:10:03 - INFO - [_process_ticker] [LUV] ℹ️ No valid signal for LUV
2025-05-07 18:10:03 - INFO - [_run_strategy_if_applicable] [N/A] 🔄 Starting trading loop for strategy: VWAP_diff_signal_1700_volume
2025-05-07 18:10:03 - DEBUG - [_process_ticker] [GEN] 🚫 Trade not allowed for GEN (limit reached)
2025-05-07 18:10:03 - INFO - [get_stock_data] [HPQ] Requesting data for HPQ
2025-05-07 18:10:05 - INFO - [get_stock_data] [HPQ] Data received for HPQ: 98 rows
2025-05-07 18:10:05 - INFO - [check_vwap_diff_signal_with_volume] [HPQ] Analyzing VWAP reversal signal for HPQ
2025-05-07 18:10:05 - INFO - [check_vwap_diff_signal_with_volume] [HPQ] Close: 25.63 | Low: 25.6 | High: 25.65 | VWAP: 25.697632117463705 | Volume Ratio: 0.54
2025-05-07 18:10:05 - DEBUG - [check_vwap_diff_signal_with_volume] [HPQ] [HPQ] Last Candle: VWAP-Low=0.38%, High-VWAP=-0.19%
2025-05-07 18:10:05 - DEBUG - [check_vwap_diff_signal_with_volume] [HPQ] No VWAP+VolumeRatio signal detected
2025-05-07 18:10:05 - INFO - [_process_ticker] [HPQ] ℹ️ No valid signal for HPQ
2025-05-07 18:10:05 - INFO - [get_stock_data] [INTC] Requesting data for INTC
2025-05-07 18:10:05 - INFO - [get_stock_data] [INTC] Data received for INTC: 98 rows
2025-05-07 18:10:05 - INFO - [check_vwap_diff_signal_with_volume] [INTC] Analyzing VWAP reversal signal for INTC
2025-05-07 18:10:05 - INFO - [check_vwap_diff_signal_with_volume] [INTC] Close: 20.04 | Low: 20.0 | High: 20.05 | VWAP: 19.99899545110837 | Volume Ratio: 0.67
2025-05-07 18:10:05 - DEBUG - [check_vwap_diff_signal_with_volume] [INTC] [INTC] Last Candle: VWAP-Low=-0.01%, High-VWAP=0.26%
2025-05-07 18:10:05 - DEBUG - [check_vwap_diff_signal_with_volume] [INTC] No VWAP+VolumeRatio signal detected
2025-05-07 18:10:05 - INFO - [_process_ticker] [INTC] ℹ️ No valid signal for INTC
2025-05-07 18:10:05 - INFO - [get_stock_data] [RF] Requesting data for RF
2025-05-07 18:10:06 - INFO - [get_stock_data] [RF] Data received for RF: 99 rows
2025-05-07 18:10:06 - INFO - [check_vwap_diff_signal_with_volume] [RF] Analyzing VWAP reversal signal for RF
2025-05-07 18:10:06 - INFO - [check_vwap_diff_signal_with_volume] [RF] Close: 20.97 | Low: 20.97 | High: 20.97 | VWAP: 20.939415509997932 | Volume Ratio: 0.01
2025-05-07 18:10:06 - DEBUG - [check_vwap_diff_signal_with_volume] [RF] [RF] Last Candle: VWAP-Low=-0.15%, High-VWAP=0.15%
2025-05-07 18:10:06 - DEBUG - [check_vwap_diff_signal_with_volume] [RF] No VWAP+VolumeRatio signal detected
2025-05-07 18:10:06 - INFO - [_process_ticker] [RF] ℹ️ No valid signal for RF
2025-05-07 18:10:06 - INFO - [_run_strategy_if_applicable] [N/A] 🔄 Starting trading loop for strategy: VWAP_diff_signal_1700
2025-05-07 18:10:06 - INFO - [get_stock_data] [CZR] Requesting data for CZR
2025-05-07 18:10:07 - INFO - [get_stock_data] [CZR] Data received for CZR: 99 rows
2025-05-07 18:10:07 - INFO - [check_vwap_diff_signal] [CZR] Analyzing VWAP reversal signal for CZR
2025-05-07 18:10:07 - INFO - [check_vwap_diff_signal] [CZR] Close: 27.03 | Low: 27.01 | High: 27.03 | VWAP: 26.951731279635688
2025-05-07 18:10:07 - DEBUG - [check_vwap_diff_signal] [CZR] [CZR] Last Candela: VWAP-Low=-0.22%, High-VWAP=0.29%
2025-05-07 18:10:07 - DEBUG - [check_vwap_diff_signal] [CZR] No VWAP signal detected
2025-05-07 18:10:07 - INFO - [_process_ticker] [CZR] ℹ️ No valid signal for CZR
2025-05-07 18:10:07 - INFO - [get_stock_data] [MTCH] Requesting data for MTCH
2025-05-07 18:10:08 - INFO - [get_stock_data] [MTCH] Data received for MTCH: 99 rows
2025-05-07 18:10:08 - INFO - [check_vwap_diff_signal] [MTCH] Analyzing VWAP reversal signal for MTCH
2025-05-07 18:10:08 - INFO - [check_vwap_diff_signal] [MTCH] Close: 30.15 | Low: 30.14 | High: 30.15 | VWAP: 30.348727235667734
2025-05-07 18:10:08 - DEBUG - [check_vwap_diff_signal] [MTCH] [MTCH] Last Candela: VWAP-Low=0.69%, High-VWAP=-0.65%
2025-05-07 18:10:08 - DEBUG - [check_vwap_diff_signal] [MTCH] No VWAP signal detected
2025-05-07 18:10:08 - INFO - [_process_ticker] [MTCH] ℹ️ No valid signal for MTCH
2025-05-07 18:10:08 - INFO - [get_stock_data] [NCHL] Requesting data for NCHL
2025-05-07 18:10:08 - ERROR - [get_stock_data] [NCHL] Error retrieving data: 'NoneType' object has no attribute 'empty'
2025-05-07 18:10:08 - INFO - [get_stock_data] [HBAN] Requesting data for HBAN
2025-05-07 18:10:09 - INFO - [get_stock_data] [HBAN] Data received for HBAN: 99 rows
2025-05-07 18:10:09 - INFO - [check_vwap_diff_signal] [HBAN] Analyzing VWAP reversal signal for HBAN
2025-05-07 18:10:09 - INFO - [check_vwap_diff_signal] [HBAN] Close: 15.05 | Low: 15.04 | High: 15.05 | VWAP: 15.019647580432029
2025-05-07 18:10:09 - DEBUG - [check_vwap_diff_signal] [HBAN] [HBAN] Last Candela: VWAP-Low=-0.14%, High-VWAP=0.20%
2025-05-07 18:10:09 - DEBUG - [check_vwap_diff_signal] [HBAN] No VWAP signal detected
2025-05-07 18:10:09 - INFO - [_process_ticker] [HBAN] ℹ️ No valid signal for HBAN
2025-05-07 18:10:09 - DEBUG - [_process_ticker] [MRNA] 🚫 Trade not allowed for MRNA (limit reached)
2025-05-07 18:10:09 - INFO - [get_stock_data] [WBD] Requesting data for WBD
2025-05-07 18:10:09 - INFO - [get_stock_data] [WBD] Data received for WBD: 99 rows
2025-05-07 18:10:09 - INFO - [check_vwap_diff_signal] [WBD] Analyzing VWAP reversal signal for WBD
2025-05-07 18:10:09 - INFO - [check_vwap_diff_signal] [WBD] Close: 8.57 | Low: 8.56 | High: 8.57 | VWAP: 8.57889054093077
2025-05-07 18:10:09 - DEBUG - [check_vwap_diff_signal] [WBD] [WBD] Last Candela: VWAP-Low=0.22%, High-VWAP=-0.10%
2025-05-07 18:10:09 - DEBUG - [check_vwap_diff_signal] [WBD] No VWAP signal detected
2025-05-07 18:10:09 - INFO - [_process_ticker] [WBD] ℹ️ No valid signal for WBD
2025-05-07 18:10:09 - INFO - [get_stock_data] [CMCSA] Requesting data for CMCSA
2025-05-07 18:10:10 - INFO - [get_stock_data] [CMCSA] Data received for CMCSA: 99 rows
2025-05-07 18:10:10 - INFO - [check_vwap_diff_signal] [CMCSA] Analyzing VWAP reversal signal for CMCSA
2025-05-07 18:10:10 - INFO - [check_vwap_diff_signal] [CMCSA] Close: 34.53 | Low: 34.53 | High: 34.53 | VWAP: 34.65877171371612
2025-05-07 18:10:10 - DEBUG - [check_vwap_diff_signal] [CMCSA] [CMCSA] Last Candela: VWAP-Low=0.37%, High-VWAP=-0.37%
2025-05-07 18:10:10 - DEBUG - [check_vwap_diff_signal] [CMCSA] No VWAP signal detected
2025-05-07 18:10:10 - INFO - [_process_ticker] [CMCSA] ℹ️ No valid signal for CMCSA
2025-05-07 18:10:10 - INFO - [_run_strategy_if_applicable] [N/A] ⏰ Strategy 'EMA_Cross_ema50' not executed because it's outside the time window: 16:35:00 - 16:50:00
2025-05-07 18:10:10 - INFO - [_run_strategy_if_applicable] [N/A] ⏰ Strategy 'SMA_Cross_sma50' not executed because it's outside the time window: 16:35:00 - 16:50:00
2025-05-07 18:10:10 - INFO - [_run_strategy_if_applicable] [N/A] ⏰ Strategy 'SMA_Cross_candle' not executed because it's outside the time window: 16:35:00 - 16:50:00
2025-05-07 18:10:10 - INFO - [_run_strategy_if_applicable] [N/A] ⏰ Strategy 'EMA_Cross_candle' not executed because it's outside the time window: 16:35:00 - 16:50:00
2025-05-07 18:10:10 - INFO - [_update_active_orders_and_telegram] [N/A] 📊 Updating SL/TP for active orders
2025-05-07 18:10:11 - INFO - [_wait_until_next_iteration] [N/A] ⏳ Sleeping for 48.26 seconds before the next cycle
2025-05-07 18:11:00 - DEBUG - [_process_strategies] [N/A] ⏱ Skipping VWAP_diff_signal_rsi_1700, not yet time (every 5m)
2025-05-07 18:11:00 - DEBUG - [_process_strategies] [N/A] ⏱ Skipping VWAP_diff_signal_1700_volume, not yet time (every 5m)
2025-05-07 18:11:00 - DEBUG - [_process_strategies] [N/A] ⏱ Skipping VWAP_diff_signal_1700, not yet time (every 5m)
2025-05-07 18:11:00 - DEBUG - [_process_strategies] [N/A] ⏱ Skipping EMA_Cross_ema50, not yet time (every 5m)
2025-05-07 18:11:00 - DEBUG - [_process_strategies] [N/A] ⏱ Skipping SMA_Cross_sma50, not yet time (every 5m)
2025-05-07 18:11:00 - DEBUG - [_process_strategies] [N/A] ⏱ Skipping SMA_Cross_candle, not yet time (every 5m)
2025-05-07 18:11:00 - DEBUG - [_process_strategies] [N/A] ⏱ Skipping EMA_Cross_candle, not yet time (every 5m)
2025-05-07 18:11:00 - INFO - [_update_active_orders_and_telegram] [N/A] 📊 Updating SL/TP for active orders
2025-05-07 18:11:01 - INFO - [_wait_until_next_iteration] [N/A] ⏳ Sleeping for 58.95 seconds before the next cycle
2025-05-07 18:12:00 - DEBUG - [_process_strategies] [N/A] ⏱ Skipping VWAP_diff_signal_rsi_1700, not yet time (every 5m)
2025-05-07 18:12:00 - DEBUG - [_process_strategies] [N/A] ⏱ Skipping VWAP_diff_signal_1700_volume, not yet time (every 5m)
2025-05-07 18:12:00 - DEBUG - [_process_strategies] [N/A] ⏱ Skipping VWAP_diff_signal_1700, not yet time (every 5m)
2025-05-07 18:12:00 - DEBUG - [_process_strategies] [N/A] ⏱ Skipping EMA_Cross_ema50, not yet time (every 5m)
2025-05-07 18:12:00 - DEBUG - [_process_strategies] [N/A] ⏱ Skipping SMA_Cross_sma50, not yet time (every 5m)
2025-05-07 18:12:00 - DEBUG - [_process_strategies] [N/A] ⏱ Skipping SMA_Cross_candle, not yet time (every 5m)
2025-05-07 18:12:00 - DEBUG - [_process_strategies] [N/A] ⏱ Skipping EMA_Cross_candle, not yet time (every 5m)
2025-05-07 18:12:00 - INFO - [_update_active_orders_and_telegram] [N/A] 📊 Updating SL/TP for active orders
2025-05-07 18:12:01 - INFO - [_wait_until_next_iteration] [N/A] ⏳ Sleeping for 58.93 seconds before the next cycle
2025-05-07 18:13:00 - DEBUG - [_process_strategies] [N/A] ⏱ Skipping VWAP_diff_signal_rsi_1700, not yet time (every 5m)
2025-05-07 18:13:00 - DEBUG - [_process_strategies] [N/A] ⏱ Skipping VWAP_diff_signal_1700_volume, not yet time (every 5m)
2025-05-07 18:13:00 - DEBUG - [_process_strategies] [N/A] ⏱ Skipping VWAP_diff_signal_1700, not yet time (every 5m)
2025-05-07 18:13:00 - DEBUG - [_process_strategies] [N/A] ⏱ Skipping EMA_Cross_ema50, not yet time (every 5m)
2025-05-07 18:13:00 - DEBUG - [_process_strategies] [N/A] ⏱ Skipping SMA_Cross_sma50, not yet time (every 5m)
2025-05-07 18:13:00 - DEBUG - [_process_strategies] [N/A] ⏱ Skipping SMA_Cross_candle, not yet time (every 5m)
2025-05-07 18:13:00 - DEBUG - [_process_strategies] [N/A] ⏱ Skipping EMA_Cross_candle, not yet time (every 5m)
2025-05-07 18:13:00 - INFO - [_update_active_orders_and_telegram] [N/A] 📊 Updating SL/TP for active orders
2025-05-07 18:13:01 - INFO - [_wait_until_next_iteration] [N/A] ⏳ Sleeping for 58.94 seconds before the next cycle
2025-05-07 18:14:00 - DEBUG - [_process_strategies] [N/A] ⏱ Skipping VWAP_diff_signal_rsi_1700, not yet time (every 5m)
2025-05-07 18:14:00 - DEBUG - [_process_strategies] [N/A] ⏱ Skipping VWAP_diff_signal_1700_volume, not yet time (every 5m)
2025-05-07 18:14:00 - DEBUG - [_process_strategies] [N/A] ⏱ Skipping VWAP_diff_signal_1700, not yet time (every 5m)
2025-05-07 18:14:00 - DEBUG - [_process_strategies] [N/A] ⏱ Skipping EMA_Cross_ema50, not yet time (every 5m)
2025-05-07 18:14:00 - DEBUG - [_process_strategies] [N/A] ⏱ Skipping SMA_Cross_sma50, not yet time (every 5m)
2025-05-07 18:14:00 - DEBUG - [_process_strategies] [N/A] ⏱ Skipping SMA_Cross_candle, not yet time (every 5m)
2025-05-07 18:14:00 - DEBUG - [_process_strategies] [N/A] ⏱ Skipping EMA_Cross_candle, not yet time (every 5m)
2025-05-07 18:14:00 - INFO - [_update_active_orders_and_telegram] [N/A] 📊 Updating SL/TP for active orders
2025-05-07 18:14:01 - INFO - [_wait_until_next_iteration] [N/A] ⏳ Sleeping for 58.92 seconds before the next cycle
2025-05-07 18:15:00 - INFO - [_run_strategy_if_applicable] [N/A] 🔄 Starting trading loop for strategy: VWAP_diff_signal_rsi_1700
2025-05-07 18:15:00 - INFO - [get_stock_data] [IVZ] Requesting data for IVZ
2025-05-07 18:15:00 - INFO - [get_stock_data] [IVZ] Data received for IVZ: 99 rows
2025-05-07 18:15:00 - INFO - [check_vwap_diff_signal_with_rsi] [IVZ] Analyzing VWAP reversal signal for IVZ
2025-05-07 18:15:00 - INFO - [check_vwap_diff_signal_with_rsi] [IVZ] Close: 14.37 | Low: 14.37 | High: 14.42 | VWAP: 14.38776558854508 | RSI: 54.12
2025-05-07 18:15:00 - DEBUG - [check_vwap_diff_signal_with_rsi] [IVZ] [IVZ] Last Candela: VWAP-Low=0.12%, High-VWAP=0.22%
2025-05-07 18:15:00 - DEBUG - [check_vwap_diff_signal_with_rsi] [IVZ] No VWAP+RSI signal detected
2025-05-07 18:15:00 - INFO - [_process_ticker] [IVZ] ℹ️ No valid signal for IVZ
2025-05-07 18:15:00 - INFO - [get_stock_data] [FCX] Requesting data for FCX
2025-05-07 18:15:01 - INFO - [get_stock_data] [FCX] Data received for FCX: 99 rows
2025-05-07 18:15:01 - INFO - [check_vwap_diff_signal_with_rsi] [FCX] Analyzing VWAP reversal signal for FCX
2025-05-07 18:15:01 - INFO - [check_vwap_diff_signal_with_rsi] [FCX] Close: 37.07 | Low: 37.06 | High: 37.18 | VWAP: 37.19753259985316 | RSI: 36.59
2025-05-07 18:15:01 - DEBUG - [check_vwap_diff_signal_with_rsi] [FCX] [FCX] Last Candela: VWAP-Low=0.37%, High-VWAP=-0.05%
2025-05-07 18:15:01 - DEBUG - [check_vwap_diff_signal_with_rsi] [FCX] No VWAP+RSI signal detected
2025-05-07 18:15:01 - INFO - [_process_ticker] [FCX] ℹ️ No valid signal for FCX
2025-05-07 18:15:01 - INFO - [get_stock_data] [HST] Requesting data for HST
2025-05-07 18:15:02 - INFO - [get_stock_data] [HST] Data received for HST: 99 rows
2025-05-07 18:15:02 - INFO - [check_vwap_diff_signal_with_rsi] [HST] Analyzing VWAP reversal signal for HST
2025-05-07 18:15:02 - INFO - [check_vwap_diff_signal_with_rsi] [HST] Close: 14.58 | Low: 14.57 | High: 14.59 | VWAP: 14.547034253998149 | RSI: 54.90
2025-05-07 18:15:02 - DEBUG - [check_vwap_diff_signal_with_rsi] [HST] [HST] Last Candela: VWAP-Low=-0.16%, High-VWAP=0.30%
2025-05-07 18:15:02 - DEBUG - [check_vwap_diff_signal_with_rsi] [HST] No VWAP+RSI signal detected
2025-05-07 18:15:02 - INFO - [_process_ticker] [HST] ℹ️ No valid signal for HST
2025-05-07 18:15:02 - INFO - [get_stock_data] [IVZ] Requesting data for IVZ
2025-05-07 18:15:02 - INFO - [get_stock_data] [IVZ] Data received for IVZ: 99 rows
2025-05-07 18:15:02 - INFO - [check_vwap_diff_signal_with_rsi] [IVZ] Analyzing VWAP reversal signal for IVZ
2025-05-07 18:15:02 - INFO - [check_vwap_diff_signal_with_rsi] [IVZ] Close: 14.37 | Low: 14.37 | High: 14.42 | VWAP: 14.38776558854508 | RSI: 54.12
2025-05-07 18:15:02 - DEBUG - [check_vwap_diff_signal_with_rsi] [IVZ] [IVZ] Last Candela: VWAP-Low=0.12%, High-VWAP=0.22%
2025-05-07 18:15:02 - DEBUG - [check_vwap_diff_signal_with_rsi] [IVZ] No VWAP+RSI signal detected
2025-05-07 18:15:02 - INFO - [_process_ticker] [IVZ] ℹ️ No valid signal for IVZ
2025-05-07 18:15:02 - INFO - [get_stock_data] [NEM] Requesting data for NEM
2025-05-07 18:15:03 - INFO - [get_stock_data] [NEM] Data received for NEM: 99 rows
2025-05-07 18:15:03 - INFO - [check_vwap_diff_signal_with_rsi] [NEM] Analyzing VWAP reversal signal for NEM
2025-05-07 18:15:03 - INFO - [check_vwap_diff_signal_with_rsi] [NEM] Close: 54.11 | Low: 54.0 | High: 54.11 | VWAP: 53.96674929093896 | RSI: 54.44
2025-05-07 18:15:03 - DEBUG - [check_vwap_diff_signal_with_rsi] [NEM] [NEM] Last Candela: VWAP-Low=-0.06%, High-VWAP=0.27%
2025-05-07 18:15:03 - DEBUG - [check_vwap_diff_signal_with_rsi] [NEM] No VWAP+RSI signal detected
2025-05-07 18:15:03 - INFO - [_process_ticker] [NEM] ℹ️ No valid signal for NEM
2025-05-07 18:15:03 - INFO - [get_stock_data] [LUV] Requesting data for LUV
2025-05-07 18:15:03 - INFO - [get_stock_data] [LUV] Data received for LUV: 99 rows
2025-05-07 18:15:03 - INFO - [check_vwap_diff_signal_with_rsi] [LUV] Analyzing VWAP reversal signal for LUV
2025-05-07 18:15:03 - INFO - [check_vwap_diff_signal_with_rsi] [LUV] Close: 30.28 | Low: 30.27 | High: 30.39 | VWAP: 30.14715485008653 | RSI: 59.44
2025-05-07 18:15:03 - DEBUG - [check_vwap_diff_signal_with_rsi] [LUV] [LUV] Last Candela: VWAP-Low=-0.41%, High-VWAP=0.81%
2025-05-07 18:15:03 - DEBUG - [check_vwap_diff_signal_with_rsi] [LUV] No VWAP+RSI signal detected
2025-05-07 18:15:03 - INFO - [_process_ticker] [LUV] ℹ️ No valid signal for LUV
2025-05-07 18:15:03 - INFO - [_run_strategy_if_applicable] [N/A] 🔄 Starting trading loop for strategy: VWAP_diff_signal_1700_volume
2025-05-07 18:15:03 - DEBUG - [_process_ticker] [GEN] 🚫 Trade not allowed for GEN (limit reached)
2025-05-07 18:15:03 - INFO - [get_stock_data] [HPQ] Requesting data for HPQ
2025-05-07 18:15:04 - INFO - [get_stock_data] [HPQ] Data received for HPQ: 99 rows
2025-05-07 18:15:04 - INFO - [check_vwap_diff_signal_with_volume] [HPQ] Analyzing VWAP reversal signal for HPQ
2025-05-07 18:15:04 - INFO - [check_vwap_diff_signal_with_volume] [HPQ] Close: 25.58 | Low: 25.57 | High: 25.66 | VWAP: 25.694914459973 | Volume Ratio: 0.51
2025-05-07 18:15:04 - DEBUG - [check_vwap_diff_signal_with_volume] [HPQ] [HPQ] Last Candle: VWAP-Low=0.49%, High-VWAP=-0.14%
2025-05-07 18:15:04 - DEBUG - [check_vwap_diff_signal_with_volume] [HPQ] No VWAP+VolumeRatio signal detected
2025-05-07 18:15:04 - INFO - [_process_ticker] [HPQ] ℹ️ No valid signal for HPQ
2025-05-07 18:15:04 - INFO - [get_stock_data] [INTC] Requesting data for INTC
2025-05-07 18:15:05 - INFO - [get_stock_data] [INTC] Data received for INTC: 99 rows
2025-05-07 18:15:05 - INFO - [check_vwap_diff_signal_with_volume] [INTC] Analyzing VWAP reversal signal for INTC
2025-05-07 18:15:05 - INFO - [check_vwap_diff_signal_with_volume] [INTC] Close: 20.01 | Low: 20.0 | High: 20.05 | VWAP: 19.999256991984435 | Volume Ratio: 0.58
2025-05-07 18:15:05 - DEBUG - [check_vwap_diff_signal_with_volume] [INTC] [INTC] Last Candle: VWAP-Low=-0.00%, High-VWAP=0.25%
2025-05-07 18:15:05 - DEBUG - [check_vwap_diff_signal_with_volume] [INTC] No VWAP+VolumeRatio signal detected
2025-05-07 18:15:05 - INFO - [_process_ticker] [INTC] ℹ️ No valid signal for INTC
2025-05-07 18:15:05 - INFO - [get_stock_data] [RF] Requesting data for RF
2025-05-07 18:15:05 - INFO - [get_stock_data] [RF] Data received for RF: 99 rows
2025-05-07 18:15:05 - INFO - [check_vwap_diff_signal_with_volume] [RF] Analyzing VWAP reversal signal for RF
2025-05-07 18:15:05 - INFO - [check_vwap_diff_signal_with_volume] [RF] Close: 20.94 | Low: 20.92 | High: 20.98 | VWAP: 20.93942159950628 | Volume Ratio: 0.75
2025-05-07 18:15:05 - DEBUG - [check_vwap_diff_signal_with_volume] [RF] [RF] Last Candle: VWAP-Low=0.09%, High-VWAP=0.19%
2025-05-07 18:15:05 - DEBUG - [check_vwap_diff_signal_with_volume] [RF] No VWAP+VolumeRatio signal detected
2025-05-07 18:15:05 - INFO - [_process_ticker] [RF] ℹ️ No valid signal for RF
2025-05-07 18:15:05 - INFO - [_run_strategy_if_applicable] [N/A] 🔄 Starting trading loop for strategy: VWAP_diff_signal_1700
2025-05-07 18:15:05 - INFO - [get_stock_data] [CZR] Requesting data for CZR
2025-05-07 18:15:06 - INFO - [get_stock_data] [CZR] Data received for CZR: 100 rows
2025-05-07 18:15:06 - INFO - [check_vwap_diff_signal] [CZR] Analyzing VWAP reversal signal for CZR
2025-05-07 18:15:06 - INFO - [check_vwap_diff_signal] [CZR] Close: 26.98 | Low: 26.97 | High: 26.98 | VWAP: 26.95381704729845
2025-05-07 18:15:06 - DEBUG - [check_vwap_diff_signal] [CZR] [CZR] Last Candela: VWAP-Low=-0.06%, High-VWAP=0.10%
2025-05-07 18:15:06 - DEBUG - [check_vwap_diff_signal] [CZR] No VWAP signal detected
2025-05-07 18:15:06 - INFO - [_process_ticker] [CZR] ℹ️ No valid signal for CZR
2025-05-07 18:15:06 - INFO - [get_stock_data] [MTCH] Requesting data for MTCH
2025-05-07 18:15:06 - INFO - [get_stock_data] [MTCH] Data received for MTCH: 100 rows
2025-05-07 18:15:06 - INFO - [check_vwap_diff_signal] [MTCH] Analyzing VWAP reversal signal for MTCH
2025-05-07 18:15:06 - INFO - [check_vwap_diff_signal] [MTCH] Close: 30.17 | Low: 30.17 | High: 30.17 | VWAP: 30.33802116311387
2025-05-07 18:15:06 - DEBUG - [check_vwap_diff_signal] [MTCH] [MTCH] Last Candela: VWAP-Low=0.55%, High-VWAP=-0.55%
2025-05-07 18:15:06 - DEBUG - [check_vwap_diff_signal] [MTCH] No VWAP signal detected
2025-05-07 18:15:06 - INFO - [_process_ticker] [MTCH] ℹ️ No valid signal for MTCH
2025-05-07 18:15:06 - INFO - [get_stock_data] [NCHL] Requesting data for NCHL
2025-05-07 18:15:07 - ERROR - [get_stock_data] [NCHL] Error retrieving data: 'NoneType' object has no attribute 'empty'
2025-05-07 18:15:07 - INFO - [get_stock_data] [HBAN] Requesting data for HBAN
2025-05-07 18:15:08 - INFO - [get_stock_data] [HBAN] Data received for HBAN: 100 rows
2025-05-07 18:15:08 - INFO - [check_vwap_diff_signal] [HBAN] Analyzing VWAP reversal signal for HBAN
2025-05-07 18:15:08 - INFO - [check_vwap_diff_signal] [HBAN] Close: 15.01 | Low: 15.01 | High: 15.01 | VWAP: 15.019115991228816
2025-05-07 18:15:08 - DEBUG - [check_vwap_diff_signal] [HBAN] [HBAN] Last Candela: VWAP-Low=0.06%, High-VWAP=-0.06%
2025-05-07 18:15:08 - DEBUG - [check_vwap_diff_signal] [HBAN] No VWAP signal detected
2025-05-07 18:15:08 - INFO - [_process_ticker] [HBAN] ℹ️ No valid signal for HBAN
2025-05-07 18:15:08 - DEBUG - [_process_ticker] [MRNA] 🚫 Trade not allowed for MRNA (limit reached)
2025-05-07 18:15:08 - INFO - [get_stock_data] [WBD] Requesting data for WBD
2025-05-07 18:15:08 - INFO - [get_stock_data] [WBD] Data received for WBD: 100 rows
2025-05-07 18:15:08 - INFO - [check_vwap_diff_signal] [WBD] Analyzing VWAP reversal signal for WBD
2025-05-07 18:15:08 - INFO - [check_vwap_diff_signal] [WBD] Close: 8.53 | Low: 8.52 | High: 8.53 | VWAP: 8.575711712454202
2025-05-07 18:15:08 - DEBUG - [check_vwap_diff_signal] [WBD] [WBD] Last Candela: VWAP-Low=0.65%, High-VWAP=-0.53%
2025-05-07 18:15:08 - DEBUG - [check_vwap_diff_signal] [WBD] No VWAP signal detected
2025-05-07 18:15:08 - INFO - [_process_ticker] [WBD] ℹ️ No valid signal for WBD
2025-05-07 18:15:08 - INFO - [get_stock_data] [CMCSA] Requesting data for CMCSA
2025-05-07 18:15:09 - INFO - [get_stock_data] [CMCSA] Data received for CMCSA: 100 rows
2025-05-07 18:15:09 - INFO - [check_vwap_diff_signal] [CMCSA] Analyzing VWAP reversal signal for CMCSA
2025-05-07 18:15:09 - INFO - [check_vwap_diff_signal] [CMCSA] Close: 34.5 | Low: 34.49 | High: 34.5 | VWAP: 34.65081689035491
2025-05-07 18:15:09 - DEBUG - [check_vwap_diff_signal] [CMCSA] [CMCSA] Last Candela: VWAP-Low=0.46%, High-VWAP=-0.44%
2025-05-07 18:15:09 - DEBUG - [check_vwap_diff_signal] [CMCSA] No VWAP signal detected
2025-05-07 18:15:09 - INFO - [_process_ticker] [CMCSA] ℹ️ No valid signal for CMCSA
2025-05-07 18:15:09 - INFO - [_run_strategy_if_applicable] [N/A] ⏰ Strategy 'EMA_Cross_ema50' not executed because it's outside the time window: 16:35:00 - 16:50:00
2025-05-07 18:15:09 - INFO - [_run_strategy_if_applicable] [N/A] ⏰ Strategy 'SMA_Cross_sma50' not executed because it's outside the time window: 16:35:00 - 16:50:00
2025-05-07 18:15:09 - INFO - [_run_strategy_if_applicable] [N/A] ⏰ Strategy 'SMA_Cross_candle' not executed because it's outside the time window: 16:35:00 - 16:50:00
2025-05-07 18:15:09 - INFO - [_run_strategy_if_applicable] [N/A] ⏰ Strategy 'EMA_Cross_candle' not executed because it's outside the time window: 16:35:00 - 16:50:00
2025-05-07 18:15:09 - INFO - [_update_active_orders_and_telegram] [N/A] 📊 Updating SL/TP for active orders
2025-05-07 18:15:10 - INFO - [_wait_until_next_iteration] [N/A] ⏳ Sleeping for 49.66 seconds before the next cycle
2025-05-07 18:16:00 - DEBUG - [_process_strategies] [N/A] ⏱ Skipping VWAP_diff_signal_rsi_1700, not yet time (every 5m)
2025-05-07 18:16:00 - DEBUG - [_process_strategies] [N/A] ⏱ Skipping VWAP_diff_signal_1700_volume, not yet time (every 5m)
2025-05-07 18:16:00 - DEBUG - [_process_strategies] [N/A] ⏱ Skipping VWAP_diff_signal_1700, not yet time (every 5m)
2025-05-07 18:16:00 - DEBUG - [_process_strategies] [N/A] ⏱ Skipping EMA_Cross_ema50, not yet time (every 5m)
2025-05-07 18:16:00 - DEBUG - [_process_strategies] [N/A] ⏱ Skipping SMA_Cross_sma50, not yet time (every 5m)
2025-05-07 18:16:00 - DEBUG - [_process_strategies] [N/A] ⏱ Skipping SMA_Cross_candle, not yet time (every 5m)
2025-05-07 18:16:00 - DEBUG - [_process_strategies] [N/A] ⏱ Skipping EMA_Cross_candle, not yet time (every 5m)
2025-05-07 18:16:00 - INFO - [_update_active_orders_and_telegram] [N/A] 📊 Updating SL/TP for active orders
2025-05-07 18:16:01 - INFO - [_wait_until_next_iteration] [N/A] ⏳ Sleeping for 58.94 seconds before the next cycle
2025-05-07 18:17:00 - DEBUG - [_process_strategies] [N/A] ⏱ Skipping VWAP_diff_signal_rsi_1700, not yet time (every 5m)
2025-05-07 18:17:00 - DEBUG - [_process_strategies] [N/A] ⏱ Skipping VWAP_diff_signal_1700_volume, not yet time (every 5m)
2025-05-07 18:17:00 - DEBUG - [_process_strategies] [N/A] ⏱ Skipping VWAP_diff_signal_1700, not yet time (every 5m)
2025-05-07 18:17:00 - DEBUG - [_process_strategies] [N/A] ⏱ Skipping EMA_Cross_ema50, not yet time (every 5m)
2025-05-07 18:17:00 - DEBUG - [_process_strategies] [N/A] ⏱ Skipping SMA_Cross_sma50, not yet time (every 5m)
2025-05-07 18:17:00 - DEBUG - [_process_strategies] [N/A] ⏱ Skipping SMA_Cross_candle, not yet time (every 5m)
2025-05-07 18:17:00 - DEBUG - [_process_strategies] [N/A] ⏱ Skipping EMA_Cross_candle, not yet time (every 5m)
2025-05-07 18:17:00 - INFO - [_update_active_orders_and_telegram] [N/A] 📊 Updating SL/TP for active orders
2025-05-07 18:17:01 - INFO - [_wait_until_next_iteration] [N/A] ⏳ Sleeping for 58.93 seconds before the next cycle
2025-05-07 18:18:00 - DEBUG - [_process_strategies] [N/A] ⏱ Skipping VWAP_diff_signal_rsi_1700, not yet time (every 5m)
2025-05-07 18:18:00 - DEBUG - [_process_strategies] [N/A] ⏱ Skipping VWAP_diff_signal_1700_volume, not yet time (every 5m)
2025-05-07 18:18:00 - DEBUG - [_process_strategies] [N/A] ⏱ Skipping VWAP_diff_signal_1700, not yet time (every 5m)
2025-05-07 18:18:00 - DEBUG - [_process_strategies] [N/A] ⏱ Skipping EMA_Cross_ema50, not yet time (every 5m)
2025-05-07 18:18:00 - DEBUG - [_process_strategies] [N/A] ⏱ Skipping SMA_Cross_sma50, not yet time (every 5m)
2025-05-07 18:18:00 - DEBUG - [_process_strategies] [N/A] ⏱ Skipping SMA_Cross_candle, not yet time (every 5m)
2025-05-07 18:18:00 - DEBUG - [_process_strategies] [N/A] ⏱ Skipping EMA_Cross_candle, not yet time (every 5m)
2025-05-07 18:18:00 - INFO - [_update_active_orders_and_telegram] [N/A] 📊 Updating SL/TP for active orders
2025-05-07 18:18:01 - INFO - [_wait_until_next_iteration] [N/A] ⏳ Sleeping for 58.94 seconds before the next cycle
2025-05-07 18:19:00 - DEBUG - [_process_strategies] [N/A] ⏱ Skipping VWAP_diff_signal_rsi_1700, not yet time (every 5m)
2025-05-07 18:19:00 - DEBUG - [_process_strategies] [N/A] ⏱ Skipping VWAP_diff_signal_1700_volume, not yet time (every 5m)
2025-05-07 18:19:00 - DEBUG - [_process_strategies] [N/A] ⏱ Skipping VWAP_diff_signal_1700, not yet time (every 5m)
2025-05-07 18:19:00 - DEBUG - [_process_strategies] [N/A] ⏱ Skipping EMA_Cross_ema50, not yet time (every 5m)
2025-05-07 18:19:00 - DEBUG - [_process_strategies] [N/A] ⏱ Skipping SMA_Cross_sma50, not yet time (every 5m)
2025-05-07 18:19:00 - DEBUG - [_process_strategies] [N/A] ⏱ Skipping SMA_Cross_candle, not yet time (every 5m)
2025-05-07 18:19:00 - DEBUG - [_process_strategies] [N/A] ⏱ Skipping EMA_Cross_candle, not yet time (every 5m)
2025-05-07 18:19:00 - INFO - [_update_active_orders_and_telegram] [N/A] 📊 Updating SL/TP for active orders
2025-05-07 18:19:01 - INFO - [_wait_until_next_iteration] [N/A] ⏳ Sleeping for 58.94 seconds before the next cycle
2025-05-07 18:20:00 - INFO - [_run_strategy_if_applicable] [N/A] 🔄 Starting trading loop for strategy: VWAP_diff_signal_rsi_1700
2025-05-07 18:20:00 - INFO - [get_stock_data] [IVZ] Requesting data for IVZ
2025-05-07 18:20:00 - INFO - [get_stock_data] [IVZ] Data received for IVZ: 100 rows
2025-05-07 18:20:00 - INFO - [check_vwap_diff_signal_with_rsi] [IVZ] Analyzing VWAP reversal signal for IVZ
2025-05-07 18:20:00 - INFO - [check_vwap_diff_signal_with_rsi] [IVZ] Close: 14.4 | Low: 14.37 | High: 14.41 | VWAP: 14.38797665323355 | RSI: 58.17
2025-05-07 18:20:00 - DEBUG - [check_vwap_diff_signal_with_rsi] [IVZ] [IVZ] Last Candela: VWAP-Low=0.12%, High-VWAP=0.15%
2025-05-07 18:20:00 - DEBUG - [check_vwap_diff_signal_with_rsi] [IVZ] No VWAP+RSI signal detected
2025-05-07 18:20:00 - INFO - [_process_ticker] [IVZ] ℹ️ No valid signal for IVZ
2025-05-07 18:20:00 - INFO - [get_stock_data] [FCX] Requesting data for FCX
2025-05-07 18:20:01 - INFO - [get_stock_data] [FCX] Data received for FCX: 100 rows
2025-05-07 18:20:01 - INFO - [check_vwap_diff_signal_with_rsi] [FCX] Analyzing VWAP reversal signal for FCX
2025-05-07 18:20:01 - INFO - [check_vwap_diff_signal_with_rsi] [FCX] Close: 37.07 | Low: 37.06 | High: 37.13 | VWAP: 37.195738662480295 | RSI: 36.59
2025-05-07 18:20:01 - DEBUG - [check_vwap_diff_signal_with_rsi] [FCX] [FCX] Last Candela: VWAP-Low=0.36%, High-VWAP=-0.18%
2025-05-07 18:20:01 - DEBUG - [check_vwap_diff_signal_with_rsi] [FCX] No VWAP+RSI signal detected
2025-05-07 18:20:01 - INFO - [_process_ticker] [FCX] ℹ️ No valid signal for FCX
2025-05-07 18:20:01 - INFO - [get_stock_data] [HST] Requesting data for HST
2025-05-07 18:20:01 - INFO - [get_stock_data] [HST] Data received for HST: 100 rows
2025-05-07 18:20:01 - INFO - [check_vwap_diff_signal_with_rsi] [HST] Analyzing VWAP reversal signal for HST
2025-05-07 18:20:01 - INFO - [check_vwap_diff_signal_with_rsi] [HST] Close: 14.61 | Low: 14.57 | High: 14.61 | VWAP: 14.548573291449369 | RSI: 59.38
2025-05-07 18:20:01 - DEBUG - [check_vwap_diff_signal_with_rsi] [HST] [HST] Last Candela: VWAP-Low=-0.15%, High-VWAP=0.42%
2025-05-07 18:20:01 - DEBUG - [check_vwap_diff_signal_with_rsi] [HST] No VWAP+RSI signal detected
2025-05-07 18:20:01 - INFO - [_process_ticker] [HST] ℹ️ No valid signal for HST
2025-05-07 18:20:01 - INFO - [get_stock_data] [IVZ] Requesting data for IVZ
2025-05-07 18:20:02 - INFO - [get_stock_data] [IVZ] Data received for IVZ: 100 rows
2025-05-07 18:20:02 - INFO - [check_vwap_diff_signal_with_rsi] [IVZ] Analyzing VWAP reversal signal for IVZ
2025-05-07 18:20:02 - INFO - [check_vwap_diff_signal_with_rsi] [IVZ] Close: 14.41 | Low: 14.37 | High: 14.41 | VWAP: 14.388164016122373 | RSI: 59.37
2025-05-07 18:20:02 - DEBUG - [check_vwap_diff_signal_with_rsi] [IVZ] [IVZ] Last Candela: VWAP-Low=0.13%, High-VWAP=0.15%
2025-05-07 18:20:02 - DEBUG - [check_vwap_diff_signal_with_rsi] [IVZ] No VWAP+RSI signal detected
2025-05-07 18:20:02 - INFO - [_process_ticker] [IVZ] ℹ️ No valid signal for IVZ
2025-05-07 18:20:02 - INFO - [get_stock_data] [NEM] Requesting data for NEM
2025-05-07 18:20:03 - INFO - [get_stock_data] [NEM] Data received for NEM: 100 rows
2025-05-07 18:20:03 - INFO - [check_vwap_diff_signal_with_rsi] [NEM] Analyzing VWAP reversal signal for NEM
2025-05-07 18:20:03 - INFO - [check_vwap_diff_signal_with_rsi] [NEM] Close: 54.15 | Low: 54.05 | High: 54.15 | VWAP: 53.97057436087125 | RSI: 55.76
2025-05-07 18:20:03 - DEBUG - [check_vwap_diff_signal_with_rsi] [NEM] [NEM] Last Candela: VWAP-Low=-0.15%, High-VWAP=0.33%
2025-05-07 18:20:03 - DEBUG - [check_vwap_diff_signal_with_rsi] [NEM] No VWAP+RSI signal detected
2025-05-07 18:20:03 - INFO - [_process_ticker] [NEM] ℹ️ No valid signal for NEM
2025-05-07 18:20:03 - INFO - [get_stock_data] [LUV] Requesting data for LUV
2025-05-07 18:20:03 - INFO - [get_stock_data] [LUV] Data received for LUV: 100 rows
2025-05-07 18:20:03 - INFO - [check_vwap_diff_signal_with_rsi] [LUV] Analyzing VWAP reversal signal for LUV
2025-05-07 18:20:03 - INFO - [check_vwap_diff_signal_with_rsi] [LUV] Close: 30.38 | Low: 30.28 | High: 30.38 | VWAP: 30.153082194928075 | RSI: 65.12
2025-05-07 18:20:03 - DEBUG - [check_vwap_diff_signal_with_rsi] [LUV] [LUV] Last Candela: VWAP-Low=-0.42%, High-VWAP=0.75%
2025-05-07 18:20:03 - DEBUG - [check_vwap_diff_signal_with_rsi] [LUV] No VWAP+RSI signal detected
2025-05-07 18:20:03 - INFO - [_process_ticker] [LUV] ℹ️ No valid signal for LUV
2025-05-07 18:20:03 - INFO - [_run_strategy_if_applicable] [N/A] 🔄 Starting trading loop for strategy: VWAP_diff_signal_1700_volume
2025-05-07 18:20:03 - DEBUG - [_process_ticker] [GEN] 🚫 Trade not allowed for GEN (limit reached)
2025-05-07 18:20:03 - INFO - [get_stock_data] [HPQ] Requesting data for HPQ
2025-05-07 18:20:04 - INFO - [get_stock_data] [HPQ] Data received for HPQ: 100 rows
2025-05-07 18:20:04 - INFO - [check_vwap_diff_signal_with_volume] [HPQ] Analyzing VWAP reversal signal for HPQ
2025-05-07 18:20:04 - INFO - [check_vwap_diff_signal_with_volume] [HPQ] Close: 25.6 | Low: 25.58 | High: 25.62 | VWAP: 25.691783840095027 | Volume Ratio: 0.76
2025-05-07 18:20:04 - DEBUG - [check_vwap_diff_signal_with_volume] [HPQ] [HPQ] Last Candle: VWAP-Low=0.44%, High-VWAP=-0.28%
2025-05-07 18:20:04 - DEBUG - [check_vwap_diff_signal_with_volume] [HPQ] No VWAP+VolumeRatio signal detected
2025-05-07 18:20:04 - INFO - [_process_ticker] [HPQ] ℹ️ No valid signal for HPQ
2025-05-07 18:20:04 - INFO - [get_stock_data] [INTC] Requesting data for INTC
2025-05-07 18:20:05 - INFO - [get_stock_data] [INTC] Data received for INTC: 100 rows
2025-05-07 18:20:05 - INFO - [check_vwap_diff_signal_with_volume] [INTC] Analyzing VWAP reversal signal for INTC
2025-05-07 18:20:05 - INFO - [check_vwap_diff_signal_with_volume] [INTC] Close: 20.02 | Low: 20.0 | High: 20.03 | VWAP: 19.99964789032697 | Volume Ratio: 0.51
2025-05-07 18:20:05 - DEBUG - [check_vwap_diff_signal_with_volume] [INTC] [INTC] Last Candle: VWAP-Low=-0.00%, High-VWAP=0.15%
2025-05-07 18:20:05 - DEBUG - [check_vwap_diff_signal_with_volume] [INTC] No VWAP+VolumeRatio signal detected
2025-05-07 18:20:05 - INFO - [_process_ticker] [INTC] ℹ️ No valid signal for INTC
2025-05-07 18:20:05 - INFO - [get_stock_data] [RF] Requesting data for RF
2025-05-07 18:20:05 - INFO - [get_stock_data] [RF] Data received for RF: 100 rows
2025-05-07 18:20:05 - INFO - [check_vwap_diff_signal_with_volume] [RF] Analyzing VWAP reversal signal for RF
2025-05-07 18:20:05 - INFO - [check_vwap_diff_signal_with_volume] [RF] Close: 20.94 | Low: 20.92 | High: 20.95 | VWAP: 20.93943100068826 | Volume Ratio: 0.41
2025-05-07 18:20:05 - DEBUG - [check_vwap_diff_signal_with_volume] [RF] [RF] Last Candle: VWAP-Low=0.09%, High-VWAP=0.05%
2025-05-07 18:20:05 - DEBUG - [check_vwap_diff_signal_with_volume] [RF] No VWAP+VolumeRatio signal detected
2025-05-07 18:20:05 - INFO - [_process_ticker] [RF] ℹ️ No valid signal for RF
2025-05-07 18:20:05 - INFO - [_run_strategy_if_applicable] [N/A] 🔄 Starting trading loop for strategy: VWAP_diff_signal_1700
2025-05-07 18:20:05 - INFO - [get_stock_data] [CZR] Requesting data for CZR
2025-05-07 18:20:06 - INFO - [get_stock_data] [CZR] Data received for CZR: 101 rows
2025-05-07 18:20:06 - INFO - [check_vwap_diff_signal] [CZR] Analyzing VWAP reversal signal for CZR
2025-05-07 18:20:06 - INFO - [check_vwap_diff_signal] [CZR] Close: 26.96 | Low: 26.96 | High: 26.98 | VWAP: 26.954749128420428
2025-05-07 18:20:06 - DEBUG - [check_vwap_diff_signal] [CZR] [CZR] Last Candela: VWAP-Low=-0.02%, High-VWAP=0.09%
2025-05-07 18:20:06 - DEBUG - [check_vwap_diff_signal] [CZR] No VWAP signal detected
2025-05-07 18:20:06 - INFO - [_process_ticker] [CZR] ℹ️ No valid signal for CZR
2025-05-07 18:20:06 - INFO - [get_stock_data] [MTCH] Requesting data for MTCH
2025-05-07 18:20:06 - INFO - [get_stock_data] [MTCH] Data received for MTCH: 101 rows
2025-05-07 18:20:06 - INFO - [check_vwap_diff_signal] [MTCH] Analyzing VWAP reversal signal for MTCH
2025-05-07 18:20:06 - INFO - [check_vwap_diff_signal] [MTCH] Close: 30.09 | Low: 30.09 | High: 30.09 | VWAP: 30.320249343479556
2025-05-07 18:20:06 - DEBUG - [check_vwap_diff_signal] [MTCH] [MTCH] Last Candela: VWAP-Low=0.76%, High-VWAP=-0.76%
2025-05-07 18:20:06 - DEBUG - [check_vwap_diff_signal] [MTCH] No VWAP signal detected
2025-05-07 18:20:06 - INFO - [_process_ticker] [MTCH] ℹ️ No valid signal for MTCH
2025-05-07 18:20:06 - INFO - [get_stock_data] [NCHL] Requesting data for NCHL
2025-05-07 18:20:07 - ERROR - [get_stock_data] [NCHL] Error retrieving data: 'NoneType' object has no attribute 'empty'
2025-05-07 18:20:07 - INFO - [get_stock_data] [HBAN] Requesting data for HBAN
2025-05-07 18:20:07 - INFO - [get_stock_data] [HBAN] Data received for HBAN: 101 rows
2025-05-07 18:20:07 - INFO - [check_vwap_diff_signal] [HBAN] Analyzing VWAP reversal signal for HBAN
2025-05-07 18:20:07 - INFO - [check_vwap_diff_signal] [HBAN] Close: 15.02 | Low: 15.01 | High: 15.02 | VWAP: 15.019185823503385
2025-05-07 18:20:07 - DEBUG - [check_vwap_diff_signal] [HBAN] [HBAN] Last Candela: VWAP-Low=0.06%, High-VWAP=0.01%
2025-05-07 18:20:07 - DEBUG - [check_vwap_diff_signal] [HBAN] No VWAP signal detected
2025-05-07 18:20:07 - INFO - [_process_ticker] [HBAN] ℹ️ No valid signal for HBAN
2025-05-07 18:20:07 - DEBUG - [_process_ticker] [MRNA] 🚫 Trade not allowed for MRNA (limit reached)
2025-05-07 18:20:07 - INFO - [get_stock_data] [WBD] Requesting data for WBD
2025-05-07 18:20:08 - INFO - [get_stock_data] [WBD] Data received for WBD: 101 rows
2025-05-07 18:20:08 - INFO - [check_vwap_diff_signal] [WBD] Analyzing VWAP reversal signal for WBD
2025-05-07 18:20:08 - INFO - [check_vwap_diff_signal] [WBD] Close: 8.52 | Low: 8.51 | High: 8.52 | VWAP: 8.571081344264737
2025-05-07 18:20:08 - DEBUG - [check_vwap_diff_signal] [WBD] [WBD] Last Candela: VWAP-Low=0.71%, High-VWAP=-0.60%
2025-05-07 18:20:08 - DEBUG - [check_vwap_diff_signal] [WBD] No VWAP signal detected
2025-05-07 18:20:08 - INFO - [_process_ticker] [WBD] ℹ️ No valid signal for WBD
2025-05-07 18:20:08 - INFO - [get_stock_data] [CMCSA] Requesting data for CMCSA
2025-05-07 18:20:09 - INFO - [get_stock_data] [CMCSA] Data received for CMCSA: 101 rows
2025-05-07 18:20:09 - INFO - [check_vwap_diff_signal] [CMCSA] Analyzing VWAP reversal signal for CMCSA
2025-05-07 18:20:09 - INFO - [check_vwap_diff_signal] [CMCSA] Close: 34.45 | Low: 34.45 | High: 34.45 | VWAP: 34.6395568971054
2025-05-07 18:20:09 - DEBUG - [check_vwap_diff_signal] [CMCSA] [CMCSA] Last Candela: VWAP-Low=0.55%, High-VWAP=-0.55%
2025-05-07 18:20:09 - DEBUG - [check_vwap_diff_signal] [CMCSA] No VWAP signal detected
2025-05-07 18:20:09 - INFO - [_process_ticker] [CMCSA] ℹ️ No valid signal for CMCSA
2025-05-07 18:20:09 - INFO - [_run_strategy_if_applicable] [N/A] ⏰ Strategy 'EMA_Cross_ema50' not executed because it's outside the time window: 16:35:00 - 16:50:00
2025-05-07 18:20:09 - INFO - [_run_strategy_if_applicable] [N/A] ⏰ Strategy 'SMA_Cross_sma50' not executed because it's outside the time window: 16:35:00 - 16:50:00
2025-05-07 18:20:09 - INFO - [_run_strategy_if_applicable] [N/A] ⏰ Strategy 'SMA_Cross_candle' not executed because it's outside the time window: 16:35:00 - 16:50:00
2025-05-07 18:20:09 - INFO - [_run_strategy_if_applicable] [N/A] ⏰ Strategy 'EMA_Cross_candle' not executed because it's outside the time window: 16:35:00 - 16:50:00
2025-05-07 18:20:09 - INFO - [_update_active_orders_and_telegram] [N/A] 📊 Updating SL/TP for active orders
2025-05-07 18:20:10 - INFO - [_wait_until_next_iteration] [N/A] ⏳ Sleeping for 49.74 seconds before the next cycle
2025-05-07 18:21:00 - DEBUG - [_process_strategies] [N/A] ⏱ Skipping VWAP_diff_signal_rsi_1700, not yet time (every 5m)
2025-05-07 18:21:00 - DEBUG - [_process_strategies] [N/A] ⏱ Skipping VWAP_diff_signal_1700_volume, not yet time (every 5m)
2025-05-07 18:21:00 - DEBUG - [_process_strategies] [N/A] ⏱ Skipping VWAP_diff_signal_1700, not yet time (every 5m)
2025-05-07 18:21:00 - DEBUG - [_process_strategies] [N/A] ⏱ Skipping EMA_Cross_ema50, not yet time (every 5m)
2025-05-07 18:21:00 - DEBUG - [_process_strategies] [N/A] ⏱ Skipping SMA_Cross_sma50, not yet time (every 5m)
2025-05-07 18:21:00 - DEBUG - [_process_strategies] [N/A] ⏱ Skipping SMA_Cross_candle, not yet time (every 5m)
2025-05-07 18:21:00 - DEBUG - [_process_strategies] [N/A] ⏱ Skipping EMA_Cross_candle, not yet time (every 5m)
2025-05-07 18:21:00 - INFO - [_update_active_orders_and_telegram] [N/A] 📊 Updating SL/TP for active orders
2025-05-07 18:21:01 - INFO - [_wait_until_next_iteration] [N/A] ⏳ Sleeping for 58.94 seconds before the next cycle
2025-05-07 18:22:00 - DEBUG - [_process_strategies] [N/A] ⏱ Skipping VWAP_diff_signal_rsi_1700, not yet time (every 5m)
2025-05-07 18:22:00 - DEBUG - [_process_strategies] [N/A] ⏱ Skipping VWAP_diff_signal_1700_volume, not yet time (every 5m)
2025-05-07 18:22:00 - DEBUG - [_process_strategies] [N/A] ⏱ Skipping VWAP_diff_signal_1700, not yet time (every 5m)
2025-05-07 18:22:00 - DEBUG - [_process_strategies] [N/A] ⏱ Skipping EMA_Cross_ema50, not yet time (every 5m)
2025-05-07 18:22:00 - DEBUG - [_process_strategies] [N/A] ⏱ Skipping SMA_Cross_sma50, not yet time (every 5m)
2025-05-07 18:22:00 - DEBUG - [_process_strategies] [N/A] ⏱ Skipping SMA_Cross_candle, not yet time (every 5m)
2025-05-07 18:22:00 - DEBUG - [_process_strategies] [N/A] ⏱ Skipping EMA_Cross_candle, not yet time (every 5m)
2025-05-07 18:22:00 - INFO - [_update_active_orders_and_telegram] [N/A] 📊 Updating SL/TP for active orders
2025-05-07 18:22:01 - INFO - [_wait_until_next_iteration] [N/A] ⏳ Sleeping for 58.93 seconds before the next cycle
2025-05-07 18:23:00 - DEBUG - [_process_strategies] [N/A] ⏱ Skipping VWAP_diff_signal_rsi_1700, not yet time (every 5m)
2025-05-07 18:23:00 - DEBUG - [_process_strategies] [N/A] ⏱ Skipping VWAP_diff_signal_1700_volume, not yet time (every 5m)
2025-05-07 18:23:00 - DEBUG - [_process_strategies] [N/A] ⏱ Skipping VWAP_diff_signal_1700, not yet time (every 5m)
2025-05-07 18:23:00 - DEBUG - [_process_strategies] [N/A] ⏱ Skipping EMA_Cross_ema50, not yet time (every 5m)
2025-05-07 18:23:00 - DEBUG - [_process_strategies] [N/A] ⏱ Skipping SMA_Cross_sma50, not yet time (every 5m)
2025-05-07 18:23:00 - DEBUG - [_process_strategies] [N/A] ⏱ Skipping SMA_Cross_candle, not yet time (every 5m)
2025-05-07 18:23:00 - DEBUG - [_process_strategies] [N/A] ⏱ Skipping EMA_Cross_candle, not yet time (every 5m)
2025-05-07 18:23:00 - INFO - [_update_active_orders_and_telegram] [N/A] 📊 Updating SL/TP for active orders
2025-05-07 18:23:01 - INFO - [_wait_until_next_iteration] [N/A] ⏳ Sleeping for 58.92 seconds before the next cycle
2025-05-07 18:24:00 - DEBUG - [_process_strategies] [N/A] ⏱ Skipping VWAP_diff_signal_rsi_1700, not yet time (every 5m)
2025-05-07 18:24:00 - DEBUG - [_process_strategies] [N/A] ⏱ Skipping VWAP_diff_signal_1700_volume, not yet time (every 5m)
2025-05-07 18:24:00 - DEBUG - [_process_strategies] [N/A] ⏱ Skipping VWAP_diff_signal_1700, not yet time (every 5m)
2025-05-07 18:24:00 - DEBUG - [_process_strategies] [N/A] ⏱ Skipping EMA_Cross_ema50, not yet time (every 5m)
2025-05-07 18:24:00 - DEBUG - [_process_strategies] [N/A] ⏱ Skipping SMA_Cross_sma50, not yet time (every 5m)
2025-05-07 18:24:00 - DEBUG - [_process_strategies] [N/A] ⏱ Skipping SMA_Cross_candle, not yet time (every 5m)
2025-05-07 18:24:00 - DEBUG - [_process_strategies] [N/A] ⏱ Skipping EMA_Cross_candle, not yet time (every 5m)
2025-05-07 18:24:00 - INFO - [_update_active_orders_and_telegram] [N/A] 📊 Updating SL/TP for active orders
2025-05-07 18:24:01 - INFO - [_wait_until_next_iteration] [N/A] ⏳ Sleeping for 58.92 seconds before the next cycle
2025-05-07 18:25:00 - INFO - [_run_strategy_if_applicable] [N/A] 🔄 Starting trading loop for strategy: VWAP_diff_signal_rsi_1700
2025-05-07 18:25:00 - INFO - [get_stock_data] [IVZ] Requesting data for IVZ
2025-05-07 18:25:00 - INFO - [get_stock_data] [IVZ] Data received for IVZ: 101 rows
2025-05-07 18:25:00 - INFO - [check_vwap_diff_signal_with_rsi] [IVZ] Analyzing VWAP reversal signal for IVZ
2025-05-07 18:25:00 - INFO - [check_vwap_diff_signal_with_rsi] [IVZ] Close: 14.43 | Low: 14.4 | High: 14.45 | VWAP: 14.39038763517295 | RSI: 61.73
2025-05-07 18:25:00 - DEBUG - [check_vwap_diff_signal_with_rsi] [IVZ] [IVZ] Last Candela: VWAP-Low=-0.07%, High-VWAP=0.41%
2025-05-07 18:25:00 - DEBUG - [check_vwap_diff_signal_with_rsi] [IVZ] No VWAP+RSI signal detected
2025-05-07 18:25:00 - INFO - [_process_ticker] [IVZ] ℹ️ No valid signal for IVZ
2025-05-07 18:25:00 - INFO - [get_stock_data] [FCX] Requesting data for FCX
2025-05-07 18:25:01 - INFO - [get_stock_data] [FCX] Data received for FCX: 101 rows
2025-05-07 18:25:01 - INFO - [check_vwap_diff_signal_with_rsi] [FCX] Analyzing VWAP reversal signal for FCX
2025-05-07 18:25:01 - INFO - [check_vwap_diff_signal_with_rsi] [FCX] Close: 37.08 | Low: 37.02 | High: 37.08 | VWAP: 37.19312107286301 | RSI: 37.37
2025-05-07 18:25:01 - DEBUG - [check_vwap_diff_signal_with_rsi] [FCX] [FCX] Last Candela: VWAP-Low=0.47%, High-VWAP=-0.30%
2025-05-07 18:25:01 - DEBUG - [check_vwap_diff_signal_with_rsi] [FCX] No VWAP+RSI signal detected
2025-05-07 18:25:01 - INFO - [_process_ticker] [FCX] ℹ️ No valid signal for FCX
2025-05-07 18:25:01 - INFO - [get_stock_data] [HST] Requesting data for HST
2025-05-07 18:25:02 - INFO - [get_stock_data] [HST] Data received for HST: 101 rows
2025-05-07 18:25:02 - INFO - [check_vwap_diff_signal_with_rsi] [HST] Analyzing VWAP reversal signal for HST
2025-05-07 18:25:02 - INFO - [check_vwap_diff_signal_with_rsi] [HST] Close: 14.64 | Low: 14.6 | High: 14.64 | VWAP: 14.55092147874654 | RSI: 63.30
2025-05-07 18:25:02 - DEBUG - [check_vwap_diff_signal_with_rsi] [HST] [HST] Last Candela: VWAP-Low=-0.34%, High-VWAP=0.61%
2025-05-07 18:25:02 - DEBUG - [check_vwap_diff_signal_with_rsi] [HST] No VWAP+RSI signal detected
2025-05-07 18:25:02 - INFO - [_process_ticker] [HST] ℹ️ No valid signal for HST
2025-05-07 18:25:02 - INFO - [get_stock_data] [IVZ] Requesting data for IVZ
2025-05-07 18:25:03 - INFO - [get_stock_data] [IVZ] Data received for IVZ: 101 rows
2025-05-07 18:25:03 - INFO - [check_vwap_diff_signal_with_rsi] [IVZ] Analyzing VWAP reversal signal for IVZ
2025-05-07 18:25:03 - INFO - [check_vwap_diff_signal_with_rsi] [IVZ] Close: 14.43 | Low: 14.4 | High: 14.45 | VWAP: 14.39038763517295 | RSI: 61.73
2025-05-07 18:25:03 - DEBUG - [check_vwap_diff_signal_with_rsi] [IVZ] [IVZ] Last Candela: VWAP-Low=-0.07%, High-VWAP=0.41%
2025-05-07 18:25:03 - DEBUG - [check_vwap_diff_signal_with_rsi] [IVZ] No VWAP+RSI signal detected
2025-05-07 18:25:03 - INFO - [_process_ticker] [IVZ] ℹ️ No valid signal for IVZ
2025-05-07 18:25:03 - INFO - [get_stock_data] [NEM] Requesting data for NEM
2025-05-07 18:25:03 - INFO - [get_stock_data] [NEM] Data received for NEM: 101 rows
2025-05-07 18:25:03 - INFO - [check_vwap_diff_signal_with_rsi] [NEM] Analyzing VWAP reversal signal for NEM
2025-05-07 18:25:03 - INFO - [check_vwap_diff_signal_with_rsi] [NEM] Close: 54.05 | Low: 54.0 | High: 54.16 | VWAP: 53.97230794350783 | RSI: 51.73
2025-05-07 18:25:03 - DEBUG - [check_vwap_diff_signal_with_rsi] [NEM] [NEM] Last Candela: VWAP-Low=-0.05%, High-VWAP=0.35%
2025-05-07 18:25:03 - DEBUG - [check_vwap_diff_signal_with_rsi] [NEM] No VWAP+RSI signal detected
2025-05-07 18:25:03 - INFO - [_process_ticker] [NEM] ℹ️ No valid signal for NEM
2025-05-07 18:25:03 - INFO - [get_stock_data] [LUV] Requesting data for LUV
2025-05-07 18:25:04 - INFO - [get_stock_data] [LUV] Data received for LUV: 101 rows
2025-05-07 18:25:04 - INFO - [check_vwap_diff_signal_with_rsi] [LUV] Analyzing VWAP reversal signal for LUV
2025-05-07 18:25:04 - INFO - [check_vwap_diff_signal_with_rsi] [LUV] Close: 30.43 | Low: 30.33 | High: 30.44 | VWAP: 30.16290026919236 | RSI: 67.56
2025-05-07 18:25:04 - DEBUG - [check_vwap_diff_signal_with_rsi] [LUV] [LUV] Last Candela: VWAP-Low=-0.55%, High-VWAP=0.92%
2025-05-07 18:25:04 - DEBUG - [check_vwap_diff_signal_with_rsi] [LUV] No VWAP+RSI signal detected
2025-05-07 18:25:04 - INFO - [_process_ticker] [LUV] ℹ️ No valid signal for LUV
2025-05-07 18:25:04 - INFO - [_run_strategy_if_applicable] [N/A] 🔄 Starting trading loop for strategy: VWAP_diff_signal_1700_volume
2025-05-07 18:25:04 - DEBUG - [_process_ticker] [GEN] 🚫 Trade not allowed for GEN (limit reached)
2025-05-07 18:25:04 - INFO - [get_stock_data] [HPQ] Requesting data for HPQ
2025-05-07 18:25:05 - INFO - [get_stock_data] [HPQ] Data received for HPQ: 101 rows
2025-05-07 18:25:05 - INFO - [check_vwap_diff_signal_with_volume] [HPQ] Analyzing VWAP reversal signal for HPQ
2025-05-07 18:25:05 - INFO - [check_vwap_diff_signal_with_volume] [HPQ] Close: 25.63 | Low: 25.57 | High: 25.64 | VWAP: 25.690211525526657 | Volume Ratio: 0.62
2025-05-07 18:25:05 - DEBUG - [check_vwap_diff_signal_with_volume] [HPQ] [HPQ] Last Candle: VWAP-Low=0.47%, High-VWAP=-0.20%
2025-05-07 18:25:05 - DEBUG - [check_vwap_diff_signal_with_volume] [HPQ] No VWAP+VolumeRatio signal detected
2025-05-07 18:25:05 - INFO - [_process_ticker] [HPQ] ℹ️ No valid signal for HPQ
2025-05-07 18:25:05 - INFO - [get_stock_data] [INTC] Requesting data for INTC
2025-05-07 18:25:05 - INFO - [get_stock_data] [INTC] Data received for INTC: 102 rows
2025-05-07 18:25:05 - INFO - [check_vwap_diff_signal_with_volume] [INTC] Analyzing VWAP reversal signal for INTC
2025-05-07 18:25:05 - INFO - [check_vwap_diff_signal_with_volume] [INTC] Close: 20.05 | Low: 20.04 | High: 20.05 | VWAP: 20.00092867611461 | Volume Ratio: 0.00
2025-05-07 18:25:05 - DEBUG - [check_vwap_diff_signal_with_volume] [INTC] [INTC] Last Candle: VWAP-Low=-0.20%, High-VWAP=0.25%
2025-05-07 18:25:05 - DEBUG - [check_vwap_diff_signal_with_volume] [INTC] No VWAP+VolumeRatio signal detected
2025-05-07 18:25:05 - INFO - [_process_ticker] [INTC] ℹ️ No valid signal for INTC
2025-05-07 18:25:05 - INFO - [get_stock_data] [RF] Requesting data for RF
2025-05-07 18:25:06 - INFO - [get_stock_data] [RF] Data received for RF: 102 rows
2025-05-07 18:25:06 - INFO - [check_vwap_diff_signal_with_volume] [RF] Analyzing VWAP reversal signal for RF
2025-05-07 18:25:06 - INFO - [check_vwap_diff_signal_with_volume] [RF] Close: 20.97 | Low: 20.97 | High: 20.97 | VWAP: 20.940289632614864 | Volume Ratio: 0.00
2025-05-07 18:25:06 - DEBUG - [check_vwap_diff_signal_with_volume] [RF] [RF] Last Candle: VWAP-Low=-0.14%, High-VWAP=0.14%
2025-05-07 18:25:06 - DEBUG - [check_vwap_diff_signal_with_volume] [RF] No VWAP+VolumeRatio signal detected
2025-05-07 18:25:06 - INFO - [_process_ticker] [RF] ℹ️ No valid signal for RF
2025-05-07 18:25:06 - INFO - [_run_strategy_if_applicable] [N/A] 🔄 Starting trading loop for strategy: VWAP_diff_signal_1700
2025-05-07 18:25:06 - INFO - [get_stock_data] [CZR] Requesting data for CZR
2025-05-07 18:25:06 - INFO - [get_stock_data] [CZR] Data received for CZR: 102 rows
2025-05-07 18:25:06 - INFO - [check_vwap_diff_signal] [CZR] Analyzing VWAP reversal signal for CZR
2025-05-07 18:25:06 - INFO - [check_vwap_diff_signal] [CZR] Close: 27.07 | Low: 27.07 | High: 27.09 | VWAP: 26.964219423461703
2025-05-07 18:25:07 - DEBUG - [check_vwap_diff_signal] [CZR] [CZR] Last Candela: VWAP-Low=-0.39%, High-VWAP=0.47%
2025-05-07 18:25:07 - DEBUG - [check_vwap_diff_signal] [CZR] No VWAP signal detected
2025-05-07 18:25:07 - INFO - [_process_ticker] [CZR] ℹ️ No valid signal for CZR
2025-05-07 18:25:07 - INFO - [get_stock_data] [MTCH] Requesting data for MTCH
2025-05-07 18:25:07 - INFO - [get_stock_data] [MTCH] Data received for MTCH: 102 rows
2025-05-07 18:25:07 - INFO - [check_vwap_diff_signal] [MTCH] Analyzing VWAP reversal signal for MTCH
2025-05-07 18:25:07 - INFO - [check_vwap_diff_signal] [MTCH] Close: 30.17 | Low: 30.17 | High: 30.17 | VWAP: 30.31718348355806
2025-05-07 18:25:07 - DEBUG - [check_vwap_diff_signal] [MTCH] [MTCH] Last Candela: VWAP-Low=0.49%, High-VWAP=-0.49%
2025-05-07 18:25:07 - DEBUG - [check_vwap_diff_signal] [MTCH] No VWAP signal detected
2025-05-07 18:25:07 - INFO - [_process_ticker] [MTCH] ℹ️ No valid signal for MTCH
2025-05-07 18:25:07 - INFO - [get_stock_data] [NCHL] Requesting data for NCHL
2025-05-07 18:25:07 - ERROR - [get_stock_data] [NCHL] Error retrieving data: 'NoneType' object has no attribute 'empty'
2025-05-07 18:25:07 - INFO - [get_stock_data] [HBAN] Requesting data for HBAN
2025-05-07 18:25:08 - INFO - [get_stock_data] [HBAN] Data received for HBAN: 102 rows
2025-05-07 18:25:08 - INFO - [check_vwap_diff_signal] [HBAN] Analyzing VWAP reversal signal for HBAN
2025-05-07 18:25:08 - INFO - [check_vwap_diff_signal] [HBAN] Close: 15.03 | Low: 15.03 | High: 15.03 | VWAP: 15.01980947914724
2025-05-07 18:25:08 - DEBUG - [check_vwap_diff_signal] [HBAN] [HBAN] Last Candela: VWAP-Low=-0.07%, High-VWAP=0.07%
2025-05-07 18:25:08 - DEBUG - [check_vwap_diff_signal] [HBAN] No VWAP signal detected
2025-05-07 18:25:08 - INFO - [_process_ticker] [HBAN] ℹ️ No valid signal for HBAN
2025-05-07 18:25:08 - DEBUG - [_process_ticker] [MRNA] 🚫 Trade not allowed for MRNA (limit reached)
2025-05-07 18:25:08 - INFO - [get_stock_data] [WBD] Requesting data for WBD
2025-05-07 18:25:09 - INFO - [get_stock_data] [WBD] Data received for WBD: 102 rows
2025-05-07 18:25:09 - INFO - [check_vwap_diff_signal] [WBD] Analyzing VWAP reversal signal for WBD
2025-05-07 18:25:09 - INFO - [check_vwap_diff_signal] [WBD] Close: 8.53 | Low: 8.53 | High: 8.53 | VWAP: 8.568120593330544
2025-05-07 18:25:09 - DEBUG - [check_vwap_diff_signal] [WBD] [WBD] Last Candela: VWAP-Low=0.44%, High-VWAP=-0.44%
2025-05-07 18:25:09 - DEBUG - [check_vwap_diff_signal] [WBD] No VWAP signal detected
2025-05-07 18:25:09 - INFO - [_process_ticker] [WBD] ℹ️ No valid signal for WBD
2025-05-07 18:25:09 - INFO - [get_stock_data] [CMCSA] Requesting data for CMCSA
2025-05-07 18:25:09 - INFO - [get_stock_data] [CMCSA] Data received for CMCSA: 102 rows
2025-05-07 18:25:09 - INFO - [check_vwap_diff_signal] [CMCSA] Analyzing VWAP reversal signal for CMCSA
2025-05-07 18:25:09 - INFO - [check_vwap_diff_signal] [CMCSA] Close: 34.5 | Low: 34.49 | High: 34.5 | VWAP: 34.63472380793095
2025-05-07 18:25:09 - DEBUG - [check_vwap_diff_signal] [CMCSA] [CMCSA] Last Candela: VWAP-Low=0.42%, High-VWAP=-0.39%
2025-05-07 18:25:09 - DEBUG - [check_vwap_diff_signal] [CMCSA] No VWAP signal detected
2025-05-07 18:25:09 - INFO - [_process_ticker] [CMCSA] ℹ️ No valid signal for CMCSA
2025-05-07 18:25:09 - INFO - [_run_strategy_if_applicable] [N/A] ⏰ Strategy 'EMA_Cross_ema50' not executed because it's outside the time window: 16:35:00 - 16:50:00
2025-05-07 18:25:09 - INFO - [_run_strategy_if_applicable] [N/A] ⏰ Strategy 'SMA_Cross_sma50' not executed because it's outside the time window: 16:35:00 - 16:50:00
2025-05-07 18:25:09 - INFO - [_run_strategy_if_applicable] [N/A] ⏰ Strategy 'SMA_Cross_candle' not executed because it's outside the time window: 16:35:00 - 16:50:00
2025-05-07 18:25:09 - INFO - [_run_strategy_if_applicable] [N/A] ⏰ Strategy 'EMA_Cross_candle' not executed because it's outside the time window: 16:35:00 - 16:50:00
2025-05-07 18:25:09 - INFO - [_update_active_orders_and_telegram] [N/A] 📊 Updating SL/TP for active orders
2025-05-07 18:25:10 - INFO - [_wait_until_next_iteration] [N/A] ⏳ Sleeping for 49.09 seconds before the next cycle
2025-05-07 18:26:00 - DEBUG - [_process_strategies] [N/A] ⏱ Skipping VWAP_diff_signal_rsi_1700, not yet time (every 5m)
2025-05-07 18:26:00 - DEBUG - [_process_strategies] [N/A] ⏱ Skipping VWAP_diff_signal_1700_volume, not yet time (every 5m)
2025-05-07 18:26:00 - DEBUG - [_process_strategies] [N/A] ⏱ Skipping VWAP_diff_signal_1700, not yet time (every 5m)
2025-05-07 18:26:00 - DEBUG - [_process_strategies] [N/A] ⏱ Skipping EMA_Cross_ema50, not yet time (every 5m)
2025-05-07 18:26:00 - DEBUG - [_process_strategies] [N/A] ⏱ Skipping SMA_Cross_sma50, not yet time (every 5m)
2025-05-07 18:26:00 - DEBUG - [_process_strategies] [N/A] ⏱ Skipping SMA_Cross_candle, not yet time (every 5m)
2025-05-07 18:26:00 - DEBUG - [_process_strategies] [N/A] ⏱ Skipping EMA_Cross_candle, not yet time (every 5m)
2025-05-07 18:26:00 - INFO - [_update_active_orders_and_telegram] [N/A] 📊 Updating SL/TP for active orders
2025-05-07 18:26:01 - INFO - [_wait_until_next_iteration] [N/A] ⏳ Sleeping for 58.94 seconds before the next cycle
2025-05-07 18:27:00 - DEBUG - [_process_strategies] [N/A] ⏱ Skipping VWAP_diff_signal_rsi_1700, not yet time (every 5m)
2025-05-07 18:27:00 - DEBUG - [_process_strategies] [N/A] ⏱ Skipping VWAP_diff_signal_1700_volume, not yet time (every 5m)
2025-05-07 18:27:00 - DEBUG - [_process_strategies] [N/A] ⏱ Skipping VWAP_diff_signal_1700, not yet time (every 5m)
2025-05-07 18:27:00 - DEBUG - [_process_strategies] [N/A] ⏱ Skipping EMA_Cross_ema50, not yet time (every 5m)
2025-05-07 18:27:00 - DEBUG - [_process_strategies] [N/A] ⏱ Skipping SMA_Cross_sma50, not yet time (every 5m)
2025-05-07 18:27:00 - DEBUG - [_process_strategies] [N/A] ⏱ Skipping SMA_Cross_candle, not yet time (every 5m)
2025-05-07 18:27:00 - DEBUG - [_process_strategies] [N/A] ⏱ Skipping EMA_Cross_candle, not yet time (every 5m)
2025-05-07 18:27:00 - INFO - [_update_active_orders_and_telegram] [N/A] 📊 Updating SL/TP for active orders
2025-05-07 18:27:01 - INFO - [_wait_until_next_iteration] [N/A] ⏳ Sleeping for 58.93 seconds before the next cycle
2025-05-07 18:28:00 - DEBUG - [_process_strategies] [N/A] ⏱ Skipping VWAP_diff_signal_rsi_1700, not yet time (every 5m)
2025-05-07 18:28:00 - DEBUG - [_process_strategies] [N/A] ⏱ Skipping VWAP_diff_signal_1700_volume, not yet time (every 5m)
2025-05-07 18:28:00 - DEBUG - [_process_strategies] [N/A] ⏱ Skipping VWAP_diff_signal_1700, not yet time (every 5m)
2025-05-07 18:28:00 - DEBUG - [_process_strategies] [N/A] ⏱ Skipping EMA_Cross_ema50, not yet time (every 5m)
2025-05-07 18:28:00 - DEBUG - [_process_strategies] [N/A] ⏱ Skipping SMA_Cross_sma50, not yet time (every 5m)
2025-05-07 18:28:00 - DEBUG - [_process_strategies] [N/A] ⏱ Skipping SMA_Cross_candle, not yet time (every 5m)
2025-05-07 18:28:00 - DEBUG - [_process_strategies] [N/A] ⏱ Skipping EMA_Cross_candle, not yet time (every 5m)
2025-05-07 18:28:00 - INFO - [_update_active_orders_and_telegram] [N/A] 📊 Updating SL/TP for active orders
2025-05-07 18:28:01 - INFO - [_wait_until_next_iteration] [N/A] ⏳ Sleeping for 58.92 seconds before the next cycle
2025-05-07 18:29:00 - DEBUG - [_process_strategies] [N/A] ⏱ Skipping VWAP_diff_signal_rsi_1700, not yet time (every 5m)
2025-05-07 18:29:00 - DEBUG - [_process_strategies] [N/A] ⏱ Skipping VWAP_diff_signal_1700_volume, not yet time (every 5m)
2025-05-07 18:29:00 - DEBUG - [_process_strategies] [N/A] ⏱ Skipping VWAP_diff_signal_1700, not yet time (every 5m)
2025-05-07 18:29:00 - DEBUG - [_process_strategies] [N/A] ⏱ Skipping EMA_Cross_ema50, not yet time (every 5m)
2025-05-07 18:29:00 - DEBUG - [_process_strategies] [N/A] ⏱ Skipping SMA_Cross_sma50, not yet time (every 5m)
2025-05-07 18:29:00 - DEBUG - [_process_strategies] [N/A] ⏱ Skipping SMA_Cross_candle, not yet time (every 5m)
2025-05-07 18:29:00 - DEBUG - [_process_strategies] [N/A] ⏱ Skipping EMA_Cross_candle, not yet time (every 5m)
2025-05-07 18:29:00 - INFO - [_update_active_orders_and_telegram] [N/A] 📊 Updating SL/TP for active orders
2025-05-07 18:29:01 - INFO - [_wait_until_next_iteration] [N/A] ⏳ Sleeping for 58.93 seconds before the next cycle
2025-05-07 18:30:00 - INFO - [_run_strategy_if_applicable] [N/A] 🔄 Starting trading loop for strategy: VWAP_diff_signal_rsi_1700
2025-05-07 18:30:00 - INFO - [get_stock_data] [IVZ] Requesting data for IVZ
2025-05-07 18:30:00 - INFO - [get_stock_data] [IVZ] Data received for IVZ: 102 rows
2025-05-07 18:30:00 - INFO - [check_vwap_diff_signal_with_rsi] [IVZ] Analyzing VWAP reversal signal for IVZ
2025-05-07 18:30:00 - INFO - [check_vwap_diff_signal_with_rsi] [IVZ] Close: 14.44 | Low: 14.42 | High: 14.45 | VWAP: 14.391560078888771 | RSI: 62.88
2025-05-07 18:30:00 - DEBUG - [check_vwap_diff_signal_with_rsi] [IVZ] [IVZ] Last Candela: VWAP-Low=-0.20%, High-VWAP=0.41%
2025-05-07 18:30:00 - DEBUG - [check_vwap_diff_signal_with_rsi] [IVZ] No VWAP+RSI signal detected
2025-05-07 18:30:00 - INFO - [_process_ticker] [IVZ] ℹ️ No valid signal for IVZ
2025-05-07 18:30:00 - INFO - [get_stock_data] [FCX] Requesting data for FCX
2025-05-07 18:30:01 - INFO - [get_stock_data] [FCX] Data received for FCX: 102 rows
2025-05-07 18:30:01 - INFO - [check_vwap_diff_signal_with_rsi] [FCX] Analyzing VWAP reversal signal for FCX
2025-05-07 18:30:01 - INFO - [check_vwap_diff_signal_with_rsi] [FCX] Close: 37.07 | Low: 37.05 | High: 37.13 | VWAP: 37.19145279737156 | RSI: 36.88
2025-05-07 18:30:01 - DEBUG - [check_vwap_diff_signal_with_rsi] [FCX] [FCX] Last Candela: VWAP-Low=0.38%, High-VWAP=-0.17%
2025-05-07 18:30:01 - DEBUG - [check_vwap_diff_signal_with_rsi] [FCX] No VWAP+RSI signal detected
2025-05-07 18:30:01 - INFO - [_process_ticker] [FCX] ℹ️ No valid signal for FCX
2025-05-07 18:30:01 - INFO - [get_stock_data] [HST] Requesting data for HST
2025-05-07 18:30:02 - INFO - [get_stock_data] [HST] Data received for HST: 102 rows
2025-05-07 18:30:02 - INFO - [check_vwap_diff_signal_with_rsi] [HST] Analyzing VWAP reversal signal for HST
2025-05-07 18:30:02 - INFO - [check_vwap_diff_signal_with_rsi] [HST] Close: 14.64 | Low: 14.61 | High: 14.65 | VWAP: 14.553954323146954 | RSI: 63.30
2025-05-07 18:30:02 - DEBUG - [check_vwap_diff_signal_with_rsi] [HST] [HST] Last Candela: VWAP-Low=-0.39%, High-VWAP=0.66%
2025-05-07 18:30:02 - DEBUG - [check_vwap_diff_signal_with_rsi] [HST] No VWAP+RSI signal detected
2025-05-07 18:30:02 - INFO - [_process_ticker] [HST] ℹ️ No valid signal for HST
2025-05-07 18:30:02 - INFO - [get_stock_data] [IVZ] Requesting data for IVZ
2025-05-07 18:30:02 - INFO - [get_stock_data] [IVZ] Data received for IVZ: 102 rows
2025-05-07 18:30:02 - INFO - [check_vwap_diff_signal_with_rsi] [IVZ] Analyzing VWAP reversal signal for IVZ
2025-05-07 18:30:02 - INFO - [check_vwap_diff_signal_with_rsi] [IVZ] Close: 14.44 | Low: 14.42 | High: 14.45 | VWAP: 14.391560078888771 | RSI: 62.88
2025-05-07 18:30:02 - DEBUG - [check_vwap_diff_signal_with_rsi] [IVZ] [IVZ] Last Candela: VWAP-Low=-0.20%, High-VWAP=0.41%
2025-05-07 18:30:02 - DEBUG - [check_vwap_diff_signal_with_rsi] [IVZ] No VWAP+RSI signal detected
2025-05-07 18:30:02 - INFO - [_process_ticker] [IVZ] ℹ️ No valid signal for IVZ
2025-05-07 18:30:02 - INFO - [get_stock_data] [NEM] Requesting data for NEM
2025-05-07 18:30:03 - INFO - [get_stock_data] [NEM] Data received for NEM: 102 rows
2025-05-07 18:30:03 - INFO - [check_vwap_diff_signal_with_rsi] [NEM] Analyzing VWAP reversal signal for NEM
2025-05-07 18:30:03 - INFO - [check_vwap_diff_signal_with_rsi] [NEM] Close: 53.99 | Low: 53.94 | High: 54.08 | VWAP: 53.97268741429748 | RSI: 49.42
2025-05-07 18:30:03 - DEBUG - [check_vwap_diff_signal_with_rsi] [NEM] [NEM] Last Candela: VWAP-Low=0.06%, High-VWAP=0.20%
2025-05-07 18:30:03 - DEBUG - [check_vwap_diff_signal_with_rsi] [NEM] No VWAP+RSI signal detected
2025-05-07 18:30:03 - INFO - [_process_ticker] [NEM] ℹ️ No valid signal for NEM
2025-05-07 18:30:03 - INFO - [get_stock_data] [LUV] Requesting data for LUV
2025-05-07 18:30:03 - INFO - [get_stock_data] [LUV] Data received for LUV: 102 rows
2025-05-07 18:30:03 - INFO - [check_vwap_diff_signal_with_rsi] [LUV] Analyzing VWAP reversal signal for LUV
2025-05-07 18:30:03 - INFO - [check_vwap_diff_signal_with_rsi] [LUV] Close: 30.35 | Low: 30.33 | High: 30.44 | VWAP: 30.170239938809704 | RSI: 60.28
2025-05-07 18:30:03 - DEBUG - [check_vwap_diff_signal_with_rsi] [LUV] [LUV] Last Candela: VWAP-Low=-0.53%, High-VWAP=0.89%
2025-05-07 18:30:03 - DEBUG - [check_vwap_diff_signal_with_rsi] [LUV] No VWAP+RSI signal detected
2025-05-07 18:30:03 - INFO - [_process_ticker] [LUV] ℹ️ No valid signal for LUV
2025-05-07 18:30:03 - INFO - [_run_strategy_if_applicable] [N/A] 🔄 Starting trading loop for strategy: VWAP_diff_signal_1700_volume
2025-05-07 18:30:03 - DEBUG - [_process_ticker] [GEN] 🚫 Trade not allowed for GEN (limit reached)
2025-05-07 18:30:03 - INFO - [get_stock_data] [HPQ] Requesting data for HPQ
2025-05-07 18:30:04 - INFO - [get_stock_data] [HPQ] Data received for HPQ: 102 rows
2025-05-07 18:30:04 - INFO - [check_vwap_diff_signal_with_volume] [HPQ] Analyzing VWAP reversal signal for HPQ
2025-05-07 18:30:04 - INFO - [check_vwap_diff_signal_with_volume] [HPQ] Close: 25.64 | Low: 25.63 | High: 25.66 | VWAP: 25.689031407252454 | Volume Ratio: 0.67
2025-05-07 18:30:04 - DEBUG - [check_vwap_diff_signal_with_volume] [HPQ] [HPQ] Last Candle: VWAP-Low=0.23%, High-VWAP=-0.11%
2025-05-07 18:30:04 - DEBUG - [check_vwap_diff_signal_with_volume] [HPQ] No VWAP+VolumeRatio signal detected
2025-05-07 18:30:04 - INFO - [_process_ticker] [HPQ] ℹ️ No valid signal for HPQ
2025-05-07 18:30:04 - INFO - [get_stock_data] [INTC] Requesting data for INTC
2025-05-07 18:30:05 - INFO - [get_stock_data] [INTC] Data received for INTC: 102 rows
2025-05-07 18:30:05 - INFO - [check_vwap_diff_signal_with_volume] [INTC] Analyzing VWAP reversal signal for INTC
2025-05-07 18:30:05 - INFO - [check_vwap_diff_signal_with_volume] [INTC] Close: 20.01 | Low: 19.99 | High: 20.05 | VWAP: 20.00115807315958 | Volume Ratio: 0.85
2025-05-07 18:30:05 - DEBUG - [check_vwap_diff_signal_with_volume] [INTC] [INTC] Last Candle: VWAP-Low=0.06%, High-VWAP=0.24%
2025-05-07 18:30:05 - DEBUG - [check_vwap_diff_signal_with_volume] [INTC] No VWAP+VolumeRatio signal detected
2025-05-07 18:30:05 - INFO - [_process_ticker] [INTC] ℹ️ No valid signal for INTC
2025-05-07 18:30:05 - INFO - [get_stock_data] [RF] Requesting data for RF
2025-05-07 18:30:05 - INFO - [get_stock_data] [RF] Data received for RF: 102 rows
2025-05-07 18:30:05 - INFO - [check_vwap_diff_signal_with_volume] [RF] Analyzing VWAP reversal signal for RF
2025-05-07 18:30:05 - INFO - [check_vwap_diff_signal_with_volume] [RF] Close: 20.98 | Low: 20.96 | High: 20.98 | VWAP: 20.940997718009992 | Volume Ratio: 0.49
2025-05-07 18:30:05 - DEBUG - [check_vwap_diff_signal_with_volume] [RF] [RF] Last Candle: VWAP-Low=-0.09%, High-VWAP=0.19%
2025-05-07 18:30:05 - DEBUG - [check_vwap_diff_signal_with_volume] [RF] No VWAP+VolumeRatio signal detected
2025-05-07 18:30:05 - INFO - [_process_ticker] [RF] ℹ️ No valid signal for RF
2025-05-07 18:30:05 - INFO - [_run_strategy_if_applicable] [N/A] 🔄 Starting trading loop for strategy: VWAP_diff_signal_1700
2025-05-07 18:30:05 - INFO - [get_stock_data] [CZR] Requesting data for CZR
2025-05-07 18:30:06 - INFO - [get_stock_data] [CZR] Data received for CZR: 103 rows
2025-05-07 18:30:06 - INFO - [check_vwap_diff_signal] [CZR] Analyzing VWAP reversal signal for CZR
2025-05-07 18:30:06 - INFO - [check_vwap_diff_signal] [CZR] Close: 27.07 | Low: 27.07 | High: 27.07 | VWAP: 26.966033350677538
2025-05-07 18:30:06 - DEBUG - [check_vwap_diff_signal] [CZR] [CZR] Last Candela: VWAP-Low=-0.39%, High-VWAP=0.39%
2025-05-07 18:30:06 - DEBUG - [check_vwap_diff_signal] [CZR] No VWAP signal detected
2025-05-07 18:30:06 - INFO - [_process_ticker] [CZR] ℹ️ No valid signal for CZR
2025-05-07 18:30:06 - INFO - [get_stock_data] [MTCH] Requesting data for MTCH
2025-05-07 18:30:06 - INFO - [get_stock_data] [MTCH] Data received for MTCH: 103 rows
2025-05-07 18:30:06 - INFO - [check_vwap_diff_signal] [MTCH] Analyzing VWAP reversal signal for MTCH
2025-05-07 18:30:06 - INFO - [check_vwap_diff_signal] [MTCH] Close: 30.17 | Low: 30.17 | High: 30.17 | VWAP: 30.310835565234893
2025-05-07 18:30:06 - DEBUG - [check_vwap_diff_signal] [MTCH] [MTCH] Last Candela: VWAP-Low=0.46%, High-VWAP=-0.46%
2025-05-07 18:30:06 - DEBUG - [check_vwap_diff_signal] [MTCH] No VWAP signal detected
2025-05-07 18:30:06 - INFO - [_process_ticker] [MTCH] ℹ️ No valid signal for MTCH
2025-05-07 18:30:06 - INFO - [get_stock_data] [NCHL] Requesting data for NCHL
2025-05-07 18:30:07 - ERROR - [get_stock_data] [NCHL] Error retrieving data: 'NoneType' object has no attribute 'empty'
2025-05-07 18:30:07 - INFO - [get_stock_data] [HBAN] Requesting data for HBAN
2025-05-07 18:30:08 - INFO - [get_stock_data] [HBAN] Data received for HBAN: 103 rows
2025-05-07 18:30:08 - INFO - [check_vwap_diff_signal] [HBAN] Analyzing VWAP reversal signal for HBAN
2025-05-07 18:30:08 - INFO - [check_vwap_diff_signal] [HBAN] Close: 15.05 | Low: 15.04 | High: 15.05 | VWAP: 15.02043361695819
2025-05-07 18:30:08 - DEBUG - [check_vwap_diff_signal] [HBAN] [HBAN] Last Candela: VWAP-Low=-0.13%, High-VWAP=0.20%
2025-05-07 18:30:08 - DEBUG - [check_vwap_diff_signal] [HBAN] No VWAP signal detected
2025-05-07 18:30:08 - INFO - [_process_ticker] [HBAN] ℹ️ No valid signal for HBAN
2025-05-07 18:30:08 - DEBUG - [_process_ticker] [MRNA] 🚫 Trade not allowed for MRNA (limit reached)
2025-05-07 18:30:08 - INFO - [get_stock_data] [WBD] Requesting data for WBD
2025-05-07 18:30:08 - INFO - [get_stock_data] [WBD] Data received for WBD: 103 rows
2025-05-07 18:30:08 - INFO - [check_vwap_diff_signal] [WBD] Analyzing VWAP reversal signal for WBD
2025-05-07 18:30:08 - INFO - [check_vwap_diff_signal] [WBD] Close: 8.52 | Low: 8.51 | High: 8.52 | VWAP: 8.566638294297142
2025-05-07 18:30:08 - DEBUG - [check_vwap_diff_signal] [WBD] [WBD] Last Candela: VWAP-Low=0.66%, High-VWAP=-0.54%
2025-05-07 18:30:08 - DEBUG - [check_vwap_diff_signal] [WBD] No VWAP signal detected
2025-05-07 18:30:08 - INFO - [_process_ticker] [WBD] ℹ️ No valid signal for WBD
2025-05-07 18:30:08 - INFO - [get_stock_data] [CMCSA] Requesting data for CMCSA
2025-05-07 18:30:09 - INFO - [get_stock_data] [CMCSA] Data received for CMCSA: 103 rows
2025-05-07 18:30:09 - INFO - [check_vwap_diff_signal] [CMCSA] Analyzing VWAP reversal signal for CMCSA
2025-05-07 18:30:09 - INFO - [check_vwap_diff_signal] [CMCSA] Close: 34.54 | Low: 34.53 | High: 34.54 | VWAP: 34.631481695584675
2025-05-07 18:30:09 - DEBUG - [check_vwap_diff_signal] [CMCSA] [CMCSA] Last Candela: VWAP-Low=0.29%, High-VWAP=-0.26%
2025-05-07 18:30:09 - DEBUG - [check_vwap_diff_signal] [CMCSA] No VWAP signal detected
2025-05-07 18:30:09 - INFO - [_process_ticker] [CMCSA] ℹ️ No valid signal for CMCSA
2025-05-07 18:30:09 - INFO - [_run_strategy_if_applicable] [N/A] ⏰ Strategy 'EMA_Cross_ema50' not executed because it's outside the time window: 16:35:00 - 16:50:00
2025-05-07 18:30:09 - INFO - [_run_strategy_if_applicable] [N/A] ⏰ Strategy 'SMA_Cross_sma50' not executed because it's outside the time window: 16:35:00 - 16:50:00
2025-05-07 18:30:09 - INFO - [_run_strategy_if_applicable] [N/A] ⏰ Strategy 'SMA_Cross_candle' not executed because it's outside the time window: 16:35:00 - 16:50:00
2025-05-07 18:30:09 - INFO - [_run_strategy_if_applicable] [N/A] ⏰ Strategy 'EMA_Cross_candle' not executed because it's outside the time window: 16:35:00 - 16:50:00
2025-05-07 18:30:09 - INFO - [_update_active_orders_and_telegram] [N/A] 📊 Updating SL/TP for active orders
2025-05-07 18:30:10 - INFO - [_wait_until_next_iteration] [N/A] ⏳ Sleeping for 49.25 seconds before the next cycle
2025-05-07 18:31:00 - DEBUG - [_process_strategies] [N/A] ⏱ Skipping VWAP_diff_signal_rsi_1700, not yet time (every 5m)
2025-05-07 18:31:00 - DEBUG - [_process_strategies] [N/A] ⏱ Skipping VWAP_diff_signal_1700_volume, not yet time (every 5m)
2025-05-07 18:31:00 - DEBUG - [_process_strategies] [N/A] ⏱ Skipping VWAP_diff_signal_1700, not yet time (every 5m)
2025-05-07 18:31:00 - DEBUG - [_process_strategies] [N/A] ⏱ Skipping EMA_Cross_ema50, not yet time (every 5m)
2025-05-07 18:31:00 - DEBUG - [_process_strategies] [N/A] ⏱ Skipping SMA_Cross_sma50, not yet time (every 5m)
2025-05-07 18:31:00 - DEBUG - [_process_strategies] [N/A] ⏱ Skipping SMA_Cross_candle, not yet time (every 5m)
2025-05-07 18:31:00 - DEBUG - [_process_strategies] [N/A] ⏱ Skipping EMA_Cross_candle, not yet time (every 5m)
2025-05-07 18:31:00 - INFO - [_update_active_orders_and_telegram] [N/A] 📊 Updating SL/TP for active orders
2025-05-07 18:31:01 - INFO - [_wait_until_next_iteration] [N/A] ⏳ Sleeping for 58.94 seconds before the next cycle
2025-05-07 18:32:00 - DEBUG - [_process_strategies] [N/A] ⏱ Skipping VWAP_diff_signal_rsi_1700, not yet time (every 5m)
2025-05-07 18:32:00 - DEBUG - [_process_strategies] [N/A] ⏱ Skipping VWAP_diff_signal_1700_volume, not yet time (every 5m)
2025-05-07 18:32:00 - DEBUG - [_process_strategies] [N/A] ⏱ Skipping VWAP_diff_signal_1700, not yet time (every 5m)
2025-05-07 18:32:00 - DEBUG - [_process_strategies] [N/A] ⏱ Skipping EMA_Cross_ema50, not yet time (every 5m)
2025-05-07 18:32:00 - DEBUG - [_process_strategies] [N/A] ⏱ Skipping SMA_Cross_sma50, not yet time (every 5m)
2025-05-07 18:32:00 - DEBUG - [_process_strategies] [N/A] ⏱ Skipping SMA_Cross_candle, not yet time (every 5m)
2025-05-07 18:32:00 - DEBUG - [_process_strategies] [N/A] ⏱ Skipping EMA_Cross_candle, not yet time (every 5m)
2025-05-07 18:32:00 - INFO - [_update_active_orders_and_telegram] [N/A] 📊 Updating SL/TP for active orders
2025-05-07 18:32:01 - INFO - [_wait_until_next_iteration] [N/A] ⏳ Sleeping for 58.93 seconds before the next cycle
2025-05-07 18:33:00 - DEBUG - [_process_strategies] [N/A] ⏱ Skipping VWAP_diff_signal_rsi_1700, not yet time (every 5m)
2025-05-07 18:33:00 - DEBUG - [_process_strategies] [N/A] ⏱ Skipping VWAP_diff_signal_1700_volume, not yet time (every 5m)
2025-05-07 18:33:00 - DEBUG - [_process_strategies] [N/A] ⏱ Skipping VWAP_diff_signal_1700, not yet time (every 5m)
2025-05-07 18:33:00 - DEBUG - [_process_strategies] [N/A] ⏱ Skipping EMA_Cross_ema50, not yet time (every 5m)
2025-05-07 18:33:00 - DEBUG - [_process_strategies] [N/A] ⏱ Skipping SMA_Cross_sma50, not yet time (every 5m)
2025-05-07 18:33:00 - DEBUG - [_process_strategies] [N/A] ⏱ Skipping SMA_Cross_candle, not yet time (every 5m)
2025-05-07 18:33:00 - DEBUG - [_process_strategies] [N/A] ⏱ Skipping EMA_Cross_candle, not yet time (every 5m)
2025-05-07 18:33:00 - INFO - [_update_active_orders_and_telegram] [N/A] 📊 Updating SL/TP for active orders
2025-05-07 18:33:01 - INFO - [_wait_until_next_iteration] [N/A] ⏳ Sleeping for 58.93 seconds before the next cycle
2025-05-07 18:34:00 - DEBUG - [_process_strategies] [N/A] ⏱ Skipping VWAP_diff_signal_rsi_1700, not yet time (every 5m)
2025-05-07 18:34:00 - DEBUG - [_process_strategies] [N/A] ⏱ Skipping VWAP_diff_signal_1700_volume, not yet time (every 5m)
2025-05-07 18:34:00 - DEBUG - [_process_strategies] [N/A] ⏱ Skipping VWAP_diff_signal_1700, not yet time (every 5m)
2025-05-07 18:34:00 - DEBUG - [_process_strategies] [N/A] ⏱ Skipping EMA_Cross_ema50, not yet time (every 5m)
2025-05-07 18:34:00 - DEBUG - [_process_strategies] [N/A] ⏱ Skipping SMA_Cross_sma50, not yet time (every 5m)
2025-05-07 18:34:00 - DEBUG - [_process_strategies] [N/A] ⏱ Skipping SMA_Cross_candle, not yet time (every 5m)
2025-05-07 18:34:00 - DEBUG - [_process_strategies] [N/A] ⏱ Skipping EMA_Cross_candle, not yet time (every 5m)
2025-05-07 18:34:00 - INFO - [_update_active_orders_and_telegram] [N/A] 📊 Updating SL/TP for active orders
2025-05-07 18:34:01 - INFO - [_wait_until_next_iteration] [N/A] ⏳ Sleeping for 58.93 seconds before the next cycle
2025-05-07 18:35:00 - INFO - [_run_strategy_if_applicable] [N/A] 🔄 Starting trading loop for strategy: VWAP_diff_signal_rsi_1700
2025-05-07 18:35:00 - INFO - [get_stock_data] [IVZ] Requesting data for IVZ
2025-05-07 18:35:00 - INFO - [get_stock_data] [IVZ] Data received for IVZ: 103 rows
2025-05-07 18:35:00 - INFO - [check_vwap_diff_signal_with_rsi] [IVZ] Analyzing VWAP reversal signal for IVZ
2025-05-07 18:35:00 - INFO - [check_vwap_diff_signal_with_rsi] [IVZ] Close: 14.43 | Low: 14.43 | High: 14.46 | VWAP: 14.392299530136123 | RSI: 60.90
2025-05-07 18:35:00 - DEBUG - [check_vwap_diff_signal_with_rsi] [IVZ] [IVZ] Last Candela: VWAP-Low=-0.26%, High-VWAP=0.47%
2025-05-07 18:35:00 - DEBUG - [check_vwap_diff_signal_with_rsi] [IVZ] No VWAP+RSI signal detected
2025-05-07 18:35:00 - INFO - [_process_ticker] [IVZ] ℹ️ No valid signal for IVZ
2025-05-07 18:35:00 - INFO - [get_stock_data] [FCX] Requesting data for FCX
2025-05-07 18:35:01 - INFO - [get_stock_data] [FCX] Data received for FCX: 103 rows
2025-05-07 18:35:01 - INFO - [check_vwap_diff_signal_with_rsi] [FCX] Analyzing VWAP reversal signal for FCX
2025-05-07 18:35:01 - INFO - [check_vwap_diff_signal_with_rsi] [FCX] Close: 37.23 | Low: 37.07 | High: 37.24 | VWAP: 37.192727224781194 | RSI: 48.48
2025-05-07 18:35:01 - DEBUG - [check_vwap_diff_signal_with_rsi] [FCX] [FCX] Last Candela: VWAP-Low=0.33%, High-VWAP=0.13%
2025-05-07 18:35:01 - DEBUG - [check_vwap_diff_signal_with_rsi] [FCX] No VWAP+RSI signal detected
2025-05-07 18:35:01 - INFO - [_process_ticker] [FCX] ℹ️ No valid signal for FCX
2025-05-07 18:35:01 - INFO - [get_stock_data] [HST] Requesting data for HST
2025-05-07 18:35:01 - INFO - [get_stock_data] [HST] Data received for HST: 103 rows
2025-05-07 18:35:01 - INFO - [check_vwap_diff_signal_with_rsi] [HST] Analyzing VWAP reversal signal for HST
2025-05-07 18:35:01 - INFO - [check_vwap_diff_signal_with_rsi] [HST] Close: 14.64 | Low: 14.62 | High: 14.65 | VWAP: 14.554651830077427 | RSI: 63.30
2025-05-07 18:35:01 - DEBUG - [check_vwap_diff_signal_with_rsi] [HST] [HST] Last Candela: VWAP-Low=-0.45%, High-VWAP=0.66%
2025-05-07 18:35:01 - DEBUG - [check_vwap_diff_signal_with_rsi] [HST] No VWAP+RSI signal detected
2025-05-07 18:35:01 - INFO - [_process_ticker] [HST] ℹ️ No valid signal for HST
2025-05-07 18:35:01 - INFO - [get_stock_data] [IVZ] Requesting data for IVZ
2025-05-07 18:35:02 - INFO - [get_stock_data] [IVZ] Data received for IVZ: 103 rows
2025-05-07 18:35:02 - INFO - [check_vwap_diff_signal_with_rsi] [IVZ] Analyzing VWAP reversal signal for IVZ
2025-05-07 18:35:02 - INFO - [check_vwap_diff_signal_with_rsi] [IVZ] Close: 14.43 | Low: 14.43 | High: 14.46 | VWAP: 14.392299530136123 | RSI: 60.90
2025-05-07 18:35:02 - DEBUG - [check_vwap_diff_signal_with_rsi] [IVZ] [IVZ] Last Candela: VWAP-Low=-0.26%, High-VWAP=0.47%
2025-05-07 18:35:02 - DEBUG - [check_vwap_diff_signal_with_rsi] [IVZ] No VWAP+RSI signal detected
2025-05-07 18:35:02 - INFO - [_process_ticker] [IVZ] ℹ️ No valid signal for IVZ
2025-05-07 18:35:02 - INFO - [get_stock_data] [NEM] Requesting data for NEM
2025-05-07 18:35:03 - INFO - [get_stock_data] [NEM] Data received for NEM: 103 rows
2025-05-07 18:35:03 - INFO - [check_vwap_diff_signal_with_rsi] [NEM] Analyzing VWAP reversal signal for NEM
2025-05-07 18:35:03 - INFO - [check_vwap_diff_signal_with_rsi] [NEM] Close: 54.01 | Low: 53.95 | High: 54.03 | VWAP: 53.972980945327045 | RSI: 50.22
2025-05-07 18:35:03 - DEBUG - [check_vwap_diff_signal_with_rsi] [NEM] [NEM] Last Candela: VWAP-Low=0.04%, High-VWAP=0.11%
2025-05-07 18:35:03 - DEBUG - [check_vwap_diff_signal_with_rsi] [NEM] No VWAP+RSI signal detected
2025-05-07 18:35:03 - INFO - [_process_ticker] [NEM] ℹ️ No valid signal for NEM
2025-05-07 18:35:03 - INFO - [get_stock_data] [LUV] Requesting data for LUV
2025-05-07 18:35:03 - INFO - [get_stock_data] [LUV] Data received for LUV: 103 rows
2025-05-07 18:35:03 - INFO - [check_vwap_diff_signal_with_rsi] [LUV] Analyzing VWAP reversal signal for LUV
2025-05-07 18:35:03 - INFO - [check_vwap_diff_signal_with_rsi] [LUV] Close: 30.36 | Low: 30.33 | High: 30.39 | VWAP: 30.17373827791319 | RSI: 60.85
2025-05-07 18:35:03 - DEBUG - [check_vwap_diff_signal_with_rsi] [LUV] [LUV] Last Candela: VWAP-Low=-0.52%, High-VWAP=0.72%
2025-05-07 18:35:03 - DEBUG - [check_vwap_diff_signal_with_rsi] [LUV] No VWAP+RSI signal detected
2025-05-07 18:35:03 - INFO - [_process_ticker] [LUV] ℹ️ No valid signal for LUV
2025-05-07 18:35:03 - INFO - [_run_strategy_if_applicable] [N/A] 🔄 Starting trading loop for strategy: VWAP_diff_signal_1700_volume
2025-05-07 18:35:03 - DEBUG - [_process_ticker] [GEN] 🚫 Trade not allowed for GEN (limit reached)
2025-05-07 18:35:03 - INFO - [get_stock_data] [HPQ] Requesting data for HPQ
2025-05-07 18:35:04 - INFO - [get_stock_data] [HPQ] Data received for HPQ: 103 rows
2025-05-07 18:35:04 - INFO - [check_vwap_diff_signal_with_volume] [HPQ] Analyzing VWAP reversal signal for HPQ
2025-05-07 18:35:04 - INFO - [check_vwap_diff_signal_with_volume] [HPQ] Close: 25.67 | Low: 25.63 | High: 25.68 | VWAP: 25.688470818275285 | Volume Ratio: 0.87
2025-05-07 18:35:04 - DEBUG - [check_vwap_diff_signal_with_volume] [HPQ] [HPQ] Last Candle: VWAP-Low=0.23%, High-VWAP=-0.03%
2025-05-07 18:35:04 - DEBUG - [check_vwap_diff_signal_with_volume] [HPQ] No VWAP+VolumeRatio signal detected
2025-05-07 18:35:04 - INFO - [_process_ticker] [HPQ] ℹ️ No valid signal for HPQ
2025-05-07 18:35:04 - INFO - [get_stock_data] [INTC] Requesting data for INTC
2025-05-07 18:35:05 - INFO - [get_stock_data] [INTC] Data received for INTC: 103 rows
2025-05-07 18:35:05 - INFO - [check_vwap_diff_signal_with_volume] [INTC] Analyzing VWAP reversal signal for INTC
2025-05-07 18:35:05 - INFO - [check_vwap_diff_signal_with_volume] [INTC] Close: 20.0 | Low: 20.0 | High: 20.03 | VWAP: 20.00113697047775 | Volume Ratio: 0.65
2025-05-07 18:35:05 - DEBUG - [check_vwap_diff_signal_with_volume] [INTC] [INTC] Last Candle: VWAP-Low=0.01%, High-VWAP=0.14%
2025-05-07 18:35:05 - DEBUG - [check_vwap_diff_signal_with_volume] [INTC] No VWAP+VolumeRatio signal detected
2025-05-07 18:35:05 - INFO - [_process_ticker] [INTC] ℹ️ No valid signal for INTC
2025-05-07 18:35:05 - INFO - [get_stock_data] [RF] Requesting data for RF
2025-05-07 18:35:05 - INFO - [get_stock_data] [RF] Data received for RF: 103 rows
2025-05-07 18:35:05 - INFO - [check_vwap_diff_signal_with_volume] [RF] Analyzing VWAP reversal signal for RF
2025-05-07 18:35:05 - INFO - [check_vwap_diff_signal_with_volume] [RF] Close: 20.97 | Low: 20.96 | High: 20.99 | VWAP: 20.941674770723903 | Volume Ratio: 0.67
2025-05-07 18:35:05 - DEBUG - [check_vwap_diff_signal_with_volume] [RF] [RF] Last Candle: VWAP-Low=-0.09%, High-VWAP=0.23%
2025-05-07 18:35:05 - DEBUG - [check_vwap_diff_signal_with_volume] [RF] No VWAP+VolumeRatio signal detected
2025-05-07 18:35:05 - INFO - [_process_ticker] [RF] ℹ️ No valid signal for RF
2025-05-07 18:35:05 - INFO - [_run_strategy_if_applicable] [N/A] 🔄 Starting trading loop for strategy: VWAP_diff_signal_1700
2025-05-07 18:35:05 - INFO - [get_stock_data] [CZR] Requesting data for CZR
2025-05-07 18:35:06 - INFO - [get_stock_data] [CZR] Data received for CZR: 104 rows
2025-05-07 18:35:06 - INFO - [check_vwap_diff_signal] [CZR] Analyzing VWAP reversal signal for CZR
2025-05-07 18:35:06 - INFO - [check_vwap_diff_signal] [CZR] Close: 27.07 | Low: 27.07 | High: 27.07 | VWAP: 26.96789795114054
2025-05-07 18:35:06 - DEBUG - [check_vwap_diff_signal] [CZR] [CZR] Last Candela: VWAP-Low=-0.38%, High-VWAP=0.38%
2025-05-07 18:35:06 - DEBUG - [check_vwap_diff_signal] [CZR] No VWAP signal detected
2025-05-07 18:35:06 - INFO - [_process_ticker] [CZR] ℹ️ No valid signal for CZR
2025-05-07 18:35:06 - INFO - [get_stock_data] [MTCH] Requesting data for MTCH
2025-05-07 18:35:06 - INFO - [get_stock_data] [MTCH] Data received for MTCH: 104 rows
2025-05-07 18:35:06 - INFO - [check_vwap_diff_signal] [MTCH] Analyzing VWAP reversal signal for MTCH
2025-05-07 18:35:06 - INFO - [check_vwap_diff_signal] [MTCH] Close: 30.13 | Low: 30.13 | High: 30.13 | VWAP: 30.304372146688035
2025-05-07 18:35:06 - DEBUG - [check_vwap_diff_signal] [MTCH] [MTCH] Last Candela: VWAP-Low=0.58%, High-VWAP=-0.58%
2025-05-07 18:35:06 - DEBUG - [check_vwap_diff_signal] [MTCH] No VWAP signal detected
2025-05-07 18:35:06 - INFO - [_process_ticker] [MTCH] ℹ️ No valid signal for MTCH
2025-05-07 18:35:06 - INFO - [get_stock_data] [NCHL] Requesting data for NCHL
2025-05-07 18:35:07 - ERROR - [get_stock_data] [NCHL] Error retrieving data: 'NoneType' object has no attribute 'empty'
2025-05-07 18:35:07 - INFO - [get_stock_data] [HBAN] Requesting data for HBAN
2025-05-07 18:35:07 - INFO - [get_stock_data] [HBAN] Data received for HBAN: 104 rows
2025-05-07 18:35:07 - INFO - [check_vwap_diff_signal] [HBAN] Analyzing VWAP reversal signal for HBAN
2025-05-07 18:35:07 - INFO - [check_vwap_diff_signal] [HBAN] Close: 15.05 | Low: 15.05 | High: 15.05 | VWAP: 15.021397292810466
2025-05-07 18:35:07 - DEBUG - [check_vwap_diff_signal] [HBAN] [HBAN] Last Candela: VWAP-Low=-0.19%, High-VWAP=0.19%
2025-05-07 18:35:07 - DEBUG - [check_vwap_diff_signal] [HBAN] No VWAP signal detected
2025-05-07 18:35:07 - INFO - [_process_ticker] [HBAN] ℹ️ No valid signal for HBAN
2025-05-07 18:35:07 - DEBUG - [_process_ticker] [MRNA] 🚫 Trade not allowed for MRNA (limit reached)
2025-05-07 18:35:07 - INFO - [get_stock_data] [WBD] Requesting data for WBD
2025-05-07 18:35:08 - INFO - [get_stock_data] [WBD] Data received for WBD: 104 rows
2025-05-07 18:35:08 - INFO - [check_vwap_diff_signal] [WBD] Analyzing VWAP reversal signal for WBD
2025-05-07 18:35:08 - INFO - [check_vwap_diff_signal] [WBD] Close: 8.53 | Low: 8.52 | High: 8.53 | VWAP: 8.565514974242094
2025-05-07 18:35:08 - DEBUG - [check_vwap_diff_signal] [WBD] [WBD] Last Candela: VWAP-Low=0.53%, High-VWAP=-0.41%
2025-05-07 18:35:08 - DEBUG - [check_vwap_diff_signal] [WBD] No VWAP signal detected
2025-05-07 18:35:08 - INFO - [_process_ticker] [WBD] ℹ️ No valid signal for WBD
2025-05-07 18:35:08 - INFO - [get_stock_data] [CMCSA] Requesting data for CMCSA
2025-05-07 18:35:09 - INFO - [get_stock_data] [CMCSA] Data received for CMCSA: 104 rows
2025-05-07 18:35:09 - INFO - [check_vwap_diff_signal] [CMCSA] Analyzing VWAP reversal signal for CMCSA
2025-05-07 18:35:09 - INFO - [check_vwap_diff_signal] [CMCSA] Close: 34.53 | Low: 34.53 | High: 34.53 | VWAP: 34.6288361889616
2025-05-07 18:35:09 - DEBUG - [check_vwap_diff_signal] [CMCSA] [CMCSA] Last Candela: VWAP-Low=0.29%, High-VWAP=-0.29%
2025-05-07 18:35:09 - DEBUG - [check_vwap_diff_signal] [CMCSA] No VWAP signal detected
2025-05-07 18:35:09 - INFO - [_process_ticker] [CMCSA] ℹ️ No valid signal for CMCSA
2025-05-07 18:35:09 - INFO - [_run_strategy_if_applicable] [N/A] ⏰ Strategy 'EMA_Cross_ema50' not executed because it's outside the time window: 16:35:00 - 16:50:00
2025-05-07 18:35:09 - INFO - [_run_strategy_if_applicable] [N/A] ⏰ Strategy 'SMA_Cross_sma50' not executed because it's outside the time window: 16:35:00 - 16:50:00
2025-05-07 18:35:09 - INFO - [_run_strategy_if_applicable] [N/A] ⏰ Strategy 'SMA_Cross_candle' not executed because it's outside the time window: 16:35:00 - 16:50:00
2025-05-07 18:35:09 - INFO - [_run_strategy_if_applicable] [N/A] ⏰ Strategy 'EMA_Cross_candle' not executed because it's outside the time window: 16:35:00 - 16:50:00
2025-05-07 18:35:09 - INFO - [_update_active_orders_and_telegram] [N/A] 📊 Updating SL/TP for active orders
2025-05-07 18:35:10 - INFO - [_wait_until_next_iteration] [N/A] ⏳ Sleeping for 49.64 seconds before the next cycle
2025-05-07 18:36:00 - DEBUG - [_process_strategies] [N/A] ⏱ Skipping VWAP_diff_signal_rsi_1700, not yet time (every 5m)
2025-05-07 18:36:00 - DEBUG - [_process_strategies] [N/A] ⏱ Skipping VWAP_diff_signal_1700_volume, not yet time (every 5m)
2025-05-07 18:36:00 - DEBUG - [_process_strategies] [N/A] ⏱ Skipping VWAP_diff_signal_1700, not yet time (every 5m)
2025-05-07 18:36:00 - DEBUG - [_process_strategies] [N/A] ⏱ Skipping EMA_Cross_ema50, not yet time (every 5m)
2025-05-07 18:36:00 - DEBUG - [_process_strategies] [N/A] ⏱ Skipping SMA_Cross_sma50, not yet time (every 5m)
2025-05-07 18:36:00 - DEBUG - [_process_strategies] [N/A] ⏱ Skipping SMA_Cross_candle, not yet time (every 5m)
2025-05-07 18:36:00 - DEBUG - [_process_strategies] [N/A] ⏱ Skipping EMA_Cross_candle, not yet time (every 5m)
2025-05-07 18:36:00 - INFO - [_update_active_orders_and_telegram] [N/A] 📊 Updating SL/TP for active orders
2025-05-07 18:36:01 - INFO - [_wait_until_next_iteration] [N/A] ⏳ Sleeping for 58.94 seconds before the next cycle
2025-05-07 18:37:00 - DEBUG - [_process_strategies] [N/A] ⏱ Skipping VWAP_diff_signal_rsi_1700, not yet time (every 5m)
2025-05-07 18:37:00 - DEBUG - [_process_strategies] [N/A] ⏱ Skipping VWAP_diff_signal_1700_volume, not yet time (every 5m)
2025-05-07 18:37:00 - DEBUG - [_process_strategies] [N/A] ⏱ Skipping VWAP_diff_signal_1700, not yet time (every 5m)
2025-05-07 18:37:00 - DEBUG - [_process_strategies] [N/A] ⏱ Skipping EMA_Cross_ema50, not yet time (every 5m)
2025-05-07 18:37:00 - DEBUG - [_process_strategies] [N/A] ⏱ Skipping SMA_Cross_sma50, not yet time (every 5m)
2025-05-07 18:37:00 - DEBUG - [_process_strategies] [N/A] ⏱ Skipping SMA_Cross_candle, not yet time (every 5m)
2025-05-07 18:37:00 - DEBUG - [_process_strategies] [N/A] ⏱ Skipping EMA_Cross_candle, not yet time (every 5m)
2025-05-07 18:37:00 - INFO - [_update_active_orders_and_telegram] [N/A] 📊 Updating SL/TP for active orders
2025-05-07 18:37:01 - INFO - [_wait_until_next_iteration] [N/A] ⏳ Sleeping for 58.93 seconds before the next cycle
2025-05-07 18:38:00 - DEBUG - [_process_strategies] [N/A] ⏱ Skipping VWAP_diff_signal_rsi_1700, not yet time (every 5m)
2025-05-07 18:38:00 - DEBUG - [_process_strategies] [N/A] ⏱ Skipping VWAP_diff_signal_1700_volume, not yet time (every 5m)
2025-05-07 18:38:00 - DEBUG - [_process_strategies] [N/A] ⏱ Skipping VWAP_diff_signal_1700, not yet time (every 5m)
2025-05-07 18:38:00 - DEBUG - [_process_strategies] [N/A] ⏱ Skipping EMA_Cross_ema50, not yet time (every 5m)
2025-05-07 18:38:00 - DEBUG - [_process_strategies] [N/A] ⏱ Skipping SMA_Cross_sma50, not yet time (every 5m)
2025-05-07 18:38:00 - DEBUG - [_process_strategies] [N/A] ⏱ Skipping SMA_Cross_candle, not yet time (every 5m)
2025-05-07 18:38:00 - DEBUG - [_process_strategies] [N/A] ⏱ Skipping EMA_Cross_candle, not yet time (every 5m)
2025-05-07 18:38:00 - INFO - [_update_active_orders_and_telegram] [N/A] 📊 Updating SL/TP for active orders
2025-05-07 18:38:01 - INFO - [_wait_until_next_iteration] [N/A] ⏳ Sleeping for 58.92 seconds before the next cycle
2025-05-07 18:39:00 - DEBUG - [_process_strategies] [N/A] ⏱ Skipping VWAP_diff_signal_rsi_1700, not yet time (every 5m)
2025-05-07 18:39:00 - DEBUG - [_process_strategies] [N/A] ⏱ Skipping VWAP_diff_signal_1700_volume, not yet time (every 5m)
2025-05-07 18:39:00 - DEBUG - [_process_strategies] [N/A] ⏱ Skipping VWAP_diff_signal_1700, not yet time (every 5m)
2025-05-07 18:39:00 - DEBUG - [_process_strategies] [N/A] ⏱ Skipping EMA_Cross_ema50, not yet time (every 5m)
2025-05-07 18:39:00 - DEBUG - [_process_strategies] [N/A] ⏱ Skipping SMA_Cross_sma50, not yet time (every 5m)
2025-05-07 18:39:00 - DEBUG - [_process_strategies] [N/A] ⏱ Skipping SMA_Cross_candle, not yet time (every 5m)
2025-05-07 18:39:00 - DEBUG - [_process_strategies] [N/A] ⏱ Skipping EMA_Cross_candle, not yet time (every 5m)
2025-05-07 18:39:00 - INFO - [_update_active_orders_and_telegram] [N/A] 📊 Updating SL/TP for active orders
2025-05-07 18:39:01 - INFO - [_wait_until_next_iteration] [N/A] ⏳ Sleeping for 58.93 seconds before the next cycle
2025-05-07 18:40:00 - INFO - [_run_strategy_if_applicable] [N/A] 🔄 Starting trading loop for strategy: VWAP_diff_signal_rsi_1700
2025-05-07 18:40:00 - INFO - [get_stock_data] [IVZ] Requesting data for IVZ
2025-05-07 18:40:00 - INFO - [get_stock_data] [IVZ] Data received for IVZ: 104 rows
2025-05-07 18:40:00 - INFO - [check_vwap_diff_signal_with_rsi] [IVZ] Analyzing VWAP reversal signal for IVZ
2025-05-07 18:40:00 - INFO - [check_vwap_diff_signal_with_rsi] [IVZ] Close: 14.44 | Low: 14.42 | High: 14.45 | VWAP: 14.393308590982407 | RSI: 62.18
2025-05-07 18:40:00 - DEBUG - [check_vwap_diff_signal_with_rsi] [IVZ] [IVZ] Last Candela: VWAP-Low=-0.19%, High-VWAP=0.39%
2025-05-07 18:40:00 - DEBUG - [check_vwap_diff_signal_with_rsi] [IVZ] No VWAP+RSI signal detected
2025-05-07 18:40:00 - INFO - [_process_ticker] [IVZ] ℹ️ No valid signal for IVZ
2025-05-07 18:40:00 - INFO - [get_stock_data] [FCX] Requesting data for FCX
2025-05-07 18:40:01 - INFO - [get_stock_data] [FCX] Data received for FCX: 104 rows
2025-05-07 18:40:01 - INFO - [check_vwap_diff_signal_with_rsi] [FCX] Analyzing VWAP reversal signal for FCX
2025-05-07 18:40:01 - INFO - [check_vwap_diff_signal_with_rsi] [FCX] Close: 37.22 | Low: 37.16 | High: 37.26 | VWAP: 37.19324889465655 | RSI: 47.89
2025-05-07 18:40:01 - DEBUG - [check_vwap_diff_signal_with_rsi] [FCX] [FCX] Last Candela: VWAP-Low=0.09%, High-VWAP=0.18%
2025-05-07 18:40:01 - DEBUG - [check_vwap_diff_signal_with_rsi] [FCX] No VWAP+RSI signal detected
2025-05-07 18:40:01 - INFO - [_process_ticker] [FCX] ℹ️ No valid signal for FCX
2025-05-07 18:40:01 - INFO - [get_stock_data] [HST] Requesting data for HST
2025-05-07 18:40:02 - INFO - [get_stock_data] [HST] Data received for HST: 104 rows
2025-05-07 18:40:02 - INFO - [check_vwap_diff_signal_with_rsi] [HST] Analyzing VWAP reversal signal for HST
2025-05-07 18:40:02 - INFO - [check_vwap_diff_signal_with_rsi] [HST] Close: 14.65 | Low: 14.63 | High: 14.66 | VWAP: 14.556031618297656 | RSI: 64.72
2025-05-07 18:40:02 - DEBUG - [check_vwap_diff_signal_with_rsi] [HST] [HST] Last Candela: VWAP-Low=-0.51%, High-VWAP=0.71%
2025-05-07 18:40:02 - DEBUG - [check_vwap_diff_signal_with_rsi] [HST] No VWAP+RSI signal detected
2025-05-07 18:40:02 - INFO - [_process_ticker] [HST] ℹ️ No valid signal for HST
2025-05-07 18:40:02 - INFO - [get_stock_data] [IVZ] Requesting data for IVZ
2025-05-07 18:40:02 - INFO - [get_stock_data] [IVZ] Data received for IVZ: 104 rows
2025-05-07 18:40:02 - INFO - [check_vwap_diff_signal_with_rsi] [IVZ] Analyzing VWAP reversal signal for IVZ
2025-05-07 18:40:02 - INFO - [check_vwap_diff_signal_with_rsi] [IVZ] Close: 14.44 | Low: 14.42 | High: 14.45 | VWAP: 14.393308590982407 | RSI: 62.18
2025-05-07 18:40:02 - DEBUG - [check_vwap_diff_signal_with_rsi] [IVZ] [IVZ] Last Candela: VWAP-Low=-0.19%, High-VWAP=0.39%
2025-05-07 18:40:02 - DEBUG - [check_vwap_diff_signal_with_rsi] [IVZ] No VWAP+RSI signal detected
2025-05-07 18:40:02 - INFO - [_process_ticker] [IVZ] ℹ️ No valid signal for IVZ
2025-05-07 18:40:02 - INFO - [get_stock_data] [NEM] Requesting data for NEM
2025-05-07 18:40:03 - INFO - [get_stock_data] [NEM] Data received for NEM: 104 rows
2025-05-07 18:40:03 - INFO - [check_vwap_diff_signal_with_rsi] [NEM] Analyzing VWAP reversal signal for NEM
2025-05-07 18:40:03 - INFO - [check_vwap_diff_signal_with_rsi] [NEM] Close: 54.0 | Low: 53.96 | High: 54.04 | VWAP: 53.973180916269385 | RSI: 49.79
2025-05-07 18:40:03 - DEBUG - [check_vwap_diff_signal_with_rsi] [NEM] [NEM] Last Candela: VWAP-Low=0.02%, High-VWAP=0.12%
2025-05-07 18:40:03 - DEBUG - [check_vwap_diff_signal_with_rsi] [NEM] No VWAP+RSI signal detected
2025-05-07 18:40:03 - INFO - [_process_ticker] [NEM] ℹ️ No valid signal for NEM
2025-05-07 18:40:03 - INFO - [get_stock_data] [LUV] Requesting data for LUV
2025-05-07 18:40:03 - INFO - [get_stock_data] [LUV] Data received for LUV: 104 rows
2025-05-07 18:40:03 - INFO - [check_vwap_diff_signal_with_rsi] [LUV] Analyzing VWAP reversal signal for LUV
2025-05-07 18:40:03 - INFO - [check_vwap_diff_signal_with_rsi] [LUV] Close: 30.42 | Low: 30.34 | High: 30.44 | VWAP: 30.17887961952644 | RSI: 64.16
2025-05-07 18:40:03 - DEBUG - [check_vwap_diff_signal_with_rsi] [LUV] [LUV] Last Candela: VWAP-Low=-0.53%, High-VWAP=0.87%
2025-05-07 18:40:03 - DEBUG - [check_vwap_diff_signal_with_rsi] [LUV] No VWAP+RSI signal detected
2025-05-07 18:40:03 - INFO - [_process_ticker] [LUV] ℹ️ No valid signal for LUV
2025-05-07 18:40:03 - INFO - [_run_strategy_if_applicable] [N/A] 🔄 Starting trading loop for strategy: VWAP_diff_signal_1700_volume
2025-05-07 18:40:03 - DEBUG - [_process_ticker] [GEN] 🚫 Trade not allowed for GEN (limit reached)
2025-05-07 18:40:03 - INFO - [get_stock_data] [HPQ] Requesting data for HPQ
2025-05-07 18:40:04 - INFO - [get_stock_data] [HPQ] Data received for HPQ: 104 rows
2025-05-07 18:40:04 - INFO - [check_vwap_diff_signal_with_volume] [HPQ] Analyzing VWAP reversal signal for HPQ
2025-05-07 18:40:04 - INFO - [check_vwap_diff_signal_with_volume] [HPQ] Close: 25.68 | Low: 25.66 | High: 25.68 | VWAP: 25.688162001777194 | Volume Ratio: 1.10
2025-05-07 18:40:04 - DEBUG - [check_vwap_diff_signal_with_volume] [HPQ] [HPQ] Last Candle: VWAP-Low=0.11%, High-VWAP=-0.03%
2025-05-07 18:40:04 - DEBUG - [check_vwap_diff_signal_with_volume] [HPQ] No VWAP+VolumeRatio signal detected
2025-05-07 18:40:04 - INFO - [_process_ticker] [HPQ] ℹ️ No valid signal for HPQ
2025-05-07 18:40:04 - INFO - [get_stock_data] [INTC] Requesting data for INTC
2025-05-07 18:40:05 - INFO - [get_stock_data] [INTC] Data received for INTC: 104 rows
2025-05-07 18:40:05 - INFO - [check_vwap_diff_signal_with_volume] [INTC] Analyzing VWAP reversal signal for INTC
2025-05-07 18:40:05 - INFO - [check_vwap_diff_signal_with_volume] [INTC] Close: 20.02 | Low: 19.98 | High: 20.02 | VWAP: 20.00147522336426 | Volume Ratio: 0.68
2025-05-07 18:40:05 - DEBUG - [check_vwap_diff_signal_with_volume] [INTC] [INTC] Last Candle: VWAP-Low=0.11%, High-VWAP=0.09%
2025-05-07 18:40:05 - DEBUG - [check_vwap_diff_signal_with_volume] [INTC] No VWAP+VolumeRatio signal detected
2025-05-07 18:40:05 - INFO - [_process_ticker] [INTC] ℹ️ No valid signal for INTC
2025-05-07 18:40:05 - INFO - [get_stock_data] [RF] Requesting data for RF
2025-05-07 18:40:05 - INFO - [get_stock_data] [RF] Data received for RF: 104 rows
2025-05-07 18:40:05 - INFO - [check_vwap_diff_signal_with_volume] [RF] Analyzing VWAP reversal signal for RF
2025-05-07 18:40:05 - INFO - [check_vwap_diff_signal_with_volume] [RF] Close: 20.98 | Low: 20.97 | High: 21.0 | VWAP: 20.942217526727845 | Volume Ratio: 0.43
2025-05-07 18:40:05 - DEBUG - [check_vwap_diff_signal_with_volume] [RF] [RF] Last Candle: VWAP-Low=-0.13%, High-VWAP=0.28%
2025-05-07 18:40:05 - DEBUG - [check_vwap_diff_signal_with_volume] [RF] No VWAP+VolumeRatio signal detected
2025-05-07 18:40:05 - INFO - [_process_ticker] [RF] ℹ️ No valid signal for RF
2025-05-07 18:40:05 - INFO - [_run_strategy_if_applicable] [N/A] 🔄 Starting trading loop for strategy: VWAP_diff_signal_1700
2025-05-07 18:40:05 - INFO - [get_stock_data] [CZR] Requesting data for CZR
2025-05-07 18:40:06 - INFO - [get_stock_data] [CZR] Data received for CZR: 105 rows
2025-05-07 18:40:06 - INFO - [check_vwap_diff_signal] [CZR] Analyzing VWAP reversal signal for CZR
2025-05-07 18:40:06 - INFO - [check_vwap_diff_signal] [CZR] Close: 27.14 | Low: 27.14 | High: 27.14 | VWAP: 26.96962400587984
2025-05-07 18:40:06 - DEBUG - [check_vwap_diff_signal] [CZR] [CZR] Last Candela: VWAP-Low=-0.63%, High-VWAP=0.63%
2025-05-07 18:40:06 - DEBUG - [check_vwap_diff_signal] [CZR] No VWAP signal detected
2025-05-07 18:40:06 - INFO - [_process_ticker] [CZR] ℹ️ No valid signal for CZR
2025-05-07 18:40:06 - INFO - [get_stock_data] [MTCH] Requesting data for MTCH
2025-05-07 18:40:07 - INFO - [get_stock_data] [MTCH] Data received for MTCH: 105 rows
2025-05-07 18:40:07 - INFO - [check_vwap_diff_signal] [MTCH] Analyzing VWAP reversal signal for MTCH
2025-05-07 18:40:07 - INFO - [check_vwap_diff_signal] [MTCH] Close: 30.17 | Low: 30.17 | High: 30.17 | VWAP: 30.299155430568494
2025-05-07 18:40:07 - DEBUG - [check_vwap_diff_signal] [MTCH] [MTCH] Last Candela: VWAP-Low=0.43%, High-VWAP=-0.43%
2025-05-07 18:40:07 - DEBUG - [check_vwap_diff_signal] [MTCH] No VWAP signal detected
2025-05-07 18:40:07 - INFO - [_process_ticker] [MTCH] ℹ️ No valid signal for MTCH
2025-05-07 18:40:07 - INFO - [get_stock_data] [NCHL] Requesting data for NCHL
2025-05-07 18:40:07 - ERROR - [get_stock_data] [NCHL] Error retrieving data: 'NoneType' object has no attribute 'empty'
2025-05-07 18:40:07 - INFO - [get_stock_data] [HBAN] Requesting data for HBAN
2025-05-07 18:40:08 - INFO - [get_stock_data] [HBAN] Data received for HBAN: 105 rows
2025-05-07 18:40:08 - INFO - [check_vwap_diff_signal] [HBAN] Analyzing VWAP reversal signal for HBAN
2025-05-07 18:40:08 - INFO - [check_vwap_diff_signal] [HBAN] Close: 15.07 | Low: 15.07 | High: 15.07 | VWAP: 15.023969902213993
2025-05-07 18:40:08 - DEBUG - [check_vwap_diff_signal] [HBAN] [HBAN] Last Candela: VWAP-Low=-0.31%, High-VWAP=0.31%
2025-05-07 18:40:08 - DEBUG - [check_vwap_diff_signal] [HBAN] No VWAP signal detected
2025-05-07 18:40:08 - INFO - [_process_ticker] [HBAN] ℹ️ No valid signal for HBAN
2025-05-07 18:40:08 - DEBUG - [_process_ticker] [MRNA] 🚫 Trade not allowed for MRNA (limit reached)
2025-05-07 18:40:08 - INFO - [get_stock_data] [WBD] Requesting data for WBD
2025-05-07 18:40:08 - INFO - [get_stock_data] [WBD] Data received for WBD: 105 rows
2025-05-07 18:40:08 - INFO - [check_vwap_diff_signal] [WBD] Analyzing VWAP reversal signal for WBD
2025-05-07 18:40:08 - INFO - [check_vwap_diff_signal] [WBD] Close: 8.53 | Low: 8.53 | High: 8.53 | VWAP: 8.564507801246307
2025-05-07 18:40:08 - DEBUG - [check_vwap_diff_signal] [WBD] [WBD] Last Candela: VWAP-Low=0.40%, High-VWAP=-0.40%
2025-05-07 18:40:08 - DEBUG - [check_vwap_diff_signal] [WBD] No VWAP signal detected
2025-05-07 18:40:08 - INFO - [_process_ticker] [WBD] ℹ️ No valid signal for WBD
2025-05-07 18:40:08 - INFO - [get_stock_data] [CMCSA] Requesting data for CMCSA
2025-05-07 18:40:09 - INFO - [get_stock_data] [CMCSA] Data received for CMCSA: 105 rows
2025-05-07 18:40:09 - INFO - [check_vwap_diff_signal] [CMCSA] Analyzing VWAP reversal signal for CMCSA
2025-05-07 18:40:09 - INFO - [check_vwap_diff_signal] [CMCSA] Close: 34.5 | Low: 34.5 | High: 34.5 | VWAP: 34.62618120437029
2025-05-07 18:40:09 - DEBUG - [check_vwap_diff_signal] [CMCSA] [CMCSA] Last Candela: VWAP-Low=0.36%, High-VWAP=-0.36%
2025-05-07 18:40:09 - DEBUG - [check_vwap_diff_signal] [CMCSA] No VWAP signal detected
2025-05-07 18:40:09 - INFO - [_process_ticker] [CMCSA] ℹ️ No valid signal for CMCSA
2025-05-07 18:40:09 - INFO - [_run_strategy_if_applicable] [N/A] ⏰ Strategy 'EMA_Cross_ema50' not executed because it's outside the time window: 16:35:00 - 16:50:00
2025-05-07 18:40:09 - INFO - [_run_strategy_if_applicable] [N/A] ⏰ Strategy 'SMA_Cross_sma50' not executed because it's outside the time window: 16:35:00 - 16:50:00
2025-05-07 18:40:09 - INFO - [_run_strategy_if_applicable] [N/A] ⏰ Strategy 'SMA_Cross_candle' not executed because it's outside the time window: 16:35:00 - 16:50:00
2025-05-07 18:40:09 - INFO - [_run_strategy_if_applicable] [N/A] ⏰ Strategy 'EMA_Cross_candle' not executed because it's outside the time window: 16:35:00 - 16:50:00
2025-05-07 18:40:09 - INFO - [_update_active_orders_and_telegram] [N/A] 📊 Updating SL/TP for active orders
2025-05-07 18:40:10 - INFO - [_wait_until_next_iteration] [N/A] ⏳ Sleeping for 49.59 seconds before the next cycle
2025-05-07 18:41:00 - DEBUG - [_process_strategies] [N/A] ⏱ Skipping VWAP_diff_signal_rsi_1700, not yet time (every 5m)
2025-05-07 18:41:00 - DEBUG - [_process_strategies] [N/A] ⏱ Skipping VWAP_diff_signal_1700_volume, not yet time (every 5m)
2025-05-07 18:41:00 - DEBUG - [_process_strategies] [N/A] ⏱ Skipping VWAP_diff_signal_1700, not yet time (every 5m)
2025-05-07 18:41:00 - DEBUG - [_process_strategies] [N/A] ⏱ Skipping EMA_Cross_ema50, not yet time (every 5m)
2025-05-07 18:41:00 - DEBUG - [_process_strategies] [N/A] ⏱ Skipping SMA_Cross_sma50, not yet time (every 5m)
2025-05-07 18:41:00 - DEBUG - [_process_strategies] [N/A] ⏱ Skipping SMA_Cross_candle, not yet time (every 5m)
2025-05-07 18:41:00 - DEBUG - [_process_strategies] [N/A] ⏱ Skipping EMA_Cross_candle, not yet time (every 5m)
2025-05-07 18:41:00 - INFO - [_update_active_orders_and_telegram] [N/A] 📊 Updating SL/TP for active orders
2025-05-07 18:41:01 - INFO - [_wait_until_next_iteration] [N/A] ⏳ Sleeping for 58.94 seconds before the next cycle
2025-05-07 18:42:00 - DEBUG - [_process_strategies] [N/A] ⏱ Skipping VWAP_diff_signal_rsi_1700, not yet time (every 5m)
2025-05-07 18:42:00 - DEBUG - [_process_strategies] [N/A] ⏱ Skipping VWAP_diff_signal_1700_volume, not yet time (every 5m)
2025-05-07 18:42:00 - DEBUG - [_process_strategies] [N/A] ⏱ Skipping VWAP_diff_signal_1700, not yet time (every 5m)
2025-05-07 18:42:00 - DEBUG - [_process_strategies] [N/A] ⏱ Skipping EMA_Cross_ema50, not yet time (every 5m)
2025-05-07 18:42:00 - DEBUG - [_process_strategies] [N/A] ⏱ Skipping SMA_Cross_sma50, not yet time (every 5m)
2025-05-07 18:42:00 - DEBUG - [_process_strategies] [N/A] ⏱ Skipping SMA_Cross_candle, not yet time (every 5m)
2025-05-07 18:42:00 - DEBUG - [_process_strategies] [N/A] ⏱ Skipping EMA_Cross_candle, not yet time (every 5m)
2025-05-07 18:42:00 - INFO - [_update_active_orders_and_telegram] [N/A] 📊 Updating SL/TP for active orders
2025-05-07 18:42:01 - INFO - [_wait_until_next_iteration] [N/A] ⏳ Sleeping for 58.93 seconds before the next cycle
2025-05-07 18:43:00 - DEBUG - [_process_strategies] [N/A] ⏱ Skipping VWAP_diff_signal_rsi_1700, not yet time (every 5m)
2025-05-07 18:43:00 - DEBUG - [_process_strategies] [N/A] ⏱ Skipping VWAP_diff_signal_1700_volume, not yet time (every 5m)
2025-05-07 18:43:00 - DEBUG - [_process_strategies] [N/A] ⏱ Skipping VWAP_diff_signal_1700, not yet time (every 5m)
2025-05-07 18:43:00 - DEBUG - [_process_strategies] [N/A] ⏱ Skipping EMA_Cross_ema50, not yet time (every 5m)
2025-05-07 18:43:00 - DEBUG - [_process_strategies] [N/A] ⏱ Skipping SMA_Cross_sma50, not yet time (every 5m)
2025-05-07 18:43:00 - DEBUG - [_process_strategies] [N/A] ⏱ Skipping SMA_Cross_candle, not yet time (every 5m)
2025-05-07 18:43:00 - DEBUG - [_process_strategies] [N/A] ⏱ Skipping EMA_Cross_candle, not yet time (every 5m)
2025-05-07 18:43:00 - INFO - [_update_active_orders_and_telegram] [N/A] 📊 Updating SL/TP for active orders
2025-05-07 18:43:01 - INFO - [_wait_until_next_iteration] [N/A] ⏳ Sleeping for 58.94 seconds before the next cycle
2025-05-07 18:44:00 - DEBUG - [_process_strategies] [N/A] ⏱ Skipping VWAP_diff_signal_rsi_1700, not yet time (every 5m)
2025-05-07 18:44:00 - DEBUG - [_process_strategies] [N/A] ⏱ Skipping VWAP_diff_signal_1700_volume, not yet time (every 5m)
2025-05-07 18:44:00 - DEBUG - [_process_strategies] [N/A] ⏱ Skipping VWAP_diff_signal_1700, not yet time (every 5m)
2025-05-07 18:44:00 - DEBUG - [_process_strategies] [N/A] ⏱ Skipping EMA_Cross_ema50, not yet time (every 5m)
2025-05-07 18:44:00 - DEBUG - [_process_strategies] [N/A] ⏱ Skipping SMA_Cross_sma50, not yet time (every 5m)
2025-05-07 18:44:00 - DEBUG - [_process_strategies] [N/A] ⏱ Skipping SMA_Cross_candle, not yet time (every 5m)
2025-05-07 18:44:00 - DEBUG - [_process_strategies] [N/A] ⏱ Skipping EMA_Cross_candle, not yet time (every 5m)
2025-05-07 18:44:00 - INFO - [_update_active_orders_and_telegram] [N/A] 📊 Updating SL/TP for active orders
2025-05-07 18:44:01 - INFO - [_wait_until_next_iteration] [N/A] ⏳ Sleeping for 58.92 seconds before the next cycle
2025-05-07 18:45:00 - INFO - [_run_strategy_if_applicable] [N/A] 🔄 Starting trading loop for strategy: VWAP_diff_signal_rsi_1700
2025-05-07 18:45:00 - INFO - [get_stock_data] [IVZ] Requesting data for IVZ
2025-05-07 18:45:00 - INFO - [get_stock_data] [IVZ] Data received for IVZ: 105 rows
2025-05-07 18:45:00 - INFO - [check_vwap_diff_signal_with_rsi] [IVZ] Analyzing VWAP reversal signal for IVZ
2025-05-07 18:45:00 - INFO - [check_vwap_diff_signal_with_rsi] [IVZ] Close: 14.45 | Low: 14.44 | High: 14.46 | VWAP: 14.394620592973494 | RSI: 63.48
2025-05-07 18:45:00 - DEBUG - [check_vwap_diff_signal_with_rsi] [IVZ] [IVZ] Last Candela: VWAP-Low=-0.32%, High-VWAP=0.45%
2025-05-07 18:45:00 - DEBUG - [check_vwap_diff_signal_with_rsi] [IVZ] No VWAP+RSI signal detected
2025-05-07 18:45:00 - INFO - [_process_ticker] [IVZ] ℹ️ No valid signal for IVZ
2025-05-07 18:45:00 - INFO - [get_stock_data] [FCX] Requesting data for FCX
2025-05-07 18:45:01 - INFO - [get_stock_data] [FCX] Data received for FCX: 105 rows
2025-05-07 18:45:01 - INFO - [check_vwap_diff_signal_with_rsi] [FCX] Analyzing VWAP reversal signal for FCX
2025-05-07 18:45:01 - INFO - [check_vwap_diff_signal_with_rsi] [FCX] Close: 37.19 | Low: 37.15 | High: 37.27 | VWAP: 37.19318721520036 | RSI: 46.07
2025-05-07 18:45:01 - DEBUG - [check_vwap_diff_signal_with_rsi] [FCX] [FCX] Last Candela: VWAP-Low=0.12%, High-VWAP=0.21%
2025-05-07 18:45:01 - DEBUG - [check_vwap_diff_signal_with_rsi] [FCX] No VWAP+RSI signal detected
2025-05-07 18:45:01 - INFO - [_process_ticker] [FCX] ℹ️ No valid signal for FCX
2025-05-07 18:45:01 - INFO - [get_stock_data] [HST] Requesting data for HST
2025-05-07 18:45:02 - INFO - [get_stock_data] [HST] Data received for HST: 105 rows
2025-05-07 18:45:02 - INFO - [check_vwap_diff_signal_with_rsi] [HST] Analyzing VWAP reversal signal for HST
2025-05-07 18:45:02 - INFO - [check_vwap_diff_signal_with_rsi] [HST] Close: 14.66 | Low: 14.64 | High: 14.68 | VWAP: 14.557333317465938 | RSI: 66.13
2025-05-07 18:45:02 - DEBUG - [check_vwap_diff_signal_with_rsi] [HST] [HST] Last Candela: VWAP-Low=-0.57%, High-VWAP=0.84%
2025-05-07 18:45:02 - DEBUG - [check_vwap_diff_signal_with_rsi] [HST] No VWAP+RSI signal detected
2025-05-07 18:45:02 - INFO - [_process_ticker] [HST] ℹ️ No valid signal for HST
2025-05-07 18:45:02 - INFO - [get_stock_data] [IVZ] Requesting data for IVZ
2025-05-07 18:45:03 - INFO - [get_stock_data] [IVZ] Data received for IVZ: 105 rows
2025-05-07 18:45:03 - INFO - [check_vwap_diff_signal_with_rsi] [IVZ] Analyzing VWAP reversal signal for IVZ
2025-05-07 18:45:03 - INFO - [check_vwap_diff_signal_with_rsi] [IVZ] Close: 14.45 | Low: 14.44 | High: 14.46 | VWAP: 14.394620592973494 | RSI: 63.48
2025-05-07 18:45:03 - DEBUG - [check_vwap_diff_signal_with_rsi] [IVZ] [IVZ] Last Candela: VWAP-Low=-0.32%, High-VWAP=0.45%
2025-05-07 18:45:03 - DEBUG - [check_vwap_diff_signal_with_rsi] [IVZ] No VWAP+RSI signal detected
2025-05-07 18:45:03 - INFO - [_process_ticker] [IVZ] ℹ️ No valid signal for IVZ
2025-05-07 18:45:03 - INFO - [get_stock_data] [NEM] Requesting data for NEM
2025-05-07 18:45:04 - INFO - [get_stock_data] [NEM] Data received for NEM: 105 rows
2025-05-07 18:45:04 - INFO - [check_vwap_diff_signal_with_rsi] [NEM] Analyzing VWAP reversal signal for NEM
2025-05-07 18:45:04 - INFO - [check_vwap_diff_signal_with_rsi] [NEM] Close: 54.0 | Low: 53.97 | High: 54.07 | VWAP: 53.97356714327982 | RSI: 49.79
2025-05-07 18:45:04 - DEBUG - [check_vwap_diff_signal_with_rsi] [NEM] [NEM] Last Candela: VWAP-Low=0.01%, High-VWAP=0.18%
2025-05-07 18:45:04 - DEBUG - [check_vwap_diff_signal_with_rsi] [NEM] No VWAP+RSI signal detected
2025-05-07 18:45:04 - INFO - [_process_ticker] [NEM] ℹ️ No valid signal for NEM
2025-05-07 18:45:04 - INFO - [get_stock_data] [LUV] Requesting data for LUV
2025-05-07 18:45:05 - INFO - [get_stock_data] [LUV] Data received for LUV: 105 rows
2025-05-07 18:45:05 - INFO - [check_vwap_diff_signal_with_rsi] [LUV] Analyzing VWAP reversal signal for LUV
2025-05-07 18:45:05 - INFO - [check_vwap_diff_signal_with_rsi] [LUV] Close: 30.46 | Low: 30.41 | High: 30.48 | VWAP: 30.18418795452835 | RSI: 66.21
2025-05-07 18:45:05 - DEBUG - [check_vwap_diff_signal_with_rsi] [LUV] [LUV] Last Candela: VWAP-Low=-0.75%, High-VWAP=0.98%
2025-05-07 18:45:05 - DEBUG - [check_vwap_diff_signal_with_rsi] [LUV] No VWAP+RSI signal detected
2025-05-07 18:45:05 - INFO - [_process_ticker] [LUV] ℹ️ No valid signal for LUV
2025-05-07 18:45:05 - INFO - [_run_strategy_if_applicable] [N/A] 🔄 Starting trading loop for strategy: VWAP_diff_signal_1700_volume
2025-05-07 18:45:05 - DEBUG - [_process_ticker] [GEN] 🚫 Trade not allowed for GEN (limit reached)
2025-05-07 18:45:05 - INFO - [get_stock_data] [HPQ] Requesting data for HPQ
2025-05-07 18:45:06 - INFO - [get_stock_data] [HPQ] Data received for HPQ: 106 rows
2025-05-07 18:45:06 - INFO - [check_vwap_diff_signal_with_volume] [HPQ] Analyzing VWAP reversal signal for HPQ
2025-05-07 18:45:06 - INFO - [check_vwap_diff_signal_with_volume] [HPQ] Close: 25.7 | Low: 25.7 | High: 25.7 | VWAP: 25.688366775433515 | Volume Ratio: 0.00
2025-05-07 18:45:06 - DEBUG - [check_vwap_diff_signal_with_volume] [HPQ] [HPQ] Last Candle: VWAP-Low=-0.05%, High-VWAP=0.05%
2025-05-07 18:45:06 - DEBUG - [check_vwap_diff_signal_with_volume] [HPQ] No VWAP+VolumeRatio signal detected
2025-05-07 18:45:06 - INFO - [_process_ticker] [HPQ] ℹ️ No valid signal for HPQ
2025-05-07 18:45:06 - INFO - [get_stock_data] [INTC] Requesting data for INTC
2025-05-07 18:45:07 - INFO - [get_stock_data] [INTC] Data received for INTC: 106 rows
2025-05-07 18:45:07 - INFO - [check_vwap_diff_signal_with_volume] [INTC] Analyzing VWAP reversal signal for INTC
2025-05-07 18:45:07 - INFO - [check_vwap_diff_signal_with_volume] [INTC] Close: 20.01 | Low: 20.01 | High: 20.02 | VWAP: 20.001619072239826 | Volume Ratio: 0.01
2025-05-07 18:45:07 - DEBUG - [check_vwap_diff_signal_with_volume] [INTC] [INTC] Last Candle: VWAP-Low=-0.04%, High-VWAP=0.09%
2025-05-07 18:45:07 - DEBUG - [check_vwap_diff_signal_with_volume] [INTC] No VWAP+VolumeRatio signal detected
2025-05-07 18:45:07 - INFO - [_process_ticker] [INTC] ℹ️ No valid signal for INTC
2025-05-07 18:45:07 - INFO - [get_stock_data] [RF] Requesting data for RF
2025-05-07 18:45:07 - INFO - [get_stock_data] [RF] Data received for RF: 106 rows
2025-05-07 18:45:07 - INFO - [check_vwap_diff_signal_with_volume] [RF] Analyzing VWAP reversal signal for RF
2025-05-07 18:45:07 - INFO - [check_vwap_diff_signal_with_volume] [RF] Close: 20.98 | Low: 20.98 | High: 20.98 | VWAP: 20.943136012052836 | Volume Ratio: 0.00
2025-05-07 18:45:07 - DEBUG - [check_vwap_diff_signal_with_volume] [RF] [RF] Last Candle: VWAP-Low=-0.18%, High-VWAP=0.18%
2025-05-07 18:45:07 - DEBUG - [check_vwap_diff_signal_with_volume] [RF] No VWAP+VolumeRatio signal detected
2025-05-07 18:45:07 - INFO - [_process_ticker] [RF] ℹ️ No valid signal for RF
2025-05-07 18:45:07 - INFO - [_run_strategy_if_applicable] [N/A] 🔄 Starting trading loop for strategy: VWAP_diff_signal_1700
2025-05-07 18:45:07 - INFO - [get_stock_data] [CZR] Requesting data for CZR
2025-05-07 18:45:08 - INFO - [get_stock_data] [CZR] Data received for CZR: 106 rows
2025-05-07 18:45:08 - INFO - [check_vwap_diff_signal] [CZR] Analyzing VWAP reversal signal for CZR
2025-05-07 18:45:08 - INFO - [check_vwap_diff_signal] [CZR] Close: 27.16 | Low: 27.16 | High: 27.17 | VWAP: 26.972947948796524
2025-05-07 18:45:08 - DEBUG - [check_vwap_diff_signal] [CZR] [CZR] Last Candela: VWAP-Low=-0.69%, High-VWAP=0.73%
2025-05-07 18:45:08 - DEBUG - [check_vwap_diff_signal] [CZR] No VWAP signal detected
2025-05-07 18:45:08 - INFO - [_process_ticker] [CZR] ℹ️ No valid signal for CZR
2025-05-07 18:45:08 - INFO - [get_stock_data] [MTCH] Requesting data for MTCH
2025-05-07 18:45:08 - INFO - [get_stock_data] [MTCH] Data received for MTCH: 106 rows
2025-05-07 18:45:08 - INFO - [check_vwap_diff_signal] [MTCH] Analyzing VWAP reversal signal for MTCH
2025-05-07 18:45:08 - INFO - [check_vwap_diff_signal] [MTCH] Close: 30.27 | Low: 30.27 | High: 30.27 | VWAP: 30.298170121640617
2025-05-07 18:45:08 - DEBUG - [check_vwap_diff_signal] [MTCH] [MTCH] Last Candela: VWAP-Low=0.09%, High-VWAP=-0.09%
2025-05-07 18:45:08 - DEBUG - [check_vwap_diff_signal] [MTCH] No VWAP signal detected
2025-05-07 18:45:08 - INFO - [_process_ticker] [MTCH] ℹ️ No valid signal for MTCH
2025-05-07 18:45:08 - INFO - [get_stock_data] [NCHL] Requesting data for NCHL
2025-05-07 18:45:09 - ERROR - [get_stock_data] [NCHL] Error retrieving data: 'NoneType' object has no attribute 'empty'
2025-05-07 18:45:09 - INFO - [get_stock_data] [HBAN] Requesting data for HBAN
2025-05-07 18:45:09 - INFO - [get_stock_data] [HBAN] Data received for HBAN: 106 rows
2025-05-07 18:45:09 - INFO - [check_vwap_diff_signal] [HBAN] Analyzing VWAP reversal signal for HBAN
2025-05-07 18:45:09 - INFO - [check_vwap_diff_signal] [HBAN] Close: 15.08 | Low: 15.08 | High: 15.08 | VWAP: 15.025646947533659
2025-05-07 18:45:09 - DEBUG - [check_vwap_diff_signal] [HBAN] [HBAN] Last Candela: VWAP-Low=-0.36%, High-VWAP=0.36%
2025-05-07 18:45:09 - DEBUG - [check_vwap_diff_signal] [HBAN] No VWAP signal detected
2025-05-07 18:45:09 - INFO - [_process_ticker] [HBAN] ℹ️ No valid signal for HBAN
2025-05-07 18:45:09 - DEBUG - [_process_ticker] [MRNA] 🚫 Trade not allowed for MRNA (limit reached)
2025-05-07 18:45:09 - INFO - [get_stock_data] [WBD] Requesting data for WBD
2025-05-07 18:45:10 - INFO - [get_stock_data] [WBD] Data received for WBD: 106 rows
2025-05-07 18:45:10 - INFO - [check_vwap_diff_signal] [WBD] Analyzing VWAP reversal signal for WBD
2025-05-07 18:45:10 - INFO - [check_vwap_diff_signal] [WBD] Close: 8.57 | Low: 8.56 | High: 8.57 | VWAP: 8.564387848720271
2025-05-07 18:45:10 - DEBUG - [check_vwap_diff_signal] [WBD] [WBD] Last Candela: VWAP-Low=0.05%, High-VWAP=0.07%
2025-05-07 18:45:10 - DEBUG - [check_vwap_diff_signal] [WBD] No VWAP signal detected
2025-05-07 18:45:10 - INFO - [_process_ticker] [WBD] ℹ️ No valid signal for WBD
2025-05-07 18:45:10 - INFO - [get_stock_data] [CMCSA] Requesting data for CMCSA
2025-05-07 18:45:11 - INFO - [get_stock_data] [CMCSA] Data received for CMCSA: 106 rows
2025-05-07 18:45:11 - INFO - [check_vwap_diff_signal] [CMCSA] Analyzing VWAP reversal signal for CMCSA
2025-05-07 18:45:11 - INFO - [check_vwap_diff_signal] [CMCSA] Close: 34.51 | Low: 34.51 | High: 34.51 | VWAP: 34.62265163347255
2025-05-07 18:45:11 - DEBUG - [check_vwap_diff_signal] [CMCSA] [CMCSA] Last Candela: VWAP-Low=0.33%, High-VWAP=-0.33%
2025-05-07 18:45:11 - DEBUG - [check_vwap_diff_signal] [CMCSA] No VWAP signal detected
2025-05-07 18:45:11 - INFO - [_process_ticker] [CMCSA] ℹ️ No valid signal for CMCSA
2025-05-07 18:45:11 - INFO - [_run_strategy_if_applicable] [N/A] ⏰ Strategy 'EMA_Cross_ema50' not executed because it's outside the time window: 16:35:00 - 16:50:00
2025-05-07 18:45:11 - INFO - [_run_strategy_if_applicable] [N/A] ⏰ Strategy 'SMA_Cross_sma50' not executed because it's outside the time window: 16:35:00 - 16:50:00
2025-05-07 18:45:11 - INFO - [_run_strategy_if_applicable] [N/A] ⏰ Strategy 'SMA_Cross_candle' not executed because it's outside the time window: 16:35:00 - 16:50:00
2025-05-07 18:45:11 - INFO - [_run_strategy_if_applicable] [N/A] ⏰ Strategy 'EMA_Cross_candle' not executed because it's outside the time window: 16:35:00 - 16:50:00
2025-05-07 18:45:11 - INFO - [_update_active_orders_and_telegram] [N/A] 📊 Updating SL/TP for active orders
2025-05-07 18:45:12 - INFO - [_wait_until_next_iteration] [N/A] ⏳ Sleeping for 47.33 seconds before the next cycle
2025-05-07 18:46:00 - DEBUG - [_process_strategies] [N/A] ⏱ Skipping VWAP_diff_signal_rsi_1700, not yet time (every 5m)
2025-05-07 18:46:00 - DEBUG - [_process_strategies] [N/A] ⏱ Skipping VWAP_diff_signal_1700_volume, not yet time (every 5m)
2025-05-07 18:46:00 - DEBUG - [_process_strategies] [N/A] ⏱ Skipping VWAP_diff_signal_1700, not yet time (every 5m)
2025-05-07 18:46:00 - DEBUG - [_process_strategies] [N/A] ⏱ Skipping EMA_Cross_ema50, not yet time (every 5m)
2025-05-07 18:46:00 - DEBUG - [_process_strategies] [N/A] ⏱ Skipping SMA_Cross_sma50, not yet time (every 5m)
2025-05-07 18:46:00 - DEBUG - [_process_strategies] [N/A] ⏱ Skipping SMA_Cross_candle, not yet time (every 5m)
2025-05-07 18:46:00 - DEBUG - [_process_strategies] [N/A] ⏱ Skipping EMA_Cross_candle, not yet time (every 5m)
2025-05-07 18:46:00 - INFO - [_update_active_orders_and_telegram] [N/A] 📊 Updating SL/TP for active orders
2025-05-07 18:46:01 - INFO - [_wait_until_next_iteration] [N/A] ⏳ Sleeping for 58.94 seconds before the next cycle
2025-05-07 18:47:00 - DEBUG - [_process_strategies] [N/A] ⏱ Skipping VWAP_diff_signal_rsi_1700, not yet time (every 5m)
2025-05-07 18:47:00 - DEBUG - [_process_strategies] [N/A] ⏱ Skipping VWAP_diff_signal_1700_volume, not yet time (every 5m)
2025-05-07 18:47:00 - DEBUG - [_process_strategies] [N/A] ⏱ Skipping VWAP_diff_signal_1700, not yet time (every 5m)
2025-05-07 18:47:00 - DEBUG - [_process_strategies] [N/A] ⏱ Skipping EMA_Cross_ema50, not yet time (every 5m)
2025-05-07 18:47:00 - DEBUG - [_process_strategies] [N/A] ⏱ Skipping SMA_Cross_sma50, not yet time (every 5m)
2025-05-07 18:47:00 - DEBUG - [_process_strategies] [N/A] ⏱ Skipping SMA_Cross_candle, not yet time (every 5m)
2025-05-07 18:47:00 - DEBUG - [_process_strategies] [N/A] ⏱ Skipping EMA_Cross_candle, not yet time (every 5m)
2025-05-07 18:47:00 - INFO - [_update_active_orders_and_telegram] [N/A] 📊 Updating SL/TP for active orders
2025-05-07 18:47:01 - INFO - [_wait_until_next_iteration] [N/A] ⏳ Sleeping for 58.93 seconds before the next cycle
2025-05-07 18:48:00 - DEBUG - [_process_strategies] [N/A] ⏱ Skipping VWAP_diff_signal_rsi_1700, not yet time (every 5m)
2025-05-07 18:48:00 - DEBUG - [_process_strategies] [N/A] ⏱ Skipping VWAP_diff_signal_1700_volume, not yet time (every 5m)
2025-05-07 18:48:00 - DEBUG - [_process_strategies] [N/A] ⏱ Skipping VWAP_diff_signal_1700, not yet time (every 5m)
2025-05-07 18:48:00 - DEBUG - [_process_strategies] [N/A] ⏱ Skipping EMA_Cross_ema50, not yet time (every 5m)
2025-05-07 18:48:00 - DEBUG - [_process_strategies] [N/A] ⏱ Skipping SMA_Cross_sma50, not yet time (every 5m)
2025-05-07 18:48:00 - DEBUG - [_process_strategies] [N/A] ⏱ Skipping SMA_Cross_candle, not yet time (every 5m)
2025-05-07 18:48:00 - DEBUG - [_process_strategies] [N/A] ⏱ Skipping EMA_Cross_candle, not yet time (every 5m)
2025-05-07 18:48:00 - INFO - [_update_active_orders_and_telegram] [N/A] 📊 Updating SL/TP for active orders
2025-05-07 18:48:01 - INFO - [_wait_until_next_iteration] [N/A] ⏳ Sleeping for 58.92 seconds before the next cycle
2025-05-07 18:49:00 - DEBUG - [_process_strategies] [N/A] ⏱ Skipping VWAP_diff_signal_rsi_1700, not yet time (every 5m)
2025-05-07 18:49:00 - DEBUG - [_process_strategies] [N/A] ⏱ Skipping VWAP_diff_signal_1700_volume, not yet time (every 5m)
2025-05-07 18:49:00 - DEBUG - [_process_strategies] [N/A] ⏱ Skipping VWAP_diff_signal_1700, not yet time (every 5m)
2025-05-07 18:49:00 - DEBUG - [_process_strategies] [N/A] ⏱ Skipping EMA_Cross_ema50, not yet time (every 5m)
2025-05-07 18:49:00 - DEBUG - [_process_strategies] [N/A] ⏱ Skipping SMA_Cross_sma50, not yet time (every 5m)
2025-05-07 18:49:00 - DEBUG - [_process_strategies] [N/A] ⏱ Skipping SMA_Cross_candle, not yet time (every 5m)
2025-05-07 18:49:00 - DEBUG - [_process_strategies] [N/A] ⏱ Skipping EMA_Cross_candle, not yet time (every 5m)
2025-05-07 18:49:00 - INFO - [_update_active_orders_and_telegram] [N/A] 📊 Updating SL/TP for active orders
2025-05-07 18:49:01 - INFO - [_wait_until_next_iteration] [N/A] ⏳ Sleeping for 58.93 seconds before the next cycle
2025-05-07 18:50:00 - INFO - [_run_strategy_if_applicable] [N/A] 🔄 Starting trading loop for strategy: VWAP_diff_signal_rsi_1700
2025-05-07 18:50:00 - INFO - [get_stock_data] [IVZ] Requesting data for IVZ
2025-05-07 18:50:00 - INFO - [get_stock_data] [IVZ] Data received for IVZ: 106 rows
2025-05-07 18:50:00 - INFO - [check_vwap_diff_signal_with_rsi] [IVZ] Analyzing VWAP reversal signal for IVZ
2025-05-07 18:50:00 - INFO - [check_vwap_diff_signal_with_rsi] [IVZ] Close: 14.43 | Low: 14.42 | High: 14.46 | VWAP: 14.395316524038847 | RSI: 59.12
2025-05-07 18:50:00 - DEBUG - [check_vwap_diff_signal_with_rsi] [IVZ] [IVZ] Last Candela: VWAP-Low=-0.17%, High-VWAP=0.45%
2025-05-07 18:50:00 - DEBUG - [check_vwap_diff_signal_with_rsi] [IVZ] No VWAP+RSI signal detected
2025-05-07 18:50:00 - INFO - [_process_ticker] [IVZ] ℹ️ No valid signal for IVZ
2025-05-07 18:50:00 - INFO - [get_stock_data] [FCX] Requesting data for FCX
2025-05-07 18:50:01 - INFO - [get_stock_data] [FCX] Data received for FCX: 106 rows
2025-05-07 18:50:01 - INFO - [check_vwap_diff_signal_with_rsi] [FCX] Analyzing VWAP reversal signal for FCX
2025-05-07 18:50:01 - INFO - [check_vwap_diff_signal_with_rsi] [FCX] Close: 37.15 | Low: 37.13 | High: 37.26 | VWAP: 37.1925529882937 | RSI: 43.69
2025-05-07 18:50:01 - DEBUG - [check_vwap_diff_signal_with_rsi] [FCX] [FCX] Last Candela: VWAP-Low=0.17%, High-VWAP=0.18%
2025-05-07 18:50:01 - DEBUG - [check_vwap_diff_signal_with_rsi] [FCX] No VWAP+RSI signal detected
2025-05-07 18:50:01 - INFO - [_process_ticker] [FCX] ℹ️ No valid signal for FCX
2025-05-07 18:50:01 - INFO - [get_stock_data] [HST] Requesting data for HST
2025-05-07 18:50:01 - INFO - [get_stock_data] [HST] Data received for HST: 106 rows
2025-05-07 18:50:01 - INFO - [check_vwap_diff_signal_with_rsi] [HST] Analyzing VWAP reversal signal for HST
2025-05-07 18:50:01 - INFO - [check_vwap_diff_signal_with_rsi] [HST] Close: 14.63 | Low: 14.62 | High: 14.66 | VWAP: 14.559632943898485 | RSI: 58.57
2025-05-07 18:50:01 - DEBUG - [check_vwap_diff_signal_with_rsi] [HST] [HST] Last Candela: VWAP-Low=-0.41%, High-VWAP=0.69%
2025-05-07 18:50:01 - DEBUG - [check_vwap_diff_signal_with_rsi] [HST] No VWAP+RSI signal detected
2025-05-07 18:50:01 - INFO - [_process_ticker] [HST] ℹ️ No valid signal for HST
2025-05-07 18:50:01 - INFO - [get_stock_data] [IVZ] Requesting data for IVZ
2025-05-07 18:50:02 - INFO - [get_stock_data] [IVZ] Data received for IVZ: 106 rows
2025-05-07 18:50:02 - INFO - [check_vwap_diff_signal_with_rsi] [IVZ] Analyzing VWAP reversal signal for IVZ
2025-05-07 18:50:02 - INFO - [check_vwap_diff_signal_with_rsi] [IVZ] Close: 14.43 | Low: 14.42 | High: 14.46 | VWAP: 14.395321530227534 | RSI: 59.12
2025-05-07 18:50:02 - DEBUG - [check_vwap_diff_signal_with_rsi] [IVZ] [IVZ] Last Candela: VWAP-Low=-0.17%, High-VWAP=0.45%
2025-05-07 18:50:02 - DEBUG - [check_vwap_diff_signal_with_rsi] [IVZ] No VWAP+RSI signal detected
2025-05-07 18:50:02 - INFO - [_process_ticker] [IVZ] ℹ️ No valid signal for IVZ
2025-05-07 18:50:02 - INFO - [get_stock_data] [NEM] Requesting data for NEM
2025-05-07 18:50:03 - INFO - [get_stock_data] [NEM] Data received for NEM: 106 rows
2025-05-07 18:50:03 - INFO - [check_vwap_diff_signal_with_rsi] [NEM] Analyzing VWAP reversal signal for NEM
2025-05-07 18:50:03 - INFO - [check_vwap_diff_signal_with_rsi] [NEM] Close: 54.0 | Low: 53.98 | High: 54.08 | VWAP: 53.974020027891555 | RSI: 49.79
2025-05-07 18:50:03 - DEBUG - [check_vwap_diff_signal_with_rsi] [NEM] [NEM] Last Candela: VWAP-Low=-0.01%, High-VWAP=0.20%
2025-05-07 18:50:03 - DEBUG - [check_vwap_diff_signal_with_rsi] [NEM] No VWAP+RSI signal detected
2025-05-07 18:50:03 - INFO - [_process_ticker] [NEM] ℹ️ No valid signal for NEM
2025-05-07 18:50:03 - INFO - [get_stock_data] [LUV] Requesting data for LUV
2025-05-07 18:50:03 - INFO - [get_stock_data] [LUV] Data received for LUV: 106 rows
2025-05-07 18:50:04 - INFO - [check_vwap_diff_signal_with_rsi] [LUV] Analyzing VWAP reversal signal for LUV
2025-05-07 18:50:04 - INFO - [check_vwap_diff_signal_with_rsi] [LUV] Close: 30.33 | Low: 30.33 | High: 30.47 | VWAP: 30.18765169540191 | RSI: 55.16
2025-05-07 18:50:04 - DEBUG - [check_vwap_diff_signal_with_rsi] [LUV] [LUV] Last Candela: VWAP-Low=-0.47%, High-VWAP=0.94%
2025-05-07 18:50:04 - DEBUG - [check_vwap_diff_signal_with_rsi] [LUV] No VWAP+RSI signal detected
2025-05-07 18:50:04 - INFO - [_process_ticker] [LUV] ℹ️ No valid signal for LUV
2025-05-07 18:50:04 - INFO - [_run_strategy_if_applicable] [N/A] 🔄 Starting trading loop for strategy: VWAP_diff_signal_1700_volume
2025-05-07 18:50:04 - DEBUG - [_process_ticker] [GEN] 🚫 Trade not allowed for GEN (limit reached)
2025-05-07 18:50:04 - INFO - [get_stock_data] [HPQ] Requesting data for HPQ
2025-05-07 18:50:04 - INFO - [get_stock_data] [HPQ] Data received for HPQ: 106 rows
2025-05-07 18:50:04 - INFO - [check_vwap_diff_signal_with_volume] [HPQ] Analyzing VWAP reversal signal for HPQ
2025-05-07 18:50:04 - INFO - [check_vwap_diff_signal_with_volume] [HPQ] Close: 25.67 | Low: 25.66 | High: 25.71 | VWAP: 25.687967263425218 | Volume Ratio: 0.73
2025-05-07 18:50:04 - DEBUG - [check_vwap_diff_signal_with_volume] [HPQ] [HPQ] Last Candle: VWAP-Low=0.11%, High-VWAP=0.09%
2025-05-07 18:50:04 - DEBUG - [check_vwap_diff_signal_with_volume] [HPQ] No VWAP+VolumeRatio signal detected
2025-05-07 18:50:04 - INFO - [_process_ticker] [HPQ] ℹ️ No valid signal for HPQ
2025-05-07 18:50:04 - INFO - [get_stock_data] [INTC] Requesting data for INTC
2025-05-07 18:50:05 - INFO - [get_stock_data] [INTC] Data received for INTC: 106 rows
2025-05-07 18:50:05 - INFO - [check_vwap_diff_signal_with_volume] [INTC] Analyzing VWAP reversal signal for INTC
2025-05-07 18:50:05 - INFO - [check_vwap_diff_signal_with_volume] [INTC] Close: 19.98 | Low: 19.98 | High: 20.02 | VWAP: 20.001350212438716 | Volume Ratio: 0.52
2025-05-07 18:50:05 - DEBUG - [check_vwap_diff_signal_with_volume] [INTC] [INTC] Last Candle: VWAP-Low=0.11%, High-VWAP=0.09%
2025-05-07 18:50:05 - DEBUG - [check_vwap_diff_signal_with_volume] [INTC] No VWAP+VolumeRatio signal detected
2025-05-07 18:50:05 - INFO - [_process_ticker] [INTC] ℹ️ No valid signal for INTC
2025-05-07 18:50:05 - INFO - [get_stock_data] [RF] Requesting data for RF
2025-05-07 18:50:05 - INFO - [get_stock_data] [RF] Data received for RF: 106 rows
2025-05-07 18:50:05 - INFO - [check_vwap_diff_signal_with_volume] [RF] Analyzing VWAP reversal signal for RF
2025-05-07 18:50:05 - INFO - [check_vwap_diff_signal_with_volume] [RF] Close: 20.94 | Low: 20.93 | High: 20.99 | VWAP: 20.943030140869027 | Volume Ratio: 1.17
2025-05-07 18:50:05 - DEBUG - [check_vwap_diff_signal_with_volume] [RF] [RF] Last Candle: VWAP-Low=0.06%, High-VWAP=0.22%
2025-05-07 18:50:05 - DEBUG - [check_vwap_diff_signal_with_volume] [RF] No VWAP+VolumeRatio signal detected
2025-05-07 18:50:05 - INFO - [_process_ticker] [RF] ℹ️ No valid signal for RF
2025-05-07 18:50:05 - INFO - [_run_strategy_if_applicable] [N/A] 🔄 Starting trading loop for strategy: VWAP_diff_signal_1700
2025-05-07 18:50:05 - INFO - [get_stock_data] [CZR] Requesting data for CZR
2025-05-07 18:50:06 - INFO - [get_stock_data] [CZR] Data received for CZR: 107 rows
2025-05-07 18:50:06 - INFO - [check_vwap_diff_signal] [CZR] Analyzing VWAP reversal signal for CZR
2025-05-07 18:50:06 - INFO - [check_vwap_diff_signal] [CZR] Close: 27.06 | Low: 27.06 | High: 27.06 | VWAP: 26.9737475484609
2025-05-07 18:50:06 - DEBUG - [check_vwap_diff_signal] [CZR] [CZR] Last Candela: VWAP-Low=-0.32%, High-VWAP=0.32%
2025-05-07 18:50:06 - DEBUG - [check_vwap_diff_signal] [CZR] No VWAP signal detected
2025-05-07 18:50:06 - INFO - [_process_ticker] [CZR] ℹ️ No valid signal for CZR
2025-05-07 18:50:06 - INFO - [get_stock_data] [MTCH] Requesting data for MTCH
2025-05-07 18:50:07 - INFO - [get_stock_data] [MTCH] Data received for MTCH: 107 rows
2025-05-07 18:50:07 - INFO - [check_vwap_diff_signal] [MTCH] Analyzing VWAP reversal signal for MTCH
2025-05-07 18:50:07 - INFO - [check_vwap_diff_signal] [MTCH] Close: 30.17 | Low: 30.17 | High: 30.18 | VWAP: 30.296166047091024
2025-05-07 18:50:07 - DEBUG - [check_vwap_diff_signal] [MTCH] [MTCH] Last Candela: VWAP-Low=0.42%, High-VWAP=-0.38%
2025-05-07 18:50:07 - DEBUG - [check_vwap_diff_signal] [MTCH] No VWAP signal detected
2025-05-07 18:50:07 - INFO - [_process_ticker] [MTCH] ℹ️ No valid signal for MTCH
2025-05-07 18:50:07 - INFO - [get_stock_data] [NCHL] Requesting data for NCHL
2025-05-07 18:50:07 - ERROR - [get_stock_data] [NCHL] Error retrieving data: 'NoneType' object has no attribute 'empty'
2025-05-07 18:50:07 - INFO - [get_stock_data] [HBAN] Requesting data for HBAN
2025-05-07 18:50:08 - INFO - [get_stock_data] [HBAN] Data received for HBAN: 107 rows
2025-05-07 18:50:08 - INFO - [check_vwap_diff_signal] [HBAN] Analyzing VWAP reversal signal for HBAN
2025-05-07 18:50:08 - INFO - [check_vwap_diff_signal] [HBAN] Close: 15.04 | Low: 15.04 | High: 15.04 | VWAP: 15.026154236689147
2025-05-07 18:50:08 - DEBUG - [check_vwap_diff_signal] [HBAN] [HBAN] Last Candela: VWAP-Low=-0.09%, High-VWAP=0.09%
2025-05-07 18:50:08 - DEBUG - [check_vwap_diff_signal] [HBAN] No VWAP signal detected
2025-05-07 18:50:08 - INFO - [_process_ticker] [HBAN] ℹ️ No valid signal for HBAN
2025-05-07 18:50:08 - DEBUG - [_process_ticker] [MRNA] 🚫 Trade not allowed for MRNA (limit reached)
2025-05-07 18:50:08 - INFO - [get_stock_data] [WBD] Requesting data for WBD
2025-05-07 18:50:08 - INFO - [get_stock_data] [WBD] Data received for WBD: 107 rows
2025-05-07 18:50:08 - INFO - [check_vwap_diff_signal] [WBD] Analyzing VWAP reversal signal for WBD
2025-05-07 18:50:08 - INFO - [check_vwap_diff_signal] [WBD] Close: 8.55 | Low: 8.55 | High: 8.56 | VWAP: 8.563901757565613
2025-05-07 18:50:08 - DEBUG - [check_vwap_diff_signal] [WBD] [WBD] Last Candela: VWAP-Low=0.16%, High-VWAP=-0.05%
2025-05-07 18:50:08 - DEBUG - [check_vwap_diff_signal] [WBD] No VWAP signal detected
2025-05-07 18:50:08 - INFO - [_process_ticker] [WBD] ℹ️ No valid signal for WBD
2025-05-07 18:50:08 - INFO - [get_stock_data] [CMCSA] Requesting data for CMCSA
2025-05-07 18:50:09 - INFO - [get_stock_data] [CMCSA] Data received for CMCSA: 107 rows
2025-05-07 18:50:09 - INFO - [check_vwap_diff_signal] [CMCSA] Analyzing VWAP reversal signal for CMCSA
2025-05-07 18:50:09 - INFO - [check_vwap_diff_signal] [CMCSA] Close: 34.44 | Low: 34.44 | High: 34.44 | VWAP: 34.61849139014868
2025-05-07 18:50:09 - DEBUG - [check_vwap_diff_signal] [CMCSA] [CMCSA] Last Candela: VWAP-Low=0.52%, High-VWAP=-0.52%
2025-05-07 18:50:09 - DEBUG - [check_vwap_diff_signal] [CMCSA] No VWAP signal detected
2025-05-07 18:50:09 - INFO - [_process_ticker] [CMCSA] ℹ️ No valid signal for CMCSA
2025-05-07 18:50:09 - INFO - [_run_strategy_if_applicable] [N/A] ⏰ Strategy 'EMA_Cross_ema50' not executed because it's outside the time window: 16:35:00 - 16:50:00
2025-05-07 18:50:09 - INFO - [_run_strategy_if_applicable] [N/A] ⏰ Strategy 'SMA_Cross_sma50' not executed because it's outside the time window: 16:35:00 - 16:50:00
2025-05-07 18:50:09 - INFO - [_run_strategy_if_applicable] [N/A] ⏰ Strategy 'SMA_Cross_candle' not executed because it's outside the time window: 16:35:00 - 16:50:00
2025-05-07 18:50:09 - INFO - [_run_strategy_if_applicable] [N/A] ⏰ Strategy 'EMA_Cross_candle' not executed because it's outside the time window: 16:35:00 - 16:50:00
2025-05-07 18:50:09 - INFO - [_update_active_orders_and_telegram] [N/A] 📊 Updating SL/TP for active orders
2025-05-07 18:50:10 - INFO - [_wait_until_next_iteration] [N/A] ⏳ Sleeping for 49.51 seconds before the next cycle
2025-05-07 18:51:00 - DEBUG - [_process_strategies] [N/A] ⏱ Skipping VWAP_diff_signal_rsi_1700, not yet time (every 5m)
2025-05-07 18:51:00 - DEBUG - [_process_strategies] [N/A] ⏱ Skipping VWAP_diff_signal_1700_volume, not yet time (every 5m)
2025-05-07 18:51:00 - DEBUG - [_process_strategies] [N/A] ⏱ Skipping VWAP_diff_signal_1700, not yet time (every 5m)
2025-05-07 18:51:00 - DEBUG - [_process_strategies] [N/A] ⏱ Skipping EMA_Cross_ema50, not yet time (every 5m)
2025-05-07 18:51:00 - DEBUG - [_process_strategies] [N/A] ⏱ Skipping SMA_Cross_sma50, not yet time (every 5m)
2025-05-07 18:51:00 - DEBUG - [_process_strategies] [N/A] ⏱ Skipping SMA_Cross_candle, not yet time (every 5m)
2025-05-07 18:51:00 - DEBUG - [_process_strategies] [N/A] ⏱ Skipping EMA_Cross_candle, not yet time (every 5m)
2025-05-07 18:51:00 - INFO - [_update_active_orders_and_telegram] [N/A] 📊 Updating SL/TP for active orders
2025-05-07 18:51:01 - INFO - [_wait_until_next_iteration] [N/A] ⏳ Sleeping for 58.94 seconds before the next cycle
2025-05-07 18:52:00 - DEBUG - [_process_strategies] [N/A] ⏱ Skipping VWAP_diff_signal_rsi_1700, not yet time (every 5m)
2025-05-07 18:52:00 - DEBUG - [_process_strategies] [N/A] ⏱ Skipping VWAP_diff_signal_1700_volume, not yet time (every 5m)
2025-05-07 18:52:00 - DEBUG - [_process_strategies] [N/A] ⏱ Skipping VWAP_diff_signal_1700, not yet time (every 5m)
2025-05-07 18:52:00 - DEBUG - [_process_strategies] [N/A] ⏱ Skipping EMA_Cross_ema50, not yet time (every 5m)
2025-05-07 18:52:00 - DEBUG - [_process_strategies] [N/A] ⏱ Skipping SMA_Cross_sma50, not yet time (every 5m)
2025-05-07 18:52:00 - DEBUG - [_process_strategies] [N/A] ⏱ Skipping SMA_Cross_candle, not yet time (every 5m)
2025-05-07 18:52:00 - DEBUG - [_process_strategies] [N/A] ⏱ Skipping EMA_Cross_candle, not yet time (every 5m)
2025-05-07 18:52:00 - INFO - [_update_active_orders_and_telegram] [N/A] 📊 Updating SL/TP for active orders
2025-05-07 18:52:01 - INFO - [_wait_until_next_iteration] [N/A] ⏳ Sleeping for 58.92 seconds before the next cycle
2025-05-07 18:53:00 - DEBUG - [_process_strategies] [N/A] ⏱ Skipping VWAP_diff_signal_rsi_1700, not yet time (every 5m)
2025-05-07 18:53:00 - DEBUG - [_process_strategies] [N/A] ⏱ Skipping VWAP_diff_signal_1700_volume, not yet time (every 5m)
2025-05-07 18:53:00 - DEBUG - [_process_strategies] [N/A] ⏱ Skipping VWAP_diff_signal_1700, not yet time (every 5m)
2025-05-07 18:53:00 - DEBUG - [_process_strategies] [N/A] ⏱ Skipping EMA_Cross_ema50, not yet time (every 5m)
2025-05-07 18:53:00 - DEBUG - [_process_strategies] [N/A] ⏱ Skipping SMA_Cross_sma50, not yet time (every 5m)
2025-05-07 18:53:00 - DEBUG - [_process_strategies] [N/A] ⏱ Skipping SMA_Cross_candle, not yet time (every 5m)
2025-05-07 18:53:00 - DEBUG - [_process_strategies] [N/A] ⏱ Skipping EMA_Cross_candle, not yet time (every 5m)
2025-05-07 18:53:00 - INFO - [_update_active_orders_and_telegram] [N/A] 📊 Updating SL/TP for active orders
2025-05-07 18:53:01 - INFO - [_wait_until_next_iteration] [N/A] ⏳ Sleeping for 58.93 seconds before the next cycle
2025-05-07 18:54:00 - DEBUG - [_process_strategies] [N/A] ⏱ Skipping VWAP_diff_signal_rsi_1700, not yet time (every 5m)
2025-05-07 18:54:00 - DEBUG - [_process_strategies] [N/A] ⏱ Skipping VWAP_diff_signal_1700_volume, not yet time (every 5m)
2025-05-07 18:54:00 - DEBUG - [_process_strategies] [N/A] ⏱ Skipping VWAP_diff_signal_1700, not yet time (every 5m)
2025-05-07 18:54:00 - DEBUG - [_process_strategies] [N/A] ⏱ Skipping EMA_Cross_ema50, not yet time (every 5m)
2025-05-07 18:54:00 - DEBUG - [_process_strategies] [N/A] ⏱ Skipping SMA_Cross_sma50, not yet time (every 5m)
2025-05-07 18:54:00 - DEBUG - [_process_strategies] [N/A] ⏱ Skipping SMA_Cross_candle, not yet time (every 5m)
2025-05-07 18:54:00 - DEBUG - [_process_strategies] [N/A] ⏱ Skipping EMA_Cross_candle, not yet time (every 5m)
2025-05-07 18:54:00 - INFO - [_update_active_orders_and_telegram] [N/A] 📊 Updating SL/TP for active orders
2025-05-07 18:54:01 - INFO - [_wait_until_next_iteration] [N/A] ⏳ Sleeping for 58.93 seconds before the next cycle
2025-05-07 18:55:00 - INFO - [_run_strategy_if_applicable] [N/A] 🔄 Starting trading loop for strategy: VWAP_diff_signal_rsi_1700
2025-05-07 18:55:00 - INFO - [get_stock_data] [IVZ] Requesting data for IVZ
2025-05-07 18:55:00 - INFO - [get_stock_data] [IVZ] Data received for IVZ: 107 rows
2025-05-07 18:55:00 - INFO - [check_vwap_diff_signal_with_rsi] [IVZ] Analyzing VWAP reversal signal for IVZ
2025-05-07 18:55:00 - INFO - [check_vwap_diff_signal_with_rsi] [IVZ] Close: 14.45 | Low: 14.43 | High: 14.47 | VWAP: 14.397386980736375 | RSI: 61.94
2025-05-07 18:55:00 - DEBUG - [check_vwap_diff_signal_with_rsi] [IVZ] [IVZ] Last Candela: VWAP-Low=-0.23%, High-VWAP=0.50%
2025-05-07 18:55:00 - DEBUG - [check_vwap_diff_signal_with_rsi] [IVZ] No VWAP+RSI signal detected
2025-05-07 18:55:00 - INFO - [_process_ticker] [IVZ] ℹ️ No valid signal for IVZ
2025-05-07 18:55:00 - INFO - [get_stock_data] [FCX] Requesting data for FCX
2025-05-07 18:55:01 - INFO - [get_stock_data] [FCX] Data received for FCX: 107 rows
2025-05-07 18:55:01 - INFO - [check_vwap_diff_signal_with_rsi] [FCX] Analyzing VWAP reversal signal for FCX
2025-05-07 18:55:01 - INFO - [check_vwap_diff_signal_with_rsi] [FCX] Close: 37.19 | Low: 37.11 | High: 37.21 | VWAP: 37.19253236103389 | RSI: 46.66
2025-05-07 18:55:01 - DEBUG - [check_vwap_diff_signal_with_rsi] [FCX] [FCX] Last Candela: VWAP-Low=0.22%, High-VWAP=0.05%
2025-05-07 18:55:01 - DEBUG - [check_vwap_diff_signal_with_rsi] [FCX] No VWAP+RSI signal detected
2025-05-07 18:55:01 - INFO - [_process_ticker] [FCX] ℹ️ No valid signal for FCX
2025-05-07 18:55:01 - INFO - [get_stock_data] [HST] Requesting data for HST
2025-05-07 18:55:01 - INFO - [get_stock_data] [HST] Data received for HST: 107 rows
2025-05-07 18:55:01 - INFO - [check_vwap_diff_signal_with_rsi] [HST] Analyzing VWAP reversal signal for HST
2025-05-07 18:55:01 - INFO - [check_vwap_diff_signal_with_rsi] [HST] Close: 14.64 | Low: 14.62 | High: 14.64 | VWAP: 14.560752521209245 | RSI: 60.20
2025-05-07 18:55:01 - DEBUG - [check_vwap_diff_signal_with_rsi] [HST] [HST] Last Candela: VWAP-Low=-0.41%, High-VWAP=0.54%
2025-05-07 18:55:01 - DEBUG - [check_vwap_diff_signal_with_rsi] [HST] No VWAP+RSI signal detected
2025-05-07 18:55:01 - INFO - [_process_ticker] [HST] ℹ️ No valid signal for HST
2025-05-07 18:55:01 - INFO - [get_stock_data] [IVZ] Requesting data for IVZ
2025-05-07 18:55:02 - INFO - [get_stock_data] [IVZ] Data received for IVZ: 107 rows
2025-05-07 18:55:02 - INFO - [check_vwap_diff_signal_with_rsi] [IVZ] Analyzing VWAP reversal signal for IVZ
2025-05-07 18:55:02 - INFO - [check_vwap_diff_signal_with_rsi] [IVZ] Close: 14.45 | Low: 14.43 | High: 14.47 | VWAP: 14.397386980736375 | RSI: 61.94
2025-05-07 18:55:02 - DEBUG - [check_vwap_diff_signal_with_rsi] [IVZ] [IVZ] Last Candela: VWAP-Low=-0.23%, High-VWAP=0.50%
2025-05-07 18:55:02 - DEBUG - [check_vwap_diff_signal_with_rsi] [IVZ] No VWAP+RSI signal detected
2025-05-07 18:55:02 - INFO - [_process_ticker] [IVZ] ℹ️ No valid signal for IVZ
2025-05-07 18:55:02 - INFO - [get_stock_data] [NEM] Requesting data for NEM
2025-05-07 18:55:02 - INFO - [get_stock_data] [NEM] Data received for NEM: 107 rows
2025-05-07 18:55:02 - INFO - [check_vwap_diff_signal_with_rsi] [NEM] Analyzing VWAP reversal signal for NEM
2025-05-07 18:55:02 - INFO - [check_vwap_diff_signal_with_rsi] [NEM] Close: 54.0 | Low: 53.95 | High: 54.04 | VWAP: 53.974562729010856 | RSI: 49.79
2025-05-07 18:55:02 - DEBUG - [check_vwap_diff_signal_with_rsi] [NEM] [NEM] Last Candela: VWAP-Low=0.05%, High-VWAP=0.12%
2025-05-07 18:55:02 - DEBUG - [check_vwap_diff_signal_with_rsi] [NEM] No VWAP+RSI signal detected
2025-05-07 18:55:02 - INFO - [_process_ticker] [NEM] ℹ️ No valid signal for NEM
2025-05-07 18:55:02 - INFO - [get_stock_data] [LUV] Requesting data for LUV
2025-05-07 18:55:03 - INFO - [get_stock_data] [LUV] Data received for LUV: 107 rows
2025-05-07 18:55:03 - INFO - [check_vwap_diff_signal_with_rsi] [LUV] Analyzing VWAP reversal signal for LUV
2025-05-07 18:55:03 - INFO - [check_vwap_diff_signal_with_rsi] [LUV] Close: 30.44 | Low: 30.33 | High: 30.47 | VWAP: 30.202094475647783 | RSI: 61.08
2025-05-07 18:55:03 - DEBUG - [check_vwap_diff_signal_with_rsi] [LUV] [LUV] Last Candela: VWAP-Low=-0.42%, High-VWAP=0.89%
2025-05-07 18:55:03 - DEBUG - [check_vwap_diff_signal_with_rsi] [LUV] No VWAP+RSI signal detected
2025-05-07 18:55:03 - INFO - [_process_ticker] [LUV] ℹ️ No valid signal for LUV
2025-05-07 18:55:03 - INFO - [_run_strategy_if_applicable] [N/A] 🔄 Starting trading loop for strategy: VWAP_diff_signal_1700_volume
2025-05-07 18:55:03 - DEBUG - [_process_ticker] [GEN] 🚫 Trade not allowed for GEN (limit reached)
2025-05-07 18:55:03 - INFO - [get_stock_data] [HPQ] Requesting data for HPQ
2025-05-07 18:55:03 - INFO - [get_stock_data] [HPQ] Data received for HPQ: 107 rows
2025-05-07 18:55:03 - INFO - [check_vwap_diff_signal_with_volume] [HPQ] Analyzing VWAP reversal signal for HPQ
2025-05-07 18:55:03 - INFO - [check_vwap_diff_signal_with_volume] [HPQ] Close: 25.69 | Low: 25.66 | High: 25.71 | VWAP: 25.688002203017827 | Volume Ratio: 0.61
2025-05-07 18:55:03 - DEBUG - [check_vwap_diff_signal_with_volume] [HPQ] [HPQ] Last Candle: VWAP-Low=0.11%, High-VWAP=0.09%
2025-05-07 18:55:03 - DEBUG - [check_vwap_diff_signal_with_volume] [HPQ] No VWAP+VolumeRatio signal detected
2025-05-07 18:55:03 - INFO - [_process_ticker] [HPQ] ℹ️ No valid signal for HPQ
2025-05-07 18:55:03 - INFO - [get_stock_data] [INTC] Requesting data for INTC
2025-05-07 18:55:04 - INFO - [get_stock_data] [INTC] Data received for INTC: 107 rows
2025-05-07 18:55:04 - INFO - [check_vwap_diff_signal_with_volume] [INTC] Analyzing VWAP reversal signal for INTC
2025-05-07 18:55:04 - INFO - [check_vwap_diff_signal_with_volume] [INTC] Close: 20.01 | Low: 19.98 | High: 20.03 | VWAP: 20.001526468694603 | Volume Ratio: 0.88
2025-05-07 18:55:04 - DEBUG - [check_vwap_diff_signal_with_volume] [INTC] [INTC] Last Candle: VWAP-Low=0.11%, High-VWAP=0.14%
2025-05-07 18:55:04 - DEBUG - [check_vwap_diff_signal_with_volume] [INTC] No VWAP+VolumeRatio signal detected
2025-05-07 18:55:04 - INFO - [_process_ticker] [INTC] ℹ️ No valid signal for INTC
2025-05-07 18:55:04 - INFO - [get_stock_data] [RF] Requesting data for RF
2025-05-07 18:55:05 - INFO - [get_stock_data] [RF] Data received for RF: 107 rows
2025-05-07 18:55:05 - INFO - [check_vwap_diff_signal_with_volume] [RF] Analyzing VWAP reversal signal for RF
2025-05-07 18:55:05 - INFO - [check_vwap_diff_signal_with_volume] [RF] Close: 20.94 | Low: 20.93 | High: 20.96 | VWAP: 20.942988827096784 | Volume Ratio: 0.50
2025-05-07 18:55:05 - DEBUG - [check_vwap_diff_signal_with_volume] [RF] [RF] Last Candle: VWAP-Low=0.06%, High-VWAP=0.08%
2025-05-07 18:55:05 - DEBUG - [check_vwap_diff_signal_with_volume] [RF] No VWAP+VolumeRatio signal detected
2025-05-07 18:55:05 - INFO - [_process_ticker] [RF] ℹ️ No valid signal for RF
2025-05-07 18:55:05 - INFO - [_run_strategy_if_applicable] [N/A] 🔄 Starting trading loop for strategy: VWAP_diff_signal_1700
2025-05-07 18:55:05 - INFO - [get_stock_data] [CZR] Requesting data for CZR
2025-05-07 18:55:05 - INFO - [get_stock_data] [CZR] Data received for CZR: 107 rows
2025-05-07 18:55:05 - INFO - [check_vwap_diff_signal] [CZR] Analyzing VWAP reversal signal for CZR
2025-05-07 18:55:05 - INFO - [check_vwap_diff_signal] [CZR] Close: 27.12 | Low: 27.05 | High: 27.15 | VWAP: 26.974728107407664
2025-05-07 18:55:05 - DEBUG - [check_vwap_diff_signal] [CZR] [CZR] Last Candela: VWAP-Low=-0.28%, High-VWAP=0.65%
2025-05-07 18:55:05 - DEBUG - [check_vwap_diff_signal] [CZR] No VWAP signal detected
2025-05-07 18:55:05 - INFO - [_process_ticker] [CZR] ℹ️ No valid signal for CZR
2025-05-07 18:55:05 - INFO - [get_stock_data] [MTCH] Requesting data for MTCH
2025-05-07 18:55:06 - INFO - [get_stock_data] [MTCH] Data received for MTCH: 108 rows
2025-05-07 18:55:06 - INFO - [check_vwap_diff_signal] [MTCH] Analyzing VWAP reversal signal for MTCH
2025-05-07 18:55:06 - INFO - [check_vwap_diff_signal] [MTCH] Close: 30.21 | Low: 30.21 | High: 30.21 | VWAP: 30.295077515807545
2025-05-07 18:55:06 - DEBUG - [check_vwap_diff_signal] [MTCH] [MTCH] Last Candela: VWAP-Low=0.28%, High-VWAP=-0.28%
2025-05-07 18:55:06 - DEBUG - [check_vwap_diff_signal] [MTCH] No VWAP signal detected
2025-05-07 18:55:06 - INFO - [_process_ticker] [MTCH] ℹ️ No valid signal for MTCH
2025-05-07 18:55:06 - INFO - [get_stock_data] [NCHL] Requesting data for NCHL
2025-05-07 18:55:06 - ERROR - [get_stock_data] [NCHL] Error retrieving data: 'NoneType' object has no attribute 'empty'
2025-05-07 18:55:06 - INFO - [get_stock_data] [HBAN] Requesting data for HBAN
2025-05-07 18:55:07 - INFO - [get_stock_data] [HBAN] Data received for HBAN: 108 rows
2025-05-07 18:55:07 - INFO - [check_vwap_diff_signal] [HBAN] Analyzing VWAP reversal signal for HBAN
2025-05-07 18:55:07 - INFO - [check_vwap_diff_signal] [HBAN] Close: 15.05 | Low: 15.04 | High: 15.05 | VWAP: 15.027031085897404
2025-05-07 18:55:07 - DEBUG - [check_vwap_diff_signal] [HBAN] [HBAN] Last Candela: VWAP-Low=-0.09%, High-VWAP=0.15%
2025-05-07 18:55:07 - DEBUG - [check_vwap_diff_signal] [HBAN] No VWAP signal detected
2025-05-07 18:55:07 - INFO - [_process_ticker] [HBAN] ℹ️ No valid signal for HBAN
2025-05-07 18:55:07 - DEBUG - [_process_ticker] [MRNA] 🚫 Trade not allowed for MRNA (limit reached)
2025-05-07 18:55:07 - INFO - [get_stock_data] [WBD] Requesting data for WBD
2025-05-07 18:55:07 - INFO - [get_stock_data] [WBD] Data received for WBD: 108 rows
2025-05-07 18:55:07 - INFO - [check_vwap_diff_signal] [WBD] Analyzing VWAP reversal signal for WBD
2025-05-07 18:55:07 - INFO - [check_vwap_diff_signal] [WBD] Close: 8.59 | Low: 8.58 | High: 8.59 | VWAP: 8.564447796973074
2025-05-07 18:55:07 - DEBUG - [check_vwap_diff_signal] [WBD] [WBD] Last Candela: VWAP-Low=-0.18%, High-VWAP=0.30%
2025-05-07 18:55:07 - DEBUG - [check_vwap_diff_signal] [WBD] No VWAP signal detected
2025-05-07 18:55:07 - INFO - [_process_ticker] [WBD] ℹ️ No valid signal for WBD
2025-05-07 18:55:07 - INFO - [get_stock_data] [CMCSA] Requesting data for CMCSA
2025-05-07 18:55:08 - INFO - [get_stock_data] [CMCSA] Data received for CMCSA: 108 rows
2025-05-07 18:55:08 - INFO - [check_vwap_diff_signal] [CMCSA] Analyzing VWAP reversal signal for CMCSA
2025-05-07 18:55:08 - INFO - [check_vwap_diff_signal] [CMCSA] Close: 34.56 | Low: 34.55 | High: 34.56 | VWAP: 34.61711610160178
2025-05-07 18:55:08 - DEBUG - [check_vwap_diff_signal] [CMCSA] [CMCSA] Last Candela: VWAP-Low=0.19%, High-VWAP=-0.16%
2025-05-07 18:55:08 - DEBUG - [check_vwap_diff_signal] [CMCSA] No VWAP signal detected
2025-05-07 18:55:08 - INFO - [_process_ticker] [CMCSA] ℹ️ No valid signal for CMCSA
2025-05-07 18:55:08 - INFO - [_run_strategy_if_applicable] [N/A] ⏰ Strategy 'EMA_Cross_ema50' not executed because it's outside the time window: 16:35:00 - 16:50:00
2025-05-07 18:55:08 - INFO - [_run_strategy_if_applicable] [N/A] ⏰ Strategy 'SMA_Cross_sma50' not executed because it's outside the time window: 16:35:00 - 16:50:00
2025-05-07 18:55:08 - INFO - [_run_strategy_if_applicable] [N/A] ⏰ Strategy 'SMA_Cross_candle' not executed because it's outside the time window: 16:35:00 - 16:50:00
2025-05-07 18:55:08 - INFO - [_run_strategy_if_applicable] [N/A] ⏰ Strategy 'EMA_Cross_candle' not executed because it's outside the time window: 16:35:00 - 16:50:00
2025-05-07 18:55:08 - INFO - [_update_active_orders_and_telegram] [N/A] 📊 Updating SL/TP for active orders
2025-05-07 18:55:09 - INFO - [_wait_until_next_iteration] [N/A] ⏳ Sleeping for 50.73 seconds before the next cycle
2025-05-07 18:56:00 - DEBUG - [_process_strategies] [N/A] ⏱ Skipping VWAP_diff_signal_rsi_1700, not yet time (every 5m)
2025-05-07 18:56:00 - DEBUG - [_process_strategies] [N/A] ⏱ Skipping VWAP_diff_signal_1700_volume, not yet time (every 5m)
2025-05-07 18:56:00 - DEBUG - [_process_strategies] [N/A] ⏱ Skipping VWAP_diff_signal_1700, not yet time (every 5m)
2025-05-07 18:56:00 - DEBUG - [_process_strategies] [N/A] ⏱ Skipping EMA_Cross_ema50, not yet time (every 5m)
2025-05-07 18:56:00 - DEBUG - [_process_strategies] [N/A] ⏱ Skipping SMA_Cross_sma50, not yet time (every 5m)
2025-05-07 18:56:00 - DEBUG - [_process_strategies] [N/A] ⏱ Skipping SMA_Cross_candle, not yet time (every 5m)
2025-05-07 18:56:00 - DEBUG - [_process_strategies] [N/A] ⏱ Skipping EMA_Cross_candle, not yet time (every 5m)
2025-05-07 18:56:00 - INFO - [_update_active_orders_and_telegram] [N/A] 📊 Updating SL/TP for active orders
2025-05-07 18:56:01 - INFO - [_wait_until_next_iteration] [N/A] ⏳ Sleeping for 58.94 seconds before the next cycle
2025-05-07 18:57:00 - DEBUG - [_process_strategies] [N/A] ⏱ Skipping VWAP_diff_signal_rsi_1700, not yet time (every 5m)
2025-05-07 18:57:00 - DEBUG - [_process_strategies] [N/A] ⏱ Skipping VWAP_diff_signal_1700_volume, not yet time (every 5m)
2025-05-07 18:57:00 - DEBUG - [_process_strategies] [N/A] ⏱ Skipping VWAP_diff_signal_1700, not yet time (every 5m)
2025-05-07 18:57:00 - DEBUG - [_process_strategies] [N/A] ⏱ Skipping EMA_Cross_ema50, not yet time (every 5m)
2025-05-07 18:57:00 - DEBUG - [_process_strategies] [N/A] ⏱ Skipping SMA_Cross_sma50, not yet time (every 5m)
2025-05-07 18:57:00 - DEBUG - [_process_strategies] [N/A] ⏱ Skipping SMA_Cross_candle, not yet time (every 5m)
2025-05-07 18:57:00 - DEBUG - [_process_strategies] [N/A] ⏱ Skipping EMA_Cross_candle, not yet time (every 5m)
2025-05-07 18:57:00 - INFO - [_update_active_orders_and_telegram] [N/A] 📊 Updating SL/TP for active orders
2025-05-07 18:57:01 - INFO - [_wait_until_next_iteration] [N/A] ⏳ Sleeping for 58.92 seconds before the next cycle
2025-05-07 18:58:00 - DEBUG - [_process_strategies] [N/A] ⏱ Skipping VWAP_diff_signal_rsi_1700, not yet time (every 5m)
2025-05-07 18:58:00 - DEBUG - [_process_strategies] [N/A] ⏱ Skipping VWAP_diff_signal_1700_volume, not yet time (every 5m)
2025-05-07 18:58:00 - DEBUG - [_process_strategies] [N/A] ⏱ Skipping VWAP_diff_signal_1700, not yet time (every 5m)
2025-05-07 18:58:00 - DEBUG - [_process_strategies] [N/A] ⏱ Skipping EMA_Cross_ema50, not yet time (every 5m)
2025-05-07 18:58:00 - DEBUG - [_process_strategies] [N/A] ⏱ Skipping SMA_Cross_sma50, not yet time (every 5m)
2025-05-07 18:58:00 - DEBUG - [_process_strategies] [N/A] ⏱ Skipping SMA_Cross_candle, not yet time (every 5m)
2025-05-07 18:58:00 - DEBUG - [_process_strategies] [N/A] ⏱ Skipping EMA_Cross_candle, not yet time (every 5m)
2025-05-07 18:58:00 - INFO - [_update_active_orders_and_telegram] [N/A] 📊 Updating SL/TP for active orders
2025-05-07 18:58:01 - INFO - [_wait_until_next_iteration] [N/A] ⏳ Sleeping for 58.93 seconds before the next cycle
2025-05-07 18:59:00 - DEBUG - [_process_strategies] [N/A] ⏱ Skipping VWAP_diff_signal_rsi_1700, not yet time (every 5m)
2025-05-07 18:59:00 - DEBUG - [_process_strategies] [N/A] ⏱ Skipping VWAP_diff_signal_1700_volume, not yet time (every 5m)
2025-05-07 18:59:00 - DEBUG - [_process_strategies] [N/A] ⏱ Skipping VWAP_diff_signal_1700, not yet time (every 5m)
2025-05-07 18:59:00 - DEBUG - [_process_strategies] [N/A] ⏱ Skipping EMA_Cross_ema50, not yet time (every 5m)
2025-05-07 18:59:00 - DEBUG - [_process_strategies] [N/A] ⏱ Skipping SMA_Cross_sma50, not yet time (every 5m)
2025-05-07 18:59:00 - DEBUG - [_process_strategies] [N/A] ⏱ Skipping SMA_Cross_candle, not yet time (every 5m)
2025-05-07 18:59:00 - DEBUG - [_process_strategies] [N/A] ⏱ Skipping EMA_Cross_candle, not yet time (every 5m)
2025-05-07 18:59:00 - INFO - [_update_active_orders_and_telegram] [N/A] 📊 Updating SL/TP for active orders
2025-05-07 18:59:01 - INFO - [_wait_until_next_iteration] [N/A] ⏳ Sleeping for 58.93 seconds before the next cycle
2025-05-07 19:00:00 - INFO - [_run_strategy_if_applicable] [N/A] ⏰ Strategy 'VWAP_diff_signal_rsi_1700' not executed because it's outside the time window: 17:30:00 - 19:00:00
2025-05-07 19:00:00 - INFO - [_run_strategy_if_applicable] [N/A] ⏰ Strategy 'VWAP_diff_signal_1700_volume' not executed because it's outside the time window: 17:30:00 - 19:00:00
2025-05-07 19:00:00 - INFO - [_run_strategy_if_applicable] [N/A] ⏰ Strategy 'VWAP_diff_signal_1700' not executed because it's outside the time window: 17:30:00 - 19:00:00
2025-05-07 19:00:00 - INFO - [_run_strategy_if_applicable] [N/A] ⏰ Strategy 'EMA_Cross_ema50' not executed because it's outside the time window: 16:35:00 - 16:50:00
2025-05-07 19:00:00 - INFO - [_run_strategy_if_applicable] [N/A] ⏰ Strategy 'SMA_Cross_sma50' not executed because it's outside the time window: 16:35:00 - 16:50:00
2025-05-07 19:00:00 - INFO - [_run_strategy_if_applicable] [N/A] ⏰ Strategy 'SMA_Cross_candle' not executed because it's outside the time window: 16:35:00 - 16:50:00
2025-05-07 19:00:00 - INFO - [_run_strategy_if_applicable] [N/A] ⏰ Strategy 'EMA_Cross_candle' not executed because it's outside the time window: 16:35:00 - 16:50:00
2025-05-07 19:00:00 - INFO - [_update_active_orders_and_telegram] [N/A] 📊 Updating SL/TP for active orders
2025-05-07 19:00:01 - INFO - [_wait_until_next_iteration] [N/A] ⏳ Sleeping for 58.93 seconds before the next cycle
2025-05-07 19:01:00 - DEBUG - [_process_strategies] [N/A] ⏱ Skipping VWAP_diff_signal_rsi_1700, not yet time (every 5m)
2025-05-07 19:01:00 - DEBUG - [_process_strategies] [N/A] ⏱ Skipping VWAP_diff_signal_1700_volume, not yet time (every 5m)
2025-05-07 19:01:00 - DEBUG - [_process_strategies] [N/A] ⏱ Skipping VWAP_diff_signal_1700, not yet time (every 5m)
2025-05-07 19:01:00 - DEBUG - [_process_strategies] [N/A] ⏱ Skipping EMA_Cross_ema50, not yet time (every 5m)
2025-05-07 19:01:00 - DEBUG - [_process_strategies] [N/A] ⏱ Skipping SMA_Cross_sma50, not yet time (every 5m)
2025-05-07 19:01:00 - DEBUG - [_process_strategies] [N/A] ⏱ Skipping SMA_Cross_candle, not yet time (every 5m)
2025-05-07 19:01:00 - DEBUG - [_process_strategies] [N/A] ⏱ Skipping EMA_Cross_candle, not yet time (every 5m)
2025-05-07 19:01:00 - INFO - [_update_active_orders_and_telegram] [N/A] 📊 Updating SL/TP for active orders
2025-05-07 19:01:01 - INFO - [_wait_until_next_iteration] [N/A] ⏳ Sleeping for 58.93 seconds before the next cycle
2025-05-07 19:02:00 - DEBUG - [_process_strategies] [N/A] ⏱ Skipping VWAP_diff_signal_rsi_1700, not yet time (every 5m)
2025-05-07 19:02:00 - DEBUG - [_process_strategies] [N/A] ⏱ Skipping VWAP_diff_signal_1700_volume, not yet time (every 5m)
2025-05-07 19:02:00 - DEBUG - [_process_strategies] [N/A] ⏱ Skipping VWAP_diff_signal_1700, not yet time (every 5m)
2025-05-07 19:02:00 - DEBUG - [_process_strategies] [N/A] ⏱ Skipping EMA_Cross_ema50, not yet time (every 5m)
2025-05-07 19:02:00 - DEBUG - [_process_strategies] [N/A] ⏱ Skipping SMA_Cross_sma50, not yet time (every 5m)
2025-05-07 19:02:00 - DEBUG - [_process_strategies] [N/A] ⏱ Skipping SMA_Cross_candle, not yet time (every 5m)
2025-05-07 19:02:00 - DEBUG - [_process_strategies] [N/A] ⏱ Skipping EMA_Cross_candle, not yet time (every 5m)
2025-05-07 19:02:00 - INFO - [_update_active_orders_and_telegram] [N/A] 📊 Updating SL/TP for active orders
2025-05-07 19:02:01 - INFO - [_wait_until_next_iteration] [N/A] ⏳ Sleeping for 58.92 seconds before the next cycle
2025-05-07 19:03:00 - DEBUG - [_process_strategies] [N/A] ⏱ Skipping VWAP_diff_signal_rsi_1700, not yet time (every 5m)
2025-05-07 19:03:00 - DEBUG - [_process_strategies] [N/A] ⏱ Skipping VWAP_diff_signal_1700_volume, not yet time (every 5m)
2025-05-07 19:03:00 - DEBUG - [_process_strategies] [N/A] ⏱ Skipping VWAP_diff_signal_1700, not yet time (every 5m)
2025-05-07 19:03:00 - DEBUG - [_process_strategies] [N/A] ⏱ Skipping EMA_Cross_ema50, not yet time (every 5m)
2025-05-07 19:03:00 - DEBUG - [_process_strategies] [N/A] ⏱ Skipping SMA_Cross_sma50, not yet time (every 5m)
2025-05-07 19:03:00 - DEBUG - [_process_strategies] [N/A] ⏱ Skipping SMA_Cross_candle, not yet time (every 5m)
2025-05-07 19:03:00 - DEBUG - [_process_strategies] [N/A] ⏱ Skipping EMA_Cross_candle, not yet time (every 5m)
2025-05-07 19:03:00 - INFO - [_update_active_orders_and_telegram] [N/A] 📊 Updating SL/TP for active orders
2025-05-07 19:03:01 - INFO - [_wait_until_next_iteration] [N/A] ⏳ Sleeping for 58.93 seconds before the next cycle
2025-05-07 19:04:00 - DEBUG - [_process_strategies] [N/A] ⏱ Skipping VWAP_diff_signal_rsi_1700, not yet time (every 5m)
2025-05-07 19:04:00 - DEBUG - [_process_strategies] [N/A] ⏱ Skipping VWAP_diff_signal_1700_volume, not yet time (every 5m)
2025-05-07 19:04:00 - DEBUG - [_process_strategies] [N/A] ⏱ Skipping VWAP_diff_signal_1700, not yet time (every 5m)
2025-05-07 19:04:00 - DEBUG - [_process_strategies] [N/A] ⏱ Skipping EMA_Cross_ema50, not yet time (every 5m)
2025-05-07 19:04:00 - DEBUG - [_process_strategies] [N/A] ⏱ Skipping SMA_Cross_sma50, not yet time (every 5m)
2025-05-07 19:04:00 - DEBUG - [_process_strategies] [N/A] ⏱ Skipping SMA_Cross_candle, not yet time (every 5m)
2025-05-07 19:04:00 - DEBUG - [_process_strategies] [N/A] ⏱ Skipping EMA_Cross_candle, not yet time (every 5m)
2025-05-07 19:04:00 - INFO - [_update_active_orders_and_telegram] [N/A] 📊 Updating SL/TP for active orders
2025-05-07 19:04:01 - INFO - [_wait_until_next_iteration] [N/A] ⏳ Sleeping for 58.93 seconds before the next cycle
2025-05-07 19:05:00 - INFO - [_run_strategy_if_applicable] [N/A] ⏰ Strategy 'VWAP_diff_signal_rsi_1700' not executed because it's outside the time window: 17:30:00 - 19:00:00
2025-05-07 19:05:00 - INFO - [_run_strategy_if_applicable] [N/A] ⏰ Strategy 'VWAP_diff_signal_1700_volume' not executed because it's outside the time window: 17:30:00 - 19:00:00
2025-05-07 19:05:00 - INFO - [_run_strategy_if_applicable] [N/A] ⏰ Strategy 'VWAP_diff_signal_1700' not executed because it's outside the time window: 17:30:00 - 19:00:00
2025-05-07 19:05:00 - INFO - [_run_strategy_if_applicable] [N/A] ⏰ Strategy 'EMA_Cross_ema50' not executed because it's outside the time window: 16:35:00 - 16:50:00
2025-05-07 19:05:00 - INFO - [_run_strategy_if_applicable] [N/A] ⏰ Strategy 'SMA_Cross_sma50' not executed because it's outside the time window: 16:35:00 - 16:50:00
2025-05-07 19:05:00 - INFO - [_run_strategy_if_applicable] [N/A] ⏰ Strategy 'SMA_Cross_candle' not executed because it's outside the time window: 16:35:00 - 16:50:00
2025-05-07 19:05:00 - INFO - [_run_strategy_if_applicable] [N/A] ⏰ Strategy 'EMA_Cross_candle' not executed because it's outside the time window: 16:35:00 - 16:50:00
2025-05-07 19:05:00 - INFO - [_update_active_orders_and_telegram] [N/A] 📊 Updating SL/TP for active orders
2025-05-07 19:05:01 - INFO - [_wait_until_next_iteration] [N/A] ⏳ Sleeping for 58.92 seconds before the next cycle
2025-05-07 19:06:00 - DEBUG - [_process_strategies] [N/A] ⏱ Skipping VWAP_diff_signal_rsi_1700, not yet time (every 5m)
2025-05-07 19:06:00 - DEBUG - [_process_strategies] [N/A] ⏱ Skipping VWAP_diff_signal_1700_volume, not yet time (every 5m)
2025-05-07 19:06:00 - DEBUG - [_process_strategies] [N/A] ⏱ Skipping VWAP_diff_signal_1700, not yet time (every 5m)
2025-05-07 19:06:00 - DEBUG - [_process_strategies] [N/A] ⏱ Skipping EMA_Cross_ema50, not yet time (every 5m)
2025-05-07 19:06:00 - DEBUG - [_process_strategies] [N/A] ⏱ Skipping SMA_Cross_sma50, not yet time (every 5m)
2025-05-07 19:06:00 - DEBUG - [_process_strategies] [N/A] ⏱ Skipping SMA_Cross_candle, not yet time (every 5m)
2025-05-07 19:06:00 - DEBUG - [_process_strategies] [N/A] ⏱ Skipping EMA_Cross_candle, not yet time (every 5m)
2025-05-07 19:06:00 - INFO - [_update_active_orders_and_telegram] [N/A] 📊 Updating SL/TP for active orders
2025-05-07 19:06:01 - INFO - [_wait_until_next_iteration] [N/A] ⏳ Sleeping for 58.93 seconds before the next cycle
2025-05-07 19:07:00 - DEBUG - [_process_strategies] [N/A] ⏱ Skipping VWAP_diff_signal_rsi_1700, not yet time (every 5m)
2025-05-07 19:07:00 - DEBUG - [_process_strategies] [N/A] ⏱ Skipping VWAP_diff_signal_1700_volume, not yet time (every 5m)
2025-05-07 19:07:00 - DEBUG - [_process_strategies] [N/A] ⏱ Skipping VWAP_diff_signal_1700, not yet time (every 5m)
2025-05-07 19:07:00 - DEBUG - [_process_strategies] [N/A] ⏱ Skipping EMA_Cross_ema50, not yet time (every 5m)
2025-05-07 19:07:00 - DEBUG - [_process_strategies] [N/A] ⏱ Skipping SMA_Cross_sma50, not yet time (every 5m)
2025-05-07 19:07:00 - DEBUG - [_process_strategies] [N/A] ⏱ Skipping SMA_Cross_candle, not yet time (every 5m)
2025-05-07 19:07:00 - DEBUG - [_process_strategies] [N/A] ⏱ Skipping EMA_Cross_candle, not yet time (every 5m)
2025-05-07 19:07:00 - INFO - [_update_active_orders_and_telegram] [N/A] 📊 Updating SL/TP for active orders
2025-05-07 19:07:01 - INFO - [_wait_until_next_iteration] [N/A] ⏳ Sleeping for 58.93 seconds before the next cycle
2025-05-07 19:08:00 - DEBUG - [_process_strategies] [N/A] ⏱ Skipping VWAP_diff_signal_rsi_1700, not yet time (every 5m)
2025-05-07 19:08:00 - DEBUG - [_process_strategies] [N/A] ⏱ Skipping VWAP_diff_signal_1700_volume, not yet time (every 5m)
2025-05-07 19:08:00 - DEBUG - [_process_strategies] [N/A] ⏱ Skipping VWAP_diff_signal_1700, not yet time (every 5m)
2025-05-07 19:08:00 - DEBUG - [_process_strategies] [N/A] ⏱ Skipping EMA_Cross_ema50, not yet time (every 5m)
2025-05-07 19:08:00 - DEBUG - [_process_strategies] [N/A] ⏱ Skipping SMA_Cross_sma50, not yet time (every 5m)
2025-05-07 19:08:00 - DEBUG - [_process_strategies] [N/A] ⏱ Skipping SMA_Cross_candle, not yet time (every 5m)
2025-05-07 19:08:00 - DEBUG - [_process_strategies] [N/A] ⏱ Skipping EMA_Cross_candle, not yet time (every 5m)
2025-05-07 19:08:00 - INFO - [_update_active_orders_and_telegram] [N/A] 📊 Updating SL/TP for active orders
2025-05-07 19:08:01 - INFO - [_wait_until_next_iteration] [N/A] ⏳ Sleeping for 58.92 seconds before the next cycle
2025-05-07 19:09:00 - DEBUG - [_process_strategies] [N/A] ⏱ Skipping VWAP_diff_signal_rsi_1700, not yet time (every 5m)
2025-05-07 19:09:00 - DEBUG - [_process_strategies] [N/A] ⏱ Skipping VWAP_diff_signal_1700_volume, not yet time (every 5m)
2025-05-07 19:09:00 - DEBUG - [_process_strategies] [N/A] ⏱ Skipping VWAP_diff_signal_1700, not yet time (every 5m)
2025-05-07 19:09:00 - DEBUG - [_process_strategies] [N/A] ⏱ Skipping EMA_Cross_ema50, not yet time (every 5m)
2025-05-07 19:09:00 - DEBUG - [_process_strategies] [N/A] ⏱ Skipping SMA_Cross_sma50, not yet time (every 5m)
2025-05-07 19:09:00 - DEBUG - [_process_strategies] [N/A] ⏱ Skipping SMA_Cross_candle, not yet time (every 5m)
2025-05-07 19:09:00 - DEBUG - [_process_strategies] [N/A] ⏱ Skipping EMA_Cross_candle, not yet time (every 5m)
2025-05-07 19:09:00 - INFO - [_update_active_orders_and_telegram] [N/A] 📊 Updating SL/TP for active orders
2025-05-07 19:09:01 - INFO - [_wait_until_next_iteration] [N/A] ⏳ Sleeping for 58.93 seconds before the next cycle
2025-05-07 19:10:00 - INFO - [_run_strategy_if_applicable] [N/A] ⏰ Strategy 'VWAP_diff_signal_rsi_1700' not executed because it's outside the time window: 17:30:00 - 19:00:00
2025-05-07 19:10:00 - INFO - [_run_strategy_if_applicable] [N/A] ⏰ Strategy 'VWAP_diff_signal_1700_volume' not executed because it's outside the time window: 17:30:00 - 19:00:00
2025-05-07 19:10:00 - INFO - [_run_strategy_if_applicable] [N/A] ⏰ Strategy 'VWAP_diff_signal_1700' not executed because it's outside the time window: 17:30:00 - 19:00:00
2025-05-07 19:10:00 - INFO - [_run_strategy_if_applicable] [N/A] ⏰ Strategy 'EMA_Cross_ema50' not executed because it's outside the time window: 16:35:00 - 16:50:00
2025-05-07 19:10:00 - INFO - [_run_strategy_if_applicable] [N/A] ⏰ Strategy 'SMA_Cross_sma50' not executed because it's outside the time window: 16:35:00 - 16:50:00
2025-05-07 19:10:00 - INFO - [_run_strategy_if_applicable] [N/A] ⏰ Strategy 'SMA_Cross_candle' not executed because it's outside the time window: 16:35:00 - 16:50:00
2025-05-07 19:10:00 - INFO - [_run_strategy_if_applicable] [N/A] ⏰ Strategy 'EMA_Cross_candle' not executed because it's outside the time window: 16:35:00 - 16:50:00
2025-05-07 19:10:00 - INFO - [_update_active_orders_and_telegram] [N/A] 📊 Updating SL/TP for active orders
2025-05-07 19:10:01 - INFO - [_wait_until_next_iteration] [N/A] ⏳ Sleeping for 58.93 seconds before the next cycle
2025-05-07 19:11:00 - DEBUG - [_process_strategies] [N/A] ⏱ Skipping VWAP_diff_signal_rsi_1700, not yet time (every 5m)
2025-05-07 19:11:00 - DEBUG - [_process_strategies] [N/A] ⏱ Skipping VWAP_diff_signal_1700_volume, not yet time (every 5m)
2025-05-07 19:11:00 - DEBUG - [_process_strategies] [N/A] ⏱ Skipping VWAP_diff_signal_1700, not yet time (every 5m)
2025-05-07 19:11:00 - DEBUG - [_process_strategies] [N/A] ⏱ Skipping EMA_Cross_ema50, not yet time (every 5m)
2025-05-07 19:11:00 - DEBUG - [_process_strategies] [N/A] ⏱ Skipping SMA_Cross_sma50, not yet time (every 5m)
2025-05-07 19:11:00 - DEBUG - [_process_strategies] [N/A] ⏱ Skipping SMA_Cross_candle, not yet time (every 5m)
2025-05-07 19:11:00 - DEBUG - [_process_strategies] [N/A] ⏱ Skipping EMA_Cross_candle, not yet time (every 5m)
2025-05-07 19:11:00 - INFO - [_update_active_orders_and_telegram] [N/A] 📊 Updating SL/TP for active orders
2025-05-07 19:11:01 - INFO - [_wait_until_next_iteration] [N/A] ⏳ Sleeping for 58.93 seconds before the next cycle
2025-05-07 19:12:00 - DEBUG - [_process_strategies] [N/A] ⏱ Skipping VWAP_diff_signal_rsi_1700, not yet time (every 5m)
2025-05-07 19:12:00 - DEBUG - [_process_strategies] [N/A] ⏱ Skipping VWAP_diff_signal_1700_volume, not yet time (every 5m)
2025-05-07 19:12:00 - DEBUG - [_process_strategies] [N/A] ⏱ Skipping VWAP_diff_signal_1700, not yet time (every 5m)
2025-05-07 19:12:00 - DEBUG - [_process_strategies] [N/A] ⏱ Skipping EMA_Cross_ema50, not yet time (every 5m)
2025-05-07 19:12:00 - DEBUG - [_process_strategies] [N/A] ⏱ Skipping SMA_Cross_sma50, not yet time (every 5m)
2025-05-07 19:12:00 - DEBUG - [_process_strategies] [N/A] ⏱ Skipping SMA_Cross_candle, not yet time (every 5m)
2025-05-07 19:12:00 - DEBUG - [_process_strategies] [N/A] ⏱ Skipping EMA_Cross_candle, not yet time (every 5m)
2025-05-07 19:12:00 - INFO - [_update_active_orders_and_telegram] [N/A] 📊 Updating SL/TP for active orders
2025-05-07 19:12:01 - INFO - [_wait_until_next_iteration] [N/A] ⏳ Sleeping for 58.93 seconds before the next cycle
2025-05-07 19:13:00 - DEBUG - [_process_strategies] [N/A] ⏱ Skipping VWAP_diff_signal_rsi_1700, not yet time (every 5m)
2025-05-07 19:13:00 - DEBUG - [_process_strategies] [N/A] ⏱ Skipping VWAP_diff_signal_1700_volume, not yet time (every 5m)
2025-05-07 19:13:00 - DEBUG - [_process_strategies] [N/A] ⏱ Skipping VWAP_diff_signal_1700, not yet time (every 5m)
2025-05-07 19:13:00 - DEBUG - [_process_strategies] [N/A] ⏱ Skipping EMA_Cross_ema50, not yet time (every 5m)
2025-05-07 19:13:00 - DEBUG - [_process_strategies] [N/A] ⏱ Skipping SMA_Cross_sma50, not yet time (every 5m)
2025-05-07 19:13:00 - DEBUG - [_process_strategies] [N/A] ⏱ Skipping SMA_Cross_candle, not yet time (every 5m)
2025-05-07 19:13:00 - DEBUG - [_process_strategies] [N/A] ⏱ Skipping EMA_Cross_candle, not yet time (every 5m)
2025-05-07 19:13:00 - INFO - [_update_active_orders_and_telegram] [N/A] 📊 Updating SL/TP for active orders
2025-05-07 19:13:01 - INFO - [_wait_until_next_iteration] [N/A] ⏳ Sleeping for 58.93 seconds before the next cycle
2025-05-07 19:14:00 - DEBUG - [_process_strategies] [N/A] ⏱ Skipping VWAP_diff_signal_rsi_1700, not yet time (every 5m)
2025-05-07 19:14:00 - DEBUG - [_process_strategies] [N/A] ⏱ Skipping VWAP_diff_signal_1700_volume, not yet time (every 5m)
2025-05-07 19:14:00 - DEBUG - [_process_strategies] [N/A] ⏱ Skipping VWAP_diff_signal_1700, not yet time (every 5m)
2025-05-07 19:14:00 - DEBUG - [_process_strategies] [N/A] ⏱ Skipping EMA_Cross_ema50, not yet time (every 5m)
2025-05-07 19:14:00 - DEBUG - [_process_strategies] [N/A] ⏱ Skipping SMA_Cross_sma50, not yet time (every 5m)
2025-05-07 19:14:00 - DEBUG - [_process_strategies] [N/A] ⏱ Skipping SMA_Cross_candle, not yet time (every 5m)
2025-05-07 19:14:00 - DEBUG - [_process_strategies] [N/A] ⏱ Skipping EMA_Cross_candle, not yet time (every 5m)
2025-05-07 19:14:00 - INFO - [_update_active_orders_and_telegram] [N/A] 📊 Updating SL/TP for active orders
2025-05-07 19:14:01 - INFO - [_wait_until_next_iteration] [N/A] ⏳ Sleeping for 58.93 seconds before the next cycle
2025-05-07 19:15:00 - INFO - [_run_strategy_if_applicable] [N/A] ⏰ Strategy 'VWAP_diff_signal_rsi_1700' not executed because it's outside the time window: 17:30:00 - 19:00:00
2025-05-07 19:15:00 - INFO - [_run_strategy_if_applicable] [N/A] ⏰ Strategy 'VWAP_diff_signal_1700_volume' not executed because it's outside the time window: 17:30:00 - 19:00:00
2025-05-07 19:15:00 - INFO - [_run_strategy_if_applicable] [N/A] ⏰ Strategy 'VWAP_diff_signal_1700' not executed because it's outside the time window: 17:30:00 - 19:00:00
2025-05-07 19:15:00 - INFO - [_run_strategy_if_applicable] [N/A] ⏰ Strategy 'EMA_Cross_ema50' not executed because it's outside the time window: 16:35:00 - 16:50:00
2025-05-07 19:15:00 - INFO - [_run_strategy_if_applicable] [N/A] ⏰ Strategy 'SMA_Cross_sma50' not executed because it's outside the time window: 16:35:00 - 16:50:00
2025-05-07 19:15:00 - INFO - [_run_strategy_if_applicable] [N/A] ⏰ Strategy 'SMA_Cross_candle' not executed because it's outside the time window: 16:35:00 - 16:50:00
2025-05-07 19:15:00 - INFO - [_run_strategy_if_applicable] [N/A] ⏰ Strategy 'EMA_Cross_candle' not executed because it's outside the time window: 16:35:00 - 16:50:00
2025-05-07 19:15:00 - INFO - [_update_active_orders_and_telegram] [N/A] 📊 Updating SL/TP for active orders
2025-05-07 19:15:01 - INFO - [_wait_until_next_iteration] [N/A] ⏳ Sleeping for 58.94 seconds before the next cycle
2025-05-07 19:16:00 - DEBUG - [_process_strategies] [N/A] ⏱ Skipping VWAP_diff_signal_rsi_1700, not yet time (every 5m)
2025-05-07 19:16:00 - DEBUG - [_process_strategies] [N/A] ⏱ Skipping VWAP_diff_signal_1700_volume, not yet time (every 5m)
2025-05-07 19:16:00 - DEBUG - [_process_strategies] [N/A] ⏱ Skipping VWAP_diff_signal_1700, not yet time (every 5m)
2025-05-07 19:16:00 - DEBUG - [_process_strategies] [N/A] ⏱ Skipping EMA_Cross_ema50, not yet time (every 5m)
2025-05-07 19:16:00 - DEBUG - [_process_strategies] [N/A] ⏱ Skipping SMA_Cross_sma50, not yet time (every 5m)
2025-05-07 19:16:00 - DEBUG - [_process_strategies] [N/A] ⏱ Skipping SMA_Cross_candle, not yet time (every 5m)
2025-05-07 19:16:00 - DEBUG - [_process_strategies] [N/A] ⏱ Skipping EMA_Cross_candle, not yet time (every 5m)
2025-05-07 19:16:00 - INFO - [_update_active_orders_and_telegram] [N/A] 📊 Updating SL/TP for active orders
2025-05-07 19:16:01 - INFO - [_wait_until_next_iteration] [N/A] ⏳ Sleeping for 58.97 seconds before the next cycle
2025-05-07 19:17:00 - DEBUG - [_process_strategies] [N/A] ⏱ Skipping VWAP_diff_signal_rsi_1700, not yet time (every 5m)
2025-05-07 19:17:00 - DEBUG - [_process_strategies] [N/A] ⏱ Skipping VWAP_diff_signal_1700_volume, not yet time (every 5m)
2025-05-07 19:17:00 - DEBUG - [_process_strategies] [N/A] ⏱ Skipping VWAP_diff_signal_1700, not yet time (every 5m)
2025-05-07 19:17:00 - DEBUG - [_process_strategies] [N/A] ⏱ Skipping EMA_Cross_ema50, not yet time (every 5m)
2025-05-07 19:17:00 - DEBUG - [_process_strategies] [N/A] ⏱ Skipping SMA_Cross_sma50, not yet time (every 5m)
2025-05-07 19:17:00 - DEBUG - [_process_strategies] [N/A] ⏱ Skipping SMA_Cross_candle, not yet time (every 5m)
2025-05-07 19:17:00 - DEBUG - [_process_strategies] [N/A] ⏱ Skipping EMA_Cross_candle, not yet time (every 5m)
2025-05-07 19:17:00 - INFO - [_update_active_orders_and_telegram] [N/A] 📊 Updating SL/TP for active orders
2025-05-07 19:17:01 - INFO - [_wait_until_next_iteration] [N/A] ⏳ Sleeping for 58.94 seconds before the next cycle
2025-05-07 19:18:00 - DEBUG - [_process_strategies] [N/A] ⏱ Skipping VWAP_diff_signal_rsi_1700, not yet time (every 5m)
2025-05-07 19:18:00 - DEBUG - [_process_strategies] [N/A] ⏱ Skipping VWAP_diff_signal_1700_volume, not yet time (every 5m)
2025-05-07 19:18:00 - DEBUG - [_process_strategies] [N/A] ⏱ Skipping VWAP_diff_signal_1700, not yet time (every 5m)
2025-05-07 19:18:00 - DEBUG - [_process_strategies] [N/A] ⏱ Skipping EMA_Cross_ema50, not yet time (every 5m)
2025-05-07 19:18:00 - DEBUG - [_process_strategies] [N/A] ⏱ Skipping SMA_Cross_sma50, not yet time (every 5m)
2025-05-07 19:18:00 - DEBUG - [_process_strategies] [N/A] ⏱ Skipping SMA_Cross_candle, not yet time (every 5m)
2025-05-07 19:18:00 - DEBUG - [_process_strategies] [N/A] ⏱ Skipping EMA_Cross_candle, not yet time (every 5m)
2025-05-07 19:18:00 - INFO - [_update_active_orders_and_telegram] [N/A] 📊 Updating SL/TP for active orders
2025-05-07 19:18:01 - INFO - [_wait_until_next_iteration] [N/A] ⏳ Sleeping for 58.94 seconds before the next cycle
2025-05-07 19:19:00 - DEBUG - [_process_strategies] [N/A] ⏱ Skipping VWAP_diff_signal_rsi_1700, not yet time (every 5m)
2025-05-07 19:19:00 - DEBUG - [_process_strategies] [N/A] ⏱ Skipping VWAP_diff_signal_1700_volume, not yet time (every 5m)
2025-05-07 19:19:00 - DEBUG - [_process_strategies] [N/A] ⏱ Skipping VWAP_diff_signal_1700, not yet time (every 5m)
2025-05-07 19:19:00 - DEBUG - [_process_strategies] [N/A] ⏱ Skipping EMA_Cross_ema50, not yet time (every 5m)
2025-05-07 19:19:00 - DEBUG - [_process_strategies] [N/A] ⏱ Skipping SMA_Cross_sma50, not yet time (every 5m)
2025-05-07 19:19:00 - DEBUG - [_process_strategies] [N/A] ⏱ Skipping SMA_Cross_candle, not yet time (every 5m)
2025-05-07 19:19:00 - DEBUG - [_process_strategies] [N/A] ⏱ Skipping EMA_Cross_candle, not yet time (every 5m)
2025-05-07 19:19:00 - INFO - [_update_active_orders_and_telegram] [N/A] 📊 Updating SL/TP for active orders
2025-05-07 19:19:01 - INFO - [_wait_until_next_iteration] [N/A] ⏳ Sleeping for 58.94 seconds before the next cycle
2025-05-07 19:20:00 - INFO - [_run_strategy_if_applicable] [N/A] ⏰ Strategy 'VWAP_diff_signal_rsi_1700' not executed because it's outside the time window: 17:30:00 - 19:00:00
2025-05-07 19:20:00 - INFO - [_run_strategy_if_applicable] [N/A] ⏰ Strategy 'VWAP_diff_signal_1700_volume' not executed because it's outside the time window: 17:30:00 - 19:00:00
2025-05-07 19:20:00 - INFO - [_run_strategy_if_applicable] [N/A] ⏰ Strategy 'VWAP_diff_signal_1700' not executed because it's outside the time window: 17:30:00 - 19:00:00
2025-05-07 19:20:00 - INFO - [_run_strategy_if_applicable] [N/A] ⏰ Strategy 'EMA_Cross_ema50' not executed because it's outside the time window: 16:35:00 - 16:50:00
2025-05-07 19:20:00 - INFO - [_run_strategy_if_applicable] [N/A] ⏰ Strategy 'SMA_Cross_sma50' not executed because it's outside the time window: 16:35:00 - 16:50:00
2025-05-07 19:20:00 - INFO - [_run_strategy_if_applicable] [N/A] ⏰ Strategy 'SMA_Cross_candle' not executed because it's outside the time window: 16:35:00 - 16:50:00
2025-05-07 19:20:00 - INFO - [_run_strategy_if_applicable] [N/A] ⏰ Strategy 'EMA_Cross_candle' not executed because it's outside the time window: 16:35:00 - 16:50:00
2025-05-07 19:20:00 - INFO - [_update_active_orders_and_telegram] [N/A] 📊 Updating SL/TP for active orders
2025-05-07 19:20:01 - INFO - [_wait_until_next_iteration] [N/A] ⏳ Sleeping for 58.94 seconds before the next cycle
2025-05-07 19:21:00 - DEBUG - [_process_strategies] [N/A] ⏱ Skipping VWAP_diff_signal_rsi_1700, not yet time (every 5m)
2025-05-07 19:21:00 - DEBUG - [_process_strategies] [N/A] ⏱ Skipping VWAP_diff_signal_1700_volume, not yet time (every 5m)
2025-05-07 19:21:00 - DEBUG - [_process_strategies] [N/A] ⏱ Skipping VWAP_diff_signal_1700, not yet time (every 5m)
2025-05-07 19:21:00 - DEBUG - [_process_strategies] [N/A] ⏱ Skipping EMA_Cross_ema50, not yet time (every 5m)
2025-05-07 19:21:00 - DEBUG - [_process_strategies] [N/A] ⏱ Skipping SMA_Cross_sma50, not yet time (every 5m)
2025-05-07 19:21:00 - DEBUG - [_process_strategies] [N/A] ⏱ Skipping SMA_Cross_candle, not yet time (every 5m)
2025-05-07 19:21:00 - DEBUG - [_process_strategies] [N/A] ⏱ Skipping EMA_Cross_candle, not yet time (every 5m)
2025-05-07 19:21:00 - INFO - [_update_active_orders_and_telegram] [N/A] 📊 Updating SL/TP for active orders
2025-05-07 19:21:01 - INFO - [_wait_until_next_iteration] [N/A] ⏳ Sleeping for 58.95 seconds before the next cycle
2025-05-07 19:22:00 - DEBUG - [_process_strategies] [N/A] ⏱ Skipping VWAP_diff_signal_rsi_1700, not yet time (every 5m)
2025-05-07 19:22:00 - DEBUG - [_process_strategies] [N/A] ⏱ Skipping VWAP_diff_signal_1700_volume, not yet time (every 5m)
2025-05-07 19:22:00 - DEBUG - [_process_strategies] [N/A] ⏱ Skipping VWAP_diff_signal_1700, not yet time (every 5m)
2025-05-07 19:22:00 - DEBUG - [_process_strategies] [N/A] ⏱ Skipping EMA_Cross_ema50, not yet time (every 5m)
2025-05-07 19:22:00 - DEBUG - [_process_strategies] [N/A] ⏱ Skipping SMA_Cross_sma50, not yet time (every 5m)
2025-05-07 19:22:00 - DEBUG - [_process_strategies] [N/A] ⏱ Skipping SMA_Cross_candle, not yet time (every 5m)
2025-05-07 19:22:00 - DEBUG - [_process_strategies] [N/A] ⏱ Skipping EMA_Cross_candle, not yet time (every 5m)
2025-05-07 19:22:00 - INFO - [_update_active_orders_and_telegram] [N/A] 📊 Updating SL/TP for active orders
2025-05-07 19:22:01 - INFO - [_wait_until_next_iteration] [N/A] ⏳ Sleeping for 58.94 seconds before the next cycle
2025-05-07 19:23:00 - DEBUG - [_process_strategies] [N/A] ⏱ Skipping VWAP_diff_signal_rsi_1700, not yet time (every 5m)
2025-05-07 19:23:00 - DEBUG - [_process_strategies] [N/A] ⏱ Skipping VWAP_diff_signal_1700_volume, not yet time (every 5m)
2025-05-07 19:23:00 - DEBUG - [_process_strategies] [N/A] ⏱ Skipping VWAP_diff_signal_1700, not yet time (every 5m)
2025-05-07 19:23:00 - DEBUG - [_process_strategies] [N/A] ⏱ Skipping EMA_Cross_ema50, not yet time (every 5m)
2025-05-07 19:23:00 - DEBUG - [_process_strategies] [N/A] ⏱ Skipping SMA_Cross_sma50, not yet time (every 5m)
2025-05-07 19:23:00 - DEBUG - [_process_strategies] [N/A] ⏱ Skipping SMA_Cross_candle, not yet time (every 5m)
2025-05-07 19:23:00 - DEBUG - [_process_strategies] [N/A] ⏱ Skipping EMA_Cross_candle, not yet time (every 5m)
2025-05-07 19:23:00 - INFO - [_update_active_orders_and_telegram] [N/A] 📊 Updating SL/TP for active orders
2025-05-07 19:23:01 - INFO - [_wait_until_next_iteration] [N/A] ⏳ Sleeping for 58.93 seconds before the next cycle
2025-05-07 19:24:00 - DEBUG - [_process_strategies] [N/A] ⏱ Skipping VWAP_diff_signal_rsi_1700, not yet time (every 5m)
2025-05-07 19:24:00 - DEBUG - [_process_strategies] [N/A] ⏱ Skipping VWAP_diff_signal_1700_volume, not yet time (every 5m)
2025-05-07 19:24:00 - DEBUG - [_process_strategies] [N/A] ⏱ Skipping VWAP_diff_signal_1700, not yet time (every 5m)
2025-05-07 19:24:00 - DEBUG - [_process_strategies] [N/A] ⏱ Skipping EMA_Cross_ema50, not yet time (every 5m)
2025-05-07 19:24:00 - DEBUG - [_process_strategies] [N/A] ⏱ Skipping SMA_Cross_sma50, not yet time (every 5m)
2025-05-07 19:24:00 - DEBUG - [_process_strategies] [N/A] ⏱ Skipping SMA_Cross_candle, not yet time (every 5m)
2025-05-07 19:24:00 - DEBUG - [_process_strategies] [N/A] ⏱ Skipping EMA_Cross_candle, not yet time (every 5m)
2025-05-07 19:24:00 - INFO - [_update_active_orders_and_telegram] [N/A] 📊 Updating SL/TP for active orders
2025-05-07 19:24:01 - INFO - [_wait_until_next_iteration] [N/A] ⏳ Sleeping for 58.93 seconds before the next cycle
2025-05-07 19:25:00 - INFO - [_run_strategy_if_applicable] [N/A] ⏰ Strategy 'VWAP_diff_signal_rsi_1700' not executed because it's outside the time window: 17:30:00 - 19:00:00
2025-05-07 19:25:00 - INFO - [_run_strategy_if_applicable] [N/A] ⏰ Strategy 'VWAP_diff_signal_1700_volume' not executed because it's outside the time window: 17:30:00 - 19:00:00
2025-05-07 19:25:00 - INFO - [_run_strategy_if_applicable] [N/A] ⏰ Strategy 'VWAP_diff_signal_1700' not executed because it's outside the time window: 17:30:00 - 19:00:00
2025-05-07 19:25:00 - INFO - [_run_strategy_if_applicable] [N/A] ⏰ Strategy 'EMA_Cross_ema50' not executed because it's outside the time window: 16:35:00 - 16:50:00
2025-05-07 19:25:00 - INFO - [_run_strategy_if_applicable] [N/A] ⏰ Strategy 'SMA_Cross_sma50' not executed because it's outside the time window: 16:35:00 - 16:50:00
2025-05-07 19:25:00 - INFO - [_run_strategy_if_applicable] [N/A] ⏰ Strategy 'SMA_Cross_candle' not executed because it's outside the time window: 16:35:00 - 16:50:00
2025-05-07 19:25:00 - INFO - [_run_strategy_if_applicable] [N/A] ⏰ Strategy 'EMA_Cross_candle' not executed because it's outside the time window: 16:35:00 - 16:50:00
2025-05-07 19:25:00 - INFO - [_update_active_orders_and_telegram] [N/A] 📊 Updating SL/TP for active orders
2025-05-07 19:25:01 - INFO - [_wait_until_next_iteration] [N/A] ⏳ Sleeping for 58.92 seconds before the next cycle
2025-05-07 19:26:00 - DEBUG - [_process_strategies] [N/A] ⏱ Skipping VWAP_diff_signal_rsi_1700, not yet time (every 5m)
2025-05-07 19:26:00 - DEBUG - [_process_strategies] [N/A] ⏱ Skipping VWAP_diff_signal_1700_volume, not yet time (every 5m)
2025-05-07 19:26:00 - DEBUG - [_process_strategies] [N/A] ⏱ Skipping VWAP_diff_signal_1700, not yet time (every 5m)
2025-05-07 19:26:00 - DEBUG - [_process_strategies] [N/A] ⏱ Skipping EMA_Cross_ema50, not yet time (every 5m)
2025-05-07 19:26:00 - DEBUG - [_process_strategies] [N/A] ⏱ Skipping SMA_Cross_sma50, not yet time (every 5m)
2025-05-07 19:26:00 - DEBUG - [_process_strategies] [N/A] ⏱ Skipping SMA_Cross_candle, not yet time (every 5m)
2025-05-07 19:26:00 - DEBUG - [_process_strategies] [N/A] ⏱ Skipping EMA_Cross_candle, not yet time (every 5m)
2025-05-07 19:26:00 - INFO - [_update_active_orders_and_telegram] [N/A] 📊 Updating SL/TP for active orders
2025-05-07 19:26:01 - INFO - [_wait_until_next_iteration] [N/A] ⏳ Sleeping for 58.94 seconds before the next cycle
2025-05-07 19:27:00 - DEBUG - [_process_strategies] [N/A] ⏱ Skipping VWAP_diff_signal_rsi_1700, not yet time (every 5m)
2025-05-07 19:27:00 - DEBUG - [_process_strategies] [N/A] ⏱ Skipping VWAP_diff_signal_1700_volume, not yet time (every 5m)
2025-05-07 19:27:00 - DEBUG - [_process_strategies] [N/A] ⏱ Skipping VWAP_diff_signal_1700, not yet time (every 5m)
2025-05-07 19:27:00 - DEBUG - [_process_strategies] [N/A] ⏱ Skipping EMA_Cross_ema50, not yet time (every 5m)
2025-05-07 19:27:00 - DEBUG - [_process_strategies] [N/A] ⏱ Skipping SMA_Cross_sma50, not yet time (every 5m)
2025-05-07 19:27:00 - DEBUG - [_process_strategies] [N/A] ⏱ Skipping SMA_Cross_candle, not yet time (every 5m)
2025-05-07 19:27:00 - DEBUG - [_process_strategies] [N/A] ⏱ Skipping EMA_Cross_candle, not yet time (every 5m)
2025-05-07 19:27:00 - INFO - [_update_active_orders_and_telegram] [N/A] 📊 Updating SL/TP for active orders
2025-05-07 19:27:01 - INFO - [_wait_until_next_iteration] [N/A] ⏳ Sleeping for 58.93 seconds before the next cycle
2025-05-07 19:28:00 - DEBUG - [_process_strategies] [N/A] ⏱ Skipping VWAP_diff_signal_rsi_1700, not yet time (every 5m)
2025-05-07 19:28:00 - DEBUG - [_process_strategies] [N/A] ⏱ Skipping VWAP_diff_signal_1700_volume, not yet time (every 5m)
2025-05-07 19:28:00 - DEBUG - [_process_strategies] [N/A] ⏱ Skipping VWAP_diff_signal_1700, not yet time (every 5m)
2025-05-07 19:28:00 - DEBUG - [_process_strategies] [N/A] ⏱ Skipping EMA_Cross_ema50, not yet time (every 5m)
2025-05-07 19:28:00 - DEBUG - [_process_strategies] [N/A] ⏱ Skipping SMA_Cross_sma50, not yet time (every 5m)
2025-05-07 19:28:00 - DEBUG - [_process_strategies] [N/A] ⏱ Skipping SMA_Cross_candle, not yet time (every 5m)
2025-05-07 19:28:00 - DEBUG - [_process_strategies] [N/A] ⏱ Skipping EMA_Cross_candle, not yet time (every 5m)
2025-05-07 19:28:00 - INFO - [_update_active_orders_and_telegram] [N/A] 📊 Updating SL/TP for active orders
2025-05-07 19:28:01 - INFO - [_wait_until_next_iteration] [N/A] ⏳ Sleeping for 58.94 seconds before the next cycle
2025-05-07 19:29:00 - DEBUG - [_process_strategies] [N/A] ⏱ Skipping VWAP_diff_signal_rsi_1700, not yet time (every 5m)
2025-05-07 19:29:00 - DEBUG - [_process_strategies] [N/A] ⏱ Skipping VWAP_diff_signal_1700_volume, not yet time (every 5m)
2025-05-07 19:29:00 - DEBUG - [_process_strategies] [N/A] ⏱ Skipping VWAP_diff_signal_1700, not yet time (every 5m)
2025-05-07 19:29:00 - DEBUG - [_process_strategies] [N/A] ⏱ Skipping EMA_Cross_ema50, not yet time (every 5m)
2025-05-07 19:29:00 - DEBUG - [_process_strategies] [N/A] ⏱ Skipping SMA_Cross_sma50, not yet time (every 5m)
2025-05-07 19:29:00 - DEBUG - [_process_strategies] [N/A] ⏱ Skipping SMA_Cross_candle, not yet time (every 5m)
2025-05-07 19:29:00 - DEBUG - [_process_strategies] [N/A] ⏱ Skipping EMA_Cross_candle, not yet time (every 5m)
2025-05-07 19:29:00 - INFO - [_update_active_orders_and_telegram] [N/A] 📊 Updating SL/TP for active orders
2025-05-07 19:29:01 - INFO - [_wait_until_next_iteration] [N/A] ⏳ Sleeping for 58.93 seconds before the next cycle
2025-05-07 19:30:00 - INFO - [_run_strategy_if_applicable] [N/A] ⏰ Strategy 'VWAP_diff_signal_rsi_1700' not executed because it's outside the time window: 17:30:00 - 19:00:00
2025-05-07 19:30:00 - INFO - [_run_strategy_if_applicable] [N/A] ⏰ Strategy 'VWAP_diff_signal_1700_volume' not executed because it's outside the time window: 17:30:00 - 19:00:00
2025-05-07 19:30:00 - INFO - [_run_strategy_if_applicable] [N/A] ⏰ Strategy 'VWAP_diff_signal_1700' not executed because it's outside the time window: 17:30:00 - 19:00:00
2025-05-07 19:30:00 - INFO - [_run_strategy_if_applicable] [N/A] ⏰ Strategy 'EMA_Cross_ema50' not executed because it's outside the time window: 16:35:00 - 16:50:00
2025-05-07 19:30:00 - INFO - [_run_strategy_if_applicable] [N/A] ⏰ Strategy 'SMA_Cross_sma50' not executed because it's outside the time window: 16:35:00 - 16:50:00
2025-05-07 19:30:00 - INFO - [_run_strategy_if_applicable] [N/A] ⏰ Strategy 'SMA_Cross_candle' not executed because it's outside the time window: 16:35:00 - 16:50:00
2025-05-07 19:30:00 - INFO - [_run_strategy_if_applicable] [N/A] ⏰ Strategy 'EMA_Cross_candle' not executed because it's outside the time window: 16:35:00 - 16:50:00
2025-05-07 19:30:00 - INFO - [_update_active_orders_and_telegram] [N/A] 📊 Updating SL/TP for active orders
2025-05-07 19:30:01 - INFO - [_wait_until_next_iteration] [N/A] ⏳ Sleeping for 58.93 seconds before the next cycle
2025-05-07 19:31:00 - DEBUG - [_process_strategies] [N/A] ⏱ Skipping VWAP_diff_signal_rsi_1700, not yet time (every 5m)
2025-05-07 19:31:00 - DEBUG - [_process_strategies] [N/A] ⏱ Skipping VWAP_diff_signal_1700_volume, not yet time (every 5m)
2025-05-07 19:31:00 - DEBUG - [_process_strategies] [N/A] ⏱ Skipping VWAP_diff_signal_1700, not yet time (every 5m)
2025-05-07 19:31:00 - DEBUG - [_process_strategies] [N/A] ⏱ Skipping EMA_Cross_ema50, not yet time (every 5m)
2025-05-07 19:31:00 - DEBUG - [_process_strategies] [N/A] ⏱ Skipping SMA_Cross_sma50, not yet time (every 5m)
2025-05-07 19:31:00 - DEBUG - [_process_strategies] [N/A] ⏱ Skipping SMA_Cross_candle, not yet time (every 5m)
2025-05-07 19:31:00 - DEBUG - [_process_strategies] [N/A] ⏱ Skipping EMA_Cross_candle, not yet time (every 5m)
2025-05-07 19:31:00 - INFO - [_update_active_orders_and_telegram] [N/A] 📊 Updating SL/TP for active orders
2025-05-07 19:31:01 - INFO - [_wait_until_next_iteration] [N/A] ⏳ Sleeping for 58.94 seconds before the next cycle
2025-05-07 19:32:00 - DEBUG - [_process_strategies] [N/A] ⏱ Skipping VWAP_diff_signal_rsi_1700, not yet time (every 5m)
2025-05-07 19:32:00 - DEBUG - [_process_strategies] [N/A] ⏱ Skipping VWAP_diff_signal_1700_volume, not yet time (every 5m)
2025-05-07 19:32:00 - DEBUG - [_process_strategies] [N/A] ⏱ Skipping VWAP_diff_signal_1700, not yet time (every 5m)
2025-05-07 19:32:00 - DEBUG - [_process_strategies] [N/A] ⏱ Skipping EMA_Cross_ema50, not yet time (every 5m)
2025-05-07 19:32:00 - DEBUG - [_process_strategies] [N/A] ⏱ Skipping SMA_Cross_sma50, not yet time (every 5m)
2025-05-07 19:32:00 - DEBUG - [_process_strategies] [N/A] ⏱ Skipping SMA_Cross_candle, not yet time (every 5m)
2025-05-07 19:32:00 - DEBUG - [_process_strategies] [N/A] ⏱ Skipping EMA_Cross_candle, not yet time (every 5m)
2025-05-07 19:32:00 - INFO - [_update_active_orders_and_telegram] [N/A] 📊 Updating SL/TP for active orders
2025-05-07 19:32:01 - INFO - [_wait_until_next_iteration] [N/A] ⏳ Sleeping for 58.93 seconds before the next cycle
2025-05-07 19:33:00 - DEBUG - [_process_strategies] [N/A] ⏱ Skipping VWAP_diff_signal_rsi_1700, not yet time (every 5m)
2025-05-07 19:33:00 - DEBUG - [_process_strategies] [N/A] ⏱ Skipping VWAP_diff_signal_1700_volume, not yet time (every 5m)
2025-05-07 19:33:00 - DEBUG - [_process_strategies] [N/A] ⏱ Skipping VWAP_diff_signal_1700, not yet time (every 5m)
2025-05-07 19:33:00 - DEBUG - [_process_strategies] [N/A] ⏱ Skipping EMA_Cross_ema50, not yet time (every 5m)
2025-05-07 19:33:00 - DEBUG - [_process_strategies] [N/A] ⏱ Skipping SMA_Cross_sma50, not yet time (every 5m)
2025-05-07 19:33:00 - DEBUG - [_process_strategies] [N/A] ⏱ Skipping SMA_Cross_candle, not yet time (every 5m)
2025-05-07 19:33:00 - DEBUG - [_process_strategies] [N/A] ⏱ Skipping EMA_Cross_candle, not yet time (every 5m)
2025-05-07 19:33:00 - INFO - [_update_active_orders_and_telegram] [N/A] 📊 Updating SL/TP for active orders
2025-05-07 19:33:01 - INFO - [_wait_until_next_iteration] [N/A] ⏳ Sleeping for 58.94 seconds before the next cycle
2025-05-07 19:34:00 - DEBUG - [_process_strategies] [N/A] ⏱ Skipping VWAP_diff_signal_rsi_1700, not yet time (every 5m)
2025-05-07 19:34:00 - DEBUG - [_process_strategies] [N/A] ⏱ Skipping VWAP_diff_signal_1700_volume, not yet time (every 5m)
2025-05-07 19:34:00 - DEBUG - [_process_strategies] [N/A] ⏱ Skipping VWAP_diff_signal_1700, not yet time (every 5m)
2025-05-07 19:34:00 - DEBUG - [_process_strategies] [N/A] ⏱ Skipping EMA_Cross_ema50, not yet time (every 5m)
2025-05-07 19:34:00 - DEBUG - [_process_strategies] [N/A] ⏱ Skipping SMA_Cross_sma50, not yet time (every 5m)
2025-05-07 19:34:00 - DEBUG - [_process_strategies] [N/A] ⏱ Skipping SMA_Cross_candle, not yet time (every 5m)
2025-05-07 19:34:00 - DEBUG - [_process_strategies] [N/A] ⏱ Skipping EMA_Cross_candle, not yet time (every 5m)
2025-05-07 19:34:00 - INFO - [_update_active_orders_and_telegram] [N/A] 📊 Updating SL/TP for active orders
2025-05-07 19:34:01 - INFO - [_wait_until_next_iteration] [N/A] ⏳ Sleeping for 58.94 seconds before the next cycle
2025-05-07 19:35:00 - INFO - [_run_strategy_if_applicable] [N/A] ⏰ Strategy 'VWAP_diff_signal_rsi_1700' not executed because it's outside the time window: 17:30:00 - 19:00:00
2025-05-07 19:35:00 - INFO - [_run_strategy_if_applicable] [N/A] ⏰ Strategy 'VWAP_diff_signal_1700_volume' not executed because it's outside the time window: 17:30:00 - 19:00:00
2025-05-07 19:35:00 - INFO - [_run_strategy_if_applicable] [N/A] ⏰ Strategy 'VWAP_diff_signal_1700' not executed because it's outside the time window: 17:30:00 - 19:00:00
2025-05-07 19:35:00 - INFO - [_run_strategy_if_applicable] [N/A] ⏰ Strategy 'EMA_Cross_ema50' not executed because it's outside the time window: 16:35:00 - 16:50:00
2025-05-07 19:35:00 - INFO - [_run_strategy_if_applicable] [N/A] ⏰ Strategy 'SMA_Cross_sma50' not executed because it's outside the time window: 16:35:00 - 16:50:00
2025-05-07 19:35:00 - INFO - [_run_strategy_if_applicable] [N/A] ⏰ Strategy 'SMA_Cross_candle' not executed because it's outside the time window: 16:35:00 - 16:50:00
2025-05-07 19:35:00 - INFO - [_run_strategy_if_applicable] [N/A] ⏰ Strategy 'EMA_Cross_candle' not executed because it's outside the time window: 16:35:00 - 16:50:00
2025-05-07 19:35:00 - INFO - [_update_active_orders_and_telegram] [N/A] 📊 Updating SL/TP for active orders
2025-05-07 19:35:01 - INFO - [_wait_until_next_iteration] [N/A] ⏳ Sleeping for 58.93 seconds before the next cycle
2025-05-07 19:36:00 - DEBUG - [_process_strategies] [N/A] ⏱ Skipping VWAP_diff_signal_rsi_1700, not yet time (every 5m)
2025-05-07 19:36:00 - DEBUG - [_process_strategies] [N/A] ⏱ Skipping VWAP_diff_signal_1700_volume, not yet time (every 5m)
2025-05-07 19:36:00 - DEBUG - [_process_strategies] [N/A] ⏱ Skipping VWAP_diff_signal_1700, not yet time (every 5m)
2025-05-07 19:36:00 - DEBUG - [_process_strategies] [N/A] ⏱ Skipping EMA_Cross_ema50, not yet time (every 5m)
2025-05-07 19:36:00 - DEBUG - [_process_strategies] [N/A] ⏱ Skipping SMA_Cross_sma50, not yet time (every 5m)
2025-05-07 19:36:00 - DEBUG - [_process_strategies] [N/A] ⏱ Skipping SMA_Cross_candle, not yet time (every 5m)
2025-05-07 19:36:00 - DEBUG - [_process_strategies] [N/A] ⏱ Skipping EMA_Cross_candle, not yet time (every 5m)
2025-05-07 19:36:00 - INFO - [_update_active_orders_and_telegram] [N/A] 📊 Updating SL/TP for active orders
2025-05-07 19:36:01 - INFO - [_wait_until_next_iteration] [N/A] ⏳ Sleeping for 58.95 seconds before the next cycle
2025-05-07 19:37:00 - DEBUG - [_process_strategies] [N/A] ⏱ Skipping VWAP_diff_signal_rsi_1700, not yet time (every 5m)
2025-05-07 19:37:00 - DEBUG - [_process_strategies] [N/A] ⏱ Skipping VWAP_diff_signal_1700_volume, not yet time (every 5m)
2025-05-07 19:37:00 - DEBUG - [_process_strategies] [N/A] ⏱ Skipping VWAP_diff_signal_1700, not yet time (every 5m)
2025-05-07 19:37:00 - DEBUG - [_process_strategies] [N/A] ⏱ Skipping EMA_Cross_ema50, not yet time (every 5m)
2025-05-07 19:37:00 - DEBUG - [_process_strategies] [N/A] ⏱ Skipping SMA_Cross_sma50, not yet time (every 5m)
2025-05-07 19:37:00 - DEBUG - [_process_strategies] [N/A] ⏱ Skipping SMA_Cross_candle, not yet time (every 5m)
2025-05-07 19:37:00 - DEBUG - [_process_strategies] [N/A] ⏱ Skipping EMA_Cross_candle, not yet time (every 5m)
2025-05-07 19:37:00 - INFO - [_update_active_orders_and_telegram] [N/A] 📊 Updating SL/TP for active orders
2025-05-07 19:37:01 - INFO - [_wait_until_next_iteration] [N/A] ⏳ Sleeping for 58.93 seconds before the next cycle
2025-05-07 19:38:00 - DEBUG - [_process_strategies] [N/A] ⏱ Skipping VWAP_diff_signal_rsi_1700, not yet time (every 5m)
2025-05-07 19:38:00 - DEBUG - [_process_strategies] [N/A] ⏱ Skipping VWAP_diff_signal_1700_volume, not yet time (every 5m)
2025-05-07 19:38:00 - DEBUG - [_process_strategies] [N/A] ⏱ Skipping VWAP_diff_signal_1700, not yet time (every 5m)
2025-05-07 19:38:00 - DEBUG - [_process_strategies] [N/A] ⏱ Skipping EMA_Cross_ema50, not yet time (every 5m)
2025-05-07 19:38:00 - DEBUG - [_process_strategies] [N/A] ⏱ Skipping SMA_Cross_sma50, not yet time (every 5m)
2025-05-07 19:38:00 - DEBUG - [_process_strategies] [N/A] ⏱ Skipping SMA_Cross_candle, not yet time (every 5m)
2025-05-07 19:38:00 - DEBUG - [_process_strategies] [N/A] ⏱ Skipping EMA_Cross_candle, not yet time (every 5m)
2025-05-07 19:38:00 - INFO - [_update_active_orders_and_telegram] [N/A] 📊 Updating SL/TP for active orders
2025-05-07 19:38:01 - INFO - [_wait_until_next_iteration] [N/A] ⏳ Sleeping for 58.94 seconds before the next cycle
2025-05-07 19:39:00 - DEBUG - [_process_strategies] [N/A] ⏱ Skipping VWAP_diff_signal_rsi_1700, not yet time (every 5m)
2025-05-07 19:39:00 - DEBUG - [_process_strategies] [N/A] ⏱ Skipping VWAP_diff_signal_1700_volume, not yet time (every 5m)
2025-05-07 19:39:00 - DEBUG - [_process_strategies] [N/A] ⏱ Skipping VWAP_diff_signal_1700, not yet time (every 5m)
2025-05-07 19:39:00 - DEBUG - [_process_strategies] [N/A] ⏱ Skipping EMA_Cross_ema50, not yet time (every 5m)
2025-05-07 19:39:00 - DEBUG - [_process_strategies] [N/A] ⏱ Skipping SMA_Cross_sma50, not yet time (every 5m)
2025-05-07 19:39:00 - DEBUG - [_process_strategies] [N/A] ⏱ Skipping SMA_Cross_candle, not yet time (every 5m)
2025-05-07 19:39:00 - DEBUG - [_process_strategies] [N/A] ⏱ Skipping EMA_Cross_candle, not yet time (every 5m)
2025-05-07 19:39:00 - INFO - [_update_active_orders_and_telegram] [N/A] 📊 Updating SL/TP for active orders
2025-05-07 19:39:01 - INFO - [_wait_until_next_iteration] [N/A] ⏳ Sleeping for 58.93 seconds before the next cycle
2025-05-07 19:40:00 - INFO - [_run_strategy_if_applicable] [N/A] ⏰ Strategy 'VWAP_diff_signal_rsi_1700' not executed because it's outside the time window: 17:30:00 - 19:00:00
2025-05-07 19:40:00 - INFO - [_run_strategy_if_applicable] [N/A] ⏰ Strategy 'VWAP_diff_signal_1700_volume' not executed because it's outside the time window: 17:30:00 - 19:00:00
2025-05-07 19:40:00 - INFO - [_run_strategy_if_applicable] [N/A] ⏰ Strategy 'VWAP_diff_signal_1700' not executed because it's outside the time window: 17:30:00 - 19:00:00
2025-05-07 19:40:00 - INFO - [_run_strategy_if_applicable] [N/A] ⏰ Strategy 'EMA_Cross_ema50' not executed because it's outside the time window: 16:35:00 - 16:50:00
2025-05-07 19:40:00 - INFO - [_run_strategy_if_applicable] [N/A] ⏰ Strategy 'SMA_Cross_sma50' not executed because it's outside the time window: 16:35:00 - 16:50:00
2025-05-07 19:40:00 - INFO - [_run_strategy_if_applicable] [N/A] ⏰ Strategy 'SMA_Cross_candle' not executed because it's outside the time window: 16:35:00 - 16:50:00
2025-05-07 19:40:00 - INFO - [_run_strategy_if_applicable] [N/A] ⏰ Strategy 'EMA_Cross_candle' not executed because it's outside the time window: 16:35:00 - 16:50:00
2025-05-07 19:40:00 - INFO - [_update_active_orders_and_telegram] [N/A] 📊 Updating SL/TP for active orders
2025-05-07 19:40:01 - INFO - [_wait_until_next_iteration] [N/A] ⏳ Sleeping for 58.93 seconds before the next cycle
2025-05-07 19:41:00 - DEBUG - [_process_strategies] [N/A] ⏱ Skipping VWAP_diff_signal_rsi_1700, not yet time (every 5m)
2025-05-07 19:41:00 - DEBUG - [_process_strategies] [N/A] ⏱ Skipping VWAP_diff_signal_1700_volume, not yet time (every 5m)
2025-05-07 19:41:00 - DEBUG - [_process_strategies] [N/A] ⏱ Skipping VWAP_diff_signal_1700, not yet time (every 5m)
2025-05-07 19:41:00 - DEBUG - [_process_strategies] [N/A] ⏱ Skipping EMA_Cross_ema50, not yet time (every 5m)
2025-05-07 19:41:00 - DEBUG - [_process_strategies] [N/A] ⏱ Skipping SMA_Cross_sma50, not yet time (every 5m)
2025-05-07 19:41:00 - DEBUG - [_process_strategies] [N/A] ⏱ Skipping SMA_Cross_candle, not yet time (every 5m)
2025-05-07 19:41:00 - DEBUG - [_process_strategies] [N/A] ⏱ Skipping EMA_Cross_candle, not yet time (every 5m)
2025-05-07 19:41:00 - INFO - [_update_active_orders_and_telegram] [N/A] 📊 Updating SL/TP for active orders
2025-05-07 19:41:01 - INFO - [_wait_until_next_iteration] [N/A] ⏳ Sleeping for 58.93 seconds before the next cycle
2025-05-07 19:42:00 - DEBUG - [_process_strategies] [N/A] ⏱ Skipping VWAP_diff_signal_rsi_1700, not yet time (every 5m)
2025-05-07 19:42:00 - DEBUG - [_process_strategies] [N/A] ⏱ Skipping VWAP_diff_signal_1700_volume, not yet time (every 5m)
2025-05-07 19:42:00 - DEBUG - [_process_strategies] [N/A] ⏱ Skipping VWAP_diff_signal_1700, not yet time (every 5m)
2025-05-07 19:42:00 - DEBUG - [_process_strategies] [N/A] ⏱ Skipping EMA_Cross_ema50, not yet time (every 5m)
2025-05-07 19:42:00 - DEBUG - [_process_strategies] [N/A] ⏱ Skipping SMA_Cross_sma50, not yet time (every 5m)
2025-05-07 19:42:00 - DEBUG - [_process_strategies] [N/A] ⏱ Skipping SMA_Cross_candle, not yet time (every 5m)
2025-05-07 19:42:00 - DEBUG - [_process_strategies] [N/A] ⏱ Skipping EMA_Cross_candle, not yet time (every 5m)
2025-05-07 19:42:00 - INFO - [_update_active_orders_and_telegram] [N/A] 📊 Updating SL/TP for active orders
2025-05-07 19:42:01 - INFO - [_wait_until_next_iteration] [N/A] ⏳ Sleeping for 58.93 seconds before the next cycle
2025-05-07 19:43:00 - DEBUG - [_process_strategies] [N/A] ⏱ Skipping VWAP_diff_signal_rsi_1700, not yet time (every 5m)
2025-05-07 19:43:00 - DEBUG - [_process_strategies] [N/A] ⏱ Skipping VWAP_diff_signal_1700_volume, not yet time (every 5m)
2025-05-07 19:43:00 - DEBUG - [_process_strategies] [N/A] ⏱ Skipping VWAP_diff_signal_1700, not yet time (every 5m)
2025-05-07 19:43:00 - DEBUG - [_process_strategies] [N/A] ⏱ Skipping EMA_Cross_ema50, not yet time (every 5m)
2025-05-07 19:43:00 - DEBUG - [_process_strategies] [N/A] ⏱ Skipping SMA_Cross_sma50, not yet time (every 5m)
2025-05-07 19:43:00 - DEBUG - [_process_strategies] [N/A] ⏱ Skipping SMA_Cross_candle, not yet time (every 5m)
2025-05-07 19:43:00 - DEBUG - [_process_strategies] [N/A] ⏱ Skipping EMA_Cross_candle, not yet time (every 5m)
2025-05-07 19:43:00 - INFO - [_update_active_orders_and_telegram] [N/A] 📊 Updating SL/TP for active orders
2025-05-07 19:43:01 - INFO - [_wait_until_next_iteration] [N/A] ⏳ Sleeping for 58.95 seconds before the next cycle
2025-05-07 19:44:00 - DEBUG - [_process_strategies] [N/A] ⏱ Skipping VWAP_diff_signal_rsi_1700, not yet time (every 5m)
2025-05-07 19:44:00 - DEBUG - [_process_strategies] [N/A] ⏱ Skipping VWAP_diff_signal_1700_volume, not yet time (every 5m)
2025-05-07 19:44:00 - DEBUG - [_process_strategies] [N/A] ⏱ Skipping VWAP_diff_signal_1700, not yet time (every 5m)
2025-05-07 19:44:00 - DEBUG - [_process_strategies] [N/A] ⏱ Skipping EMA_Cross_ema50, not yet time (every 5m)
2025-05-07 19:44:00 - DEBUG - [_process_strategies] [N/A] ⏱ Skipping SMA_Cross_sma50, not yet time (every 5m)
2025-05-07 19:44:00 - DEBUG - [_process_strategies] [N/A] ⏱ Skipping SMA_Cross_candle, not yet time (every 5m)
2025-05-07 19:44:00 - DEBUG - [_process_strategies] [N/A] ⏱ Skipping EMA_Cross_candle, not yet time (every 5m)
2025-05-07 19:44:00 - INFO - [_update_active_orders_and_telegram] [N/A] 📊 Updating SL/TP for active orders
2025-05-07 19:44:01 - INFO - [_wait_until_next_iteration] [N/A] ⏳ Sleeping for 58.96 seconds before the next cycle
2025-05-07 19:45:00 - INFO - [_run_strategy_if_applicable] [N/A] ⏰ Strategy 'VWAP_diff_signal_rsi_1700' not executed because it's outside the time window: 17:30:00 - 19:00:00
2025-05-07 19:45:00 - INFO - [_run_strategy_if_applicable] [N/A] ⏰ Strategy 'VWAP_diff_signal_1700_volume' not executed because it's outside the time window: 17:30:00 - 19:00:00
2025-05-07 19:45:00 - INFO - [_run_strategy_if_applicable] [N/A] ⏰ Strategy 'VWAP_diff_signal_1700' not executed because it's outside the time window: 17:30:00 - 19:00:00
2025-05-07 19:45:00 - INFO - [_run_strategy_if_applicable] [N/A] ⏰ Strategy 'EMA_Cross_ema50' not executed because it's outside the time window: 16:35:00 - 16:50:00
2025-05-07 19:45:00 - INFO - [_run_strategy_if_applicable] [N/A] ⏰ Strategy 'SMA_Cross_sma50' not executed because it's outside the time window: 16:35:00 - 16:50:00
2025-05-07 19:45:00 - INFO - [_run_strategy_if_applicable] [N/A] ⏰ Strategy 'SMA_Cross_candle' not executed because it's outside the time window: 16:35:00 - 16:50:00
2025-05-07 19:45:00 - INFO - [_run_strategy_if_applicable] [N/A] ⏰ Strategy 'EMA_Cross_candle' not executed because it's outside the time window: 16:35:00 - 16:50:00
2025-05-07 19:45:00 - INFO - [_update_active_orders_and_telegram] [N/A] 📊 Updating SL/TP for active orders
2025-05-07 19:45:01 - INFO - [_wait_until_next_iteration] [N/A] ⏳ Sleeping for 58.96 seconds before the next cycle
2025-05-07 19:46:00 - DEBUG - [_process_strategies] [N/A] ⏱ Skipping VWAP_diff_signal_rsi_1700, not yet time (every 5m)
2025-05-07 19:46:00 - DEBUG - [_process_strategies] [N/A] ⏱ Skipping VWAP_diff_signal_1700_volume, not yet time (every 5m)
2025-05-07 19:46:00 - DEBUG - [_process_strategies] [N/A] ⏱ Skipping VWAP_diff_signal_1700, not yet time (every 5m)
2025-05-07 19:46:00 - DEBUG - [_process_strategies] [N/A] ⏱ Skipping EMA_Cross_ema50, not yet time (every 5m)
2025-05-07 19:46:00 - DEBUG - [_process_strategies] [N/A] ⏱ Skipping SMA_Cross_sma50, not yet time (every 5m)
2025-05-07 19:46:00 - DEBUG - [_process_strategies] [N/A] ⏱ Skipping SMA_Cross_candle, not yet time (every 5m)
2025-05-07 19:46:00 - DEBUG - [_process_strategies] [N/A] ⏱ Skipping EMA_Cross_candle, not yet time (every 5m)
2025-05-07 19:46:00 - INFO - [_update_active_orders_and_telegram] [N/A] 📊 Updating SL/TP for active orders
2025-05-07 19:46:01 - INFO - [_wait_until_next_iteration] [N/A] ⏳ Sleeping for 58.93 seconds before the next cycle
2025-05-07 19:47:00 - DEBUG - [_process_strategies] [N/A] ⏱ Skipping VWAP_diff_signal_rsi_1700, not yet time (every 5m)
2025-05-07 19:47:00 - DEBUG - [_process_strategies] [N/A] ⏱ Skipping VWAP_diff_signal_1700_volume, not yet time (every 5m)
2025-05-07 19:47:00 - DEBUG - [_process_strategies] [N/A] ⏱ Skipping VWAP_diff_signal_1700, not yet time (every 5m)
2025-05-07 19:47:00 - DEBUG - [_process_strategies] [N/A] ⏱ Skipping EMA_Cross_ema50, not yet time (every 5m)
2025-05-07 19:47:00 - DEBUG - [_process_strategies] [N/A] ⏱ Skipping SMA_Cross_sma50, not yet time (every 5m)
2025-05-07 19:47:00 - DEBUG - [_process_strategies] [N/A] ⏱ Skipping SMA_Cross_candle, not yet time (every 5m)
2025-05-07 19:47:00 - DEBUG - [_process_strategies] [N/A] ⏱ Skipping EMA_Cross_candle, not yet time (every 5m)
2025-05-07 19:47:00 - INFO - [_update_active_orders_and_telegram] [N/A] 📊 Updating SL/TP for active orders
2025-05-07 19:47:01 - INFO - [_wait_until_next_iteration] [N/A] ⏳ Sleeping for 58.93 seconds before the next cycle
2025-05-07 19:48:00 - DEBUG - [_process_strategies] [N/A] ⏱ Skipping VWAP_diff_signal_rsi_1700, not yet time (every 5m)
2025-05-07 19:48:00 - DEBUG - [_process_strategies] [N/A] ⏱ Skipping VWAP_diff_signal_1700_volume, not yet time (every 5m)
2025-05-07 19:48:00 - DEBUG - [_process_strategies] [N/A] ⏱ Skipping VWAP_diff_signal_1700, not yet time (every 5m)
2025-05-07 19:48:00 - DEBUG - [_process_strategies] [N/A] ⏱ Skipping EMA_Cross_ema50, not yet time (every 5m)
2025-05-07 19:48:00 - DEBUG - [_process_strategies] [N/A] ⏱ Skipping SMA_Cross_sma50, not yet time (every 5m)
2025-05-07 19:48:00 - DEBUG - [_process_strategies] [N/A] ⏱ Skipping SMA_Cross_candle, not yet time (every 5m)
2025-05-07 19:48:00 - DEBUG - [_process_strategies] [N/A] ⏱ Skipping EMA_Cross_candle, not yet time (every 5m)
2025-05-07 19:48:00 - INFO - [_update_active_orders_and_telegram] [N/A] 📊 Updating SL/TP for active orders
2025-05-07 19:48:01 - INFO - [_wait_until_next_iteration] [N/A] ⏳ Sleeping for 58.93 seconds before the next cycle
2025-05-07 19:49:00 - DEBUG - [_process_strategies] [N/A] ⏱ Skipping VWAP_diff_signal_rsi_1700, not yet time (every 5m)
2025-05-07 19:49:00 - DEBUG - [_process_strategies] [N/A] ⏱ Skipping VWAP_diff_signal_1700_volume, not yet time (every 5m)
2025-05-07 19:49:00 - DEBUG - [_process_strategies] [N/A] ⏱ Skipping VWAP_diff_signal_1700, not yet time (every 5m)
2025-05-07 19:49:00 - DEBUG - [_process_strategies] [N/A] ⏱ Skipping EMA_Cross_ema50, not yet time (every 5m)
2025-05-07 19:49:00 - DEBUG - [_process_strategies] [N/A] ⏱ Skipping SMA_Cross_sma50, not yet time (every 5m)
2025-05-07 19:49:00 - DEBUG - [_process_strategies] [N/A] ⏱ Skipping SMA_Cross_candle, not yet time (every 5m)
2025-05-07 19:49:00 - DEBUG - [_process_strategies] [N/A] ⏱ Skipping EMA_Cross_candle, not yet time (every 5m)
2025-05-07 19:49:00 - INFO - [_update_active_orders_and_telegram] [N/A] 📊 Updating SL/TP for active orders
2025-05-07 19:49:01 - INFO - [_wait_until_next_iteration] [N/A] ⏳ Sleeping for 58.93 seconds before the next cycle
2025-05-07 19:50:00 - INFO - [_run_strategy_if_applicable] [N/A] ⏰ Strategy 'VWAP_diff_signal_rsi_1700' not executed because it's outside the time window: 17:30:00 - 19:00:00
2025-05-07 19:50:00 - INFO - [_run_strategy_if_applicable] [N/A] ⏰ Strategy 'VWAP_diff_signal_1700_volume' not executed because it's outside the time window: 17:30:00 - 19:00:00
2025-05-07 19:50:00 - INFO - [_run_strategy_if_applicable] [N/A] ⏰ Strategy 'VWAP_diff_signal_1700' not executed because it's outside the time window: 17:30:00 - 19:00:00
2025-05-07 19:50:00 - INFO - [_run_strategy_if_applicable] [N/A] ⏰ Strategy 'EMA_Cross_ema50' not executed because it's outside the time window: 16:35:00 - 16:50:00
2025-05-07 19:50:00 - INFO - [_run_strategy_if_applicable] [N/A] ⏰ Strategy 'SMA_Cross_sma50' not executed because it's outside the time window: 16:35:00 - 16:50:00
2025-05-07 19:50:00 - INFO - [_run_strategy_if_applicable] [N/A] ⏰ Strategy 'SMA_Cross_candle' not executed because it's outside the time window: 16:35:00 - 16:50:00
2025-05-07 19:50:00 - INFO - [_run_strategy_if_applicable] [N/A] ⏰ Strategy 'EMA_Cross_candle' not executed because it's outside the time window: 16:35:00 - 16:50:00
2025-05-07 19:50:00 - INFO - [_update_active_orders_and_telegram] [N/A] 📊 Updating SL/TP for active orders
2025-05-07 19:50:01 - INFO - [_wait_until_next_iteration] [N/A] ⏳ Sleeping for 58.93 seconds before the next cycle
2025-05-07 19:51:00 - DEBUG - [_process_strategies] [N/A] ⏱ Skipping VWAP_diff_signal_rsi_1700, not yet time (every 5m)
2025-05-07 19:51:00 - DEBUG - [_process_strategies] [N/A] ⏱ Skipping VWAP_diff_signal_1700_volume, not yet time (every 5m)
2025-05-07 19:51:00 - DEBUG - [_process_strategies] [N/A] ⏱ Skipping VWAP_diff_signal_1700, not yet time (every 5m)
2025-05-07 19:51:00 - DEBUG - [_process_strategies] [N/A] ⏱ Skipping EMA_Cross_ema50, not yet time (every 5m)
2025-05-07 19:51:00 - DEBUG - [_process_strategies] [N/A] ⏱ Skipping SMA_Cross_sma50, not yet time (every 5m)
2025-05-07 19:51:00 - DEBUG - [_process_strategies] [N/A] ⏱ Skipping SMA_Cross_candle, not yet time (every 5m)
2025-05-07 19:51:00 - DEBUG - [_process_strategies] [N/A] ⏱ Skipping EMA_Cross_candle, not yet time (every 5m)
2025-05-07 19:51:00 - INFO - [_update_active_orders_and_telegram] [N/A] 📊 Updating SL/TP for active orders
2025-05-07 19:51:01 - INFO - [_wait_until_next_iteration] [N/A] ⏳ Sleeping for 58.93 seconds before the next cycle
2025-05-07 19:52:00 - DEBUG - [_process_strategies] [N/A] ⏱ Skipping VWAP_diff_signal_rsi_1700, not yet time (every 5m)
2025-05-07 19:52:00 - DEBUG - [_process_strategies] [N/A] ⏱ Skipping VWAP_diff_signal_1700_volume, not yet time (every 5m)
2025-05-07 19:52:00 - DEBUG - [_process_strategies] [N/A] ⏱ Skipping VWAP_diff_signal_1700, not yet time (every 5m)
2025-05-07 19:52:00 - DEBUG - [_process_strategies] [N/A] ⏱ Skipping EMA_Cross_ema50, not yet time (every 5m)
2025-05-07 19:52:00 - DEBUG - [_process_strategies] [N/A] ⏱ Skipping SMA_Cross_sma50, not yet time (every 5m)
2025-05-07 19:52:00 - DEBUG - [_process_strategies] [N/A] ⏱ Skipping SMA_Cross_candle, not yet time (every 5m)
2025-05-07 19:52:00 - DEBUG - [_process_strategies] [N/A] ⏱ Skipping EMA_Cross_candle, not yet time (every 5m)
2025-05-07 19:52:00 - INFO - [_update_active_orders_and_telegram] [N/A] 📊 Updating SL/TP for active orders
2025-05-07 19:52:01 - INFO - [_wait_until_next_iteration] [N/A] ⏳ Sleeping for 58.93 seconds before the next cycle
2025-05-07 19:53:00 - DEBUG - [_process_strategies] [N/A] ⏱ Skipping VWAP_diff_signal_rsi_1700, not yet time (every 5m)
2025-05-07 19:53:00 - DEBUG - [_process_strategies] [N/A] ⏱ Skipping VWAP_diff_signal_1700_volume, not yet time (every 5m)
2025-05-07 19:53:00 - DEBUG - [_process_strategies] [N/A] ⏱ Skipping VWAP_diff_signal_1700, not yet time (every 5m)
2025-05-07 19:53:00 - DEBUG - [_process_strategies] [N/A] ⏱ Skipping EMA_Cross_ema50, not yet time (every 5m)
2025-05-07 19:53:00 - DEBUG - [_process_strategies] [N/A] ⏱ Skipping SMA_Cross_sma50, not yet time (every 5m)
2025-05-07 19:53:00 - DEBUG - [_process_strategies] [N/A] ⏱ Skipping SMA_Cross_candle, not yet time (every 5m)
2025-05-07 19:53:00 - DEBUG - [_process_strategies] [N/A] ⏱ Skipping EMA_Cross_candle, not yet time (every 5m)
2025-05-07 19:53:00 - INFO - [_update_active_orders_and_telegram] [N/A] 📊 Updating SL/TP for active orders
2025-05-07 19:53:01 - INFO - [_wait_until_next_iteration] [N/A] ⏳ Sleeping for 58.92 seconds before the next cycle
2025-05-07 19:54:00 - DEBUG - [_process_strategies] [N/A] ⏱ Skipping VWAP_diff_signal_rsi_1700, not yet time (every 5m)
2025-05-07 19:54:00 - DEBUG - [_process_strategies] [N/A] ⏱ Skipping VWAP_diff_signal_1700_volume, not yet time (every 5m)
2025-05-07 19:54:00 - DEBUG - [_process_strategies] [N/A] ⏱ Skipping VWAP_diff_signal_1700, not yet time (every 5m)
2025-05-07 19:54:00 - DEBUG - [_process_strategies] [N/A] ⏱ Skipping EMA_Cross_ema50, not yet time (every 5m)
2025-05-07 19:54:00 - DEBUG - [_process_strategies] [N/A] ⏱ Skipping SMA_Cross_sma50, not yet time (every 5m)
2025-05-07 19:54:00 - DEBUG - [_process_strategies] [N/A] ⏱ Skipping SMA_Cross_candle, not yet time (every 5m)
2025-05-07 19:54:00 - DEBUG - [_process_strategies] [N/A] ⏱ Skipping EMA_Cross_candle, not yet time (every 5m)
2025-05-07 19:54:00 - INFO - [_update_active_orders_and_telegram] [N/A] 📊 Updating SL/TP for active orders
2025-05-07 19:54:01 - INFO - [_wait_until_next_iteration] [N/A] ⏳ Sleeping for 58.93 seconds before the next cycle
2025-05-07 19:55:00 - INFO - [_run_strategy_if_applicable] [N/A] ⏰ Strategy 'VWAP_diff_signal_rsi_1700' not executed because it's outside the time window: 17:30:00 - 19:00:00
2025-05-07 19:55:00 - INFO - [_run_strategy_if_applicable] [N/A] ⏰ Strategy 'VWAP_diff_signal_1700_volume' not executed because it's outside the time window: 17:30:00 - 19:00:00
2025-05-07 19:55:00 - INFO - [_run_strategy_if_applicable] [N/A] ⏰ Strategy 'VWAP_diff_signal_1700' not executed because it's outside the time window: 17:30:00 - 19:00:00
2025-05-07 19:55:00 - INFO - [_run_strategy_if_applicable] [N/A] ⏰ Strategy 'EMA_Cross_ema50' not executed because it's outside the time window: 16:35:00 - 16:50:00
2025-05-07 19:55:00 - INFO - [_run_strategy_if_applicable] [N/A] ⏰ Strategy 'SMA_Cross_sma50' not executed because it's outside the time window: 16:35:00 - 16:50:00
2025-05-07 19:55:00 - INFO - [_run_strategy_if_applicable] [N/A] ⏰ Strategy 'SMA_Cross_candle' not executed because it's outside the time window: 16:35:00 - 16:50:00
2025-05-07 19:55:00 - INFO - [_run_strategy_if_applicable] [N/A] ⏰ Strategy 'EMA_Cross_candle' not executed because it's outside the time window: 16:35:00 - 16:50:00
2025-05-07 19:55:00 - INFO - [_update_active_orders_and_telegram] [N/A] 📊 Updating SL/TP for active orders
2025-05-07 19:55:01 - INFO - [_wait_until_next_iteration] [N/A] ⏳ Sleeping for 58.93 seconds before the next cycle
2025-05-07 19:56:00 - DEBUG - [_process_strategies] [N/A] ⏱ Skipping VWAP_diff_signal_rsi_1700, not yet time (every 5m)
2025-05-07 19:56:00 - DEBUG - [_process_strategies] [N/A] ⏱ Skipping VWAP_diff_signal_1700_volume, not yet time (every 5m)
2025-05-07 19:56:00 - DEBUG - [_process_strategies] [N/A] ⏱ Skipping VWAP_diff_signal_1700, not yet time (every 5m)
2025-05-07 19:56:00 - DEBUG - [_process_strategies] [N/A] ⏱ Skipping EMA_Cross_ema50, not yet time (every 5m)
2025-05-07 19:56:00 - DEBUG - [_process_strategies] [N/A] ⏱ Skipping SMA_Cross_sma50, not yet time (every 5m)
2025-05-07 19:56:00 - DEBUG - [_process_strategies] [N/A] ⏱ Skipping SMA_Cross_candle, not yet time (every 5m)
2025-05-07 19:56:00 - DEBUG - [_process_strategies] [N/A] ⏱ Skipping EMA_Cross_candle, not yet time (every 5m)
2025-05-07 19:56:00 - INFO - [_update_active_orders_and_telegram] [N/A] 📊 Updating SL/TP for active orders
2025-05-07 19:56:01 - INFO - [_wait_until_next_iteration] [N/A] ⏳ Sleeping for 58.93 seconds before the next cycle
2025-05-07 19:57:00 - DEBUG - [_process_strategies] [N/A] ⏱ Skipping VWAP_diff_signal_rsi_1700, not yet time (every 5m)
2025-05-07 19:57:00 - DEBUG - [_process_strategies] [N/A] ⏱ Skipping VWAP_diff_signal_1700_volume, not yet time (every 5m)
2025-05-07 19:57:00 - DEBUG - [_process_strategies] [N/A] ⏱ Skipping VWAP_diff_signal_1700, not yet time (every 5m)
2025-05-07 19:57:00 - DEBUG - [_process_strategies] [N/A] ⏱ Skipping EMA_Cross_ema50, not yet time (every 5m)
2025-05-07 19:57:00 - DEBUG - [_process_strategies] [N/A] ⏱ Skipping SMA_Cross_sma50, not yet time (every 5m)
2025-05-07 19:57:00 - DEBUG - [_process_strategies] [N/A] ⏱ Skipping SMA_Cross_candle, not yet time (every 5m)
2025-05-07 19:57:00 - DEBUG - [_process_strategies] [N/A] ⏱ Skipping EMA_Cross_candle, not yet time (every 5m)
2025-05-07 19:57:00 - INFO - [_update_active_orders_and_telegram] [N/A] 📊 Updating SL/TP for active orders
2025-05-07 19:57:01 - INFO - [_wait_until_next_iteration] [N/A] ⏳ Sleeping for 58.96 seconds before the next cycle
2025-05-07 19:58:00 - DEBUG - [_process_strategies] [N/A] ⏱ Skipping VWAP_diff_signal_rsi_1700, not yet time (every 5m)
2025-05-07 19:58:00 - DEBUG - [_process_strategies] [N/A] ⏱ Skipping VWAP_diff_signal_1700_volume, not yet time (every 5m)
2025-05-07 19:58:00 - DEBUG - [_process_strategies] [N/A] ⏱ Skipping VWAP_diff_signal_1700, not yet time (every 5m)
2025-05-07 19:58:00 - DEBUG - [_process_strategies] [N/A] ⏱ Skipping EMA_Cross_ema50, not yet time (every 5m)
2025-05-07 19:58:00 - DEBUG - [_process_strategies] [N/A] ⏱ Skipping SMA_Cross_sma50, not yet time (every 5m)
2025-05-07 19:58:00 - DEBUG - [_process_strategies] [N/A] ⏱ Skipping SMA_Cross_candle, not yet time (every 5m)
2025-05-07 19:58:00 - DEBUG - [_process_strategies] [N/A] ⏱ Skipping EMA_Cross_candle, not yet time (every 5m)
2025-05-07 19:58:00 - INFO - [_update_active_orders_and_telegram] [N/A] 📊 Updating SL/TP for active orders
2025-05-07 19:58:01 - INFO - [_wait_until_next_iteration] [N/A] ⏳ Sleeping for 58.93 seconds before the next cycle
2025-05-07 19:59:00 - DEBUG - [_process_strategies] [N/A] ⏱ Skipping VWAP_diff_signal_rsi_1700, not yet time (every 5m)
2025-05-07 19:59:00 - DEBUG - [_process_strategies] [N/A] ⏱ Skipping VWAP_diff_signal_1700_volume, not yet time (every 5m)
2025-05-07 19:59:00 - DEBUG - [_process_strategies] [N/A] ⏱ Skipping VWAP_diff_signal_1700, not yet time (every 5m)
2025-05-07 19:59:00 - DEBUG - [_process_strategies] [N/A] ⏱ Skipping EMA_Cross_ema50, not yet time (every 5m)
2025-05-07 19:59:00 - DEBUG - [_process_strategies] [N/A] ⏱ Skipping SMA_Cross_sma50, not yet time (every 5m)
2025-05-07 19:59:00 - DEBUG - [_process_strategies] [N/A] ⏱ Skipping SMA_Cross_candle, not yet time (every 5m)
2025-05-07 19:59:00 - DEBUG - [_process_strategies] [N/A] ⏱ Skipping EMA_Cross_candle, not yet time (every 5m)
2025-05-07 19:59:00 - INFO - [_update_active_orders_and_telegram] [N/A] 📊 Updating SL/TP for active orders
2025-05-07 19:59:01 - INFO - [_wait_until_next_iteration] [N/A] ⏳ Sleeping for 58.93 seconds before the next cycle
2025-05-07 20:00:00 - INFO - [_run_strategy_if_applicable] [N/A] ⏰ Strategy 'VWAP_diff_signal_rsi_1700' not executed because it's outside the time window: 17:30:00 - 19:00:00
2025-05-07 20:00:00 - INFO - [_run_strategy_if_applicable] [N/A] ⏰ Strategy 'VWAP_diff_signal_1700_volume' not executed because it's outside the time window: 17:30:00 - 19:00:00
2025-05-07 20:00:00 - INFO - [_run_strategy_if_applicable] [N/A] ⏰ Strategy 'VWAP_diff_signal_1700' not executed because it's outside the time window: 17:30:00 - 19:00:00
2025-05-07 20:00:00 - INFO - [_run_strategy_if_applicable] [N/A] ⏰ Strategy 'EMA_Cross_ema50' not executed because it's outside the time window: 16:35:00 - 16:50:00
2025-05-07 20:00:00 - INFO - [_run_strategy_if_applicable] [N/A] ⏰ Strategy 'SMA_Cross_sma50' not executed because it's outside the time window: 16:35:00 - 16:50:00
2025-05-07 20:00:00 - INFO - [_run_strategy_if_applicable] [N/A] ⏰ Strategy 'SMA_Cross_candle' not executed because it's outside the time window: 16:35:00 - 16:50:00
2025-05-07 20:00:00 - INFO - [_run_strategy_if_applicable] [N/A] ⏰ Strategy 'EMA_Cross_candle' not executed because it's outside the time window: 16:35:00 - 16:50:00
2025-05-07 20:00:00 - INFO - [_update_active_orders_and_telegram] [N/A] 📊 Updating SL/TP for active orders
2025-05-07 20:00:01 - INFO - [_wait_until_next_iteration] [N/A] ⏳ Sleeping for 58.97 seconds before the next cycle
2025-05-07 20:01:00 - DEBUG - [_process_strategies] [N/A] ⏱ Skipping VWAP_diff_signal_rsi_1700, not yet time (every 5m)
2025-05-07 20:01:00 - DEBUG - [_process_strategies] [N/A] ⏱ Skipping VWAP_diff_signal_1700_volume, not yet time (every 5m)
2025-05-07 20:01:00 - DEBUG - [_process_strategies] [N/A] ⏱ Skipping VWAP_diff_signal_1700, not yet time (every 5m)
2025-05-07 20:01:00 - DEBUG - [_process_strategies] [N/A] ⏱ Skipping EMA_Cross_ema50, not yet time (every 5m)
2025-05-07 20:01:00 - DEBUG - [_process_strategies] [N/A] ⏱ Skipping SMA_Cross_sma50, not yet time (every 5m)
2025-05-07 20:01:00 - DEBUG - [_process_strategies] [N/A] ⏱ Skipping SMA_Cross_candle, not yet time (every 5m)
2025-05-07 20:01:00 - DEBUG - [_process_strategies] [N/A] ⏱ Skipping EMA_Cross_candle, not yet time (every 5m)
2025-05-07 20:01:00 - INFO - [_update_active_orders_and_telegram] [N/A] 📊 Updating SL/TP for active orders
2025-05-07 20:01:01 - INFO - [_wait_until_next_iteration] [N/A] ⏳ Sleeping for 58.93 seconds before the next cycle
2025-05-07 20:02:00 - DEBUG - [_process_strategies] [N/A] ⏱ Skipping VWAP_diff_signal_rsi_1700, not yet time (every 5m)
2025-05-07 20:02:00 - DEBUG - [_process_strategies] [N/A] ⏱ Skipping VWAP_diff_signal_1700_volume, not yet time (every 5m)
2025-05-07 20:02:00 - DEBUG - [_process_strategies] [N/A] ⏱ Skipping VWAP_diff_signal_1700, not yet time (every 5m)
2025-05-07 20:02:00 - DEBUG - [_process_strategies] [N/A] ⏱ Skipping EMA_Cross_ema50, not yet time (every 5m)
2025-05-07 20:02:00 - DEBUG - [_process_strategies] [N/A] ⏱ Skipping SMA_Cross_sma50, not yet time (every 5m)
2025-05-07 20:02:00 - DEBUG - [_process_strategies] [N/A] ⏱ Skipping SMA_Cross_candle, not yet time (every 5m)
2025-05-07 20:02:00 - DEBUG - [_process_strategies] [N/A] ⏱ Skipping EMA_Cross_candle, not yet time (every 5m)
2025-05-07 20:02:00 - INFO - [_update_active_orders_and_telegram] [N/A] 📊 Updating SL/TP for active orders
2025-05-07 20:02:01 - INFO - [_wait_until_next_iteration] [N/A] ⏳ Sleeping for 58.93 seconds before the next cycle
2025-05-07 20:03:00 - DEBUG - [_process_strategies] [N/A] ⏱ Skipping VWAP_diff_signal_rsi_1700, not yet time (every 5m)
2025-05-07 20:03:00 - DEBUG - [_process_strategies] [N/A] ⏱ Skipping VWAP_diff_signal_1700_volume, not yet time (every 5m)
2025-05-07 20:03:00 - DEBUG - [_process_strategies] [N/A] ⏱ Skipping VWAP_diff_signal_1700, not yet time (every 5m)
2025-05-07 20:03:00 - DEBUG - [_process_strategies] [N/A] ⏱ Skipping EMA_Cross_ema50, not yet time (every 5m)
2025-05-07 20:03:00 - DEBUG - [_process_strategies] [N/A] ⏱ Skipping SMA_Cross_sma50, not yet time (every 5m)
2025-05-07 20:03:00 - DEBUG - [_process_strategies] [N/A] ⏱ Skipping SMA_Cross_candle, not yet time (every 5m)
2025-05-07 20:03:00 - DEBUG - [_process_strategies] [N/A] ⏱ Skipping EMA_Cross_candle, not yet time (every 5m)
2025-05-07 20:03:00 - INFO - [_update_active_orders_and_telegram] [N/A] 📊 Updating SL/TP for active orders
2025-05-07 20:03:01 - INFO - [_wait_until_next_iteration] [N/A] ⏳ Sleeping for 58.93 seconds before the next cycle
2025-05-07 20:04:00 - DEBUG - [_process_strategies] [N/A] ⏱ Skipping VWAP_diff_signal_rsi_1700, not yet time (every 5m)
2025-05-07 20:04:00 - DEBUG - [_process_strategies] [N/A] ⏱ Skipping VWAP_diff_signal_1700_volume, not yet time (every 5m)
2025-05-07 20:04:00 - DEBUG - [_process_strategies] [N/A] ⏱ Skipping VWAP_diff_signal_1700, not yet time (every 5m)
2025-05-07 20:04:00 - DEBUG - [_process_strategies] [N/A] ⏱ Skipping EMA_Cross_ema50, not yet time (every 5m)
2025-05-07 20:04:00 - DEBUG - [_process_strategies] [N/A] ⏱ Skipping SMA_Cross_sma50, not yet time (every 5m)
2025-05-07 20:04:00 - DEBUG - [_process_strategies] [N/A] ⏱ Skipping SMA_Cross_candle, not yet time (every 5m)
2025-05-07 20:04:00 - DEBUG - [_process_strategies] [N/A] ⏱ Skipping EMA_Cross_candle, not yet time (every 5m)
2025-05-07 20:04:00 - INFO - [_update_active_orders_and_telegram] [N/A] 📊 Updating SL/TP for active orders
2025-05-07 20:04:01 - INFO - [_wait_until_next_iteration] [N/A] ⏳ Sleeping for 58.93 seconds before the next cycle
2025-05-07 20:05:00 - INFO - [_run_strategy_if_applicable] [N/A] ⏰ Strategy 'VWAP_diff_signal_rsi_1700' not executed because it's outside the time window: 17:30:00 - 19:00:00
2025-05-07 20:05:00 - INFO - [_run_strategy_if_applicable] [N/A] ⏰ Strategy 'VWAP_diff_signal_1700_volume' not executed because it's outside the time window: 17:30:00 - 19:00:00
2025-05-07 20:05:00 - INFO - [_run_strategy_if_applicable] [N/A] ⏰ Strategy 'VWAP_diff_signal_1700' not executed because it's outside the time window: 17:30:00 - 19:00:00
2025-05-07 20:05:00 - INFO - [_run_strategy_if_applicable] [N/A] ⏰ Strategy 'EMA_Cross_ema50' not executed because it's outside the time window: 16:35:00 - 16:50:00
2025-05-07 20:05:00 - INFO - [_run_strategy_if_applicable] [N/A] ⏰ Strategy 'SMA_Cross_sma50' not executed because it's outside the time window: 16:35:00 - 16:50:00
2025-05-07 20:05:00 - INFO - [_run_strategy_if_applicable] [N/A] ⏰ Strategy 'SMA_Cross_candle' not executed because it's outside the time window: 16:35:00 - 16:50:00
2025-05-07 20:05:00 - INFO - [_run_strategy_if_applicable] [N/A] ⏰ Strategy 'EMA_Cross_candle' not executed because it's outside the time window: 16:35:00 - 16:50:00
2025-05-07 20:05:00 - INFO - [_update_active_orders_and_telegram] [N/A] 📊 Updating SL/TP for active orders
2025-05-07 20:05:01 - INFO - [_wait_until_next_iteration] [N/A] ⏳ Sleeping for 58.93 seconds before the next cycle
2025-05-07 20:06:00 - DEBUG - [_process_strategies] [N/A] ⏱ Skipping VWAP_diff_signal_rsi_1700, not yet time (every 5m)
2025-05-07 20:06:00 - DEBUG - [_process_strategies] [N/A] ⏱ Skipping VWAP_diff_signal_1700_volume, not yet time (every 5m)
2025-05-07 20:06:00 - DEBUG - [_process_strategies] [N/A] ⏱ Skipping VWAP_diff_signal_1700, not yet time (every 5m)
2025-05-07 20:06:00 - DEBUG - [_process_strategies] [N/A] ⏱ Skipping EMA_Cross_ema50, not yet time (every 5m)
2025-05-07 20:06:00 - DEBUG - [_process_strategies] [N/A] ⏱ Skipping SMA_Cross_sma50, not yet time (every 5m)
2025-05-07 20:06:00 - DEBUG - [_process_strategies] [N/A] ⏱ Skipping SMA_Cross_candle, not yet time (every 5m)
2025-05-07 20:06:00 - DEBUG - [_process_strategies] [N/A] ⏱ Skipping EMA_Cross_candle, not yet time (every 5m)
2025-05-07 20:06:00 - INFO - [_update_active_orders_and_telegram] [N/A] 📊 Updating SL/TP for active orders
2025-05-07 20:06:01 - INFO - [_wait_until_next_iteration] [N/A] ⏳ Sleeping for 58.93 seconds before the next cycle
2025-05-07 20:07:00 - DEBUG - [_process_strategies] [N/A] ⏱ Skipping VWAP_diff_signal_rsi_1700, not yet time (every 5m)
2025-05-07 20:07:00 - DEBUG - [_process_strategies] [N/A] ⏱ Skipping VWAP_diff_signal_1700_volume, not yet time (every 5m)
2025-05-07 20:07:00 - DEBUG - [_process_strategies] [N/A] ⏱ Skipping VWAP_diff_signal_1700, not yet time (every 5m)
2025-05-07 20:07:00 - DEBUG - [_process_strategies] [N/A] ⏱ Skipping EMA_Cross_ema50, not yet time (every 5m)
2025-05-07 20:07:00 - DEBUG - [_process_strategies] [N/A] ⏱ Skipping SMA_Cross_sma50, not yet time (every 5m)
2025-05-07 20:07:00 - DEBUG - [_process_strategies] [N/A] ⏱ Skipping SMA_Cross_candle, not yet time (every 5m)
2025-05-07 20:07:00 - DEBUG - [_process_strategies] [N/A] ⏱ Skipping EMA_Cross_candle, not yet time (every 5m)
2025-05-07 20:07:00 - INFO - [_update_active_orders_and_telegram] [N/A] 📊 Updating SL/TP for active orders
2025-05-07 20:07:01 - INFO - [_wait_until_next_iteration] [N/A] ⏳ Sleeping for 58.93 seconds before the next cycle
2025-05-07 20:08:00 - DEBUG - [_process_strategies] [N/A] ⏱ Skipping VWAP_diff_signal_rsi_1700, not yet time (every 5m)
2025-05-07 20:08:00 - DEBUG - [_process_strategies] [N/A] ⏱ Skipping VWAP_diff_signal_1700_volume, not yet time (every 5m)
2025-05-07 20:08:00 - DEBUG - [_process_strategies] [N/A] ⏱ Skipping VWAP_diff_signal_1700, not yet time (every 5m)
2025-05-07 20:08:00 - DEBUG - [_process_strategies] [N/A] ⏱ Skipping EMA_Cross_ema50, not yet time (every 5m)
2025-05-07 20:08:00 - DEBUG - [_process_strategies] [N/A] ⏱ Skipping SMA_Cross_sma50, not yet time (every 5m)
2025-05-07 20:08:00 - DEBUG - [_process_strategies] [N/A] ⏱ Skipping SMA_Cross_candle, not yet time (every 5m)
2025-05-07 20:08:00 - DEBUG - [_process_strategies] [N/A] ⏱ Skipping EMA_Cross_candle, not yet time (every 5m)
2025-05-07 20:08:00 - INFO - [_update_active_orders_and_telegram] [N/A] 📊 Updating SL/TP for active orders
2025-05-07 20:08:01 - INFO - [_wait_until_next_iteration] [N/A] ⏳ Sleeping for 58.93 seconds before the next cycle
2025-05-07 20:09:00 - DEBUG - [_process_strategies] [N/A] ⏱ Skipping VWAP_diff_signal_rsi_1700, not yet time (every 5m)
2025-05-07 20:09:00 - DEBUG - [_process_strategies] [N/A] ⏱ Skipping VWAP_diff_signal_1700_volume, not yet time (every 5m)
2025-05-07 20:09:00 - DEBUG - [_process_strategies] [N/A] ⏱ Skipping VWAP_diff_signal_1700, not yet time (every 5m)
2025-05-07 20:09:00 - DEBUG - [_process_strategies] [N/A] ⏱ Skipping EMA_Cross_ema50, not yet time (every 5m)
2025-05-07 20:09:00 - DEBUG - [_process_strategies] [N/A] ⏱ Skipping SMA_Cross_sma50, not yet time (every 5m)
2025-05-07 20:09:00 - DEBUG - [_process_strategies] [N/A] ⏱ Skipping SMA_Cross_candle, not yet time (every 5m)
2025-05-07 20:09:00 - DEBUG - [_process_strategies] [N/A] ⏱ Skipping EMA_Cross_candle, not yet time (every 5m)
2025-05-07 20:09:00 - INFO - [_update_active_orders_and_telegram] [N/A] 📊 Updating SL/TP for active orders
2025-05-07 20:09:01 - INFO - [_wait_until_next_iteration] [N/A] ⏳ Sleeping for 58.93 seconds before the next cycle
2025-05-07 20:10:00 - INFO - [_run_strategy_if_applicable] [N/A] ⏰ Strategy 'VWAP_diff_signal_rsi_1700' not executed because it's outside the time window: 17:30:00 - 19:00:00
2025-05-07 20:10:00 - INFO - [_run_strategy_if_applicable] [N/A] ⏰ Strategy 'VWAP_diff_signal_1700_volume' not executed because it's outside the time window: 17:30:00 - 19:00:00
2025-05-07 20:10:00 - INFO - [_run_strategy_if_applicable] [N/A] ⏰ Strategy 'VWAP_diff_signal_1700' not executed because it's outside the time window: 17:30:00 - 19:00:00
2025-05-07 20:10:00 - INFO - [_run_strategy_if_applicable] [N/A] ⏰ Strategy 'EMA_Cross_ema50' not executed because it's outside the time window: 16:35:00 - 16:50:00
2025-05-07 20:10:00 - INFO - [_run_strategy_if_applicable] [N/A] ⏰ Strategy 'SMA_Cross_sma50' not executed because it's outside the time window: 16:35:00 - 16:50:00
2025-05-07 20:10:00 - INFO - [_run_strategy_if_applicable] [N/A] ⏰ Strategy 'SMA_Cross_candle' not executed because it's outside the time window: 16:35:00 - 16:50:00
2025-05-07 20:10:00 - INFO - [_run_strategy_if_applicable] [N/A] ⏰ Strategy 'EMA_Cross_candle' not executed because it's outside the time window: 16:35:00 - 16:50:00
2025-05-07 20:10:00 - INFO - [_update_active_orders_and_telegram] [N/A] 📊 Updating SL/TP for active orders
2025-05-07 20:10:01 - INFO - [_wait_until_next_iteration] [N/A] ⏳ Sleeping for 58.93 seconds before the next cycle
2025-05-07 20:11:00 - DEBUG - [_process_strategies] [N/A] ⏱ Skipping VWAP_diff_signal_rsi_1700, not yet time (every 5m)
2025-05-07 20:11:00 - DEBUG - [_process_strategies] [N/A] ⏱ Skipping VWAP_diff_signal_1700_volume, not yet time (every 5m)
2025-05-07 20:11:00 - DEBUG - [_process_strategies] [N/A] ⏱ Skipping VWAP_diff_signal_1700, not yet time (every 5m)
2025-05-07 20:11:00 - DEBUG - [_process_strategies] [N/A] ⏱ Skipping EMA_Cross_ema50, not yet time (every 5m)
2025-05-07 20:11:00 - DEBUG - [_process_strategies] [N/A] ⏱ Skipping SMA_Cross_sma50, not yet time (every 5m)
2025-05-07 20:11:00 - DEBUG - [_process_strategies] [N/A] ⏱ Skipping SMA_Cross_candle, not yet time (every 5m)
2025-05-07 20:11:00 - DEBUG - [_process_strategies] [N/A] ⏱ Skipping EMA_Cross_candle, not yet time (every 5m)
2025-05-07 20:11:00 - INFO - [_update_active_orders_and_telegram] [N/A] 📊 Updating SL/TP for active orders
2025-05-07 20:11:01 - INFO - [_wait_until_next_iteration] [N/A] ⏳ Sleeping for 58.94 seconds before the next cycle
2025-05-07 20:12:00 - DEBUG - [_process_strategies] [N/A] ⏱ Skipping VWAP_diff_signal_rsi_1700, not yet time (every 5m)
2025-05-07 20:12:00 - DEBUG - [_process_strategies] [N/A] ⏱ Skipping VWAP_diff_signal_1700_volume, not yet time (every 5m)
2025-05-07 20:12:00 - DEBUG - [_process_strategies] [N/A] ⏱ Skipping VWAP_diff_signal_1700, not yet time (every 5m)
2025-05-07 20:12:00 - DEBUG - [_process_strategies] [N/A] ⏱ Skipping EMA_Cross_ema50, not yet time (every 5m)
2025-05-07 20:12:00 - DEBUG - [_process_strategies] [N/A] ⏱ Skipping SMA_Cross_sma50, not yet time (every 5m)
2025-05-07 20:12:00 - DEBUG - [_process_strategies] [N/A] ⏱ Skipping SMA_Cross_candle, not yet time (every 5m)
2025-05-07 20:12:00 - DEBUG - [_process_strategies] [N/A] ⏱ Skipping EMA_Cross_candle, not yet time (every 5m)
2025-05-07 20:12:00 - INFO - [_update_active_orders_and_telegram] [N/A] 📊 Updating SL/TP for active orders
2025-05-07 20:12:01 - INFO - [_wait_until_next_iteration] [N/A] ⏳ Sleeping for 58.93 seconds before the next cycle
2025-05-07 20:13:00 - DEBUG - [_process_strategies] [N/A] ⏱ Skipping VWAP_diff_signal_rsi_1700, not yet time (every 5m)
2025-05-07 20:13:00 - DEBUG - [_process_strategies] [N/A] ⏱ Skipping VWAP_diff_signal_1700_volume, not yet time (every 5m)
2025-05-07 20:13:00 - DEBUG - [_process_strategies] [N/A] ⏱ Skipping VWAP_diff_signal_1700, not yet time (every 5m)
2025-05-07 20:13:00 - DEBUG - [_process_strategies] [N/A] ⏱ Skipping EMA_Cross_ema50, not yet time (every 5m)
2025-05-07 20:13:00 - DEBUG - [_process_strategies] [N/A] ⏱ Skipping SMA_Cross_sma50, not yet time (every 5m)
2025-05-07 20:13:00 - DEBUG - [_process_strategies] [N/A] ⏱ Skipping SMA_Cross_candle, not yet time (every 5m)
2025-05-07 20:13:00 - DEBUG - [_process_strategies] [N/A] ⏱ Skipping EMA_Cross_candle, not yet time (every 5m)
2025-05-07 20:13:00 - INFO - [_update_active_orders_and_telegram] [N/A] 📊 Updating SL/TP for active orders
2025-05-07 20:13:01 - INFO - [_wait_until_next_iteration] [N/A] ⏳ Sleeping for 58.93 seconds before the next cycle
2025-05-07 20:14:00 - DEBUG - [_process_strategies] [N/A] ⏱ Skipping VWAP_diff_signal_rsi_1700, not yet time (every 5m)
2025-05-07 20:14:00 - DEBUG - [_process_strategies] [N/A] ⏱ Skipping VWAP_diff_signal_1700_volume, not yet time (every 5m)
2025-05-07 20:14:00 - DEBUG - [_process_strategies] [N/A] ⏱ Skipping VWAP_diff_signal_1700, not yet time (every 5m)
2025-05-07 20:14:00 - DEBUG - [_process_strategies] [N/A] ⏱ Skipping EMA_Cross_ema50, not yet time (every 5m)
2025-05-07 20:14:00 - DEBUG - [_process_strategies] [N/A] ⏱ Skipping SMA_Cross_sma50, not yet time (every 5m)
2025-05-07 20:14:00 - DEBUG - [_process_strategies] [N/A] ⏱ Skipping SMA_Cross_candle, not yet time (every 5m)
2025-05-07 20:14:00 - DEBUG - [_process_strategies] [N/A] ⏱ Skipping EMA_Cross_candle, not yet time (every 5m)
2025-05-07 20:14:00 - INFO - [_update_active_orders_and_telegram] [N/A] 📊 Updating SL/TP for active orders
2025-05-07 20:14:01 - INFO - [_wait_until_next_iteration] [N/A] ⏳ Sleeping for 58.96 seconds before the next cycle
2025-05-07 20:15:00 - INFO - [_run_strategy_if_applicable] [N/A] ⏰ Strategy 'VWAP_diff_signal_rsi_1700' not executed because it's outside the time window: 17:30:00 - 19:00:00
2025-05-07 20:15:00 - INFO - [_run_strategy_if_applicable] [N/A] ⏰ Strategy 'VWAP_diff_signal_1700_volume' not executed because it's outside the time window: 17:30:00 - 19:00:00
2025-05-07 20:15:00 - INFO - [_run_strategy_if_applicable] [N/A] ⏰ Strategy 'VWAP_diff_signal_1700' not executed because it's outside the time window: 17:30:00 - 19:00:00
2025-05-07 20:15:00 - INFO - [_run_strategy_if_applicable] [N/A] ⏰ Strategy 'EMA_Cross_ema50' not executed because it's outside the time window: 16:35:00 - 16:50:00
2025-05-07 20:15:00 - INFO - [_run_strategy_if_applicable] [N/A] ⏰ Strategy 'SMA_Cross_sma50' not executed because it's outside the time window: 16:35:00 - 16:50:00
2025-05-07 20:15:00 - INFO - [_run_strategy_if_applicable] [N/A] ⏰ Strategy 'SMA_Cross_candle' not executed because it's outside the time window: 16:35:00 - 16:50:00
2025-05-07 20:15:00 - INFO - [_run_strategy_if_applicable] [N/A] ⏰ Strategy 'EMA_Cross_candle' not executed because it's outside the time window: 16:35:00 - 16:50:00
2025-05-07 20:15:00 - INFO - [_update_active_orders_and_telegram] [N/A] 📊 Updating SL/TP for active orders
2025-05-07 20:15:01 - INFO - [_wait_until_next_iteration] [N/A] ⏳ Sleeping for 58.93 seconds before the next cycle
2025-05-07 20:16:00 - DEBUG - [_process_strategies] [N/A] ⏱ Skipping VWAP_diff_signal_rsi_1700, not yet time (every 5m)
2025-05-07 20:16:00 - DEBUG - [_process_strategies] [N/A] ⏱ Skipping VWAP_diff_signal_1700_volume, not yet time (every 5m)
2025-05-07 20:16:00 - DEBUG - [_process_strategies] [N/A] ⏱ Skipping VWAP_diff_signal_1700, not yet time (every 5m)
2025-05-07 20:16:00 - DEBUG - [_process_strategies] [N/A] ⏱ Skipping EMA_Cross_ema50, not yet time (every 5m)
2025-05-07 20:16:00 - DEBUG - [_process_strategies] [N/A] ⏱ Skipping SMA_Cross_sma50, not yet time (every 5m)
2025-05-07 20:16:00 - DEBUG - [_process_strategies] [N/A] ⏱ Skipping SMA_Cross_candle, not yet time (every 5m)
2025-05-07 20:16:00 - DEBUG - [_process_strategies] [N/A] ⏱ Skipping EMA_Cross_candle, not yet time (every 5m)
2025-05-07 20:16:00 - INFO - [_update_active_orders_and_telegram] [N/A] 📊 Updating SL/TP for active orders
2025-05-07 20:16:01 - INFO - [_wait_until_next_iteration] [N/A] ⏳ Sleeping for 58.93 seconds before the next cycle
2025-05-07 20:17:00 - DEBUG - [_process_strategies] [N/A] ⏱ Skipping VWAP_diff_signal_rsi_1700, not yet time (every 5m)
2025-05-07 20:17:00 - DEBUG - [_process_strategies] [N/A] ⏱ Skipping VWAP_diff_signal_1700_volume, not yet time (every 5m)
2025-05-07 20:17:00 - DEBUG - [_process_strategies] [N/A] ⏱ Skipping VWAP_diff_signal_1700, not yet time (every 5m)
2025-05-07 20:17:00 - DEBUG - [_process_strategies] [N/A] ⏱ Skipping EMA_Cross_ema50, not yet time (every 5m)
2025-05-07 20:17:00 - DEBUG - [_process_strategies] [N/A] ⏱ Skipping SMA_Cross_sma50, not yet time (every 5m)
2025-05-07 20:17:00 - DEBUG - [_process_strategies] [N/A] ⏱ Skipping SMA_Cross_candle, not yet time (every 5m)
2025-05-07 20:17:00 - DEBUG - [_process_strategies] [N/A] ⏱ Skipping EMA_Cross_candle, not yet time (every 5m)
2025-05-07 20:17:00 - INFO - [_update_active_orders_and_telegram] [N/A] 📊 Updating SL/TP for active orders
2025-05-07 20:17:01 - INFO - [_wait_until_next_iteration] [N/A] ⏳ Sleeping for 58.93 seconds before the next cycle
2025-05-07 20:18:00 - DEBUG - [_process_strategies] [N/A] ⏱ Skipping VWAP_diff_signal_rsi_1700, not yet time (every 5m)
2025-05-07 20:18:00 - DEBUG - [_process_strategies] [N/A] ⏱ Skipping VWAP_diff_signal_1700_volume, not yet time (every 5m)
2025-05-07 20:18:00 - DEBUG - [_process_strategies] [N/A] ⏱ Skipping VWAP_diff_signal_1700, not yet time (every 5m)
2025-05-07 20:18:00 - DEBUG - [_process_strategies] [N/A] ⏱ Skipping EMA_Cross_ema50, not yet time (every 5m)
2025-05-07 20:18:00 - DEBUG - [_process_strategies] [N/A] ⏱ Skipping SMA_Cross_sma50, not yet time (every 5m)
2025-05-07 20:18:00 - DEBUG - [_process_strategies] [N/A] ⏱ Skipping SMA_Cross_candle, not yet time (every 5m)
2025-05-07 20:18:00 - DEBUG - [_process_strategies] [N/A] ⏱ Skipping EMA_Cross_candle, not yet time (every 5m)
2025-05-07 20:18:00 - INFO - [_update_active_orders_and_telegram] [N/A] 📊 Updating SL/TP for active orders
2025-05-07 20:18:01 - INFO - [_wait_until_next_iteration] [N/A] ⏳ Sleeping for 58.93 seconds before the next cycle
2025-05-07 20:19:00 - DEBUG - [_process_strategies] [N/A] ⏱ Skipping VWAP_diff_signal_rsi_1700, not yet time (every 5m)
2025-05-07 20:19:00 - DEBUG - [_process_strategies] [N/A] ⏱ Skipping VWAP_diff_signal_1700_volume, not yet time (every 5m)
2025-05-07 20:19:00 - DEBUG - [_process_strategies] [N/A] ⏱ Skipping VWAP_diff_signal_1700, not yet time (every 5m)
2025-05-07 20:19:00 - DEBUG - [_process_strategies] [N/A] ⏱ Skipping EMA_Cross_ema50, not yet time (every 5m)
2025-05-07 20:19:00 - DEBUG - [_process_strategies] [N/A] ⏱ Skipping SMA_Cross_sma50, not yet time (every 5m)
2025-05-07 20:19:00 - DEBUG - [_process_strategies] [N/A] ⏱ Skipping SMA_Cross_candle, not yet time (every 5m)
2025-05-07 20:19:00 - DEBUG - [_process_strategies] [N/A] ⏱ Skipping EMA_Cross_candle, not yet time (every 5m)
2025-05-07 20:19:00 - INFO - [_update_active_orders_and_telegram] [N/A] 📊 Updating SL/TP for active orders
2025-05-07 20:19:01 - INFO - [_wait_until_next_iteration] [N/A] ⏳ Sleeping for 58.94 seconds before the next cycle
2025-05-07 20:20:00 - INFO - [_run_strategy_if_applicable] [N/A] ⏰ Strategy 'VWAP_diff_signal_rsi_1700' not executed because it's outside the time window: 17:30:00 - 19:00:00
2025-05-07 20:20:00 - INFO - [_run_strategy_if_applicable] [N/A] ⏰ Strategy 'VWAP_diff_signal_1700_volume' not executed because it's outside the time window: 17:30:00 - 19:00:00
2025-05-07 20:20:00 - INFO - [_run_strategy_if_applicable] [N/A] ⏰ Strategy 'VWAP_diff_signal_1700' not executed because it's outside the time window: 17:30:00 - 19:00:00
2025-05-07 20:20:00 - INFO - [_run_strategy_if_applicable] [N/A] ⏰ Strategy 'EMA_Cross_ema50' not executed because it's outside the time window: 16:35:00 - 16:50:00
2025-05-07 20:20:00 - INFO - [_run_strategy_if_applicable] [N/A] ⏰ Strategy 'SMA_Cross_sma50' not executed because it's outside the time window: 16:35:00 - 16:50:00
2025-05-07 20:20:00 - INFO - [_run_strategy_if_applicable] [N/A] ⏰ Strategy 'SMA_Cross_candle' not executed because it's outside the time window: 16:35:00 - 16:50:00
2025-05-07 20:20:00 - INFO - [_run_strategy_if_applicable] [N/A] ⏰ Strategy 'EMA_Cross_candle' not executed because it's outside the time window: 16:35:00 - 16:50:00
2025-05-07 20:20:00 - INFO - [_update_active_orders_and_telegram] [N/A] 📊 Updating SL/TP for active orders
2025-05-07 20:20:01 - INFO - [_wait_until_next_iteration] [N/A] ⏳ Sleeping for 58.92 seconds before the next cycle
2025-05-07 20:21:00 - DEBUG - [_process_strategies] [N/A] ⏱ Skipping VWAP_diff_signal_rsi_1700, not yet time (every 5m)
2025-05-07 20:21:00 - DEBUG - [_process_strategies] [N/A] ⏱ Skipping VWAP_diff_signal_1700_volume, not yet time (every 5m)
2025-05-07 20:21:00 - DEBUG - [_process_strategies] [N/A] ⏱ Skipping VWAP_diff_signal_1700, not yet time (every 5m)
2025-05-07 20:21:00 - DEBUG - [_process_strategies] [N/A] ⏱ Skipping EMA_Cross_ema50, not yet time (every 5m)
2025-05-07 20:21:00 - DEBUG - [_process_strategies] [N/A] ⏱ Skipping SMA_Cross_sma50, not yet time (every 5m)
2025-05-07 20:21:00 - DEBUG - [_process_strategies] [N/A] ⏱ Skipping SMA_Cross_candle, not yet time (every 5m)
2025-05-07 20:21:00 - DEBUG - [_process_strategies] [N/A] ⏱ Skipping EMA_Cross_candle, not yet time (every 5m)
2025-05-07 20:21:00 - INFO - [_update_active_orders_and_telegram] [N/A] 📊 Updating SL/TP for active orders
2025-05-07 20:21:01 - INFO - [_wait_until_next_iteration] [N/A] ⏳ Sleeping for 58.93 seconds before the next cycle
2025-05-07 20:22:00 - DEBUG - [_process_strategies] [N/A] ⏱ Skipping VWAP_diff_signal_rsi_1700, not yet time (every 5m)
2025-05-07 20:22:00 - DEBUG - [_process_strategies] [N/A] ⏱ Skipping VWAP_diff_signal_1700_volume, not yet time (every 5m)
2025-05-07 20:22:00 - DEBUG - [_process_strategies] [N/A] ⏱ Skipping VWAP_diff_signal_1700, not yet time (every 5m)
2025-05-07 20:22:00 - DEBUG - [_process_strategies] [N/A] ⏱ Skipping EMA_Cross_ema50, not yet time (every 5m)
2025-05-07 20:22:00 - DEBUG - [_process_strategies] [N/A] ⏱ Skipping SMA_Cross_sma50, not yet time (every 5m)
2025-05-07 20:22:00 - DEBUG - [_process_strategies] [N/A] ⏱ Skipping SMA_Cross_candle, not yet time (every 5m)
2025-05-07 20:22:00 - DEBUG - [_process_strategies] [N/A] ⏱ Skipping EMA_Cross_candle, not yet time (every 5m)
2025-05-07 20:22:00 - INFO - [_update_active_orders_and_telegram] [N/A] 📊 Updating SL/TP for active orders
2025-05-07 20:22:01 - INFO - [_wait_until_next_iteration] [N/A] ⏳ Sleeping for 58.93 seconds before the next cycle
2025-05-07 20:23:00 - DEBUG - [_process_strategies] [N/A] ⏱ Skipping VWAP_diff_signal_rsi_1700, not yet time (every 5m)
2025-05-07 20:23:00 - DEBUG - [_process_strategies] [N/A] ⏱ Skipping VWAP_diff_signal_1700_volume, not yet time (every 5m)
2025-05-07 20:23:00 - DEBUG - [_process_strategies] [N/A] ⏱ Skipping VWAP_diff_signal_1700, not yet time (every 5m)
2025-05-07 20:23:00 - DEBUG - [_process_strategies] [N/A] ⏱ Skipping EMA_Cross_ema50, not yet time (every 5m)
2025-05-07 20:23:00 - DEBUG - [_process_strategies] [N/A] ⏱ Skipping SMA_Cross_sma50, not yet time (every 5m)
2025-05-07 20:23:00 - DEBUG - [_process_strategies] [N/A] ⏱ Skipping SMA_Cross_candle, not yet time (every 5m)
2025-05-07 20:23:00 - DEBUG - [_process_strategies] [N/A] ⏱ Skipping EMA_Cross_candle, not yet time (every 5m)
2025-05-07 20:23:00 - INFO - [_update_active_orders_and_telegram] [N/A] 📊 Updating SL/TP for active orders
2025-05-07 20:23:01 - INFO - [_wait_until_next_iteration] [N/A] ⏳ Sleeping for 58.95 seconds before the next cycle
2025-05-07 20:24:00 - DEBUG - [_process_strategies] [N/A] ⏱ Skipping VWAP_diff_signal_rsi_1700, not yet time (every 5m)
2025-05-07 20:24:00 - DEBUG - [_process_strategies] [N/A] ⏱ Skipping VWAP_diff_signal_1700_volume, not yet time (every 5m)
2025-05-07 20:24:00 - DEBUG - [_process_strategies] [N/A] ⏱ Skipping VWAP_diff_signal_1700, not yet time (every 5m)
2025-05-07 20:24:00 - DEBUG - [_process_strategies] [N/A] ⏱ Skipping EMA_Cross_ema50, not yet time (every 5m)
2025-05-07 20:24:00 - DEBUG - [_process_strategies] [N/A] ⏱ Skipping SMA_Cross_sma50, not yet time (every 5m)
2025-05-07 20:24:00 - DEBUG - [_process_strategies] [N/A] ⏱ Skipping SMA_Cross_candle, not yet time (every 5m)
2025-05-07 20:24:00 - DEBUG - [_process_strategies] [N/A] ⏱ Skipping EMA_Cross_candle, not yet time (every 5m)
2025-05-07 20:24:00 - INFO - [_update_active_orders_and_telegram] [N/A] 📊 Updating SL/TP for active orders
2025-05-07 20:24:01 - INFO - [_wait_until_next_iteration] [N/A] ⏳ Sleeping for 58.99 seconds before the next cycle
2025-05-07 20:25:00 - INFO - [_run_strategy_if_applicable] [N/A] ⏰ Strategy 'VWAP_diff_signal_rsi_1700' not executed because it's outside the time window: 17:30:00 - 19:00:00
2025-05-07 20:25:00 - INFO - [_run_strategy_if_applicable] [N/A] ⏰ Strategy 'VWAP_diff_signal_1700_volume' not executed because it's outside the time window: 17:30:00 - 19:00:00
2025-05-07 20:25:00 - INFO - [_run_strategy_if_applicable] [N/A] ⏰ Strategy 'VWAP_diff_signal_1700' not executed because it's outside the time window: 17:30:00 - 19:00:00
2025-05-07 20:25:00 - INFO - [_run_strategy_if_applicable] [N/A] ⏰ Strategy 'EMA_Cross_ema50' not executed because it's outside the time window: 16:35:00 - 16:50:00
2025-05-07 20:25:00 - INFO - [_run_strategy_if_applicable] [N/A] ⏰ Strategy 'SMA_Cross_sma50' not executed because it's outside the time window: 16:35:00 - 16:50:00
2025-05-07 20:25:00 - INFO - [_run_strategy_if_applicable] [N/A] ⏰ Strategy 'SMA_Cross_candle' not executed because it's outside the time window: 16:35:00 - 16:50:00
2025-05-07 20:25:00 - INFO - [_run_strategy_if_applicable] [N/A] ⏰ Strategy 'EMA_Cross_candle' not executed because it's outside the time window: 16:35:00 - 16:50:00
2025-05-07 20:25:00 - INFO - [_update_active_orders_and_telegram] [N/A] 📊 Updating SL/TP for active orders
2025-05-07 20:25:01 - INFO - [_wait_until_next_iteration] [N/A] ⏳ Sleeping for 58.93 seconds before the next cycle
2025-05-07 20:26:00 - DEBUG - [_process_strategies] [N/A] ⏱ Skipping VWAP_diff_signal_rsi_1700, not yet time (every 5m)
2025-05-07 20:26:00 - DEBUG - [_process_strategies] [N/A] ⏱ Skipping VWAP_diff_signal_1700_volume, not yet time (every 5m)
2025-05-07 20:26:00 - DEBUG - [_process_strategies] [N/A] ⏱ Skipping VWAP_diff_signal_1700, not yet time (every 5m)
2025-05-07 20:26:00 - DEBUG - [_process_strategies] [N/A] ⏱ Skipping EMA_Cross_ema50, not yet time (every 5m)
2025-05-07 20:26:00 - DEBUG - [_process_strategies] [N/A] ⏱ Skipping SMA_Cross_sma50, not yet time (every 5m)
2025-05-07 20:26:00 - DEBUG - [_process_strategies] [N/A] ⏱ Skipping SMA_Cross_candle, not yet time (every 5m)
2025-05-07 20:26:00 - DEBUG - [_process_strategies] [N/A] ⏱ Skipping EMA_Cross_candle, not yet time (every 5m)
2025-05-07 20:26:00 - INFO - [_update_active_orders_and_telegram] [N/A] 📊 Updating SL/TP for active orders
2025-05-07 20:26:01 - INFO - [_wait_until_next_iteration] [N/A] ⏳ Sleeping for 58.93 seconds before the next cycle
2025-05-07 20:27:00 - DEBUG - [_process_strategies] [N/A] ⏱ Skipping VWAP_diff_signal_rsi_1700, not yet time (every 5m)
2025-05-07 20:27:00 - DEBUG - [_process_strategies] [N/A] ⏱ Skipping VWAP_diff_signal_1700_volume, not yet time (every 5m)
2025-05-07 20:27:00 - DEBUG - [_process_strategies] [N/A] ⏱ Skipping VWAP_diff_signal_1700, not yet time (every 5m)
2025-05-07 20:27:00 - DEBUG - [_process_strategies] [N/A] ⏱ Skipping EMA_Cross_ema50, not yet time (every 5m)
2025-05-07 20:27:00 - DEBUG - [_process_strategies] [N/A] ⏱ Skipping SMA_Cross_sma50, not yet time (every 5m)
2025-05-07 20:27:00 - DEBUG - [_process_strategies] [N/A] ⏱ Skipping SMA_Cross_candle, not yet time (every 5m)
2025-05-07 20:27:00 - DEBUG - [_process_strategies] [N/A] ⏱ Skipping EMA_Cross_candle, not yet time (every 5m)
2025-05-07 20:27:00 - INFO - [_update_active_orders_and_telegram] [N/A] 📊 Updating SL/TP for active orders
2025-05-07 20:27:01 - INFO - [_wait_until_next_iteration] [N/A] ⏳ Sleeping for 58.94 seconds before the next cycle
2025-05-07 20:28:00 - DEBUG - [_process_strategies] [N/A] ⏱ Skipping VWAP_diff_signal_rsi_1700, not yet time (every 5m)
2025-05-07 20:28:00 - DEBUG - [_process_strategies] [N/A] ⏱ Skipping VWAP_diff_signal_1700_volume, not yet time (every 5m)
2025-05-07 20:28:00 - DEBUG - [_process_strategies] [N/A] ⏱ Skipping VWAP_diff_signal_1700, not yet time (every 5m)
2025-05-07 20:28:00 - DEBUG - [_process_strategies] [N/A] ⏱ Skipping EMA_Cross_ema50, not yet time (every 5m)
2025-05-07 20:28:00 - DEBUG - [_process_strategies] [N/A] ⏱ Skipping SMA_Cross_sma50, not yet time (every 5m)
2025-05-07 20:28:00 - DEBUG - [_process_strategies] [N/A] ⏱ Skipping SMA_Cross_candle, not yet time (every 5m)
2025-05-07 20:28:00 - DEBUG - [_process_strategies] [N/A] ⏱ Skipping EMA_Cross_candle, not yet time (every 5m)
2025-05-07 20:28:00 - INFO - [_update_active_orders_and_telegram] [N/A] 📊 Updating SL/TP for active orders
2025-05-07 20:28:01 - INFO - [_wait_until_next_iteration] [N/A] ⏳ Sleeping for 58.93 seconds before the next cycle
2025-05-07 20:29:00 - DEBUG - [_process_strategies] [N/A] ⏱ Skipping VWAP_diff_signal_rsi_1700, not yet time (every 5m)
2025-05-07 20:29:00 - DEBUG - [_process_strategies] [N/A] ⏱ Skipping VWAP_diff_signal_1700_volume, not yet time (every 5m)
2025-05-07 20:29:00 - DEBUG - [_process_strategies] [N/A] ⏱ Skipping VWAP_diff_signal_1700, not yet time (every 5m)
2025-05-07 20:29:00 - DEBUG - [_process_strategies] [N/A] ⏱ Skipping EMA_Cross_ema50, not yet time (every 5m)
2025-05-07 20:29:00 - DEBUG - [_process_strategies] [N/A] ⏱ Skipping SMA_Cross_sma50, not yet time (every 5m)
2025-05-07 20:29:00 - DEBUG - [_process_strategies] [N/A] ⏱ Skipping SMA_Cross_candle, not yet time (every 5m)
2025-05-07 20:29:00 - DEBUG - [_process_strategies] [N/A] ⏱ Skipping EMA_Cross_candle, not yet time (every 5m)
2025-05-07 20:29:00 - INFO - [_update_active_orders_and_telegram] [N/A] 📊 Updating SL/TP for active orders
2025-05-07 20:29:01 - INFO - [_wait_until_next_iteration] [N/A] ⏳ Sleeping for 58.97 seconds before the next cycle
2025-05-07 20:30:00 - INFO - [_run_strategy_if_applicable] [N/A] ⏰ Strategy 'VWAP_diff_signal_rsi_1700' not executed because it's outside the time window: 17:30:00 - 19:00:00
2025-05-07 20:30:00 - INFO - [_run_strategy_if_applicable] [N/A] ⏰ Strategy 'VWAP_diff_signal_1700_volume' not executed because it's outside the time window: 17:30:00 - 19:00:00
2025-05-07 20:30:00 - INFO - [_run_strategy_if_applicable] [N/A] ⏰ Strategy 'VWAP_diff_signal_1700' not executed because it's outside the time window: 17:30:00 - 19:00:00
2025-05-07 20:30:00 - INFO - [_run_strategy_if_applicable] [N/A] ⏰ Strategy 'EMA_Cross_ema50' not executed because it's outside the time window: 16:35:00 - 16:50:00
2025-05-07 20:30:00 - INFO - [_run_strategy_if_applicable] [N/A] ⏰ Strategy 'SMA_Cross_sma50' not executed because it's outside the time window: 16:35:00 - 16:50:00
2025-05-07 20:30:00 - INFO - [_run_strategy_if_applicable] [N/A] ⏰ Strategy 'SMA_Cross_candle' not executed because it's outside the time window: 16:35:00 - 16:50:00
2025-05-07 20:30:00 - INFO - [_run_strategy_if_applicable] [N/A] ⏰ Strategy 'EMA_Cross_candle' not executed because it's outside the time window: 16:35:00 - 16:50:00
2025-05-07 20:30:00 - INFO - [_update_active_orders_and_telegram] [N/A] 📊 Updating SL/TP for active orders
2025-05-07 20:30:01 - INFO - [_wait_until_next_iteration] [N/A] ⏳ Sleeping for 58.96 seconds before the next cycle
2025-05-07 20:31:00 - DEBUG - [_process_strategies] [N/A] ⏱ Skipping VWAP_diff_signal_rsi_1700, not yet time (every 5m)
2025-05-07 20:31:00 - DEBUG - [_process_strategies] [N/A] ⏱ Skipping VWAP_diff_signal_1700_volume, not yet time (every 5m)
2025-05-07 20:31:00 - DEBUG - [_process_strategies] [N/A] ⏱ Skipping VWAP_diff_signal_1700, not yet time (every 5m)
2025-05-07 20:31:00 - DEBUG - [_process_strategies] [N/A] ⏱ Skipping EMA_Cross_ema50, not yet time (every 5m)
2025-05-07 20:31:00 - DEBUG - [_process_strategies] [N/A] ⏱ Skipping SMA_Cross_sma50, not yet time (every 5m)
2025-05-07 20:31:00 - DEBUG - [_process_strategies] [N/A] ⏱ Skipping SMA_Cross_candle, not yet time (every 5m)
2025-05-07 20:31:00 - DEBUG - [_process_strategies] [N/A] ⏱ Skipping EMA_Cross_candle, not yet time (every 5m)
2025-05-07 20:31:00 - INFO - [_update_active_orders_and_telegram] [N/A] 📊 Updating SL/TP for active orders
2025-05-07 20:31:01 - INFO - [_wait_until_next_iteration] [N/A] ⏳ Sleeping for 58.95 seconds before the next cycle
2025-05-07 20:32:00 - DEBUG - [_process_strategies] [N/A] ⏱ Skipping VWAP_diff_signal_rsi_1700, not yet time (every 5m)
2025-05-07 20:32:00 - DEBUG - [_process_strategies] [N/A] ⏱ Skipping VWAP_diff_signal_1700_volume, not yet time (every 5m)
2025-05-07 20:32:00 - DEBUG - [_process_strategies] [N/A] ⏱ Skipping VWAP_diff_signal_1700, not yet time (every 5m)
2025-05-07 20:32:00 - DEBUG - [_process_strategies] [N/A] ⏱ Skipping EMA_Cross_ema50, not yet time (every 5m)
2025-05-07 20:32:00 - DEBUG - [_process_strategies] [N/A] ⏱ Skipping SMA_Cross_sma50, not yet time (every 5m)
2025-05-07 20:32:00 - DEBUG - [_process_strategies] [N/A] ⏱ Skipping SMA_Cross_candle, not yet time (every 5m)
2025-05-07 20:32:00 - DEBUG - [_process_strategies] [N/A] ⏱ Skipping EMA_Cross_candle, not yet time (every 5m)
2025-05-07 20:32:00 - INFO - [_update_active_orders_and_telegram] [N/A] 📊 Updating SL/TP for active orders
2025-05-07 20:32:01 - INFO - [_wait_until_next_iteration] [N/A] ⏳ Sleeping for 58.92 seconds before the next cycle
2025-05-07 20:33:00 - DEBUG - [_process_strategies] [N/A] ⏱ Skipping VWAP_diff_signal_rsi_1700, not yet time (every 5m)
2025-05-07 20:33:00 - DEBUG - [_process_strategies] [N/A] ⏱ Skipping VWAP_diff_signal_1700_volume, not yet time (every 5m)
2025-05-07 20:33:00 - DEBUG - [_process_strategies] [N/A] ⏱ Skipping VWAP_diff_signal_1700, not yet time (every 5m)
2025-05-07 20:33:00 - DEBUG - [_process_strategies] [N/A] ⏱ Skipping EMA_Cross_ema50, not yet time (every 5m)
2025-05-07 20:33:00 - DEBUG - [_process_strategies] [N/A] ⏱ Skipping SMA_Cross_sma50, not yet time (every 5m)
2025-05-07 20:33:00 - DEBUG - [_process_strategies] [N/A] ⏱ Skipping SMA_Cross_candle, not yet time (every 5m)
2025-05-07 20:33:00 - DEBUG - [_process_strategies] [N/A] ⏱ Skipping EMA_Cross_candle, not yet time (every 5m)
2025-05-07 20:33:00 - INFO - [_update_active_orders_and_telegram] [N/A] 📊 Updating SL/TP for active orders
2025-05-07 20:33:01 - INFO - [_wait_until_next_iteration] [N/A] ⏳ Sleeping for 58.98 seconds before the next cycle
2025-05-07 20:34:00 - DEBUG - [_process_strategies] [N/A] ⏱ Skipping VWAP_diff_signal_rsi_1700, not yet time (every 5m)
2025-05-07 20:34:00 - DEBUG - [_process_strategies] [N/A] ⏱ Skipping VWAP_diff_signal_1700_volume, not yet time (every 5m)
2025-05-07 20:34:00 - DEBUG - [_process_strategies] [N/A] ⏱ Skipping VWAP_diff_signal_1700, not yet time (every 5m)
2025-05-07 20:34:00 - DEBUG - [_process_strategies] [N/A] ⏱ Skipping EMA_Cross_ema50, not yet time (every 5m)
2025-05-07 20:34:00 - DEBUG - [_process_strategies] [N/A] ⏱ Skipping SMA_Cross_sma50, not yet time (every 5m)
2025-05-07 20:34:00 - DEBUG - [_process_strategies] [N/A] ⏱ Skipping SMA_Cross_candle, not yet time (every 5m)
2025-05-07 20:34:00 - DEBUG - [_process_strategies] [N/A] ⏱ Skipping EMA_Cross_candle, not yet time (every 5m)
2025-05-07 20:34:00 - INFO - [_update_active_orders_and_telegram] [N/A] 📊 Updating SL/TP for active orders
2025-05-07 20:34:01 - INFO - [_wait_until_next_iteration] [N/A] ⏳ Sleeping for 58.93 seconds before the next cycle
2025-05-07 20:35:00 - INFO - [_run_strategy_if_applicable] [N/A] ⏰ Strategy 'VWAP_diff_signal_rsi_1700' not executed because it's outside the time window: 17:30:00 - 19:00:00
2025-05-07 20:35:00 - INFO - [_run_strategy_if_applicable] [N/A] ⏰ Strategy 'VWAP_diff_signal_1700_volume' not executed because it's outside the time window: 17:30:00 - 19:00:00
2025-05-07 20:35:00 - INFO - [_run_strategy_if_applicable] [N/A] ⏰ Strategy 'VWAP_diff_signal_1700' not executed because it's outside the time window: 17:30:00 - 19:00:00
2025-05-07 20:35:00 - INFO - [_run_strategy_if_applicable] [N/A] ⏰ Strategy 'EMA_Cross_ema50' not executed because it's outside the time window: 16:35:00 - 16:50:00
2025-05-07 20:35:00 - INFO - [_run_strategy_if_applicable] [N/A] ⏰ Strategy 'SMA_Cross_sma50' not executed because it's outside the time window: 16:35:00 - 16:50:00
2025-05-07 20:35:00 - INFO - [_run_strategy_if_applicable] [N/A] ⏰ Strategy 'SMA_Cross_candle' not executed because it's outside the time window: 16:35:00 - 16:50:00
2025-05-07 20:35:00 - INFO - [_run_strategy_if_applicable] [N/A] ⏰ Strategy 'EMA_Cross_candle' not executed because it's outside the time window: 16:35:00 - 16:50:00
2025-05-07 20:35:00 - INFO - [_update_active_orders_and_telegram] [N/A] 📊 Updating SL/TP for active orders
2025-05-07 20:35:01 - INFO - [_wait_until_next_iteration] [N/A] ⏳ Sleeping for 58.93 seconds before the next cycle
2025-05-07 20:36:00 - DEBUG - [_process_strategies] [N/A] ⏱ Skipping VWAP_diff_signal_rsi_1700, not yet time (every 5m)
2025-05-07 20:36:00 - DEBUG - [_process_strategies] [N/A] ⏱ Skipping VWAP_diff_signal_1700_volume, not yet time (every 5m)
2025-05-07 20:36:00 - DEBUG - [_process_strategies] [N/A] ⏱ Skipping VWAP_diff_signal_1700, not yet time (every 5m)
2025-05-07 20:36:00 - DEBUG - [_process_strategies] [N/A] ⏱ Skipping EMA_Cross_ema50, not yet time (every 5m)
2025-05-07 20:36:00 - DEBUG - [_process_strategies] [N/A] ⏱ Skipping SMA_Cross_sma50, not yet time (every 5m)
2025-05-07 20:36:00 - DEBUG - [_process_strategies] [N/A] ⏱ Skipping SMA_Cross_candle, not yet time (every 5m)
2025-05-07 20:36:00 - DEBUG - [_process_strategies] [N/A] ⏱ Skipping EMA_Cross_candle, not yet time (every 5m)
2025-05-07 20:36:00 - INFO - [_update_active_orders_and_telegram] [N/A] 📊 Updating SL/TP for active orders
2025-05-07 20:36:01 - INFO - [_wait_until_next_iteration] [N/A] ⏳ Sleeping for 58.93 seconds before the next cycle
2025-05-07 20:37:00 - DEBUG - [_process_strategies] [N/A] ⏱ Skipping VWAP_diff_signal_rsi_1700, not yet time (every 5m)
2025-05-07 20:37:00 - DEBUG - [_process_strategies] [N/A] ⏱ Skipping VWAP_diff_signal_1700_volume, not yet time (every 5m)
2025-05-07 20:37:00 - DEBUG - [_process_strategies] [N/A] ⏱ Skipping VWAP_diff_signal_1700, not yet time (every 5m)
2025-05-07 20:37:00 - DEBUG - [_process_strategies] [N/A] ⏱ Skipping EMA_Cross_ema50, not yet time (every 5m)
2025-05-07 20:37:00 - DEBUG - [_process_strategies] [N/A] ⏱ Skipping SMA_Cross_sma50, not yet time (every 5m)
2025-05-07 20:37:00 - DEBUG - [_process_strategies] [N/A] ⏱ Skipping SMA_Cross_candle, not yet time (every 5m)
2025-05-07 20:37:00 - DEBUG - [_process_strategies] [N/A] ⏱ Skipping EMA_Cross_candle, not yet time (every 5m)
2025-05-07 20:37:00 - INFO - [_update_active_orders_and_telegram] [N/A] 📊 Updating SL/TP for active orders
2025-05-07 20:37:01 - INFO - [_wait_until_next_iteration] [N/A] ⏳ Sleeping for 58.96 seconds before the next cycle
2025-05-07 20:38:00 - DEBUG - [_process_strategies] [N/A] ⏱ Skipping VWAP_diff_signal_rsi_1700, not yet time (every 5m)
2025-05-07 20:38:00 - DEBUG - [_process_strategies] [N/A] ⏱ Skipping VWAP_diff_signal_1700_volume, not yet time (every 5m)
2025-05-07 20:38:00 - DEBUG - [_process_strategies] [N/A] ⏱ Skipping VWAP_diff_signal_1700, not yet time (every 5m)
2025-05-07 20:38:00 - DEBUG - [_process_strategies] [N/A] ⏱ Skipping EMA_Cross_ema50, not yet time (every 5m)
2025-05-07 20:38:00 - DEBUG - [_process_strategies] [N/A] ⏱ Skipping SMA_Cross_sma50, not yet time (every 5m)
2025-05-07 20:38:00 - DEBUG - [_process_strategies] [N/A] ⏱ Skipping SMA_Cross_candle, not yet time (every 5m)
2025-05-07 20:38:00 - DEBUG - [_process_strategies] [N/A] ⏱ Skipping EMA_Cross_candle, not yet time (every 5m)
2025-05-07 20:38:00 - INFO - [_update_active_orders_and_telegram] [N/A] 📊 Updating SL/TP for active orders
2025-05-07 20:38:01 - INFO - [_wait_until_next_iteration] [N/A] ⏳ Sleeping for 58.93 seconds before the next cycle
2025-05-07 20:39:00 - DEBUG - [_process_strategies] [N/A] ⏱ Skipping VWAP_diff_signal_rsi_1700, not yet time (every 5m)
2025-05-07 20:39:00 - DEBUG - [_process_strategies] [N/A] ⏱ Skipping VWAP_diff_signal_1700_volume, not yet time (every 5m)
2025-05-07 20:39:00 - DEBUG - [_process_strategies] [N/A] ⏱ Skipping VWAP_diff_signal_1700, not yet time (every 5m)
2025-05-07 20:39:00 - DEBUG - [_process_strategies] [N/A] ⏱ Skipping EMA_Cross_ema50, not yet time (every 5m)
2025-05-07 20:39:00 - DEBUG - [_process_strategies] [N/A] ⏱ Skipping SMA_Cross_sma50, not yet time (every 5m)
2025-05-07 20:39:00 - DEBUG - [_process_strategies] [N/A] ⏱ Skipping SMA_Cross_candle, not yet time (every 5m)
2025-05-07 20:39:00 - DEBUG - [_process_strategies] [N/A] ⏱ Skipping EMA_Cross_candle, not yet time (every 5m)
2025-05-07 20:39:00 - INFO - [_update_active_orders_and_telegram] [N/A] 📊 Updating SL/TP for active orders
2025-05-07 20:39:01 - INFO - [_wait_until_next_iteration] [N/A] ⏳ Sleeping for 58.93 seconds before the next cycle
2025-05-07 20:40:00 - INFO - [_run_strategy_if_applicable] [N/A] ⏰ Strategy 'VWAP_diff_signal_rsi_1700' not executed because it's outside the time window: 17:30:00 - 19:00:00
2025-05-07 20:40:00 - INFO - [_run_strategy_if_applicable] [N/A] ⏰ Strategy 'VWAP_diff_signal_1700_volume' not executed because it's outside the time window: 17:30:00 - 19:00:00
2025-05-07 20:40:00 - INFO - [_run_strategy_if_applicable] [N/A] ⏰ Strategy 'VWAP_diff_signal_1700' not executed because it's outside the time window: 17:30:00 - 19:00:00
2025-05-07 20:40:00 - INFO - [_run_strategy_if_applicable] [N/A] ⏰ Strategy 'EMA_Cross_ema50' not executed because it's outside the time window: 16:35:00 - 16:50:00
2025-05-07 20:40:00 - INFO - [_run_strategy_if_applicable] [N/A] ⏰ Strategy 'SMA_Cross_sma50' not executed because it's outside the time window: 16:35:00 - 16:50:00
2025-05-07 20:40:00 - INFO - [_run_strategy_if_applicable] [N/A] ⏰ Strategy 'SMA_Cross_candle' not executed because it's outside the time window: 16:35:00 - 16:50:00
2025-05-07 20:40:00 - INFO - [_run_strategy_if_applicable] [N/A] ⏰ Strategy 'EMA_Cross_candle' not executed because it's outside the time window: 16:35:00 - 16:50:00
2025-05-07 20:40:00 - INFO - [_update_active_orders_and_telegram] [N/A] 📊 Updating SL/TP for active orders
2025-05-07 20:40:01 - INFO - [_wait_until_next_iteration] [N/A] ⏳ Sleeping for 58.94 seconds before the next cycle
2025-05-07 20:41:00 - DEBUG - [_process_strategies] [N/A] ⏱ Skipping VWAP_diff_signal_rsi_1700, not yet time (every 5m)
2025-05-07 20:41:00 - DEBUG - [_process_strategies] [N/A] ⏱ Skipping VWAP_diff_signal_1700_volume, not yet time (every 5m)
2025-05-07 20:41:00 - DEBUG - [_process_strategies] [N/A] ⏱ Skipping VWAP_diff_signal_1700, not yet time (every 5m)
2025-05-07 20:41:00 - DEBUG - [_process_strategies] [N/A] ⏱ Skipping EMA_Cross_ema50, not yet time (every 5m)
2025-05-07 20:41:00 - DEBUG - [_process_strategies] [N/A] ⏱ Skipping SMA_Cross_sma50, not yet time (every 5m)
2025-05-07 20:41:00 - DEBUG - [_process_strategies] [N/A] ⏱ Skipping SMA_Cross_candle, not yet time (every 5m)
2025-05-07 20:41:00 - DEBUG - [_process_strategies] [N/A] ⏱ Skipping EMA_Cross_candle, not yet time (every 5m)
2025-05-07 20:41:00 - INFO - [_update_active_orders_and_telegram] [N/A] 📊 Updating SL/TP for active orders
2025-05-07 20:41:01 - INFO - [_wait_until_next_iteration] [N/A] ⏳ Sleeping for 58.92 seconds before the next cycle
2025-05-07 20:42:00 - DEBUG - [_process_strategies] [N/A] ⏱ Skipping VWAP_diff_signal_rsi_1700, not yet time (every 5m)
2025-05-07 20:42:00 - DEBUG - [_process_strategies] [N/A] ⏱ Skipping VWAP_diff_signal_1700_volume, not yet time (every 5m)
2025-05-07 20:42:00 - DEBUG - [_process_strategies] [N/A] ⏱ Skipping VWAP_diff_signal_1700, not yet time (every 5m)
2025-05-07 20:42:00 - DEBUG - [_process_strategies] [N/A] ⏱ Skipping EMA_Cross_ema50, not yet time (every 5m)
2025-05-07 20:42:00 - DEBUG - [_process_strategies] [N/A] ⏱ Skipping SMA_Cross_sma50, not yet time (every 5m)
2025-05-07 20:42:00 - DEBUG - [_process_strategies] [N/A] ⏱ Skipping SMA_Cross_candle, not yet time (every 5m)
2025-05-07 20:42:00 - DEBUG - [_process_strategies] [N/A] ⏱ Skipping EMA_Cross_candle, not yet time (every 5m)
2025-05-07 20:42:00 - INFO - [_update_active_orders_and_telegram] [N/A] 📊 Updating SL/TP for active orders
2025-05-07 20:42:01 - INFO - [_wait_until_next_iteration] [N/A] ⏳ Sleeping for 58.93 seconds before the next cycle
2025-05-07 20:43:00 - DEBUG - [_process_strategies] [N/A] ⏱ Skipping VWAP_diff_signal_rsi_1700, not yet time (every 5m)
2025-05-07 20:43:00 - DEBUG - [_process_strategies] [N/A] ⏱ Skipping VWAP_diff_signal_1700_volume, not yet time (every 5m)
2025-05-07 20:43:00 - DEBUG - [_process_strategies] [N/A] ⏱ Skipping VWAP_diff_signal_1700, not yet time (every 5m)
2025-05-07 20:43:00 - DEBUG - [_process_strategies] [N/A] ⏱ Skipping EMA_Cross_ema50, not yet time (every 5m)
2025-05-07 20:43:00 - DEBUG - [_process_strategies] [N/A] ⏱ Skipping SMA_Cross_sma50, not yet time (every 5m)
2025-05-07 20:43:00 - DEBUG - [_process_strategies] [N/A] ⏱ Skipping SMA_Cross_candle, not yet time (every 5m)
2025-05-07 20:43:00 - DEBUG - [_process_strategies] [N/A] ⏱ Skipping EMA_Cross_candle, not yet time (every 5m)
2025-05-07 20:43:00 - INFO - [_update_active_orders_and_telegram] [N/A] 📊 Updating SL/TP for active orders
2025-05-07 20:43:01 - INFO - [_wait_until_next_iteration] [N/A] ⏳ Sleeping for 58.93 seconds before the next cycle
2025-05-07 20:44:00 - DEBUG - [_process_strategies] [N/A] ⏱ Skipping VWAP_diff_signal_rsi_1700, not yet time (every 5m)
2025-05-07 20:44:00 - DEBUG - [_process_strategies] [N/A] ⏱ Skipping VWAP_diff_signal_1700_volume, not yet time (every 5m)
2025-05-07 20:44:00 - DEBUG - [_process_strategies] [N/A] ⏱ Skipping VWAP_diff_signal_1700, not yet time (every 5m)
2025-05-07 20:44:00 - DEBUG - [_process_strategies] [N/A] ⏱ Skipping EMA_Cross_ema50, not yet time (every 5m)
2025-05-07 20:44:00 - DEBUG - [_process_strategies] [N/A] ⏱ Skipping SMA_Cross_sma50, not yet time (every 5m)
2025-05-07 20:44:00 - DEBUG - [_process_strategies] [N/A] ⏱ Skipping SMA_Cross_candle, not yet time (every 5m)
2025-05-07 20:44:00 - DEBUG - [_process_strategies] [N/A] ⏱ Skipping EMA_Cross_candle, not yet time (every 5m)
2025-05-07 20:44:00 - INFO - [_update_active_orders_and_telegram] [N/A] 📊 Updating SL/TP for active orders
2025-05-07 20:44:01 - INFO - [_wait_until_next_iteration] [N/A] ⏳ Sleeping for 58.94 seconds before the next cycle
2025-05-07 20:45:00 - INFO - [_run_strategy_if_applicable] [N/A] ⏰ Strategy 'VWAP_diff_signal_rsi_1700' not executed because it's outside the time window: 17:30:00 - 19:00:00
2025-05-07 20:45:00 - INFO - [_run_strategy_if_applicable] [N/A] ⏰ Strategy 'VWAP_diff_signal_1700_volume' not executed because it's outside the time window: 17:30:00 - 19:00:00
2025-05-07 20:45:00 - INFO - [_run_strategy_if_applicable] [N/A] ⏰ Strategy 'VWAP_diff_signal_1700' not executed because it's outside the time window: 17:30:00 - 19:00:00
2025-05-07 20:45:00 - INFO - [_run_strategy_if_applicable] [N/A] ⏰ Strategy 'EMA_Cross_ema50' not executed because it's outside the time window: 16:35:00 - 16:50:00
2025-05-07 20:45:00 - INFO - [_run_strategy_if_applicable] [N/A] ⏰ Strategy 'SMA_Cross_sma50' not executed because it's outside the time window: 16:35:00 - 16:50:00
2025-05-07 20:45:00 - INFO - [_run_strategy_if_applicable] [N/A] ⏰ Strategy 'SMA_Cross_candle' not executed because it's outside the time window: 16:35:00 - 16:50:00
2025-05-07 20:45:00 - INFO - [_run_strategy_if_applicable] [N/A] ⏰ Strategy 'EMA_Cross_candle' not executed because it's outside the time window: 16:35:00 - 16:50:00
2025-05-07 20:45:00 - INFO - [_update_active_orders_and_telegram] [N/A] 📊 Updating SL/TP for active orders
2025-05-07 20:45:01 - INFO - [_wait_until_next_iteration] [N/A] ⏳ Sleeping for 58.95 seconds before the next cycle
2025-05-07 20:46:00 - DEBUG - [_process_strategies] [N/A] ⏱ Skipping VWAP_diff_signal_rsi_1700, not yet time (every 5m)
2025-05-07 20:46:00 - DEBUG - [_process_strategies] [N/A] ⏱ Skipping VWAP_diff_signal_1700_volume, not yet time (every 5m)
2025-05-07 20:46:00 - DEBUG - [_process_strategies] [N/A] ⏱ Skipping VWAP_diff_signal_1700, not yet time (every 5m)
2025-05-07 20:46:00 - DEBUG - [_process_strategies] [N/A] ⏱ Skipping EMA_Cross_ema50, not yet time (every 5m)
2025-05-07 20:46:00 - DEBUG - [_process_strategies] [N/A] ⏱ Skipping SMA_Cross_sma50, not yet time (every 5m)
2025-05-07 20:46:00 - DEBUG - [_process_strategies] [N/A] ⏱ Skipping SMA_Cross_candle, not yet time (every 5m)
2025-05-07 20:46:00 - DEBUG - [_process_strategies] [N/A] ⏱ Skipping EMA_Cross_candle, not yet time (every 5m)
2025-05-07 20:46:00 - INFO - [_update_active_orders_and_telegram] [N/A] 📊 Updating SL/TP for active orders
2025-05-07 20:46:01 - INFO - [_wait_until_next_iteration] [N/A] ⏳ Sleeping for 58.94 seconds before the next cycle
2025-05-07 20:47:00 - DEBUG - [_process_strategies] [N/A] ⏱ Skipping VWAP_diff_signal_rsi_1700, not yet time (every 5m)
2025-05-07 20:47:00 - DEBUG - [_process_strategies] [N/A] ⏱ Skipping VWAP_diff_signal_1700_volume, not yet time (every 5m)
2025-05-07 20:47:00 - DEBUG - [_process_strategies] [N/A] ⏱ Skipping VWAP_diff_signal_1700, not yet time (every 5m)
2025-05-07 20:47:00 - DEBUG - [_process_strategies] [N/A] ⏱ Skipping EMA_Cross_ema50, not yet time (every 5m)
2025-05-07 20:47:00 - DEBUG - [_process_strategies] [N/A] ⏱ Skipping SMA_Cross_sma50, not yet time (every 5m)
2025-05-07 20:47:00 - DEBUG - [_process_strategies] [N/A] ⏱ Skipping SMA_Cross_candle, not yet time (every 5m)
2025-05-07 20:47:00 - DEBUG - [_process_strategies] [N/A] ⏱ Skipping EMA_Cross_candle, not yet time (every 5m)
2025-05-07 20:47:00 - INFO - [_update_active_orders_and_telegram] [N/A] 📊 Updating SL/TP for active orders
2025-05-07 20:47:01 - INFO - [_wait_until_next_iteration] [N/A] ⏳ Sleeping for 58.93 seconds before the next cycle
2025-05-07 20:48:00 - DEBUG - [_process_strategies] [N/A] ⏱ Skipping VWAP_diff_signal_rsi_1700, not yet time (every 5m)
2025-05-07 20:48:00 - DEBUG - [_process_strategies] [N/A] ⏱ Skipping VWAP_diff_signal_1700_volume, not yet time (every 5m)
2025-05-07 20:48:00 - DEBUG - [_process_strategies] [N/A] ⏱ Skipping VWAP_diff_signal_1700, not yet time (every 5m)
2025-05-07 20:48:00 - DEBUG - [_process_strategies] [N/A] ⏱ Skipping EMA_Cross_ema50, not yet time (every 5m)
2025-05-07 20:48:00 - DEBUG - [_process_strategies] [N/A] ⏱ Skipping SMA_Cross_sma50, not yet time (every 5m)
2025-05-07 20:48:00 - DEBUG - [_process_strategies] [N/A] ⏱ Skipping SMA_Cross_candle, not yet time (every 5m)
2025-05-07 20:48:00 - DEBUG - [_process_strategies] [N/A] ⏱ Skipping EMA_Cross_candle, not yet time (every 5m)
2025-05-07 20:48:00 - INFO - [_update_active_orders_and_telegram] [N/A] 📊 Updating SL/TP for active orders
2025-05-07 20:48:01 - INFO - [_wait_until_next_iteration] [N/A] ⏳ Sleeping for 58.94 seconds before the next cycle
2025-05-07 20:49:00 - DEBUG - [_process_strategies] [N/A] ⏱ Skipping VWAP_diff_signal_rsi_1700, not yet time (every 5m)
2025-05-07 20:49:00 - DEBUG - [_process_strategies] [N/A] ⏱ Skipping VWAP_diff_signal_1700_volume, not yet time (every 5m)
2025-05-07 20:49:00 - DEBUG - [_process_strategies] [N/A] ⏱ Skipping VWAP_diff_signal_1700, not yet time (every 5m)
2025-05-07 20:49:00 - DEBUG - [_process_strategies] [N/A] ⏱ Skipping EMA_Cross_ema50, not yet time (every 5m)
2025-05-07 20:49:00 - DEBUG - [_process_strategies] [N/A] ⏱ Skipping SMA_Cross_sma50, not yet time (every 5m)
2025-05-07 20:49:00 - DEBUG - [_process_strategies] [N/A] ⏱ Skipping SMA_Cross_candle, not yet time (every 5m)
2025-05-07 20:49:00 - DEBUG - [_process_strategies] [N/A] ⏱ Skipping EMA_Cross_candle, not yet time (every 5m)
2025-05-07 20:49:00 - INFO - [_update_active_orders_and_telegram] [N/A] 📊 Updating SL/TP for active orders
2025-05-07 20:49:01 - INFO - [_wait_until_next_iteration] [N/A] ⏳ Sleeping for 58.93 seconds before the next cycle
2025-05-07 20:50:00 - INFO - [_run_strategy_if_applicable] [N/A] ⏰ Strategy 'VWAP_diff_signal_rsi_1700' not executed because it's outside the time window: 17:30:00 - 19:00:00
2025-05-07 20:50:00 - INFO - [_run_strategy_if_applicable] [N/A] ⏰ Strategy 'VWAP_diff_signal_1700_volume' not executed because it's outside the time window: 17:30:00 - 19:00:00
2025-05-07 20:50:00 - INFO - [_run_strategy_if_applicable] [N/A] ⏰ Strategy 'VWAP_diff_signal_1700' not executed because it's outside the time window: 17:30:00 - 19:00:00
2025-05-07 20:50:00 - INFO - [_run_strategy_if_applicable] [N/A] ⏰ Strategy 'EMA_Cross_ema50' not executed because it's outside the time window: 16:35:00 - 16:50:00
2025-05-07 20:50:00 - INFO - [_run_strategy_if_applicable] [N/A] ⏰ Strategy 'SMA_Cross_sma50' not executed because it's outside the time window: 16:35:00 - 16:50:00
2025-05-07 20:50:00 - INFO - [_run_strategy_if_applicable] [N/A] ⏰ Strategy 'SMA_Cross_candle' not executed because it's outside the time window: 16:35:00 - 16:50:00
2025-05-07 20:50:00 - INFO - [_run_strategy_if_applicable] [N/A] ⏰ Strategy 'EMA_Cross_candle' not executed because it's outside the time window: 16:35:00 - 16:50:00
2025-05-07 20:50:00 - INFO - [_update_active_orders_and_telegram] [N/A] 📊 Updating SL/TP for active orders
2025-05-07 20:50:01 - INFO - [_wait_until_next_iteration] [N/A] ⏳ Sleeping for 58.93 seconds before the next cycle
2025-05-07 20:51:00 - DEBUG - [_process_strategies] [N/A] ⏱ Skipping VWAP_diff_signal_rsi_1700, not yet time (every 5m)
2025-05-07 20:51:00 - DEBUG - [_process_strategies] [N/A] ⏱ Skipping VWAP_diff_signal_1700_volume, not yet time (every 5m)
2025-05-07 20:51:00 - DEBUG - [_process_strategies] [N/A] ⏱ Skipping VWAP_diff_signal_1700, not yet time (every 5m)
2025-05-07 20:51:00 - DEBUG - [_process_strategies] [N/A] ⏱ Skipping EMA_Cross_ema50, not yet time (every 5m)
2025-05-07 20:51:00 - DEBUG - [_process_strategies] [N/A] ⏱ Skipping SMA_Cross_sma50, not yet time (every 5m)
2025-05-07 20:51:00 - DEBUG - [_process_strategies] [N/A] ⏱ Skipping SMA_Cross_candle, not yet time (every 5m)
2025-05-07 20:51:00 - DEBUG - [_process_strategies] [N/A] ⏱ Skipping EMA_Cross_candle, not yet time (every 5m)
2025-05-07 20:51:00 - INFO - [_update_active_orders_and_telegram] [N/A] 📊 Updating SL/TP for active orders
2025-05-07 20:51:01 - INFO - [_wait_until_next_iteration] [N/A] ⏳ Sleeping for 58.96 seconds before the next cycle
2025-05-07 20:52:00 - DEBUG - [_process_strategies] [N/A] ⏱ Skipping VWAP_diff_signal_rsi_1700, not yet time (every 5m)
2025-05-07 20:52:00 - DEBUG - [_process_strategies] [N/A] ⏱ Skipping VWAP_diff_signal_1700_volume, not yet time (every 5m)
2025-05-07 20:52:00 - DEBUG - [_process_strategies] [N/A] ⏱ Skipping VWAP_diff_signal_1700, not yet time (every 5m)
2025-05-07 20:52:00 - DEBUG - [_process_strategies] [N/A] ⏱ Skipping EMA_Cross_ema50, not yet time (every 5m)
2025-05-07 20:52:00 - DEBUG - [_process_strategies] [N/A] ⏱ Skipping SMA_Cross_sma50, not yet time (every 5m)
2025-05-07 20:52:00 - DEBUG - [_process_strategies] [N/A] ⏱ Skipping SMA_Cross_candle, not yet time (every 5m)
2025-05-07 20:52:00 - DEBUG - [_process_strategies] [N/A] ⏱ Skipping EMA_Cross_candle, not yet time (every 5m)
2025-05-07 20:52:00 - INFO - [_update_active_orders_and_telegram] [N/A] 📊 Updating SL/TP for active orders
2025-05-07 20:52:01 - INFO - [_wait_until_next_iteration] [N/A] ⏳ Sleeping for 58.98 seconds before the next cycle
2025-05-07 20:53:00 - DEBUG - [_process_strategies] [N/A] ⏱ Skipping VWAP_diff_signal_rsi_1700, not yet time (every 5m)
2025-05-07 20:53:00 - DEBUG - [_process_strategies] [N/A] ⏱ Skipping VWAP_diff_signal_1700_volume, not yet time (every 5m)
2025-05-07 20:53:00 - DEBUG - [_process_strategies] [N/A] ⏱ Skipping VWAP_diff_signal_1700, not yet time (every 5m)
2025-05-07 20:53:00 - DEBUG - [_process_strategies] [N/A] ⏱ Skipping EMA_Cross_ema50, not yet time (every 5m)
2025-05-07 20:53:00 - DEBUG - [_process_strategies] [N/A] ⏱ Skipping SMA_Cross_sma50, not yet time (every 5m)
2025-05-07 20:53:00 - DEBUG - [_process_strategies] [N/A] ⏱ Skipping SMA_Cross_candle, not yet time (every 5m)
2025-05-07 20:53:00 - DEBUG - [_process_strategies] [N/A] ⏱ Skipping EMA_Cross_candle, not yet time (every 5m)
2025-05-07 20:53:00 - INFO - [_update_active_orders_and_telegram] [N/A] 📊 Updating SL/TP for active orders
2025-05-07 20:53:01 - INFO - [_wait_until_next_iteration] [N/A] ⏳ Sleeping for 58.92 seconds before the next cycle
2025-05-07 20:54:00 - DEBUG - [_process_strategies] [N/A] ⏱ Skipping VWAP_diff_signal_rsi_1700, not yet time (every 5m)
2025-05-07 20:54:00 - DEBUG - [_process_strategies] [N/A] ⏱ Skipping VWAP_diff_signal_1700_volume, not yet time (every 5m)
2025-05-07 20:54:00 - DEBUG - [_process_strategies] [N/A] ⏱ Skipping VWAP_diff_signal_1700, not yet time (every 5m)
2025-05-07 20:54:00 - DEBUG - [_process_strategies] [N/A] ⏱ Skipping EMA_Cross_ema50, not yet time (every 5m)
2025-05-07 20:54:00 - DEBUG - [_process_strategies] [N/A] ⏱ Skipping SMA_Cross_sma50, not yet time (every 5m)
2025-05-07 20:54:00 - DEBUG - [_process_strategies] [N/A] ⏱ Skipping SMA_Cross_candle, not yet time (every 5m)
2025-05-07 20:54:00 - DEBUG - [_process_strategies] [N/A] ⏱ Skipping EMA_Cross_candle, not yet time (every 5m)
2025-05-07 20:54:00 - INFO - [_update_active_orders_and_telegram] [N/A] 📊 Updating SL/TP for active orders
2025-05-07 20:54:01 - INFO - [_wait_until_next_iteration] [N/A] ⏳ Sleeping for 58.93 seconds before the next cycle
2025-05-07 20:55:00 - INFO - [_run_strategy_if_applicable] [N/A] ⏰ Strategy 'VWAP_diff_signal_rsi_1700' not executed because it's outside the time window: 17:30:00 - 19:00:00
2025-05-07 20:55:00 - INFO - [_run_strategy_if_applicable] [N/A] ⏰ Strategy 'VWAP_diff_signal_1700_volume' not executed because it's outside the time window: 17:30:00 - 19:00:00
2025-05-07 20:55:00 - INFO - [_run_strategy_if_applicable] [N/A] ⏰ Strategy 'VWAP_diff_signal_1700' not executed because it's outside the time window: 17:30:00 - 19:00:00
2025-05-07 20:55:00 - INFO - [_run_strategy_if_applicable] [N/A] ⏰ Strategy 'EMA_Cross_ema50' not executed because it's outside the time window: 16:35:00 - 16:50:00
2025-05-07 20:55:00 - INFO - [_run_strategy_if_applicable] [N/A] ⏰ Strategy 'SMA_Cross_sma50' not executed because it's outside the time window: 16:35:00 - 16:50:00
2025-05-07 20:55:00 - INFO - [_run_strategy_if_applicable] [N/A] ⏰ Strategy 'SMA_Cross_candle' not executed because it's outside the time window: 16:35:00 - 16:50:00
2025-05-07 20:55:00 - INFO - [_run_strategy_if_applicable] [N/A] ⏰ Strategy 'EMA_Cross_candle' not executed because it's outside the time window: 16:35:00 - 16:50:00
2025-05-07 20:55:00 - INFO - [_update_active_orders_and_telegram] [N/A] 📊 Updating SL/TP for active orders
2025-05-07 20:55:01 - INFO - [_wait_until_next_iteration] [N/A] ⏳ Sleeping for 58.93 seconds before the next cycle
2025-05-07 20:56:00 - DEBUG - [_process_strategies] [N/A] ⏱ Skipping VWAP_diff_signal_rsi_1700, not yet time (every 5m)
2025-05-07 20:56:00 - DEBUG - [_process_strategies] [N/A] ⏱ Skipping VWAP_diff_signal_1700_volume, not yet time (every 5m)
2025-05-07 20:56:00 - DEBUG - [_process_strategies] [N/A] ⏱ Skipping VWAP_diff_signal_1700, not yet time (every 5m)
2025-05-07 20:56:00 - DEBUG - [_process_strategies] [N/A] ⏱ Skipping EMA_Cross_ema50, not yet time (every 5m)
2025-05-07 20:56:00 - DEBUG - [_process_strategies] [N/A] ⏱ Skipping SMA_Cross_sma50, not yet time (every 5m)
2025-05-07 20:56:00 - DEBUG - [_process_strategies] [N/A] ⏱ Skipping SMA_Cross_candle, not yet time (every 5m)
2025-05-07 20:56:00 - DEBUG - [_process_strategies] [N/A] ⏱ Skipping EMA_Cross_candle, not yet time (every 5m)
2025-05-07 20:56:00 - INFO - [_update_active_orders_and_telegram] [N/A] 📊 Updating SL/TP for active orders
2025-05-07 20:56:01 - INFO - [_wait_until_next_iteration] [N/A] ⏳ Sleeping for 58.94 seconds before the next cycle
2025-05-07 20:57:00 - DEBUG - [_process_strategies] [N/A] ⏱ Skipping VWAP_diff_signal_rsi_1700, not yet time (every 5m)
2025-05-07 20:57:00 - DEBUG - [_process_strategies] [N/A] ⏱ Skipping VWAP_diff_signal_1700_volume, not yet time (every 5m)
2025-05-07 20:57:00 - DEBUG - [_process_strategies] [N/A] ⏱ Skipping VWAP_diff_signal_1700, not yet time (every 5m)
2025-05-07 20:57:00 - DEBUG - [_process_strategies] [N/A] ⏱ Skipping EMA_Cross_ema50, not yet time (every 5m)
2025-05-07 20:57:00 - DEBUG - [_process_strategies] [N/A] ⏱ Skipping SMA_Cross_sma50, not yet time (every 5m)
2025-05-07 20:57:00 - DEBUG - [_process_strategies] [N/A] ⏱ Skipping SMA_Cross_candle, not yet time (every 5m)
2025-05-07 20:57:00 - DEBUG - [_process_strategies] [N/A] ⏱ Skipping EMA_Cross_candle, not yet time (every 5m)
2025-05-07 20:57:00 - INFO - [_update_active_orders_and_telegram] [N/A] 📊 Updating SL/TP for active orders
2025-05-07 20:57:01 - INFO - [_wait_until_next_iteration] [N/A] ⏳ Sleeping for 58.93 seconds before the next cycle
2025-05-07 20:58:00 - DEBUG - [_process_strategies] [N/A] ⏱ Skipping VWAP_diff_signal_rsi_1700, not yet time (every 5m)
2025-05-07 20:58:00 - DEBUG - [_process_strategies] [N/A] ⏱ Skipping VWAP_diff_signal_1700_volume, not yet time (every 5m)
2025-05-07 20:58:00 - DEBUG - [_process_strategies] [N/A] ⏱ Skipping VWAP_diff_signal_1700, not yet time (every 5m)
2025-05-07 20:58:00 - DEBUG - [_process_strategies] [N/A] ⏱ Skipping EMA_Cross_ema50, not yet time (every 5m)
2025-05-07 20:58:00 - DEBUG - [_process_strategies] [N/A] ⏱ Skipping SMA_Cross_sma50, not yet time (every 5m)
2025-05-07 20:58:00 - DEBUG - [_process_strategies] [N/A] ⏱ Skipping SMA_Cross_candle, not yet time (every 5m)
2025-05-07 20:58:00 - DEBUG - [_process_strategies] [N/A] ⏱ Skipping EMA_Cross_candle, not yet time (every 5m)
2025-05-07 20:58:00 - INFO - [_update_active_orders_and_telegram] [N/A] 📊 Updating SL/TP for active orders
2025-05-07 20:58:01 - INFO - [_wait_until_next_iteration] [N/A] ⏳ Sleeping for 58.93 seconds before the next cycle
2025-05-07 20:59:00 - DEBUG - [_process_strategies] [N/A] ⏱ Skipping VWAP_diff_signal_rsi_1700, not yet time (every 5m)
2025-05-07 20:59:00 - DEBUG - [_process_strategies] [N/A] ⏱ Skipping VWAP_diff_signal_1700_volume, not yet time (every 5m)
2025-05-07 20:59:00 - DEBUG - [_process_strategies] [N/A] ⏱ Skipping VWAP_diff_signal_1700, not yet time (every 5m)
2025-05-07 20:59:00 - DEBUG - [_process_strategies] [N/A] ⏱ Skipping EMA_Cross_ema50, not yet time (every 5m)
2025-05-07 20:59:00 - DEBUG - [_process_strategies] [N/A] ⏱ Skipping SMA_Cross_sma50, not yet time (every 5m)
2025-05-07 20:59:00 - DEBUG - [_process_strategies] [N/A] ⏱ Skipping SMA_Cross_candle, not yet time (every 5m)
2025-05-07 20:59:00 - DEBUG - [_process_strategies] [N/A] ⏱ Skipping EMA_Cross_candle, not yet time (every 5m)
2025-05-07 20:59:00 - INFO - [_update_active_orders_and_telegram] [N/A] 📊 Updating SL/TP for active orders
2025-05-07 20:59:01 - INFO - [_wait_until_next_iteration] [N/A] ⏳ Sleeping for 58.95 seconds before the next cycle
2025-05-07 21:00:00 - INFO - [_run_strategy_if_applicable] [N/A] ⏰ Strategy 'VWAP_diff_signal_rsi_1700' not executed because it's outside the time window: 17:30:00 - 19:00:00
2025-05-07 21:00:00 - INFO - [_run_strategy_if_applicable] [N/A] ⏰ Strategy 'VWAP_diff_signal_1700_volume' not executed because it's outside the time window: 17:30:00 - 19:00:00
2025-05-07 21:00:00 - INFO - [_run_strategy_if_applicable] [N/A] ⏰ Strategy 'VWAP_diff_signal_1700' not executed because it's outside the time window: 17:30:00 - 19:00:00
2025-05-07 21:00:00 - INFO - [_run_strategy_if_applicable] [N/A] ⏰ Strategy 'EMA_Cross_ema50' not executed because it's outside the time window: 16:35:00 - 16:50:00
2025-05-07 21:00:00 - INFO - [_run_strategy_if_applicable] [N/A] ⏰ Strategy 'SMA_Cross_sma50' not executed because it's outside the time window: 16:35:00 - 16:50:00
2025-05-07 21:00:00 - INFO - [_run_strategy_if_applicable] [N/A] ⏰ Strategy 'SMA_Cross_candle' not executed because it's outside the time window: 16:35:00 - 16:50:00
2025-05-07 21:00:00 - INFO - [_run_strategy_if_applicable] [N/A] ⏰ Strategy 'EMA_Cross_candle' not executed because it's outside the time window: 16:35:00 - 16:50:00
2025-05-07 21:00:00 - INFO - [_update_active_orders_and_telegram] [N/A] 📊 Updating SL/TP for active orders
2025-05-07 21:00:01 - INFO - [_wait_until_next_iteration] [N/A] ⏳ Sleeping for 58.94 seconds before the next cycle
2025-05-07 21:01:00 - DEBUG - [_process_strategies] [N/A] ⏱ Skipping VWAP_diff_signal_rsi_1700, not yet time (every 5m)
2025-05-07 21:01:00 - DEBUG - [_process_strategies] [N/A] ⏱ Skipping VWAP_diff_signal_1700_volume, not yet time (every 5m)
2025-05-07 21:01:00 - DEBUG - [_process_strategies] [N/A] ⏱ Skipping VWAP_diff_signal_1700, not yet time (every 5m)
2025-05-07 21:01:00 - DEBUG - [_process_strategies] [N/A] ⏱ Skipping EMA_Cross_ema50, not yet time (every 5m)
2025-05-07 21:01:00 - DEBUG - [_process_strategies] [N/A] ⏱ Skipping SMA_Cross_sma50, not yet time (every 5m)
2025-05-07 21:01:00 - DEBUG - [_process_strategies] [N/A] ⏱ Skipping SMA_Cross_candle, not yet time (every 5m)
2025-05-07 21:01:00 - DEBUG - [_process_strategies] [N/A] ⏱ Skipping EMA_Cross_candle, not yet time (every 5m)
2025-05-07 21:01:00 - INFO - [_update_active_orders_and_telegram] [N/A] 📊 Updating SL/TP for active orders
2025-05-07 21:01:01 - INFO - [_wait_until_next_iteration] [N/A] ⏳ Sleeping for 58.93 seconds before the next cycle
2025-05-07 21:02:00 - DEBUG - [_process_strategies] [N/A] ⏱ Skipping VWAP_diff_signal_rsi_1700, not yet time (every 5m)
2025-05-07 21:02:00 - DEBUG - [_process_strategies] [N/A] ⏱ Skipping VWAP_diff_signal_1700_volume, not yet time (every 5m)
2025-05-07 21:02:00 - DEBUG - [_process_strategies] [N/A] ⏱ Skipping VWAP_diff_signal_1700, not yet time (every 5m)
2025-05-07 21:02:00 - DEBUG - [_process_strategies] [N/A] ⏱ Skipping EMA_Cross_ema50, not yet time (every 5m)
2025-05-07 21:02:00 - DEBUG - [_process_strategies] [N/A] ⏱ Skipping SMA_Cross_sma50, not yet time (every 5m)
2025-05-07 21:02:00 - DEBUG - [_process_strategies] [N/A] ⏱ Skipping SMA_Cross_candle, not yet time (every 5m)
2025-05-07 21:02:00 - DEBUG - [_process_strategies] [N/A] ⏱ Skipping EMA_Cross_candle, not yet time (every 5m)
2025-05-07 21:02:00 - INFO - [_update_active_orders_and_telegram] [N/A] 📊 Updating SL/TP for active orders
2025-05-07 21:02:01 - INFO - [_wait_until_next_iteration] [N/A] ⏳ Sleeping for 58.94 seconds before the next cycle
2025-05-07 21:03:00 - DEBUG - [_process_strategies] [N/A] ⏱ Skipping VWAP_diff_signal_rsi_1700, not yet time (every 5m)
2025-05-07 21:03:00 - DEBUG - [_process_strategies] [N/A] ⏱ Skipping VWAP_diff_signal_1700_volume, not yet time (every 5m)
2025-05-07 21:03:00 - DEBUG - [_process_strategies] [N/A] ⏱ Skipping VWAP_diff_signal_1700, not yet time (every 5m)
2025-05-07 21:03:00 - DEBUG - [_process_strategies] [N/A] ⏱ Skipping EMA_Cross_ema50, not yet time (every 5m)
2025-05-07 21:03:00 - DEBUG - [_process_strategies] [N/A] ⏱ Skipping SMA_Cross_sma50, not yet time (every 5m)
2025-05-07 21:03:00 - DEBUG - [_process_strategies] [N/A] ⏱ Skipping SMA_Cross_candle, not yet time (every 5m)
2025-05-07 21:03:00 - DEBUG - [_process_strategies] [N/A] ⏱ Skipping EMA_Cross_candle, not yet time (every 5m)
2025-05-07 21:03:00 - INFO - [_update_active_orders_and_telegram] [N/A] 📊 Updating SL/TP for active orders
2025-05-07 21:03:01 - INFO - [_wait_until_next_iteration] [N/A] ⏳ Sleeping for 58.94 seconds before the next cycle
2025-05-07 21:04:00 - DEBUG - [_process_strategies] [N/A] ⏱ Skipping VWAP_diff_signal_rsi_1700, not yet time (every 5m)
2025-05-07 21:04:00 - DEBUG - [_process_strategies] [N/A] ⏱ Skipping VWAP_diff_signal_1700_volume, not yet time (every 5m)
2025-05-07 21:04:00 - DEBUG - [_process_strategies] [N/A] ⏱ Skipping VWAP_diff_signal_1700, not yet time (every 5m)
2025-05-07 21:04:00 - DEBUG - [_process_strategies] [N/A] ⏱ Skipping EMA_Cross_ema50, not yet time (every 5m)
2025-05-07 21:04:00 - DEBUG - [_process_strategies] [N/A] ⏱ Skipping SMA_Cross_sma50, not yet time (every 5m)
2025-05-07 21:04:00 - DEBUG - [_process_strategies] [N/A] ⏱ Skipping SMA_Cross_candle, not yet time (every 5m)
2025-05-07 21:04:00 - DEBUG - [_process_strategies] [N/A] ⏱ Skipping EMA_Cross_candle, not yet time (every 5m)
2025-05-07 21:04:00 - INFO - [_update_active_orders_and_telegram] [N/A] 📊 Updating SL/TP for active orders
2025-05-07 21:04:01 - INFO - [_wait_until_next_iteration] [N/A] ⏳ Sleeping for 58.93 seconds before the next cycle
2025-05-07 21:05:00 - INFO - [_run_strategy_if_applicable] [N/A] ⏰ Strategy 'VWAP_diff_signal_rsi_1700' not executed because it's outside the time window: 17:30:00 - 19:00:00
2025-05-07 21:05:00 - INFO - [_run_strategy_if_applicable] [N/A] ⏰ Strategy 'VWAP_diff_signal_1700_volume' not executed because it's outside the time window: 17:30:00 - 19:00:00
2025-05-07 21:05:00 - INFO - [_run_strategy_if_applicable] [N/A] ⏰ Strategy 'VWAP_diff_signal_1700' not executed because it's outside the time window: 17:30:00 - 19:00:00
2025-05-07 21:05:00 - INFO - [_run_strategy_if_applicable] [N/A] ⏰ Strategy 'EMA_Cross_ema50' not executed because it's outside the time window: 16:35:00 - 16:50:00
2025-05-07 21:05:00 - INFO - [_run_strategy_if_applicable] [N/A] ⏰ Strategy 'SMA_Cross_sma50' not executed because it's outside the time window: 16:35:00 - 16:50:00
2025-05-07 21:05:00 - INFO - [_run_strategy_if_applicable] [N/A] ⏰ Strategy 'SMA_Cross_candle' not executed because it's outside the time window: 16:35:00 - 16:50:00
2025-05-07 21:05:00 - INFO - [_run_strategy_if_applicable] [N/A] ⏰ Strategy 'EMA_Cross_candle' not executed because it's outside the time window: 16:35:00 - 16:50:00
2025-05-07 21:05:00 - INFO - [_update_active_orders_and_telegram] [N/A] 📊 Updating SL/TP for active orders
2025-05-07 21:05:01 - INFO - [_wait_until_next_iteration] [N/A] ⏳ Sleeping for 58.94 seconds before the next cycle
2025-05-07 21:06:00 - DEBUG - [_process_strategies] [N/A] ⏱ Skipping VWAP_diff_signal_rsi_1700, not yet time (every 5m)
2025-05-07 21:06:00 - DEBUG - [_process_strategies] [N/A] ⏱ Skipping VWAP_diff_signal_1700_volume, not yet time (every 5m)
2025-05-07 21:06:00 - DEBUG - [_process_strategies] [N/A] ⏱ Skipping VWAP_diff_signal_1700, not yet time (every 5m)
2025-05-07 21:06:00 - DEBUG - [_process_strategies] [N/A] ⏱ Skipping EMA_Cross_ema50, not yet time (every 5m)
2025-05-07 21:06:00 - DEBUG - [_process_strategies] [N/A] ⏱ Skipping SMA_Cross_sma50, not yet time (every 5m)
2025-05-07 21:06:00 - DEBUG - [_process_strategies] [N/A] ⏱ Skipping SMA_Cross_candle, not yet time (every 5m)
2025-05-07 21:06:00 - DEBUG - [_process_strategies] [N/A] ⏱ Skipping EMA_Cross_candle, not yet time (every 5m)
2025-05-07 21:06:00 - INFO - [_update_active_orders_and_telegram] [N/A] 📊 Updating SL/TP for active orders
2025-05-07 21:06:01 - INFO - [_wait_until_next_iteration] [N/A] ⏳ Sleeping for 58.93 seconds before the next cycle
2025-05-07 21:07:00 - DEBUG - [_process_strategies] [N/A] ⏱ Skipping VWAP_diff_signal_rsi_1700, not yet time (every 5m)
2025-05-07 21:07:00 - DEBUG - [_process_strategies] [N/A] ⏱ Skipping VWAP_diff_signal_1700_volume, not yet time (every 5m)
2025-05-07 21:07:00 - DEBUG - [_process_strategies] [N/A] ⏱ Skipping VWAP_diff_signal_1700, not yet time (every 5m)
2025-05-07 21:07:00 - DEBUG - [_process_strategies] [N/A] ⏱ Skipping EMA_Cross_ema50, not yet time (every 5m)
2025-05-07 21:07:00 - DEBUG - [_process_strategies] [N/A] ⏱ Skipping SMA_Cross_sma50, not yet time (every 5m)
2025-05-07 21:07:00 - DEBUG - [_process_strategies] [N/A] ⏱ Skipping SMA_Cross_candle, not yet time (every 5m)
2025-05-07 21:07:00 - DEBUG - [_process_strategies] [N/A] ⏱ Skipping EMA_Cross_candle, not yet time (every 5m)
2025-05-07 21:07:00 - INFO - [_update_active_orders_and_telegram] [N/A] 📊 Updating SL/TP for active orders
2025-05-07 21:07:01 - INFO - [_wait_until_next_iteration] [N/A] ⏳ Sleeping for 58.93 seconds before the next cycle
2025-05-07 21:08:00 - DEBUG - [_process_strategies] [N/A] ⏱ Skipping VWAP_diff_signal_rsi_1700, not yet time (every 5m)
2025-05-07 21:08:00 - DEBUG - [_process_strategies] [N/A] ⏱ Skipping VWAP_diff_signal_1700_volume, not yet time (every 5m)
2025-05-07 21:08:00 - DEBUG - [_process_strategies] [N/A] ⏱ Skipping VWAP_diff_signal_1700, not yet time (every 5m)
2025-05-07 21:08:00 - DEBUG - [_process_strategies] [N/A] ⏱ Skipping EMA_Cross_ema50, not yet time (every 5m)
2025-05-07 21:08:00 - DEBUG - [_process_strategies] [N/A] ⏱ Skipping SMA_Cross_sma50, not yet time (every 5m)
2025-05-07 21:08:00 - DEBUG - [_process_strategies] [N/A] ⏱ Skipping SMA_Cross_candle, not yet time (every 5m)
2025-05-07 21:08:00 - DEBUG - [_process_strategies] [N/A] ⏱ Skipping EMA_Cross_candle, not yet time (every 5m)
2025-05-07 21:08:00 - INFO - [_update_active_orders_and_telegram] [N/A] 📊 Updating SL/TP for active orders
2025-05-07 21:08:01 - INFO - [_wait_until_next_iteration] [N/A] ⏳ Sleeping for 58.92 seconds before the next cycle
2025-05-07 21:09:00 - DEBUG - [_process_strategies] [N/A] ⏱ Skipping VWAP_diff_signal_rsi_1700, not yet time (every 5m)
2025-05-07 21:09:00 - DEBUG - [_process_strategies] [N/A] ⏱ Skipping VWAP_diff_signal_1700_volume, not yet time (every 5m)
2025-05-07 21:09:00 - DEBUG - [_process_strategies] [N/A] ⏱ Skipping VWAP_diff_signal_1700, not yet time (every 5m)
2025-05-07 21:09:00 - DEBUG - [_process_strategies] [N/A] ⏱ Skipping EMA_Cross_ema50, not yet time (every 5m)
2025-05-07 21:09:00 - DEBUG - [_process_strategies] [N/A] ⏱ Skipping SMA_Cross_sma50, not yet time (every 5m)
2025-05-07 21:09:00 - DEBUG - [_process_strategies] [N/A] ⏱ Skipping SMA_Cross_candle, not yet time (every 5m)
2025-05-07 21:09:00 - DEBUG - [_process_strategies] [N/A] ⏱ Skipping EMA_Cross_candle, not yet time (every 5m)
2025-05-07 21:09:00 - INFO - [_update_active_orders_and_telegram] [N/A] 📊 Updating SL/TP for active orders
2025-05-07 21:09:01 - INFO - [_wait_until_next_iteration] [N/A] ⏳ Sleeping for 58.93 seconds before the next cycle
2025-05-07 21:10:00 - INFO - [_run_strategy_if_applicable] [N/A] ⏰ Strategy 'VWAP_diff_signal_rsi_1700' not executed because it's outside the time window: 17:30:00 - 19:00:00
2025-05-07 21:10:00 - INFO - [_run_strategy_if_applicable] [N/A] ⏰ Strategy 'VWAP_diff_signal_1700_volume' not executed because it's outside the time window: 17:30:00 - 19:00:00
2025-05-07 21:10:00 - INFO - [_run_strategy_if_applicable] [N/A] ⏰ Strategy 'VWAP_diff_signal_1700' not executed because it's outside the time window: 17:30:00 - 19:00:00
2025-05-07 21:10:00 - INFO - [_run_strategy_if_applicable] [N/A] ⏰ Strategy 'EMA_Cross_ema50' not executed because it's outside the time window: 16:35:00 - 16:50:00
2025-05-07 21:10:00 - INFO - [_run_strategy_if_applicable] [N/A] ⏰ Strategy 'SMA_Cross_sma50' not executed because it's outside the time window: 16:35:00 - 16:50:00
2025-05-07 21:10:00 - INFO - [_run_strategy_if_applicable] [N/A] ⏰ Strategy 'SMA_Cross_candle' not executed because it's outside the time window: 16:35:00 - 16:50:00
2025-05-07 21:10:00 - INFO - [_run_strategy_if_applicable] [N/A] ⏰ Strategy 'EMA_Cross_candle' not executed because it's outside the time window: 16:35:00 - 16:50:00
2025-05-07 21:10:00 - INFO - [_update_active_orders_and_telegram] [N/A] 📊 Updating SL/TP for active orders
2025-05-07 21:10:01 - INFO - [_wait_until_next_iteration] [N/A] ⏳ Sleeping for 58.94 seconds before the next cycle
2025-05-07 21:11:00 - DEBUG - [_process_strategies] [N/A] ⏱ Skipping VWAP_diff_signal_rsi_1700, not yet time (every 5m)
2025-05-07 21:11:00 - DEBUG - [_process_strategies] [N/A] ⏱ Skipping VWAP_diff_signal_1700_volume, not yet time (every 5m)
2025-05-07 21:11:00 - DEBUG - [_process_strategies] [N/A] ⏱ Skipping VWAP_diff_signal_1700, not yet time (every 5m)
2025-05-07 21:11:00 - DEBUG - [_process_strategies] [N/A] ⏱ Skipping EMA_Cross_ema50, not yet time (every 5m)
2025-05-07 21:11:00 - DEBUG - [_process_strategies] [N/A] ⏱ Skipping SMA_Cross_sma50, not yet time (every 5m)
2025-05-07 21:11:00 - DEBUG - [_process_strategies] [N/A] ⏱ Skipping SMA_Cross_candle, not yet time (every 5m)
2025-05-07 21:11:00 - DEBUG - [_process_strategies] [N/A] ⏱ Skipping EMA_Cross_candle, not yet time (every 5m)
2025-05-07 21:11:00 - INFO - [_update_active_orders_and_telegram] [N/A] 📊 Updating SL/TP for active orders
2025-05-07 21:11:01 - INFO - [_wait_until_next_iteration] [N/A] ⏳ Sleeping for 58.93 seconds before the next cycle
2025-05-07 21:12:00 - DEBUG - [_process_strategies] [N/A] ⏱ Skipping VWAP_diff_signal_rsi_1700, not yet time (every 5m)
2025-05-07 21:12:00 - DEBUG - [_process_strategies] [N/A] ⏱ Skipping VWAP_diff_signal_1700_volume, not yet time (every 5m)
2025-05-07 21:12:00 - DEBUG - [_process_strategies] [N/A] ⏱ Skipping VWAP_diff_signal_1700, not yet time (every 5m)
2025-05-07 21:12:00 - DEBUG - [_process_strategies] [N/A] ⏱ Skipping EMA_Cross_ema50, not yet time (every 5m)
2025-05-07 21:12:00 - DEBUG - [_process_strategies] [N/A] ⏱ Skipping SMA_Cross_sma50, not yet time (every 5m)
2025-05-07 21:12:00 - DEBUG - [_process_strategies] [N/A] ⏱ Skipping SMA_Cross_candle, not yet time (every 5m)
2025-05-07 21:12:00 - DEBUG - [_process_strategies] [N/A] ⏱ Skipping EMA_Cross_candle, not yet time (every 5m)
2025-05-07 21:12:00 - INFO - [_update_active_orders_and_telegram] [N/A] 📊 Updating SL/TP for active orders
2025-05-07 21:12:01 - INFO - [_wait_until_next_iteration] [N/A] ⏳ Sleeping for 58.93 seconds before the next cycle
2025-05-07 21:13:00 - DEBUG - [_process_strategies] [N/A] ⏱ Skipping VWAP_diff_signal_rsi_1700, not yet time (every 5m)
2025-05-07 21:13:00 - DEBUG - [_process_strategies] [N/A] ⏱ Skipping VWAP_diff_signal_1700_volume, not yet time (every 5m)
2025-05-07 21:13:00 - DEBUG - [_process_strategies] [N/A] ⏱ Skipping VWAP_diff_signal_1700, not yet time (every 5m)
2025-05-07 21:13:00 - DEBUG - [_process_strategies] [N/A] ⏱ Skipping EMA_Cross_ema50, not yet time (every 5m)
2025-05-07 21:13:00 - DEBUG - [_process_strategies] [N/A] ⏱ Skipping SMA_Cross_sma50, not yet time (every 5m)
2025-05-07 21:13:00 - DEBUG - [_process_strategies] [N/A] ⏱ Skipping SMA_Cross_candle, not yet time (every 5m)
2025-05-07 21:13:00 - DEBUG - [_process_strategies] [N/A] ⏱ Skipping EMA_Cross_candle, not yet time (every 5m)
2025-05-07 21:13:00 - INFO - [_update_active_orders_and_telegram] [N/A] 📊 Updating SL/TP for active orders
2025-05-07 21:13:01 - INFO - [_wait_until_next_iteration] [N/A] ⏳ Sleeping for 58.94 seconds before the next cycle
2025-05-07 21:14:00 - DEBUG - [_process_strategies] [N/A] ⏱ Skipping VWAP_diff_signal_rsi_1700, not yet time (every 5m)
2025-05-07 21:14:00 - DEBUG - [_process_strategies] [N/A] ⏱ Skipping VWAP_diff_signal_1700_volume, not yet time (every 5m)
2025-05-07 21:14:00 - DEBUG - [_process_strategies] [N/A] ⏱ Skipping VWAP_diff_signal_1700, not yet time (every 5m)
2025-05-07 21:14:00 - DEBUG - [_process_strategies] [N/A] ⏱ Skipping EMA_Cross_ema50, not yet time (every 5m)
2025-05-07 21:14:00 - DEBUG - [_process_strategies] [N/A] ⏱ Skipping SMA_Cross_sma50, not yet time (every 5m)
2025-05-07 21:14:00 - DEBUG - [_process_strategies] [N/A] ⏱ Skipping SMA_Cross_candle, not yet time (every 5m)
2025-05-07 21:14:00 - DEBUG - [_process_strategies] [N/A] ⏱ Skipping EMA_Cross_candle, not yet time (every 5m)
2025-05-07 21:14:00 - INFO - [_update_active_orders_and_telegram] [N/A] 📊 Updating SL/TP for active orders
2025-05-07 21:14:01 - INFO - [_wait_until_next_iteration] [N/A] ⏳ Sleeping for 58.93 seconds before the next cycle
2025-05-07 21:15:00 - INFO - [_run_strategy_if_applicable] [N/A] ⏰ Strategy 'VWAP_diff_signal_rsi_1700' not executed because it's outside the time window: 17:30:00 - 19:00:00
2025-05-07 21:15:00 - INFO - [_run_strategy_if_applicable] [N/A] ⏰ Strategy 'VWAP_diff_signal_1700_volume' not executed because it's outside the time window: 17:30:00 - 19:00:00
2025-05-07 21:15:00 - INFO - [_run_strategy_if_applicable] [N/A] ⏰ Strategy 'VWAP_diff_signal_1700' not executed because it's outside the time window: 17:30:00 - 19:00:00
2025-05-07 21:15:00 - INFO - [_run_strategy_if_applicable] [N/A] ⏰ Strategy 'EMA_Cross_ema50' not executed because it's outside the time window: 16:35:00 - 16:50:00
2025-05-07 21:15:00 - INFO - [_run_strategy_if_applicable] [N/A] ⏰ Strategy 'SMA_Cross_sma50' not executed because it's outside the time window: 16:35:00 - 16:50:00
2025-05-07 21:15:00 - INFO - [_run_strategy_if_applicable] [N/A] ⏰ Strategy 'SMA_Cross_candle' not executed because it's outside the time window: 16:35:00 - 16:50:00
2025-05-07 21:15:00 - INFO - [_run_strategy_if_applicable] [N/A] ⏰ Strategy 'EMA_Cross_candle' not executed because it's outside the time window: 16:35:00 - 16:50:00
2025-05-07 21:15:00 - INFO - [_update_active_orders_and_telegram] [N/A] 📊 Updating SL/TP for active orders
2025-05-07 21:15:01 - INFO - [_wait_until_next_iteration] [N/A] ⏳ Sleeping for 58.94 seconds before the next cycle
2025-05-07 21:16:00 - DEBUG - [_process_strategies] [N/A] ⏱ Skipping VWAP_diff_signal_rsi_1700, not yet time (every 5m)
2025-05-07 21:16:00 - DEBUG - [_process_strategies] [N/A] ⏱ Skipping VWAP_diff_signal_1700_volume, not yet time (every 5m)
2025-05-07 21:16:00 - DEBUG - [_process_strategies] [N/A] ⏱ Skipping VWAP_diff_signal_1700, not yet time (every 5m)
2025-05-07 21:16:00 - DEBUG - [_process_strategies] [N/A] ⏱ Skipping EMA_Cross_ema50, not yet time (every 5m)
2025-05-07 21:16:00 - DEBUG - [_process_strategies] [N/A] ⏱ Skipping SMA_Cross_sma50, not yet time (every 5m)
2025-05-07 21:16:00 - DEBUG - [_process_strategies] [N/A] ⏱ Skipping SMA_Cross_candle, not yet time (every 5m)
2025-05-07 21:16:00 - DEBUG - [_process_strategies] [N/A] ⏱ Skipping EMA_Cross_candle, not yet time (every 5m)
2025-05-07 21:16:00 - INFO - [_update_active_orders_and_telegram] [N/A] 📊 Updating SL/TP for active orders
2025-05-07 21:16:01 - INFO - [_wait_until_next_iteration] [N/A] ⏳ Sleeping for 58.93 seconds before the next cycle
2025-05-07 21:17:00 - DEBUG - [_process_strategies] [N/A] ⏱ Skipping VWAP_diff_signal_rsi_1700, not yet time (every 5m)
2025-05-07 21:17:00 - DEBUG - [_process_strategies] [N/A] ⏱ Skipping VWAP_diff_signal_1700_volume, not yet time (every 5m)
2025-05-07 21:17:00 - DEBUG - [_process_strategies] [N/A] ⏱ Skipping VWAP_diff_signal_1700, not yet time (every 5m)
2025-05-07 21:17:00 - DEBUG - [_process_strategies] [N/A] ⏱ Skipping EMA_Cross_ema50, not yet time (every 5m)
2025-05-07 21:17:00 - DEBUG - [_process_strategies] [N/A] ⏱ Skipping SMA_Cross_sma50, not yet time (every 5m)
2025-05-07 21:17:00 - DEBUG - [_process_strategies] [N/A] ⏱ Skipping SMA_Cross_candle, not yet time (every 5m)
2025-05-07 21:17:00 - DEBUG - [_process_strategies] [N/A] ⏱ Skipping EMA_Cross_candle, not yet time (every 5m)
2025-05-07 21:17:00 - INFO - [_update_active_orders_and_telegram] [N/A] 📊 Updating SL/TP for active orders
2025-05-07 21:17:01 - INFO - [_wait_until_next_iteration] [N/A] ⏳ Sleeping for 58.96 seconds before the next cycle
2025-05-07 21:18:00 - DEBUG - [_process_strategies] [N/A] ⏱ Skipping VWAP_diff_signal_rsi_1700, not yet time (every 5m)
2025-05-07 21:18:00 - DEBUG - [_process_strategies] [N/A] ⏱ Skipping VWAP_diff_signal_1700_volume, not yet time (every 5m)
2025-05-07 21:18:00 - DEBUG - [_process_strategies] [N/A] ⏱ Skipping VWAP_diff_signal_1700, not yet time (every 5m)
2025-05-07 21:18:00 - DEBUG - [_process_strategies] [N/A] ⏱ Skipping EMA_Cross_ema50, not yet time (every 5m)
2025-05-07 21:18:00 - DEBUG - [_process_strategies] [N/A] ⏱ Skipping SMA_Cross_sma50, not yet time (every 5m)
2025-05-07 21:18:00 - DEBUG - [_process_strategies] [N/A] ⏱ Skipping SMA_Cross_candle, not yet time (every 5m)
2025-05-07 21:18:00 - DEBUG - [_process_strategies] [N/A] ⏱ Skipping EMA_Cross_candle, not yet time (every 5m)
2025-05-07 21:18:00 - INFO - [_update_active_orders_and_telegram] [N/A] 📊 Updating SL/TP for active orders
2025-05-07 21:18:01 - INFO - [_wait_until_next_iteration] [N/A] ⏳ Sleeping for 58.95 seconds before the next cycle
2025-05-07 21:19:00 - DEBUG - [_process_strategies] [N/A] ⏱ Skipping VWAP_diff_signal_rsi_1700, not yet time (every 5m)
2025-05-07 21:19:00 - DEBUG - [_process_strategies] [N/A] ⏱ Skipping VWAP_diff_signal_1700_volume, not yet time (every 5m)
2025-05-07 21:19:00 - DEBUG - [_process_strategies] [N/A] ⏱ Skipping VWAP_diff_signal_1700, not yet time (every 5m)
2025-05-07 21:19:00 - DEBUG - [_process_strategies] [N/A] ⏱ Skipping EMA_Cross_ema50, not yet time (every 5m)
2025-05-07 21:19:00 - DEBUG - [_process_strategies] [N/A] ⏱ Skipping SMA_Cross_sma50, not yet time (every 5m)
2025-05-07 21:19:00 - DEBUG - [_process_strategies] [N/A] ⏱ Skipping SMA_Cross_candle, not yet time (every 5m)
2025-05-07 21:19:00 - DEBUG - [_process_strategies] [N/A] ⏱ Skipping EMA_Cross_candle, not yet time (every 5m)
2025-05-07 21:19:00 - INFO - [_update_active_orders_and_telegram] [N/A] 📊 Updating SL/TP for active orders
2025-05-07 21:19:01 - INFO - [_wait_until_next_iteration] [N/A] ⏳ Sleeping for 58.95 seconds before the next cycle
2025-05-07 21:20:00 - INFO - [_run_strategy_if_applicable] [N/A] ⏰ Strategy 'VWAP_diff_signal_rsi_1700' not executed because it's outside the time window: 17:30:00 - 19:00:00
2025-05-07 21:20:00 - INFO - [_run_strategy_if_applicable] [N/A] ⏰ Strategy 'VWAP_diff_signal_1700_volume' not executed because it's outside the time window: 17:30:00 - 19:00:00
2025-05-07 21:20:00 - INFO - [_run_strategy_if_applicable] [N/A] ⏰ Strategy 'VWAP_diff_signal_1700' not executed because it's outside the time window: 17:30:00 - 19:00:00
2025-05-07 21:20:00 - INFO - [_run_strategy_if_applicable] [N/A] ⏰ Strategy 'EMA_Cross_ema50' not executed because it's outside the time window: 16:35:00 - 16:50:00
2025-05-07 21:20:00 - INFO - [_run_strategy_if_applicable] [N/A] ⏰ Strategy 'SMA_Cross_sma50' not executed because it's outside the time window: 16:35:00 - 16:50:00
2025-05-07 21:20:00 - INFO - [_run_strategy_if_applicable] [N/A] ⏰ Strategy 'SMA_Cross_candle' not executed because it's outside the time window: 16:35:00 - 16:50:00
2025-05-07 21:20:00 - INFO - [_run_strategy_if_applicable] [N/A] ⏰ Strategy 'EMA_Cross_candle' not executed because it's outside the time window: 16:35:00 - 16:50:00
2025-05-07 21:20:00 - INFO - [_update_active_orders_and_telegram] [N/A] 📊 Updating SL/TP for active orders
2025-05-07 21:20:01 - INFO - [_wait_until_next_iteration] [N/A] ⏳ Sleeping for 58.94 seconds before the next cycle
2025-05-07 21:21:00 - DEBUG - [_process_strategies] [N/A] ⏱ Skipping VWAP_diff_signal_rsi_1700, not yet time (every 5m)
2025-05-07 21:21:00 - DEBUG - [_process_strategies] [N/A] ⏱ Skipping VWAP_diff_signal_1700_volume, not yet time (every 5m)
2025-05-07 21:21:00 - DEBUG - [_process_strategies] [N/A] ⏱ Skipping VWAP_diff_signal_1700, not yet time (every 5m)
2025-05-07 21:21:00 - DEBUG - [_process_strategies] [N/A] ⏱ Skipping EMA_Cross_ema50, not yet time (every 5m)
2025-05-07 21:21:00 - DEBUG - [_process_strategies] [N/A] ⏱ Skipping SMA_Cross_sma50, not yet time (every 5m)
2025-05-07 21:21:00 - DEBUG - [_process_strategies] [N/A] ⏱ Skipping SMA_Cross_candle, not yet time (every 5m)
2025-05-07 21:21:00 - DEBUG - [_process_strategies] [N/A] ⏱ Skipping EMA_Cross_candle, not yet time (every 5m)
2025-05-07 21:21:00 - INFO - [_update_active_orders_and_telegram] [N/A] 📊 Updating SL/TP for active orders
2025-05-07 21:21:01 - INFO - [_wait_until_next_iteration] [N/A] ⏳ Sleeping for 58.93 seconds before the next cycle
2025-05-07 21:22:00 - DEBUG - [_process_strategies] [N/A] ⏱ Skipping VWAP_diff_signal_rsi_1700, not yet time (every 5m)
2025-05-07 21:22:00 - DEBUG - [_process_strategies] [N/A] ⏱ Skipping VWAP_diff_signal_1700_volume, not yet time (every 5m)
2025-05-07 21:22:00 - DEBUG - [_process_strategies] [N/A] ⏱ Skipping VWAP_diff_signal_1700, not yet time (every 5m)
2025-05-07 21:22:00 - DEBUG - [_process_strategies] [N/A] ⏱ Skipping EMA_Cross_ema50, not yet time (every 5m)
2025-05-07 21:22:00 - DEBUG - [_process_strategies] [N/A] ⏱ Skipping SMA_Cross_sma50, not yet time (every 5m)
2025-05-07 21:22:00 - DEBUG - [_process_strategies] [N/A] ⏱ Skipping SMA_Cross_candle, not yet time (every 5m)
2025-05-07 21:22:00 - DEBUG - [_process_strategies] [N/A] ⏱ Skipping EMA_Cross_candle, not yet time (every 5m)
2025-05-07 21:22:00 - INFO - [_update_active_orders_and_telegram] [N/A] 📊 Updating SL/TP for active orders
2025-05-07 21:22:01 - INFO - [_wait_until_next_iteration] [N/A] ⏳ Sleeping for 58.94 seconds before the next cycle
2025-05-07 21:23:00 - DEBUG - [_process_strategies] [N/A] ⏱ Skipping VWAP_diff_signal_rsi_1700, not yet time (every 5m)
2025-05-07 21:23:00 - DEBUG - [_process_strategies] [N/A] ⏱ Skipping VWAP_diff_signal_1700_volume, not yet time (every 5m)
2025-05-07 21:23:00 - DEBUG - [_process_strategies] [N/A] ⏱ Skipping VWAP_diff_signal_1700, not yet time (every 5m)
2025-05-07 21:23:00 - DEBUG - [_process_strategies] [N/A] ⏱ Skipping EMA_Cross_ema50, not yet time (every 5m)
2025-05-07 21:23:00 - DEBUG - [_process_strategies] [N/A] ⏱ Skipping SMA_Cross_sma50, not yet time (every 5m)
2025-05-07 21:23:00 - DEBUG - [_process_strategies] [N/A] ⏱ Skipping SMA_Cross_candle, not yet time (every 5m)
2025-05-07 21:23:00 - DEBUG - [_process_strategies] [N/A] ⏱ Skipping EMA_Cross_candle, not yet time (every 5m)
2025-05-07 21:23:00 - INFO - [_update_active_orders_and_telegram] [N/A] 📊 Updating SL/TP for active orders
2025-05-07 21:23:01 - INFO - [_wait_until_next_iteration] [N/A] ⏳ Sleeping for 58.93 seconds before the next cycle
2025-05-07 21:24:00 - DEBUG - [_process_strategies] [N/A] ⏱ Skipping VWAP_diff_signal_rsi_1700, not yet time (every 5m)
2025-05-07 21:24:00 - DEBUG - [_process_strategies] [N/A] ⏱ Skipping VWAP_diff_signal_1700_volume, not yet time (every 5m)
2025-05-07 21:24:00 - DEBUG - [_process_strategies] [N/A] ⏱ Skipping VWAP_diff_signal_1700, not yet time (every 5m)
2025-05-07 21:24:00 - DEBUG - [_process_strategies] [N/A] ⏱ Skipping EMA_Cross_ema50, not yet time (every 5m)
2025-05-07 21:24:00 - DEBUG - [_process_strategies] [N/A] ⏱ Skipping SMA_Cross_sma50, not yet time (every 5m)
2025-05-07 21:24:00 - DEBUG - [_process_strategies] [N/A] ⏱ Skipping SMA_Cross_candle, not yet time (every 5m)
2025-05-07 21:24:00 - DEBUG - [_process_strategies] [N/A] ⏱ Skipping EMA_Cross_candle, not yet time (every 5m)
2025-05-07 21:24:00 - INFO - [_update_active_orders_and_telegram] [N/A] 📊 Updating SL/TP for active orders
2025-05-07 21:24:01 - INFO - [_wait_until_next_iteration] [N/A] ⏳ Sleeping for 58.93 seconds before the next cycle
2025-05-07 21:25:00 - INFO - [_run_strategy_if_applicable] [N/A] ⏰ Strategy 'VWAP_diff_signal_rsi_1700' not executed because it's outside the time window: 17:30:00 - 19:00:00
2025-05-07 21:25:00 - INFO - [_run_strategy_if_applicable] [N/A] ⏰ Strategy 'VWAP_diff_signal_1700_volume' not executed because it's outside the time window: 17:30:00 - 19:00:00
2025-05-07 21:25:00 - INFO - [_run_strategy_if_applicable] [N/A] ⏰ Strategy 'VWAP_diff_signal_1700' not executed because it's outside the time window: 17:30:00 - 19:00:00
2025-05-07 21:25:00 - INFO - [_run_strategy_if_applicable] [N/A] ⏰ Strategy 'EMA_Cross_ema50' not executed because it's outside the time window: 16:35:00 - 16:50:00
2025-05-07 21:25:00 - INFO - [_run_strategy_if_applicable] [N/A] ⏰ Strategy 'SMA_Cross_sma50' not executed because it's outside the time window: 16:35:00 - 16:50:00
2025-05-07 21:25:00 - INFO - [_run_strategy_if_applicable] [N/A] ⏰ Strategy 'SMA_Cross_candle' not executed because it's outside the time window: 16:35:00 - 16:50:00
2025-05-07 21:25:00 - INFO - [_run_strategy_if_applicable] [N/A] ⏰ Strategy 'EMA_Cross_candle' not executed because it's outside the time window: 16:35:00 - 16:50:00
2025-05-07 21:25:00 - INFO - [_update_active_orders_and_telegram] [N/A] 📊 Updating SL/TP for active orders
2025-05-07 21:25:01 - INFO - [_wait_until_next_iteration] [N/A] ⏳ Sleeping for 58.95 seconds before the next cycle
2025-05-07 21:26:00 - DEBUG - [_process_strategies] [N/A] ⏱ Skipping VWAP_diff_signal_rsi_1700, not yet time (every 5m)
2025-05-07 21:26:00 - DEBUG - [_process_strategies] [N/A] ⏱ Skipping VWAP_diff_signal_1700_volume, not yet time (every 5m)
2025-05-07 21:26:00 - DEBUG - [_process_strategies] [N/A] ⏱ Skipping VWAP_diff_signal_1700, not yet time (every 5m)
2025-05-07 21:26:00 - DEBUG - [_process_strategies] [N/A] ⏱ Skipping EMA_Cross_ema50, not yet time (every 5m)
2025-05-07 21:26:00 - DEBUG - [_process_strategies] [N/A] ⏱ Skipping SMA_Cross_sma50, not yet time (every 5m)
2025-05-07 21:26:00 - DEBUG - [_process_strategies] [N/A] ⏱ Skipping SMA_Cross_candle, not yet time (every 5m)
2025-05-07 21:26:00 - DEBUG - [_process_strategies] [N/A] ⏱ Skipping EMA_Cross_candle, not yet time (every 5m)
2025-05-07 21:26:00 - INFO - [_update_active_orders_and_telegram] [N/A] 📊 Updating SL/TP for active orders
2025-05-07 21:26:01 - INFO - [_wait_until_next_iteration] [N/A] ⏳ Sleeping for 58.93 seconds before the next cycle
2025-05-07 21:27:00 - DEBUG - [_process_strategies] [N/A] ⏱ Skipping VWAP_diff_signal_rsi_1700, not yet time (every 5m)
2025-05-07 21:27:00 - DEBUG - [_process_strategies] [N/A] ⏱ Skipping VWAP_diff_signal_1700_volume, not yet time (every 5m)
2025-05-07 21:27:00 - DEBUG - [_process_strategies] [N/A] ⏱ Skipping VWAP_diff_signal_1700, not yet time (every 5m)
2025-05-07 21:27:00 - DEBUG - [_process_strategies] [N/A] ⏱ Skipping EMA_Cross_ema50, not yet time (every 5m)
2025-05-07 21:27:00 - DEBUG - [_process_strategies] [N/A] ⏱ Skipping SMA_Cross_sma50, not yet time (every 5m)
2025-05-07 21:27:00 - DEBUG - [_process_strategies] [N/A] ⏱ Skipping SMA_Cross_candle, not yet time (every 5m)
2025-05-07 21:27:00 - DEBUG - [_process_strategies] [N/A] ⏱ Skipping EMA_Cross_candle, not yet time (every 5m)
2025-05-07 21:27:00 - INFO - [_update_active_orders_and_telegram] [N/A] 📊 Updating SL/TP for active orders
2025-05-07 21:27:01 - INFO - [_wait_until_next_iteration] [N/A] ⏳ Sleeping for 58.93 seconds before the next cycle
2025-05-07 21:28:00 - DEBUG - [_process_strategies] [N/A] ⏱ Skipping VWAP_diff_signal_rsi_1700, not yet time (every 5m)
2025-05-07 21:28:00 - DEBUG - [_process_strategies] [N/A] ⏱ Skipping VWAP_diff_signal_1700_volume, not yet time (every 5m)
2025-05-07 21:28:00 - DEBUG - [_process_strategies] [N/A] ⏱ Skipping VWAP_diff_signal_1700, not yet time (every 5m)
2025-05-07 21:28:00 - DEBUG - [_process_strategies] [N/A] ⏱ Skipping EMA_Cross_ema50, not yet time (every 5m)
2025-05-07 21:28:00 - DEBUG - [_process_strategies] [N/A] ⏱ Skipping SMA_Cross_sma50, not yet time (every 5m)
2025-05-07 21:28:00 - DEBUG - [_process_strategies] [N/A] ⏱ Skipping SMA_Cross_candle, not yet time (every 5m)
2025-05-07 21:28:00 - DEBUG - [_process_strategies] [N/A] ⏱ Skipping EMA_Cross_candle, not yet time (every 5m)
2025-05-07 21:28:00 - INFO - [_update_active_orders_and_telegram] [N/A] 📊 Updating SL/TP for active orders
2025-05-07 21:28:01 - INFO - [_wait_until_next_iteration] [N/A] ⏳ Sleeping for 58.93 seconds before the next cycle
2025-05-07 21:29:00 - DEBUG - [_process_strategies] [N/A] ⏱ Skipping VWAP_diff_signal_rsi_1700, not yet time (every 5m)
2025-05-07 21:29:00 - DEBUG - [_process_strategies] [N/A] ⏱ Skipping VWAP_diff_signal_1700_volume, not yet time (every 5m)
2025-05-07 21:29:00 - DEBUG - [_process_strategies] [N/A] ⏱ Skipping VWAP_diff_signal_1700, not yet time (every 5m)
2025-05-07 21:29:00 - DEBUG - [_process_strategies] [N/A] ⏱ Skipping EMA_Cross_ema50, not yet time (every 5m)
2025-05-07 21:29:00 - DEBUG - [_process_strategies] [N/A] ⏱ Skipping SMA_Cross_sma50, not yet time (every 5m)
2025-05-07 21:29:00 - DEBUG - [_process_strategies] [N/A] ⏱ Skipping SMA_Cross_candle, not yet time (every 5m)
2025-05-07 21:29:00 - DEBUG - [_process_strategies] [N/A] ⏱ Skipping EMA_Cross_candle, not yet time (every 5m)
2025-05-07 21:29:00 - INFO - [_update_active_orders_and_telegram] [N/A] 📊 Updating SL/TP for active orders
2025-05-07 21:29:01 - INFO - [_wait_until_next_iteration] [N/A] ⏳ Sleeping for 58.98 seconds before the next cycle
2025-05-07 21:30:00 - INFO - [_run_strategy_if_applicable] [N/A] ⏰ Strategy 'VWAP_diff_signal_rsi_1700' not executed because it's outside the time window: 17:30:00 - 19:00:00
2025-05-07 21:30:00 - INFO - [_run_strategy_if_applicable] [N/A] ⏰ Strategy 'VWAP_diff_signal_1700_volume' not executed because it's outside the time window: 17:30:00 - 19:00:00
2025-05-07 21:30:00 - INFO - [_run_strategy_if_applicable] [N/A] ⏰ Strategy 'VWAP_diff_signal_1700' not executed because it's outside the time window: 17:30:00 - 19:00:00
2025-05-07 21:30:00 - INFO - [_run_strategy_if_applicable] [N/A] ⏰ Strategy 'EMA_Cross_ema50' not executed because it's outside the time window: 16:35:00 - 16:50:00
2025-05-07 21:30:00 - INFO - [_run_strategy_if_applicable] [N/A] ⏰ Strategy 'SMA_Cross_sma50' not executed because it's outside the time window: 16:35:00 - 16:50:00
2025-05-07 21:30:00 - INFO - [_run_strategy_if_applicable] [N/A] ⏰ Strategy 'SMA_Cross_candle' not executed because it's outside the time window: 16:35:00 - 16:50:00
2025-05-07 21:30:00 - INFO - [_run_strategy_if_applicable] [N/A] ⏰ Strategy 'EMA_Cross_candle' not executed because it's outside the time window: 16:35:00 - 16:50:00
2025-05-07 21:30:00 - INFO - [_update_active_orders_and_telegram] [N/A] 📊 Updating SL/TP for active orders
2025-05-07 21:30:01 - INFO - [_wait_until_next_iteration] [N/A] ⏳ Sleeping for 58.93 seconds before the next cycle
2025-05-07 21:31:00 - DEBUG - [_process_strategies] [N/A] ⏱ Skipping VWAP_diff_signal_rsi_1700, not yet time (every 5m)
2025-05-07 21:31:00 - DEBUG - [_process_strategies] [N/A] ⏱ Skipping VWAP_diff_signal_1700_volume, not yet time (every 5m)
2025-05-07 21:31:00 - DEBUG - [_process_strategies] [N/A] ⏱ Skipping VWAP_diff_signal_1700, not yet time (every 5m)
2025-05-07 21:31:00 - DEBUG - [_process_strategies] [N/A] ⏱ Skipping EMA_Cross_ema50, not yet time (every 5m)
2025-05-07 21:31:00 - DEBUG - [_process_strategies] [N/A] ⏱ Skipping SMA_Cross_sma50, not yet time (every 5m)
2025-05-07 21:31:00 - DEBUG - [_process_strategies] [N/A] ⏱ Skipping SMA_Cross_candle, not yet time (every 5m)
2025-05-07 21:31:00 - DEBUG - [_process_strategies] [N/A] ⏱ Skipping EMA_Cross_candle, not yet time (every 5m)
2025-05-07 21:31:00 - INFO - [_update_active_orders_and_telegram] [N/A] 📊 Updating SL/TP for active orders
2025-05-07 21:31:01 - INFO - [_wait_until_next_iteration] [N/A] ⏳ Sleeping for 58.94 seconds before the next cycle
2025-05-07 21:32:00 - DEBUG - [_process_strategies] [N/A] ⏱ Skipping VWAP_diff_signal_rsi_1700, not yet time (every 5m)
2025-05-07 21:32:00 - DEBUG - [_process_strategies] [N/A] ⏱ Skipping VWAP_diff_signal_1700_volume, not yet time (every 5m)
2025-05-07 21:32:00 - DEBUG - [_process_strategies] [N/A] ⏱ Skipping VWAP_diff_signal_1700, not yet time (every 5m)
2025-05-07 21:32:00 - DEBUG - [_process_strategies] [N/A] ⏱ Skipping EMA_Cross_ema50, not yet time (every 5m)
2025-05-07 21:32:00 - DEBUG - [_process_strategies] [N/A] ⏱ Skipping SMA_Cross_sma50, not yet time (every 5m)
2025-05-07 21:32:00 - DEBUG - [_process_strategies] [N/A] ⏱ Skipping SMA_Cross_candle, not yet time (every 5m)
2025-05-07 21:32:00 - DEBUG - [_process_strategies] [N/A] ⏱ Skipping EMA_Cross_candle, not yet time (every 5m)
2025-05-07 21:32:00 - INFO - [_update_active_orders_and_telegram] [N/A] 📊 Updating SL/TP for active orders
2025-05-07 21:32:01 - INFO - [_wait_until_next_iteration] [N/A] ⏳ Sleeping for 58.93 seconds before the next cycle
2025-05-07 21:33:00 - DEBUG - [_process_strategies] [N/A] ⏱ Skipping VWAP_diff_signal_rsi_1700, not yet time (every 5m)
2025-05-07 21:33:00 - DEBUG - [_process_strategies] [N/A] ⏱ Skipping VWAP_diff_signal_1700_volume, not yet time (every 5m)
2025-05-07 21:33:00 - DEBUG - [_process_strategies] [N/A] ⏱ Skipping VWAP_diff_signal_1700, not yet time (every 5m)
2025-05-07 21:33:00 - DEBUG - [_process_strategies] [N/A] ⏱ Skipping EMA_Cross_ema50, not yet time (every 5m)
2025-05-07 21:33:00 - DEBUG - [_process_strategies] [N/A] ⏱ Skipping SMA_Cross_sma50, not yet time (every 5m)
2025-05-07 21:33:00 - DEBUG - [_process_strategies] [N/A] ⏱ Skipping SMA_Cross_candle, not yet time (every 5m)
2025-05-07 21:33:00 - DEBUG - [_process_strategies] [N/A] ⏱ Skipping EMA_Cross_candle, not yet time (every 5m)
2025-05-07 21:33:00 - INFO - [_update_active_orders_and_telegram] [N/A] 📊 Updating SL/TP for active orders
2025-05-07 21:33:01 - INFO - [_wait_until_next_iteration] [N/A] ⏳ Sleeping for 58.93 seconds before the next cycle
2025-05-07 21:34:00 - DEBUG - [_process_strategies] [N/A] ⏱ Skipping VWAP_diff_signal_rsi_1700, not yet time (every 5m)
2025-05-07 21:34:00 - DEBUG - [_process_strategies] [N/A] ⏱ Skipping VWAP_diff_signal_1700_volume, not yet time (every 5m)
2025-05-07 21:34:00 - DEBUG - [_process_strategies] [N/A] ⏱ Skipping VWAP_diff_signal_1700, not yet time (every 5m)
2025-05-07 21:34:00 - DEBUG - [_process_strategies] [N/A] ⏱ Skipping EMA_Cross_ema50, not yet time (every 5m)
2025-05-07 21:34:00 - DEBUG - [_process_strategies] [N/A] ⏱ Skipping SMA_Cross_sma50, not yet time (every 5m)
2025-05-07 21:34:00 - DEBUG - [_process_strategies] [N/A] ⏱ Skipping SMA_Cross_candle, not yet time (every 5m)
2025-05-07 21:34:00 - DEBUG - [_process_strategies] [N/A] ⏱ Skipping EMA_Cross_candle, not yet time (every 5m)
2025-05-07 21:34:00 - INFO - [_update_active_orders_and_telegram] [N/A] 📊 Updating SL/TP for active orders
2025-05-07 21:34:01 - INFO - [_wait_until_next_iteration] [N/A] ⏳ Sleeping for 58.94 seconds before the next cycle
2025-05-07 21:35:00 - INFO - [_run_strategy_if_applicable] [N/A] ⏰ Strategy 'VWAP_diff_signal_rsi_1700' not executed because it's outside the time window: 17:30:00 - 19:00:00
2025-05-07 21:35:00 - INFO - [_run_strategy_if_applicable] [N/A] ⏰ Strategy 'VWAP_diff_signal_1700_volume' not executed because it's outside the time window: 17:30:00 - 19:00:00
2025-05-07 21:35:00 - INFO - [_run_strategy_if_applicable] [N/A] ⏰ Strategy 'VWAP_diff_signal_1700' not executed because it's outside the time window: 17:30:00 - 19:00:00
2025-05-07 21:35:00 - INFO - [_run_strategy_if_applicable] [N/A] ⏰ Strategy 'EMA_Cross_ema50' not executed because it's outside the time window: 16:35:00 - 16:50:00
2025-05-07 21:35:00 - INFO - [_run_strategy_if_applicable] [N/A] ⏰ Strategy 'SMA_Cross_sma50' not executed because it's outside the time window: 16:35:00 - 16:50:00
2025-05-07 21:35:00 - INFO - [_run_strategy_if_applicable] [N/A] ⏰ Strategy 'SMA_Cross_candle' not executed because it's outside the time window: 16:35:00 - 16:50:00
2025-05-07 21:35:00 - INFO - [_run_strategy_if_applicable] [N/A] ⏰ Strategy 'EMA_Cross_candle' not executed because it's outside the time window: 16:35:00 - 16:50:00
2025-05-07 21:35:00 - INFO - [_update_active_orders_and_telegram] [N/A] 📊 Updating SL/TP for active orders
2025-05-07 21:35:01 - INFO - [_wait_until_next_iteration] [N/A] ⏳ Sleeping for 58.92 seconds before the next cycle
2025-05-07 21:36:00 - DEBUG - [_process_strategies] [N/A] ⏱ Skipping VWAP_diff_signal_rsi_1700, not yet time (every 5m)
2025-05-07 21:36:00 - DEBUG - [_process_strategies] [N/A] ⏱ Skipping VWAP_diff_signal_1700_volume, not yet time (every 5m)
2025-05-07 21:36:00 - DEBUG - [_process_strategies] [N/A] ⏱ Skipping VWAP_diff_signal_1700, not yet time (every 5m)
2025-05-07 21:36:00 - DEBUG - [_process_strategies] [N/A] ⏱ Skipping EMA_Cross_ema50, not yet time (every 5m)
2025-05-07 21:36:00 - DEBUG - [_process_strategies] [N/A] ⏱ Skipping SMA_Cross_sma50, not yet time (every 5m)
2025-05-07 21:36:00 - DEBUG - [_process_strategies] [N/A] ⏱ Skipping SMA_Cross_candle, not yet time (every 5m)
2025-05-07 21:36:00 - DEBUG - [_process_strategies] [N/A] ⏱ Skipping EMA_Cross_candle, not yet time (every 5m)
2025-05-07 21:36:00 - INFO - [_update_active_orders_and_telegram] [N/A] 📊 Updating SL/TP for active orders
2025-05-07 21:36:01 - INFO - [_wait_until_next_iteration] [N/A] ⏳ Sleeping for 58.94 seconds before the next cycle
2025-05-07 21:37:00 - DEBUG - [_process_strategies] [N/A] ⏱ Skipping VWAP_diff_signal_rsi_1700, not yet time (every 5m)
2025-05-07 21:37:00 - DEBUG - [_process_strategies] [N/A] ⏱ Skipping VWAP_diff_signal_1700_volume, not yet time (every 5m)
2025-05-07 21:37:00 - DEBUG - [_process_strategies] [N/A] ⏱ Skipping VWAP_diff_signal_1700, not yet time (every 5m)
2025-05-07 21:37:00 - DEBUG - [_process_strategies] [N/A] ⏱ Skipping EMA_Cross_ema50, not yet time (every 5m)
2025-05-07 21:37:00 - DEBUG - [_process_strategies] [N/A] ⏱ Skipping SMA_Cross_sma50, not yet time (every 5m)
2025-05-07 21:37:00 - DEBUG - [_process_strategies] [N/A] ⏱ Skipping SMA_Cross_candle, not yet time (every 5m)
2025-05-07 21:37:00 - DEBUG - [_process_strategies] [N/A] ⏱ Skipping EMA_Cross_candle, not yet time (every 5m)
2025-05-07 21:37:00 - INFO - [_update_active_orders_and_telegram] [N/A] 📊 Updating SL/TP for active orders
2025-05-07 21:37:01 - INFO - [_wait_until_next_iteration] [N/A] ⏳ Sleeping for 58.98 seconds before the next cycle
2025-05-07 21:38:00 - DEBUG - [_process_strategies] [N/A] ⏱ Skipping VWAP_diff_signal_rsi_1700, not yet time (every 5m)
2025-05-07 21:38:00 - DEBUG - [_process_strategies] [N/A] ⏱ Skipping VWAP_diff_signal_1700_volume, not yet time (every 5m)
2025-05-07 21:38:00 - DEBUG - [_process_strategies] [N/A] ⏱ Skipping VWAP_diff_signal_1700, not yet time (every 5m)
2025-05-07 21:38:00 - DEBUG - [_process_strategies] [N/A] ⏱ Skipping EMA_Cross_ema50, not yet time (every 5m)
2025-05-07 21:38:00 - DEBUG - [_process_strategies] [N/A] ⏱ Skipping SMA_Cross_sma50, not yet time (every 5m)
2025-05-07 21:38:00 - DEBUG - [_process_strategies] [N/A] ⏱ Skipping SMA_Cross_candle, not yet time (every 5m)
2025-05-07 21:38:00 - DEBUG - [_process_strategies] [N/A] ⏱ Skipping EMA_Cross_candle, not yet time (every 5m)
2025-05-07 21:38:00 - INFO - [_update_active_orders_and_telegram] [N/A] 📊 Updating SL/TP for active orders
2025-05-07 21:38:01 - INFO - [_wait_until_next_iteration] [N/A] ⏳ Sleeping for 58.97 seconds before the next cycle
2025-05-07 21:39:00 - DEBUG - [_process_strategies] [N/A] ⏱ Skipping VWAP_diff_signal_rsi_1700, not yet time (every 5m)
2025-05-07 21:39:00 - DEBUG - [_process_strategies] [N/A] ⏱ Skipping VWAP_diff_signal_1700_volume, not yet time (every 5m)
2025-05-07 21:39:00 - DEBUG - [_process_strategies] [N/A] ⏱ Skipping VWAP_diff_signal_1700, not yet time (every 5m)
2025-05-07 21:39:00 - DEBUG - [_process_strategies] [N/A] ⏱ Skipping EMA_Cross_ema50, not yet time (every 5m)
2025-05-07 21:39:00 - DEBUG - [_process_strategies] [N/A] ⏱ Skipping SMA_Cross_sma50, not yet time (every 5m)
2025-05-07 21:39:00 - DEBUG - [_process_strategies] [N/A] ⏱ Skipping SMA_Cross_candle, not yet time (every 5m)
2025-05-07 21:39:00 - DEBUG - [_process_strategies] [N/A] ⏱ Skipping EMA_Cross_candle, not yet time (every 5m)
2025-05-07 21:39:00 - INFO - [_update_active_orders_and_telegram] [N/A] 📊 Updating SL/TP for active orders
2025-05-07 21:39:01 - INFO - [_wait_until_next_iteration] [N/A] ⏳ Sleeping for 58.95 seconds before the next cycle
2025-05-07 21:40:00 - INFO - [_run_strategy_if_applicable] [N/A] ⏰ Strategy 'VWAP_diff_signal_rsi_1700' not executed because it's outside the time window: 17:30:00 - 19:00:00
2025-05-07 21:40:00 - INFO - [_run_strategy_if_applicable] [N/A] ⏰ Strategy 'VWAP_diff_signal_1700_volume' not executed because it's outside the time window: 17:30:00 - 19:00:00
2025-05-07 21:40:00 - INFO - [_run_strategy_if_applicable] [N/A] ⏰ Strategy 'VWAP_diff_signal_1700' not executed because it's outside the time window: 17:30:00 - 19:00:00
2025-05-07 21:40:00 - INFO - [_run_strategy_if_applicable] [N/A] ⏰ Strategy 'EMA_Cross_ema50' not executed because it's outside the time window: 16:35:00 - 16:50:00
2025-05-07 21:40:00 - INFO - [_run_strategy_if_applicable] [N/A] ⏰ Strategy 'SMA_Cross_sma50' not executed because it's outside the time window: 16:35:00 - 16:50:00
2025-05-07 21:40:00 - INFO - [_run_strategy_if_applicable] [N/A] ⏰ Strategy 'SMA_Cross_candle' not executed because it's outside the time window: 16:35:00 - 16:50:00
2025-05-07 21:40:00 - INFO - [_run_strategy_if_applicable] [N/A] ⏰ Strategy 'EMA_Cross_candle' not executed because it's outside the time window: 16:35:00 - 16:50:00
2025-05-07 21:40:00 - INFO - [_update_active_orders_and_telegram] [N/A] 📊 Updating SL/TP for active orders
2025-05-07 21:40:01 - INFO - [_wait_until_next_iteration] [N/A] ⏳ Sleeping for 58.93 seconds before the next cycle
2025-05-07 21:41:00 - DEBUG - [_process_strategies] [N/A] ⏱ Skipping VWAP_diff_signal_rsi_1700, not yet time (every 5m)
2025-05-07 21:41:00 - DEBUG - [_process_strategies] [N/A] ⏱ Skipping VWAP_diff_signal_1700_volume, not yet time (every 5m)
2025-05-07 21:41:00 - DEBUG - [_process_strategies] [N/A] ⏱ Skipping VWAP_diff_signal_1700, not yet time (every 5m)
2025-05-07 21:41:00 - DEBUG - [_process_strategies] [N/A] ⏱ Skipping EMA_Cross_ema50, not yet time (every 5m)
2025-05-07 21:41:00 - DEBUG - [_process_strategies] [N/A] ⏱ Skipping SMA_Cross_sma50, not yet time (every 5m)
2025-05-07 21:41:00 - DEBUG - [_process_strategies] [N/A] ⏱ Skipping SMA_Cross_candle, not yet time (every 5m)
2025-05-07 21:41:00 - DEBUG - [_process_strategies] [N/A] ⏱ Skipping EMA_Cross_candle, not yet time (every 5m)
2025-05-07 21:41:00 - INFO - [_update_active_orders_and_telegram] [N/A] 📊 Updating SL/TP for active orders
2025-05-07 21:41:01 - INFO - [_wait_until_next_iteration] [N/A] ⏳ Sleeping for 58.94 seconds before the next cycle
2025-05-07 21:42:00 - DEBUG - [_process_strategies] [N/A] ⏱ Skipping VWAP_diff_signal_rsi_1700, not yet time (every 5m)
2025-05-07 21:42:00 - DEBUG - [_process_strategies] [N/A] ⏱ Skipping VWAP_diff_signal_1700_volume, not yet time (every 5m)
2025-05-07 21:42:00 - DEBUG - [_process_strategies] [N/A] ⏱ Skipping VWAP_diff_signal_1700, not yet time (every 5m)
2025-05-07 21:42:00 - DEBUG - [_process_strategies] [N/A] ⏱ Skipping EMA_Cross_ema50, not yet time (every 5m)
2025-05-07 21:42:00 - DEBUG - [_process_strategies] [N/A] ⏱ Skipping SMA_Cross_sma50, not yet time (every 5m)
2025-05-07 21:42:00 - DEBUG - [_process_strategies] [N/A] ⏱ Skipping SMA_Cross_candle, not yet time (every 5m)
2025-05-07 21:42:00 - DEBUG - [_process_strategies] [N/A] ⏱ Skipping EMA_Cross_candle, not yet time (every 5m)
2025-05-07 21:42:00 - INFO - [_update_active_orders_and_telegram] [N/A] 📊 Updating SL/TP for active orders
2025-05-07 21:42:01 - INFO - [_wait_until_next_iteration] [N/A] ⏳ Sleeping for 58.93 seconds before the next cycle
2025-05-07 21:43:00 - DEBUG - [_process_strategies] [N/A] ⏱ Skipping VWAP_diff_signal_rsi_1700, not yet time (every 5m)
2025-05-07 21:43:00 - DEBUG - [_process_strategies] [N/A] ⏱ Skipping VWAP_diff_signal_1700_volume, not yet time (every 5m)
2025-05-07 21:43:00 - DEBUG - [_process_strategies] [N/A] ⏱ Skipping VWAP_diff_signal_1700, not yet time (every 5m)
2025-05-07 21:43:00 - DEBUG - [_process_strategies] [N/A] ⏱ Skipping EMA_Cross_ema50, not yet time (every 5m)
2025-05-07 21:43:00 - DEBUG - [_process_strategies] [N/A] ⏱ Skipping SMA_Cross_sma50, not yet time (every 5m)
2025-05-07 21:43:00 - DEBUG - [_process_strategies] [N/A] ⏱ Skipping SMA_Cross_candle, not yet time (every 5m)
2025-05-07 21:43:00 - DEBUG - [_process_strategies] [N/A] ⏱ Skipping EMA_Cross_candle, not yet time (every 5m)
2025-05-07 21:43:00 - INFO - [_update_active_orders_and_telegram] [N/A] 📊 Updating SL/TP for active orders
2025-05-07 21:43:01 - INFO - [_wait_until_next_iteration] [N/A] ⏳ Sleeping for 58.93 seconds before the next cycle
2025-05-07 21:44:00 - DEBUG - [_process_strategies] [N/A] ⏱ Skipping VWAP_diff_signal_rsi_1700, not yet time (every 5m)
2025-05-07 21:44:00 - DEBUG - [_process_strategies] [N/A] ⏱ Skipping VWAP_diff_signal_1700_volume, not yet time (every 5m)
2025-05-07 21:44:00 - DEBUG - [_process_strategies] [N/A] ⏱ Skipping VWAP_diff_signal_1700, not yet time (every 5m)
2025-05-07 21:44:00 - DEBUG - [_process_strategies] [N/A] ⏱ Skipping EMA_Cross_ema50, not yet time (every 5m)
2025-05-07 21:44:00 - DEBUG - [_process_strategies] [N/A] ⏱ Skipping SMA_Cross_sma50, not yet time (every 5m)
2025-05-07 21:44:00 - DEBUG - [_process_strategies] [N/A] ⏱ Skipping SMA_Cross_candle, not yet time (every 5m)
2025-05-07 21:44:00 - DEBUG - [_process_strategies] [N/A] ⏱ Skipping EMA_Cross_candle, not yet time (every 5m)
2025-05-07 21:44:00 - INFO - [_update_active_orders_and_telegram] [N/A] 📊 Updating SL/TP for active orders
2025-05-07 21:44:01 - INFO - [_wait_until_next_iteration] [N/A] ⏳ Sleeping for 58.94 seconds before the next cycle
2025-05-07 21:45:00 - INFO - [_run_strategy_if_applicable] [N/A] ⏰ Strategy 'VWAP_diff_signal_rsi_1700' not executed because it's outside the time window: 17:30:00 - 19:00:00
2025-05-07 21:45:00 - INFO - [_run_strategy_if_applicable] [N/A] ⏰ Strategy 'VWAP_diff_signal_1700_volume' not executed because it's outside the time window: 17:30:00 - 19:00:00
2025-05-07 21:45:00 - INFO - [_run_strategy_if_applicable] [N/A] ⏰ Strategy 'VWAP_diff_signal_1700' not executed because it's outside the time window: 17:30:00 - 19:00:00
2025-05-07 21:45:00 - INFO - [_run_strategy_if_applicable] [N/A] ⏰ Strategy 'EMA_Cross_ema50' not executed because it's outside the time window: 16:35:00 - 16:50:00
2025-05-07 21:45:00 - INFO - [_run_strategy_if_applicable] [N/A] ⏰ Strategy 'SMA_Cross_sma50' not executed because it's outside the time window: 16:35:00 - 16:50:00
2025-05-07 21:45:00 - INFO - [_run_strategy_if_applicable] [N/A] ⏰ Strategy 'SMA_Cross_candle' not executed because it's outside the time window: 16:35:00 - 16:50:00
2025-05-07 21:45:00 - INFO - [_run_strategy_if_applicable] [N/A] ⏰ Strategy 'EMA_Cross_candle' not executed because it's outside the time window: 16:35:00 - 16:50:00
2025-05-07 21:45:00 - INFO - [_update_active_orders_and_telegram] [N/A] 📊 Updating SL/TP for active orders
2025-05-07 21:45:01 - INFO - [_wait_until_next_iteration] [N/A] ⏳ Sleeping for 58.93 seconds before the next cycle
2025-05-07 21:46:00 - DEBUG - [_process_strategies] [N/A] ⏱ Skipping VWAP_diff_signal_rsi_1700, not yet time (every 5m)
2025-05-07 21:46:00 - DEBUG - [_process_strategies] [N/A] ⏱ Skipping VWAP_diff_signal_1700_volume, not yet time (every 5m)
2025-05-07 21:46:00 - DEBUG - [_process_strategies] [N/A] ⏱ Skipping VWAP_diff_signal_1700, not yet time (every 5m)
2025-05-07 21:46:00 - DEBUG - [_process_strategies] [N/A] ⏱ Skipping EMA_Cross_ema50, not yet time (every 5m)
2025-05-07 21:46:00 - DEBUG - [_process_strategies] [N/A] ⏱ Skipping SMA_Cross_sma50, not yet time (every 5m)
2025-05-07 21:46:00 - DEBUG - [_process_strategies] [N/A] ⏱ Skipping SMA_Cross_candle, not yet time (every 5m)
2025-05-07 21:46:00 - DEBUG - [_process_strategies] [N/A] ⏱ Skipping EMA_Cross_candle, not yet time (every 5m)
2025-05-07 21:46:00 - INFO - [_update_active_orders_and_telegram] [N/A] 📊 Updating SL/TP for active orders
2025-05-07 21:46:01 - INFO - [_wait_until_next_iteration] [N/A] ⏳ Sleeping for 58.93 seconds before the next cycle
2025-05-07 21:47:00 - DEBUG - [_process_strategies] [N/A] ⏱ Skipping VWAP_diff_signal_rsi_1700, not yet time (every 5m)
2025-05-07 21:47:00 - DEBUG - [_process_strategies] [N/A] ⏱ Skipping VWAP_diff_signal_1700_volume, not yet time (every 5m)
2025-05-07 21:47:00 - DEBUG - [_process_strategies] [N/A] ⏱ Skipping VWAP_diff_signal_1700, not yet time (every 5m)
2025-05-07 21:47:00 - DEBUG - [_process_strategies] [N/A] ⏱ Skipping EMA_Cross_ema50, not yet time (every 5m)
2025-05-07 21:47:00 - DEBUG - [_process_strategies] [N/A] ⏱ Skipping SMA_Cross_sma50, not yet time (every 5m)
2025-05-07 21:47:00 - DEBUG - [_process_strategies] [N/A] ⏱ Skipping SMA_Cross_candle, not yet time (every 5m)
2025-05-07 21:47:00 - DEBUG - [_process_strategies] [N/A] ⏱ Skipping EMA_Cross_candle, not yet time (every 5m)
2025-05-07 21:47:00 - INFO - [_update_active_orders_and_telegram] [N/A] 📊 Updating SL/TP for active orders
2025-05-07 21:47:01 - INFO - [_wait_until_next_iteration] [N/A] ⏳ Sleeping for 58.93 seconds before the next cycle
2025-05-07 21:48:00 - DEBUG - [_process_strategies] [N/A] ⏱ Skipping VWAP_diff_signal_rsi_1700, not yet time (every 5m)
2025-05-07 21:48:00 - DEBUG - [_process_strategies] [N/A] ⏱ Skipping VWAP_diff_signal_1700_volume, not yet time (every 5m)
2025-05-07 21:48:00 - DEBUG - [_process_strategies] [N/A] ⏱ Skipping VWAP_diff_signal_1700, not yet time (every 5m)
2025-05-07 21:48:00 - DEBUG - [_process_strategies] [N/A] ⏱ Skipping EMA_Cross_ema50, not yet time (every 5m)
2025-05-07 21:48:00 - DEBUG - [_process_strategies] [N/A] ⏱ Skipping SMA_Cross_sma50, not yet time (every 5m)
2025-05-07 21:48:00 - DEBUG - [_process_strategies] [N/A] ⏱ Skipping SMA_Cross_candle, not yet time (every 5m)
2025-05-07 21:48:00 - DEBUG - [_process_strategies] [N/A] ⏱ Skipping EMA_Cross_candle, not yet time (every 5m)
2025-05-07 21:48:00 - INFO - [_update_active_orders_and_telegram] [N/A] 📊 Updating SL/TP for active orders
2025-05-07 21:48:01 - INFO - [_wait_until_next_iteration] [N/A] ⏳ Sleeping for 58.94 seconds before the next cycle
2025-05-07 21:49:00 - DEBUG - [_process_strategies] [N/A] ⏱ Skipping VWAP_diff_signal_rsi_1700, not yet time (every 5m)
2025-05-07 21:49:00 - DEBUG - [_process_strategies] [N/A] ⏱ Skipping VWAP_diff_signal_1700_volume, not yet time (every 5m)
2025-05-07 21:49:00 - DEBUG - [_process_strategies] [N/A] ⏱ Skipping VWAP_diff_signal_1700, not yet time (every 5m)
2025-05-07 21:49:00 - DEBUG - [_process_strategies] [N/A] ⏱ Skipping EMA_Cross_ema50, not yet time (every 5m)
2025-05-07 21:49:00 - DEBUG - [_process_strategies] [N/A] ⏱ Skipping SMA_Cross_sma50, not yet time (every 5m)
2025-05-07 21:49:00 - DEBUG - [_process_strategies] [N/A] ⏱ Skipping SMA_Cross_candle, not yet time (every 5m)
2025-05-07 21:49:00 - DEBUG - [_process_strategies] [N/A] ⏱ Skipping EMA_Cross_candle, not yet time (every 5m)
2025-05-07 21:49:00 - INFO - [_update_active_orders_and_telegram] [N/A] 📊 Updating SL/TP for active orders
2025-05-07 21:49:01 - INFO - [_wait_until_next_iteration] [N/A] ⏳ Sleeping for 58.96 seconds before the next cycle
2025-05-07 21:50:00 - INFO - [_run_strategy_if_applicable] [N/A] ⏰ Strategy 'VWAP_diff_signal_rsi_1700' not executed because it's outside the time window: 17:30:00 - 19:00:00
2025-05-07 21:50:00 - INFO - [_run_strategy_if_applicable] [N/A] ⏰ Strategy 'VWAP_diff_signal_1700_volume' not executed because it's outside the time window: 17:30:00 - 19:00:00
2025-05-07 21:50:00 - INFO - [_run_strategy_if_applicable] [N/A] ⏰ Strategy 'VWAP_diff_signal_1700' not executed because it's outside the time window: 17:30:00 - 19:00:00
2025-05-07 21:50:00 - INFO - [_run_strategy_if_applicable] [N/A] ⏰ Strategy 'EMA_Cross_ema50' not executed because it's outside the time window: 16:35:00 - 16:50:00
2025-05-07 21:50:00 - INFO - [_run_strategy_if_applicable] [N/A] ⏰ Strategy 'SMA_Cross_sma50' not executed because it's outside the time window: 16:35:00 - 16:50:00
2025-05-07 21:50:00 - INFO - [_run_strategy_if_applicable] [N/A] ⏰ Strategy 'SMA_Cross_candle' not executed because it's outside the time window: 16:35:00 - 16:50:00
2025-05-07 21:50:00 - INFO - [_run_strategy_if_applicable] [N/A] ⏰ Strategy 'EMA_Cross_candle' not executed because it's outside the time window: 16:35:00 - 16:50:00
2025-05-07 21:50:00 - INFO - [_update_active_orders_and_telegram] [N/A] 📊 Updating SL/TP for active orders
2025-05-07 21:50:01 - INFO - [_wait_until_next_iteration] [N/A] ⏳ Sleeping for 58.94 seconds before the next cycle
2025-05-07 21:51:00 - DEBUG - [_process_strategies] [N/A] ⏱ Skipping VWAP_diff_signal_rsi_1700, not yet time (every 5m)
2025-05-07 21:51:00 - DEBUG - [_process_strategies] [N/A] ⏱ Skipping VWAP_diff_signal_1700_volume, not yet time (every 5m)
2025-05-07 21:51:00 - DEBUG - [_process_strategies] [N/A] ⏱ Skipping VWAP_diff_signal_1700, not yet time (every 5m)
2025-05-07 21:51:00 - DEBUG - [_process_strategies] [N/A] ⏱ Skipping EMA_Cross_ema50, not yet time (every 5m)
2025-05-07 21:51:00 - DEBUG - [_process_strategies] [N/A] ⏱ Skipping SMA_Cross_sma50, not yet time (every 5m)
2025-05-07 21:51:00 - DEBUG - [_process_strategies] [N/A] ⏱ Skipping SMA_Cross_candle, not yet time (every 5m)
2025-05-07 21:51:00 - DEBUG - [_process_strategies] [N/A] ⏱ Skipping EMA_Cross_candle, not yet time (every 5m)
2025-05-07 21:51:00 - INFO - [_update_active_orders_and_telegram] [N/A] 📊 Updating SL/TP for active orders
2025-05-07 21:51:01 - INFO - [_wait_until_next_iteration] [N/A] ⏳ Sleeping for 58.97 seconds before the next cycle
2025-05-07 21:52:00 - DEBUG - [_process_strategies] [N/A] ⏱ Skipping VWAP_diff_signal_rsi_1700, not yet time (every 5m)
2025-05-07 21:52:00 - DEBUG - [_process_strategies] [N/A] ⏱ Skipping VWAP_diff_signal_1700_volume, not yet time (every 5m)
2025-05-07 21:52:00 - DEBUG - [_process_strategies] [N/A] ⏱ Skipping VWAP_diff_signal_1700, not yet time (every 5m)
2025-05-07 21:52:00 - DEBUG - [_process_strategies] [N/A] ⏱ Skipping EMA_Cross_ema50, not yet time (every 5m)
2025-05-07 21:52:00 - DEBUG - [_process_strategies] [N/A] ⏱ Skipping SMA_Cross_sma50, not yet time (every 5m)
2025-05-07 21:52:00 - DEBUG - [_process_strategies] [N/A] ⏱ Skipping SMA_Cross_candle, not yet time (every 5m)
2025-05-07 21:52:00 - DEBUG - [_process_strategies] [N/A] ⏱ Skipping EMA_Cross_candle, not yet time (every 5m)
2025-05-07 21:52:00 - INFO - [_update_active_orders_and_telegram] [N/A] 📊 Updating SL/TP for active orders
2025-05-07 21:52:01 - INFO - [_wait_until_next_iteration] [N/A] ⏳ Sleeping for 58.94 seconds before the next cycle
2025-05-07 21:53:00 - DEBUG - [_process_strategies] [N/A] ⏱ Skipping VWAP_diff_signal_rsi_1700, not yet time (every 5m)
2025-05-07 21:53:00 - DEBUG - [_process_strategies] [N/A] ⏱ Skipping VWAP_diff_signal_1700_volume, not yet time (every 5m)
2025-05-07 21:53:00 - DEBUG - [_process_strategies] [N/A] ⏱ Skipping VWAP_diff_signal_1700, not yet time (every 5m)
2025-05-07 21:53:00 - DEBUG - [_process_strategies] [N/A] ⏱ Skipping EMA_Cross_ema50, not yet time (every 5m)
2025-05-07 21:53:00 - DEBUG - [_process_strategies] [N/A] ⏱ Skipping SMA_Cross_sma50, not yet time (every 5m)
2025-05-07 21:53:00 - DEBUG - [_process_strategies] [N/A] ⏱ Skipping SMA_Cross_candle, not yet time (every 5m)
2025-05-07 21:53:00 - DEBUG - [_process_strategies] [N/A] ⏱ Skipping EMA_Cross_candle, not yet time (every 5m)
2025-05-07 21:53:00 - INFO - [_update_active_orders_and_telegram] [N/A] 📊 Updating SL/TP for active orders
2025-05-07 21:53:01 - INFO - [_wait_until_next_iteration] [N/A] ⏳ Sleeping for 58.95 seconds before the next cycle
2025-05-07 21:54:00 - DEBUG - [_process_strategies] [N/A] ⏱ Skipping VWAP_diff_signal_rsi_1700, not yet time (every 5m)
2025-05-07 21:54:00 - DEBUG - [_process_strategies] [N/A] ⏱ Skipping VWAP_diff_signal_1700_volume, not yet time (every 5m)
2025-05-07 21:54:00 - DEBUG - [_process_strategies] [N/A] ⏱ Skipping VWAP_diff_signal_1700, not yet time (every 5m)
2025-05-07 21:54:00 - DEBUG - [_process_strategies] [N/A] ⏱ Skipping EMA_Cross_ema50, not yet time (every 5m)
2025-05-07 21:54:00 - DEBUG - [_process_strategies] [N/A] ⏱ Skipping SMA_Cross_sma50, not yet time (every 5m)
2025-05-07 21:54:00 - DEBUG - [_process_strategies] [N/A] ⏱ Skipping SMA_Cross_candle, not yet time (every 5m)
2025-05-07 21:54:00 - DEBUG - [_process_strategies] [N/A] ⏱ Skipping EMA_Cross_candle, not yet time (every 5m)
2025-05-07 21:54:00 - INFO - [_update_active_orders_and_telegram] [N/A] 📊 Updating SL/TP for active orders
2025-05-07 21:54:01 - INFO - [_wait_until_next_iteration] [N/A] ⏳ Sleeping for 58.93 seconds before the next cycle
2025-05-07 21:55:00 - INFO - [_run_strategy_if_applicable] [N/A] ⏰ Strategy 'VWAP_diff_signal_rsi_1700' not executed because it's outside the time window: 17:30:00 - 19:00:00
2025-05-07 21:55:00 - INFO - [_run_strategy_if_applicable] [N/A] ⏰ Strategy 'VWAP_diff_signal_1700_volume' not executed because it's outside the time window: 17:30:00 - 19:00:00
2025-05-07 21:55:00 - INFO - [_run_strategy_if_applicable] [N/A] ⏰ Strategy 'VWAP_diff_signal_1700' not executed because it's outside the time window: 17:30:00 - 19:00:00
2025-05-07 21:55:00 - INFO - [_run_strategy_if_applicable] [N/A] ⏰ Strategy 'EMA_Cross_ema50' not executed because it's outside the time window: 16:35:00 - 16:50:00
2025-05-07 21:55:00 - INFO - [_run_strategy_if_applicable] [N/A] ⏰ Strategy 'SMA_Cross_sma50' not executed because it's outside the time window: 16:35:00 - 16:50:00
2025-05-07 21:55:00 - INFO - [_run_strategy_if_applicable] [N/A] ⏰ Strategy 'SMA_Cross_candle' not executed because it's outside the time window: 16:35:00 - 16:50:00
2025-05-07 21:55:00 - INFO - [_run_strategy_if_applicable] [N/A] ⏰ Strategy 'EMA_Cross_candle' not executed because it's outside the time window: 16:35:00 - 16:50:00
2025-05-07 21:55:00 - INFO - [_update_active_orders_and_telegram] [N/A] 📊 Updating SL/TP for active orders
2025-05-07 21:55:01 - INFO - [_wait_until_next_iteration] [N/A] ⏳ Sleeping for 58.98 seconds before the next cycle
2025-05-07 21:56:00 - DEBUG - [_process_strategies] [N/A] ⏱ Skipping VWAP_diff_signal_rsi_1700, not yet time (every 5m)
2025-05-07 21:56:00 - DEBUG - [_process_strategies] [N/A] ⏱ Skipping VWAP_diff_signal_1700_volume, not yet time (every 5m)
2025-05-07 21:56:00 - DEBUG - [_process_strategies] [N/A] ⏱ Skipping VWAP_diff_signal_1700, not yet time (every 5m)
2025-05-07 21:56:00 - DEBUG - [_process_strategies] [N/A] ⏱ Skipping EMA_Cross_ema50, not yet time (every 5m)
2025-05-07 21:56:00 - DEBUG - [_process_strategies] [N/A] ⏱ Skipping SMA_Cross_sma50, not yet time (every 5m)
2025-05-07 21:56:00 - DEBUG - [_process_strategies] [N/A] ⏱ Skipping SMA_Cross_candle, not yet time (every 5m)
2025-05-07 21:56:00 - DEBUG - [_process_strategies] [N/A] ⏱ Skipping EMA_Cross_candle, not yet time (every 5m)
2025-05-07 21:56:00 - INFO - [_update_active_orders_and_telegram] [N/A] 📊 Updating SL/TP for active orders
2025-05-07 21:56:01 - INFO - [_wait_until_next_iteration] [N/A] ⏳ Sleeping for 58.93 seconds before the next cycle
2025-05-07 21:57:00 - DEBUG - [_process_strategies] [N/A] ⏱ Skipping VWAP_diff_signal_rsi_1700, not yet time (every 5m)
2025-05-07 21:57:00 - DEBUG - [_process_strategies] [N/A] ⏱ Skipping VWAP_diff_signal_1700_volume, not yet time (every 5m)
2025-05-07 21:57:00 - DEBUG - [_process_strategies] [N/A] ⏱ Skipping VWAP_diff_signal_1700, not yet time (every 5m)
2025-05-07 21:57:00 - DEBUG - [_process_strategies] [N/A] ⏱ Skipping EMA_Cross_ema50, not yet time (every 5m)
2025-05-07 21:57:00 - DEBUG - [_process_strategies] [N/A] ⏱ Skipping SMA_Cross_sma50, not yet time (every 5m)
2025-05-07 21:57:00 - DEBUG - [_process_strategies] [N/A] ⏱ Skipping SMA_Cross_candle, not yet time (every 5m)
2025-05-07 21:57:00 - DEBUG - [_process_strategies] [N/A] ⏱ Skipping EMA_Cross_candle, not yet time (every 5m)
2025-05-07 21:57:00 - INFO - [_update_active_orders_and_telegram] [N/A] 📊 Updating SL/TP for active orders
2025-05-07 21:57:01 - INFO - [_wait_until_next_iteration] [N/A] ⏳ Sleeping for 58.93 seconds before the next cycle
2025-05-07 21:58:00 - DEBUG - [_process_strategies] [N/A] ⏱ Skipping VWAP_diff_signal_rsi_1700, not yet time (every 5m)
2025-05-07 21:58:00 - DEBUG - [_process_strategies] [N/A] ⏱ Skipping VWAP_diff_signal_1700_volume, not yet time (every 5m)
2025-05-07 21:58:00 - DEBUG - [_process_strategies] [N/A] ⏱ Skipping VWAP_diff_signal_1700, not yet time (every 5m)
2025-05-07 21:58:00 - DEBUG - [_process_strategies] [N/A] ⏱ Skipping EMA_Cross_ema50, not yet time (every 5m)
2025-05-07 21:58:00 - DEBUG - [_process_strategies] [N/A] ⏱ Skipping SMA_Cross_sma50, not yet time (every 5m)
2025-05-07 21:58:00 - DEBUG - [_process_strategies] [N/A] ⏱ Skipping SMA_Cross_candle, not yet time (every 5m)
2025-05-07 21:58:00 - DEBUG - [_process_strategies] [N/A] ⏱ Skipping EMA_Cross_candle, not yet time (every 5m)
2025-05-07 21:58:00 - INFO - [_update_active_orders_and_telegram] [N/A] 📊 Updating SL/TP for active orders
2025-05-07 21:58:01 - INFO - [_wait_until_next_iteration] [N/A] ⏳ Sleeping for 58.94 seconds before the next cycle
2025-05-07 21:59:00 - DEBUG - [_process_strategies] [N/A] ⏱ Skipping VWAP_diff_signal_rsi_1700, not yet time (every 5m)
2025-05-07 21:59:00 - DEBUG - [_process_strategies] [N/A] ⏱ Skipping VWAP_diff_signal_1700_volume, not yet time (every 5m)
2025-05-07 21:59:00 - DEBUG - [_process_strategies] [N/A] ⏱ Skipping VWAP_diff_signal_1700, not yet time (every 5m)
2025-05-07 21:59:00 - DEBUG - [_process_strategies] [N/A] ⏱ Skipping EMA_Cross_ema50, not yet time (every 5m)
2025-05-07 21:59:00 - DEBUG - [_process_strategies] [N/A] ⏱ Skipping SMA_Cross_sma50, not yet time (every 5m)
2025-05-07 21:59:00 - DEBUG - [_process_strategies] [N/A] ⏱ Skipping SMA_Cross_candle, not yet time (every 5m)
2025-05-07 21:59:00 - DEBUG - [_process_strategies] [N/A] ⏱ Skipping EMA_Cross_candle, not yet time (every 5m)
2025-05-07 21:59:00 - INFO - [_update_active_orders_and_telegram] [N/A] 📊 Updating SL/TP for active orders
2025-05-07 21:59:01 - INFO - [_wait_until_next_iteration] [N/A] ⏳ Sleeping for 58.96 seconds before the next cycle
2025-05-07 22:00:00 - INFO - [_run_strategy_if_applicable] [N/A] ⏰ Strategy 'VWAP_diff_signal_rsi_1700' not executed because it's outside the time window: 17:30:00 - 19:00:00
2025-05-07 22:00:00 - INFO - [_run_strategy_if_applicable] [N/A] ⏰ Strategy 'VWAP_diff_signal_1700_volume' not executed because it's outside the time window: 17:30:00 - 19:00:00
2025-05-07 22:00:00 - INFO - [_run_strategy_if_applicable] [N/A] ⏰ Strategy 'VWAP_diff_signal_1700' not executed because it's outside the time window: 17:30:00 - 19:00:00
2025-05-07 22:00:00 - INFO - [_run_strategy_if_applicable] [N/A] ⏰ Strategy 'EMA_Cross_ema50' not executed because it's outside the time window: 16:35:00 - 16:50:00
2025-05-07 22:00:00 - INFO - [_run_strategy_if_applicable] [N/A] ⏰ Strategy 'SMA_Cross_sma50' not executed because it's outside the time window: 16:35:00 - 16:50:00
2025-05-07 22:00:00 - INFO - [_run_strategy_if_applicable] [N/A] ⏰ Strategy 'SMA_Cross_candle' not executed because it's outside the time window: 16:35:00 - 16:50:00
2025-05-07 22:00:00 - INFO - [_run_strategy_if_applicable] [N/A] ⏰ Strategy 'EMA_Cross_candle' not executed because it's outside the time window: 16:35:00 - 16:50:00
2025-05-07 22:00:00 - INFO - [_update_active_orders_and_telegram] [N/A] 📊 Updating SL/TP for active orders
2025-05-07 22:00:01 - INFO - [_wait_until_next_iteration] [N/A] ⏳ Sleeping for 58.93 seconds before the next cycle
2025-05-07 22:01:00 - DEBUG - [_process_strategies] [N/A] ⏱ Skipping VWAP_diff_signal_rsi_1700, not yet time (every 5m)
2025-05-07 22:01:00 - DEBUG - [_process_strategies] [N/A] ⏱ Skipping VWAP_diff_signal_1700_volume, not yet time (every 5m)
2025-05-07 22:01:00 - DEBUG - [_process_strategies] [N/A] ⏱ Skipping VWAP_diff_signal_1700, not yet time (every 5m)
2025-05-07 22:01:00 - DEBUG - [_process_strategies] [N/A] ⏱ Skipping EMA_Cross_ema50, not yet time (every 5m)
2025-05-07 22:01:00 - DEBUG - [_process_strategies] [N/A] ⏱ Skipping SMA_Cross_sma50, not yet time (every 5m)
2025-05-07 22:01:00 - DEBUG - [_process_strategies] [N/A] ⏱ Skipping SMA_Cross_candle, not yet time (every 5m)
2025-05-07 22:01:00 - DEBUG - [_process_strategies] [N/A] ⏱ Skipping EMA_Cross_candle, not yet time (every 5m)
2025-05-07 22:01:00 - INFO - [_update_active_orders_and_telegram] [N/A] 📊 Updating SL/TP for active orders
2025-05-07 22:01:01 - INFO - [_wait_until_next_iteration] [N/A] ⏳ Sleeping for 58.93 seconds before the next cycle
2025-05-07 22:02:00 - DEBUG - [_process_strategies] [N/A] ⏱ Skipping VWAP_diff_signal_rsi_1700, not yet time (every 5m)
2025-05-07 22:02:00 - DEBUG - [_process_strategies] [N/A] ⏱ Skipping VWAP_diff_signal_1700_volume, not yet time (every 5m)
2025-05-07 22:02:00 - DEBUG - [_process_strategies] [N/A] ⏱ Skipping VWAP_diff_signal_1700, not yet time (every 5m)
2025-05-07 22:02:00 - DEBUG - [_process_strategies] [N/A] ⏱ Skipping EMA_Cross_ema50, not yet time (every 5m)
2025-05-07 22:02:00 - DEBUG - [_process_strategies] [N/A] ⏱ Skipping SMA_Cross_sma50, not yet time (every 5m)
2025-05-07 22:02:00 - DEBUG - [_process_strategies] [N/A] ⏱ Skipping SMA_Cross_candle, not yet time (every 5m)
2025-05-07 22:02:00 - DEBUG - [_process_strategies] [N/A] ⏱ Skipping EMA_Cross_candle, not yet time (every 5m)
2025-05-07 22:02:00 - INFO - [_update_active_orders_and_telegram] [N/A] 📊 Updating SL/TP for active orders
2025-05-07 22:02:01 - INFO - [_wait_until_next_iteration] [N/A] ⏳ Sleeping for 58.94 seconds before the next cycle
2025-05-07 22:03:00 - DEBUG - [_process_strategies] [N/A] ⏱ Skipping VWAP_diff_signal_rsi_1700, not yet time (every 5m)
2025-05-07 22:03:00 - DEBUG - [_process_strategies] [N/A] ⏱ Skipping VWAP_diff_signal_1700_volume, not yet time (every 5m)
2025-05-07 22:03:00 - DEBUG - [_process_strategies] [N/A] ⏱ Skipping VWAP_diff_signal_1700, not yet time (every 5m)
2025-05-07 22:03:00 - DEBUG - [_process_strategies] [N/A] ⏱ Skipping EMA_Cross_ema50, not yet time (every 5m)
2025-05-07 22:03:00 - DEBUG - [_process_strategies] [N/A] ⏱ Skipping SMA_Cross_sma50, not yet time (every 5m)
2025-05-07 22:03:00 - DEBUG - [_process_strategies] [N/A] ⏱ Skipping SMA_Cross_candle, not yet time (every 5m)
2025-05-07 22:03:00 - DEBUG - [_process_strategies] [N/A] ⏱ Skipping EMA_Cross_candle, not yet time (every 5m)
2025-05-07 22:03:00 - INFO - [_update_active_orders_and_telegram] [N/A] 📊 Updating SL/TP for active orders
2025-05-07 22:03:01 - INFO - [_wait_until_next_iteration] [N/A] ⏳ Sleeping for 58.95 seconds before the next cycle
2025-05-07 22:04:00 - DEBUG - [_process_strategies] [N/A] ⏱ Skipping VWAP_diff_signal_rsi_1700, not yet time (every 5m)
2025-05-07 22:04:00 - DEBUG - [_process_strategies] [N/A] ⏱ Skipping VWAP_diff_signal_1700_volume, not yet time (every 5m)
2025-05-07 22:04:00 - DEBUG - [_process_strategies] [N/A] ⏱ Skipping VWAP_diff_signal_1700, not yet time (every 5m)
2025-05-07 22:04:00 - DEBUG - [_process_strategies] [N/A] ⏱ Skipping EMA_Cross_ema50, not yet time (every 5m)
2025-05-07 22:04:00 - DEBUG - [_process_strategies] [N/A] ⏱ Skipping SMA_Cross_sma50, not yet time (every 5m)
2025-05-07 22:04:00 - DEBUG - [_process_strategies] [N/A] ⏱ Skipping SMA_Cross_candle, not yet time (every 5m)
2025-05-07 22:04:00 - DEBUG - [_process_strategies] [N/A] ⏱ Skipping EMA_Cross_candle, not yet time (every 5m)
2025-05-07 22:04:00 - INFO - [_update_active_orders_and_telegram] [N/A] 📊 Updating SL/TP for active orders
2025-05-07 22:04:01 - INFO - [_wait_until_next_iteration] [N/A] ⏳ Sleeping for 58.93 seconds before the next cycle
2025-05-07 22:05:00 - INFO - [_run_strategy_if_applicable] [N/A] ⏰ Strategy 'VWAP_diff_signal_rsi_1700' not executed because it's outside the time window: 17:30:00 - 19:00:00
2025-05-07 22:05:00 - INFO - [_run_strategy_if_applicable] [N/A] ⏰ Strategy 'VWAP_diff_signal_1700_volume' not executed because it's outside the time window: 17:30:00 - 19:00:00
2025-05-07 22:05:00 - INFO - [_run_strategy_if_applicable] [N/A] ⏰ Strategy 'VWAP_diff_signal_1700' not executed because it's outside the time window: 17:30:00 - 19:00:00
2025-05-07 22:05:00 - INFO - [_run_strategy_if_applicable] [N/A] ⏰ Strategy 'EMA_Cross_ema50' not executed because it's outside the time window: 16:35:00 - 16:50:00
2025-05-07 22:05:00 - INFO - [_run_strategy_if_applicable] [N/A] ⏰ Strategy 'SMA_Cross_sma50' not executed because it's outside the time window: 16:35:00 - 16:50:00
2025-05-07 22:05:00 - INFO - [_run_strategy_if_applicable] [N/A] ⏰ Strategy 'SMA_Cross_candle' not executed because it's outside the time window: 16:35:00 - 16:50:00
2025-05-07 22:05:00 - INFO - [_run_strategy_if_applicable] [N/A] ⏰ Strategy 'EMA_Cross_candle' not executed because it's outside the time window: 16:35:00 - 16:50:00
2025-05-07 22:05:00 - INFO - [_update_active_orders_and_telegram] [N/A] 📊 Updating SL/TP for active orders
2025-05-07 22:05:01 - INFO - [_wait_until_next_iteration] [N/A] ⏳ Sleeping for 58.93 seconds before the next cycle
2025-05-07 22:06:00 - DEBUG - [_process_strategies] [N/A] ⏱ Skipping VWAP_diff_signal_rsi_1700, not yet time (every 5m)
2025-05-07 22:06:00 - DEBUG - [_process_strategies] [N/A] ⏱ Skipping VWAP_diff_signal_1700_volume, not yet time (every 5m)
2025-05-07 22:06:00 - DEBUG - [_process_strategies] [N/A] ⏱ Skipping VWAP_diff_signal_1700, not yet time (every 5m)
2025-05-07 22:06:00 - DEBUG - [_process_strategies] [N/A] ⏱ Skipping EMA_Cross_ema50, not yet time (every 5m)
2025-05-07 22:06:00 - DEBUG - [_process_strategies] [N/A] ⏱ Skipping SMA_Cross_sma50, not yet time (every 5m)
2025-05-07 22:06:00 - DEBUG - [_process_strategies] [N/A] ⏱ Skipping SMA_Cross_candle, not yet time (every 5m)
2025-05-07 22:06:00 - DEBUG - [_process_strategies] [N/A] ⏱ Skipping EMA_Cross_candle, not yet time (every 5m)
2025-05-07 22:06:00 - INFO - [_update_active_orders_and_telegram] [N/A] 📊 Updating SL/TP for active orders
2025-05-07 22:06:01 - INFO - [_wait_until_next_iteration] [N/A] ⏳ Sleeping for 58.93 seconds before the next cycle
2025-05-07 22:07:00 - DEBUG - [_process_strategies] [N/A] ⏱ Skipping VWAP_diff_signal_rsi_1700, not yet time (every 5m)
2025-05-07 22:07:00 - DEBUG - [_process_strategies] [N/A] ⏱ Skipping VWAP_diff_signal_1700_volume, not yet time (every 5m)
2025-05-07 22:07:00 - DEBUG - [_process_strategies] [N/A] ⏱ Skipping VWAP_diff_signal_1700, not yet time (every 5m)
2025-05-07 22:07:00 - DEBUG - [_process_strategies] [N/A] ⏱ Skipping EMA_Cross_ema50, not yet time (every 5m)
2025-05-07 22:07:00 - DEBUG - [_process_strategies] [N/A] ⏱ Skipping SMA_Cross_sma50, not yet time (every 5m)
2025-05-07 22:07:00 - DEBUG - [_process_strategies] [N/A] ⏱ Skipping SMA_Cross_candle, not yet time (every 5m)
2025-05-07 22:07:00 - DEBUG - [_process_strategies] [N/A] ⏱ Skipping EMA_Cross_candle, not yet time (every 5m)
2025-05-07 22:07:00 - INFO - [_update_active_orders_and_telegram] [N/A] 📊 Updating SL/TP for active orders
2025-05-07 22:07:01 - INFO - [_wait_until_next_iteration] [N/A] ⏳ Sleeping for 58.93 seconds before the next cycle
2025-05-07 22:08:00 - DEBUG - [_process_strategies] [N/A] ⏱ Skipping VWAP_diff_signal_rsi_1700, not yet time (every 5m)
2025-05-07 22:08:00 - DEBUG - [_process_strategies] [N/A] ⏱ Skipping VWAP_diff_signal_1700_volume, not yet time (every 5m)
2025-05-07 22:08:00 - DEBUG - [_process_strategies] [N/A] ⏱ Skipping VWAP_diff_signal_1700, not yet time (every 5m)
2025-05-07 22:08:00 - DEBUG - [_process_strategies] [N/A] ⏱ Skipping EMA_Cross_ema50, not yet time (every 5m)
2025-05-07 22:08:00 - DEBUG - [_process_strategies] [N/A] ⏱ Skipping SMA_Cross_sma50, not yet time (every 5m)
2025-05-07 22:08:00 - DEBUG - [_process_strategies] [N/A] ⏱ Skipping SMA_Cross_candle, not yet time (every 5m)
2025-05-07 22:08:00 - DEBUG - [_process_strategies] [N/A] ⏱ Skipping EMA_Cross_candle, not yet time (every 5m)
2025-05-07 22:08:00 - INFO - [_update_active_orders_and_telegram] [N/A] 📊 Updating SL/TP for active orders
2025-05-07 22:08:01 - INFO - [_wait_until_next_iteration] [N/A] ⏳ Sleeping for 58.93 seconds before the next cycle
2025-05-07 22:09:00 - DEBUG - [_process_strategies] [N/A] ⏱ Skipping VWAP_diff_signal_rsi_1700, not yet time (every 5m)
2025-05-07 22:09:00 - DEBUG - [_process_strategies] [N/A] ⏱ Skipping VWAP_diff_signal_1700_volume, not yet time (every 5m)
2025-05-07 22:09:00 - DEBUG - [_process_strategies] [N/A] ⏱ Skipping VWAP_diff_signal_1700, not yet time (every 5m)
2025-05-07 22:09:00 - DEBUG - [_process_strategies] [N/A] ⏱ Skipping EMA_Cross_ema50, not yet time (every 5m)
2025-05-07 22:09:00 - DEBUG - [_process_strategies] [N/A] ⏱ Skipping SMA_Cross_sma50, not yet time (every 5m)
2025-05-07 22:09:00 - DEBUG - [_process_strategies] [N/A] ⏱ Skipping SMA_Cross_candle, not yet time (every 5m)
2025-05-07 22:09:00 - DEBUG - [_process_strategies] [N/A] ⏱ Skipping EMA_Cross_candle, not yet time (every 5m)
2025-05-07 22:09:00 - INFO - [_update_active_orders_and_telegram] [N/A] 📊 Updating SL/TP for active orders
2025-05-07 22:09:01 - INFO - [_wait_until_next_iteration] [N/A] ⏳ Sleeping for 58.94 seconds before the next cycle
2025-05-07 22:10:00 - INFO - [_run_strategy_if_applicable] [N/A] ⏰ Strategy 'VWAP_diff_signal_rsi_1700' not executed because it's outside the time window: 17:30:00 - 19:00:00
2025-05-07 22:10:00 - INFO - [_run_strategy_if_applicable] [N/A] ⏰ Strategy 'VWAP_diff_signal_1700_volume' not executed because it's outside the time window: 17:30:00 - 19:00:00
2025-05-07 22:10:00 - INFO - [_run_strategy_if_applicable] [N/A] ⏰ Strategy 'VWAP_diff_signal_1700' not executed because it's outside the time window: 17:30:00 - 19:00:00
2025-05-07 22:10:00 - INFO - [_run_strategy_if_applicable] [N/A] ⏰ Strategy 'EMA_Cross_ema50' not executed because it's outside the time window: 16:35:00 - 16:50:00
2025-05-07 22:10:00 - INFO - [_run_strategy_if_applicable] [N/A] ⏰ Strategy 'SMA_Cross_sma50' not executed because it's outside the time window: 16:35:00 - 16:50:00
2025-05-07 22:10:00 - INFO - [_run_strategy_if_applicable] [N/A] ⏰ Strategy 'SMA_Cross_candle' not executed because it's outside the time window: 16:35:00 - 16:50:00
2025-05-07 22:10:00 - INFO - [_run_strategy_if_applicable] [N/A] ⏰ Strategy 'EMA_Cross_candle' not executed because it's outside the time window: 16:35:00 - 16:50:00
2025-05-07 22:10:00 - INFO - [_update_active_orders_and_telegram] [N/A] 📊 Updating SL/TP for active orders
2025-05-07 22:10:01 - INFO - [_wait_until_next_iteration] [N/A] ⏳ Sleeping for 58.93 seconds before the next cycle
2025-05-07 22:11:00 - DEBUG - [_process_strategies] [N/A] ⏱ Skipping VWAP_diff_signal_rsi_1700, not yet time (every 5m)
2025-05-07 22:11:00 - DEBUG - [_process_strategies] [N/A] ⏱ Skipping VWAP_diff_signal_1700_volume, not yet time (every 5m)
2025-05-07 22:11:00 - DEBUG - [_process_strategies] [N/A] ⏱ Skipping VWAP_diff_signal_1700, not yet time (every 5m)
2025-05-07 22:11:00 - DEBUG - [_process_strategies] [N/A] ⏱ Skipping EMA_Cross_ema50, not yet time (every 5m)
2025-05-07 22:11:00 - DEBUG - [_process_strategies] [N/A] ⏱ Skipping SMA_Cross_sma50, not yet time (every 5m)
2025-05-07 22:11:00 - DEBUG - [_process_strategies] [N/A] ⏱ Skipping SMA_Cross_candle, not yet time (every 5m)
2025-05-07 22:11:00 - DEBUG - [_process_strategies] [N/A] ⏱ Skipping EMA_Cross_candle, not yet time (every 5m)
2025-05-07 22:11:00 - INFO - [_update_active_orders_and_telegram] [N/A] 📊 Updating SL/TP for active orders
2025-05-07 22:11:01 - INFO - [_wait_until_next_iteration] [N/A] ⏳ Sleeping for 58.93 seconds before the next cycle
2025-05-07 22:12:00 - DEBUG - [_process_strategies] [N/A] ⏱ Skipping VWAP_diff_signal_rsi_1700, not yet time (every 5m)
2025-05-07 22:12:00 - DEBUG - [_process_strategies] [N/A] ⏱ Skipping VWAP_diff_signal_1700_volume, not yet time (every 5m)
2025-05-07 22:12:00 - DEBUG - [_process_strategies] [N/A] ⏱ Skipping VWAP_diff_signal_1700, not yet time (every 5m)
2025-05-07 22:12:00 - DEBUG - [_process_strategies] [N/A] ⏱ Skipping EMA_Cross_ema50, not yet time (every 5m)
2025-05-07 22:12:00 - DEBUG - [_process_strategies] [N/A] ⏱ Skipping SMA_Cross_sma50, not yet time (every 5m)
2025-05-07 22:12:00 - DEBUG - [_process_strategies] [N/A] ⏱ Skipping SMA_Cross_candle, not yet time (every 5m)
2025-05-07 22:12:00 - DEBUG - [_process_strategies] [N/A] ⏱ Skipping EMA_Cross_candle, not yet time (every 5m)
2025-05-07 22:12:00 - INFO - [_update_active_orders_and_telegram] [N/A] 📊 Updating SL/TP for active orders
2025-05-07 22:12:01 - INFO - [_wait_until_next_iteration] [N/A] ⏳ Sleeping for 58.95 seconds before the next cycle
2025-05-07 22:13:00 - DEBUG - [_process_strategies] [N/A] ⏱ Skipping VWAP_diff_signal_rsi_1700, not yet time (every 5m)
2025-05-07 22:13:00 - DEBUG - [_process_strategies] [N/A] ⏱ Skipping VWAP_diff_signal_1700_volume, not yet time (every 5m)
2025-05-07 22:13:00 - DEBUG - [_process_strategies] [N/A] ⏱ Skipping VWAP_diff_signal_1700, not yet time (every 5m)
2025-05-07 22:13:00 - DEBUG - [_process_strategies] [N/A] ⏱ Skipping EMA_Cross_ema50, not yet time (every 5m)
2025-05-07 22:13:00 - DEBUG - [_process_strategies] [N/A] ⏱ Skipping SMA_Cross_sma50, not yet time (every 5m)
2025-05-07 22:13:00 - DEBUG - [_process_strategies] [N/A] ⏱ Skipping SMA_Cross_candle, not yet time (every 5m)
2025-05-07 22:13:00 - DEBUG - [_process_strategies] [N/A] ⏱ Skipping EMA_Cross_candle, not yet time (every 5m)
2025-05-07 22:13:00 - INFO - [_update_active_orders_and_telegram] [N/A] 📊 Updating SL/TP for active orders
2025-05-07 22:13:01 - INFO - [_wait_until_next_iteration] [N/A] ⏳ Sleeping for 58.95 seconds before the next cycle
2025-05-07 22:14:00 - DEBUG - [_process_strategies] [N/A] ⏱ Skipping VWAP_diff_signal_rsi_1700, not yet time (every 5m)
2025-05-07 22:14:00 - DEBUG - [_process_strategies] [N/A] ⏱ Skipping VWAP_diff_signal_1700_volume, not yet time (every 5m)
2025-05-07 22:14:00 - DEBUG - [_process_strategies] [N/A] ⏱ Skipping VWAP_diff_signal_1700, not yet time (every 5m)
2025-05-07 22:14:00 - DEBUG - [_process_strategies] [N/A] ⏱ Skipping EMA_Cross_ema50, not yet time (every 5m)
2025-05-07 22:14:00 - DEBUG - [_process_strategies] [N/A] ⏱ Skipping SMA_Cross_sma50, not yet time (every 5m)
2025-05-07 22:14:00 - DEBUG - [_process_strategies] [N/A] ⏱ Skipping SMA_Cross_candle, not yet time (every 5m)
2025-05-07 22:14:00 - DEBUG - [_process_strategies] [N/A] ⏱ Skipping EMA_Cross_candle, not yet time (every 5m)
2025-05-07 22:14:00 - INFO - [_update_active_orders_and_telegram] [N/A] 📊 Updating SL/TP for active orders
2025-05-07 22:14:01 - INFO - [_wait_until_next_iteration] [N/A] ⏳ Sleeping for 58.94 seconds before the next cycle
2025-05-07 22:15:00 - INFO - [_run_strategy_if_applicable] [N/A] ⏰ Strategy 'VWAP_diff_signal_rsi_1700' not executed because it's outside the time window: 17:30:00 - 19:00:00
2025-05-07 22:15:00 - INFO - [_run_strategy_if_applicable] [N/A] ⏰ Strategy 'VWAP_diff_signal_1700_volume' not executed because it's outside the time window: 17:30:00 - 19:00:00
2025-05-07 22:15:00 - INFO - [_run_strategy_if_applicable] [N/A] ⏰ Strategy 'VWAP_diff_signal_1700' not executed because it's outside the time window: 17:30:00 - 19:00:00
2025-05-07 22:15:00 - INFO - [_run_strategy_if_applicable] [N/A] ⏰ Strategy 'EMA_Cross_ema50' not executed because it's outside the time window: 16:35:00 - 16:50:00
2025-05-07 22:15:00 - INFO - [_run_strategy_if_applicable] [N/A] ⏰ Strategy 'SMA_Cross_sma50' not executed because it's outside the time window: 16:35:00 - 16:50:00
2025-05-07 22:15:00 - INFO - [_run_strategy_if_applicable] [N/A] ⏰ Strategy 'SMA_Cross_candle' not executed because it's outside the time window: 16:35:00 - 16:50:00
2025-05-07 22:15:00 - INFO - [_run_strategy_if_applicable] [N/A] ⏰ Strategy 'EMA_Cross_candle' not executed because it's outside the time window: 16:35:00 - 16:50:00
2025-05-07 22:15:00 - INFO - [_update_active_orders_and_telegram] [N/A] 📊 Updating SL/TP for active orders
2025-05-07 22:15:01 - INFO - [_wait_until_next_iteration] [N/A] ⏳ Sleeping for 58.94 seconds before the next cycle
2025-05-07 22:16:00 - DEBUG - [_process_strategies] [N/A] ⏱ Skipping VWAP_diff_signal_rsi_1700, not yet time (every 5m)
2025-05-07 22:16:00 - DEBUG - [_process_strategies] [N/A] ⏱ Skipping VWAP_diff_signal_1700_volume, not yet time (every 5m)
2025-05-07 22:16:00 - DEBUG - [_process_strategies] [N/A] ⏱ Skipping VWAP_diff_signal_1700, not yet time (every 5m)
2025-05-07 22:16:00 - DEBUG - [_process_strategies] [N/A] ⏱ Skipping EMA_Cross_ema50, not yet time (every 5m)
2025-05-07 22:16:00 - DEBUG - [_process_strategies] [N/A] ⏱ Skipping SMA_Cross_sma50, not yet time (every 5m)
2025-05-07 22:16:00 - DEBUG - [_process_strategies] [N/A] ⏱ Skipping SMA_Cross_candle, not yet time (every 5m)
2025-05-07 22:16:00 - DEBUG - [_process_strategies] [N/A] ⏱ Skipping EMA_Cross_candle, not yet time (every 5m)
2025-05-07 22:16:00 - INFO - [_update_active_orders_and_telegram] [N/A] 📊 Updating SL/TP for active orders
2025-05-07 22:16:01 - INFO - [_wait_until_next_iteration] [N/A] ⏳ Sleeping for 58.93 seconds before the next cycle
2025-05-07 22:17:00 - DEBUG - [_process_strategies] [N/A] ⏱ Skipping VWAP_diff_signal_rsi_1700, not yet time (every 5m)
2025-05-07 22:17:00 - DEBUG - [_process_strategies] [N/A] ⏱ Skipping VWAP_diff_signal_1700_volume, not yet time (every 5m)
2025-05-07 22:17:00 - DEBUG - [_process_strategies] [N/A] ⏱ Skipping VWAP_diff_signal_1700, not yet time (every 5m)
2025-05-07 22:17:00 - DEBUG - [_process_strategies] [N/A] ⏱ Skipping EMA_Cross_ema50, not yet time (every 5m)
2025-05-07 22:17:00 - DEBUG - [_process_strategies] [N/A] ⏱ Skipping SMA_Cross_sma50, not yet time (every 5m)
2025-05-07 22:17:00 - DEBUG - [_process_strategies] [N/A] ⏱ Skipping SMA_Cross_candle, not yet time (every 5m)
2025-05-07 22:17:00 - DEBUG - [_process_strategies] [N/A] ⏱ Skipping EMA_Cross_candle, not yet time (every 5m)
2025-05-07 22:17:00 - INFO - [_update_active_orders_and_telegram] [N/A] 📊 Updating SL/TP for active orders
2025-05-07 22:17:01 - INFO - [_wait_until_next_iteration] [N/A] ⏳ Sleeping for 58.93 seconds before the next cycle
2025-05-07 22:18:00 - DEBUG - [_process_strategies] [N/A] ⏱ Skipping VWAP_diff_signal_rsi_1700, not yet time (every 5m)
2025-05-07 22:18:00 - DEBUG - [_process_strategies] [N/A] ⏱ Skipping VWAP_diff_signal_1700_volume, not yet time (every 5m)
2025-05-07 22:18:00 - DEBUG - [_process_strategies] [N/A] ⏱ Skipping VWAP_diff_signal_1700, not yet time (every 5m)
2025-05-07 22:18:00 - DEBUG - [_process_strategies] [N/A] ⏱ Skipping EMA_Cross_ema50, not yet time (every 5m)
2025-05-07 22:18:00 - DEBUG - [_process_strategies] [N/A] ⏱ Skipping SMA_Cross_sma50, not yet time (every 5m)
2025-05-07 22:18:00 - DEBUG - [_process_strategies] [N/A] ⏱ Skipping SMA_Cross_candle, not yet time (every 5m)
2025-05-07 22:18:00 - DEBUG - [_process_strategies] [N/A] ⏱ Skipping EMA_Cross_candle, not yet time (every 5m)
2025-05-07 22:18:00 - INFO - [_update_active_orders_and_telegram] [N/A] 📊 Updating SL/TP for active orders
2025-05-07 22:18:01 - INFO - [_wait_until_next_iteration] [N/A] ⏳ Sleeping for 58.93 seconds before the next cycle
2025-05-07 22:19:00 - DEBUG - [_process_strategies] [N/A] ⏱ Skipping VWAP_diff_signal_rsi_1700, not yet time (every 5m)
2025-05-07 22:19:00 - DEBUG - [_process_strategies] [N/A] ⏱ Skipping VWAP_diff_signal_1700_volume, not yet time (every 5m)
2025-05-07 22:19:00 - DEBUG - [_process_strategies] [N/A] ⏱ Skipping VWAP_diff_signal_1700, not yet time (every 5m)
2025-05-07 22:19:00 - DEBUG - [_process_strategies] [N/A] ⏱ Skipping EMA_Cross_ema50, not yet time (every 5m)
2025-05-07 22:19:00 - DEBUG - [_process_strategies] [N/A] ⏱ Skipping SMA_Cross_sma50, not yet time (every 5m)
2025-05-07 22:19:00 - DEBUG - [_process_strategies] [N/A] ⏱ Skipping SMA_Cross_candle, not yet time (every 5m)
2025-05-07 22:19:00 - DEBUG - [_process_strategies] [N/A] ⏱ Skipping EMA_Cross_candle, not yet time (every 5m)
2025-05-07 22:19:00 - INFO - [_update_active_orders_and_telegram] [N/A] 📊 Updating SL/TP for active orders
2025-05-07 22:19:01 - INFO - [_wait_until_next_iteration] [N/A] ⏳ Sleeping for 58.93 seconds before the next cycle
2025-05-07 22:20:00 - INFO - [_run_strategy_if_applicable] [N/A] ⏰ Strategy 'VWAP_diff_signal_rsi_1700' not executed because it's outside the time window: 17:30:00 - 19:00:00
2025-05-07 22:20:00 - INFO - [_run_strategy_if_applicable] [N/A] ⏰ Strategy 'VWAP_diff_signal_1700_volume' not executed because it's outside the time window: 17:30:00 - 19:00:00
2025-05-07 22:20:00 - INFO - [_run_strategy_if_applicable] [N/A] ⏰ Strategy 'VWAP_diff_signal_1700' not executed because it's outside the time window: 17:30:00 - 19:00:00
2025-05-07 22:20:00 - INFO - [_run_strategy_if_applicable] [N/A] ⏰ Strategy 'EMA_Cross_ema50' not executed because it's outside the time window: 16:35:00 - 16:50:00
2025-05-07 22:20:00 - INFO - [_run_strategy_if_applicable] [N/A] ⏰ Strategy 'SMA_Cross_sma50' not executed because it's outside the time window: 16:35:00 - 16:50:00
2025-05-07 22:20:00 - INFO - [_run_strategy_if_applicable] [N/A] ⏰ Strategy 'SMA_Cross_candle' not executed because it's outside the time window: 16:35:00 - 16:50:00
2025-05-07 22:20:00 - INFO - [_run_strategy_if_applicable] [N/A] ⏰ Strategy 'EMA_Cross_candle' not executed because it's outside the time window: 16:35:00 - 16:50:00
2025-05-07 22:20:00 - INFO - [_update_active_orders_and_telegram] [N/A] 📊 Updating SL/TP for active orders
2025-05-07 22:20:01 - INFO - [_wait_until_next_iteration] [N/A] ⏳ Sleeping for 58.93 seconds before the next cycle
2025-05-07 22:21:00 - DEBUG - [_process_strategies] [N/A] ⏱ Skipping VWAP_diff_signal_rsi_1700, not yet time (every 5m)
2025-05-07 22:21:00 - DEBUG - [_process_strategies] [N/A] ⏱ Skipping VWAP_diff_signal_1700_volume, not yet time (every 5m)
2025-05-07 22:21:00 - DEBUG - [_process_strategies] [N/A] ⏱ Skipping VWAP_diff_signal_1700, not yet time (every 5m)
2025-05-07 22:21:00 - DEBUG - [_process_strategies] [N/A] ⏱ Skipping EMA_Cross_ema50, not yet time (every 5m)
2025-05-07 22:21:00 - DEBUG - [_process_strategies] [N/A] ⏱ Skipping SMA_Cross_sma50, not yet time (every 5m)
2025-05-07 22:21:00 - DEBUG - [_process_strategies] [N/A] ⏱ Skipping SMA_Cross_candle, not yet time (every 5m)
2025-05-07 22:21:00 - DEBUG - [_process_strategies] [N/A] ⏱ Skipping EMA_Cross_candle, not yet time (every 5m)
2025-05-07 22:21:00 - INFO - [_update_active_orders_and_telegram] [N/A] 📊 Updating SL/TP for active orders
2025-05-07 22:21:01 - INFO - [_wait_until_next_iteration] [N/A] ⏳ Sleeping for 58.94 seconds before the next cycle
2025-05-07 22:22:00 - DEBUG - [_process_strategies] [N/A] ⏱ Skipping VWAP_diff_signal_rsi_1700, not yet time (every 5m)
2025-05-07 22:22:00 - DEBUG - [_process_strategies] [N/A] ⏱ Skipping VWAP_diff_signal_1700_volume, not yet time (every 5m)
2025-05-07 22:22:00 - DEBUG - [_process_strategies] [N/A] ⏱ Skipping VWAP_diff_signal_1700, not yet time (every 5m)
2025-05-07 22:22:00 - DEBUG - [_process_strategies] [N/A] ⏱ Skipping EMA_Cross_ema50, not yet time (every 5m)
2025-05-07 22:22:00 - DEBUG - [_process_strategies] [N/A] ⏱ Skipping SMA_Cross_sma50, not yet time (every 5m)
2025-05-07 22:22:00 - DEBUG - [_process_strategies] [N/A] ⏱ Skipping SMA_Cross_candle, not yet time (every 5m)
2025-05-07 22:22:00 - DEBUG - [_process_strategies] [N/A] ⏱ Skipping EMA_Cross_candle, not yet time (every 5m)
2025-05-07 22:22:00 - INFO - [_update_active_orders_and_telegram] [N/A] 📊 Updating SL/TP for active orders
2025-05-07 22:22:01 - INFO - [_wait_until_next_iteration] [N/A] ⏳ Sleeping for 58.93 seconds before the next cycle
2025-05-07 22:23:00 - DEBUG - [_process_strategies] [N/A] ⏱ Skipping VWAP_diff_signal_rsi_1700, not yet time (every 5m)
2025-05-07 22:23:00 - DEBUG - [_process_strategies] [N/A] ⏱ Skipping VWAP_diff_signal_1700_volume, not yet time (every 5m)
2025-05-07 22:23:00 - DEBUG - [_process_strategies] [N/A] ⏱ Skipping VWAP_diff_signal_1700, not yet time (every 5m)
2025-05-07 22:23:00 - DEBUG - [_process_strategies] [N/A] ⏱ Skipping EMA_Cross_ema50, not yet time (every 5m)
2025-05-07 22:23:00 - DEBUG - [_process_strategies] [N/A] ⏱ Skipping SMA_Cross_sma50, not yet time (every 5m)
2025-05-07 22:23:00 - DEBUG - [_process_strategies] [N/A] ⏱ Skipping SMA_Cross_candle, not yet time (every 5m)
2025-05-07 22:23:00 - DEBUG - [_process_strategies] [N/A] ⏱ Skipping EMA_Cross_candle, not yet time (every 5m)
2025-05-07 22:23:00 - INFO - [_update_active_orders_and_telegram] [N/A] 📊 Updating SL/TP for active orders
2025-05-07 22:23:01 - INFO - [_wait_until_next_iteration] [N/A] ⏳ Sleeping for 58.93 seconds before the next cycle
2025-05-07 22:24:00 - DEBUG - [_process_strategies] [N/A] ⏱ Skipping VWAP_diff_signal_rsi_1700, not yet time (every 5m)
2025-05-07 22:24:00 - DEBUG - [_process_strategies] [N/A] ⏱ Skipping VWAP_diff_signal_1700_volume, not yet time (every 5m)
2025-05-07 22:24:00 - DEBUG - [_process_strategies] [N/A] ⏱ Skipping VWAP_diff_signal_1700, not yet time (every 5m)
2025-05-07 22:24:00 - DEBUG - [_process_strategies] [N/A] ⏱ Skipping EMA_Cross_ema50, not yet time (every 5m)
2025-05-07 22:24:00 - DEBUG - [_process_strategies] [N/A] ⏱ Skipping SMA_Cross_sma50, not yet time (every 5m)
2025-05-07 22:24:00 - DEBUG - [_process_strategies] [N/A] ⏱ Skipping SMA_Cross_candle, not yet time (every 5m)
2025-05-07 22:24:00 - DEBUG - [_process_strategies] [N/A] ⏱ Skipping EMA_Cross_candle, not yet time (every 5m)
2025-05-07 22:24:00 - INFO - [_update_active_orders_and_telegram] [N/A] 📊 Updating SL/TP for active orders
2025-05-07 22:24:01 - INFO - [_wait_until_next_iteration] [N/A] ⏳ Sleeping for 58.94 seconds before the next cycle
2025-05-07 22:25:00 - INFO - [_run_strategy_if_applicable] [N/A] ⏰ Strategy 'VWAP_diff_signal_rsi_1700' not executed because it's outside the time window: 17:30:00 - 19:00:00
2025-05-07 22:25:00 - INFO - [_run_strategy_if_applicable] [N/A] ⏰ Strategy 'VWAP_diff_signal_1700_volume' not executed because it's outside the time window: 17:30:00 - 19:00:00
2025-05-07 22:25:00 - INFO - [_run_strategy_if_applicable] [N/A] ⏰ Strategy 'VWAP_diff_signal_1700' not executed because it's outside the time window: 17:30:00 - 19:00:00
2025-05-07 22:25:00 - INFO - [_run_strategy_if_applicable] [N/A] ⏰ Strategy 'EMA_Cross_ema50' not executed because it's outside the time window: 16:35:00 - 16:50:00
2025-05-07 22:25:00 - INFO - [_run_strategy_if_applicable] [N/A] ⏰ Strategy 'SMA_Cross_sma50' not executed because it's outside the time window: 16:35:00 - 16:50:00
2025-05-07 22:25:00 - INFO - [_run_strategy_if_applicable] [N/A] ⏰ Strategy 'SMA_Cross_candle' not executed because it's outside the time window: 16:35:00 - 16:50:00
2025-05-07 22:25:00 - INFO - [_run_strategy_if_applicable] [N/A] ⏰ Strategy 'EMA_Cross_candle' not executed because it's outside the time window: 16:35:00 - 16:50:00
2025-05-07 22:25:00 - INFO - [_update_active_orders_and_telegram] [N/A] 📊 Updating SL/TP for active orders
2025-05-07 22:25:01 - INFO - [_wait_until_next_iteration] [N/A] ⏳ Sleeping for 58.93 seconds before the next cycle
2025-05-07 22:26:00 - DEBUG - [_process_strategies] [N/A] ⏱ Skipping VWAP_diff_signal_rsi_1700, not yet time (every 5m)
2025-05-07 22:26:00 - DEBUG - [_process_strategies] [N/A] ⏱ Skipping VWAP_diff_signal_1700_volume, not yet time (every 5m)
2025-05-07 22:26:00 - DEBUG - [_process_strategies] [N/A] ⏱ Skipping VWAP_diff_signal_1700, not yet time (every 5m)
2025-05-07 22:26:00 - DEBUG - [_process_strategies] [N/A] ⏱ Skipping EMA_Cross_ema50, not yet time (every 5m)
2025-05-07 22:26:00 - DEBUG - [_process_strategies] [N/A] ⏱ Skipping SMA_Cross_sma50, not yet time (every 5m)
2025-05-07 22:26:00 - DEBUG - [_process_strategies] [N/A] ⏱ Skipping SMA_Cross_candle, not yet time (every 5m)
2025-05-07 22:26:00 - DEBUG - [_process_strategies] [N/A] ⏱ Skipping EMA_Cross_candle, not yet time (every 5m)
2025-05-07 22:26:00 - INFO - [_update_active_orders_and_telegram] [N/A] 📊 Updating SL/TP for active orders
2025-05-07 22:26:01 - INFO - [_wait_until_next_iteration] [N/A] ⏳ Sleeping for 58.93 seconds before the next cycle
2025-05-07 22:27:00 - DEBUG - [_process_strategies] [N/A] ⏱ Skipping VWAP_diff_signal_rsi_1700, not yet time (every 5m)
2025-05-07 22:27:00 - DEBUG - [_process_strategies] [N/A] ⏱ Skipping VWAP_diff_signal_1700_volume, not yet time (every 5m)
2025-05-07 22:27:00 - DEBUG - [_process_strategies] [N/A] ⏱ Skipping VWAP_diff_signal_1700, not yet time (every 5m)
2025-05-07 22:27:00 - DEBUG - [_process_strategies] [N/A] ⏱ Skipping EMA_Cross_ema50, not yet time (every 5m)
2025-05-07 22:27:00 - DEBUG - [_process_strategies] [N/A] ⏱ Skipping SMA_Cross_sma50, not yet time (every 5m)
2025-05-07 22:27:00 - DEBUG - [_process_strategies] [N/A] ⏱ Skipping SMA_Cross_candle, not yet time (every 5m)
2025-05-07 22:27:00 - DEBUG - [_process_strategies] [N/A] ⏱ Skipping EMA_Cross_candle, not yet time (every 5m)
2025-05-07 22:27:00 - INFO - [_update_active_orders_and_telegram] [N/A] 📊 Updating SL/TP for active orders
2025-05-07 22:27:01 - INFO - [_wait_until_next_iteration] [N/A] ⏳ Sleeping for 58.94 seconds before the next cycle
2025-05-07 22:28:00 - DEBUG - [_process_strategies] [N/A] ⏱ Skipping VWAP_diff_signal_rsi_1700, not yet time (every 5m)
2025-05-07 22:28:00 - DEBUG - [_process_strategies] [N/A] ⏱ Skipping VWAP_diff_signal_1700_volume, not yet time (every 5m)
2025-05-07 22:28:00 - DEBUG - [_process_strategies] [N/A] ⏱ Skipping VWAP_diff_signal_1700, not yet time (every 5m)
2025-05-07 22:28:00 - DEBUG - [_process_strategies] [N/A] ⏱ Skipping EMA_Cross_ema50, not yet time (every 5m)
2025-05-07 22:28:00 - DEBUG - [_process_strategies] [N/A] ⏱ Skipping SMA_Cross_sma50, not yet time (every 5m)
2025-05-07 22:28:00 - DEBUG - [_process_strategies] [N/A] ⏱ Skipping SMA_Cross_candle, not yet time (every 5m)
2025-05-07 22:28:00 - DEBUG - [_process_strategies] [N/A] ⏱ Skipping EMA_Cross_candle, not yet time (every 5m)
2025-05-07 22:28:00 - INFO - [_update_active_orders_and_telegram] [N/A] 📊 Updating SL/TP for active orders
2025-05-07 22:28:01 - INFO - [_wait_until_next_iteration] [N/A] ⏳ Sleeping for 58.93 seconds before the next cycle
2025-05-07 22:29:00 - DEBUG - [_process_strategies] [N/A] ⏱ Skipping VWAP_diff_signal_rsi_1700, not yet time (every 5m)
2025-05-07 22:29:00 - DEBUG - [_process_strategies] [N/A] ⏱ Skipping VWAP_diff_signal_1700_volume, not yet time (every 5m)
2025-05-07 22:29:00 - DEBUG - [_process_strategies] [N/A] ⏱ Skipping VWAP_diff_signal_1700, not yet time (every 5m)
2025-05-07 22:29:00 - DEBUG - [_process_strategies] [N/A] ⏱ Skipping EMA_Cross_ema50, not yet time (every 5m)
2025-05-07 22:29:00 - DEBUG - [_process_strategies] [N/A] ⏱ Skipping SMA_Cross_sma50, not yet time (every 5m)
2025-05-07 22:29:00 - DEBUG - [_process_strategies] [N/A] ⏱ Skipping SMA_Cross_candle, not yet time (every 5m)
2025-05-07 22:29:00 - DEBUG - [_process_strategies] [N/A] ⏱ Skipping EMA_Cross_candle, not yet time (every 5m)
2025-05-07 22:29:00 - INFO - [_update_active_orders_and_telegram] [N/A] 📊 Updating SL/TP for active orders
2025-05-07 22:29:01 - INFO - [_wait_until_next_iteration] [N/A] ⏳ Sleeping for 58.93 seconds before the next cycle
2025-05-07 22:30:00 - INFO - [_run_strategy_if_applicable] [N/A] ⏰ Strategy 'VWAP_diff_signal_rsi_1700' not executed because it's outside the time window: 17:30:00 - 19:00:00
2025-05-07 22:30:00 - INFO - [_run_strategy_if_applicable] [N/A] ⏰ Strategy 'VWAP_diff_signal_1700_volume' not executed because it's outside the time window: 17:30:00 - 19:00:00
2025-05-07 22:30:00 - INFO - [_run_strategy_if_applicable] [N/A] ⏰ Strategy 'VWAP_diff_signal_1700' not executed because it's outside the time window: 17:30:00 - 19:00:00
2025-05-07 22:30:00 - INFO - [_run_strategy_if_applicable] [N/A] ⏰ Strategy 'EMA_Cross_ema50' not executed because it's outside the time window: 16:35:00 - 16:50:00
2025-05-07 22:30:00 - INFO - [_run_strategy_if_applicable] [N/A] ⏰ Strategy 'SMA_Cross_sma50' not executed because it's outside the time window: 16:35:00 - 16:50:00
2025-05-07 22:30:00 - INFO - [_run_strategy_if_applicable] [N/A] ⏰ Strategy 'SMA_Cross_candle' not executed because it's outside the time window: 16:35:00 - 16:50:00
2025-05-07 22:30:00 - INFO - [_run_strategy_if_applicable] [N/A] ⏰ Strategy 'EMA_Cross_candle' not executed because it's outside the time window: 16:35:00 - 16:50:00
2025-05-07 22:30:00 - INFO - [_update_active_orders_and_telegram] [N/A] 📊 Updating SL/TP for active orders
2025-05-07 22:30:01 - INFO - [_wait_until_next_iteration] [N/A] ⏳ Sleeping for 58.94 seconds before the next cycle
2025-05-07 22:31:00 - DEBUG - [_process_strategies] [N/A] ⏱ Skipping VWAP_diff_signal_rsi_1700, not yet time (every 5m)
2025-05-07 22:31:00 - DEBUG - [_process_strategies] [N/A] ⏱ Skipping VWAP_diff_signal_1700_volume, not yet time (every 5m)
2025-05-07 22:31:00 - DEBUG - [_process_strategies] [N/A] ⏱ Skipping VWAP_diff_signal_1700, not yet time (every 5m)
2025-05-07 22:31:00 - DEBUG - [_process_strategies] [N/A] ⏱ Skipping EMA_Cross_ema50, not yet time (every 5m)
2025-05-07 22:31:00 - DEBUG - [_process_strategies] [N/A] ⏱ Skipping SMA_Cross_sma50, not yet time (every 5m)
2025-05-07 22:31:00 - DEBUG - [_process_strategies] [N/A] ⏱ Skipping SMA_Cross_candle, not yet time (every 5m)
2025-05-07 22:31:00 - DEBUG - [_process_strategies] [N/A] ⏱ Skipping EMA_Cross_candle, not yet time (every 5m)
2025-05-07 22:31:00 - INFO - [_update_active_orders_and_telegram] [N/A] 📊 Updating SL/TP for active orders
2025-05-07 22:31:01 - INFO - [_wait_until_next_iteration] [N/A] ⏳ Sleeping for 58.95 seconds before the next cycle
2025-05-07 22:32:00 - DEBUG - [_process_strategies] [N/A] ⏱ Skipping VWAP_diff_signal_rsi_1700, not yet time (every 5m)
2025-05-07 22:32:00 - DEBUG - [_process_strategies] [N/A] ⏱ Skipping VWAP_diff_signal_1700_volume, not yet time (every 5m)
2025-05-07 22:32:00 - DEBUG - [_process_strategies] [N/A] ⏱ Skipping VWAP_diff_signal_1700, not yet time (every 5m)
2025-05-07 22:32:00 - DEBUG - [_process_strategies] [N/A] ⏱ Skipping EMA_Cross_ema50, not yet time (every 5m)
2025-05-07 22:32:00 - DEBUG - [_process_strategies] [N/A] ⏱ Skipping SMA_Cross_sma50, not yet time (every 5m)
2025-05-07 22:32:00 - DEBUG - [_process_strategies] [N/A] ⏱ Skipping SMA_Cross_candle, not yet time (every 5m)
2025-05-07 22:32:00 - DEBUG - [_process_strategies] [N/A] ⏱ Skipping EMA_Cross_candle, not yet time (every 5m)
2025-05-07 22:32:00 - INFO - [_update_active_orders_and_telegram] [N/A] 📊 Updating SL/TP for active orders
2025-05-07 22:32:01 - INFO - [_wait_until_next_iteration] [N/A] ⏳ Sleeping for 58.96 seconds before the next cycle
2025-05-07 22:33:00 - DEBUG - [_process_strategies] [N/A] ⏱ Skipping VWAP_diff_signal_rsi_1700, not yet time (every 5m)
2025-05-07 22:33:00 - DEBUG - [_process_strategies] [N/A] ⏱ Skipping VWAP_diff_signal_1700_volume, not yet time (every 5m)
2025-05-07 22:33:00 - DEBUG - [_process_strategies] [N/A] ⏱ Skipping VWAP_diff_signal_1700, not yet time (every 5m)
2025-05-07 22:33:00 - DEBUG - [_process_strategies] [N/A] ⏱ Skipping EMA_Cross_ema50, not yet time (every 5m)
2025-05-07 22:33:00 - DEBUG - [_process_strategies] [N/A] ⏱ Skipping SMA_Cross_sma50, not yet time (every 5m)
2025-05-07 22:33:00 - DEBUG - [_process_strategies] [N/A] ⏱ Skipping SMA_Cross_candle, not yet time (every 5m)
2025-05-07 22:33:00 - DEBUG - [_process_strategies] [N/A] ⏱ Skipping EMA_Cross_candle, not yet time (every 5m)
2025-05-07 22:33:00 - INFO - [_update_active_orders_and_telegram] [N/A] 📊 Updating SL/TP for active orders
2025-05-07 22:33:01 - INFO - [_wait_until_next_iteration] [N/A] ⏳ Sleeping for 58.93 seconds before the next cycle
2025-05-07 22:34:00 - DEBUG - [_process_strategies] [N/A] ⏱ Skipping VWAP_diff_signal_rsi_1700, not yet time (every 5m)
2025-05-07 22:34:00 - DEBUG - [_process_strategies] [N/A] ⏱ Skipping VWAP_diff_signal_1700_volume, not yet time (every 5m)
2025-05-07 22:34:00 - DEBUG - [_process_strategies] [N/A] ⏱ Skipping VWAP_diff_signal_1700, not yet time (every 5m)
2025-05-07 22:34:00 - DEBUG - [_process_strategies] [N/A] ⏱ Skipping EMA_Cross_ema50, not yet time (every 5m)
2025-05-07 22:34:00 - DEBUG - [_process_strategies] [N/A] ⏱ Skipping SMA_Cross_sma50, not yet time (every 5m)
2025-05-07 22:34:00 - DEBUG - [_process_strategies] [N/A] ⏱ Skipping SMA_Cross_candle, not yet time (every 5m)
2025-05-07 22:34:00 - DEBUG - [_process_strategies] [N/A] ⏱ Skipping EMA_Cross_candle, not yet time (every 5m)
2025-05-07 22:34:00 - INFO - [_update_active_orders_and_telegram] [N/A] 📊 Updating SL/TP for active orders
2025-05-07 22:34:01 - INFO - [_wait_until_next_iteration] [N/A] ⏳ Sleeping for 58.93 seconds before the next cycle
2025-05-07 22:35:00 - INFO - [_run_strategy_if_applicable] [N/A] ⏰ Strategy 'VWAP_diff_signal_rsi_1700' not executed because it's outside the time window: 17:30:00 - 19:00:00
2025-05-07 22:35:00 - INFO - [_run_strategy_if_applicable] [N/A] ⏰ Strategy 'VWAP_diff_signal_1700_volume' not executed because it's outside the time window: 17:30:00 - 19:00:00
2025-05-07 22:35:00 - INFO - [_run_strategy_if_applicable] [N/A] ⏰ Strategy 'VWAP_diff_signal_1700' not executed because it's outside the time window: 17:30:00 - 19:00:00
2025-05-07 22:35:00 - INFO - [_run_strategy_if_applicable] [N/A] ⏰ Strategy 'EMA_Cross_ema50' not executed because it's outside the time window: 16:35:00 - 16:50:00
2025-05-07 22:35:00 - INFO - [_run_strategy_if_applicable] [N/A] ⏰ Strategy 'SMA_Cross_sma50' not executed because it's outside the time window: 16:35:00 - 16:50:00
2025-05-07 22:35:00 - INFO - [_run_strategy_if_applicable] [N/A] ⏰ Strategy 'SMA_Cross_candle' not executed because it's outside the time window: 16:35:00 - 16:50:00
2025-05-07 22:35:00 - INFO - [_run_strategy_if_applicable] [N/A] ⏰ Strategy 'EMA_Cross_candle' not executed because it's outside the time window: 16:35:00 - 16:50:00
2025-05-07 22:35:00 - INFO - [_update_active_orders_and_telegram] [N/A] 📊 Updating SL/TP for active orders
2025-05-07 22:35:01 - INFO - [_wait_until_next_iteration] [N/A] ⏳ Sleeping for 58.93 seconds before the next cycle
2025-05-07 22:36:00 - DEBUG - [_process_strategies] [N/A] ⏱ Skipping VWAP_diff_signal_rsi_1700, not yet time (every 5m)
2025-05-07 22:36:00 - DEBUG - [_process_strategies] [N/A] ⏱ Skipping VWAP_diff_signal_1700_volume, not yet time (every 5m)
2025-05-07 22:36:00 - DEBUG - [_process_strategies] [N/A] ⏱ Skipping VWAP_diff_signal_1700, not yet time (every 5m)
2025-05-07 22:36:00 - DEBUG - [_process_strategies] [N/A] ⏱ Skipping EMA_Cross_ema50, not yet time (every 5m)
2025-05-07 22:36:00 - DEBUG - [_process_strategies] [N/A] ⏱ Skipping SMA_Cross_sma50, not yet time (every 5m)
2025-05-07 22:36:00 - DEBUG - [_process_strategies] [N/A] ⏱ Skipping SMA_Cross_candle, not yet time (every 5m)
2025-05-07 22:36:00 - DEBUG - [_process_strategies] [N/A] ⏱ Skipping EMA_Cross_candle, not yet time (every 5m)
2025-05-07 22:36:00 - INFO - [_update_active_orders_and_telegram] [N/A] 📊 Updating SL/TP for active orders
2025-05-07 22:36:01 - INFO - [_wait_until_next_iteration] [N/A] ⏳ Sleeping for 58.94 seconds before the next cycle
2025-05-07 22:37:00 - DEBUG - [_process_strategies] [N/A] ⏱ Skipping VWAP_diff_signal_rsi_1700, not yet time (every 5m)
2025-05-07 22:37:00 - DEBUG - [_process_strategies] [N/A] ⏱ Skipping VWAP_diff_signal_1700_volume, not yet time (every 5m)
2025-05-07 22:37:00 - DEBUG - [_process_strategies] [N/A] ⏱ Skipping VWAP_diff_signal_1700, not yet time (every 5m)
2025-05-07 22:37:00 - DEBUG - [_process_strategies] [N/A] ⏱ Skipping EMA_Cross_ema50, not yet time (every 5m)
2025-05-07 22:37:00 - DEBUG - [_process_strategies] [N/A] ⏱ Skipping SMA_Cross_sma50, not yet time (every 5m)
2025-05-07 22:37:00 - DEBUG - [_process_strategies] [N/A] ⏱ Skipping SMA_Cross_candle, not yet time (every 5m)
2025-05-07 22:37:00 - DEBUG - [_process_strategies] [N/A] ⏱ Skipping EMA_Cross_candle, not yet time (every 5m)
2025-05-07 22:37:00 - INFO - [_update_active_orders_and_telegram] [N/A] 📊 Updating SL/TP for active orders
2025-05-07 22:37:01 - INFO - [_wait_until_next_iteration] [N/A] ⏳ Sleeping for 58.92 seconds before the next cycle
2025-05-07 22:38:00 - DEBUG - [_process_strategies] [N/A] ⏱ Skipping VWAP_diff_signal_rsi_1700, not yet time (every 5m)
2025-05-07 22:38:00 - DEBUG - [_process_strategies] [N/A] ⏱ Skipping VWAP_diff_signal_1700_volume, not yet time (every 5m)
2025-05-07 22:38:00 - DEBUG - [_process_strategies] [N/A] ⏱ Skipping VWAP_diff_signal_1700, not yet time (every 5m)
2025-05-07 22:38:00 - DEBUG - [_process_strategies] [N/A] ⏱ Skipping EMA_Cross_ema50, not yet time (every 5m)
2025-05-07 22:38:00 - DEBUG - [_process_strategies] [N/A] ⏱ Skipping SMA_Cross_sma50, not yet time (every 5m)
2025-05-07 22:38:00 - DEBUG - [_process_strategies] [N/A] ⏱ Skipping SMA_Cross_candle, not yet time (every 5m)
2025-05-07 22:38:00 - DEBUG - [_process_strategies] [N/A] ⏱ Skipping EMA_Cross_candle, not yet time (every 5m)
2025-05-07 22:38:00 - INFO - [_update_active_orders_and_telegram] [N/A] 📊 Updating SL/TP for active orders
2025-05-07 22:38:01 - INFO - [_wait_until_next_iteration] [N/A] ⏳ Sleeping for 58.94 seconds before the next cycle
2025-05-07 22:39:00 - DEBUG - [_process_strategies] [N/A] ⏱ Skipping VWAP_diff_signal_rsi_1700, not yet time (every 5m)
2025-05-07 22:39:00 - DEBUG - [_process_strategies] [N/A] ⏱ Skipping VWAP_diff_signal_1700_volume, not yet time (every 5m)
2025-05-07 22:39:00 - DEBUG - [_process_strategies] [N/A] ⏱ Skipping VWAP_diff_signal_1700, not yet time (every 5m)
2025-05-07 22:39:00 - DEBUG - [_process_strategies] [N/A] ⏱ Skipping EMA_Cross_ema50, not yet time (every 5m)
2025-05-07 22:39:00 - DEBUG - [_process_strategies] [N/A] ⏱ Skipping SMA_Cross_sma50, not yet time (every 5m)
2025-05-07 22:39:00 - DEBUG - [_process_strategies] [N/A] ⏱ Skipping SMA_Cross_candle, not yet time (every 5m)
2025-05-07 22:39:00 - DEBUG - [_process_strategies] [N/A] ⏱ Skipping EMA_Cross_candle, not yet time (every 5m)
2025-05-07 22:39:00 - INFO - [_update_active_orders_and_telegram] [N/A] 📊 Updating SL/TP for active orders
2025-05-07 22:39:01 - INFO - [_wait_until_next_iteration] [N/A] ⏳ Sleeping for 58.93 seconds before the next cycle
2025-05-07 22:40:00 - INFO - [_run_strategy_if_applicable] [N/A] ⏰ Strategy 'VWAP_diff_signal_rsi_1700' not executed because it's outside the time window: 17:30:00 - 19:00:00
2025-05-07 22:40:00 - INFO - [_run_strategy_if_applicable] [N/A] ⏰ Strategy 'VWAP_diff_signal_1700_volume' not executed because it's outside the time window: 17:30:00 - 19:00:00
2025-05-07 22:40:00 - INFO - [_run_strategy_if_applicable] [N/A] ⏰ Strategy 'VWAP_diff_signal_1700' not executed because it's outside the time window: 17:30:00 - 19:00:00
2025-05-07 22:40:00 - INFO - [_run_strategy_if_applicable] [N/A] ⏰ Strategy 'EMA_Cross_ema50' not executed because it's outside the time window: 16:35:00 - 16:50:00
2025-05-07 22:40:00 - INFO - [_run_strategy_if_applicable] [N/A] ⏰ Strategy 'SMA_Cross_sma50' not executed because it's outside the time window: 16:35:00 - 16:50:00
2025-05-07 22:40:00 - INFO - [_run_strategy_if_applicable] [N/A] ⏰ Strategy 'SMA_Cross_candle' not executed because it's outside the time window: 16:35:00 - 16:50:00
2025-05-07 22:40:00 - INFO - [_run_strategy_if_applicable] [N/A] ⏰ Strategy 'EMA_Cross_candle' not executed because it's outside the time window: 16:35:00 - 16:50:00
2025-05-07 22:40:00 - INFO - [_update_active_orders_and_telegram] [N/A] 📊 Updating SL/TP for active orders
2025-05-07 22:40:01 - INFO - [_wait_until_next_iteration] [N/A] ⏳ Sleeping for 58.94 seconds before the next cycle
2025-05-07 22:41:00 - DEBUG - [_process_strategies] [N/A] ⏱ Skipping VWAP_diff_signal_rsi_1700, not yet time (every 5m)
2025-05-07 22:41:00 - DEBUG - [_process_strategies] [N/A] ⏱ Skipping VWAP_diff_signal_1700_volume, not yet time (every 5m)
2025-05-07 22:41:00 - DEBUG - [_process_strategies] [N/A] ⏱ Skipping VWAP_diff_signal_1700, not yet time (every 5m)
2025-05-07 22:41:00 - DEBUG - [_process_strategies] [N/A] ⏱ Skipping EMA_Cross_ema50, not yet time (every 5m)
2025-05-07 22:41:00 - DEBUG - [_process_strategies] [N/A] ⏱ Skipping SMA_Cross_sma50, not yet time (every 5m)
2025-05-07 22:41:00 - DEBUG - [_process_strategies] [N/A] ⏱ Skipping SMA_Cross_candle, not yet time (every 5m)
2025-05-07 22:41:00 - DEBUG - [_process_strategies] [N/A] ⏱ Skipping EMA_Cross_candle, not yet time (every 5m)
2025-05-07 22:41:00 - INFO - [_update_active_orders_and_telegram] [N/A] 📊 Updating SL/TP for active orders
2025-05-07 22:41:01 - INFO - [_wait_until_next_iteration] [N/A] ⏳ Sleeping for 58.93 seconds before the next cycle
2025-05-07 22:42:00 - DEBUG - [_process_strategies] [N/A] ⏱ Skipping VWAP_diff_signal_rsi_1700, not yet time (every 5m)
2025-05-07 22:42:00 - DEBUG - [_process_strategies] [N/A] ⏱ Skipping VWAP_diff_signal_1700_volume, not yet time (every 5m)
2025-05-07 22:42:00 - DEBUG - [_process_strategies] [N/A] ⏱ Skipping VWAP_diff_signal_1700, not yet time (every 5m)
2025-05-07 22:42:00 - DEBUG - [_process_strategies] [N/A] ⏱ Skipping EMA_Cross_ema50, not yet time (every 5m)
2025-05-07 22:42:00 - DEBUG - [_process_strategies] [N/A] ⏱ Skipping SMA_Cross_sma50, not yet time (every 5m)
2025-05-07 22:42:00 - DEBUG - [_process_strategies] [N/A] ⏱ Skipping SMA_Cross_candle, not yet time (every 5m)
2025-05-07 22:42:00 - DEBUG - [_process_strategies] [N/A] ⏱ Skipping EMA_Cross_candle, not yet time (every 5m)
2025-05-07 22:42:00 - INFO - [_update_active_orders_and_telegram] [N/A] 📊 Updating SL/TP for active orders
2025-05-07 22:42:01 - INFO - [_wait_until_next_iteration] [N/A] ⏳ Sleeping for 58.93 seconds before the next cycle
2025-05-07 22:43:00 - DEBUG - [_process_strategies] [N/A] ⏱ Skipping VWAP_diff_signal_rsi_1700, not yet time (every 5m)
2025-05-07 22:43:00 - DEBUG - [_process_strategies] [N/A] ⏱ Skipping VWAP_diff_signal_1700_volume, not yet time (every 5m)
2025-05-07 22:43:00 - DEBUG - [_process_strategies] [N/A] ⏱ Skipping VWAP_diff_signal_1700, not yet time (every 5m)
2025-05-07 22:43:00 - DEBUG - [_process_strategies] [N/A] ⏱ Skipping EMA_Cross_ema50, not yet time (every 5m)
2025-05-07 22:43:00 - DEBUG - [_process_strategies] [N/A] ⏱ Skipping SMA_Cross_sma50, not yet time (every 5m)
2025-05-07 22:43:00 - DEBUG - [_process_strategies] [N/A] ⏱ Skipping SMA_Cross_candle, not yet time (every 5m)
2025-05-07 22:43:00 - DEBUG - [_process_strategies] [N/A] ⏱ Skipping EMA_Cross_candle, not yet time (every 5m)
2025-05-07 22:43:00 - INFO - [_update_active_orders_and_telegram] [N/A] 📊 Updating SL/TP for active orders
2025-05-07 22:43:01 - INFO - [_wait_until_next_iteration] [N/A] ⏳ Sleeping for 58.96 seconds before the next cycle
2025-05-07 22:44:00 - DEBUG - [_process_strategies] [N/A] ⏱ Skipping VWAP_diff_signal_rsi_1700, not yet time (every 5m)
2025-05-07 22:44:00 - DEBUG - [_process_strategies] [N/A] ⏱ Skipping VWAP_diff_signal_1700_volume, not yet time (every 5m)
2025-05-07 22:44:00 - DEBUG - [_process_strategies] [N/A] ⏱ Skipping VWAP_diff_signal_1700, not yet time (every 5m)
2025-05-07 22:44:00 - DEBUG - [_process_strategies] [N/A] ⏱ Skipping EMA_Cross_ema50, not yet time (every 5m)
2025-05-07 22:44:00 - DEBUG - [_process_strategies] [N/A] ⏱ Skipping SMA_Cross_sma50, not yet time (every 5m)
2025-05-07 22:44:00 - DEBUG - [_process_strategies] [N/A] ⏱ Skipping SMA_Cross_candle, not yet time (every 5m)
2025-05-07 22:44:00 - DEBUG - [_process_strategies] [N/A] ⏱ Skipping EMA_Cross_candle, not yet time (every 5m)
2025-05-07 22:44:00 - INFO - [_update_active_orders_and_telegram] [N/A] 📊 Updating SL/TP for active orders
2025-05-07 22:44:01 - INFO - [_wait_until_next_iteration] [N/A] ⏳ Sleeping for 58.93 seconds before the next cycle
2025-05-07 22:45:00 - INFO - [_run_strategy_if_applicable] [N/A] ⏰ Strategy 'VWAP_diff_signal_rsi_1700' not executed because it's outside the time window: 17:30:00 - 19:00:00
2025-05-07 22:45:00 - INFO - [_run_strategy_if_applicable] [N/A] ⏰ Strategy 'VWAP_diff_signal_1700_volume' not executed because it's outside the time window: 17:30:00 - 19:00:00
2025-05-07 22:45:00 - INFO - [_run_strategy_if_applicable] [N/A] ⏰ Strategy 'VWAP_diff_signal_1700' not executed because it's outside the time window: 17:30:00 - 19:00:00
2025-05-07 22:45:00 - INFO - [_run_strategy_if_applicable] [N/A] ⏰ Strategy 'EMA_Cross_ema50' not executed because it's outside the time window: 16:35:00 - 16:50:00
2025-05-07 22:45:00 - INFO - [_run_strategy_if_applicable] [N/A] ⏰ Strategy 'SMA_Cross_sma50' not executed because it's outside the time window: 16:35:00 - 16:50:00
2025-05-07 22:45:00 - INFO - [_run_strategy_if_applicable] [N/A] ⏰ Strategy 'SMA_Cross_candle' not executed because it's outside the time window: 16:35:00 - 16:50:00
2025-05-07 22:45:00 - INFO - [_run_strategy_if_applicable] [N/A] ⏰ Strategy 'EMA_Cross_candle' not executed because it's outside the time window: 16:35:00 - 16:50:00
2025-05-07 22:45:00 - INFO - [_update_active_orders_and_telegram] [N/A] 📊 Updating SL/TP for active orders
2025-05-07 22:45:01 - INFO - [_wait_until_next_iteration] [N/A] ⏳ Sleeping for 58.93 seconds before the next cycle
2025-05-07 22:46:00 - DEBUG - [_process_strategies] [N/A] ⏱ Skipping VWAP_diff_signal_rsi_1700, not yet time (every 5m)
2025-05-07 22:46:00 - DEBUG - [_process_strategies] [N/A] ⏱ Skipping VWAP_diff_signal_1700_volume, not yet time (every 5m)
2025-05-07 22:46:00 - DEBUG - [_process_strategies] [N/A] ⏱ Skipping VWAP_diff_signal_1700, not yet time (every 5m)
2025-05-07 22:46:00 - DEBUG - [_process_strategies] [N/A] ⏱ Skipping EMA_Cross_ema50, not yet time (every 5m)
2025-05-07 22:46:00 - DEBUG - [_process_strategies] [N/A] ⏱ Skipping SMA_Cross_sma50, not yet time (every 5m)
2025-05-07 22:46:00 - DEBUG - [_process_strategies] [N/A] ⏱ Skipping SMA_Cross_candle, not yet time (every 5m)
2025-05-07 22:46:00 - DEBUG - [_process_strategies] [N/A] ⏱ Skipping EMA_Cross_candle, not yet time (every 5m)
2025-05-07 22:46:00 - INFO - [_update_active_orders_and_telegram] [N/A] 📊 Updating SL/TP for active orders
2025-05-07 22:46:01 - INFO - [_wait_until_next_iteration] [N/A] ⏳ Sleeping for 58.93 seconds before the next cycle
2025-05-07 22:47:00 - DEBUG - [_process_strategies] [N/A] ⏱ Skipping VWAP_diff_signal_rsi_1700, not yet time (every 5m)
2025-05-07 22:47:00 - DEBUG - [_process_strategies] [N/A] ⏱ Skipping VWAP_diff_signal_1700_volume, not yet time (every 5m)
2025-05-07 22:47:00 - DEBUG - [_process_strategies] [N/A] ⏱ Skipping VWAP_diff_signal_1700, not yet time (every 5m)
2025-05-07 22:47:00 - DEBUG - [_process_strategies] [N/A] ⏱ Skipping EMA_Cross_ema50, not yet time (every 5m)
2025-05-07 22:47:00 - DEBUG - [_process_strategies] [N/A] ⏱ Skipping SMA_Cross_sma50, not yet time (every 5m)
2025-05-07 22:47:00 - DEBUG - [_process_strategies] [N/A] ⏱ Skipping SMA_Cross_candle, not yet time (every 5m)
2025-05-07 22:47:00 - DEBUG - [_process_strategies] [N/A] ⏱ Skipping EMA_Cross_candle, not yet time (every 5m)
2025-05-07 22:47:00 - INFO - [_update_active_orders_and_telegram] [N/A] 📊 Updating SL/TP for active orders
2025-05-07 22:47:01 - INFO - [_wait_until_next_iteration] [N/A] ⏳ Sleeping for 58.93 seconds before the next cycle
2025-05-07 22:48:00 - INFO - [start_trading] [N/A] 🛑 Closing all positions before end of session
2025-05-07 22:48:00 - WARNING - [close_position] [GEN] ⚠️ No open position found for GEN
2025-05-07 22:48:00 - WARNING - [close_position] [NCLH] ⚠️ No open position found for NCLH
2025-05-07 22:48:00 - WARNING - [close_position] [CFG] ⚠️ No open position found for CFG
2025-05-07 22:48:00 - WARNING - [close_position] [IPG] ⚠️ No open position found for IPG
2025-05-07 22:48:01 - WARNING - [close_position] [MRNA] ⚠️ No open position found for MRNA
2025-05-07 22:48:01 - DEBUG - [_process_strategies] [N/A] ⏱ Skipping VWAP_diff_signal_rsi_1700, not yet time (every 5m)
2025-05-07 22:48:01 - DEBUG - [_process_strategies] [N/A] ⏱ Skipping VWAP_diff_signal_1700_volume, not yet time (every 5m)
2025-05-07 22:48:01 - DEBUG - [_process_strategies] [N/A] ⏱ Skipping VWAP_diff_signal_1700, not yet time (every 5m)
2025-05-07 22:48:01 - DEBUG - [_process_strategies] [N/A] ⏱ Skipping EMA_Cross_ema50, not yet time (every 5m)
2025-05-07 22:48:01 - DEBUG - [_process_strategies] [N/A] ⏱ Skipping SMA_Cross_sma50, not yet time (every 5m)
2025-05-07 22:48:01 - DEBUG - [_process_strategies] [N/A] ⏱ Skipping SMA_Cross_candle, not yet time (every 5m)
2025-05-07 22:48:01 - DEBUG - [_process_strategies] [N/A] ⏱ Skipping EMA_Cross_candle, not yet time (every 5m)
2025-05-07 22:48:01 - INFO - [_update_active_orders_and_telegram] [N/A] 📊 Updating SL/TP for active orders
2025-05-07 22:48:02 - INFO - [_wait_until_next_iteration] [N/A] ⏳ Sleeping for 57.79 seconds before the next cycle
2025-05-07 22:49:00 - DEBUG - [_process_strategies] [N/A] ⏱ Skipping VWAP_diff_signal_rsi_1700, not yet time (every 5m)
2025-05-07 22:49:00 - DEBUG - [_process_strategies] [N/A] ⏱ Skipping VWAP_diff_signal_1700_volume, not yet time (every 5m)
2025-05-07 22:49:00 - DEBUG - [_process_strategies] [N/A] ⏱ Skipping VWAP_diff_signal_1700, not yet time (every 5m)
2025-05-07 22:49:00 - DEBUG - [_process_strategies] [N/A] ⏱ Skipping EMA_Cross_ema50, not yet time (every 5m)
2025-05-07 22:49:00 - DEBUG - [_process_strategies] [N/A] ⏱ Skipping SMA_Cross_sma50, not yet time (every 5m)
2025-05-07 22:49:00 - DEBUG - [_process_strategies] [N/A] ⏱ Skipping SMA_Cross_candle, not yet time (every 5m)
2025-05-07 22:49:00 - DEBUG - [_process_strategies] [N/A] ⏱ Skipping EMA_Cross_candle, not yet time (every 5m)
2025-05-07 22:49:00 - INFO - [_update_active_orders_and_telegram] [N/A] 📊 Updating SL/TP for active orders
2025-05-07 22:49:01 - INFO - [_wait_until_next_iteration] [N/A] ⏳ Sleeping for 58.93 seconds before the next cycle
2025-05-07 22:50:00 - INFO - [_run_strategy_if_applicable] [N/A] ⏰ Strategy 'VWAP_diff_signal_rsi_1700' not executed because it's outside the time window: 17:30:00 - 19:00:00
2025-05-07 22:50:00 - INFO - [_run_strategy_if_applicable] [N/A] ⏰ Strategy 'VWAP_diff_signal_1700_volume' not executed because it's outside the time window: 17:30:00 - 19:00:00
2025-05-07 22:50:00 - INFO - [_run_strategy_if_applicable] [N/A] ⏰ Strategy 'VWAP_diff_signal_1700' not executed because it's outside the time window: 17:30:00 - 19:00:00
2025-05-07 22:50:00 - INFO - [_run_strategy_if_applicable] [N/A] ⏰ Strategy 'EMA_Cross_ema50' not executed because it's outside the time window: 16:35:00 - 16:50:00
2025-05-07 22:50:00 - INFO - [_run_strategy_if_applicable] [N/A] ⏰ Strategy 'SMA_Cross_sma50' not executed because it's outside the time window: 16:35:00 - 16:50:00
2025-05-07 22:50:00 - INFO - [_run_strategy_if_applicable] [N/A] ⏰ Strategy 'SMA_Cross_candle' not executed because it's outside the time window: 16:35:00 - 16:50:00
2025-05-07 22:50:00 - INFO - [_run_strategy_if_applicable] [N/A] ⏰ Strategy 'EMA_Cross_candle' not executed because it's outside the time window: 16:35:00 - 16:50:00
2025-05-07 22:50:00 - INFO - [_update_active_orders_and_telegram] [N/A] 📊 Updating SL/TP for active orders
2025-05-07 22:50:01 - INFO - [_wait_until_next_iteration] [N/A] ⏳ Sleeping for 58.93 seconds before the next cycle
2025-05-07 22:51:00 - DEBUG - [_process_strategies] [N/A] ⏱ Skipping VWAP_diff_signal_rsi_1700, not yet time (every 5m)
2025-05-07 22:51:00 - DEBUG - [_process_strategies] [N/A] ⏱ Skipping VWAP_diff_signal_1700_volume, not yet time (every 5m)
2025-05-07 22:51:00 - DEBUG - [_process_strategies] [N/A] ⏱ Skipping VWAP_diff_signal_1700, not yet time (every 5m)
2025-05-07 22:51:00 - DEBUG - [_process_strategies] [N/A] ⏱ Skipping EMA_Cross_ema50, not yet time (every 5m)
2025-05-07 22:51:00 - DEBUG - [_process_strategies] [N/A] ⏱ Skipping SMA_Cross_sma50, not yet time (every 5m)
2025-05-07 22:51:00 - DEBUG - [_process_strategies] [N/A] ⏱ Skipping SMA_Cross_candle, not yet time (every 5m)
2025-05-07 22:51:00 - DEBUG - [_process_strategies] [N/A] ⏱ Skipping EMA_Cross_candle, not yet time (every 5m)
2025-05-07 22:51:00 - INFO - [_update_active_orders_and_telegram] [N/A] 📊 Updating SL/TP for active orders
2025-05-07 22:51:01 - INFO - [_wait_until_next_iteration] [N/A] ⏳ Sleeping for 58.93 seconds before the next cycle
2025-05-07 22:52:00 - DEBUG - [_process_strategies] [N/A] ⏱ Skipping VWAP_diff_signal_rsi_1700, not yet time (every 5m)
2025-05-07 22:52:00 - DEBUG - [_process_strategies] [N/A] ⏱ Skipping VWAP_diff_signal_1700_volume, not yet time (every 5m)
2025-05-07 22:52:00 - DEBUG - [_process_strategies] [N/A] ⏱ Skipping VWAP_diff_signal_1700, not yet time (every 5m)
2025-05-07 22:52:00 - DEBUG - [_process_strategies] [N/A] ⏱ Skipping EMA_Cross_ema50, not yet time (every 5m)
2025-05-07 22:52:00 - DEBUG - [_process_strategies] [N/A] ⏱ Skipping SMA_Cross_sma50, not yet time (every 5m)
2025-05-07 22:52:00 - DEBUG - [_process_strategies] [N/A] ⏱ Skipping SMA_Cross_candle, not yet time (every 5m)
2025-05-07 22:52:00 - DEBUG - [_process_strategies] [N/A] ⏱ Skipping EMA_Cross_candle, not yet time (every 5m)
2025-05-07 22:52:00 - INFO - [_update_active_orders_and_telegram] [N/A] 📊 Updating SL/TP for active orders
2025-05-07 22:52:01 - INFO - [_wait_until_next_iteration] [N/A] ⏳ Sleeping for 58.94 seconds before the next cycle
2025-05-07 22:53:00 - DEBUG - [_process_strategies] [N/A] ⏱ Skipping VWAP_diff_signal_rsi_1700, not yet time (every 5m)
2025-05-07 22:53:00 - DEBUG - [_process_strategies] [N/A] ⏱ Skipping VWAP_diff_signal_1700_volume, not yet time (every 5m)
2025-05-07 22:53:00 - DEBUG - [_process_strategies] [N/A] ⏱ Skipping VWAP_diff_signal_1700, not yet time (every 5m)
2025-05-07 22:53:00 - DEBUG - [_process_strategies] [N/A] ⏱ Skipping EMA_Cross_ema50, not yet time (every 5m)
2025-05-07 22:53:00 - DEBUG - [_process_strategies] [N/A] ⏱ Skipping SMA_Cross_sma50, not yet time (every 5m)
2025-05-07 22:53:00 - DEBUG - [_process_strategies] [N/A] ⏱ Skipping SMA_Cross_candle, not yet time (every 5m)
2025-05-07 22:53:00 - DEBUG - [_process_strategies] [N/A] ⏱ Skipping EMA_Cross_candle, not yet time (every 5m)
2025-05-07 22:53:00 - INFO - [_update_active_orders_and_telegram] [N/A] 📊 Updating SL/TP for active orders
2025-05-07 22:53:01 - INFO - [_wait_until_next_iteration] [N/A] ⏳ Sleeping for 58.93 seconds before the next cycle
2025-05-07 22:54:00 - DEBUG - [_process_strategies] [N/A] ⏱ Skipping VWAP_diff_signal_rsi_1700, not yet time (every 5m)
2025-05-07 22:54:00 - DEBUG - [_process_strategies] [N/A] ⏱ Skipping VWAP_diff_signal_1700_volume, not yet time (every 5m)
2025-05-07 22:54:00 - DEBUG - [_process_strategies] [N/A] ⏱ Skipping VWAP_diff_signal_1700, not yet time (every 5m)
2025-05-07 22:54:00 - DEBUG - [_process_strategies] [N/A] ⏱ Skipping EMA_Cross_ema50, not yet time (every 5m)
2025-05-07 22:54:00 - DEBUG - [_process_strategies] [N/A] ⏱ Skipping SMA_Cross_sma50, not yet time (every 5m)
2025-05-07 22:54:00 - DEBUG - [_process_strategies] [N/A] ⏱ Skipping SMA_Cross_candle, not yet time (every 5m)
2025-05-07 22:54:00 - DEBUG - [_process_strategies] [N/A] ⏱ Skipping EMA_Cross_candle, not yet time (every 5m)
2025-05-07 22:54:00 - INFO - [_update_active_orders_and_telegram] [N/A] 📊 Updating SL/TP for active orders
2025-05-07 22:54:01 - INFO - [_wait_until_next_iteration] [N/A] ⏳ Sleeping for 58.93 seconds before the next cycle
2025-05-07 22:55:00 - INFO - [_run_strategy_if_applicable] [N/A] ⏰ Strategy 'VWAP_diff_signal_rsi_1700' not executed because it's outside the time window: 17:30:00 - 19:00:00
2025-05-07 22:55:00 - INFO - [_run_strategy_if_applicable] [N/A] ⏰ Strategy 'VWAP_diff_signal_1700_volume' not executed because it's outside the time window: 17:30:00 - 19:00:00
2025-05-07 22:55:00 - INFO - [_run_strategy_if_applicable] [N/A] ⏰ Strategy 'VWAP_diff_signal_1700' not executed because it's outside the time window: 17:30:00 - 19:00:00
2025-05-07 22:55:00 - INFO - [_run_strategy_if_applicable] [N/A] ⏰ Strategy 'EMA_Cross_ema50' not executed because it's outside the time window: 16:35:00 - 16:50:00
2025-05-07 22:55:00 - INFO - [_run_strategy_if_applicable] [N/A] ⏰ Strategy 'SMA_Cross_sma50' not executed because it's outside the time window: 16:35:00 - 16:50:00
2025-05-07 22:55:00 - INFO - [_run_strategy_if_applicable] [N/A] ⏰ Strategy 'SMA_Cross_candle' not executed because it's outside the time window: 16:35:00 - 16:50:00
2025-05-07 22:55:00 - INFO - [_run_strategy_if_applicable] [N/A] ⏰ Strategy 'EMA_Cross_candle' not executed because it's outside the time window: 16:35:00 - 16:50:00
2025-05-07 22:55:00 - INFO - [_update_active_orders_and_telegram] [N/A] 📊 Updating SL/TP for active orders
2025-05-07 22:55:01 - INFO - [_wait_until_next_iteration] [N/A] ⏳ Sleeping for 58.93 seconds before the next cycle
2025-05-07 22:56:00 - DEBUG - [_process_strategies] [N/A] ⏱ Skipping VWAP_diff_signal_rsi_1700, not yet time (every 5m)
2025-05-07 22:56:00 - DEBUG - [_process_strategies] [N/A] ⏱ Skipping VWAP_diff_signal_1700_volume, not yet time (every 5m)
2025-05-07 22:56:00 - DEBUG - [_process_strategies] [N/A] ⏱ Skipping VWAP_diff_signal_1700, not yet time (every 5m)
2025-05-07 22:56:00 - DEBUG - [_process_strategies] [N/A] ⏱ Skipping EMA_Cross_ema50, not yet time (every 5m)
2025-05-07 22:56:00 - DEBUG - [_process_strategies] [N/A] ⏱ Skipping SMA_Cross_sma50, not yet time (every 5m)
2025-05-07 22:56:00 - DEBUG - [_process_strategies] [N/A] ⏱ Skipping SMA_Cross_candle, not yet time (every 5m)
2025-05-07 22:56:00 - DEBUG - [_process_strategies] [N/A] ⏱ Skipping EMA_Cross_candle, not yet time (every 5m)
2025-05-07 22:56:00 - INFO - [_update_active_orders_and_telegram] [N/A] 📊 Updating SL/TP for active orders
2025-05-07 22:56:01 - INFO - [_wait_until_next_iteration] [N/A] ⏳ Sleeping for 58.93 seconds before the next cycle
2025-05-07 22:57:00 - DEBUG - [_process_strategies] [N/A] ⏱ Skipping VWAP_diff_signal_rsi_1700, not yet time (every 5m)
2025-05-07 22:57:00 - DEBUG - [_process_strategies] [N/A] ⏱ Skipping VWAP_diff_signal_1700_volume, not yet time (every 5m)
2025-05-07 22:57:00 - DEBUG - [_process_strategies] [N/A] ⏱ Skipping VWAP_diff_signal_1700, not yet time (every 5m)
2025-05-07 22:57:00 - DEBUG - [_process_strategies] [N/A] ⏱ Skipping EMA_Cross_ema50, not yet time (every 5m)
2025-05-07 22:57:00 - DEBUG - [_process_strategies] [N/A] ⏱ Skipping SMA_Cross_sma50, not yet time (every 5m)
2025-05-07 22:57:00 - DEBUG - [_process_strategies] [N/A] ⏱ Skipping SMA_Cross_candle, not yet time (every 5m)
2025-05-07 22:57:00 - DEBUG - [_process_strategies] [N/A] ⏱ Skipping EMA_Cross_candle, not yet time (every 5m)
2025-05-07 22:57:00 - INFO - [_update_active_orders_and_telegram] [N/A] 📊 Updating SL/TP for active orders
2025-05-07 22:57:01 - INFO - [_wait_until_next_iteration] [N/A] ⏳ Sleeping for 58.93 seconds before the next cycle
2025-05-07 23:45:00 - ERROR - [safe_main_trading] [N/A] Error in thread: Socket disconnect
2025-05-08 13:13:07 - INFO - [wait_for_precise_time] [N/A] 🌅 Troppo presto, attendo l'inizio della sessione alle 16:30:00
