2025-04-24 13:15:50 - INFO - [start_tws] [N/A] Avvio di TWS...
2025-04-24 13:16:00 - INFO - [start_tws] [N/A] TWS avviato con successo!
2025-04-24 13:16:00 - INFO - [login] [N/A] Attesa della finestra di login...
2025-04-24 13:16:16 - INFO - [login] [N/A] Login effettuato con successo!
2025-04-24 13:16:16 - INFO - [wait_until_tws_ready] [N/A] ⌛ Verifico connessione API TWS tramite ib_insync...
2025-04-24 13:16:16 - DEBUG - [wait_until_tws_ready] [N/A] ⏳ TWS non ancora pronto: ConnectionRefusedError: [Errno 111] Connect call failed ('127.0.0.1', 7497)
2025-04-24 13:16:21 - DEBUG - [wait_until_tws_ready] [N/A] ⏳ TWS non ancora pronto: ConnectionRefusedError: [Errno 111] Connect call failed ('127.0.0.1', 7497)
2025-04-24 13:16:26 - DEBUG - [wait_until_tws_ready] [N/A] ⏳ TWS non ancora pronto: ConnectionRefusedError: [Errno 111] Connect call failed ('127.0.0.1', 7497)
2025-04-24 13:16:31 - DEBUG - [wait_until_tws_ready] [N/A] ⏳ TWS non ancora pronto: ConnectionRefusedError: [Errno 111] Connect call failed ('127.0.0.1', 7497)
2025-04-24 13:16:46 - DEBUG - [wait_until_tws_ready] [N/A] ⏳ TWS non ancora pronto: TimeoutError: 
2025-04-24 13:17:01 - DEBUG - [wait_until_tws_ready] [N/A] ⏳ TWS non ancora pronto: TimeoutError: 
2025-04-24 13:17:16 - DEBUG - [wait_until_tws_ready] [N/A] ⏳ TWS non ancora pronto: TimeoutError: 
2025-04-24 13:17:23 - INFO - [wait_until_tws_ready] [N/A] ✅ Connessione API a TWS riuscita!
2025-04-24 13:17:27 - INFO - [__init__] [N/A] ✅ Connected to IBKR successfully
2025-04-24 13:17:30 - INFO - [start] [N/A] Starting bot
2025-04-24 13:34:01 - INFO - [start_daily_session] [N/A] Starting daily session
2025-04-24 13:34:02 - INFO - [__init__] [N/A] ✅ Connected to IBKR successfully
2025-04-24 13:34:02 - INFO - [wait_for_precise_time] [N/A] 🌅 Troppo presto, attendo l'inizio della sessione alle 16:30:00
2025-04-24 16:30:00 - INFO - [wait_for_precise_time] [N/A] 🎯 Orario valido raggiunto. Avvio operazioni.
2025-04-24 16:30:00 - INFO - [_run_strategy_if_applicable] [N/A] ⏰ Strategy 'VWAP_diff_signal_1700_volume' not executed because it's outside the time window: 17:30:00 - 19:00:00
2025-04-24 16:30:00 - INFO - [_run_strategy_if_applicable] [N/A] ⏰ Strategy 'SMA_Cross_sma50' not executed because it's outside the time window: 16:35:00 - 16:50:00
2025-04-24 16:30:00 - INFO - [_run_strategy_if_applicable] [N/A] ⏰ Strategy 'SMA_Cross_candle' not executed because it's outside the time window: 16:35:00 - 16:50:00
2025-04-24 16:30:00 - INFO - [_run_strategy_if_applicable] [N/A] ⏰ Strategy 'EMA_Cross_ema50' not executed because it's outside the time window: 16:35:00 - 16:50:00
2025-04-24 16:30:00 - INFO - [_run_strategy_if_applicable] [N/A] ⏰ Strategy 'VWAP_diff_signal_1700' not executed because it's outside the time window: 17:30:00 - 19:00:00
2025-04-24 16:30:00 - INFO - [_run_strategy_if_applicable] [N/A] ⏰ Strategy 'VWAP_diff_signal_rsi_1700' not executed because it's outside the time window: 17:30:00 - 19:00:00
2025-04-24 16:30:00 - INFO - [_run_strategy_if_applicable] [N/A] ⏰ Strategy 'EMA_Cross_candle' not executed because it's outside the time window: 16:35:00 - 16:50:00
2025-04-24 16:30:00 - INFO - [_update_active_orders_and_telegram] [N/A] 📊 Updating SL/TP for active orders
2025-04-24 16:30:01 - INFO - [_wait_until_next_iteration] [N/A] ⏳ Sleeping for 58.87 seconds before the next cycle
2025-04-24 16:31:00 - DEBUG - [_process_strategies] [N/A] ⏱ Skipping VWAP_diff_signal_1700_volume, not yet time (every 5m)
2025-04-24 16:31:00 - DEBUG - [_process_strategies] [N/A] ⏱ Skipping SMA_Cross_sma50, not yet time (every 5m)
2025-04-24 16:31:00 - DEBUG - [_process_strategies] [N/A] ⏱ Skipping SMA_Cross_candle, not yet time (every 5m)
2025-04-24 16:31:00 - DEBUG - [_process_strategies] [N/A] ⏱ Skipping EMA_Cross_ema50, not yet time (every 5m)
2025-04-24 16:31:00 - DEBUG - [_process_strategies] [N/A] ⏱ Skipping VWAP_diff_signal_1700, not yet time (every 5m)
2025-04-24 16:31:00 - DEBUG - [_process_strategies] [N/A] ⏱ Skipping VWAP_diff_signal_rsi_1700, not yet time (every 5m)
2025-04-24 16:31:00 - DEBUG - [_process_strategies] [N/A] ⏱ Skipping EMA_Cross_candle, not yet time (every 5m)
2025-04-24 16:31:00 - INFO - [_update_active_orders_and_telegram] [N/A] 📊 Updating SL/TP for active orders
2025-04-24 16:31:01 - INFO - [_wait_until_next_iteration] [N/A] ⏳ Sleeping for 58.94 seconds before the next cycle
2025-04-24 16:32:00 - DEBUG - [_process_strategies] [N/A] ⏱ Skipping VWAP_diff_signal_1700_volume, not yet time (every 5m)
2025-04-24 16:32:00 - DEBUG - [_process_strategies] [N/A] ⏱ Skipping SMA_Cross_sma50, not yet time (every 5m)
2025-04-24 16:32:00 - DEBUG - [_process_strategies] [N/A] ⏱ Skipping SMA_Cross_candle, not yet time (every 5m)
2025-04-24 16:32:00 - DEBUG - [_process_strategies] [N/A] ⏱ Skipping EMA_Cross_ema50, not yet time (every 5m)
2025-04-24 16:32:00 - DEBUG - [_process_strategies] [N/A] ⏱ Skipping VWAP_diff_signal_1700, not yet time (every 5m)
2025-04-24 16:32:00 - DEBUG - [_process_strategies] [N/A] ⏱ Skipping VWAP_diff_signal_rsi_1700, not yet time (every 5m)
2025-04-24 16:32:00 - DEBUG - [_process_strategies] [N/A] ⏱ Skipping EMA_Cross_candle, not yet time (every 5m)
2025-04-24 16:32:00 - INFO - [_update_active_orders_and_telegram] [N/A] 📊 Updating SL/TP for active orders
2025-04-24 16:32:01 - INFO - [_wait_until_next_iteration] [N/A] ⏳ Sleeping for 58.92 seconds before the next cycle
2025-04-24 16:33:00 - DEBUG - [_process_strategies] [N/A] ⏱ Skipping VWAP_diff_signal_1700_volume, not yet time (every 5m)
2025-04-24 16:33:00 - DEBUG - [_process_strategies] [N/A] ⏱ Skipping SMA_Cross_sma50, not yet time (every 5m)
2025-04-24 16:33:00 - DEBUG - [_process_strategies] [N/A] ⏱ Skipping SMA_Cross_candle, not yet time (every 5m)
2025-04-24 16:33:00 - DEBUG - [_process_strategies] [N/A] ⏱ Skipping EMA_Cross_ema50, not yet time (every 5m)
2025-04-24 16:33:00 - DEBUG - [_process_strategies] [N/A] ⏱ Skipping VWAP_diff_signal_1700, not yet time (every 5m)
2025-04-24 16:33:00 - DEBUG - [_process_strategies] [N/A] ⏱ Skipping VWAP_diff_signal_rsi_1700, not yet time (every 5m)
2025-04-24 16:33:00 - DEBUG - [_process_strategies] [N/A] ⏱ Skipping EMA_Cross_candle, not yet time (every 5m)
2025-04-24 16:33:00 - INFO - [_update_active_orders_and_telegram] [N/A] 📊 Updating SL/TP for active orders
2025-04-24 16:33:01 - INFO - [_wait_until_next_iteration] [N/A] ⏳ Sleeping for 58.92 seconds before the next cycle
2025-04-24 16:34:00 - DEBUG - [_process_strategies] [N/A] ⏱ Skipping VWAP_diff_signal_1700_volume, not yet time (every 5m)
2025-04-24 16:34:00 - DEBUG - [_process_strategies] [N/A] ⏱ Skipping SMA_Cross_sma50, not yet time (every 5m)
2025-04-24 16:34:00 - DEBUG - [_process_strategies] [N/A] ⏱ Skipping SMA_Cross_candle, not yet time (every 5m)
2025-04-24 16:34:00 - DEBUG - [_process_strategies] [N/A] ⏱ Skipping EMA_Cross_ema50, not yet time (every 5m)
2025-04-24 16:34:00 - DEBUG - [_process_strategies] [N/A] ⏱ Skipping VWAP_diff_signal_1700, not yet time (every 5m)
2025-04-24 16:34:00 - DEBUG - [_process_strategies] [N/A] ⏱ Skipping VWAP_diff_signal_rsi_1700, not yet time (every 5m)
2025-04-24 16:34:00 - DEBUG - [_process_strategies] [N/A] ⏱ Skipping EMA_Cross_candle, not yet time (every 5m)
2025-04-24 16:34:00 - INFO - [_update_active_orders_and_telegram] [N/A] 📊 Updating SL/TP for active orders
2025-04-24 16:34:01 - INFO - [_wait_until_next_iteration] [N/A] ⏳ Sleeping for 58.92 seconds before the next cycle
2025-04-24 16:35:00 - INFO - [_run_strategy_if_applicable] [N/A] ⏰ Strategy 'VWAP_diff_signal_1700_volume' not executed because it's outside the time window: 17:30:00 - 19:00:00
2025-04-24 16:35:00 - INFO - [_run_strategy_if_applicable] [N/A] 🔄 Starting trading loop for strategy: SMA_Cross_sma50
2025-04-24 16:35:00 - INFO - [get_stock_data] [FITB] Requesting data for FITB
2025-04-24 16:35:01 - INFO - [get_stock_data] [FITB] Data received for FITB: 79 rows
2025-04-24 16:35:01 - INFO - [check_sma_cross_sma50] [FITB] Analyzing SMA signals for FITB
2025-04-24 16:35:01 - INFO - [check_sma_cross_sma50] [FITB] SMA5: 35.024, SMA20: 34.9485, SMA50: 35.0156 | Prev SMA5: 35.007999999999996, SMA20: 34.954
2025-04-24 16:35:01 - DEBUG - [check_sma_cross_sma50] [FITB] No signal detected
2025-04-24 16:35:01 - INFO - [_process_ticker] [FITB] ℹ️ No valid signal for FITB
2025-04-24 16:35:01 - INFO - [get_stock_data] [HPQ] Requesting data for HPQ
2025-04-24 16:35:02 - INFO - [get_stock_data] [HPQ] Data received for HPQ: 79 rows
2025-04-24 16:35:02 - INFO - [check_sma_cross_sma50] [HPQ] Analyzing SMA signals for HPQ
2025-04-24 16:35:02 - INFO - [check_sma_cross_sma50] [HPQ] SMA5: 24.584, SMA20: 24.633499999999998, SMA50: 24.6742 | Prev SMA5: 24.564, SMA20: 24.6425
2025-04-24 16:35:02 - DEBUG - [check_sma_cross_sma50] [HPQ] No signal detected
2025-04-24 16:35:02 - INFO - [_process_ticker] [HPQ] ℹ️ No valid signal for HPQ
2025-04-24 16:35:02 - INFO - [get_stock_data] [IPG] Requesting data for IPG
2025-04-24 16:35:03 - INFO - [get_stock_data] [IPG] Data received for IPG: 79 rows
2025-04-24 16:35:03 - INFO - [check_sma_cross_sma50] [IPG] Analyzing SMA signals for IPG
2025-04-24 16:35:03 - INFO - [check_sma_cross_sma50] [IPG] SMA5: 24.036, SMA20: 23.9945, SMA50: 24.037000000000003 | Prev SMA5: 23.964000000000002, SMA20: 23.9845
2025-04-24 16:35:03 - INFO - [check_sma_cross_sma50] [IPG] ✅ BUY signal at 24.29, (SL: 24.11997, TP: 24.63006 will be calculated externally)
2025-04-24 16:35:03 - INFO - [place_order] [IPG] Placing MARKET order for IPG: 205 shares
2025-04-24 16:35:03 - INFO - [_place_trade_and_register] [IPG] ✅ Order BUY for IPG placed with ID 10
2025-04-24 16:35:03 - INFO - [get_stock_data] [LVS] Requesting data for LVS
2025-04-24 16:35:05 - INFO - [get_stock_data] [LVS] Data received for LVS: 79 rows
2025-04-24 16:35:05 - INFO - [check_sma_cross_sma50] [LVS] Analyzing SMA signals for LVS
2025-04-24 16:35:05 - INFO - [check_sma_cross_sma50] [LVS] SMA5: 34.629999999999995, SMA20: 34.595, SMA50: 34.7318 | Prev SMA5: 34.483999999999995, SMA20: 34.577000000000005
2025-04-24 16:35:05 - INFO - [check_sma_cross_sma50] [LVS] ✅ BUY signal at 35.13, (SL: 34.88409, TP: 35.62182 will be calculated externally)
2025-04-24 16:35:05 - INFO - [place_order] [LVS] Placing MARKET order for LVS: 142 shares
2025-04-24 16:35:05 - INFO - [_place_trade_and_register] [LVS] ✅ Order BUY for LVS placed with ID 14
2025-04-24 16:35:05 - INFO - [get_stock_data] [NCLH] Requesting data for NCLH
2025-04-24 16:35:06 - INFO - [get_stock_data] [NCLH] Data received for NCLH: 80 rows
2025-04-24 16:35:06 - INFO - [check_sma_cross_sma50] [NCLH] Analyzing SMA signals for NCLH
2025-04-24 16:35:06 - INFO - [check_sma_cross_sma50] [NCLH] SMA5: 16.967999999999996, SMA20: 17.045499999999997, SMA50: 17.1414 | Prev SMA5: 16.996, SMA20: 17.061500000000002
2025-04-24 16:35:06 - DEBUG - [check_sma_cross_sma50] [NCLH] No signal detected
2025-04-24 16:35:06 - INFO - [_process_ticker] [NCLH] ℹ️ No valid signal for NCLH
2025-04-24 16:35:06 - INFO - [get_stock_data] [NWSA] Requesting data for NWSA
2025-04-24 16:35:07 - INFO - [get_stock_data] [NWSA] Data received for NWSA: 80 rows
2025-04-24 16:35:07 - INFO - [check_sma_cross_sma50] [NWSA] Analyzing SMA signals for NWSA
2025-04-24 16:35:07 - INFO - [check_sma_cross_sma50] [NWSA] SMA5: 26.526, SMA20: 26.4885, SMA50: 26.5124 | Prev SMA5: 26.518, SMA20: 26.4885
2025-04-24 16:35:07 - DEBUG - [check_sma_cross_sma50] [NWSA] No signal detected
2025-04-24 16:35:07 - INFO - [_process_ticker] [NWSA] ℹ️ No valid signal for NWSA
2025-04-24 16:35:07 - INFO - [_run_strategy_if_applicable] [N/A] 🔄 Starting trading loop for strategy: SMA_Cross_candle
2025-04-24 16:35:07 - INFO - [get_stock_data] [DVN] Requesting data for DVN
2025-04-24 16:35:08 - INFO - [get_stock_data] [DVN] Data received for DVN: 80 rows
2025-04-24 16:35:08 - INFO - [check_sma_cross_candle] [DVN] Analyzing SMA signals for DVN
2025-04-24 16:35:08 - INFO - [check_sma_cross_candle] [DVN] SMA5: 31.183999999999997, SMA20: 31.009000000000004 | Prev SMA5: 31.112000000000002, SMA20: 30.996499999999997 | Candle direction: bearish
2025-04-24 16:35:08 - DEBUG - [check_sma_cross_candle] [DVN] No signal detected
2025-04-24 16:35:08 - INFO - [_process_ticker] [DVN] ℹ️ No valid signal for DVN
2025-04-24 16:35:08 - INFO - [get_stock_data] [LUV] Requesting data for LUV
2025-04-24 16:35:10 - INFO - [get_stock_data] [LUV] Data received for LUV: 80 rows
2025-04-24 16:35:10 - INFO - [check_sma_cross_candle] [LUV] Analyzing SMA signals for LUV
2025-04-24 16:35:10 - INFO - [check_sma_cross_candle] [LUV] SMA5: 25.6, SMA20: 25.533 | Prev SMA5: 25.562, SMA20: 25.5255 | Candle direction: bearish
2025-04-24 16:35:10 - DEBUG - [check_sma_cross_candle] [LUV] No signal detected
2025-04-24 16:35:10 - INFO - [_process_ticker] [LUV] ℹ️ No valid signal for LUV
2025-04-24 16:35:10 - INFO - [get_stock_data] [NI] Requesting data for NI
2025-04-24 16:35:11 - INFO - [get_stock_data] [NI] Data received for NI: 80 rows
2025-04-24 16:35:11 - INFO - [check_sma_cross_candle] [NI] Analyzing SMA signals for NI
2025-04-24 16:35:11 - INFO - [check_sma_cross_candle] [NI] SMA5: 39.275999999999996, SMA20: 39.0995 | Prev SMA5: 39.297999999999995, SMA20: 39.088499999999996 | Candle direction: bearish
2025-04-24 16:35:11 - DEBUG - [check_sma_cross_candle] [NI] No signal detected
2025-04-24 16:35:11 - INFO - [_process_ticker] [NI] ℹ️ No valid signal for NI
2025-04-24 16:35:11 - INFO - [get_stock_data] [WBD] Requesting data for WBD
2025-04-24 16:35:12 - INFO - [get_stock_data] [WBD] Data received for WBD: 80 rows
2025-04-24 16:35:12 - INFO - [check_sma_cross_candle] [WBD] Analyzing SMA signals for WBD
2025-04-24 16:35:12 - INFO - [check_sma_cross_candle] [WBD] SMA5: 8.392, SMA20: 8.392 | Prev SMA5: 8.378, SMA20: 8.391 | Candle direction: bearish
2025-04-24 16:35:12 - DEBUG - [check_sma_cross_candle] [WBD] No signal detected
2025-04-24 16:35:12 - INFO - [_process_ticker] [WBD] ℹ️ No valid signal for WBD
2025-04-24 16:35:12 - INFO - [_run_strategy_if_applicable] [N/A] 🔄 Starting trading loop for strategy: EMA_Cross_ema50
2025-04-24 16:35:12 - INFO - [get_stock_data] [CFG] Requesting data for CFG
2025-04-24 16:35:13 - INFO - [get_stock_data] [CFG] Data received for CFG: 80 rows
2025-04-24 16:35:13 - INFO - [check_ema_cross_ema50] [CFG] Analyzing EMA signals for CFG
2025-04-24 16:35:13 - INFO - [check_ema_cross_ema50] [CFG] EMA9: 36.45983505504382, EMA21: 36.48978489813519, EMA50: 36.64505555808391 | Prev EMA9: 36.44229381880477, EMA21: 36.485763387948715
2025-04-24 16:35:13 - DEBUG - [check_ema_cross_ema50] [CFG] No signal detected
2025-04-24 16:35:13 - INFO - [_process_ticker] [CFG] ℹ️ No valid signal for CFG
2025-04-24 16:35:13 - INFO - [get_stock_data] [CZR] Requesting data for CZR
2025-04-24 16:35:14 - INFO - [get_stock_data] [CZR] Data received for CZR: 80 rows
2025-04-24 16:35:14 - INFO - [check_ema_cross_ema50] [CZR] Analyzing EMA signals for CZR
2025-04-24 16:35:14 - INFO - [check_ema_cross_ema50] [CZR] EMA9: 26.766883966136888, EMA21: 26.845800893999865, EMA50: 26.994210774998834 | Prev EMA9: 26.803604957671105, EMA21: 26.86838098339985
2025-04-24 16:35:14 - DEBUG - [check_ema_cross_ema50] [CZR] No signal detected
2025-04-24 16:35:14 - INFO - [_process_ticker] [CZR] ℹ️ No valid signal for CZR
2025-04-24 16:35:14 - INFO - [get_stock_data] [GEN] Requesting data for GEN
2025-04-24 16:35:15 - INFO - [get_stock_data] [GEN] Data received for GEN: 80 rows
2025-04-24 16:35:15 - INFO - [check_ema_cross_ema50] [GEN] Analyzing EMA signals for GEN
2025-04-24 16:35:15 - INFO - [check_ema_cross_ema50] [GEN] EMA9: 24.578422399801973, EMA21: 24.5757184406519, EMA50: 24.62712210329584 | Prev EMA9: 24.538027999752465, EMA21: 24.55929028471709
2025-04-24 16:35:15 - INFO - [check_ema_cross_ema50] [GEN] ✅ BUY signal at 24.74, (SL: 24.56682, TP: 25.08636 will be calculated externally)
2025-04-24 16:35:15 - INFO - [place_order] [GEN] Placing MARKET order for GEN: 202 shares
2025-04-24 16:35:15 - INFO - [_place_trade_and_register] [GEN] ✅ Order BUY for GEN placed with ID 34
2025-04-24 16:35:15 - INFO - [get_stock_data] [PARA] Requesting data for PARA
2025-04-24 16:35:16 - INFO - [get_stock_data] [PARA] Data received for PARA: 80 rows
2025-04-24 16:35:16 - INFO - [check_ema_cross_ema50] [PARA] Analyzing EMA signals for PARA
2025-04-24 16:35:16 - INFO - [check_ema_cross_ema50] [PARA] EMA9: 11.190762520754138, EMA21: 11.183659186818614, EMA50: 11.182866696926688 | Prev EMA9: 11.18095315094267, EMA21: 11.179025105500475
2025-04-24 16:35:16 - DEBUG - [check_ema_cross_ema50] [PARA] No signal detected
2025-04-24 16:35:16 - INFO - [_process_ticker] [PARA] ℹ️ No valid signal for PARA
2025-04-24 16:35:16 - INFO - [get_stock_data] [PPL] Requesting data for PPL
2025-04-24 16:35:17 - INFO - [get_stock_data] [PPL] Data received for PPL: 80 rows
2025-04-24 16:35:17 - INFO - [check_ema_cross_ema50] [PPL] Analyzing EMA signals for PPL
2025-04-24 16:35:17 - INFO - [check_ema_cross_ema50] [PPL] EMA9: 36.09249381671712, EMA21: 36.06452397653888, EMA50: 36.07221587477662 | Prev EMA9: 36.1131172708964, EMA21: 36.06997637419277
2025-04-24 16:35:17 - DEBUG - [check_ema_cross_ema50] [PPL] No signal detected
2025-04-24 16:35:17 - INFO - [_process_ticker] [PPL] ℹ️ No valid signal for PPL
2025-04-24 16:35:17 - INFO - [get_stock_data] [TFC] Requesting data for TFC
2025-04-24 16:35:19 - INFO - [get_stock_data] [TFC] Data received for TFC: 80 rows
2025-04-24 16:35:19 - INFO - [check_ema_cross_ema50] [TFC] Analyzing EMA signals for TFC
2025-04-24 16:35:19 - INFO - [check_ema_cross_ema50] [TFC] EMA9: 37.129640490720305, EMA21: 37.15768142532502, EMA50: 37.27193474440621 | Prev EMA9: 37.142050613400386, EMA21: 37.16544956785753
2025-04-24 16:35:19 - DEBUG - [check_ema_cross_ema50] [TFC] No signal detected
2025-04-24 16:35:19 - INFO - [_process_ticker] [TFC] ℹ️ No valid signal for TFC
2025-04-24 16:35:19 - INFO - [get_stock_data] [WBD] Requesting data for WBD
2025-04-24 16:35:19 - INFO - [get_stock_data] [WBD] Data received for WBD: 80 rows
2025-04-24 16:35:19 - INFO - [check_ema_cross_ema50] [WBD] Analyzing EMA signals for WBD
2025-04-24 16:35:19 - INFO - [check_ema_cross_ema50] [WBD] EMA9: 8.380890047215093, EMA21: 8.38825991058424, EMA50: 8.414151522777319 | Prev EMA9: 8.363612559018867, EMA21: 8.382085901642665
2025-04-24 16:35:19 - DEBUG - [check_ema_cross_ema50] [WBD] No signal detected
2025-04-24 16:35:19 - INFO - [_process_ticker] [WBD] ℹ️ No valid signal for WBD
2025-04-24 16:35:19 - INFO - [_run_strategy_if_applicable] [N/A] ⏰ Strategy 'VWAP_diff_signal_1700' not executed because it's outside the time window: 17:30:00 - 19:00:00
2025-04-24 16:35:19 - INFO - [_run_strategy_if_applicable] [N/A] ⏰ Strategy 'VWAP_diff_signal_rsi_1700' not executed because it's outside the time window: 17:30:00 - 19:00:00
2025-04-24 16:35:19 - INFO - [_run_strategy_if_applicable] [N/A] 🔄 Starting trading loop for strategy: EMA_Cross_candle
2025-04-24 16:35:19 - INFO - [get_stock_data] [BAX] Requesting data for BAX
2025-04-24 16:35:21 - INFO - [get_stock_data] [BAX] Data received for BAX: 80 rows
2025-04-24 16:35:21 - INFO - [check_ema_cross_candle] [BAX] Analyzing EMA signals for BAX
2025-04-24 16:35:21 - INFO - [check_ema_cross_candle] [BAX] EMA9: 29.56599262217181, EMA21: 29.53359527877965 | Prev EMA9: 29.56249077771476, EMA21: 29.52895480665762 | Candle: bearish
2025-04-24 16:35:21 - DEBUG - [check_ema_cross_candle] [BAX] No signal detected
2025-04-24 16:35:21 - INFO - [_process_ticker] [BAX] ℹ️ No valid signal for BAX
2025-04-24 16:35:21 - INFO - [get_stock_data] [CTRA] Requesting data for CTRA
2025-04-24 16:35:23 - INFO - [get_stock_data] [CTRA] Data received for CTRA: 80 rows
2025-04-24 16:35:23 - INFO - [check_ema_cross_candle] [CTRA] Analyzing EMA signals for CTRA
2025-04-24 16:35:23 - INFO - [check_ema_cross_candle] [CTRA] EMA9: 25.314779493097355, EMA21: 25.295415110618805 | Prev EMA9: 25.30097436637169, EMA21: 25.28795662168069 | Candle: bullish
2025-04-24 16:35:23 - DEBUG - [check_ema_cross_candle] [CTRA] No signal detected
2025-04-24 16:35:23 - INFO - [_process_ticker] [CTRA] ℹ️ No valid signal for CTRA
2025-04-24 16:35:23 - INFO - [get_stock_data] [EXC] Requesting data for EXC
2025-04-24 16:35:24 - INFO - [get_stock_data] [EXC] Data received for EXC: 80 rows
2025-04-24 16:35:24 - INFO - [check_ema_cross_candle] [EXC] Analyzing EMA signals for EXC
2025-04-24 16:35:24 - INFO - [check_ema_cross_candle] [EXC] EMA9: 46.576567144866, EMA21: 46.51330096828434 | Prev EMA9: 46.608208931082494, EMA21: 46.519631065112776 | Candle: bearish
2025-04-24 16:35:24 - DEBUG - [check_ema_cross_candle] [EXC] No signal detected
2025-04-24 16:35:24 - INFO - [_process_ticker] [EXC] ℹ️ No valid signal for EXC
2025-04-24 16:35:24 - INFO - [get_stock_data] [FITB] Requesting data for FITB
2025-04-24 16:35:24 - INFO - [get_stock_data] [FITB] Data received for FITB: 80 rows
2025-04-24 16:35:24 - INFO - [check_ema_cross_candle] [FITB] Analyzing EMA signals for FITB
2025-04-24 16:35:24 - INFO - [check_ema_cross_candle] [FITB] EMA9: 34.97094469614235, EMA21: 34.97416944506512 | Prev EMA9: 34.983680870177935, EMA21: 34.97958638957164 | Candle: bearish
2025-04-24 16:35:24 - INFO - [check_ema_cross_candle] [FITB] ✅ SELL signal at 34.92, (SL: 35.16444, TP: 34.43112 will be calculated externally)
2025-04-24 16:35:24 - INFO - [place_order] [FITB] Placing MARKET order for FITB: 143 shares
2025-04-24 16:35:24 - INFO - [_place_trade_and_register] [FITB] ✅ Order SELL for FITB placed with ID 52
2025-04-24 16:35:24 - INFO - [get_stock_data] [KMI] Requesting data for KMI
2025-04-24 16:35:26 - INFO - [get_stock_data] [KMI] Data received for KMI: 80 rows
2025-04-24 16:35:26 - INFO - [check_ema_cross_candle] [KMI] Analyzing EMA signals for KMI
2025-04-24 16:35:26 - INFO - [check_ema_cross_candle] [KMI] EMA9: 26.602257250008236, EMA21: 26.598225093554376 | Prev EMA9: 26.59782156251029, EMA21: 26.596047602909813 | Candle: bearish
2025-04-24 16:35:26 - DEBUG - [check_ema_cross_candle] [KMI] No signal detected
2025-04-24 16:35:26 - INFO - [_process_ticker] [KMI] ℹ️ No valid signal for KMI
2025-04-24 16:35:26 - INFO - [get_stock_data] [UDR] Requesting data for UDR
2025-04-24 16:35:27 - INFO - [get_stock_data] [UDR] Data received for UDR: 80 rows
2025-04-24 16:35:27 - INFO - [check_ema_cross_candle] [UDR] Analyzing EMA signals for UDR
2025-04-24 16:35:27 - INFO - [check_ema_cross_candle] [UDR] EMA9: 41.745864773952626, EMA21: 41.75035948787408 | Prev EMA9: 41.75733096744078, EMA21: 41.75539543666149 | Candle: bearish
2025-04-24 16:35:27 - INFO - [check_ema_cross_candle] [UDR] ✅ SELL signal at 41.7, (SL: 41.9919, TP: 41.116200000000006 will be calculated externally)
2025-04-24 16:35:27 - INFO - [place_order] [UDR] Placing MARKET order for UDR: 119 shares
2025-04-24 16:35:27 - INFO - [_place_trade_and_register] [UDR] ✅ Order SELL for UDR placed with ID 58
2025-04-24 16:35:27 - INFO - [_update_active_orders_and_telegram] [N/A] 📊 Updating SL/TP for active orders
2025-04-24 16:35:28 - INFO - [update_orders] [N/A] ✅ Order 10 filled at 24.35
2025-04-24 16:35:28 - INFO - [set_tp_sl_direct] [N/A] 🔹 Setting TP (LMT) 24.63 and SL 24.12 for IPG
2025-04-24 16:35:28 - INFO - [set_tp_sl_direct] [N/A] ✅ TP (MIT) Order Status: PendingSubmit (Trigger: 24.63)
2025-04-24 16:35:28 - INFO - [set_tp_sl_direct] [N/A] ✅ SL (Stop) Order Status: PendingSubmit (Trigger: 24.12)
2025-04-24 16:35:28 - INFO - [update_orders] [N/A] ✅ Order 14 filled at 35.2
2025-04-24 16:35:28 - INFO - [set_tp_sl_direct] [N/A] 🔹 Setting TP (LMT) 35.62 and SL 34.88 for LVS
2025-04-24 16:35:28 - INFO - [set_tp_sl_direct] [N/A] ✅ TP (MIT) Order Status: PendingSubmit (Trigger: 35.62)
2025-04-24 16:35:28 - INFO - [set_tp_sl_direct] [N/A] ✅ SL (Stop) Order Status: PendingSubmit (Trigger: 34.88)
2025-04-24 16:35:28 - INFO - [update_orders] [N/A] ✅ Order 34 filled at 24.74
2025-04-24 16:35:28 - INFO - [set_tp_sl_direct] [N/A] 🔹 Setting TP (LMT) 25.09 and SL 24.57 for GEN
2025-04-24 16:35:28 - INFO - [set_tp_sl_direct] [N/A] ✅ TP (MIT) Order Status: PendingSubmit (Trigger: 25.09)
2025-04-24 16:35:28 - INFO - [set_tp_sl_direct] [N/A] ✅ SL (Stop) Order Status: PendingSubmit (Trigger: 24.57)
2025-04-24 16:35:28 - INFO - [update_orders] [N/A] ✅ Order 52 filled at 34.93
2025-04-24 16:35:28 - INFO - [set_tp_sl_direct] [N/A] 🔹 Setting TP (LMT) 34.43 and SL 35.16 for FITB
2025-04-24 16:35:28 - INFO - [set_tp_sl_direct] [N/A] ✅ TP (MIT) Order Status: PendingSubmit (Trigger: 34.43)
2025-04-24 16:35:28 - INFO - [set_tp_sl_direct] [N/A] ✅ SL (Stop) Order Status: PendingSubmit (Trigger: 35.16)
2025-04-24 16:35:30 - INFO - [_wait_until_next_iteration] [N/A] ⏳ Sleeping for 29.64 seconds before the next cycle
2025-04-24 16:36:00 - DEBUG - [_process_strategies] [N/A] ⏱ Skipping VWAP_diff_signal_1700_volume, not yet time (every 5m)
2025-04-24 16:36:00 - DEBUG - [_process_strategies] [N/A] ⏱ Skipping SMA_Cross_sma50, not yet time (every 5m)
2025-04-24 16:36:00 - DEBUG - [_process_strategies] [N/A] ⏱ Skipping SMA_Cross_candle, not yet time (every 5m)
2025-04-24 16:36:00 - DEBUG - [_process_strategies] [N/A] ⏱ Skipping EMA_Cross_ema50, not yet time (every 5m)
2025-04-24 16:36:00 - DEBUG - [_process_strategies] [N/A] ⏱ Skipping VWAP_diff_signal_1700, not yet time (every 5m)
2025-04-24 16:36:00 - DEBUG - [_process_strategies] [N/A] ⏱ Skipping VWAP_diff_signal_rsi_1700, not yet time (every 5m)
2025-04-24 16:36:00 - DEBUG - [_process_strategies] [N/A] ⏱ Skipping EMA_Cross_candle, not yet time (every 5m)
2025-04-24 16:36:00 - INFO - [_update_active_orders_and_telegram] [N/A] 📊 Updating SL/TP for active orders
2025-04-24 16:36:01 - INFO - [update_orders] [N/A] ✅ Order 58 filled at 41.53
2025-04-24 16:36:01 - INFO - [set_tp_sl_direct] [N/A] 🔹 Setting TP (LMT) 41.12 and SL 41.99 for UDR
2025-04-24 16:36:01 - INFO - [set_tp_sl_direct] [N/A] ✅ TP (MIT) Order Status: PendingSubmit (Trigger: 41.12)
2025-04-24 16:36:01 - INFO - [set_tp_sl_direct] [N/A] ✅ SL (Stop) Order Status: PendingSubmit (Trigger: 41.99)
2025-04-24 16:36:01 - INFO - [_wait_until_next_iteration] [N/A] ⏳ Sleeping for 58.93 seconds before the next cycle
2025-04-24 16:37:00 - DEBUG - [_process_strategies] [N/A] ⏱ Skipping VWAP_diff_signal_1700_volume, not yet time (every 5m)
2025-04-24 16:37:00 - DEBUG - [_process_strategies] [N/A] ⏱ Skipping SMA_Cross_sma50, not yet time (every 5m)
2025-04-24 16:37:00 - DEBUG - [_process_strategies] [N/A] ⏱ Skipping SMA_Cross_candle, not yet time (every 5m)
2025-04-24 16:37:00 - DEBUG - [_process_strategies] [N/A] ⏱ Skipping EMA_Cross_ema50, not yet time (every 5m)
2025-04-24 16:37:00 - DEBUG - [_process_strategies] [N/A] ⏱ Skipping VWAP_diff_signal_1700, not yet time (every 5m)
2025-04-24 16:37:00 - DEBUG - [_process_strategies] [N/A] ⏱ Skipping VWAP_diff_signal_rsi_1700, not yet time (every 5m)
2025-04-24 16:37:00 - DEBUG - [_process_strategies] [N/A] ⏱ Skipping EMA_Cross_candle, not yet time (every 5m)
2025-04-24 16:37:00 - INFO - [_update_active_orders_and_telegram] [N/A] 📊 Updating SL/TP for active orders
2025-04-24 16:37:01 - INFO - [_wait_until_next_iteration] [N/A] ⏳ Sleeping for 58.93 seconds before the next cycle
2025-04-24 16:38:00 - DEBUG - [_process_strategies] [N/A] ⏱ Skipping VWAP_diff_signal_1700_volume, not yet time (every 5m)
2025-04-24 16:38:00 - DEBUG - [_process_strategies] [N/A] ⏱ Skipping SMA_Cross_sma50, not yet time (every 5m)
2025-04-24 16:38:00 - DEBUG - [_process_strategies] [N/A] ⏱ Skipping SMA_Cross_candle, not yet time (every 5m)
2025-04-24 16:38:00 - DEBUG - [_process_strategies] [N/A] ⏱ Skipping EMA_Cross_ema50, not yet time (every 5m)
2025-04-24 16:38:00 - DEBUG - [_process_strategies] [N/A] ⏱ Skipping VWAP_diff_signal_1700, not yet time (every 5m)
2025-04-24 16:38:00 - DEBUG - [_process_strategies] [N/A] ⏱ Skipping VWAP_diff_signal_rsi_1700, not yet time (every 5m)
2025-04-24 16:38:00 - DEBUG - [_process_strategies] [N/A] ⏱ Skipping EMA_Cross_candle, not yet time (every 5m)
2025-04-24 16:38:00 - INFO - [_update_active_orders_and_telegram] [N/A] 📊 Updating SL/TP for active orders
2025-04-24 16:38:01 - INFO - [_wait_until_next_iteration] [N/A] ⏳ Sleeping for 58.91 seconds before the next cycle
2025-04-24 16:39:00 - DEBUG - [_process_strategies] [N/A] ⏱ Skipping VWAP_diff_signal_1700_volume, not yet time (every 5m)
2025-04-24 16:39:00 - DEBUG - [_process_strategies] [N/A] ⏱ Skipping SMA_Cross_sma50, not yet time (every 5m)
2025-04-24 16:39:00 - DEBUG - [_process_strategies] [N/A] ⏱ Skipping SMA_Cross_candle, not yet time (every 5m)
2025-04-24 16:39:00 - DEBUG - [_process_strategies] [N/A] ⏱ Skipping EMA_Cross_ema50, not yet time (every 5m)
2025-04-24 16:39:00 - DEBUG - [_process_strategies] [N/A] ⏱ Skipping VWAP_diff_signal_1700, not yet time (every 5m)
2025-04-24 16:39:00 - DEBUG - [_process_strategies] [N/A] ⏱ Skipping VWAP_diff_signal_rsi_1700, not yet time (every 5m)
2025-04-24 16:39:00 - DEBUG - [_process_strategies] [N/A] ⏱ Skipping EMA_Cross_candle, not yet time (every 5m)
2025-04-24 16:39:00 - INFO - [_update_active_orders_and_telegram] [N/A] 📊 Updating SL/TP for active orders
2025-04-24 16:39:01 - INFO - [_wait_until_next_iteration] [N/A] ⏳ Sleeping for 58.90 seconds before the next cycle
2025-04-24 16:40:00 - INFO - [_run_strategy_if_applicable] [N/A] ⏰ Strategy 'VWAP_diff_signal_1700_volume' not executed because it's outside the time window: 17:30:00 - 19:00:00
2025-04-24 16:40:00 - INFO - [_run_strategy_if_applicable] [N/A] 🔄 Starting trading loop for strategy: SMA_Cross_sma50
2025-04-24 16:40:00 - DEBUG - [_process_ticker] [FITB] 🚫 Trade not allowed for FITB (limit reached)
2025-04-24 16:40:00 - INFO - [get_stock_data] [HPQ] Requesting data for HPQ
2025-04-24 16:40:00 - INFO - [get_stock_data] [HPQ] Data received for HPQ: 80 rows
2025-04-24 16:40:00 - INFO - [check_sma_cross_sma50] [HPQ] Analyzing SMA signals for HPQ
2025-04-24 16:40:00 - INFO - [check_sma_cross_sma50] [HPQ] SMA5: 24.614, SMA20: 24.630000000000003, SMA50: 24.676000000000002 | Prev SMA5: 24.584, SMA20: 24.633499999999998
2025-04-24 16:40:00 - DEBUG - [check_sma_cross_sma50] [HPQ] No signal detected
2025-04-24 16:40:00 - INFO - [_process_ticker] [HPQ] ℹ️ No valid signal for HPQ
2025-04-24 16:40:00 - DEBUG - [_process_ticker] [IPG] 🚫 Trade not allowed for IPG (limit reached)
2025-04-24 16:40:00 - DEBUG - [_process_ticker] [LVS] 🚫 Trade not allowed for LVS (limit reached)
2025-04-24 16:40:00 - INFO - [get_stock_data] [NCLH] Requesting data for NCLH
2025-04-24 16:40:01 - INFO - [get_stock_data] [NCLH] Data received for NCLH: 80 rows
2025-04-24 16:40:01 - INFO - [check_sma_cross_sma50] [NCLH] Analyzing SMA signals for NCLH
2025-04-24 16:40:01 - INFO - [check_sma_cross_sma50] [NCLH] SMA5: 16.956, SMA20: 17.042499999999997, SMA50: 17.140200000000004 | Prev SMA5: 16.996, SMA20: 17.061500000000002
2025-04-24 16:40:01 - DEBUG - [check_sma_cross_sma50] [NCLH] No signal detected
2025-04-24 16:40:01 - INFO - [_process_ticker] [NCLH] ℹ️ No valid signal for NCLH
2025-04-24 16:40:01 - INFO - [get_stock_data] [NWSA] Requesting data for NWSA
2025-04-24 16:40:01 - INFO - [get_stock_data] [NWSA] Data received for NWSA: 80 rows
2025-04-24 16:40:01 - INFO - [check_sma_cross_sma50] [NWSA] Analyzing SMA signals for NWSA
2025-04-24 16:40:01 - INFO - [check_sma_cross_sma50] [NWSA] SMA5: 26.55, SMA20: 26.4945, SMA50: 26.5148 | Prev SMA5: 26.518, SMA20: 26.4885
2025-04-24 16:40:01 - DEBUG - [check_sma_cross_sma50] [NWSA] No signal detected
2025-04-24 16:40:01 - INFO - [_process_ticker] [NWSA] ℹ️ No valid signal for NWSA
2025-04-24 16:40:01 - INFO - [_run_strategy_if_applicable] [N/A] 🔄 Starting trading loop for strategy: SMA_Cross_candle
2025-04-24 16:40:01 - INFO - [get_stock_data] [DVN] Requesting data for DVN
2025-04-24 16:40:02 - INFO - [get_stock_data] [DVN] Data received for DVN: 80 rows
2025-04-24 16:40:02 - INFO - [check_sma_cross_candle] [DVN] Analyzing SMA signals for DVN
2025-04-24 16:40:02 - INFO - [check_sma_cross_candle] [DVN] SMA5: 31.201999999999998, SMA20: 31.0135 | Prev SMA5: 31.112000000000002, SMA20: 30.996499999999997 | Candle direction: bullish
2025-04-24 16:40:02 - DEBUG - [check_sma_cross_candle] [DVN] No signal detected
2025-04-24 16:40:02 - INFO - [_process_ticker] [DVN] ℹ️ No valid signal for DVN
2025-04-24 16:40:02 - INFO - [get_stock_data] [LUV] Requesting data for LUV
2025-04-24 16:40:02 - INFO - [get_stock_data] [LUV] Data received for LUV: 80 rows
2025-04-24 16:40:02 - INFO - [check_sma_cross_candle] [LUV] Analyzing SMA signals for LUV
2025-04-24 16:40:02 - INFO - [check_sma_cross_candle] [LUV] SMA5: 25.633999999999997, SMA20: 25.5415 | Prev SMA5: 25.562, SMA20: 25.5255 | Candle direction: bullish
2025-04-24 16:40:02 - DEBUG - [check_sma_cross_candle] [LUV] No signal detected
2025-04-24 16:40:02 - INFO - [_process_ticker] [LUV] ℹ️ No valid signal for LUV
2025-04-24 16:40:02 - INFO - [get_stock_data] [NI] Requesting data for NI
2025-04-24 16:40:03 - INFO - [get_stock_data] [NI] Data received for NI: 80 rows
2025-04-24 16:40:03 - INFO - [check_sma_cross_candle] [NI] Analyzing SMA signals for NI
2025-04-24 16:40:03 - INFO - [check_sma_cross_candle] [NI] SMA5: 39.263999999999996, SMA20: 39.0965 | Prev SMA5: 39.297999999999995, SMA20: 39.088499999999996 | Candle direction: bearish
2025-04-24 16:40:03 - DEBUG - [check_sma_cross_candle] [NI] No signal detected
2025-04-24 16:40:03 - INFO - [_process_ticker] [NI] ℹ️ No valid signal for NI
2025-04-24 16:40:03 - INFO - [get_stock_data] [WBD] Requesting data for WBD
2025-04-24 16:40:03 - INFO - [get_stock_data] [WBD] Data received for WBD: 80 rows
2025-04-24 16:40:03 - INFO - [check_sma_cross_candle] [WBD] Analyzing SMA signals for WBD
2025-04-24 16:40:03 - INFO - [check_sma_cross_candle] [WBD] SMA5: 8.41, SMA20: 8.3965 | Prev SMA5: 8.378, SMA20: 8.391 | Candle direction: bullish
2025-04-24 16:40:03 - INFO - [check_sma_cross_candle] [WBD] ✅ BUY signal at 8.52, (SL: 8.46036, TP: 8.63928 will be calculated externally)
2025-04-24 16:40:04 - INFO - [place_order] [WBD] Placing MARKET order for WBD: 586 shares
2025-04-24 16:40:04 - INFO - [_place_trade_and_register] [WBD] ✅ Order BUY for WBD placed with ID 84
2025-04-24 16:40:04 - INFO - [_run_strategy_if_applicable] [N/A] 🔄 Starting trading loop for strategy: EMA_Cross_ema50
2025-04-24 16:40:04 - INFO - [get_stock_data] [CFG] Requesting data for CFG
2025-04-24 16:40:04 - INFO - [get_stock_data] [CFG] Data received for CFG: 80 rows
2025-04-24 16:40:04 - INFO - [check_ema_cross_ema50] [CFG] Analyzing EMA signals for CFG
2025-04-24 16:40:04 - INFO - [check_ema_cross_ema50] [CFG] EMA9: 36.45983505504382, EMA21: 36.48978489813519, EMA50: 36.64505555808391 | Prev EMA9: 36.44229381880477, EMA21: 36.485763387948715
2025-04-24 16:40:04 - DEBUG - [check_ema_cross_ema50] [CFG] No signal detected
2025-04-24 16:40:04 - INFO - [_process_ticker] [CFG] ℹ️ No valid signal for CFG
2025-04-24 16:40:04 - INFO - [get_stock_data] [CZR] Requesting data for CZR
2025-04-24 16:40:05 - INFO - [get_stock_data] [CZR] Data received for CZR: 80 rows
2025-04-24 16:40:05 - INFO - [check_ema_cross_ema50] [CZR] Analyzing EMA signals for CZR
2025-04-24 16:40:05 - INFO - [check_ema_cross_ema50] [CZR] EMA9: 26.766883966136888, EMA21: 26.845800893999865, EMA50: 26.994210774998834 | Prev EMA9: 26.803604957671105, EMA21: 26.86838098339985
2025-04-24 16:40:05 - DEBUG - [check_ema_cross_ema50] [CZR] No signal detected
2025-04-24 16:40:05 - INFO - [_process_ticker] [CZR] ℹ️ No valid signal for CZR
2025-04-24 16:40:05 - DEBUG - [_process_ticker] [GEN] 🚫 Trade not allowed for GEN (limit reached)
2025-04-24 16:40:05 - INFO - [get_stock_data] [PARA] Requesting data for PARA
2025-04-24 16:40:05 - INFO - [get_stock_data] [PARA] Data received for PARA: 80 rows
2025-04-24 16:40:05 - INFO - [check_ema_cross_ema50] [PARA] Analyzing EMA signals for PARA
2025-04-24 16:40:05 - INFO - [check_ema_cross_ema50] [PARA] EMA9: 11.190762520754138, EMA21: 11.183659186818614, EMA50: 11.182866696926688 | Prev EMA9: 11.18095315094267, EMA21: 11.179025105500475
2025-04-24 16:40:05 - DEBUG - [check_ema_cross_ema50] [PARA] No signal detected
2025-04-24 16:40:05 - INFO - [_process_ticker] [PARA] ℹ️ No valid signal for PARA
2025-04-24 16:40:05 - INFO - [get_stock_data] [PPL] Requesting data for PPL
2025-04-24 16:40:06 - INFO - [get_stock_data] [PPL] Data received for PPL: 81 rows
2025-04-24 16:40:06 - INFO - [check_ema_cross_ema50] [PPL] Analyzing EMA signals for PPL
2025-04-24 16:40:06 - INFO - [check_ema_cross_ema50] [PPL] EMA9: 36.0579950533737, EMA21: 36.05138543321716, EMA50: 36.06624662478538 | Prev EMA9: 36.09249381671712, EMA21: 36.06452397653888
2025-04-24 16:40:06 - DEBUG - [check_ema_cross_ema50] [PPL] No signal detected
2025-04-24 16:40:06 - INFO - [_process_ticker] [PPL] ℹ️ No valid signal for PPL
2025-04-24 16:40:06 - INFO - [get_stock_data] [TFC] Requesting data for TFC
2025-04-24 16:40:06 - INFO - [get_stock_data] [TFC] Data received for TFC: 81 rows
2025-04-24 16:40:06 - INFO - [check_ema_cross_ema50] [TFC] Analyzing EMA signals for TFC
2025-04-24 16:40:06 - INFO - [check_ema_cross_ema50] [TFC] EMA9: 37.129712392576245, EMA21: 37.15516493211366, EMA50: 37.26636867599812 | Prev EMA9: 37.129640490720305, EMA21: 37.15768142532502
2025-04-24 16:40:06 - DEBUG - [check_ema_cross_ema50] [TFC] No signal detected
2025-04-24 16:40:06 - INFO - [_process_ticker] [TFC] ℹ️ No valid signal for TFC
2025-04-24 16:40:06 - DEBUG - [_process_ticker] [WBD] 🚫 Trade not allowed for WBD (limit reached)
2025-04-24 16:40:06 - INFO - [_run_strategy_if_applicable] [N/A] ⏰ Strategy 'VWAP_diff_signal_1700' not executed because it's outside the time window: 17:30:00 - 19:00:00
2025-04-24 16:40:06 - INFO - [_run_strategy_if_applicable] [N/A] ⏰ Strategy 'VWAP_diff_signal_rsi_1700' not executed because it's outside the time window: 17:30:00 - 19:00:00
2025-04-24 16:40:06 - INFO - [_run_strategy_if_applicable] [N/A] 🔄 Starting trading loop for strategy: EMA_Cross_candle
2025-04-24 16:40:06 - INFO - [get_stock_data] [BAX] Requesting data for BAX
2025-04-24 16:40:07 - INFO - [get_stock_data] [BAX] Data received for BAX: 81 rows
2025-04-24 16:40:07 - INFO - [check_ema_cross_candle] [BAX] Analyzing EMA signals for BAX
2025-04-24 16:40:07 - INFO - [check_ema_cross_candle] [BAX] EMA9: 29.590394097737448, EMA21: 29.54822711294018 | Prev EMA9: 29.57799262217181, EMA21: 29.539049824234198 | Candle: bearish
2025-04-24 16:40:07 - DEBUG - [check_ema_cross_candle] [BAX] No signal detected
2025-04-24 16:40:07 - INFO - [_process_ticker] [BAX] ℹ️ No valid signal for BAX
2025-04-24 16:40:07 - INFO - [get_stock_data] [CTRA] Requesting data for CTRA
2025-04-24 16:40:07 - INFO - [get_stock_data] [CTRA] Data received for CTRA: 81 rows
2025-04-24 16:40:07 - INFO - [check_ema_cross_candle] [CTRA] Analyzing EMA signals for CTRA
2025-04-24 16:40:07 - INFO - [check_ema_cross_candle] [CTRA] EMA9: 25.315023594477886, EMA21: 25.29698894353776 | Prev EMA9: 25.308779493097354, EMA21: 25.292687837891535 | Candle: bearish
2025-04-24 16:40:07 - DEBUG - [check_ema_cross_candle] [CTRA] No signal detected
2025-04-24 16:40:07 - INFO - [_process_ticker] [CTRA] ℹ️ No valid signal for CTRA
2025-04-24 16:40:07 - INFO - [get_stock_data] [EXC] Requesting data for EXC
2025-04-24 16:40:08 - INFO - [get_stock_data] [EXC] Data received for EXC: 81 rows
2025-04-24 16:40:08 - INFO - [check_ema_cross_candle] [EXC] Analyzing EMA signals for EXC
2025-04-24 16:40:08 - INFO - [check_ema_cross_candle] [EXC] EMA9: 46.533253715892805, EMA21: 46.49886864885353 | Prev EMA9: 46.566567144866, EMA21: 46.50875551373888 | Candle: bearish
2025-04-24 16:40:08 - DEBUG - [check_ema_cross_candle] [EXC] No signal detected
2025-04-24 16:40:08 - INFO - [_process_ticker] [EXC] ℹ️ No valid signal for EXC
2025-04-24 16:40:08 - DEBUG - [_process_ticker] [FITB] 🚫 Trade not allowed for FITB (limit reached)
2025-04-24 16:40:08 - INFO - [get_stock_data] [KMI] Requesting data for KMI
2025-04-24 16:40:08 - INFO - [get_stock_data] [KMI] Data received for KMI: 81 rows
2025-04-24 16:40:08 - INFO - [check_ema_cross_candle] [KMI] Analyzing EMA signals for KMI
2025-04-24 16:40:08 - INFO - [check_ema_cross_candle] [KMI] EMA9: 26.64540580000659, EMA21: 26.619295539594884 | Prev EMA9: 26.624257250008235, EMA21: 26.608225093554374 | Candle: bearish
2025-04-24 16:40:08 - DEBUG - [check_ema_cross_candle] [KMI] No signal detected
2025-04-24 16:40:08 - INFO - [_process_ticker] [KMI] ℹ️ No valid signal for KMI
2025-04-24 16:40:08 - DEBUG - [_process_ticker] [UDR] 🚫 Trade not allowed for UDR (limit reached)
2025-04-24 16:40:08 - INFO - [_update_active_orders_and_telegram] [N/A] 📊 Updating SL/TP for active orders
2025-04-24 16:40:09 - INFO - [update_orders] [N/A] ✅ Order 84 filled at 8.53
2025-04-24 16:40:09 - INFO - [set_tp_sl_direct] [N/A] 🔹 Setting TP (LMT) 8.64 and SL 8.46 for WBD
2025-04-24 16:40:09 - INFO - [set_tp_sl_direct] [N/A] ✅ TP (MIT) Order Status: PendingSubmit (Trigger: 8.64)
2025-04-24 16:40:09 - INFO - [set_tp_sl_direct] [N/A] ✅ SL (Stop) Order Status: PendingSubmit (Trigger: 8.46)
2025-04-24 16:40:10 - INFO - [_wait_until_next_iteration] [N/A] ⏳ Sleeping for 49.82 seconds before the next cycle
2025-04-24 16:41:00 - DEBUG - [_process_strategies] [N/A] ⏱ Skipping VWAP_diff_signal_1700_volume, not yet time (every 5m)
2025-04-24 16:41:00 - DEBUG - [_process_strategies] [N/A] ⏱ Skipping SMA_Cross_sma50, not yet time (every 5m)
2025-04-24 16:41:00 - DEBUG - [_process_strategies] [N/A] ⏱ Skipping SMA_Cross_candle, not yet time (every 5m)
2025-04-24 16:41:00 - DEBUG - [_process_strategies] [N/A] ⏱ Skipping EMA_Cross_ema50, not yet time (every 5m)
2025-04-24 16:41:00 - DEBUG - [_process_strategies] [N/A] ⏱ Skipping VWAP_diff_signal_1700, not yet time (every 5m)
2025-04-24 16:41:00 - DEBUG - [_process_strategies] [N/A] ⏱ Skipping VWAP_diff_signal_rsi_1700, not yet time (every 5m)
2025-04-24 16:41:00 - DEBUG - [_process_strategies] [N/A] ⏱ Skipping EMA_Cross_candle, not yet time (every 5m)
2025-04-24 16:41:00 - INFO - [_update_active_orders_and_telegram] [N/A] 📊 Updating SL/TP for active orders
2025-04-24 16:41:01 - INFO - [_wait_until_next_iteration] [N/A] ⏳ Sleeping for 58.91 seconds before the next cycle
2025-04-24 16:42:00 - DEBUG - [_process_strategies] [N/A] ⏱ Skipping VWAP_diff_signal_1700_volume, not yet time (every 5m)
2025-04-24 16:42:00 - DEBUG - [_process_strategies] [N/A] ⏱ Skipping SMA_Cross_sma50, not yet time (every 5m)
2025-04-24 16:42:00 - DEBUG - [_process_strategies] [N/A] ⏱ Skipping SMA_Cross_candle, not yet time (every 5m)
2025-04-24 16:42:00 - DEBUG - [_process_strategies] [N/A] ⏱ Skipping EMA_Cross_ema50, not yet time (every 5m)
2025-04-24 16:42:00 - DEBUG - [_process_strategies] [N/A] ⏱ Skipping VWAP_diff_signal_1700, not yet time (every 5m)
2025-04-24 16:42:00 - DEBUG - [_process_strategies] [N/A] ⏱ Skipping VWAP_diff_signal_rsi_1700, not yet time (every 5m)
2025-04-24 16:42:00 - DEBUG - [_process_strategies] [N/A] ⏱ Skipping EMA_Cross_candle, not yet time (every 5m)
2025-04-24 16:42:00 - INFO - [_update_active_orders_and_telegram] [N/A] 📊 Updating SL/TP for active orders
2025-04-24 16:42:01 - INFO - [_wait_until_next_iteration] [N/A] ⏳ Sleeping for 58.92 seconds before the next cycle
2025-04-24 16:43:00 - DEBUG - [_process_strategies] [N/A] ⏱ Skipping VWAP_diff_signal_1700_volume, not yet time (every 5m)
2025-04-24 16:43:00 - DEBUG - [_process_strategies] [N/A] ⏱ Skipping SMA_Cross_sma50, not yet time (every 5m)
2025-04-24 16:43:00 - DEBUG - [_process_strategies] [N/A] ⏱ Skipping SMA_Cross_candle, not yet time (every 5m)
2025-04-24 16:43:00 - DEBUG - [_process_strategies] [N/A] ⏱ Skipping EMA_Cross_ema50, not yet time (every 5m)
2025-04-24 16:43:00 - DEBUG - [_process_strategies] [N/A] ⏱ Skipping VWAP_diff_signal_1700, not yet time (every 5m)
2025-04-24 16:43:00 - DEBUG - [_process_strategies] [N/A] ⏱ Skipping VWAP_diff_signal_rsi_1700, not yet time (every 5m)
2025-04-24 16:43:00 - DEBUG - [_process_strategies] [N/A] ⏱ Skipping EMA_Cross_candle, not yet time (every 5m)
2025-04-24 16:43:00 - INFO - [_update_active_orders_and_telegram] [N/A] 📊 Updating SL/TP for active orders
2025-04-24 16:43:01 - INFO - [_wait_until_next_iteration] [N/A] ⏳ Sleeping for 58.92 seconds before the next cycle
2025-04-24 16:44:00 - DEBUG - [_process_strategies] [N/A] ⏱ Skipping VWAP_diff_signal_1700_volume, not yet time (every 5m)
2025-04-24 16:44:00 - DEBUG - [_process_strategies] [N/A] ⏱ Skipping SMA_Cross_sma50, not yet time (every 5m)
2025-04-24 16:44:00 - DEBUG - [_process_strategies] [N/A] ⏱ Skipping SMA_Cross_candle, not yet time (every 5m)
2025-04-24 16:44:00 - DEBUG - [_process_strategies] [N/A] ⏱ Skipping EMA_Cross_ema50, not yet time (every 5m)
2025-04-24 16:44:00 - DEBUG - [_process_strategies] [N/A] ⏱ Skipping VWAP_diff_signal_1700, not yet time (every 5m)
2025-04-24 16:44:00 - DEBUG - [_process_strategies] [N/A] ⏱ Skipping VWAP_diff_signal_rsi_1700, not yet time (every 5m)
2025-04-24 16:44:00 - DEBUG - [_process_strategies] [N/A] ⏱ Skipping EMA_Cross_candle, not yet time (every 5m)
2025-04-24 16:44:00 - INFO - [_update_active_orders_and_telegram] [N/A] 📊 Updating SL/TP for active orders
2025-04-24 16:44:01 - INFO - [_wait_until_next_iteration] [N/A] ⏳ Sleeping for 58.91 seconds before the next cycle
2025-04-24 16:45:00 - INFO - [_run_strategy_if_applicable] [N/A] ⏰ Strategy 'VWAP_diff_signal_1700_volume' not executed because it's outside the time window: 17:30:00 - 19:00:00
2025-04-24 16:45:00 - INFO - [_run_strategy_if_applicable] [N/A] 🔄 Starting trading loop for strategy: SMA_Cross_sma50
2025-04-24 16:45:00 - DEBUG - [_process_ticker] [FITB] 🚫 Trade not allowed for FITB (limit reached)
2025-04-24 16:45:00 - INFO - [get_stock_data] [HPQ] Requesting data for HPQ
2025-04-24 16:45:00 - INFO - [get_stock_data] [HPQ] Data received for HPQ: 81 rows
2025-04-24 16:45:00 - INFO - [check_sma_cross_sma50] [HPQ] Analyzing SMA signals for HPQ
2025-04-24 16:45:00 - INFO - [check_sma_cross_sma50] [HPQ] SMA5: 24.644, SMA20: 24.627000000000002, SMA50: 24.679000000000002 | Prev SMA5: 24.612000000000002, SMA20: 24.6295
2025-04-24 16:45:00 - INFO - [check_sma_cross_sma50] [HPQ] ✅ BUY signal at 24.71, (SL: 24.53703, TP: 25.05594 will be calculated externally)
2025-04-24 16:45:00 - INFO - [place_order] [HPQ] Placing MARKET order for HPQ: 202 shares
2025-04-24 16:45:00 - INFO - [_place_trade_and_register] [HPQ] ✅ Order BUY for HPQ placed with ID 108
2025-04-24 16:45:00 - DEBUG - [_process_ticker] [IPG] 🚫 Trade not allowed for IPG (limit reached)
2025-04-24 16:45:00 - DEBUG - [_process_ticker] [LVS] 🚫 Trade not allowed for LVS (limit reached)
2025-04-24 16:45:00 - INFO - [get_stock_data] [NCLH] Requesting data for NCLH
2025-04-24 16:45:01 - INFO - [get_stock_data] [NCLH] Data received for NCLH: 81 rows
2025-04-24 16:45:01 - INFO - [check_sma_cross_sma50] [NCLH] Analyzing SMA signals for NCLH
2025-04-24 16:45:01 - INFO - [check_sma_cross_sma50] [NCLH] SMA5: 16.912, SMA20: 17.023999999999997, SMA50: 17.1322 | Prev SMA5: 16.956, SMA20: 17.042499999999997
2025-04-24 16:45:01 - DEBUG - [check_sma_cross_sma50] [NCLH] No signal detected
2025-04-24 16:45:01 - INFO - [_process_ticker] [NCLH] ℹ️ No valid signal for NCLH
2025-04-24 16:45:01 - INFO - [get_stock_data] [NWSA] Requesting data for NWSA
2025-04-24 16:45:02 - INFO - [get_stock_data] [NWSA] Data received for NWSA: 81 rows
2025-04-24 16:45:02 - INFO - [check_sma_cross_sma50] [NWSA] Analyzing SMA signals for NWSA
2025-04-24 16:45:02 - INFO - [check_sma_cross_sma50] [NWSA] SMA5: 26.586000000000002, SMA20: 26.503000000000004, SMA50: 26.5184 | Prev SMA5: 26.55, SMA20: 26.4945
2025-04-24 16:45:02 - DEBUG - [check_sma_cross_sma50] [NWSA] No signal detected
2025-04-24 16:45:02 - INFO - [_process_ticker] [NWSA] ℹ️ No valid signal for NWSA
2025-04-24 16:45:02 - INFO - [_run_strategy_if_applicable] [N/A] 🔄 Starting trading loop for strategy: SMA_Cross_candle
2025-04-24 16:45:02 - INFO - [get_stock_data] [DVN] Requesting data for DVN
2025-04-24 16:45:02 - INFO - [get_stock_data] [DVN] Data received for DVN: 81 rows
2025-04-24 16:45:02 - INFO - [check_sma_cross_candle] [DVN] Analyzing SMA signals for DVN
2025-04-24 16:45:02 - INFO - [check_sma_cross_candle] [DVN] SMA5: 31.248, SMA20: 31.0205 | Prev SMA5: 31.201999999999998, SMA20: 31.0135 | Candle direction: bearish
2025-04-24 16:45:02 - DEBUG - [check_sma_cross_candle] [DVN] No signal detected
2025-04-24 16:45:02 - INFO - [_process_ticker] [DVN] ℹ️ No valid signal for DVN
2025-04-24 16:45:02 - INFO - [get_stock_data] [LUV] Requesting data for LUV
2025-04-24 16:45:03 - INFO - [get_stock_data] [LUV] Data received for LUV: 81 rows
2025-04-24 16:45:03 - INFO - [check_sma_cross_candle] [LUV] Analyzing SMA signals for LUV
2025-04-24 16:45:03 - INFO - [check_sma_cross_candle] [LUV] SMA5: 25.636000000000003, SMA20: 25.541999999999998 | Prev SMA5: 25.633999999999997, SMA20: 25.5415 | Candle direction: bearish
2025-04-24 16:45:03 - DEBUG - [check_sma_cross_candle] [LUV] No signal detected
2025-04-24 16:45:03 - INFO - [_process_ticker] [LUV] ℹ️ No valid signal for LUV
2025-04-24 16:45:03 - INFO - [get_stock_data] [NI] Requesting data for NI
2025-04-24 16:45:03 - INFO - [get_stock_data] [NI] Data received for NI: 81 rows
2025-04-24 16:45:03 - INFO - [check_sma_cross_candle] [NI] Analyzing SMA signals for NI
2025-04-24 16:45:03 - INFO - [check_sma_cross_candle] [NI] SMA5: 39.242, SMA20: 39.108999999999995 | Prev SMA5: 39.263999999999996, SMA20: 39.0965 | Candle direction: bullish
2025-04-24 16:45:03 - DEBUG - [check_sma_cross_candle] [NI] No signal detected
2025-04-24 16:45:03 - INFO - [_process_ticker] [NI] ℹ️ No valid signal for NI
2025-04-24 16:45:03 - DEBUG - [_process_ticker] [WBD] 🚫 Trade not allowed for WBD (limit reached)
2025-04-24 16:45:03 - INFO - [_run_strategy_if_applicable] [N/A] 🔄 Starting trading loop for strategy: EMA_Cross_ema50
2025-04-24 16:45:03 - INFO - [get_stock_data] [CFG] Requesting data for CFG
2025-04-24 16:45:04 - INFO - [get_stock_data] [CFG] Data received for CFG: 81 rows
2025-04-24 16:45:04 - INFO - [check_ema_cross_ema50] [CFG] Analyzing EMA signals for CFG
2025-04-24 16:45:04 - INFO - [check_ema_cross_ema50] [CFG] EMA9: 36.471868044035055, EMA21: 36.49253172557744, EMA50: 36.640151418551206 | Prev EMA9: 36.45983505504382, EMA21: 36.48978489813519
2025-04-24 16:45:04 - DEBUG - [check_ema_cross_ema50] [CFG] No signal detected
2025-04-24 16:45:04 - INFO - [_process_ticker] [CFG] ℹ️ No valid signal for CFG
2025-04-24 16:45:04 - INFO - [get_stock_data] [CZR] Requesting data for CZR
2025-04-24 16:45:05 - INFO - [get_stock_data] [CZR] Data received for CZR: 81 rows
2025-04-24 16:45:05 - INFO - [check_ema_cross_ema50] [CZR] Analyzing EMA signals for CZR
2025-04-24 16:45:05 - INFO - [check_ema_cross_ema50] [CZR] EMA9: 26.719507172909513, EMA21: 26.81709172181806, EMA50: 26.97600643088123 | Prev EMA9: 26.766883966136888, EMA21: 26.845800893999865
2025-04-24 16:45:05 - DEBUG - [check_ema_cross_ema50] [CZR] No signal detected
2025-04-24 16:45:05 - INFO - [_process_ticker] [CZR] ℹ️ No valid signal for CZR
2025-04-24 16:45:05 - DEBUG - [_process_ticker] [GEN] 🚫 Trade not allowed for GEN (limit reached)
2025-04-24 16:45:05 - INFO - [get_stock_data] [PARA] Requesting data for PARA
2025-04-24 16:45:05 - INFO - [get_stock_data] [PARA] Data received for PARA: 82 rows
2025-04-24 16:45:05 - INFO - [check_ema_cross_ema50] [PARA] Analyzing EMA signals for PARA
2025-04-24 16:45:05 - INFO - [check_ema_cross_ema50] [PARA] EMA9: 11.22888801328265, EMA21: 11.203106765965796, EMA50: 11.19151208739753 | Prev EMA9: 11.208610016603311, EMA21: 11.192417442562377
2025-04-24 16:45:05 - DEBUG - [check_ema_cross_ema50] [PARA] No signal detected
2025-04-24 16:45:05 - INFO - [_process_ticker] [PARA] ℹ️ No valid signal for PARA
2025-04-24 16:45:05 - INFO - [get_stock_data] [PPL] Requesting data for PPL
2025-04-24 16:45:06 - INFO - [get_stock_data] [PPL] Data received for PPL: 82 rows
2025-04-24 16:45:06 - INFO - [check_ema_cross_ema50] [PPL] Analyzing EMA signals for PPL
2025-04-24 16:45:06 - INFO - [check_ema_cross_ema50] [PPL] EMA9: 36.06039604269896, EMA21: 36.05307766656106, EMA50: 36.066393815970265 | Prev EMA9: 36.0579950533737, EMA21: 36.05138543321716
2025-04-24 16:45:06 - DEBUG - [check_ema_cross_ema50] [PPL] No signal detected
2025-04-24 16:45:06 - INFO - [_process_ticker] [PPL] ℹ️ No valid signal for PPL
2025-04-24 16:45:06 - INFO - [get_stock_data] [TFC] Requesting data for TFC
2025-04-24 16:45:07 - INFO - [get_stock_data] [TFC] Data received for TFC: 82 rows
2025-04-24 16:45:07 - INFO - [check_ema_cross_ema50] [TFC] Analyzing EMA signals for TFC
2025-04-24 16:45:07 - INFO - [check_ema_cross_ema50] [TFC] EMA9: 37.143769914061, EMA21: 37.159240847376054, EMA50: 37.26376598282173 | Prev EMA9: 37.129712392576245, EMA21: 37.15516493211366
2025-04-24 16:45:07 - DEBUG - [check_ema_cross_ema50] [TFC] No signal detected
2025-04-24 16:45:07 - INFO - [_process_ticker] [TFC] ℹ️ No valid signal for TFC
2025-04-24 16:45:07 - DEBUG - [_process_ticker] [WBD] 🚫 Trade not allowed for WBD (limit reached)
2025-04-24 16:45:07 - INFO - [_run_strategy_if_applicable] [N/A] ⏰ Strategy 'VWAP_diff_signal_1700' not executed because it's outside the time window: 17:30:00 - 19:00:00
2025-04-24 16:45:07 - INFO - [_run_strategy_if_applicable] [N/A] ⏰ Strategy 'VWAP_diff_signal_rsi_1700' not executed because it's outside the time window: 17:30:00 - 19:00:00
2025-04-24 16:45:07 - INFO - [_run_strategy_if_applicable] [N/A] 🔄 Starting trading loop for strategy: EMA_Cross_candle
2025-04-24 16:45:07 - INFO - [get_stock_data] [BAX] Requesting data for BAX
2025-04-24 16:45:07 - INFO - [get_stock_data] [BAX] Data received for BAX: 82 rows
2025-04-24 16:45:07 - INFO - [check_ema_cross_candle] [BAX] Analyzing EMA signals for BAX
2025-04-24 16:45:07 - INFO - [check_ema_cross_candle] [BAX] EMA9: 29.616315278189962, EMA21: 29.564338697714213 | Prev EMA9: 29.60039409773745, EMA21: 29.552772567485633 | Candle: bearish
2025-04-24 16:45:07 - DEBUG - [check_ema_cross_candle] [BAX] No signal detected
2025-04-24 16:45:07 - INFO - [_process_ticker] [BAX] ℹ️ No valid signal for BAX
2025-04-24 16:45:07 - INFO - [get_stock_data] [CTRA] Requesting data for CTRA
2025-04-24 16:45:08 - INFO - [get_stock_data] [CTRA] Data received for CTRA: 82 rows
2025-04-24 16:45:08 - INFO - [check_ema_cross_candle] [CTRA] Analyzing EMA signals for CTRA
2025-04-24 16:45:08 - INFO - [check_ema_cross_candle] [CTRA] EMA9: 25.336418875582307, EMA21: 25.308750279249203 | Prev EMA9: 25.323023594477885, EMA21: 25.300625307174123 | Candle: bearish
2025-04-24 16:45:08 - DEBUG - [check_ema_cross_candle] [CTRA] No signal detected
2025-04-24 16:45:08 - INFO - [_process_ticker] [CTRA] ℹ️ No valid signal for CTRA
2025-04-24 16:45:08 - INFO - [get_stock_data] [EXC] Requesting data for EXC
2025-04-24 16:45:09 - INFO - [get_stock_data] [EXC] Data received for EXC: 82 rows
2025-04-24 16:45:09 - INFO - [check_ema_cross_candle] [EXC] Analyzing EMA signals for EXC
2025-04-24 16:45:09 - INFO - [check_ema_cross_candle] [EXC] EMA9: 46.56500297271425, EMA21: 46.51781447416437 | Prev EMA9: 46.5612537158928, EMA21: 46.511595921580806 | Candle: bullish
2025-04-24 16:45:09 - DEBUG - [check_ema_cross_candle] [EXC] No signal detected
2025-04-24 16:45:09 - INFO - [_process_ticker] [EXC] ℹ️ No valid signal for EXC
2025-04-24 16:45:09 - DEBUG - [_process_ticker] [FITB] 🚫 Trade not allowed for FITB (limit reached)
2025-04-24 16:45:09 - INFO - [get_stock_data] [KMI] Requesting data for KMI
2025-04-24 16:45:09 - INFO - [get_stock_data] [KMI] Data received for KMI: 82 rows
2025-04-24 16:45:09 - INFO - [check_ema_cross_candle] [KMI] Analyzing EMA signals for KMI
2025-04-24 16:45:09 - INFO - [check_ema_cross_candle] [KMI] EMA9: 26.653524640005273, EMA21: 26.625062060788736 | Prev EMA9: 26.63940580000659, EMA21: 26.61656826686761 | Candle: bullish
2025-04-24 16:45:09 - DEBUG - [check_ema_cross_candle] [KMI] No signal detected
2025-04-24 16:45:09 - INFO - [_process_ticker] [KMI] ℹ️ No valid signal for KMI
2025-04-24 16:45:09 - DEBUG - [_process_ticker] [UDR] 🚫 Trade not allowed for UDR (limit reached)
2025-04-24 16:45:09 - INFO - [_update_active_orders_and_telegram] [N/A] 📊 Updating SL/TP for active orders
2025-04-24 16:45:10 - INFO - [update_orders] [N/A] ✅ Order 108 filled at 24.74
2025-04-24 16:45:10 - INFO - [set_tp_sl_direct] [N/A] 🔹 Setting TP (LMT) 25.06 and SL 24.54 for HPQ
2025-04-24 16:45:10 - INFO - [set_tp_sl_direct] [N/A] ✅ TP (MIT) Order Status: PendingSubmit (Trigger: 25.06)
2025-04-24 16:45:10 - INFO - [set_tp_sl_direct] [N/A] ✅ SL (Stop) Order Status: PendingSubmit (Trigger: 24.54)
2025-04-24 16:45:11 - INFO - [_wait_until_next_iteration] [N/A] ⏳ Sleeping for 48.64 seconds before the next cycle
2025-04-24 16:46:00 - DEBUG - [_process_strategies] [N/A] ⏱ Skipping VWAP_diff_signal_1700_volume, not yet time (every 5m)
2025-04-24 16:46:00 - DEBUG - [_process_strategies] [N/A] ⏱ Skipping SMA_Cross_sma50, not yet time (every 5m)
2025-04-24 16:46:00 - DEBUG - [_process_strategies] [N/A] ⏱ Skipping SMA_Cross_candle, not yet time (every 5m)
2025-04-24 16:46:00 - DEBUG - [_process_strategies] [N/A] ⏱ Skipping EMA_Cross_ema50, not yet time (every 5m)
2025-04-24 16:46:00 - DEBUG - [_process_strategies] [N/A] ⏱ Skipping VWAP_diff_signal_1700, not yet time (every 5m)
2025-04-24 16:46:00 - DEBUG - [_process_strategies] [N/A] ⏱ Skipping VWAP_diff_signal_rsi_1700, not yet time (every 5m)
2025-04-24 16:46:00 - DEBUG - [_process_strategies] [N/A] ⏱ Skipping EMA_Cross_candle, not yet time (every 5m)
2025-04-24 16:46:00 - INFO - [_update_active_orders_and_telegram] [N/A] 📊 Updating SL/TP for active orders
2025-04-24 16:46:01 - INFO - [_wait_until_next_iteration] [N/A] ⏳ Sleeping for 58.93 seconds before the next cycle
2025-04-24 16:47:00 - DEBUG - [_process_strategies] [N/A] ⏱ Skipping VWAP_diff_signal_1700_volume, not yet time (every 5m)
2025-04-24 16:47:00 - DEBUG - [_process_strategies] [N/A] ⏱ Skipping SMA_Cross_sma50, not yet time (every 5m)
2025-04-24 16:47:00 - DEBUG - [_process_strategies] [N/A] ⏱ Skipping SMA_Cross_candle, not yet time (every 5m)
2025-04-24 16:47:00 - DEBUG - [_process_strategies] [N/A] ⏱ Skipping EMA_Cross_ema50, not yet time (every 5m)
2025-04-24 16:47:00 - DEBUG - [_process_strategies] [N/A] ⏱ Skipping VWAP_diff_signal_1700, not yet time (every 5m)
2025-04-24 16:47:00 - DEBUG - [_process_strategies] [N/A] ⏱ Skipping VWAP_diff_signal_rsi_1700, not yet time (every 5m)
2025-04-24 16:47:00 - DEBUG - [_process_strategies] [N/A] ⏱ Skipping EMA_Cross_candle, not yet time (every 5m)
2025-04-24 16:47:00 - INFO - [_update_active_orders_and_telegram] [N/A] 📊 Updating SL/TP for active orders
2025-04-24 16:47:01 - INFO - [_wait_until_next_iteration] [N/A] ⏳ Sleeping for 58.91 seconds before the next cycle
2025-04-24 16:48:00 - DEBUG - [_process_strategies] [N/A] ⏱ Skipping VWAP_diff_signal_1700_volume, not yet time (every 5m)
2025-04-24 16:48:00 - DEBUG - [_process_strategies] [N/A] ⏱ Skipping SMA_Cross_sma50, not yet time (every 5m)
2025-04-24 16:48:00 - DEBUG - [_process_strategies] [N/A] ⏱ Skipping SMA_Cross_candle, not yet time (every 5m)
2025-04-24 16:48:00 - DEBUG - [_process_strategies] [N/A] ⏱ Skipping EMA_Cross_ema50, not yet time (every 5m)
2025-04-24 16:48:00 - DEBUG - [_process_strategies] [N/A] ⏱ Skipping VWAP_diff_signal_1700, not yet time (every 5m)
2025-04-24 16:48:00 - DEBUG - [_process_strategies] [N/A] ⏱ Skipping VWAP_diff_signal_rsi_1700, not yet time (every 5m)
2025-04-24 16:48:00 - DEBUG - [_process_strategies] [N/A] ⏱ Skipping EMA_Cross_candle, not yet time (every 5m)
2025-04-24 16:48:00 - INFO - [_update_active_orders_and_telegram] [N/A] 📊 Updating SL/TP for active orders
2025-04-24 16:48:01 - INFO - [_wait_until_next_iteration] [N/A] ⏳ Sleeping for 58.92 seconds before the next cycle
2025-04-24 16:49:00 - DEBUG - [_process_strategies] [N/A] ⏱ Skipping VWAP_diff_signal_1700_volume, not yet time (every 5m)
2025-04-24 16:49:00 - DEBUG - [_process_strategies] [N/A] ⏱ Skipping SMA_Cross_sma50, not yet time (every 5m)
2025-04-24 16:49:00 - DEBUG - [_process_strategies] [N/A] ⏱ Skipping SMA_Cross_candle, not yet time (every 5m)
2025-04-24 16:49:00 - DEBUG - [_process_strategies] [N/A] ⏱ Skipping EMA_Cross_ema50, not yet time (every 5m)
2025-04-24 16:49:00 - DEBUG - [_process_strategies] [N/A] ⏱ Skipping VWAP_diff_signal_1700, not yet time (every 5m)
2025-04-24 16:49:00 - DEBUG - [_process_strategies] [N/A] ⏱ Skipping VWAP_diff_signal_rsi_1700, not yet time (every 5m)
2025-04-24 16:49:00 - DEBUG - [_process_strategies] [N/A] ⏱ Skipping EMA_Cross_candle, not yet time (every 5m)
2025-04-24 16:49:00 - INFO - [_update_active_orders_and_telegram] [N/A] 📊 Updating SL/TP for active orders
2025-04-24 16:49:01 - INFO - [_wait_until_next_iteration] [N/A] ⏳ Sleeping for 58.92 seconds before the next cycle
2025-04-24 16:50:00 - INFO - [_run_strategy_if_applicable] [N/A] ⏰ Strategy 'VWAP_diff_signal_1700_volume' not executed because it's outside the time window: 17:30:00 - 19:00:00
2025-04-24 16:50:00 - INFO - [_run_strategy_if_applicable] [N/A] ⏰ Strategy 'SMA_Cross_sma50' not executed because it's outside the time window: 16:35:00 - 16:50:00
2025-04-24 16:50:00 - INFO - [_run_strategy_if_applicable] [N/A] ⏰ Strategy 'SMA_Cross_candle' not executed because it's outside the time window: 16:35:00 - 16:50:00
2025-04-24 16:50:00 - INFO - [_run_strategy_if_applicable] [N/A] ⏰ Strategy 'EMA_Cross_ema50' not executed because it's outside the time window: 16:35:00 - 16:50:00
2025-04-24 16:50:00 - INFO - [_run_strategy_if_applicable] [N/A] ⏰ Strategy 'VWAP_diff_signal_1700' not executed because it's outside the time window: 17:30:00 - 19:00:00
2025-04-24 16:50:00 - INFO - [_run_strategy_if_applicable] [N/A] ⏰ Strategy 'VWAP_diff_signal_rsi_1700' not executed because it's outside the time window: 17:30:00 - 19:00:00
2025-04-24 16:50:00 - INFO - [_run_strategy_if_applicable] [N/A] ⏰ Strategy 'EMA_Cross_candle' not executed because it's outside the time window: 16:35:00 - 16:50:00
2025-04-24 16:50:00 - INFO - [_update_active_orders_and_telegram] [N/A] 📊 Updating SL/TP for active orders
2025-04-24 16:50:01 - INFO - [_wait_until_next_iteration] [N/A] ⏳ Sleeping for 58.92 seconds before the next cycle
2025-04-24 16:51:00 - DEBUG - [_process_strategies] [N/A] ⏱ Skipping VWAP_diff_signal_1700_volume, not yet time (every 5m)
2025-04-24 16:51:00 - DEBUG - [_process_strategies] [N/A] ⏱ Skipping SMA_Cross_sma50, not yet time (every 5m)
2025-04-24 16:51:00 - DEBUG - [_process_strategies] [N/A] ⏱ Skipping SMA_Cross_candle, not yet time (every 5m)
2025-04-24 16:51:00 - DEBUG - [_process_strategies] [N/A] ⏱ Skipping EMA_Cross_ema50, not yet time (every 5m)
2025-04-24 16:51:00 - DEBUG - [_process_strategies] [N/A] ⏱ Skipping VWAP_diff_signal_1700, not yet time (every 5m)
2025-04-24 16:51:00 - DEBUG - [_process_strategies] [N/A] ⏱ Skipping VWAP_diff_signal_rsi_1700, not yet time (every 5m)
2025-04-24 16:51:00 - DEBUG - [_process_strategies] [N/A] ⏱ Skipping EMA_Cross_candle, not yet time (every 5m)
2025-04-24 16:51:00 - INFO - [_update_active_orders_and_telegram] [N/A] 📊 Updating SL/TP for active orders
2025-04-24 16:51:01 - INFO - [_wait_until_next_iteration] [N/A] ⏳ Sleeping for 58.93 seconds before the next cycle
2025-04-24 16:52:00 - DEBUG - [_process_strategies] [N/A] ⏱ Skipping VWAP_diff_signal_1700_volume, not yet time (every 5m)
2025-04-24 16:52:00 - DEBUG - [_process_strategies] [N/A] ⏱ Skipping SMA_Cross_sma50, not yet time (every 5m)
2025-04-24 16:52:00 - DEBUG - [_process_strategies] [N/A] ⏱ Skipping SMA_Cross_candle, not yet time (every 5m)
2025-04-24 16:52:00 - DEBUG - [_process_strategies] [N/A] ⏱ Skipping EMA_Cross_ema50, not yet time (every 5m)
2025-04-24 16:52:00 - DEBUG - [_process_strategies] [N/A] ⏱ Skipping VWAP_diff_signal_1700, not yet time (every 5m)
2025-04-24 16:52:00 - DEBUG - [_process_strategies] [N/A] ⏱ Skipping VWAP_diff_signal_rsi_1700, not yet time (every 5m)
2025-04-24 16:52:00 - DEBUG - [_process_strategies] [N/A] ⏱ Skipping EMA_Cross_candle, not yet time (every 5m)
2025-04-24 16:52:00 - INFO - [_update_active_orders_and_telegram] [N/A] 📊 Updating SL/TP for active orders
2025-04-24 16:52:01 - INFO - [_wait_until_next_iteration] [N/A] ⏳ Sleeping for 58.93 seconds before the next cycle
2025-04-24 16:53:00 - DEBUG - [_process_strategies] [N/A] ⏱ Skipping VWAP_diff_signal_1700_volume, not yet time (every 5m)
2025-04-24 16:53:00 - DEBUG - [_process_strategies] [N/A] ⏱ Skipping SMA_Cross_sma50, not yet time (every 5m)
2025-04-24 16:53:00 - DEBUG - [_process_strategies] [N/A] ⏱ Skipping SMA_Cross_candle, not yet time (every 5m)
2025-04-24 16:53:00 - DEBUG - [_process_strategies] [N/A] ⏱ Skipping EMA_Cross_ema50, not yet time (every 5m)
2025-04-24 16:53:00 - DEBUG - [_process_strategies] [N/A] ⏱ Skipping VWAP_diff_signal_1700, not yet time (every 5m)
2025-04-24 16:53:00 - DEBUG - [_process_strategies] [N/A] ⏱ Skipping VWAP_diff_signal_rsi_1700, not yet time (every 5m)
2025-04-24 16:53:00 - DEBUG - [_process_strategies] [N/A] ⏱ Skipping EMA_Cross_candle, not yet time (every 5m)
2025-04-24 16:53:00 - INFO - [_update_active_orders_and_telegram] [N/A] 📊 Updating SL/TP for active orders
2025-04-24 16:53:01 - INFO - [_wait_until_next_iteration] [N/A] ⏳ Sleeping for 58.92 seconds before the next cycle
2025-04-24 16:54:00 - DEBUG - [_process_strategies] [N/A] ⏱ Skipping VWAP_diff_signal_1700_volume, not yet time (every 5m)
2025-04-24 16:54:00 - DEBUG - [_process_strategies] [N/A] ⏱ Skipping SMA_Cross_sma50, not yet time (every 5m)
2025-04-24 16:54:00 - DEBUG - [_process_strategies] [N/A] ⏱ Skipping SMA_Cross_candle, not yet time (every 5m)
2025-04-24 16:54:00 - DEBUG - [_process_strategies] [N/A] ⏱ Skipping EMA_Cross_ema50, not yet time (every 5m)
2025-04-24 16:54:00 - DEBUG - [_process_strategies] [N/A] ⏱ Skipping VWAP_diff_signal_1700, not yet time (every 5m)
2025-04-24 16:54:00 - DEBUG - [_process_strategies] [N/A] ⏱ Skipping VWAP_diff_signal_rsi_1700, not yet time (every 5m)
2025-04-24 16:54:00 - DEBUG - [_process_strategies] [N/A] ⏱ Skipping EMA_Cross_candle, not yet time (every 5m)
2025-04-24 16:54:00 - INFO - [_update_active_orders_and_telegram] [N/A] 📊 Updating SL/TP for active orders
2025-04-24 16:54:01 - INFO - [_wait_until_next_iteration] [N/A] ⏳ Sleeping for 58.92 seconds before the next cycle
2025-04-24 16:55:00 - INFO - [_run_strategy_if_applicable] [N/A] ⏰ Strategy 'VWAP_diff_signal_1700_volume' not executed because it's outside the time window: 17:30:00 - 19:00:00
2025-04-24 16:55:00 - INFO - [_run_strategy_if_applicable] [N/A] ⏰ Strategy 'SMA_Cross_sma50' not executed because it's outside the time window: 16:35:00 - 16:50:00
2025-04-24 16:55:00 - INFO - [_run_strategy_if_applicable] [N/A] ⏰ Strategy 'SMA_Cross_candle' not executed because it's outside the time window: 16:35:00 - 16:50:00
2025-04-24 16:55:00 - INFO - [_run_strategy_if_applicable] [N/A] ⏰ Strategy 'EMA_Cross_ema50' not executed because it's outside the time window: 16:35:00 - 16:50:00
2025-04-24 16:55:00 - INFO - [_run_strategy_if_applicable] [N/A] ⏰ Strategy 'VWAP_diff_signal_1700' not executed because it's outside the time window: 17:30:00 - 19:00:00
2025-04-24 16:55:00 - INFO - [_run_strategy_if_applicable] [N/A] ⏰ Strategy 'VWAP_diff_signal_rsi_1700' not executed because it's outside the time window: 17:30:00 - 19:00:00
2025-04-24 16:55:00 - INFO - [_run_strategy_if_applicable] [N/A] ⏰ Strategy 'EMA_Cross_candle' not executed because it's outside the time window: 16:35:00 - 16:50:00
2025-04-24 16:55:00 - INFO - [_update_active_orders_and_telegram] [N/A] 📊 Updating SL/TP for active orders
2025-04-24 16:55:01 - INFO - [_wait_until_next_iteration] [N/A] ⏳ Sleeping for 58.92 seconds before the next cycle
2025-04-24 16:56:00 - DEBUG - [_process_strategies] [N/A] ⏱ Skipping VWAP_diff_signal_1700_volume, not yet time (every 5m)
2025-04-24 16:56:00 - DEBUG - [_process_strategies] [N/A] ⏱ Skipping SMA_Cross_sma50, not yet time (every 5m)
2025-04-24 16:56:00 - DEBUG - [_process_strategies] [N/A] ⏱ Skipping SMA_Cross_candle, not yet time (every 5m)
2025-04-24 16:56:00 - DEBUG - [_process_strategies] [N/A] ⏱ Skipping EMA_Cross_ema50, not yet time (every 5m)
2025-04-24 16:56:00 - DEBUG - [_process_strategies] [N/A] ⏱ Skipping VWAP_diff_signal_1700, not yet time (every 5m)
2025-04-24 16:56:00 - DEBUG - [_process_strategies] [N/A] ⏱ Skipping VWAP_diff_signal_rsi_1700, not yet time (every 5m)
2025-04-24 16:56:00 - DEBUG - [_process_strategies] [N/A] ⏱ Skipping EMA_Cross_candle, not yet time (every 5m)
2025-04-24 16:56:00 - INFO - [_update_active_orders_and_telegram] [N/A] 📊 Updating SL/TP for active orders
2025-04-24 16:56:01 - INFO - [_wait_until_next_iteration] [N/A] ⏳ Sleeping for 58.92 seconds before the next cycle
2025-04-24 16:57:00 - DEBUG - [_process_strategies] [N/A] ⏱ Skipping VWAP_diff_signal_1700_volume, not yet time (every 5m)
2025-04-24 16:57:00 - DEBUG - [_process_strategies] [N/A] ⏱ Skipping SMA_Cross_sma50, not yet time (every 5m)
2025-04-24 16:57:00 - DEBUG - [_process_strategies] [N/A] ⏱ Skipping SMA_Cross_candle, not yet time (every 5m)
2025-04-24 16:57:00 - DEBUG - [_process_strategies] [N/A] ⏱ Skipping EMA_Cross_ema50, not yet time (every 5m)
2025-04-24 16:57:00 - DEBUG - [_process_strategies] [N/A] ⏱ Skipping VWAP_diff_signal_1700, not yet time (every 5m)
2025-04-24 16:57:00 - DEBUG - [_process_strategies] [N/A] ⏱ Skipping VWAP_diff_signal_rsi_1700, not yet time (every 5m)
2025-04-24 16:57:00 - DEBUG - [_process_strategies] [N/A] ⏱ Skipping EMA_Cross_candle, not yet time (every 5m)
2025-04-24 16:57:00 - INFO - [_update_active_orders_and_telegram] [N/A] 📊 Updating SL/TP for active orders
2025-04-24 16:57:01 - INFO - [_wait_until_next_iteration] [N/A] ⏳ Sleeping for 58.92 seconds before the next cycle
2025-04-24 16:58:00 - DEBUG - [_process_strategies] [N/A] ⏱ Skipping VWAP_diff_signal_1700_volume, not yet time (every 5m)
2025-04-24 16:58:00 - DEBUG - [_process_strategies] [N/A] ⏱ Skipping SMA_Cross_sma50, not yet time (every 5m)
2025-04-24 16:58:00 - DEBUG - [_process_strategies] [N/A] ⏱ Skipping SMA_Cross_candle, not yet time (every 5m)
2025-04-24 16:58:00 - DEBUG - [_process_strategies] [N/A] ⏱ Skipping EMA_Cross_ema50, not yet time (every 5m)
2025-04-24 16:58:00 - DEBUG - [_process_strategies] [N/A] ⏱ Skipping VWAP_diff_signal_1700, not yet time (every 5m)
2025-04-24 16:58:00 - DEBUG - [_process_strategies] [N/A] ⏱ Skipping VWAP_diff_signal_rsi_1700, not yet time (every 5m)
2025-04-24 16:58:00 - DEBUG - [_process_strategies] [N/A] ⏱ Skipping EMA_Cross_candle, not yet time (every 5m)
2025-04-24 16:58:00 - INFO - [_update_active_orders_and_telegram] [N/A] 📊 Updating SL/TP for active orders
2025-04-24 16:58:01 - INFO - [_wait_until_next_iteration] [N/A] ⏳ Sleeping for 58.92 seconds before the next cycle
2025-04-24 16:59:00 - DEBUG - [_process_strategies] [N/A] ⏱ Skipping VWAP_diff_signal_1700_volume, not yet time (every 5m)
2025-04-24 16:59:00 - DEBUG - [_process_strategies] [N/A] ⏱ Skipping SMA_Cross_sma50, not yet time (every 5m)
2025-04-24 16:59:00 - DEBUG - [_process_strategies] [N/A] ⏱ Skipping SMA_Cross_candle, not yet time (every 5m)
2025-04-24 16:59:00 - DEBUG - [_process_strategies] [N/A] ⏱ Skipping EMA_Cross_ema50, not yet time (every 5m)
2025-04-24 16:59:00 - DEBUG - [_process_strategies] [N/A] ⏱ Skipping VWAP_diff_signal_1700, not yet time (every 5m)
2025-04-24 16:59:00 - DEBUG - [_process_strategies] [N/A] ⏱ Skipping VWAP_diff_signal_rsi_1700, not yet time (every 5m)
2025-04-24 16:59:00 - DEBUG - [_process_strategies] [N/A] ⏱ Skipping EMA_Cross_candle, not yet time (every 5m)
2025-04-24 16:59:00 - INFO - [_update_active_orders_and_telegram] [N/A] 📊 Updating SL/TP for active orders
2025-04-24 16:59:01 - INFO - [_wait_until_next_iteration] [N/A] ⏳ Sleeping for 58.92 seconds before the next cycle
2025-04-24 17:00:00 - INFO - [_run_strategy_if_applicable] [N/A] ⏰ Strategy 'VWAP_diff_signal_1700_volume' not executed because it's outside the time window: 17:30:00 - 19:00:00
2025-04-24 17:00:00 - INFO - [_run_strategy_if_applicable] [N/A] ⏰ Strategy 'SMA_Cross_sma50' not executed because it's outside the time window: 16:35:00 - 16:50:00
2025-04-24 17:00:00 - INFO - [_run_strategy_if_applicable] [N/A] ⏰ Strategy 'SMA_Cross_candle' not executed because it's outside the time window: 16:35:00 - 16:50:00
2025-04-24 17:00:00 - INFO - [_run_strategy_if_applicable] [N/A] ⏰ Strategy 'EMA_Cross_ema50' not executed because it's outside the time window: 16:35:00 - 16:50:00
2025-04-24 17:00:00 - INFO - [_run_strategy_if_applicable] [N/A] ⏰ Strategy 'VWAP_diff_signal_1700' not executed because it's outside the time window: 17:30:00 - 19:00:00
2025-04-24 17:00:00 - INFO - [_run_strategy_if_applicable] [N/A] ⏰ Strategy 'VWAP_diff_signal_rsi_1700' not executed because it's outside the time window: 17:30:00 - 19:00:00
2025-04-24 17:00:00 - INFO - [_run_strategy_if_applicable] [N/A] ⏰ Strategy 'EMA_Cross_candle' not executed because it's outside the time window: 16:35:00 - 16:50:00
2025-04-24 17:00:00 - INFO - [_update_active_orders_and_telegram] [N/A] 📊 Updating SL/TP for active orders
2025-04-24 17:00:01 - INFO - [_wait_until_next_iteration] [N/A] ⏳ Sleeping for 58.91 seconds before the next cycle
2025-04-24 17:01:00 - DEBUG - [_process_strategies] [N/A] ⏱ Skipping VWAP_diff_signal_1700_volume, not yet time (every 5m)
2025-04-24 17:01:00 - DEBUG - [_process_strategies] [N/A] ⏱ Skipping SMA_Cross_sma50, not yet time (every 5m)
2025-04-24 17:01:00 - DEBUG - [_process_strategies] [N/A] ⏱ Skipping SMA_Cross_candle, not yet time (every 5m)
2025-04-24 17:01:00 - DEBUG - [_process_strategies] [N/A] ⏱ Skipping EMA_Cross_ema50, not yet time (every 5m)
2025-04-24 17:01:00 - DEBUG - [_process_strategies] [N/A] ⏱ Skipping VWAP_diff_signal_1700, not yet time (every 5m)
2025-04-24 17:01:00 - DEBUG - [_process_strategies] [N/A] ⏱ Skipping VWAP_diff_signal_rsi_1700, not yet time (every 5m)
2025-04-24 17:01:00 - DEBUG - [_process_strategies] [N/A] ⏱ Skipping EMA_Cross_candle, not yet time (every 5m)
2025-04-24 17:01:00 - INFO - [_update_active_orders_and_telegram] [N/A] 📊 Updating SL/TP for active orders
2025-04-24 17:01:01 - INFO - [_wait_until_next_iteration] [N/A] ⏳ Sleeping for 58.92 seconds before the next cycle
2025-04-24 17:02:00 - DEBUG - [_process_strategies] [N/A] ⏱ Skipping VWAP_diff_signal_1700_volume, not yet time (every 5m)
2025-04-24 17:02:00 - DEBUG - [_process_strategies] [N/A] ⏱ Skipping SMA_Cross_sma50, not yet time (every 5m)
2025-04-24 17:02:00 - DEBUG - [_process_strategies] [N/A] ⏱ Skipping SMA_Cross_candle, not yet time (every 5m)
2025-04-24 17:02:00 - DEBUG - [_process_strategies] [N/A] ⏱ Skipping EMA_Cross_ema50, not yet time (every 5m)
2025-04-24 17:02:00 - DEBUG - [_process_strategies] [N/A] ⏱ Skipping VWAP_diff_signal_1700, not yet time (every 5m)
2025-04-24 17:02:00 - DEBUG - [_process_strategies] [N/A] ⏱ Skipping VWAP_diff_signal_rsi_1700, not yet time (every 5m)
2025-04-24 17:02:00 - DEBUG - [_process_strategies] [N/A] ⏱ Skipping EMA_Cross_candle, not yet time (every 5m)
2025-04-24 17:02:00 - INFO - [_update_active_orders_and_telegram] [N/A] 📊 Updating SL/TP for active orders
2025-04-24 17:02:01 - INFO - [_wait_until_next_iteration] [N/A] ⏳ Sleeping for 58.92 seconds before the next cycle
2025-04-24 17:03:00 - DEBUG - [_process_strategies] [N/A] ⏱ Skipping VWAP_diff_signal_1700_volume, not yet time (every 5m)
2025-04-24 17:03:00 - DEBUG - [_process_strategies] [N/A] ⏱ Skipping SMA_Cross_sma50, not yet time (every 5m)
2025-04-24 17:03:00 - DEBUG - [_process_strategies] [N/A] ⏱ Skipping SMA_Cross_candle, not yet time (every 5m)
2025-04-24 17:03:00 - DEBUG - [_process_strategies] [N/A] ⏱ Skipping EMA_Cross_ema50, not yet time (every 5m)
2025-04-24 17:03:00 - DEBUG - [_process_strategies] [N/A] ⏱ Skipping VWAP_diff_signal_1700, not yet time (every 5m)
2025-04-24 17:03:00 - DEBUG - [_process_strategies] [N/A] ⏱ Skipping VWAP_diff_signal_rsi_1700, not yet time (every 5m)
2025-04-24 17:03:00 - DEBUG - [_process_strategies] [N/A] ⏱ Skipping EMA_Cross_candle, not yet time (every 5m)
2025-04-24 17:03:00 - INFO - [_update_active_orders_and_telegram] [N/A] 📊 Updating SL/TP for active orders
2025-04-24 17:03:01 - INFO - [_wait_until_next_iteration] [N/A] ⏳ Sleeping for 58.92 seconds before the next cycle
2025-04-24 17:04:00 - DEBUG - [_process_strategies] [N/A] ⏱ Skipping VWAP_diff_signal_1700_volume, not yet time (every 5m)
2025-04-24 17:04:00 - DEBUG - [_process_strategies] [N/A] ⏱ Skipping SMA_Cross_sma50, not yet time (every 5m)
2025-04-24 17:04:00 - DEBUG - [_process_strategies] [N/A] ⏱ Skipping SMA_Cross_candle, not yet time (every 5m)
2025-04-24 17:04:00 - DEBUG - [_process_strategies] [N/A] ⏱ Skipping EMA_Cross_ema50, not yet time (every 5m)
2025-04-24 17:04:00 - DEBUG - [_process_strategies] [N/A] ⏱ Skipping VWAP_diff_signal_1700, not yet time (every 5m)
2025-04-24 17:04:00 - DEBUG - [_process_strategies] [N/A] ⏱ Skipping VWAP_diff_signal_rsi_1700, not yet time (every 5m)
2025-04-24 17:04:00 - DEBUG - [_process_strategies] [N/A] ⏱ Skipping EMA_Cross_candle, not yet time (every 5m)
2025-04-24 17:04:00 - INFO - [_update_active_orders_and_telegram] [N/A] 📊 Updating SL/TP for active orders
2025-04-24 17:04:01 - INFO - [_wait_until_next_iteration] [N/A] ⏳ Sleeping for 58.92 seconds before the next cycle
2025-04-24 17:05:00 - INFO - [_run_strategy_if_applicable] [N/A] ⏰ Strategy 'VWAP_diff_signal_1700_volume' not executed because it's outside the time window: 17:30:00 - 19:00:00
2025-04-24 17:05:00 - INFO - [_run_strategy_if_applicable] [N/A] ⏰ Strategy 'SMA_Cross_sma50' not executed because it's outside the time window: 16:35:00 - 16:50:00
2025-04-24 17:05:00 - INFO - [_run_strategy_if_applicable] [N/A] ⏰ Strategy 'SMA_Cross_candle' not executed because it's outside the time window: 16:35:00 - 16:50:00
2025-04-24 17:05:00 - INFO - [_run_strategy_if_applicable] [N/A] ⏰ Strategy 'EMA_Cross_ema50' not executed because it's outside the time window: 16:35:00 - 16:50:00
2025-04-24 17:05:00 - INFO - [_run_strategy_if_applicable] [N/A] ⏰ Strategy 'VWAP_diff_signal_1700' not executed because it's outside the time window: 17:30:00 - 19:00:00
2025-04-24 17:05:00 - INFO - [_run_strategy_if_applicable] [N/A] ⏰ Strategy 'VWAP_diff_signal_rsi_1700' not executed because it's outside the time window: 17:30:00 - 19:00:00
2025-04-24 17:05:00 - INFO - [_run_strategy_if_applicable] [N/A] ⏰ Strategy 'EMA_Cross_candle' not executed because it's outside the time window: 16:35:00 - 16:50:00
2025-04-24 17:05:00 - INFO - [_update_active_orders_and_telegram] [N/A] 📊 Updating SL/TP for active orders
2025-04-24 17:05:01 - INFO - [_wait_until_next_iteration] [N/A] ⏳ Sleeping for 58.92 seconds before the next cycle
2025-04-24 17:06:00 - DEBUG - [_process_strategies] [N/A] ⏱ Skipping VWAP_diff_signal_1700_volume, not yet time (every 5m)
2025-04-24 17:06:00 - DEBUG - [_process_strategies] [N/A] ⏱ Skipping SMA_Cross_sma50, not yet time (every 5m)
2025-04-24 17:06:00 - DEBUG - [_process_strategies] [N/A] ⏱ Skipping SMA_Cross_candle, not yet time (every 5m)
2025-04-24 17:06:00 - DEBUG - [_process_strategies] [N/A] ⏱ Skipping EMA_Cross_ema50, not yet time (every 5m)
2025-04-24 17:06:00 - DEBUG - [_process_strategies] [N/A] ⏱ Skipping VWAP_diff_signal_1700, not yet time (every 5m)
2025-04-24 17:06:00 - DEBUG - [_process_strategies] [N/A] ⏱ Skipping VWAP_diff_signal_rsi_1700, not yet time (every 5m)
2025-04-24 17:06:00 - DEBUG - [_process_strategies] [N/A] ⏱ Skipping EMA_Cross_candle, not yet time (every 5m)
2025-04-24 17:06:00 - INFO - [_update_active_orders_and_telegram] [N/A] 📊 Updating SL/TP for active orders
2025-04-24 17:06:01 - INFO - [_wait_until_next_iteration] [N/A] ⏳ Sleeping for 58.92 seconds before the next cycle
2025-04-24 17:07:00 - DEBUG - [_process_strategies] [N/A] ⏱ Skipping VWAP_diff_signal_1700_volume, not yet time (every 5m)
2025-04-24 17:07:00 - DEBUG - [_process_strategies] [N/A] ⏱ Skipping SMA_Cross_sma50, not yet time (every 5m)
2025-04-24 17:07:00 - DEBUG - [_process_strategies] [N/A] ⏱ Skipping SMA_Cross_candle, not yet time (every 5m)
2025-04-24 17:07:00 - DEBUG - [_process_strategies] [N/A] ⏱ Skipping EMA_Cross_ema50, not yet time (every 5m)
2025-04-24 17:07:00 - DEBUG - [_process_strategies] [N/A] ⏱ Skipping VWAP_diff_signal_1700, not yet time (every 5m)
2025-04-24 17:07:00 - DEBUG - [_process_strategies] [N/A] ⏱ Skipping VWAP_diff_signal_rsi_1700, not yet time (every 5m)
2025-04-24 17:07:00 - DEBUG - [_process_strategies] [N/A] ⏱ Skipping EMA_Cross_candle, not yet time (every 5m)
2025-04-24 17:07:00 - INFO - [_update_active_orders_and_telegram] [N/A] 📊 Updating SL/TP for active orders
2025-04-24 17:07:01 - INFO - [_wait_until_next_iteration] [N/A] ⏳ Sleeping for 58.92 seconds before the next cycle
2025-04-24 17:08:00 - DEBUG - [_process_strategies] [N/A] ⏱ Skipping VWAP_diff_signal_1700_volume, not yet time (every 5m)
2025-04-24 17:08:00 - DEBUG - [_process_strategies] [N/A] ⏱ Skipping SMA_Cross_sma50, not yet time (every 5m)
2025-04-24 17:08:00 - DEBUG - [_process_strategies] [N/A] ⏱ Skipping SMA_Cross_candle, not yet time (every 5m)
2025-04-24 17:08:00 - DEBUG - [_process_strategies] [N/A] ⏱ Skipping EMA_Cross_ema50, not yet time (every 5m)
2025-04-24 17:08:00 - DEBUG - [_process_strategies] [N/A] ⏱ Skipping VWAP_diff_signal_1700, not yet time (every 5m)
2025-04-24 17:08:00 - DEBUG - [_process_strategies] [N/A] ⏱ Skipping VWAP_diff_signal_rsi_1700, not yet time (every 5m)
2025-04-24 17:08:00 - DEBUG - [_process_strategies] [N/A] ⏱ Skipping EMA_Cross_candle, not yet time (every 5m)
2025-04-24 17:08:00 - INFO - [_update_active_orders_and_telegram] [N/A] 📊 Updating SL/TP for active orders
2025-04-24 17:08:01 - INFO - [_wait_until_next_iteration] [N/A] ⏳ Sleeping for 58.92 seconds before the next cycle
2025-04-24 17:09:00 - DEBUG - [_process_strategies] [N/A] ⏱ Skipping VWAP_diff_signal_1700_volume, not yet time (every 5m)
2025-04-24 17:09:00 - DEBUG - [_process_strategies] [N/A] ⏱ Skipping SMA_Cross_sma50, not yet time (every 5m)
2025-04-24 17:09:00 - DEBUG - [_process_strategies] [N/A] ⏱ Skipping SMA_Cross_candle, not yet time (every 5m)
2025-04-24 17:09:00 - DEBUG - [_process_strategies] [N/A] ⏱ Skipping EMA_Cross_ema50, not yet time (every 5m)
2025-04-24 17:09:00 - DEBUG - [_process_strategies] [N/A] ⏱ Skipping VWAP_diff_signal_1700, not yet time (every 5m)
2025-04-24 17:09:00 - DEBUG - [_process_strategies] [N/A] ⏱ Skipping VWAP_diff_signal_rsi_1700, not yet time (every 5m)
2025-04-24 17:09:00 - DEBUG - [_process_strategies] [N/A] ⏱ Skipping EMA_Cross_candle, not yet time (every 5m)
2025-04-24 17:09:00 - INFO - [_update_active_orders_and_telegram] [N/A] 📊 Updating SL/TP for active orders
2025-04-24 17:09:01 - INFO - [_wait_until_next_iteration] [N/A] ⏳ Sleeping for 58.92 seconds before the next cycle
2025-04-24 17:10:00 - INFO - [_run_strategy_if_applicable] [N/A] ⏰ Strategy 'VWAP_diff_signal_1700_volume' not executed because it's outside the time window: 17:30:00 - 19:00:00
2025-04-24 17:10:00 - INFO - [_run_strategy_if_applicable] [N/A] ⏰ Strategy 'SMA_Cross_sma50' not executed because it's outside the time window: 16:35:00 - 16:50:00
2025-04-24 17:10:00 - INFO - [_run_strategy_if_applicable] [N/A] ⏰ Strategy 'SMA_Cross_candle' not executed because it's outside the time window: 16:35:00 - 16:50:00
2025-04-24 17:10:00 - INFO - [_run_strategy_if_applicable] [N/A] ⏰ Strategy 'EMA_Cross_ema50' not executed because it's outside the time window: 16:35:00 - 16:50:00
2025-04-24 17:10:00 - INFO - [_run_strategy_if_applicable] [N/A] ⏰ Strategy 'VWAP_diff_signal_1700' not executed because it's outside the time window: 17:30:00 - 19:00:00
2025-04-24 17:10:00 - INFO - [_run_strategy_if_applicable] [N/A] ⏰ Strategy 'VWAP_diff_signal_rsi_1700' not executed because it's outside the time window: 17:30:00 - 19:00:00
2025-04-24 17:10:00 - INFO - [_run_strategy_if_applicable] [N/A] ⏰ Strategy 'EMA_Cross_candle' not executed because it's outside the time window: 16:35:00 - 16:50:00
2025-04-24 17:10:00 - INFO - [_update_active_orders_and_telegram] [N/A] 📊 Updating SL/TP for active orders
2025-04-24 17:10:01 - INFO - [_wait_until_next_iteration] [N/A] ⏳ Sleeping for 58.92 seconds before the next cycle
2025-04-24 17:11:00 - DEBUG - [_process_strategies] [N/A] ⏱ Skipping VWAP_diff_signal_1700_volume, not yet time (every 5m)
2025-04-24 17:11:00 - DEBUG - [_process_strategies] [N/A] ⏱ Skipping SMA_Cross_sma50, not yet time (every 5m)
2025-04-24 17:11:00 - DEBUG - [_process_strategies] [N/A] ⏱ Skipping SMA_Cross_candle, not yet time (every 5m)
2025-04-24 17:11:00 - DEBUG - [_process_strategies] [N/A] ⏱ Skipping EMA_Cross_ema50, not yet time (every 5m)
2025-04-24 17:11:00 - DEBUG - [_process_strategies] [N/A] ⏱ Skipping VWAP_diff_signal_1700, not yet time (every 5m)
2025-04-24 17:11:00 - DEBUG - [_process_strategies] [N/A] ⏱ Skipping VWAP_diff_signal_rsi_1700, not yet time (every 5m)
2025-04-24 17:11:00 - DEBUG - [_process_strategies] [N/A] ⏱ Skipping EMA_Cross_candle, not yet time (every 5m)
2025-04-24 17:11:00 - INFO - [_update_active_orders_and_telegram] [N/A] 📊 Updating SL/TP for active orders
2025-04-24 17:11:01 - INFO - [_wait_until_next_iteration] [N/A] ⏳ Sleeping for 58.92 seconds before the next cycle
2025-04-24 17:12:00 - DEBUG - [_process_strategies] [N/A] ⏱ Skipping VWAP_diff_signal_1700_volume, not yet time (every 5m)
2025-04-24 17:12:00 - DEBUG - [_process_strategies] [N/A] ⏱ Skipping SMA_Cross_sma50, not yet time (every 5m)
2025-04-24 17:12:00 - DEBUG - [_process_strategies] [N/A] ⏱ Skipping SMA_Cross_candle, not yet time (every 5m)
2025-04-24 17:12:00 - DEBUG - [_process_strategies] [N/A] ⏱ Skipping EMA_Cross_ema50, not yet time (every 5m)
2025-04-24 17:12:00 - DEBUG - [_process_strategies] [N/A] ⏱ Skipping VWAP_diff_signal_1700, not yet time (every 5m)
2025-04-24 17:12:00 - DEBUG - [_process_strategies] [N/A] ⏱ Skipping VWAP_diff_signal_rsi_1700, not yet time (every 5m)
2025-04-24 17:12:00 - DEBUG - [_process_strategies] [N/A] ⏱ Skipping EMA_Cross_candle, not yet time (every 5m)
2025-04-24 17:12:00 - INFO - [_update_active_orders_and_telegram] [N/A] 📊 Updating SL/TP for active orders
2025-04-24 17:12:01 - INFO - [_wait_until_next_iteration] [N/A] ⏳ Sleeping for 58.92 seconds before the next cycle
2025-04-24 17:13:00 - DEBUG - [_process_strategies] [N/A] ⏱ Skipping VWAP_diff_signal_1700_volume, not yet time (every 5m)
2025-04-24 17:13:00 - DEBUG - [_process_strategies] [N/A] ⏱ Skipping SMA_Cross_sma50, not yet time (every 5m)
2025-04-24 17:13:00 - DEBUG - [_process_strategies] [N/A] ⏱ Skipping SMA_Cross_candle, not yet time (every 5m)
2025-04-24 17:13:00 - DEBUG - [_process_strategies] [N/A] ⏱ Skipping EMA_Cross_ema50, not yet time (every 5m)
2025-04-24 17:13:00 - DEBUG - [_process_strategies] [N/A] ⏱ Skipping VWAP_diff_signal_1700, not yet time (every 5m)
2025-04-24 17:13:00 - DEBUG - [_process_strategies] [N/A] ⏱ Skipping VWAP_diff_signal_rsi_1700, not yet time (every 5m)
2025-04-24 17:13:00 - DEBUG - [_process_strategies] [N/A] ⏱ Skipping EMA_Cross_candle, not yet time (every 5m)
2025-04-24 17:13:00 - INFO - [_update_active_orders_and_telegram] [N/A] 📊 Updating SL/TP for active orders
2025-04-24 17:13:01 - INFO - [_wait_until_next_iteration] [N/A] ⏳ Sleeping for 58.92 seconds before the next cycle
2025-04-24 17:14:00 - DEBUG - [_process_strategies] [N/A] ⏱ Skipping VWAP_diff_signal_1700_volume, not yet time (every 5m)
2025-04-24 17:14:00 - DEBUG - [_process_strategies] [N/A] ⏱ Skipping SMA_Cross_sma50, not yet time (every 5m)
2025-04-24 17:14:00 - DEBUG - [_process_strategies] [N/A] ⏱ Skipping SMA_Cross_candle, not yet time (every 5m)
2025-04-24 17:14:00 - DEBUG - [_process_strategies] [N/A] ⏱ Skipping EMA_Cross_ema50, not yet time (every 5m)
2025-04-24 17:14:00 - DEBUG - [_process_strategies] [N/A] ⏱ Skipping VWAP_diff_signal_1700, not yet time (every 5m)
2025-04-24 17:14:00 - DEBUG - [_process_strategies] [N/A] ⏱ Skipping VWAP_diff_signal_rsi_1700, not yet time (every 5m)
2025-04-24 17:14:00 - DEBUG - [_process_strategies] [N/A] ⏱ Skipping EMA_Cross_candle, not yet time (every 5m)
2025-04-24 17:14:00 - INFO - [_update_active_orders_and_telegram] [N/A] 📊 Updating SL/TP for active orders
2025-04-24 17:14:01 - INFO - [_wait_until_next_iteration] [N/A] ⏳ Sleeping for 58.93 seconds before the next cycle
2025-04-24 17:15:00 - INFO - [_run_strategy_if_applicable] [N/A] ⏰ Strategy 'VWAP_diff_signal_1700_volume' not executed because it's outside the time window: 17:30:00 - 19:00:00
2025-04-24 17:15:00 - INFO - [_run_strategy_if_applicable] [N/A] ⏰ Strategy 'SMA_Cross_sma50' not executed because it's outside the time window: 16:35:00 - 16:50:00
2025-04-24 17:15:00 - INFO - [_run_strategy_if_applicable] [N/A] ⏰ Strategy 'SMA_Cross_candle' not executed because it's outside the time window: 16:35:00 - 16:50:00
2025-04-24 17:15:00 - INFO - [_run_strategy_if_applicable] [N/A] ⏰ Strategy 'EMA_Cross_ema50' not executed because it's outside the time window: 16:35:00 - 16:50:00
2025-04-24 17:15:00 - INFO - [_run_strategy_if_applicable] [N/A] ⏰ Strategy 'VWAP_diff_signal_1700' not executed because it's outside the time window: 17:30:00 - 19:00:00
2025-04-24 17:15:00 - INFO - [_run_strategy_if_applicable] [N/A] ⏰ Strategy 'VWAP_diff_signal_rsi_1700' not executed because it's outside the time window: 17:30:00 - 19:00:00
2025-04-24 17:15:00 - INFO - [_run_strategy_if_applicable] [N/A] ⏰ Strategy 'EMA_Cross_candle' not executed because it's outside the time window: 16:35:00 - 16:50:00
2025-04-24 17:15:00 - INFO - [_update_active_orders_and_telegram] [N/A] 📊 Updating SL/TP for active orders
2025-04-24 17:15:01 - INFO - [_wait_until_next_iteration] [N/A] ⏳ Sleeping for 58.92 seconds before the next cycle
2025-04-24 17:16:00 - DEBUG - [_process_strategies] [N/A] ⏱ Skipping VWAP_diff_signal_1700_volume, not yet time (every 5m)
2025-04-24 17:16:00 - DEBUG - [_process_strategies] [N/A] ⏱ Skipping SMA_Cross_sma50, not yet time (every 5m)
2025-04-24 17:16:00 - DEBUG - [_process_strategies] [N/A] ⏱ Skipping SMA_Cross_candle, not yet time (every 5m)
2025-04-24 17:16:00 - DEBUG - [_process_strategies] [N/A] ⏱ Skipping EMA_Cross_ema50, not yet time (every 5m)
2025-04-24 17:16:00 - DEBUG - [_process_strategies] [N/A] ⏱ Skipping VWAP_diff_signal_1700, not yet time (every 5m)
2025-04-24 17:16:00 - DEBUG - [_process_strategies] [N/A] ⏱ Skipping VWAP_diff_signal_rsi_1700, not yet time (every 5m)
2025-04-24 17:16:00 - DEBUG - [_process_strategies] [N/A] ⏱ Skipping EMA_Cross_candle, not yet time (every 5m)
2025-04-24 17:16:00 - INFO - [_update_active_orders_and_telegram] [N/A] 📊 Updating SL/TP for active orders
2025-04-24 17:16:01 - INFO - [_wait_until_next_iteration] [N/A] ⏳ Sleeping for 58.92 seconds before the next cycle
2025-04-24 17:17:00 - DEBUG - [_process_strategies] [N/A] ⏱ Skipping VWAP_diff_signal_1700_volume, not yet time (every 5m)
2025-04-24 17:17:00 - DEBUG - [_process_strategies] [N/A] ⏱ Skipping SMA_Cross_sma50, not yet time (every 5m)
2025-04-24 17:17:00 - DEBUG - [_process_strategies] [N/A] ⏱ Skipping SMA_Cross_candle, not yet time (every 5m)
2025-04-24 17:17:00 - DEBUG - [_process_strategies] [N/A] ⏱ Skipping EMA_Cross_ema50, not yet time (every 5m)
2025-04-24 17:17:00 - DEBUG - [_process_strategies] [N/A] ⏱ Skipping VWAP_diff_signal_1700, not yet time (every 5m)
2025-04-24 17:17:00 - DEBUG - [_process_strategies] [N/A] ⏱ Skipping VWAP_diff_signal_rsi_1700, not yet time (every 5m)
2025-04-24 17:17:00 - DEBUG - [_process_strategies] [N/A] ⏱ Skipping EMA_Cross_candle, not yet time (every 5m)
2025-04-24 17:17:00 - INFO - [_update_active_orders_and_telegram] [N/A] 📊 Updating SL/TP for active orders
2025-04-24 17:17:01 - INFO - [_wait_until_next_iteration] [N/A] ⏳ Sleeping for 58.92 seconds before the next cycle
2025-04-24 17:18:00 - DEBUG - [_process_strategies] [N/A] ⏱ Skipping VWAP_diff_signal_1700_volume, not yet time (every 5m)
2025-04-24 17:18:00 - DEBUG - [_process_strategies] [N/A] ⏱ Skipping SMA_Cross_sma50, not yet time (every 5m)
2025-04-24 17:18:00 - DEBUG - [_process_strategies] [N/A] ⏱ Skipping SMA_Cross_candle, not yet time (every 5m)
2025-04-24 17:18:00 - DEBUG - [_process_strategies] [N/A] ⏱ Skipping EMA_Cross_ema50, not yet time (every 5m)
2025-04-24 17:18:00 - DEBUG - [_process_strategies] [N/A] ⏱ Skipping VWAP_diff_signal_1700, not yet time (every 5m)
2025-04-24 17:18:00 - DEBUG - [_process_strategies] [N/A] ⏱ Skipping VWAP_diff_signal_rsi_1700, not yet time (every 5m)
2025-04-24 17:18:00 - DEBUG - [_process_strategies] [N/A] ⏱ Skipping EMA_Cross_candle, not yet time (every 5m)
2025-04-24 17:18:00 - INFO - [_update_active_orders_and_telegram] [N/A] 📊 Updating SL/TP for active orders
2025-04-24 17:18:01 - INFO - [_wait_until_next_iteration] [N/A] ⏳ Sleeping for 58.92 seconds before the next cycle
2025-04-24 17:19:00 - DEBUG - [_process_strategies] [N/A] ⏱ Skipping VWAP_diff_signal_1700_volume, not yet time (every 5m)
2025-04-24 17:19:00 - DEBUG - [_process_strategies] [N/A] ⏱ Skipping SMA_Cross_sma50, not yet time (every 5m)
2025-04-24 17:19:00 - DEBUG - [_process_strategies] [N/A] ⏱ Skipping SMA_Cross_candle, not yet time (every 5m)
2025-04-24 17:19:00 - DEBUG - [_process_strategies] [N/A] ⏱ Skipping EMA_Cross_ema50, not yet time (every 5m)
2025-04-24 17:19:00 - DEBUG - [_process_strategies] [N/A] ⏱ Skipping VWAP_diff_signal_1700, not yet time (every 5m)
2025-04-24 17:19:00 - DEBUG - [_process_strategies] [N/A] ⏱ Skipping VWAP_diff_signal_rsi_1700, not yet time (every 5m)
2025-04-24 17:19:00 - DEBUG - [_process_strategies] [N/A] ⏱ Skipping EMA_Cross_candle, not yet time (every 5m)
2025-04-24 17:19:00 - INFO - [_update_active_orders_and_telegram] [N/A] 📊 Updating SL/TP for active orders
2025-04-24 17:19:01 - INFO - [_wait_until_next_iteration] [N/A] ⏳ Sleeping for 58.92 seconds before the next cycle
2025-04-24 17:20:00 - INFO - [_run_strategy_if_applicable] [N/A] ⏰ Strategy 'VWAP_diff_signal_1700_volume' not executed because it's outside the time window: 17:30:00 - 19:00:00
2025-04-24 17:20:00 - INFO - [_run_strategy_if_applicable] [N/A] ⏰ Strategy 'SMA_Cross_sma50' not executed because it's outside the time window: 16:35:00 - 16:50:00
2025-04-24 17:20:00 - INFO - [_run_strategy_if_applicable] [N/A] ⏰ Strategy 'SMA_Cross_candle' not executed because it's outside the time window: 16:35:00 - 16:50:00
2025-04-24 17:20:00 - INFO - [_run_strategy_if_applicable] [N/A] ⏰ Strategy 'EMA_Cross_ema50' not executed because it's outside the time window: 16:35:00 - 16:50:00
2025-04-24 17:20:00 - INFO - [_run_strategy_if_applicable] [N/A] ⏰ Strategy 'VWAP_diff_signal_1700' not executed because it's outside the time window: 17:30:00 - 19:00:00
2025-04-24 17:20:00 - INFO - [_run_strategy_if_applicable] [N/A] ⏰ Strategy 'VWAP_diff_signal_rsi_1700' not executed because it's outside the time window: 17:30:00 - 19:00:00
2025-04-24 17:20:00 - INFO - [_run_strategy_if_applicable] [N/A] ⏰ Strategy 'EMA_Cross_candle' not executed because it's outside the time window: 16:35:00 - 16:50:00
2025-04-24 17:20:00 - INFO - [_update_active_orders_and_telegram] [N/A] 📊 Updating SL/TP for active orders
2025-04-24 17:20:01 - INFO - [_wait_until_next_iteration] [N/A] ⏳ Sleeping for 58.92 seconds before the next cycle
2025-04-24 17:21:00 - DEBUG - [_process_strategies] [N/A] ⏱ Skipping VWAP_diff_signal_1700_volume, not yet time (every 5m)
2025-04-24 17:21:00 - DEBUG - [_process_strategies] [N/A] ⏱ Skipping SMA_Cross_sma50, not yet time (every 5m)
2025-04-24 17:21:00 - DEBUG - [_process_strategies] [N/A] ⏱ Skipping SMA_Cross_candle, not yet time (every 5m)
2025-04-24 17:21:00 - DEBUG - [_process_strategies] [N/A] ⏱ Skipping EMA_Cross_ema50, not yet time (every 5m)
2025-04-24 17:21:00 - DEBUG - [_process_strategies] [N/A] ⏱ Skipping VWAP_diff_signal_1700, not yet time (every 5m)
2025-04-24 17:21:00 - DEBUG - [_process_strategies] [N/A] ⏱ Skipping VWAP_diff_signal_rsi_1700, not yet time (every 5m)
2025-04-24 17:21:00 - DEBUG - [_process_strategies] [N/A] ⏱ Skipping EMA_Cross_candle, not yet time (every 5m)
2025-04-24 17:21:00 - INFO - [_update_active_orders_and_telegram] [N/A] 📊 Updating SL/TP for active orders
2025-04-24 17:21:01 - INFO - [_wait_until_next_iteration] [N/A] ⏳ Sleeping for 58.92 seconds before the next cycle
2025-04-24 17:22:00 - DEBUG - [_process_strategies] [N/A] ⏱ Skipping VWAP_diff_signal_1700_volume, not yet time (every 5m)
2025-04-24 17:22:00 - DEBUG - [_process_strategies] [N/A] ⏱ Skipping SMA_Cross_sma50, not yet time (every 5m)
2025-04-24 17:22:00 - DEBUG - [_process_strategies] [N/A] ⏱ Skipping SMA_Cross_candle, not yet time (every 5m)
2025-04-24 17:22:00 - DEBUG - [_process_strategies] [N/A] ⏱ Skipping EMA_Cross_ema50, not yet time (every 5m)
2025-04-24 17:22:00 - DEBUG - [_process_strategies] [N/A] ⏱ Skipping VWAP_diff_signal_1700, not yet time (every 5m)
2025-04-24 17:22:00 - DEBUG - [_process_strategies] [N/A] ⏱ Skipping VWAP_diff_signal_rsi_1700, not yet time (every 5m)
2025-04-24 17:22:00 - DEBUG - [_process_strategies] [N/A] ⏱ Skipping EMA_Cross_candle, not yet time (every 5m)
2025-04-24 17:22:00 - INFO - [_update_active_orders_and_telegram] [N/A] 📊 Updating SL/TP for active orders
2025-04-24 17:22:01 - INFO - [_wait_until_next_iteration] [N/A] ⏳ Sleeping for 58.92 seconds before the next cycle
2025-04-24 17:23:00 - DEBUG - [_process_strategies] [N/A] ⏱ Skipping VWAP_diff_signal_1700_volume, not yet time (every 5m)
2025-04-24 17:23:00 - DEBUG - [_process_strategies] [N/A] ⏱ Skipping SMA_Cross_sma50, not yet time (every 5m)
2025-04-24 17:23:00 - DEBUG - [_process_strategies] [N/A] ⏱ Skipping SMA_Cross_candle, not yet time (every 5m)
2025-04-24 17:23:00 - DEBUG - [_process_strategies] [N/A] ⏱ Skipping EMA_Cross_ema50, not yet time (every 5m)
2025-04-24 17:23:00 - DEBUG - [_process_strategies] [N/A] ⏱ Skipping VWAP_diff_signal_1700, not yet time (every 5m)
2025-04-24 17:23:00 - DEBUG - [_process_strategies] [N/A] ⏱ Skipping VWAP_diff_signal_rsi_1700, not yet time (every 5m)
2025-04-24 17:23:00 - DEBUG - [_process_strategies] [N/A] ⏱ Skipping EMA_Cross_candle, not yet time (every 5m)
2025-04-24 17:23:00 - INFO - [_update_active_orders_and_telegram] [N/A] 📊 Updating SL/TP for active orders
2025-04-24 17:23:01 - INFO - [_wait_until_next_iteration] [N/A] ⏳ Sleeping for 58.93 seconds before the next cycle
2025-04-24 17:24:00 - DEBUG - [_process_strategies] [N/A] ⏱ Skipping VWAP_diff_signal_1700_volume, not yet time (every 5m)
2025-04-24 17:24:00 - DEBUG - [_process_strategies] [N/A] ⏱ Skipping SMA_Cross_sma50, not yet time (every 5m)
2025-04-24 17:24:00 - DEBUG - [_process_strategies] [N/A] ⏱ Skipping SMA_Cross_candle, not yet time (every 5m)
2025-04-24 17:24:00 - DEBUG - [_process_strategies] [N/A] ⏱ Skipping EMA_Cross_ema50, not yet time (every 5m)
2025-04-24 17:24:00 - DEBUG - [_process_strategies] [N/A] ⏱ Skipping VWAP_diff_signal_1700, not yet time (every 5m)
2025-04-24 17:24:00 - DEBUG - [_process_strategies] [N/A] ⏱ Skipping VWAP_diff_signal_rsi_1700, not yet time (every 5m)
2025-04-24 17:24:00 - DEBUG - [_process_strategies] [N/A] ⏱ Skipping EMA_Cross_candle, not yet time (every 5m)
2025-04-24 17:24:00 - INFO - [_update_active_orders_and_telegram] [N/A] 📊 Updating SL/TP for active orders
2025-04-24 17:24:01 - INFO - [_wait_until_next_iteration] [N/A] ⏳ Sleeping for 58.93 seconds before the next cycle
2025-04-24 17:25:00 - INFO - [_run_strategy_if_applicable] [N/A] ⏰ Strategy 'VWAP_diff_signal_1700_volume' not executed because it's outside the time window: 17:30:00 - 19:00:00
2025-04-24 17:25:00 - INFO - [_run_strategy_if_applicable] [N/A] ⏰ Strategy 'SMA_Cross_sma50' not executed because it's outside the time window: 16:35:00 - 16:50:00
2025-04-24 17:25:00 - INFO - [_run_strategy_if_applicable] [N/A] ⏰ Strategy 'SMA_Cross_candle' not executed because it's outside the time window: 16:35:00 - 16:50:00
2025-04-24 17:25:00 - INFO - [_run_strategy_if_applicable] [N/A] ⏰ Strategy 'EMA_Cross_ema50' not executed because it's outside the time window: 16:35:00 - 16:50:00
2025-04-24 17:25:00 - INFO - [_run_strategy_if_applicable] [N/A] ⏰ Strategy 'VWAP_diff_signal_1700' not executed because it's outside the time window: 17:30:00 - 19:00:00
2025-04-24 17:25:00 - INFO - [_run_strategy_if_applicable] [N/A] ⏰ Strategy 'VWAP_diff_signal_rsi_1700' not executed because it's outside the time window: 17:30:00 - 19:00:00
2025-04-24 17:25:00 - INFO - [_run_strategy_if_applicable] [N/A] ⏰ Strategy 'EMA_Cross_candle' not executed because it's outside the time window: 16:35:00 - 16:50:00
2025-04-24 17:25:00 - INFO - [_update_active_orders_and_telegram] [N/A] 📊 Updating SL/TP for active orders
2025-04-24 17:25:01 - INFO - [_wait_until_next_iteration] [N/A] ⏳ Sleeping for 58.93 seconds before the next cycle
2025-04-24 17:26:00 - DEBUG - [_process_strategies] [N/A] ⏱ Skipping VWAP_diff_signal_1700_volume, not yet time (every 5m)
2025-04-24 17:26:00 - DEBUG - [_process_strategies] [N/A] ⏱ Skipping SMA_Cross_sma50, not yet time (every 5m)
2025-04-24 17:26:00 - DEBUG - [_process_strategies] [N/A] ⏱ Skipping SMA_Cross_candle, not yet time (every 5m)
2025-04-24 17:26:00 - DEBUG - [_process_strategies] [N/A] ⏱ Skipping EMA_Cross_ema50, not yet time (every 5m)
2025-04-24 17:26:00 - DEBUG - [_process_strategies] [N/A] ⏱ Skipping VWAP_diff_signal_1700, not yet time (every 5m)
2025-04-24 17:26:00 - DEBUG - [_process_strategies] [N/A] ⏱ Skipping VWAP_diff_signal_rsi_1700, not yet time (every 5m)
2025-04-24 17:26:00 - DEBUG - [_process_strategies] [N/A] ⏱ Skipping EMA_Cross_candle, not yet time (every 5m)
2025-04-24 17:26:00 - INFO - [_update_active_orders_and_telegram] [N/A] 📊 Updating SL/TP for active orders
2025-04-24 17:26:01 - INFO - [_wait_until_next_iteration] [N/A] ⏳ Sleeping for 58.92 seconds before the next cycle
2025-04-24 17:27:00 - DEBUG - [_process_strategies] [N/A] ⏱ Skipping VWAP_diff_signal_1700_volume, not yet time (every 5m)
2025-04-24 17:27:00 - DEBUG - [_process_strategies] [N/A] ⏱ Skipping SMA_Cross_sma50, not yet time (every 5m)
2025-04-24 17:27:00 - DEBUG - [_process_strategies] [N/A] ⏱ Skipping SMA_Cross_candle, not yet time (every 5m)
2025-04-24 17:27:00 - DEBUG - [_process_strategies] [N/A] ⏱ Skipping EMA_Cross_ema50, not yet time (every 5m)
2025-04-24 17:27:00 - DEBUG - [_process_strategies] [N/A] ⏱ Skipping VWAP_diff_signal_1700, not yet time (every 5m)
2025-04-24 17:27:00 - DEBUG - [_process_strategies] [N/A] ⏱ Skipping VWAP_diff_signal_rsi_1700, not yet time (every 5m)
2025-04-24 17:27:00 - DEBUG - [_process_strategies] [N/A] ⏱ Skipping EMA_Cross_candle, not yet time (every 5m)
2025-04-24 17:27:00 - INFO - [_update_active_orders_and_telegram] [N/A] 📊 Updating SL/TP for active orders
2025-04-24 17:27:01 - INFO - [_wait_until_next_iteration] [N/A] ⏳ Sleeping for 58.91 seconds before the next cycle
2025-04-24 17:28:00 - DEBUG - [_process_strategies] [N/A] ⏱ Skipping VWAP_diff_signal_1700_volume, not yet time (every 5m)
2025-04-24 17:28:00 - DEBUG - [_process_strategies] [N/A] ⏱ Skipping SMA_Cross_sma50, not yet time (every 5m)
2025-04-24 17:28:00 - DEBUG - [_process_strategies] [N/A] ⏱ Skipping SMA_Cross_candle, not yet time (every 5m)
2025-04-24 17:28:00 - DEBUG - [_process_strategies] [N/A] ⏱ Skipping EMA_Cross_ema50, not yet time (every 5m)
2025-04-24 17:28:00 - DEBUG - [_process_strategies] [N/A] ⏱ Skipping VWAP_diff_signal_1700, not yet time (every 5m)
2025-04-24 17:28:00 - DEBUG - [_process_strategies] [N/A] ⏱ Skipping VWAP_diff_signal_rsi_1700, not yet time (every 5m)
2025-04-24 17:28:00 - DEBUG - [_process_strategies] [N/A] ⏱ Skipping EMA_Cross_candle, not yet time (every 5m)
2025-04-24 17:28:00 - INFO - [_update_active_orders_and_telegram] [N/A] 📊 Updating SL/TP for active orders
2025-04-24 17:28:01 - INFO - [_wait_until_next_iteration] [N/A] ⏳ Sleeping for 58.92 seconds before the next cycle
2025-04-24 17:29:00 - DEBUG - [_process_strategies] [N/A] ⏱ Skipping VWAP_diff_signal_1700_volume, not yet time (every 5m)
2025-04-24 17:29:00 - DEBUG - [_process_strategies] [N/A] ⏱ Skipping SMA_Cross_sma50, not yet time (every 5m)
2025-04-24 17:29:00 - DEBUG - [_process_strategies] [N/A] ⏱ Skipping SMA_Cross_candle, not yet time (every 5m)
2025-04-24 17:29:00 - DEBUG - [_process_strategies] [N/A] ⏱ Skipping EMA_Cross_ema50, not yet time (every 5m)
2025-04-24 17:29:00 - DEBUG - [_process_strategies] [N/A] ⏱ Skipping VWAP_diff_signal_1700, not yet time (every 5m)
2025-04-24 17:29:00 - DEBUG - [_process_strategies] [N/A] ⏱ Skipping VWAP_diff_signal_rsi_1700, not yet time (every 5m)
2025-04-24 17:29:00 - DEBUG - [_process_strategies] [N/A] ⏱ Skipping EMA_Cross_candle, not yet time (every 5m)
2025-04-24 17:29:00 - INFO - [_update_active_orders_and_telegram] [N/A] 📊 Updating SL/TP for active orders
2025-04-24 17:29:01 - INFO - [_wait_until_next_iteration] [N/A] ⏳ Sleeping for 58.92 seconds before the next cycle
2025-04-24 17:30:00 - INFO - [_run_strategy_if_applicable] [N/A] 🔄 Starting trading loop for strategy: VWAP_diff_signal_1700_volume
2025-04-24 17:30:00 - DEBUG - [_process_ticker] [GEN] 🚫 Trade not allowed for GEN (limit reached)
2025-04-24 17:30:00 - DEBUG - [_process_ticker] [HPQ] 🚫 Trade not allowed for HPQ (limit reached)
2025-04-24 17:30:00 - INFO - [get_stock_data] [INTC] Requesting data for INTC
2025-04-24 17:30:01 - INFO - [get_stock_data] [INTC] Data received for INTC: 90 rows
2025-04-24 17:30:01 - INFO - [check_vwap_diff_signal_with_volume] [INTC] Analyzing VWAP reversal signal for INTC
2025-04-24 17:30:01 - INFO - [_process_ticker] [INTC] ℹ️ No valid signal for INTC
2025-04-24 17:30:01 - INFO - [get_stock_data] [RF] Requesting data for RF
2025-04-24 17:30:02 - INFO - [get_stock_data] [RF] Data received for RF: 90 rows
2025-04-24 17:30:02 - INFO - [check_vwap_diff_signal_with_volume] [RF] Analyzing VWAP reversal signal for RF
2025-04-24 17:30:02 - INFO - [_process_ticker] [RF] ℹ️ No valid signal for RF
2025-04-24 17:30:02 - INFO - [_run_strategy_if_applicable] [N/A] ⏰ Strategy 'SMA_Cross_sma50' not executed because it's outside the time window: 16:35:00 - 16:50:00
2025-04-24 17:30:02 - INFO - [_run_strategy_if_applicable] [N/A] ⏰ Strategy 'SMA_Cross_candle' not executed because it's outside the time window: 16:35:00 - 16:50:00
2025-04-24 17:30:02 - INFO - [_run_strategy_if_applicable] [N/A] ⏰ Strategy 'EMA_Cross_ema50' not executed because it's outside the time window: 16:35:00 - 16:50:00
2025-04-24 17:30:02 - INFO - [_run_strategy_if_applicable] [N/A] 🔄 Starting trading loop for strategy: VWAP_diff_signal_1700
2025-04-24 17:30:02 - INFO - [get_stock_data] [CZR] Requesting data for CZR
2025-04-24 17:30:02 - INFO - [get_stock_data] [CZR] Data received for CZR: 90 rows
2025-04-24 17:30:02 - INFO - [check_vwap_diff_signal] [CZR] Analyzing VWAP reversal signal for CZR
2025-04-24 17:30:02 - INFO - [check_vwap_diff_signal] [CZR] Close: 26.75 | Low: 26.7 | High: 26.78 | VWAP: 26.675831129465788
2025-04-24 17:30:02 - DEBUG - [check_vwap_diff_signal] [CZR] [CZR] Last Candela: VWAP-Low=-0.09%, High-VWAP=0.39%
2025-04-24 17:30:02 - DEBUG - [check_vwap_diff_signal] [CZR] No VWAP signal detected
2025-04-24 17:30:02 - INFO - [_process_ticker] [CZR] ℹ️ No valid signal for CZR
2025-04-24 17:30:02 - INFO - [get_stock_data] [MTCH] Requesting data for MTCH
2025-04-24 17:30:03 - INFO - [get_stock_data] [MTCH] Data received for MTCH: 90 rows
2025-04-24 17:30:03 - INFO - [check_vwap_diff_signal] [MTCH] Analyzing VWAP reversal signal for MTCH
2025-04-24 17:30:03 - INFO - [check_vwap_diff_signal] [MTCH] Close: 29.85 | Low: 29.76 | High: 29.87 | VWAP: 29.8543993609242
2025-04-24 17:30:03 - DEBUG - [check_vwap_diff_signal] [MTCH] [MTCH] Last Candela: VWAP-Low=0.32%, High-VWAP=0.05%
2025-04-24 17:30:03 - DEBUG - [check_vwap_diff_signal] [MTCH] No VWAP signal detected
2025-04-24 17:30:03 - INFO - [_process_ticker] [MTCH] ℹ️ No valid signal for MTCH
2025-04-24 17:30:03 - INFO - [get_stock_data] [NCHL] Requesting data for NCHL
2025-04-24 17:30:04 - ERROR - [get_stock_data] [NCHL] Error retrieving data: 'NoneType' object has no attribute 'empty'
2025-04-24 17:30:04 - INFO - [get_stock_data] [HBAN] Requesting data for HBAN
2025-04-24 17:30:04 - INFO - [get_stock_data] [HBAN] Data received for HBAN: 90 rows
2025-04-24 17:30:04 - INFO - [check_vwap_diff_signal] [HBAN] Analyzing VWAP reversal signal for HBAN
2025-04-24 17:30:04 - INFO - [check_vwap_diff_signal] [HBAN] Close: 14.4 | Low: 14.36 | High: 14.4 | VWAP: 14.257932064706203
2025-04-24 17:30:04 - DEBUG - [check_vwap_diff_signal] [HBAN] [HBAN] Last Candela: VWAP-Low=-0.72%, High-VWAP=1.00%
2025-04-24 17:30:04 - DEBUG - [check_vwap_diff_signal] [HBAN] No VWAP signal detected
2025-04-24 17:30:04 - INFO - [_process_ticker] [HBAN] ℹ️ No valid signal for HBAN
2025-04-24 17:30:04 - INFO - [get_stock_data] [MRNA] Requesting data for MRNA
2025-04-24 17:30:05 - INFO - [get_stock_data] [MRNA] Data received for MRNA: 91 rows
2025-04-24 17:30:05 - INFO - [check_vwap_diff_signal] [MRNA] Analyzing VWAP reversal signal for MRNA
2025-04-24 17:30:05 - INFO - [check_vwap_diff_signal] [MRNA] Close: 26.67 | Low: 26.67 | High: 26.67 | VWAP: 26.575845461892342
2025-04-24 17:30:05 - DEBUG - [check_vwap_diff_signal] [MRNA] [MRNA] Last Candela: VWAP-Low=-0.35%, High-VWAP=0.35%
2025-04-24 17:30:05 - DEBUG - [check_vwap_diff_signal] [MRNA] No VWAP signal detected
2025-04-24 17:30:05 - INFO - [_process_ticker] [MRNA] ℹ️ No valid signal for MRNA
2025-04-24 17:30:05 - DEBUG - [_process_ticker] [WBD] 🚫 Trade not allowed for WBD (limit reached)
2025-04-24 17:30:05 - INFO - [get_stock_data] [CMCSA] Requesting data for CMCSA
2025-04-24 17:30:07 - INFO - [get_stock_data] [CMCSA] Data received for CMCSA: 91 rows
2025-04-24 17:30:07 - INFO - [check_vwap_diff_signal] [CMCSA] Analyzing VWAP reversal signal for CMCSA
2025-04-24 17:30:07 - INFO - [check_vwap_diff_signal] [CMCSA] Close: 33.07 | Low: 33.05 | High: 33.09 | VWAP: 32.72350532480033
2025-04-24 17:30:07 - DEBUG - [check_vwap_diff_signal] [CMCSA] [CMCSA] Last Candela: VWAP-Low=-1.00%, High-VWAP=1.12%
2025-04-24 17:30:07 - DEBUG - [check_vwap_diff_signal] [CMCSA] No VWAP signal detected
2025-04-24 17:30:07 - INFO - [_process_ticker] [CMCSA] ℹ️ No valid signal for CMCSA
2025-04-24 17:30:07 - INFO - [_run_strategy_if_applicable] [N/A] 🔄 Starting trading loop for strategy: VWAP_diff_signal_rsi_1700
2025-04-24 17:30:07 - INFO - [get_stock_data] [IVZ] Requesting data for IVZ
2025-04-24 17:30:08 - INFO - [get_stock_data] [IVZ] Data received for IVZ: 91 rows
2025-04-24 17:30:08 - INFO - [check_vwap_diff_signal_with_rsi] [IVZ] Analyzing VWAP reversal signal for IVZ
2025-04-24 17:30:08 - INFO - [check_vwap_diff_signal_with_rsi] [IVZ] Close: 13.87 | Low: 13.87 | High: 13.88 | VWAP: 13.722117660360292 | RSI: 77.42
2025-04-24 17:30:08 - DEBUG - [check_vwap_diff_signal_with_rsi] [IVZ] [IVZ] Last Candela: VWAP-Low=-1.08%, High-VWAP=1.15%
2025-04-24 17:30:08 - DEBUG - [check_vwap_diff_signal_with_rsi] [IVZ] No VWAP+RSI signal detected
2025-04-24 17:30:08 - INFO - [_process_ticker] [IVZ] ℹ️ No valid signal for IVZ
2025-04-24 17:30:08 - INFO - [get_stock_data] [FCX] Requesting data for FCX
2025-04-24 17:30:09 - INFO - [get_stock_data] [FCX] Data received for FCX: 91 rows
2025-04-24 17:30:09 - INFO - [check_vwap_diff_signal_with_rsi] [FCX] Analyzing VWAP reversal signal for FCX
2025-04-24 17:30:09 - INFO - [check_vwap_diff_signal_with_rsi] [FCX] Close: 36.49 | Low: 36.48 | High: 36.49 | VWAP: 36.55949751243474 | RSI: 62.80
2025-04-24 17:30:09 - DEBUG - [check_vwap_diff_signal_with_rsi] [FCX] [FCX] Last Candela: VWAP-Low=0.22%, High-VWAP=-0.19%
2025-04-24 17:30:09 - DEBUG - [check_vwap_diff_signal_with_rsi] [FCX] No VWAP+RSI signal detected
2025-04-24 17:30:09 - INFO - [_process_ticker] [FCX] ℹ️ No valid signal for FCX
2025-04-24 17:30:09 - INFO - [get_stock_data] [HST] Requesting data for HST
2025-04-24 17:30:10 - INFO - [get_stock_data] [HST] Data received for HST: 91 rows
2025-04-24 17:30:10 - INFO - [check_vwap_diff_signal_with_rsi] [HST] Analyzing VWAP reversal signal for HST
2025-04-24 17:30:10 - INFO - [check_vwap_diff_signal_with_rsi] [HST] Close: 13.79 | Low: 13.79 | High: 13.79 | VWAP: 13.762316775735915 | RSI: 47.97
2025-04-24 17:30:10 - DEBUG - [check_vwap_diff_signal_with_rsi] [HST] [HST] Last Candela: VWAP-Low=-0.20%, High-VWAP=0.20%
2025-04-24 17:30:10 - DEBUG - [check_vwap_diff_signal_with_rsi] [HST] No VWAP+RSI signal detected
2025-04-24 17:30:10 - INFO - [_process_ticker] [HST] ℹ️ No valid signal for HST
2025-04-24 17:30:10 - INFO - [get_stock_data] [IVZ] Requesting data for IVZ
2025-04-24 17:30:10 - INFO - [get_stock_data] [IVZ] Data received for IVZ: 91 rows
2025-04-24 17:30:10 - INFO - [check_vwap_diff_signal_with_rsi] [IVZ] Analyzing VWAP reversal signal for IVZ
2025-04-24 17:30:10 - INFO - [check_vwap_diff_signal_with_rsi] [IVZ] Close: 13.87 | Low: 13.87 | High: 13.88 | VWAP: 13.722117660360292 | RSI: 77.42
2025-04-24 17:30:10 - DEBUG - [check_vwap_diff_signal_with_rsi] [IVZ] [IVZ] Last Candela: VWAP-Low=-1.08%, High-VWAP=1.15%
2025-04-24 17:30:10 - DEBUG - [check_vwap_diff_signal_with_rsi] [IVZ] No VWAP+RSI signal detected
2025-04-24 17:30:10 - INFO - [_process_ticker] [IVZ] ℹ️ No valid signal for IVZ
2025-04-24 17:30:10 - INFO - [get_stock_data] [NEM] Requesting data for NEM
2025-04-24 17:30:12 - INFO - [get_stock_data] [NEM] Data received for NEM: 91 rows
2025-04-24 17:30:12 - INFO - [check_vwap_diff_signal_with_rsi] [NEM] Analyzing VWAP reversal signal for NEM
2025-04-24 17:30:12 - INFO - [check_vwap_diff_signal_with_rsi] [NEM] Close: 54.35 | Low: 54.35 | High: 54.39 | VWAP: 54.5301880031007 | RSI: 59.60
2025-04-24 17:30:12 - DEBUG - [check_vwap_diff_signal_with_rsi] [NEM] [NEM] Last Candela: VWAP-Low=0.33%, High-VWAP=-0.26%
2025-04-24 17:30:12 - DEBUG - [check_vwap_diff_signal_with_rsi] [NEM] No VWAP+RSI signal detected
2025-04-24 17:30:12 - INFO - [_process_ticker] [NEM] ℹ️ No valid signal for NEM
2025-04-24 17:30:12 - INFO - [get_stock_data] [LUV] Requesting data for LUV
2025-04-24 17:30:12 - INFO - [get_stock_data] [LUV] Data received for LUV: 91 rows
2025-04-24 17:30:12 - INFO - [check_vwap_diff_signal_with_rsi] [LUV] Analyzing VWAP reversal signal for LUV
2025-04-24 17:30:12 - INFO - [check_vwap_diff_signal_with_rsi] [LUV] Close: 25.59 | Low: 25.56 | High: 25.59 | VWAP: 25.506615952388085 | RSI: 54.79
2025-04-24 17:30:12 - DEBUG - [check_vwap_diff_signal_with_rsi] [LUV] [LUV] Last Candela: VWAP-Low=-0.21%, High-VWAP=0.33%
2025-04-24 17:30:12 - DEBUG - [check_vwap_diff_signal_with_rsi] [LUV] No VWAP+RSI signal detected
2025-04-24 17:30:12 - INFO - [_process_ticker] [LUV] ℹ️ No valid signal for LUV
2025-04-24 17:30:12 - INFO - [_run_strategy_if_applicable] [N/A] ⏰ Strategy 'EMA_Cross_candle' not executed because it's outside the time window: 16:35:00 - 16:50:00
2025-04-24 17:30:12 - INFO - [_update_active_orders_and_telegram] [N/A] 📊 Updating SL/TP for active orders
2025-04-24 17:30:13 - INFO - [_wait_until_next_iteration] [N/A] ⏳ Sleeping for 46.32 seconds before the next cycle
2025-04-24 17:31:00 - DEBUG - [_process_strategies] [N/A] ⏱ Skipping VWAP_diff_signal_1700_volume, not yet time (every 5m)
2025-04-24 17:31:00 - DEBUG - [_process_strategies] [N/A] ⏱ Skipping SMA_Cross_sma50, not yet time (every 5m)
2025-04-24 17:31:00 - DEBUG - [_process_strategies] [N/A] ⏱ Skipping SMA_Cross_candle, not yet time (every 5m)
2025-04-24 17:31:00 - DEBUG - [_process_strategies] [N/A] ⏱ Skipping EMA_Cross_ema50, not yet time (every 5m)
2025-04-24 17:31:00 - DEBUG - [_process_strategies] [N/A] ⏱ Skipping VWAP_diff_signal_1700, not yet time (every 5m)
2025-04-24 17:31:00 - DEBUG - [_process_strategies] [N/A] ⏱ Skipping VWAP_diff_signal_rsi_1700, not yet time (every 5m)
2025-04-24 17:31:00 - DEBUG - [_process_strategies] [N/A] ⏱ Skipping EMA_Cross_candle, not yet time (every 5m)
2025-04-24 17:31:00 - INFO - [_update_active_orders_and_telegram] [N/A] 📊 Updating SL/TP for active orders
2025-04-24 17:31:01 - INFO - [_wait_until_next_iteration] [N/A] ⏳ Sleeping for 58.94 seconds before the next cycle
2025-04-24 17:32:00 - DEBUG - [_process_strategies] [N/A] ⏱ Skipping VWAP_diff_signal_1700_volume, not yet time (every 5m)
2025-04-24 17:32:00 - DEBUG - [_process_strategies] [N/A] ⏱ Skipping SMA_Cross_sma50, not yet time (every 5m)
2025-04-24 17:32:00 - DEBUG - [_process_strategies] [N/A] ⏱ Skipping SMA_Cross_candle, not yet time (every 5m)
2025-04-24 17:32:00 - DEBUG - [_process_strategies] [N/A] ⏱ Skipping EMA_Cross_ema50, not yet time (every 5m)
2025-04-24 17:32:00 - DEBUG - [_process_strategies] [N/A] ⏱ Skipping VWAP_diff_signal_1700, not yet time (every 5m)
2025-04-24 17:32:00 - DEBUG - [_process_strategies] [N/A] ⏱ Skipping VWAP_diff_signal_rsi_1700, not yet time (every 5m)
2025-04-24 17:32:00 - DEBUG - [_process_strategies] [N/A] ⏱ Skipping EMA_Cross_candle, not yet time (every 5m)
2025-04-24 17:32:00 - INFO - [_update_active_orders_and_telegram] [N/A] 📊 Updating SL/TP for active orders
2025-04-24 17:32:01 - INFO - [_wait_until_next_iteration] [N/A] ⏳ Sleeping for 58.92 seconds before the next cycle
2025-04-24 17:33:00 - DEBUG - [_process_strategies] [N/A] ⏱ Skipping VWAP_diff_signal_1700_volume, not yet time (every 5m)
2025-04-24 17:33:00 - DEBUG - [_process_strategies] [N/A] ⏱ Skipping SMA_Cross_sma50, not yet time (every 5m)
2025-04-24 17:33:00 - DEBUG - [_process_strategies] [N/A] ⏱ Skipping SMA_Cross_candle, not yet time (every 5m)
2025-04-24 17:33:00 - DEBUG - [_process_strategies] [N/A] ⏱ Skipping EMA_Cross_ema50, not yet time (every 5m)
2025-04-24 17:33:00 - DEBUG - [_process_strategies] [N/A] ⏱ Skipping VWAP_diff_signal_1700, not yet time (every 5m)
2025-04-24 17:33:00 - DEBUG - [_process_strategies] [N/A] ⏱ Skipping VWAP_diff_signal_rsi_1700, not yet time (every 5m)
2025-04-24 17:33:00 - DEBUG - [_process_strategies] [N/A] ⏱ Skipping EMA_Cross_candle, not yet time (every 5m)
2025-04-24 17:33:00 - INFO - [_update_active_orders_and_telegram] [N/A] 📊 Updating SL/TP for active orders
2025-04-24 17:33:01 - INFO - [_wait_until_next_iteration] [N/A] ⏳ Sleeping for 58.93 seconds before the next cycle
2025-04-24 17:34:00 - DEBUG - [_process_strategies] [N/A] ⏱ Skipping VWAP_diff_signal_1700_volume, not yet time (every 5m)
2025-04-24 17:34:00 - DEBUG - [_process_strategies] [N/A] ⏱ Skipping SMA_Cross_sma50, not yet time (every 5m)
2025-04-24 17:34:00 - DEBUG - [_process_strategies] [N/A] ⏱ Skipping SMA_Cross_candle, not yet time (every 5m)
2025-04-24 17:34:00 - DEBUG - [_process_strategies] [N/A] ⏱ Skipping EMA_Cross_ema50, not yet time (every 5m)
2025-04-24 17:34:00 - DEBUG - [_process_strategies] [N/A] ⏱ Skipping VWAP_diff_signal_1700, not yet time (every 5m)
2025-04-24 17:34:00 - DEBUG - [_process_strategies] [N/A] ⏱ Skipping VWAP_diff_signal_rsi_1700, not yet time (every 5m)
2025-04-24 17:34:00 - DEBUG - [_process_strategies] [N/A] ⏱ Skipping EMA_Cross_candle, not yet time (every 5m)
2025-04-24 17:34:00 - INFO - [_update_active_orders_and_telegram] [N/A] 📊 Updating SL/TP for active orders
2025-04-24 17:34:01 - INFO - [_wait_until_next_iteration] [N/A] ⏳ Sleeping for 58.92 seconds before the next cycle
2025-04-24 17:35:00 - INFO - [_run_strategy_if_applicable] [N/A] 🔄 Starting trading loop for strategy: VWAP_diff_signal_1700_volume
2025-04-24 17:35:00 - DEBUG - [_process_ticker] [GEN] 🚫 Trade not allowed for GEN (limit reached)
2025-04-24 17:35:00 - DEBUG - [_process_ticker] [HPQ] 🚫 Trade not allowed for HPQ (limit reached)
2025-04-24 17:35:00 - INFO - [get_stock_data] [INTC] Requesting data for INTC
2025-04-24 17:35:00 - INFO - [get_stock_data] [INTC] Data received for INTC: 91 rows
2025-04-24 17:35:00 - INFO - [check_vwap_diff_signal_with_volume] [INTC] Analyzing VWAP reversal signal for INTC
2025-04-24 17:35:00 - INFO - [_process_ticker] [INTC] ℹ️ No valid signal for INTC
2025-04-24 17:35:00 - INFO - [get_stock_data] [RF] Requesting data for RF
2025-04-24 17:35:01 - INFO - [get_stock_data] [RF] Data received for RF: 91 rows
2025-04-24 17:35:01 - INFO - [check_vwap_diff_signal_with_volume] [RF] Analyzing VWAP reversal signal for RF
2025-04-24 17:35:01 - INFO - [_process_ticker] [RF] ℹ️ No valid signal for RF
2025-04-24 17:35:01 - INFO - [_run_strategy_if_applicable] [N/A] ⏰ Strategy 'SMA_Cross_sma50' not executed because it's outside the time window: 16:35:00 - 16:50:00
2025-04-24 17:35:01 - INFO - [_run_strategy_if_applicable] [N/A] ⏰ Strategy 'SMA_Cross_candle' not executed because it's outside the time window: 16:35:00 - 16:50:00
2025-04-24 17:35:01 - INFO - [_run_strategy_if_applicable] [N/A] ⏰ Strategy 'EMA_Cross_ema50' not executed because it's outside the time window: 16:35:00 - 16:50:00
2025-04-24 17:35:01 - INFO - [_run_strategy_if_applicable] [N/A] 🔄 Starting trading loop for strategy: VWAP_diff_signal_1700
2025-04-24 17:35:01 - INFO - [get_stock_data] [CZR] Requesting data for CZR
2025-04-24 17:35:01 - INFO - [get_stock_data] [CZR] Data received for CZR: 91 rows
2025-04-24 17:35:01 - INFO - [check_vwap_diff_signal] [CZR] Analyzing VWAP reversal signal for CZR
2025-04-24 17:35:01 - INFO - [check_vwap_diff_signal] [CZR] Close: 26.8 | Low: 26.69 | High: 26.82 | VWAP: 26.680500726359504
2025-04-24 17:35:01 - DEBUG - [check_vwap_diff_signal] [CZR] [CZR] Last Candela: VWAP-Low=-0.04%, High-VWAP=0.52%
2025-04-24 17:35:01 - DEBUG - [check_vwap_diff_signal] [CZR] No VWAP signal detected
2025-04-24 17:35:01 - INFO - [_process_ticker] [CZR] ℹ️ No valid signal for CZR
2025-04-24 17:35:01 - INFO - [get_stock_data] [MTCH] Requesting data for MTCH
2025-04-24 17:35:02 - INFO - [get_stock_data] [MTCH] Data received for MTCH: 91 rows
2025-04-24 17:35:02 - INFO - [check_vwap_diff_signal] [MTCH] Analyzing VWAP reversal signal for MTCH
2025-04-24 17:35:02 - INFO - [check_vwap_diff_signal] [MTCH] Close: 29.88 | Low: 29.83 | High: 29.89 | VWAP: 29.85533073976042
2025-04-24 17:35:02 - DEBUG - [check_vwap_diff_signal] [MTCH] [MTCH] Last Candela: VWAP-Low=0.08%, High-VWAP=0.12%
2025-04-24 17:35:02 - DEBUG - [check_vwap_diff_signal] [MTCH] No VWAP signal detected
2025-04-24 17:35:02 - INFO - [_process_ticker] [MTCH] ℹ️ No valid signal for MTCH
2025-04-24 17:35:02 - INFO - [get_stock_data] [NCHL] Requesting data for NCHL
2025-04-24 17:35:02 - ERROR - [get_stock_data] [NCHL] Error retrieving data: 'NoneType' object has no attribute 'empty'
2025-04-24 17:35:02 - INFO - [get_stock_data] [HBAN] Requesting data for HBAN
2025-04-24 17:35:03 - INFO - [get_stock_data] [HBAN] Data received for HBAN: 91 rows
2025-04-24 17:35:03 - INFO - [check_vwap_diff_signal] [HBAN] Analyzing VWAP reversal signal for HBAN
2025-04-24 17:35:03 - INFO - [check_vwap_diff_signal] [HBAN] Close: 14.39 | Low: 14.37 | High: 14.4 | VWAP: 14.270650633084221
2025-04-24 17:35:03 - DEBUG - [check_vwap_diff_signal] [HBAN] [HBAN] Last Candela: VWAP-Low=-0.70%, High-VWAP=0.91%
2025-04-24 17:35:03 - DEBUG - [check_vwap_diff_signal] [HBAN] No VWAP signal detected
2025-04-24 17:35:03 - INFO - [_process_ticker] [HBAN] ℹ️ No valid signal for HBAN
2025-04-24 17:35:03 - INFO - [get_stock_data] [MRNA] Requesting data for MRNA
2025-04-24 17:35:03 - INFO - [get_stock_data] [MRNA] Data received for MRNA: 91 rows
2025-04-24 17:35:03 - INFO - [check_vwap_diff_signal] [MRNA] Analyzing VWAP reversal signal for MRNA
2025-04-24 17:35:03 - INFO - [check_vwap_diff_signal] [MRNA] Close: 26.67 | Low: 26.63 | High: 26.78 | VWAP: 26.587395050153948
2025-04-24 17:35:03 - DEBUG - [check_vwap_diff_signal] [MRNA] [MRNA] Last Candela: VWAP-Low=-0.16%, High-VWAP=0.72%
2025-04-24 17:35:03 - DEBUG - [check_vwap_diff_signal] [MRNA] No VWAP signal detected
2025-04-24 17:35:03 - INFO - [_process_ticker] [MRNA] ℹ️ No valid signal for MRNA
2025-04-24 17:35:03 - DEBUG - [_process_ticker] [WBD] 🚫 Trade not allowed for WBD (limit reached)
2025-04-24 17:35:03 - INFO - [get_stock_data] [CMCSA] Requesting data for CMCSA
2025-04-24 17:35:04 - INFO - [get_stock_data] [CMCSA] Data received for CMCSA: 91 rows
2025-04-24 17:35:04 - INFO - [check_vwap_diff_signal] [CMCSA] Analyzing VWAP reversal signal for CMCSA
2025-04-24 17:35:04 - INFO - [check_vwap_diff_signal] [CMCSA] Close: 33.07 | Low: 33.0 | High: 33.14 | VWAP: 32.732896466422865
2025-04-24 17:35:04 - DEBUG - [check_vwap_diff_signal] [CMCSA] [CMCSA] Last Candela: VWAP-Low=-0.82%, High-VWAP=1.24%
2025-04-24 17:35:04 - DEBUG - [check_vwap_diff_signal] [CMCSA] No VWAP signal detected
2025-04-24 17:35:04 - INFO - [_process_ticker] [CMCSA] ℹ️ No valid signal for CMCSA
2025-04-24 17:35:04 - INFO - [_run_strategy_if_applicable] [N/A] 🔄 Starting trading loop for strategy: VWAP_diff_signal_rsi_1700
2025-04-24 17:35:04 - INFO - [get_stock_data] [IVZ] Requesting data for IVZ
2025-04-24 17:35:04 - INFO - [get_stock_data] [IVZ] Data received for IVZ: 91 rows
2025-04-24 17:35:04 - INFO - [check_vwap_diff_signal_with_rsi] [IVZ] Analyzing VWAP reversal signal for IVZ
2025-04-24 17:35:04 - INFO - [check_vwap_diff_signal_with_rsi] [IVZ] Close: 13.88 | Low: 13.86 | High: 13.89 | VWAP: 13.730187161873824 | RSI: 79.45
2025-04-24 17:35:04 - DEBUG - [check_vwap_diff_signal_with_rsi] [IVZ] [IVZ] Last Candela: VWAP-Low=-0.95%, High-VWAP=1.16%
2025-04-24 17:35:04 - DEBUG - [check_vwap_diff_signal_with_rsi] [IVZ] No VWAP+RSI signal detected
2025-04-24 17:35:04 - INFO - [_process_ticker] [IVZ] ℹ️ No valid signal for IVZ
2025-04-24 17:35:04 - INFO - [get_stock_data] [FCX] Requesting data for FCX
2025-04-24 17:35:05 - INFO - [get_stock_data] [FCX] Data received for FCX: 91 rows
2025-04-24 17:35:05 - INFO - [check_vwap_diff_signal_with_rsi] [FCX] Analyzing VWAP reversal signal for FCX
2025-04-24 17:35:05 - INFO - [check_vwap_diff_signal_with_rsi] [FCX] Close: 36.44 | Low: 36.41 | High: 36.55 | VWAP: 36.555766989301695 | RSI: 61.23
2025-04-24 17:35:05 - DEBUG - [check_vwap_diff_signal_with_rsi] [FCX] [FCX] Last Candela: VWAP-Low=0.40%, High-VWAP=-0.02%
2025-04-24 17:35:05 - DEBUG - [check_vwap_diff_signal_with_rsi] [FCX] No VWAP+RSI signal detected
2025-04-24 17:35:05 - INFO - [_process_ticker] [FCX] ℹ️ No valid signal for FCX
2025-04-24 17:35:05 - INFO - [get_stock_data] [HST] Requesting data for HST
2025-04-24 17:35:05 - INFO - [get_stock_data] [HST] Data received for HST: 91 rows
2025-04-24 17:35:05 - INFO - [check_vwap_diff_signal_with_rsi] [HST] Analyzing VWAP reversal signal for HST
2025-04-24 17:35:05 - INFO - [check_vwap_diff_signal_with_rsi] [HST] Close: 13.83 | Low: 13.79 | High: 13.83 | VWAP: 13.767150547359325 | RSI: 52.57
2025-04-24 17:35:05 - DEBUG - [check_vwap_diff_signal_with_rsi] [HST] [HST] Last Candela: VWAP-Low=-0.17%, High-VWAP=0.46%
2025-04-24 17:35:05 - DEBUG - [check_vwap_diff_signal_with_rsi] [HST] No VWAP+RSI signal detected
2025-04-24 17:35:05 - INFO - [_process_ticker] [HST] ℹ️ No valid signal for HST
2025-04-24 17:35:05 - INFO - [get_stock_data] [IVZ] Requesting data for IVZ
2025-04-24 17:35:06 - INFO - [get_stock_data] [IVZ] Data received for IVZ: 92 rows
2025-04-24 17:35:06 - INFO - [check_vwap_diff_signal_with_rsi] [IVZ] Analyzing VWAP reversal signal for IVZ
2025-04-24 17:35:06 - INFO - [check_vwap_diff_signal_with_rsi] [IVZ] Close: 13.88 | Low: 13.88 | High: 13.88 | VWAP: 13.730187161873824 | RSI: 79.45
2025-04-24 17:35:06 - DEBUG - [check_vwap_diff_signal_with_rsi] [IVZ] [IVZ] Last Candela: VWAP-Low=-1.09%, High-VWAP=1.09%
2025-04-24 17:35:06 - DEBUG - [check_vwap_diff_signal_with_rsi] [IVZ] No VWAP+RSI signal detected
2025-04-24 17:35:06 - INFO - [_process_ticker] [IVZ] ℹ️ No valid signal for IVZ
2025-04-24 17:35:06 - INFO - [get_stock_data] [NEM] Requesting data for NEM
2025-04-24 17:35:06 - INFO - [get_stock_data] [NEM] Data received for NEM: 92 rows
2025-04-24 17:35:06 - INFO - [check_vwap_diff_signal_with_rsi] [NEM] Analyzing VWAP reversal signal for NEM
2025-04-24 17:35:06 - INFO - [check_vwap_diff_signal_with_rsi] [NEM] Close: 54.55 | Low: 54.55 | High: 54.55 | VWAP: 54.53208943801234 | RSI: 63.13
2025-04-24 17:35:06 - DEBUG - [check_vwap_diff_signal_with_rsi] [NEM] [NEM] Last Candela: VWAP-Low=-0.03%, High-VWAP=0.03%
2025-04-24 17:35:06 - DEBUG - [check_vwap_diff_signal_with_rsi] [NEM] No VWAP+RSI signal detected
2025-04-24 17:35:06 - INFO - [_process_ticker] [NEM] ℹ️ No valid signal for NEM
2025-04-24 17:35:06 - INFO - [get_stock_data] [LUV] Requesting data for LUV
2025-04-24 17:35:07 - INFO - [get_stock_data] [LUV] Data received for LUV: 92 rows
2025-04-24 17:35:07 - INFO - [check_vwap_diff_signal_with_rsi] [LUV] Analyzing VWAP reversal signal for LUV
2025-04-24 17:35:07 - INFO - [check_vwap_diff_signal_with_rsi] [LUV] Close: 25.57 | Low: 25.57 | High: 25.58 | VWAP: 25.508357946146035 | RSI: 53.83
2025-04-24 17:35:07 - DEBUG - [check_vwap_diff_signal_with_rsi] [LUV] [LUV] Last Candela: VWAP-Low=-0.24%, High-VWAP=0.28%
2025-04-24 17:35:07 - DEBUG - [check_vwap_diff_signal_with_rsi] [LUV] No VWAP+RSI signal detected
2025-04-24 17:35:07 - INFO - [_process_ticker] [LUV] ℹ️ No valid signal for LUV
2025-04-24 17:35:07 - INFO - [_run_strategy_if_applicable] [N/A] ⏰ Strategy 'EMA_Cross_candle' not executed because it's outside the time window: 16:35:00 - 16:50:00
2025-04-24 17:35:07 - INFO - [_update_active_orders_and_telegram] [N/A] 📊 Updating SL/TP for active orders
2025-04-24 17:35:08 - INFO - [_wait_until_next_iteration] [N/A] ⏳ Sleeping for 51.40 seconds before the next cycle
2025-04-24 17:36:00 - DEBUG - [_process_strategies] [N/A] ⏱ Skipping VWAP_diff_signal_1700_volume, not yet time (every 5m)
2025-04-24 17:36:00 - DEBUG - [_process_strategies] [N/A] ⏱ Skipping SMA_Cross_sma50, not yet time (every 5m)
2025-04-24 17:36:00 - DEBUG - [_process_strategies] [N/A] ⏱ Skipping SMA_Cross_candle, not yet time (every 5m)
2025-04-24 17:36:00 - DEBUG - [_process_strategies] [N/A] ⏱ Skipping EMA_Cross_ema50, not yet time (every 5m)
2025-04-24 17:36:00 - DEBUG - [_process_strategies] [N/A] ⏱ Skipping VWAP_diff_signal_1700, not yet time (every 5m)
2025-04-24 17:36:00 - DEBUG - [_process_strategies] [N/A] ⏱ Skipping VWAP_diff_signal_rsi_1700, not yet time (every 5m)
2025-04-24 17:36:00 - DEBUG - [_process_strategies] [N/A] ⏱ Skipping EMA_Cross_candle, not yet time (every 5m)
2025-04-24 17:36:00 - INFO - [_update_active_orders_and_telegram] [N/A] 📊 Updating SL/TP for active orders
2025-04-24 17:36:01 - INFO - [_wait_until_next_iteration] [N/A] ⏳ Sleeping for 58.97 seconds before the next cycle
2025-04-24 17:37:00 - DEBUG - [_process_strategies] [N/A] ⏱ Skipping VWAP_diff_signal_1700_volume, not yet time (every 5m)
2025-04-24 17:37:00 - DEBUG - [_process_strategies] [N/A] ⏱ Skipping SMA_Cross_sma50, not yet time (every 5m)
2025-04-24 17:37:00 - DEBUG - [_process_strategies] [N/A] ⏱ Skipping SMA_Cross_candle, not yet time (every 5m)
2025-04-24 17:37:00 - DEBUG - [_process_strategies] [N/A] ⏱ Skipping EMA_Cross_ema50, not yet time (every 5m)
2025-04-24 17:37:00 - DEBUG - [_process_strategies] [N/A] ⏱ Skipping VWAP_diff_signal_1700, not yet time (every 5m)
2025-04-24 17:37:00 - DEBUG - [_process_strategies] [N/A] ⏱ Skipping VWAP_diff_signal_rsi_1700, not yet time (every 5m)
2025-04-24 17:37:00 - DEBUG - [_process_strategies] [N/A] ⏱ Skipping EMA_Cross_candle, not yet time (every 5m)
2025-04-24 17:37:00 - INFO - [_update_active_orders_and_telegram] [N/A] 📊 Updating SL/TP for active orders
2025-04-24 17:37:01 - INFO - [_wait_until_next_iteration] [N/A] ⏳ Sleeping for 58.92 seconds before the next cycle
2025-04-24 17:38:00 - DEBUG - [_process_strategies] [N/A] ⏱ Skipping VWAP_diff_signal_1700_volume, not yet time (every 5m)
2025-04-24 17:38:00 - DEBUG - [_process_strategies] [N/A] ⏱ Skipping SMA_Cross_sma50, not yet time (every 5m)
2025-04-24 17:38:00 - DEBUG - [_process_strategies] [N/A] ⏱ Skipping SMA_Cross_candle, not yet time (every 5m)
2025-04-24 17:38:00 - DEBUG - [_process_strategies] [N/A] ⏱ Skipping EMA_Cross_ema50, not yet time (every 5m)
2025-04-24 17:38:00 - DEBUG - [_process_strategies] [N/A] ⏱ Skipping VWAP_diff_signal_1700, not yet time (every 5m)
2025-04-24 17:38:00 - DEBUG - [_process_strategies] [N/A] ⏱ Skipping VWAP_diff_signal_rsi_1700, not yet time (every 5m)
2025-04-24 17:38:00 - DEBUG - [_process_strategies] [N/A] ⏱ Skipping EMA_Cross_candle, not yet time (every 5m)
2025-04-24 17:38:00 - INFO - [_update_active_orders_and_telegram] [N/A] 📊 Updating SL/TP for active orders
2025-04-24 17:38:01 - INFO - [_wait_until_next_iteration] [N/A] ⏳ Sleeping for 58.92 seconds before the next cycle
2025-04-24 17:39:00 - DEBUG - [_process_strategies] [N/A] ⏱ Skipping VWAP_diff_signal_1700_volume, not yet time (every 5m)
2025-04-24 17:39:00 - DEBUG - [_process_strategies] [N/A] ⏱ Skipping SMA_Cross_sma50, not yet time (every 5m)
2025-04-24 17:39:00 - DEBUG - [_process_strategies] [N/A] ⏱ Skipping SMA_Cross_candle, not yet time (every 5m)
2025-04-24 17:39:00 - DEBUG - [_process_strategies] [N/A] ⏱ Skipping EMA_Cross_ema50, not yet time (every 5m)
2025-04-24 17:39:00 - DEBUG - [_process_strategies] [N/A] ⏱ Skipping VWAP_diff_signal_1700, not yet time (every 5m)
2025-04-24 17:39:00 - DEBUG - [_process_strategies] [N/A] ⏱ Skipping VWAP_diff_signal_rsi_1700, not yet time (every 5m)
2025-04-24 17:39:00 - DEBUG - [_process_strategies] [N/A] ⏱ Skipping EMA_Cross_candle, not yet time (every 5m)
2025-04-24 17:39:00 - INFO - [_update_active_orders_and_telegram] [N/A] 📊 Updating SL/TP for active orders
2025-04-24 17:39:01 - INFO - [_wait_until_next_iteration] [N/A] ⏳ Sleeping for 58.93 seconds before the next cycle
2025-04-24 17:40:00 - INFO - [_run_strategy_if_applicable] [N/A] 🔄 Starting trading loop for strategy: VWAP_diff_signal_1700_volume
2025-04-24 17:40:00 - DEBUG - [_process_ticker] [GEN] 🚫 Trade not allowed for GEN (limit reached)
2025-04-24 17:40:00 - DEBUG - [_process_ticker] [HPQ] 🚫 Trade not allowed for HPQ (limit reached)
2025-04-24 17:40:00 - INFO - [get_stock_data] [INTC] Requesting data for INTC
2025-04-24 17:40:00 - INFO - [get_stock_data] [INTC] Data received for INTC: 92 rows
2025-04-24 17:40:00 - INFO - [check_vwap_diff_signal_with_volume] [INTC] Analyzing VWAP reversal signal for INTC
2025-04-24 17:40:00 - INFO - [_process_ticker] [INTC] ℹ️ No valid signal for INTC
2025-04-24 17:40:00 - INFO - [get_stock_data] [RF] Requesting data for RF
2025-04-24 17:40:01 - INFO - [get_stock_data] [RF] Data received for RF: 92 rows
2025-04-24 17:40:01 - INFO - [check_vwap_diff_signal_with_volume] [RF] Analyzing VWAP reversal signal for RF
2025-04-24 17:40:01 - INFO - [_process_ticker] [RF] ℹ️ No valid signal for RF
2025-04-24 17:40:01 - INFO - [_run_strategy_if_applicable] [N/A] ⏰ Strategy 'SMA_Cross_sma50' not executed because it's outside the time window: 16:35:00 - 16:50:00
2025-04-24 17:40:01 - INFO - [_run_strategy_if_applicable] [N/A] ⏰ Strategy 'SMA_Cross_candle' not executed because it's outside the time window: 16:35:00 - 16:50:00
2025-04-24 17:40:01 - INFO - [_run_strategy_if_applicable] [N/A] ⏰ Strategy 'EMA_Cross_ema50' not executed because it's outside the time window: 16:35:00 - 16:50:00
2025-04-24 17:40:01 - INFO - [_run_strategy_if_applicable] [N/A] 🔄 Starting trading loop for strategy: VWAP_diff_signal_1700
2025-04-24 17:40:01 - INFO - [get_stock_data] [CZR] Requesting data for CZR
2025-04-24 17:40:01 - INFO - [get_stock_data] [CZR] Data received for CZR: 92 rows
2025-04-24 17:40:01 - INFO - [check_vwap_diff_signal] [CZR] Analyzing VWAP reversal signal for CZR
2025-04-24 17:40:01 - INFO - [check_vwap_diff_signal] [CZR] Close: 26.7 | Low: 26.69 | High: 26.84 | VWAP: 26.68131818906782
2025-04-24 17:40:01 - DEBUG - [check_vwap_diff_signal] [CZR] [CZR] Last Candela: VWAP-Low=-0.03%, High-VWAP=0.59%
2025-04-24 17:40:01 - DEBUG - [check_vwap_diff_signal] [CZR] No VWAP signal detected
2025-04-24 17:40:01 - INFO - [_process_ticker] [CZR] ℹ️ No valid signal for CZR
2025-04-24 17:40:01 - INFO - [get_stock_data] [MTCH] Requesting data for MTCH
2025-04-24 17:40:02 - INFO - [get_stock_data] [MTCH] Data received for MTCH: 92 rows
2025-04-24 17:40:02 - INFO - [check_vwap_diff_signal] [MTCH] Analyzing VWAP reversal signal for MTCH
2025-04-24 17:40:02 - INFO - [check_vwap_diff_signal] [MTCH] Close: 29.89 | Low: 29.87 | High: 29.93 | VWAP: 29.858167553784337
2025-04-24 17:40:02 - DEBUG - [check_vwap_diff_signal] [MTCH] [MTCH] Last Candela: VWAP-Low=-0.04%, High-VWAP=0.24%
2025-04-24 17:40:02 - DEBUG - [check_vwap_diff_signal] [MTCH] No VWAP signal detected
2025-04-24 17:40:02 - INFO - [_process_ticker] [MTCH] ℹ️ No valid signal for MTCH
2025-04-24 17:40:02 - INFO - [get_stock_data] [NCHL] Requesting data for NCHL
2025-04-24 17:40:02 - ERROR - [get_stock_data] [NCHL] Error retrieving data: 'NoneType' object has no attribute 'empty'
2025-04-24 17:40:02 - INFO - [get_stock_data] [HBAN] Requesting data for HBAN
2025-04-24 17:40:03 - INFO - [get_stock_data] [HBAN] Data received for HBAN: 92 rows
2025-04-24 17:40:03 - INFO - [check_vwap_diff_signal] [HBAN] Analyzing VWAP reversal signal for HBAN
2025-04-24 17:40:03 - INFO - [check_vwap_diff_signal] [HBAN] Close: 14.38 | Low: 14.36 | High: 14.4 | VWAP: 14.279110709316951
2025-04-24 17:40:03 - DEBUG - [check_vwap_diff_signal] [HBAN] [HBAN] Last Candela: VWAP-Low=-0.57%, High-VWAP=0.85%
2025-04-24 17:40:03 - DEBUG - [check_vwap_diff_signal] [HBAN] No VWAP signal detected
2025-04-24 17:40:03 - INFO - [_process_ticker] [HBAN] ℹ️ No valid signal for HBAN
2025-04-24 17:40:03 - INFO - [get_stock_data] [MRNA] Requesting data for MRNA
2025-04-24 17:40:03 - INFO - [get_stock_data] [MRNA] Data received for MRNA: 92 rows
2025-04-24 17:40:03 - INFO - [check_vwap_diff_signal] [MRNA] Analyzing VWAP reversal signal for MRNA
2025-04-24 17:40:03 - INFO - [check_vwap_diff_signal] [MRNA] Close: 26.7 | Low: 26.6 | High: 26.7 | VWAP: 26.59426068703039
2025-04-24 17:40:03 - DEBUG - [check_vwap_diff_signal] [MRNA] [MRNA] Last Candela: VWAP-Low=-0.02%, High-VWAP=0.40%
2025-04-24 17:40:03 - DEBUG - [check_vwap_diff_signal] [MRNA] No VWAP signal detected
2025-04-24 17:40:03 - INFO - [_process_ticker] [MRNA] ℹ️ No valid signal for MRNA
2025-04-24 17:40:03 - DEBUG - [_process_ticker] [WBD] 🚫 Trade not allowed for WBD (limit reached)
2025-04-24 17:40:03 - INFO - [get_stock_data] [CMCSA] Requesting data for CMCSA
2025-04-24 17:40:04 - INFO - [get_stock_data] [CMCSA] Data received for CMCSA: 92 rows
2025-04-24 17:40:04 - INFO - [check_vwap_diff_signal] [CMCSA] Analyzing VWAP reversal signal for CMCSA
2025-04-24 17:40:04 - INFO - [check_vwap_diff_signal] [CMCSA] Close: 33.05 | Low: 33.02 | High: 33.11 | VWAP: 32.741114051418876
2025-04-24 17:40:04 - DEBUG - [check_vwap_diff_signal] [CMCSA] [CMCSA] Last Candela: VWAP-Low=-0.85%, High-VWAP=1.13%
2025-04-24 17:40:04 - DEBUG - [check_vwap_diff_signal] [CMCSA] No VWAP signal detected
2025-04-24 17:40:04 - INFO - [_process_ticker] [CMCSA] ℹ️ No valid signal for CMCSA
2025-04-24 17:40:04 - INFO - [_run_strategy_if_applicable] [N/A] 🔄 Starting trading loop for strategy: VWAP_diff_signal_rsi_1700
2025-04-24 17:40:04 - INFO - [get_stock_data] [IVZ] Requesting data for IVZ
2025-04-24 17:40:04 - INFO - [get_stock_data] [IVZ] Data received for IVZ: 92 rows
2025-04-24 17:40:04 - INFO - [check_vwap_diff_signal_with_rsi] [IVZ] Analyzing VWAP reversal signal for IVZ
2025-04-24 17:40:04 - INFO - [check_vwap_diff_signal_with_rsi] [IVZ] Close: 13.91 | Low: 13.88 | High: 13.91 | VWAP: 13.744282596946531 | RSI: 81.05
2025-04-24 17:40:04 - DEBUG - [check_vwap_diff_signal_with_rsi] [IVZ] [IVZ] Last Candela: VWAP-Low=-0.99%, High-VWAP=1.21%
2025-04-24 17:40:04 - DEBUG - [check_vwap_diff_signal_with_rsi] [IVZ] No VWAP+RSI signal detected
2025-04-24 17:40:04 - INFO - [_process_ticker] [IVZ] ℹ️ No valid signal for IVZ
2025-04-24 17:40:04 - INFO - [get_stock_data] [FCX] Requesting data for FCX
2025-04-24 17:40:05 - INFO - [get_stock_data] [FCX] Data received for FCX: 92 rows
2025-04-24 17:40:05 - INFO - [check_vwap_diff_signal_with_rsi] [FCX] Analyzing VWAP reversal signal for FCX
2025-04-24 17:40:05 - INFO - [check_vwap_diff_signal_with_rsi] [FCX] Close: 36.79 | Low: 36.44 | High: 36.81 | VWAP: 36.5659388795802 | RSI: 67.37
2025-04-24 17:40:05 - DEBUG - [check_vwap_diff_signal_with_rsi] [FCX] [FCX] Last Candela: VWAP-Low=0.34%, High-VWAP=0.67%
2025-04-24 17:40:05 - DEBUG - [check_vwap_diff_signal_with_rsi] [FCX] No VWAP+RSI signal detected
2025-04-24 17:40:05 - INFO - [_process_ticker] [FCX] ℹ️ No valid signal for FCX
2025-04-24 17:40:05 - INFO - [get_stock_data] [HST] Requesting data for HST
2025-04-24 17:40:05 - INFO - [get_stock_data] [HST] Data received for HST: 92 rows
2025-04-24 17:40:05 - INFO - [check_vwap_diff_signal_with_rsi] [HST] Analyzing VWAP reversal signal for HST
2025-04-24 17:40:05 - INFO - [check_vwap_diff_signal_with_rsi] [HST] Close: 13.83 | Low: 13.81 | High: 13.84 | VWAP: 13.770507594603544 | RSI: 52.57
2025-04-24 17:40:05 - DEBUG - [check_vwap_diff_signal_with_rsi] [HST] [HST] Last Candela: VWAP-Low=-0.29%, High-VWAP=0.50%
2025-04-24 17:40:05 - DEBUG - [check_vwap_diff_signal_with_rsi] [HST] No VWAP+RSI signal detected
2025-04-24 17:40:05 - INFO - [_process_ticker] [HST] ℹ️ No valid signal for HST
2025-04-24 17:40:05 - INFO - [get_stock_data] [IVZ] Requesting data for IVZ
2025-04-24 17:40:06 - INFO - [get_stock_data] [IVZ] Data received for IVZ: 93 rows
2025-04-24 17:40:06 - INFO - [check_vwap_diff_signal_with_rsi] [IVZ] Analyzing VWAP reversal signal for IVZ
2025-04-24 17:40:06 - INFO - [check_vwap_diff_signal_with_rsi] [IVZ] Close: 13.9 | Low: 13.9 | High: 13.9 | VWAP: 13.744282596946531 | RSI: 78.84
2025-04-24 17:40:06 - DEBUG - [check_vwap_diff_signal_with_rsi] [IVZ] [IVZ] Last Candela: VWAP-Low=-1.13%, High-VWAP=1.13%
2025-04-24 17:40:06 - DEBUG - [check_vwap_diff_signal_with_rsi] [IVZ] No VWAP+RSI signal detected
2025-04-24 17:40:06 - INFO - [_process_ticker] [IVZ] ℹ️ No valid signal for IVZ
2025-04-24 17:40:06 - INFO - [get_stock_data] [NEM] Requesting data for NEM
2025-04-24 17:40:06 - INFO - [get_stock_data] [NEM] Data received for NEM: 93 rows
2025-04-24 17:40:06 - INFO - [check_vwap_diff_signal_with_rsi] [NEM] Analyzing VWAP reversal signal for NEM
2025-04-24 17:40:06 - INFO - [check_vwap_diff_signal_with_rsi] [NEM] Close: 54.63 | Low: 54.62 | High: 54.64 | VWAP: 54.53406166320531 | RSI: 64.66
2025-04-24 17:40:06 - DEBUG - [check_vwap_diff_signal_with_rsi] [NEM] [NEM] Last Candela: VWAP-Low=-0.16%, High-VWAP=0.19%
2025-04-24 17:40:06 - DEBUG - [check_vwap_diff_signal_with_rsi] [NEM] No VWAP+RSI signal detected
2025-04-24 17:40:06 - INFO - [_process_ticker] [NEM] ℹ️ No valid signal for NEM
2025-04-24 17:40:06 - INFO - [get_stock_data] [LUV] Requesting data for LUV
2025-04-24 17:40:07 - INFO - [get_stock_data] [LUV] Data received for LUV: 93 rows
2025-04-24 17:40:07 - INFO - [check_vwap_diff_signal_with_rsi] [LUV] Analyzing VWAP reversal signal for LUV
2025-04-24 17:40:07 - INFO - [check_vwap_diff_signal_with_rsi] [LUV] Close: 25.46 | Low: 25.46 | High: 25.47 | VWAP: 25.507486293998085 | RSI: 49.13
2025-04-24 17:40:07 - DEBUG - [check_vwap_diff_signal_with_rsi] [LUV] [LUV] Last Candela: VWAP-Low=0.19%, High-VWAP=-0.15%
2025-04-24 17:40:07 - DEBUG - [check_vwap_diff_signal_with_rsi] [LUV] No VWAP+RSI signal detected
2025-04-24 17:40:07 - INFO - [_process_ticker] [LUV] ℹ️ No valid signal for LUV
2025-04-24 17:40:07 - INFO - [_run_strategy_if_applicable] [N/A] ⏰ Strategy 'EMA_Cross_candle' not executed because it's outside the time window: 16:35:00 - 16:50:00
2025-04-24 17:40:07 - INFO - [_update_active_orders_and_telegram] [N/A] 📊 Updating SL/TP for active orders
2025-04-24 17:40:08 - INFO - [_wait_until_next_iteration] [N/A] ⏳ Sleeping for 51.48 seconds before the next cycle
2025-04-24 17:41:00 - DEBUG - [_process_strategies] [N/A] ⏱ Skipping VWAP_diff_signal_1700_volume, not yet time (every 5m)
2025-04-24 17:41:00 - DEBUG - [_process_strategies] [N/A] ⏱ Skipping SMA_Cross_sma50, not yet time (every 5m)
2025-04-24 17:41:00 - DEBUG - [_process_strategies] [N/A] ⏱ Skipping SMA_Cross_candle, not yet time (every 5m)
2025-04-24 17:41:00 - DEBUG - [_process_strategies] [N/A] ⏱ Skipping EMA_Cross_ema50, not yet time (every 5m)
2025-04-24 17:41:00 - DEBUG - [_process_strategies] [N/A] ⏱ Skipping VWAP_diff_signal_1700, not yet time (every 5m)
2025-04-24 17:41:00 - DEBUG - [_process_strategies] [N/A] ⏱ Skipping VWAP_diff_signal_rsi_1700, not yet time (every 5m)
2025-04-24 17:41:00 - DEBUG - [_process_strategies] [N/A] ⏱ Skipping EMA_Cross_candle, not yet time (every 5m)
2025-04-24 17:41:00 - INFO - [_update_active_orders_and_telegram] [N/A] 📊 Updating SL/TP for active orders
2025-04-24 17:41:01 - INFO - [_wait_until_next_iteration] [N/A] ⏳ Sleeping for 58.93 seconds before the next cycle
2025-04-24 17:42:00 - DEBUG - [_process_strategies] [N/A] ⏱ Skipping VWAP_diff_signal_1700_volume, not yet time (every 5m)
2025-04-24 17:42:00 - DEBUG - [_process_strategies] [N/A] ⏱ Skipping SMA_Cross_sma50, not yet time (every 5m)
2025-04-24 17:42:00 - DEBUG - [_process_strategies] [N/A] ⏱ Skipping SMA_Cross_candle, not yet time (every 5m)
2025-04-24 17:42:00 - DEBUG - [_process_strategies] [N/A] ⏱ Skipping EMA_Cross_ema50, not yet time (every 5m)
2025-04-24 17:42:00 - DEBUG - [_process_strategies] [N/A] ⏱ Skipping VWAP_diff_signal_1700, not yet time (every 5m)
2025-04-24 17:42:00 - DEBUG - [_process_strategies] [N/A] ⏱ Skipping VWAP_diff_signal_rsi_1700, not yet time (every 5m)
2025-04-24 17:42:00 - DEBUG - [_process_strategies] [N/A] ⏱ Skipping EMA_Cross_candle, not yet time (every 5m)
2025-04-24 17:42:00 - INFO - [_update_active_orders_and_telegram] [N/A] 📊 Updating SL/TP for active orders
2025-04-24 17:42:01 - INFO - [_wait_until_next_iteration] [N/A] ⏳ Sleeping for 58.92 seconds before the next cycle
2025-04-24 17:43:00 - DEBUG - [_process_strategies] [N/A] ⏱ Skipping VWAP_diff_signal_1700_volume, not yet time (every 5m)
2025-04-24 17:43:00 - DEBUG - [_process_strategies] [N/A] ⏱ Skipping SMA_Cross_sma50, not yet time (every 5m)
2025-04-24 17:43:00 - DEBUG - [_process_strategies] [N/A] ⏱ Skipping SMA_Cross_candle, not yet time (every 5m)
2025-04-24 17:43:00 - DEBUG - [_process_strategies] [N/A] ⏱ Skipping EMA_Cross_ema50, not yet time (every 5m)
2025-04-24 17:43:00 - DEBUG - [_process_strategies] [N/A] ⏱ Skipping VWAP_diff_signal_1700, not yet time (every 5m)
2025-04-24 17:43:00 - DEBUG - [_process_strategies] [N/A] ⏱ Skipping VWAP_diff_signal_rsi_1700, not yet time (every 5m)
2025-04-24 17:43:00 - DEBUG - [_process_strategies] [N/A] ⏱ Skipping EMA_Cross_candle, not yet time (every 5m)
2025-04-24 17:43:00 - INFO - [_update_active_orders_and_telegram] [N/A] 📊 Updating SL/TP for active orders
2025-04-24 17:43:01 - INFO - [_wait_until_next_iteration] [N/A] ⏳ Sleeping for 58.91 seconds before the next cycle
2025-04-24 17:44:00 - DEBUG - [_process_strategies] [N/A] ⏱ Skipping VWAP_diff_signal_1700_volume, not yet time (every 5m)
2025-04-24 17:44:00 - DEBUG - [_process_strategies] [N/A] ⏱ Skipping SMA_Cross_sma50, not yet time (every 5m)
2025-04-24 17:44:00 - DEBUG - [_process_strategies] [N/A] ⏱ Skipping SMA_Cross_candle, not yet time (every 5m)
2025-04-24 17:44:00 - DEBUG - [_process_strategies] [N/A] ⏱ Skipping EMA_Cross_ema50, not yet time (every 5m)
2025-04-24 17:44:00 - DEBUG - [_process_strategies] [N/A] ⏱ Skipping VWAP_diff_signal_1700, not yet time (every 5m)
2025-04-24 17:44:00 - DEBUG - [_process_strategies] [N/A] ⏱ Skipping VWAP_diff_signal_rsi_1700, not yet time (every 5m)
2025-04-24 17:44:00 - DEBUG - [_process_strategies] [N/A] ⏱ Skipping EMA_Cross_candle, not yet time (every 5m)
2025-04-24 17:44:00 - INFO - [_update_active_orders_and_telegram] [N/A] 📊 Updating SL/TP for active orders
2025-04-24 17:44:01 - INFO - [_wait_until_next_iteration] [N/A] ⏳ Sleeping for 58.93 seconds before the next cycle
2025-04-24 17:45:00 - INFO - [_run_strategy_if_applicable] [N/A] 🔄 Starting trading loop for strategy: VWAP_diff_signal_1700_volume
2025-04-24 17:45:00 - DEBUG - [_process_ticker] [GEN] 🚫 Trade not allowed for GEN (limit reached)
2025-04-24 17:45:00 - DEBUG - [_process_ticker] [HPQ] 🚫 Trade not allowed for HPQ (limit reached)
2025-04-24 17:45:00 - INFO - [get_stock_data] [INTC] Requesting data for INTC
2025-04-24 17:45:00 - INFO - [get_stock_data] [INTC] Data received for INTC: 93 rows
2025-04-24 17:45:00 - INFO - [check_vwap_diff_signal_with_volume] [INTC] Analyzing VWAP reversal signal for INTC
2025-04-24 17:45:00 - INFO - [_process_ticker] [INTC] ℹ️ No valid signal for INTC
2025-04-24 17:45:00 - INFO - [get_stock_data] [RF] Requesting data for RF
2025-04-24 17:45:01 - INFO - [get_stock_data] [RF] Data received for RF: 93 rows
2025-04-24 17:45:01 - INFO - [check_vwap_diff_signal_with_volume] [RF] Analyzing VWAP reversal signal for RF
2025-04-24 17:45:01 - INFO - [_process_ticker] [RF] ℹ️ No valid signal for RF
2025-04-24 17:45:01 - INFO - [_run_strategy_if_applicable] [N/A] ⏰ Strategy 'SMA_Cross_sma50' not executed because it's outside the time window: 16:35:00 - 16:50:00
2025-04-24 17:45:01 - INFO - [_run_strategy_if_applicable] [N/A] ⏰ Strategy 'SMA_Cross_candle' not executed because it's outside the time window: 16:35:00 - 16:50:00
2025-04-24 17:45:01 - INFO - [_run_strategy_if_applicable] [N/A] ⏰ Strategy 'EMA_Cross_ema50' not executed because it's outside the time window: 16:35:00 - 16:50:00
2025-04-24 17:45:01 - INFO - [_run_strategy_if_applicable] [N/A] 🔄 Starting trading loop for strategy: VWAP_diff_signal_1700
2025-04-24 17:45:01 - INFO - [get_stock_data] [CZR] Requesting data for CZR
2025-04-24 17:45:01 - INFO - [get_stock_data] [CZR] Data received for CZR: 93 rows
2025-04-24 17:45:01 - INFO - [check_vwap_diff_signal] [CZR] Analyzing VWAP reversal signal for CZR
2025-04-24 17:45:01 - INFO - [check_vwap_diff_signal] [CZR] Close: 26.75 | Low: 26.68 | High: 26.79 | VWAP: 26.684854428255363
2025-04-24 17:45:01 - DEBUG - [check_vwap_diff_signal] [CZR] [CZR] Last Candela: VWAP-Low=0.02%, High-VWAP=0.39%
2025-04-24 17:45:01 - DEBUG - [check_vwap_diff_signal] [CZR] No VWAP signal detected
2025-04-24 17:45:01 - INFO - [_process_ticker] [CZR] ℹ️ No valid signal for CZR
2025-04-24 17:45:01 - INFO - [get_stock_data] [MTCH] Requesting data for MTCH
2025-04-24 17:45:02 - INFO - [get_stock_data] [MTCH] Data received for MTCH: 93 rows
2025-04-24 17:45:02 - INFO - [check_vwap_diff_signal] [MTCH] Analyzing VWAP reversal signal for MTCH
2025-04-24 17:45:02 - INFO - [check_vwap_diff_signal] [MTCH] Close: 29.84 | Low: 29.8 | High: 29.92 | VWAP: 29.85674680378684
2025-04-24 17:45:02 - DEBUG - [check_vwap_diff_signal] [MTCH] [MTCH] Last Candela: VWAP-Low=0.19%, High-VWAP=0.21%
2025-04-24 17:45:02 - DEBUG - [check_vwap_diff_signal] [MTCH] No VWAP signal detected
2025-04-24 17:45:02 - INFO - [_process_ticker] [MTCH] ℹ️ No valid signal for MTCH
2025-04-24 17:45:02 - INFO - [get_stock_data] [NCHL] Requesting data for NCHL
2025-04-24 17:45:02 - ERROR - [get_stock_data] [NCHL] Error retrieving data: 'NoneType' object has no attribute 'empty'
2025-04-24 17:45:02 - INFO - [get_stock_data] [HBAN] Requesting data for HBAN
2025-04-24 17:45:03 - INFO - [get_stock_data] [HBAN] Data received for HBAN: 93 rows
2025-04-24 17:45:03 - INFO - [check_vwap_diff_signal] [HBAN] Analyzing VWAP reversal signal for HBAN
2025-04-24 17:45:03 - INFO - [check_vwap_diff_signal] [HBAN] Close: 14.36 | Low: 14.34 | High: 14.39 | VWAP: 14.294627243763774
2025-04-24 17:45:03 - DEBUG - [check_vwap_diff_signal] [HBAN] [HBAN] Last Candela: VWAP-Low=-0.32%, High-VWAP=0.67%
2025-04-24 17:45:03 - DEBUG - [check_vwap_diff_signal] [HBAN] No VWAP signal detected
2025-04-24 17:45:03 - INFO - [_process_ticker] [HBAN] ℹ️ No valid signal for HBAN
2025-04-24 17:45:03 - INFO - [get_stock_data] [MRNA] Requesting data for MRNA
2025-04-24 17:45:03 - INFO - [get_stock_data] [MRNA] Data received for MRNA: 93 rows
2025-04-24 17:45:03 - INFO - [check_vwap_diff_signal] [MRNA] Analyzing VWAP reversal signal for MRNA
2025-04-24 17:45:03 - INFO - [check_vwap_diff_signal] [MRNA] Close: 26.57 | Low: 26.57 | High: 26.77 | VWAP: 26.592957843061036
2025-04-24 17:45:03 - DEBUG - [check_vwap_diff_signal] [MRNA] [MRNA] Last Candela: VWAP-Low=0.09%, High-VWAP=0.67%
2025-04-24 17:45:03 - DEBUG - [check_vwap_diff_signal] [MRNA] No VWAP signal detected
2025-04-24 17:45:03 - INFO - [_process_ticker] [MRNA] ℹ️ No valid signal for MRNA
2025-04-24 17:45:03 - DEBUG - [_process_ticker] [WBD] 🚫 Trade not allowed for WBD (limit reached)
2025-04-24 17:45:03 - INFO - [get_stock_data] [CMCSA] Requesting data for CMCSA
2025-04-24 17:45:04 - INFO - [get_stock_data] [CMCSA] Data received for CMCSA: 93 rows
2025-04-24 17:45:04 - INFO - [check_vwap_diff_signal] [CMCSA] Analyzing VWAP reversal signal for CMCSA
2025-04-24 17:45:04 - INFO - [check_vwap_diff_signal] [CMCSA] Close: 33.0 | Low: 32.96 | High: 33.09 | VWAP: 32.75307891402277
2025-04-24 17:45:04 - DEBUG - [check_vwap_diff_signal] [CMCSA] [CMCSA] Last Candela: VWAP-Low=-0.63%, High-VWAP=1.03%
2025-04-24 17:45:04 - DEBUG - [check_vwap_diff_signal] [CMCSA] No VWAP signal detected
2025-04-24 17:45:04 - INFO - [_process_ticker] [CMCSA] ℹ️ No valid signal for CMCSA
2025-04-24 17:45:04 - INFO - [_run_strategy_if_applicable] [N/A] 🔄 Starting trading loop for strategy: VWAP_diff_signal_rsi_1700
2025-04-24 17:45:04 - INFO - [get_stock_data] [IVZ] Requesting data for IVZ
2025-04-24 17:45:04 - INFO - [get_stock_data] [IVZ] Data received for IVZ: 93 rows
2025-04-24 17:45:04 - INFO - [check_vwap_diff_signal_with_rsi] [IVZ] Analyzing VWAP reversal signal for IVZ
2025-04-24 17:45:04 - INFO - [check_vwap_diff_signal_with_rsi] [IVZ] Close: 13.92 | Low: 13.88 | High: 13.92 | VWAP: 13.765342738333453 | RSI: 81.56
2025-04-24 17:45:04 - DEBUG - [check_vwap_diff_signal_with_rsi] [IVZ] [IVZ] Last Candela: VWAP-Low=-0.83%, High-VWAP=1.12%
2025-04-24 17:45:04 - DEBUG - [check_vwap_diff_signal_with_rsi] [IVZ] No VWAP+RSI signal detected
2025-04-24 17:45:04 - INFO - [_process_ticker] [IVZ] ℹ️ No valid signal for IVZ
2025-04-24 17:45:04 - INFO - [get_stock_data] [FCX] Requesting data for FCX
2025-04-24 17:45:05 - INFO - [get_stock_data] [FCX] Data received for FCX: 93 rows
2025-04-24 17:45:05 - INFO - [check_vwap_diff_signal_with_rsi] [FCX] Analyzing VWAP reversal signal for FCX
2025-04-24 17:45:05 - INFO - [check_vwap_diff_signal_with_rsi] [FCX] Close: 36.71 | Low: 36.63 | High: 36.87 | VWAP: 36.571611080429896 | RSI: 64.84
2025-04-24 17:45:05 - DEBUG - [check_vwap_diff_signal_with_rsi] [FCX] [FCX] Last Candela: VWAP-Low=-0.16%, High-VWAP=0.82%
2025-04-24 17:45:05 - DEBUG - [check_vwap_diff_signal_with_rsi] [FCX] No VWAP+RSI signal detected
2025-04-24 17:45:05 - INFO - [_process_ticker] [FCX] ℹ️ No valid signal for FCX
2025-04-24 17:45:05 - INFO - [get_stock_data] [HST] Requesting data for HST
2025-04-24 17:45:05 - INFO - [get_stock_data] [HST] Data received for HST: 94 rows
2025-04-24 17:45:05 - INFO - [check_vwap_diff_signal_with_rsi] [HST] Analyzing VWAP reversal signal for HST
2025-04-24 17:45:05 - INFO - [check_vwap_diff_signal_with_rsi] [HST] Close: 13.83 | Low: 13.82 | High: 13.83 | VWAP: 13.77451226030733 | RSI: 52.57
2025-04-24 17:45:05 - DEBUG - [check_vwap_diff_signal_with_rsi] [HST] [HST] Last Candela: VWAP-Low=-0.33%, High-VWAP=0.40%
2025-04-24 17:45:05 - DEBUG - [check_vwap_diff_signal_with_rsi] [HST] No VWAP+RSI signal detected
2025-04-24 17:45:05 - INFO - [_process_ticker] [HST] ℹ️ No valid signal for HST
2025-04-24 17:45:05 - INFO - [get_stock_data] [IVZ] Requesting data for IVZ
2025-04-24 17:45:06 - INFO - [get_stock_data] [IVZ] Data received for IVZ: 94 rows
2025-04-24 17:45:06 - INFO - [check_vwap_diff_signal_with_rsi] [IVZ] Analyzing VWAP reversal signal for IVZ
2025-04-24 17:45:06 - INFO - [check_vwap_diff_signal_with_rsi] [IVZ] Close: 13.93 | Low: 13.92 | High: 13.93 | VWAP: 13.765718792961692 | RSI: 82.09
2025-04-24 17:45:06 - DEBUG - [check_vwap_diff_signal_with_rsi] [IVZ] [IVZ] Last Candela: VWAP-Low=-1.12%, High-VWAP=1.19%
2025-04-24 17:45:06 - DEBUG - [check_vwap_diff_signal_with_rsi] [IVZ] No VWAP+RSI signal detected
2025-04-24 17:45:06 - INFO - [_process_ticker] [IVZ] ℹ️ No valid signal for IVZ
2025-04-24 17:45:06 - INFO - [get_stock_data] [NEM] Requesting data for NEM
2025-04-24 17:45:07 - INFO - [get_stock_data] [NEM] Data received for NEM: 94 rows
2025-04-24 17:45:07 - INFO - [check_vwap_diff_signal_with_rsi] [NEM] Analyzing VWAP reversal signal for NEM
2025-04-24 17:45:07 - INFO - [check_vwap_diff_signal_with_rsi] [NEM] Close: 54.77 | Low: 54.73 | High: 54.79 | VWAP: 54.54164683491304 | RSI: 66.87
2025-04-24 17:45:07 - DEBUG - [check_vwap_diff_signal_with_rsi] [NEM] [NEM] Last Candela: VWAP-Low=-0.35%, High-VWAP=0.46%
2025-04-24 17:45:07 - DEBUG - [check_vwap_diff_signal_with_rsi] [NEM] No VWAP+RSI signal detected
2025-04-24 17:45:07 - INFO - [_process_ticker] [NEM] ℹ️ No valid signal for NEM
2025-04-24 17:45:07 - INFO - [get_stock_data] [LUV] Requesting data for LUV
2025-04-24 17:45:08 - INFO - [get_stock_data] [LUV] Data received for LUV: 94 rows
2025-04-24 17:45:08 - INFO - [check_vwap_diff_signal_with_rsi] [LUV] Analyzing VWAP reversal signal for LUV
2025-04-24 17:45:08 - INFO - [check_vwap_diff_signal_with_rsi] [LUV] Close: 25.45 | Low: 25.45 | High: 25.45 | VWAP: 25.506214645003922 | RSI: 48.77
2025-04-24 17:45:08 - DEBUG - [check_vwap_diff_signal_with_rsi] [LUV] [LUV] Last Candela: VWAP-Low=0.22%, High-VWAP=-0.22%
2025-04-24 17:45:08 - DEBUG - [check_vwap_diff_signal_with_rsi] [LUV] No VWAP+RSI signal detected
2025-04-24 17:45:08 - INFO - [_process_ticker] [LUV] ℹ️ No valid signal for LUV
2025-04-24 17:45:08 - INFO - [_run_strategy_if_applicable] [N/A] ⏰ Strategy 'EMA_Cross_candle' not executed because it's outside the time window: 16:35:00 - 16:50:00
2025-04-24 17:45:08 - INFO - [_update_active_orders_and_telegram] [N/A] 📊 Updating SL/TP for active orders
2025-04-24 17:45:09 - INFO - [_wait_until_next_iteration] [N/A] ⏳ Sleeping for 50.83 seconds before the next cycle
2025-04-24 17:46:00 - DEBUG - [_process_strategies] [N/A] ⏱ Skipping VWAP_diff_signal_1700_volume, not yet time (every 5m)
2025-04-24 17:46:00 - DEBUG - [_process_strategies] [N/A] ⏱ Skipping SMA_Cross_sma50, not yet time (every 5m)
2025-04-24 17:46:00 - DEBUG - [_process_strategies] [N/A] ⏱ Skipping SMA_Cross_candle, not yet time (every 5m)
2025-04-24 17:46:00 - DEBUG - [_process_strategies] [N/A] ⏱ Skipping EMA_Cross_ema50, not yet time (every 5m)
2025-04-24 17:46:00 - DEBUG - [_process_strategies] [N/A] ⏱ Skipping VWAP_diff_signal_1700, not yet time (every 5m)
2025-04-24 17:46:00 - DEBUG - [_process_strategies] [N/A] ⏱ Skipping VWAP_diff_signal_rsi_1700, not yet time (every 5m)
2025-04-24 17:46:00 - DEBUG - [_process_strategies] [N/A] ⏱ Skipping EMA_Cross_candle, not yet time (every 5m)
2025-04-24 17:46:00 - INFO - [_update_active_orders_and_telegram] [N/A] 📊 Updating SL/TP for active orders
2025-04-24 17:46:01 - INFO - [_wait_until_next_iteration] [N/A] ⏳ Sleeping for 58.93 seconds before the next cycle
2025-04-24 17:47:00 - DEBUG - [_process_strategies] [N/A] ⏱ Skipping VWAP_diff_signal_1700_volume, not yet time (every 5m)
2025-04-24 17:47:00 - DEBUG - [_process_strategies] [N/A] ⏱ Skipping SMA_Cross_sma50, not yet time (every 5m)
2025-04-24 17:47:00 - DEBUG - [_process_strategies] [N/A] ⏱ Skipping SMA_Cross_candle, not yet time (every 5m)
2025-04-24 17:47:00 - DEBUG - [_process_strategies] [N/A] ⏱ Skipping EMA_Cross_ema50, not yet time (every 5m)
2025-04-24 17:47:00 - DEBUG - [_process_strategies] [N/A] ⏱ Skipping VWAP_diff_signal_1700, not yet time (every 5m)
2025-04-24 17:47:00 - DEBUG - [_process_strategies] [N/A] ⏱ Skipping VWAP_diff_signal_rsi_1700, not yet time (every 5m)
2025-04-24 17:47:00 - DEBUG - [_process_strategies] [N/A] ⏱ Skipping EMA_Cross_candle, not yet time (every 5m)
2025-04-24 17:47:00 - INFO - [_update_active_orders_and_telegram] [N/A] 📊 Updating SL/TP for active orders
2025-04-24 17:47:01 - INFO - [_wait_until_next_iteration] [N/A] ⏳ Sleeping for 58.91 seconds before the next cycle
2025-04-24 17:48:00 - DEBUG - [_process_strategies] [N/A] ⏱ Skipping VWAP_diff_signal_1700_volume, not yet time (every 5m)
2025-04-24 17:48:00 - DEBUG - [_process_strategies] [N/A] ⏱ Skipping SMA_Cross_sma50, not yet time (every 5m)
2025-04-24 17:48:00 - DEBUG - [_process_strategies] [N/A] ⏱ Skipping SMA_Cross_candle, not yet time (every 5m)
2025-04-24 17:48:00 - DEBUG - [_process_strategies] [N/A] ⏱ Skipping EMA_Cross_ema50, not yet time (every 5m)
2025-04-24 17:48:00 - DEBUG - [_process_strategies] [N/A] ⏱ Skipping VWAP_diff_signal_1700, not yet time (every 5m)
2025-04-24 17:48:00 - DEBUG - [_process_strategies] [N/A] ⏱ Skipping VWAP_diff_signal_rsi_1700, not yet time (every 5m)
2025-04-24 17:48:00 - DEBUG - [_process_strategies] [N/A] ⏱ Skipping EMA_Cross_candle, not yet time (every 5m)
2025-04-24 17:48:00 - INFO - [_update_active_orders_and_telegram] [N/A] 📊 Updating SL/TP for active orders
2025-04-24 17:48:01 - INFO - [_wait_until_next_iteration] [N/A] ⏳ Sleeping for 58.92 seconds before the next cycle
2025-04-24 17:49:00 - DEBUG - [_process_strategies] [N/A] ⏱ Skipping VWAP_diff_signal_1700_volume, not yet time (every 5m)
2025-04-24 17:49:00 - DEBUG - [_process_strategies] [N/A] ⏱ Skipping SMA_Cross_sma50, not yet time (every 5m)
2025-04-24 17:49:00 - DEBUG - [_process_strategies] [N/A] ⏱ Skipping SMA_Cross_candle, not yet time (every 5m)
2025-04-24 17:49:00 - DEBUG - [_process_strategies] [N/A] ⏱ Skipping EMA_Cross_ema50, not yet time (every 5m)
2025-04-24 17:49:00 - DEBUG - [_process_strategies] [N/A] ⏱ Skipping VWAP_diff_signal_1700, not yet time (every 5m)
2025-04-24 17:49:00 - DEBUG - [_process_strategies] [N/A] ⏱ Skipping VWAP_diff_signal_rsi_1700, not yet time (every 5m)
2025-04-24 17:49:00 - DEBUG - [_process_strategies] [N/A] ⏱ Skipping EMA_Cross_candle, not yet time (every 5m)
2025-04-24 17:49:00 - INFO - [_update_active_orders_and_telegram] [N/A] 📊 Updating SL/TP for active orders
2025-04-24 17:49:01 - INFO - [_wait_until_next_iteration] [N/A] ⏳ Sleeping for 58.93 seconds before the next cycle
2025-04-24 17:50:00 - INFO - [_run_strategy_if_applicable] [N/A] 🔄 Starting trading loop for strategy: VWAP_diff_signal_1700_volume
2025-04-24 17:50:00 - DEBUG - [_process_ticker] [GEN] 🚫 Trade not allowed for GEN (limit reached)
2025-04-24 17:50:00 - DEBUG - [_process_ticker] [HPQ] 🚫 Trade not allowed for HPQ (limit reached)
2025-04-24 17:50:00 - INFO - [get_stock_data] [INTC] Requesting data for INTC
2025-04-24 17:50:00 - INFO - [get_stock_data] [INTC] Data received for INTC: 94 rows
2025-04-24 17:50:00 - INFO - [check_vwap_diff_signal_with_volume] [INTC] Analyzing VWAP reversal signal for INTC
2025-04-24 17:50:00 - INFO - [_process_ticker] [INTC] ℹ️ No valid signal for INTC
2025-04-24 17:50:00 - INFO - [get_stock_data] [RF] Requesting data for RF
2025-04-24 17:50:01 - INFO - [get_stock_data] [RF] Data received for RF: 94 rows
2025-04-24 17:50:01 - INFO - [check_vwap_diff_signal_with_volume] [RF] Analyzing VWAP reversal signal for RF
2025-04-24 17:50:01 - INFO - [_process_ticker] [RF] ℹ️ No valid signal for RF
2025-04-24 17:50:01 - INFO - [_run_strategy_if_applicable] [N/A] ⏰ Strategy 'SMA_Cross_sma50' not executed because it's outside the time window: 16:35:00 - 16:50:00
2025-04-24 17:50:01 - INFO - [_run_strategy_if_applicable] [N/A] ⏰ Strategy 'SMA_Cross_candle' not executed because it's outside the time window: 16:35:00 - 16:50:00
2025-04-24 17:50:01 - INFO - [_run_strategy_if_applicable] [N/A] ⏰ Strategy 'EMA_Cross_ema50' not executed because it's outside the time window: 16:35:00 - 16:50:00
2025-04-24 17:50:01 - INFO - [_run_strategy_if_applicable] [N/A] 🔄 Starting trading loop for strategy: VWAP_diff_signal_1700
2025-04-24 17:50:01 - INFO - [get_stock_data] [CZR] Requesting data for CZR
2025-04-24 17:50:01 - INFO - [get_stock_data] [CZR] Data received for CZR: 94 rows
2025-04-24 17:50:01 - INFO - [check_vwap_diff_signal] [CZR] Analyzing VWAP reversal signal for CZR
2025-04-24 17:50:01 - INFO - [check_vwap_diff_signal] [CZR] Close: 26.75 | Low: 26.65 | High: 26.77 | VWAP: 26.696811156056647
2025-04-24 17:50:01 - DEBUG - [check_vwap_diff_signal] [CZR] [CZR] Last Candela: VWAP-Low=0.18%, High-VWAP=0.27%
2025-04-24 17:50:01 - DEBUG - [check_vwap_diff_signal] [CZR] No VWAP signal detected
2025-04-24 17:50:01 - INFO - [_process_ticker] [CZR] ℹ️ No valid signal for CZR
2025-04-24 17:50:01 - INFO - [get_stock_data] [MTCH] Requesting data for MTCH
2025-04-24 17:50:02 - INFO - [get_stock_data] [MTCH] Data received for MTCH: 94 rows
2025-04-24 17:50:02 - INFO - [check_vwap_diff_signal] [MTCH] Analyzing VWAP reversal signal for MTCH
2025-04-24 17:50:02 - INFO - [check_vwap_diff_signal] [MTCH] Close: 29.8 | Low: 29.78 | High: 29.85 | VWAP: 29.852477985206058
2025-04-24 17:50:02 - DEBUG - [check_vwap_diff_signal] [MTCH] [MTCH] Last Candela: VWAP-Low=0.24%, High-VWAP=-0.01%
2025-04-24 17:50:02 - DEBUG - [check_vwap_diff_signal] [MTCH] No VWAP signal detected
2025-04-24 17:50:02 - INFO - [_process_ticker] [MTCH] ℹ️ No valid signal for MTCH
2025-04-24 17:50:02 - INFO - [get_stock_data] [NCHL] Requesting data for NCHL
2025-04-24 17:50:02 - ERROR - [get_stock_data] [NCHL] Error retrieving data: 'NoneType' object has no attribute 'empty'
2025-04-24 17:50:02 - INFO - [get_stock_data] [HBAN] Requesting data for HBAN
2025-04-24 17:50:03 - INFO - [get_stock_data] [HBAN] Data received for HBAN: 94 rows
2025-04-24 17:50:03 - INFO - [check_vwap_diff_signal] [HBAN] Analyzing VWAP reversal signal for HBAN
2025-04-24 17:50:03 - INFO - [check_vwap_diff_signal] [HBAN] Close: 14.34 | Low: 14.31 | High: 14.37 | VWAP: 14.298080043525973
2025-04-24 17:50:03 - DEBUG - [check_vwap_diff_signal] [HBAN] [HBAN] Last Candela: VWAP-Low=-0.08%, High-VWAP=0.50%
2025-04-24 17:50:03 - DEBUG - [check_vwap_diff_signal] [HBAN] No VWAP signal detected
2025-04-24 17:50:03 - INFO - [_process_ticker] [HBAN] ℹ️ No valid signal for HBAN
2025-04-24 17:50:03 - INFO - [get_stock_data] [MRNA] Requesting data for MRNA
2025-04-24 17:50:03 - INFO - [get_stock_data] [MRNA] Data received for MRNA: 94 rows
2025-04-24 17:50:03 - INFO - [check_vwap_diff_signal] [MRNA] Analyzing VWAP reversal signal for MRNA
2025-04-24 17:50:03 - INFO - [check_vwap_diff_signal] [MRNA] Close: 26.48 | Low: 26.44 | High: 26.62 | VWAP: 26.587148802081497
2025-04-24 17:50:03 - DEBUG - [check_vwap_diff_signal] [MRNA] [MRNA] Last Candela: VWAP-Low=0.55%, High-VWAP=0.12%
2025-04-24 17:50:03 - DEBUG - [check_vwap_diff_signal] [MRNA] No VWAP signal detected
2025-04-24 17:50:03 - INFO - [_process_ticker] [MRNA] ℹ️ No valid signal for MRNA
2025-04-24 17:50:03 - DEBUG - [_process_ticker] [WBD] 🚫 Trade not allowed for WBD (limit reached)
2025-04-24 17:50:03 - INFO - [get_stock_data] [CMCSA] Requesting data for CMCSA
2025-04-24 17:50:04 - INFO - [get_stock_data] [CMCSA] Data received for CMCSA: 94 rows
2025-04-24 17:50:04 - INFO - [check_vwap_diff_signal] [CMCSA] Analyzing VWAP reversal signal for CMCSA
2025-04-24 17:50:04 - INFO - [check_vwap_diff_signal] [CMCSA] Close: 33.07 | Low: 32.89 | High: 33.09 | VWAP: 32.76279240653647
2025-04-24 17:50:04 - DEBUG - [check_vwap_diff_signal] [CMCSA] [CMCSA] Last Candela: VWAP-Low=-0.39%, High-VWAP=1.00%
2025-04-24 17:50:04 - DEBUG - [check_vwap_diff_signal] [CMCSA] No VWAP signal detected
2025-04-24 17:50:04 - INFO - [_process_ticker] [CMCSA] ℹ️ No valid signal for CMCSA
2025-04-24 17:50:04 - INFO - [_run_strategy_if_applicable] [N/A] 🔄 Starting trading loop for strategy: VWAP_diff_signal_rsi_1700
2025-04-24 17:50:04 - INFO - [get_stock_data] [IVZ] Requesting data for IVZ
2025-04-24 17:50:04 - INFO - [get_stock_data] [IVZ] Data received for IVZ: 94 rows
2025-04-24 17:50:04 - INFO - [check_vwap_diff_signal_with_rsi] [IVZ] Analyzing VWAP reversal signal for IVZ
2025-04-24 17:50:04 - INFO - [check_vwap_diff_signal_with_rsi] [IVZ] Close: 13.9 | Low: 13.89 | High: 13.93 | VWAP: 13.776048584543974 | RSI: 77.05
2025-04-24 17:50:04 - DEBUG - [check_vwap_diff_signal_with_rsi] [IVZ] [IVZ] Last Candela: VWAP-Low=-0.83%, High-VWAP=1.12%
2025-04-24 17:50:04 - DEBUG - [check_vwap_diff_signal_with_rsi] [IVZ] No VWAP+RSI signal detected
2025-04-24 17:50:04 - INFO - [_process_ticker] [IVZ] ℹ️ No valid signal for IVZ
2025-04-24 17:50:04 - INFO - [get_stock_data] [FCX] Requesting data for FCX
2025-04-24 17:50:05 - INFO - [get_stock_data] [FCX] Data received for FCX: 94 rows
2025-04-24 17:50:05 - INFO - [check_vwap_diff_signal_with_rsi] [FCX] Analyzing VWAP reversal signal for FCX
2025-04-24 17:50:05 - INFO - [check_vwap_diff_signal_with_rsi] [FCX] Close: 36.92 | Low: 36.66 | High: 36.92 | VWAP: 36.58595015316776 | RSI: 68.21
2025-04-24 17:50:05 - DEBUG - [check_vwap_diff_signal_with_rsi] [FCX] [FCX] Last Candela: VWAP-Low=-0.20%, High-VWAP=0.91%
2025-04-24 17:50:05 - DEBUG - [check_vwap_diff_signal_with_rsi] [FCX] No VWAP+RSI signal detected
2025-04-24 17:50:05 - INFO - [_process_ticker] [FCX] ℹ️ No valid signal for FCX
2025-04-24 17:50:05 - INFO - [get_stock_data] [HST] Requesting data for HST
2025-04-24 17:50:05 - INFO - [get_stock_data] [HST] Data received for HST: 94 rows
2025-04-24 17:50:05 - INFO - [check_vwap_diff_signal_with_rsi] [HST] Analyzing VWAP reversal signal for HST
2025-04-24 17:50:05 - INFO - [check_vwap_diff_signal_with_rsi] [HST] Close: 13.8 | Low: 13.77 | High: 13.84 | VWAP: 13.77602447226712 | RSI: 48.55
2025-04-24 17:50:05 - DEBUG - [check_vwap_diff_signal_with_rsi] [HST] [HST] Last Candela: VWAP-Low=0.04%, High-VWAP=0.46%
2025-04-24 17:50:05 - DEBUG - [check_vwap_diff_signal_with_rsi] [HST] No VWAP+RSI signal detected
2025-04-24 17:50:05 - INFO - [_process_ticker] [HST] ℹ️ No valid signal for HST
2025-04-24 17:50:05 - INFO - [get_stock_data] [IVZ] Requesting data for IVZ
2025-04-24 17:50:06 - INFO - [get_stock_data] [IVZ] Data received for IVZ: 95 rows
2025-04-24 17:50:06 - INFO - [check_vwap_diff_signal_with_rsi] [IVZ] Analyzing VWAP reversal signal for IVZ
2025-04-24 17:50:06 - INFO - [check_vwap_diff_signal_with_rsi] [IVZ] Close: 13.9 | Low: 13.9 | High: 13.9 | VWAP: 13.776048584543974 | RSI: 77.05
2025-04-24 17:50:06 - DEBUG - [check_vwap_diff_signal_with_rsi] [IVZ] [IVZ] Last Candela: VWAP-Low=-0.90%, High-VWAP=0.90%
2025-04-24 17:50:06 - DEBUG - [check_vwap_diff_signal_with_rsi] [IVZ] No VWAP+RSI signal detected
2025-04-24 17:50:06 - INFO - [_process_ticker] [IVZ] ℹ️ No valid signal for IVZ
2025-04-24 17:50:06 - INFO - [get_stock_data] [NEM] Requesting data for NEM
2025-04-24 17:50:06 - INFO - [get_stock_data] [NEM] Data received for NEM: 95 rows
2025-04-24 17:50:06 - INFO - [check_vwap_diff_signal_with_rsi] [NEM] Analyzing VWAP reversal signal for NEM
2025-04-24 17:50:06 - INFO - [check_vwap_diff_signal_with_rsi] [NEM] Close: 54.8 | Low: 54.8 | High: 54.81 | VWAP: 54.54928348597377 | RSI: 67.15
2025-04-24 17:50:06 - DEBUG - [check_vwap_diff_signal_with_rsi] [NEM] [NEM] Last Candela: VWAP-Low=-0.46%, High-VWAP=0.48%
2025-04-24 17:50:06 - DEBUG - [check_vwap_diff_signal_with_rsi] [NEM] No VWAP+RSI signal detected
2025-04-24 17:50:06 - INFO - [_process_ticker] [NEM] ℹ️ No valid signal for NEM
2025-04-24 17:50:06 - INFO - [get_stock_data] [LUV] Requesting data for LUV
2025-04-24 17:50:07 - INFO - [get_stock_data] [LUV] Data received for LUV: 95 rows
2025-04-24 17:50:07 - INFO - [check_vwap_diff_signal_with_rsi] [LUV] Analyzing VWAP reversal signal for LUV
2025-04-24 17:50:07 - INFO - [check_vwap_diff_signal_with_rsi] [LUV] Close: 25.32 | Low: 25.3 | High: 25.32 | VWAP: 25.501312891946267 | RSI: 43.84
2025-04-24 17:50:07 - DEBUG - [check_vwap_diff_signal_with_rsi] [LUV] [LUV] Last Candela: VWAP-Low=0.79%, High-VWAP=-0.71%
2025-04-24 17:50:07 - DEBUG - [check_vwap_diff_signal_with_rsi] [LUV] No VWAP+RSI signal detected
2025-04-24 17:50:07 - INFO - [_process_ticker] [LUV] ℹ️ No valid signal for LUV
2025-04-24 17:50:07 - INFO - [_run_strategy_if_applicable] [N/A] ⏰ Strategy 'EMA_Cross_candle' not executed because it's outside the time window: 16:35:00 - 16:50:00
2025-04-24 17:50:07 - INFO - [_update_active_orders_and_telegram] [N/A] 📊 Updating SL/TP for active orders
2025-04-24 17:50:08 - INFO - [_wait_until_next_iteration] [N/A] ⏳ Sleeping for 51.52 seconds before the next cycle
2025-04-24 17:51:00 - DEBUG - [_process_strategies] [N/A] ⏱ Skipping VWAP_diff_signal_1700_volume, not yet time (every 5m)
2025-04-24 17:51:00 - DEBUG - [_process_strategies] [N/A] ⏱ Skipping SMA_Cross_sma50, not yet time (every 5m)
2025-04-24 17:51:00 - DEBUG - [_process_strategies] [N/A] ⏱ Skipping SMA_Cross_candle, not yet time (every 5m)
2025-04-24 17:51:00 - DEBUG - [_process_strategies] [N/A] ⏱ Skipping EMA_Cross_ema50, not yet time (every 5m)
2025-04-24 17:51:00 - DEBUG - [_process_strategies] [N/A] ⏱ Skipping VWAP_diff_signal_1700, not yet time (every 5m)
2025-04-24 17:51:00 - DEBUG - [_process_strategies] [N/A] ⏱ Skipping VWAP_diff_signal_rsi_1700, not yet time (every 5m)
2025-04-24 17:51:00 - DEBUG - [_process_strategies] [N/A] ⏱ Skipping EMA_Cross_candle, not yet time (every 5m)
2025-04-24 17:51:00 - INFO - [_update_active_orders_and_telegram] [N/A] 📊 Updating SL/TP for active orders
2025-04-24 17:51:01 - INFO - [_wait_until_next_iteration] [N/A] ⏳ Sleeping for 58.93 seconds before the next cycle
2025-04-24 17:52:00 - DEBUG - [_process_strategies] [N/A] ⏱ Skipping VWAP_diff_signal_1700_volume, not yet time (every 5m)
2025-04-24 17:52:00 - DEBUG - [_process_strategies] [N/A] ⏱ Skipping SMA_Cross_sma50, not yet time (every 5m)
2025-04-24 17:52:00 - DEBUG - [_process_strategies] [N/A] ⏱ Skipping SMA_Cross_candle, not yet time (every 5m)
2025-04-24 17:52:00 - DEBUG - [_process_strategies] [N/A] ⏱ Skipping EMA_Cross_ema50, not yet time (every 5m)
2025-04-24 17:52:00 - DEBUG - [_process_strategies] [N/A] ⏱ Skipping VWAP_diff_signal_1700, not yet time (every 5m)
2025-04-24 17:52:00 - DEBUG - [_process_strategies] [N/A] ⏱ Skipping VWAP_diff_signal_rsi_1700, not yet time (every 5m)
2025-04-24 17:52:00 - DEBUG - [_process_strategies] [N/A] ⏱ Skipping EMA_Cross_candle, not yet time (every 5m)
2025-04-24 17:52:00 - INFO - [_update_active_orders_and_telegram] [N/A] 📊 Updating SL/TP for active orders
2025-04-24 17:52:01 - INFO - [_wait_until_next_iteration] [N/A] ⏳ Sleeping for 58.92 seconds before the next cycle
2025-04-24 17:53:00 - DEBUG - [_process_strategies] [N/A] ⏱ Skipping VWAP_diff_signal_1700_volume, not yet time (every 5m)
2025-04-24 17:53:00 - DEBUG - [_process_strategies] [N/A] ⏱ Skipping SMA_Cross_sma50, not yet time (every 5m)
2025-04-24 17:53:00 - DEBUG - [_process_strategies] [N/A] ⏱ Skipping SMA_Cross_candle, not yet time (every 5m)
2025-04-24 17:53:00 - DEBUG - [_process_strategies] [N/A] ⏱ Skipping EMA_Cross_ema50, not yet time (every 5m)
2025-04-24 17:53:00 - DEBUG - [_process_strategies] [N/A] ⏱ Skipping VWAP_diff_signal_1700, not yet time (every 5m)
2025-04-24 17:53:00 - DEBUG - [_process_strategies] [N/A] ⏱ Skipping VWAP_diff_signal_rsi_1700, not yet time (every 5m)
2025-04-24 17:53:00 - DEBUG - [_process_strategies] [N/A] ⏱ Skipping EMA_Cross_candle, not yet time (every 5m)
2025-04-24 17:53:00 - INFO - [_update_active_orders_and_telegram] [N/A] 📊 Updating SL/TP for active orders
2025-04-24 17:53:01 - INFO - [_wait_until_next_iteration] [N/A] ⏳ Sleeping for 58.92 seconds before the next cycle
2025-04-24 17:54:00 - DEBUG - [_process_strategies] [N/A] ⏱ Skipping VWAP_diff_signal_1700_volume, not yet time (every 5m)
2025-04-24 17:54:00 - DEBUG - [_process_strategies] [N/A] ⏱ Skipping SMA_Cross_sma50, not yet time (every 5m)
2025-04-24 17:54:00 - DEBUG - [_process_strategies] [N/A] ⏱ Skipping SMA_Cross_candle, not yet time (every 5m)
2025-04-24 17:54:00 - DEBUG - [_process_strategies] [N/A] ⏱ Skipping EMA_Cross_ema50, not yet time (every 5m)
2025-04-24 17:54:00 - DEBUG - [_process_strategies] [N/A] ⏱ Skipping VWAP_diff_signal_1700, not yet time (every 5m)
2025-04-24 17:54:00 - DEBUG - [_process_strategies] [N/A] ⏱ Skipping VWAP_diff_signal_rsi_1700, not yet time (every 5m)
2025-04-24 17:54:00 - DEBUG - [_process_strategies] [N/A] ⏱ Skipping EMA_Cross_candle, not yet time (every 5m)
2025-04-24 17:54:00 - INFO - [_update_active_orders_and_telegram] [N/A] 📊 Updating SL/TP for active orders
2025-04-24 17:54:01 - INFO - [_wait_until_next_iteration] [N/A] ⏳ Sleeping for 58.92 seconds before the next cycle
2025-04-24 17:55:00 - INFO - [_run_strategy_if_applicable] [N/A] 🔄 Starting trading loop for strategy: VWAP_diff_signal_1700_volume
2025-04-24 17:55:00 - DEBUG - [_process_ticker] [GEN] 🚫 Trade not allowed for GEN (limit reached)
2025-04-24 17:55:00 - DEBUG - [_process_ticker] [HPQ] 🚫 Trade not allowed for HPQ (limit reached)
2025-04-24 17:55:00 - INFO - [get_stock_data] [INTC] Requesting data for INTC
2025-04-24 17:55:00 - INFO - [get_stock_data] [INTC] Data received for INTC: 95 rows
2025-04-24 17:55:00 - INFO - [check_vwap_diff_signal_with_volume] [INTC] Analyzing VWAP reversal signal for INTC
2025-04-24 17:55:00 - INFO - [_process_ticker] [INTC] ℹ️ No valid signal for INTC
2025-04-24 17:55:00 - INFO - [get_stock_data] [RF] Requesting data for RF
2025-04-24 17:55:01 - INFO - [get_stock_data] [RF] Data received for RF: 95 rows
2025-04-24 17:55:01 - INFO - [check_vwap_diff_signal_with_volume] [RF] Analyzing VWAP reversal signal for RF
2025-04-24 17:55:01 - INFO - [_process_ticker] [RF] ℹ️ No valid signal for RF
2025-04-24 17:55:01 - INFO - [_run_strategy_if_applicable] [N/A] ⏰ Strategy 'SMA_Cross_sma50' not executed because it's outside the time window: 16:35:00 - 16:50:00
2025-04-24 17:55:01 - INFO - [_run_strategy_if_applicable] [N/A] ⏰ Strategy 'SMA_Cross_candle' not executed because it's outside the time window: 16:35:00 - 16:50:00
2025-04-24 17:55:01 - INFO - [_run_strategy_if_applicable] [N/A] ⏰ Strategy 'EMA_Cross_ema50' not executed because it's outside the time window: 16:35:00 - 16:50:00
2025-04-24 17:55:01 - INFO - [_run_strategy_if_applicable] [N/A] 🔄 Starting trading loop for strategy: VWAP_diff_signal_1700
2025-04-24 17:55:01 - INFO - [get_stock_data] [CZR] Requesting data for CZR
2025-04-24 17:55:01 - INFO - [get_stock_data] [CZR] Data received for CZR: 95 rows
2025-04-24 17:55:01 - INFO - [check_vwap_diff_signal] [CZR] Analyzing VWAP reversal signal for CZR
2025-04-24 17:55:01 - INFO - [check_vwap_diff_signal] [CZR] Close: 26.71 | Low: 26.7 | High: 26.78 | VWAP: 26.697016967087915
2025-04-24 17:55:01 - DEBUG - [check_vwap_diff_signal] [CZR] [CZR] Last Candela: VWAP-Low=-0.01%, High-VWAP=0.31%
2025-04-24 17:55:01 - DEBUG - [check_vwap_diff_signal] [CZR] No VWAP signal detected
2025-04-24 17:55:01 - INFO - [_process_ticker] [CZR] ℹ️ No valid signal for CZR
2025-04-24 17:55:01 - INFO - [get_stock_data] [MTCH] Requesting data for MTCH
2025-04-24 17:55:02 - INFO - [get_stock_data] [MTCH] Data received for MTCH: 95 rows
2025-04-24 17:55:02 - INFO - [check_vwap_diff_signal] [MTCH] Analyzing VWAP reversal signal for MTCH
2025-04-24 17:55:02 - INFO - [check_vwap_diff_signal] [MTCH] Close: 29.79 | Low: 29.72 | High: 29.81 | VWAP: 29.843704389812476
2025-04-24 17:55:02 - DEBUG - [check_vwap_diff_signal] [MTCH] [MTCH] Last Candela: VWAP-Low=0.41%, High-VWAP=-0.11%
2025-04-24 17:55:02 - DEBUG - [check_vwap_diff_signal] [MTCH] No VWAP signal detected
2025-04-24 17:55:02 - INFO - [_process_ticker] [MTCH] ℹ️ No valid signal for MTCH
2025-04-24 17:55:02 - INFO - [get_stock_data] [NCHL] Requesting data for NCHL
2025-04-24 17:55:02 - ERROR - [get_stock_data] [NCHL] Error retrieving data: 'NoneType' object has no attribute 'empty'
2025-04-24 17:55:02 - INFO - [get_stock_data] [HBAN] Requesting data for HBAN
2025-04-24 17:55:03 - INFO - [get_stock_data] [HBAN] Data received for HBAN: 95 rows
2025-04-24 17:55:03 - INFO - [check_vwap_diff_signal] [HBAN] Analyzing VWAP reversal signal for HBAN
2025-04-24 17:55:03 - INFO - [check_vwap_diff_signal] [HBAN] Close: 14.33 | Low: 14.31 | High: 14.34 | VWAP: 14.299323907439065
2025-04-24 17:55:03 - DEBUG - [check_vwap_diff_signal] [HBAN] [HBAN] Last Candela: VWAP-Low=-0.07%, High-VWAP=0.28%
2025-04-24 17:55:03 - DEBUG - [check_vwap_diff_signal] [HBAN] No VWAP signal detected
2025-04-24 17:55:03 - INFO - [_process_ticker] [HBAN] ℹ️ No valid signal for HBAN
2025-04-24 17:55:03 - INFO - [get_stock_data] [MRNA] Requesting data for MRNA
2025-04-24 17:55:03 - INFO - [get_stock_data] [MRNA] Data received for MRNA: 95 rows
2025-04-24 17:55:03 - INFO - [check_vwap_diff_signal] [MRNA] Analyzing VWAP reversal signal for MRNA
2025-04-24 17:55:03 - INFO - [check_vwap_diff_signal] [MRNA] Close: 26.54 | Low: 26.45 | High: 26.55 | VWAP: 26.585490599397893
2025-04-24 17:55:03 - DEBUG - [check_vwap_diff_signal] [MRNA] [MRNA] Last Candela: VWAP-Low=0.51%, High-VWAP=-0.13%
2025-04-24 17:55:03 - DEBUG - [check_vwap_diff_signal] [MRNA] No VWAP signal detected
2025-04-24 17:55:03 - INFO - [_process_ticker] [MRNA] ℹ️ No valid signal for MRNA
2025-04-24 17:55:03 - DEBUG - [_process_ticker] [WBD] 🚫 Trade not allowed for WBD (limit reached)
2025-04-24 17:55:03 - INFO - [get_stock_data] [CMCSA] Requesting data for CMCSA
2025-04-24 17:55:04 - INFO - [get_stock_data] [CMCSA] Data received for CMCSA: 95 rows
2025-04-24 17:55:04 - INFO - [check_vwap_diff_signal] [CMCSA] Analyzing VWAP reversal signal for CMCSA
2025-04-24 17:55:04 - INFO - [check_vwap_diff_signal] [CMCSA] Close: 33.05 | Low: 33.03 | High: 33.13 | VWAP: 32.76786574409642
2025-04-24 17:55:04 - DEBUG - [check_vwap_diff_signal] [CMCSA] [CMCSA] Last Candela: VWAP-Low=-0.80%, High-VWAP=1.11%
2025-04-24 17:55:04 - DEBUG - [check_vwap_diff_signal] [CMCSA] No VWAP signal detected
2025-04-24 17:55:04 - INFO - [_process_ticker] [CMCSA] ℹ️ No valid signal for CMCSA
2025-04-24 17:55:04 - INFO - [_run_strategy_if_applicable] [N/A] 🔄 Starting trading loop for strategy: VWAP_diff_signal_rsi_1700
2025-04-24 17:55:04 - INFO - [get_stock_data] [IVZ] Requesting data for IVZ
2025-04-24 17:55:04 - INFO - [get_stock_data] [IVZ] Data received for IVZ: 95 rows
2025-04-24 17:55:04 - INFO - [check_vwap_diff_signal_with_rsi] [IVZ] Analyzing VWAP reversal signal for IVZ
2025-04-24 17:55:04 - INFO - [check_vwap_diff_signal_with_rsi] [IVZ] Close: 13.94 | Low: 13.9 | High: 13.94 | VWAP: 13.784676984618502 | RSI: 79.49
2025-04-24 17:55:04 - DEBUG - [check_vwap_diff_signal_with_rsi] [IVZ] [IVZ] Last Candela: VWAP-Low=-0.84%, High-VWAP=1.13%
2025-04-24 17:55:04 - DEBUG - [check_vwap_diff_signal_with_rsi] [IVZ] No VWAP+RSI signal detected
2025-04-24 17:55:04 - INFO - [_process_ticker] [IVZ] ℹ️ No valid signal for IVZ
2025-04-24 17:55:04 - INFO - [get_stock_data] [FCX] Requesting data for FCX
2025-04-24 17:55:05 - INFO - [get_stock_data] [FCX] Data received for FCX: 95 rows
2025-04-24 17:55:05 - INFO - [check_vwap_diff_signal_with_rsi] [FCX] Analyzing VWAP reversal signal for FCX
2025-04-24 17:55:05 - INFO - [check_vwap_diff_signal_with_rsi] [FCX] Close: 36.9 | Low: 36.84 | High: 37.07 | VWAP: 36.605691932768515 | RSI: 67.55
2025-04-24 17:55:05 - DEBUG - [check_vwap_diff_signal_with_rsi] [FCX] [FCX] Last Candela: VWAP-Low=-0.64%, High-VWAP=1.27%
2025-04-24 17:55:05 - DEBUG - [check_vwap_diff_signal_with_rsi] [FCX] No VWAP+RSI signal detected
2025-04-24 17:55:05 - INFO - [_process_ticker] [FCX] ℹ️ No valid signal for FCX
2025-04-24 17:55:05 - INFO - [get_stock_data] [HST] Requesting data for HST
2025-04-24 17:55:05 - INFO - [get_stock_data] [HST] Data received for HST: 96 rows
2025-04-24 17:55:05 - INFO - [check_vwap_diff_signal_with_rsi] [HST] Analyzing VWAP reversal signal for HST
2025-04-24 17:55:05 - INFO - [check_vwap_diff_signal_with_rsi] [HST] Close: 13.8 | Low: 13.8 | High: 13.8 | VWAP: 13.777595195051655 | RSI: 48.53
2025-04-24 17:55:05 - DEBUG - [check_vwap_diff_signal_with_rsi] [HST] [HST] Last Candela: VWAP-Low=-0.16%, High-VWAP=0.16%
2025-04-24 17:55:05 - DEBUG - [check_vwap_diff_signal_with_rsi] [HST] No VWAP+RSI signal detected
2025-04-24 17:55:05 - INFO - [_process_ticker] [HST] ℹ️ No valid signal for HST
2025-04-24 17:55:05 - INFO - [get_stock_data] [IVZ] Requesting data for IVZ
2025-04-24 17:55:06 - INFO - [get_stock_data] [IVZ] Data received for IVZ: 96 rows
2025-04-24 17:55:06 - INFO - [check_vwap_diff_signal_with_rsi] [IVZ] Analyzing VWAP reversal signal for IVZ
2025-04-24 17:55:06 - INFO - [check_vwap_diff_signal_with_rsi] [IVZ] Close: 13.93 | Low: 13.93 | High: 13.93 | VWAP: 13.784676984618502 | RSI: 77.27
2025-04-24 17:55:06 - DEBUG - [check_vwap_diff_signal_with_rsi] [IVZ] [IVZ] Last Candela: VWAP-Low=-1.05%, High-VWAP=1.05%
2025-04-24 17:55:06 - DEBUG - [check_vwap_diff_signal_with_rsi] [IVZ] No VWAP+RSI signal detected
2025-04-24 17:55:06 - INFO - [_process_ticker] [IVZ] ℹ️ No valid signal for IVZ
2025-04-24 17:55:06 - INFO - [get_stock_data] [NEM] Requesting data for NEM
2025-04-24 17:55:07 - INFO - [get_stock_data] [NEM] Data received for NEM: 96 rows
2025-04-24 17:55:07 - INFO - [check_vwap_diff_signal_with_rsi] [NEM] Analyzing VWAP reversal signal for NEM
2025-04-24 17:55:07 - INFO - [check_vwap_diff_signal_with_rsi] [NEM] Close: 54.74 | Low: 54.74 | High: 54.78 | VWAP: 54.55324401626559 | RSI: 65.18
2025-04-24 17:55:07 - DEBUG - [check_vwap_diff_signal_with_rsi] [NEM] [NEM] Last Candela: VWAP-Low=-0.34%, High-VWAP=0.42%
2025-04-24 17:55:07 - DEBUG - [check_vwap_diff_signal_with_rsi] [NEM] No VWAP+RSI signal detected
2025-04-24 17:55:07 - INFO - [_process_ticker] [NEM] ℹ️ No valid signal for NEM
2025-04-24 17:55:07 - INFO - [get_stock_data] [LUV] Requesting data for LUV
2025-04-24 17:55:08 - INFO - [get_stock_data] [LUV] Data received for LUV: 96 rows
2025-04-24 17:55:08 - INFO - [check_vwap_diff_signal_with_rsi] [LUV] Analyzing VWAP reversal signal for LUV
2025-04-24 17:55:08 - INFO - [check_vwap_diff_signal_with_rsi] [LUV] Close: 25.39 | Low: 25.39 | High: 25.39 | VWAP: 25.49947825178842 | RSI: 47.00
2025-04-24 17:55:08 - DEBUG - [check_vwap_diff_signal_with_rsi] [LUV] [LUV] Last Candela: VWAP-Low=0.43%, High-VWAP=-0.43%
2025-04-24 17:55:08 - DEBUG - [check_vwap_diff_signal_with_rsi] [LUV] No VWAP+RSI signal detected
2025-04-24 17:55:08 - INFO - [_process_ticker] [LUV] ℹ️ No valid signal for LUV
2025-04-24 17:55:08 - INFO - [_run_strategy_if_applicable] [N/A] ⏰ Strategy 'EMA_Cross_candle' not executed because it's outside the time window: 16:35:00 - 16:50:00
2025-04-24 17:55:08 - INFO - [_update_active_orders_and_telegram] [N/A] 📊 Updating SL/TP for active orders
2025-04-24 17:55:09 - INFO - [_wait_until_next_iteration] [N/A] ⏳ Sleeping for 50.86 seconds before the next cycle
2025-04-24 17:56:00 - DEBUG - [_process_strategies] [N/A] ⏱ Skipping VWAP_diff_signal_1700_volume, not yet time (every 5m)
2025-04-24 17:56:00 - DEBUG - [_process_strategies] [N/A] ⏱ Skipping SMA_Cross_sma50, not yet time (every 5m)
2025-04-24 17:56:00 - DEBUG - [_process_strategies] [N/A] ⏱ Skipping SMA_Cross_candle, not yet time (every 5m)
2025-04-24 17:56:00 - DEBUG - [_process_strategies] [N/A] ⏱ Skipping EMA_Cross_ema50, not yet time (every 5m)
2025-04-24 17:56:00 - DEBUG - [_process_strategies] [N/A] ⏱ Skipping VWAP_diff_signal_1700, not yet time (every 5m)
2025-04-24 17:56:00 - DEBUG - [_process_strategies] [N/A] ⏱ Skipping VWAP_diff_signal_rsi_1700, not yet time (every 5m)
2025-04-24 17:56:00 - DEBUG - [_process_strategies] [N/A] ⏱ Skipping EMA_Cross_candle, not yet time (every 5m)
2025-04-24 17:56:00 - INFO - [_update_active_orders_and_telegram] [N/A] 📊 Updating SL/TP for active orders
2025-04-24 17:56:01 - INFO - [_wait_until_next_iteration] [N/A] ⏳ Sleeping for 58.93 seconds before the next cycle
2025-04-24 17:57:00 - DEBUG - [_process_strategies] [N/A] ⏱ Skipping VWAP_diff_signal_1700_volume, not yet time (every 5m)
2025-04-24 17:57:00 - DEBUG - [_process_strategies] [N/A] ⏱ Skipping SMA_Cross_sma50, not yet time (every 5m)
2025-04-24 17:57:00 - DEBUG - [_process_strategies] [N/A] ⏱ Skipping SMA_Cross_candle, not yet time (every 5m)
2025-04-24 17:57:00 - DEBUG - [_process_strategies] [N/A] ⏱ Skipping EMA_Cross_ema50, not yet time (every 5m)
2025-04-24 17:57:00 - DEBUG - [_process_strategies] [N/A] ⏱ Skipping VWAP_diff_signal_1700, not yet time (every 5m)
2025-04-24 17:57:00 - DEBUG - [_process_strategies] [N/A] ⏱ Skipping VWAP_diff_signal_rsi_1700, not yet time (every 5m)
2025-04-24 17:57:00 - DEBUG - [_process_strategies] [N/A] ⏱ Skipping EMA_Cross_candle, not yet time (every 5m)
2025-04-24 17:57:00 - INFO - [_update_active_orders_and_telegram] [N/A] 📊 Updating SL/TP for active orders
2025-04-24 17:57:01 - INFO - [_wait_until_next_iteration] [N/A] ⏳ Sleeping for 58.92 seconds before the next cycle
2025-04-24 17:58:00 - DEBUG - [_process_strategies] [N/A] ⏱ Skipping VWAP_diff_signal_1700_volume, not yet time (every 5m)
2025-04-24 17:58:00 - DEBUG - [_process_strategies] [N/A] ⏱ Skipping SMA_Cross_sma50, not yet time (every 5m)
2025-04-24 17:58:00 - DEBUG - [_process_strategies] [N/A] ⏱ Skipping SMA_Cross_candle, not yet time (every 5m)
2025-04-24 17:58:00 - DEBUG - [_process_strategies] [N/A] ⏱ Skipping EMA_Cross_ema50, not yet time (every 5m)
2025-04-24 17:58:00 - DEBUG - [_process_strategies] [N/A] ⏱ Skipping VWAP_diff_signal_1700, not yet time (every 5m)
2025-04-24 17:58:00 - DEBUG - [_process_strategies] [N/A] ⏱ Skipping VWAP_diff_signal_rsi_1700, not yet time (every 5m)
2025-04-24 17:58:00 - DEBUG - [_process_strategies] [N/A] ⏱ Skipping EMA_Cross_candle, not yet time (every 5m)
2025-04-24 17:58:00 - INFO - [_update_active_orders_and_telegram] [N/A] 📊 Updating SL/TP for active orders
2025-04-24 17:58:01 - INFO - [_wait_until_next_iteration] [N/A] ⏳ Sleeping for 58.92 seconds before the next cycle
2025-04-24 17:59:00 - DEBUG - [_process_strategies] [N/A] ⏱ Skipping VWAP_diff_signal_1700_volume, not yet time (every 5m)
2025-04-24 17:59:00 - DEBUG - [_process_strategies] [N/A] ⏱ Skipping SMA_Cross_sma50, not yet time (every 5m)
2025-04-24 17:59:00 - DEBUG - [_process_strategies] [N/A] ⏱ Skipping SMA_Cross_candle, not yet time (every 5m)
2025-04-24 17:59:00 - DEBUG - [_process_strategies] [N/A] ⏱ Skipping EMA_Cross_ema50, not yet time (every 5m)
2025-04-24 17:59:00 - DEBUG - [_process_strategies] [N/A] ⏱ Skipping VWAP_diff_signal_1700, not yet time (every 5m)
2025-04-24 17:59:00 - DEBUG - [_process_strategies] [N/A] ⏱ Skipping VWAP_diff_signal_rsi_1700, not yet time (every 5m)
2025-04-24 17:59:00 - DEBUG - [_process_strategies] [N/A] ⏱ Skipping EMA_Cross_candle, not yet time (every 5m)
2025-04-24 17:59:00 - INFO - [_update_active_orders_and_telegram] [N/A] 📊 Updating SL/TP for active orders
2025-04-24 17:59:01 - INFO - [_wait_until_next_iteration] [N/A] ⏳ Sleeping for 58.92 seconds before the next cycle
2025-04-24 18:00:00 - INFO - [_run_strategy_if_applicable] [N/A] 🔄 Starting trading loop for strategy: VWAP_diff_signal_1700_volume
2025-04-24 18:00:00 - DEBUG - [_process_ticker] [GEN] 🚫 Trade not allowed for GEN (limit reached)
2025-04-24 18:00:00 - DEBUG - [_process_ticker] [HPQ] 🚫 Trade not allowed for HPQ (limit reached)
2025-04-24 18:00:00 - INFO - [get_stock_data] [INTC] Requesting data for INTC
2025-04-24 18:00:00 - INFO - [get_stock_data] [INTC] Data received for INTC: 96 rows
2025-04-24 18:00:00 - INFO - [check_vwap_diff_signal_with_volume] [INTC] Analyzing VWAP reversal signal for INTC
2025-04-24 18:00:00 - INFO - [_process_ticker] [INTC] ℹ️ No valid signal for INTC
2025-04-24 18:00:00 - INFO - [get_stock_data] [RF] Requesting data for RF
2025-04-24 18:00:01 - INFO - [get_stock_data] [RF] Data received for RF: 96 rows
2025-04-24 18:00:01 - INFO - [check_vwap_diff_signal_with_volume] [RF] Analyzing VWAP reversal signal for RF
2025-04-24 18:00:01 - INFO - [_process_ticker] [RF] ℹ️ No valid signal for RF
2025-04-24 18:00:01 - INFO - [_run_strategy_if_applicable] [N/A] ⏰ Strategy 'SMA_Cross_sma50' not executed because it's outside the time window: 16:35:00 - 16:50:00
2025-04-24 18:00:01 - INFO - [_run_strategy_if_applicable] [N/A] ⏰ Strategy 'SMA_Cross_candle' not executed because it's outside the time window: 16:35:00 - 16:50:00
2025-04-24 18:00:01 - INFO - [_run_strategy_if_applicable] [N/A] ⏰ Strategy 'EMA_Cross_ema50' not executed because it's outside the time window: 16:35:00 - 16:50:00
2025-04-24 18:00:01 - INFO - [_run_strategy_if_applicable] [N/A] 🔄 Starting trading loop for strategy: VWAP_diff_signal_1700
2025-04-24 18:00:01 - INFO - [get_stock_data] [CZR] Requesting data for CZR
2025-04-24 18:00:01 - INFO - [get_stock_data] [CZR] Data received for CZR: 96 rows
2025-04-24 18:00:01 - INFO - [check_vwap_diff_signal] [CZR] Analyzing VWAP reversal signal for CZR
2025-04-24 18:00:01 - INFO - [check_vwap_diff_signal] [CZR] Close: 26.82 | Low: 26.68 | High: 26.85 | VWAP: 26.704193336022705
2025-04-24 18:00:01 - DEBUG - [check_vwap_diff_signal] [CZR] [CZR] Last Candela: VWAP-Low=0.09%, High-VWAP=0.55%
2025-04-24 18:00:01 - DEBUG - [check_vwap_diff_signal] [CZR] No VWAP signal detected
2025-04-24 18:00:01 - INFO - [_process_ticker] [CZR] ℹ️ No valid signal for CZR
2025-04-24 18:00:01 - INFO - [get_stock_data] [MTCH] Requesting data for MTCH
2025-04-24 18:00:02 - INFO - [get_stock_data] [MTCH] Data received for MTCH: 96 rows
2025-04-24 18:00:02 - INFO - [check_vwap_diff_signal] [MTCH] Analyzing VWAP reversal signal for MTCH
2025-04-24 18:00:02 - INFO - [check_vwap_diff_signal] [MTCH] Close: 29.84 | Low: 29.78 | High: 29.85 | VWAP: 29.84354865301169
2025-04-24 18:00:02 - DEBUG - [check_vwap_diff_signal] [MTCH] [MTCH] Last Candela: VWAP-Low=0.21%, High-VWAP=0.02%
2025-04-24 18:00:02 - DEBUG - [check_vwap_diff_signal] [MTCH] No VWAP signal detected
2025-04-24 18:00:02 - INFO - [_process_ticker] [MTCH] ℹ️ No valid signal for MTCH
2025-04-24 18:00:02 - INFO - [get_stock_data] [NCHL] Requesting data for NCHL
2025-04-24 18:00:02 - ERROR - [get_stock_data] [NCHL] Error retrieving data: 'NoneType' object has no attribute 'empty'
2025-04-24 18:00:02 - INFO - [get_stock_data] [HBAN] Requesting data for HBAN
2025-04-24 18:00:02 - INFO - [get_stock_data] [HBAN] Data received for HBAN: 96 rows
2025-04-24 18:00:02 - INFO - [check_vwap_diff_signal] [HBAN] Analyzing VWAP reversal signal for HBAN
2025-04-24 18:00:02 - INFO - [check_vwap_diff_signal] [HBAN] Close: 14.34 | Low: 14.32 | High: 14.35 | VWAP: 14.30068398098192
2025-04-24 18:00:02 - DEBUG - [check_vwap_diff_signal] [HBAN] [HBAN] Last Candela: VWAP-Low=-0.14%, High-VWAP=0.34%
2025-04-24 18:00:02 - DEBUG - [check_vwap_diff_signal] [HBAN] No VWAP signal detected
2025-04-24 18:00:02 - INFO - [_process_ticker] [HBAN] ℹ️ No valid signal for HBAN
2025-04-24 18:00:02 - INFO - [get_stock_data] [MRNA] Requesting data for MRNA
2025-04-24 18:00:03 - INFO - [get_stock_data] [MRNA] Data received for MRNA: 96 rows
2025-04-24 18:00:03 - INFO - [check_vwap_diff_signal] [MRNA] Analyzing VWAP reversal signal for MRNA
2025-04-24 18:00:03 - INFO - [check_vwap_diff_signal] [MRNA] Close: 26.49 | Low: 26.47 | High: 26.55 | VWAP: 26.5828001015483
2025-04-24 18:00:03 - DEBUG - [check_vwap_diff_signal] [MRNA] [MRNA] Last Candela: VWAP-Low=0.42%, High-VWAP=-0.12%
2025-04-24 18:00:03 - DEBUG - [check_vwap_diff_signal] [MRNA] No VWAP signal detected
2025-04-24 18:00:03 - INFO - [_process_ticker] [MRNA] ℹ️ No valid signal for MRNA
2025-04-24 18:00:03 - DEBUG - [_process_ticker] [WBD] 🚫 Trade not allowed for WBD (limit reached)
2025-04-24 18:00:03 - INFO - [get_stock_data] [CMCSA] Requesting data for CMCSA
2025-04-24 18:00:04 - INFO - [get_stock_data] [CMCSA] Data received for CMCSA: 96 rows
2025-04-24 18:00:04 - INFO - [check_vwap_diff_signal] [CMCSA] Analyzing VWAP reversal signal for CMCSA
2025-04-24 18:00:04 - INFO - [check_vwap_diff_signal] [CMCSA] Close: 33.04 | Low: 32.95 | High: 33.05 | VWAP: 32.77584342520418
2025-04-24 18:00:04 - DEBUG - [check_vwap_diff_signal] [CMCSA] [CMCSA] Last Candela: VWAP-Low=-0.53%, High-VWAP=0.84%
2025-04-24 18:00:04 - DEBUG - [check_vwap_diff_signal] [CMCSA] No VWAP signal detected
2025-04-24 18:00:04 - INFO - [_process_ticker] [CMCSA] ℹ️ No valid signal for CMCSA
2025-04-24 18:00:04 - INFO - [_run_strategy_if_applicable] [N/A] 🔄 Starting trading loop for strategy: VWAP_diff_signal_rsi_1700
2025-04-24 18:00:04 - INFO - [get_stock_data] [IVZ] Requesting data for IVZ
2025-04-24 18:00:04 - INFO - [get_stock_data] [IVZ] Data received for IVZ: 96 rows
2025-04-24 18:00:04 - INFO - [check_vwap_diff_signal_with_rsi] [IVZ] Analyzing VWAP reversal signal for IVZ
2025-04-24 18:00:04 - INFO - [check_vwap_diff_signal_with_rsi] [IVZ] Close: 13.93 | Low: 13.93 | High: 13.96 | VWAP: 13.793633042578815 | RSI: 77.27
2025-04-24 18:00:04 - DEBUG - [check_vwap_diff_signal_with_rsi] [IVZ] [IVZ] Last Candela: VWAP-Low=-0.99%, High-VWAP=1.21%
2025-04-24 18:00:04 - DEBUG - [check_vwap_diff_signal_with_rsi] [IVZ] No VWAP+RSI signal detected
2025-04-24 18:00:04 - INFO - [_process_ticker] [IVZ] ℹ️ No valid signal for IVZ
2025-04-24 18:00:04 - INFO - [get_stock_data] [FCX] Requesting data for FCX
2025-04-24 18:00:05 - INFO - [get_stock_data] [FCX] Data received for FCX: 96 rows
2025-04-24 18:00:05 - INFO - [check_vwap_diff_signal_with_rsi] [FCX] Analyzing VWAP reversal signal for FCX
2025-04-24 18:00:05 - INFO - [check_vwap_diff_signal_with_rsi] [FCX] Close: 37.0 | Low: 36.86 | High: 37.05 | VWAP: 36.61326248563347 | RSI: 69.16
2025-04-24 18:00:05 - DEBUG - [check_vwap_diff_signal_with_rsi] [FCX] [FCX] Last Candela: VWAP-Low=-0.67%, High-VWAP=1.19%
2025-04-24 18:00:05 - DEBUG - [check_vwap_diff_signal_with_rsi] [FCX] No VWAP+RSI signal detected
2025-04-24 18:00:05 - INFO - [_process_ticker] [FCX] ℹ️ No valid signal for FCX
2025-04-24 18:00:05 - INFO - [get_stock_data] [HST] Requesting data for HST
2025-04-24 18:00:05 - INFO - [get_stock_data] [HST] Data received for HST: 96 rows
2025-04-24 18:00:05 - INFO - [check_vwap_diff_signal_with_rsi] [HST] Analyzing VWAP reversal signal for HST
2025-04-24 18:00:05 - INFO - [check_vwap_diff_signal_with_rsi] [HST] Close: 13.83 | Low: 13.8 | High: 13.83 | VWAP: 13.778959535840423 | RSI: 52.65
2025-04-24 18:00:05 - DEBUG - [check_vwap_diff_signal_with_rsi] [HST] [HST] Last Candela: VWAP-Low=-0.15%, High-VWAP=0.37%
2025-04-24 18:00:05 - DEBUG - [check_vwap_diff_signal_with_rsi] [HST] No VWAP+RSI signal detected
2025-04-24 18:00:05 - INFO - [_process_ticker] [HST] ℹ️ No valid signal for HST
2025-04-24 18:00:05 - INFO - [get_stock_data] [IVZ] Requesting data for IVZ
2025-04-24 18:00:06 - INFO - [get_stock_data] [IVZ] Data received for IVZ: 97 rows
2025-04-24 18:00:06 - INFO - [check_vwap_diff_signal_with_rsi] [IVZ] Analyzing VWAP reversal signal for IVZ
2025-04-24 18:00:06 - INFO - [check_vwap_diff_signal_with_rsi] [IVZ] Close: 13.93 | Low: 13.93 | High: 13.93 | VWAP: 13.793633042578815 | RSI: 77.27
2025-04-24 18:00:06 - DEBUG - [check_vwap_diff_signal_with_rsi] [IVZ] [IVZ] Last Candela: VWAP-Low=-0.99%, High-VWAP=0.99%
2025-04-24 18:00:06 - DEBUG - [check_vwap_diff_signal_with_rsi] [IVZ] No VWAP+RSI signal detected
2025-04-24 18:00:06 - INFO - [_process_ticker] [IVZ] ℹ️ No valid signal for IVZ
2025-04-24 18:00:06 - INFO - [get_stock_data] [NEM] Requesting data for NEM
2025-04-24 18:00:06 - INFO - [get_stock_data] [NEM] Data received for NEM: 97 rows
2025-04-24 18:00:06 - INFO - [check_vwap_diff_signal_with_rsi] [NEM] Analyzing VWAP reversal signal for NEM
2025-04-24 18:00:06 - INFO - [check_vwap_diff_signal_with_rsi] [NEM] Close: 54.88 | Low: 54.87 | High: 54.89 | VWAP: 54.559758913868826 | RSI: 67.74
2025-04-24 18:00:06 - DEBUG - [check_vwap_diff_signal_with_rsi] [NEM] [NEM] Last Candela: VWAP-Low=-0.57%, High-VWAP=0.61%
2025-04-24 18:00:06 - DEBUG - [check_vwap_diff_signal_with_rsi] [NEM] No VWAP+RSI signal detected
2025-04-24 18:00:06 - INFO - [_process_ticker] [NEM] ℹ️ No valid signal for NEM
2025-04-24 18:00:06 - INFO - [get_stock_data] [LUV] Requesting data for LUV
2025-04-24 18:00:07 - INFO - [get_stock_data] [LUV] Data received for LUV: 97 rows
2025-04-24 18:00:07 - INFO - [check_vwap_diff_signal_with_rsi] [LUV] Analyzing VWAP reversal signal for LUV
2025-04-24 18:00:07 - INFO - [check_vwap_diff_signal_with_rsi] [LUV] Close: 25.15 | Low: 25.14 | High: 25.16 | VWAP: 25.483542896410803 | RSI: 39.11
2025-04-24 18:00:07 - DEBUG - [check_vwap_diff_signal_with_rsi] [LUV] [LUV] Last Candela: VWAP-Low=1.35%, High-VWAP=-1.27%
2025-04-24 18:00:07 - DEBUG - [check_vwap_diff_signal_with_rsi] [LUV] No VWAP+RSI signal detected
2025-04-24 18:00:07 - INFO - [_process_ticker] [LUV] ℹ️ No valid signal for LUV
2025-04-24 18:00:07 - INFO - [_run_strategy_if_applicable] [N/A] ⏰ Strategy 'EMA_Cross_candle' not executed because it's outside the time window: 16:35:00 - 16:50:00
2025-04-24 18:00:07 - INFO - [_update_active_orders_and_telegram] [N/A] 📊 Updating SL/TP for active orders
2025-04-24 18:00:08 - INFO - [_wait_until_next_iteration] [N/A] ⏳ Sleeping for 51.78 seconds before the next cycle
2025-04-24 18:01:00 - DEBUG - [_process_strategies] [N/A] ⏱ Skipping VWAP_diff_signal_1700_volume, not yet time (every 5m)
2025-04-24 18:01:00 - DEBUG - [_process_strategies] [N/A] ⏱ Skipping SMA_Cross_sma50, not yet time (every 5m)
2025-04-24 18:01:00 - DEBUG - [_process_strategies] [N/A] ⏱ Skipping SMA_Cross_candle, not yet time (every 5m)
2025-04-24 18:01:00 - DEBUG - [_process_strategies] [N/A] ⏱ Skipping EMA_Cross_ema50, not yet time (every 5m)
2025-04-24 18:01:00 - DEBUG - [_process_strategies] [N/A] ⏱ Skipping VWAP_diff_signal_1700, not yet time (every 5m)
2025-04-24 18:01:00 - DEBUG - [_process_strategies] [N/A] ⏱ Skipping VWAP_diff_signal_rsi_1700, not yet time (every 5m)
2025-04-24 18:01:00 - DEBUG - [_process_strategies] [N/A] ⏱ Skipping EMA_Cross_candle, not yet time (every 5m)
2025-04-24 18:01:00 - INFO - [_update_active_orders_and_telegram] [N/A] 📊 Updating SL/TP for active orders
2025-04-24 18:01:01 - INFO - [_wait_until_next_iteration] [N/A] ⏳ Sleeping for 58.94 seconds before the next cycle
2025-04-24 18:02:00 - DEBUG - [_process_strategies] [N/A] ⏱ Skipping VWAP_diff_signal_1700_volume, not yet time (every 5m)
2025-04-24 18:02:00 - DEBUG - [_process_strategies] [N/A] ⏱ Skipping SMA_Cross_sma50, not yet time (every 5m)
2025-04-24 18:02:00 - DEBUG - [_process_strategies] [N/A] ⏱ Skipping SMA_Cross_candle, not yet time (every 5m)
2025-04-24 18:02:00 - DEBUG - [_process_strategies] [N/A] ⏱ Skipping EMA_Cross_ema50, not yet time (every 5m)
2025-04-24 18:02:00 - DEBUG - [_process_strategies] [N/A] ⏱ Skipping VWAP_diff_signal_1700, not yet time (every 5m)
2025-04-24 18:02:00 - DEBUG - [_process_strategies] [N/A] ⏱ Skipping VWAP_diff_signal_rsi_1700, not yet time (every 5m)
2025-04-24 18:02:00 - DEBUG - [_process_strategies] [N/A] ⏱ Skipping EMA_Cross_candle, not yet time (every 5m)
2025-04-24 18:02:00 - INFO - [_update_active_orders_and_telegram] [N/A] 📊 Updating SL/TP for active orders
2025-04-24 18:02:01 - INFO - [_wait_until_next_iteration] [N/A] ⏳ Sleeping for 58.92 seconds before the next cycle
2025-04-24 18:03:00 - DEBUG - [_process_strategies] [N/A] ⏱ Skipping VWAP_diff_signal_1700_volume, not yet time (every 5m)
2025-04-24 18:03:00 - DEBUG - [_process_strategies] [N/A] ⏱ Skipping SMA_Cross_sma50, not yet time (every 5m)
2025-04-24 18:03:00 - DEBUG - [_process_strategies] [N/A] ⏱ Skipping SMA_Cross_candle, not yet time (every 5m)
2025-04-24 18:03:00 - DEBUG - [_process_strategies] [N/A] ⏱ Skipping EMA_Cross_ema50, not yet time (every 5m)
2025-04-24 18:03:00 - DEBUG - [_process_strategies] [N/A] ⏱ Skipping VWAP_diff_signal_1700, not yet time (every 5m)
2025-04-24 18:03:00 - DEBUG - [_process_strategies] [N/A] ⏱ Skipping VWAP_diff_signal_rsi_1700, not yet time (every 5m)
2025-04-24 18:03:00 - DEBUG - [_process_strategies] [N/A] ⏱ Skipping EMA_Cross_candle, not yet time (every 5m)
2025-04-24 18:03:00 - INFO - [_update_active_orders_and_telegram] [N/A] 📊 Updating SL/TP for active orders
2025-04-24 18:03:01 - INFO - [_wait_until_next_iteration] [N/A] ⏳ Sleeping for 58.92 seconds before the next cycle
2025-04-24 18:04:00 - DEBUG - [_process_strategies] [N/A] ⏱ Skipping VWAP_diff_signal_1700_volume, not yet time (every 5m)
2025-04-24 18:04:00 - DEBUG - [_process_strategies] [N/A] ⏱ Skipping SMA_Cross_sma50, not yet time (every 5m)
2025-04-24 18:04:00 - DEBUG - [_process_strategies] [N/A] ⏱ Skipping SMA_Cross_candle, not yet time (every 5m)
2025-04-24 18:04:00 - DEBUG - [_process_strategies] [N/A] ⏱ Skipping EMA_Cross_ema50, not yet time (every 5m)
2025-04-24 18:04:00 - DEBUG - [_process_strategies] [N/A] ⏱ Skipping VWAP_diff_signal_1700, not yet time (every 5m)
2025-04-24 18:04:00 - DEBUG - [_process_strategies] [N/A] ⏱ Skipping VWAP_diff_signal_rsi_1700, not yet time (every 5m)
2025-04-24 18:04:00 - DEBUG - [_process_strategies] [N/A] ⏱ Skipping EMA_Cross_candle, not yet time (every 5m)
2025-04-24 18:04:00 - INFO - [_update_active_orders_and_telegram] [N/A] 📊 Updating SL/TP for active orders
2025-04-24 18:04:01 - INFO - [_wait_until_next_iteration] [N/A] ⏳ Sleeping for 58.92 seconds before the next cycle
2025-04-24 18:05:00 - INFO - [_run_strategy_if_applicable] [N/A] 🔄 Starting trading loop for strategy: VWAP_diff_signal_1700_volume
2025-04-24 18:05:00 - DEBUG - [_process_ticker] [GEN] 🚫 Trade not allowed for GEN (limit reached)
2025-04-24 18:05:00 - DEBUG - [_process_ticker] [HPQ] 🚫 Trade not allowed for HPQ (limit reached)
2025-04-24 18:05:00 - INFO - [get_stock_data] [INTC] Requesting data for INTC
2025-04-24 18:05:00 - INFO - [get_stock_data] [INTC] Data received for INTC: 97 rows
2025-04-24 18:05:00 - INFO - [check_vwap_diff_signal_with_volume] [INTC] Analyzing VWAP reversal signal for INTC
2025-04-24 18:05:00 - INFO - [_process_ticker] [INTC] ℹ️ No valid signal for INTC
2025-04-24 18:05:00 - INFO - [get_stock_data] [RF] Requesting data for RF
2025-04-24 18:05:01 - INFO - [get_stock_data] [RF] Data received for RF: 97 rows
2025-04-24 18:05:01 - INFO - [check_vwap_diff_signal_with_volume] [RF] Analyzing VWAP reversal signal for RF
2025-04-24 18:05:01 - INFO - [_process_ticker] [RF] ℹ️ No valid signal for RF
2025-04-24 18:05:01 - INFO - [_run_strategy_if_applicable] [N/A] ⏰ Strategy 'SMA_Cross_sma50' not executed because it's outside the time window: 16:35:00 - 16:50:00
2025-04-24 18:05:01 - INFO - [_run_strategy_if_applicable] [N/A] ⏰ Strategy 'SMA_Cross_candle' not executed because it's outside the time window: 16:35:00 - 16:50:00
2025-04-24 18:05:01 - INFO - [_run_strategy_if_applicable] [N/A] ⏰ Strategy 'EMA_Cross_ema50' not executed because it's outside the time window: 16:35:00 - 16:50:00
2025-04-24 18:05:01 - INFO - [_run_strategy_if_applicable] [N/A] 🔄 Starting trading loop for strategy: VWAP_diff_signal_1700
2025-04-24 18:05:01 - INFO - [get_stock_data] [CZR] Requesting data for CZR
2025-04-24 18:05:01 - INFO - [get_stock_data] [CZR] Data received for CZR: 97 rows
2025-04-24 18:05:01 - INFO - [check_vwap_diff_signal] [CZR] Analyzing VWAP reversal signal for CZR
2025-04-24 18:05:01 - INFO - [check_vwap_diff_signal] [CZR] Close: 26.9 | Low: 26.8 | High: 26.91 | VWAP: 26.711462280076205
2025-04-24 18:05:01 - DEBUG - [check_vwap_diff_signal] [CZR] [CZR] Last Candela: VWAP-Low=-0.33%, High-VWAP=0.74%
2025-04-24 18:05:01 - DEBUG - [check_vwap_diff_signal] [CZR] No VWAP signal detected
2025-04-24 18:05:01 - INFO - [_process_ticker] [CZR] ℹ️ No valid signal for CZR
2025-04-24 18:05:01 - INFO - [get_stock_data] [MTCH] Requesting data for MTCH
2025-04-24 18:05:02 - INFO - [get_stock_data] [MTCH] Data received for MTCH: 97 rows
2025-04-24 18:05:02 - INFO - [check_vwap_diff_signal] [MTCH] Analyzing VWAP reversal signal for MTCH
2025-04-24 18:05:02 - INFO - [check_vwap_diff_signal] [MTCH] Close: 29.9 | Low: 29.83 | High: 29.9 | VWAP: 29.845337100243164
2025-04-24 18:05:02 - DEBUG - [check_vwap_diff_signal] [MTCH] [MTCH] Last Candela: VWAP-Low=0.05%, High-VWAP=0.18%
2025-04-24 18:05:02 - DEBUG - [check_vwap_diff_signal] [MTCH] No VWAP signal detected
2025-04-24 18:05:02 - INFO - [_process_ticker] [MTCH] ℹ️ No valid signal for MTCH
2025-04-24 18:05:02 - INFO - [get_stock_data] [NCHL] Requesting data for NCHL
2025-04-24 18:05:02 - ERROR - [get_stock_data] [NCHL] Error retrieving data: 'NoneType' object has no attribute 'empty'
2025-04-24 18:05:02 - INFO - [get_stock_data] [HBAN] Requesting data for HBAN
2025-04-24 18:05:03 - INFO - [get_stock_data] [HBAN] Data received for HBAN: 97 rows
2025-04-24 18:05:03 - INFO - [check_vwap_diff_signal] [HBAN] Analyzing VWAP reversal signal for HBAN
2025-04-24 18:05:03 - INFO - [check_vwap_diff_signal] [HBAN] Close: 14.36 | Low: 14.33 | High: 14.36 | VWAP: 14.302557099519447
2025-04-24 18:05:03 - DEBUG - [check_vwap_diff_signal] [HBAN] [HBAN] Last Candela: VWAP-Low=-0.19%, High-VWAP=0.40%
2025-04-24 18:05:03 - DEBUG - [check_vwap_diff_signal] [HBAN] No VWAP signal detected
2025-04-24 18:05:03 - INFO - [_process_ticker] [HBAN] ℹ️ No valid signal for HBAN
2025-04-24 18:05:03 - INFO - [get_stock_data] [MRNA] Requesting data for MRNA
2025-04-24 18:05:03 - INFO - [get_stock_data] [MRNA] Data received for MRNA: 97 rows
2025-04-24 18:05:03 - INFO - [check_vwap_diff_signal] [MRNA] Analyzing VWAP reversal signal for MRNA
2025-04-24 18:05:03 - INFO - [check_vwap_diff_signal] [MRNA] Close: 26.61 | Low: 26.45 | High: 26.62 | VWAP: 26.5843780883175
2025-04-24 18:05:03 - DEBUG - [check_vwap_diff_signal] [MRNA] [MRNA] Last Candela: VWAP-Low=0.51%, High-VWAP=0.13%
2025-04-24 18:05:03 - DEBUG - [check_vwap_diff_signal] [MRNA] No VWAP signal detected
2025-04-24 18:05:03 - INFO - [_process_ticker] [MRNA] ℹ️ No valid signal for MRNA
2025-04-24 18:05:03 - DEBUG - [_process_ticker] [WBD] 🚫 Trade not allowed for WBD (limit reached)
2025-04-24 18:05:03 - INFO - [get_stock_data] [CMCSA] Requesting data for CMCSA
2025-04-24 18:05:04 - INFO - [get_stock_data] [CMCSA] Data received for CMCSA: 97 rows
2025-04-24 18:05:04 - INFO - [check_vwap_diff_signal] [CMCSA] Analyzing VWAP reversal signal for CMCSA
2025-04-24 18:05:04 - INFO - [check_vwap_diff_signal] [CMCSA] Close: 32.94 | Low: 32.91 | High: 33.06 | VWAP: 32.7837384188706
2025-04-24 18:05:04 - DEBUG - [check_vwap_diff_signal] [CMCSA] [CMCSA] Last Candela: VWAP-Low=-0.39%, High-VWAP=0.84%
2025-04-24 18:05:04 - DEBUG - [check_vwap_diff_signal] [CMCSA] No VWAP signal detected
2025-04-24 18:05:04 - INFO - [_process_ticker] [CMCSA] ℹ️ No valid signal for CMCSA
2025-04-24 18:05:04 - INFO - [_run_strategy_if_applicable] [N/A] 🔄 Starting trading loop for strategy: VWAP_diff_signal_rsi_1700
2025-04-24 18:05:04 - INFO - [get_stock_data] [IVZ] Requesting data for IVZ
2025-04-24 18:05:04 - INFO - [get_stock_data] [IVZ] Data received for IVZ: 97 rows
2025-04-24 18:05:04 - INFO - [check_vwap_diff_signal_with_rsi] [IVZ] Analyzing VWAP reversal signal for IVZ
2025-04-24 18:05:04 - INFO - [check_vwap_diff_signal_with_rsi] [IVZ] Close: 13.98 | Low: 13.92 | High: 13.98 | VWAP: 13.814265199888839 | RSI: 80.24
2025-04-24 18:05:04 - DEBUG - [check_vwap_diff_signal_with_rsi] [IVZ] [IVZ] Last Candela: VWAP-Low=-0.77%, High-VWAP=1.20%
2025-04-24 18:05:04 - DEBUG - [check_vwap_diff_signal_with_rsi] [IVZ] No VWAP+RSI signal detected
2025-04-24 18:05:04 - INFO - [_process_ticker] [IVZ] ℹ️ No valid signal for IVZ
2025-04-24 18:05:04 - INFO - [get_stock_data] [FCX] Requesting data for FCX
2025-04-24 18:05:05 - INFO - [get_stock_data] [FCX] Data received for FCX: 97 rows
2025-04-24 18:05:05 - INFO - [check_vwap_diff_signal_with_rsi] [FCX] Analyzing VWAP reversal signal for FCX
2025-04-24 18:05:05 - INFO - [check_vwap_diff_signal_with_rsi] [FCX] Close: 37.23 | Low: 36.96 | High: 37.25 | VWAP: 36.63242503430731 | RSI: 72.55
2025-04-24 18:05:05 - DEBUG - [check_vwap_diff_signal_with_rsi] [FCX] [FCX] Last Candela: VWAP-Low=-0.89%, High-VWAP=1.69%
2025-04-24 18:05:05 - INFO - [check_vwap_diff_signal_with_rsi] [FCX] 🔁 TP adjusted to VWAP for SELL: from 36.67 to 36.63
2025-04-24 18:05:05 - INFO - [check_vwap_diff_signal_with_rsi] [FCX] ✅ SELL signal | Entry: 37.23, SL: 37.51, TP: 36.63, RSI: 72.55
2025-04-24 18:05:05 - INFO - [place_order] [FCX] Placing MARKET order for FCX: 134 shares
2025-04-24 18:05:05 - INFO - [_place_trade_and_register] [FCX] ✅ Order SELL for FCX placed with ID 356
2025-04-24 18:05:05 - INFO - [get_stock_data] [HST] Requesting data for HST
2025-04-24 18:05:06 - INFO - [get_stock_data] [HST] Data received for HST: 98 rows
2025-04-24 18:05:06 - INFO - [check_vwap_diff_signal_with_rsi] [HST] Analyzing VWAP reversal signal for HST
2025-04-24 18:05:06 - INFO - [check_vwap_diff_signal_with_rsi] [HST] Close: 13.86 | Low: 13.86 | High: 13.86 | VWAP: 13.781341193131764 | RSI: 56.04
2025-04-24 18:05:06 - DEBUG - [check_vwap_diff_signal_with_rsi] [HST] [HST] Last Candela: VWAP-Low=-0.57%, High-VWAP=0.57%
2025-04-24 18:05:06 - DEBUG - [check_vwap_diff_signal_with_rsi] [HST] No VWAP+RSI signal detected
2025-04-24 18:05:06 - INFO - [_process_ticker] [HST] ℹ️ No valid signal for HST
2025-04-24 18:05:06 - INFO - [get_stock_data] [IVZ] Requesting data for IVZ
2025-04-24 18:05:06 - INFO - [get_stock_data] [IVZ] Data received for IVZ: 98 rows
2025-04-24 18:05:06 - INFO - [check_vwap_diff_signal_with_rsi] [IVZ] Analyzing VWAP reversal signal for IVZ
2025-04-24 18:05:06 - INFO - [check_vwap_diff_signal_with_rsi] [IVZ] Close: 13.98 | Low: 13.98 | High: 13.98 | VWAP: 13.814265199888839 | RSI: 80.24
2025-04-24 18:05:06 - DEBUG - [check_vwap_diff_signal_with_rsi] [IVZ] [IVZ] Last Candela: VWAP-Low=-1.20%, High-VWAP=1.20%
2025-04-24 18:05:06 - DEBUG - [check_vwap_diff_signal_with_rsi] [IVZ] No VWAP+RSI signal detected
2025-04-24 18:05:06 - INFO - [_process_ticker] [IVZ] ℹ️ No valid signal for IVZ
2025-04-24 18:05:06 - INFO - [get_stock_data] [NEM] Requesting data for NEM
2025-04-24 18:05:07 - INFO - [get_stock_data] [NEM] Data received for NEM: 98 rows
2025-04-24 18:05:07 - INFO - [check_vwap_diff_signal_with_rsi] [NEM] Analyzing VWAP reversal signal for NEM
2025-04-24 18:05:07 - INFO - [check_vwap_diff_signal_with_rsi] [NEM] Close: 54.86 | Low: 54.86 | High: 54.86 | VWAP: 54.564602078557044 | RSI: 67.22
2025-04-24 18:05:07 - DEBUG - [check_vwap_diff_signal_with_rsi] [NEM] [NEM] Last Candela: VWAP-Low=-0.54%, High-VWAP=0.54%
2025-04-24 18:05:07 - DEBUG - [check_vwap_diff_signal_with_rsi] [NEM] No VWAP+RSI signal detected
2025-04-24 18:05:07 - INFO - [_process_ticker] [NEM] ℹ️ No valid signal for NEM
2025-04-24 18:05:07 - INFO - [get_stock_data] [LUV] Requesting data for LUV
2025-04-24 18:05:07 - INFO - [get_stock_data] [LUV] Data received for LUV: 98 rows
2025-04-24 18:05:07 - INFO - [check_vwap_diff_signal_with_rsi] [LUV] Analyzing VWAP reversal signal for LUV
2025-04-24 18:05:07 - INFO - [check_vwap_diff_signal_with_rsi] [LUV] Close: 25.2 | Low: 25.19 | High: 25.2 | VWAP: 25.476186249562268 | RSI: 41.34
2025-04-24 18:05:07 - DEBUG - [check_vwap_diff_signal_with_rsi] [LUV] [LUV] Last Candela: VWAP-Low=1.12%, High-VWAP=-1.08%
2025-04-24 18:05:07 - DEBUG - [check_vwap_diff_signal_with_rsi] [LUV] No VWAP+RSI signal detected
2025-04-24 18:05:07 - INFO - [_process_ticker] [LUV] ℹ️ No valid signal for LUV
2025-04-24 18:05:07 - INFO - [_run_strategy_if_applicable] [N/A] ⏰ Strategy 'EMA_Cross_candle' not executed because it's outside the time window: 16:35:00 - 16:50:00
2025-04-24 18:05:07 - INFO - [_update_active_orders_and_telegram] [N/A] 📊 Updating SL/TP for active orders
2025-04-24 18:05:08 - INFO - [update_orders] [N/A] ✅ Order 356 filled at 37.2
2025-04-24 18:05:08 - INFO - [set_tp_sl_direct] [N/A] 🔹 Setting TP (LMT) 36.63 and SL 37.51 for FCX
2025-04-24 18:05:08 - INFO - [set_tp_sl_direct] [N/A] ✅ TP (MIT) Order Status: PendingSubmit (Trigger: 36.63)
2025-04-24 18:05:08 - INFO - [set_tp_sl_direct] [N/A] ✅ SL (Stop) Order Status: PendingSubmit (Trigger: 37.51)
2025-04-24 18:05:09 - INFO - [_wait_until_next_iteration] [N/A] ⏳ Sleeping for 50.41 seconds before the next cycle
2025-04-24 18:06:00 - DEBUG - [_process_strategies] [N/A] ⏱ Skipping VWAP_diff_signal_1700_volume, not yet time (every 5m)
2025-04-24 18:06:00 - DEBUG - [_process_strategies] [N/A] ⏱ Skipping SMA_Cross_sma50, not yet time (every 5m)
2025-04-24 18:06:00 - DEBUG - [_process_strategies] [N/A] ⏱ Skipping SMA_Cross_candle, not yet time (every 5m)
2025-04-24 18:06:00 - DEBUG - [_process_strategies] [N/A] ⏱ Skipping EMA_Cross_ema50, not yet time (every 5m)
2025-04-24 18:06:00 - DEBUG - [_process_strategies] [N/A] ⏱ Skipping VWAP_diff_signal_1700, not yet time (every 5m)
2025-04-24 18:06:00 - DEBUG - [_process_strategies] [N/A] ⏱ Skipping VWAP_diff_signal_rsi_1700, not yet time (every 5m)
2025-04-24 18:06:00 - DEBUG - [_process_strategies] [N/A] ⏱ Skipping EMA_Cross_candle, not yet time (every 5m)
2025-04-24 18:06:00 - INFO - [_update_active_orders_and_telegram] [N/A] 📊 Updating SL/TP for active orders
2025-04-24 18:06:01 - INFO - [_wait_until_next_iteration] [N/A] ⏳ Sleeping for 58.93 seconds before the next cycle
2025-04-24 18:07:00 - DEBUG - [_process_strategies] [N/A] ⏱ Skipping VWAP_diff_signal_1700_volume, not yet time (every 5m)
2025-04-24 18:07:00 - DEBUG - [_process_strategies] [N/A] ⏱ Skipping SMA_Cross_sma50, not yet time (every 5m)
2025-04-24 18:07:00 - DEBUG - [_process_strategies] [N/A] ⏱ Skipping SMA_Cross_candle, not yet time (every 5m)
2025-04-24 18:07:00 - DEBUG - [_process_strategies] [N/A] ⏱ Skipping EMA_Cross_ema50, not yet time (every 5m)
2025-04-24 18:07:00 - DEBUG - [_process_strategies] [N/A] ⏱ Skipping VWAP_diff_signal_1700, not yet time (every 5m)
2025-04-24 18:07:00 - DEBUG - [_process_strategies] [N/A] ⏱ Skipping VWAP_diff_signal_rsi_1700, not yet time (every 5m)
2025-04-24 18:07:00 - DEBUG - [_process_strategies] [N/A] ⏱ Skipping EMA_Cross_candle, not yet time (every 5m)
2025-04-24 18:07:00 - INFO - [_update_active_orders_and_telegram] [N/A] 📊 Updating SL/TP for active orders
2025-04-24 18:07:01 - INFO - [_wait_until_next_iteration] [N/A] ⏳ Sleeping for 58.92 seconds before the next cycle
2025-04-24 18:08:00 - DEBUG - [_process_strategies] [N/A] ⏱ Skipping VWAP_diff_signal_1700_volume, not yet time (every 5m)
2025-04-24 18:08:00 - DEBUG - [_process_strategies] [N/A] ⏱ Skipping SMA_Cross_sma50, not yet time (every 5m)
2025-04-24 18:08:00 - DEBUG - [_process_strategies] [N/A] ⏱ Skipping SMA_Cross_candle, not yet time (every 5m)
2025-04-24 18:08:00 - DEBUG - [_process_strategies] [N/A] ⏱ Skipping EMA_Cross_ema50, not yet time (every 5m)
2025-04-24 18:08:00 - DEBUG - [_process_strategies] [N/A] ⏱ Skipping VWAP_diff_signal_1700, not yet time (every 5m)
2025-04-24 18:08:00 - DEBUG - [_process_strategies] [N/A] ⏱ Skipping VWAP_diff_signal_rsi_1700, not yet time (every 5m)
2025-04-24 18:08:00 - DEBUG - [_process_strategies] [N/A] ⏱ Skipping EMA_Cross_candle, not yet time (every 5m)
2025-04-24 18:08:00 - INFO - [_update_active_orders_and_telegram] [N/A] 📊 Updating SL/TP for active orders
2025-04-24 18:08:01 - INFO - [_wait_until_next_iteration] [N/A] ⏳ Sleeping for 58.92 seconds before the next cycle
2025-04-24 18:09:00 - DEBUG - [_process_strategies] [N/A] ⏱ Skipping VWAP_diff_signal_1700_volume, not yet time (every 5m)
2025-04-24 18:09:00 - DEBUG - [_process_strategies] [N/A] ⏱ Skipping SMA_Cross_sma50, not yet time (every 5m)
2025-04-24 18:09:00 - DEBUG - [_process_strategies] [N/A] ⏱ Skipping SMA_Cross_candle, not yet time (every 5m)
2025-04-24 18:09:00 - DEBUG - [_process_strategies] [N/A] ⏱ Skipping EMA_Cross_ema50, not yet time (every 5m)
2025-04-24 18:09:00 - DEBUG - [_process_strategies] [N/A] ⏱ Skipping VWAP_diff_signal_1700, not yet time (every 5m)
2025-04-24 18:09:00 - DEBUG - [_process_strategies] [N/A] ⏱ Skipping VWAP_diff_signal_rsi_1700, not yet time (every 5m)
2025-04-24 18:09:00 - DEBUG - [_process_strategies] [N/A] ⏱ Skipping EMA_Cross_candle, not yet time (every 5m)
2025-04-24 18:09:00 - INFO - [_update_active_orders_and_telegram] [N/A] 📊 Updating SL/TP for active orders
2025-04-24 18:09:01 - INFO - [_wait_until_next_iteration] [N/A] ⏳ Sleeping for 58.92 seconds before the next cycle
2025-04-24 18:10:00 - INFO - [_run_strategy_if_applicable] [N/A] 🔄 Starting trading loop for strategy: VWAP_diff_signal_1700_volume
2025-04-24 18:10:00 - DEBUG - [_process_ticker] [GEN] 🚫 Trade not allowed for GEN (limit reached)
2025-04-24 18:10:00 - DEBUG - [_process_ticker] [HPQ] 🚫 Trade not allowed for HPQ (limit reached)
2025-04-24 18:10:00 - INFO - [get_stock_data] [INTC] Requesting data for INTC
2025-04-24 18:10:00 - INFO - [get_stock_data] [INTC] Data received for INTC: 98 rows
2025-04-24 18:10:00 - INFO - [check_vwap_diff_signal_with_volume] [INTC] Analyzing VWAP reversal signal for INTC
2025-04-24 18:10:00 - INFO - [check_vwap_diff_signal_with_volume] [INTC] Close: 21.29 | Low: 21.16 | High: 21.32 | VWAP: 21.14557885917404 | Volume Ratio: 0.73
2025-04-24 18:10:00 - DEBUG - [check_vwap_diff_signal_with_volume] [INTC] [INTC] Last Candle: VWAP-Low=-0.07%, High-VWAP=0.82%
2025-04-24 18:10:00 - DEBUG - [check_vwap_diff_signal_with_volume] [INTC] No VWAP+VolumeRatio signal detected
2025-04-24 18:10:00 - INFO - [_process_ticker] [INTC] ℹ️ No valid signal for INTC
2025-04-24 18:10:00 - INFO - [get_stock_data] [RF] Requesting data for RF
2025-04-24 18:10:01 - INFO - [get_stock_data] [RF] Data received for RF: 98 rows
2025-04-24 18:10:01 - INFO - [check_vwap_diff_signal_with_volume] [RF] Analyzing VWAP reversal signal for RF
2025-04-24 18:10:01 - INFO - [check_vwap_diff_signal_with_volume] [RF] Close: 20.2 | Low: 20.18 | High: 20.21 | VWAP: 20.112622183906144 | Volume Ratio: 0.49
2025-04-24 18:10:01 - DEBUG - [check_vwap_diff_signal_with_volume] [RF] [RF] Last Candle: VWAP-Low=-0.34%, High-VWAP=0.48%
2025-04-24 18:10:01 - DEBUG - [check_vwap_diff_signal_with_volume] [RF] No VWAP+VolumeRatio signal detected
2025-04-24 18:10:01 - INFO - [_process_ticker] [RF] ℹ️ No valid signal for RF
2025-04-24 18:10:01 - INFO - [_run_strategy_if_applicable] [N/A] ⏰ Strategy 'SMA_Cross_sma50' not executed because it's outside the time window: 16:35:00 - 16:50:00
2025-04-24 18:10:01 - INFO - [_run_strategy_if_applicable] [N/A] ⏰ Strategy 'SMA_Cross_candle' not executed because it's outside the time window: 16:35:00 - 16:50:00
2025-04-24 18:10:01 - INFO - [_run_strategy_if_applicable] [N/A] ⏰ Strategy 'EMA_Cross_ema50' not executed because it's outside the time window: 16:35:00 - 16:50:00
2025-04-24 18:10:01 - INFO - [_run_strategy_if_applicable] [N/A] 🔄 Starting trading loop for strategy: VWAP_diff_signal_1700
2025-04-24 18:10:01 - INFO - [get_stock_data] [CZR] Requesting data for CZR
2025-04-24 18:10:01 - INFO - [get_stock_data] [CZR] Data received for CZR: 98 rows
2025-04-24 18:10:01 - INFO - [check_vwap_diff_signal] [CZR] Analyzing VWAP reversal signal for CZR
2025-04-24 18:10:01 - INFO - [check_vwap_diff_signal] [CZR] Close: 26.96 | Low: 26.87 | High: 27.0 | VWAP: 26.732163307618396
2025-04-24 18:10:01 - DEBUG - [check_vwap_diff_signal] [CZR] [CZR] Last Candela: VWAP-Low=-0.52%, High-VWAP=1.00%
2025-04-24 18:10:01 - DEBUG - [check_vwap_diff_signal] [CZR] No VWAP signal detected
2025-04-24 18:10:01 - INFO - [_process_ticker] [CZR] ℹ️ No valid signal for CZR
2025-04-24 18:10:01 - INFO - [get_stock_data] [MTCH] Requesting data for MTCH
2025-04-24 18:10:02 - INFO - [get_stock_data] [MTCH] Data received for MTCH: 98 rows
2025-04-24 18:10:02 - INFO - [check_vwap_diff_signal] [MTCH] Analyzing VWAP reversal signal for MTCH
2025-04-24 18:10:02 - INFO - [check_vwap_diff_signal] [MTCH] Close: 29.89 | Low: 29.88 | High: 29.92 | VWAP: 29.84772353144884
2025-04-24 18:10:02 - DEBUG - [check_vwap_diff_signal] [MTCH] [MTCH] Last Candela: VWAP-Low=-0.11%, High-VWAP=0.24%
2025-04-24 18:10:02 - DEBUG - [check_vwap_diff_signal] [MTCH] No VWAP signal detected
2025-04-24 18:10:02 - INFO - [_process_ticker] [MTCH] ℹ️ No valid signal for MTCH
2025-04-24 18:10:02 - INFO - [get_stock_data] [NCHL] Requesting data for NCHL
2025-04-24 18:10:02 - ERROR - [get_stock_data] [NCHL] Error retrieving data: 'NoneType' object has no attribute 'empty'
2025-04-24 18:10:02 - INFO - [get_stock_data] [HBAN] Requesting data for HBAN
2025-04-24 18:10:02 - INFO - [get_stock_data] [HBAN] Data received for HBAN: 98 rows
2025-04-24 18:10:02 - INFO - [check_vwap_diff_signal] [HBAN] Analyzing VWAP reversal signal for HBAN
2025-04-24 18:10:02 - INFO - [check_vwap_diff_signal] [HBAN] Close: 14.35 | Low: 14.34 | High: 14.37 | VWAP: 14.30584187992943
2025-04-24 18:10:02 - DEBUG - [check_vwap_diff_signal] [HBAN] [HBAN] Last Candela: VWAP-Low=-0.24%, High-VWAP=0.45%
2025-04-24 18:10:02 - DEBUG - [check_vwap_diff_signal] [HBAN] No VWAP signal detected
2025-04-24 18:10:02 - INFO - [_process_ticker] [HBAN] ℹ️ No valid signal for HBAN
2025-04-24 18:10:02 - INFO - [get_stock_data] [MRNA] Requesting data for MRNA
2025-04-24 18:10:03 - INFO - [get_stock_data] [MRNA] Data received for MRNA: 98 rows
2025-04-24 18:10:03 - INFO - [check_vwap_diff_signal] [MRNA] Analyzing VWAP reversal signal for MRNA
2025-04-24 18:10:03 - INFO - [check_vwap_diff_signal] [MRNA] Close: 26.73 | Low: 26.58 | High: 26.73 | VWAP: 26.59031332089375
2025-04-24 18:10:03 - DEBUG - [check_vwap_diff_signal] [MRNA] [MRNA] Last Candela: VWAP-Low=0.04%, High-VWAP=0.53%
2025-04-24 18:10:03 - DEBUG - [check_vwap_diff_signal] [MRNA] No VWAP signal detected
2025-04-24 18:10:03 - INFO - [_process_ticker] [MRNA] ℹ️ No valid signal for MRNA
2025-04-24 18:10:03 - DEBUG - [_process_ticker] [WBD] 🚫 Trade not allowed for WBD (limit reached)
2025-04-24 18:10:03 - INFO - [get_stock_data] [CMCSA] Requesting data for CMCSA
2025-04-24 18:10:04 - INFO - [get_stock_data] [CMCSA] Data received for CMCSA: 98 rows
2025-04-24 18:10:04 - INFO - [check_vwap_diff_signal] [CMCSA] Analyzing VWAP reversal signal for CMCSA
2025-04-24 18:10:04 - INFO - [check_vwap_diff_signal] [CMCSA] Close: 32.92 | Low: 32.88 | High: 32.97 | VWAP: 32.7864159461048
2025-04-24 18:10:04 - DEBUG - [check_vwap_diff_signal] [CMCSA] [CMCSA] Last Candela: VWAP-Low=-0.29%, High-VWAP=0.56%
2025-04-24 18:10:04 - DEBUG - [check_vwap_diff_signal] [CMCSA] No VWAP signal detected
2025-04-24 18:10:04 - INFO - [_process_ticker] [CMCSA] ℹ️ No valid signal for CMCSA
2025-04-24 18:10:04 - INFO - [_run_strategy_if_applicable] [N/A] 🔄 Starting trading loop for strategy: VWAP_diff_signal_rsi_1700
2025-04-24 18:10:04 - INFO - [get_stock_data] [IVZ] Requesting data for IVZ
2025-04-24 18:10:04 - INFO - [get_stock_data] [IVZ] Data received for IVZ: 98 rows
2025-04-24 18:10:04 - INFO - [check_vwap_diff_signal_with_rsi] [IVZ] Analyzing VWAP reversal signal for IVZ
2025-04-24 18:10:04 - INFO - [check_vwap_diff_signal_with_rsi] [IVZ] Close: 14.0 | Low: 13.98 | High: 14.01 | VWAP: 13.820287010464908 | RSI: 81.30
2025-04-24 18:10:04 - DEBUG - [check_vwap_diff_signal_with_rsi] [IVZ] [IVZ] Last Candela: VWAP-Low=-1.16%, High-VWAP=1.37%
2025-04-24 18:10:04 - DEBUG - [check_vwap_diff_signal_with_rsi] [IVZ] No VWAP+RSI signal detected
2025-04-24 18:10:04 - INFO - [_process_ticker] [IVZ] ℹ️ No valid signal for IVZ
2025-04-24 18:10:04 - DEBUG - [_process_ticker] [FCX] 🚫 Trade not allowed for FCX (limit reached)
2025-04-24 18:10:04 - INFO - [get_stock_data] [HST] Requesting data for HST
2025-04-24 18:10:05 - INFO - [get_stock_data] [HST] Data received for HST: 98 rows
2025-04-24 18:10:05 - INFO - [check_vwap_diff_signal_with_rsi] [HST] Analyzing VWAP reversal signal for HST
2025-04-24 18:10:05 - INFO - [check_vwap_diff_signal_with_rsi] [HST] Close: 13.87 | Low: 13.86 | High: 13.88 | VWAP: 13.783763811860707 | RSI: 57.62
2025-04-24 18:10:05 - DEBUG - [check_vwap_diff_signal_with_rsi] [HST] [HST] Last Candela: VWAP-Low=-0.55%, High-VWAP=0.70%
2025-04-24 18:10:05 - DEBUG - [check_vwap_diff_signal_with_rsi] [HST] No VWAP+RSI signal detected
2025-04-24 18:10:05 - INFO - [_process_ticker] [HST] ℹ️ No valid signal for HST
2025-04-24 18:10:05 - INFO - [get_stock_data] [IVZ] Requesting data for IVZ
2025-04-24 18:10:05 - INFO - [get_stock_data] [IVZ] Data received for IVZ: 99 rows
2025-04-24 18:10:05 - INFO - [check_vwap_diff_signal_with_rsi] [IVZ] Analyzing VWAP reversal signal for IVZ
2025-04-24 18:10:05 - INFO - [check_vwap_diff_signal_with_rsi] [IVZ] Close: 14.0 | Low: 14.0 | High: 14.0 | VWAP: 13.820321763109655 | RSI: 81.30
2025-04-24 18:10:05 - DEBUG - [check_vwap_diff_signal_with_rsi] [IVZ] [IVZ] Last Candela: VWAP-Low=-1.30%, High-VWAP=1.30%
2025-04-24 18:10:05 - DEBUG - [check_vwap_diff_signal_with_rsi] [IVZ] No VWAP+RSI signal detected
2025-04-24 18:10:05 - INFO - [_process_ticker] [IVZ] ℹ️ No valid signal for IVZ
2025-04-24 18:10:05 - INFO - [get_stock_data] [NEM] Requesting data for NEM
2025-04-24 18:10:06 - INFO - [get_stock_data] [NEM] Data received for NEM: 99 rows
2025-04-24 18:10:06 - INFO - [check_vwap_diff_signal_with_rsi] [NEM] Analyzing VWAP reversal signal for NEM
2025-04-24 18:10:06 - INFO - [check_vwap_diff_signal_with_rsi] [NEM] Close: 54.81 | Low: 54.81 | High: 54.82 | VWAP: 54.56781505280408 | RSI: 65.54
2025-04-24 18:10:06 - DEBUG - [check_vwap_diff_signal_with_rsi] [NEM] [NEM] Last Candela: VWAP-Low=-0.44%, High-VWAP=0.46%
2025-04-24 18:10:06 - DEBUG - [check_vwap_diff_signal_with_rsi] [NEM] No VWAP+RSI signal detected
2025-04-24 18:10:06 - INFO - [_process_ticker] [NEM] ℹ️ No valid signal for NEM
2025-04-24 18:10:06 - INFO - [get_stock_data] [LUV] Requesting data for LUV
2025-04-24 18:10:07 - INFO - [get_stock_data] [LUV] Data received for LUV: 99 rows
2025-04-24 18:10:07 - INFO - [check_vwap_diff_signal_with_rsi] [LUV] Analyzing VWAP reversal signal for LUV
2025-04-24 18:10:07 - INFO - [check_vwap_diff_signal_with_rsi] [LUV] Close: 25.2 | Low: 25.2 | High: 25.21 | VWAP: 25.47263026642966 | RSI: 41.55
2025-04-24 18:10:07 - DEBUG - [check_vwap_diff_signal_with_rsi] [LUV] [LUV] Last Candela: VWAP-Low=1.07%, High-VWAP=-1.03%
2025-04-24 18:10:07 - DEBUG - [check_vwap_diff_signal_with_rsi] [LUV] No VWAP+RSI signal detected
2025-04-24 18:10:07 - INFO - [_process_ticker] [LUV] ℹ️ No valid signal for LUV
2025-04-24 18:10:07 - INFO - [_run_strategy_if_applicable] [N/A] ⏰ Strategy 'EMA_Cross_candle' not executed because it's outside the time window: 16:35:00 - 16:50:00
2025-04-24 18:10:07 - INFO - [_update_active_orders_and_telegram] [N/A] 📊 Updating SL/TP for active orders
2025-04-24 18:10:08 - INFO - [_wait_until_next_iteration] [N/A] ⏳ Sleeping for 51.89 seconds before the next cycle
2025-04-24 18:11:00 - DEBUG - [_process_strategies] [N/A] ⏱ Skipping VWAP_diff_signal_1700_volume, not yet time (every 5m)
2025-04-24 18:11:00 - DEBUG - [_process_strategies] [N/A] ⏱ Skipping SMA_Cross_sma50, not yet time (every 5m)
2025-04-24 18:11:00 - DEBUG - [_process_strategies] [N/A] ⏱ Skipping SMA_Cross_candle, not yet time (every 5m)
2025-04-24 18:11:00 - DEBUG - [_process_strategies] [N/A] ⏱ Skipping EMA_Cross_ema50, not yet time (every 5m)
2025-04-24 18:11:00 - DEBUG - [_process_strategies] [N/A] ⏱ Skipping VWAP_diff_signal_1700, not yet time (every 5m)
2025-04-24 18:11:00 - DEBUG - [_process_strategies] [N/A] ⏱ Skipping VWAP_diff_signal_rsi_1700, not yet time (every 5m)
2025-04-24 18:11:00 - DEBUG - [_process_strategies] [N/A] ⏱ Skipping EMA_Cross_candle, not yet time (every 5m)
2025-04-24 18:11:00 - INFO - [_update_active_orders_and_telegram] [N/A] 📊 Updating SL/TP for active orders
2025-04-24 18:11:01 - INFO - [_wait_until_next_iteration] [N/A] ⏳ Sleeping for 58.94 seconds before the next cycle
2025-04-24 18:12:00 - DEBUG - [_process_strategies] [N/A] ⏱ Skipping VWAP_diff_signal_1700_volume, not yet time (every 5m)
2025-04-24 18:12:00 - DEBUG - [_process_strategies] [N/A] ⏱ Skipping SMA_Cross_sma50, not yet time (every 5m)
2025-04-24 18:12:00 - DEBUG - [_process_strategies] [N/A] ⏱ Skipping SMA_Cross_candle, not yet time (every 5m)
2025-04-24 18:12:00 - DEBUG - [_process_strategies] [N/A] ⏱ Skipping EMA_Cross_ema50, not yet time (every 5m)
2025-04-24 18:12:00 - DEBUG - [_process_strategies] [N/A] ⏱ Skipping VWAP_diff_signal_1700, not yet time (every 5m)
2025-04-24 18:12:00 - DEBUG - [_process_strategies] [N/A] ⏱ Skipping VWAP_diff_signal_rsi_1700, not yet time (every 5m)
2025-04-24 18:12:00 - DEBUG - [_process_strategies] [N/A] ⏱ Skipping EMA_Cross_candle, not yet time (every 5m)
2025-04-24 18:12:00 - INFO - [_update_active_orders_and_telegram] [N/A] 📊 Updating SL/TP for active orders
2025-04-24 18:12:01 - INFO - [_wait_until_next_iteration] [N/A] ⏳ Sleeping for 58.92 seconds before the next cycle
2025-04-24 18:13:00 - DEBUG - [_process_strategies] [N/A] ⏱ Skipping VWAP_diff_signal_1700_volume, not yet time (every 5m)
2025-04-24 18:13:00 - DEBUG - [_process_strategies] [N/A] ⏱ Skipping SMA_Cross_sma50, not yet time (every 5m)
2025-04-24 18:13:00 - DEBUG - [_process_strategies] [N/A] ⏱ Skipping SMA_Cross_candle, not yet time (every 5m)
2025-04-24 18:13:00 - DEBUG - [_process_strategies] [N/A] ⏱ Skipping EMA_Cross_ema50, not yet time (every 5m)
2025-04-24 18:13:00 - DEBUG - [_process_strategies] [N/A] ⏱ Skipping VWAP_diff_signal_1700, not yet time (every 5m)
2025-04-24 18:13:00 - DEBUG - [_process_strategies] [N/A] ⏱ Skipping VWAP_diff_signal_rsi_1700, not yet time (every 5m)
2025-04-24 18:13:00 - DEBUG - [_process_strategies] [N/A] ⏱ Skipping EMA_Cross_candle, not yet time (every 5m)
2025-04-24 18:13:00 - INFO - [_update_active_orders_and_telegram] [N/A] 📊 Updating SL/TP for active orders
2025-04-24 18:13:01 - INFO - [_wait_until_next_iteration] [N/A] ⏳ Sleeping for 58.95 seconds before the next cycle
2025-04-24 18:14:00 - DEBUG - [_process_strategies] [N/A] ⏱ Skipping VWAP_diff_signal_1700_volume, not yet time (every 5m)
2025-04-24 18:14:00 - DEBUG - [_process_strategies] [N/A] ⏱ Skipping SMA_Cross_sma50, not yet time (every 5m)
2025-04-24 18:14:00 - DEBUG - [_process_strategies] [N/A] ⏱ Skipping SMA_Cross_candle, not yet time (every 5m)
2025-04-24 18:14:00 - DEBUG - [_process_strategies] [N/A] ⏱ Skipping EMA_Cross_ema50, not yet time (every 5m)
2025-04-24 18:14:00 - DEBUG - [_process_strategies] [N/A] ⏱ Skipping VWAP_diff_signal_1700, not yet time (every 5m)
2025-04-24 18:14:00 - DEBUG - [_process_strategies] [N/A] ⏱ Skipping VWAP_diff_signal_rsi_1700, not yet time (every 5m)
2025-04-24 18:14:00 - DEBUG - [_process_strategies] [N/A] ⏱ Skipping EMA_Cross_candle, not yet time (every 5m)
2025-04-24 18:14:00 - INFO - [_update_active_orders_and_telegram] [N/A] 📊 Updating SL/TP for active orders
2025-04-24 18:14:01 - INFO - [_wait_until_next_iteration] [N/A] ⏳ Sleeping for 58.93 seconds before the next cycle
2025-04-24 18:15:00 - INFO - [_run_strategy_if_applicable] [N/A] 🔄 Starting trading loop for strategy: VWAP_diff_signal_1700_volume
2025-04-24 18:15:00 - DEBUG - [_process_ticker] [GEN] 🚫 Trade not allowed for GEN (limit reached)
2025-04-24 18:15:00 - DEBUG - [_process_ticker] [HPQ] 🚫 Trade not allowed for HPQ (limit reached)
2025-04-24 18:15:00 - INFO - [get_stock_data] [INTC] Requesting data for INTC
2025-04-24 18:15:00 - INFO - [get_stock_data] [INTC] Data received for INTC: 99 rows
2025-04-24 18:15:00 - INFO - [check_vwap_diff_signal_with_volume] [INTC] Analyzing VWAP reversal signal for INTC
2025-04-24 18:15:00 - INFO - [check_vwap_diff_signal_with_volume] [INTC] Close: 21.26 | Low: 21.23 | High: 21.29 | VWAP: 21.14923213426782 | Volume Ratio: 0.77
2025-04-24 18:15:00 - DEBUG - [check_vwap_diff_signal_with_volume] [INTC] [INTC] Last Candle: VWAP-Low=-0.38%, High-VWAP=0.67%
2025-04-24 18:15:00 - DEBUG - [check_vwap_diff_signal_with_volume] [INTC] No VWAP+VolumeRatio signal detected
2025-04-24 18:15:00 - INFO - [_process_ticker] [INTC] ℹ️ No valid signal for INTC
2025-04-24 18:15:00 - INFO - [get_stock_data] [RF] Requesting data for RF
2025-04-24 18:15:01 - INFO - [get_stock_data] [RF] Data received for RF: 99 rows
2025-04-24 18:15:01 - INFO - [check_vwap_diff_signal_with_volume] [RF] Analyzing VWAP reversal signal for RF
2025-04-24 18:15:01 - INFO - [check_vwap_diff_signal_with_volume] [RF] Close: 20.18 | Low: 20.16 | High: 20.21 | VWAP: 20.115687400715878 | Volume Ratio: 1.03
2025-04-24 18:15:01 - DEBUG - [check_vwap_diff_signal_with_volume] [RF] [RF] Last Candle: VWAP-Low=-0.22%, High-VWAP=0.47%
2025-04-24 18:15:01 - DEBUG - [check_vwap_diff_signal_with_volume] [RF] No VWAP+VolumeRatio signal detected
2025-04-24 18:15:01 - INFO - [_process_ticker] [RF] ℹ️ No valid signal for RF
2025-04-24 18:15:01 - INFO - [_run_strategy_if_applicable] [N/A] ⏰ Strategy 'SMA_Cross_sma50' not executed because it's outside the time window: 16:35:00 - 16:50:00
2025-04-24 18:15:01 - INFO - [_run_strategy_if_applicable] [N/A] ⏰ Strategy 'SMA_Cross_candle' not executed because it's outside the time window: 16:35:00 - 16:50:00
2025-04-24 18:15:01 - INFO - [_run_strategy_if_applicable] [N/A] ⏰ Strategy 'EMA_Cross_ema50' not executed because it's outside the time window: 16:35:00 - 16:50:00
2025-04-24 18:15:01 - INFO - [_run_strategy_if_applicable] [N/A] 🔄 Starting trading loop for strategy: VWAP_diff_signal_1700
2025-04-24 18:15:01 - INFO - [get_stock_data] [CZR] Requesting data for CZR
2025-04-24 18:15:01 - INFO - [get_stock_data] [CZR] Data received for CZR: 99 rows
2025-04-24 18:15:01 - INFO - [check_vwap_diff_signal] [CZR] Analyzing VWAP reversal signal for CZR
2025-04-24 18:15:01 - INFO - [check_vwap_diff_signal] [CZR] Close: 26.93 | Low: 26.91 | High: 26.98 | VWAP: 26.73684598989428
2025-04-24 18:15:01 - DEBUG - [check_vwap_diff_signal] [CZR] [CZR] Last Candela: VWAP-Low=-0.65%, High-VWAP=0.91%
2025-04-24 18:15:01 - DEBUG - [check_vwap_diff_signal] [CZR] No VWAP signal detected
2025-04-24 18:15:01 - INFO - [_process_ticker] [CZR] ℹ️ No valid signal for CZR
2025-04-24 18:15:01 - INFO - [get_stock_data] [MTCH] Requesting data for MTCH
2025-04-24 18:15:02 - INFO - [get_stock_data] [MTCH] Data received for MTCH: 99 rows
2025-04-24 18:15:02 - INFO - [check_vwap_diff_signal] [MTCH] Analyzing VWAP reversal signal for MTCH
2025-04-24 18:15:02 - INFO - [check_vwap_diff_signal] [MTCH] Close: 29.86 | Low: 29.86 | High: 29.96 | VWAP: 29.849119364069562
2025-04-24 18:15:02 - DEBUG - [check_vwap_diff_signal] [MTCH] [MTCH] Last Candela: VWAP-Low=-0.04%, High-VWAP=0.37%
2025-04-24 18:15:02 - DEBUG - [check_vwap_diff_signal] [MTCH] No VWAP signal detected
2025-04-24 18:15:02 - INFO - [_process_ticker] [MTCH] ℹ️ No valid signal for MTCH
2025-04-24 18:15:02 - INFO - [get_stock_data] [NCHL] Requesting data for NCHL
2025-04-24 18:15:02 - ERROR - [get_stock_data] [NCHL] Error retrieving data: 'NoneType' object has no attribute 'empty'
2025-04-24 18:15:02 - INFO - [get_stock_data] [HBAN] Requesting data for HBAN
2025-04-24 18:15:03 - INFO - [get_stock_data] [HBAN] Data received for HBAN: 99 rows
2025-04-24 18:15:03 - INFO - [check_vwap_diff_signal] [HBAN] Analyzing VWAP reversal signal for HBAN
2025-04-24 18:15:03 - INFO - [check_vwap_diff_signal] [HBAN] Close: 14.34 | Low: 14.32 | High: 14.36 | VWAP: 14.30855261175039
2025-04-24 18:15:03 - DEBUG - [check_vwap_diff_signal] [HBAN] [HBAN] Last Candela: VWAP-Low=-0.08%, High-VWAP=0.36%
2025-04-24 18:15:03 - DEBUG - [check_vwap_diff_signal] [HBAN] No VWAP signal detected
2025-04-24 18:15:03 - INFO - [_process_ticker] [HBAN] ℹ️ No valid signal for HBAN
2025-04-24 18:15:03 - INFO - [get_stock_data] [MRNA] Requesting data for MRNA
2025-04-24 18:15:03 - INFO - [get_stock_data] [MRNA] Data received for MRNA: 99 rows
2025-04-24 18:15:03 - INFO - [check_vwap_diff_signal] [MRNA] Analyzing VWAP reversal signal for MRNA
2025-04-24 18:15:03 - INFO - [check_vwap_diff_signal] [MRNA] Close: 26.73 | Low: 26.69 | High: 26.78 | VWAP: 26.594227908587136
2025-04-24 18:15:03 - DEBUG - [check_vwap_diff_signal] [MRNA] [MRNA] Last Candela: VWAP-Low=-0.36%, High-VWAP=0.70%
2025-04-24 18:15:03 - DEBUG - [check_vwap_diff_signal] [MRNA] No VWAP signal detected
2025-04-24 18:15:03 - INFO - [_process_ticker] [MRNA] ℹ️ No valid signal for MRNA
2025-04-24 18:15:03 - DEBUG - [_process_ticker] [WBD] 🚫 Trade not allowed for WBD (limit reached)
2025-04-24 18:15:03 - INFO - [get_stock_data] [CMCSA] Requesting data for CMCSA
2025-04-24 18:15:04 - INFO - [get_stock_data] [CMCSA] Data received for CMCSA: 99 rows
2025-04-24 18:15:04 - INFO - [check_vwap_diff_signal] [CMCSA] Analyzing VWAP reversal signal for CMCSA
2025-04-24 18:15:04 - INFO - [check_vwap_diff_signal] [CMCSA] Close: 32.84 | Low: 32.83 | High: 32.98 | VWAP: 32.787331166988935
2025-04-24 18:15:04 - DEBUG - [check_vwap_diff_signal] [CMCSA] [CMCSA] Last Candela: VWAP-Low=-0.13%, High-VWAP=0.59%
2025-04-24 18:15:04 - DEBUG - [check_vwap_diff_signal] [CMCSA] No VWAP signal detected
2025-04-24 18:15:04 - INFO - [_process_ticker] [CMCSA] ℹ️ No valid signal for CMCSA
2025-04-24 18:15:04 - INFO - [_run_strategy_if_applicable] [N/A] 🔄 Starting trading loop for strategy: VWAP_diff_signal_rsi_1700
2025-04-24 18:15:04 - INFO - [get_stock_data] [IVZ] Requesting data for IVZ
2025-04-24 18:15:04 - INFO - [get_stock_data] [IVZ] Data received for IVZ: 99 rows
2025-04-24 18:15:04 - INFO - [check_vwap_diff_signal_with_rsi] [IVZ] Analyzing VWAP reversal signal for IVZ
2025-04-24 18:15:04 - INFO - [check_vwap_diff_signal_with_rsi] [IVZ] Close: 14.04 | Low: 13.99 | High: 14.06 | VWAP: 13.850606217103882 | RSI: 83.22
2025-04-24 18:15:04 - DEBUG - [check_vwap_diff_signal_with_rsi] [IVZ] [IVZ] Last Candela: VWAP-Low=-1.01%, High-VWAP=1.51%
2025-04-24 18:15:04 - INFO - [check_vwap_diff_signal_with_rsi] [IVZ] ✅ SELL signal | Entry: 14.04, SL: 14.16, TP: 13.80, RSI: 83.22
2025-04-24 18:15:04 - INFO - [place_order] [IVZ] Placing MARKET order for IVZ: 356 shares
2025-04-24 18:15:04 - INFO - [_place_trade_and_register] [IVZ] ✅ Order SELL for IVZ placed with ID 412
2025-04-24 18:15:04 - DEBUG - [_process_ticker] [FCX] 🚫 Trade not allowed for FCX (limit reached)
2025-04-24 18:15:04 - INFO - [get_stock_data] [HST] Requesting data for HST
2025-04-24 18:15:05 - INFO - [get_stock_data] [HST] Data received for HST: 99 rows
2025-04-24 18:15:05 - INFO - [check_vwap_diff_signal_with_rsi] [HST] Analyzing VWAP reversal signal for HST
2025-04-24 18:15:05 - INFO - [check_vwap_diff_signal_with_rsi] [HST] Close: 13.88 | Low: 13.85 | High: 13.89 | VWAP: 13.788248288895431 | RSI: 58.87
2025-04-24 18:15:05 - DEBUG - [check_vwap_diff_signal_with_rsi] [HST] [HST] Last Candela: VWAP-Low=-0.45%, High-VWAP=0.74%
2025-04-24 18:15:05 - DEBUG - [check_vwap_diff_signal_with_rsi] [HST] No VWAP+RSI signal detected
2025-04-24 18:15:05 - INFO - [_process_ticker] [HST] ℹ️ No valid signal for HST
2025-04-24 18:15:05 - DEBUG - [_process_ticker] [IVZ] 🚫 Trade not allowed for IVZ (limit reached)
2025-04-24 18:15:05 - INFO - [get_stock_data] [NEM] Requesting data for NEM
2025-04-24 18:15:06 - INFO - [get_stock_data] [NEM] Data received for NEM: 100 rows
2025-04-24 18:15:06 - INFO - [check_vwap_diff_signal_with_rsi] [NEM] Analyzing VWAP reversal signal for NEM
2025-04-24 18:15:06 - INFO - [check_vwap_diff_signal_with_rsi] [NEM] Close: 54.75 | Low: 54.74 | High: 54.75 | VWAP: 54.57154493123701 | RSI: 62.99
2025-04-24 18:15:06 - DEBUG - [check_vwap_diff_signal_with_rsi] [NEM] [NEM] Last Candela: VWAP-Low=-0.31%, High-VWAP=0.33%
2025-04-24 18:15:06 - DEBUG - [check_vwap_diff_signal_with_rsi] [NEM] No VWAP+RSI signal detected
2025-04-24 18:15:06 - INFO - [_process_ticker] [NEM] ℹ️ No valid signal for NEM
2025-04-24 18:15:06 - INFO - [get_stock_data] [LUV] Requesting data for LUV
2025-04-24 18:15:06 - INFO - [get_stock_data] [LUV] Data received for LUV: 100 rows
2025-04-24 18:15:06 - INFO - [check_vwap_diff_signal_with_rsi] [LUV] Analyzing VWAP reversal signal for LUV
2025-04-24 18:15:06 - INFO - [check_vwap_diff_signal_with_rsi] [LUV] Close: 25.34 | Low: 25.32 | High: 25.34 | VWAP: 25.470641518842687 | RSI: 47.57
2025-04-24 18:15:06 - DEBUG - [check_vwap_diff_signal_with_rsi] [LUV] [LUV] Last Candela: VWAP-Low=0.59%, High-VWAP=-0.51%
2025-04-24 18:15:06 - DEBUG - [check_vwap_diff_signal_with_rsi] [LUV] No VWAP+RSI signal detected
2025-04-24 18:15:06 - INFO - [_process_ticker] [LUV] ℹ️ No valid signal for LUV
2025-04-24 18:15:06 - INFO - [_run_strategy_if_applicable] [N/A] ⏰ Strategy 'EMA_Cross_candle' not executed because it's outside the time window: 16:35:00 - 16:50:00
2025-04-24 18:15:06 - INFO - [_update_active_orders_and_telegram] [N/A] 📊 Updating SL/TP for active orders
2025-04-24 18:15:07 - INFO - [update_orders] [N/A] ✅ Order 412 filled at 14.04
2025-04-24 18:15:07 - INFO - [set_tp_sl_direct] [N/A] 🔹 Setting TP (LMT) 13.8 and SL 14.16 for IVZ
2025-04-24 18:15:07 - INFO - [set_tp_sl_direct] [N/A] ✅ TP (MIT) Order Status: PendingSubmit (Trigger: 13.8)
2025-04-24 18:15:07 - INFO - [set_tp_sl_direct] [N/A] ✅ SL (Stop) Order Status: PendingSubmit (Trigger: 14.16)
2025-04-24 18:15:08 - INFO - [_wait_until_next_iteration] [N/A] ⏳ Sleeping for 51.80 seconds before the next cycle
2025-04-24 18:16:00 - DEBUG - [_process_strategies] [N/A] ⏱ Skipping VWAP_diff_signal_1700_volume, not yet time (every 5m)
2025-04-24 18:16:00 - DEBUG - [_process_strategies] [N/A] ⏱ Skipping SMA_Cross_sma50, not yet time (every 5m)
2025-04-24 18:16:00 - DEBUG - [_process_strategies] [N/A] ⏱ Skipping SMA_Cross_candle, not yet time (every 5m)
2025-04-24 18:16:00 - DEBUG - [_process_strategies] [N/A] ⏱ Skipping EMA_Cross_ema50, not yet time (every 5m)
2025-04-24 18:16:00 - DEBUG - [_process_strategies] [N/A] ⏱ Skipping VWAP_diff_signal_1700, not yet time (every 5m)
2025-04-24 18:16:00 - DEBUG - [_process_strategies] [N/A] ⏱ Skipping VWAP_diff_signal_rsi_1700, not yet time (every 5m)
2025-04-24 18:16:00 - DEBUG - [_process_strategies] [N/A] ⏱ Skipping EMA_Cross_candle, not yet time (every 5m)
2025-04-24 18:16:00 - INFO - [_update_active_orders_and_telegram] [N/A] 📊 Updating SL/TP for active orders
2025-04-24 18:16:01 - INFO - [_wait_until_next_iteration] [N/A] ⏳ Sleeping for 58.92 seconds before the next cycle
2025-04-24 18:17:00 - DEBUG - [_process_strategies] [N/A] ⏱ Skipping VWAP_diff_signal_1700_volume, not yet time (every 5m)
2025-04-24 18:17:00 - DEBUG - [_process_strategies] [N/A] ⏱ Skipping SMA_Cross_sma50, not yet time (every 5m)
2025-04-24 18:17:00 - DEBUG - [_process_strategies] [N/A] ⏱ Skipping SMA_Cross_candle, not yet time (every 5m)
2025-04-24 18:17:00 - DEBUG - [_process_strategies] [N/A] ⏱ Skipping EMA_Cross_ema50, not yet time (every 5m)
2025-04-24 18:17:00 - DEBUG - [_process_strategies] [N/A] ⏱ Skipping VWAP_diff_signal_1700, not yet time (every 5m)
2025-04-24 18:17:00 - DEBUG - [_process_strategies] [N/A] ⏱ Skipping VWAP_diff_signal_rsi_1700, not yet time (every 5m)
2025-04-24 18:17:00 - DEBUG - [_process_strategies] [N/A] ⏱ Skipping EMA_Cross_candle, not yet time (every 5m)
2025-04-24 18:17:00 - INFO - [_update_active_orders_and_telegram] [N/A] 📊 Updating SL/TP for active orders
2025-04-24 18:17:01 - INFO - [_wait_until_next_iteration] [N/A] ⏳ Sleeping for 58.92 seconds before the next cycle
2025-04-24 18:18:00 - DEBUG - [_process_strategies] [N/A] ⏱ Skipping VWAP_diff_signal_1700_volume, not yet time (every 5m)
2025-04-24 18:18:00 - DEBUG - [_process_strategies] [N/A] ⏱ Skipping SMA_Cross_sma50, not yet time (every 5m)
2025-04-24 18:18:00 - DEBUG - [_process_strategies] [N/A] ⏱ Skipping SMA_Cross_candle, not yet time (every 5m)
2025-04-24 18:18:00 - DEBUG - [_process_strategies] [N/A] ⏱ Skipping EMA_Cross_ema50, not yet time (every 5m)
2025-04-24 18:18:00 - DEBUG - [_process_strategies] [N/A] ⏱ Skipping VWAP_diff_signal_1700, not yet time (every 5m)
2025-04-24 18:18:00 - DEBUG - [_process_strategies] [N/A] ⏱ Skipping VWAP_diff_signal_rsi_1700, not yet time (every 5m)
2025-04-24 18:18:00 - DEBUG - [_process_strategies] [N/A] ⏱ Skipping EMA_Cross_candle, not yet time (every 5m)
2025-04-24 18:18:00 - INFO - [_update_active_orders_and_telegram] [N/A] 📊 Updating SL/TP for active orders
2025-04-24 18:18:01 - INFO - [_wait_until_next_iteration] [N/A] ⏳ Sleeping for 58.92 seconds before the next cycle
2025-04-24 18:19:00 - DEBUG - [_process_strategies] [N/A] ⏱ Skipping VWAP_diff_signal_1700_volume, not yet time (every 5m)
2025-04-24 18:19:00 - DEBUG - [_process_strategies] [N/A] ⏱ Skipping SMA_Cross_sma50, not yet time (every 5m)
2025-04-24 18:19:00 - DEBUG - [_process_strategies] [N/A] ⏱ Skipping SMA_Cross_candle, not yet time (every 5m)
2025-04-24 18:19:00 - DEBUG - [_process_strategies] [N/A] ⏱ Skipping EMA_Cross_ema50, not yet time (every 5m)
2025-04-24 18:19:00 - DEBUG - [_process_strategies] [N/A] ⏱ Skipping VWAP_diff_signal_1700, not yet time (every 5m)
2025-04-24 18:19:00 - DEBUG - [_process_strategies] [N/A] ⏱ Skipping VWAP_diff_signal_rsi_1700, not yet time (every 5m)
2025-04-24 18:19:00 - DEBUG - [_process_strategies] [N/A] ⏱ Skipping EMA_Cross_candle, not yet time (every 5m)
2025-04-24 18:19:00 - INFO - [_update_active_orders_and_telegram] [N/A] 📊 Updating SL/TP for active orders
2025-04-24 18:19:01 - INFO - [_wait_until_next_iteration] [N/A] ⏳ Sleeping for 58.92 seconds before the next cycle
2025-04-24 18:20:00 - INFO - [_run_strategy_if_applicable] [N/A] 🔄 Starting trading loop for strategy: VWAP_diff_signal_1700_volume
2025-04-24 18:20:00 - DEBUG - [_process_ticker] [GEN] 🚫 Trade not allowed for GEN (limit reached)
2025-04-24 18:20:00 - DEBUG - [_process_ticker] [HPQ] 🚫 Trade not allowed for HPQ (limit reached)
2025-04-24 18:20:00 - INFO - [get_stock_data] [INTC] Requesting data for INTC
2025-04-24 18:20:00 - INFO - [get_stock_data] [INTC] Data received for INTC: 100 rows
2025-04-24 18:20:00 - INFO - [check_vwap_diff_signal_with_volume] [INTC] Analyzing VWAP reversal signal for INTC
2025-04-24 18:20:00 - INFO - [check_vwap_diff_signal_with_volume] [INTC] Close: 21.19 | Low: 21.18 | High: 21.27 | VWAP: 21.150317391398065 | Volume Ratio: 0.72
2025-04-24 18:20:00 - DEBUG - [check_vwap_diff_signal_with_volume] [INTC] [INTC] Last Candle: VWAP-Low=-0.14%, High-VWAP=0.57%
2025-04-24 18:20:00 - DEBUG - [check_vwap_diff_signal_with_volume] [INTC] No VWAP+VolumeRatio signal detected
2025-04-24 18:20:00 - INFO - [_process_ticker] [INTC] ℹ️ No valid signal for INTC
2025-04-24 18:20:00 - INFO - [get_stock_data] [RF] Requesting data for RF
2025-04-24 18:20:01 - INFO - [get_stock_data] [RF] Data received for RF: 100 rows
2025-04-24 18:20:01 - INFO - [check_vwap_diff_signal_with_volume] [RF] Analyzing VWAP reversal signal for RF
2025-04-24 18:20:01 - INFO - [check_vwap_diff_signal_with_volume] [RF] Close: 20.19 | Low: 20.17 | High: 20.21 | VWAP: 20.11748002920738 | Volume Ratio: 0.57
2025-04-24 18:20:01 - DEBUG - [check_vwap_diff_signal_with_volume] [RF] [RF] Last Candle: VWAP-Low=-0.26%, High-VWAP=0.46%
2025-04-24 18:20:01 - DEBUG - [check_vwap_diff_signal_with_volume] [RF] No VWAP+VolumeRatio signal detected
2025-04-24 18:20:01 - INFO - [_process_ticker] [RF] ℹ️ No valid signal for RF
2025-04-24 18:20:01 - INFO - [_run_strategy_if_applicable] [N/A] ⏰ Strategy 'SMA_Cross_sma50' not executed because it's outside the time window: 16:35:00 - 16:50:00
2025-04-24 18:20:01 - INFO - [_run_strategy_if_applicable] [N/A] ⏰ Strategy 'SMA_Cross_candle' not executed because it's outside the time window: 16:35:00 - 16:50:00
2025-04-24 18:20:01 - INFO - [_run_strategy_if_applicable] [N/A] ⏰ Strategy 'EMA_Cross_ema50' not executed because it's outside the time window: 16:35:00 - 16:50:00
2025-04-24 18:20:01 - INFO - [_run_strategy_if_applicable] [N/A] 🔄 Starting trading loop for strategy: VWAP_diff_signal_1700
2025-04-24 18:20:01 - INFO - [get_stock_data] [CZR] Requesting data for CZR
2025-04-24 18:20:01 - INFO - [get_stock_data] [CZR] Data received for CZR: 100 rows
2025-04-24 18:20:01 - INFO - [check_vwap_diff_signal] [CZR] Analyzing VWAP reversal signal for CZR
2025-04-24 18:20:01 - INFO - [check_vwap_diff_signal] [CZR] Close: 26.91 | Low: 26.89 | High: 26.94 | VWAP: 26.740368118312578
2025-04-24 18:20:01 - DEBUG - [check_vwap_diff_signal] [CZR] [CZR] Last Candela: VWAP-Low=-0.56%, High-VWAP=0.75%
2025-04-24 18:20:01 - DEBUG - [check_vwap_diff_signal] [CZR] No VWAP signal detected
2025-04-24 18:20:01 - INFO - [_process_ticker] [CZR] ℹ️ No valid signal for CZR
2025-04-24 18:20:01 - INFO - [get_stock_data] [MTCH] Requesting data for MTCH
2025-04-24 18:20:02 - INFO - [get_stock_data] [MTCH] Data received for MTCH: 100 rows
2025-04-24 18:20:02 - INFO - [check_vwap_diff_signal] [MTCH] Analyzing VWAP reversal signal for MTCH
2025-04-24 18:20:02 - INFO - [check_vwap_diff_signal] [MTCH] Close: 29.86 | Low: 29.86 | High: 29.91 | VWAP: 29.849633156789366
2025-04-24 18:20:02 - DEBUG - [check_vwap_diff_signal] [MTCH] [MTCH] Last Candela: VWAP-Low=-0.03%, High-VWAP=0.20%
2025-04-24 18:20:02 - DEBUG - [check_vwap_diff_signal] [MTCH] No VWAP signal detected
2025-04-24 18:20:02 - INFO - [_process_ticker] [MTCH] ℹ️ No valid signal for MTCH
2025-04-24 18:20:02 - INFO - [get_stock_data] [NCHL] Requesting data for NCHL
2025-04-24 18:20:02 - ERROR - [get_stock_data] [NCHL] Error retrieving data: 'NoneType' object has no attribute 'empty'
2025-04-24 18:20:02 - INFO - [get_stock_data] [HBAN] Requesting data for HBAN
2025-04-24 18:20:02 - INFO - [get_stock_data] [HBAN] Data received for HBAN: 100 rows
2025-04-24 18:20:02 - INFO - [check_vwap_diff_signal] [HBAN] Analyzing VWAP reversal signal for HBAN
2025-04-24 18:20:02 - INFO - [check_vwap_diff_signal] [HBAN] Close: 14.35 | Low: 14.33 | High: 14.37 | VWAP: 14.310529628999085
2025-04-24 18:20:02 - DEBUG - [check_vwap_diff_signal] [HBAN] [HBAN] Last Candela: VWAP-Low=-0.14%, High-VWAP=0.42%
2025-04-24 18:20:02 - DEBUG - [check_vwap_diff_signal] [HBAN] No VWAP signal detected
2025-04-24 18:20:02 - INFO - [_process_ticker] [HBAN] ℹ️ No valid signal for HBAN
2025-04-24 18:20:02 - INFO - [get_stock_data] [MRNA] Requesting data for MRNA
2025-04-24 18:20:03 - INFO - [get_stock_data] [MRNA] Data received for MRNA: 100 rows
2025-04-24 18:20:03 - INFO - [check_vwap_diff_signal] [MRNA] Analyzing VWAP reversal signal for MRNA
2025-04-24 18:20:03 - INFO - [check_vwap_diff_signal] [MRNA] Close: 26.69 | Low: 26.69 | High: 26.75 | VWAP: 26.59640312221255
2025-04-24 18:20:03 - DEBUG - [check_vwap_diff_signal] [MRNA] [MRNA] Last Candela: VWAP-Low=-0.35%, High-VWAP=0.58%
2025-04-24 18:20:03 - DEBUG - [check_vwap_diff_signal] [MRNA] No VWAP signal detected
2025-04-24 18:20:03 - INFO - [_process_ticker] [MRNA] ℹ️ No valid signal for MRNA
2025-04-24 18:20:03 - DEBUG - [_process_ticker] [WBD] 🚫 Trade not allowed for WBD (limit reached)
2025-04-24 18:20:03 - INFO - [get_stock_data] [CMCSA] Requesting data for CMCSA
2025-04-24 18:20:04 - INFO - [get_stock_data] [CMCSA] Data received for CMCSA: 100 rows
2025-04-24 18:20:04 - INFO - [check_vwap_diff_signal] [CMCSA] Analyzing VWAP reversal signal for CMCSA
2025-04-24 18:20:04 - INFO - [check_vwap_diff_signal] [CMCSA] Close: 32.91 | Low: 32.82 | High: 32.97 | VWAP: 32.789770217384486
2025-04-24 18:20:04 - DEBUG - [check_vwap_diff_signal] [CMCSA] [CMCSA] Last Candela: VWAP-Low=-0.09%, High-VWAP=0.55%
2025-04-24 18:20:04 - DEBUG - [check_vwap_diff_signal] [CMCSA] No VWAP signal detected
2025-04-24 18:20:04 - INFO - [_process_ticker] [CMCSA] ℹ️ No valid signal for CMCSA
2025-04-24 18:20:04 - INFO - [_run_strategy_if_applicable] [N/A] 🔄 Starting trading loop for strategy: VWAP_diff_signal_rsi_1700
2025-04-24 18:20:04 - DEBUG - [_process_ticker] [IVZ] 🚫 Trade not allowed for IVZ (limit reached)
2025-04-24 18:20:04 - DEBUG - [_process_ticker] [FCX] 🚫 Trade not allowed for FCX (limit reached)
2025-04-24 18:20:04 - INFO - [get_stock_data] [HST] Requesting data for HST
2025-04-24 18:20:04 - INFO - [get_stock_data] [HST] Data received for HST: 100 rows
2025-04-24 18:20:04 - INFO - [check_vwap_diff_signal_with_rsi] [HST] Analyzing VWAP reversal signal for HST
2025-04-24 18:20:04 - INFO - [check_vwap_diff_signal_with_rsi] [HST] Close: 13.88 | Low: 13.87 | High: 13.9 | VWAP: 13.790316025894022 | RSI: 58.87
2025-04-24 18:20:04 - DEBUG - [check_vwap_diff_signal_with_rsi] [HST] [HST] Last Candela: VWAP-Low=-0.58%, High-VWAP=0.80%
2025-04-24 18:20:04 - DEBUG - [check_vwap_diff_signal_with_rsi] [HST] No VWAP+RSI signal detected
2025-04-24 18:20:04 - INFO - [_process_ticker] [HST] ℹ️ No valid signal for HST
2025-04-24 18:20:04 - DEBUG - [_process_ticker] [IVZ] 🚫 Trade not allowed for IVZ (limit reached)
2025-04-24 18:20:04 - INFO - [get_stock_data] [NEM] Requesting data for NEM
2025-04-24 18:20:05 - INFO - [get_stock_data] [NEM] Data received for NEM: 100 rows
2025-04-24 18:20:05 - INFO - [check_vwap_diff_signal_with_rsi] [NEM] Analyzing VWAP reversal signal for NEM
2025-04-24 18:20:05 - INFO - [check_vwap_diff_signal_with_rsi] [NEM] Close: 54.55 | Low: 54.54 | High: 54.85 | VWAP: 54.57113960663073 | RSI: 56.28
2025-04-24 18:20:05 - DEBUG - [check_vwap_diff_signal_with_rsi] [NEM] [NEM] Last Candela: VWAP-Low=0.06%, High-VWAP=0.51%
2025-04-24 18:20:05 - DEBUG - [check_vwap_diff_signal_with_rsi] [NEM] No VWAP+RSI signal detected
2025-04-24 18:20:05 - INFO - [_process_ticker] [NEM] ℹ️ No valid signal for NEM
2025-04-24 18:20:05 - INFO - [get_stock_data] [LUV] Requesting data for LUV
2025-04-24 18:20:05 - INFO - [get_stock_data] [LUV] Data received for LUV: 100 rows
2025-04-24 18:20:05 - INFO - [check_vwap_diff_signal_with_rsi] [LUV] Analyzing VWAP reversal signal for LUV
2025-04-24 18:20:05 - INFO - [check_vwap_diff_signal_with_rsi] [LUV] Close: 25.29 | Low: 25.26 | High: 25.37 | VWAP: 25.46857289768206 | RSI: 45.57
2025-04-24 18:20:05 - DEBUG - [check_vwap_diff_signal_with_rsi] [LUV] [LUV] Last Candela: VWAP-Low=0.82%, High-VWAP=-0.39%
2025-04-24 18:20:05 - DEBUG - [check_vwap_diff_signal_with_rsi] [LUV] No VWAP+RSI signal detected
2025-04-24 18:20:05 - INFO - [_process_ticker] [LUV] ℹ️ No valid signal for LUV
2025-04-24 18:20:05 - INFO - [_run_strategy_if_applicable] [N/A] ⏰ Strategy 'EMA_Cross_candle' not executed because it's outside the time window: 16:35:00 - 16:50:00
2025-04-24 18:20:05 - INFO - [_update_active_orders_and_telegram] [N/A] 📊 Updating SL/TP for active orders
2025-04-24 18:20:06 - INFO - [_wait_until_next_iteration] [N/A] ⏳ Sleeping for 53.22 seconds before the next cycle
2025-04-24 18:21:00 - DEBUG - [_process_strategies] [N/A] ⏱ Skipping VWAP_diff_signal_1700_volume, not yet time (every 5m)
2025-04-24 18:21:00 - DEBUG - [_process_strategies] [N/A] ⏱ Skipping SMA_Cross_sma50, not yet time (every 5m)
2025-04-24 18:21:00 - DEBUG - [_process_strategies] [N/A] ⏱ Skipping SMA_Cross_candle, not yet time (every 5m)
2025-04-24 18:21:00 - DEBUG - [_process_strategies] [N/A] ⏱ Skipping EMA_Cross_ema50, not yet time (every 5m)
2025-04-24 18:21:00 - DEBUG - [_process_strategies] [N/A] ⏱ Skipping VWAP_diff_signal_1700, not yet time (every 5m)
2025-04-24 18:21:00 - DEBUG - [_process_strategies] [N/A] ⏱ Skipping VWAP_diff_signal_rsi_1700, not yet time (every 5m)
2025-04-24 18:21:00 - DEBUG - [_process_strategies] [N/A] ⏱ Skipping EMA_Cross_candle, not yet time (every 5m)
2025-04-24 18:21:00 - INFO - [_update_active_orders_and_telegram] [N/A] 📊 Updating SL/TP for active orders
2025-04-24 18:21:01 - INFO - [_wait_until_next_iteration] [N/A] ⏳ Sleeping for 58.92 seconds before the next cycle
2025-04-24 18:22:00 - DEBUG - [_process_strategies] [N/A] ⏱ Skipping VWAP_diff_signal_1700_volume, not yet time (every 5m)
2025-04-24 18:22:00 - DEBUG - [_process_strategies] [N/A] ⏱ Skipping SMA_Cross_sma50, not yet time (every 5m)
2025-04-24 18:22:00 - DEBUG - [_process_strategies] [N/A] ⏱ Skipping SMA_Cross_candle, not yet time (every 5m)
2025-04-24 18:22:00 - DEBUG - [_process_strategies] [N/A] ⏱ Skipping EMA_Cross_ema50, not yet time (every 5m)
2025-04-24 18:22:00 - DEBUG - [_process_strategies] [N/A] ⏱ Skipping VWAP_diff_signal_1700, not yet time (every 5m)
2025-04-24 18:22:00 - DEBUG - [_process_strategies] [N/A] ⏱ Skipping VWAP_diff_signal_rsi_1700, not yet time (every 5m)
2025-04-24 18:22:00 - DEBUG - [_process_strategies] [N/A] ⏱ Skipping EMA_Cross_candle, not yet time (every 5m)
2025-04-24 18:22:00 - INFO - [_update_active_orders_and_telegram] [N/A] 📊 Updating SL/TP for active orders
2025-04-24 18:22:01 - INFO - [_wait_until_next_iteration] [N/A] ⏳ Sleeping for 58.92 seconds before the next cycle
2025-04-24 18:23:00 - DEBUG - [_process_strategies] [N/A] ⏱ Skipping VWAP_diff_signal_1700_volume, not yet time (every 5m)
2025-04-24 18:23:00 - DEBUG - [_process_strategies] [N/A] ⏱ Skipping SMA_Cross_sma50, not yet time (every 5m)
2025-04-24 18:23:00 - DEBUG - [_process_strategies] [N/A] ⏱ Skipping SMA_Cross_candle, not yet time (every 5m)
2025-04-24 18:23:00 - DEBUG - [_process_strategies] [N/A] ⏱ Skipping EMA_Cross_ema50, not yet time (every 5m)
2025-04-24 18:23:00 - DEBUG - [_process_strategies] [N/A] ⏱ Skipping VWAP_diff_signal_1700, not yet time (every 5m)
2025-04-24 18:23:00 - DEBUG - [_process_strategies] [N/A] ⏱ Skipping VWAP_diff_signal_rsi_1700, not yet time (every 5m)
2025-04-24 18:23:00 - DEBUG - [_process_strategies] [N/A] ⏱ Skipping EMA_Cross_candle, not yet time (every 5m)
2025-04-24 18:23:00 - INFO - [_update_active_orders_and_telegram] [N/A] 📊 Updating SL/TP for active orders
2025-04-24 18:23:01 - INFO - [_wait_until_next_iteration] [N/A] ⏳ Sleeping for 58.90 seconds before the next cycle
2025-04-24 18:24:00 - DEBUG - [_process_strategies] [N/A] ⏱ Skipping VWAP_diff_signal_1700_volume, not yet time (every 5m)
2025-04-24 18:24:00 - DEBUG - [_process_strategies] [N/A] ⏱ Skipping SMA_Cross_sma50, not yet time (every 5m)
2025-04-24 18:24:00 - DEBUG - [_process_strategies] [N/A] ⏱ Skipping SMA_Cross_candle, not yet time (every 5m)
2025-04-24 18:24:00 - DEBUG - [_process_strategies] [N/A] ⏱ Skipping EMA_Cross_ema50, not yet time (every 5m)
2025-04-24 18:24:00 - DEBUG - [_process_strategies] [N/A] ⏱ Skipping VWAP_diff_signal_1700, not yet time (every 5m)
2025-04-24 18:24:00 - DEBUG - [_process_strategies] [N/A] ⏱ Skipping VWAP_diff_signal_rsi_1700, not yet time (every 5m)
2025-04-24 18:24:00 - DEBUG - [_process_strategies] [N/A] ⏱ Skipping EMA_Cross_candle, not yet time (every 5m)
2025-04-24 18:24:00 - INFO - [_update_active_orders_and_telegram] [N/A] 📊 Updating SL/TP for active orders
2025-04-24 18:24:01 - INFO - [_wait_until_next_iteration] [N/A] ⏳ Sleeping for 58.92 seconds before the next cycle
2025-04-24 18:25:00 - INFO - [_run_strategy_if_applicable] [N/A] 🔄 Starting trading loop for strategy: VWAP_diff_signal_1700_volume
2025-04-24 18:25:00 - DEBUG - [_process_ticker] [GEN] 🚫 Trade not allowed for GEN (limit reached)
2025-04-24 18:25:00 - DEBUG - [_process_ticker] [HPQ] 🚫 Trade not allowed for HPQ (limit reached)
2025-04-24 18:25:00 - INFO - [get_stock_data] [INTC] Requesting data for INTC
2025-04-24 18:25:00 - INFO - [get_stock_data] [INTC] Data received for INTC: 101 rows
2025-04-24 18:25:00 - INFO - [check_vwap_diff_signal_with_volume] [INTC] Analyzing VWAP reversal signal for INTC
2025-04-24 18:25:00 - INFO - [check_vwap_diff_signal_with_volume] [INTC] Close: 21.2 | Low: 21.15 | High: 21.22 | VWAP: 21.15165691291827 | Volume Ratio: 0.79
2025-04-24 18:25:00 - DEBUG - [check_vwap_diff_signal_with_volume] [INTC] [INTC] Last Candle: VWAP-Low=0.01%, High-VWAP=0.32%
2025-04-24 18:25:00 - DEBUG - [check_vwap_diff_signal_with_volume] [INTC] No VWAP+VolumeRatio signal detected
2025-04-24 18:25:00 - INFO - [_process_ticker] [INTC] ℹ️ No valid signal for INTC
2025-04-24 18:25:00 - INFO - [get_stock_data] [RF] Requesting data for RF
2025-04-24 18:25:01 - INFO - [get_stock_data] [RF] Data received for RF: 101 rows
2025-04-24 18:25:01 - INFO - [check_vwap_diff_signal_with_volume] [RF] Analyzing VWAP reversal signal for RF
2025-04-24 18:25:01 - INFO - [check_vwap_diff_signal_with_volume] [RF] Close: 20.2 | Low: 20.18 | High: 20.21 | VWAP: 20.119856116069457 | Volume Ratio: 0.69
2025-04-24 18:25:01 - DEBUG - [check_vwap_diff_signal_with_volume] [RF] [RF] Last Candle: VWAP-Low=-0.30%, High-VWAP=0.45%
2025-04-24 18:25:01 - DEBUG - [check_vwap_diff_signal_with_volume] [RF] No VWAP+VolumeRatio signal detected
2025-04-24 18:25:01 - INFO - [_process_ticker] [RF] ℹ️ No valid signal for RF
2025-04-24 18:25:01 - INFO - [_run_strategy_if_applicable] [N/A] ⏰ Strategy 'SMA_Cross_sma50' not executed because it's outside the time window: 16:35:00 - 16:50:00
2025-04-24 18:25:01 - INFO - [_run_strategy_if_applicable] [N/A] ⏰ Strategy 'SMA_Cross_candle' not executed because it's outside the time window: 16:35:00 - 16:50:00
2025-04-24 18:25:01 - INFO - [_run_strategy_if_applicable] [N/A] ⏰ Strategy 'EMA_Cross_ema50' not executed because it's outside the time window: 16:35:00 - 16:50:00
2025-04-24 18:25:01 - INFO - [_run_strategy_if_applicable] [N/A] 🔄 Starting trading loop for strategy: VWAP_diff_signal_1700
2025-04-24 18:25:01 - INFO - [get_stock_data] [CZR] Requesting data for CZR
2025-04-24 18:25:01 - INFO - [get_stock_data] [CZR] Data received for CZR: 101 rows
2025-04-24 18:25:01 - INFO - [check_vwap_diff_signal] [CZR] Analyzing VWAP reversal signal for CZR
2025-04-24 18:25:01 - INFO - [check_vwap_diff_signal] [CZR] Close: 26.87 | Low: 26.84 | High: 26.92 | VWAP: 26.74238257588148
2025-04-24 18:25:01 - DEBUG - [check_vwap_diff_signal] [CZR] [CZR] Last Candela: VWAP-Low=-0.37%, High-VWAP=0.66%
2025-04-24 18:25:01 - DEBUG - [check_vwap_diff_signal] [CZR] No VWAP signal detected
2025-04-24 18:25:01 - INFO - [_process_ticker] [CZR] ℹ️ No valid signal for CZR
2025-04-24 18:25:01 - INFO - [get_stock_data] [MTCH] Requesting data for MTCH
2025-04-24 18:25:02 - INFO - [get_stock_data] [MTCH] Data received for MTCH: 101 rows
2025-04-24 18:25:02 - INFO - [check_vwap_diff_signal] [MTCH] Analyzing VWAP reversal signal for MTCH
2025-04-24 18:25:02 - INFO - [check_vwap_diff_signal] [MTCH] Close: 29.83 | Low: 29.81 | High: 29.88 | VWAP: 29.8492647480805
2025-04-24 18:25:02 - DEBUG - [check_vwap_diff_signal] [MTCH] [MTCH] Last Candela: VWAP-Low=0.13%, High-VWAP=0.10%
2025-04-24 18:25:02 - DEBUG - [check_vwap_diff_signal] [MTCH] No VWAP signal detected
2025-04-24 18:25:02 - INFO - [_process_ticker] [MTCH] ℹ️ No valid signal for MTCH
2025-04-24 18:25:02 - INFO - [get_stock_data] [NCHL] Requesting data for NCHL
2025-04-24 18:25:02 - ERROR - [get_stock_data] [NCHL] Error retrieving data: 'NoneType' object has no attribute 'empty'
2025-04-24 18:25:02 - INFO - [get_stock_data] [HBAN] Requesting data for HBAN
2025-04-24 18:25:03 - INFO - [get_stock_data] [HBAN] Data received for HBAN: 101 rows
2025-04-24 18:25:03 - INFO - [check_vwap_diff_signal] [HBAN] Analyzing VWAP reversal signal for HBAN
2025-04-24 18:25:03 - INFO - [check_vwap_diff_signal] [HBAN] Close: 14.37 | Low: 14.34 | High: 14.37 | VWAP: 14.311947441403598
2025-04-24 18:25:03 - DEBUG - [check_vwap_diff_signal] [HBAN] [HBAN] Last Candela: VWAP-Low=-0.20%, High-VWAP=0.41%
2025-04-24 18:25:03 - DEBUG - [check_vwap_diff_signal] [HBAN] No VWAP signal detected
2025-04-24 18:25:03 - INFO - [_process_ticker] [HBAN] ℹ️ No valid signal for HBAN
2025-04-24 18:25:03 - INFO - [get_stock_data] [MRNA] Requesting data for MRNA
2025-04-24 18:25:03 - INFO - [get_stock_data] [MRNA] Data received for MRNA: 101 rows
2025-04-24 18:25:03 - INFO - [check_vwap_diff_signal] [MRNA] Analyzing VWAP reversal signal for MRNA
2025-04-24 18:25:03 - INFO - [check_vwap_diff_signal] [MRNA] Close: 26.68 | Low: 26.67 | High: 26.75 | VWAP: 26.597907119358823
2025-04-24 18:25:03 - DEBUG - [check_vwap_diff_signal] [MRNA] [MRNA] Last Candela: VWAP-Low=-0.27%, High-VWAP=0.57%
2025-04-24 18:25:03 - DEBUG - [check_vwap_diff_signal] [MRNA] No VWAP signal detected
2025-04-24 18:25:03 - INFO - [_process_ticker] [MRNA] ℹ️ No valid signal for MRNA
2025-04-24 18:25:03 - DEBUG - [_process_ticker] [WBD] 🚫 Trade not allowed for WBD (limit reached)
2025-04-24 18:25:03 - INFO - [get_stock_data] [CMCSA] Requesting data for CMCSA
2025-04-24 18:25:04 - INFO - [get_stock_data] [CMCSA] Data received for CMCSA: 101 rows
2025-04-24 18:25:04 - INFO - [check_vwap_diff_signal] [CMCSA] Analyzing VWAP reversal signal for CMCSA
2025-04-24 18:25:04 - INFO - [check_vwap_diff_signal] [CMCSA] Close: 32.8 | Low: 32.8 | High: 32.92 | VWAP: 32.78990990205637
2025-04-24 18:25:04 - DEBUG - [check_vwap_diff_signal] [CMCSA] [CMCSA] Last Candela: VWAP-Low=-0.03%, High-VWAP=0.40%
2025-04-24 18:25:04 - DEBUG - [check_vwap_diff_signal] [CMCSA] No VWAP signal detected
2025-04-24 18:25:04 - INFO - [_process_ticker] [CMCSA] ℹ️ No valid signal for CMCSA
2025-04-24 18:25:04 - INFO - [_run_strategy_if_applicable] [N/A] 🔄 Starting trading loop for strategy: VWAP_diff_signal_rsi_1700
2025-04-24 18:25:04 - DEBUG - [_process_ticker] [IVZ] 🚫 Trade not allowed for IVZ (limit reached)
2025-04-24 18:25:04 - DEBUG - [_process_ticker] [FCX] 🚫 Trade not allowed for FCX (limit reached)
2025-04-24 18:25:04 - INFO - [get_stock_data] [HST] Requesting data for HST
2025-04-24 18:25:04 - INFO - [get_stock_data] [HST] Data received for HST: 101 rows
2025-04-24 18:25:04 - INFO - [check_vwap_diff_signal_with_rsi] [HST] Analyzing VWAP reversal signal for HST
2025-04-24 18:25:04 - INFO - [check_vwap_diff_signal_with_rsi] [HST] Close: 13.86 | Low: 13.86 | High: 13.88 | VWAP: 13.791168677192537 | RSI: 55.10
2025-04-24 18:25:04 - DEBUG - [check_vwap_diff_signal_with_rsi] [HST] [HST] Last Candela: VWAP-Low=-0.50%, High-VWAP=0.64%
2025-04-24 18:25:04 - DEBUG - [check_vwap_diff_signal_with_rsi] [HST] No VWAP+RSI signal detected
2025-04-24 18:25:04 - INFO - [_process_ticker] [HST] ℹ️ No valid signal for HST
2025-04-24 18:25:04 - DEBUG - [_process_ticker] [IVZ] 🚫 Trade not allowed for IVZ (limit reached)
2025-04-24 18:25:04 - INFO - [get_stock_data] [NEM] Requesting data for NEM
2025-04-24 18:25:05 - INFO - [get_stock_data] [NEM] Data received for NEM: 101 rows
2025-04-24 18:25:05 - INFO - [check_vwap_diff_signal_with_rsi] [NEM] Analyzing VWAP reversal signal for NEM
2025-04-24 18:25:05 - INFO - [check_vwap_diff_signal_with_rsi] [NEM] Close: 54.56 | Low: 54.45 | High: 54.59 | VWAP: 54.57093862353977 | RSI: 56.54
2025-04-24 18:25:05 - DEBUG - [check_vwap_diff_signal_with_rsi] [NEM] [NEM] Last Candela: VWAP-Low=0.22%, High-VWAP=0.03%
2025-04-24 18:25:05 - DEBUG - [check_vwap_diff_signal_with_rsi] [NEM] No VWAP+RSI signal detected
2025-04-24 18:25:05 - INFO - [_process_ticker] [NEM] ℹ️ No valid signal for NEM
2025-04-24 18:25:05 - INFO - [get_stock_data] [LUV] Requesting data for LUV
2025-04-24 18:25:05 - INFO - [get_stock_data] [LUV] Data received for LUV: 102 rows
2025-04-24 18:25:05 - INFO - [check_vwap_diff_signal_with_rsi] [LUV] Analyzing VWAP reversal signal for LUV
2025-04-24 18:25:05 - INFO - [check_vwap_diff_signal_with_rsi] [LUV] Close: 25.23 | Low: 25.22 | High: 25.23 | VWAP: 25.4660440694138 | RSI: 43.30
2025-04-24 18:25:05 - DEBUG - [check_vwap_diff_signal_with_rsi] [LUV] [LUV] Last Candela: VWAP-Low=0.97%, High-VWAP=-0.93%
2025-04-24 18:25:05 - DEBUG - [check_vwap_diff_signal_with_rsi] [LUV] No VWAP+RSI signal detected
2025-04-24 18:25:05 - INFO - [_process_ticker] [LUV] ℹ️ No valid signal for LUV
2025-04-24 18:25:05 - INFO - [_run_strategy_if_applicable] [N/A] ⏰ Strategy 'EMA_Cross_candle' not executed because it's outside the time window: 16:35:00 - 16:50:00
2025-04-24 18:25:05 - INFO - [_update_active_orders_and_telegram] [N/A] 📊 Updating SL/TP for active orders
2025-04-24 18:25:07 - INFO - [_wait_until_next_iteration] [N/A] ⏳ Sleeping for 52.99 seconds before the next cycle
2025-04-24 18:26:00 - DEBUG - [_process_strategies] [N/A] ⏱ Skipping VWAP_diff_signal_1700_volume, not yet time (every 5m)
2025-04-24 18:26:00 - DEBUG - [_process_strategies] [N/A] ⏱ Skipping SMA_Cross_sma50, not yet time (every 5m)
2025-04-24 18:26:00 - DEBUG - [_process_strategies] [N/A] ⏱ Skipping SMA_Cross_candle, not yet time (every 5m)
2025-04-24 18:26:00 - DEBUG - [_process_strategies] [N/A] ⏱ Skipping EMA_Cross_ema50, not yet time (every 5m)
2025-04-24 18:26:00 - DEBUG - [_process_strategies] [N/A] ⏱ Skipping VWAP_diff_signal_1700, not yet time (every 5m)
2025-04-24 18:26:00 - DEBUG - [_process_strategies] [N/A] ⏱ Skipping VWAP_diff_signal_rsi_1700, not yet time (every 5m)
2025-04-24 18:26:00 - DEBUG - [_process_strategies] [N/A] ⏱ Skipping EMA_Cross_candle, not yet time (every 5m)
2025-04-24 18:26:00 - INFO - [_update_active_orders_and_telegram] [N/A] 📊 Updating SL/TP for active orders
2025-04-24 18:26:01 - INFO - [_wait_until_next_iteration] [N/A] ⏳ Sleeping for 58.92 seconds before the next cycle
2025-04-24 18:27:00 - DEBUG - [_process_strategies] [N/A] ⏱ Skipping VWAP_diff_signal_1700_volume, not yet time (every 5m)
2025-04-24 18:27:00 - DEBUG - [_process_strategies] [N/A] ⏱ Skipping SMA_Cross_sma50, not yet time (every 5m)
2025-04-24 18:27:00 - DEBUG - [_process_strategies] [N/A] ⏱ Skipping SMA_Cross_candle, not yet time (every 5m)
2025-04-24 18:27:00 - DEBUG - [_process_strategies] [N/A] ⏱ Skipping EMA_Cross_ema50, not yet time (every 5m)
2025-04-24 18:27:00 - DEBUG - [_process_strategies] [N/A] ⏱ Skipping VWAP_diff_signal_1700, not yet time (every 5m)
2025-04-24 18:27:00 - DEBUG - [_process_strategies] [N/A] ⏱ Skipping VWAP_diff_signal_rsi_1700, not yet time (every 5m)
2025-04-24 18:27:00 - DEBUG - [_process_strategies] [N/A] ⏱ Skipping EMA_Cross_candle, not yet time (every 5m)
2025-04-24 18:27:00 - INFO - [_update_active_orders_and_telegram] [N/A] 📊 Updating SL/TP for active orders
2025-04-24 18:27:01 - INFO - [_wait_until_next_iteration] [N/A] ⏳ Sleeping for 58.93 seconds before the next cycle
2025-04-24 18:28:00 - DEBUG - [_process_strategies] [N/A] ⏱ Skipping VWAP_diff_signal_1700_volume, not yet time (every 5m)
2025-04-24 18:28:00 - DEBUG - [_process_strategies] [N/A] ⏱ Skipping SMA_Cross_sma50, not yet time (every 5m)
2025-04-24 18:28:00 - DEBUG - [_process_strategies] [N/A] ⏱ Skipping SMA_Cross_candle, not yet time (every 5m)
2025-04-24 18:28:00 - DEBUG - [_process_strategies] [N/A] ⏱ Skipping EMA_Cross_ema50, not yet time (every 5m)
2025-04-24 18:28:00 - DEBUG - [_process_strategies] [N/A] ⏱ Skipping VWAP_diff_signal_1700, not yet time (every 5m)
2025-04-24 18:28:00 - DEBUG - [_process_strategies] [N/A] ⏱ Skipping VWAP_diff_signal_rsi_1700, not yet time (every 5m)
2025-04-24 18:28:00 - DEBUG - [_process_strategies] [N/A] ⏱ Skipping EMA_Cross_candle, not yet time (every 5m)
2025-04-24 18:28:00 - INFO - [_update_active_orders_and_telegram] [N/A] 📊 Updating SL/TP for active orders
2025-04-24 18:28:01 - INFO - [_wait_until_next_iteration] [N/A] ⏳ Sleeping for 58.92 seconds before the next cycle
2025-04-24 18:29:00 - DEBUG - [_process_strategies] [N/A] ⏱ Skipping VWAP_diff_signal_1700_volume, not yet time (every 5m)
2025-04-24 18:29:00 - DEBUG - [_process_strategies] [N/A] ⏱ Skipping SMA_Cross_sma50, not yet time (every 5m)
2025-04-24 18:29:00 - DEBUG - [_process_strategies] [N/A] ⏱ Skipping SMA_Cross_candle, not yet time (every 5m)
2025-04-24 18:29:00 - DEBUG - [_process_strategies] [N/A] ⏱ Skipping EMA_Cross_ema50, not yet time (every 5m)
2025-04-24 18:29:00 - DEBUG - [_process_strategies] [N/A] ⏱ Skipping VWAP_diff_signal_1700, not yet time (every 5m)
2025-04-24 18:29:00 - DEBUG - [_process_strategies] [N/A] ⏱ Skipping VWAP_diff_signal_rsi_1700, not yet time (every 5m)
2025-04-24 18:29:00 - DEBUG - [_process_strategies] [N/A] ⏱ Skipping EMA_Cross_candle, not yet time (every 5m)
2025-04-24 18:29:00 - INFO - [_update_active_orders_and_telegram] [N/A] 📊 Updating SL/TP for active orders
2025-04-24 18:29:01 - INFO - [_wait_until_next_iteration] [N/A] ⏳ Sleeping for 58.93 seconds before the next cycle
2025-04-24 18:30:00 - INFO - [_run_strategy_if_applicable] [N/A] 🔄 Starting trading loop for strategy: VWAP_diff_signal_1700_volume
2025-04-24 18:30:00 - DEBUG - [_process_ticker] [GEN] 🚫 Trade not allowed for GEN (limit reached)
2025-04-24 18:30:00 - DEBUG - [_process_ticker] [HPQ] 🚫 Trade not allowed for HPQ (limit reached)
2025-04-24 18:30:00 - INFO - [get_stock_data] [INTC] Requesting data for INTC
2025-04-24 18:30:00 - INFO - [get_stock_data] [INTC] Data received for INTC: 102 rows
2025-04-24 18:30:00 - INFO - [check_vwap_diff_signal_with_volume] [INTC] Analyzing VWAP reversal signal for INTC
2025-04-24 18:30:00 - INFO - [check_vwap_diff_signal_with_volume] [INTC] Close: 21.12 | Low: 21.11 | High: 21.2 | VWAP: 21.151035089956252 | Volume Ratio: 0.60
2025-04-24 18:30:00 - DEBUG - [check_vwap_diff_signal_with_volume] [INTC] [INTC] Last Candle: VWAP-Low=0.19%, High-VWAP=0.23%
2025-04-24 18:30:00 - DEBUG - [check_vwap_diff_signal_with_volume] [INTC] No VWAP+VolumeRatio signal detected
2025-04-24 18:30:00 - INFO - [_process_ticker] [INTC] ℹ️ No valid signal for INTC
2025-04-24 18:30:00 - INFO - [get_stock_data] [RF] Requesting data for RF
2025-04-24 18:30:01 - INFO - [get_stock_data] [RF] Data received for RF: 102 rows
2025-04-24 18:30:01 - INFO - [check_vwap_diff_signal_with_volume] [RF] Analyzing VWAP reversal signal for RF
2025-04-24 18:30:01 - INFO - [check_vwap_diff_signal_with_volume] [RF] Close: 20.2 | Low: 20.19 | High: 20.23 | VWAP: 20.124860833260847 | Volume Ratio: 1.53
2025-04-24 18:30:01 - DEBUG - [check_vwap_diff_signal_with_volume] [RF] [RF] Last Candle: VWAP-Low=-0.32%, High-VWAP=0.52%
2025-04-24 18:30:01 - DEBUG - [check_vwap_diff_signal_with_volume] [RF] No VWAP+VolumeRatio signal detected
2025-04-24 18:30:01 - INFO - [_process_ticker] [RF] ℹ️ No valid signal for RF
2025-04-24 18:30:01 - INFO - [_run_strategy_if_applicable] [N/A] ⏰ Strategy 'SMA_Cross_sma50' not executed because it's outside the time window: 16:35:00 - 16:50:00
2025-04-24 18:30:01 - INFO - [_run_strategy_if_applicable] [N/A] ⏰ Strategy 'SMA_Cross_candle' not executed because it's outside the time window: 16:35:00 - 16:50:00
2025-04-24 18:30:01 - INFO - [_run_strategy_if_applicable] [N/A] ⏰ Strategy 'EMA_Cross_ema50' not executed because it's outside the time window: 16:35:00 - 16:50:00
2025-04-24 18:30:01 - INFO - [_run_strategy_if_applicable] [N/A] 🔄 Starting trading loop for strategy: VWAP_diff_signal_1700
2025-04-24 18:30:01 - INFO - [get_stock_data] [CZR] Requesting data for CZR
2025-04-24 18:30:02 - INFO - [get_stock_data] [CZR] Data received for CZR: 102 rows
2025-04-24 18:30:02 - INFO - [check_vwap_diff_signal] [CZR] Analyzing VWAP reversal signal for CZR
2025-04-24 18:30:02 - INFO - [check_vwap_diff_signal] [CZR] Close: 26.89 | Low: 26.82 | High: 26.91 | VWAP: 26.74793312908982
2025-04-24 18:30:02 - DEBUG - [check_vwap_diff_signal] [CZR] [CZR] Last Candela: VWAP-Low=-0.27%, High-VWAP=0.61%
2025-04-24 18:30:02 - DEBUG - [check_vwap_diff_signal] [CZR] No VWAP signal detected
2025-04-24 18:30:02 - INFO - [_process_ticker] [CZR] ℹ️ No valid signal for CZR
2025-04-24 18:30:02 - INFO - [get_stock_data] [MTCH] Requesting data for MTCH
2025-04-24 18:30:02 - INFO - [get_stock_data] [MTCH] Data received for MTCH: 102 rows
2025-04-24 18:30:02 - INFO - [check_vwap_diff_signal] [MTCH] Analyzing VWAP reversal signal for MTCH
2025-04-24 18:30:02 - INFO - [check_vwap_diff_signal] [MTCH] Close: 29.79 | Low: 29.77 | High: 29.85 | VWAP: 29.84775480113324
2025-04-24 18:30:02 - DEBUG - [check_vwap_diff_signal] [MTCH] [MTCH] Last Candela: VWAP-Low=0.26%, High-VWAP=0.01%
2025-04-24 18:30:02 - DEBUG - [check_vwap_diff_signal] [MTCH] No VWAP signal detected
2025-04-24 18:30:02 - INFO - [_process_ticker] [MTCH] ℹ️ No valid signal for MTCH
2025-04-24 18:30:02 - INFO - [get_stock_data] [NCHL] Requesting data for NCHL
2025-04-24 18:30:03 - ERROR - [get_stock_data] [NCHL] Error retrieving data: 'NoneType' object has no attribute 'empty'
2025-04-24 18:30:03 - INFO - [get_stock_data] [HBAN] Requesting data for HBAN
2025-04-24 18:30:04 - INFO - [get_stock_data] [HBAN] Data received for HBAN: 102 rows
2025-04-24 18:30:04 - INFO - [check_vwap_diff_signal] [HBAN] Analyzing VWAP reversal signal for HBAN
2025-04-24 18:30:04 - INFO - [check_vwap_diff_signal] [HBAN] Close: 14.37 | Low: 14.35 | High: 14.39 | VWAP: 14.315237519241744
2025-04-24 18:30:04 - DEBUG - [check_vwap_diff_signal] [HBAN] [HBAN] Last Candela: VWAP-Low=-0.24%, High-VWAP=0.52%
2025-04-24 18:30:04 - DEBUG - [check_vwap_diff_signal] [HBAN] No VWAP signal detected
2025-04-24 18:30:04 - INFO - [_process_ticker] [HBAN] ℹ️ No valid signal for HBAN
2025-04-24 18:30:04 - INFO - [get_stock_data] [MRNA] Requesting data for MRNA
2025-04-24 18:30:04 - INFO - [get_stock_data] [MRNA] Data received for MRNA: 102 rows
2025-04-24 18:30:04 - INFO - [check_vwap_diff_signal] [MRNA] Analyzing VWAP reversal signal for MRNA
2025-04-24 18:30:04 - INFO - [check_vwap_diff_signal] [MRNA] Close: 26.62 | Low: 26.6 | High: 26.69 | VWAP: 26.598246527168133
2025-04-24 18:30:04 - DEBUG - [check_vwap_diff_signal] [MRNA] [MRNA] Last Candela: VWAP-Low=-0.01%, High-VWAP=0.34%
2025-04-24 18:30:04 - DEBUG - [check_vwap_diff_signal] [MRNA] No VWAP signal detected
2025-04-24 18:30:04 - INFO - [_process_ticker] [MRNA] ℹ️ No valid signal for MRNA
2025-04-24 18:30:04 - DEBUG - [_process_ticker] [WBD] 🚫 Trade not allowed for WBD (limit reached)
2025-04-24 18:30:04 - INFO - [get_stock_data] [CMCSA] Requesting data for CMCSA
2025-04-24 18:30:05 - INFO - [get_stock_data] [CMCSA] Data received for CMCSA: 102 rows
2025-04-24 18:30:05 - INFO - [check_vwap_diff_signal] [CMCSA] Analyzing VWAP reversal signal for CMCSA
2025-04-24 18:30:05 - INFO - [check_vwap_diff_signal] [CMCSA] Close: 32.82 | Low: 32.76 | High: 32.85 | VWAP: 32.790291796034246
2025-04-24 18:30:05 - DEBUG - [check_vwap_diff_signal] [CMCSA] [CMCSA] Last Candela: VWAP-Low=0.09%, High-VWAP=0.18%
2025-04-24 18:30:05 - DEBUG - [check_vwap_diff_signal] [CMCSA] No VWAP signal detected
2025-04-24 18:30:05 - INFO - [_process_ticker] [CMCSA] ℹ️ No valid signal for CMCSA
2025-04-24 18:30:05 - INFO - [_run_strategy_if_applicable] [N/A] 🔄 Starting trading loop for strategy: VWAP_diff_signal_rsi_1700
2025-04-24 18:30:05 - DEBUG - [_process_ticker] [IVZ] 🚫 Trade not allowed for IVZ (limit reached)
2025-04-24 18:30:05 - DEBUG - [_process_ticker] [FCX] 🚫 Trade not allowed for FCX (limit reached)
2025-04-24 18:30:05 - INFO - [get_stock_data] [HST] Requesting data for HST
2025-04-24 18:30:05 - INFO - [get_stock_data] [HST] Data received for HST: 102 rows
2025-04-24 18:30:05 - INFO - [check_vwap_diff_signal_with_rsi] [HST] Analyzing VWAP reversal signal for HST
2025-04-24 18:30:05 - INFO - [check_vwap_diff_signal_with_rsi] [HST] Close: 13.85 | Low: 13.83 | High: 13.87 | VWAP: 13.792556538357394 | RSI: 53.26
2025-04-24 18:30:05 - DEBUG - [check_vwap_diff_signal_with_rsi] [HST] [HST] Last Candela: VWAP-Low=-0.27%, High-VWAP=0.56%
2025-04-24 18:30:05 - DEBUG - [check_vwap_diff_signal_with_rsi] [HST] No VWAP+RSI signal detected
2025-04-24 18:30:05 - INFO - [_process_ticker] [HST] ℹ️ No valid signal for HST
2025-04-24 18:30:05 - DEBUG - [_process_ticker] [IVZ] 🚫 Trade not allowed for IVZ (limit reached)
2025-04-24 18:30:05 - INFO - [get_stock_data] [NEM] Requesting data for NEM
2025-04-24 18:30:06 - INFO - [get_stock_data] [NEM] Data received for NEM: 103 rows
2025-04-24 18:30:06 - INFO - [check_vwap_diff_signal_with_rsi] [NEM] Analyzing VWAP reversal signal for NEM
2025-04-24 18:30:06 - INFO - [check_vwap_diff_signal_with_rsi] [NEM] Close: 54.62 | Low: 54.6 | High: 54.62 | VWAP: 54.57212389698066 | RSI: 58.02
2025-04-24 18:30:06 - DEBUG - [check_vwap_diff_signal_with_rsi] [NEM] [NEM] Last Candela: VWAP-Low=-0.05%, High-VWAP=0.09%
2025-04-24 18:30:06 - DEBUG - [check_vwap_diff_signal_with_rsi] [NEM] No VWAP+RSI signal detected
2025-04-24 18:30:06 - INFO - [_process_ticker] [NEM] ℹ️ No valid signal for NEM
2025-04-24 18:30:06 - INFO - [get_stock_data] [LUV] Requesting data for LUV
2025-04-24 18:30:06 - INFO - [get_stock_data] [LUV] Data received for LUV: 103 rows
2025-04-24 18:30:06 - INFO - [check_vwap_diff_signal_with_rsi] [LUV] Analyzing VWAP reversal signal for LUV
2025-04-24 18:30:06 - INFO - [check_vwap_diff_signal_with_rsi] [LUV] Close: 25.23 | Low: 25.23 | High: 25.23 | VWAP: 25.463170552802385 | RSI: 43.39
2025-04-24 18:30:06 - DEBUG - [check_vwap_diff_signal_with_rsi] [LUV] [LUV] Last Candela: VWAP-Low=0.92%, High-VWAP=-0.92%
2025-04-24 18:30:06 - DEBUG - [check_vwap_diff_signal_with_rsi] [LUV] No VWAP+RSI signal detected
2025-04-24 18:30:06 - INFO - [_process_ticker] [LUV] ℹ️ No valid signal for LUV
2025-04-24 18:30:06 - INFO - [_run_strategy_if_applicable] [N/A] ⏰ Strategy 'EMA_Cross_candle' not executed because it's outside the time window: 16:35:00 - 16:50:00
2025-04-24 18:30:06 - INFO - [_update_active_orders_and_telegram] [N/A] 📊 Updating SL/TP for active orders
2025-04-24 18:30:08 - INFO - [_wait_until_next_iteration] [N/A] ⏳ Sleeping for 52.00 seconds before the next cycle
2025-04-24 18:31:00 - DEBUG - [_process_strategies] [N/A] ⏱ Skipping VWAP_diff_signal_1700_volume, not yet time (every 5m)
2025-04-24 18:31:00 - DEBUG - [_process_strategies] [N/A] ⏱ Skipping SMA_Cross_sma50, not yet time (every 5m)
2025-04-24 18:31:00 - DEBUG - [_process_strategies] [N/A] ⏱ Skipping SMA_Cross_candle, not yet time (every 5m)
2025-04-24 18:31:00 - DEBUG - [_process_strategies] [N/A] ⏱ Skipping EMA_Cross_ema50, not yet time (every 5m)
2025-04-24 18:31:00 - DEBUG - [_process_strategies] [N/A] ⏱ Skipping VWAP_diff_signal_1700, not yet time (every 5m)
2025-04-24 18:31:00 - DEBUG - [_process_strategies] [N/A] ⏱ Skipping VWAP_diff_signal_rsi_1700, not yet time (every 5m)
2025-04-24 18:31:00 - DEBUG - [_process_strategies] [N/A] ⏱ Skipping EMA_Cross_candle, not yet time (every 5m)
2025-04-24 18:31:00 - INFO - [_update_active_orders_and_telegram] [N/A] 📊 Updating SL/TP for active orders
2025-04-24 18:31:01 - INFO - [_wait_until_next_iteration] [N/A] ⏳ Sleeping for 58.93 seconds before the next cycle
2025-04-24 18:32:00 - DEBUG - [_process_strategies] [N/A] ⏱ Skipping VWAP_diff_signal_1700_volume, not yet time (every 5m)
2025-04-24 18:32:00 - DEBUG - [_process_strategies] [N/A] ⏱ Skipping SMA_Cross_sma50, not yet time (every 5m)
2025-04-24 18:32:00 - DEBUG - [_process_strategies] [N/A] ⏱ Skipping SMA_Cross_candle, not yet time (every 5m)
2025-04-24 18:32:00 - DEBUG - [_process_strategies] [N/A] ⏱ Skipping EMA_Cross_ema50, not yet time (every 5m)
2025-04-24 18:32:00 - DEBUG - [_process_strategies] [N/A] ⏱ Skipping VWAP_diff_signal_1700, not yet time (every 5m)
2025-04-24 18:32:00 - DEBUG - [_process_strategies] [N/A] ⏱ Skipping VWAP_diff_signal_rsi_1700, not yet time (every 5m)
2025-04-24 18:32:00 - DEBUG - [_process_strategies] [N/A] ⏱ Skipping EMA_Cross_candle, not yet time (every 5m)
2025-04-24 18:32:00 - INFO - [_update_active_orders_and_telegram] [N/A] 📊 Updating SL/TP for active orders
2025-04-24 18:32:01 - INFO - [_wait_until_next_iteration] [N/A] ⏳ Sleeping for 58.92 seconds before the next cycle
2025-04-24 18:33:00 - DEBUG - [_process_strategies] [N/A] ⏱ Skipping VWAP_diff_signal_1700_volume, not yet time (every 5m)
2025-04-24 18:33:00 - DEBUG - [_process_strategies] [N/A] ⏱ Skipping SMA_Cross_sma50, not yet time (every 5m)
2025-04-24 18:33:00 - DEBUG - [_process_strategies] [N/A] ⏱ Skipping SMA_Cross_candle, not yet time (every 5m)
2025-04-24 18:33:00 - DEBUG - [_process_strategies] [N/A] ⏱ Skipping EMA_Cross_ema50, not yet time (every 5m)
2025-04-24 18:33:00 - DEBUG - [_process_strategies] [N/A] ⏱ Skipping VWAP_diff_signal_1700, not yet time (every 5m)
2025-04-24 18:33:00 - DEBUG - [_process_strategies] [N/A] ⏱ Skipping VWAP_diff_signal_rsi_1700, not yet time (every 5m)
2025-04-24 18:33:00 - DEBUG - [_process_strategies] [N/A] ⏱ Skipping EMA_Cross_candle, not yet time (every 5m)
2025-04-24 18:33:00 - INFO - [_update_active_orders_and_telegram] [N/A] 📊 Updating SL/TP for active orders
2025-04-24 18:33:01 - INFO - [_wait_until_next_iteration] [N/A] ⏳ Sleeping for 58.92 seconds before the next cycle
2025-04-24 18:34:00 - DEBUG - [_process_strategies] [N/A] ⏱ Skipping VWAP_diff_signal_1700_volume, not yet time (every 5m)
2025-04-24 18:34:00 - DEBUG - [_process_strategies] [N/A] ⏱ Skipping SMA_Cross_sma50, not yet time (every 5m)
2025-04-24 18:34:00 - DEBUG - [_process_strategies] [N/A] ⏱ Skipping SMA_Cross_candle, not yet time (every 5m)
2025-04-24 18:34:00 - DEBUG - [_process_strategies] [N/A] ⏱ Skipping EMA_Cross_ema50, not yet time (every 5m)
2025-04-24 18:34:00 - DEBUG - [_process_strategies] [N/A] ⏱ Skipping VWAP_diff_signal_1700, not yet time (every 5m)
2025-04-24 18:34:00 - DEBUG - [_process_strategies] [N/A] ⏱ Skipping VWAP_diff_signal_rsi_1700, not yet time (every 5m)
2025-04-24 18:34:00 - DEBUG - [_process_strategies] [N/A] ⏱ Skipping EMA_Cross_candle, not yet time (every 5m)
2025-04-24 18:34:00 - INFO - [_update_active_orders_and_telegram] [N/A] 📊 Updating SL/TP for active orders
2025-04-24 18:34:01 - INFO - [_wait_until_next_iteration] [N/A] ⏳ Sleeping for 58.92 seconds before the next cycle
2025-04-24 18:35:00 - INFO - [_run_strategy_if_applicable] [N/A] 🔄 Starting trading loop for strategy: VWAP_diff_signal_1700_volume
2025-04-24 18:35:00 - DEBUG - [_process_ticker] [GEN] 🚫 Trade not allowed for GEN (limit reached)
2025-04-24 18:35:00 - DEBUG - [_process_ticker] [HPQ] 🚫 Trade not allowed for HPQ (limit reached)
2025-04-24 18:35:00 - INFO - [get_stock_data] [INTC] Requesting data for INTC
2025-04-24 18:35:00 - INFO - [get_stock_data] [INTC] Data received for INTC: 103 rows
2025-04-24 18:35:00 - INFO - [check_vwap_diff_signal_with_volume] [INTC] Analyzing VWAP reversal signal for INTC
2025-04-24 18:35:00 - INFO - [check_vwap_diff_signal_with_volume] [INTC] Close: 21.19 | Low: 21.08 | High: 21.19 | VWAP: 21.151943301966604 | Volume Ratio: 0.75
2025-04-24 18:35:00 - DEBUG - [check_vwap_diff_signal_with_volume] [INTC] [INTC] Last Candle: VWAP-Low=0.34%, High-VWAP=0.18%
2025-04-24 18:35:00 - DEBUG - [check_vwap_diff_signal_with_volume] [INTC] No VWAP+VolumeRatio signal detected
2025-04-24 18:35:00 - INFO - [_process_ticker] [INTC] ℹ️ No valid signal for INTC
2025-04-24 18:35:00 - INFO - [get_stock_data] [RF] Requesting data for RF
2025-04-24 18:35:01 - INFO - [get_stock_data] [RF] Data received for RF: 103 rows
2025-04-24 18:35:01 - INFO - [check_vwap_diff_signal_with_volume] [RF] Analyzing VWAP reversal signal for RF
2025-04-24 18:35:01 - INFO - [check_vwap_diff_signal_with_volume] [RF] Close: 20.23 | Low: 20.17 | High: 20.23 | VWAP: 20.12722289914074 | Volume Ratio: 0.56
2025-04-24 18:35:01 - DEBUG - [check_vwap_diff_signal_with_volume] [RF] [RF] Last Candle: VWAP-Low=-0.21%, High-VWAP=0.51%
2025-04-24 18:35:01 - DEBUG - [check_vwap_diff_signal_with_volume] [RF] No VWAP+VolumeRatio signal detected
2025-04-24 18:35:01 - INFO - [_process_ticker] [RF] ℹ️ No valid signal for RF
2025-04-24 18:35:01 - INFO - [_run_strategy_if_applicable] [N/A] ⏰ Strategy 'SMA_Cross_sma50' not executed because it's outside the time window: 16:35:00 - 16:50:00
2025-04-24 18:35:01 - INFO - [_run_strategy_if_applicable] [N/A] ⏰ Strategy 'SMA_Cross_candle' not executed because it's outside the time window: 16:35:00 - 16:50:00
2025-04-24 18:35:01 - INFO - [_run_strategy_if_applicable] [N/A] ⏰ Strategy 'EMA_Cross_ema50' not executed because it's outside the time window: 16:35:00 - 16:50:00
2025-04-24 18:35:01 - INFO - [_run_strategy_if_applicable] [N/A] 🔄 Starting trading loop for strategy: VWAP_diff_signal_1700
2025-04-24 18:35:01 - INFO - [get_stock_data] [CZR] Requesting data for CZR
2025-04-24 18:35:01 - INFO - [get_stock_data] [CZR] Data received for CZR: 103 rows
2025-04-24 18:35:01 - INFO - [check_vwap_diff_signal] [CZR] Analyzing VWAP reversal signal for CZR
2025-04-24 18:35:01 - INFO - [check_vwap_diff_signal] [CZR] Close: 26.96 | Low: 26.84 | High: 26.97 | VWAP: 26.751945282673198
2025-04-24 18:35:01 - DEBUG - [check_vwap_diff_signal] [CZR] [CZR] Last Candela: VWAP-Low=-0.33%, High-VWAP=0.82%
2025-04-24 18:35:01 - DEBUG - [check_vwap_diff_signal] [CZR] No VWAP signal detected
2025-04-24 18:35:01 - INFO - [_process_ticker] [CZR] ℹ️ No valid signal for CZR
2025-04-24 18:35:01 - INFO - [get_stock_data] [MTCH] Requesting data for MTCH
2025-04-24 18:35:02 - INFO - [get_stock_data] [MTCH] Data received for MTCH: 103 rows
2025-04-24 18:35:02 - INFO - [check_vwap_diff_signal] [MTCH] Analyzing VWAP reversal signal for MTCH
2025-04-24 18:35:02 - INFO - [check_vwap_diff_signal] [MTCH] Close: 29.81 | Low: 29.77 | High: 29.81 | VWAP: 29.84682540513437
2025-04-24 18:35:02 - DEBUG - [check_vwap_diff_signal] [MTCH] [MTCH] Last Candela: VWAP-Low=0.26%, High-VWAP=-0.12%
2025-04-24 18:35:02 - DEBUG - [check_vwap_diff_signal] [MTCH] No VWAP signal detected
2025-04-24 18:35:02 - INFO - [_process_ticker] [MTCH] ℹ️ No valid signal for MTCH
2025-04-24 18:35:02 - INFO - [get_stock_data] [NCHL] Requesting data for NCHL
2025-04-24 18:35:02 - ERROR - [get_stock_data] [NCHL] Error retrieving data: 'NoneType' object has no attribute 'empty'
2025-04-24 18:35:02 - INFO - [get_stock_data] [HBAN] Requesting data for HBAN
2025-04-24 18:35:03 - INFO - [get_stock_data] [HBAN] Data received for HBAN: 103 rows
2025-04-24 18:35:03 - INFO - [check_vwap_diff_signal] [HBAN] Analyzing VWAP reversal signal for HBAN
2025-04-24 18:35:03 - INFO - [check_vwap_diff_signal] [HBAN] Close: 14.38 | Low: 14.35 | High: 14.39 | VWAP: 14.318405476619374
2025-04-24 18:35:03 - DEBUG - [check_vwap_diff_signal] [HBAN] [HBAN] Last Candela: VWAP-Low=-0.22%, High-VWAP=0.50%
2025-04-24 18:35:03 - DEBUG - [check_vwap_diff_signal] [HBAN] No VWAP signal detected
2025-04-24 18:35:03 - INFO - [_process_ticker] [HBAN] ℹ️ No valid signal for HBAN
2025-04-24 18:35:03 - INFO - [get_stock_data] [MRNA] Requesting data for MRNA
2025-04-24 18:35:03 - INFO - [get_stock_data] [MRNA] Data received for MRNA: 103 rows
2025-04-24 18:35:03 - INFO - [check_vwap_diff_signal] [MRNA] Analyzing VWAP reversal signal for MRNA
2025-04-24 18:35:03 - INFO - [check_vwap_diff_signal] [MRNA] Close: 26.74 | Low: 26.61 | High: 26.74 | VWAP: 26.601230591865313
2025-04-24 18:35:03 - DEBUG - [check_vwap_diff_signal] [MRNA] [MRNA] Last Candela: VWAP-Low=-0.03%, High-VWAP=0.52%
2025-04-24 18:35:03 - DEBUG - [check_vwap_diff_signal] [MRNA] No VWAP signal detected
2025-04-24 18:35:03 - INFO - [_process_ticker] [MRNA] ℹ️ No valid signal for MRNA
2025-04-24 18:35:03 - DEBUG - [_process_ticker] [WBD] 🚫 Trade not allowed for WBD (limit reached)
2025-04-24 18:35:03 - INFO - [get_stock_data] [CMCSA] Requesting data for CMCSA
2025-04-24 18:35:04 - INFO - [get_stock_data] [CMCSA] Data received for CMCSA: 103 rows
2025-04-24 18:35:04 - INFO - [check_vwap_diff_signal] [CMCSA] Analyzing VWAP reversal signal for CMCSA
2025-04-24 18:35:04 - INFO - [check_vwap_diff_signal] [CMCSA] Close: 32.73 | Low: 32.7 | High: 32.82 | VWAP: 32.789682800358996
2025-04-24 18:35:04 - DEBUG - [check_vwap_diff_signal] [CMCSA] [CMCSA] Last Candela: VWAP-Low=0.27%, High-VWAP=0.09%
2025-04-24 18:35:04 - DEBUG - [check_vwap_diff_signal] [CMCSA] No VWAP signal detected
2025-04-24 18:35:04 - INFO - [_process_ticker] [CMCSA] ℹ️ No valid signal for CMCSA
2025-04-24 18:35:04 - INFO - [_run_strategy_if_applicable] [N/A] 🔄 Starting trading loop for strategy: VWAP_diff_signal_rsi_1700
2025-04-24 18:35:04 - DEBUG - [_process_ticker] [IVZ] 🚫 Trade not allowed for IVZ (limit reached)
2025-04-24 18:35:04 - DEBUG - [_process_ticker] [FCX] 🚫 Trade not allowed for FCX (limit reached)
2025-04-24 18:35:04 - INFO - [get_stock_data] [HST] Requesting data for HST
2025-04-24 18:35:04 - INFO - [get_stock_data] [HST] Data received for HST: 103 rows
2025-04-24 18:35:04 - INFO - [check_vwap_diff_signal_with_rsi] [HST] Analyzing VWAP reversal signal for HST
2025-04-24 18:35:04 - INFO - [check_vwap_diff_signal_with_rsi] [HST] Close: 13.87 | Low: 13.83 | High: 13.87 | VWAP: 13.794443544720583 | RSI: 56.39
2025-04-24 18:35:04 - DEBUG - [check_vwap_diff_signal_with_rsi] [HST] [HST] Last Candela: VWAP-Low=-0.26%, High-VWAP=0.55%
2025-04-24 18:35:04 - DEBUG - [check_vwap_diff_signal_with_rsi] [HST] No VWAP+RSI signal detected
2025-04-24 18:35:04 - INFO - [_process_ticker] [HST] ℹ️ No valid signal for HST
2025-04-24 18:35:04 - DEBUG - [_process_ticker] [IVZ] 🚫 Trade not allowed for IVZ (limit reached)
2025-04-24 18:35:04 - INFO - [get_stock_data] [NEM] Requesting data for NEM
2025-04-24 18:35:05 - INFO - [get_stock_data] [NEM] Data received for NEM: 103 rows
2025-04-24 18:35:05 - INFO - [check_vwap_diff_signal_with_rsi] [NEM] Analyzing VWAP reversal signal for NEM
2025-04-24 18:35:05 - INFO - [check_vwap_diff_signal_with_rsi] [NEM] Close: 54.67 | Low: 54.55 | High: 54.7 | VWAP: 54.57345304862287 | RSI: 59.47
2025-04-24 18:35:05 - DEBUG - [check_vwap_diff_signal_with_rsi] [NEM] [NEM] Last Candela: VWAP-Low=0.04%, High-VWAP=0.23%
2025-04-24 18:35:05 - DEBUG - [check_vwap_diff_signal_with_rsi] [NEM] No VWAP+RSI signal detected
2025-04-24 18:35:05 - INFO - [_process_ticker] [NEM] ℹ️ No valid signal for NEM
2025-04-24 18:35:05 - INFO - [get_stock_data] [LUV] Requesting data for LUV
2025-04-24 18:35:05 - INFO - [get_stock_data] [LUV] Data received for LUV: 103 rows
2025-04-24 18:35:05 - INFO - [check_vwap_diff_signal_with_rsi] [LUV] Analyzing VWAP reversal signal for LUV
2025-04-24 18:35:05 - INFO - [check_vwap_diff_signal_with_rsi] [LUV] Close: 25.2 | Low: 25.17 | High: 25.23 | VWAP: 25.460335686764388 | RSI: 42.19
2025-04-24 18:35:05 - DEBUG - [check_vwap_diff_signal_with_rsi] [LUV] [LUV] Last Candela: VWAP-Low=1.14%, High-VWAP=-0.90%
2025-04-24 18:35:05 - DEBUG - [check_vwap_diff_signal_with_rsi] [LUV] No VWAP+RSI signal detected
2025-04-24 18:35:05 - INFO - [_process_ticker] [LUV] ℹ️ No valid signal for LUV
2025-04-24 18:35:05 - INFO - [_run_strategy_if_applicable] [N/A] ⏰ Strategy 'EMA_Cross_candle' not executed because it's outside the time window: 16:35:00 - 16:50:00
2025-04-24 18:35:05 - INFO - [_update_active_orders_and_telegram] [N/A] 📊 Updating SL/TP for active orders
2025-04-24 18:35:06 - INFO - [_wait_until_next_iteration] [N/A] ⏳ Sleeping for 53.11 seconds before the next cycle
2025-04-24 18:36:00 - DEBUG - [_process_strategies] [N/A] ⏱ Skipping VWAP_diff_signal_1700_volume, not yet time (every 5m)
2025-04-24 18:36:00 - DEBUG - [_process_strategies] [N/A] ⏱ Skipping SMA_Cross_sma50, not yet time (every 5m)
2025-04-24 18:36:00 - DEBUG - [_process_strategies] [N/A] ⏱ Skipping SMA_Cross_candle, not yet time (every 5m)
2025-04-24 18:36:00 - DEBUG - [_process_strategies] [N/A] ⏱ Skipping EMA_Cross_ema50, not yet time (every 5m)
2025-04-24 18:36:00 - DEBUG - [_process_strategies] [N/A] ⏱ Skipping VWAP_diff_signal_1700, not yet time (every 5m)
2025-04-24 18:36:00 - DEBUG - [_process_strategies] [N/A] ⏱ Skipping VWAP_diff_signal_rsi_1700, not yet time (every 5m)
2025-04-24 18:36:00 - DEBUG - [_process_strategies] [N/A] ⏱ Skipping EMA_Cross_candle, not yet time (every 5m)
2025-04-24 18:36:00 - INFO - [_update_active_orders_and_telegram] [N/A] 📊 Updating SL/TP for active orders
2025-04-24 18:36:01 - INFO - [_wait_until_next_iteration] [N/A] ⏳ Sleeping for 58.93 seconds before the next cycle
2025-04-24 18:37:00 - DEBUG - [_process_strategies] [N/A] ⏱ Skipping VWAP_diff_signal_1700_volume, not yet time (every 5m)
2025-04-24 18:37:00 - DEBUG - [_process_strategies] [N/A] ⏱ Skipping SMA_Cross_sma50, not yet time (every 5m)
2025-04-24 18:37:00 - DEBUG - [_process_strategies] [N/A] ⏱ Skipping SMA_Cross_candle, not yet time (every 5m)
2025-04-24 18:37:00 - DEBUG - [_process_strategies] [N/A] ⏱ Skipping EMA_Cross_ema50, not yet time (every 5m)
2025-04-24 18:37:00 - DEBUG - [_process_strategies] [N/A] ⏱ Skipping VWAP_diff_signal_1700, not yet time (every 5m)
2025-04-24 18:37:00 - DEBUG - [_process_strategies] [N/A] ⏱ Skipping VWAP_diff_signal_rsi_1700, not yet time (every 5m)
2025-04-24 18:37:00 - DEBUG - [_process_strategies] [N/A] ⏱ Skipping EMA_Cross_candle, not yet time (every 5m)
2025-04-24 18:37:00 - INFO - [_update_active_orders_and_telegram] [N/A] 📊 Updating SL/TP for active orders
2025-04-24 18:37:01 - INFO - [_wait_until_next_iteration] [N/A] ⏳ Sleeping for 58.92 seconds before the next cycle
2025-04-24 18:38:00 - DEBUG - [_process_strategies] [N/A] ⏱ Skipping VWAP_diff_signal_1700_volume, not yet time (every 5m)
2025-04-24 18:38:00 - DEBUG - [_process_strategies] [N/A] ⏱ Skipping SMA_Cross_sma50, not yet time (every 5m)
2025-04-24 18:38:00 - DEBUG - [_process_strategies] [N/A] ⏱ Skipping SMA_Cross_candle, not yet time (every 5m)
2025-04-24 18:38:00 - DEBUG - [_process_strategies] [N/A] ⏱ Skipping EMA_Cross_ema50, not yet time (every 5m)
2025-04-24 18:38:00 - DEBUG - [_process_strategies] [N/A] ⏱ Skipping VWAP_diff_signal_1700, not yet time (every 5m)
2025-04-24 18:38:00 - DEBUG - [_process_strategies] [N/A] ⏱ Skipping VWAP_diff_signal_rsi_1700, not yet time (every 5m)
2025-04-24 18:38:00 - DEBUG - [_process_strategies] [N/A] ⏱ Skipping EMA_Cross_candle, not yet time (every 5m)
2025-04-24 18:38:00 - INFO - [_update_active_orders_and_telegram] [N/A] 📊 Updating SL/TP for active orders
2025-04-24 18:38:01 - INFO - [_wait_until_next_iteration] [N/A] ⏳ Sleeping for 58.88 seconds before the next cycle
2025-04-24 18:39:00 - DEBUG - [_process_strategies] [N/A] ⏱ Skipping VWAP_diff_signal_1700_volume, not yet time (every 5m)
2025-04-24 18:39:00 - DEBUG - [_process_strategies] [N/A] ⏱ Skipping SMA_Cross_sma50, not yet time (every 5m)
2025-04-24 18:39:00 - DEBUG - [_process_strategies] [N/A] ⏱ Skipping SMA_Cross_candle, not yet time (every 5m)
2025-04-24 18:39:00 - DEBUG - [_process_strategies] [N/A] ⏱ Skipping EMA_Cross_ema50, not yet time (every 5m)
2025-04-24 18:39:00 - DEBUG - [_process_strategies] [N/A] ⏱ Skipping VWAP_diff_signal_1700, not yet time (every 5m)
2025-04-24 18:39:00 - DEBUG - [_process_strategies] [N/A] ⏱ Skipping VWAP_diff_signal_rsi_1700, not yet time (every 5m)
2025-04-24 18:39:00 - DEBUG - [_process_strategies] [N/A] ⏱ Skipping EMA_Cross_candle, not yet time (every 5m)
2025-04-24 18:39:00 - INFO - [_update_active_orders_and_telegram] [N/A] 📊 Updating SL/TP for active orders
2025-04-24 18:39:01 - INFO - [_wait_until_next_iteration] [N/A] ⏳ Sleeping for 58.92 seconds before the next cycle
2025-04-24 18:40:00 - INFO - [_run_strategy_if_applicable] [N/A] 🔄 Starting trading loop for strategy: VWAP_diff_signal_1700_volume
2025-04-24 18:40:00 - DEBUG - [_process_ticker] [GEN] 🚫 Trade not allowed for GEN (limit reached)
2025-04-24 18:40:00 - DEBUG - [_process_ticker] [HPQ] 🚫 Trade not allowed for HPQ (limit reached)
2025-04-24 18:40:00 - INFO - [get_stock_data] [INTC] Requesting data for INTC
2025-04-24 18:40:00 - INFO - [get_stock_data] [INTC] Data received for INTC: 104 rows
2025-04-24 18:40:00 - INFO - [check_vwap_diff_signal_with_volume] [INTC] Analyzing VWAP reversal signal for INTC
2025-04-24 18:40:00 - INFO - [check_vwap_diff_signal_with_volume] [INTC] Close: 21.16 | Low: 21.13 | High: 21.19 | VWAP: 21.152059736153852 | Volume Ratio: 0.49
2025-04-24 18:40:00 - DEBUG - [check_vwap_diff_signal_with_volume] [INTC] [INTC] Last Candle: VWAP-Low=0.10%, High-VWAP=0.18%
2025-04-24 18:40:00 - DEBUG - [check_vwap_diff_signal_with_volume] [INTC] No VWAP+VolumeRatio signal detected
2025-04-24 18:40:00 - INFO - [_process_ticker] [INTC] ℹ️ No valid signal for INTC
2025-04-24 18:40:00 - INFO - [get_stock_data] [RF] Requesting data for RF
2025-04-24 18:40:01 - INFO - [get_stock_data] [RF] Data received for RF: 104 rows
2025-04-24 18:40:01 - INFO - [check_vwap_diff_signal_with_volume] [RF] Analyzing VWAP reversal signal for RF
2025-04-24 18:40:01 - INFO - [check_vwap_diff_signal_with_volume] [RF] Close: 20.22 | Low: 20.2 | High: 20.23 | VWAP: 20.128660752288475 | Volume Ratio: 0.39
2025-04-24 18:40:01 - DEBUG - [check_vwap_diff_signal_with_volume] [RF] [RF] Last Candle: VWAP-Low=-0.35%, High-VWAP=0.50%
2025-04-24 18:40:01 - DEBUG - [check_vwap_diff_signal_with_volume] [RF] No VWAP+VolumeRatio signal detected
2025-04-24 18:40:01 - INFO - [_process_ticker] [RF] ℹ️ No valid signal for RF
2025-04-24 18:40:01 - INFO - [_run_strategy_if_applicable] [N/A] ⏰ Strategy 'SMA_Cross_sma50' not executed because it's outside the time window: 16:35:00 - 16:50:00
2025-04-24 18:40:01 - INFO - [_run_strategy_if_applicable] [N/A] ⏰ Strategy 'SMA_Cross_candle' not executed because it's outside the time window: 16:35:00 - 16:50:00
2025-04-24 18:40:01 - INFO - [_run_strategy_if_applicable] [N/A] ⏰ Strategy 'EMA_Cross_ema50' not executed because it's outside the time window: 16:35:00 - 16:50:00
2025-04-24 18:40:01 - INFO - [_run_strategy_if_applicable] [N/A] 🔄 Starting trading loop for strategy: VWAP_diff_signal_1700
2025-04-24 18:40:01 - INFO - [get_stock_data] [CZR] Requesting data for CZR
2025-04-24 18:40:01 - INFO - [get_stock_data] [CZR] Data received for CZR: 104 rows
2025-04-24 18:40:01 - INFO - [check_vwap_diff_signal] [CZR] Analyzing VWAP reversal signal for CZR
2025-04-24 18:40:01 - INFO - [check_vwap_diff_signal] [CZR] Close: 26.89 | Low: 26.87 | High: 26.96 | VWAP: 26.756074910116034
2025-04-24 18:40:01 - DEBUG - [check_vwap_diff_signal] [CZR] [CZR] Last Candela: VWAP-Low=-0.43%, High-VWAP=0.76%
2025-04-24 18:40:01 - DEBUG - [check_vwap_diff_signal] [CZR] No VWAP signal detected
2025-04-24 18:40:01 - INFO - [_process_ticker] [CZR] ℹ️ No valid signal for CZR
2025-04-24 18:40:01 - INFO - [get_stock_data] [MTCH] Requesting data for MTCH
2025-04-24 18:40:02 - INFO - [get_stock_data] [MTCH] Data received for MTCH: 104 rows
2025-04-24 18:40:02 - INFO - [check_vwap_diff_signal] [MTCH] Analyzing VWAP reversal signal for MTCH
2025-04-24 18:40:02 - INFO - [check_vwap_diff_signal] [MTCH] Close: 29.81 | Low: 29.79 | High: 29.82 | VWAP: 29.846280940140556
2025-04-24 18:40:02 - DEBUG - [check_vwap_diff_signal] [MTCH] [MTCH] Last Candela: VWAP-Low=0.19%, High-VWAP=-0.09%
2025-04-24 18:40:02 - DEBUG - [check_vwap_diff_signal] [MTCH] No VWAP signal detected
2025-04-24 18:40:02 - INFO - [_process_ticker] [MTCH] ℹ️ No valid signal for MTCH
2025-04-24 18:40:02 - INFO - [get_stock_data] [NCHL] Requesting data for NCHL
2025-04-24 18:40:02 - ERROR - [get_stock_data] [NCHL] Error retrieving data: 'NoneType' object has no attribute 'empty'
2025-04-24 18:40:02 - INFO - [get_stock_data] [HBAN] Requesting data for HBAN
2025-04-24 18:40:03 - INFO - [get_stock_data] [HBAN] Data received for HBAN: 104 rows
2025-04-24 18:40:03 - INFO - [check_vwap_diff_signal] [HBAN] Analyzing VWAP reversal signal for HBAN
2025-04-24 18:40:03 - INFO - [check_vwap_diff_signal] [HBAN] Close: 14.37 | Low: 14.35 | High: 14.39 | VWAP: 14.32068244771762
2025-04-24 18:40:03 - DEBUG - [check_vwap_diff_signal] [HBAN] [HBAN] Last Candela: VWAP-Low=-0.20%, High-VWAP=0.48%
2025-04-24 18:40:03 - DEBUG - [check_vwap_diff_signal] [HBAN] No VWAP signal detected
2025-04-24 18:40:03 - INFO - [_process_ticker] [HBAN] ℹ️ No valid signal for HBAN
2025-04-24 18:40:03 - INFO - [get_stock_data] [MRNA] Requesting data for MRNA
2025-04-24 18:40:03 - INFO - [get_stock_data] [MRNA] Data received for MRNA: 104 rows
2025-04-24 18:40:03 - INFO - [check_vwap_diff_signal] [MRNA] Analyzing VWAP reversal signal for MRNA
2025-04-24 18:40:03 - INFO - [check_vwap_diff_signal] [MRNA] Close: 26.7 | Low: 26.68 | High: 26.76 | VWAP: 26.60425513636002
2025-04-24 18:40:03 - DEBUG - [check_vwap_diff_signal] [MRNA] [MRNA] Last Candela: VWAP-Low=-0.28%, High-VWAP=0.59%
2025-04-24 18:40:03 - DEBUG - [check_vwap_diff_signal] [MRNA] No VWAP signal detected
2025-04-24 18:40:03 - INFO - [_process_ticker] [MRNA] ℹ️ No valid signal for MRNA
2025-04-24 18:40:03 - DEBUG - [_process_ticker] [WBD] 🚫 Trade not allowed for WBD (limit reached)
2025-04-24 18:40:03 - INFO - [get_stock_data] [CMCSA] Requesting data for CMCSA
2025-04-24 18:40:04 - INFO - [get_stock_data] [CMCSA] Data received for CMCSA: 104 rows
2025-04-24 18:40:04 - INFO - [check_vwap_diff_signal] [CMCSA] Analyzing VWAP reversal signal for CMCSA
2025-04-24 18:40:04 - INFO - [check_vwap_diff_signal] [CMCSA] Close: 32.76 | Low: 32.66 | High: 32.76 | VWAP: 32.78932747548044
2025-04-24 18:40:04 - DEBUG - [check_vwap_diff_signal] [CMCSA] [CMCSA] Last Candela: VWAP-Low=0.39%, High-VWAP=-0.09%
2025-04-24 18:40:04 - DEBUG - [check_vwap_diff_signal] [CMCSA] No VWAP signal detected
2025-04-24 18:40:04 - INFO - [_process_ticker] [CMCSA] ℹ️ No valid signal for CMCSA
2025-04-24 18:40:04 - INFO - [_run_strategy_if_applicable] [N/A] 🔄 Starting trading loop for strategy: VWAP_diff_signal_rsi_1700
2025-04-24 18:40:04 - DEBUG - [_process_ticker] [IVZ] 🚫 Trade not allowed for IVZ (limit reached)
2025-04-24 18:40:04 - DEBUG - [_process_ticker] [FCX] 🚫 Trade not allowed for FCX (limit reached)
2025-04-24 18:40:04 - INFO - [get_stock_data] [HST] Requesting data for HST
2025-04-24 18:40:04 - INFO - [get_stock_data] [HST] Data received for HST: 104 rows
2025-04-24 18:40:04 - INFO - [check_vwap_diff_signal_with_rsi] [HST] Analyzing VWAP reversal signal for HST
2025-04-24 18:40:04 - INFO - [check_vwap_diff_signal_with_rsi] [HST] Close: 13.84 | Low: 13.83 | High: 13.87 | VWAP: 13.795319689613349 | RSI: 50.88
2025-04-24 18:40:04 - DEBUG - [check_vwap_diff_signal_with_rsi] [HST] [HST] Last Candela: VWAP-Low=-0.25%, High-VWAP=0.54%
2025-04-24 18:40:04 - DEBUG - [check_vwap_diff_signal_with_rsi] [HST] No VWAP+RSI signal detected
2025-04-24 18:40:04 - INFO - [_process_ticker] [HST] ℹ️ No valid signal for HST
2025-04-24 18:40:04 - DEBUG - [_process_ticker] [IVZ] 🚫 Trade not allowed for IVZ (limit reached)
2025-04-24 18:40:04 - INFO - [get_stock_data] [NEM] Requesting data for NEM
2025-04-24 18:40:05 - INFO - [get_stock_data] [NEM] Data received for NEM: 104 rows
2025-04-24 18:40:05 - INFO - [check_vwap_diff_signal_with_rsi] [NEM] Analyzing VWAP reversal signal for NEM
2025-04-24 18:40:05 - INFO - [check_vwap_diff_signal_with_rsi] [NEM] Close: 54.67 | Low: 54.58 | High: 54.71 | VWAP: 54.575246479456396 | RSI: 59.47
2025-04-24 18:40:05 - DEBUG - [check_vwap_diff_signal_with_rsi] [NEM] [NEM] Last Candela: VWAP-Low=-0.01%, High-VWAP=0.25%
2025-04-24 18:40:05 - DEBUG - [check_vwap_diff_signal_with_rsi] [NEM] No VWAP+RSI signal detected
2025-04-24 18:40:05 - INFO - [_process_ticker] [NEM] ℹ️ No valid signal for NEM
2025-04-24 18:40:05 - INFO - [get_stock_data] [LUV] Requesting data for LUV
2025-04-24 18:40:05 - INFO - [get_stock_data] [LUV] Data received for LUV: 104 rows
2025-04-24 18:40:05 - INFO - [check_vwap_diff_signal_with_rsi] [LUV] Analyzing VWAP reversal signal for LUV
2025-04-24 18:40:05 - INFO - [check_vwap_diff_signal_with_rsi] [LUV] Close: 25.2 | Low: 25.15 | High: 25.22 | VWAP: 25.45630167717061 | RSI: 42.19
2025-04-24 18:40:05 - DEBUG - [check_vwap_diff_signal_with_rsi] [LUV] [LUV] Last Candela: VWAP-Low=1.20%, High-VWAP=-0.93%
2025-04-24 18:40:05 - DEBUG - [check_vwap_diff_signal_with_rsi] [LUV] No VWAP+RSI signal detected
2025-04-24 18:40:05 - INFO - [_process_ticker] [LUV] ℹ️ No valid signal for LUV
2025-04-24 18:40:05 - INFO - [_run_strategy_if_applicable] [N/A] ⏰ Strategy 'EMA_Cross_candle' not executed because it's outside the time window: 16:35:00 - 16:50:00
2025-04-24 18:40:05 - INFO - [_update_active_orders_and_telegram] [N/A] 📊 Updating SL/TP for active orders
2025-04-24 18:40:06 - INFO - [_wait_until_next_iteration] [N/A] ⏳ Sleeping for 53.24 seconds before the next cycle
2025-04-24 18:41:00 - DEBUG - [_process_strategies] [N/A] ⏱ Skipping VWAP_diff_signal_1700_volume, not yet time (every 5m)
2025-04-24 18:41:00 - DEBUG - [_process_strategies] [N/A] ⏱ Skipping SMA_Cross_sma50, not yet time (every 5m)
2025-04-24 18:41:00 - DEBUG - [_process_strategies] [N/A] ⏱ Skipping SMA_Cross_candle, not yet time (every 5m)
2025-04-24 18:41:00 - DEBUG - [_process_strategies] [N/A] ⏱ Skipping EMA_Cross_ema50, not yet time (every 5m)
2025-04-24 18:41:00 - DEBUG - [_process_strategies] [N/A] ⏱ Skipping VWAP_diff_signal_1700, not yet time (every 5m)
2025-04-24 18:41:00 - DEBUG - [_process_strategies] [N/A] ⏱ Skipping VWAP_diff_signal_rsi_1700, not yet time (every 5m)
2025-04-24 18:41:00 - DEBUG - [_process_strategies] [N/A] ⏱ Skipping EMA_Cross_candle, not yet time (every 5m)
2025-04-24 18:41:00 - INFO - [_update_active_orders_and_telegram] [N/A] 📊 Updating SL/TP for active orders
2025-04-24 18:41:01 - INFO - [_wait_until_next_iteration] [N/A] ⏳ Sleeping for 58.89 seconds before the next cycle
2025-04-24 18:42:00 - DEBUG - [_process_strategies] [N/A] ⏱ Skipping VWAP_diff_signal_1700_volume, not yet time (every 5m)
2025-04-24 18:42:00 - DEBUG - [_process_strategies] [N/A] ⏱ Skipping SMA_Cross_sma50, not yet time (every 5m)
2025-04-24 18:42:00 - DEBUG - [_process_strategies] [N/A] ⏱ Skipping SMA_Cross_candle, not yet time (every 5m)
2025-04-24 18:42:00 - DEBUG - [_process_strategies] [N/A] ⏱ Skipping EMA_Cross_ema50, not yet time (every 5m)
2025-04-24 18:42:00 - DEBUG - [_process_strategies] [N/A] ⏱ Skipping VWAP_diff_signal_1700, not yet time (every 5m)
2025-04-24 18:42:00 - DEBUG - [_process_strategies] [N/A] ⏱ Skipping VWAP_diff_signal_rsi_1700, not yet time (every 5m)
2025-04-24 18:42:00 - DEBUG - [_process_strategies] [N/A] ⏱ Skipping EMA_Cross_candle, not yet time (every 5m)
2025-04-24 18:42:00 - INFO - [_update_active_orders_and_telegram] [N/A] 📊 Updating SL/TP for active orders
2025-04-24 18:42:01 - INFO - [_wait_until_next_iteration] [N/A] ⏳ Sleeping for 58.91 seconds before the next cycle
2025-04-24 18:43:00 - DEBUG - [_process_strategies] [N/A] ⏱ Skipping VWAP_diff_signal_1700_volume, not yet time (every 5m)
2025-04-24 18:43:00 - DEBUG - [_process_strategies] [N/A] ⏱ Skipping SMA_Cross_sma50, not yet time (every 5m)
2025-04-24 18:43:00 - DEBUG - [_process_strategies] [N/A] ⏱ Skipping SMA_Cross_candle, not yet time (every 5m)
2025-04-24 18:43:00 - DEBUG - [_process_strategies] [N/A] ⏱ Skipping EMA_Cross_ema50, not yet time (every 5m)
2025-04-24 18:43:00 - DEBUG - [_process_strategies] [N/A] ⏱ Skipping VWAP_diff_signal_1700, not yet time (every 5m)
2025-04-24 18:43:00 - DEBUG - [_process_strategies] [N/A] ⏱ Skipping VWAP_diff_signal_rsi_1700, not yet time (every 5m)
2025-04-24 18:43:00 - DEBUG - [_process_strategies] [N/A] ⏱ Skipping EMA_Cross_candle, not yet time (every 5m)
2025-04-24 18:43:00 - INFO - [_update_active_orders_and_telegram] [N/A] 📊 Updating SL/TP for active orders
2025-04-24 18:43:01 - INFO - [_wait_until_next_iteration] [N/A] ⏳ Sleeping for 58.92 seconds before the next cycle
2025-04-24 18:44:00 - DEBUG - [_process_strategies] [N/A] ⏱ Skipping VWAP_diff_signal_1700_volume, not yet time (every 5m)
2025-04-24 18:44:00 - DEBUG - [_process_strategies] [N/A] ⏱ Skipping SMA_Cross_sma50, not yet time (every 5m)
2025-04-24 18:44:00 - DEBUG - [_process_strategies] [N/A] ⏱ Skipping SMA_Cross_candle, not yet time (every 5m)
2025-04-24 18:44:00 - DEBUG - [_process_strategies] [N/A] ⏱ Skipping EMA_Cross_ema50, not yet time (every 5m)
2025-04-24 18:44:00 - DEBUG - [_process_strategies] [N/A] ⏱ Skipping VWAP_diff_signal_1700, not yet time (every 5m)
2025-04-24 18:44:00 - DEBUG - [_process_strategies] [N/A] ⏱ Skipping VWAP_diff_signal_rsi_1700, not yet time (every 5m)
2025-04-24 18:44:00 - DEBUG - [_process_strategies] [N/A] ⏱ Skipping EMA_Cross_candle, not yet time (every 5m)
2025-04-24 18:44:00 - INFO - [_update_active_orders_and_telegram] [N/A] 📊 Updating SL/TP for active orders
2025-04-24 18:44:01 - INFO - [_wait_until_next_iteration] [N/A] ⏳ Sleeping for 58.91 seconds before the next cycle
2025-04-24 18:45:00 - INFO - [_run_strategy_if_applicable] [N/A] 🔄 Starting trading loop for strategy: VWAP_diff_signal_1700_volume
2025-04-24 18:45:00 - DEBUG - [_process_ticker] [GEN] 🚫 Trade not allowed for GEN (limit reached)
2025-04-24 18:45:00 - DEBUG - [_process_ticker] [HPQ] 🚫 Trade not allowed for HPQ (limit reached)
2025-04-24 18:45:00 - INFO - [get_stock_data] [INTC] Requesting data for INTC
2025-04-24 18:45:00 - INFO - [get_stock_data] [INTC] Data received for INTC: 105 rows
2025-04-24 18:45:00 - INFO - [check_vwap_diff_signal_with_volume] [INTC] Analyzing VWAP reversal signal for INTC
2025-04-24 18:45:00 - INFO - [check_vwap_diff_signal_with_volume] [INTC] Close: 21.16 | Low: 21.15 | High: 21.2 | VWAP: 21.15215178243122 | Volume Ratio: 0.43
2025-04-24 18:45:00 - DEBUG - [check_vwap_diff_signal_with_volume] [INTC] [INTC] Last Candle: VWAP-Low=0.01%, High-VWAP=0.23%
2025-04-24 18:45:00 - DEBUG - [check_vwap_diff_signal_with_volume] [INTC] No VWAP+VolumeRatio signal detected
2025-04-24 18:45:00 - INFO - [_process_ticker] [INTC] ℹ️ No valid signal for INTC
2025-04-24 18:45:00 - INFO - [get_stock_data] [RF] Requesting data for RF
2025-04-24 18:45:01 - INFO - [get_stock_data] [RF] Data received for RF: 105 rows
2025-04-24 18:45:01 - INFO - [check_vwap_diff_signal_with_volume] [RF] Analyzing VWAP reversal signal for RF
2025-04-24 18:45:01 - INFO - [check_vwap_diff_signal_with_volume] [RF] Close: 20.2 | Low: 20.19 | High: 20.25 | VWAP: 20.13001286096655 | Volume Ratio: 0.54
2025-04-24 18:45:01 - DEBUG - [check_vwap_diff_signal_with_volume] [RF] [RF] Last Candle: VWAP-Low=-0.30%, High-VWAP=0.60%
2025-04-24 18:45:01 - DEBUG - [check_vwap_diff_signal_with_volume] [RF] No VWAP+VolumeRatio signal detected
2025-04-24 18:45:01 - INFO - [_process_ticker] [RF] ℹ️ No valid signal for RF
2025-04-24 18:45:01 - INFO - [_run_strategy_if_applicable] [N/A] ⏰ Strategy 'SMA_Cross_sma50' not executed because it's outside the time window: 16:35:00 - 16:50:00
2025-04-24 18:45:01 - INFO - [_run_strategy_if_applicable] [N/A] ⏰ Strategy 'SMA_Cross_candle' not executed because it's outside the time window: 16:35:00 - 16:50:00
2025-04-24 18:45:01 - INFO - [_run_strategy_if_applicable] [N/A] ⏰ Strategy 'EMA_Cross_ema50' not executed because it's outside the time window: 16:35:00 - 16:50:00
2025-04-24 18:45:01 - INFO - [_run_strategy_if_applicable] [N/A] 🔄 Starting trading loop for strategy: VWAP_diff_signal_1700
2025-04-24 18:45:01 - INFO - [get_stock_data] [CZR] Requesting data for CZR
2025-04-24 18:45:02 - INFO - [get_stock_data] [CZR] Data received for CZR: 105 rows
2025-04-24 18:45:02 - INFO - [check_vwap_diff_signal] [CZR] Analyzing VWAP reversal signal for CZR
2025-04-24 18:45:02 - INFO - [check_vwap_diff_signal] [CZR] Close: 26.83 | Low: 26.81 | High: 26.93 | VWAP: 26.758559488666354
2025-04-24 18:45:02 - DEBUG - [check_vwap_diff_signal] [CZR] [CZR] Last Candela: VWAP-Low=-0.19%, High-VWAP=0.64%
2025-04-24 18:45:02 - DEBUG - [check_vwap_diff_signal] [CZR] No VWAP signal detected
2025-04-24 18:45:02 - INFO - [_process_ticker] [CZR] ℹ️ No valid signal for CZR
2025-04-24 18:45:02 - INFO - [get_stock_data] [MTCH] Requesting data for MTCH
2025-04-24 18:45:02 - INFO - [get_stock_data] [MTCH] Data received for MTCH: 105 rows
2025-04-24 18:45:02 - INFO - [check_vwap_diff_signal] [MTCH] Analyzing VWAP reversal signal for MTCH
2025-04-24 18:45:02 - INFO - [check_vwap_diff_signal] [MTCH] Close: 29.77 | Low: 29.77 | High: 29.83 | VWAP: 29.844299095812186
2025-04-24 18:45:02 - DEBUG - [check_vwap_diff_signal] [MTCH] [MTCH] Last Candela: VWAP-Low=0.25%, High-VWAP=-0.05%
2025-04-24 18:45:02 - DEBUG - [check_vwap_diff_signal] [MTCH] No VWAP signal detected
2025-04-24 18:45:02 - INFO - [_process_ticker] [MTCH] ℹ️ No valid signal for MTCH
2025-04-24 18:45:02 - INFO - [get_stock_data] [NCHL] Requesting data for NCHL
2025-04-24 18:45:03 - ERROR - [get_stock_data] [NCHL] Error retrieving data: 'NoneType' object has no attribute 'empty'
2025-04-24 18:45:03 - INFO - [get_stock_data] [HBAN] Requesting data for HBAN
2025-04-24 18:45:04 - INFO - [get_stock_data] [HBAN] Data received for HBAN: 105 rows
2025-04-24 18:45:04 - INFO - [check_vwap_diff_signal] [HBAN] Analyzing VWAP reversal signal for HBAN
2025-04-24 18:45:04 - INFO - [check_vwap_diff_signal] [HBAN] Close: 14.35 | Low: 14.35 | High: 14.39 | VWAP: 14.32188877912859
2025-04-24 18:45:04 - DEBUG - [check_vwap_diff_signal] [HBAN] [HBAN] Last Candela: VWAP-Low=-0.20%, High-VWAP=0.48%
2025-04-24 18:45:04 - DEBUG - [check_vwap_diff_signal] [HBAN] No VWAP signal detected
2025-04-24 18:45:04 - INFO - [_process_ticker] [HBAN] ℹ️ No valid signal for HBAN
2025-04-24 18:45:04 - INFO - [get_stock_data] [MRNA] Requesting data for MRNA
2025-04-24 18:45:04 - INFO - [get_stock_data] [MRNA] Data received for MRNA: 105 rows
2025-04-24 18:45:04 - INFO - [check_vwap_diff_signal] [MRNA] Analyzing VWAP reversal signal for MRNA
2025-04-24 18:45:04 - INFO - [check_vwap_diff_signal] [MRNA] Close: 26.72 | Low: 26.68 | High: 26.78 | VWAP: 26.606830445410797
2025-04-24 18:45:04 - DEBUG - [check_vwap_diff_signal] [MRNA] [MRNA] Last Candela: VWAP-Low=-0.28%, High-VWAP=0.65%
2025-04-24 18:45:04 - DEBUG - [check_vwap_diff_signal] [MRNA] No VWAP signal detected
2025-04-24 18:45:04 - INFO - [_process_ticker] [MRNA] ℹ️ No valid signal for MRNA
2025-04-24 18:45:04 - DEBUG - [_process_ticker] [WBD] 🚫 Trade not allowed for WBD (limit reached)
2025-04-24 18:45:04 - INFO - [get_stock_data] [CMCSA] Requesting data for CMCSA
2025-04-24 18:45:05 - INFO - [get_stock_data] [CMCSA] Data received for CMCSA: 105 rows
2025-04-24 18:45:05 - INFO - [check_vwap_diff_signal] [CMCSA] Analyzing VWAP reversal signal for CMCSA
2025-04-24 18:45:05 - INFO - [check_vwap_diff_signal] [CMCSA] Close: 32.72 | Low: 32.71 | High: 32.82 | VWAP: 32.78850749069161
2025-04-24 18:45:05 - DEBUG - [check_vwap_diff_signal] [CMCSA] [CMCSA] Last Candela: VWAP-Low=0.24%, High-VWAP=0.10%
2025-04-24 18:45:05 - DEBUG - [check_vwap_diff_signal] [CMCSA] No VWAP signal detected
2025-04-24 18:45:05 - INFO - [_process_ticker] [CMCSA] ℹ️ No valid signal for CMCSA
2025-04-24 18:45:05 - INFO - [_run_strategy_if_applicable] [N/A] 🔄 Starting trading loop for strategy: VWAP_diff_signal_rsi_1700
2025-04-24 18:45:05 - DEBUG - [_process_ticker] [IVZ] 🚫 Trade not allowed for IVZ (limit reached)
2025-04-24 18:45:05 - DEBUG - [_process_ticker] [FCX] 🚫 Trade not allowed for FCX (limit reached)
2025-04-24 18:45:05 - INFO - [get_stock_data] [HST] Requesting data for HST
2025-04-24 18:45:06 - INFO - [get_stock_data] [HST] Data received for HST: 106 rows
2025-04-24 18:45:06 - INFO - [check_vwap_diff_signal_with_rsi] [HST] Analyzing VWAP reversal signal for HST
2025-04-24 18:45:06 - INFO - [check_vwap_diff_signal_with_rsi] [HST] Close: 13.84 | Low: 13.84 | High: 13.84 | VWAP: 13.796751033841673 | RSI: 50.88
2025-04-24 18:45:06 - DEBUG - [check_vwap_diff_signal_with_rsi] [HST] [HST] Last Candela: VWAP-Low=-0.31%, High-VWAP=0.31%
2025-04-24 18:45:06 - DEBUG - [check_vwap_diff_signal_with_rsi] [HST] No VWAP+RSI signal detected
2025-04-24 18:45:06 - INFO - [_process_ticker] [HST] ℹ️ No valid signal for HST
2025-04-24 18:45:06 - DEBUG - [_process_ticker] [IVZ] 🚫 Trade not allowed for IVZ (limit reached)
2025-04-24 18:45:06 - INFO - [get_stock_data] [NEM] Requesting data for NEM
2025-04-24 18:45:07 - INFO - [get_stock_data] [NEM] Data received for NEM: 106 rows
2025-04-24 18:45:07 - INFO - [check_vwap_diff_signal_with_rsi] [NEM] Analyzing VWAP reversal signal for NEM
2025-04-24 18:45:07 - INFO - [check_vwap_diff_signal_with_rsi] [NEM] Close: 54.7 | Low: 54.7 | High: 54.7 | VWAP: 54.57753222512126 | RSI: 60.18
2025-04-24 18:45:07 - DEBUG - [check_vwap_diff_signal_with_rsi] [NEM] [NEM] Last Candela: VWAP-Low=-0.22%, High-VWAP=0.22%
2025-04-24 18:45:07 - DEBUG - [check_vwap_diff_signal_with_rsi] [NEM] No VWAP+RSI signal detected
2025-04-24 18:45:07 - INFO - [_process_ticker] [NEM] ℹ️ No valid signal for NEM
2025-04-24 18:45:07 - INFO - [get_stock_data] [LUV] Requesting data for LUV
2025-04-24 18:45:07 - INFO - [get_stock_data] [LUV] Data received for LUV: 106 rows
2025-04-24 18:45:07 - INFO - [check_vwap_diff_signal_with_rsi] [LUV] Analyzing VWAP reversal signal for LUV
2025-04-24 18:45:07 - INFO - [check_vwap_diff_signal_with_rsi] [LUV] Close: 25.19 | Low: 25.19 | High: 25.19 | VWAP: 25.452466168322044 | RSI: 41.96
2025-04-24 18:45:07 - DEBUG - [check_vwap_diff_signal_with_rsi] [LUV] [LUV] Last Candela: VWAP-Low=1.03%, High-VWAP=-1.03%
2025-04-24 18:45:07 - DEBUG - [check_vwap_diff_signal_with_rsi] [LUV] No VWAP+RSI signal detected
2025-04-24 18:45:07 - INFO - [_process_ticker] [LUV] ℹ️ No valid signal for LUV
2025-04-24 18:45:07 - INFO - [_run_strategy_if_applicable] [N/A] ⏰ Strategy 'EMA_Cross_candle' not executed because it's outside the time window: 16:35:00 - 16:50:00
2025-04-24 18:45:07 - INFO - [_update_active_orders_and_telegram] [N/A] 📊 Updating SL/TP for active orders
2025-04-24 18:45:09 - INFO - [_wait_until_next_iteration] [N/A] ⏳ Sleeping for 50.98 seconds before the next cycle
2025-04-24 18:46:00 - DEBUG - [_process_strategies] [N/A] ⏱ Skipping VWAP_diff_signal_1700_volume, not yet time (every 5m)
2025-04-24 18:46:00 - DEBUG - [_process_strategies] [N/A] ⏱ Skipping SMA_Cross_sma50, not yet time (every 5m)
2025-04-24 18:46:00 - DEBUG - [_process_strategies] [N/A] ⏱ Skipping SMA_Cross_candle, not yet time (every 5m)
2025-04-24 18:46:00 - DEBUG - [_process_strategies] [N/A] ⏱ Skipping EMA_Cross_ema50, not yet time (every 5m)
2025-04-24 18:46:00 - DEBUG - [_process_strategies] [N/A] ⏱ Skipping VWAP_diff_signal_1700, not yet time (every 5m)
2025-04-24 18:46:00 - DEBUG - [_process_strategies] [N/A] ⏱ Skipping VWAP_diff_signal_rsi_1700, not yet time (every 5m)
2025-04-24 18:46:00 - DEBUG - [_process_strategies] [N/A] ⏱ Skipping EMA_Cross_candle, not yet time (every 5m)
2025-04-24 18:46:00 - INFO - [_update_active_orders_and_telegram] [N/A] 📊 Updating SL/TP for active orders
2025-04-24 18:46:01 - INFO - [_wait_until_next_iteration] [N/A] ⏳ Sleeping for 58.93 seconds before the next cycle
2025-04-24 18:47:00 - DEBUG - [_process_strategies] [N/A] ⏱ Skipping VWAP_diff_signal_1700_volume, not yet time (every 5m)
2025-04-24 18:47:00 - DEBUG - [_process_strategies] [N/A] ⏱ Skipping SMA_Cross_sma50, not yet time (every 5m)
2025-04-24 18:47:00 - DEBUG - [_process_strategies] [N/A] ⏱ Skipping SMA_Cross_candle, not yet time (every 5m)
2025-04-24 18:47:00 - DEBUG - [_process_strategies] [N/A] ⏱ Skipping EMA_Cross_ema50, not yet time (every 5m)
2025-04-24 18:47:00 - DEBUG - [_process_strategies] [N/A] ⏱ Skipping VWAP_diff_signal_1700, not yet time (every 5m)
2025-04-24 18:47:00 - DEBUG - [_process_strategies] [N/A] ⏱ Skipping VWAP_diff_signal_rsi_1700, not yet time (every 5m)
2025-04-24 18:47:00 - DEBUG - [_process_strategies] [N/A] ⏱ Skipping EMA_Cross_candle, not yet time (every 5m)
2025-04-24 18:47:00 - INFO - [_update_active_orders_and_telegram] [N/A] 📊 Updating SL/TP for active orders
2025-04-24 18:47:01 - INFO - [_wait_until_next_iteration] [N/A] ⏳ Sleeping for 58.92 seconds before the next cycle
2025-04-24 18:48:00 - DEBUG - [_process_strategies] [N/A] ⏱ Skipping VWAP_diff_signal_1700_volume, not yet time (every 5m)
2025-04-24 18:48:00 - DEBUG - [_process_strategies] [N/A] ⏱ Skipping SMA_Cross_sma50, not yet time (every 5m)
2025-04-24 18:48:00 - DEBUG - [_process_strategies] [N/A] ⏱ Skipping SMA_Cross_candle, not yet time (every 5m)
2025-04-24 18:48:00 - DEBUG - [_process_strategies] [N/A] ⏱ Skipping EMA_Cross_ema50, not yet time (every 5m)
2025-04-24 18:48:00 - DEBUG - [_process_strategies] [N/A] ⏱ Skipping VWAP_diff_signal_1700, not yet time (every 5m)
2025-04-24 18:48:00 - DEBUG - [_process_strategies] [N/A] ⏱ Skipping VWAP_diff_signal_rsi_1700, not yet time (every 5m)
2025-04-24 18:48:00 - DEBUG - [_process_strategies] [N/A] ⏱ Skipping EMA_Cross_candle, not yet time (every 5m)
2025-04-24 18:48:00 - INFO - [_update_active_orders_and_telegram] [N/A] 📊 Updating SL/TP for active orders
2025-04-24 18:48:01 - INFO - [_wait_until_next_iteration] [N/A] ⏳ Sleeping for 58.91 seconds before the next cycle
2025-04-24 18:49:00 - DEBUG - [_process_strategies] [N/A] ⏱ Skipping VWAP_diff_signal_1700_volume, not yet time (every 5m)
2025-04-24 18:49:00 - DEBUG - [_process_strategies] [N/A] ⏱ Skipping SMA_Cross_sma50, not yet time (every 5m)
2025-04-24 18:49:00 - DEBUG - [_process_strategies] [N/A] ⏱ Skipping SMA_Cross_candle, not yet time (every 5m)
2025-04-24 18:49:00 - DEBUG - [_process_strategies] [N/A] ⏱ Skipping EMA_Cross_ema50, not yet time (every 5m)
2025-04-24 18:49:00 - DEBUG - [_process_strategies] [N/A] ⏱ Skipping VWAP_diff_signal_1700, not yet time (every 5m)
2025-04-24 18:49:00 - DEBUG - [_process_strategies] [N/A] ⏱ Skipping VWAP_diff_signal_rsi_1700, not yet time (every 5m)
2025-04-24 18:49:00 - DEBUG - [_process_strategies] [N/A] ⏱ Skipping EMA_Cross_candle, not yet time (every 5m)
2025-04-24 18:49:00 - INFO - [_update_active_orders_and_telegram] [N/A] 📊 Updating SL/TP for active orders
2025-04-24 18:49:01 - INFO - [_wait_until_next_iteration] [N/A] ⏳ Sleeping for 58.93 seconds before the next cycle
2025-04-24 18:50:00 - INFO - [_run_strategy_if_applicable] [N/A] 🔄 Starting trading loop for strategy: VWAP_diff_signal_1700_volume
2025-04-24 18:50:00 - DEBUG - [_process_ticker] [GEN] 🚫 Trade not allowed for GEN (limit reached)
2025-04-24 18:50:00 - DEBUG - [_process_ticker] [HPQ] 🚫 Trade not allowed for HPQ (limit reached)
2025-04-24 18:50:00 - INFO - [get_stock_data] [INTC] Requesting data for INTC
2025-04-24 18:50:00 - INFO - [get_stock_data] [INTC] Data received for INTC: 106 rows
2025-04-24 18:50:00 - INFO - [check_vwap_diff_signal_with_volume] [INTC] Analyzing VWAP reversal signal for INTC
2025-04-24 18:50:00 - INFO - [check_vwap_diff_signal_with_volume] [INTC] Close: 21.17 | Low: 21.13 | High: 21.19 | VWAP: 21.15252853272345 | Volume Ratio: 0.56
2025-04-24 18:50:00 - DEBUG - [check_vwap_diff_signal_with_volume] [INTC] [INTC] Last Candle: VWAP-Low=0.11%, High-VWAP=0.18%
2025-04-24 18:50:00 - DEBUG - [check_vwap_diff_signal_with_volume] [INTC] No VWAP+VolumeRatio signal detected
2025-04-24 18:50:00 - INFO - [_process_ticker] [INTC] ℹ️ No valid signal for INTC
2025-04-24 18:50:00 - INFO - [get_stock_data] [RF] Requesting data for RF
2025-04-24 18:50:01 - INFO - [get_stock_data] [RF] Data received for RF: 106 rows
2025-04-24 18:50:01 - INFO - [check_vwap_diff_signal_with_volume] [RF] Analyzing VWAP reversal signal for RF
2025-04-24 18:50:01 - INFO - [check_vwap_diff_signal_with_volume] [RF] Close: 20.22 | Low: 20.19 | High: 20.23 | VWAP: 20.13283184629645 | Volume Ratio: 0.89
2025-04-24 18:50:01 - DEBUG - [check_vwap_diff_signal_with_volume] [RF] [RF] Last Candle: VWAP-Low=-0.28%, High-VWAP=0.48%
2025-04-24 18:50:01 - DEBUG - [check_vwap_diff_signal_with_volume] [RF] No VWAP+VolumeRatio signal detected
2025-04-24 18:50:01 - INFO - [_process_ticker] [RF] ℹ️ No valid signal for RF
2025-04-24 18:50:01 - INFO - [_run_strategy_if_applicable] [N/A] ⏰ Strategy 'SMA_Cross_sma50' not executed because it's outside the time window: 16:35:00 - 16:50:00
2025-04-24 18:50:01 - INFO - [_run_strategy_if_applicable] [N/A] ⏰ Strategy 'SMA_Cross_candle' not executed because it's outside the time window: 16:35:00 - 16:50:00
2025-04-24 18:50:01 - INFO - [_run_strategy_if_applicable] [N/A] ⏰ Strategy 'EMA_Cross_ema50' not executed because it's outside the time window: 16:35:00 - 16:50:00
2025-04-24 18:50:01 - INFO - [_run_strategy_if_applicable] [N/A] 🔄 Starting trading loop for strategy: VWAP_diff_signal_1700
2025-04-24 18:50:01 - INFO - [get_stock_data] [CZR] Requesting data for CZR
2025-04-24 18:50:01 - INFO - [get_stock_data] [CZR] Data received for CZR: 106 rows
2025-04-24 18:50:01 - INFO - [check_vwap_diff_signal] [CZR] Analyzing VWAP reversal signal for CZR
2025-04-24 18:50:01 - INFO - [check_vwap_diff_signal] [CZR] Close: 26.84 | Low: 26.78 | High: 26.86 | VWAP: 26.761385032383636
2025-04-24 18:50:01 - DEBUG - [check_vwap_diff_signal] [CZR] [CZR] Last Candela: VWAP-Low=-0.07%, High-VWAP=0.37%
2025-04-24 18:50:01 - DEBUG - [check_vwap_diff_signal] [CZR] No VWAP signal detected
2025-04-24 18:50:01 - INFO - [_process_ticker] [CZR] ℹ️ No valid signal for CZR
2025-04-24 18:50:01 - INFO - [get_stock_data] [MTCH] Requesting data for MTCH
2025-04-24 18:50:02 - INFO - [get_stock_data] [MTCH] Data received for MTCH: 106 rows
2025-04-24 18:50:02 - INFO - [check_vwap_diff_signal] [MTCH] Analyzing VWAP reversal signal for MTCH
2025-04-24 18:50:02 - INFO - [check_vwap_diff_signal] [MTCH] Close: 29.82 | Low: 29.77 | High: 29.85 | VWAP: 29.843455302707437
2025-04-24 18:50:02 - DEBUG - [check_vwap_diff_signal] [MTCH] [MTCH] Last Candela: VWAP-Low=0.25%, High-VWAP=0.02%
2025-04-24 18:50:02 - DEBUG - [check_vwap_diff_signal] [MTCH] No VWAP signal detected
2025-04-24 18:50:02 - INFO - [_process_ticker] [MTCH] ℹ️ No valid signal for MTCH
2025-04-24 18:50:02 - INFO - [get_stock_data] [NCHL] Requesting data for NCHL
2025-04-24 18:50:02 - ERROR - [get_stock_data] [NCHL] Error retrieving data: 'NoneType' object has no attribute 'empty'
2025-04-24 18:50:02 - INFO - [get_stock_data] [HBAN] Requesting data for HBAN
2025-04-24 18:50:03 - INFO - [get_stock_data] [HBAN] Data received for HBAN: 106 rows
2025-04-24 18:50:03 - INFO - [check_vwap_diff_signal] [HBAN] Analyzing VWAP reversal signal for HBAN
2025-04-24 18:50:03 - INFO - [check_vwap_diff_signal] [HBAN] Close: 14.36 | Low: 14.35 | High: 14.38 | VWAP: 14.323606008890568
2025-04-24 18:50:03 - DEBUG - [check_vwap_diff_signal] [HBAN] [HBAN] Last Candela: VWAP-Low=-0.18%, High-VWAP=0.39%
2025-04-24 18:50:03 - DEBUG - [check_vwap_diff_signal] [HBAN] No VWAP signal detected
2025-04-24 18:50:03 - INFO - [_process_ticker] [HBAN] ℹ️ No valid signal for HBAN
2025-04-24 18:50:03 - INFO - [get_stock_data] [MRNA] Requesting data for MRNA
2025-04-24 18:50:03 - INFO - [get_stock_data] [MRNA] Data received for MRNA: 106 rows
2025-04-24 18:50:03 - INFO - [check_vwap_diff_signal] [MRNA] Analyzing VWAP reversal signal for MRNA
2025-04-24 18:50:03 - INFO - [check_vwap_diff_signal] [MRNA] Close: 26.8 | Low: 26.71 | High: 26.81 | VWAP: 26.613270840295144
2025-04-24 18:50:03 - DEBUG - [check_vwap_diff_signal] [MRNA] [MRNA] Last Candela: VWAP-Low=-0.36%, High-VWAP=0.74%
2025-04-24 18:50:03 - DEBUG - [check_vwap_diff_signal] [MRNA] No VWAP signal detected
2025-04-24 18:50:03 - INFO - [_process_ticker] [MRNA] ℹ️ No valid signal for MRNA
2025-04-24 18:50:03 - DEBUG - [_process_ticker] [WBD] 🚫 Trade not allowed for WBD (limit reached)
2025-04-24 18:50:03 - INFO - [get_stock_data] [CMCSA] Requesting data for CMCSA
2025-04-24 18:50:04 - INFO - [get_stock_data] [CMCSA] Data received for CMCSA: 106 rows
2025-04-24 18:50:04 - INFO - [check_vwap_diff_signal] [CMCSA] Analyzing VWAP reversal signal for CMCSA
2025-04-24 18:50:04 - INFO - [check_vwap_diff_signal] [CMCSA] Close: 32.73 | Low: 32.67 | High: 32.76 | VWAP: 32.78755963919217
2025-04-24 18:50:04 - DEBUG - [check_vwap_diff_signal] [CMCSA] [CMCSA] Last Candela: VWAP-Low=0.36%, High-VWAP=-0.08%
2025-04-24 18:50:04 - DEBUG - [check_vwap_diff_signal] [CMCSA] No VWAP signal detected
2025-04-24 18:50:04 - INFO - [_process_ticker] [CMCSA] ℹ️ No valid signal for CMCSA
2025-04-24 18:50:04 - INFO - [_run_strategy_if_applicable] [N/A] 🔄 Starting trading loop for strategy: VWAP_diff_signal_rsi_1700
2025-04-24 18:50:04 - DEBUG - [_process_ticker] [IVZ] 🚫 Trade not allowed for IVZ (limit reached)
2025-04-24 18:50:04 - DEBUG - [_process_ticker] [FCX] 🚫 Trade not allowed for FCX (limit reached)
2025-04-24 18:50:04 - INFO - [get_stock_data] [HST] Requesting data for HST
2025-04-24 18:50:04 - INFO - [get_stock_data] [HST] Data received for HST: 106 rows
2025-04-24 18:50:04 - INFO - [check_vwap_diff_signal_with_rsi] [HST] Analyzing VWAP reversal signal for HST
2025-04-24 18:50:04 - INFO - [check_vwap_diff_signal_with_rsi] [HST] Close: 13.86 | Low: 13.83 | High: 13.86 | VWAP: 13.798613208853407 | RSI: 54.33
2025-04-24 18:50:04 - DEBUG - [check_vwap_diff_signal_with_rsi] [HST] [HST] Last Candela: VWAP-Low=-0.23%, High-VWAP=0.44%
2025-04-24 18:50:04 - DEBUG - [check_vwap_diff_signal_with_rsi] [HST] No VWAP+RSI signal detected
2025-04-24 18:50:04 - INFO - [_process_ticker] [HST] ℹ️ No valid signal for HST
2025-04-24 18:50:04 - DEBUG - [_process_ticker] [IVZ] 🚫 Trade not allowed for IVZ (limit reached)
2025-04-24 18:50:04 - INFO - [get_stock_data] [NEM] Requesting data for NEM
2025-04-24 18:50:05 - INFO - [get_stock_data] [NEM] Data received for NEM: 106 rows
2025-04-24 18:50:05 - INFO - [check_vwap_diff_signal_with_rsi] [NEM] Analyzing VWAP reversal signal for NEM
2025-04-24 18:50:05 - INFO - [check_vwap_diff_signal_with_rsi] [NEM] Close: 54.94 | Low: 54.69 | High: 54.95 | VWAP: 54.58727227690154 | RSI: 66.64
2025-04-24 18:50:05 - DEBUG - [check_vwap_diff_signal_with_rsi] [NEM] [NEM] Last Candela: VWAP-Low=-0.19%, High-VWAP=0.66%
2025-04-24 18:50:05 - DEBUG - [check_vwap_diff_signal_with_rsi] [NEM] No VWAP+RSI signal detected
2025-04-24 18:50:05 - INFO - [_process_ticker] [NEM] ℹ️ No valid signal for NEM
2025-04-24 18:50:05 - INFO - [get_stock_data] [LUV] Requesting data for LUV
2025-04-24 18:50:05 - INFO - [get_stock_data] [LUV] Data received for LUV: 107 rows
2025-04-24 18:50:05 - INFO - [check_vwap_diff_signal_with_rsi] [LUV] Analyzing VWAP reversal signal for LUV
2025-04-24 18:50:05 - INFO - [check_vwap_diff_signal_with_rsi] [LUV] Close: 25.37 | Low: 25.37 | High: 25.37 | VWAP: 25.45148507265776 | RSI: 51.63
2025-04-24 18:50:05 - DEBUG - [check_vwap_diff_signal_with_rsi] [LUV] [LUV] Last Candela: VWAP-Low=0.32%, High-VWAP=-0.32%
2025-04-24 18:50:05 - DEBUG - [check_vwap_diff_signal_with_rsi] [LUV] No VWAP+RSI signal detected
2025-04-24 18:50:05 - INFO - [_process_ticker] [LUV] ℹ️ No valid signal for LUV
2025-04-24 18:50:05 - INFO - [_run_strategy_if_applicable] [N/A] ⏰ Strategy 'EMA_Cross_candle' not executed because it's outside the time window: 16:35:00 - 16:50:00
2025-04-24 18:50:05 - INFO - [_update_active_orders_and_telegram] [N/A] 📊 Updating SL/TP for active orders
2025-04-24 18:50:06 - INFO - [_wait_until_next_iteration] [N/A] ⏳ Sleeping for 53.11 seconds before the next cycle
2025-04-24 18:51:00 - DEBUG - [_process_strategies] [N/A] ⏱ Skipping VWAP_diff_signal_1700_volume, not yet time (every 5m)
2025-04-24 18:51:00 - DEBUG - [_process_strategies] [N/A] ⏱ Skipping SMA_Cross_sma50, not yet time (every 5m)
2025-04-24 18:51:00 - DEBUG - [_process_strategies] [N/A] ⏱ Skipping SMA_Cross_candle, not yet time (every 5m)
2025-04-24 18:51:00 - DEBUG - [_process_strategies] [N/A] ⏱ Skipping EMA_Cross_ema50, not yet time (every 5m)
2025-04-24 18:51:00 - DEBUG - [_process_strategies] [N/A] ⏱ Skipping VWAP_diff_signal_1700, not yet time (every 5m)
2025-04-24 18:51:00 - DEBUG - [_process_strategies] [N/A] ⏱ Skipping VWAP_diff_signal_rsi_1700, not yet time (every 5m)
2025-04-24 18:51:00 - DEBUG - [_process_strategies] [N/A] ⏱ Skipping EMA_Cross_candle, not yet time (every 5m)
2025-04-24 18:51:00 - INFO - [_update_active_orders_and_telegram] [N/A] 📊 Updating SL/TP for active orders
2025-04-24 18:51:01 - INFO - [_wait_until_next_iteration] [N/A] ⏳ Sleeping for 58.93 seconds before the next cycle
2025-04-24 18:52:00 - DEBUG - [_process_strategies] [N/A] ⏱ Skipping VWAP_diff_signal_1700_volume, not yet time (every 5m)
2025-04-24 18:52:00 - DEBUG - [_process_strategies] [N/A] ⏱ Skipping SMA_Cross_sma50, not yet time (every 5m)
2025-04-24 18:52:00 - DEBUG - [_process_strategies] [N/A] ⏱ Skipping SMA_Cross_candle, not yet time (every 5m)
2025-04-24 18:52:00 - DEBUG - [_process_strategies] [N/A] ⏱ Skipping EMA_Cross_ema50, not yet time (every 5m)
2025-04-24 18:52:00 - DEBUG - [_process_strategies] [N/A] ⏱ Skipping VWAP_diff_signal_1700, not yet time (every 5m)
2025-04-24 18:52:00 - DEBUG - [_process_strategies] [N/A] ⏱ Skipping VWAP_diff_signal_rsi_1700, not yet time (every 5m)
2025-04-24 18:52:00 - DEBUG - [_process_strategies] [N/A] ⏱ Skipping EMA_Cross_candle, not yet time (every 5m)
2025-04-24 18:52:00 - INFO - [_update_active_orders_and_telegram] [N/A] 📊 Updating SL/TP for active orders
2025-04-24 18:52:01 - INFO - [_wait_until_next_iteration] [N/A] ⏳ Sleeping for 58.92 seconds before the next cycle
2025-04-24 18:53:00 - DEBUG - [_process_strategies] [N/A] ⏱ Skipping VWAP_diff_signal_1700_volume, not yet time (every 5m)
2025-04-24 18:53:00 - DEBUG - [_process_strategies] [N/A] ⏱ Skipping SMA_Cross_sma50, not yet time (every 5m)
2025-04-24 18:53:00 - DEBUG - [_process_strategies] [N/A] ⏱ Skipping SMA_Cross_candle, not yet time (every 5m)
2025-04-24 18:53:00 - DEBUG - [_process_strategies] [N/A] ⏱ Skipping EMA_Cross_ema50, not yet time (every 5m)
2025-04-24 18:53:00 - DEBUG - [_process_strategies] [N/A] ⏱ Skipping VWAP_diff_signal_1700, not yet time (every 5m)
2025-04-24 18:53:00 - DEBUG - [_process_strategies] [N/A] ⏱ Skipping VWAP_diff_signal_rsi_1700, not yet time (every 5m)
2025-04-24 18:53:00 - DEBUG - [_process_strategies] [N/A] ⏱ Skipping EMA_Cross_candle, not yet time (every 5m)
2025-04-24 18:53:00 - INFO - [_update_active_orders_and_telegram] [N/A] 📊 Updating SL/TP for active orders
2025-04-24 18:53:01 - INFO - [_wait_until_next_iteration] [N/A] ⏳ Sleeping for 58.92 seconds before the next cycle
2025-04-24 18:54:00 - DEBUG - [_process_strategies] [N/A] ⏱ Skipping VWAP_diff_signal_1700_volume, not yet time (every 5m)
2025-04-24 18:54:00 - DEBUG - [_process_strategies] [N/A] ⏱ Skipping SMA_Cross_sma50, not yet time (every 5m)
2025-04-24 18:54:00 - DEBUG - [_process_strategies] [N/A] ⏱ Skipping SMA_Cross_candle, not yet time (every 5m)
2025-04-24 18:54:00 - DEBUG - [_process_strategies] [N/A] ⏱ Skipping EMA_Cross_ema50, not yet time (every 5m)
2025-04-24 18:54:00 - DEBUG - [_process_strategies] [N/A] ⏱ Skipping VWAP_diff_signal_1700, not yet time (every 5m)
2025-04-24 18:54:00 - DEBUG - [_process_strategies] [N/A] ⏱ Skipping VWAP_diff_signal_rsi_1700, not yet time (every 5m)
2025-04-24 18:54:00 - DEBUG - [_process_strategies] [N/A] ⏱ Skipping EMA_Cross_candle, not yet time (every 5m)
2025-04-24 18:54:00 - INFO - [_update_active_orders_and_telegram] [N/A] 📊 Updating SL/TP for active orders
2025-04-24 18:54:01 - INFO - [_wait_until_next_iteration] [N/A] ⏳ Sleeping for 58.95 seconds before the next cycle
2025-04-24 18:55:00 - INFO - [_run_strategy_if_applicable] [N/A] 🔄 Starting trading loop for strategy: VWAP_diff_signal_1700_volume
2025-04-24 18:55:00 - DEBUG - [_process_ticker] [GEN] 🚫 Trade not allowed for GEN (limit reached)
2025-04-24 18:55:00 - DEBUG - [_process_ticker] [HPQ] 🚫 Trade not allowed for HPQ (limit reached)
2025-04-24 18:55:00 - INFO - [get_stock_data] [INTC] Requesting data for INTC
2025-04-24 18:55:00 - INFO - [get_stock_data] [INTC] Data received for INTC: 107 rows
2025-04-24 18:55:00 - INFO - [check_vwap_diff_signal_with_volume] [INTC] Analyzing VWAP reversal signal for INTC
2025-04-24 18:55:00 - INFO - [check_vwap_diff_signal_with_volume] [INTC] Close: 21.23 | Low: 21.14 | High: 21.24 | VWAP: 21.15396411672245 | Volume Ratio: 0.79
2025-04-24 18:55:00 - DEBUG - [check_vwap_diff_signal_with_volume] [INTC] [INTC] Last Candle: VWAP-Low=0.07%, High-VWAP=0.41%
2025-04-24 18:55:00 - DEBUG - [check_vwap_diff_signal_with_volume] [INTC] No VWAP+VolumeRatio signal detected
2025-04-24 18:55:00 - INFO - [_process_ticker] [INTC] ℹ️ No valid signal for INTC
2025-04-24 18:55:00 - INFO - [get_stock_data] [RF] Requesting data for RF
2025-04-24 18:55:01 - INFO - [get_stock_data] [RF] Data received for RF: 107 rows
2025-04-24 18:55:01 - INFO - [check_vwap_diff_signal_with_volume] [RF] Analyzing VWAP reversal signal for RF
2025-04-24 18:55:01 - INFO - [check_vwap_diff_signal_with_volume] [RF] Close: 20.25 | Low: 20.2 | High: 20.26 | VWAP: 20.136147098493417 | Volume Ratio: 0.84
2025-04-24 18:55:01 - DEBUG - [check_vwap_diff_signal_with_volume] [RF] [RF] Last Candle: VWAP-Low=-0.32%, High-VWAP=0.62%
2025-04-24 18:55:01 - DEBUG - [check_vwap_diff_signal_with_volume] [RF] No VWAP+VolumeRatio signal detected
2025-04-24 18:55:01 - INFO - [_process_ticker] [RF] ℹ️ No valid signal for RF
2025-04-24 18:55:01 - INFO - [_run_strategy_if_applicable] [N/A] ⏰ Strategy 'SMA_Cross_sma50' not executed because it's outside the time window: 16:35:00 - 16:50:00
2025-04-24 18:55:01 - INFO - [_run_strategy_if_applicable] [N/A] ⏰ Strategy 'SMA_Cross_candle' not executed because it's outside the time window: 16:35:00 - 16:50:00
2025-04-24 18:55:01 - INFO - [_run_strategy_if_applicable] [N/A] ⏰ Strategy 'EMA_Cross_ema50' not executed because it's outside the time window: 16:35:00 - 16:50:00
2025-04-24 18:55:01 - INFO - [_run_strategy_if_applicable] [N/A] 🔄 Starting trading loop for strategy: VWAP_diff_signal_1700
2025-04-24 18:55:01 - INFO - [get_stock_data] [CZR] Requesting data for CZR
2025-04-24 18:55:01 - INFO - [get_stock_data] [CZR] Data received for CZR: 107 rows
2025-04-24 18:55:01 - INFO - [check_vwap_diff_signal] [CZR] Analyzing VWAP reversal signal for CZR
2025-04-24 18:55:01 - INFO - [check_vwap_diff_signal] [CZR] Close: 26.91 | Low: 26.79 | High: 26.93 | VWAP: 26.76373895653131
2025-04-24 18:55:01 - DEBUG - [check_vwap_diff_signal] [CZR] [CZR] Last Candela: VWAP-Low=-0.10%, High-VWAP=0.62%
2025-04-24 18:55:01 - DEBUG - [check_vwap_diff_signal] [CZR] No VWAP signal detected
2025-04-24 18:55:01 - INFO - [_process_ticker] [CZR] ℹ️ No valid signal for CZR
2025-04-24 18:55:01 - INFO - [get_stock_data] [MTCH] Requesting data for MTCH
2025-04-24 18:55:02 - INFO - [get_stock_data] [MTCH] Data received for MTCH: 107 rows
2025-04-24 18:55:02 - INFO - [check_vwap_diff_signal] [MTCH] Analyzing VWAP reversal signal for MTCH
2025-04-24 18:55:02 - INFO - [check_vwap_diff_signal] [MTCH] Close: 29.86 | Low: 29.8 | High: 29.87 | VWAP: 29.84387043081915
2025-04-24 18:55:02 - DEBUG - [check_vwap_diff_signal] [MTCH] [MTCH] Last Candela: VWAP-Low=0.15%, High-VWAP=0.09%
2025-04-24 18:55:02 - DEBUG - [check_vwap_diff_signal] [MTCH] No VWAP signal detected
2025-04-24 18:55:02 - INFO - [_process_ticker] [MTCH] ℹ️ No valid signal for MTCH
2025-04-24 18:55:02 - INFO - [get_stock_data] [NCHL] Requesting data for NCHL
2025-04-24 18:55:02 - ERROR - [get_stock_data] [NCHL] Error retrieving data: 'NoneType' object has no attribute 'empty'
2025-04-24 18:55:02 - INFO - [get_stock_data] [HBAN] Requesting data for HBAN
2025-04-24 18:55:02 - INFO - [get_stock_data] [HBAN] Data received for HBAN: 107 rows
2025-04-24 18:55:02 - INFO - [check_vwap_diff_signal] [HBAN] Analyzing VWAP reversal signal for HBAN
2025-04-24 18:55:02 - INFO - [check_vwap_diff_signal] [HBAN] Close: 14.4 | Low: 14.35 | High: 14.4 | VWAP: 14.325796504968872
2025-04-24 18:55:02 - DEBUG - [check_vwap_diff_signal] [HBAN] [HBAN] Last Candela: VWAP-Low=-0.17%, High-VWAP=0.52%
2025-04-24 18:55:02 - DEBUG - [check_vwap_diff_signal] [HBAN] No VWAP signal detected
2025-04-24 18:55:02 - INFO - [_process_ticker] [HBAN] ℹ️ No valid signal for HBAN
2025-04-24 18:55:02 - INFO - [get_stock_data] [MRNA] Requesting data for MRNA
2025-04-24 18:55:03 - INFO - [get_stock_data] [MRNA] Data received for MRNA: 107 rows
2025-04-24 18:55:03 - INFO - [check_vwap_diff_signal] [MRNA] Analyzing VWAP reversal signal for MRNA
2025-04-24 18:55:03 - INFO - [check_vwap_diff_signal] [MRNA] Close: 26.91 | Low: 26.8 | High: 26.93 | VWAP: 26.622619597468034
2025-04-24 18:55:03 - DEBUG - [check_vwap_diff_signal] [MRNA] [MRNA] Last Candela: VWAP-Low=-0.67%, High-VWAP=1.15%
2025-04-24 18:55:03 - DEBUG - [check_vwap_diff_signal] [MRNA] No VWAP signal detected
2025-04-24 18:55:03 - INFO - [_process_ticker] [MRNA] ℹ️ No valid signal for MRNA
2025-04-24 18:55:03 - DEBUG - [_process_ticker] [WBD] 🚫 Trade not allowed for WBD (limit reached)
2025-04-24 18:55:03 - INFO - [get_stock_data] [CMCSA] Requesting data for CMCSA
2025-04-24 18:55:04 - INFO - [get_stock_data] [CMCSA] Data received for CMCSA: 107 rows
2025-04-24 18:55:04 - INFO - [check_vwap_diff_signal] [CMCSA] Analyzing VWAP reversal signal for CMCSA
2025-04-24 18:55:04 - INFO - [check_vwap_diff_signal] [CMCSA] Close: 32.73 | Low: 32.69 | High: 32.76 | VWAP: 32.78717698052187
2025-04-24 18:55:04 - DEBUG - [check_vwap_diff_signal] [CMCSA] [CMCSA] Last Candela: VWAP-Low=0.30%, High-VWAP=-0.08%
2025-04-24 18:55:04 - DEBUG - [check_vwap_diff_signal] [CMCSA] No VWAP signal detected
2025-04-24 18:55:04 - INFO - [_process_ticker] [CMCSA] ℹ️ No valid signal for CMCSA
2025-04-24 18:55:04 - INFO - [_run_strategy_if_applicable] [N/A] 🔄 Starting trading loop for strategy: VWAP_diff_signal_rsi_1700
2025-04-24 18:55:04 - DEBUG - [_process_ticker] [IVZ] 🚫 Trade not allowed for IVZ (limit reached)
2025-04-24 18:55:04 - DEBUG - [_process_ticker] [FCX] 🚫 Trade not allowed for FCX (limit reached)
2025-04-24 18:55:04 - INFO - [get_stock_data] [HST] Requesting data for HST
2025-04-24 18:55:04 - INFO - [get_stock_data] [HST] Data received for HST: 107 rows
2025-04-24 18:55:04 - INFO - [check_vwap_diff_signal_with_rsi] [HST] Analyzing VWAP reversal signal for HST
2025-04-24 18:55:04 - INFO - [check_vwap_diff_signal_with_rsi] [HST] Close: 13.87 | Low: 13.84 | High: 13.88 | VWAP: 13.800533045893163 | RSI: 56.00
2025-04-24 18:55:04 - DEBUG - [check_vwap_diff_signal_with_rsi] [HST] [HST] Last Candela: VWAP-Low=-0.29%, High-VWAP=0.58%
2025-04-24 18:55:04 - DEBUG - [check_vwap_diff_signal_with_rsi] [HST] No VWAP+RSI signal detected
2025-04-24 18:55:04 - INFO - [_process_ticker] [HST] ℹ️ No valid signal for HST
2025-04-24 18:55:04 - DEBUG - [_process_ticker] [IVZ] 🚫 Trade not allowed for IVZ (limit reached)
2025-04-24 18:55:04 - INFO - [get_stock_data] [NEM] Requesting data for NEM
2025-04-24 18:55:05 - INFO - [get_stock_data] [NEM] Data received for NEM: 107 rows
2025-04-24 18:55:05 - INFO - [check_vwap_diff_signal_with_rsi] [NEM] Analyzing VWAP reversal signal for NEM
2025-04-24 18:55:05 - INFO - [check_vwap_diff_signal_with_rsi] [NEM] Close: 54.96 | Low: 54.94 | High: 55.03 | VWAP: 54.59597588952295 | RSI: 67.11
2025-04-24 18:55:05 - DEBUG - [check_vwap_diff_signal_with_rsi] [NEM] [NEM] Last Candela: VWAP-Low=-0.63%, High-VWAP=0.79%
2025-04-24 18:55:05 - DEBUG - [check_vwap_diff_signal_with_rsi] [NEM] No VWAP+RSI signal detected
2025-04-24 18:55:05 - INFO - [_process_ticker] [NEM] ℹ️ No valid signal for NEM
2025-04-24 18:55:05 - INFO - [get_stock_data] [LUV] Requesting data for LUV
2025-04-24 18:55:05 - INFO - [get_stock_data] [LUV] Data received for LUV: 108 rows
2025-04-24 18:55:05 - INFO - [check_vwap_diff_signal_with_rsi] [LUV] Analyzing VWAP reversal signal for LUV
2025-04-24 18:55:05 - INFO - [check_vwap_diff_signal_with_rsi] [LUV] Close: 25.4 | Low: 25.4 | High: 25.4 | VWAP: 25.45082777185043 | RSI: 53.04
2025-04-24 18:55:05 - DEBUG - [check_vwap_diff_signal_with_rsi] [LUV] [LUV] Last Candela: VWAP-Low=0.20%, High-VWAP=-0.20%
2025-04-24 18:55:05 - DEBUG - [check_vwap_diff_signal_with_rsi] [LUV] No VWAP+RSI signal detected
2025-04-24 18:55:05 - INFO - [_process_ticker] [LUV] ℹ️ No valid signal for LUV
2025-04-24 18:55:05 - INFO - [_run_strategy_if_applicable] [N/A] ⏰ Strategy 'EMA_Cross_candle' not executed because it's outside the time window: 16:35:00 - 16:50:00
2025-04-24 18:55:05 - INFO - [_update_active_orders_and_telegram] [N/A] 📊 Updating SL/TP for active orders
2025-04-24 18:55:06 - INFO - [_wait_until_next_iteration] [N/A] ⏳ Sleeping for 53.35 seconds before the next cycle
2025-04-24 18:56:00 - DEBUG - [_process_strategies] [N/A] ⏱ Skipping VWAP_diff_signal_1700_volume, not yet time (every 5m)
2025-04-24 18:56:00 - DEBUG - [_process_strategies] [N/A] ⏱ Skipping SMA_Cross_sma50, not yet time (every 5m)
2025-04-24 18:56:00 - DEBUG - [_process_strategies] [N/A] ⏱ Skipping SMA_Cross_candle, not yet time (every 5m)
2025-04-24 18:56:00 - DEBUG - [_process_strategies] [N/A] ⏱ Skipping EMA_Cross_ema50, not yet time (every 5m)
2025-04-24 18:56:00 - DEBUG - [_process_strategies] [N/A] ⏱ Skipping VWAP_diff_signal_1700, not yet time (every 5m)
2025-04-24 18:56:00 - DEBUG - [_process_strategies] [N/A] ⏱ Skipping VWAP_diff_signal_rsi_1700, not yet time (every 5m)
2025-04-24 18:56:00 - DEBUG - [_process_strategies] [N/A] ⏱ Skipping EMA_Cross_candle, not yet time (every 5m)
2025-04-24 18:56:00 - INFO - [_update_active_orders_and_telegram] [N/A] 📊 Updating SL/TP for active orders
2025-04-24 18:56:01 - INFO - [_wait_until_next_iteration] [N/A] ⏳ Sleeping for 58.90 seconds before the next cycle
2025-04-24 18:57:00 - DEBUG - [_process_strategies] [N/A] ⏱ Skipping VWAP_diff_signal_1700_volume, not yet time (every 5m)
2025-04-24 18:57:00 - DEBUG - [_process_strategies] [N/A] ⏱ Skipping SMA_Cross_sma50, not yet time (every 5m)
2025-04-24 18:57:00 - DEBUG - [_process_strategies] [N/A] ⏱ Skipping SMA_Cross_candle, not yet time (every 5m)
2025-04-24 18:57:00 - DEBUG - [_process_strategies] [N/A] ⏱ Skipping EMA_Cross_ema50, not yet time (every 5m)
2025-04-24 18:57:00 - DEBUG - [_process_strategies] [N/A] ⏱ Skipping VWAP_diff_signal_1700, not yet time (every 5m)
2025-04-24 18:57:00 - DEBUG - [_process_strategies] [N/A] ⏱ Skipping VWAP_diff_signal_rsi_1700, not yet time (every 5m)
2025-04-24 18:57:00 - DEBUG - [_process_strategies] [N/A] ⏱ Skipping EMA_Cross_candle, not yet time (every 5m)
2025-04-24 18:57:00 - INFO - [_update_active_orders_and_telegram] [N/A] 📊 Updating SL/TP for active orders
2025-04-24 18:57:01 - INFO - [_wait_until_next_iteration] [N/A] ⏳ Sleeping for 58.92 seconds before the next cycle
2025-04-24 18:58:00 - DEBUG - [_process_strategies] [N/A] ⏱ Skipping VWAP_diff_signal_1700_volume, not yet time (every 5m)
2025-04-24 18:58:00 - DEBUG - [_process_strategies] [N/A] ⏱ Skipping SMA_Cross_sma50, not yet time (every 5m)
2025-04-24 18:58:00 - DEBUG - [_process_strategies] [N/A] ⏱ Skipping SMA_Cross_candle, not yet time (every 5m)
2025-04-24 18:58:00 - DEBUG - [_process_strategies] [N/A] ⏱ Skipping EMA_Cross_ema50, not yet time (every 5m)
2025-04-24 18:58:00 - DEBUG - [_process_strategies] [N/A] ⏱ Skipping VWAP_diff_signal_1700, not yet time (every 5m)
2025-04-24 18:58:00 - DEBUG - [_process_strategies] [N/A] ⏱ Skipping VWAP_diff_signal_rsi_1700, not yet time (every 5m)
2025-04-24 18:58:00 - DEBUG - [_process_strategies] [N/A] ⏱ Skipping EMA_Cross_candle, not yet time (every 5m)
2025-04-24 18:58:00 - INFO - [_update_active_orders_and_telegram] [N/A] 📊 Updating SL/TP for active orders
2025-04-24 18:58:01 - INFO - [_wait_until_next_iteration] [N/A] ⏳ Sleeping for 58.92 seconds before the next cycle
2025-04-24 18:59:00 - DEBUG - [_process_strategies] [N/A] ⏱ Skipping VWAP_diff_signal_1700_volume, not yet time (every 5m)
2025-04-24 18:59:00 - DEBUG - [_process_strategies] [N/A] ⏱ Skipping SMA_Cross_sma50, not yet time (every 5m)
2025-04-24 18:59:00 - DEBUG - [_process_strategies] [N/A] ⏱ Skipping SMA_Cross_candle, not yet time (every 5m)
2025-04-24 18:59:00 - DEBUG - [_process_strategies] [N/A] ⏱ Skipping EMA_Cross_ema50, not yet time (every 5m)
2025-04-24 18:59:00 - DEBUG - [_process_strategies] [N/A] ⏱ Skipping VWAP_diff_signal_1700, not yet time (every 5m)
2025-04-24 18:59:00 - DEBUG - [_process_strategies] [N/A] ⏱ Skipping VWAP_diff_signal_rsi_1700, not yet time (every 5m)
2025-04-24 18:59:00 - DEBUG - [_process_strategies] [N/A] ⏱ Skipping EMA_Cross_candle, not yet time (every 5m)
2025-04-24 18:59:00 - INFO - [_update_active_orders_and_telegram] [N/A] 📊 Updating SL/TP for active orders
2025-04-24 18:59:01 - INFO - [_wait_until_next_iteration] [N/A] ⏳ Sleeping for 58.93 seconds before the next cycle
2025-04-24 19:00:00 - INFO - [_run_strategy_if_applicable] [N/A] ⏰ Strategy 'VWAP_diff_signal_1700_volume' not executed because it's outside the time window: 17:30:00 - 19:00:00
2025-04-24 19:00:00 - INFO - [_run_strategy_if_applicable] [N/A] ⏰ Strategy 'SMA_Cross_sma50' not executed because it's outside the time window: 16:35:00 - 16:50:00
2025-04-24 19:00:00 - INFO - [_run_strategy_if_applicable] [N/A] ⏰ Strategy 'SMA_Cross_candle' not executed because it's outside the time window: 16:35:00 - 16:50:00
2025-04-24 19:00:00 - INFO - [_run_strategy_if_applicable] [N/A] ⏰ Strategy 'EMA_Cross_ema50' not executed because it's outside the time window: 16:35:00 - 16:50:00
2025-04-24 19:00:00 - INFO - [_run_strategy_if_applicable] [N/A] ⏰ Strategy 'VWAP_diff_signal_1700' not executed because it's outside the time window: 17:30:00 - 19:00:00
2025-04-24 19:00:00 - INFO - [_run_strategy_if_applicable] [N/A] ⏰ Strategy 'VWAP_diff_signal_rsi_1700' not executed because it's outside the time window: 17:30:00 - 19:00:00
2025-04-24 19:00:00 - INFO - [_run_strategy_if_applicable] [N/A] ⏰ Strategy 'EMA_Cross_candle' not executed because it's outside the time window: 16:35:00 - 16:50:00
2025-04-24 19:00:00 - INFO - [_update_active_orders_and_telegram] [N/A] 📊 Updating SL/TP for active orders
2025-04-24 19:00:01 - INFO - [_wait_until_next_iteration] [N/A] ⏳ Sleeping for 58.92 seconds before the next cycle
2025-04-24 19:01:00 - DEBUG - [_process_strategies] [N/A] ⏱ Skipping VWAP_diff_signal_1700_volume, not yet time (every 5m)
2025-04-24 19:01:00 - DEBUG - [_process_strategies] [N/A] ⏱ Skipping SMA_Cross_sma50, not yet time (every 5m)
2025-04-24 19:01:00 - DEBUG - [_process_strategies] [N/A] ⏱ Skipping SMA_Cross_candle, not yet time (every 5m)
2025-04-24 19:01:00 - DEBUG - [_process_strategies] [N/A] ⏱ Skipping EMA_Cross_ema50, not yet time (every 5m)
2025-04-24 19:01:00 - DEBUG - [_process_strategies] [N/A] ⏱ Skipping VWAP_diff_signal_1700, not yet time (every 5m)
2025-04-24 19:01:00 - DEBUG - [_process_strategies] [N/A] ⏱ Skipping VWAP_diff_signal_rsi_1700, not yet time (every 5m)
2025-04-24 19:01:00 - DEBUG - [_process_strategies] [N/A] ⏱ Skipping EMA_Cross_candle, not yet time (every 5m)
2025-04-24 19:01:00 - INFO - [_update_active_orders_and_telegram] [N/A] 📊 Updating SL/TP for active orders
2025-04-24 19:01:01 - INFO - [_wait_until_next_iteration] [N/A] ⏳ Sleeping for 58.94 seconds before the next cycle
2025-04-24 19:02:00 - DEBUG - [_process_strategies] [N/A] ⏱ Skipping VWAP_diff_signal_1700_volume, not yet time (every 5m)
2025-04-24 19:02:00 - DEBUG - [_process_strategies] [N/A] ⏱ Skipping SMA_Cross_sma50, not yet time (every 5m)
2025-04-24 19:02:00 - DEBUG - [_process_strategies] [N/A] ⏱ Skipping SMA_Cross_candle, not yet time (every 5m)
2025-04-24 19:02:00 - DEBUG - [_process_strategies] [N/A] ⏱ Skipping EMA_Cross_ema50, not yet time (every 5m)
2025-04-24 19:02:00 - DEBUG - [_process_strategies] [N/A] ⏱ Skipping VWAP_diff_signal_1700, not yet time (every 5m)
2025-04-24 19:02:00 - DEBUG - [_process_strategies] [N/A] ⏱ Skipping VWAP_diff_signal_rsi_1700, not yet time (every 5m)
2025-04-24 19:02:00 - DEBUG - [_process_strategies] [N/A] ⏱ Skipping EMA_Cross_candle, not yet time (every 5m)
2025-04-24 19:02:00 - INFO - [_update_active_orders_and_telegram] [N/A] 📊 Updating SL/TP for active orders
2025-04-24 19:02:01 - INFO - [_wait_until_next_iteration] [N/A] ⏳ Sleeping for 58.92 seconds before the next cycle
2025-04-24 19:03:00 - DEBUG - [_process_strategies] [N/A] ⏱ Skipping VWAP_diff_signal_1700_volume, not yet time (every 5m)
2025-04-24 19:03:00 - DEBUG - [_process_strategies] [N/A] ⏱ Skipping SMA_Cross_sma50, not yet time (every 5m)
2025-04-24 19:03:00 - DEBUG - [_process_strategies] [N/A] ⏱ Skipping SMA_Cross_candle, not yet time (every 5m)
2025-04-24 19:03:00 - DEBUG - [_process_strategies] [N/A] ⏱ Skipping EMA_Cross_ema50, not yet time (every 5m)
2025-04-24 19:03:00 - DEBUG - [_process_strategies] [N/A] ⏱ Skipping VWAP_diff_signal_1700, not yet time (every 5m)
2025-04-24 19:03:00 - DEBUG - [_process_strategies] [N/A] ⏱ Skipping VWAP_diff_signal_rsi_1700, not yet time (every 5m)
2025-04-24 19:03:00 - DEBUG - [_process_strategies] [N/A] ⏱ Skipping EMA_Cross_candle, not yet time (every 5m)
2025-04-24 19:03:00 - INFO - [_update_active_orders_and_telegram] [N/A] 📊 Updating SL/TP for active orders
2025-04-24 19:03:01 - INFO - [_wait_until_next_iteration] [N/A] ⏳ Sleeping for 58.92 seconds before the next cycle
2025-04-24 19:04:00 - DEBUG - [_process_strategies] [N/A] ⏱ Skipping VWAP_diff_signal_1700_volume, not yet time (every 5m)
2025-04-24 19:04:00 - DEBUG - [_process_strategies] [N/A] ⏱ Skipping SMA_Cross_sma50, not yet time (every 5m)
2025-04-24 19:04:00 - DEBUG - [_process_strategies] [N/A] ⏱ Skipping SMA_Cross_candle, not yet time (every 5m)
2025-04-24 19:04:00 - DEBUG - [_process_strategies] [N/A] ⏱ Skipping EMA_Cross_ema50, not yet time (every 5m)
2025-04-24 19:04:00 - DEBUG - [_process_strategies] [N/A] ⏱ Skipping VWAP_diff_signal_1700, not yet time (every 5m)
2025-04-24 19:04:00 - DEBUG - [_process_strategies] [N/A] ⏱ Skipping VWAP_diff_signal_rsi_1700, not yet time (every 5m)
2025-04-24 19:04:00 - DEBUG - [_process_strategies] [N/A] ⏱ Skipping EMA_Cross_candle, not yet time (every 5m)
2025-04-24 19:04:00 - INFO - [_update_active_orders_and_telegram] [N/A] 📊 Updating SL/TP for active orders
2025-04-24 19:04:01 - INFO - [_wait_until_next_iteration] [N/A] ⏳ Sleeping for 58.92 seconds before the next cycle
2025-04-24 19:05:00 - INFO - [_run_strategy_if_applicable] [N/A] ⏰ Strategy 'VWAP_diff_signal_1700_volume' not executed because it's outside the time window: 17:30:00 - 19:00:00
2025-04-24 19:05:00 - INFO - [_run_strategy_if_applicable] [N/A] ⏰ Strategy 'SMA_Cross_sma50' not executed because it's outside the time window: 16:35:00 - 16:50:00
2025-04-24 19:05:00 - INFO - [_run_strategy_if_applicable] [N/A] ⏰ Strategy 'SMA_Cross_candle' not executed because it's outside the time window: 16:35:00 - 16:50:00
2025-04-24 19:05:00 - INFO - [_run_strategy_if_applicable] [N/A] ⏰ Strategy 'EMA_Cross_ema50' not executed because it's outside the time window: 16:35:00 - 16:50:00
2025-04-24 19:05:00 - INFO - [_run_strategy_if_applicable] [N/A] ⏰ Strategy 'VWAP_diff_signal_1700' not executed because it's outside the time window: 17:30:00 - 19:00:00
2025-04-24 19:05:00 - INFO - [_run_strategy_if_applicable] [N/A] ⏰ Strategy 'VWAP_diff_signal_rsi_1700' not executed because it's outside the time window: 17:30:00 - 19:00:00
2025-04-24 19:05:00 - INFO - [_run_strategy_if_applicable] [N/A] ⏰ Strategy 'EMA_Cross_candle' not executed because it's outside the time window: 16:35:00 - 16:50:00
2025-04-24 19:05:00 - INFO - [_update_active_orders_and_telegram] [N/A] 📊 Updating SL/TP for active orders
2025-04-24 19:05:01 - INFO - [_wait_until_next_iteration] [N/A] ⏳ Sleeping for 58.89 seconds before the next cycle
2025-04-24 19:06:00 - DEBUG - [_process_strategies] [N/A] ⏱ Skipping VWAP_diff_signal_1700_volume, not yet time (every 5m)
2025-04-24 19:06:00 - DEBUG - [_process_strategies] [N/A] ⏱ Skipping SMA_Cross_sma50, not yet time (every 5m)
2025-04-24 19:06:00 - DEBUG - [_process_strategies] [N/A] ⏱ Skipping SMA_Cross_candle, not yet time (every 5m)
2025-04-24 19:06:00 - DEBUG - [_process_strategies] [N/A] ⏱ Skipping EMA_Cross_ema50, not yet time (every 5m)
2025-04-24 19:06:00 - DEBUG - [_process_strategies] [N/A] ⏱ Skipping VWAP_diff_signal_1700, not yet time (every 5m)
2025-04-24 19:06:00 - DEBUG - [_process_strategies] [N/A] ⏱ Skipping VWAP_diff_signal_rsi_1700, not yet time (every 5m)
2025-04-24 19:06:00 - DEBUG - [_process_strategies] [N/A] ⏱ Skipping EMA_Cross_candle, not yet time (every 5m)
2025-04-24 19:06:00 - INFO - [_update_active_orders_and_telegram] [N/A] 📊 Updating SL/TP for active orders
2025-04-24 19:06:01 - INFO - [_wait_until_next_iteration] [N/A] ⏳ Sleeping for 58.92 seconds before the next cycle
2025-04-24 19:07:00 - DEBUG - [_process_strategies] [N/A] ⏱ Skipping VWAP_diff_signal_1700_volume, not yet time (every 5m)
2025-04-24 19:07:00 - DEBUG - [_process_strategies] [N/A] ⏱ Skipping SMA_Cross_sma50, not yet time (every 5m)
2025-04-24 19:07:00 - DEBUG - [_process_strategies] [N/A] ⏱ Skipping SMA_Cross_candle, not yet time (every 5m)
2025-04-24 19:07:00 - DEBUG - [_process_strategies] [N/A] ⏱ Skipping EMA_Cross_ema50, not yet time (every 5m)
2025-04-24 19:07:00 - DEBUG - [_process_strategies] [N/A] ⏱ Skipping VWAP_diff_signal_1700, not yet time (every 5m)
2025-04-24 19:07:00 - DEBUG - [_process_strategies] [N/A] ⏱ Skipping VWAP_diff_signal_rsi_1700, not yet time (every 5m)
2025-04-24 19:07:00 - DEBUG - [_process_strategies] [N/A] ⏱ Skipping EMA_Cross_candle, not yet time (every 5m)
2025-04-24 19:07:00 - INFO - [_update_active_orders_and_telegram] [N/A] 📊 Updating SL/TP for active orders
2025-04-24 19:07:01 - INFO - [_wait_until_next_iteration] [N/A] ⏳ Sleeping for 58.92 seconds before the next cycle
2025-04-24 19:08:00 - DEBUG - [_process_strategies] [N/A] ⏱ Skipping VWAP_diff_signal_1700_volume, not yet time (every 5m)
2025-04-24 19:08:00 - DEBUG - [_process_strategies] [N/A] ⏱ Skipping SMA_Cross_sma50, not yet time (every 5m)
2025-04-24 19:08:00 - DEBUG - [_process_strategies] [N/A] ⏱ Skipping SMA_Cross_candle, not yet time (every 5m)
2025-04-24 19:08:00 - DEBUG - [_process_strategies] [N/A] ⏱ Skipping EMA_Cross_ema50, not yet time (every 5m)
2025-04-24 19:08:00 - DEBUG - [_process_strategies] [N/A] ⏱ Skipping VWAP_diff_signal_1700, not yet time (every 5m)
2025-04-24 19:08:00 - DEBUG - [_process_strategies] [N/A] ⏱ Skipping VWAP_diff_signal_rsi_1700, not yet time (every 5m)
2025-04-24 19:08:00 - DEBUG - [_process_strategies] [N/A] ⏱ Skipping EMA_Cross_candle, not yet time (every 5m)
2025-04-24 19:08:00 - INFO - [_update_active_orders_and_telegram] [N/A] 📊 Updating SL/TP for active orders
2025-04-24 19:08:01 - INFO - [_wait_until_next_iteration] [N/A] ⏳ Sleeping for 58.89 seconds before the next cycle
2025-04-24 19:09:00 - DEBUG - [_process_strategies] [N/A] ⏱ Skipping VWAP_diff_signal_1700_volume, not yet time (every 5m)
2025-04-24 19:09:00 - DEBUG - [_process_strategies] [N/A] ⏱ Skipping SMA_Cross_sma50, not yet time (every 5m)
2025-04-24 19:09:00 - DEBUG - [_process_strategies] [N/A] ⏱ Skipping SMA_Cross_candle, not yet time (every 5m)
2025-04-24 19:09:00 - DEBUG - [_process_strategies] [N/A] ⏱ Skipping EMA_Cross_ema50, not yet time (every 5m)
2025-04-24 19:09:00 - DEBUG - [_process_strategies] [N/A] ⏱ Skipping VWAP_diff_signal_1700, not yet time (every 5m)
2025-04-24 19:09:00 - DEBUG - [_process_strategies] [N/A] ⏱ Skipping VWAP_diff_signal_rsi_1700, not yet time (every 5m)
2025-04-24 19:09:00 - DEBUG - [_process_strategies] [N/A] ⏱ Skipping EMA_Cross_candle, not yet time (every 5m)
2025-04-24 19:09:00 - INFO - [_update_active_orders_and_telegram] [N/A] 📊 Updating SL/TP for active orders
2025-04-24 19:09:01 - INFO - [_wait_until_next_iteration] [N/A] ⏳ Sleeping for 58.92 seconds before the next cycle
2025-04-24 19:10:00 - INFO - [_run_strategy_if_applicable] [N/A] ⏰ Strategy 'VWAP_diff_signal_1700_volume' not executed because it's outside the time window: 17:30:00 - 19:00:00
2025-04-24 19:10:00 - INFO - [_run_strategy_if_applicable] [N/A] ⏰ Strategy 'SMA_Cross_sma50' not executed because it's outside the time window: 16:35:00 - 16:50:00
2025-04-24 19:10:00 - INFO - [_run_strategy_if_applicable] [N/A] ⏰ Strategy 'SMA_Cross_candle' not executed because it's outside the time window: 16:35:00 - 16:50:00
2025-04-24 19:10:00 - INFO - [_run_strategy_if_applicable] [N/A] ⏰ Strategy 'EMA_Cross_ema50' not executed because it's outside the time window: 16:35:00 - 16:50:00
2025-04-24 19:10:00 - INFO - [_run_strategy_if_applicable] [N/A] ⏰ Strategy 'VWAP_diff_signal_1700' not executed because it's outside the time window: 17:30:00 - 19:00:00
2025-04-24 19:10:00 - INFO - [_run_strategy_if_applicable] [N/A] ⏰ Strategy 'VWAP_diff_signal_rsi_1700' not executed because it's outside the time window: 17:30:00 - 19:00:00
2025-04-24 19:10:00 - INFO - [_run_strategy_if_applicable] [N/A] ⏰ Strategy 'EMA_Cross_candle' not executed because it's outside the time window: 16:35:00 - 16:50:00
2025-04-24 19:10:00 - INFO - [_update_active_orders_and_telegram] [N/A] 📊 Updating SL/TP for active orders
2025-04-24 19:10:01 - INFO - [_wait_until_next_iteration] [N/A] ⏳ Sleeping for 58.92 seconds before the next cycle
2025-04-24 19:11:00 - DEBUG - [_process_strategies] [N/A] ⏱ Skipping VWAP_diff_signal_1700_volume, not yet time (every 5m)
2025-04-24 19:11:00 - DEBUG - [_process_strategies] [N/A] ⏱ Skipping SMA_Cross_sma50, not yet time (every 5m)
2025-04-24 19:11:00 - DEBUG - [_process_strategies] [N/A] ⏱ Skipping SMA_Cross_candle, not yet time (every 5m)
2025-04-24 19:11:00 - DEBUG - [_process_strategies] [N/A] ⏱ Skipping EMA_Cross_ema50, not yet time (every 5m)
2025-04-24 19:11:00 - DEBUG - [_process_strategies] [N/A] ⏱ Skipping VWAP_diff_signal_1700, not yet time (every 5m)
2025-04-24 19:11:00 - DEBUG - [_process_strategies] [N/A] ⏱ Skipping VWAP_diff_signal_rsi_1700, not yet time (every 5m)
2025-04-24 19:11:00 - DEBUG - [_process_strategies] [N/A] ⏱ Skipping EMA_Cross_candle, not yet time (every 5m)
2025-04-24 19:11:00 - INFO - [_update_active_orders_and_telegram] [N/A] 📊 Updating SL/TP for active orders
2025-04-24 19:11:01 - INFO - [_wait_until_next_iteration] [N/A] ⏳ Sleeping for 58.89 seconds before the next cycle
2025-04-24 19:12:00 - DEBUG - [_process_strategies] [N/A] ⏱ Skipping VWAP_diff_signal_1700_volume, not yet time (every 5m)
2025-04-24 19:12:00 - DEBUG - [_process_strategies] [N/A] ⏱ Skipping SMA_Cross_sma50, not yet time (every 5m)
2025-04-24 19:12:00 - DEBUG - [_process_strategies] [N/A] ⏱ Skipping SMA_Cross_candle, not yet time (every 5m)
2025-04-24 19:12:00 - DEBUG - [_process_strategies] [N/A] ⏱ Skipping EMA_Cross_ema50, not yet time (every 5m)
2025-04-24 19:12:00 - DEBUG - [_process_strategies] [N/A] ⏱ Skipping VWAP_diff_signal_1700, not yet time (every 5m)
2025-04-24 19:12:00 - DEBUG - [_process_strategies] [N/A] ⏱ Skipping VWAP_diff_signal_rsi_1700, not yet time (every 5m)
2025-04-24 19:12:00 - DEBUG - [_process_strategies] [N/A] ⏱ Skipping EMA_Cross_candle, not yet time (every 5m)
2025-04-24 19:12:00 - INFO - [_update_active_orders_and_telegram] [N/A] 📊 Updating SL/TP for active orders
2025-04-24 19:12:01 - INFO - [_wait_until_next_iteration] [N/A] ⏳ Sleeping for 58.93 seconds before the next cycle
2025-04-24 19:13:00 - DEBUG - [_process_strategies] [N/A] ⏱ Skipping VWAP_diff_signal_1700_volume, not yet time (every 5m)
2025-04-24 19:13:00 - DEBUG - [_process_strategies] [N/A] ⏱ Skipping SMA_Cross_sma50, not yet time (every 5m)
2025-04-24 19:13:00 - DEBUG - [_process_strategies] [N/A] ⏱ Skipping SMA_Cross_candle, not yet time (every 5m)
2025-04-24 19:13:00 - DEBUG - [_process_strategies] [N/A] ⏱ Skipping EMA_Cross_ema50, not yet time (every 5m)
2025-04-24 19:13:00 - DEBUG - [_process_strategies] [N/A] ⏱ Skipping VWAP_diff_signal_1700, not yet time (every 5m)
2025-04-24 19:13:00 - DEBUG - [_process_strategies] [N/A] ⏱ Skipping VWAP_diff_signal_rsi_1700, not yet time (every 5m)
2025-04-24 19:13:00 - DEBUG - [_process_strategies] [N/A] ⏱ Skipping EMA_Cross_candle, not yet time (every 5m)
2025-04-24 19:13:00 - INFO - [_update_active_orders_and_telegram] [N/A] 📊 Updating SL/TP for active orders
2025-04-24 19:13:01 - INFO - [_wait_until_next_iteration] [N/A] ⏳ Sleeping for 58.92 seconds before the next cycle
2025-04-24 19:14:00 - DEBUG - [_process_strategies] [N/A] ⏱ Skipping VWAP_diff_signal_1700_volume, not yet time (every 5m)
2025-04-24 19:14:00 - DEBUG - [_process_strategies] [N/A] ⏱ Skipping SMA_Cross_sma50, not yet time (every 5m)
2025-04-24 19:14:00 - DEBUG - [_process_strategies] [N/A] ⏱ Skipping SMA_Cross_candle, not yet time (every 5m)
2025-04-24 19:14:00 - DEBUG - [_process_strategies] [N/A] ⏱ Skipping EMA_Cross_ema50, not yet time (every 5m)
2025-04-24 19:14:00 - DEBUG - [_process_strategies] [N/A] ⏱ Skipping VWAP_diff_signal_1700, not yet time (every 5m)
2025-04-24 19:14:00 - DEBUG - [_process_strategies] [N/A] ⏱ Skipping VWAP_diff_signal_rsi_1700, not yet time (every 5m)
2025-04-24 19:14:00 - DEBUG - [_process_strategies] [N/A] ⏱ Skipping EMA_Cross_candle, not yet time (every 5m)
2025-04-24 19:14:00 - INFO - [_update_active_orders_and_telegram] [N/A] 📊 Updating SL/TP for active orders
2025-04-24 19:14:01 - INFO - [_wait_until_next_iteration] [N/A] ⏳ Sleeping for 58.89 seconds before the next cycle
2025-04-24 19:15:00 - INFO - [_run_strategy_if_applicable] [N/A] ⏰ Strategy 'VWAP_diff_signal_1700_volume' not executed because it's outside the time window: 17:30:00 - 19:00:00
2025-04-24 19:15:00 - INFO - [_run_strategy_if_applicable] [N/A] ⏰ Strategy 'SMA_Cross_sma50' not executed because it's outside the time window: 16:35:00 - 16:50:00
2025-04-24 19:15:00 - INFO - [_run_strategy_if_applicable] [N/A] ⏰ Strategy 'SMA_Cross_candle' not executed because it's outside the time window: 16:35:00 - 16:50:00
2025-04-24 19:15:00 - INFO - [_run_strategy_if_applicable] [N/A] ⏰ Strategy 'EMA_Cross_ema50' not executed because it's outside the time window: 16:35:00 - 16:50:00
2025-04-24 19:15:00 - INFO - [_run_strategy_if_applicable] [N/A] ⏰ Strategy 'VWAP_diff_signal_1700' not executed because it's outside the time window: 17:30:00 - 19:00:00
2025-04-24 19:15:00 - INFO - [_run_strategy_if_applicable] [N/A] ⏰ Strategy 'VWAP_diff_signal_rsi_1700' not executed because it's outside the time window: 17:30:00 - 19:00:00
2025-04-24 19:15:00 - INFO - [_run_strategy_if_applicable] [N/A] ⏰ Strategy 'EMA_Cross_candle' not executed because it's outside the time window: 16:35:00 - 16:50:00
2025-04-24 19:15:00 - INFO - [_update_active_orders_and_telegram] [N/A] 📊 Updating SL/TP for active orders
2025-04-24 19:15:01 - INFO - [_wait_until_next_iteration] [N/A] ⏳ Sleeping for 58.92 seconds before the next cycle
2025-04-24 19:16:00 - DEBUG - [_process_strategies] [N/A] ⏱ Skipping VWAP_diff_signal_1700_volume, not yet time (every 5m)
2025-04-24 19:16:00 - DEBUG - [_process_strategies] [N/A] ⏱ Skipping SMA_Cross_sma50, not yet time (every 5m)
2025-04-24 19:16:00 - DEBUG - [_process_strategies] [N/A] ⏱ Skipping SMA_Cross_candle, not yet time (every 5m)
2025-04-24 19:16:00 - DEBUG - [_process_strategies] [N/A] ⏱ Skipping EMA_Cross_ema50, not yet time (every 5m)
2025-04-24 19:16:00 - DEBUG - [_process_strategies] [N/A] ⏱ Skipping VWAP_diff_signal_1700, not yet time (every 5m)
2025-04-24 19:16:00 - DEBUG - [_process_strategies] [N/A] ⏱ Skipping VWAP_diff_signal_rsi_1700, not yet time (every 5m)
2025-04-24 19:16:00 - DEBUG - [_process_strategies] [N/A] ⏱ Skipping EMA_Cross_candle, not yet time (every 5m)
2025-04-24 19:16:00 - INFO - [_update_active_orders_and_telegram] [N/A] 📊 Updating SL/TP for active orders
2025-04-24 19:16:01 - INFO - [_wait_until_next_iteration] [N/A] ⏳ Sleeping for 58.93 seconds before the next cycle
2025-04-24 19:17:00 - DEBUG - [_process_strategies] [N/A] ⏱ Skipping VWAP_diff_signal_1700_volume, not yet time (every 5m)
2025-04-24 19:17:00 - DEBUG - [_process_strategies] [N/A] ⏱ Skipping SMA_Cross_sma50, not yet time (every 5m)
2025-04-24 19:17:00 - DEBUG - [_process_strategies] [N/A] ⏱ Skipping SMA_Cross_candle, not yet time (every 5m)
2025-04-24 19:17:00 - DEBUG - [_process_strategies] [N/A] ⏱ Skipping EMA_Cross_ema50, not yet time (every 5m)
2025-04-24 19:17:00 - DEBUG - [_process_strategies] [N/A] ⏱ Skipping VWAP_diff_signal_1700, not yet time (every 5m)
2025-04-24 19:17:00 - DEBUG - [_process_strategies] [N/A] ⏱ Skipping VWAP_diff_signal_rsi_1700, not yet time (every 5m)
2025-04-24 19:17:00 - DEBUG - [_process_strategies] [N/A] ⏱ Skipping EMA_Cross_candle, not yet time (every 5m)
2025-04-24 19:17:00 - INFO - [_update_active_orders_and_telegram] [N/A] 📊 Updating SL/TP for active orders
2025-04-24 19:17:01 - INFO - [_wait_until_next_iteration] [N/A] ⏳ Sleeping for 58.92 seconds before the next cycle
2025-04-24 19:18:00 - DEBUG - [_process_strategies] [N/A] ⏱ Skipping VWAP_diff_signal_1700_volume, not yet time (every 5m)
2025-04-24 19:18:00 - DEBUG - [_process_strategies] [N/A] ⏱ Skipping SMA_Cross_sma50, not yet time (every 5m)
2025-04-24 19:18:00 - DEBUG - [_process_strategies] [N/A] ⏱ Skipping SMA_Cross_candle, not yet time (every 5m)
2025-04-24 19:18:00 - DEBUG - [_process_strategies] [N/A] ⏱ Skipping EMA_Cross_ema50, not yet time (every 5m)
2025-04-24 19:18:00 - DEBUG - [_process_strategies] [N/A] ⏱ Skipping VWAP_diff_signal_1700, not yet time (every 5m)
2025-04-24 19:18:00 - DEBUG - [_process_strategies] [N/A] ⏱ Skipping VWAP_diff_signal_rsi_1700, not yet time (every 5m)
2025-04-24 19:18:00 - DEBUG - [_process_strategies] [N/A] ⏱ Skipping EMA_Cross_candle, not yet time (every 5m)
2025-04-24 19:18:00 - INFO - [_update_active_orders_and_telegram] [N/A] 📊 Updating SL/TP for active orders
2025-04-24 19:18:01 - INFO - [_wait_until_next_iteration] [N/A] ⏳ Sleeping for 58.87 seconds before the next cycle
2025-04-24 19:19:00 - DEBUG - [_process_strategies] [N/A] ⏱ Skipping VWAP_diff_signal_1700_volume, not yet time (every 5m)
2025-04-24 19:19:00 - DEBUG - [_process_strategies] [N/A] ⏱ Skipping SMA_Cross_sma50, not yet time (every 5m)
2025-04-24 19:19:00 - DEBUG - [_process_strategies] [N/A] ⏱ Skipping SMA_Cross_candle, not yet time (every 5m)
2025-04-24 19:19:00 - DEBUG - [_process_strategies] [N/A] ⏱ Skipping EMA_Cross_ema50, not yet time (every 5m)
2025-04-24 19:19:00 - DEBUG - [_process_strategies] [N/A] ⏱ Skipping VWAP_diff_signal_1700, not yet time (every 5m)
2025-04-24 19:19:00 - DEBUG - [_process_strategies] [N/A] ⏱ Skipping VWAP_diff_signal_rsi_1700, not yet time (every 5m)
2025-04-24 19:19:00 - DEBUG - [_process_strategies] [N/A] ⏱ Skipping EMA_Cross_candle, not yet time (every 5m)
2025-04-24 19:19:00 - INFO - [_update_active_orders_and_telegram] [N/A] 📊 Updating SL/TP for active orders
2025-04-24 19:19:01 - INFO - [_wait_until_next_iteration] [N/A] ⏳ Sleeping for 58.93 seconds before the next cycle
2025-04-24 19:20:00 - INFO - [_run_strategy_if_applicable] [N/A] ⏰ Strategy 'VWAP_diff_signal_1700_volume' not executed because it's outside the time window: 17:30:00 - 19:00:00
2025-04-24 19:20:00 - INFO - [_run_strategy_if_applicable] [N/A] ⏰ Strategy 'SMA_Cross_sma50' not executed because it's outside the time window: 16:35:00 - 16:50:00
2025-04-24 19:20:00 - INFO - [_run_strategy_if_applicable] [N/A] ⏰ Strategy 'SMA_Cross_candle' not executed because it's outside the time window: 16:35:00 - 16:50:00
2025-04-24 19:20:00 - INFO - [_run_strategy_if_applicable] [N/A] ⏰ Strategy 'EMA_Cross_ema50' not executed because it's outside the time window: 16:35:00 - 16:50:00
2025-04-24 19:20:00 - INFO - [_run_strategy_if_applicable] [N/A] ⏰ Strategy 'VWAP_diff_signal_1700' not executed because it's outside the time window: 17:30:00 - 19:00:00
2025-04-24 19:20:00 - INFO - [_run_strategy_if_applicable] [N/A] ⏰ Strategy 'VWAP_diff_signal_rsi_1700' not executed because it's outside the time window: 17:30:00 - 19:00:00
2025-04-24 19:20:00 - INFO - [_run_strategy_if_applicable] [N/A] ⏰ Strategy 'EMA_Cross_candle' not executed because it's outside the time window: 16:35:00 - 16:50:00
2025-04-24 19:20:00 - INFO - [_update_active_orders_and_telegram] [N/A] 📊 Updating SL/TP for active orders
2025-04-24 19:20:01 - INFO - [_wait_until_next_iteration] [N/A] ⏳ Sleeping for 58.93 seconds before the next cycle
2025-04-24 19:21:00 - DEBUG - [_process_strategies] [N/A] ⏱ Skipping VWAP_diff_signal_1700_volume, not yet time (every 5m)
2025-04-24 19:21:00 - DEBUG - [_process_strategies] [N/A] ⏱ Skipping SMA_Cross_sma50, not yet time (every 5m)
2025-04-24 19:21:00 - DEBUG - [_process_strategies] [N/A] ⏱ Skipping SMA_Cross_candle, not yet time (every 5m)
2025-04-24 19:21:00 - DEBUG - [_process_strategies] [N/A] ⏱ Skipping EMA_Cross_ema50, not yet time (every 5m)
2025-04-24 19:21:00 - DEBUG - [_process_strategies] [N/A] ⏱ Skipping VWAP_diff_signal_1700, not yet time (every 5m)
2025-04-24 19:21:00 - DEBUG - [_process_strategies] [N/A] ⏱ Skipping VWAP_diff_signal_rsi_1700, not yet time (every 5m)
2025-04-24 19:21:00 - DEBUG - [_process_strategies] [N/A] ⏱ Skipping EMA_Cross_candle, not yet time (every 5m)
2025-04-24 19:21:00 - INFO - [_update_active_orders_and_telegram] [N/A] 📊 Updating SL/TP for active orders
2025-04-24 19:21:01 - INFO - [_wait_until_next_iteration] [N/A] ⏳ Sleeping for 58.93 seconds before the next cycle
2025-04-24 19:22:00 - DEBUG - [_process_strategies] [N/A] ⏱ Skipping VWAP_diff_signal_1700_volume, not yet time (every 5m)
2025-04-24 19:22:00 - DEBUG - [_process_strategies] [N/A] ⏱ Skipping SMA_Cross_sma50, not yet time (every 5m)
2025-04-24 19:22:00 - DEBUG - [_process_strategies] [N/A] ⏱ Skipping SMA_Cross_candle, not yet time (every 5m)
2025-04-24 19:22:00 - DEBUG - [_process_strategies] [N/A] ⏱ Skipping EMA_Cross_ema50, not yet time (every 5m)
2025-04-24 19:22:00 - DEBUG - [_process_strategies] [N/A] ⏱ Skipping VWAP_diff_signal_1700, not yet time (every 5m)
2025-04-24 19:22:00 - DEBUG - [_process_strategies] [N/A] ⏱ Skipping VWAP_diff_signal_rsi_1700, not yet time (every 5m)
2025-04-24 19:22:00 - DEBUG - [_process_strategies] [N/A] ⏱ Skipping EMA_Cross_candle, not yet time (every 5m)
2025-04-24 19:22:00 - INFO - [_update_active_orders_and_telegram] [N/A] 📊 Updating SL/TP for active orders
2025-04-24 19:22:01 - INFO - [_wait_until_next_iteration] [N/A] ⏳ Sleeping for 58.92 seconds before the next cycle
2025-04-24 19:23:00 - DEBUG - [_process_strategies] [N/A] ⏱ Skipping VWAP_diff_signal_1700_volume, not yet time (every 5m)
2025-04-24 19:23:00 - DEBUG - [_process_strategies] [N/A] ⏱ Skipping SMA_Cross_sma50, not yet time (every 5m)
2025-04-24 19:23:00 - DEBUG - [_process_strategies] [N/A] ⏱ Skipping SMA_Cross_candle, not yet time (every 5m)
2025-04-24 19:23:00 - DEBUG - [_process_strategies] [N/A] ⏱ Skipping EMA_Cross_ema50, not yet time (every 5m)
2025-04-24 19:23:00 - DEBUG - [_process_strategies] [N/A] ⏱ Skipping VWAP_diff_signal_1700, not yet time (every 5m)
2025-04-24 19:23:00 - DEBUG - [_process_strategies] [N/A] ⏱ Skipping VWAP_diff_signal_rsi_1700, not yet time (every 5m)
2025-04-24 19:23:00 - DEBUG - [_process_strategies] [N/A] ⏱ Skipping EMA_Cross_candle, not yet time (every 5m)
2025-04-24 19:23:00 - INFO - [_update_active_orders_and_telegram] [N/A] 📊 Updating SL/TP for active orders
2025-04-24 19:23:01 - INFO - [_wait_until_next_iteration] [N/A] ⏳ Sleeping for 58.93 seconds before the next cycle
2025-04-24 19:24:00 - DEBUG - [_process_strategies] [N/A] ⏱ Skipping VWAP_diff_signal_1700_volume, not yet time (every 5m)
2025-04-24 19:24:00 - DEBUG - [_process_strategies] [N/A] ⏱ Skipping SMA_Cross_sma50, not yet time (every 5m)
2025-04-24 19:24:00 - DEBUG - [_process_strategies] [N/A] ⏱ Skipping SMA_Cross_candle, not yet time (every 5m)
2025-04-24 19:24:00 - DEBUG - [_process_strategies] [N/A] ⏱ Skipping EMA_Cross_ema50, not yet time (every 5m)
2025-04-24 19:24:00 - DEBUG - [_process_strategies] [N/A] ⏱ Skipping VWAP_diff_signal_1700, not yet time (every 5m)
2025-04-24 19:24:00 - DEBUG - [_process_strategies] [N/A] ⏱ Skipping VWAP_diff_signal_rsi_1700, not yet time (every 5m)
2025-04-24 19:24:00 - DEBUG - [_process_strategies] [N/A] ⏱ Skipping EMA_Cross_candle, not yet time (every 5m)
2025-04-24 19:24:00 - INFO - [_update_active_orders_and_telegram] [N/A] 📊 Updating SL/TP for active orders
2025-04-24 19:24:01 - INFO - [_wait_until_next_iteration] [N/A] ⏳ Sleeping for 58.91 seconds before the next cycle
2025-04-24 19:25:00 - INFO - [_run_strategy_if_applicable] [N/A] ⏰ Strategy 'VWAP_diff_signal_1700_volume' not executed because it's outside the time window: 17:30:00 - 19:00:00
2025-04-24 19:25:00 - INFO - [_run_strategy_if_applicable] [N/A] ⏰ Strategy 'SMA_Cross_sma50' not executed because it's outside the time window: 16:35:00 - 16:50:00
2025-04-24 19:25:00 - INFO - [_run_strategy_if_applicable] [N/A] ⏰ Strategy 'SMA_Cross_candle' not executed because it's outside the time window: 16:35:00 - 16:50:00
2025-04-24 19:25:00 - INFO - [_run_strategy_if_applicable] [N/A] ⏰ Strategy 'EMA_Cross_ema50' not executed because it's outside the time window: 16:35:00 - 16:50:00
2025-04-24 19:25:00 - INFO - [_run_strategy_if_applicable] [N/A] ⏰ Strategy 'VWAP_diff_signal_1700' not executed because it's outside the time window: 17:30:00 - 19:00:00
2025-04-24 19:25:00 - INFO - [_run_strategy_if_applicable] [N/A] ⏰ Strategy 'VWAP_diff_signal_rsi_1700' not executed because it's outside the time window: 17:30:00 - 19:00:00
2025-04-24 19:25:00 - INFO - [_run_strategy_if_applicable] [N/A] ⏰ Strategy 'EMA_Cross_candle' not executed because it's outside the time window: 16:35:00 - 16:50:00
2025-04-24 19:25:00 - INFO - [_update_active_orders_and_telegram] [N/A] 📊 Updating SL/TP for active orders
2025-04-24 19:25:01 - INFO - [_wait_until_next_iteration] [N/A] ⏳ Sleeping for 58.92 seconds before the next cycle
2025-04-24 19:26:00 - DEBUG - [_process_strategies] [N/A] ⏱ Skipping VWAP_diff_signal_1700_volume, not yet time (every 5m)
2025-04-24 19:26:00 - DEBUG - [_process_strategies] [N/A] ⏱ Skipping SMA_Cross_sma50, not yet time (every 5m)
2025-04-24 19:26:00 - DEBUG - [_process_strategies] [N/A] ⏱ Skipping SMA_Cross_candle, not yet time (every 5m)
2025-04-24 19:26:00 - DEBUG - [_process_strategies] [N/A] ⏱ Skipping EMA_Cross_ema50, not yet time (every 5m)
2025-04-24 19:26:00 - DEBUG - [_process_strategies] [N/A] ⏱ Skipping VWAP_diff_signal_1700, not yet time (every 5m)
2025-04-24 19:26:00 - DEBUG - [_process_strategies] [N/A] ⏱ Skipping VWAP_diff_signal_rsi_1700, not yet time (every 5m)
2025-04-24 19:26:00 - DEBUG - [_process_strategies] [N/A] ⏱ Skipping EMA_Cross_candle, not yet time (every 5m)
2025-04-24 19:26:00 - INFO - [_update_active_orders_and_telegram] [N/A] 📊 Updating SL/TP for active orders
2025-04-24 19:26:01 - INFO - [_wait_until_next_iteration] [N/A] ⏳ Sleeping for 58.92 seconds before the next cycle
2025-04-24 19:27:00 - DEBUG - [_process_strategies] [N/A] ⏱ Skipping VWAP_diff_signal_1700_volume, not yet time (every 5m)
2025-04-24 19:27:00 - DEBUG - [_process_strategies] [N/A] ⏱ Skipping SMA_Cross_sma50, not yet time (every 5m)
2025-04-24 19:27:00 - DEBUG - [_process_strategies] [N/A] ⏱ Skipping SMA_Cross_candle, not yet time (every 5m)
2025-04-24 19:27:00 - DEBUG - [_process_strategies] [N/A] ⏱ Skipping EMA_Cross_ema50, not yet time (every 5m)
2025-04-24 19:27:00 - DEBUG - [_process_strategies] [N/A] ⏱ Skipping VWAP_diff_signal_1700, not yet time (every 5m)
2025-04-24 19:27:00 - DEBUG - [_process_strategies] [N/A] ⏱ Skipping VWAP_diff_signal_rsi_1700, not yet time (every 5m)
2025-04-24 19:27:00 - DEBUG - [_process_strategies] [N/A] ⏱ Skipping EMA_Cross_candle, not yet time (every 5m)
2025-04-24 19:27:00 - INFO - [_update_active_orders_and_telegram] [N/A] 📊 Updating SL/TP for active orders
2025-04-24 19:27:01 - INFO - [_wait_until_next_iteration] [N/A] ⏳ Sleeping for 58.92 seconds before the next cycle
2025-04-24 19:28:00 - DEBUG - [_process_strategies] [N/A] ⏱ Skipping VWAP_diff_signal_1700_volume, not yet time (every 5m)
2025-04-24 19:28:00 - DEBUG - [_process_strategies] [N/A] ⏱ Skipping SMA_Cross_sma50, not yet time (every 5m)
2025-04-24 19:28:00 - DEBUG - [_process_strategies] [N/A] ⏱ Skipping SMA_Cross_candle, not yet time (every 5m)
2025-04-24 19:28:00 - DEBUG - [_process_strategies] [N/A] ⏱ Skipping EMA_Cross_ema50, not yet time (every 5m)
2025-04-24 19:28:00 - DEBUG - [_process_strategies] [N/A] ⏱ Skipping VWAP_diff_signal_1700, not yet time (every 5m)
2025-04-24 19:28:00 - DEBUG - [_process_strategies] [N/A] ⏱ Skipping VWAP_diff_signal_rsi_1700, not yet time (every 5m)
2025-04-24 19:28:00 - DEBUG - [_process_strategies] [N/A] ⏱ Skipping EMA_Cross_candle, not yet time (every 5m)
2025-04-24 19:28:00 - INFO - [_update_active_orders_and_telegram] [N/A] 📊 Updating SL/TP for active orders
2025-04-24 19:28:01 - INFO - [_wait_until_next_iteration] [N/A] ⏳ Sleeping for 58.92 seconds before the next cycle
2025-04-24 19:29:00 - DEBUG - [_process_strategies] [N/A] ⏱ Skipping VWAP_diff_signal_1700_volume, not yet time (every 5m)
2025-04-24 19:29:00 - DEBUG - [_process_strategies] [N/A] ⏱ Skipping SMA_Cross_sma50, not yet time (every 5m)
2025-04-24 19:29:00 - DEBUG - [_process_strategies] [N/A] ⏱ Skipping SMA_Cross_candle, not yet time (every 5m)
2025-04-24 19:29:00 - DEBUG - [_process_strategies] [N/A] ⏱ Skipping EMA_Cross_ema50, not yet time (every 5m)
2025-04-24 19:29:00 - DEBUG - [_process_strategies] [N/A] ⏱ Skipping VWAP_diff_signal_1700, not yet time (every 5m)
2025-04-24 19:29:00 - DEBUG - [_process_strategies] [N/A] ⏱ Skipping VWAP_diff_signal_rsi_1700, not yet time (every 5m)
2025-04-24 19:29:00 - DEBUG - [_process_strategies] [N/A] ⏱ Skipping EMA_Cross_candle, not yet time (every 5m)
2025-04-24 19:29:00 - INFO - [_update_active_orders_and_telegram] [N/A] 📊 Updating SL/TP for active orders
2025-04-24 19:29:01 - INFO - [_wait_until_next_iteration] [N/A] ⏳ Sleeping for 58.91 seconds before the next cycle
2025-04-24 19:30:00 - INFO - [_run_strategy_if_applicable] [N/A] ⏰ Strategy 'VWAP_diff_signal_1700_volume' not executed because it's outside the time window: 17:30:00 - 19:00:00
2025-04-24 19:30:00 - INFO - [_run_strategy_if_applicable] [N/A] ⏰ Strategy 'SMA_Cross_sma50' not executed because it's outside the time window: 16:35:00 - 16:50:00
2025-04-24 19:30:00 - INFO - [_run_strategy_if_applicable] [N/A] ⏰ Strategy 'SMA_Cross_candle' not executed because it's outside the time window: 16:35:00 - 16:50:00
2025-04-24 19:30:00 - INFO - [_run_strategy_if_applicable] [N/A] ⏰ Strategy 'EMA_Cross_ema50' not executed because it's outside the time window: 16:35:00 - 16:50:00
2025-04-24 19:30:00 - INFO - [_run_strategy_if_applicable] [N/A] ⏰ Strategy 'VWAP_diff_signal_1700' not executed because it's outside the time window: 17:30:00 - 19:00:00
2025-04-24 19:30:00 - INFO - [_run_strategy_if_applicable] [N/A] ⏰ Strategy 'VWAP_diff_signal_rsi_1700' not executed because it's outside the time window: 17:30:00 - 19:00:00
2025-04-24 19:30:00 - INFO - [_run_strategy_if_applicable] [N/A] ⏰ Strategy 'EMA_Cross_candle' not executed because it's outside the time window: 16:35:00 - 16:50:00
2025-04-24 19:30:00 - INFO - [_update_active_orders_and_telegram] [N/A] 📊 Updating SL/TP for active orders
2025-04-24 19:30:01 - INFO - [_wait_until_next_iteration] [N/A] ⏳ Sleeping for 58.93 seconds before the next cycle
2025-04-24 19:31:00 - DEBUG - [_process_strategies] [N/A] ⏱ Skipping VWAP_diff_signal_1700_volume, not yet time (every 5m)
2025-04-24 19:31:00 - DEBUG - [_process_strategies] [N/A] ⏱ Skipping SMA_Cross_sma50, not yet time (every 5m)
2025-04-24 19:31:00 - DEBUG - [_process_strategies] [N/A] ⏱ Skipping SMA_Cross_candle, not yet time (every 5m)
2025-04-24 19:31:00 - DEBUG - [_process_strategies] [N/A] ⏱ Skipping EMA_Cross_ema50, not yet time (every 5m)
2025-04-24 19:31:00 - DEBUG - [_process_strategies] [N/A] ⏱ Skipping VWAP_diff_signal_1700, not yet time (every 5m)
2025-04-24 19:31:00 - DEBUG - [_process_strategies] [N/A] ⏱ Skipping VWAP_diff_signal_rsi_1700, not yet time (every 5m)
2025-04-24 19:31:00 - DEBUG - [_process_strategies] [N/A] ⏱ Skipping EMA_Cross_candle, not yet time (every 5m)
2025-04-24 19:31:00 - INFO - [_update_active_orders_and_telegram] [N/A] 📊 Updating SL/TP for active orders
2025-04-24 19:31:01 - INFO - [_wait_until_next_iteration] [N/A] ⏳ Sleeping for 58.93 seconds before the next cycle
2025-04-24 19:32:00 - DEBUG - [_process_strategies] [N/A] ⏱ Skipping VWAP_diff_signal_1700_volume, not yet time (every 5m)
2025-04-24 19:32:00 - DEBUG - [_process_strategies] [N/A] ⏱ Skipping SMA_Cross_sma50, not yet time (every 5m)
2025-04-24 19:32:00 - DEBUG - [_process_strategies] [N/A] ⏱ Skipping SMA_Cross_candle, not yet time (every 5m)
2025-04-24 19:32:00 - DEBUG - [_process_strategies] [N/A] ⏱ Skipping EMA_Cross_ema50, not yet time (every 5m)
2025-04-24 19:32:00 - DEBUG - [_process_strategies] [N/A] ⏱ Skipping VWAP_diff_signal_1700, not yet time (every 5m)
2025-04-24 19:32:00 - DEBUG - [_process_strategies] [N/A] ⏱ Skipping VWAP_diff_signal_rsi_1700, not yet time (every 5m)
2025-04-24 19:32:00 - DEBUG - [_process_strategies] [N/A] ⏱ Skipping EMA_Cross_candle, not yet time (every 5m)
2025-04-24 19:32:00 - INFO - [_update_active_orders_and_telegram] [N/A] 📊 Updating SL/TP for active orders
2025-04-24 19:32:01 - INFO - [_wait_until_next_iteration] [N/A] ⏳ Sleeping for 58.93 seconds before the next cycle
2025-04-24 19:33:00 - DEBUG - [_process_strategies] [N/A] ⏱ Skipping VWAP_diff_signal_1700_volume, not yet time (every 5m)
2025-04-24 19:33:00 - DEBUG - [_process_strategies] [N/A] ⏱ Skipping SMA_Cross_sma50, not yet time (every 5m)
2025-04-24 19:33:00 - DEBUG - [_process_strategies] [N/A] ⏱ Skipping SMA_Cross_candle, not yet time (every 5m)
2025-04-24 19:33:00 - DEBUG - [_process_strategies] [N/A] ⏱ Skipping EMA_Cross_ema50, not yet time (every 5m)
2025-04-24 19:33:00 - DEBUG - [_process_strategies] [N/A] ⏱ Skipping VWAP_diff_signal_1700, not yet time (every 5m)
2025-04-24 19:33:00 - DEBUG - [_process_strategies] [N/A] ⏱ Skipping VWAP_diff_signal_rsi_1700, not yet time (every 5m)
2025-04-24 19:33:00 - DEBUG - [_process_strategies] [N/A] ⏱ Skipping EMA_Cross_candle, not yet time (every 5m)
2025-04-24 19:33:00 - INFO - [_update_active_orders_and_telegram] [N/A] 📊 Updating SL/TP for active orders
2025-04-24 19:33:01 - INFO - [_wait_until_next_iteration] [N/A] ⏳ Sleeping for 58.93 seconds before the next cycle
2025-04-24 19:34:00 - DEBUG - [_process_strategies] [N/A] ⏱ Skipping VWAP_diff_signal_1700_volume, not yet time (every 5m)
2025-04-24 19:34:00 - DEBUG - [_process_strategies] [N/A] ⏱ Skipping SMA_Cross_sma50, not yet time (every 5m)
2025-04-24 19:34:00 - DEBUG - [_process_strategies] [N/A] ⏱ Skipping SMA_Cross_candle, not yet time (every 5m)
2025-04-24 19:34:00 - DEBUG - [_process_strategies] [N/A] ⏱ Skipping EMA_Cross_ema50, not yet time (every 5m)
2025-04-24 19:34:00 - DEBUG - [_process_strategies] [N/A] ⏱ Skipping VWAP_diff_signal_1700, not yet time (every 5m)
2025-04-24 19:34:00 - DEBUG - [_process_strategies] [N/A] ⏱ Skipping VWAP_diff_signal_rsi_1700, not yet time (every 5m)
2025-04-24 19:34:00 - DEBUG - [_process_strategies] [N/A] ⏱ Skipping EMA_Cross_candle, not yet time (every 5m)
2025-04-24 19:34:00 - INFO - [_update_active_orders_and_telegram] [N/A] 📊 Updating SL/TP for active orders
2025-04-24 19:34:01 - INFO - [_wait_until_next_iteration] [N/A] ⏳ Sleeping for 58.93 seconds before the next cycle
2025-04-24 19:35:00 - INFO - [_run_strategy_if_applicable] [N/A] ⏰ Strategy 'VWAP_diff_signal_1700_volume' not executed because it's outside the time window: 17:30:00 - 19:00:00
2025-04-24 19:35:00 - INFO - [_run_strategy_if_applicable] [N/A] ⏰ Strategy 'SMA_Cross_sma50' not executed because it's outside the time window: 16:35:00 - 16:50:00
2025-04-24 19:35:00 - INFO - [_run_strategy_if_applicable] [N/A] ⏰ Strategy 'SMA_Cross_candle' not executed because it's outside the time window: 16:35:00 - 16:50:00
2025-04-24 19:35:00 - INFO - [_run_strategy_if_applicable] [N/A] ⏰ Strategy 'EMA_Cross_ema50' not executed because it's outside the time window: 16:35:00 - 16:50:00
2025-04-24 19:35:00 - INFO - [_run_strategy_if_applicable] [N/A] ⏰ Strategy 'VWAP_diff_signal_1700' not executed because it's outside the time window: 17:30:00 - 19:00:00
2025-04-24 19:35:00 - INFO - [_run_strategy_if_applicable] [N/A] ⏰ Strategy 'VWAP_diff_signal_rsi_1700' not executed because it's outside the time window: 17:30:00 - 19:00:00
2025-04-24 19:35:00 - INFO - [_run_strategy_if_applicable] [N/A] ⏰ Strategy 'EMA_Cross_candle' not executed because it's outside the time window: 16:35:00 - 16:50:00
2025-04-24 19:35:00 - INFO - [_update_active_orders_and_telegram] [N/A] 📊 Updating SL/TP for active orders
2025-04-24 19:35:01 - INFO - [_wait_until_next_iteration] [N/A] ⏳ Sleeping for 58.92 seconds before the next cycle
2025-04-24 19:36:00 - DEBUG - [_process_strategies] [N/A] ⏱ Skipping VWAP_diff_signal_1700_volume, not yet time (every 5m)
2025-04-24 19:36:00 - DEBUG - [_process_strategies] [N/A] ⏱ Skipping SMA_Cross_sma50, not yet time (every 5m)
2025-04-24 19:36:00 - DEBUG - [_process_strategies] [N/A] ⏱ Skipping SMA_Cross_candle, not yet time (every 5m)
2025-04-24 19:36:00 - DEBUG - [_process_strategies] [N/A] ⏱ Skipping EMA_Cross_ema50, not yet time (every 5m)
2025-04-24 19:36:00 - DEBUG - [_process_strategies] [N/A] ⏱ Skipping VWAP_diff_signal_1700, not yet time (every 5m)
2025-04-24 19:36:00 - DEBUG - [_process_strategies] [N/A] ⏱ Skipping VWAP_diff_signal_rsi_1700, not yet time (every 5m)
2025-04-24 19:36:00 - DEBUG - [_process_strategies] [N/A] ⏱ Skipping EMA_Cross_candle, not yet time (every 5m)
2025-04-24 19:36:00 - INFO - [_update_active_orders_and_telegram] [N/A] 📊 Updating SL/TP for active orders
2025-04-24 19:36:01 - INFO - [_wait_until_next_iteration] [N/A] ⏳ Sleeping for 58.92 seconds before the next cycle
2025-04-24 19:37:00 - DEBUG - [_process_strategies] [N/A] ⏱ Skipping VWAP_diff_signal_1700_volume, not yet time (every 5m)
2025-04-24 19:37:00 - DEBUG - [_process_strategies] [N/A] ⏱ Skipping SMA_Cross_sma50, not yet time (every 5m)
2025-04-24 19:37:00 - DEBUG - [_process_strategies] [N/A] ⏱ Skipping SMA_Cross_candle, not yet time (every 5m)
2025-04-24 19:37:00 - DEBUG - [_process_strategies] [N/A] ⏱ Skipping EMA_Cross_ema50, not yet time (every 5m)
2025-04-24 19:37:00 - DEBUG - [_process_strategies] [N/A] ⏱ Skipping VWAP_diff_signal_1700, not yet time (every 5m)
2025-04-24 19:37:00 - DEBUG - [_process_strategies] [N/A] ⏱ Skipping VWAP_diff_signal_rsi_1700, not yet time (every 5m)
2025-04-24 19:37:00 - DEBUG - [_process_strategies] [N/A] ⏱ Skipping EMA_Cross_candle, not yet time (every 5m)
2025-04-24 19:37:00 - INFO - [_update_active_orders_and_telegram] [N/A] 📊 Updating SL/TP for active orders
2025-04-24 19:37:01 - INFO - [_wait_until_next_iteration] [N/A] ⏳ Sleeping for 58.92 seconds before the next cycle
2025-04-24 19:38:00 - DEBUG - [_process_strategies] [N/A] ⏱ Skipping VWAP_diff_signal_1700_volume, not yet time (every 5m)
2025-04-24 19:38:00 - DEBUG - [_process_strategies] [N/A] ⏱ Skipping SMA_Cross_sma50, not yet time (every 5m)
2025-04-24 19:38:00 - DEBUG - [_process_strategies] [N/A] ⏱ Skipping SMA_Cross_candle, not yet time (every 5m)
2025-04-24 19:38:00 - DEBUG - [_process_strategies] [N/A] ⏱ Skipping EMA_Cross_ema50, not yet time (every 5m)
2025-04-24 19:38:00 - DEBUG - [_process_strategies] [N/A] ⏱ Skipping VWAP_diff_signal_1700, not yet time (every 5m)
2025-04-24 19:38:00 - DEBUG - [_process_strategies] [N/A] ⏱ Skipping VWAP_diff_signal_rsi_1700, not yet time (every 5m)
2025-04-24 19:38:00 - DEBUG - [_process_strategies] [N/A] ⏱ Skipping EMA_Cross_candle, not yet time (every 5m)
2025-04-24 19:38:00 - INFO - [_update_active_orders_and_telegram] [N/A] 📊 Updating SL/TP for active orders
2025-04-24 19:38:01 - INFO - [_wait_until_next_iteration] [N/A] ⏳ Sleeping for 58.93 seconds before the next cycle
2025-04-24 19:39:00 - DEBUG - [_process_strategies] [N/A] ⏱ Skipping VWAP_diff_signal_1700_volume, not yet time (every 5m)
2025-04-24 19:39:00 - DEBUG - [_process_strategies] [N/A] ⏱ Skipping SMA_Cross_sma50, not yet time (every 5m)
2025-04-24 19:39:00 - DEBUG - [_process_strategies] [N/A] ⏱ Skipping SMA_Cross_candle, not yet time (every 5m)
2025-04-24 19:39:00 - DEBUG - [_process_strategies] [N/A] ⏱ Skipping EMA_Cross_ema50, not yet time (every 5m)
2025-04-24 19:39:00 - DEBUG - [_process_strategies] [N/A] ⏱ Skipping VWAP_diff_signal_1700, not yet time (every 5m)
2025-04-24 19:39:00 - DEBUG - [_process_strategies] [N/A] ⏱ Skipping VWAP_diff_signal_rsi_1700, not yet time (every 5m)
2025-04-24 19:39:00 - DEBUG - [_process_strategies] [N/A] ⏱ Skipping EMA_Cross_candle, not yet time (every 5m)
2025-04-24 19:39:00 - INFO - [_update_active_orders_and_telegram] [N/A] 📊 Updating SL/TP for active orders
2025-04-24 19:39:01 - INFO - [_wait_until_next_iteration] [N/A] ⏳ Sleeping for 58.93 seconds before the next cycle
2025-04-24 19:40:00 - INFO - [_run_strategy_if_applicable] [N/A] ⏰ Strategy 'VWAP_diff_signal_1700_volume' not executed because it's outside the time window: 17:30:00 - 19:00:00
2025-04-24 19:40:00 - INFO - [_run_strategy_if_applicable] [N/A] ⏰ Strategy 'SMA_Cross_sma50' not executed because it's outside the time window: 16:35:00 - 16:50:00
2025-04-24 19:40:00 - INFO - [_run_strategy_if_applicable] [N/A] ⏰ Strategy 'SMA_Cross_candle' not executed because it's outside the time window: 16:35:00 - 16:50:00
2025-04-24 19:40:00 - INFO - [_run_strategy_if_applicable] [N/A] ⏰ Strategy 'EMA_Cross_ema50' not executed because it's outside the time window: 16:35:00 - 16:50:00
2025-04-24 19:40:00 - INFO - [_run_strategy_if_applicable] [N/A] ⏰ Strategy 'VWAP_diff_signal_1700' not executed because it's outside the time window: 17:30:00 - 19:00:00
2025-04-24 19:40:00 - INFO - [_run_strategy_if_applicable] [N/A] ⏰ Strategy 'VWAP_diff_signal_rsi_1700' not executed because it's outside the time window: 17:30:00 - 19:00:00
2025-04-24 19:40:00 - INFO - [_run_strategy_if_applicable] [N/A] ⏰ Strategy 'EMA_Cross_candle' not executed because it's outside the time window: 16:35:00 - 16:50:00
2025-04-24 19:40:00 - INFO - [_update_active_orders_and_telegram] [N/A] 📊 Updating SL/TP for active orders
2025-04-24 19:40:01 - INFO - [_wait_until_next_iteration] [N/A] ⏳ Sleeping for 58.92 seconds before the next cycle
2025-04-24 19:41:00 - DEBUG - [_process_strategies] [N/A] ⏱ Skipping VWAP_diff_signal_1700_volume, not yet time (every 5m)
2025-04-24 19:41:00 - DEBUG - [_process_strategies] [N/A] ⏱ Skipping SMA_Cross_sma50, not yet time (every 5m)
2025-04-24 19:41:00 - DEBUG - [_process_strategies] [N/A] ⏱ Skipping SMA_Cross_candle, not yet time (every 5m)
2025-04-24 19:41:00 - DEBUG - [_process_strategies] [N/A] ⏱ Skipping EMA_Cross_ema50, not yet time (every 5m)
2025-04-24 19:41:00 - DEBUG - [_process_strategies] [N/A] ⏱ Skipping VWAP_diff_signal_1700, not yet time (every 5m)
2025-04-24 19:41:00 - DEBUG - [_process_strategies] [N/A] ⏱ Skipping VWAP_diff_signal_rsi_1700, not yet time (every 5m)
2025-04-24 19:41:00 - DEBUG - [_process_strategies] [N/A] ⏱ Skipping EMA_Cross_candle, not yet time (every 5m)
2025-04-24 19:41:00 - INFO - [_update_active_orders_and_telegram] [N/A] 📊 Updating SL/TP for active orders
2025-04-24 19:41:01 - INFO - [_wait_until_next_iteration] [N/A] ⏳ Sleeping for 58.93 seconds before the next cycle
2025-04-24 19:42:00 - DEBUG - [_process_strategies] [N/A] ⏱ Skipping VWAP_diff_signal_1700_volume, not yet time (every 5m)
2025-04-24 19:42:00 - DEBUG - [_process_strategies] [N/A] ⏱ Skipping SMA_Cross_sma50, not yet time (every 5m)
2025-04-24 19:42:00 - DEBUG - [_process_strategies] [N/A] ⏱ Skipping SMA_Cross_candle, not yet time (every 5m)
2025-04-24 19:42:00 - DEBUG - [_process_strategies] [N/A] ⏱ Skipping EMA_Cross_ema50, not yet time (every 5m)
2025-04-24 19:42:00 - DEBUG - [_process_strategies] [N/A] ⏱ Skipping VWAP_diff_signal_1700, not yet time (every 5m)
2025-04-24 19:42:00 - DEBUG - [_process_strategies] [N/A] ⏱ Skipping VWAP_diff_signal_rsi_1700, not yet time (every 5m)
2025-04-24 19:42:00 - DEBUG - [_process_strategies] [N/A] ⏱ Skipping EMA_Cross_candle, not yet time (every 5m)
2025-04-24 19:42:00 - INFO - [_update_active_orders_and_telegram] [N/A] 📊 Updating SL/TP for active orders
2025-04-24 19:42:01 - INFO - [_wait_until_next_iteration] [N/A] ⏳ Sleeping for 58.92 seconds before the next cycle
2025-04-24 19:43:00 - DEBUG - [_process_strategies] [N/A] ⏱ Skipping VWAP_diff_signal_1700_volume, not yet time (every 5m)
2025-04-24 19:43:00 - DEBUG - [_process_strategies] [N/A] ⏱ Skipping SMA_Cross_sma50, not yet time (every 5m)
2025-04-24 19:43:00 - DEBUG - [_process_strategies] [N/A] ⏱ Skipping SMA_Cross_candle, not yet time (every 5m)
2025-04-24 19:43:00 - DEBUG - [_process_strategies] [N/A] ⏱ Skipping EMA_Cross_ema50, not yet time (every 5m)
2025-04-24 19:43:00 - DEBUG - [_process_strategies] [N/A] ⏱ Skipping VWAP_diff_signal_1700, not yet time (every 5m)
2025-04-24 19:43:00 - DEBUG - [_process_strategies] [N/A] ⏱ Skipping VWAP_diff_signal_rsi_1700, not yet time (every 5m)
2025-04-24 19:43:00 - DEBUG - [_process_strategies] [N/A] ⏱ Skipping EMA_Cross_candle, not yet time (every 5m)
2025-04-24 19:43:00 - INFO - [_update_active_orders_and_telegram] [N/A] 📊 Updating SL/TP for active orders
2025-04-24 19:43:01 - INFO - [_wait_until_next_iteration] [N/A] ⏳ Sleeping for 58.93 seconds before the next cycle
2025-04-24 19:44:00 - DEBUG - [_process_strategies] [N/A] ⏱ Skipping VWAP_diff_signal_1700_volume, not yet time (every 5m)
2025-04-24 19:44:00 - DEBUG - [_process_strategies] [N/A] ⏱ Skipping SMA_Cross_sma50, not yet time (every 5m)
2025-04-24 19:44:00 - DEBUG - [_process_strategies] [N/A] ⏱ Skipping SMA_Cross_candle, not yet time (every 5m)
2025-04-24 19:44:00 - DEBUG - [_process_strategies] [N/A] ⏱ Skipping EMA_Cross_ema50, not yet time (every 5m)
2025-04-24 19:44:00 - DEBUG - [_process_strategies] [N/A] ⏱ Skipping VWAP_diff_signal_1700, not yet time (every 5m)
2025-04-24 19:44:00 - DEBUG - [_process_strategies] [N/A] ⏱ Skipping VWAP_diff_signal_rsi_1700, not yet time (every 5m)
2025-04-24 19:44:00 - DEBUG - [_process_strategies] [N/A] ⏱ Skipping EMA_Cross_candle, not yet time (every 5m)
2025-04-24 19:44:00 - INFO - [_update_active_orders_and_telegram] [N/A] 📊 Updating SL/TP for active orders
2025-04-24 19:44:01 - INFO - [_wait_until_next_iteration] [N/A] ⏳ Sleeping for 58.93 seconds before the next cycle
2025-04-24 19:45:00 - INFO - [_run_strategy_if_applicable] [N/A] ⏰ Strategy 'VWAP_diff_signal_1700_volume' not executed because it's outside the time window: 17:30:00 - 19:00:00
2025-04-24 19:45:00 - INFO - [_run_strategy_if_applicable] [N/A] ⏰ Strategy 'SMA_Cross_sma50' not executed because it's outside the time window: 16:35:00 - 16:50:00
2025-04-24 19:45:00 - INFO - [_run_strategy_if_applicable] [N/A] ⏰ Strategy 'SMA_Cross_candle' not executed because it's outside the time window: 16:35:00 - 16:50:00
2025-04-24 19:45:00 - INFO - [_run_strategy_if_applicable] [N/A] ⏰ Strategy 'EMA_Cross_ema50' not executed because it's outside the time window: 16:35:00 - 16:50:00
2025-04-24 19:45:00 - INFO - [_run_strategy_if_applicable] [N/A] ⏰ Strategy 'VWAP_diff_signal_1700' not executed because it's outside the time window: 17:30:00 - 19:00:00
2025-04-24 19:45:00 - INFO - [_run_strategy_if_applicable] [N/A] ⏰ Strategy 'VWAP_diff_signal_rsi_1700' not executed because it's outside the time window: 17:30:00 - 19:00:00
2025-04-24 19:45:00 - INFO - [_run_strategy_if_applicable] [N/A] ⏰ Strategy 'EMA_Cross_candle' not executed because it's outside the time window: 16:35:00 - 16:50:00
2025-04-24 19:45:00 - INFO - [_update_active_orders_and_telegram] [N/A] 📊 Updating SL/TP for active orders
2025-04-24 19:45:01 - INFO - [_wait_until_next_iteration] [N/A] ⏳ Sleeping for 58.93 seconds before the next cycle
2025-04-24 19:46:00 - DEBUG - [_process_strategies] [N/A] ⏱ Skipping VWAP_diff_signal_1700_volume, not yet time (every 5m)
2025-04-24 19:46:00 - DEBUG - [_process_strategies] [N/A] ⏱ Skipping SMA_Cross_sma50, not yet time (every 5m)
2025-04-24 19:46:00 - DEBUG - [_process_strategies] [N/A] ⏱ Skipping SMA_Cross_candle, not yet time (every 5m)
2025-04-24 19:46:00 - DEBUG - [_process_strategies] [N/A] ⏱ Skipping EMA_Cross_ema50, not yet time (every 5m)
2025-04-24 19:46:00 - DEBUG - [_process_strategies] [N/A] ⏱ Skipping VWAP_diff_signal_1700, not yet time (every 5m)
2025-04-24 19:46:00 - DEBUG - [_process_strategies] [N/A] ⏱ Skipping VWAP_diff_signal_rsi_1700, not yet time (every 5m)
2025-04-24 19:46:00 - DEBUG - [_process_strategies] [N/A] ⏱ Skipping EMA_Cross_candle, not yet time (every 5m)
2025-04-24 19:46:00 - INFO - [_update_active_orders_and_telegram] [N/A] 📊 Updating SL/TP for active orders
2025-04-24 19:46:01 - INFO - [_wait_until_next_iteration] [N/A] ⏳ Sleeping for 58.93 seconds before the next cycle
2025-04-24 19:47:00 - DEBUG - [_process_strategies] [N/A] ⏱ Skipping VWAP_diff_signal_1700_volume, not yet time (every 5m)
2025-04-24 19:47:00 - DEBUG - [_process_strategies] [N/A] ⏱ Skipping SMA_Cross_sma50, not yet time (every 5m)
2025-04-24 19:47:00 - DEBUG - [_process_strategies] [N/A] ⏱ Skipping SMA_Cross_candle, not yet time (every 5m)
2025-04-24 19:47:00 - DEBUG - [_process_strategies] [N/A] ⏱ Skipping EMA_Cross_ema50, not yet time (every 5m)
2025-04-24 19:47:00 - DEBUG - [_process_strategies] [N/A] ⏱ Skipping VWAP_diff_signal_1700, not yet time (every 5m)
2025-04-24 19:47:00 - DEBUG - [_process_strategies] [N/A] ⏱ Skipping VWAP_diff_signal_rsi_1700, not yet time (every 5m)
2025-04-24 19:47:00 - DEBUG - [_process_strategies] [N/A] ⏱ Skipping EMA_Cross_candle, not yet time (every 5m)
2025-04-24 19:47:00 - INFO - [_update_active_orders_and_telegram] [N/A] 📊 Updating SL/TP for active orders
2025-04-24 19:47:01 - INFO - [_wait_until_next_iteration] [N/A] ⏳ Sleeping for 58.92 seconds before the next cycle
2025-04-24 19:48:00 - DEBUG - [_process_strategies] [N/A] ⏱ Skipping VWAP_diff_signal_1700_volume, not yet time (every 5m)
2025-04-24 19:48:00 - DEBUG - [_process_strategies] [N/A] ⏱ Skipping SMA_Cross_sma50, not yet time (every 5m)
2025-04-24 19:48:00 - DEBUG - [_process_strategies] [N/A] ⏱ Skipping SMA_Cross_candle, not yet time (every 5m)
2025-04-24 19:48:00 - DEBUG - [_process_strategies] [N/A] ⏱ Skipping EMA_Cross_ema50, not yet time (every 5m)
2025-04-24 19:48:00 - DEBUG - [_process_strategies] [N/A] ⏱ Skipping VWAP_diff_signal_1700, not yet time (every 5m)
2025-04-24 19:48:00 - DEBUG - [_process_strategies] [N/A] ⏱ Skipping VWAP_diff_signal_rsi_1700, not yet time (every 5m)
2025-04-24 19:48:00 - DEBUG - [_process_strategies] [N/A] ⏱ Skipping EMA_Cross_candle, not yet time (every 5m)
2025-04-24 19:48:00 - INFO - [_update_active_orders_and_telegram] [N/A] 📊 Updating SL/TP for active orders
2025-04-24 19:48:01 - INFO - [_wait_until_next_iteration] [N/A] ⏳ Sleeping for 58.94 seconds before the next cycle
2025-04-24 19:49:00 - DEBUG - [_process_strategies] [N/A] ⏱ Skipping VWAP_diff_signal_1700_volume, not yet time (every 5m)
2025-04-24 19:49:00 - DEBUG - [_process_strategies] [N/A] ⏱ Skipping SMA_Cross_sma50, not yet time (every 5m)
2025-04-24 19:49:00 - DEBUG - [_process_strategies] [N/A] ⏱ Skipping SMA_Cross_candle, not yet time (every 5m)
2025-04-24 19:49:00 - DEBUG - [_process_strategies] [N/A] ⏱ Skipping EMA_Cross_ema50, not yet time (every 5m)
2025-04-24 19:49:00 - DEBUG - [_process_strategies] [N/A] ⏱ Skipping VWAP_diff_signal_1700, not yet time (every 5m)
2025-04-24 19:49:00 - DEBUG - [_process_strategies] [N/A] ⏱ Skipping VWAP_diff_signal_rsi_1700, not yet time (every 5m)
2025-04-24 19:49:00 - DEBUG - [_process_strategies] [N/A] ⏱ Skipping EMA_Cross_candle, not yet time (every 5m)
2025-04-24 19:49:00 - INFO - [_update_active_orders_and_telegram] [N/A] 📊 Updating SL/TP for active orders
2025-04-24 19:49:01 - INFO - [_wait_until_next_iteration] [N/A] ⏳ Sleeping for 58.92 seconds before the next cycle
2025-04-24 19:50:00 - INFO - [_run_strategy_if_applicable] [N/A] ⏰ Strategy 'VWAP_diff_signal_1700_volume' not executed because it's outside the time window: 17:30:00 - 19:00:00
2025-04-24 19:50:00 - INFO - [_run_strategy_if_applicable] [N/A] ⏰ Strategy 'SMA_Cross_sma50' not executed because it's outside the time window: 16:35:00 - 16:50:00
2025-04-24 19:50:00 - INFO - [_run_strategy_if_applicable] [N/A] ⏰ Strategy 'SMA_Cross_candle' not executed because it's outside the time window: 16:35:00 - 16:50:00
2025-04-24 19:50:00 - INFO - [_run_strategy_if_applicable] [N/A] ⏰ Strategy 'EMA_Cross_ema50' not executed because it's outside the time window: 16:35:00 - 16:50:00
2025-04-24 19:50:00 - INFO - [_run_strategy_if_applicable] [N/A] ⏰ Strategy 'VWAP_diff_signal_1700' not executed because it's outside the time window: 17:30:00 - 19:00:00
2025-04-24 19:50:00 - INFO - [_run_strategy_if_applicable] [N/A] ⏰ Strategy 'VWAP_diff_signal_rsi_1700' not executed because it's outside the time window: 17:30:00 - 19:00:00
2025-04-24 19:50:00 - INFO - [_run_strategy_if_applicable] [N/A] ⏰ Strategy 'EMA_Cross_candle' not executed because it's outside the time window: 16:35:00 - 16:50:00
2025-04-24 19:50:00 - INFO - [_update_active_orders_and_telegram] [N/A] 📊 Updating SL/TP for active orders
2025-04-24 19:50:01 - INFO - [_wait_until_next_iteration] [N/A] ⏳ Sleeping for 58.92 seconds before the next cycle
2025-04-24 19:51:00 - DEBUG - [_process_strategies] [N/A] ⏱ Skipping VWAP_diff_signal_1700_volume, not yet time (every 5m)
2025-04-24 19:51:00 - DEBUG - [_process_strategies] [N/A] ⏱ Skipping SMA_Cross_sma50, not yet time (every 5m)
2025-04-24 19:51:00 - DEBUG - [_process_strategies] [N/A] ⏱ Skipping SMA_Cross_candle, not yet time (every 5m)
2025-04-24 19:51:00 - DEBUG - [_process_strategies] [N/A] ⏱ Skipping EMA_Cross_ema50, not yet time (every 5m)
2025-04-24 19:51:00 - DEBUG - [_process_strategies] [N/A] ⏱ Skipping VWAP_diff_signal_1700, not yet time (every 5m)
2025-04-24 19:51:00 - DEBUG - [_process_strategies] [N/A] ⏱ Skipping VWAP_diff_signal_rsi_1700, not yet time (every 5m)
2025-04-24 19:51:00 - DEBUG - [_process_strategies] [N/A] ⏱ Skipping EMA_Cross_candle, not yet time (every 5m)
2025-04-24 19:51:00 - INFO - [_update_active_orders_and_telegram] [N/A] 📊 Updating SL/TP for active orders
2025-04-24 19:51:01 - INFO - [_wait_until_next_iteration] [N/A] ⏳ Sleeping for 58.93 seconds before the next cycle
2025-04-24 19:52:00 - DEBUG - [_process_strategies] [N/A] ⏱ Skipping VWAP_diff_signal_1700_volume, not yet time (every 5m)
2025-04-24 19:52:00 - DEBUG - [_process_strategies] [N/A] ⏱ Skipping SMA_Cross_sma50, not yet time (every 5m)
2025-04-24 19:52:00 - DEBUG - [_process_strategies] [N/A] ⏱ Skipping SMA_Cross_candle, not yet time (every 5m)
2025-04-24 19:52:00 - DEBUG - [_process_strategies] [N/A] ⏱ Skipping EMA_Cross_ema50, not yet time (every 5m)
2025-04-24 19:52:00 - DEBUG - [_process_strategies] [N/A] ⏱ Skipping VWAP_diff_signal_1700, not yet time (every 5m)
2025-04-24 19:52:00 - DEBUG - [_process_strategies] [N/A] ⏱ Skipping VWAP_diff_signal_rsi_1700, not yet time (every 5m)
2025-04-24 19:52:00 - DEBUG - [_process_strategies] [N/A] ⏱ Skipping EMA_Cross_candle, not yet time (every 5m)
2025-04-24 19:52:00 - INFO - [_update_active_orders_and_telegram] [N/A] 📊 Updating SL/TP for active orders
2025-04-24 19:52:01 - INFO - [_wait_until_next_iteration] [N/A] ⏳ Sleeping for 58.91 seconds before the next cycle
2025-04-24 19:53:00 - DEBUG - [_process_strategies] [N/A] ⏱ Skipping VWAP_diff_signal_1700_volume, not yet time (every 5m)
2025-04-24 19:53:00 - DEBUG - [_process_strategies] [N/A] ⏱ Skipping SMA_Cross_sma50, not yet time (every 5m)
2025-04-24 19:53:00 - DEBUG - [_process_strategies] [N/A] ⏱ Skipping SMA_Cross_candle, not yet time (every 5m)
2025-04-24 19:53:00 - DEBUG - [_process_strategies] [N/A] ⏱ Skipping EMA_Cross_ema50, not yet time (every 5m)
2025-04-24 19:53:00 - DEBUG - [_process_strategies] [N/A] ⏱ Skipping VWAP_diff_signal_1700, not yet time (every 5m)
2025-04-24 19:53:00 - DEBUG - [_process_strategies] [N/A] ⏱ Skipping VWAP_diff_signal_rsi_1700, not yet time (every 5m)
2025-04-24 19:53:00 - DEBUG - [_process_strategies] [N/A] ⏱ Skipping EMA_Cross_candle, not yet time (every 5m)
2025-04-24 19:53:00 - INFO - [_update_active_orders_and_telegram] [N/A] 📊 Updating SL/TP for active orders
2025-04-24 19:53:01 - INFO - [_wait_until_next_iteration] [N/A] ⏳ Sleeping for 58.93 seconds before the next cycle
2025-04-24 19:54:00 - DEBUG - [_process_strategies] [N/A] ⏱ Skipping VWAP_diff_signal_1700_volume, not yet time (every 5m)
2025-04-24 19:54:00 - DEBUG - [_process_strategies] [N/A] ⏱ Skipping SMA_Cross_sma50, not yet time (every 5m)
2025-04-24 19:54:00 - DEBUG - [_process_strategies] [N/A] ⏱ Skipping SMA_Cross_candle, not yet time (every 5m)
2025-04-24 19:54:00 - DEBUG - [_process_strategies] [N/A] ⏱ Skipping EMA_Cross_ema50, not yet time (every 5m)
2025-04-24 19:54:00 - DEBUG - [_process_strategies] [N/A] ⏱ Skipping VWAP_diff_signal_1700, not yet time (every 5m)
2025-04-24 19:54:00 - DEBUG - [_process_strategies] [N/A] ⏱ Skipping VWAP_diff_signal_rsi_1700, not yet time (every 5m)
2025-04-24 19:54:00 - DEBUG - [_process_strategies] [N/A] ⏱ Skipping EMA_Cross_candle, not yet time (every 5m)
2025-04-24 19:54:00 - INFO - [_update_active_orders_and_telegram] [N/A] 📊 Updating SL/TP for active orders
2025-04-24 19:54:01 - INFO - [_wait_until_next_iteration] [N/A] ⏳ Sleeping for 58.93 seconds before the next cycle
2025-04-24 19:55:00 - INFO - [_run_strategy_if_applicable] [N/A] ⏰ Strategy 'VWAP_diff_signal_1700_volume' not executed because it's outside the time window: 17:30:00 - 19:00:00
2025-04-24 19:55:00 - INFO - [_run_strategy_if_applicable] [N/A] ⏰ Strategy 'SMA_Cross_sma50' not executed because it's outside the time window: 16:35:00 - 16:50:00
2025-04-24 19:55:00 - INFO - [_run_strategy_if_applicable] [N/A] ⏰ Strategy 'SMA_Cross_candle' not executed because it's outside the time window: 16:35:00 - 16:50:00
2025-04-24 19:55:00 - INFO - [_run_strategy_if_applicable] [N/A] ⏰ Strategy 'EMA_Cross_ema50' not executed because it's outside the time window: 16:35:00 - 16:50:00
2025-04-24 19:55:00 - INFO - [_run_strategy_if_applicable] [N/A] ⏰ Strategy 'VWAP_diff_signal_1700' not executed because it's outside the time window: 17:30:00 - 19:00:00
2025-04-24 19:55:00 - INFO - [_run_strategy_if_applicable] [N/A] ⏰ Strategy 'VWAP_diff_signal_rsi_1700' not executed because it's outside the time window: 17:30:00 - 19:00:00
2025-04-24 19:55:00 - INFO - [_run_strategy_if_applicable] [N/A] ⏰ Strategy 'EMA_Cross_candle' not executed because it's outside the time window: 16:35:00 - 16:50:00
2025-04-24 19:55:00 - INFO - [_update_active_orders_and_telegram] [N/A] 📊 Updating SL/TP for active orders
2025-04-24 19:55:01 - INFO - [_wait_until_next_iteration] [N/A] ⏳ Sleeping for 58.93 seconds before the next cycle
2025-04-24 19:56:00 - DEBUG - [_process_strategies] [N/A] ⏱ Skipping VWAP_diff_signal_1700_volume, not yet time (every 5m)
2025-04-24 19:56:00 - DEBUG - [_process_strategies] [N/A] ⏱ Skipping SMA_Cross_sma50, not yet time (every 5m)
2025-04-24 19:56:00 - DEBUG - [_process_strategies] [N/A] ⏱ Skipping SMA_Cross_candle, not yet time (every 5m)
2025-04-24 19:56:00 - DEBUG - [_process_strategies] [N/A] ⏱ Skipping EMA_Cross_ema50, not yet time (every 5m)
2025-04-24 19:56:00 - DEBUG - [_process_strategies] [N/A] ⏱ Skipping VWAP_diff_signal_1700, not yet time (every 5m)
2025-04-24 19:56:00 - DEBUG - [_process_strategies] [N/A] ⏱ Skipping VWAP_diff_signal_rsi_1700, not yet time (every 5m)
2025-04-24 19:56:00 - DEBUG - [_process_strategies] [N/A] ⏱ Skipping EMA_Cross_candle, not yet time (every 5m)
2025-04-24 19:56:00 - INFO - [_update_active_orders_and_telegram] [N/A] 📊 Updating SL/TP for active orders
2025-04-24 19:56:01 - INFO - [_wait_until_next_iteration] [N/A] ⏳ Sleeping for 58.92 seconds before the next cycle
2025-04-24 19:57:00 - DEBUG - [_process_strategies] [N/A] ⏱ Skipping VWAP_diff_signal_1700_volume, not yet time (every 5m)
2025-04-24 19:57:00 - DEBUG - [_process_strategies] [N/A] ⏱ Skipping SMA_Cross_sma50, not yet time (every 5m)
2025-04-24 19:57:00 - DEBUG - [_process_strategies] [N/A] ⏱ Skipping SMA_Cross_candle, not yet time (every 5m)
2025-04-24 19:57:00 - DEBUG - [_process_strategies] [N/A] ⏱ Skipping EMA_Cross_ema50, not yet time (every 5m)
2025-04-24 19:57:00 - DEBUG - [_process_strategies] [N/A] ⏱ Skipping VWAP_diff_signal_1700, not yet time (every 5m)
2025-04-24 19:57:00 - DEBUG - [_process_strategies] [N/A] ⏱ Skipping VWAP_diff_signal_rsi_1700, not yet time (every 5m)
2025-04-24 19:57:00 - DEBUG - [_process_strategies] [N/A] ⏱ Skipping EMA_Cross_candle, not yet time (every 5m)
2025-04-24 19:57:00 - INFO - [_update_active_orders_and_telegram] [N/A] 📊 Updating SL/TP for active orders
2025-04-24 19:57:01 - INFO - [_wait_until_next_iteration] [N/A] ⏳ Sleeping for 58.93 seconds before the next cycle
2025-04-24 19:58:00 - DEBUG - [_process_strategies] [N/A] ⏱ Skipping VWAP_diff_signal_1700_volume, not yet time (every 5m)
2025-04-24 19:58:00 - DEBUG - [_process_strategies] [N/A] ⏱ Skipping SMA_Cross_sma50, not yet time (every 5m)
2025-04-24 19:58:00 - DEBUG - [_process_strategies] [N/A] ⏱ Skipping SMA_Cross_candle, not yet time (every 5m)
2025-04-24 19:58:00 - DEBUG - [_process_strategies] [N/A] ⏱ Skipping EMA_Cross_ema50, not yet time (every 5m)
2025-04-24 19:58:00 - DEBUG - [_process_strategies] [N/A] ⏱ Skipping VWAP_diff_signal_1700, not yet time (every 5m)
2025-04-24 19:58:00 - DEBUG - [_process_strategies] [N/A] ⏱ Skipping VWAP_diff_signal_rsi_1700, not yet time (every 5m)
2025-04-24 19:58:00 - DEBUG - [_process_strategies] [N/A] ⏱ Skipping EMA_Cross_candle, not yet time (every 5m)
2025-04-24 19:58:00 - INFO - [_update_active_orders_and_telegram] [N/A] 📊 Updating SL/TP for active orders
2025-04-24 19:58:01 - INFO - [_wait_until_next_iteration] [N/A] ⏳ Sleeping for 58.93 seconds before the next cycle
2025-04-24 19:59:00 - DEBUG - [_process_strategies] [N/A] ⏱ Skipping VWAP_diff_signal_1700_volume, not yet time (every 5m)
2025-04-24 19:59:00 - DEBUG - [_process_strategies] [N/A] ⏱ Skipping SMA_Cross_sma50, not yet time (every 5m)
2025-04-24 19:59:00 - DEBUG - [_process_strategies] [N/A] ⏱ Skipping SMA_Cross_candle, not yet time (every 5m)
2025-04-24 19:59:00 - DEBUG - [_process_strategies] [N/A] ⏱ Skipping EMA_Cross_ema50, not yet time (every 5m)
2025-04-24 19:59:00 - DEBUG - [_process_strategies] [N/A] ⏱ Skipping VWAP_diff_signal_1700, not yet time (every 5m)
2025-04-24 19:59:00 - DEBUG - [_process_strategies] [N/A] ⏱ Skipping VWAP_diff_signal_rsi_1700, not yet time (every 5m)
2025-04-24 19:59:00 - DEBUG - [_process_strategies] [N/A] ⏱ Skipping EMA_Cross_candle, not yet time (every 5m)
2025-04-24 19:59:00 - INFO - [_update_active_orders_and_telegram] [N/A] 📊 Updating SL/TP for active orders
2025-04-24 19:59:01 - INFO - [_wait_until_next_iteration] [N/A] ⏳ Sleeping for 58.92 seconds before the next cycle
2025-04-24 20:00:00 - INFO - [_run_strategy_if_applicable] [N/A] ⏰ Strategy 'VWAP_diff_signal_1700_volume' not executed because it's outside the time window: 17:30:00 - 19:00:00
2025-04-24 20:00:00 - INFO - [_run_strategy_if_applicable] [N/A] ⏰ Strategy 'SMA_Cross_sma50' not executed because it's outside the time window: 16:35:00 - 16:50:00
2025-04-24 20:00:00 - INFO - [_run_strategy_if_applicable] [N/A] ⏰ Strategy 'SMA_Cross_candle' not executed because it's outside the time window: 16:35:00 - 16:50:00
2025-04-24 20:00:00 - INFO - [_run_strategy_if_applicable] [N/A] ⏰ Strategy 'EMA_Cross_ema50' not executed because it's outside the time window: 16:35:00 - 16:50:00
2025-04-24 20:00:00 - INFO - [_run_strategy_if_applicable] [N/A] ⏰ Strategy 'VWAP_diff_signal_1700' not executed because it's outside the time window: 17:30:00 - 19:00:00
2025-04-24 20:00:00 - INFO - [_run_strategy_if_applicable] [N/A] ⏰ Strategy 'VWAP_diff_signal_rsi_1700' not executed because it's outside the time window: 17:30:00 - 19:00:00
2025-04-24 20:00:00 - INFO - [_run_strategy_if_applicable] [N/A] ⏰ Strategy 'EMA_Cross_candle' not executed because it's outside the time window: 16:35:00 - 16:50:00
2025-04-24 20:00:00 - INFO - [_update_active_orders_and_telegram] [N/A] 📊 Updating SL/TP for active orders
2025-04-24 20:00:01 - INFO - [_wait_until_next_iteration] [N/A] ⏳ Sleeping for 58.93 seconds before the next cycle
2025-04-24 20:01:00 - DEBUG - [_process_strategies] [N/A] ⏱ Skipping VWAP_diff_signal_1700_volume, not yet time (every 5m)
2025-04-24 20:01:00 - DEBUG - [_process_strategies] [N/A] ⏱ Skipping SMA_Cross_sma50, not yet time (every 5m)
2025-04-24 20:01:00 - DEBUG - [_process_strategies] [N/A] ⏱ Skipping SMA_Cross_candle, not yet time (every 5m)
2025-04-24 20:01:00 - DEBUG - [_process_strategies] [N/A] ⏱ Skipping EMA_Cross_ema50, not yet time (every 5m)
2025-04-24 20:01:00 - DEBUG - [_process_strategies] [N/A] ⏱ Skipping VWAP_diff_signal_1700, not yet time (every 5m)
2025-04-24 20:01:00 - DEBUG - [_process_strategies] [N/A] ⏱ Skipping VWAP_diff_signal_rsi_1700, not yet time (every 5m)
2025-04-24 20:01:00 - DEBUG - [_process_strategies] [N/A] ⏱ Skipping EMA_Cross_candle, not yet time (every 5m)
2025-04-24 20:01:00 - INFO - [_update_active_orders_and_telegram] [N/A] 📊 Updating SL/TP for active orders
2025-04-24 20:01:01 - INFO - [_wait_until_next_iteration] [N/A] ⏳ Sleeping for 58.93 seconds before the next cycle
2025-04-24 20:02:00 - DEBUG - [_process_strategies] [N/A] ⏱ Skipping VWAP_diff_signal_1700_volume, not yet time (every 5m)
2025-04-24 20:02:00 - DEBUG - [_process_strategies] [N/A] ⏱ Skipping SMA_Cross_sma50, not yet time (every 5m)
2025-04-24 20:02:00 - DEBUG - [_process_strategies] [N/A] ⏱ Skipping SMA_Cross_candle, not yet time (every 5m)
2025-04-24 20:02:00 - DEBUG - [_process_strategies] [N/A] ⏱ Skipping EMA_Cross_ema50, not yet time (every 5m)
2025-04-24 20:02:00 - DEBUG - [_process_strategies] [N/A] ⏱ Skipping VWAP_diff_signal_1700, not yet time (every 5m)
2025-04-24 20:02:00 - DEBUG - [_process_strategies] [N/A] ⏱ Skipping VWAP_diff_signal_rsi_1700, not yet time (every 5m)
2025-04-24 20:02:00 - DEBUG - [_process_strategies] [N/A] ⏱ Skipping EMA_Cross_candle, not yet time (every 5m)
2025-04-24 20:02:00 - INFO - [_update_active_orders_and_telegram] [N/A] 📊 Updating SL/TP for active orders
2025-04-24 20:02:01 - INFO - [_wait_until_next_iteration] [N/A] ⏳ Sleeping for 58.93 seconds before the next cycle
2025-04-24 20:03:00 - DEBUG - [_process_strategies] [N/A] ⏱ Skipping VWAP_diff_signal_1700_volume, not yet time (every 5m)
2025-04-24 20:03:00 - DEBUG - [_process_strategies] [N/A] ⏱ Skipping SMA_Cross_sma50, not yet time (every 5m)
2025-04-24 20:03:00 - DEBUG - [_process_strategies] [N/A] ⏱ Skipping SMA_Cross_candle, not yet time (every 5m)
2025-04-24 20:03:00 - DEBUG - [_process_strategies] [N/A] ⏱ Skipping EMA_Cross_ema50, not yet time (every 5m)
2025-04-24 20:03:00 - DEBUG - [_process_strategies] [N/A] ⏱ Skipping VWAP_diff_signal_1700, not yet time (every 5m)
2025-04-24 20:03:00 - DEBUG - [_process_strategies] [N/A] ⏱ Skipping VWAP_diff_signal_rsi_1700, not yet time (every 5m)
2025-04-24 20:03:00 - DEBUG - [_process_strategies] [N/A] ⏱ Skipping EMA_Cross_candle, not yet time (every 5m)
2025-04-24 20:03:00 - INFO - [_update_active_orders_and_telegram] [N/A] 📊 Updating SL/TP for active orders
2025-04-24 20:03:01 - INFO - [_wait_until_next_iteration] [N/A] ⏳ Sleeping for 58.93 seconds before the next cycle
2025-04-24 20:04:00 - DEBUG - [_process_strategies] [N/A] ⏱ Skipping VWAP_diff_signal_1700_volume, not yet time (every 5m)
2025-04-24 20:04:00 - DEBUG - [_process_strategies] [N/A] ⏱ Skipping SMA_Cross_sma50, not yet time (every 5m)
2025-04-24 20:04:00 - DEBUG - [_process_strategies] [N/A] ⏱ Skipping SMA_Cross_candle, not yet time (every 5m)
2025-04-24 20:04:00 - DEBUG - [_process_strategies] [N/A] ⏱ Skipping EMA_Cross_ema50, not yet time (every 5m)
2025-04-24 20:04:00 - DEBUG - [_process_strategies] [N/A] ⏱ Skipping VWAP_diff_signal_1700, not yet time (every 5m)
2025-04-24 20:04:00 - DEBUG - [_process_strategies] [N/A] ⏱ Skipping VWAP_diff_signal_rsi_1700, not yet time (every 5m)
2025-04-24 20:04:00 - DEBUG - [_process_strategies] [N/A] ⏱ Skipping EMA_Cross_candle, not yet time (every 5m)
2025-04-24 20:04:00 - INFO - [_update_active_orders_and_telegram] [N/A] 📊 Updating SL/TP for active orders
2025-04-24 20:04:01 - INFO - [_wait_until_next_iteration] [N/A] ⏳ Sleeping for 58.92 seconds before the next cycle
2025-04-24 20:05:00 - INFO - [_run_strategy_if_applicable] [N/A] ⏰ Strategy 'VWAP_diff_signal_1700_volume' not executed because it's outside the time window: 17:30:00 - 19:00:00
2025-04-24 20:05:00 - INFO - [_run_strategy_if_applicable] [N/A] ⏰ Strategy 'SMA_Cross_sma50' not executed because it's outside the time window: 16:35:00 - 16:50:00
2025-04-24 20:05:00 - INFO - [_run_strategy_if_applicable] [N/A] ⏰ Strategy 'SMA_Cross_candle' not executed because it's outside the time window: 16:35:00 - 16:50:00
2025-04-24 20:05:00 - INFO - [_run_strategy_if_applicable] [N/A] ⏰ Strategy 'EMA_Cross_ema50' not executed because it's outside the time window: 16:35:00 - 16:50:00
2025-04-24 20:05:00 - INFO - [_run_strategy_if_applicable] [N/A] ⏰ Strategy 'VWAP_diff_signal_1700' not executed because it's outside the time window: 17:30:00 - 19:00:00
2025-04-24 20:05:00 - INFO - [_run_strategy_if_applicable] [N/A] ⏰ Strategy 'VWAP_diff_signal_rsi_1700' not executed because it's outside the time window: 17:30:00 - 19:00:00
2025-04-24 20:05:00 - INFO - [_run_strategy_if_applicable] [N/A] ⏰ Strategy 'EMA_Cross_candle' not executed because it's outside the time window: 16:35:00 - 16:50:00
2025-04-24 20:05:00 - INFO - [_update_active_orders_and_telegram] [N/A] 📊 Updating SL/TP for active orders
2025-04-24 20:05:01 - INFO - [_wait_until_next_iteration] [N/A] ⏳ Sleeping for 58.92 seconds before the next cycle
2025-04-24 20:06:00 - DEBUG - [_process_strategies] [N/A] ⏱ Skipping VWAP_diff_signal_1700_volume, not yet time (every 5m)
2025-04-24 20:06:00 - DEBUG - [_process_strategies] [N/A] ⏱ Skipping SMA_Cross_sma50, not yet time (every 5m)
2025-04-24 20:06:00 - DEBUG - [_process_strategies] [N/A] ⏱ Skipping SMA_Cross_candle, not yet time (every 5m)
2025-04-24 20:06:00 - DEBUG - [_process_strategies] [N/A] ⏱ Skipping EMA_Cross_ema50, not yet time (every 5m)
2025-04-24 20:06:00 - DEBUG - [_process_strategies] [N/A] ⏱ Skipping VWAP_diff_signal_1700, not yet time (every 5m)
2025-04-24 20:06:00 - DEBUG - [_process_strategies] [N/A] ⏱ Skipping VWAP_diff_signal_rsi_1700, not yet time (every 5m)
2025-04-24 20:06:00 - DEBUG - [_process_strategies] [N/A] ⏱ Skipping EMA_Cross_candle, not yet time (every 5m)
2025-04-24 20:06:00 - INFO - [_update_active_orders_and_telegram] [N/A] 📊 Updating SL/TP for active orders
2025-04-24 20:06:01 - INFO - [_wait_until_next_iteration] [N/A] ⏳ Sleeping for 58.93 seconds before the next cycle
2025-04-24 20:07:00 - DEBUG - [_process_strategies] [N/A] ⏱ Skipping VWAP_diff_signal_1700_volume, not yet time (every 5m)
2025-04-24 20:07:00 - DEBUG - [_process_strategies] [N/A] ⏱ Skipping SMA_Cross_sma50, not yet time (every 5m)
2025-04-24 20:07:00 - DEBUG - [_process_strategies] [N/A] ⏱ Skipping SMA_Cross_candle, not yet time (every 5m)
2025-04-24 20:07:00 - DEBUG - [_process_strategies] [N/A] ⏱ Skipping EMA_Cross_ema50, not yet time (every 5m)
2025-04-24 20:07:00 - DEBUG - [_process_strategies] [N/A] ⏱ Skipping VWAP_diff_signal_1700, not yet time (every 5m)
2025-04-24 20:07:00 - DEBUG - [_process_strategies] [N/A] ⏱ Skipping VWAP_diff_signal_rsi_1700, not yet time (every 5m)
2025-04-24 20:07:00 - DEBUG - [_process_strategies] [N/A] ⏱ Skipping EMA_Cross_candle, not yet time (every 5m)
2025-04-24 20:07:00 - INFO - [_update_active_orders_and_telegram] [N/A] 📊 Updating SL/TP for active orders
2025-04-24 20:07:01 - INFO - [_wait_until_next_iteration] [N/A] ⏳ Sleeping for 58.93 seconds before the next cycle
2025-04-24 20:08:00 - DEBUG - [_process_strategies] [N/A] ⏱ Skipping VWAP_diff_signal_1700_volume, not yet time (every 5m)
2025-04-24 20:08:00 - DEBUG - [_process_strategies] [N/A] ⏱ Skipping SMA_Cross_sma50, not yet time (every 5m)
2025-04-24 20:08:00 - DEBUG - [_process_strategies] [N/A] ⏱ Skipping SMA_Cross_candle, not yet time (every 5m)
2025-04-24 20:08:00 - DEBUG - [_process_strategies] [N/A] ⏱ Skipping EMA_Cross_ema50, not yet time (every 5m)
2025-04-24 20:08:00 - DEBUG - [_process_strategies] [N/A] ⏱ Skipping VWAP_diff_signal_1700, not yet time (every 5m)
2025-04-24 20:08:00 - DEBUG - [_process_strategies] [N/A] ⏱ Skipping VWAP_diff_signal_rsi_1700, not yet time (every 5m)
2025-04-24 20:08:00 - DEBUG - [_process_strategies] [N/A] ⏱ Skipping EMA_Cross_candle, not yet time (every 5m)
2025-04-24 20:08:00 - INFO - [_update_active_orders_and_telegram] [N/A] 📊 Updating SL/TP for active orders
2025-04-24 20:08:01 - INFO - [_wait_until_next_iteration] [N/A] ⏳ Sleeping for 58.93 seconds before the next cycle
2025-04-24 20:09:00 - DEBUG - [_process_strategies] [N/A] ⏱ Skipping VWAP_diff_signal_1700_volume, not yet time (every 5m)
2025-04-24 20:09:00 - DEBUG - [_process_strategies] [N/A] ⏱ Skipping SMA_Cross_sma50, not yet time (every 5m)
2025-04-24 20:09:00 - DEBUG - [_process_strategies] [N/A] ⏱ Skipping SMA_Cross_candle, not yet time (every 5m)
2025-04-24 20:09:00 - DEBUG - [_process_strategies] [N/A] ⏱ Skipping EMA_Cross_ema50, not yet time (every 5m)
2025-04-24 20:09:00 - DEBUG - [_process_strategies] [N/A] ⏱ Skipping VWAP_diff_signal_1700, not yet time (every 5m)
2025-04-24 20:09:00 - DEBUG - [_process_strategies] [N/A] ⏱ Skipping VWAP_diff_signal_rsi_1700, not yet time (every 5m)
2025-04-24 20:09:00 - DEBUG - [_process_strategies] [N/A] ⏱ Skipping EMA_Cross_candle, not yet time (every 5m)
2025-04-24 20:09:00 - INFO - [_update_active_orders_and_telegram] [N/A] 📊 Updating SL/TP for active orders
2025-04-24 20:09:01 - INFO - [_wait_until_next_iteration] [N/A] ⏳ Sleeping for 58.92 seconds before the next cycle
2025-04-24 20:10:00 - INFO - [_run_strategy_if_applicable] [N/A] ⏰ Strategy 'VWAP_diff_signal_1700_volume' not executed because it's outside the time window: 17:30:00 - 19:00:00
2025-04-24 20:10:00 - INFO - [_run_strategy_if_applicable] [N/A] ⏰ Strategy 'SMA_Cross_sma50' not executed because it's outside the time window: 16:35:00 - 16:50:00
2025-04-24 20:10:00 - INFO - [_run_strategy_if_applicable] [N/A] ⏰ Strategy 'SMA_Cross_candle' not executed because it's outside the time window: 16:35:00 - 16:50:00
2025-04-24 20:10:00 - INFO - [_run_strategy_if_applicable] [N/A] ⏰ Strategy 'EMA_Cross_ema50' not executed because it's outside the time window: 16:35:00 - 16:50:00
2025-04-24 20:10:00 - INFO - [_run_strategy_if_applicable] [N/A] ⏰ Strategy 'VWAP_diff_signal_1700' not executed because it's outside the time window: 17:30:00 - 19:00:00
2025-04-24 20:10:00 - INFO - [_run_strategy_if_applicable] [N/A] ⏰ Strategy 'VWAP_diff_signal_rsi_1700' not executed because it's outside the time window: 17:30:00 - 19:00:00
2025-04-24 20:10:00 - INFO - [_run_strategy_if_applicable] [N/A] ⏰ Strategy 'EMA_Cross_candle' not executed because it's outside the time window: 16:35:00 - 16:50:00
2025-04-24 20:10:00 - INFO - [_update_active_orders_and_telegram] [N/A] 📊 Updating SL/TP for active orders
2025-04-24 20:10:01 - INFO - [_wait_until_next_iteration] [N/A] ⏳ Sleeping for 58.93 seconds before the next cycle
2025-04-24 20:11:00 - DEBUG - [_process_strategies] [N/A] ⏱ Skipping VWAP_diff_signal_1700_volume, not yet time (every 5m)
2025-04-24 20:11:00 - DEBUG - [_process_strategies] [N/A] ⏱ Skipping SMA_Cross_sma50, not yet time (every 5m)
2025-04-24 20:11:00 - DEBUG - [_process_strategies] [N/A] ⏱ Skipping SMA_Cross_candle, not yet time (every 5m)
2025-04-24 20:11:00 - DEBUG - [_process_strategies] [N/A] ⏱ Skipping EMA_Cross_ema50, not yet time (every 5m)
2025-04-24 20:11:00 - DEBUG - [_process_strategies] [N/A] ⏱ Skipping VWAP_diff_signal_1700, not yet time (every 5m)
2025-04-24 20:11:00 - DEBUG - [_process_strategies] [N/A] ⏱ Skipping VWAP_diff_signal_rsi_1700, not yet time (every 5m)
2025-04-24 20:11:00 - DEBUG - [_process_strategies] [N/A] ⏱ Skipping EMA_Cross_candle, not yet time (every 5m)
2025-04-24 20:11:00 - INFO - [_update_active_orders_and_telegram] [N/A] 📊 Updating SL/TP for active orders
2025-04-24 20:11:01 - INFO - [_wait_until_next_iteration] [N/A] ⏳ Sleeping for 58.93 seconds before the next cycle
2025-04-24 20:12:00 - DEBUG - [_process_strategies] [N/A] ⏱ Skipping VWAP_diff_signal_1700_volume, not yet time (every 5m)
2025-04-24 20:12:00 - DEBUG - [_process_strategies] [N/A] ⏱ Skipping SMA_Cross_sma50, not yet time (every 5m)
2025-04-24 20:12:00 - DEBUG - [_process_strategies] [N/A] ⏱ Skipping SMA_Cross_candle, not yet time (every 5m)
2025-04-24 20:12:00 - DEBUG - [_process_strategies] [N/A] ⏱ Skipping EMA_Cross_ema50, not yet time (every 5m)
2025-04-24 20:12:00 - DEBUG - [_process_strategies] [N/A] ⏱ Skipping VWAP_diff_signal_1700, not yet time (every 5m)
2025-04-24 20:12:00 - DEBUG - [_process_strategies] [N/A] ⏱ Skipping VWAP_diff_signal_rsi_1700, not yet time (every 5m)
2025-04-24 20:12:00 - DEBUG - [_process_strategies] [N/A] ⏱ Skipping EMA_Cross_candle, not yet time (every 5m)
2025-04-24 20:12:00 - INFO - [_update_active_orders_and_telegram] [N/A] 📊 Updating SL/TP for active orders
2025-04-24 20:12:01 - INFO - [_wait_until_next_iteration] [N/A] ⏳ Sleeping for 58.92 seconds before the next cycle
2025-04-24 20:13:00 - DEBUG - [_process_strategies] [N/A] ⏱ Skipping VWAP_diff_signal_1700_volume, not yet time (every 5m)
2025-04-24 20:13:00 - DEBUG - [_process_strategies] [N/A] ⏱ Skipping SMA_Cross_sma50, not yet time (every 5m)
2025-04-24 20:13:00 - DEBUG - [_process_strategies] [N/A] ⏱ Skipping SMA_Cross_candle, not yet time (every 5m)
2025-04-24 20:13:00 - DEBUG - [_process_strategies] [N/A] ⏱ Skipping EMA_Cross_ema50, not yet time (every 5m)
2025-04-24 20:13:00 - DEBUG - [_process_strategies] [N/A] ⏱ Skipping VWAP_diff_signal_1700, not yet time (every 5m)
2025-04-24 20:13:00 - DEBUG - [_process_strategies] [N/A] ⏱ Skipping VWAP_diff_signal_rsi_1700, not yet time (every 5m)
2025-04-24 20:13:00 - DEBUG - [_process_strategies] [N/A] ⏱ Skipping EMA_Cross_candle, not yet time (every 5m)
2025-04-24 20:13:00 - INFO - [_update_active_orders_and_telegram] [N/A] 📊 Updating SL/TP for active orders
2025-04-24 20:13:01 - INFO - [_wait_until_next_iteration] [N/A] ⏳ Sleeping for 58.92 seconds before the next cycle
2025-04-24 20:14:00 - DEBUG - [_process_strategies] [N/A] ⏱ Skipping VWAP_diff_signal_1700_volume, not yet time (every 5m)
2025-04-24 20:14:00 - DEBUG - [_process_strategies] [N/A] ⏱ Skipping SMA_Cross_sma50, not yet time (every 5m)
2025-04-24 20:14:00 - DEBUG - [_process_strategies] [N/A] ⏱ Skipping SMA_Cross_candle, not yet time (every 5m)
2025-04-24 20:14:00 - DEBUG - [_process_strategies] [N/A] ⏱ Skipping EMA_Cross_ema50, not yet time (every 5m)
2025-04-24 20:14:00 - DEBUG - [_process_strategies] [N/A] ⏱ Skipping VWAP_diff_signal_1700, not yet time (every 5m)
2025-04-24 20:14:00 - DEBUG - [_process_strategies] [N/A] ⏱ Skipping VWAP_diff_signal_rsi_1700, not yet time (every 5m)
2025-04-24 20:14:00 - DEBUG - [_process_strategies] [N/A] ⏱ Skipping EMA_Cross_candle, not yet time (every 5m)
2025-04-24 20:14:00 - INFO - [_update_active_orders_and_telegram] [N/A] 📊 Updating SL/TP for active orders
2025-04-24 20:14:01 - INFO - [_wait_until_next_iteration] [N/A] ⏳ Sleeping for 58.93 seconds before the next cycle
2025-04-24 20:15:00 - INFO - [_run_strategy_if_applicable] [N/A] ⏰ Strategy 'VWAP_diff_signal_1700_volume' not executed because it's outside the time window: 17:30:00 - 19:00:00
2025-04-24 20:15:00 - INFO - [_run_strategy_if_applicable] [N/A] ⏰ Strategy 'SMA_Cross_sma50' not executed because it's outside the time window: 16:35:00 - 16:50:00
2025-04-24 20:15:00 - INFO - [_run_strategy_if_applicable] [N/A] ⏰ Strategy 'SMA_Cross_candle' not executed because it's outside the time window: 16:35:00 - 16:50:00
2025-04-24 20:15:00 - INFO - [_run_strategy_if_applicable] [N/A] ⏰ Strategy 'EMA_Cross_ema50' not executed because it's outside the time window: 16:35:00 - 16:50:00
2025-04-24 20:15:00 - INFO - [_run_strategy_if_applicable] [N/A] ⏰ Strategy 'VWAP_diff_signal_1700' not executed because it's outside the time window: 17:30:00 - 19:00:00
2025-04-24 20:15:00 - INFO - [_run_strategy_if_applicable] [N/A] ⏰ Strategy 'VWAP_diff_signal_rsi_1700' not executed because it's outside the time window: 17:30:00 - 19:00:00
2025-04-24 20:15:00 - INFO - [_run_strategy_if_applicable] [N/A] ⏰ Strategy 'EMA_Cross_candle' not executed because it's outside the time window: 16:35:00 - 16:50:00
2025-04-24 20:15:00 - INFO - [_update_active_orders_and_telegram] [N/A] 📊 Updating SL/TP for active orders
2025-04-24 20:15:01 - INFO - [_wait_until_next_iteration] [N/A] ⏳ Sleeping for 58.93 seconds before the next cycle
2025-04-24 20:16:00 - DEBUG - [_process_strategies] [N/A] ⏱ Skipping VWAP_diff_signal_1700_volume, not yet time (every 5m)
2025-04-24 20:16:00 - DEBUG - [_process_strategies] [N/A] ⏱ Skipping SMA_Cross_sma50, not yet time (every 5m)
2025-04-24 20:16:00 - DEBUG - [_process_strategies] [N/A] ⏱ Skipping SMA_Cross_candle, not yet time (every 5m)
2025-04-24 20:16:00 - DEBUG - [_process_strategies] [N/A] ⏱ Skipping EMA_Cross_ema50, not yet time (every 5m)
2025-04-24 20:16:00 - DEBUG - [_process_strategies] [N/A] ⏱ Skipping VWAP_diff_signal_1700, not yet time (every 5m)
2025-04-24 20:16:00 - DEBUG - [_process_strategies] [N/A] ⏱ Skipping VWAP_diff_signal_rsi_1700, not yet time (every 5m)
2025-04-24 20:16:00 - DEBUG - [_process_strategies] [N/A] ⏱ Skipping EMA_Cross_candle, not yet time (every 5m)
2025-04-24 20:16:00 - INFO - [_update_active_orders_and_telegram] [N/A] 📊 Updating SL/TP for active orders
2025-04-24 20:16:01 - INFO - [_wait_until_next_iteration] [N/A] ⏳ Sleeping for 58.93 seconds before the next cycle
2025-04-24 20:17:00 - DEBUG - [_process_strategies] [N/A] ⏱ Skipping VWAP_diff_signal_1700_volume, not yet time (every 5m)
2025-04-24 20:17:00 - DEBUG - [_process_strategies] [N/A] ⏱ Skipping SMA_Cross_sma50, not yet time (every 5m)
2025-04-24 20:17:00 - DEBUG - [_process_strategies] [N/A] ⏱ Skipping SMA_Cross_candle, not yet time (every 5m)
2025-04-24 20:17:00 - DEBUG - [_process_strategies] [N/A] ⏱ Skipping EMA_Cross_ema50, not yet time (every 5m)
2025-04-24 20:17:00 - DEBUG - [_process_strategies] [N/A] ⏱ Skipping VWAP_diff_signal_1700, not yet time (every 5m)
2025-04-24 20:17:00 - DEBUG - [_process_strategies] [N/A] ⏱ Skipping VWAP_diff_signal_rsi_1700, not yet time (every 5m)
2025-04-24 20:17:00 - DEBUG - [_process_strategies] [N/A] ⏱ Skipping EMA_Cross_candle, not yet time (every 5m)
2025-04-24 20:17:00 - INFO - [_update_active_orders_and_telegram] [N/A] 📊 Updating SL/TP for active orders
2025-04-24 20:17:01 - INFO - [_wait_until_next_iteration] [N/A] ⏳ Sleeping for 58.92 seconds before the next cycle
2025-04-24 20:18:00 - DEBUG - [_process_strategies] [N/A] ⏱ Skipping VWAP_diff_signal_1700_volume, not yet time (every 5m)
2025-04-24 20:18:00 - DEBUG - [_process_strategies] [N/A] ⏱ Skipping SMA_Cross_sma50, not yet time (every 5m)
2025-04-24 20:18:00 - DEBUG - [_process_strategies] [N/A] ⏱ Skipping SMA_Cross_candle, not yet time (every 5m)
2025-04-24 20:18:00 - DEBUG - [_process_strategies] [N/A] ⏱ Skipping EMA_Cross_ema50, not yet time (every 5m)
2025-04-24 20:18:00 - DEBUG - [_process_strategies] [N/A] ⏱ Skipping VWAP_diff_signal_1700, not yet time (every 5m)
2025-04-24 20:18:00 - DEBUG - [_process_strategies] [N/A] ⏱ Skipping VWAP_diff_signal_rsi_1700, not yet time (every 5m)
2025-04-24 20:18:00 - DEBUG - [_process_strategies] [N/A] ⏱ Skipping EMA_Cross_candle, not yet time (every 5m)
2025-04-24 20:18:00 - INFO - [_update_active_orders_and_telegram] [N/A] 📊 Updating SL/TP for active orders
2025-04-24 20:18:01 - INFO - [_wait_until_next_iteration] [N/A] ⏳ Sleeping for 58.93 seconds before the next cycle
2025-04-24 20:19:00 - DEBUG - [_process_strategies] [N/A] ⏱ Skipping VWAP_diff_signal_1700_volume, not yet time (every 5m)
2025-04-24 20:19:00 - DEBUG - [_process_strategies] [N/A] ⏱ Skipping SMA_Cross_sma50, not yet time (every 5m)
2025-04-24 20:19:00 - DEBUG - [_process_strategies] [N/A] ⏱ Skipping SMA_Cross_candle, not yet time (every 5m)
2025-04-24 20:19:00 - DEBUG - [_process_strategies] [N/A] ⏱ Skipping EMA_Cross_ema50, not yet time (every 5m)
2025-04-24 20:19:00 - DEBUG - [_process_strategies] [N/A] ⏱ Skipping VWAP_diff_signal_1700, not yet time (every 5m)
2025-04-24 20:19:00 - DEBUG - [_process_strategies] [N/A] ⏱ Skipping VWAP_diff_signal_rsi_1700, not yet time (every 5m)
2025-04-24 20:19:00 - DEBUG - [_process_strategies] [N/A] ⏱ Skipping EMA_Cross_candle, not yet time (every 5m)
2025-04-24 20:19:00 - INFO - [_update_active_orders_and_telegram] [N/A] 📊 Updating SL/TP for active orders
2025-04-24 20:19:01 - INFO - [_wait_until_next_iteration] [N/A] ⏳ Sleeping for 58.93 seconds before the next cycle
2025-04-24 20:20:00 - INFO - [_run_strategy_if_applicable] [N/A] ⏰ Strategy 'VWAP_diff_signal_1700_volume' not executed because it's outside the time window: 17:30:00 - 19:00:00
2025-04-24 20:20:00 - INFO - [_run_strategy_if_applicable] [N/A] ⏰ Strategy 'SMA_Cross_sma50' not executed because it's outside the time window: 16:35:00 - 16:50:00
2025-04-24 20:20:00 - INFO - [_run_strategy_if_applicable] [N/A] ⏰ Strategy 'SMA_Cross_candle' not executed because it's outside the time window: 16:35:00 - 16:50:00
2025-04-24 20:20:00 - INFO - [_run_strategy_if_applicable] [N/A] ⏰ Strategy 'EMA_Cross_ema50' not executed because it's outside the time window: 16:35:00 - 16:50:00
2025-04-24 20:20:00 - INFO - [_run_strategy_if_applicable] [N/A] ⏰ Strategy 'VWAP_diff_signal_1700' not executed because it's outside the time window: 17:30:00 - 19:00:00
2025-04-24 20:20:00 - INFO - [_run_strategy_if_applicable] [N/A] ⏰ Strategy 'VWAP_diff_signal_rsi_1700' not executed because it's outside the time window: 17:30:00 - 19:00:00
2025-04-24 20:20:00 - INFO - [_run_strategy_if_applicable] [N/A] ⏰ Strategy 'EMA_Cross_candle' not executed because it's outside the time window: 16:35:00 - 16:50:00
2025-04-24 20:20:00 - INFO - [_update_active_orders_and_telegram] [N/A] 📊 Updating SL/TP for active orders
2025-04-24 20:20:01 - INFO - [_wait_until_next_iteration] [N/A] ⏳ Sleeping for 58.93 seconds before the next cycle
2025-04-24 20:21:00 - DEBUG - [_process_strategies] [N/A] ⏱ Skipping VWAP_diff_signal_1700_volume, not yet time (every 5m)
2025-04-24 20:21:00 - DEBUG - [_process_strategies] [N/A] ⏱ Skipping SMA_Cross_sma50, not yet time (every 5m)
2025-04-24 20:21:00 - DEBUG - [_process_strategies] [N/A] ⏱ Skipping SMA_Cross_candle, not yet time (every 5m)
2025-04-24 20:21:00 - DEBUG - [_process_strategies] [N/A] ⏱ Skipping EMA_Cross_ema50, not yet time (every 5m)
2025-04-24 20:21:00 - DEBUG - [_process_strategies] [N/A] ⏱ Skipping VWAP_diff_signal_1700, not yet time (every 5m)
2025-04-24 20:21:00 - DEBUG - [_process_strategies] [N/A] ⏱ Skipping VWAP_diff_signal_rsi_1700, not yet time (every 5m)
2025-04-24 20:21:00 - DEBUG - [_process_strategies] [N/A] ⏱ Skipping EMA_Cross_candle, not yet time (every 5m)
2025-04-24 20:21:00 - INFO - [_update_active_orders_and_telegram] [N/A] 📊 Updating SL/TP for active orders
2025-04-24 20:21:01 - INFO - [_wait_until_next_iteration] [N/A] ⏳ Sleeping for 58.92 seconds before the next cycle
2025-04-24 20:22:00 - DEBUG - [_process_strategies] [N/A] ⏱ Skipping VWAP_diff_signal_1700_volume, not yet time (every 5m)
2025-04-24 20:22:00 - DEBUG - [_process_strategies] [N/A] ⏱ Skipping SMA_Cross_sma50, not yet time (every 5m)
2025-04-24 20:22:00 - DEBUG - [_process_strategies] [N/A] ⏱ Skipping SMA_Cross_candle, not yet time (every 5m)
2025-04-24 20:22:00 - DEBUG - [_process_strategies] [N/A] ⏱ Skipping EMA_Cross_ema50, not yet time (every 5m)
2025-04-24 20:22:00 - DEBUG - [_process_strategies] [N/A] ⏱ Skipping VWAP_diff_signal_1700, not yet time (every 5m)
2025-04-24 20:22:00 - DEBUG - [_process_strategies] [N/A] ⏱ Skipping VWAP_diff_signal_rsi_1700, not yet time (every 5m)
2025-04-24 20:22:00 - DEBUG - [_process_strategies] [N/A] ⏱ Skipping EMA_Cross_candle, not yet time (every 5m)
2025-04-24 20:22:00 - INFO - [_update_active_orders_and_telegram] [N/A] 📊 Updating SL/TP for active orders
2025-04-24 20:22:01 - INFO - [_wait_until_next_iteration] [N/A] ⏳ Sleeping for 58.92 seconds before the next cycle
2025-04-24 20:23:00 - DEBUG - [_process_strategies] [N/A] ⏱ Skipping VWAP_diff_signal_1700_volume, not yet time (every 5m)
2025-04-24 20:23:00 - DEBUG - [_process_strategies] [N/A] ⏱ Skipping SMA_Cross_sma50, not yet time (every 5m)
2025-04-24 20:23:00 - DEBUG - [_process_strategies] [N/A] ⏱ Skipping SMA_Cross_candle, not yet time (every 5m)
2025-04-24 20:23:00 - DEBUG - [_process_strategies] [N/A] ⏱ Skipping EMA_Cross_ema50, not yet time (every 5m)
2025-04-24 20:23:00 - DEBUG - [_process_strategies] [N/A] ⏱ Skipping VWAP_diff_signal_1700, not yet time (every 5m)
2025-04-24 20:23:00 - DEBUG - [_process_strategies] [N/A] ⏱ Skipping VWAP_diff_signal_rsi_1700, not yet time (every 5m)
2025-04-24 20:23:00 - DEBUG - [_process_strategies] [N/A] ⏱ Skipping EMA_Cross_candle, not yet time (every 5m)
2025-04-24 20:23:00 - INFO - [_update_active_orders_and_telegram] [N/A] 📊 Updating SL/TP for active orders
2025-04-24 20:23:01 - INFO - [_wait_until_next_iteration] [N/A] ⏳ Sleeping for 58.92 seconds before the next cycle
2025-04-24 20:24:00 - DEBUG - [_process_strategies] [N/A] ⏱ Skipping VWAP_diff_signal_1700_volume, not yet time (every 5m)
2025-04-24 20:24:00 - DEBUG - [_process_strategies] [N/A] ⏱ Skipping SMA_Cross_sma50, not yet time (every 5m)
2025-04-24 20:24:00 - DEBUG - [_process_strategies] [N/A] ⏱ Skipping SMA_Cross_candle, not yet time (every 5m)
2025-04-24 20:24:00 - DEBUG - [_process_strategies] [N/A] ⏱ Skipping EMA_Cross_ema50, not yet time (every 5m)
2025-04-24 20:24:00 - DEBUG - [_process_strategies] [N/A] ⏱ Skipping VWAP_diff_signal_1700, not yet time (every 5m)
2025-04-24 20:24:00 - DEBUG - [_process_strategies] [N/A] ⏱ Skipping VWAP_diff_signal_rsi_1700, not yet time (every 5m)
2025-04-24 20:24:00 - DEBUG - [_process_strategies] [N/A] ⏱ Skipping EMA_Cross_candle, not yet time (every 5m)
2025-04-24 20:24:00 - INFO - [_update_active_orders_and_telegram] [N/A] 📊 Updating SL/TP for active orders
2025-04-24 20:24:01 - INFO - [_wait_until_next_iteration] [N/A] ⏳ Sleeping for 58.93 seconds before the next cycle
2025-04-24 20:25:00 - INFO - [_run_strategy_if_applicable] [N/A] ⏰ Strategy 'VWAP_diff_signal_1700_volume' not executed because it's outside the time window: 17:30:00 - 19:00:00
2025-04-24 20:25:00 - INFO - [_run_strategy_if_applicable] [N/A] ⏰ Strategy 'SMA_Cross_sma50' not executed because it's outside the time window: 16:35:00 - 16:50:00
2025-04-24 20:25:00 - INFO - [_run_strategy_if_applicable] [N/A] ⏰ Strategy 'SMA_Cross_candle' not executed because it's outside the time window: 16:35:00 - 16:50:00
2025-04-24 20:25:00 - INFO - [_run_strategy_if_applicable] [N/A] ⏰ Strategy 'EMA_Cross_ema50' not executed because it's outside the time window: 16:35:00 - 16:50:00
2025-04-24 20:25:00 - INFO - [_run_strategy_if_applicable] [N/A] ⏰ Strategy 'VWAP_diff_signal_1700' not executed because it's outside the time window: 17:30:00 - 19:00:00
2025-04-24 20:25:00 - INFO - [_run_strategy_if_applicable] [N/A] ⏰ Strategy 'VWAP_diff_signal_rsi_1700' not executed because it's outside the time window: 17:30:00 - 19:00:00
2025-04-24 20:25:00 - INFO - [_run_strategy_if_applicable] [N/A] ⏰ Strategy 'EMA_Cross_candle' not executed because it's outside the time window: 16:35:00 - 16:50:00
2025-04-24 20:25:00 - INFO - [_update_active_orders_and_telegram] [N/A] 📊 Updating SL/TP for active orders
2025-04-24 20:25:01 - INFO - [_wait_until_next_iteration] [N/A] ⏳ Sleeping for 58.93 seconds before the next cycle
2025-04-24 20:26:00 - DEBUG - [_process_strategies] [N/A] ⏱ Skipping VWAP_diff_signal_1700_volume, not yet time (every 5m)
2025-04-24 20:26:00 - DEBUG - [_process_strategies] [N/A] ⏱ Skipping SMA_Cross_sma50, not yet time (every 5m)
2025-04-24 20:26:00 - DEBUG - [_process_strategies] [N/A] ⏱ Skipping SMA_Cross_candle, not yet time (every 5m)
2025-04-24 20:26:00 - DEBUG - [_process_strategies] [N/A] ⏱ Skipping EMA_Cross_ema50, not yet time (every 5m)
2025-04-24 20:26:00 - DEBUG - [_process_strategies] [N/A] ⏱ Skipping VWAP_diff_signal_1700, not yet time (every 5m)
2025-04-24 20:26:00 - DEBUG - [_process_strategies] [N/A] ⏱ Skipping VWAP_diff_signal_rsi_1700, not yet time (every 5m)
2025-04-24 20:26:00 - DEBUG - [_process_strategies] [N/A] ⏱ Skipping EMA_Cross_candle, not yet time (every 5m)
2025-04-24 20:26:00 - INFO - [_update_active_orders_and_telegram] [N/A] 📊 Updating SL/TP for active orders
2025-04-24 20:26:01 - INFO - [_wait_until_next_iteration] [N/A] ⏳ Sleeping for 58.92 seconds before the next cycle
2025-04-24 20:27:00 - DEBUG - [_process_strategies] [N/A] ⏱ Skipping VWAP_diff_signal_1700_volume, not yet time (every 5m)
2025-04-24 20:27:00 - DEBUG - [_process_strategies] [N/A] ⏱ Skipping SMA_Cross_sma50, not yet time (every 5m)
2025-04-24 20:27:00 - DEBUG - [_process_strategies] [N/A] ⏱ Skipping SMA_Cross_candle, not yet time (every 5m)
2025-04-24 20:27:00 - DEBUG - [_process_strategies] [N/A] ⏱ Skipping EMA_Cross_ema50, not yet time (every 5m)
2025-04-24 20:27:00 - DEBUG - [_process_strategies] [N/A] ⏱ Skipping VWAP_diff_signal_1700, not yet time (every 5m)
2025-04-24 20:27:00 - DEBUG - [_process_strategies] [N/A] ⏱ Skipping VWAP_diff_signal_rsi_1700, not yet time (every 5m)
2025-04-24 20:27:00 - DEBUG - [_process_strategies] [N/A] ⏱ Skipping EMA_Cross_candle, not yet time (every 5m)
2025-04-24 20:27:00 - INFO - [_update_active_orders_and_telegram] [N/A] 📊 Updating SL/TP for active orders
2025-04-24 20:27:01 - INFO - [_wait_until_next_iteration] [N/A] ⏳ Sleeping for 58.93 seconds before the next cycle
2025-04-24 20:28:00 - DEBUG - [_process_strategies] [N/A] ⏱ Skipping VWAP_diff_signal_1700_volume, not yet time (every 5m)
2025-04-24 20:28:00 - DEBUG - [_process_strategies] [N/A] ⏱ Skipping SMA_Cross_sma50, not yet time (every 5m)
2025-04-24 20:28:00 - DEBUG - [_process_strategies] [N/A] ⏱ Skipping SMA_Cross_candle, not yet time (every 5m)
2025-04-24 20:28:00 - DEBUG - [_process_strategies] [N/A] ⏱ Skipping EMA_Cross_ema50, not yet time (every 5m)
2025-04-24 20:28:00 - DEBUG - [_process_strategies] [N/A] ⏱ Skipping VWAP_diff_signal_1700, not yet time (every 5m)
2025-04-24 20:28:00 - DEBUG - [_process_strategies] [N/A] ⏱ Skipping VWAP_diff_signal_rsi_1700, not yet time (every 5m)
2025-04-24 20:28:00 - DEBUG - [_process_strategies] [N/A] ⏱ Skipping EMA_Cross_candle, not yet time (every 5m)
2025-04-24 20:28:00 - INFO - [_update_active_orders_and_telegram] [N/A] 📊 Updating SL/TP for active orders
2025-04-24 20:28:01 - INFO - [_wait_until_next_iteration] [N/A] ⏳ Sleeping for 58.93 seconds before the next cycle
2025-04-24 20:29:00 - DEBUG - [_process_strategies] [N/A] ⏱ Skipping VWAP_diff_signal_1700_volume, not yet time (every 5m)
2025-04-24 20:29:00 - DEBUG - [_process_strategies] [N/A] ⏱ Skipping SMA_Cross_sma50, not yet time (every 5m)
2025-04-24 20:29:00 - DEBUG - [_process_strategies] [N/A] ⏱ Skipping SMA_Cross_candle, not yet time (every 5m)
2025-04-24 20:29:00 - DEBUG - [_process_strategies] [N/A] ⏱ Skipping EMA_Cross_ema50, not yet time (every 5m)
2025-04-24 20:29:00 - DEBUG - [_process_strategies] [N/A] ⏱ Skipping VWAP_diff_signal_1700, not yet time (every 5m)
2025-04-24 20:29:00 - DEBUG - [_process_strategies] [N/A] ⏱ Skipping VWAP_diff_signal_rsi_1700, not yet time (every 5m)
2025-04-24 20:29:00 - DEBUG - [_process_strategies] [N/A] ⏱ Skipping EMA_Cross_candle, not yet time (every 5m)
2025-04-24 20:29:00 - INFO - [_update_active_orders_and_telegram] [N/A] 📊 Updating SL/TP for active orders
2025-04-24 20:29:01 - INFO - [_wait_until_next_iteration] [N/A] ⏳ Sleeping for 58.93 seconds before the next cycle
2025-04-24 20:30:00 - INFO - [_run_strategy_if_applicable] [N/A] ⏰ Strategy 'VWAP_diff_signal_1700_volume' not executed because it's outside the time window: 17:30:00 - 19:00:00
2025-04-24 20:30:00 - INFO - [_run_strategy_if_applicable] [N/A] ⏰ Strategy 'SMA_Cross_sma50' not executed because it's outside the time window: 16:35:00 - 16:50:00
2025-04-24 20:30:00 - INFO - [_run_strategy_if_applicable] [N/A] ⏰ Strategy 'SMA_Cross_candle' not executed because it's outside the time window: 16:35:00 - 16:50:00
2025-04-24 20:30:00 - INFO - [_run_strategy_if_applicable] [N/A] ⏰ Strategy 'EMA_Cross_ema50' not executed because it's outside the time window: 16:35:00 - 16:50:00
2025-04-24 20:30:00 - INFO - [_run_strategy_if_applicable] [N/A] ⏰ Strategy 'VWAP_diff_signal_1700' not executed because it's outside the time window: 17:30:00 - 19:00:00
2025-04-24 20:30:00 - INFO - [_run_strategy_if_applicable] [N/A] ⏰ Strategy 'VWAP_diff_signal_rsi_1700' not executed because it's outside the time window: 17:30:00 - 19:00:00
2025-04-24 20:30:00 - INFO - [_run_strategy_if_applicable] [N/A] ⏰ Strategy 'EMA_Cross_candle' not executed because it's outside the time window: 16:35:00 - 16:50:00
2025-04-24 20:30:00 - INFO - [_update_active_orders_and_telegram] [N/A] 📊 Updating SL/TP for active orders
2025-04-24 20:30:01 - INFO - [_wait_until_next_iteration] [N/A] ⏳ Sleeping for 58.93 seconds before the next cycle
2025-04-24 20:31:00 - DEBUG - [_process_strategies] [N/A] ⏱ Skipping VWAP_diff_signal_1700_volume, not yet time (every 5m)
2025-04-24 20:31:00 - DEBUG - [_process_strategies] [N/A] ⏱ Skipping SMA_Cross_sma50, not yet time (every 5m)
2025-04-24 20:31:00 - DEBUG - [_process_strategies] [N/A] ⏱ Skipping SMA_Cross_candle, not yet time (every 5m)
2025-04-24 20:31:00 - DEBUG - [_process_strategies] [N/A] ⏱ Skipping EMA_Cross_ema50, not yet time (every 5m)
2025-04-24 20:31:00 - DEBUG - [_process_strategies] [N/A] ⏱ Skipping VWAP_diff_signal_1700, not yet time (every 5m)
2025-04-24 20:31:00 - DEBUG - [_process_strategies] [N/A] ⏱ Skipping VWAP_diff_signal_rsi_1700, not yet time (every 5m)
2025-04-24 20:31:00 - DEBUG - [_process_strategies] [N/A] ⏱ Skipping EMA_Cross_candle, not yet time (every 5m)
2025-04-24 20:31:00 - INFO - [_update_active_orders_and_telegram] [N/A] 📊 Updating SL/TP for active orders
2025-04-24 20:31:01 - INFO - [_wait_until_next_iteration] [N/A] ⏳ Sleeping for 58.92 seconds before the next cycle
2025-04-24 20:32:00 - DEBUG - [_process_strategies] [N/A] ⏱ Skipping VWAP_diff_signal_1700_volume, not yet time (every 5m)
2025-04-24 20:32:00 - DEBUG - [_process_strategies] [N/A] ⏱ Skipping SMA_Cross_sma50, not yet time (every 5m)
2025-04-24 20:32:00 - DEBUG - [_process_strategies] [N/A] ⏱ Skipping SMA_Cross_candle, not yet time (every 5m)
2025-04-24 20:32:00 - DEBUG - [_process_strategies] [N/A] ⏱ Skipping EMA_Cross_ema50, not yet time (every 5m)
2025-04-24 20:32:00 - DEBUG - [_process_strategies] [N/A] ⏱ Skipping VWAP_diff_signal_1700, not yet time (every 5m)
2025-04-24 20:32:00 - DEBUG - [_process_strategies] [N/A] ⏱ Skipping VWAP_diff_signal_rsi_1700, not yet time (every 5m)
2025-04-24 20:32:00 - DEBUG - [_process_strategies] [N/A] ⏱ Skipping EMA_Cross_candle, not yet time (every 5m)
2025-04-24 20:32:00 - INFO - [_update_active_orders_and_telegram] [N/A] 📊 Updating SL/TP for active orders
2025-04-24 20:32:01 - INFO - [_wait_until_next_iteration] [N/A] ⏳ Sleeping for 58.93 seconds before the next cycle
2025-04-24 20:33:00 - DEBUG - [_process_strategies] [N/A] ⏱ Skipping VWAP_diff_signal_1700_volume, not yet time (every 5m)
2025-04-24 20:33:00 - DEBUG - [_process_strategies] [N/A] ⏱ Skipping SMA_Cross_sma50, not yet time (every 5m)
2025-04-24 20:33:00 - DEBUG - [_process_strategies] [N/A] ⏱ Skipping SMA_Cross_candle, not yet time (every 5m)
2025-04-24 20:33:00 - DEBUG - [_process_strategies] [N/A] ⏱ Skipping EMA_Cross_ema50, not yet time (every 5m)
2025-04-24 20:33:00 - DEBUG - [_process_strategies] [N/A] ⏱ Skipping VWAP_diff_signal_1700, not yet time (every 5m)
2025-04-24 20:33:00 - DEBUG - [_process_strategies] [N/A] ⏱ Skipping VWAP_diff_signal_rsi_1700, not yet time (every 5m)
2025-04-24 20:33:00 - DEBUG - [_process_strategies] [N/A] ⏱ Skipping EMA_Cross_candle, not yet time (every 5m)
2025-04-24 20:33:00 - INFO - [_update_active_orders_and_telegram] [N/A] 📊 Updating SL/TP for active orders
2025-04-24 20:33:01 - INFO - [_wait_until_next_iteration] [N/A] ⏳ Sleeping for 58.93 seconds before the next cycle
2025-04-24 20:34:00 - DEBUG - [_process_strategies] [N/A] ⏱ Skipping VWAP_diff_signal_1700_volume, not yet time (every 5m)
2025-04-24 20:34:00 - DEBUG - [_process_strategies] [N/A] ⏱ Skipping SMA_Cross_sma50, not yet time (every 5m)
2025-04-24 20:34:00 - DEBUG - [_process_strategies] [N/A] ⏱ Skipping SMA_Cross_candle, not yet time (every 5m)
2025-04-24 20:34:00 - DEBUG - [_process_strategies] [N/A] ⏱ Skipping EMA_Cross_ema50, not yet time (every 5m)
2025-04-24 20:34:00 - DEBUG - [_process_strategies] [N/A] ⏱ Skipping VWAP_diff_signal_1700, not yet time (every 5m)
2025-04-24 20:34:00 - DEBUG - [_process_strategies] [N/A] ⏱ Skipping VWAP_diff_signal_rsi_1700, not yet time (every 5m)
2025-04-24 20:34:00 - DEBUG - [_process_strategies] [N/A] ⏱ Skipping EMA_Cross_candle, not yet time (every 5m)
2025-04-24 20:34:00 - INFO - [_update_active_orders_and_telegram] [N/A] 📊 Updating SL/TP for active orders
2025-04-24 20:34:01 - INFO - [_wait_until_next_iteration] [N/A] ⏳ Sleeping for 58.93 seconds before the next cycle
2025-04-24 20:35:00 - INFO - [_run_strategy_if_applicable] [N/A] ⏰ Strategy 'VWAP_diff_signal_1700_volume' not executed because it's outside the time window: 17:30:00 - 19:00:00
2025-04-24 20:35:00 - INFO - [_run_strategy_if_applicable] [N/A] ⏰ Strategy 'SMA_Cross_sma50' not executed because it's outside the time window: 16:35:00 - 16:50:00
2025-04-24 20:35:00 - INFO - [_run_strategy_if_applicable] [N/A] ⏰ Strategy 'SMA_Cross_candle' not executed because it's outside the time window: 16:35:00 - 16:50:00
2025-04-24 20:35:00 - INFO - [_run_strategy_if_applicable] [N/A] ⏰ Strategy 'EMA_Cross_ema50' not executed because it's outside the time window: 16:35:00 - 16:50:00
2025-04-24 20:35:00 - INFO - [_run_strategy_if_applicable] [N/A] ⏰ Strategy 'VWAP_diff_signal_1700' not executed because it's outside the time window: 17:30:00 - 19:00:00
2025-04-24 20:35:00 - INFO - [_run_strategy_if_applicable] [N/A] ⏰ Strategy 'VWAP_diff_signal_rsi_1700' not executed because it's outside the time window: 17:30:00 - 19:00:00
2025-04-24 20:35:00 - INFO - [_run_strategy_if_applicable] [N/A] ⏰ Strategy 'EMA_Cross_candle' not executed because it's outside the time window: 16:35:00 - 16:50:00
2025-04-24 20:35:00 - INFO - [_update_active_orders_and_telegram] [N/A] 📊 Updating SL/TP for active orders
2025-04-24 20:35:01 - INFO - [_wait_until_next_iteration] [N/A] ⏳ Sleeping for 58.93 seconds before the next cycle
2025-04-24 20:36:00 - DEBUG - [_process_strategies] [N/A] ⏱ Skipping VWAP_diff_signal_1700_volume, not yet time (every 5m)
2025-04-24 20:36:00 - DEBUG - [_process_strategies] [N/A] ⏱ Skipping SMA_Cross_sma50, not yet time (every 5m)
2025-04-24 20:36:00 - DEBUG - [_process_strategies] [N/A] ⏱ Skipping SMA_Cross_candle, not yet time (every 5m)
2025-04-24 20:36:00 - DEBUG - [_process_strategies] [N/A] ⏱ Skipping EMA_Cross_ema50, not yet time (every 5m)
2025-04-24 20:36:00 - DEBUG - [_process_strategies] [N/A] ⏱ Skipping VWAP_diff_signal_1700, not yet time (every 5m)
2025-04-24 20:36:00 - DEBUG - [_process_strategies] [N/A] ⏱ Skipping VWAP_diff_signal_rsi_1700, not yet time (every 5m)
2025-04-24 20:36:00 - DEBUG - [_process_strategies] [N/A] ⏱ Skipping EMA_Cross_candle, not yet time (every 5m)
2025-04-24 20:36:00 - INFO - [_update_active_orders_and_telegram] [N/A] 📊 Updating SL/TP for active orders
2025-04-24 20:36:01 - INFO - [_wait_until_next_iteration] [N/A] ⏳ Sleeping for 58.93 seconds before the next cycle
2025-04-24 20:37:00 - DEBUG - [_process_strategies] [N/A] ⏱ Skipping VWAP_diff_signal_1700_volume, not yet time (every 5m)
2025-04-24 20:37:00 - DEBUG - [_process_strategies] [N/A] ⏱ Skipping SMA_Cross_sma50, not yet time (every 5m)
2025-04-24 20:37:00 - DEBUG - [_process_strategies] [N/A] ⏱ Skipping SMA_Cross_candle, not yet time (every 5m)
2025-04-24 20:37:00 - DEBUG - [_process_strategies] [N/A] ⏱ Skipping EMA_Cross_ema50, not yet time (every 5m)
2025-04-24 20:37:00 - DEBUG - [_process_strategies] [N/A] ⏱ Skipping VWAP_diff_signal_1700, not yet time (every 5m)
2025-04-24 20:37:00 - DEBUG - [_process_strategies] [N/A] ⏱ Skipping VWAP_diff_signal_rsi_1700, not yet time (every 5m)
2025-04-24 20:37:00 - DEBUG - [_process_strategies] [N/A] ⏱ Skipping EMA_Cross_candle, not yet time (every 5m)
2025-04-24 20:37:00 - INFO - [_update_active_orders_and_telegram] [N/A] 📊 Updating SL/TP for active orders
2025-04-24 20:37:01 - INFO - [_wait_until_next_iteration] [N/A] ⏳ Sleeping for 58.93 seconds before the next cycle
2025-04-24 20:38:00 - DEBUG - [_process_strategies] [N/A] ⏱ Skipping VWAP_diff_signal_1700_volume, not yet time (every 5m)
2025-04-24 20:38:00 - DEBUG - [_process_strategies] [N/A] ⏱ Skipping SMA_Cross_sma50, not yet time (every 5m)
2025-04-24 20:38:00 - DEBUG - [_process_strategies] [N/A] ⏱ Skipping SMA_Cross_candle, not yet time (every 5m)
2025-04-24 20:38:00 - DEBUG - [_process_strategies] [N/A] ⏱ Skipping EMA_Cross_ema50, not yet time (every 5m)
2025-04-24 20:38:00 - DEBUG - [_process_strategies] [N/A] ⏱ Skipping VWAP_diff_signal_1700, not yet time (every 5m)
2025-04-24 20:38:00 - DEBUG - [_process_strategies] [N/A] ⏱ Skipping VWAP_diff_signal_rsi_1700, not yet time (every 5m)
2025-04-24 20:38:00 - DEBUG - [_process_strategies] [N/A] ⏱ Skipping EMA_Cross_candle, not yet time (every 5m)
2025-04-24 20:38:00 - INFO - [_update_active_orders_and_telegram] [N/A] 📊 Updating SL/TP for active orders
2025-04-24 20:38:01 - INFO - [_wait_until_next_iteration] [N/A] ⏳ Sleeping for 58.93 seconds before the next cycle
2025-04-24 20:39:00 - DEBUG - [_process_strategies] [N/A] ⏱ Skipping VWAP_diff_signal_1700_volume, not yet time (every 5m)
2025-04-24 20:39:00 - DEBUG - [_process_strategies] [N/A] ⏱ Skipping SMA_Cross_sma50, not yet time (every 5m)
2025-04-24 20:39:00 - DEBUG - [_process_strategies] [N/A] ⏱ Skipping SMA_Cross_candle, not yet time (every 5m)
2025-04-24 20:39:00 - DEBUG - [_process_strategies] [N/A] ⏱ Skipping EMA_Cross_ema50, not yet time (every 5m)
2025-04-24 20:39:00 - DEBUG - [_process_strategies] [N/A] ⏱ Skipping VWAP_diff_signal_1700, not yet time (every 5m)
2025-04-24 20:39:00 - DEBUG - [_process_strategies] [N/A] ⏱ Skipping VWAP_diff_signal_rsi_1700, not yet time (every 5m)
2025-04-24 20:39:00 - DEBUG - [_process_strategies] [N/A] ⏱ Skipping EMA_Cross_candle, not yet time (every 5m)
2025-04-24 20:39:00 - INFO - [_update_active_orders_and_telegram] [N/A] 📊 Updating SL/TP for active orders
2025-04-24 20:39:01 - INFO - [_wait_until_next_iteration] [N/A] ⏳ Sleeping for 58.93 seconds before the next cycle
2025-04-24 20:40:00 - INFO - [_run_strategy_if_applicable] [N/A] ⏰ Strategy 'VWAP_diff_signal_1700_volume' not executed because it's outside the time window: 17:30:00 - 19:00:00
2025-04-24 20:40:00 - INFO - [_run_strategy_if_applicable] [N/A] ⏰ Strategy 'SMA_Cross_sma50' not executed because it's outside the time window: 16:35:00 - 16:50:00
2025-04-24 20:40:00 - INFO - [_run_strategy_if_applicable] [N/A] ⏰ Strategy 'SMA_Cross_candle' not executed because it's outside the time window: 16:35:00 - 16:50:00
2025-04-24 20:40:00 - INFO - [_run_strategy_if_applicable] [N/A] ⏰ Strategy 'EMA_Cross_ema50' not executed because it's outside the time window: 16:35:00 - 16:50:00
2025-04-24 20:40:00 - INFO - [_run_strategy_if_applicable] [N/A] ⏰ Strategy 'VWAP_diff_signal_1700' not executed because it's outside the time window: 17:30:00 - 19:00:00
2025-04-24 20:40:00 - INFO - [_run_strategy_if_applicable] [N/A] ⏰ Strategy 'VWAP_diff_signal_rsi_1700' not executed because it's outside the time window: 17:30:00 - 19:00:00
2025-04-24 20:40:00 - INFO - [_run_strategy_if_applicable] [N/A] ⏰ Strategy 'EMA_Cross_candle' not executed because it's outside the time window: 16:35:00 - 16:50:00
2025-04-24 20:40:00 - INFO - [_update_active_orders_and_telegram] [N/A] 📊 Updating SL/TP for active orders
2025-04-24 20:40:01 - INFO - [_wait_until_next_iteration] [N/A] ⏳ Sleeping for 58.93 seconds before the next cycle
2025-04-24 20:41:00 - DEBUG - [_process_strategies] [N/A] ⏱ Skipping VWAP_diff_signal_1700_volume, not yet time (every 5m)
2025-04-24 20:41:00 - DEBUG - [_process_strategies] [N/A] ⏱ Skipping SMA_Cross_sma50, not yet time (every 5m)
2025-04-24 20:41:00 - DEBUG - [_process_strategies] [N/A] ⏱ Skipping SMA_Cross_candle, not yet time (every 5m)
2025-04-24 20:41:00 - DEBUG - [_process_strategies] [N/A] ⏱ Skipping EMA_Cross_ema50, not yet time (every 5m)
2025-04-24 20:41:00 - DEBUG - [_process_strategies] [N/A] ⏱ Skipping VWAP_diff_signal_1700, not yet time (every 5m)
2025-04-24 20:41:00 - DEBUG - [_process_strategies] [N/A] ⏱ Skipping VWAP_diff_signal_rsi_1700, not yet time (every 5m)
2025-04-24 20:41:00 - DEBUG - [_process_strategies] [N/A] ⏱ Skipping EMA_Cross_candle, not yet time (every 5m)
2025-04-24 20:41:00 - INFO - [_update_active_orders_and_telegram] [N/A] 📊 Updating SL/TP for active orders
2025-04-24 20:41:01 - INFO - [_wait_until_next_iteration] [N/A] ⏳ Sleeping for 58.92 seconds before the next cycle
2025-04-24 20:42:00 - DEBUG - [_process_strategies] [N/A] ⏱ Skipping VWAP_diff_signal_1700_volume, not yet time (every 5m)
2025-04-24 20:42:00 - DEBUG - [_process_strategies] [N/A] ⏱ Skipping SMA_Cross_sma50, not yet time (every 5m)
2025-04-24 20:42:00 - DEBUG - [_process_strategies] [N/A] ⏱ Skipping SMA_Cross_candle, not yet time (every 5m)
2025-04-24 20:42:00 - DEBUG - [_process_strategies] [N/A] ⏱ Skipping EMA_Cross_ema50, not yet time (every 5m)
2025-04-24 20:42:00 - DEBUG - [_process_strategies] [N/A] ⏱ Skipping VWAP_diff_signal_1700, not yet time (every 5m)
2025-04-24 20:42:00 - DEBUG - [_process_strategies] [N/A] ⏱ Skipping VWAP_diff_signal_rsi_1700, not yet time (every 5m)
2025-04-24 20:42:00 - DEBUG - [_process_strategies] [N/A] ⏱ Skipping EMA_Cross_candle, not yet time (every 5m)
2025-04-24 20:42:00 - INFO - [_update_active_orders_and_telegram] [N/A] 📊 Updating SL/TP for active orders
2025-04-24 20:42:01 - INFO - [_wait_until_next_iteration] [N/A] ⏳ Sleeping for 58.92 seconds before the next cycle
2025-04-24 20:43:00 - DEBUG - [_process_strategies] [N/A] ⏱ Skipping VWAP_diff_signal_1700_volume, not yet time (every 5m)
2025-04-24 20:43:00 - DEBUG - [_process_strategies] [N/A] ⏱ Skipping SMA_Cross_sma50, not yet time (every 5m)
2025-04-24 20:43:00 - DEBUG - [_process_strategies] [N/A] ⏱ Skipping SMA_Cross_candle, not yet time (every 5m)
2025-04-24 20:43:00 - DEBUG - [_process_strategies] [N/A] ⏱ Skipping EMA_Cross_ema50, not yet time (every 5m)
2025-04-24 20:43:00 - DEBUG - [_process_strategies] [N/A] ⏱ Skipping VWAP_diff_signal_1700, not yet time (every 5m)
2025-04-24 20:43:00 - DEBUG - [_process_strategies] [N/A] ⏱ Skipping VWAP_diff_signal_rsi_1700, not yet time (every 5m)
2025-04-24 20:43:00 - DEBUG - [_process_strategies] [N/A] ⏱ Skipping EMA_Cross_candle, not yet time (every 5m)
2025-04-24 20:43:00 - INFO - [_update_active_orders_and_telegram] [N/A] 📊 Updating SL/TP for active orders
2025-04-24 20:43:01 - INFO - [_wait_until_next_iteration] [N/A] ⏳ Sleeping for 58.93 seconds before the next cycle
2025-04-24 20:44:00 - DEBUG - [_process_strategies] [N/A] ⏱ Skipping VWAP_diff_signal_1700_volume, not yet time (every 5m)
2025-04-24 20:44:00 - DEBUG - [_process_strategies] [N/A] ⏱ Skipping SMA_Cross_sma50, not yet time (every 5m)
2025-04-24 20:44:00 - DEBUG - [_process_strategies] [N/A] ⏱ Skipping SMA_Cross_candle, not yet time (every 5m)
2025-04-24 20:44:00 - DEBUG - [_process_strategies] [N/A] ⏱ Skipping EMA_Cross_ema50, not yet time (every 5m)
2025-04-24 20:44:00 - DEBUG - [_process_strategies] [N/A] ⏱ Skipping VWAP_diff_signal_1700, not yet time (every 5m)
2025-04-24 20:44:00 - DEBUG - [_process_strategies] [N/A] ⏱ Skipping VWAP_diff_signal_rsi_1700, not yet time (every 5m)
2025-04-24 20:44:00 - DEBUG - [_process_strategies] [N/A] ⏱ Skipping EMA_Cross_candle, not yet time (every 5m)
2025-04-24 20:44:00 - INFO - [_update_active_orders_and_telegram] [N/A] 📊 Updating SL/TP for active orders
2025-04-24 20:44:01 - INFO - [_wait_until_next_iteration] [N/A] ⏳ Sleeping for 58.93 seconds before the next cycle
2025-04-24 20:45:00 - INFO - [_run_strategy_if_applicable] [N/A] ⏰ Strategy 'VWAP_diff_signal_1700_volume' not executed because it's outside the time window: 17:30:00 - 19:00:00
2025-04-24 20:45:00 - INFO - [_run_strategy_if_applicable] [N/A] ⏰ Strategy 'SMA_Cross_sma50' not executed because it's outside the time window: 16:35:00 - 16:50:00
2025-04-24 20:45:00 - INFO - [_run_strategy_if_applicable] [N/A] ⏰ Strategy 'SMA_Cross_candle' not executed because it's outside the time window: 16:35:00 - 16:50:00
2025-04-24 20:45:00 - INFO - [_run_strategy_if_applicable] [N/A] ⏰ Strategy 'EMA_Cross_ema50' not executed because it's outside the time window: 16:35:00 - 16:50:00
2025-04-24 20:45:00 - INFO - [_run_strategy_if_applicable] [N/A] ⏰ Strategy 'VWAP_diff_signal_1700' not executed because it's outside the time window: 17:30:00 - 19:00:00
2025-04-24 20:45:00 - INFO - [_run_strategy_if_applicable] [N/A] ⏰ Strategy 'VWAP_diff_signal_rsi_1700' not executed because it's outside the time window: 17:30:00 - 19:00:00
2025-04-24 20:45:00 - INFO - [_run_strategy_if_applicable] [N/A] ⏰ Strategy 'EMA_Cross_candle' not executed because it's outside the time window: 16:35:00 - 16:50:00
2025-04-24 20:45:00 - INFO - [_update_active_orders_and_telegram] [N/A] 📊 Updating SL/TP for active orders
2025-04-24 20:45:01 - INFO - [_wait_until_next_iteration] [N/A] ⏳ Sleeping for 58.92 seconds before the next cycle
2025-04-24 20:46:00 - DEBUG - [_process_strategies] [N/A] ⏱ Skipping VWAP_diff_signal_1700_volume, not yet time (every 5m)
2025-04-24 20:46:00 - DEBUG - [_process_strategies] [N/A] ⏱ Skipping SMA_Cross_sma50, not yet time (every 5m)
2025-04-24 20:46:00 - DEBUG - [_process_strategies] [N/A] ⏱ Skipping SMA_Cross_candle, not yet time (every 5m)
2025-04-24 20:46:00 - DEBUG - [_process_strategies] [N/A] ⏱ Skipping EMA_Cross_ema50, not yet time (every 5m)
2025-04-24 20:46:00 - DEBUG - [_process_strategies] [N/A] ⏱ Skipping VWAP_diff_signal_1700, not yet time (every 5m)
2025-04-24 20:46:00 - DEBUG - [_process_strategies] [N/A] ⏱ Skipping VWAP_diff_signal_rsi_1700, not yet time (every 5m)
2025-04-24 20:46:00 - DEBUG - [_process_strategies] [N/A] ⏱ Skipping EMA_Cross_candle, not yet time (every 5m)
2025-04-24 20:46:00 - INFO - [_update_active_orders_and_telegram] [N/A] 📊 Updating SL/TP for active orders
2025-04-24 20:46:01 - INFO - [_wait_until_next_iteration] [N/A] ⏳ Sleeping for 58.93 seconds before the next cycle
2025-04-24 20:47:00 - DEBUG - [_process_strategies] [N/A] ⏱ Skipping VWAP_diff_signal_1700_volume, not yet time (every 5m)
2025-04-24 20:47:00 - DEBUG - [_process_strategies] [N/A] ⏱ Skipping SMA_Cross_sma50, not yet time (every 5m)
2025-04-24 20:47:00 - DEBUG - [_process_strategies] [N/A] ⏱ Skipping SMA_Cross_candle, not yet time (every 5m)
2025-04-24 20:47:00 - DEBUG - [_process_strategies] [N/A] ⏱ Skipping EMA_Cross_ema50, not yet time (every 5m)
2025-04-24 20:47:00 - DEBUG - [_process_strategies] [N/A] ⏱ Skipping VWAP_diff_signal_1700, not yet time (every 5m)
2025-04-24 20:47:00 - DEBUG - [_process_strategies] [N/A] ⏱ Skipping VWAP_diff_signal_rsi_1700, not yet time (every 5m)
2025-04-24 20:47:00 - DEBUG - [_process_strategies] [N/A] ⏱ Skipping EMA_Cross_candle, not yet time (every 5m)
2025-04-24 20:47:00 - INFO - [_update_active_orders_and_telegram] [N/A] 📊 Updating SL/TP for active orders
2025-04-24 20:47:01 - INFO - [_wait_until_next_iteration] [N/A] ⏳ Sleeping for 58.95 seconds before the next cycle
2025-04-24 20:48:00 - DEBUG - [_process_strategies] [N/A] ⏱ Skipping VWAP_diff_signal_1700_volume, not yet time (every 5m)
2025-04-24 20:48:00 - DEBUG - [_process_strategies] [N/A] ⏱ Skipping SMA_Cross_sma50, not yet time (every 5m)
2025-04-24 20:48:00 - DEBUG - [_process_strategies] [N/A] ⏱ Skipping SMA_Cross_candle, not yet time (every 5m)
2025-04-24 20:48:00 - DEBUG - [_process_strategies] [N/A] ⏱ Skipping EMA_Cross_ema50, not yet time (every 5m)
2025-04-24 20:48:00 - DEBUG - [_process_strategies] [N/A] ⏱ Skipping VWAP_diff_signal_1700, not yet time (every 5m)
2025-04-24 20:48:00 - DEBUG - [_process_strategies] [N/A] ⏱ Skipping VWAP_diff_signal_rsi_1700, not yet time (every 5m)
2025-04-24 20:48:00 - DEBUG - [_process_strategies] [N/A] ⏱ Skipping EMA_Cross_candle, not yet time (every 5m)
2025-04-24 20:48:00 - INFO - [_update_active_orders_and_telegram] [N/A] 📊 Updating SL/TP for active orders
2025-04-24 20:48:01 - INFO - [_wait_until_next_iteration] [N/A] ⏳ Sleeping for 58.93 seconds before the next cycle
2025-04-24 20:49:00 - DEBUG - [_process_strategies] [N/A] ⏱ Skipping VWAP_diff_signal_1700_volume, not yet time (every 5m)
2025-04-24 20:49:00 - DEBUG - [_process_strategies] [N/A] ⏱ Skipping SMA_Cross_sma50, not yet time (every 5m)
2025-04-24 20:49:00 - DEBUG - [_process_strategies] [N/A] ⏱ Skipping SMA_Cross_candle, not yet time (every 5m)
2025-04-24 20:49:00 - DEBUG - [_process_strategies] [N/A] ⏱ Skipping EMA_Cross_ema50, not yet time (every 5m)
2025-04-24 20:49:00 - DEBUG - [_process_strategies] [N/A] ⏱ Skipping VWAP_diff_signal_1700, not yet time (every 5m)
2025-04-24 20:49:00 - DEBUG - [_process_strategies] [N/A] ⏱ Skipping VWAP_diff_signal_rsi_1700, not yet time (every 5m)
2025-04-24 20:49:00 - DEBUG - [_process_strategies] [N/A] ⏱ Skipping EMA_Cross_candle, not yet time (every 5m)
2025-04-24 20:49:00 - INFO - [_update_active_orders_and_telegram] [N/A] 📊 Updating SL/TP for active orders
2025-04-24 20:49:01 - INFO - [_wait_until_next_iteration] [N/A] ⏳ Sleeping for 58.93 seconds before the next cycle
2025-04-24 20:50:00 - INFO - [_run_strategy_if_applicable] [N/A] ⏰ Strategy 'VWAP_diff_signal_1700_volume' not executed because it's outside the time window: 17:30:00 - 19:00:00
2025-04-24 20:50:00 - INFO - [_run_strategy_if_applicable] [N/A] ⏰ Strategy 'SMA_Cross_sma50' not executed because it's outside the time window: 16:35:00 - 16:50:00
2025-04-24 20:50:00 - INFO - [_run_strategy_if_applicable] [N/A] ⏰ Strategy 'SMA_Cross_candle' not executed because it's outside the time window: 16:35:00 - 16:50:00
2025-04-24 20:50:00 - INFO - [_run_strategy_if_applicable] [N/A] ⏰ Strategy 'EMA_Cross_ema50' not executed because it's outside the time window: 16:35:00 - 16:50:00
2025-04-24 20:50:00 - INFO - [_run_strategy_if_applicable] [N/A] ⏰ Strategy 'VWAP_diff_signal_1700' not executed because it's outside the time window: 17:30:00 - 19:00:00
2025-04-24 20:50:00 - INFO - [_run_strategy_if_applicable] [N/A] ⏰ Strategy 'VWAP_diff_signal_rsi_1700' not executed because it's outside the time window: 17:30:00 - 19:00:00
2025-04-24 20:50:00 - INFO - [_run_strategy_if_applicable] [N/A] ⏰ Strategy 'EMA_Cross_candle' not executed because it's outside the time window: 16:35:00 - 16:50:00
2025-04-24 20:50:00 - INFO - [_update_active_orders_and_telegram] [N/A] 📊 Updating SL/TP for active orders
2025-04-24 20:50:01 - INFO - [_wait_until_next_iteration] [N/A] ⏳ Sleeping for 58.92 seconds before the next cycle
2025-04-24 20:51:00 - DEBUG - [_process_strategies] [N/A] ⏱ Skipping VWAP_diff_signal_1700_volume, not yet time (every 5m)
2025-04-24 20:51:00 - DEBUG - [_process_strategies] [N/A] ⏱ Skipping SMA_Cross_sma50, not yet time (every 5m)
2025-04-24 20:51:00 - DEBUG - [_process_strategies] [N/A] ⏱ Skipping SMA_Cross_candle, not yet time (every 5m)
2025-04-24 20:51:00 - DEBUG - [_process_strategies] [N/A] ⏱ Skipping EMA_Cross_ema50, not yet time (every 5m)
2025-04-24 20:51:00 - DEBUG - [_process_strategies] [N/A] ⏱ Skipping VWAP_diff_signal_1700, not yet time (every 5m)
2025-04-24 20:51:00 - DEBUG - [_process_strategies] [N/A] ⏱ Skipping VWAP_diff_signal_rsi_1700, not yet time (every 5m)
2025-04-24 20:51:00 - DEBUG - [_process_strategies] [N/A] ⏱ Skipping EMA_Cross_candle, not yet time (every 5m)
2025-04-24 20:51:00 - INFO - [_update_active_orders_and_telegram] [N/A] 📊 Updating SL/TP for active orders
2025-04-24 20:51:01 - INFO - [_wait_until_next_iteration] [N/A] ⏳ Sleeping for 58.93 seconds before the next cycle
2025-04-24 20:52:00 - DEBUG - [_process_strategies] [N/A] ⏱ Skipping VWAP_diff_signal_1700_volume, not yet time (every 5m)
2025-04-24 20:52:00 - DEBUG - [_process_strategies] [N/A] ⏱ Skipping SMA_Cross_sma50, not yet time (every 5m)
2025-04-24 20:52:00 - DEBUG - [_process_strategies] [N/A] ⏱ Skipping SMA_Cross_candle, not yet time (every 5m)
2025-04-24 20:52:00 - DEBUG - [_process_strategies] [N/A] ⏱ Skipping EMA_Cross_ema50, not yet time (every 5m)
2025-04-24 20:52:00 - DEBUG - [_process_strategies] [N/A] ⏱ Skipping VWAP_diff_signal_1700, not yet time (every 5m)
2025-04-24 20:52:00 - DEBUG - [_process_strategies] [N/A] ⏱ Skipping VWAP_diff_signal_rsi_1700, not yet time (every 5m)
2025-04-24 20:52:00 - DEBUG - [_process_strategies] [N/A] ⏱ Skipping EMA_Cross_candle, not yet time (every 5m)
2025-04-24 20:52:00 - INFO - [_update_active_orders_and_telegram] [N/A] 📊 Updating SL/TP for active orders
2025-04-24 20:52:01 - INFO - [_wait_until_next_iteration] [N/A] ⏳ Sleeping for 58.93 seconds before the next cycle
2025-04-24 20:53:00 - DEBUG - [_process_strategies] [N/A] ⏱ Skipping VWAP_diff_signal_1700_volume, not yet time (every 5m)
2025-04-24 20:53:00 - DEBUG - [_process_strategies] [N/A] ⏱ Skipping SMA_Cross_sma50, not yet time (every 5m)
2025-04-24 20:53:00 - DEBUG - [_process_strategies] [N/A] ⏱ Skipping SMA_Cross_candle, not yet time (every 5m)
2025-04-24 20:53:00 - DEBUG - [_process_strategies] [N/A] ⏱ Skipping EMA_Cross_ema50, not yet time (every 5m)
2025-04-24 20:53:00 - DEBUG - [_process_strategies] [N/A] ⏱ Skipping VWAP_diff_signal_1700, not yet time (every 5m)
2025-04-24 20:53:00 - DEBUG - [_process_strategies] [N/A] ⏱ Skipping VWAP_diff_signal_rsi_1700, not yet time (every 5m)
2025-04-24 20:53:00 - DEBUG - [_process_strategies] [N/A] ⏱ Skipping EMA_Cross_candle, not yet time (every 5m)
2025-04-24 20:53:00 - INFO - [_update_active_orders_and_telegram] [N/A] 📊 Updating SL/TP for active orders
2025-04-24 20:53:01 - INFO - [_wait_until_next_iteration] [N/A] ⏳ Sleeping for 58.92 seconds before the next cycle
2025-04-24 20:54:00 - DEBUG - [_process_strategies] [N/A] ⏱ Skipping VWAP_diff_signal_1700_volume, not yet time (every 5m)
2025-04-24 20:54:00 - DEBUG - [_process_strategies] [N/A] ⏱ Skipping SMA_Cross_sma50, not yet time (every 5m)
2025-04-24 20:54:00 - DEBUG - [_process_strategies] [N/A] ⏱ Skipping SMA_Cross_candle, not yet time (every 5m)
2025-04-24 20:54:00 - DEBUG - [_process_strategies] [N/A] ⏱ Skipping EMA_Cross_ema50, not yet time (every 5m)
2025-04-24 20:54:00 - DEBUG - [_process_strategies] [N/A] ⏱ Skipping VWAP_diff_signal_1700, not yet time (every 5m)
2025-04-24 20:54:00 - DEBUG - [_process_strategies] [N/A] ⏱ Skipping VWAP_diff_signal_rsi_1700, not yet time (every 5m)
2025-04-24 20:54:00 - DEBUG - [_process_strategies] [N/A] ⏱ Skipping EMA_Cross_candle, not yet time (every 5m)
2025-04-24 20:54:00 - INFO - [_update_active_orders_and_telegram] [N/A] 📊 Updating SL/TP for active orders
2025-04-24 20:54:01 - INFO - [_wait_until_next_iteration] [N/A] ⏳ Sleeping for 58.93 seconds before the next cycle
2025-04-24 20:55:00 - INFO - [_run_strategy_if_applicable] [N/A] ⏰ Strategy 'VWAP_diff_signal_1700_volume' not executed because it's outside the time window: 17:30:00 - 19:00:00
2025-04-24 20:55:00 - INFO - [_run_strategy_if_applicable] [N/A] ⏰ Strategy 'SMA_Cross_sma50' not executed because it's outside the time window: 16:35:00 - 16:50:00
2025-04-24 20:55:00 - INFO - [_run_strategy_if_applicable] [N/A] ⏰ Strategy 'SMA_Cross_candle' not executed because it's outside the time window: 16:35:00 - 16:50:00
2025-04-24 20:55:00 - INFO - [_run_strategy_if_applicable] [N/A] ⏰ Strategy 'EMA_Cross_ema50' not executed because it's outside the time window: 16:35:00 - 16:50:00
2025-04-24 20:55:00 - INFO - [_run_strategy_if_applicable] [N/A] ⏰ Strategy 'VWAP_diff_signal_1700' not executed because it's outside the time window: 17:30:00 - 19:00:00
2025-04-24 20:55:00 - INFO - [_run_strategy_if_applicable] [N/A] ⏰ Strategy 'VWAP_diff_signal_rsi_1700' not executed because it's outside the time window: 17:30:00 - 19:00:00
2025-04-24 20:55:00 - INFO - [_run_strategy_if_applicable] [N/A] ⏰ Strategy 'EMA_Cross_candle' not executed because it's outside the time window: 16:35:00 - 16:50:00
2025-04-24 20:55:00 - INFO - [_update_active_orders_and_telegram] [N/A] 📊 Updating SL/TP for active orders
2025-04-24 20:55:01 - INFO - [_wait_until_next_iteration] [N/A] ⏳ Sleeping for 58.92 seconds before the next cycle
2025-04-24 20:56:00 - DEBUG - [_process_strategies] [N/A] ⏱ Skipping VWAP_diff_signal_1700_volume, not yet time (every 5m)
2025-04-24 20:56:00 - DEBUG - [_process_strategies] [N/A] ⏱ Skipping SMA_Cross_sma50, not yet time (every 5m)
2025-04-24 20:56:00 - DEBUG - [_process_strategies] [N/A] ⏱ Skipping SMA_Cross_candle, not yet time (every 5m)
2025-04-24 20:56:00 - DEBUG - [_process_strategies] [N/A] ⏱ Skipping EMA_Cross_ema50, not yet time (every 5m)
2025-04-24 20:56:00 - DEBUG - [_process_strategies] [N/A] ⏱ Skipping VWAP_diff_signal_1700, not yet time (every 5m)
2025-04-24 20:56:00 - DEBUG - [_process_strategies] [N/A] ⏱ Skipping VWAP_diff_signal_rsi_1700, not yet time (every 5m)
2025-04-24 20:56:00 - DEBUG - [_process_strategies] [N/A] ⏱ Skipping EMA_Cross_candle, not yet time (every 5m)
2025-04-24 20:56:00 - INFO - [_update_active_orders_and_telegram] [N/A] 📊 Updating SL/TP for active orders
2025-04-24 20:56:01 - INFO - [_wait_until_next_iteration] [N/A] ⏳ Sleeping for 58.93 seconds before the next cycle
2025-04-24 20:57:00 - DEBUG - [_process_strategies] [N/A] ⏱ Skipping VWAP_diff_signal_1700_volume, not yet time (every 5m)
2025-04-24 20:57:00 - DEBUG - [_process_strategies] [N/A] ⏱ Skipping SMA_Cross_sma50, not yet time (every 5m)
2025-04-24 20:57:00 - DEBUG - [_process_strategies] [N/A] ⏱ Skipping SMA_Cross_candle, not yet time (every 5m)
2025-04-24 20:57:00 - DEBUG - [_process_strategies] [N/A] ⏱ Skipping EMA_Cross_ema50, not yet time (every 5m)
2025-04-24 20:57:00 - DEBUG - [_process_strategies] [N/A] ⏱ Skipping VWAP_diff_signal_1700, not yet time (every 5m)
2025-04-24 20:57:00 - DEBUG - [_process_strategies] [N/A] ⏱ Skipping VWAP_diff_signal_rsi_1700, not yet time (every 5m)
2025-04-24 20:57:00 - DEBUG - [_process_strategies] [N/A] ⏱ Skipping EMA_Cross_candle, not yet time (every 5m)
2025-04-24 20:57:00 - INFO - [_update_active_orders_and_telegram] [N/A] 📊 Updating SL/TP for active orders
2025-04-24 20:57:01 - INFO - [_wait_until_next_iteration] [N/A] ⏳ Sleeping for 58.93 seconds before the next cycle
2025-04-24 20:58:00 - DEBUG - [_process_strategies] [N/A] ⏱ Skipping VWAP_diff_signal_1700_volume, not yet time (every 5m)
2025-04-24 20:58:00 - DEBUG - [_process_strategies] [N/A] ⏱ Skipping SMA_Cross_sma50, not yet time (every 5m)
2025-04-24 20:58:00 - DEBUG - [_process_strategies] [N/A] ⏱ Skipping SMA_Cross_candle, not yet time (every 5m)
2025-04-24 20:58:00 - DEBUG - [_process_strategies] [N/A] ⏱ Skipping EMA_Cross_ema50, not yet time (every 5m)
2025-04-24 20:58:00 - DEBUG - [_process_strategies] [N/A] ⏱ Skipping VWAP_diff_signal_1700, not yet time (every 5m)
2025-04-24 20:58:00 - DEBUG - [_process_strategies] [N/A] ⏱ Skipping VWAP_diff_signal_rsi_1700, not yet time (every 5m)
2025-04-24 20:58:00 - DEBUG - [_process_strategies] [N/A] ⏱ Skipping EMA_Cross_candle, not yet time (every 5m)
2025-04-24 20:58:00 - INFO - [_update_active_orders_and_telegram] [N/A] 📊 Updating SL/TP for active orders
2025-04-24 20:58:01 - INFO - [_wait_until_next_iteration] [N/A] ⏳ Sleeping for 58.93 seconds before the next cycle
2025-04-24 20:59:00 - DEBUG - [_process_strategies] [N/A] ⏱ Skipping VWAP_diff_signal_1700_volume, not yet time (every 5m)
2025-04-24 20:59:00 - DEBUG - [_process_strategies] [N/A] ⏱ Skipping SMA_Cross_sma50, not yet time (every 5m)
2025-04-24 20:59:00 - DEBUG - [_process_strategies] [N/A] ⏱ Skipping SMA_Cross_candle, not yet time (every 5m)
2025-04-24 20:59:00 - DEBUG - [_process_strategies] [N/A] ⏱ Skipping EMA_Cross_ema50, not yet time (every 5m)
2025-04-24 20:59:00 - DEBUG - [_process_strategies] [N/A] ⏱ Skipping VWAP_diff_signal_1700, not yet time (every 5m)
2025-04-24 20:59:00 - DEBUG - [_process_strategies] [N/A] ⏱ Skipping VWAP_diff_signal_rsi_1700, not yet time (every 5m)
2025-04-24 20:59:00 - DEBUG - [_process_strategies] [N/A] ⏱ Skipping EMA_Cross_candle, not yet time (every 5m)
2025-04-24 20:59:00 - INFO - [_update_active_orders_and_telegram] [N/A] 📊 Updating SL/TP for active orders
2025-04-24 20:59:01 - INFO - [_wait_until_next_iteration] [N/A] ⏳ Sleeping for 58.92 seconds before the next cycle
2025-04-24 21:00:00 - INFO - [_run_strategy_if_applicable] [N/A] ⏰ Strategy 'VWAP_diff_signal_1700_volume' not executed because it's outside the time window: 17:30:00 - 19:00:00
2025-04-24 21:00:00 - INFO - [_run_strategy_if_applicable] [N/A] ⏰ Strategy 'SMA_Cross_sma50' not executed because it's outside the time window: 16:35:00 - 16:50:00
2025-04-24 21:00:00 - INFO - [_run_strategy_if_applicable] [N/A] ⏰ Strategy 'SMA_Cross_candle' not executed because it's outside the time window: 16:35:00 - 16:50:00
2025-04-24 21:00:00 - INFO - [_run_strategy_if_applicable] [N/A] ⏰ Strategy 'EMA_Cross_ema50' not executed because it's outside the time window: 16:35:00 - 16:50:00
2025-04-24 21:00:00 - INFO - [_run_strategy_if_applicable] [N/A] ⏰ Strategy 'VWAP_diff_signal_1700' not executed because it's outside the time window: 17:30:00 - 19:00:00
2025-04-24 21:00:00 - INFO - [_run_strategy_if_applicable] [N/A] ⏰ Strategy 'VWAP_diff_signal_rsi_1700' not executed because it's outside the time window: 17:30:00 - 19:00:00
2025-04-24 21:00:00 - INFO - [_run_strategy_if_applicable] [N/A] ⏰ Strategy 'EMA_Cross_candle' not executed because it's outside the time window: 16:35:00 - 16:50:00
2025-04-24 21:00:00 - INFO - [_update_active_orders_and_telegram] [N/A] 📊 Updating SL/TP for active orders
2025-04-24 21:00:01 - INFO - [_wait_until_next_iteration] [N/A] ⏳ Sleeping for 58.92 seconds before the next cycle
2025-04-24 21:01:00 - DEBUG - [_process_strategies] [N/A] ⏱ Skipping VWAP_diff_signal_1700_volume, not yet time (every 5m)
2025-04-24 21:01:00 - DEBUG - [_process_strategies] [N/A] ⏱ Skipping SMA_Cross_sma50, not yet time (every 5m)
2025-04-24 21:01:00 - DEBUG - [_process_strategies] [N/A] ⏱ Skipping SMA_Cross_candle, not yet time (every 5m)
2025-04-24 21:01:00 - DEBUG - [_process_strategies] [N/A] ⏱ Skipping EMA_Cross_ema50, not yet time (every 5m)
2025-04-24 21:01:00 - DEBUG - [_process_strategies] [N/A] ⏱ Skipping VWAP_diff_signal_1700, not yet time (every 5m)
2025-04-24 21:01:00 - DEBUG - [_process_strategies] [N/A] ⏱ Skipping VWAP_diff_signal_rsi_1700, not yet time (every 5m)
2025-04-24 21:01:00 - DEBUG - [_process_strategies] [N/A] ⏱ Skipping EMA_Cross_candle, not yet time (every 5m)
2025-04-24 21:01:00 - INFO - [_update_active_orders_and_telegram] [N/A] 📊 Updating SL/TP for active orders
2025-04-24 21:01:01 - INFO - [_wait_until_next_iteration] [N/A] ⏳ Sleeping for 58.92 seconds before the next cycle
2025-04-24 21:02:00 - DEBUG - [_process_strategies] [N/A] ⏱ Skipping VWAP_diff_signal_1700_volume, not yet time (every 5m)
2025-04-24 21:02:00 - DEBUG - [_process_strategies] [N/A] ⏱ Skipping SMA_Cross_sma50, not yet time (every 5m)
2025-04-24 21:02:00 - DEBUG - [_process_strategies] [N/A] ⏱ Skipping SMA_Cross_candle, not yet time (every 5m)
2025-04-24 21:02:00 - DEBUG - [_process_strategies] [N/A] ⏱ Skipping EMA_Cross_ema50, not yet time (every 5m)
2025-04-24 21:02:00 - DEBUG - [_process_strategies] [N/A] ⏱ Skipping VWAP_diff_signal_1700, not yet time (every 5m)
2025-04-24 21:02:00 - DEBUG - [_process_strategies] [N/A] ⏱ Skipping VWAP_diff_signal_rsi_1700, not yet time (every 5m)
2025-04-24 21:02:00 - DEBUG - [_process_strategies] [N/A] ⏱ Skipping EMA_Cross_candle, not yet time (every 5m)
2025-04-24 21:02:00 - INFO - [_update_active_orders_and_telegram] [N/A] 📊 Updating SL/TP for active orders
2025-04-24 21:02:01 - INFO - [_wait_until_next_iteration] [N/A] ⏳ Sleeping for 58.92 seconds before the next cycle
2025-04-24 21:03:00 - DEBUG - [_process_strategies] [N/A] ⏱ Skipping VWAP_diff_signal_1700_volume, not yet time (every 5m)
2025-04-24 21:03:00 - DEBUG - [_process_strategies] [N/A] ⏱ Skipping SMA_Cross_sma50, not yet time (every 5m)
2025-04-24 21:03:00 - DEBUG - [_process_strategies] [N/A] ⏱ Skipping SMA_Cross_candle, not yet time (every 5m)
2025-04-24 21:03:00 - DEBUG - [_process_strategies] [N/A] ⏱ Skipping EMA_Cross_ema50, not yet time (every 5m)
2025-04-24 21:03:00 - DEBUG - [_process_strategies] [N/A] ⏱ Skipping VWAP_diff_signal_1700, not yet time (every 5m)
2025-04-24 21:03:00 - DEBUG - [_process_strategies] [N/A] ⏱ Skipping VWAP_diff_signal_rsi_1700, not yet time (every 5m)
2025-04-24 21:03:00 - DEBUG - [_process_strategies] [N/A] ⏱ Skipping EMA_Cross_candle, not yet time (every 5m)
2025-04-24 21:03:00 - INFO - [_update_active_orders_and_telegram] [N/A] 📊 Updating SL/TP for active orders
2025-04-24 21:03:01 - INFO - [_wait_until_next_iteration] [N/A] ⏳ Sleeping for 58.92 seconds before the next cycle
2025-04-24 21:04:00 - DEBUG - [_process_strategies] [N/A] ⏱ Skipping VWAP_diff_signal_1700_volume, not yet time (every 5m)
2025-04-24 21:04:00 - DEBUG - [_process_strategies] [N/A] ⏱ Skipping SMA_Cross_sma50, not yet time (every 5m)
2025-04-24 21:04:00 - DEBUG - [_process_strategies] [N/A] ⏱ Skipping SMA_Cross_candle, not yet time (every 5m)
2025-04-24 21:04:00 - DEBUG - [_process_strategies] [N/A] ⏱ Skipping EMA_Cross_ema50, not yet time (every 5m)
2025-04-24 21:04:00 - DEBUG - [_process_strategies] [N/A] ⏱ Skipping VWAP_diff_signal_1700, not yet time (every 5m)
2025-04-24 21:04:00 - DEBUG - [_process_strategies] [N/A] ⏱ Skipping VWAP_diff_signal_rsi_1700, not yet time (every 5m)
2025-04-24 21:04:00 - DEBUG - [_process_strategies] [N/A] ⏱ Skipping EMA_Cross_candle, not yet time (every 5m)
2025-04-24 21:04:00 - INFO - [_update_active_orders_and_telegram] [N/A] 📊 Updating SL/TP for active orders
2025-04-24 21:04:01 - INFO - [_wait_until_next_iteration] [N/A] ⏳ Sleeping for 58.92 seconds before the next cycle
2025-04-24 21:05:00 - INFO - [_run_strategy_if_applicable] [N/A] ⏰ Strategy 'VWAP_diff_signal_1700_volume' not executed because it's outside the time window: 17:30:00 - 19:00:00
2025-04-24 21:05:00 - INFO - [_run_strategy_if_applicable] [N/A] ⏰ Strategy 'SMA_Cross_sma50' not executed because it's outside the time window: 16:35:00 - 16:50:00
2025-04-24 21:05:00 - INFO - [_run_strategy_if_applicable] [N/A] ⏰ Strategy 'SMA_Cross_candle' not executed because it's outside the time window: 16:35:00 - 16:50:00
2025-04-24 21:05:00 - INFO - [_run_strategy_if_applicable] [N/A] ⏰ Strategy 'EMA_Cross_ema50' not executed because it's outside the time window: 16:35:00 - 16:50:00
2025-04-24 21:05:00 - INFO - [_run_strategy_if_applicable] [N/A] ⏰ Strategy 'VWAP_diff_signal_1700' not executed because it's outside the time window: 17:30:00 - 19:00:00
2025-04-24 21:05:00 - INFO - [_run_strategy_if_applicable] [N/A] ⏰ Strategy 'VWAP_diff_signal_rsi_1700' not executed because it's outside the time window: 17:30:00 - 19:00:00
2025-04-24 21:05:00 - INFO - [_run_strategy_if_applicable] [N/A] ⏰ Strategy 'EMA_Cross_candle' not executed because it's outside the time window: 16:35:00 - 16:50:00
2025-04-24 21:05:00 - INFO - [_update_active_orders_and_telegram] [N/A] 📊 Updating SL/TP for active orders
2025-04-24 21:05:01 - INFO - [_wait_until_next_iteration] [N/A] ⏳ Sleeping for 58.93 seconds before the next cycle
2025-04-24 21:06:00 - DEBUG - [_process_strategies] [N/A] ⏱ Skipping VWAP_diff_signal_1700_volume, not yet time (every 5m)
2025-04-24 21:06:00 - DEBUG - [_process_strategies] [N/A] ⏱ Skipping SMA_Cross_sma50, not yet time (every 5m)
2025-04-24 21:06:00 - DEBUG - [_process_strategies] [N/A] ⏱ Skipping SMA_Cross_candle, not yet time (every 5m)
2025-04-24 21:06:00 - DEBUG - [_process_strategies] [N/A] ⏱ Skipping EMA_Cross_ema50, not yet time (every 5m)
2025-04-24 21:06:00 - DEBUG - [_process_strategies] [N/A] ⏱ Skipping VWAP_diff_signal_1700, not yet time (every 5m)
2025-04-24 21:06:00 - DEBUG - [_process_strategies] [N/A] ⏱ Skipping VWAP_diff_signal_rsi_1700, not yet time (every 5m)
2025-04-24 21:06:00 - DEBUG - [_process_strategies] [N/A] ⏱ Skipping EMA_Cross_candle, not yet time (every 5m)
2025-04-24 21:06:00 - INFO - [_update_active_orders_and_telegram] [N/A] 📊 Updating SL/TP for active orders
2025-04-24 21:06:01 - INFO - [_wait_until_next_iteration] [N/A] ⏳ Sleeping for 58.93 seconds before the next cycle
2025-04-24 21:07:00 - DEBUG - [_process_strategies] [N/A] ⏱ Skipping VWAP_diff_signal_1700_volume, not yet time (every 5m)
2025-04-24 21:07:00 - DEBUG - [_process_strategies] [N/A] ⏱ Skipping SMA_Cross_sma50, not yet time (every 5m)
2025-04-24 21:07:00 - DEBUG - [_process_strategies] [N/A] ⏱ Skipping SMA_Cross_candle, not yet time (every 5m)
2025-04-24 21:07:00 - DEBUG - [_process_strategies] [N/A] ⏱ Skipping EMA_Cross_ema50, not yet time (every 5m)
2025-04-24 21:07:00 - DEBUG - [_process_strategies] [N/A] ⏱ Skipping VWAP_diff_signal_1700, not yet time (every 5m)
2025-04-24 21:07:00 - DEBUG - [_process_strategies] [N/A] ⏱ Skipping VWAP_diff_signal_rsi_1700, not yet time (every 5m)
2025-04-24 21:07:00 - DEBUG - [_process_strategies] [N/A] ⏱ Skipping EMA_Cross_candle, not yet time (every 5m)
2025-04-24 21:07:00 - INFO - [_update_active_orders_and_telegram] [N/A] 📊 Updating SL/TP for active orders
2025-04-24 21:07:01 - INFO - [_wait_until_next_iteration] [N/A] ⏳ Sleeping for 58.93 seconds before the next cycle
2025-04-24 21:08:00 - DEBUG - [_process_strategies] [N/A] ⏱ Skipping VWAP_diff_signal_1700_volume, not yet time (every 5m)
2025-04-24 21:08:00 - DEBUG - [_process_strategies] [N/A] ⏱ Skipping SMA_Cross_sma50, not yet time (every 5m)
2025-04-24 21:08:00 - DEBUG - [_process_strategies] [N/A] ⏱ Skipping SMA_Cross_candle, not yet time (every 5m)
2025-04-24 21:08:00 - DEBUG - [_process_strategies] [N/A] ⏱ Skipping EMA_Cross_ema50, not yet time (every 5m)
2025-04-24 21:08:00 - DEBUG - [_process_strategies] [N/A] ⏱ Skipping VWAP_diff_signal_1700, not yet time (every 5m)
2025-04-24 21:08:00 - DEBUG - [_process_strategies] [N/A] ⏱ Skipping VWAP_diff_signal_rsi_1700, not yet time (every 5m)
2025-04-24 21:08:00 - DEBUG - [_process_strategies] [N/A] ⏱ Skipping EMA_Cross_candle, not yet time (every 5m)
2025-04-24 21:08:00 - INFO - [_update_active_orders_and_telegram] [N/A] 📊 Updating SL/TP for active orders
2025-04-24 21:08:01 - INFO - [_wait_until_next_iteration] [N/A] ⏳ Sleeping for 58.93 seconds before the next cycle
2025-04-24 21:09:00 - DEBUG - [_process_strategies] [N/A] ⏱ Skipping VWAP_diff_signal_1700_volume, not yet time (every 5m)
2025-04-24 21:09:00 - DEBUG - [_process_strategies] [N/A] ⏱ Skipping SMA_Cross_sma50, not yet time (every 5m)
2025-04-24 21:09:00 - DEBUG - [_process_strategies] [N/A] ⏱ Skipping SMA_Cross_candle, not yet time (every 5m)
2025-04-24 21:09:00 - DEBUG - [_process_strategies] [N/A] ⏱ Skipping EMA_Cross_ema50, not yet time (every 5m)
2025-04-24 21:09:00 - DEBUG - [_process_strategies] [N/A] ⏱ Skipping VWAP_diff_signal_1700, not yet time (every 5m)
2025-04-24 21:09:00 - DEBUG - [_process_strategies] [N/A] ⏱ Skipping VWAP_diff_signal_rsi_1700, not yet time (every 5m)
2025-04-24 21:09:00 - DEBUG - [_process_strategies] [N/A] ⏱ Skipping EMA_Cross_candle, not yet time (every 5m)
2025-04-24 21:09:00 - INFO - [_update_active_orders_and_telegram] [N/A] 📊 Updating SL/TP for active orders
2025-04-24 21:09:01 - INFO - [_wait_until_next_iteration] [N/A] ⏳ Sleeping for 58.94 seconds before the next cycle
2025-04-24 21:10:00 - INFO - [_run_strategy_if_applicable] [N/A] ⏰ Strategy 'VWAP_diff_signal_1700_volume' not executed because it's outside the time window: 17:30:00 - 19:00:00
2025-04-24 21:10:00 - INFO - [_run_strategy_if_applicable] [N/A] ⏰ Strategy 'SMA_Cross_sma50' not executed because it's outside the time window: 16:35:00 - 16:50:00
2025-04-24 21:10:00 - INFO - [_run_strategy_if_applicable] [N/A] ⏰ Strategy 'SMA_Cross_candle' not executed because it's outside the time window: 16:35:00 - 16:50:00
2025-04-24 21:10:00 - INFO - [_run_strategy_if_applicable] [N/A] ⏰ Strategy 'EMA_Cross_ema50' not executed because it's outside the time window: 16:35:00 - 16:50:00
2025-04-24 21:10:00 - INFO - [_run_strategy_if_applicable] [N/A] ⏰ Strategy 'VWAP_diff_signal_1700' not executed because it's outside the time window: 17:30:00 - 19:00:00
2025-04-24 21:10:00 - INFO - [_run_strategy_if_applicable] [N/A] ⏰ Strategy 'VWAP_diff_signal_rsi_1700' not executed because it's outside the time window: 17:30:00 - 19:00:00
2025-04-24 21:10:00 - INFO - [_run_strategy_if_applicable] [N/A] ⏰ Strategy 'EMA_Cross_candle' not executed because it's outside the time window: 16:35:00 - 16:50:00
2025-04-24 21:10:00 - INFO - [_update_active_orders_and_telegram] [N/A] 📊 Updating SL/TP for active orders
2025-04-24 21:10:01 - INFO - [_wait_until_next_iteration] [N/A] ⏳ Sleeping for 58.92 seconds before the next cycle
2025-04-24 21:11:00 - DEBUG - [_process_strategies] [N/A] ⏱ Skipping VWAP_diff_signal_1700_volume, not yet time (every 5m)
2025-04-24 21:11:00 - DEBUG - [_process_strategies] [N/A] ⏱ Skipping SMA_Cross_sma50, not yet time (every 5m)
2025-04-24 21:11:00 - DEBUG - [_process_strategies] [N/A] ⏱ Skipping SMA_Cross_candle, not yet time (every 5m)
2025-04-24 21:11:00 - DEBUG - [_process_strategies] [N/A] ⏱ Skipping EMA_Cross_ema50, not yet time (every 5m)
2025-04-24 21:11:00 - DEBUG - [_process_strategies] [N/A] ⏱ Skipping VWAP_diff_signal_1700, not yet time (every 5m)
2025-04-24 21:11:00 - DEBUG - [_process_strategies] [N/A] ⏱ Skipping VWAP_diff_signal_rsi_1700, not yet time (every 5m)
2025-04-24 21:11:00 - DEBUG - [_process_strategies] [N/A] ⏱ Skipping EMA_Cross_candle, not yet time (every 5m)
2025-04-24 21:11:00 - INFO - [_update_active_orders_and_telegram] [N/A] 📊 Updating SL/TP for active orders
2025-04-24 21:11:01 - INFO - [_wait_until_next_iteration] [N/A] ⏳ Sleeping for 58.93 seconds before the next cycle
2025-04-24 21:12:00 - DEBUG - [_process_strategies] [N/A] ⏱ Skipping VWAP_diff_signal_1700_volume, not yet time (every 5m)
2025-04-24 21:12:00 - DEBUG - [_process_strategies] [N/A] ⏱ Skipping SMA_Cross_sma50, not yet time (every 5m)
2025-04-24 21:12:00 - DEBUG - [_process_strategies] [N/A] ⏱ Skipping SMA_Cross_candle, not yet time (every 5m)
2025-04-24 21:12:00 - DEBUG - [_process_strategies] [N/A] ⏱ Skipping EMA_Cross_ema50, not yet time (every 5m)
2025-04-24 21:12:00 - DEBUG - [_process_strategies] [N/A] ⏱ Skipping VWAP_diff_signal_1700, not yet time (every 5m)
2025-04-24 21:12:00 - DEBUG - [_process_strategies] [N/A] ⏱ Skipping VWAP_diff_signal_rsi_1700, not yet time (every 5m)
2025-04-24 21:12:00 - DEBUG - [_process_strategies] [N/A] ⏱ Skipping EMA_Cross_candle, not yet time (every 5m)
2025-04-24 21:12:00 - INFO - [_update_active_orders_and_telegram] [N/A] 📊 Updating SL/TP for active orders
2025-04-24 21:12:01 - INFO - [_wait_until_next_iteration] [N/A] ⏳ Sleeping for 58.93 seconds before the next cycle
2025-04-24 21:13:00 - DEBUG - [_process_strategies] [N/A] ⏱ Skipping VWAP_diff_signal_1700_volume, not yet time (every 5m)
2025-04-24 21:13:00 - DEBUG - [_process_strategies] [N/A] ⏱ Skipping SMA_Cross_sma50, not yet time (every 5m)
2025-04-24 21:13:00 - DEBUG - [_process_strategies] [N/A] ⏱ Skipping SMA_Cross_candle, not yet time (every 5m)
2025-04-24 21:13:00 - DEBUG - [_process_strategies] [N/A] ⏱ Skipping EMA_Cross_ema50, not yet time (every 5m)
2025-04-24 21:13:00 - DEBUG - [_process_strategies] [N/A] ⏱ Skipping VWAP_diff_signal_1700, not yet time (every 5m)
2025-04-24 21:13:00 - DEBUG - [_process_strategies] [N/A] ⏱ Skipping VWAP_diff_signal_rsi_1700, not yet time (every 5m)
2025-04-24 21:13:00 - DEBUG - [_process_strategies] [N/A] ⏱ Skipping EMA_Cross_candle, not yet time (every 5m)
2025-04-24 21:13:00 - INFO - [_update_active_orders_and_telegram] [N/A] 📊 Updating SL/TP for active orders
2025-04-24 21:13:01 - INFO - [_wait_until_next_iteration] [N/A] ⏳ Sleeping for 58.93 seconds before the next cycle
2025-04-24 21:14:00 - DEBUG - [_process_strategies] [N/A] ⏱ Skipping VWAP_diff_signal_1700_volume, not yet time (every 5m)
2025-04-24 21:14:00 - DEBUG - [_process_strategies] [N/A] ⏱ Skipping SMA_Cross_sma50, not yet time (every 5m)
2025-04-24 21:14:00 - DEBUG - [_process_strategies] [N/A] ⏱ Skipping SMA_Cross_candle, not yet time (every 5m)
2025-04-24 21:14:00 - DEBUG - [_process_strategies] [N/A] ⏱ Skipping EMA_Cross_ema50, not yet time (every 5m)
2025-04-24 21:14:00 - DEBUG - [_process_strategies] [N/A] ⏱ Skipping VWAP_diff_signal_1700, not yet time (every 5m)
2025-04-24 21:14:00 - DEBUG - [_process_strategies] [N/A] ⏱ Skipping VWAP_diff_signal_rsi_1700, not yet time (every 5m)
2025-04-24 21:14:00 - DEBUG - [_process_strategies] [N/A] ⏱ Skipping EMA_Cross_candle, not yet time (every 5m)
2025-04-24 21:14:00 - INFO - [_update_active_orders_and_telegram] [N/A] 📊 Updating SL/TP for active orders
2025-04-24 21:14:01 - INFO - [_wait_until_next_iteration] [N/A] ⏳ Sleeping for 58.93 seconds before the next cycle
2025-04-24 21:15:00 - INFO - [_run_strategy_if_applicable] [N/A] ⏰ Strategy 'VWAP_diff_signal_1700_volume' not executed because it's outside the time window: 17:30:00 - 19:00:00
2025-04-24 21:15:00 - INFO - [_run_strategy_if_applicable] [N/A] ⏰ Strategy 'SMA_Cross_sma50' not executed because it's outside the time window: 16:35:00 - 16:50:00
2025-04-24 21:15:00 - INFO - [_run_strategy_if_applicable] [N/A] ⏰ Strategy 'SMA_Cross_candle' not executed because it's outside the time window: 16:35:00 - 16:50:00
2025-04-24 21:15:00 - INFO - [_run_strategy_if_applicable] [N/A] ⏰ Strategy 'EMA_Cross_ema50' not executed because it's outside the time window: 16:35:00 - 16:50:00
2025-04-24 21:15:00 - INFO - [_run_strategy_if_applicable] [N/A] ⏰ Strategy 'VWAP_diff_signal_1700' not executed because it's outside the time window: 17:30:00 - 19:00:00
2025-04-24 21:15:00 - INFO - [_run_strategy_if_applicable] [N/A] ⏰ Strategy 'VWAP_diff_signal_rsi_1700' not executed because it's outside the time window: 17:30:00 - 19:00:00
2025-04-24 21:15:00 - INFO - [_run_strategy_if_applicable] [N/A] ⏰ Strategy 'EMA_Cross_candle' not executed because it's outside the time window: 16:35:00 - 16:50:00
2025-04-24 21:15:00 - INFO - [_update_active_orders_and_telegram] [N/A] 📊 Updating SL/TP for active orders
2025-04-24 21:15:01 - INFO - [_wait_until_next_iteration] [N/A] ⏳ Sleeping for 58.92 seconds before the next cycle
2025-04-24 21:16:00 - DEBUG - [_process_strategies] [N/A] ⏱ Skipping VWAP_diff_signal_1700_volume, not yet time (every 5m)
2025-04-24 21:16:00 - DEBUG - [_process_strategies] [N/A] ⏱ Skipping SMA_Cross_sma50, not yet time (every 5m)
2025-04-24 21:16:00 - DEBUG - [_process_strategies] [N/A] ⏱ Skipping SMA_Cross_candle, not yet time (every 5m)
2025-04-24 21:16:00 - DEBUG - [_process_strategies] [N/A] ⏱ Skipping EMA_Cross_ema50, not yet time (every 5m)
2025-04-24 21:16:00 - DEBUG - [_process_strategies] [N/A] ⏱ Skipping VWAP_diff_signal_1700, not yet time (every 5m)
2025-04-24 21:16:00 - DEBUG - [_process_strategies] [N/A] ⏱ Skipping VWAP_diff_signal_rsi_1700, not yet time (every 5m)
2025-04-24 21:16:00 - DEBUG - [_process_strategies] [N/A] ⏱ Skipping EMA_Cross_candle, not yet time (every 5m)
2025-04-24 21:16:00 - INFO - [_update_active_orders_and_telegram] [N/A] 📊 Updating SL/TP for active orders
2025-04-24 21:16:01 - INFO - [_wait_until_next_iteration] [N/A] ⏳ Sleeping for 58.92 seconds before the next cycle
2025-04-24 21:17:00 - DEBUG - [_process_strategies] [N/A] ⏱ Skipping VWAP_diff_signal_1700_volume, not yet time (every 5m)
2025-04-24 21:17:00 - DEBUG - [_process_strategies] [N/A] ⏱ Skipping SMA_Cross_sma50, not yet time (every 5m)
2025-04-24 21:17:00 - DEBUG - [_process_strategies] [N/A] ⏱ Skipping SMA_Cross_candle, not yet time (every 5m)
2025-04-24 21:17:00 - DEBUG - [_process_strategies] [N/A] ⏱ Skipping EMA_Cross_ema50, not yet time (every 5m)
2025-04-24 21:17:00 - DEBUG - [_process_strategies] [N/A] ⏱ Skipping VWAP_diff_signal_1700, not yet time (every 5m)
2025-04-24 21:17:00 - DEBUG - [_process_strategies] [N/A] ⏱ Skipping VWAP_diff_signal_rsi_1700, not yet time (every 5m)
2025-04-24 21:17:00 - DEBUG - [_process_strategies] [N/A] ⏱ Skipping EMA_Cross_candle, not yet time (every 5m)
2025-04-24 21:17:00 - INFO - [_update_active_orders_and_telegram] [N/A] 📊 Updating SL/TP for active orders
2025-04-24 21:17:01 - INFO - [_wait_until_next_iteration] [N/A] ⏳ Sleeping for 58.93 seconds before the next cycle
2025-04-24 21:18:00 - DEBUG - [_process_strategies] [N/A] ⏱ Skipping VWAP_diff_signal_1700_volume, not yet time (every 5m)
2025-04-24 21:18:00 - DEBUG - [_process_strategies] [N/A] ⏱ Skipping SMA_Cross_sma50, not yet time (every 5m)
2025-04-24 21:18:00 - DEBUG - [_process_strategies] [N/A] ⏱ Skipping SMA_Cross_candle, not yet time (every 5m)
2025-04-24 21:18:00 - DEBUG - [_process_strategies] [N/A] ⏱ Skipping EMA_Cross_ema50, not yet time (every 5m)
2025-04-24 21:18:00 - DEBUG - [_process_strategies] [N/A] ⏱ Skipping VWAP_diff_signal_1700, not yet time (every 5m)
2025-04-24 21:18:00 - DEBUG - [_process_strategies] [N/A] ⏱ Skipping VWAP_diff_signal_rsi_1700, not yet time (every 5m)
2025-04-24 21:18:00 - DEBUG - [_process_strategies] [N/A] ⏱ Skipping EMA_Cross_candle, not yet time (every 5m)
2025-04-24 21:18:00 - INFO - [_update_active_orders_and_telegram] [N/A] 📊 Updating SL/TP for active orders
2025-04-24 21:18:01 - INFO - [_wait_until_next_iteration] [N/A] ⏳ Sleeping for 58.93 seconds before the next cycle
2025-04-24 21:19:00 - DEBUG - [_process_strategies] [N/A] ⏱ Skipping VWAP_diff_signal_1700_volume, not yet time (every 5m)
2025-04-24 21:19:00 - DEBUG - [_process_strategies] [N/A] ⏱ Skipping SMA_Cross_sma50, not yet time (every 5m)
2025-04-24 21:19:00 - DEBUG - [_process_strategies] [N/A] ⏱ Skipping SMA_Cross_candle, not yet time (every 5m)
2025-04-24 21:19:00 - DEBUG - [_process_strategies] [N/A] ⏱ Skipping EMA_Cross_ema50, not yet time (every 5m)
2025-04-24 21:19:00 - DEBUG - [_process_strategies] [N/A] ⏱ Skipping VWAP_diff_signal_1700, not yet time (every 5m)
2025-04-24 21:19:00 - DEBUG - [_process_strategies] [N/A] ⏱ Skipping VWAP_diff_signal_rsi_1700, not yet time (every 5m)
2025-04-24 21:19:00 - DEBUG - [_process_strategies] [N/A] ⏱ Skipping EMA_Cross_candle, not yet time (every 5m)
2025-04-24 21:19:00 - INFO - [_update_active_orders_and_telegram] [N/A] 📊 Updating SL/TP for active orders
2025-04-24 21:19:01 - INFO - [_wait_until_next_iteration] [N/A] ⏳ Sleeping for 58.93 seconds before the next cycle
2025-04-24 21:20:00 - INFO - [_run_strategy_if_applicable] [N/A] ⏰ Strategy 'VWAP_diff_signal_1700_volume' not executed because it's outside the time window: 17:30:00 - 19:00:00
2025-04-24 21:20:00 - INFO - [_run_strategy_if_applicable] [N/A] ⏰ Strategy 'SMA_Cross_sma50' not executed because it's outside the time window: 16:35:00 - 16:50:00
2025-04-24 21:20:00 - INFO - [_run_strategy_if_applicable] [N/A] ⏰ Strategy 'SMA_Cross_candle' not executed because it's outside the time window: 16:35:00 - 16:50:00
2025-04-24 21:20:00 - INFO - [_run_strategy_if_applicable] [N/A] ⏰ Strategy 'EMA_Cross_ema50' not executed because it's outside the time window: 16:35:00 - 16:50:00
2025-04-24 21:20:00 - INFO - [_run_strategy_if_applicable] [N/A] ⏰ Strategy 'VWAP_diff_signal_1700' not executed because it's outside the time window: 17:30:00 - 19:00:00
2025-04-24 21:20:00 - INFO - [_run_strategy_if_applicable] [N/A] ⏰ Strategy 'VWAP_diff_signal_rsi_1700' not executed because it's outside the time window: 17:30:00 - 19:00:00
2025-04-24 21:20:00 - INFO - [_run_strategy_if_applicable] [N/A] ⏰ Strategy 'EMA_Cross_candle' not executed because it's outside the time window: 16:35:00 - 16:50:00
2025-04-24 21:20:00 - INFO - [_update_active_orders_and_telegram] [N/A] 📊 Updating SL/TP for active orders
2025-04-24 21:20:01 - INFO - [_wait_until_next_iteration] [N/A] ⏳ Sleeping for 58.93 seconds before the next cycle
2025-04-24 21:21:00 - DEBUG - [_process_strategies] [N/A] ⏱ Skipping VWAP_diff_signal_1700_volume, not yet time (every 5m)
2025-04-24 21:21:00 - DEBUG - [_process_strategies] [N/A] ⏱ Skipping SMA_Cross_sma50, not yet time (every 5m)
2025-04-24 21:21:00 - DEBUG - [_process_strategies] [N/A] ⏱ Skipping SMA_Cross_candle, not yet time (every 5m)
2025-04-24 21:21:00 - DEBUG - [_process_strategies] [N/A] ⏱ Skipping EMA_Cross_ema50, not yet time (every 5m)
2025-04-24 21:21:00 - DEBUG - [_process_strategies] [N/A] ⏱ Skipping VWAP_diff_signal_1700, not yet time (every 5m)
2025-04-24 21:21:00 - DEBUG - [_process_strategies] [N/A] ⏱ Skipping VWAP_diff_signal_rsi_1700, not yet time (every 5m)
2025-04-24 21:21:00 - DEBUG - [_process_strategies] [N/A] ⏱ Skipping EMA_Cross_candle, not yet time (every 5m)
2025-04-24 21:21:00 - INFO - [_update_active_orders_and_telegram] [N/A] 📊 Updating SL/TP for active orders
2025-04-24 21:21:01 - INFO - [_wait_until_next_iteration] [N/A] ⏳ Sleeping for 58.92 seconds before the next cycle
2025-04-24 21:22:00 - DEBUG - [_process_strategies] [N/A] ⏱ Skipping VWAP_diff_signal_1700_volume, not yet time (every 5m)
2025-04-24 21:22:00 - DEBUG - [_process_strategies] [N/A] ⏱ Skipping SMA_Cross_sma50, not yet time (every 5m)
2025-04-24 21:22:00 - DEBUG - [_process_strategies] [N/A] ⏱ Skipping SMA_Cross_candle, not yet time (every 5m)
2025-04-24 21:22:00 - DEBUG - [_process_strategies] [N/A] ⏱ Skipping EMA_Cross_ema50, not yet time (every 5m)
2025-04-24 21:22:00 - DEBUG - [_process_strategies] [N/A] ⏱ Skipping VWAP_diff_signal_1700, not yet time (every 5m)
2025-04-24 21:22:00 - DEBUG - [_process_strategies] [N/A] ⏱ Skipping VWAP_diff_signal_rsi_1700, not yet time (every 5m)
2025-04-24 21:22:00 - DEBUG - [_process_strategies] [N/A] ⏱ Skipping EMA_Cross_candle, not yet time (every 5m)
2025-04-24 21:22:00 - INFO - [_update_active_orders_and_telegram] [N/A] 📊 Updating SL/TP for active orders
2025-04-24 21:22:01 - INFO - [_wait_until_next_iteration] [N/A] ⏳ Sleeping for 58.92 seconds before the next cycle
2025-04-24 21:23:00 - DEBUG - [_process_strategies] [N/A] ⏱ Skipping VWAP_diff_signal_1700_volume, not yet time (every 5m)
2025-04-24 21:23:00 - DEBUG - [_process_strategies] [N/A] ⏱ Skipping SMA_Cross_sma50, not yet time (every 5m)
2025-04-24 21:23:00 - DEBUG - [_process_strategies] [N/A] ⏱ Skipping SMA_Cross_candle, not yet time (every 5m)
2025-04-24 21:23:00 - DEBUG - [_process_strategies] [N/A] ⏱ Skipping EMA_Cross_ema50, not yet time (every 5m)
2025-04-24 21:23:00 - DEBUG - [_process_strategies] [N/A] ⏱ Skipping VWAP_diff_signal_1700, not yet time (every 5m)
2025-04-24 21:23:00 - DEBUG - [_process_strategies] [N/A] ⏱ Skipping VWAP_diff_signal_rsi_1700, not yet time (every 5m)
2025-04-24 21:23:00 - DEBUG - [_process_strategies] [N/A] ⏱ Skipping EMA_Cross_candle, not yet time (every 5m)
2025-04-24 21:23:00 - INFO - [_update_active_orders_and_telegram] [N/A] 📊 Updating SL/TP for active orders
2025-04-24 21:23:01 - INFO - [_wait_until_next_iteration] [N/A] ⏳ Sleeping for 58.93 seconds before the next cycle
2025-04-24 21:24:00 - DEBUG - [_process_strategies] [N/A] ⏱ Skipping VWAP_diff_signal_1700_volume, not yet time (every 5m)
2025-04-24 21:24:00 - DEBUG - [_process_strategies] [N/A] ⏱ Skipping SMA_Cross_sma50, not yet time (every 5m)
2025-04-24 21:24:00 - DEBUG - [_process_strategies] [N/A] ⏱ Skipping SMA_Cross_candle, not yet time (every 5m)
2025-04-24 21:24:00 - DEBUG - [_process_strategies] [N/A] ⏱ Skipping EMA_Cross_ema50, not yet time (every 5m)
2025-04-24 21:24:00 - DEBUG - [_process_strategies] [N/A] ⏱ Skipping VWAP_diff_signal_1700, not yet time (every 5m)
2025-04-24 21:24:00 - DEBUG - [_process_strategies] [N/A] ⏱ Skipping VWAP_diff_signal_rsi_1700, not yet time (every 5m)
2025-04-24 21:24:00 - DEBUG - [_process_strategies] [N/A] ⏱ Skipping EMA_Cross_candle, not yet time (every 5m)
2025-04-24 21:24:00 - INFO - [_update_active_orders_and_telegram] [N/A] 📊 Updating SL/TP for active orders
2025-04-24 21:24:01 - INFO - [_wait_until_next_iteration] [N/A] ⏳ Sleeping for 58.93 seconds before the next cycle
2025-04-24 21:25:00 - INFO - [_run_strategy_if_applicable] [N/A] ⏰ Strategy 'VWAP_diff_signal_1700_volume' not executed because it's outside the time window: 17:30:00 - 19:00:00
2025-04-24 21:25:00 - INFO - [_run_strategy_if_applicable] [N/A] ⏰ Strategy 'SMA_Cross_sma50' not executed because it's outside the time window: 16:35:00 - 16:50:00
2025-04-24 21:25:00 - INFO - [_run_strategy_if_applicable] [N/A] ⏰ Strategy 'SMA_Cross_candle' not executed because it's outside the time window: 16:35:00 - 16:50:00
2025-04-24 21:25:00 - INFO - [_run_strategy_if_applicable] [N/A] ⏰ Strategy 'EMA_Cross_ema50' not executed because it's outside the time window: 16:35:00 - 16:50:00
2025-04-24 21:25:00 - INFO - [_run_strategy_if_applicable] [N/A] ⏰ Strategy 'VWAP_diff_signal_1700' not executed because it's outside the time window: 17:30:00 - 19:00:00
2025-04-24 21:25:00 - INFO - [_run_strategy_if_applicable] [N/A] ⏰ Strategy 'VWAP_diff_signal_rsi_1700' not executed because it's outside the time window: 17:30:00 - 19:00:00
2025-04-24 21:25:00 - INFO - [_run_strategy_if_applicable] [N/A] ⏰ Strategy 'EMA_Cross_candle' not executed because it's outside the time window: 16:35:00 - 16:50:00
2025-04-24 21:25:00 - INFO - [_update_active_orders_and_telegram] [N/A] 📊 Updating SL/TP for active orders
2025-04-24 21:25:01 - INFO - [_wait_until_next_iteration] [N/A] ⏳ Sleeping for 58.92 seconds before the next cycle
2025-04-24 21:26:00 - DEBUG - [_process_strategies] [N/A] ⏱ Skipping VWAP_diff_signal_1700_volume, not yet time (every 5m)
2025-04-24 21:26:00 - DEBUG - [_process_strategies] [N/A] ⏱ Skipping SMA_Cross_sma50, not yet time (every 5m)
2025-04-24 21:26:00 - DEBUG - [_process_strategies] [N/A] ⏱ Skipping SMA_Cross_candle, not yet time (every 5m)
2025-04-24 21:26:00 - DEBUG - [_process_strategies] [N/A] ⏱ Skipping EMA_Cross_ema50, not yet time (every 5m)
2025-04-24 21:26:00 - DEBUG - [_process_strategies] [N/A] ⏱ Skipping VWAP_diff_signal_1700, not yet time (every 5m)
2025-04-24 21:26:00 - DEBUG - [_process_strategies] [N/A] ⏱ Skipping VWAP_diff_signal_rsi_1700, not yet time (every 5m)
2025-04-24 21:26:00 - DEBUG - [_process_strategies] [N/A] ⏱ Skipping EMA_Cross_candle, not yet time (every 5m)
2025-04-24 21:26:00 - INFO - [_update_active_orders_and_telegram] [N/A] 📊 Updating SL/TP for active orders
2025-04-24 21:26:01 - INFO - [_wait_until_next_iteration] [N/A] ⏳ Sleeping for 58.93 seconds before the next cycle
2025-04-24 21:27:00 - DEBUG - [_process_strategies] [N/A] ⏱ Skipping VWAP_diff_signal_1700_volume, not yet time (every 5m)
2025-04-24 21:27:00 - DEBUG - [_process_strategies] [N/A] ⏱ Skipping SMA_Cross_sma50, not yet time (every 5m)
2025-04-24 21:27:00 - DEBUG - [_process_strategies] [N/A] ⏱ Skipping SMA_Cross_candle, not yet time (every 5m)
2025-04-24 21:27:00 - DEBUG - [_process_strategies] [N/A] ⏱ Skipping EMA_Cross_ema50, not yet time (every 5m)
2025-04-24 21:27:00 - DEBUG - [_process_strategies] [N/A] ⏱ Skipping VWAP_diff_signal_1700, not yet time (every 5m)
2025-04-24 21:27:00 - DEBUG - [_process_strategies] [N/A] ⏱ Skipping VWAP_diff_signal_rsi_1700, not yet time (every 5m)
2025-04-24 21:27:00 - DEBUG - [_process_strategies] [N/A] ⏱ Skipping EMA_Cross_candle, not yet time (every 5m)
2025-04-24 21:27:00 - INFO - [_update_active_orders_and_telegram] [N/A] 📊 Updating SL/TP for active orders
2025-04-24 21:27:01 - INFO - [_wait_until_next_iteration] [N/A] ⏳ Sleeping for 58.93 seconds before the next cycle
2025-04-24 21:28:00 - DEBUG - [_process_strategies] [N/A] ⏱ Skipping VWAP_diff_signal_1700_volume, not yet time (every 5m)
2025-04-24 21:28:00 - DEBUG - [_process_strategies] [N/A] ⏱ Skipping SMA_Cross_sma50, not yet time (every 5m)
2025-04-24 21:28:00 - DEBUG - [_process_strategies] [N/A] ⏱ Skipping SMA_Cross_candle, not yet time (every 5m)
2025-04-24 21:28:00 - DEBUG - [_process_strategies] [N/A] ⏱ Skipping EMA_Cross_ema50, not yet time (every 5m)
2025-04-24 21:28:00 - DEBUG - [_process_strategies] [N/A] ⏱ Skipping VWAP_diff_signal_1700, not yet time (every 5m)
2025-04-24 21:28:00 - DEBUG - [_process_strategies] [N/A] ⏱ Skipping VWAP_diff_signal_rsi_1700, not yet time (every 5m)
2025-04-24 21:28:00 - DEBUG - [_process_strategies] [N/A] ⏱ Skipping EMA_Cross_candle, not yet time (every 5m)
2025-04-24 21:28:00 - INFO - [_update_active_orders_and_telegram] [N/A] 📊 Updating SL/TP for active orders
2025-04-24 21:28:01 - INFO - [_wait_until_next_iteration] [N/A] ⏳ Sleeping for 58.93 seconds before the next cycle
2025-04-24 21:29:00 - DEBUG - [_process_strategies] [N/A] ⏱ Skipping VWAP_diff_signal_1700_volume, not yet time (every 5m)
2025-04-24 21:29:00 - DEBUG - [_process_strategies] [N/A] ⏱ Skipping SMA_Cross_sma50, not yet time (every 5m)
2025-04-24 21:29:00 - DEBUG - [_process_strategies] [N/A] ⏱ Skipping SMA_Cross_candle, not yet time (every 5m)
2025-04-24 21:29:00 - DEBUG - [_process_strategies] [N/A] ⏱ Skipping EMA_Cross_ema50, not yet time (every 5m)
2025-04-24 21:29:00 - DEBUG - [_process_strategies] [N/A] ⏱ Skipping VWAP_diff_signal_1700, not yet time (every 5m)
2025-04-24 21:29:00 - DEBUG - [_process_strategies] [N/A] ⏱ Skipping VWAP_diff_signal_rsi_1700, not yet time (every 5m)
2025-04-24 21:29:00 - DEBUG - [_process_strategies] [N/A] ⏱ Skipping EMA_Cross_candle, not yet time (every 5m)
2025-04-24 21:29:00 - INFO - [_update_active_orders_and_telegram] [N/A] 📊 Updating SL/TP for active orders
2025-04-24 21:29:01 - INFO - [_wait_until_next_iteration] [N/A] ⏳ Sleeping for 58.93 seconds before the next cycle
2025-04-24 21:30:00 - INFO - [_run_strategy_if_applicable] [N/A] ⏰ Strategy 'VWAP_diff_signal_1700_volume' not executed because it's outside the time window: 17:30:00 - 19:00:00
2025-04-24 21:30:00 - INFO - [_run_strategy_if_applicable] [N/A] ⏰ Strategy 'SMA_Cross_sma50' not executed because it's outside the time window: 16:35:00 - 16:50:00
2025-04-24 21:30:00 - INFO - [_run_strategy_if_applicable] [N/A] ⏰ Strategy 'SMA_Cross_candle' not executed because it's outside the time window: 16:35:00 - 16:50:00
2025-04-24 21:30:00 - INFO - [_run_strategy_if_applicable] [N/A] ⏰ Strategy 'EMA_Cross_ema50' not executed because it's outside the time window: 16:35:00 - 16:50:00
2025-04-24 21:30:00 - INFO - [_run_strategy_if_applicable] [N/A] ⏰ Strategy 'VWAP_diff_signal_1700' not executed because it's outside the time window: 17:30:00 - 19:00:00
2025-04-24 21:30:00 - INFO - [_run_strategy_if_applicable] [N/A] ⏰ Strategy 'VWAP_diff_signal_rsi_1700' not executed because it's outside the time window: 17:30:00 - 19:00:00
2025-04-24 21:30:00 - INFO - [_run_strategy_if_applicable] [N/A] ⏰ Strategy 'EMA_Cross_candle' not executed because it's outside the time window: 16:35:00 - 16:50:00
2025-04-24 21:30:00 - INFO - [_update_active_orders_and_telegram] [N/A] 📊 Updating SL/TP for active orders
2025-04-24 21:30:01 - INFO - [_wait_until_next_iteration] [N/A] ⏳ Sleeping for 58.92 seconds before the next cycle
2025-04-24 21:31:00 - DEBUG - [_process_strategies] [N/A] ⏱ Skipping VWAP_diff_signal_1700_volume, not yet time (every 5m)
2025-04-24 21:31:00 - DEBUG - [_process_strategies] [N/A] ⏱ Skipping SMA_Cross_sma50, not yet time (every 5m)
2025-04-24 21:31:00 - DEBUG - [_process_strategies] [N/A] ⏱ Skipping SMA_Cross_candle, not yet time (every 5m)
2025-04-24 21:31:00 - DEBUG - [_process_strategies] [N/A] ⏱ Skipping EMA_Cross_ema50, not yet time (every 5m)
2025-04-24 21:31:00 - DEBUG - [_process_strategies] [N/A] ⏱ Skipping VWAP_diff_signal_1700, not yet time (every 5m)
2025-04-24 21:31:00 - DEBUG - [_process_strategies] [N/A] ⏱ Skipping VWAP_diff_signal_rsi_1700, not yet time (every 5m)
2025-04-24 21:31:00 - DEBUG - [_process_strategies] [N/A] ⏱ Skipping EMA_Cross_candle, not yet time (every 5m)
2025-04-24 21:31:00 - INFO - [_update_active_orders_and_telegram] [N/A] 📊 Updating SL/TP for active orders
2025-04-24 21:31:01 - INFO - [_wait_until_next_iteration] [N/A] ⏳ Sleeping for 58.94 seconds before the next cycle
2025-04-24 21:32:00 - DEBUG - [_process_strategies] [N/A] ⏱ Skipping VWAP_diff_signal_1700_volume, not yet time (every 5m)
2025-04-24 21:32:00 - DEBUG - [_process_strategies] [N/A] ⏱ Skipping SMA_Cross_sma50, not yet time (every 5m)
2025-04-24 21:32:00 - DEBUG - [_process_strategies] [N/A] ⏱ Skipping SMA_Cross_candle, not yet time (every 5m)
2025-04-24 21:32:00 - DEBUG - [_process_strategies] [N/A] ⏱ Skipping EMA_Cross_ema50, not yet time (every 5m)
2025-04-24 21:32:00 - DEBUG - [_process_strategies] [N/A] ⏱ Skipping VWAP_diff_signal_1700, not yet time (every 5m)
2025-04-24 21:32:00 - DEBUG - [_process_strategies] [N/A] ⏱ Skipping VWAP_diff_signal_rsi_1700, not yet time (every 5m)
2025-04-24 21:32:00 - DEBUG - [_process_strategies] [N/A] ⏱ Skipping EMA_Cross_candle, not yet time (every 5m)
2025-04-24 21:32:00 - INFO - [_update_active_orders_and_telegram] [N/A] 📊 Updating SL/TP for active orders
2025-04-24 21:32:01 - INFO - [_wait_until_next_iteration] [N/A] ⏳ Sleeping for 58.93 seconds before the next cycle
2025-04-24 21:33:00 - DEBUG - [_process_strategies] [N/A] ⏱ Skipping VWAP_diff_signal_1700_volume, not yet time (every 5m)
2025-04-24 21:33:00 - DEBUG - [_process_strategies] [N/A] ⏱ Skipping SMA_Cross_sma50, not yet time (every 5m)
2025-04-24 21:33:00 - DEBUG - [_process_strategies] [N/A] ⏱ Skipping SMA_Cross_candle, not yet time (every 5m)
2025-04-24 21:33:00 - DEBUG - [_process_strategies] [N/A] ⏱ Skipping EMA_Cross_ema50, not yet time (every 5m)
2025-04-24 21:33:00 - DEBUG - [_process_strategies] [N/A] ⏱ Skipping VWAP_diff_signal_1700, not yet time (every 5m)
2025-04-24 21:33:00 - DEBUG - [_process_strategies] [N/A] ⏱ Skipping VWAP_diff_signal_rsi_1700, not yet time (every 5m)
2025-04-24 21:33:00 - DEBUG - [_process_strategies] [N/A] ⏱ Skipping EMA_Cross_candle, not yet time (every 5m)
2025-04-24 21:33:00 - INFO - [_update_active_orders_and_telegram] [N/A] 📊 Updating SL/TP for active orders
2025-04-24 21:33:01 - INFO - [_wait_until_next_iteration] [N/A] ⏳ Sleeping for 58.93 seconds before the next cycle
2025-04-24 21:34:00 - DEBUG - [_process_strategies] [N/A] ⏱ Skipping VWAP_diff_signal_1700_volume, not yet time (every 5m)
2025-04-24 21:34:00 - DEBUG - [_process_strategies] [N/A] ⏱ Skipping SMA_Cross_sma50, not yet time (every 5m)
2025-04-24 21:34:00 - DEBUG - [_process_strategies] [N/A] ⏱ Skipping SMA_Cross_candle, not yet time (every 5m)
2025-04-24 21:34:00 - DEBUG - [_process_strategies] [N/A] ⏱ Skipping EMA_Cross_ema50, not yet time (every 5m)
2025-04-24 21:34:00 - DEBUG - [_process_strategies] [N/A] ⏱ Skipping VWAP_diff_signal_1700, not yet time (every 5m)
2025-04-24 21:34:00 - DEBUG - [_process_strategies] [N/A] ⏱ Skipping VWAP_diff_signal_rsi_1700, not yet time (every 5m)
2025-04-24 21:34:00 - DEBUG - [_process_strategies] [N/A] ⏱ Skipping EMA_Cross_candle, not yet time (every 5m)
2025-04-24 21:34:00 - INFO - [_update_active_orders_and_telegram] [N/A] 📊 Updating SL/TP for active orders
2025-04-24 21:34:01 - INFO - [_wait_until_next_iteration] [N/A] ⏳ Sleeping for 58.92 seconds before the next cycle
2025-04-24 21:35:00 - INFO - [_run_strategy_if_applicable] [N/A] ⏰ Strategy 'VWAP_diff_signal_1700_volume' not executed because it's outside the time window: 17:30:00 - 19:00:00
2025-04-24 21:35:00 - INFO - [_run_strategy_if_applicable] [N/A] ⏰ Strategy 'SMA_Cross_sma50' not executed because it's outside the time window: 16:35:00 - 16:50:00
2025-04-24 21:35:00 - INFO - [_run_strategy_if_applicable] [N/A] ⏰ Strategy 'SMA_Cross_candle' not executed because it's outside the time window: 16:35:00 - 16:50:00
2025-04-24 21:35:00 - INFO - [_run_strategy_if_applicable] [N/A] ⏰ Strategy 'EMA_Cross_ema50' not executed because it's outside the time window: 16:35:00 - 16:50:00
2025-04-24 21:35:00 - INFO - [_run_strategy_if_applicable] [N/A] ⏰ Strategy 'VWAP_diff_signal_1700' not executed because it's outside the time window: 17:30:00 - 19:00:00
2025-04-24 21:35:00 - INFO - [_run_strategy_if_applicable] [N/A] ⏰ Strategy 'VWAP_diff_signal_rsi_1700' not executed because it's outside the time window: 17:30:00 - 19:00:00
2025-04-24 21:35:00 - INFO - [_run_strategy_if_applicable] [N/A] ⏰ Strategy 'EMA_Cross_candle' not executed because it's outside the time window: 16:35:00 - 16:50:00
2025-04-24 21:35:00 - INFO - [_update_active_orders_and_telegram] [N/A] 📊 Updating SL/TP for active orders
2025-04-24 21:35:01 - INFO - [_wait_until_next_iteration] [N/A] ⏳ Sleeping for 58.93 seconds before the next cycle
2025-04-24 21:36:00 - DEBUG - [_process_strategies] [N/A] ⏱ Skipping VWAP_diff_signal_1700_volume, not yet time (every 5m)
2025-04-24 21:36:00 - DEBUG - [_process_strategies] [N/A] ⏱ Skipping SMA_Cross_sma50, not yet time (every 5m)
2025-04-24 21:36:00 - DEBUG - [_process_strategies] [N/A] ⏱ Skipping SMA_Cross_candle, not yet time (every 5m)
2025-04-24 21:36:00 - DEBUG - [_process_strategies] [N/A] ⏱ Skipping EMA_Cross_ema50, not yet time (every 5m)
2025-04-24 21:36:00 - DEBUG - [_process_strategies] [N/A] ⏱ Skipping VWAP_diff_signal_1700, not yet time (every 5m)
2025-04-24 21:36:00 - DEBUG - [_process_strategies] [N/A] ⏱ Skipping VWAP_diff_signal_rsi_1700, not yet time (every 5m)
2025-04-24 21:36:00 - DEBUG - [_process_strategies] [N/A] ⏱ Skipping EMA_Cross_candle, not yet time (every 5m)
2025-04-24 21:36:00 - INFO - [_update_active_orders_and_telegram] [N/A] 📊 Updating SL/TP for active orders
2025-04-24 21:36:01 - INFO - [_wait_until_next_iteration] [N/A] ⏳ Sleeping for 58.93 seconds before the next cycle
2025-04-24 21:37:00 - DEBUG - [_process_strategies] [N/A] ⏱ Skipping VWAP_diff_signal_1700_volume, not yet time (every 5m)
2025-04-24 21:37:00 - DEBUG - [_process_strategies] [N/A] ⏱ Skipping SMA_Cross_sma50, not yet time (every 5m)
2025-04-24 21:37:00 - DEBUG - [_process_strategies] [N/A] ⏱ Skipping SMA_Cross_candle, not yet time (every 5m)
2025-04-24 21:37:00 - DEBUG - [_process_strategies] [N/A] ⏱ Skipping EMA_Cross_ema50, not yet time (every 5m)
2025-04-24 21:37:00 - DEBUG - [_process_strategies] [N/A] ⏱ Skipping VWAP_diff_signal_1700, not yet time (every 5m)
2025-04-24 21:37:00 - DEBUG - [_process_strategies] [N/A] ⏱ Skipping VWAP_diff_signal_rsi_1700, not yet time (every 5m)
2025-04-24 21:37:00 - DEBUG - [_process_strategies] [N/A] ⏱ Skipping EMA_Cross_candle, not yet time (every 5m)
2025-04-24 21:37:00 - INFO - [_update_active_orders_and_telegram] [N/A] 📊 Updating SL/TP for active orders
2025-04-24 21:37:01 - INFO - [_wait_until_next_iteration] [N/A] ⏳ Sleeping for 58.93 seconds before the next cycle
2025-04-24 21:38:00 - DEBUG - [_process_strategies] [N/A] ⏱ Skipping VWAP_diff_signal_1700_volume, not yet time (every 5m)
2025-04-24 21:38:00 - DEBUG - [_process_strategies] [N/A] ⏱ Skipping SMA_Cross_sma50, not yet time (every 5m)
2025-04-24 21:38:00 - DEBUG - [_process_strategies] [N/A] ⏱ Skipping SMA_Cross_candle, not yet time (every 5m)
2025-04-24 21:38:00 - DEBUG - [_process_strategies] [N/A] ⏱ Skipping EMA_Cross_ema50, not yet time (every 5m)
2025-04-24 21:38:00 - DEBUG - [_process_strategies] [N/A] ⏱ Skipping VWAP_diff_signal_1700, not yet time (every 5m)
2025-04-24 21:38:00 - DEBUG - [_process_strategies] [N/A] ⏱ Skipping VWAP_diff_signal_rsi_1700, not yet time (every 5m)
2025-04-24 21:38:00 - DEBUG - [_process_strategies] [N/A] ⏱ Skipping EMA_Cross_candle, not yet time (every 5m)
2025-04-24 21:38:00 - INFO - [_update_active_orders_and_telegram] [N/A] 📊 Updating SL/TP for active orders
2025-04-24 21:38:01 - INFO - [_wait_until_next_iteration] [N/A] ⏳ Sleeping for 58.92 seconds before the next cycle
2025-04-24 21:39:00 - DEBUG - [_process_strategies] [N/A] ⏱ Skipping VWAP_diff_signal_1700_volume, not yet time (every 5m)
2025-04-24 21:39:00 - DEBUG - [_process_strategies] [N/A] ⏱ Skipping SMA_Cross_sma50, not yet time (every 5m)
2025-04-24 21:39:00 - DEBUG - [_process_strategies] [N/A] ⏱ Skipping SMA_Cross_candle, not yet time (every 5m)
2025-04-24 21:39:00 - DEBUG - [_process_strategies] [N/A] ⏱ Skipping EMA_Cross_ema50, not yet time (every 5m)
2025-04-24 21:39:00 - DEBUG - [_process_strategies] [N/A] ⏱ Skipping VWAP_diff_signal_1700, not yet time (every 5m)
2025-04-24 21:39:00 - DEBUG - [_process_strategies] [N/A] ⏱ Skipping VWAP_diff_signal_rsi_1700, not yet time (every 5m)
2025-04-24 21:39:00 - DEBUG - [_process_strategies] [N/A] ⏱ Skipping EMA_Cross_candle, not yet time (every 5m)
2025-04-24 21:39:00 - INFO - [_update_active_orders_and_telegram] [N/A] 📊 Updating SL/TP for active orders
2025-04-24 21:39:01 - INFO - [_wait_until_next_iteration] [N/A] ⏳ Sleeping for 58.92 seconds before the next cycle
2025-04-24 21:40:00 - INFO - [_run_strategy_if_applicable] [N/A] ⏰ Strategy 'VWAP_diff_signal_1700_volume' not executed because it's outside the time window: 17:30:00 - 19:00:00
2025-04-24 21:40:00 - INFO - [_run_strategy_if_applicable] [N/A] ⏰ Strategy 'SMA_Cross_sma50' not executed because it's outside the time window: 16:35:00 - 16:50:00
2025-04-24 21:40:00 - INFO - [_run_strategy_if_applicable] [N/A] ⏰ Strategy 'SMA_Cross_candle' not executed because it's outside the time window: 16:35:00 - 16:50:00
2025-04-24 21:40:00 - INFO - [_run_strategy_if_applicable] [N/A] ⏰ Strategy 'EMA_Cross_ema50' not executed because it's outside the time window: 16:35:00 - 16:50:00
2025-04-24 21:40:00 - INFO - [_run_strategy_if_applicable] [N/A] ⏰ Strategy 'VWAP_diff_signal_1700' not executed because it's outside the time window: 17:30:00 - 19:00:00
2025-04-24 21:40:00 - INFO - [_run_strategy_if_applicable] [N/A] ⏰ Strategy 'VWAP_diff_signal_rsi_1700' not executed because it's outside the time window: 17:30:00 - 19:00:00
2025-04-24 21:40:00 - INFO - [_run_strategy_if_applicable] [N/A] ⏰ Strategy 'EMA_Cross_candle' not executed because it's outside the time window: 16:35:00 - 16:50:00
2025-04-24 21:40:00 - INFO - [_update_active_orders_and_telegram] [N/A] 📊 Updating SL/TP for active orders
2025-04-24 21:40:01 - INFO - [_wait_until_next_iteration] [N/A] ⏳ Sleeping for 58.93 seconds before the next cycle
2025-04-24 21:41:00 - DEBUG - [_process_strategies] [N/A] ⏱ Skipping VWAP_diff_signal_1700_volume, not yet time (every 5m)
2025-04-24 21:41:00 - DEBUG - [_process_strategies] [N/A] ⏱ Skipping SMA_Cross_sma50, not yet time (every 5m)
2025-04-24 21:41:00 - DEBUG - [_process_strategies] [N/A] ⏱ Skipping SMA_Cross_candle, not yet time (every 5m)
2025-04-24 21:41:00 - DEBUG - [_process_strategies] [N/A] ⏱ Skipping EMA_Cross_ema50, not yet time (every 5m)
2025-04-24 21:41:00 - DEBUG - [_process_strategies] [N/A] ⏱ Skipping VWAP_diff_signal_1700, not yet time (every 5m)
2025-04-24 21:41:00 - DEBUG - [_process_strategies] [N/A] ⏱ Skipping VWAP_diff_signal_rsi_1700, not yet time (every 5m)
2025-04-24 21:41:00 - DEBUG - [_process_strategies] [N/A] ⏱ Skipping EMA_Cross_candle, not yet time (every 5m)
2025-04-24 21:41:00 - INFO - [_update_active_orders_and_telegram] [N/A] 📊 Updating SL/TP for active orders
2025-04-24 21:41:01 - INFO - [_wait_until_next_iteration] [N/A] ⏳ Sleeping for 58.93 seconds before the next cycle
2025-04-24 21:42:00 - DEBUG - [_process_strategies] [N/A] ⏱ Skipping VWAP_diff_signal_1700_volume, not yet time (every 5m)
2025-04-24 21:42:00 - DEBUG - [_process_strategies] [N/A] ⏱ Skipping SMA_Cross_sma50, not yet time (every 5m)
2025-04-24 21:42:00 - DEBUG - [_process_strategies] [N/A] ⏱ Skipping SMA_Cross_candle, not yet time (every 5m)
2025-04-24 21:42:00 - DEBUG - [_process_strategies] [N/A] ⏱ Skipping EMA_Cross_ema50, not yet time (every 5m)
2025-04-24 21:42:00 - DEBUG - [_process_strategies] [N/A] ⏱ Skipping VWAP_diff_signal_1700, not yet time (every 5m)
2025-04-24 21:42:00 - DEBUG - [_process_strategies] [N/A] ⏱ Skipping VWAP_diff_signal_rsi_1700, not yet time (every 5m)
2025-04-24 21:42:00 - DEBUG - [_process_strategies] [N/A] ⏱ Skipping EMA_Cross_candle, not yet time (every 5m)
2025-04-24 21:42:00 - INFO - [_update_active_orders_and_telegram] [N/A] 📊 Updating SL/TP for active orders
2025-04-24 21:42:01 - INFO - [_wait_until_next_iteration] [N/A] ⏳ Sleeping for 58.93 seconds before the next cycle
2025-04-24 21:43:00 - DEBUG - [_process_strategies] [N/A] ⏱ Skipping VWAP_diff_signal_1700_volume, not yet time (every 5m)
2025-04-24 21:43:00 - DEBUG - [_process_strategies] [N/A] ⏱ Skipping SMA_Cross_sma50, not yet time (every 5m)
2025-04-24 21:43:00 - DEBUG - [_process_strategies] [N/A] ⏱ Skipping SMA_Cross_candle, not yet time (every 5m)
2025-04-24 21:43:00 - DEBUG - [_process_strategies] [N/A] ⏱ Skipping EMA_Cross_ema50, not yet time (every 5m)
2025-04-24 21:43:00 - DEBUG - [_process_strategies] [N/A] ⏱ Skipping VWAP_diff_signal_1700, not yet time (every 5m)
2025-04-24 21:43:00 - DEBUG - [_process_strategies] [N/A] ⏱ Skipping VWAP_diff_signal_rsi_1700, not yet time (every 5m)
2025-04-24 21:43:00 - DEBUG - [_process_strategies] [N/A] ⏱ Skipping EMA_Cross_candle, not yet time (every 5m)
2025-04-24 21:43:00 - INFO - [_update_active_orders_and_telegram] [N/A] 📊 Updating SL/TP for active orders
2025-04-24 21:43:01 - INFO - [_wait_until_next_iteration] [N/A] ⏳ Sleeping for 58.92 seconds before the next cycle
2025-04-24 21:44:00 - DEBUG - [_process_strategies] [N/A] ⏱ Skipping VWAP_diff_signal_1700_volume, not yet time (every 5m)
2025-04-24 21:44:00 - DEBUG - [_process_strategies] [N/A] ⏱ Skipping SMA_Cross_sma50, not yet time (every 5m)
2025-04-24 21:44:00 - DEBUG - [_process_strategies] [N/A] ⏱ Skipping SMA_Cross_candle, not yet time (every 5m)
2025-04-24 21:44:00 - DEBUG - [_process_strategies] [N/A] ⏱ Skipping EMA_Cross_ema50, not yet time (every 5m)
2025-04-24 21:44:00 - DEBUG - [_process_strategies] [N/A] ⏱ Skipping VWAP_diff_signal_1700, not yet time (every 5m)
2025-04-24 21:44:00 - DEBUG - [_process_strategies] [N/A] ⏱ Skipping VWAP_diff_signal_rsi_1700, not yet time (every 5m)
2025-04-24 21:44:00 - DEBUG - [_process_strategies] [N/A] ⏱ Skipping EMA_Cross_candle, not yet time (every 5m)
2025-04-24 21:44:00 - INFO - [_update_active_orders_and_telegram] [N/A] 📊 Updating SL/TP for active orders
2025-04-24 21:44:01 - INFO - [_wait_until_next_iteration] [N/A] ⏳ Sleeping for 58.92 seconds before the next cycle
2025-04-24 21:45:00 - INFO - [_run_strategy_if_applicable] [N/A] ⏰ Strategy 'VWAP_diff_signal_1700_volume' not executed because it's outside the time window: 17:30:00 - 19:00:00
2025-04-24 21:45:00 - INFO - [_run_strategy_if_applicable] [N/A] ⏰ Strategy 'SMA_Cross_sma50' not executed because it's outside the time window: 16:35:00 - 16:50:00
2025-04-24 21:45:00 - INFO - [_run_strategy_if_applicable] [N/A] ⏰ Strategy 'SMA_Cross_candle' not executed because it's outside the time window: 16:35:00 - 16:50:00
2025-04-24 21:45:00 - INFO - [_run_strategy_if_applicable] [N/A] ⏰ Strategy 'EMA_Cross_ema50' not executed because it's outside the time window: 16:35:00 - 16:50:00
2025-04-24 21:45:00 - INFO - [_run_strategy_if_applicable] [N/A] ⏰ Strategy 'VWAP_diff_signal_1700' not executed because it's outside the time window: 17:30:00 - 19:00:00
2025-04-24 21:45:00 - INFO - [_run_strategy_if_applicable] [N/A] ⏰ Strategy 'VWAP_diff_signal_rsi_1700' not executed because it's outside the time window: 17:30:00 - 19:00:00
2025-04-24 21:45:00 - INFO - [_run_strategy_if_applicable] [N/A] ⏰ Strategy 'EMA_Cross_candle' not executed because it's outside the time window: 16:35:00 - 16:50:00
2025-04-24 21:45:00 - INFO - [_update_active_orders_and_telegram] [N/A] 📊 Updating SL/TP for active orders
2025-04-24 21:45:01 - INFO - [_wait_until_next_iteration] [N/A] ⏳ Sleeping for 58.92 seconds before the next cycle
2025-04-24 21:46:00 - DEBUG - [_process_strategies] [N/A] ⏱ Skipping VWAP_diff_signal_1700_volume, not yet time (every 5m)
2025-04-24 21:46:00 - DEBUG - [_process_strategies] [N/A] ⏱ Skipping SMA_Cross_sma50, not yet time (every 5m)
2025-04-24 21:46:00 - DEBUG - [_process_strategies] [N/A] ⏱ Skipping SMA_Cross_candle, not yet time (every 5m)
2025-04-24 21:46:00 - DEBUG - [_process_strategies] [N/A] ⏱ Skipping EMA_Cross_ema50, not yet time (every 5m)
2025-04-24 21:46:00 - DEBUG - [_process_strategies] [N/A] ⏱ Skipping VWAP_diff_signal_1700, not yet time (every 5m)
2025-04-24 21:46:00 - DEBUG - [_process_strategies] [N/A] ⏱ Skipping VWAP_diff_signal_rsi_1700, not yet time (every 5m)
2025-04-24 21:46:00 - DEBUG - [_process_strategies] [N/A] ⏱ Skipping EMA_Cross_candle, not yet time (every 5m)
2025-04-24 21:46:00 - INFO - [_update_active_orders_and_telegram] [N/A] 📊 Updating SL/TP for active orders
2025-04-24 21:46:01 - INFO - [_wait_until_next_iteration] [N/A] ⏳ Sleeping for 58.91 seconds before the next cycle
2025-04-24 21:47:00 - DEBUG - [_process_strategies] [N/A] ⏱ Skipping VWAP_diff_signal_1700_volume, not yet time (every 5m)
2025-04-24 21:47:00 - DEBUG - [_process_strategies] [N/A] ⏱ Skipping SMA_Cross_sma50, not yet time (every 5m)
2025-04-24 21:47:00 - DEBUG - [_process_strategies] [N/A] ⏱ Skipping SMA_Cross_candle, not yet time (every 5m)
2025-04-24 21:47:00 - DEBUG - [_process_strategies] [N/A] ⏱ Skipping EMA_Cross_ema50, not yet time (every 5m)
2025-04-24 21:47:00 - DEBUG - [_process_strategies] [N/A] ⏱ Skipping VWAP_diff_signal_1700, not yet time (every 5m)
2025-04-24 21:47:00 - DEBUG - [_process_strategies] [N/A] ⏱ Skipping VWAP_diff_signal_rsi_1700, not yet time (every 5m)
2025-04-24 21:47:00 - DEBUG - [_process_strategies] [N/A] ⏱ Skipping EMA_Cross_candle, not yet time (every 5m)
2025-04-24 21:47:00 - INFO - [_update_active_orders_and_telegram] [N/A] 📊 Updating SL/TP for active orders
2025-04-24 21:47:01 - INFO - [_wait_until_next_iteration] [N/A] ⏳ Sleeping for 58.93 seconds before the next cycle
2025-04-24 21:48:00 - DEBUG - [_process_strategies] [N/A] ⏱ Skipping VWAP_diff_signal_1700_volume, not yet time (every 5m)
2025-04-24 21:48:00 - DEBUG - [_process_strategies] [N/A] ⏱ Skipping SMA_Cross_sma50, not yet time (every 5m)
2025-04-24 21:48:00 - DEBUG - [_process_strategies] [N/A] ⏱ Skipping SMA_Cross_candle, not yet time (every 5m)
2025-04-24 21:48:00 - DEBUG - [_process_strategies] [N/A] ⏱ Skipping EMA_Cross_ema50, not yet time (every 5m)
2025-04-24 21:48:00 - DEBUG - [_process_strategies] [N/A] ⏱ Skipping VWAP_diff_signal_1700, not yet time (every 5m)
2025-04-24 21:48:00 - DEBUG - [_process_strategies] [N/A] ⏱ Skipping VWAP_diff_signal_rsi_1700, not yet time (every 5m)
2025-04-24 21:48:00 - DEBUG - [_process_strategies] [N/A] ⏱ Skipping EMA_Cross_candle, not yet time (every 5m)
2025-04-24 21:48:00 - INFO - [_update_active_orders_and_telegram] [N/A] 📊 Updating SL/TP for active orders
2025-04-24 21:48:01 - INFO - [_wait_until_next_iteration] [N/A] ⏳ Sleeping for 58.93 seconds before the next cycle
2025-04-24 21:49:00 - DEBUG - [_process_strategies] [N/A] ⏱ Skipping VWAP_diff_signal_1700_volume, not yet time (every 5m)
2025-04-24 21:49:00 - DEBUG - [_process_strategies] [N/A] ⏱ Skipping SMA_Cross_sma50, not yet time (every 5m)
2025-04-24 21:49:00 - DEBUG - [_process_strategies] [N/A] ⏱ Skipping SMA_Cross_candle, not yet time (every 5m)
2025-04-24 21:49:00 - DEBUG - [_process_strategies] [N/A] ⏱ Skipping EMA_Cross_ema50, not yet time (every 5m)
2025-04-24 21:49:00 - DEBUG - [_process_strategies] [N/A] ⏱ Skipping VWAP_diff_signal_1700, not yet time (every 5m)
2025-04-24 21:49:00 - DEBUG - [_process_strategies] [N/A] ⏱ Skipping VWAP_diff_signal_rsi_1700, not yet time (every 5m)
2025-04-24 21:49:00 - DEBUG - [_process_strategies] [N/A] ⏱ Skipping EMA_Cross_candle, not yet time (every 5m)
2025-04-24 21:49:00 - INFO - [_update_active_orders_and_telegram] [N/A] 📊 Updating SL/TP for active orders
2025-04-24 21:49:01 - INFO - [_wait_until_next_iteration] [N/A] ⏳ Sleeping for 58.93 seconds before the next cycle
2025-04-24 21:50:00 - INFO - [_run_strategy_if_applicable] [N/A] ⏰ Strategy 'VWAP_diff_signal_1700_volume' not executed because it's outside the time window: 17:30:00 - 19:00:00
2025-04-24 21:50:00 - INFO - [_run_strategy_if_applicable] [N/A] ⏰ Strategy 'SMA_Cross_sma50' not executed because it's outside the time window: 16:35:00 - 16:50:00
2025-04-24 21:50:00 - INFO - [_run_strategy_if_applicable] [N/A] ⏰ Strategy 'SMA_Cross_candle' not executed because it's outside the time window: 16:35:00 - 16:50:00
2025-04-24 21:50:00 - INFO - [_run_strategy_if_applicable] [N/A] ⏰ Strategy 'EMA_Cross_ema50' not executed because it's outside the time window: 16:35:00 - 16:50:00
2025-04-24 21:50:00 - INFO - [_run_strategy_if_applicable] [N/A] ⏰ Strategy 'VWAP_diff_signal_1700' not executed because it's outside the time window: 17:30:00 - 19:00:00
2025-04-24 21:50:00 - INFO - [_run_strategy_if_applicable] [N/A] ⏰ Strategy 'VWAP_diff_signal_rsi_1700' not executed because it's outside the time window: 17:30:00 - 19:00:00
2025-04-24 21:50:00 - INFO - [_run_strategy_if_applicable] [N/A] ⏰ Strategy 'EMA_Cross_candle' not executed because it's outside the time window: 16:35:00 - 16:50:00
2025-04-24 21:50:00 - INFO - [_update_active_orders_and_telegram] [N/A] 📊 Updating SL/TP for active orders
2025-04-24 21:50:01 - INFO - [_wait_until_next_iteration] [N/A] ⏳ Sleeping for 58.93 seconds before the next cycle
2025-04-24 21:51:00 - DEBUG - [_process_strategies] [N/A] ⏱ Skipping VWAP_diff_signal_1700_volume, not yet time (every 5m)
2025-04-24 21:51:00 - DEBUG - [_process_strategies] [N/A] ⏱ Skipping SMA_Cross_sma50, not yet time (every 5m)
2025-04-24 21:51:00 - DEBUG - [_process_strategies] [N/A] ⏱ Skipping SMA_Cross_candle, not yet time (every 5m)
2025-04-24 21:51:00 - DEBUG - [_process_strategies] [N/A] ⏱ Skipping EMA_Cross_ema50, not yet time (every 5m)
2025-04-24 21:51:00 - DEBUG - [_process_strategies] [N/A] ⏱ Skipping VWAP_diff_signal_1700, not yet time (every 5m)
2025-04-24 21:51:00 - DEBUG - [_process_strategies] [N/A] ⏱ Skipping VWAP_diff_signal_rsi_1700, not yet time (every 5m)
2025-04-24 21:51:00 - DEBUG - [_process_strategies] [N/A] ⏱ Skipping EMA_Cross_candle, not yet time (every 5m)
2025-04-24 21:51:00 - INFO - [_update_active_orders_and_telegram] [N/A] 📊 Updating SL/TP for active orders
2025-04-24 21:51:01 - INFO - [_wait_until_next_iteration] [N/A] ⏳ Sleeping for 58.93 seconds before the next cycle
2025-04-24 21:52:00 - DEBUG - [_process_strategies] [N/A] ⏱ Skipping VWAP_diff_signal_1700_volume, not yet time (every 5m)
2025-04-24 21:52:00 - DEBUG - [_process_strategies] [N/A] ⏱ Skipping SMA_Cross_sma50, not yet time (every 5m)
2025-04-24 21:52:00 - DEBUG - [_process_strategies] [N/A] ⏱ Skipping SMA_Cross_candle, not yet time (every 5m)
2025-04-24 21:52:00 - DEBUG - [_process_strategies] [N/A] ⏱ Skipping EMA_Cross_ema50, not yet time (every 5m)
2025-04-24 21:52:00 - DEBUG - [_process_strategies] [N/A] ⏱ Skipping VWAP_diff_signal_1700, not yet time (every 5m)
2025-04-24 21:52:00 - DEBUG - [_process_strategies] [N/A] ⏱ Skipping VWAP_diff_signal_rsi_1700, not yet time (every 5m)
2025-04-24 21:52:00 - DEBUG - [_process_strategies] [N/A] ⏱ Skipping EMA_Cross_candle, not yet time (every 5m)
2025-04-24 21:52:00 - INFO - [_update_active_orders_and_telegram] [N/A] 📊 Updating SL/TP for active orders
2025-04-24 21:52:01 - INFO - [_wait_until_next_iteration] [N/A] ⏳ Sleeping for 58.92 seconds before the next cycle
2025-04-24 21:53:00 - DEBUG - [_process_strategies] [N/A] ⏱ Skipping VWAP_diff_signal_1700_volume, not yet time (every 5m)
2025-04-24 21:53:00 - DEBUG - [_process_strategies] [N/A] ⏱ Skipping SMA_Cross_sma50, not yet time (every 5m)
2025-04-24 21:53:00 - DEBUG - [_process_strategies] [N/A] ⏱ Skipping SMA_Cross_candle, not yet time (every 5m)
2025-04-24 21:53:00 - DEBUG - [_process_strategies] [N/A] ⏱ Skipping EMA_Cross_ema50, not yet time (every 5m)
2025-04-24 21:53:00 - DEBUG - [_process_strategies] [N/A] ⏱ Skipping VWAP_diff_signal_1700, not yet time (every 5m)
2025-04-24 21:53:00 - DEBUG - [_process_strategies] [N/A] ⏱ Skipping VWAP_diff_signal_rsi_1700, not yet time (every 5m)
2025-04-24 21:53:00 - DEBUG - [_process_strategies] [N/A] ⏱ Skipping EMA_Cross_candle, not yet time (every 5m)
2025-04-24 21:53:00 - INFO - [_update_active_orders_and_telegram] [N/A] 📊 Updating SL/TP for active orders
2025-04-24 21:53:01 - INFO - [_wait_until_next_iteration] [N/A] ⏳ Sleeping for 58.92 seconds before the next cycle
2025-04-24 21:54:00 - DEBUG - [_process_strategies] [N/A] ⏱ Skipping VWAP_diff_signal_1700_volume, not yet time (every 5m)
2025-04-24 21:54:00 - DEBUG - [_process_strategies] [N/A] ⏱ Skipping SMA_Cross_sma50, not yet time (every 5m)
2025-04-24 21:54:00 - DEBUG - [_process_strategies] [N/A] ⏱ Skipping SMA_Cross_candle, not yet time (every 5m)
2025-04-24 21:54:00 - DEBUG - [_process_strategies] [N/A] ⏱ Skipping EMA_Cross_ema50, not yet time (every 5m)
2025-04-24 21:54:00 - DEBUG - [_process_strategies] [N/A] ⏱ Skipping VWAP_diff_signal_1700, not yet time (every 5m)
2025-04-24 21:54:00 - DEBUG - [_process_strategies] [N/A] ⏱ Skipping VWAP_diff_signal_rsi_1700, not yet time (every 5m)
2025-04-24 21:54:00 - DEBUG - [_process_strategies] [N/A] ⏱ Skipping EMA_Cross_candle, not yet time (every 5m)
2025-04-24 21:54:00 - INFO - [_update_active_orders_and_telegram] [N/A] 📊 Updating SL/TP for active orders
2025-04-24 21:54:01 - INFO - [_wait_until_next_iteration] [N/A] ⏳ Sleeping for 58.92 seconds before the next cycle
2025-04-24 21:55:00 - INFO - [_run_strategy_if_applicable] [N/A] ⏰ Strategy 'VWAP_diff_signal_1700_volume' not executed because it's outside the time window: 17:30:00 - 19:00:00
2025-04-24 21:55:00 - INFO - [_run_strategy_if_applicable] [N/A] ⏰ Strategy 'SMA_Cross_sma50' not executed because it's outside the time window: 16:35:00 - 16:50:00
2025-04-24 21:55:00 - INFO - [_run_strategy_if_applicable] [N/A] ⏰ Strategy 'SMA_Cross_candle' not executed because it's outside the time window: 16:35:00 - 16:50:00
2025-04-24 21:55:00 - INFO - [_run_strategy_if_applicable] [N/A] ⏰ Strategy 'EMA_Cross_ema50' not executed because it's outside the time window: 16:35:00 - 16:50:00
2025-04-24 21:55:00 - INFO - [_run_strategy_if_applicable] [N/A] ⏰ Strategy 'VWAP_diff_signal_1700' not executed because it's outside the time window: 17:30:00 - 19:00:00
2025-04-24 21:55:00 - INFO - [_run_strategy_if_applicable] [N/A] ⏰ Strategy 'VWAP_diff_signal_rsi_1700' not executed because it's outside the time window: 17:30:00 - 19:00:00
2025-04-24 21:55:00 - INFO - [_run_strategy_if_applicable] [N/A] ⏰ Strategy 'EMA_Cross_candle' not executed because it's outside the time window: 16:35:00 - 16:50:00
2025-04-24 21:55:00 - INFO - [_update_active_orders_and_telegram] [N/A] 📊 Updating SL/TP for active orders
2025-04-24 21:55:01 - INFO - [_wait_until_next_iteration] [N/A] ⏳ Sleeping for 58.92 seconds before the next cycle
2025-04-24 21:56:00 - DEBUG - [_process_strategies] [N/A] ⏱ Skipping VWAP_diff_signal_1700_volume, not yet time (every 5m)
2025-04-24 21:56:00 - DEBUG - [_process_strategies] [N/A] ⏱ Skipping SMA_Cross_sma50, not yet time (every 5m)
2025-04-24 21:56:00 - DEBUG - [_process_strategies] [N/A] ⏱ Skipping SMA_Cross_candle, not yet time (every 5m)
2025-04-24 21:56:00 - DEBUG - [_process_strategies] [N/A] ⏱ Skipping EMA_Cross_ema50, not yet time (every 5m)
2025-04-24 21:56:00 - DEBUG - [_process_strategies] [N/A] ⏱ Skipping VWAP_diff_signal_1700, not yet time (every 5m)
2025-04-24 21:56:00 - DEBUG - [_process_strategies] [N/A] ⏱ Skipping VWAP_diff_signal_rsi_1700, not yet time (every 5m)
2025-04-24 21:56:00 - DEBUG - [_process_strategies] [N/A] ⏱ Skipping EMA_Cross_candle, not yet time (every 5m)
2025-04-24 21:56:00 - INFO - [_update_active_orders_and_telegram] [N/A] 📊 Updating SL/TP for active orders
2025-04-24 21:56:01 - INFO - [_wait_until_next_iteration] [N/A] ⏳ Sleeping for 58.92 seconds before the next cycle
2025-04-24 21:57:00 - DEBUG - [_process_strategies] [N/A] ⏱ Skipping VWAP_diff_signal_1700_volume, not yet time (every 5m)
2025-04-24 21:57:00 - DEBUG - [_process_strategies] [N/A] ⏱ Skipping SMA_Cross_sma50, not yet time (every 5m)
2025-04-24 21:57:00 - DEBUG - [_process_strategies] [N/A] ⏱ Skipping SMA_Cross_candle, not yet time (every 5m)
2025-04-24 21:57:00 - DEBUG - [_process_strategies] [N/A] ⏱ Skipping EMA_Cross_ema50, not yet time (every 5m)
2025-04-24 21:57:00 - DEBUG - [_process_strategies] [N/A] ⏱ Skipping VWAP_diff_signal_1700, not yet time (every 5m)
2025-04-24 21:57:00 - DEBUG - [_process_strategies] [N/A] ⏱ Skipping VWAP_diff_signal_rsi_1700, not yet time (every 5m)
2025-04-24 21:57:00 - DEBUG - [_process_strategies] [N/A] ⏱ Skipping EMA_Cross_candle, not yet time (every 5m)
2025-04-24 21:57:00 - INFO - [_update_active_orders_and_telegram] [N/A] 📊 Updating SL/TP for active orders
2025-04-24 21:57:01 - INFO - [_wait_until_next_iteration] [N/A] ⏳ Sleeping for 58.93 seconds before the next cycle
2025-04-24 21:58:00 - DEBUG - [_process_strategies] [N/A] ⏱ Skipping VWAP_diff_signal_1700_volume, not yet time (every 5m)
2025-04-24 21:58:00 - DEBUG - [_process_strategies] [N/A] ⏱ Skipping SMA_Cross_sma50, not yet time (every 5m)
2025-04-24 21:58:00 - DEBUG - [_process_strategies] [N/A] ⏱ Skipping SMA_Cross_candle, not yet time (every 5m)
2025-04-24 21:58:00 - DEBUG - [_process_strategies] [N/A] ⏱ Skipping EMA_Cross_ema50, not yet time (every 5m)
2025-04-24 21:58:00 - DEBUG - [_process_strategies] [N/A] ⏱ Skipping VWAP_diff_signal_1700, not yet time (every 5m)
2025-04-24 21:58:00 - DEBUG - [_process_strategies] [N/A] ⏱ Skipping VWAP_diff_signal_rsi_1700, not yet time (every 5m)
2025-04-24 21:58:00 - DEBUG - [_process_strategies] [N/A] ⏱ Skipping EMA_Cross_candle, not yet time (every 5m)
2025-04-24 21:58:00 - INFO - [_update_active_orders_and_telegram] [N/A] 📊 Updating SL/TP for active orders
2025-04-24 21:58:01 - INFO - [_wait_until_next_iteration] [N/A] ⏳ Sleeping for 58.92 seconds before the next cycle
2025-04-24 21:59:00 - DEBUG - [_process_strategies] [N/A] ⏱ Skipping VWAP_diff_signal_1700_volume, not yet time (every 5m)
2025-04-24 21:59:00 - DEBUG - [_process_strategies] [N/A] ⏱ Skipping SMA_Cross_sma50, not yet time (every 5m)
2025-04-24 21:59:00 - DEBUG - [_process_strategies] [N/A] ⏱ Skipping SMA_Cross_candle, not yet time (every 5m)
2025-04-24 21:59:00 - DEBUG - [_process_strategies] [N/A] ⏱ Skipping EMA_Cross_ema50, not yet time (every 5m)
2025-04-24 21:59:00 - DEBUG - [_process_strategies] [N/A] ⏱ Skipping VWAP_diff_signal_1700, not yet time (every 5m)
2025-04-24 21:59:00 - DEBUG - [_process_strategies] [N/A] ⏱ Skipping VWAP_diff_signal_rsi_1700, not yet time (every 5m)
2025-04-24 21:59:00 - DEBUG - [_process_strategies] [N/A] ⏱ Skipping EMA_Cross_candle, not yet time (every 5m)
2025-04-24 21:59:00 - INFO - [_update_active_orders_and_telegram] [N/A] 📊 Updating SL/TP for active orders
2025-04-24 21:59:01 - INFO - [_wait_until_next_iteration] [N/A] ⏳ Sleeping for 58.93 seconds before the next cycle
2025-04-24 22:00:00 - INFO - [_run_strategy_if_applicable] [N/A] ⏰ Strategy 'VWAP_diff_signal_1700_volume' not executed because it's outside the time window: 17:30:00 - 19:00:00
2025-04-24 22:00:00 - INFO - [_run_strategy_if_applicable] [N/A] ⏰ Strategy 'SMA_Cross_sma50' not executed because it's outside the time window: 16:35:00 - 16:50:00
2025-04-24 22:00:00 - INFO - [_run_strategy_if_applicable] [N/A] ⏰ Strategy 'SMA_Cross_candle' not executed because it's outside the time window: 16:35:00 - 16:50:00
2025-04-24 22:00:00 - INFO - [_run_strategy_if_applicable] [N/A] ⏰ Strategy 'EMA_Cross_ema50' not executed because it's outside the time window: 16:35:00 - 16:50:00
2025-04-24 22:00:00 - INFO - [_run_strategy_if_applicable] [N/A] ⏰ Strategy 'VWAP_diff_signal_1700' not executed because it's outside the time window: 17:30:00 - 19:00:00
2025-04-24 22:00:00 - INFO - [_run_strategy_if_applicable] [N/A] ⏰ Strategy 'VWAP_diff_signal_rsi_1700' not executed because it's outside the time window: 17:30:00 - 19:00:00
2025-04-24 22:00:00 - INFO - [_run_strategy_if_applicable] [N/A] ⏰ Strategy 'EMA_Cross_candle' not executed because it's outside the time window: 16:35:00 - 16:50:00
2025-04-24 22:00:00 - INFO - [_update_active_orders_and_telegram] [N/A] 📊 Updating SL/TP for active orders
2025-04-24 22:00:01 - INFO - [_wait_until_next_iteration] [N/A] ⏳ Sleeping for 58.92 seconds before the next cycle
2025-04-24 22:01:00 - DEBUG - [_process_strategies] [N/A] ⏱ Skipping VWAP_diff_signal_1700_volume, not yet time (every 5m)
2025-04-24 22:01:00 - DEBUG - [_process_strategies] [N/A] ⏱ Skipping SMA_Cross_sma50, not yet time (every 5m)
2025-04-24 22:01:00 - DEBUG - [_process_strategies] [N/A] ⏱ Skipping SMA_Cross_candle, not yet time (every 5m)
2025-04-24 22:01:00 - DEBUG - [_process_strategies] [N/A] ⏱ Skipping EMA_Cross_ema50, not yet time (every 5m)
2025-04-24 22:01:00 - DEBUG - [_process_strategies] [N/A] ⏱ Skipping VWAP_diff_signal_1700, not yet time (every 5m)
2025-04-24 22:01:00 - DEBUG - [_process_strategies] [N/A] ⏱ Skipping VWAP_diff_signal_rsi_1700, not yet time (every 5m)
2025-04-24 22:01:00 - DEBUG - [_process_strategies] [N/A] ⏱ Skipping EMA_Cross_candle, not yet time (every 5m)
2025-04-24 22:01:00 - INFO - [_update_active_orders_and_telegram] [N/A] 📊 Updating SL/TP for active orders
2025-04-24 22:01:01 - INFO - [_wait_until_next_iteration] [N/A] ⏳ Sleeping for 58.93 seconds before the next cycle
2025-04-24 22:02:00 - DEBUG - [_process_strategies] [N/A] ⏱ Skipping VWAP_diff_signal_1700_volume, not yet time (every 5m)
2025-04-24 22:02:00 - DEBUG - [_process_strategies] [N/A] ⏱ Skipping SMA_Cross_sma50, not yet time (every 5m)
2025-04-24 22:02:00 - DEBUG - [_process_strategies] [N/A] ⏱ Skipping SMA_Cross_candle, not yet time (every 5m)
2025-04-24 22:02:00 - DEBUG - [_process_strategies] [N/A] ⏱ Skipping EMA_Cross_ema50, not yet time (every 5m)
2025-04-24 22:02:00 - DEBUG - [_process_strategies] [N/A] ⏱ Skipping VWAP_diff_signal_1700, not yet time (every 5m)
2025-04-24 22:02:00 - DEBUG - [_process_strategies] [N/A] ⏱ Skipping VWAP_diff_signal_rsi_1700, not yet time (every 5m)
2025-04-24 22:02:00 - DEBUG - [_process_strategies] [N/A] ⏱ Skipping EMA_Cross_candle, not yet time (every 5m)
2025-04-24 22:02:00 - INFO - [_update_active_orders_and_telegram] [N/A] 📊 Updating SL/TP for active orders
2025-04-24 22:02:01 - INFO - [_wait_until_next_iteration] [N/A] ⏳ Sleeping for 58.92 seconds before the next cycle
2025-04-24 22:03:00 - DEBUG - [_process_strategies] [N/A] ⏱ Skipping VWAP_diff_signal_1700_volume, not yet time (every 5m)
2025-04-24 22:03:00 - DEBUG - [_process_strategies] [N/A] ⏱ Skipping SMA_Cross_sma50, not yet time (every 5m)
2025-04-24 22:03:00 - DEBUG - [_process_strategies] [N/A] ⏱ Skipping SMA_Cross_candle, not yet time (every 5m)
2025-04-24 22:03:00 - DEBUG - [_process_strategies] [N/A] ⏱ Skipping EMA_Cross_ema50, not yet time (every 5m)
2025-04-24 22:03:00 - DEBUG - [_process_strategies] [N/A] ⏱ Skipping VWAP_diff_signal_1700, not yet time (every 5m)
2025-04-24 22:03:00 - DEBUG - [_process_strategies] [N/A] ⏱ Skipping VWAP_diff_signal_rsi_1700, not yet time (every 5m)
2025-04-24 22:03:00 - DEBUG - [_process_strategies] [N/A] ⏱ Skipping EMA_Cross_candle, not yet time (every 5m)
2025-04-24 22:03:00 - INFO - [_update_active_orders_and_telegram] [N/A] 📊 Updating SL/TP for active orders
2025-04-24 22:03:01 - INFO - [_wait_until_next_iteration] [N/A] ⏳ Sleeping for 58.92 seconds before the next cycle
2025-04-24 22:04:00 - DEBUG - [_process_strategies] [N/A] ⏱ Skipping VWAP_diff_signal_1700_volume, not yet time (every 5m)
2025-04-24 22:04:00 - DEBUG - [_process_strategies] [N/A] ⏱ Skipping SMA_Cross_sma50, not yet time (every 5m)
2025-04-24 22:04:00 - DEBUG - [_process_strategies] [N/A] ⏱ Skipping SMA_Cross_candle, not yet time (every 5m)
2025-04-24 22:04:00 - DEBUG - [_process_strategies] [N/A] ⏱ Skipping EMA_Cross_ema50, not yet time (every 5m)
2025-04-24 22:04:00 - DEBUG - [_process_strategies] [N/A] ⏱ Skipping VWAP_diff_signal_1700, not yet time (every 5m)
2025-04-24 22:04:00 - DEBUG - [_process_strategies] [N/A] ⏱ Skipping VWAP_diff_signal_rsi_1700, not yet time (every 5m)
2025-04-24 22:04:00 - DEBUG - [_process_strategies] [N/A] ⏱ Skipping EMA_Cross_candle, not yet time (every 5m)
2025-04-24 22:04:00 - INFO - [_update_active_orders_and_telegram] [N/A] 📊 Updating SL/TP for active orders
2025-04-24 22:04:01 - INFO - [_wait_until_next_iteration] [N/A] ⏳ Sleeping for 58.93 seconds before the next cycle
2025-04-24 22:05:00 - INFO - [_run_strategy_if_applicable] [N/A] ⏰ Strategy 'VWAP_diff_signal_1700_volume' not executed because it's outside the time window: 17:30:00 - 19:00:00
2025-04-24 22:05:00 - INFO - [_run_strategy_if_applicable] [N/A] ⏰ Strategy 'SMA_Cross_sma50' not executed because it's outside the time window: 16:35:00 - 16:50:00
2025-04-24 22:05:00 - INFO - [_run_strategy_if_applicable] [N/A] ⏰ Strategy 'SMA_Cross_candle' not executed because it's outside the time window: 16:35:00 - 16:50:00
2025-04-24 22:05:00 - INFO - [_run_strategy_if_applicable] [N/A] ⏰ Strategy 'EMA_Cross_ema50' not executed because it's outside the time window: 16:35:00 - 16:50:00
2025-04-24 22:05:00 - INFO - [_run_strategy_if_applicable] [N/A] ⏰ Strategy 'VWAP_diff_signal_1700' not executed because it's outside the time window: 17:30:00 - 19:00:00
2025-04-24 22:05:00 - INFO - [_run_strategy_if_applicable] [N/A] ⏰ Strategy 'VWAP_diff_signal_rsi_1700' not executed because it's outside the time window: 17:30:00 - 19:00:00
2025-04-24 22:05:00 - INFO - [_run_strategy_if_applicable] [N/A] ⏰ Strategy 'EMA_Cross_candle' not executed because it's outside the time window: 16:35:00 - 16:50:00
2025-04-24 22:05:00 - INFO - [_update_active_orders_and_telegram] [N/A] 📊 Updating SL/TP for active orders
2025-04-24 22:05:01 - INFO - [_wait_until_next_iteration] [N/A] ⏳ Sleeping for 58.93 seconds before the next cycle
2025-04-24 22:06:00 - DEBUG - [_process_strategies] [N/A] ⏱ Skipping VWAP_diff_signal_1700_volume, not yet time (every 5m)
2025-04-24 22:06:00 - DEBUG - [_process_strategies] [N/A] ⏱ Skipping SMA_Cross_sma50, not yet time (every 5m)
2025-04-24 22:06:00 - DEBUG - [_process_strategies] [N/A] ⏱ Skipping SMA_Cross_candle, not yet time (every 5m)
2025-04-24 22:06:00 - DEBUG - [_process_strategies] [N/A] ⏱ Skipping EMA_Cross_ema50, not yet time (every 5m)
2025-04-24 22:06:00 - DEBUG - [_process_strategies] [N/A] ⏱ Skipping VWAP_diff_signal_1700, not yet time (every 5m)
2025-04-24 22:06:00 - DEBUG - [_process_strategies] [N/A] ⏱ Skipping VWAP_diff_signal_rsi_1700, not yet time (every 5m)
2025-04-24 22:06:00 - DEBUG - [_process_strategies] [N/A] ⏱ Skipping EMA_Cross_candle, not yet time (every 5m)
2025-04-24 22:06:00 - INFO - [_update_active_orders_and_telegram] [N/A] 📊 Updating SL/TP for active orders
2025-04-24 22:06:01 - INFO - [_wait_until_next_iteration] [N/A] ⏳ Sleeping for 58.92 seconds before the next cycle
2025-04-24 22:07:00 - DEBUG - [_process_strategies] [N/A] ⏱ Skipping VWAP_diff_signal_1700_volume, not yet time (every 5m)
2025-04-24 22:07:00 - DEBUG - [_process_strategies] [N/A] ⏱ Skipping SMA_Cross_sma50, not yet time (every 5m)
2025-04-24 22:07:00 - DEBUG - [_process_strategies] [N/A] ⏱ Skipping SMA_Cross_candle, not yet time (every 5m)
2025-04-24 22:07:00 - DEBUG - [_process_strategies] [N/A] ⏱ Skipping EMA_Cross_ema50, not yet time (every 5m)
2025-04-24 22:07:00 - DEBUG - [_process_strategies] [N/A] ⏱ Skipping VWAP_diff_signal_1700, not yet time (every 5m)
2025-04-24 22:07:00 - DEBUG - [_process_strategies] [N/A] ⏱ Skipping VWAP_diff_signal_rsi_1700, not yet time (every 5m)
2025-04-24 22:07:00 - DEBUG - [_process_strategies] [N/A] ⏱ Skipping EMA_Cross_candle, not yet time (every 5m)
2025-04-24 22:07:00 - INFO - [_update_active_orders_and_telegram] [N/A] 📊 Updating SL/TP for active orders
2025-04-24 22:07:01 - INFO - [_wait_until_next_iteration] [N/A] ⏳ Sleeping for 58.93 seconds before the next cycle
2025-04-24 22:08:00 - DEBUG - [_process_strategies] [N/A] ⏱ Skipping VWAP_diff_signal_1700_volume, not yet time (every 5m)
2025-04-24 22:08:00 - DEBUG - [_process_strategies] [N/A] ⏱ Skipping SMA_Cross_sma50, not yet time (every 5m)
2025-04-24 22:08:00 - DEBUG - [_process_strategies] [N/A] ⏱ Skipping SMA_Cross_candle, not yet time (every 5m)
2025-04-24 22:08:00 - DEBUG - [_process_strategies] [N/A] ⏱ Skipping EMA_Cross_ema50, not yet time (every 5m)
2025-04-24 22:08:00 - DEBUG - [_process_strategies] [N/A] ⏱ Skipping VWAP_diff_signal_1700, not yet time (every 5m)
2025-04-24 22:08:00 - DEBUG - [_process_strategies] [N/A] ⏱ Skipping VWAP_diff_signal_rsi_1700, not yet time (every 5m)
2025-04-24 22:08:00 - DEBUG - [_process_strategies] [N/A] ⏱ Skipping EMA_Cross_candle, not yet time (every 5m)
2025-04-24 22:08:00 - INFO - [_update_active_orders_and_telegram] [N/A] 📊 Updating SL/TP for active orders
2025-04-24 22:08:01 - INFO - [_wait_until_next_iteration] [N/A] ⏳ Sleeping for 58.93 seconds before the next cycle
2025-04-24 22:09:00 - DEBUG - [_process_strategies] [N/A] ⏱ Skipping VWAP_diff_signal_1700_volume, not yet time (every 5m)
2025-04-24 22:09:00 - DEBUG - [_process_strategies] [N/A] ⏱ Skipping SMA_Cross_sma50, not yet time (every 5m)
2025-04-24 22:09:00 - DEBUG - [_process_strategies] [N/A] ⏱ Skipping SMA_Cross_candle, not yet time (every 5m)
2025-04-24 22:09:00 - DEBUG - [_process_strategies] [N/A] ⏱ Skipping EMA_Cross_ema50, not yet time (every 5m)
2025-04-24 22:09:00 - DEBUG - [_process_strategies] [N/A] ⏱ Skipping VWAP_diff_signal_1700, not yet time (every 5m)
2025-04-24 22:09:00 - DEBUG - [_process_strategies] [N/A] ⏱ Skipping VWAP_diff_signal_rsi_1700, not yet time (every 5m)
2025-04-24 22:09:00 - DEBUG - [_process_strategies] [N/A] ⏱ Skipping EMA_Cross_candle, not yet time (every 5m)
2025-04-24 22:09:00 - INFO - [_update_active_orders_and_telegram] [N/A] 📊 Updating SL/TP for active orders
2025-04-24 22:09:01 - INFO - [_wait_until_next_iteration] [N/A] ⏳ Sleeping for 58.92 seconds before the next cycle
2025-04-24 22:10:00 - INFO - [_run_strategy_if_applicable] [N/A] ⏰ Strategy 'VWAP_diff_signal_1700_volume' not executed because it's outside the time window: 17:30:00 - 19:00:00
2025-04-24 22:10:00 - INFO - [_run_strategy_if_applicable] [N/A] ⏰ Strategy 'SMA_Cross_sma50' not executed because it's outside the time window: 16:35:00 - 16:50:00
2025-04-24 22:10:00 - INFO - [_run_strategy_if_applicable] [N/A] ⏰ Strategy 'SMA_Cross_candle' not executed because it's outside the time window: 16:35:00 - 16:50:00
2025-04-24 22:10:00 - INFO - [_run_strategy_if_applicable] [N/A] ⏰ Strategy 'EMA_Cross_ema50' not executed because it's outside the time window: 16:35:00 - 16:50:00
2025-04-24 22:10:00 - INFO - [_run_strategy_if_applicable] [N/A] ⏰ Strategy 'VWAP_diff_signal_1700' not executed because it's outside the time window: 17:30:00 - 19:00:00
2025-04-24 22:10:00 - INFO - [_run_strategy_if_applicable] [N/A] ⏰ Strategy 'VWAP_diff_signal_rsi_1700' not executed because it's outside the time window: 17:30:00 - 19:00:00
2025-04-24 22:10:00 - INFO - [_run_strategy_if_applicable] [N/A] ⏰ Strategy 'EMA_Cross_candle' not executed because it's outside the time window: 16:35:00 - 16:50:00
2025-04-24 22:10:00 - INFO - [_update_active_orders_and_telegram] [N/A] 📊 Updating SL/TP for active orders
2025-04-24 22:10:01 - INFO - [_wait_until_next_iteration] [N/A] ⏳ Sleeping for 58.93 seconds before the next cycle
2025-04-24 22:11:00 - DEBUG - [_process_strategies] [N/A] ⏱ Skipping VWAP_diff_signal_1700_volume, not yet time (every 5m)
2025-04-24 22:11:00 - DEBUG - [_process_strategies] [N/A] ⏱ Skipping SMA_Cross_sma50, not yet time (every 5m)
2025-04-24 22:11:00 - DEBUG - [_process_strategies] [N/A] ⏱ Skipping SMA_Cross_candle, not yet time (every 5m)
2025-04-24 22:11:00 - DEBUG - [_process_strategies] [N/A] ⏱ Skipping EMA_Cross_ema50, not yet time (every 5m)
2025-04-24 22:11:00 - DEBUG - [_process_strategies] [N/A] ⏱ Skipping VWAP_diff_signal_1700, not yet time (every 5m)
2025-04-24 22:11:00 - DEBUG - [_process_strategies] [N/A] ⏱ Skipping VWAP_diff_signal_rsi_1700, not yet time (every 5m)
2025-04-24 22:11:00 - DEBUG - [_process_strategies] [N/A] ⏱ Skipping EMA_Cross_candle, not yet time (every 5m)
2025-04-24 22:11:00 - INFO - [_update_active_orders_and_telegram] [N/A] 📊 Updating SL/TP for active orders
2025-04-24 22:11:01 - INFO - [_wait_until_next_iteration] [N/A] ⏳ Sleeping for 58.92 seconds before the next cycle
2025-04-24 22:12:00 - DEBUG - [_process_strategies] [N/A] ⏱ Skipping VWAP_diff_signal_1700_volume, not yet time (every 5m)
2025-04-24 22:12:00 - DEBUG - [_process_strategies] [N/A] ⏱ Skipping SMA_Cross_sma50, not yet time (every 5m)
2025-04-24 22:12:00 - DEBUG - [_process_strategies] [N/A] ⏱ Skipping SMA_Cross_candle, not yet time (every 5m)
2025-04-24 22:12:00 - DEBUG - [_process_strategies] [N/A] ⏱ Skipping EMA_Cross_ema50, not yet time (every 5m)
2025-04-24 22:12:00 - DEBUG - [_process_strategies] [N/A] ⏱ Skipping VWAP_diff_signal_1700, not yet time (every 5m)
2025-04-24 22:12:00 - DEBUG - [_process_strategies] [N/A] ⏱ Skipping VWAP_diff_signal_rsi_1700, not yet time (every 5m)
2025-04-24 22:12:00 - DEBUG - [_process_strategies] [N/A] ⏱ Skipping EMA_Cross_candle, not yet time (every 5m)
2025-04-24 22:12:00 - INFO - [_update_active_orders_and_telegram] [N/A] 📊 Updating SL/TP for active orders
2025-04-24 22:12:01 - INFO - [_wait_until_next_iteration] [N/A] ⏳ Sleeping for 58.92 seconds before the next cycle
2025-04-24 22:13:00 - DEBUG - [_process_strategies] [N/A] ⏱ Skipping VWAP_diff_signal_1700_volume, not yet time (every 5m)
2025-04-24 22:13:00 - DEBUG - [_process_strategies] [N/A] ⏱ Skipping SMA_Cross_sma50, not yet time (every 5m)
2025-04-24 22:13:00 - DEBUG - [_process_strategies] [N/A] ⏱ Skipping SMA_Cross_candle, not yet time (every 5m)
2025-04-24 22:13:00 - DEBUG - [_process_strategies] [N/A] ⏱ Skipping EMA_Cross_ema50, not yet time (every 5m)
2025-04-24 22:13:00 - DEBUG - [_process_strategies] [N/A] ⏱ Skipping VWAP_diff_signal_1700, not yet time (every 5m)
2025-04-24 22:13:00 - DEBUG - [_process_strategies] [N/A] ⏱ Skipping VWAP_diff_signal_rsi_1700, not yet time (every 5m)
2025-04-24 22:13:00 - DEBUG - [_process_strategies] [N/A] ⏱ Skipping EMA_Cross_candle, not yet time (every 5m)
2025-04-24 22:13:00 - INFO - [_update_active_orders_and_telegram] [N/A] 📊 Updating SL/TP for active orders
2025-04-24 22:13:01 - INFO - [_wait_until_next_iteration] [N/A] ⏳ Sleeping for 58.92 seconds before the next cycle
2025-04-24 22:14:00 - DEBUG - [_process_strategies] [N/A] ⏱ Skipping VWAP_diff_signal_1700_volume, not yet time (every 5m)
2025-04-24 22:14:00 - DEBUG - [_process_strategies] [N/A] ⏱ Skipping SMA_Cross_sma50, not yet time (every 5m)
2025-04-24 22:14:00 - DEBUG - [_process_strategies] [N/A] ⏱ Skipping SMA_Cross_candle, not yet time (every 5m)
2025-04-24 22:14:00 - DEBUG - [_process_strategies] [N/A] ⏱ Skipping EMA_Cross_ema50, not yet time (every 5m)
2025-04-24 22:14:00 - DEBUG - [_process_strategies] [N/A] ⏱ Skipping VWAP_diff_signal_1700, not yet time (every 5m)
2025-04-24 22:14:00 - DEBUG - [_process_strategies] [N/A] ⏱ Skipping VWAP_diff_signal_rsi_1700, not yet time (every 5m)
2025-04-24 22:14:00 - DEBUG - [_process_strategies] [N/A] ⏱ Skipping EMA_Cross_candle, not yet time (every 5m)
2025-04-24 22:14:00 - INFO - [_update_active_orders_and_telegram] [N/A] 📊 Updating SL/TP for active orders
2025-04-24 22:14:01 - INFO - [_wait_until_next_iteration] [N/A] ⏳ Sleeping for 58.93 seconds before the next cycle
2025-04-24 22:15:00 - INFO - [_run_strategy_if_applicable] [N/A] ⏰ Strategy 'VWAP_diff_signal_1700_volume' not executed because it's outside the time window: 17:30:00 - 19:00:00
2025-04-24 22:15:00 - INFO - [_run_strategy_if_applicable] [N/A] ⏰ Strategy 'SMA_Cross_sma50' not executed because it's outside the time window: 16:35:00 - 16:50:00
2025-04-24 22:15:00 - INFO - [_run_strategy_if_applicable] [N/A] ⏰ Strategy 'SMA_Cross_candle' not executed because it's outside the time window: 16:35:00 - 16:50:00
2025-04-24 22:15:00 - INFO - [_run_strategy_if_applicable] [N/A] ⏰ Strategy 'EMA_Cross_ema50' not executed because it's outside the time window: 16:35:00 - 16:50:00
2025-04-24 22:15:00 - INFO - [_run_strategy_if_applicable] [N/A] ⏰ Strategy 'VWAP_diff_signal_1700' not executed because it's outside the time window: 17:30:00 - 19:00:00
2025-04-24 22:15:00 - INFO - [_run_strategy_if_applicable] [N/A] ⏰ Strategy 'VWAP_diff_signal_rsi_1700' not executed because it's outside the time window: 17:30:00 - 19:00:00
2025-04-24 22:15:00 - INFO - [_run_strategy_if_applicable] [N/A] ⏰ Strategy 'EMA_Cross_candle' not executed because it's outside the time window: 16:35:00 - 16:50:00
2025-04-24 22:15:00 - INFO - [_update_active_orders_and_telegram] [N/A] 📊 Updating SL/TP for active orders
2025-04-24 22:15:01 - INFO - [_wait_until_next_iteration] [N/A] ⏳ Sleeping for 58.92 seconds before the next cycle
2025-04-24 22:16:00 - DEBUG - [_process_strategies] [N/A] ⏱ Skipping VWAP_diff_signal_1700_volume, not yet time (every 5m)
2025-04-24 22:16:00 - DEBUG - [_process_strategies] [N/A] ⏱ Skipping SMA_Cross_sma50, not yet time (every 5m)
2025-04-24 22:16:00 - DEBUG - [_process_strategies] [N/A] ⏱ Skipping SMA_Cross_candle, not yet time (every 5m)
2025-04-24 22:16:00 - DEBUG - [_process_strategies] [N/A] ⏱ Skipping EMA_Cross_ema50, not yet time (every 5m)
2025-04-24 22:16:00 - DEBUG - [_process_strategies] [N/A] ⏱ Skipping VWAP_diff_signal_1700, not yet time (every 5m)
2025-04-24 22:16:00 - DEBUG - [_process_strategies] [N/A] ⏱ Skipping VWAP_diff_signal_rsi_1700, not yet time (every 5m)
2025-04-24 22:16:00 - DEBUG - [_process_strategies] [N/A] ⏱ Skipping EMA_Cross_candle, not yet time (every 5m)
2025-04-24 22:16:00 - INFO - [_update_active_orders_and_telegram] [N/A] 📊 Updating SL/TP for active orders
2025-04-24 22:16:01 - INFO - [_wait_until_next_iteration] [N/A] ⏳ Sleeping for 58.93 seconds before the next cycle
2025-04-24 22:17:00 - DEBUG - [_process_strategies] [N/A] ⏱ Skipping VWAP_diff_signal_1700_volume, not yet time (every 5m)
2025-04-24 22:17:00 - DEBUG - [_process_strategies] [N/A] ⏱ Skipping SMA_Cross_sma50, not yet time (every 5m)
2025-04-24 22:17:00 - DEBUG - [_process_strategies] [N/A] ⏱ Skipping SMA_Cross_candle, not yet time (every 5m)
2025-04-24 22:17:00 - DEBUG - [_process_strategies] [N/A] ⏱ Skipping EMA_Cross_ema50, not yet time (every 5m)
2025-04-24 22:17:00 - DEBUG - [_process_strategies] [N/A] ⏱ Skipping VWAP_diff_signal_1700, not yet time (every 5m)
2025-04-24 22:17:00 - DEBUG - [_process_strategies] [N/A] ⏱ Skipping VWAP_diff_signal_rsi_1700, not yet time (every 5m)
2025-04-24 22:17:00 - DEBUG - [_process_strategies] [N/A] ⏱ Skipping EMA_Cross_candle, not yet time (every 5m)
2025-04-24 22:17:00 - INFO - [_update_active_orders_and_telegram] [N/A] 📊 Updating SL/TP for active orders
2025-04-24 22:17:01 - INFO - [_wait_until_next_iteration] [N/A] ⏳ Sleeping for 58.93 seconds before the next cycle
2025-04-24 22:18:00 - DEBUG - [_process_strategies] [N/A] ⏱ Skipping VWAP_diff_signal_1700_volume, not yet time (every 5m)
2025-04-24 22:18:00 - DEBUG - [_process_strategies] [N/A] ⏱ Skipping SMA_Cross_sma50, not yet time (every 5m)
2025-04-24 22:18:00 - DEBUG - [_process_strategies] [N/A] ⏱ Skipping SMA_Cross_candle, not yet time (every 5m)
2025-04-24 22:18:00 - DEBUG - [_process_strategies] [N/A] ⏱ Skipping EMA_Cross_ema50, not yet time (every 5m)
2025-04-24 22:18:00 - DEBUG - [_process_strategies] [N/A] ⏱ Skipping VWAP_diff_signal_1700, not yet time (every 5m)
2025-04-24 22:18:00 - DEBUG - [_process_strategies] [N/A] ⏱ Skipping VWAP_diff_signal_rsi_1700, not yet time (every 5m)
2025-04-24 22:18:00 - DEBUG - [_process_strategies] [N/A] ⏱ Skipping EMA_Cross_candle, not yet time (every 5m)
2025-04-24 22:18:00 - INFO - [_update_active_orders_and_telegram] [N/A] 📊 Updating SL/TP for active orders
2025-04-24 22:18:01 - INFO - [_wait_until_next_iteration] [N/A] ⏳ Sleeping for 58.93 seconds before the next cycle
2025-04-24 22:19:00 - DEBUG - [_process_strategies] [N/A] ⏱ Skipping VWAP_diff_signal_1700_volume, not yet time (every 5m)
2025-04-24 22:19:00 - DEBUG - [_process_strategies] [N/A] ⏱ Skipping SMA_Cross_sma50, not yet time (every 5m)
2025-04-24 22:19:00 - DEBUG - [_process_strategies] [N/A] ⏱ Skipping SMA_Cross_candle, not yet time (every 5m)
2025-04-24 22:19:00 - DEBUG - [_process_strategies] [N/A] ⏱ Skipping EMA_Cross_ema50, not yet time (every 5m)
2025-04-24 22:19:00 - DEBUG - [_process_strategies] [N/A] ⏱ Skipping VWAP_diff_signal_1700, not yet time (every 5m)
2025-04-24 22:19:00 - DEBUG - [_process_strategies] [N/A] ⏱ Skipping VWAP_diff_signal_rsi_1700, not yet time (every 5m)
2025-04-24 22:19:00 - DEBUG - [_process_strategies] [N/A] ⏱ Skipping EMA_Cross_candle, not yet time (every 5m)
2025-04-24 22:19:00 - INFO - [_update_active_orders_and_telegram] [N/A] 📊 Updating SL/TP for active orders
2025-04-24 22:19:01 - INFO - [_wait_until_next_iteration] [N/A] ⏳ Sleeping for 58.93 seconds before the next cycle
2025-04-24 22:20:00 - INFO - [_run_strategy_if_applicable] [N/A] ⏰ Strategy 'VWAP_diff_signal_1700_volume' not executed because it's outside the time window: 17:30:00 - 19:00:00
2025-04-24 22:20:00 - INFO - [_run_strategy_if_applicable] [N/A] ⏰ Strategy 'SMA_Cross_sma50' not executed because it's outside the time window: 16:35:00 - 16:50:00
2025-04-24 22:20:00 - INFO - [_run_strategy_if_applicable] [N/A] ⏰ Strategy 'SMA_Cross_candle' not executed because it's outside the time window: 16:35:00 - 16:50:00
2025-04-24 22:20:00 - INFO - [_run_strategy_if_applicable] [N/A] ⏰ Strategy 'EMA_Cross_ema50' not executed because it's outside the time window: 16:35:00 - 16:50:00
2025-04-24 22:20:00 - INFO - [_run_strategy_if_applicable] [N/A] ⏰ Strategy 'VWAP_diff_signal_1700' not executed because it's outside the time window: 17:30:00 - 19:00:00
2025-04-24 22:20:00 - INFO - [_run_strategy_if_applicable] [N/A] ⏰ Strategy 'VWAP_diff_signal_rsi_1700' not executed because it's outside the time window: 17:30:00 - 19:00:00
2025-04-24 22:20:00 - INFO - [_run_strategy_if_applicable] [N/A] ⏰ Strategy 'EMA_Cross_candle' not executed because it's outside the time window: 16:35:00 - 16:50:00
2025-04-24 22:20:00 - INFO - [_update_active_orders_and_telegram] [N/A] 📊 Updating SL/TP for active orders
2025-04-24 22:20:01 - INFO - [_wait_until_next_iteration] [N/A] ⏳ Sleeping for 58.93 seconds before the next cycle
2025-04-24 22:21:00 - DEBUG - [_process_strategies] [N/A] ⏱ Skipping VWAP_diff_signal_1700_volume, not yet time (every 5m)
2025-04-24 22:21:00 - DEBUG - [_process_strategies] [N/A] ⏱ Skipping SMA_Cross_sma50, not yet time (every 5m)
2025-04-24 22:21:00 - DEBUG - [_process_strategies] [N/A] ⏱ Skipping SMA_Cross_candle, not yet time (every 5m)
2025-04-24 22:21:00 - DEBUG - [_process_strategies] [N/A] ⏱ Skipping EMA_Cross_ema50, not yet time (every 5m)
2025-04-24 22:21:00 - DEBUG - [_process_strategies] [N/A] ⏱ Skipping VWAP_diff_signal_1700, not yet time (every 5m)
2025-04-24 22:21:00 - DEBUG - [_process_strategies] [N/A] ⏱ Skipping VWAP_diff_signal_rsi_1700, not yet time (every 5m)
2025-04-24 22:21:00 - DEBUG - [_process_strategies] [N/A] ⏱ Skipping EMA_Cross_candle, not yet time (every 5m)
2025-04-24 22:21:00 - INFO - [_update_active_orders_and_telegram] [N/A] 📊 Updating SL/TP for active orders
2025-04-24 22:21:01 - INFO - [_wait_until_next_iteration] [N/A] ⏳ Sleeping for 58.92 seconds before the next cycle
2025-04-24 22:22:00 - DEBUG - [_process_strategies] [N/A] ⏱ Skipping VWAP_diff_signal_1700_volume, not yet time (every 5m)
2025-04-24 22:22:00 - DEBUG - [_process_strategies] [N/A] ⏱ Skipping SMA_Cross_sma50, not yet time (every 5m)
2025-04-24 22:22:00 - DEBUG - [_process_strategies] [N/A] ⏱ Skipping SMA_Cross_candle, not yet time (every 5m)
2025-04-24 22:22:00 - DEBUG - [_process_strategies] [N/A] ⏱ Skipping EMA_Cross_ema50, not yet time (every 5m)
2025-04-24 22:22:00 - DEBUG - [_process_strategies] [N/A] ⏱ Skipping VWAP_diff_signal_1700, not yet time (every 5m)
2025-04-24 22:22:00 - DEBUG - [_process_strategies] [N/A] ⏱ Skipping VWAP_diff_signal_rsi_1700, not yet time (every 5m)
2025-04-24 22:22:00 - DEBUG - [_process_strategies] [N/A] ⏱ Skipping EMA_Cross_candle, not yet time (every 5m)
2025-04-24 22:22:00 - INFO - [_update_active_orders_and_telegram] [N/A] 📊 Updating SL/TP for active orders
2025-04-24 22:22:01 - INFO - [_wait_until_next_iteration] [N/A] ⏳ Sleeping for 58.93 seconds before the next cycle
2025-04-24 22:23:00 - DEBUG - [_process_strategies] [N/A] ⏱ Skipping VWAP_diff_signal_1700_volume, not yet time (every 5m)
2025-04-24 22:23:00 - DEBUG - [_process_strategies] [N/A] ⏱ Skipping SMA_Cross_sma50, not yet time (every 5m)
2025-04-24 22:23:00 - DEBUG - [_process_strategies] [N/A] ⏱ Skipping SMA_Cross_candle, not yet time (every 5m)
2025-04-24 22:23:00 - DEBUG - [_process_strategies] [N/A] ⏱ Skipping EMA_Cross_ema50, not yet time (every 5m)
2025-04-24 22:23:00 - DEBUG - [_process_strategies] [N/A] ⏱ Skipping VWAP_diff_signal_1700, not yet time (every 5m)
2025-04-24 22:23:00 - DEBUG - [_process_strategies] [N/A] ⏱ Skipping VWAP_diff_signal_rsi_1700, not yet time (every 5m)
2025-04-24 22:23:00 - DEBUG - [_process_strategies] [N/A] ⏱ Skipping EMA_Cross_candle, not yet time (every 5m)
2025-04-24 22:23:00 - INFO - [_update_active_orders_and_telegram] [N/A] 📊 Updating SL/TP for active orders
2025-04-24 22:23:01 - INFO - [_wait_until_next_iteration] [N/A] ⏳ Sleeping for 58.91 seconds before the next cycle
2025-04-24 22:24:00 - DEBUG - [_process_strategies] [N/A] ⏱ Skipping VWAP_diff_signal_1700_volume, not yet time (every 5m)
2025-04-24 22:24:00 - DEBUG - [_process_strategies] [N/A] ⏱ Skipping SMA_Cross_sma50, not yet time (every 5m)
2025-04-24 22:24:00 - DEBUG - [_process_strategies] [N/A] ⏱ Skipping SMA_Cross_candle, not yet time (every 5m)
2025-04-24 22:24:00 - DEBUG - [_process_strategies] [N/A] ⏱ Skipping EMA_Cross_ema50, not yet time (every 5m)
2025-04-24 22:24:00 - DEBUG - [_process_strategies] [N/A] ⏱ Skipping VWAP_diff_signal_1700, not yet time (every 5m)
2025-04-24 22:24:00 - DEBUG - [_process_strategies] [N/A] ⏱ Skipping VWAP_diff_signal_rsi_1700, not yet time (every 5m)
2025-04-24 22:24:00 - DEBUG - [_process_strategies] [N/A] ⏱ Skipping EMA_Cross_candle, not yet time (every 5m)
2025-04-24 22:24:00 - INFO - [_update_active_orders_and_telegram] [N/A] 📊 Updating SL/TP for active orders
2025-04-24 22:24:01 - INFO - [_wait_until_next_iteration] [N/A] ⏳ Sleeping for 58.93 seconds before the next cycle
2025-04-24 22:25:00 - INFO - [_run_strategy_if_applicable] [N/A] ⏰ Strategy 'VWAP_diff_signal_1700_volume' not executed because it's outside the time window: 17:30:00 - 19:00:00
2025-04-24 22:25:00 - INFO - [_run_strategy_if_applicable] [N/A] ⏰ Strategy 'SMA_Cross_sma50' not executed because it's outside the time window: 16:35:00 - 16:50:00
2025-04-24 22:25:00 - INFO - [_run_strategy_if_applicable] [N/A] ⏰ Strategy 'SMA_Cross_candle' not executed because it's outside the time window: 16:35:00 - 16:50:00
2025-04-24 22:25:00 - INFO - [_run_strategy_if_applicable] [N/A] ⏰ Strategy 'EMA_Cross_ema50' not executed because it's outside the time window: 16:35:00 - 16:50:00
2025-04-24 22:25:00 - INFO - [_run_strategy_if_applicable] [N/A] ⏰ Strategy 'VWAP_diff_signal_1700' not executed because it's outside the time window: 17:30:00 - 19:00:00
2025-04-24 22:25:00 - INFO - [_run_strategy_if_applicable] [N/A] ⏰ Strategy 'VWAP_diff_signal_rsi_1700' not executed because it's outside the time window: 17:30:00 - 19:00:00
2025-04-24 22:25:00 - INFO - [_run_strategy_if_applicable] [N/A] ⏰ Strategy 'EMA_Cross_candle' not executed because it's outside the time window: 16:35:00 - 16:50:00
2025-04-24 22:25:00 - INFO - [_update_active_orders_and_telegram] [N/A] 📊 Updating SL/TP for active orders
2025-04-24 22:25:01 - INFO - [_wait_until_next_iteration] [N/A] ⏳ Sleeping for 58.92 seconds before the next cycle
2025-04-24 22:26:00 - DEBUG - [_process_strategies] [N/A] ⏱ Skipping VWAP_diff_signal_1700_volume, not yet time (every 5m)
2025-04-24 22:26:00 - DEBUG - [_process_strategies] [N/A] ⏱ Skipping SMA_Cross_sma50, not yet time (every 5m)
2025-04-24 22:26:00 - DEBUG - [_process_strategies] [N/A] ⏱ Skipping SMA_Cross_candle, not yet time (every 5m)
2025-04-24 22:26:00 - DEBUG - [_process_strategies] [N/A] ⏱ Skipping EMA_Cross_ema50, not yet time (every 5m)
2025-04-24 22:26:00 - DEBUG - [_process_strategies] [N/A] ⏱ Skipping VWAP_diff_signal_1700, not yet time (every 5m)
2025-04-24 22:26:00 - DEBUG - [_process_strategies] [N/A] ⏱ Skipping VWAP_diff_signal_rsi_1700, not yet time (every 5m)
2025-04-24 22:26:00 - DEBUG - [_process_strategies] [N/A] ⏱ Skipping EMA_Cross_candle, not yet time (every 5m)
2025-04-24 22:26:00 - INFO - [_update_active_orders_and_telegram] [N/A] 📊 Updating SL/TP for active orders
2025-04-24 22:26:01 - INFO - [_wait_until_next_iteration] [N/A] ⏳ Sleeping for 58.93 seconds before the next cycle
2025-04-24 22:27:00 - DEBUG - [_process_strategies] [N/A] ⏱ Skipping VWAP_diff_signal_1700_volume, not yet time (every 5m)
2025-04-24 22:27:00 - DEBUG - [_process_strategies] [N/A] ⏱ Skipping SMA_Cross_sma50, not yet time (every 5m)
2025-04-24 22:27:00 - DEBUG - [_process_strategies] [N/A] ⏱ Skipping SMA_Cross_candle, not yet time (every 5m)
2025-04-24 22:27:00 - DEBUG - [_process_strategies] [N/A] ⏱ Skipping EMA_Cross_ema50, not yet time (every 5m)
2025-04-24 22:27:00 - DEBUG - [_process_strategies] [N/A] ⏱ Skipping VWAP_diff_signal_1700, not yet time (every 5m)
2025-04-24 22:27:00 - DEBUG - [_process_strategies] [N/A] ⏱ Skipping VWAP_diff_signal_rsi_1700, not yet time (every 5m)
2025-04-24 22:27:00 - DEBUG - [_process_strategies] [N/A] ⏱ Skipping EMA_Cross_candle, not yet time (every 5m)
2025-04-24 22:27:00 - INFO - [_update_active_orders_and_telegram] [N/A] 📊 Updating SL/TP for active orders
2025-04-24 22:27:01 - INFO - [_wait_until_next_iteration] [N/A] ⏳ Sleeping for 58.93 seconds before the next cycle
2025-04-24 22:28:00 - DEBUG - [_process_strategies] [N/A] ⏱ Skipping VWAP_diff_signal_1700_volume, not yet time (every 5m)
2025-04-24 22:28:00 - DEBUG - [_process_strategies] [N/A] ⏱ Skipping SMA_Cross_sma50, not yet time (every 5m)
2025-04-24 22:28:00 - DEBUG - [_process_strategies] [N/A] ⏱ Skipping SMA_Cross_candle, not yet time (every 5m)
2025-04-24 22:28:00 - DEBUG - [_process_strategies] [N/A] ⏱ Skipping EMA_Cross_ema50, not yet time (every 5m)
2025-04-24 22:28:00 - DEBUG - [_process_strategies] [N/A] ⏱ Skipping VWAP_diff_signal_1700, not yet time (every 5m)
2025-04-24 22:28:00 - DEBUG - [_process_strategies] [N/A] ⏱ Skipping VWAP_diff_signal_rsi_1700, not yet time (every 5m)
2025-04-24 22:28:00 - DEBUG - [_process_strategies] [N/A] ⏱ Skipping EMA_Cross_candle, not yet time (every 5m)
2025-04-24 22:28:00 - INFO - [_update_active_orders_and_telegram] [N/A] 📊 Updating SL/TP for active orders
2025-04-24 22:28:01 - INFO - [_wait_until_next_iteration] [N/A] ⏳ Sleeping for 58.93 seconds before the next cycle
2025-04-24 22:29:00 - DEBUG - [_process_strategies] [N/A] ⏱ Skipping VWAP_diff_signal_1700_volume, not yet time (every 5m)
2025-04-24 22:29:00 - DEBUG - [_process_strategies] [N/A] ⏱ Skipping SMA_Cross_sma50, not yet time (every 5m)
2025-04-24 22:29:00 - DEBUG - [_process_strategies] [N/A] ⏱ Skipping SMA_Cross_candle, not yet time (every 5m)
2025-04-24 22:29:00 - DEBUG - [_process_strategies] [N/A] ⏱ Skipping EMA_Cross_ema50, not yet time (every 5m)
2025-04-24 22:29:00 - DEBUG - [_process_strategies] [N/A] ⏱ Skipping VWAP_diff_signal_1700, not yet time (every 5m)
2025-04-24 22:29:00 - DEBUG - [_process_strategies] [N/A] ⏱ Skipping VWAP_diff_signal_rsi_1700, not yet time (every 5m)
2025-04-24 22:29:00 - DEBUG - [_process_strategies] [N/A] ⏱ Skipping EMA_Cross_candle, not yet time (every 5m)
2025-04-24 22:29:00 - INFO - [_update_active_orders_and_telegram] [N/A] 📊 Updating SL/TP for active orders
2025-04-24 22:29:01 - INFO - [_wait_until_next_iteration] [N/A] ⏳ Sleeping for 58.93 seconds before the next cycle
2025-04-24 22:30:00 - INFO - [_run_strategy_if_applicable] [N/A] ⏰ Strategy 'VWAP_diff_signal_1700_volume' not executed because it's outside the time window: 17:30:00 - 19:00:00
2025-04-24 22:30:00 - INFO - [_run_strategy_if_applicable] [N/A] ⏰ Strategy 'SMA_Cross_sma50' not executed because it's outside the time window: 16:35:00 - 16:50:00
2025-04-24 22:30:00 - INFO - [_run_strategy_if_applicable] [N/A] ⏰ Strategy 'SMA_Cross_candle' not executed because it's outside the time window: 16:35:00 - 16:50:00
2025-04-24 22:30:00 - INFO - [_run_strategy_if_applicable] [N/A] ⏰ Strategy 'EMA_Cross_ema50' not executed because it's outside the time window: 16:35:00 - 16:50:00
2025-04-24 22:30:00 - INFO - [_run_strategy_if_applicable] [N/A] ⏰ Strategy 'VWAP_diff_signal_1700' not executed because it's outside the time window: 17:30:00 - 19:00:00
2025-04-24 22:30:00 - INFO - [_run_strategy_if_applicable] [N/A] ⏰ Strategy 'VWAP_diff_signal_rsi_1700' not executed because it's outside the time window: 17:30:00 - 19:00:00
2025-04-24 22:30:00 - INFO - [_run_strategy_if_applicable] [N/A] ⏰ Strategy 'EMA_Cross_candle' not executed because it's outside the time window: 16:35:00 - 16:50:00
2025-04-24 22:30:00 - INFO - [_update_active_orders_and_telegram] [N/A] 📊 Updating SL/TP for active orders
2025-04-24 22:30:01 - INFO - [_wait_until_next_iteration] [N/A] ⏳ Sleeping for 58.93 seconds before the next cycle
2025-04-24 22:31:00 - DEBUG - [_process_strategies] [N/A] ⏱ Skipping VWAP_diff_signal_1700_volume, not yet time (every 5m)
2025-04-24 22:31:00 - DEBUG - [_process_strategies] [N/A] ⏱ Skipping SMA_Cross_sma50, not yet time (every 5m)
2025-04-24 22:31:00 - DEBUG - [_process_strategies] [N/A] ⏱ Skipping SMA_Cross_candle, not yet time (every 5m)
2025-04-24 22:31:00 - DEBUG - [_process_strategies] [N/A] ⏱ Skipping EMA_Cross_ema50, not yet time (every 5m)
2025-04-24 22:31:00 - DEBUG - [_process_strategies] [N/A] ⏱ Skipping VWAP_diff_signal_1700, not yet time (every 5m)
2025-04-24 22:31:00 - DEBUG - [_process_strategies] [N/A] ⏱ Skipping VWAP_diff_signal_rsi_1700, not yet time (every 5m)
2025-04-24 22:31:00 - DEBUG - [_process_strategies] [N/A] ⏱ Skipping EMA_Cross_candle, not yet time (every 5m)
2025-04-24 22:31:00 - INFO - [_update_active_orders_and_telegram] [N/A] 📊 Updating SL/TP for active orders
2025-04-24 22:31:01 - INFO - [_wait_until_next_iteration] [N/A] ⏳ Sleeping for 58.93 seconds before the next cycle
2025-04-24 22:32:00 - DEBUG - [_process_strategies] [N/A] ⏱ Skipping VWAP_diff_signal_1700_volume, not yet time (every 5m)
2025-04-24 22:32:00 - DEBUG - [_process_strategies] [N/A] ⏱ Skipping SMA_Cross_sma50, not yet time (every 5m)
2025-04-24 22:32:00 - DEBUG - [_process_strategies] [N/A] ⏱ Skipping SMA_Cross_candle, not yet time (every 5m)
2025-04-24 22:32:00 - DEBUG - [_process_strategies] [N/A] ⏱ Skipping EMA_Cross_ema50, not yet time (every 5m)
2025-04-24 22:32:00 - DEBUG - [_process_strategies] [N/A] ⏱ Skipping VWAP_diff_signal_1700, not yet time (every 5m)
2025-04-24 22:32:00 - DEBUG - [_process_strategies] [N/A] ⏱ Skipping VWAP_diff_signal_rsi_1700, not yet time (every 5m)
2025-04-24 22:32:00 - DEBUG - [_process_strategies] [N/A] ⏱ Skipping EMA_Cross_candle, not yet time (every 5m)
2025-04-24 22:32:00 - INFO - [_update_active_orders_and_telegram] [N/A] 📊 Updating SL/TP for active orders
2025-04-24 22:32:01 - INFO - [_wait_until_next_iteration] [N/A] ⏳ Sleeping for 58.93 seconds before the next cycle
2025-04-24 22:33:00 - DEBUG - [_process_strategies] [N/A] ⏱ Skipping VWAP_diff_signal_1700_volume, not yet time (every 5m)
2025-04-24 22:33:00 - DEBUG - [_process_strategies] [N/A] ⏱ Skipping SMA_Cross_sma50, not yet time (every 5m)
2025-04-24 22:33:00 - DEBUG - [_process_strategies] [N/A] ⏱ Skipping SMA_Cross_candle, not yet time (every 5m)
2025-04-24 22:33:00 - DEBUG - [_process_strategies] [N/A] ⏱ Skipping EMA_Cross_ema50, not yet time (every 5m)
2025-04-24 22:33:00 - DEBUG - [_process_strategies] [N/A] ⏱ Skipping VWAP_diff_signal_1700, not yet time (every 5m)
2025-04-24 22:33:00 - DEBUG - [_process_strategies] [N/A] ⏱ Skipping VWAP_diff_signal_rsi_1700, not yet time (every 5m)
2025-04-24 22:33:00 - DEBUG - [_process_strategies] [N/A] ⏱ Skipping EMA_Cross_candle, not yet time (every 5m)
2025-04-24 22:33:00 - INFO - [_update_active_orders_and_telegram] [N/A] 📊 Updating SL/TP for active orders
2025-04-24 22:33:01 - INFO - [_wait_until_next_iteration] [N/A] ⏳ Sleeping for 58.93 seconds before the next cycle
2025-04-24 22:34:00 - DEBUG - [_process_strategies] [N/A] ⏱ Skipping VWAP_diff_signal_1700_volume, not yet time (every 5m)
2025-04-24 22:34:00 - DEBUG - [_process_strategies] [N/A] ⏱ Skipping SMA_Cross_sma50, not yet time (every 5m)
2025-04-24 22:34:00 - DEBUG - [_process_strategies] [N/A] ⏱ Skipping SMA_Cross_candle, not yet time (every 5m)
2025-04-24 22:34:00 - DEBUG - [_process_strategies] [N/A] ⏱ Skipping EMA_Cross_ema50, not yet time (every 5m)
2025-04-24 22:34:00 - DEBUG - [_process_strategies] [N/A] ⏱ Skipping VWAP_diff_signal_1700, not yet time (every 5m)
2025-04-24 22:34:00 - DEBUG - [_process_strategies] [N/A] ⏱ Skipping VWAP_diff_signal_rsi_1700, not yet time (every 5m)
2025-04-24 22:34:00 - DEBUG - [_process_strategies] [N/A] ⏱ Skipping EMA_Cross_candle, not yet time (every 5m)
2025-04-24 22:34:00 - INFO - [_update_active_orders_and_telegram] [N/A] 📊 Updating SL/TP for active orders
2025-04-24 22:34:01 - INFO - [_wait_until_next_iteration] [N/A] ⏳ Sleeping for 58.92 seconds before the next cycle
2025-04-24 22:35:00 - INFO - [_run_strategy_if_applicable] [N/A] ⏰ Strategy 'VWAP_diff_signal_1700_volume' not executed because it's outside the time window: 17:30:00 - 19:00:00
2025-04-24 22:35:00 - INFO - [_run_strategy_if_applicable] [N/A] ⏰ Strategy 'SMA_Cross_sma50' not executed because it's outside the time window: 16:35:00 - 16:50:00
2025-04-24 22:35:00 - INFO - [_run_strategy_if_applicable] [N/A] ⏰ Strategy 'SMA_Cross_candle' not executed because it's outside the time window: 16:35:00 - 16:50:00
2025-04-24 22:35:00 - INFO - [_run_strategy_if_applicable] [N/A] ⏰ Strategy 'EMA_Cross_ema50' not executed because it's outside the time window: 16:35:00 - 16:50:00
2025-04-24 22:35:00 - INFO - [_run_strategy_if_applicable] [N/A] ⏰ Strategy 'VWAP_diff_signal_1700' not executed because it's outside the time window: 17:30:00 - 19:00:00
2025-04-24 22:35:00 - INFO - [_run_strategy_if_applicable] [N/A] ⏰ Strategy 'VWAP_diff_signal_rsi_1700' not executed because it's outside the time window: 17:30:00 - 19:00:00
2025-04-24 22:35:00 - INFO - [_run_strategy_if_applicable] [N/A] ⏰ Strategy 'EMA_Cross_candle' not executed because it's outside the time window: 16:35:00 - 16:50:00
2025-04-24 22:35:00 - INFO - [_update_active_orders_and_telegram] [N/A] 📊 Updating SL/TP for active orders
2025-04-24 22:35:01 - INFO - [_wait_until_next_iteration] [N/A] ⏳ Sleeping for 58.93 seconds before the next cycle
2025-04-24 22:36:00 - DEBUG - [_process_strategies] [N/A] ⏱ Skipping VWAP_diff_signal_1700_volume, not yet time (every 5m)
2025-04-24 22:36:00 - DEBUG - [_process_strategies] [N/A] ⏱ Skipping SMA_Cross_sma50, not yet time (every 5m)
2025-04-24 22:36:00 - DEBUG - [_process_strategies] [N/A] ⏱ Skipping SMA_Cross_candle, not yet time (every 5m)
2025-04-24 22:36:00 - DEBUG - [_process_strategies] [N/A] ⏱ Skipping EMA_Cross_ema50, not yet time (every 5m)
2025-04-24 22:36:00 - DEBUG - [_process_strategies] [N/A] ⏱ Skipping VWAP_diff_signal_1700, not yet time (every 5m)
2025-04-24 22:36:00 - DEBUG - [_process_strategies] [N/A] ⏱ Skipping VWAP_diff_signal_rsi_1700, not yet time (every 5m)
2025-04-24 22:36:00 - DEBUG - [_process_strategies] [N/A] ⏱ Skipping EMA_Cross_candle, not yet time (every 5m)
2025-04-24 22:36:00 - INFO - [_update_active_orders_and_telegram] [N/A] 📊 Updating SL/TP for active orders
2025-04-24 22:36:01 - INFO - [_wait_until_next_iteration] [N/A] ⏳ Sleeping for 58.93 seconds before the next cycle
2025-04-24 22:37:00 - DEBUG - [_process_strategies] [N/A] ⏱ Skipping VWAP_diff_signal_1700_volume, not yet time (every 5m)
2025-04-24 22:37:00 - DEBUG - [_process_strategies] [N/A] ⏱ Skipping SMA_Cross_sma50, not yet time (every 5m)
2025-04-24 22:37:00 - DEBUG - [_process_strategies] [N/A] ⏱ Skipping SMA_Cross_candle, not yet time (every 5m)
2025-04-24 22:37:00 - DEBUG - [_process_strategies] [N/A] ⏱ Skipping EMA_Cross_ema50, not yet time (every 5m)
2025-04-24 22:37:00 - DEBUG - [_process_strategies] [N/A] ⏱ Skipping VWAP_diff_signal_1700, not yet time (every 5m)
2025-04-24 22:37:00 - DEBUG - [_process_strategies] [N/A] ⏱ Skipping VWAP_diff_signal_rsi_1700, not yet time (every 5m)
2025-04-24 22:37:00 - DEBUG - [_process_strategies] [N/A] ⏱ Skipping EMA_Cross_candle, not yet time (every 5m)
2025-04-24 22:37:00 - INFO - [_update_active_orders_and_telegram] [N/A] 📊 Updating SL/TP for active orders
2025-04-24 22:37:01 - INFO - [_wait_until_next_iteration] [N/A] ⏳ Sleeping for 58.93 seconds before the next cycle
2025-04-24 22:38:00 - DEBUG - [_process_strategies] [N/A] ⏱ Skipping VWAP_diff_signal_1700_volume, not yet time (every 5m)
2025-04-24 22:38:00 - DEBUG - [_process_strategies] [N/A] ⏱ Skipping SMA_Cross_sma50, not yet time (every 5m)
2025-04-24 22:38:00 - DEBUG - [_process_strategies] [N/A] ⏱ Skipping SMA_Cross_candle, not yet time (every 5m)
2025-04-24 22:38:00 - DEBUG - [_process_strategies] [N/A] ⏱ Skipping EMA_Cross_ema50, not yet time (every 5m)
2025-04-24 22:38:00 - DEBUG - [_process_strategies] [N/A] ⏱ Skipping VWAP_diff_signal_1700, not yet time (every 5m)
2025-04-24 22:38:00 - DEBUG - [_process_strategies] [N/A] ⏱ Skipping VWAP_diff_signal_rsi_1700, not yet time (every 5m)
2025-04-24 22:38:00 - DEBUG - [_process_strategies] [N/A] ⏱ Skipping EMA_Cross_candle, not yet time (every 5m)
2025-04-24 22:38:00 - INFO - [_update_active_orders_and_telegram] [N/A] 📊 Updating SL/TP for active orders
2025-04-24 22:38:01 - INFO - [_wait_until_next_iteration] [N/A] ⏳ Sleeping for 58.92 seconds before the next cycle
2025-04-24 22:39:00 - DEBUG - [_process_strategies] [N/A] ⏱ Skipping VWAP_diff_signal_1700_volume, not yet time (every 5m)
2025-04-24 22:39:00 - DEBUG - [_process_strategies] [N/A] ⏱ Skipping SMA_Cross_sma50, not yet time (every 5m)
2025-04-24 22:39:00 - DEBUG - [_process_strategies] [N/A] ⏱ Skipping SMA_Cross_candle, not yet time (every 5m)
2025-04-24 22:39:00 - DEBUG - [_process_strategies] [N/A] ⏱ Skipping EMA_Cross_ema50, not yet time (every 5m)
2025-04-24 22:39:00 - DEBUG - [_process_strategies] [N/A] ⏱ Skipping VWAP_diff_signal_1700, not yet time (every 5m)
2025-04-24 22:39:00 - DEBUG - [_process_strategies] [N/A] ⏱ Skipping VWAP_diff_signal_rsi_1700, not yet time (every 5m)
2025-04-24 22:39:00 - DEBUG - [_process_strategies] [N/A] ⏱ Skipping EMA_Cross_candle, not yet time (every 5m)
2025-04-24 22:39:00 - INFO - [_update_active_orders_and_telegram] [N/A] 📊 Updating SL/TP for active orders
2025-04-24 22:39:01 - INFO - [_wait_until_next_iteration] [N/A] ⏳ Sleeping for 58.92 seconds before the next cycle
2025-04-24 22:40:00 - INFO - [_run_strategy_if_applicable] [N/A] ⏰ Strategy 'VWAP_diff_signal_1700_volume' not executed because it's outside the time window: 17:30:00 - 19:00:00
2025-04-24 22:40:00 - INFO - [_run_strategy_if_applicable] [N/A] ⏰ Strategy 'SMA_Cross_sma50' not executed because it's outside the time window: 16:35:00 - 16:50:00
2025-04-24 22:40:00 - INFO - [_run_strategy_if_applicable] [N/A] ⏰ Strategy 'SMA_Cross_candle' not executed because it's outside the time window: 16:35:00 - 16:50:00
2025-04-24 22:40:00 - INFO - [_run_strategy_if_applicable] [N/A] ⏰ Strategy 'EMA_Cross_ema50' not executed because it's outside the time window: 16:35:00 - 16:50:00
2025-04-24 22:40:00 - INFO - [_run_strategy_if_applicable] [N/A] ⏰ Strategy 'VWAP_diff_signal_1700' not executed because it's outside the time window: 17:30:00 - 19:00:00
2025-04-24 22:40:00 - INFO - [_run_strategy_if_applicable] [N/A] ⏰ Strategy 'VWAP_diff_signal_rsi_1700' not executed because it's outside the time window: 17:30:00 - 19:00:00
2025-04-24 22:40:00 - INFO - [_run_strategy_if_applicable] [N/A] ⏰ Strategy 'EMA_Cross_candle' not executed because it's outside the time window: 16:35:00 - 16:50:00
2025-04-24 22:40:00 - INFO - [_update_active_orders_and_telegram] [N/A] 📊 Updating SL/TP for active orders
2025-04-24 22:40:01 - INFO - [_wait_until_next_iteration] [N/A] ⏳ Sleeping for 58.93 seconds before the next cycle
2025-04-24 22:41:00 - DEBUG - [_process_strategies] [N/A] ⏱ Skipping VWAP_diff_signal_1700_volume, not yet time (every 5m)
2025-04-24 22:41:00 - DEBUG - [_process_strategies] [N/A] ⏱ Skipping SMA_Cross_sma50, not yet time (every 5m)
2025-04-24 22:41:00 - DEBUG - [_process_strategies] [N/A] ⏱ Skipping SMA_Cross_candle, not yet time (every 5m)
2025-04-24 22:41:00 - DEBUG - [_process_strategies] [N/A] ⏱ Skipping EMA_Cross_ema50, not yet time (every 5m)
2025-04-24 22:41:00 - DEBUG - [_process_strategies] [N/A] ⏱ Skipping VWAP_diff_signal_1700, not yet time (every 5m)
2025-04-24 22:41:00 - DEBUG - [_process_strategies] [N/A] ⏱ Skipping VWAP_diff_signal_rsi_1700, not yet time (every 5m)
2025-04-24 22:41:00 - DEBUG - [_process_strategies] [N/A] ⏱ Skipping EMA_Cross_candle, not yet time (every 5m)
2025-04-24 22:41:00 - INFO - [_update_active_orders_and_telegram] [N/A] 📊 Updating SL/TP for active orders
2025-04-24 22:41:01 - INFO - [_wait_until_next_iteration] [N/A] ⏳ Sleeping for 58.92 seconds before the next cycle
2025-04-24 22:42:00 - DEBUG - [_process_strategies] [N/A] ⏱ Skipping VWAP_diff_signal_1700_volume, not yet time (every 5m)
2025-04-24 22:42:00 - DEBUG - [_process_strategies] [N/A] ⏱ Skipping SMA_Cross_sma50, not yet time (every 5m)
2025-04-24 22:42:00 - DEBUG - [_process_strategies] [N/A] ⏱ Skipping SMA_Cross_candle, not yet time (every 5m)
2025-04-24 22:42:00 - DEBUG - [_process_strategies] [N/A] ⏱ Skipping EMA_Cross_ema50, not yet time (every 5m)
2025-04-24 22:42:00 - DEBUG - [_process_strategies] [N/A] ⏱ Skipping VWAP_diff_signal_1700, not yet time (every 5m)
2025-04-24 22:42:00 - DEBUG - [_process_strategies] [N/A] ⏱ Skipping VWAP_diff_signal_rsi_1700, not yet time (every 5m)
2025-04-24 22:42:00 - DEBUG - [_process_strategies] [N/A] ⏱ Skipping EMA_Cross_candle, not yet time (every 5m)
2025-04-24 22:42:00 - INFO - [_update_active_orders_and_telegram] [N/A] 📊 Updating SL/TP for active orders
2025-04-24 22:42:01 - INFO - [_wait_until_next_iteration] [N/A] ⏳ Sleeping for 58.93 seconds before the next cycle
2025-04-24 22:43:00 - DEBUG - [_process_strategies] [N/A] ⏱ Skipping VWAP_diff_signal_1700_volume, not yet time (every 5m)
2025-04-24 22:43:00 - DEBUG - [_process_strategies] [N/A] ⏱ Skipping SMA_Cross_sma50, not yet time (every 5m)
2025-04-24 22:43:00 - DEBUG - [_process_strategies] [N/A] ⏱ Skipping SMA_Cross_candle, not yet time (every 5m)
2025-04-24 22:43:00 - DEBUG - [_process_strategies] [N/A] ⏱ Skipping EMA_Cross_ema50, not yet time (every 5m)
2025-04-24 22:43:00 - DEBUG - [_process_strategies] [N/A] ⏱ Skipping VWAP_diff_signal_1700, not yet time (every 5m)
2025-04-24 22:43:00 - DEBUG - [_process_strategies] [N/A] ⏱ Skipping VWAP_diff_signal_rsi_1700, not yet time (every 5m)
2025-04-24 22:43:00 - DEBUG - [_process_strategies] [N/A] ⏱ Skipping EMA_Cross_candle, not yet time (every 5m)
2025-04-24 22:43:00 - INFO - [_update_active_orders_and_telegram] [N/A] 📊 Updating SL/TP for active orders
2025-04-24 22:43:01 - INFO - [_wait_until_next_iteration] [N/A] ⏳ Sleeping for 58.93 seconds before the next cycle
2025-04-24 22:44:00 - DEBUG - [_process_strategies] [N/A] ⏱ Skipping VWAP_diff_signal_1700_volume, not yet time (every 5m)
2025-04-24 22:44:00 - DEBUG - [_process_strategies] [N/A] ⏱ Skipping SMA_Cross_sma50, not yet time (every 5m)
2025-04-24 22:44:00 - DEBUG - [_process_strategies] [N/A] ⏱ Skipping SMA_Cross_candle, not yet time (every 5m)
2025-04-24 22:44:00 - DEBUG - [_process_strategies] [N/A] ⏱ Skipping EMA_Cross_ema50, not yet time (every 5m)
2025-04-24 22:44:00 - DEBUG - [_process_strategies] [N/A] ⏱ Skipping VWAP_diff_signal_1700, not yet time (every 5m)
2025-04-24 22:44:00 - DEBUG - [_process_strategies] [N/A] ⏱ Skipping VWAP_diff_signal_rsi_1700, not yet time (every 5m)
2025-04-24 22:44:00 - DEBUG - [_process_strategies] [N/A] ⏱ Skipping EMA_Cross_candle, not yet time (every 5m)
2025-04-24 22:44:00 - INFO - [_update_active_orders_and_telegram] [N/A] 📊 Updating SL/TP for active orders
2025-04-24 22:44:01 - INFO - [_wait_until_next_iteration] [N/A] ⏳ Sleeping for 58.93 seconds before the next cycle
2025-04-24 22:45:00 - INFO - [_run_strategy_if_applicable] [N/A] ⏰ Strategy 'VWAP_diff_signal_1700_volume' not executed because it's outside the time window: 17:30:00 - 19:00:00
2025-04-24 22:45:00 - INFO - [_run_strategy_if_applicable] [N/A] ⏰ Strategy 'SMA_Cross_sma50' not executed because it's outside the time window: 16:35:00 - 16:50:00
2025-04-24 22:45:00 - INFO - [_run_strategy_if_applicable] [N/A] ⏰ Strategy 'SMA_Cross_candle' not executed because it's outside the time window: 16:35:00 - 16:50:00
2025-04-24 22:45:00 - INFO - [_run_strategy_if_applicable] [N/A] ⏰ Strategy 'EMA_Cross_ema50' not executed because it's outside the time window: 16:35:00 - 16:50:00
2025-04-24 22:45:00 - INFO - [_run_strategy_if_applicable] [N/A] ⏰ Strategy 'VWAP_diff_signal_1700' not executed because it's outside the time window: 17:30:00 - 19:00:00
2025-04-24 22:45:00 - INFO - [_run_strategy_if_applicable] [N/A] ⏰ Strategy 'VWAP_diff_signal_rsi_1700' not executed because it's outside the time window: 17:30:00 - 19:00:00
2025-04-24 22:45:00 - INFO - [_run_strategy_if_applicable] [N/A] ⏰ Strategy 'EMA_Cross_candle' not executed because it's outside the time window: 16:35:00 - 16:50:00
2025-04-24 22:45:00 - INFO - [_update_active_orders_and_telegram] [N/A] 📊 Updating SL/TP for active orders
2025-04-24 22:45:01 - INFO - [_wait_until_next_iteration] [N/A] ⏳ Sleeping for 58.93 seconds before the next cycle
2025-04-24 22:46:00 - DEBUG - [_process_strategies] [N/A] ⏱ Skipping VWAP_diff_signal_1700_volume, not yet time (every 5m)
2025-04-24 22:46:00 - DEBUG - [_process_strategies] [N/A] ⏱ Skipping SMA_Cross_sma50, not yet time (every 5m)
2025-04-24 22:46:00 - DEBUG - [_process_strategies] [N/A] ⏱ Skipping SMA_Cross_candle, not yet time (every 5m)
2025-04-24 22:46:00 - DEBUG - [_process_strategies] [N/A] ⏱ Skipping EMA_Cross_ema50, not yet time (every 5m)
2025-04-24 22:46:00 - DEBUG - [_process_strategies] [N/A] ⏱ Skipping VWAP_diff_signal_1700, not yet time (every 5m)
2025-04-24 22:46:00 - DEBUG - [_process_strategies] [N/A] ⏱ Skipping VWAP_diff_signal_rsi_1700, not yet time (every 5m)
2025-04-24 22:46:00 - DEBUG - [_process_strategies] [N/A] ⏱ Skipping EMA_Cross_candle, not yet time (every 5m)
2025-04-24 22:46:00 - INFO - [_update_active_orders_and_telegram] [N/A] 📊 Updating SL/TP for active orders
2025-04-24 22:46:01 - INFO - [_wait_until_next_iteration] [N/A] ⏳ Sleeping for 58.93 seconds before the next cycle
2025-04-24 22:47:00 - DEBUG - [_process_strategies] [N/A] ⏱ Skipping VWAP_diff_signal_1700_volume, not yet time (every 5m)
2025-04-24 22:47:00 - DEBUG - [_process_strategies] [N/A] ⏱ Skipping SMA_Cross_sma50, not yet time (every 5m)
2025-04-24 22:47:00 - DEBUG - [_process_strategies] [N/A] ⏱ Skipping SMA_Cross_candle, not yet time (every 5m)
2025-04-24 22:47:00 - DEBUG - [_process_strategies] [N/A] ⏱ Skipping EMA_Cross_ema50, not yet time (every 5m)
2025-04-24 22:47:00 - DEBUG - [_process_strategies] [N/A] ⏱ Skipping VWAP_diff_signal_1700, not yet time (every 5m)
2025-04-24 22:47:00 - DEBUG - [_process_strategies] [N/A] ⏱ Skipping VWAP_diff_signal_rsi_1700, not yet time (every 5m)
2025-04-24 22:47:00 - DEBUG - [_process_strategies] [N/A] ⏱ Skipping EMA_Cross_candle, not yet time (every 5m)
2025-04-24 22:47:00 - INFO - [_update_active_orders_and_telegram] [N/A] 📊 Updating SL/TP for active orders
2025-04-24 22:47:01 - INFO - [_wait_until_next_iteration] [N/A] ⏳ Sleeping for 58.93 seconds before the next cycle
2025-04-24 22:48:00 - INFO - [start_trading] [N/A] 🛑 Closing all positions before end of session
2025-04-24 22:48:00 - WARNING - [close_position] [IPG] ⚠️ No open position found for IPG
2025-04-24 22:48:00 - WARNING - [close_position] [LVS] ⚠️ No open position found for LVS
2025-04-24 22:48:00 - WARNING - [close_position] [GEN] ⚠️ No open position found for GEN
2025-04-24 22:48:00 - WARNING - [close_position] [FITB] ⚠️ No open position found for FITB
2025-04-24 22:48:01 - INFO - [close_position] [UDR] 🔹 Closing 119.0 shares of UDR (BUY)
2025-04-24 22:48:02 - WARNING - [close_position] [UDR] ⚠️ Order to close UDR is Submitted
2025-04-24 22:48:02 - WARNING - [close_position] [WBD] ⚠️ No open position found for WBD
2025-04-24 22:48:02 - WARNING - [close_position] [HPQ] ⚠️ No open position found for HPQ
2025-04-24 22:48:02 - WARNING - [close_position] [FCX] ⚠️ No open position found for FCX
2025-04-24 22:48:02 - INFO - [close_position] [IVZ] 🔹 Closing 356.0 shares of IVZ (BUY)
2025-04-24 22:48:03 - WARNING - [close_position] [IVZ] ⚠️ Order to close IVZ is Submitted
2025-04-24 22:48:03 - DEBUG - [_process_strategies] [N/A] ⏱ Skipping VWAP_diff_signal_1700_volume, not yet time (every 5m)
2025-04-24 22:48:03 - DEBUG - [_process_strategies] [N/A] ⏱ Skipping SMA_Cross_sma50, not yet time (every 5m)
2025-04-24 22:48:03 - DEBUG - [_process_strategies] [N/A] ⏱ Skipping SMA_Cross_candle, not yet time (every 5m)
2025-04-24 22:48:03 - DEBUG - [_process_strategies] [N/A] ⏱ Skipping EMA_Cross_ema50, not yet time (every 5m)
2025-04-24 22:48:03 - DEBUG - [_process_strategies] [N/A] ⏱ Skipping VWAP_diff_signal_1700, not yet time (every 5m)
2025-04-24 22:48:03 - DEBUG - [_process_strategies] [N/A] ⏱ Skipping VWAP_diff_signal_rsi_1700, not yet time (every 5m)
2025-04-24 22:48:03 - DEBUG - [_process_strategies] [N/A] ⏱ Skipping EMA_Cross_candle, not yet time (every 5m)
2025-04-24 22:48:03 - INFO - [_update_active_orders_and_telegram] [N/A] 📊 Updating SL/TP for active orders
2025-04-24 22:48:04 - INFO - [_wait_until_next_iteration] [N/A] ⏳ Sleeping for 55.14 seconds before the next cycle
2025-04-24 22:49:00 - DEBUG - [_process_strategies] [N/A] ⏱ Skipping VWAP_diff_signal_1700_volume, not yet time (every 5m)
2025-04-24 22:49:00 - DEBUG - [_process_strategies] [N/A] ⏱ Skipping SMA_Cross_sma50, not yet time (every 5m)
2025-04-24 22:49:00 - DEBUG - [_process_strategies] [N/A] ⏱ Skipping SMA_Cross_candle, not yet time (every 5m)
2025-04-24 22:49:00 - DEBUG - [_process_strategies] [N/A] ⏱ Skipping EMA_Cross_ema50, not yet time (every 5m)
2025-04-24 22:49:00 - DEBUG - [_process_strategies] [N/A] ⏱ Skipping VWAP_diff_signal_1700, not yet time (every 5m)
2025-04-24 22:49:00 - DEBUG - [_process_strategies] [N/A] ⏱ Skipping VWAP_diff_signal_rsi_1700, not yet time (every 5m)
2025-04-24 22:49:00 - DEBUG - [_process_strategies] [N/A] ⏱ Skipping EMA_Cross_candle, not yet time (every 5m)
2025-04-24 22:49:00 - INFO - [_update_active_orders_and_telegram] [N/A] 📊 Updating SL/TP for active orders
2025-04-24 22:49:01 - INFO - [_wait_until_next_iteration] [N/A] ⏳ Sleeping for 58.92 seconds before the next cycle
2025-04-24 22:50:00 - INFO - [_run_strategy_if_applicable] [N/A] ⏰ Strategy 'VWAP_diff_signal_1700_volume' not executed because it's outside the time window: 17:30:00 - 19:00:00
2025-04-24 22:50:00 - INFO - [_run_strategy_if_applicable] [N/A] ⏰ Strategy 'SMA_Cross_sma50' not executed because it's outside the time window: 16:35:00 - 16:50:00
2025-04-24 22:50:00 - INFO - [_run_strategy_if_applicable] [N/A] ⏰ Strategy 'SMA_Cross_candle' not executed because it's outside the time window: 16:35:00 - 16:50:00
2025-04-24 22:50:00 - INFO - [_run_strategy_if_applicable] [N/A] ⏰ Strategy 'EMA_Cross_ema50' not executed because it's outside the time window: 16:35:00 - 16:50:00
2025-04-24 22:50:00 - INFO - [_run_strategy_if_applicable] [N/A] ⏰ Strategy 'VWAP_diff_signal_1700' not executed because it's outside the time window: 17:30:00 - 19:00:00
2025-04-24 22:50:00 - INFO - [_run_strategy_if_applicable] [N/A] ⏰ Strategy 'VWAP_diff_signal_rsi_1700' not executed because it's outside the time window: 17:30:00 - 19:00:00
2025-04-24 22:50:00 - INFO - [_run_strategy_if_applicable] [N/A] ⏰ Strategy 'EMA_Cross_candle' not executed because it's outside the time window: 16:35:00 - 16:50:00
2025-04-24 22:50:00 - INFO - [_update_active_orders_and_telegram] [N/A] 📊 Updating SL/TP for active orders
2025-04-24 22:50:01 - INFO - [_wait_until_next_iteration] [N/A] ⏳ Sleeping for 58.93 seconds before the next cycle
2025-04-24 22:51:00 - DEBUG - [_process_strategies] [N/A] ⏱ Skipping VWAP_diff_signal_1700_volume, not yet time (every 5m)
2025-04-24 22:51:00 - DEBUG - [_process_strategies] [N/A] ⏱ Skipping SMA_Cross_sma50, not yet time (every 5m)
2025-04-24 22:51:00 - DEBUG - [_process_strategies] [N/A] ⏱ Skipping SMA_Cross_candle, not yet time (every 5m)
2025-04-24 22:51:00 - DEBUG - [_process_strategies] [N/A] ⏱ Skipping EMA_Cross_ema50, not yet time (every 5m)
2025-04-24 22:51:00 - DEBUG - [_process_strategies] [N/A] ⏱ Skipping VWAP_diff_signal_1700, not yet time (every 5m)
2025-04-24 22:51:00 - DEBUG - [_process_strategies] [N/A] ⏱ Skipping VWAP_diff_signal_rsi_1700, not yet time (every 5m)
2025-04-24 22:51:00 - DEBUG - [_process_strategies] [N/A] ⏱ Skipping EMA_Cross_candle, not yet time (every 5m)
2025-04-24 22:51:00 - INFO - [_update_active_orders_and_telegram] [N/A] 📊 Updating SL/TP for active orders
2025-04-24 22:51:01 - INFO - [_wait_until_next_iteration] [N/A] ⏳ Sleeping for 58.93 seconds before the next cycle
2025-04-24 22:52:00 - DEBUG - [_process_strategies] [N/A] ⏱ Skipping VWAP_diff_signal_1700_volume, not yet time (every 5m)
2025-04-24 22:52:00 - DEBUG - [_process_strategies] [N/A] ⏱ Skipping SMA_Cross_sma50, not yet time (every 5m)
2025-04-24 22:52:00 - DEBUG - [_process_strategies] [N/A] ⏱ Skipping SMA_Cross_candle, not yet time (every 5m)
2025-04-24 22:52:00 - DEBUG - [_process_strategies] [N/A] ⏱ Skipping EMA_Cross_ema50, not yet time (every 5m)
2025-04-24 22:52:00 - DEBUG - [_process_strategies] [N/A] ⏱ Skipping VWAP_diff_signal_1700, not yet time (every 5m)
2025-04-24 22:52:00 - DEBUG - [_process_strategies] [N/A] ⏱ Skipping VWAP_diff_signal_rsi_1700, not yet time (every 5m)
2025-04-24 22:52:00 - DEBUG - [_process_strategies] [N/A] ⏱ Skipping EMA_Cross_candle, not yet time (every 5m)
2025-04-24 22:52:00 - INFO - [_update_active_orders_and_telegram] [N/A] 📊 Updating SL/TP for active orders
2025-04-24 22:52:01 - INFO - [_wait_until_next_iteration] [N/A] ⏳ Sleeping for 58.93 seconds before the next cycle
2025-04-24 22:53:00 - DEBUG - [_process_strategies] [N/A] ⏱ Skipping VWAP_diff_signal_1700_volume, not yet time (every 5m)
2025-04-24 22:53:00 - DEBUG - [_process_strategies] [N/A] ⏱ Skipping SMA_Cross_sma50, not yet time (every 5m)
2025-04-24 22:53:00 - DEBUG - [_process_strategies] [N/A] ⏱ Skipping SMA_Cross_candle, not yet time (every 5m)
2025-04-24 22:53:00 - DEBUG - [_process_strategies] [N/A] ⏱ Skipping EMA_Cross_ema50, not yet time (every 5m)
2025-04-24 22:53:00 - DEBUG - [_process_strategies] [N/A] ⏱ Skipping VWAP_diff_signal_1700, not yet time (every 5m)
2025-04-24 22:53:00 - DEBUG - [_process_strategies] [N/A] ⏱ Skipping VWAP_diff_signal_rsi_1700, not yet time (every 5m)
2025-04-24 22:53:00 - DEBUG - [_process_strategies] [N/A] ⏱ Skipping EMA_Cross_candle, not yet time (every 5m)
2025-04-24 22:53:00 - INFO - [_update_active_orders_and_telegram] [N/A] 📊 Updating SL/TP for active orders
2025-04-24 22:53:01 - INFO - [_wait_until_next_iteration] [N/A] ⏳ Sleeping for 58.92 seconds before the next cycle
2025-04-24 22:54:00 - DEBUG - [_process_strategies] [N/A] ⏱ Skipping VWAP_diff_signal_1700_volume, not yet time (every 5m)
2025-04-24 22:54:00 - DEBUG - [_process_strategies] [N/A] ⏱ Skipping SMA_Cross_sma50, not yet time (every 5m)
2025-04-24 22:54:00 - DEBUG - [_process_strategies] [N/A] ⏱ Skipping SMA_Cross_candle, not yet time (every 5m)
2025-04-24 22:54:00 - DEBUG - [_process_strategies] [N/A] ⏱ Skipping EMA_Cross_ema50, not yet time (every 5m)
2025-04-24 22:54:00 - DEBUG - [_process_strategies] [N/A] ⏱ Skipping VWAP_diff_signal_1700, not yet time (every 5m)
2025-04-24 22:54:00 - DEBUG - [_process_strategies] [N/A] ⏱ Skipping VWAP_diff_signal_rsi_1700, not yet time (every 5m)
2025-04-24 22:54:00 - DEBUG - [_process_strategies] [N/A] ⏱ Skipping EMA_Cross_candle, not yet time (every 5m)
2025-04-24 22:54:00 - INFO - [_update_active_orders_and_telegram] [N/A] 📊 Updating SL/TP for active orders
2025-04-24 22:54:01 - INFO - [_wait_until_next_iteration] [N/A] ⏳ Sleeping for 58.93 seconds before the next cycle
2025-04-24 22:55:00 - INFO - [_run_strategy_if_applicable] [N/A] ⏰ Strategy 'VWAP_diff_signal_1700_volume' not executed because it's outside the time window: 17:30:00 - 19:00:00
2025-04-24 22:55:00 - INFO - [_run_strategy_if_applicable] [N/A] ⏰ Strategy 'SMA_Cross_sma50' not executed because it's outside the time window: 16:35:00 - 16:50:00
2025-04-24 22:55:00 - INFO - [_run_strategy_if_applicable] [N/A] ⏰ Strategy 'SMA_Cross_candle' not executed because it's outside the time window: 16:35:00 - 16:50:00
2025-04-24 22:55:00 - INFO - [_run_strategy_if_applicable] [N/A] ⏰ Strategy 'EMA_Cross_ema50' not executed because it's outside the time window: 16:35:00 - 16:50:00
2025-04-24 22:55:00 - INFO - [_run_strategy_if_applicable] [N/A] ⏰ Strategy 'VWAP_diff_signal_1700' not executed because it's outside the time window: 17:30:00 - 19:00:00
2025-04-24 22:55:00 - INFO - [_run_strategy_if_applicable] [N/A] ⏰ Strategy 'VWAP_diff_signal_rsi_1700' not executed because it's outside the time window: 17:30:00 - 19:00:00
2025-04-24 22:55:00 - INFO - [_run_strategy_if_applicable] [N/A] ⏰ Strategy 'EMA_Cross_candle' not executed because it's outside the time window: 16:35:00 - 16:50:00
2025-04-24 22:55:00 - INFO - [_update_active_orders_and_telegram] [N/A] 📊 Updating SL/TP for active orders
2025-04-24 22:55:01 - INFO - [_wait_until_next_iteration] [N/A] ⏳ Sleeping for 58.92 seconds before the next cycle
2025-04-24 22:56:00 - DEBUG - [_process_strategies] [N/A] ⏱ Skipping VWAP_diff_signal_1700_volume, not yet time (every 5m)
2025-04-24 22:56:00 - DEBUG - [_process_strategies] [N/A] ⏱ Skipping SMA_Cross_sma50, not yet time (every 5m)
2025-04-24 22:56:00 - DEBUG - [_process_strategies] [N/A] ⏱ Skipping SMA_Cross_candle, not yet time (every 5m)
2025-04-24 22:56:00 - DEBUG - [_process_strategies] [N/A] ⏱ Skipping EMA_Cross_ema50, not yet time (every 5m)
2025-04-24 22:56:00 - DEBUG - [_process_strategies] [N/A] ⏱ Skipping VWAP_diff_signal_1700, not yet time (every 5m)
2025-04-24 22:56:00 - DEBUG - [_process_strategies] [N/A] ⏱ Skipping VWAP_diff_signal_rsi_1700, not yet time (every 5m)
2025-04-24 22:56:00 - DEBUG - [_process_strategies] [N/A] ⏱ Skipping EMA_Cross_candle, not yet time (every 5m)
2025-04-24 22:56:00 - INFO - [_update_active_orders_and_telegram] [N/A] 📊 Updating SL/TP for active orders
2025-04-24 22:56:01 - INFO - [_wait_until_next_iteration] [N/A] ⏳ Sleeping for 58.93 seconds before the next cycle
2025-04-24 22:57:00 - DEBUG - [_process_strategies] [N/A] ⏱ Skipping VWAP_diff_signal_1700_volume, not yet time (every 5m)
2025-04-24 22:57:00 - DEBUG - [_process_strategies] [N/A] ⏱ Skipping SMA_Cross_sma50, not yet time (every 5m)
2025-04-24 22:57:00 - DEBUG - [_process_strategies] [N/A] ⏱ Skipping SMA_Cross_candle, not yet time (every 5m)
2025-04-24 22:57:00 - DEBUG - [_process_strategies] [N/A] ⏱ Skipping EMA_Cross_ema50, not yet time (every 5m)
2025-04-24 22:57:00 - DEBUG - [_process_strategies] [N/A] ⏱ Skipping VWAP_diff_signal_1700, not yet time (every 5m)
2025-04-24 22:57:00 - DEBUG - [_process_strategies] [N/A] ⏱ Skipping VWAP_diff_signal_rsi_1700, not yet time (every 5m)
2025-04-24 22:57:00 - DEBUG - [_process_strategies] [N/A] ⏱ Skipping EMA_Cross_candle, not yet time (every 5m)
2025-04-24 22:57:00 - INFO - [_update_active_orders_and_telegram] [N/A] 📊 Updating SL/TP for active orders
2025-04-24 22:57:01 - INFO - [_wait_until_next_iteration] [N/A] ⏳ Sleeping for 58.93 seconds before the next cycle
2025-04-24 23:36:39 - ERROR - [safe_main_trading] [N/A] Error in thread: Socket disconnect
2025-04-24 23:36:52 - INFO - [wait_for_precise_time] [N/A] 🌙 Sessione chiusa. Aspetto domani alle 16:30:00
