2025-05-02 12:42:44 - INFO - [start_tws] [N/A] Avvio di TWS...
2025-05-02 12:42:54 - INFO - [start_tws] [N/A] TWS avviato con successo!
2025-05-02 12:42:55 - INFO - [login] [N/A] Attesa della finestra di login...
2025-05-02 12:43:10 - INFO - [login] [N/A] Login effettuato con successo!
2025-05-02 12:43:10 - INFO - [wait_until_tws_ready] [N/A] ⌛ Verifico connessione API TWS tramite ib_insync...
2025-05-02 12:43:10 - DEBUG - [wait_until_tws_ready] [N/A] ⏳ TWS non ancora pronto: ConnectionRefusedError: [Errno 111] Connect call failed ('127.0.0.1', 7497)
2025-05-02 12:43:15 - DEBUG - [wait_until_tws_ready] [N/A] ⏳ TWS non ancora pronto: ConnectionRefusedError: [Errno 111] Connect call failed ('127.0.0.1', 7497)
2025-05-02 12:43:20 - DEBUG - [wait_until_tws_ready] [N/A] ⏳ TWS non ancora pronto: ConnectionRefusedError: [Errno 111] Connect call failed ('127.0.0.1', 7497)
2025-05-02 12:43:35 - DEBUG - [wait_until_tws_ready] [N/A] ⏳ TWS non ancora pronto: TimeoutError: 
2025-05-02 12:43:50 - DEBUG - [wait_until_tws_ready] [N/A] ⏳ TWS non ancora pronto: TimeoutError: 
2025-05-02 12:44:08 - INFO - [wait_until_tws_ready] [N/A] ✅ Connessione API a TWS riuscita!
2025-05-02 12:44:09 - INFO - [__init__] [N/A] ✅ Connected to IBKR successfully
2025-05-02 12:44:10 - INFO - [start] [N/A] Starting bot
2025-05-02 13:48:00 - INFO - [start_daily_session] [N/A] Starting daily session
2025-05-02 13:48:00 - INFO - [__init__] [N/A] ✅ Connected to IBKR successfully
2025-05-02 13:48:00 - INFO - [wait_for_precise_time] [N/A] 🌅 Troppo presto, attendo l'inizio della sessione alle 16:30:00
2025-05-02 16:30:00 - INFO - [wait_for_precise_time] [N/A] 🎯 Orario valido raggiunto. Avvio operazioni.
2025-05-02 16:30:00 - INFO - [_run_strategy_if_applicable] [N/A] ⏰ Strategy 'VWAP_diff_signal_1700' not executed because it's outside the time window: 17:30:00 - 19:00:00
2025-05-02 16:30:00 - INFO - [_run_strategy_if_applicable] [N/A] ⏰ Strategy 'VWAP_diff_signal_rsi_1700' not executed because it's outside the time window: 17:30:00 - 19:00:00
2025-05-02 16:30:00 - INFO - [_run_strategy_if_applicable] [N/A] ⏰ Strategy 'EMA_Cross_ema50' not executed because it's outside the time window: 16:35:00 - 16:50:00
2025-05-02 16:30:00 - INFO - [_run_strategy_if_applicable] [N/A] ⏰ Strategy 'EMA_Cross_candle' not executed because it's outside the time window: 16:35:00 - 16:50:00
2025-05-02 16:30:00 - INFO - [_run_strategy_if_applicable] [N/A] ⏰ Strategy 'SMA_Cross_sma50' not executed because it's outside the time window: 16:35:00 - 16:50:00
2025-05-02 16:30:00 - INFO - [_run_strategy_if_applicable] [N/A] ⏰ Strategy 'VWAP_diff_signal_1700_volume' not executed because it's outside the time window: 17:30:00 - 19:00:00
2025-05-02 16:30:00 - INFO - [_run_strategy_if_applicable] [N/A] ⏰ Strategy 'SMA_Cross_candle' not executed because it's outside the time window: 16:35:00 - 16:50:00
2025-05-02 16:30:00 - INFO - [_update_active_orders_and_telegram] [N/A] 📊 Updating SL/TP for active orders
2025-05-02 16:30:01 - INFO - [_wait_until_next_iteration] [N/A] ⏳ Sleeping for 58.89 seconds before the next cycle
2025-05-02 16:31:00 - DEBUG - [_process_strategies] [N/A] ⏱ Skipping VWAP_diff_signal_1700, not yet time (every 5m)
2025-05-02 16:31:00 - DEBUG - [_process_strategies] [N/A] ⏱ Skipping VWAP_diff_signal_rsi_1700, not yet time (every 5m)
2025-05-02 16:31:00 - DEBUG - [_process_strategies] [N/A] ⏱ Skipping EMA_Cross_ema50, not yet time (every 5m)
2025-05-02 16:31:00 - DEBUG - [_process_strategies] [N/A] ⏱ Skipping EMA_Cross_candle, not yet time (every 5m)
2025-05-02 16:31:00 - DEBUG - [_process_strategies] [N/A] ⏱ Skipping SMA_Cross_sma50, not yet time (every 5m)
2025-05-02 16:31:00 - DEBUG - [_process_strategies] [N/A] ⏱ Skipping VWAP_diff_signal_1700_volume, not yet time (every 5m)
2025-05-02 16:31:00 - DEBUG - [_process_strategies] [N/A] ⏱ Skipping SMA_Cross_candle, not yet time (every 5m)
2025-05-02 16:31:00 - INFO - [_update_active_orders_and_telegram] [N/A] 📊 Updating SL/TP for active orders
2025-05-02 16:31:01 - INFO - [_wait_until_next_iteration] [N/A] ⏳ Sleeping for 58.93 seconds before the next cycle
2025-05-02 16:32:00 - DEBUG - [_process_strategies] [N/A] ⏱ Skipping VWAP_diff_signal_1700, not yet time (every 5m)
2025-05-02 16:32:00 - DEBUG - [_process_strategies] [N/A] ⏱ Skipping VWAP_diff_signal_rsi_1700, not yet time (every 5m)
2025-05-02 16:32:00 - DEBUG - [_process_strategies] [N/A] ⏱ Skipping EMA_Cross_ema50, not yet time (every 5m)
2025-05-02 16:32:00 - DEBUG - [_process_strategies] [N/A] ⏱ Skipping EMA_Cross_candle, not yet time (every 5m)
2025-05-02 16:32:00 - DEBUG - [_process_strategies] [N/A] ⏱ Skipping SMA_Cross_sma50, not yet time (every 5m)
2025-05-02 16:32:00 - DEBUG - [_process_strategies] [N/A] ⏱ Skipping VWAP_diff_signal_1700_volume, not yet time (every 5m)
2025-05-02 16:32:00 - DEBUG - [_process_strategies] [N/A] ⏱ Skipping SMA_Cross_candle, not yet time (every 5m)
2025-05-02 16:32:00 - INFO - [_update_active_orders_and_telegram] [N/A] 📊 Updating SL/TP for active orders
2025-05-02 16:32:01 - INFO - [_wait_until_next_iteration] [N/A] ⏳ Sleeping for 58.94 seconds before the next cycle
2025-05-02 16:33:00 - DEBUG - [_process_strategies] [N/A] ⏱ Skipping VWAP_diff_signal_1700, not yet time (every 5m)
2025-05-02 16:33:00 - DEBUG - [_process_strategies] [N/A] ⏱ Skipping VWAP_diff_signal_rsi_1700, not yet time (every 5m)
2025-05-02 16:33:00 - DEBUG - [_process_strategies] [N/A] ⏱ Skipping EMA_Cross_ema50, not yet time (every 5m)
2025-05-02 16:33:00 - DEBUG - [_process_strategies] [N/A] ⏱ Skipping EMA_Cross_candle, not yet time (every 5m)
2025-05-02 16:33:00 - DEBUG - [_process_strategies] [N/A] ⏱ Skipping SMA_Cross_sma50, not yet time (every 5m)
2025-05-02 16:33:00 - DEBUG - [_process_strategies] [N/A] ⏱ Skipping VWAP_diff_signal_1700_volume, not yet time (every 5m)
2025-05-02 16:33:00 - DEBUG - [_process_strategies] [N/A] ⏱ Skipping SMA_Cross_candle, not yet time (every 5m)
2025-05-02 16:33:00 - INFO - [_update_active_orders_and_telegram] [N/A] 📊 Updating SL/TP for active orders
2025-05-02 16:33:01 - INFO - [_wait_until_next_iteration] [N/A] ⏳ Sleeping for 58.96 seconds before the next cycle
2025-05-02 16:34:00 - DEBUG - [_process_strategies] [N/A] ⏱ Skipping VWAP_diff_signal_1700, not yet time (every 5m)
2025-05-02 16:34:00 - DEBUG - [_process_strategies] [N/A] ⏱ Skipping VWAP_diff_signal_rsi_1700, not yet time (every 5m)
2025-05-02 16:34:00 - DEBUG - [_process_strategies] [N/A] ⏱ Skipping EMA_Cross_ema50, not yet time (every 5m)
2025-05-02 16:34:00 - DEBUG - [_process_strategies] [N/A] ⏱ Skipping EMA_Cross_candle, not yet time (every 5m)
2025-05-02 16:34:00 - DEBUG - [_process_strategies] [N/A] ⏱ Skipping SMA_Cross_sma50, not yet time (every 5m)
2025-05-02 16:34:00 - DEBUG - [_process_strategies] [N/A] ⏱ Skipping VWAP_diff_signal_1700_volume, not yet time (every 5m)
2025-05-02 16:34:00 - DEBUG - [_process_strategies] [N/A] ⏱ Skipping SMA_Cross_candle, not yet time (every 5m)
2025-05-02 16:34:00 - INFO - [_update_active_orders_and_telegram] [N/A] 📊 Updating SL/TP for active orders
2025-05-02 16:34:01 - INFO - [_wait_until_next_iteration] [N/A] ⏳ Sleeping for 58.92 seconds before the next cycle
2025-05-02 16:35:00 - INFO - [_run_strategy_if_applicable] [N/A] ⏰ Strategy 'VWAP_diff_signal_1700' not executed because it's outside the time window: 17:30:00 - 19:00:00
2025-05-02 16:35:00 - INFO - [_run_strategy_if_applicable] [N/A] ⏰ Strategy 'VWAP_diff_signal_rsi_1700' not executed because it's outside the time window: 17:30:00 - 19:00:00
2025-05-02 16:35:00 - INFO - [_run_strategy_if_applicable] [N/A] 🔄 Starting trading loop for strategy: EMA_Cross_ema50
2025-05-02 16:35:00 - INFO - [get_stock_data] [CFG] Requesting data for CFG
2025-05-02 16:35:01 - INFO - [get_stock_data] [CFG] Data received for CFG: 79 rows
2025-05-02 16:35:01 - INFO - [check_ema_cross_ema50] [CFG] Analyzing EMA signals for CFG
2025-05-02 16:35:01 - INFO - [check_ema_cross_ema50] [CFG] EMA9: 37.48809606193468, EMA21: 37.49178006132711, EMA50: 37.46228432771643 | Prev EMA9: 37.537620077418346, EMA21: 37.51195806745982
2025-05-02 16:35:01 - DEBUG - [check_ema_cross_ema50] [CFG] No signal detected
2025-05-02 16:35:01 - INFO - [_process_ticker] [CFG] ℹ️ No valid signal for CFG
2025-05-02 16:35:01 - INFO - [get_stock_data] [CZR] Requesting data for CZR
2025-05-02 16:35:03 - INFO - [get_stock_data] [CZR] Data received for CZR: 79 rows
2025-05-02 16:35:03 - INFO - [check_ema_cross_ema50] [CZR] Analyzing EMA signals for CZR
2025-05-02 16:35:03 - INFO - [check_ema_cross_ema50] [CZR] EMA9: 27.23566068882997, EMA21: 27.169793960851333, EMA50: 27.113969094106455 | Prev EMA9: 27.24457586103746, EMA21: 27.166773356936467
2025-05-02 16:35:03 - DEBUG - [check_ema_cross_ema50] [CZR] No signal detected
2025-05-02 16:35:03 - INFO - [_process_ticker] [CZR] ℹ️ No valid signal for CZR
2025-05-02 16:35:03 - INFO - [get_stock_data] [GEN] Requesting data for GEN
2025-05-02 16:35:04 - INFO - [get_stock_data] [GEN] Data received for GEN: 79 rows
2025-05-02 16:35:04 - INFO - [check_ema_cross_ema50] [GEN] Analyzing EMA signals for GEN
2025-05-02 16:35:04 - INFO - [check_ema_cross_ema50] [GEN] EMA9: 25.721396211768763, EMA21: 25.7564265299613, EMA50: 25.788578659247317 | Prev EMA9: 25.75174526471095, EMA21: 25.772069182957427
2025-05-02 16:35:04 - DEBUG - [check_ema_cross_ema50] [GEN] No signal detected
2025-05-02 16:35:04 - INFO - [_process_ticker] [GEN] ℹ️ No valid signal for GEN
2025-05-02 16:35:04 - INFO - [get_stock_data] [PARA] Requesting data for PARA
2025-05-02 16:35:05 - INFO - [get_stock_data] [PARA] Data received for PARA: 79 rows
2025-05-02 16:35:05 - INFO - [check_ema_cross_ema50] [PARA] Analyzing EMA signals for PARA
2025-05-02 16:35:05 - INFO - [check_ema_cross_ema50] [PARA] EMA9: 11.663907549649734, EMA21: 11.662196574968263, EMA50: 11.658840032676496 | Prev EMA9: 11.667384437062166, EMA21: 11.66341623246509
2025-05-02 16:35:05 - DEBUG - [check_ema_cross_ema50] [PARA] No signal detected
2025-05-02 16:35:05 - INFO - [_process_ticker] [PARA] ℹ️ No valid signal for PARA
2025-05-02 16:35:05 - INFO - [get_stock_data] [PPL] Requesting data for PPL
2025-05-02 16:35:06 - INFO - [get_stock_data] [PPL] Data received for PPL: 80 rows
2025-05-02 16:35:06 - INFO - [check_ema_cross_ema50] [PPL] Analyzing EMA signals for PPL
2025-05-02 16:35:06 - INFO - [check_ema_cross_ema50] [PPL] EMA9: 36.14555026163408, EMA21: 36.148736146691476, EMA50: 36.16841993297234 | Prev EMA9: 36.1469378270426, EMA21: 36.14960976136062
2025-05-02 16:35:06 - DEBUG - [check_ema_cross_ema50] [PPL] No signal detected
2025-05-02 16:35:06 - INFO - [_process_ticker] [PPL] ℹ️ No valid signal for PPL
2025-05-02 16:35:06 - INFO - [get_stock_data] [TFC] Requesting data for TFC
2025-05-02 16:35:08 - INFO - [get_stock_data] [TFC] Data received for TFC: 80 rows
2025-05-02 16:35:08 - INFO - [check_ema_cross_ema50] [TFC] Analyzing EMA signals for TFC
2025-05-02 16:35:08 - INFO - [check_ema_cross_ema50] [TFC] EMA9: 38.90922788309806, EMA21: 38.78611250015833, EMA50: 38.68261655016798 | Prev EMA9: 38.74403485387258, EMA21: 38.70772375017417
2025-05-02 16:35:08 - DEBUG - [check_ema_cross_ema50] [TFC] No signal detected
2025-05-02 16:35:08 - INFO - [_process_ticker] [TFC] ℹ️ No valid signal for TFC
2025-05-02 16:35:08 - INFO - [get_stock_data] [WBD] Requesting data for WBD
2025-05-02 16:35:09 - INFO - [get_stock_data] [WBD] Data received for WBD: 80 rows
2025-05-02 16:35:09 - INFO - [check_ema_cross_ema50] [WBD] Analyzing EMA signals for WBD
2025-05-02 16:35:09 - INFO - [check_ema_cross_ema50] [WBD] EMA9: 8.509381528598981, EMA21: 8.476682282621582, EMA50: 8.460596695024005 | Prev EMA9: 8.476726910748726, EMA21: 8.46035051088374
2025-05-02 16:35:09 - DEBUG - [check_ema_cross_ema50] [WBD] No signal detected
2025-05-02 16:35:09 - INFO - [_process_ticker] [WBD] ℹ️ No valid signal for WBD
2025-05-02 16:35:09 - INFO - [_run_strategy_if_applicable] [N/A] 🔄 Starting trading loop for strategy: EMA_Cross_candle
2025-05-02 16:35:09 - INFO - [get_stock_data] [BAX] Requesting data for BAX
2025-05-02 16:35:11 - INFO - [get_stock_data] [BAX] Data received for BAX: 80 rows
2025-05-02 16:35:11 - INFO - [check_ema_cross_candle] [BAX] Analyzing EMA signals for BAX
2025-05-02 16:35:11 - INFO - [check_ema_cross_candle] [BAX] EMA9: 30.76941960294849, EMA21: 30.821732772487234 | Prev EMA9: 30.78177450368561, EMA21: 30.83190604973596 | Candle: bearish
2025-05-02 16:35:11 - DEBUG - [check_ema_cross_candle] [BAX] No signal detected
2025-05-02 16:35:11 - INFO - [_process_ticker] [BAX] ℹ️ No valid signal for BAX
2025-05-02 16:35:11 - INFO - [get_stock_data] [CTRA] Requesting data for CTRA
2025-05-02 16:35:12 - INFO - [get_stock_data] [CTRA] Data received for CTRA: 80 rows
2025-05-02 16:35:12 - INFO - [check_ema_cross_candle] [CTRA] Analyzing EMA signals for CTRA
2025-05-02 16:35:12 - INFO - [check_ema_cross_candle] [CTRA] EMA9: 25.092133000615465, EMA21: 25.009881310043628 | Prev EMA9: 25.04266625076933, EMA21: 24.98186944104799 | Candle: bearish
2025-05-02 16:35:12 - DEBUG - [check_ema_cross_candle] [CTRA] No signal detected
2025-05-02 16:35:12 - INFO - [_process_ticker] [CTRA] ℹ️ No valid signal for CTRA
2025-05-02 16:35:12 - INFO - [get_stock_data] [EXC] Requesting data for EXC
2025-05-02 16:35:13 - INFO - [get_stock_data] [EXC] Data received for EXC: 80 rows
2025-05-02 16:35:13 - INFO - [check_ema_cross_candle] [EXC] Analyzing EMA signals for EXC
2025-05-02 16:35:13 - INFO - [check_ema_cross_candle] [EXC] EMA9: 46.64561455980615, EMA21: 46.68939242083265 | Prev EMA9: 46.682018199757685, EMA21: 46.70833166291592 | Candle: bearish
2025-05-02 16:35:13 - DEBUG - [check_ema_cross_candle] [EXC] No signal detected
2025-05-02 16:35:13 - INFO - [_process_ticker] [EXC] ℹ️ No valid signal for EXC
2025-05-02 16:35:13 - INFO - [get_stock_data] [FITB] Requesting data for FITB
2025-05-02 16:35:14 - INFO - [get_stock_data] [FITB] Data received for FITB: 80 rows
2025-05-02 16:35:14 - INFO - [check_ema_cross_candle] [FITB] Analyzing EMA signals for FITB
2025-05-02 16:35:14 - INFO - [check_ema_cross_candle] [FITB] EMA9: 36.51547185495906, EMA21: 36.40167581452792 | Prev EMA9: 36.416839818698826, EMA21: 36.35084339598072 | Candle: bearish
2025-05-02 16:35:14 - DEBUG - [check_ema_cross_candle] [FITB] No signal detected
2025-05-02 16:35:14 - INFO - [_process_ticker] [FITB] ℹ️ No valid signal for FITB
2025-05-02 16:35:14 - INFO - [get_stock_data] [KMI] Requesting data for KMI
2025-05-02 16:35:16 - INFO - [get_stock_data] [KMI] Data received for KMI: 80 rows
2025-05-02 16:35:16 - INFO - [check_ema_cross_candle] [KMI] Analyzing EMA signals for KMI
2025-05-02 16:35:16 - INFO - [check_ema_cross_candle] [KMI] EMA9: 26.500445432516372, EMA21: 26.468844587706002 | Prev EMA9: 26.47055679064546, EMA21: 26.4537290464766 | Candle: bearish
2025-05-02 16:35:16 - DEBUG - [check_ema_cross_candle] [KMI] No signal detected
2025-05-02 16:35:16 - INFO - [_process_ticker] [KMI] ℹ️ No valid signal for KMI
2025-05-02 16:35:16 - INFO - [get_stock_data] [UDR] Requesting data for UDR
2025-05-02 16:35:17 - INFO - [get_stock_data] [UDR] Data received for UDR: 80 rows
2025-05-02 16:35:17 - INFO - [check_ema_cross_candle] [UDR] Analyzing EMA signals for UDR
2025-05-02 16:35:17 - INFO - [check_ema_cross_candle] [UDR] EMA9: 42.90571188858155, EMA21: 42.706940845009136 | Prev EMA9: 42.799639860726934, EMA21: 42.644634929510055 | Candle: bearish
2025-05-02 16:35:17 - DEBUG - [check_ema_cross_candle] [UDR] No signal detected
2025-05-02 16:35:17 - INFO - [_process_ticker] [UDR] ℹ️ No valid signal for UDR
2025-05-02 16:35:17 - INFO - [_run_strategy_if_applicable] [N/A] 🔄 Starting trading loop for strategy: SMA_Cross_sma50
2025-05-02 16:35:17 - INFO - [get_stock_data] [FITB] Requesting data for FITB
2025-05-02 16:35:18 - INFO - [get_stock_data] [FITB] Data received for FITB: 80 rows
2025-05-02 16:35:18 - INFO - [check_sma_cross_sma50] [FITB] Analyzing SMA signals for FITB
2025-05-02 16:35:18 - INFO - [check_sma_cross_sma50] [FITB] SMA5: 36.516, SMA20: 36.373000000000005, SMA50: 36.2716 | Prev SMA5: 36.41, SMA20: 36.339
2025-05-02 16:35:18 - DEBUG - [check_sma_cross_sma50] [FITB] No signal detected
2025-05-02 16:35:18 - INFO - [_process_ticker] [FITB] ℹ️ No valid signal for FITB
2025-05-02 16:35:18 - INFO - [get_stock_data] [HPQ] Requesting data for HPQ
2025-05-02 16:35:19 - INFO - [get_stock_data] [HPQ] Data received for HPQ: 80 rows
2025-05-02 16:35:19 - INFO - [check_sma_cross_sma50] [HPQ] Analyzing SMA signals for HPQ
2025-05-02 16:35:19 - INFO - [check_sma_cross_sma50] [HPQ] SMA5: 25.678000000000004, SMA20: 25.5805, SMA50: 25.537599999999998 | Prev SMA5: 25.598, SMA20: 25.5605
2025-05-02 16:35:19 - DEBUG - [check_sma_cross_sma50] [HPQ] No signal detected
2025-05-02 16:35:19 - INFO - [_process_ticker] [HPQ] ℹ️ No valid signal for HPQ
2025-05-02 16:35:19 - INFO - [get_stock_data] [IPG] Requesting data for IPG
2025-05-02 16:35:21 - INFO - [get_stock_data] [IPG] Data received for IPG: 80 rows
2025-05-02 16:35:21 - INFO - [check_sma_cross_sma50] [IPG] Analyzing SMA signals for IPG
2025-05-02 16:35:21 - INFO - [check_sma_cross_sma50] [IPG] SMA5: 25.204, SMA20: 25.021500000000003, SMA50: 24.943799999999996 | Prev SMA5: 25.125999999999998, SMA20: 24.9935
2025-05-02 16:35:21 - DEBUG - [check_sma_cross_sma50] [IPG] No signal detected
2025-05-02 16:35:21 - INFO - [_process_ticker] [IPG] ℹ️ No valid signal for IPG
2025-05-02 16:35:21 - INFO - [get_stock_data] [LVS] Requesting data for LVS
2025-05-02 16:35:23 - INFO - [get_stock_data] [LVS] Data received for LVS: 80 rows
2025-05-02 16:35:23 - INFO - [check_sma_cross_sma50] [LVS] Analyzing SMA signals for LVS
2025-05-02 16:35:23 - INFO - [check_sma_cross_sma50] [LVS] SMA5: 37.246, SMA20: 37.09, SMA50: 36.9396 | Prev SMA5: 37.156, SMA20: 37.061
2025-05-02 16:35:23 - DEBUG - [check_sma_cross_sma50] [LVS] No signal detected
2025-05-02 16:35:23 - INFO - [_process_ticker] [LVS] ℹ️ No valid signal for LVS
2025-05-02 16:35:23 - INFO - [get_stock_data] [NCLH] Requesting data for NCLH
2025-05-02 16:35:24 - INFO - [get_stock_data] [NCLH] Data received for NCLH: 80 rows
2025-05-02 16:35:24 - INFO - [check_sma_cross_sma50] [NCLH] Analyzing SMA signals for NCLH
2025-05-02 16:35:24 - INFO - [check_sma_cross_sma50] [NCLH] SMA5: 16.578, SMA20: 16.320999999999998, SMA50: 16.301000000000002 | Prev SMA5: 16.419999999999998, SMA20: 16.285000000000004
2025-05-02 16:35:24 - DEBUG - [check_sma_cross_sma50] [NCLH] No signal detected
2025-05-02 16:35:24 - INFO - [_process_ticker] [NCLH] ℹ️ No valid signal for NCLH
2025-05-02 16:35:24 - INFO - [get_stock_data] [NWSA] Requesting data for NWSA
2025-05-02 16:35:26 - INFO - [get_stock_data] [NWSA] Data received for NWSA: 80 rows
2025-05-02 16:35:26 - INFO - [check_sma_cross_sma50] [NWSA] Analyzing SMA signals for NWSA
2025-05-02 16:35:26 - INFO - [check_sma_cross_sma50] [NWSA] SMA5: 27.26, SMA20: 27.182499999999997, SMA50: 27.139200000000002 | Prev SMA5: 27.198, SMA20: 27.167
2025-05-02 16:35:26 - DEBUG - [check_sma_cross_sma50] [NWSA] No signal detected
2025-05-02 16:35:26 - INFO - [_process_ticker] [NWSA] ℹ️ No valid signal for NWSA
2025-05-02 16:35:26 - INFO - [_run_strategy_if_applicable] [N/A] ⏰ Strategy 'VWAP_diff_signal_1700_volume' not executed because it's outside the time window: 17:30:00 - 19:00:00
2025-05-02 16:35:26 - INFO - [_run_strategy_if_applicable] [N/A] 🔄 Starting trading loop for strategy: SMA_Cross_candle
2025-05-02 16:35:26 - INFO - [get_stock_data] [DVN] Requesting data for DVN
2025-05-02 16:35:27 - INFO - [get_stock_data] [DVN] Data received for DVN: 80 rows
2025-05-02 16:35:27 - INFO - [check_sma_cross_candle] [DVN] Analyzing SMA signals for DVN
2025-05-02 16:35:27 - INFO - [check_sma_cross_candle] [DVN] SMA5: 31.427999999999997, SMA20: 31.377999999999997 | Prev SMA5: 31.381999999999998, SMA20: 31.3695 | Candle direction: bearish
2025-05-02 16:35:27 - DEBUG - [check_sma_cross_candle] [DVN] No signal detected
2025-05-02 16:35:27 - INFO - [_process_ticker] [DVN] ℹ️ No valid signal for DVN
2025-05-02 16:35:27 - INFO - [get_stock_data] [LUV] Requesting data for LUV
2025-05-02 16:35:28 - INFO - [get_stock_data] [LUV] Data received for LUV: 80 rows
2025-05-02 16:35:28 - INFO - [check_sma_cross_candle] [LUV] Analyzing SMA signals for LUV
2025-05-02 16:35:28 - INFO - [check_sma_cross_candle] [LUV] SMA5: 29.131999999999998, SMA20: 28.854000000000003 | Prev SMA5: 28.99, SMA20: 28.803499999999996 | Candle direction: bearish
2025-05-02 16:35:28 - DEBUG - [check_sma_cross_candle] [LUV] No signal detected
2025-05-02 16:35:28 - INFO - [_process_ticker] [LUV] ℹ️ No valid signal for LUV
2025-05-02 16:35:28 - INFO - [get_stock_data] [NI] Requesting data for NI
2025-05-02 16:35:29 - INFO - [get_stock_data] [NI] Data received for NI: 80 rows
2025-05-02 16:35:29 - INFO - [check_sma_cross_candle] [NI] Analyzing SMA signals for NI
2025-05-02 16:35:29 - INFO - [check_sma_cross_candle] [NI] SMA5: 39.102, SMA20: 39.064499999999995 | Prev SMA5: 39.083999999999996, SMA20: 39.056000000000004 | Candle direction: bearish
2025-05-02 16:35:29 - DEBUG - [check_sma_cross_candle] [NI] No signal detected
2025-05-02 16:35:29 - INFO - [_process_ticker] [NI] ℹ️ No valid signal for NI
2025-05-02 16:35:29 - INFO - [get_stock_data] [WBD] Requesting data for WBD
2025-05-02 16:35:30 - INFO - [get_stock_data] [WBD] Data received for WBD: 80 rows
2025-05-02 16:35:30 - INFO - [check_sma_cross_candle] [WBD] Analyzing SMA signals for WBD
2025-05-02 16:35:30 - INFO - [check_sma_cross_candle] [WBD] SMA5: 8.54, SMA20: 8.48 | Prev SMA5: 8.512, SMA20: 8.4705 | Candle direction: bearish
2025-05-02 16:35:30 - DEBUG - [check_sma_cross_candle] [WBD] No signal detected
2025-05-02 16:35:30 - INFO - [_process_ticker] [WBD] ℹ️ No valid signal for WBD
2025-05-02 16:35:30 - INFO - [_update_active_orders_and_telegram] [N/A] 📊 Updating SL/TP for active orders
2025-05-02 16:35:31 - INFO - [_wait_until_next_iteration] [N/A] ⏳ Sleeping for 28.39 seconds before the next cycle
2025-05-02 16:36:00 - DEBUG - [_process_strategies] [N/A] ⏱ Skipping VWAP_diff_signal_1700, not yet time (every 5m)
2025-05-02 16:36:00 - DEBUG - [_process_strategies] [N/A] ⏱ Skipping VWAP_diff_signal_rsi_1700, not yet time (every 5m)
2025-05-02 16:36:00 - DEBUG - [_process_strategies] [N/A] ⏱ Skipping EMA_Cross_ema50, not yet time (every 5m)
2025-05-02 16:36:00 - DEBUG - [_process_strategies] [N/A] ⏱ Skipping EMA_Cross_candle, not yet time (every 5m)
2025-05-02 16:36:00 - DEBUG - [_process_strategies] [N/A] ⏱ Skipping SMA_Cross_sma50, not yet time (every 5m)
2025-05-02 16:36:00 - DEBUG - [_process_strategies] [N/A] ⏱ Skipping VWAP_diff_signal_1700_volume, not yet time (every 5m)
2025-05-02 16:36:00 - DEBUG - [_process_strategies] [N/A] ⏱ Skipping SMA_Cross_candle, not yet time (every 5m)
2025-05-02 16:36:00 - INFO - [_update_active_orders_and_telegram] [N/A] 📊 Updating SL/TP for active orders
2025-05-02 16:36:01 - INFO - [_wait_until_next_iteration] [N/A] ⏳ Sleeping for 58.96 seconds before the next cycle
2025-05-02 16:37:00 - DEBUG - [_process_strategies] [N/A] ⏱ Skipping VWAP_diff_signal_1700, not yet time (every 5m)
2025-05-02 16:37:00 - DEBUG - [_process_strategies] [N/A] ⏱ Skipping VWAP_diff_signal_rsi_1700, not yet time (every 5m)
2025-05-02 16:37:00 - DEBUG - [_process_strategies] [N/A] ⏱ Skipping EMA_Cross_ema50, not yet time (every 5m)
2025-05-02 16:37:00 - DEBUG - [_process_strategies] [N/A] ⏱ Skipping EMA_Cross_candle, not yet time (every 5m)
2025-05-02 16:37:00 - DEBUG - [_process_strategies] [N/A] ⏱ Skipping SMA_Cross_sma50, not yet time (every 5m)
2025-05-02 16:37:00 - DEBUG - [_process_strategies] [N/A] ⏱ Skipping VWAP_diff_signal_1700_volume, not yet time (every 5m)
2025-05-02 16:37:00 - DEBUG - [_process_strategies] [N/A] ⏱ Skipping SMA_Cross_candle, not yet time (every 5m)
2025-05-02 16:37:00 - INFO - [_update_active_orders_and_telegram] [N/A] 📊 Updating SL/TP for active orders
2025-05-02 16:37:01 - INFO - [_wait_until_next_iteration] [N/A] ⏳ Sleeping for 58.93 seconds before the next cycle
2025-05-02 16:38:00 - DEBUG - [_process_strategies] [N/A] ⏱ Skipping VWAP_diff_signal_1700, not yet time (every 5m)
2025-05-02 16:38:00 - DEBUG - [_process_strategies] [N/A] ⏱ Skipping VWAP_diff_signal_rsi_1700, not yet time (every 5m)
2025-05-02 16:38:00 - DEBUG - [_process_strategies] [N/A] ⏱ Skipping EMA_Cross_ema50, not yet time (every 5m)
2025-05-02 16:38:00 - DEBUG - [_process_strategies] [N/A] ⏱ Skipping EMA_Cross_candle, not yet time (every 5m)
2025-05-02 16:38:00 - DEBUG - [_process_strategies] [N/A] ⏱ Skipping SMA_Cross_sma50, not yet time (every 5m)
2025-05-02 16:38:00 - DEBUG - [_process_strategies] [N/A] ⏱ Skipping VWAP_diff_signal_1700_volume, not yet time (every 5m)
2025-05-02 16:38:00 - DEBUG - [_process_strategies] [N/A] ⏱ Skipping SMA_Cross_candle, not yet time (every 5m)
2025-05-02 16:38:00 - INFO - [_update_active_orders_and_telegram] [N/A] 📊 Updating SL/TP for active orders
2025-05-02 16:38:01 - INFO - [_wait_until_next_iteration] [N/A] ⏳ Sleeping for 58.94 seconds before the next cycle
2025-05-02 16:39:00 - DEBUG - [_process_strategies] [N/A] ⏱ Skipping VWAP_diff_signal_1700, not yet time (every 5m)
2025-05-02 16:39:00 - DEBUG - [_process_strategies] [N/A] ⏱ Skipping VWAP_diff_signal_rsi_1700, not yet time (every 5m)
2025-05-02 16:39:00 - DEBUG - [_process_strategies] [N/A] ⏱ Skipping EMA_Cross_ema50, not yet time (every 5m)
2025-05-02 16:39:00 - DEBUG - [_process_strategies] [N/A] ⏱ Skipping EMA_Cross_candle, not yet time (every 5m)
2025-05-02 16:39:00 - DEBUG - [_process_strategies] [N/A] ⏱ Skipping SMA_Cross_sma50, not yet time (every 5m)
2025-05-02 16:39:00 - DEBUG - [_process_strategies] [N/A] ⏱ Skipping VWAP_diff_signal_1700_volume, not yet time (every 5m)
2025-05-02 16:39:00 - DEBUG - [_process_strategies] [N/A] ⏱ Skipping SMA_Cross_candle, not yet time (every 5m)
2025-05-02 16:39:00 - INFO - [_update_active_orders_and_telegram] [N/A] 📊 Updating SL/TP for active orders
2025-05-02 16:39:01 - INFO - [_wait_until_next_iteration] [N/A] ⏳ Sleeping for 58.93 seconds before the next cycle
2025-05-02 16:40:00 - INFO - [_run_strategy_if_applicable] [N/A] ⏰ Strategy 'VWAP_diff_signal_1700' not executed because it's outside the time window: 17:30:00 - 19:00:00
2025-05-02 16:40:00 - INFO - [_run_strategy_if_applicable] [N/A] ⏰ Strategy 'VWAP_diff_signal_rsi_1700' not executed because it's outside the time window: 17:30:00 - 19:00:00
2025-05-02 16:40:00 - INFO - [_run_strategy_if_applicable] [N/A] 🔄 Starting trading loop for strategy: EMA_Cross_ema50
2025-05-02 16:40:00 - INFO - [get_stock_data] [CFG] Requesting data for CFG
2025-05-02 16:40:00 - INFO - [get_stock_data] [CFG] Data received for CFG: 80 rows
2025-05-02 16:40:00 - INFO - [check_ema_cross_ema50] [CFG] Analyzing EMA signals for CFG
2025-05-02 16:40:00 - INFO - [check_ema_cross_ema50] [CFG] EMA9: 37.67047684954774, EMA21: 37.57434551029738, EMA50: 37.4990574913354 | Prev EMA9: 37.48809606193468, EMA21: 37.49178006132711
2025-05-02 16:40:00 - INFO - [check_ema_cross_ema50] [CFG] ✅ BUY signal at 38.41, (SL: 38.14113, TP: 38.947739999999996 will be calculated externally)
2025-05-02 16:40:00 - INFO - [place_order] [CFG] Placing MARKET order for CFG: 130 shares
2025-05-02 16:40:00 - INFO - [_place_trade_and_register] [CFG] ✅ Order BUY for CFG placed with ID 52
2025-05-02 16:40:00 - INFO - [get_stock_data] [CZR] Requesting data for CZR
2025-05-02 16:40:02 - INFO - [get_stock_data] [CZR] Data received for CZR: 80 rows
2025-05-02 16:40:02 - INFO - [check_ema_cross_ema50] [CZR] Analyzing EMA signals for CZR
2025-05-02 16:40:02 - INFO - [check_ema_cross_ema50] [CZR] EMA9: 27.328528551063975, EMA21: 27.217994509864848, EMA50: 27.136950698259145 | Prev EMA9: 27.23566068882997, EMA21: 27.169793960851333
2025-05-02 16:40:02 - DEBUG - [check_ema_cross_ema50] [CZR] No signal detected
2025-05-02 16:40:02 - INFO - [_process_ticker] [CZR] ℹ️ No valid signal for CZR
2025-05-02 16:40:02 - INFO - [get_stock_data] [GEN] Requesting data for GEN
2025-05-02 16:40:02 - INFO - [get_stock_data] [GEN] Data received for GEN: 80 rows
2025-05-02 16:40:02 - INFO - [check_ema_cross_ema50] [GEN] Analyzing EMA signals for GEN
2025-05-02 16:40:02 - INFO - [check_ema_cross_ema50] [GEN] EMA9: 25.769116969415013, EMA21: 25.774933209055725, EMA50: 25.79530106476703 | Prev EMA9: 25.721396211768763, EMA21: 25.7564265299613
2025-05-02 16:40:02 - DEBUG - [check_ema_cross_ema50] [GEN] No signal detected
2025-05-02 16:40:02 - INFO - [_process_ticker] [GEN] ℹ️ No valid signal for GEN
2025-05-02 16:40:02 - INFO - [get_stock_data] [PARA] Requesting data for PARA
2025-05-02 16:40:03 - INFO - [get_stock_data] [PARA] Data received for PARA: 80 rows
2025-05-02 16:40:03 - INFO - [check_ema_cross_ema50] [PARA] Analyzing EMA signals for PARA
2025-05-02 16:40:03 - INFO - [check_ema_cross_ema50] [PARA] EMA9: 11.687126039719788, EMA21: 11.672905977243875, EMA50: 11.663591403944086 | Prev EMA9: 11.663907549649734, EMA21: 11.662196574968263
2025-05-02 16:40:03 - DEBUG - [check_ema_cross_ema50] [PARA] No signal detected
2025-05-02 16:40:03 - INFO - [_process_ticker] [PARA] ℹ️ No valid signal for PARA
2025-05-02 16:40:03 - INFO - [get_stock_data] [PPL] Requesting data for PPL
2025-05-02 16:40:03 - INFO - [get_stock_data] [PPL] Data received for PPL: 80 rows
2025-05-02 16:40:03 - INFO - [check_ema_cross_ema50] [PPL] Analyzing EMA signals for PPL
2025-05-02 16:40:03 - INFO - [check_ema_cross_ema50] [PPL] EMA9: 36.14555026163408, EMA21: 36.148736146691476, EMA50: 36.16841993297234 | Prev EMA9: 36.1469378270426, EMA21: 36.14960976136062
2025-05-02 16:40:03 - DEBUG - [check_ema_cross_ema50] [PPL] No signal detected
2025-05-02 16:40:03 - INFO - [_process_ticker] [PPL] ℹ️ No valid signal for PPL
2025-05-02 16:40:03 - INFO - [get_stock_data] [TFC] Requesting data for TFC
2025-05-02 16:40:04 - INFO - [get_stock_data] [TFC] Data received for TFC: 80 rows
2025-05-02 16:40:04 - INFO - [check_ema_cross_ema50] [TFC] Analyzing EMA signals for TFC
2025-05-02 16:40:04 - INFO - [check_ema_cross_ema50] [TFC] EMA9: 38.90922788309806, EMA21: 38.78611250015833, EMA50: 38.68261655016798 | Prev EMA9: 38.74403485387258, EMA21: 38.70772375017417
2025-05-02 16:40:04 - DEBUG - [check_ema_cross_ema50] [TFC] No signal detected
2025-05-02 16:40:04 - INFO - [_process_ticker] [TFC] ℹ️ No valid signal for TFC
2025-05-02 16:40:04 - INFO - [get_stock_data] [WBD] Requesting data for WBD
2025-05-02 16:40:05 - INFO - [get_stock_data] [WBD] Data received for WBD: 80 rows
2025-05-02 16:40:05 - INFO - [check_ema_cross_ema50] [WBD] Analyzing EMA signals for WBD
2025-05-02 16:40:05 - INFO - [check_ema_cross_ema50] [WBD] EMA9: 8.509381528598981, EMA21: 8.476682282621582, EMA50: 8.460596695024005 | Prev EMA9: 8.476726910748726, EMA21: 8.46035051088374
2025-05-02 16:40:05 - DEBUG - [check_ema_cross_ema50] [WBD] No signal detected
2025-05-02 16:40:05 - INFO - [_process_ticker] [WBD] ℹ️ No valid signal for WBD
2025-05-02 16:40:05 - INFO - [_run_strategy_if_applicable] [N/A] 🔄 Starting trading loop for strategy: EMA_Cross_candle
2025-05-02 16:40:05 - INFO - [get_stock_data] [BAX] Requesting data for BAX
2025-05-02 16:40:05 - INFO - [get_stock_data] [BAX] Data received for BAX: 81 rows
2025-05-02 16:40:05 - INFO - [check_ema_cross_candle] [BAX] Analyzing EMA signals for BAX
2025-05-02 16:40:05 - INFO - [check_ema_cross_candle] [BAX] EMA9: 30.76433568235879, EMA21: 30.814963677467734 | Prev EMA9: 30.77541960294849, EMA21: 30.824460045214508 | Candle: bearish
2025-05-02 16:40:05 - DEBUG - [check_ema_cross_candle] [BAX] No signal detected
2025-05-02 16:40:05 - INFO - [_process_ticker] [BAX] ℹ️ No valid signal for BAX
2025-05-02 16:40:05 - INFO - [get_stock_data] [CTRA] Requesting data for CTRA
2025-05-02 16:40:06 - INFO - [get_stock_data] [CTRA] Data received for CTRA: 81 rows
2025-05-02 16:40:06 - INFO - [check_ema_cross_candle] [CTRA] Analyzing EMA signals for CTRA
2025-05-02 16:40:06 - INFO - [check_ema_cross_candle] [CTRA] EMA9: 25.108106400492375, EMA21: 25.02402433144462 | Prev EMA9: 25.080133000615465, EMA21: 25.00442676458908 | Candle: bearish
2025-05-02 16:40:06 - DEBUG - [check_ema_cross_candle] [CTRA] No signal detected
2025-05-02 16:40:06 - INFO - [_process_ticker] [CTRA] ℹ️ No valid signal for CTRA
2025-05-02 16:40:06 - INFO - [get_stock_data] [EXC] Requesting data for EXC
2025-05-02 16:40:07 - INFO - [get_stock_data] [EXC] Data received for EXC: 81 rows
2025-05-02 16:40:07 - INFO - [check_ema_cross_candle] [EXC] Analyzing EMA signals for EXC
2025-05-02 16:40:07 - INFO - [check_ema_cross_candle] [EXC] EMA9: 46.60209164784492, EMA21: 46.66523277926935 | Prev EMA9: 46.63761455980615, EMA21: 46.685756057196286 | Candle: bearish
2025-05-02 16:40:07 - DEBUG - [check_ema_cross_candle] [EXC] No signal detected
2025-05-02 16:40:07 - INFO - [_process_ticker] [EXC] ℹ️ No valid signal for EXC
2025-05-02 16:40:07 - INFO - [get_stock_data] [FITB] Requesting data for FITB
2025-05-02 16:40:07 - INFO - [get_stock_data] [FITB] Data received for FITB: 81 rows
2025-05-02 16:40:07 - INFO - [check_ema_cross_candle] [FITB] Analyzing EMA signals for FITB
2025-05-02 16:40:07 - INFO - [check_ema_cross_candle] [FITB] EMA9: 36.561977483967254, EMA21: 36.43226726940554 | Prev EMA9: 36.49747185495906, EMA21: 36.3934939963461 | Candle: bearish
2025-05-02 16:40:07 - DEBUG - [check_ema_cross_candle] [FITB] No signal detected
2025-05-02 16:40:07 - INFO - [_process_ticker] [FITB] ℹ️ No valid signal for FITB
2025-05-02 16:40:07 - INFO - [get_stock_data] [KMI] Requesting data for KMI
2025-05-02 16:40:08 - INFO - [get_stock_data] [KMI] Data received for KMI: 81 rows
2025-05-02 16:40:08 - INFO - [check_ema_cross_candle] [KMI] Analyzing EMA signals for KMI
2025-05-02 16:40:08 - INFO - [check_ema_cross_candle] [KMI] EMA9: 26.5551563460131, EMA21: 26.497379377253388 | Prev EMA9: 26.51644543251637, EMA21: 26.476117314978726 | Candle: bullish
2025-05-02 16:40:08 - DEBUG - [check_ema_cross_candle] [KMI] No signal detected
2025-05-02 16:40:08 - INFO - [_process_ticker] [KMI] ℹ️ No valid signal for KMI
2025-05-02 16:40:08 - INFO - [get_stock_data] [UDR] Requesting data for UDR
2025-05-02 16:40:08 - INFO - [get_stock_data] [UDR] Data received for UDR: 81 rows
2025-05-02 16:40:08 - INFO - [check_ema_cross_candle] [UDR] Analyzing EMA signals for UDR
2025-05-02 16:40:08 - INFO - [check_ema_cross_candle] [UDR] EMA9: 43.09136951086524, EMA21: 42.812177627694254 | Prev EMA9: 42.96171188858155, EMA21: 42.73239539046368 | Candle: bearish
2025-05-02 16:40:08 - DEBUG - [check_ema_cross_candle] [UDR] No signal detected
2025-05-02 16:40:08 - INFO - [_process_ticker] [UDR] ℹ️ No valid signal for UDR
2025-05-02 16:40:08 - INFO - [_run_strategy_if_applicable] [N/A] 🔄 Starting trading loop for strategy: SMA_Cross_sma50
2025-05-02 16:40:08 - INFO - [get_stock_data] [FITB] Requesting data for FITB
2025-05-02 16:40:09 - INFO - [get_stock_data] [FITB] Data received for FITB: 81 rows
2025-05-02 16:40:09 - INFO - [check_sma_cross_sma50] [FITB] Analyzing SMA signals for FITB
2025-05-02 16:40:09 - INFO - [check_sma_cross_sma50] [FITB] SMA5: 36.576, SMA20: 36.3955, SMA50: 36.2838 | Prev SMA5: 36.495999999999995, SMA20: 36.368
2025-05-02 16:40:09 - DEBUG - [check_sma_cross_sma50] [FITB] No signal detected
2025-05-02 16:40:09 - INFO - [_process_ticker] [FITB] ℹ️ No valid signal for FITB
2025-05-02 16:40:09 - INFO - [get_stock_data] [HPQ] Requesting data for HPQ
2025-05-02 16:40:10 - INFO - [get_stock_data] [HPQ] Data received for HPQ: 81 rows
2025-05-02 16:40:10 - INFO - [check_sma_cross_sma50] [HPQ] Analyzing SMA signals for HPQ
2025-05-02 16:40:10 - INFO - [check_sma_cross_sma50] [HPQ] SMA5: 25.75, SMA20: 25.6, SMA50: 25.5476 | Prev SMA5: 25.676, SMA20: 25.580000000000002
2025-05-02 16:40:10 - DEBUG - [check_sma_cross_sma50] [HPQ] No signal detected
2025-05-02 16:40:10 - INFO - [_process_ticker] [HPQ] ℹ️ No valid signal for HPQ
2025-05-02 16:40:10 - INFO - [get_stock_data] [IPG] Requesting data for IPG
2025-05-02 16:40:10 - INFO - [get_stock_data] [IPG] Data received for IPG: 81 rows
2025-05-02 16:40:10 - INFO - [check_sma_cross_sma50] [IPG] Analyzing SMA signals for IPG
2025-05-02 16:40:10 - INFO - [check_sma_cross_sma50] [IPG] SMA5: 25.258, SMA20: 25.044, SMA50: 24.9522 | Prev SMA5: 25.194, SMA20: 25.019000000000002
2025-05-02 16:40:10 - DEBUG - [check_sma_cross_sma50] [IPG] No signal detected
2025-05-02 16:40:10 - INFO - [_process_ticker] [IPG] ℹ️ No valid signal for IPG
2025-05-02 16:40:10 - INFO - [get_stock_data] [LVS] Requesting data for LVS
2025-05-02 16:40:11 - INFO - [get_stock_data] [LVS] Data received for LVS: 81 rows
2025-05-02 16:40:11 - INFO - [check_sma_cross_sma50] [LVS] Analyzing SMA signals for LVS
2025-05-02 16:40:11 - INFO - [check_sma_cross_sma50] [LVS] SMA5: 37.274, SMA20: 37.1055, SMA50: 36.953 | Prev SMA5: 37.216, SMA20: 37.082499999999996
2025-05-02 16:40:11 - DEBUG - [check_sma_cross_sma50] [LVS] No signal detected
2025-05-02 16:40:11 - INFO - [_process_ticker] [LVS] ℹ️ No valid signal for LVS
2025-05-02 16:40:11 - INFO - [get_stock_data] [NCLH] Requesting data for NCLH
2025-05-02 16:40:12 - INFO - [get_stock_data] [NCLH] Data received for NCLH: 81 rows
2025-05-02 16:40:12 - INFO - [check_sma_cross_sma50] [NCLH] Analyzing SMA signals for NCLH
2025-05-02 16:40:12 - INFO - [check_sma_cross_sma50] [NCLH] SMA5: 16.756, SMA20: 16.366, SMA50: 16.32 | Prev SMA5: 16.592000000000002, SMA20: 16.324499999999997
2025-05-02 16:40:12 - DEBUG - [check_sma_cross_sma50] [NCLH] No signal detected
2025-05-02 16:40:12 - INFO - [_process_ticker] [NCLH] ℹ️ No valid signal for NCLH
2025-05-02 16:40:12 - INFO - [get_stock_data] [NWSA] Requesting data for NWSA
2025-05-02 16:40:12 - INFO - [get_stock_data] [NWSA] Data received for NWSA: 81 rows
2025-05-02 16:40:12 - INFO - [check_sma_cross_sma50] [NWSA] Analyzing SMA signals for NWSA
2025-05-02 16:40:12 - INFO - [check_sma_cross_sma50] [NWSA] SMA5: 27.314, SMA20: 27.197000000000003, SMA50: 27.146 | Prev SMA5: 27.254, SMA20: 27.181
2025-05-02 16:40:12 - DEBUG - [check_sma_cross_sma50] [NWSA] No signal detected
2025-05-02 16:40:12 - INFO - [_process_ticker] [NWSA] ℹ️ No valid signal for NWSA
2025-05-02 16:40:12 - INFO - [_run_strategy_if_applicable] [N/A] ⏰ Strategy 'VWAP_diff_signal_1700_volume' not executed because it's outside the time window: 17:30:00 - 19:00:00
2025-05-02 16:40:12 - INFO - [_run_strategy_if_applicable] [N/A] 🔄 Starting trading loop for strategy: SMA_Cross_candle
2025-05-02 16:40:12 - INFO - [get_stock_data] [DVN] Requesting data for DVN
2025-05-02 16:40:13 - INFO - [get_stock_data] [DVN] Data received for DVN: 81 rows
2025-05-02 16:40:13 - INFO - [check_sma_cross_candle] [DVN] Analyzing SMA signals for DVN
2025-05-02 16:40:13 - INFO - [check_sma_cross_candle] [DVN] SMA5: 31.428000000000004, SMA20: 31.381 | Prev SMA5: 31.415999999999997, SMA20: 31.375 | Candle direction: bearish
2025-05-02 16:40:13 - DEBUG - [check_sma_cross_candle] [DVN] No signal detected
2025-05-02 16:40:13 - INFO - [_process_ticker] [DVN] ℹ️ No valid signal for DVN
2025-05-02 16:40:13 - INFO - [get_stock_data] [LUV] Requesting data for LUV
2025-05-02 16:40:14 - INFO - [get_stock_data] [LUV] Data received for LUV: 81 rows
2025-05-02 16:40:14 - INFO - [check_sma_cross_candle] [LUV] Analyzing SMA signals for LUV
2025-05-02 16:40:14 - INFO - [check_sma_cross_candle] [LUV] SMA5: 29.348000000000003, SMA20: 28.919999999999998 | Prev SMA5: 29.162, SMA20: 28.8615 | Candle direction: bullish
2025-05-02 16:40:14 - DEBUG - [check_sma_cross_candle] [LUV] No signal detected
2025-05-02 16:40:14 - INFO - [_process_ticker] [LUV] ℹ️ No valid signal for LUV
2025-05-02 16:40:14 - INFO - [get_stock_data] [NI] Requesting data for NI
2025-05-02 16:40:14 - INFO - [get_stock_data] [NI] Data received for NI: 81 rows
2025-05-02 16:40:14 - INFO - [check_sma_cross_candle] [NI] Analyzing SMA signals for NI
2025-05-02 16:40:14 - INFO - [check_sma_cross_candle] [NI] SMA5: 39.142, SMA20: 39.0795 | Prev SMA5: 39.118, SMA20: 39.0685 | Candle direction: bearish
2025-05-02 16:40:14 - DEBUG - [check_sma_cross_candle] [NI] No signal detected
2025-05-02 16:40:14 - INFO - [_process_ticker] [NI] ℹ️ No valid signal for NI
2025-05-02 16:40:14 - INFO - [get_stock_data] [WBD] Requesting data for WBD
2025-05-02 16:40:15 - INFO - [get_stock_data] [WBD] Data received for WBD: 81 rows
2025-05-02 16:40:15 - INFO - [check_sma_cross_candle] [WBD] Analyzing SMA signals for WBD
2025-05-02 16:40:15 - INFO - [check_sma_cross_candle] [WBD] SMA5: 8.547999999999998, SMA20: 8.485499999999998 | Prev SMA5: 8.532, SMA20: 8.478 | Candle direction: bullish
2025-05-02 16:40:15 - DEBUG - [check_sma_cross_candle] [WBD] No signal detected
2025-05-02 16:40:15 - INFO - [_process_ticker] [WBD] ℹ️ No valid signal for WBD
2025-05-02 16:40:15 - INFO - [_update_active_orders_and_telegram] [N/A] 📊 Updating SL/TP for active orders
2025-05-02 16:40:16 - INFO - [update_orders] [N/A] ✅ Order 52 filled at 38.29
2025-05-02 16:40:16 - INFO - [set_tp_sl_direct] [N/A] 🔹 Setting TP (LMT) 38.95 and SL 38.14 for CFG
2025-05-02 16:40:16 - INFO - [set_tp_sl_direct] [N/A] ✅ TP (MIT) Order Status: PendingSubmit (Trigger: 38.95)
2025-05-02 16:40:16 - INFO - [set_tp_sl_direct] [N/A] ✅ SL (Stop) Order Status: PendingSubmit (Trigger: 38.14)
2025-05-02 16:40:16 - INFO - [_wait_until_next_iteration] [N/A] ⏳ Sleeping for 43.46 seconds before the next cycle
2025-05-02 16:41:00 - DEBUG - [_process_strategies] [N/A] ⏱ Skipping VWAP_diff_signal_1700, not yet time (every 5m)
2025-05-02 16:41:00 - DEBUG - [_process_strategies] [N/A] ⏱ Skipping VWAP_diff_signal_rsi_1700, not yet time (every 5m)
2025-05-02 16:41:00 - DEBUG - [_process_strategies] [N/A] ⏱ Skipping EMA_Cross_ema50, not yet time (every 5m)
2025-05-02 16:41:00 - DEBUG - [_process_strategies] [N/A] ⏱ Skipping EMA_Cross_candle, not yet time (every 5m)
2025-05-02 16:41:00 - DEBUG - [_process_strategies] [N/A] ⏱ Skipping SMA_Cross_sma50, not yet time (every 5m)
2025-05-02 16:41:00 - DEBUG - [_process_strategies] [N/A] ⏱ Skipping VWAP_diff_signal_1700_volume, not yet time (every 5m)
2025-05-02 16:41:00 - DEBUG - [_process_strategies] [N/A] ⏱ Skipping SMA_Cross_candle, not yet time (every 5m)
2025-05-02 16:41:00 - INFO - [_update_active_orders_and_telegram] [N/A] 📊 Updating SL/TP for active orders
2025-05-02 16:41:01 - INFO - [_wait_until_next_iteration] [N/A] ⏳ Sleeping for 58.94 seconds before the next cycle
2025-05-02 16:42:00 - DEBUG - [_process_strategies] [N/A] ⏱ Skipping VWAP_diff_signal_1700, not yet time (every 5m)
2025-05-02 16:42:00 - DEBUG - [_process_strategies] [N/A] ⏱ Skipping VWAP_diff_signal_rsi_1700, not yet time (every 5m)
2025-05-02 16:42:00 - DEBUG - [_process_strategies] [N/A] ⏱ Skipping EMA_Cross_ema50, not yet time (every 5m)
2025-05-02 16:42:00 - DEBUG - [_process_strategies] [N/A] ⏱ Skipping EMA_Cross_candle, not yet time (every 5m)
2025-05-02 16:42:00 - DEBUG - [_process_strategies] [N/A] ⏱ Skipping SMA_Cross_sma50, not yet time (every 5m)
2025-05-02 16:42:00 - DEBUG - [_process_strategies] [N/A] ⏱ Skipping VWAP_diff_signal_1700_volume, not yet time (every 5m)
2025-05-02 16:42:00 - DEBUG - [_process_strategies] [N/A] ⏱ Skipping SMA_Cross_candle, not yet time (every 5m)
2025-05-02 16:42:00 - INFO - [_update_active_orders_and_telegram] [N/A] 📊 Updating SL/TP for active orders
2025-05-02 16:42:01 - INFO - [_wait_until_next_iteration] [N/A] ⏳ Sleeping for 58.94 seconds before the next cycle
2025-05-02 16:43:00 - DEBUG - [_process_strategies] [N/A] ⏱ Skipping VWAP_diff_signal_1700, not yet time (every 5m)
2025-05-02 16:43:00 - DEBUG - [_process_strategies] [N/A] ⏱ Skipping VWAP_diff_signal_rsi_1700, not yet time (every 5m)
2025-05-02 16:43:00 - DEBUG - [_process_strategies] [N/A] ⏱ Skipping EMA_Cross_ema50, not yet time (every 5m)
2025-05-02 16:43:00 - DEBUG - [_process_strategies] [N/A] ⏱ Skipping EMA_Cross_candle, not yet time (every 5m)
2025-05-02 16:43:00 - DEBUG - [_process_strategies] [N/A] ⏱ Skipping SMA_Cross_sma50, not yet time (every 5m)
2025-05-02 16:43:00 - DEBUG - [_process_strategies] [N/A] ⏱ Skipping VWAP_diff_signal_1700_volume, not yet time (every 5m)
2025-05-02 16:43:00 - DEBUG - [_process_strategies] [N/A] ⏱ Skipping SMA_Cross_candle, not yet time (every 5m)
2025-05-02 16:43:00 - INFO - [_update_active_orders_and_telegram] [N/A] 📊 Updating SL/TP for active orders
2025-05-02 16:43:01 - INFO - [_wait_until_next_iteration] [N/A] ⏳ Sleeping for 58.92 seconds before the next cycle
2025-05-02 16:44:00 - DEBUG - [_process_strategies] [N/A] ⏱ Skipping VWAP_diff_signal_1700, not yet time (every 5m)
2025-05-02 16:44:00 - DEBUG - [_process_strategies] [N/A] ⏱ Skipping VWAP_diff_signal_rsi_1700, not yet time (every 5m)
2025-05-02 16:44:00 - DEBUG - [_process_strategies] [N/A] ⏱ Skipping EMA_Cross_ema50, not yet time (every 5m)
2025-05-02 16:44:00 - DEBUG - [_process_strategies] [N/A] ⏱ Skipping EMA_Cross_candle, not yet time (every 5m)
2025-05-02 16:44:00 - DEBUG - [_process_strategies] [N/A] ⏱ Skipping SMA_Cross_sma50, not yet time (every 5m)
2025-05-02 16:44:00 - DEBUG - [_process_strategies] [N/A] ⏱ Skipping VWAP_diff_signal_1700_volume, not yet time (every 5m)
2025-05-02 16:44:00 - DEBUG - [_process_strategies] [N/A] ⏱ Skipping SMA_Cross_candle, not yet time (every 5m)
2025-05-02 16:44:00 - INFO - [_update_active_orders_and_telegram] [N/A] 📊 Updating SL/TP for active orders
2025-05-02 16:44:01 - INFO - [_wait_until_next_iteration] [N/A] ⏳ Sleeping for 58.94 seconds before the next cycle
2025-05-02 16:45:00 - INFO - [_run_strategy_if_applicable] [N/A] ⏰ Strategy 'VWAP_diff_signal_1700' not executed because it's outside the time window: 17:30:00 - 19:00:00
2025-05-02 16:45:00 - INFO - [_run_strategy_if_applicable] [N/A] ⏰ Strategy 'VWAP_diff_signal_rsi_1700' not executed because it's outside the time window: 17:30:00 - 19:00:00
2025-05-02 16:45:00 - INFO - [_run_strategy_if_applicable] [N/A] 🔄 Starting trading loop for strategy: EMA_Cross_ema50
2025-05-02 16:45:00 - DEBUG - [_process_ticker] [CFG] 🚫 Trade not allowed for CFG (limit reached)
2025-05-02 16:45:00 - INFO - [get_stock_data] [CZR] Requesting data for CZR
2025-05-02 16:45:00 - INFO - [get_stock_data] [CZR] Data received for CZR: 81 rows
2025-05-02 16:45:00 - INFO - [check_ema_cross_ema50] [CZR] Analyzing EMA signals for CZR
2025-05-02 16:45:00 - INFO - [check_ema_cross_ema50] [CZR] EMA9: 27.39082284085118, EMA21: 27.256358645331677, EMA50: 27.156678121856828 | Prev EMA9: 27.328528551063975, EMA21: 27.217994509864848
2025-05-02 16:45:00 - DEBUG - [check_ema_cross_ema50] [CZR] No signal detected
2025-05-02 16:45:00 - INFO - [_process_ticker] [CZR] ℹ️ No valid signal for CZR
2025-05-02 16:45:00 - INFO - [get_stock_data] [GEN] Requesting data for GEN
2025-05-02 16:45:01 - INFO - [get_stock_data] [GEN] Data received for GEN: 81 rows
2025-05-02 16:45:01 - INFO - [check_ema_cross_ema50] [GEN] Analyzing EMA signals for GEN
2025-05-02 16:45:01 - INFO - [check_ema_cross_ema50] [GEN] EMA9: 25.79529357553201, EMA21: 25.786302917323386, EMA50: 25.799406905364403 | Prev EMA9: 25.769116969415013, EMA21: 25.774933209055725
2025-05-02 16:45:01 - INFO - [check_ema_cross_ema50] [GEN] ✅ BUY signal at 25.89, (SL: 25.70877, TP: 26.25246 will be calculated externally)
2025-05-02 16:45:01 - INFO - [place_order] [GEN] Placing MARKET order for GEN: 192 shares
2025-05-02 16:45:01 - INFO - [_place_trade_and_register] [GEN] ✅ Order BUY for GEN placed with ID 104
2025-05-02 16:45:01 - INFO - [get_stock_data] [PARA] Requesting data for PARA
2025-05-02 16:45:02 - INFO - [get_stock_data] [PARA] Data received for PARA: 81 rows
2025-05-02 16:45:02 - INFO - [check_ema_cross_ema50] [PARA] Analyzing EMA signals for PARA
2025-05-02 16:45:02 - INFO - [check_ema_cross_ema50] [PARA] EMA9: 11.697700831775832, EMA21: 11.67900543385807, EMA50: 11.66658781947569 | Prev EMA9: 11.687126039719788, EMA21: 11.672905977243875
2025-05-02 16:45:02 - DEBUG - [check_ema_cross_ema50] [PARA] No signal detected
2025-05-02 16:45:02 - INFO - [_process_ticker] [PARA] ℹ️ No valid signal for PARA
2025-05-02 16:45:02 - INFO - [get_stock_data] [PPL] Requesting data for PPL
2025-05-02 16:45:02 - INFO - [get_stock_data] [PPL] Data received for PPL: 81 rows
2025-05-02 16:45:02 - INFO - [check_ema_cross_ema50] [PPL] Analyzing EMA signals for PPL
2025-05-02 16:45:02 - INFO - [check_ema_cross_ema50] [PPL] EMA9: 36.13244020930726, EMA21: 36.14248740608316, EMA50: 36.164952484620486 | Prev EMA9: 36.14555026163408, EMA21: 36.148736146691476
2025-05-02 16:45:02 - DEBUG - [check_ema_cross_ema50] [PPL] No signal detected
2025-05-02 16:45:02 - INFO - [_process_ticker] [PPL] ℹ️ No valid signal for PPL
2025-05-02 16:45:02 - INFO - [get_stock_data] [TFC] Requesting data for TFC
2025-05-02 16:45:03 - INFO - [get_stock_data] [TFC] Data received for TFC: 81 rows
2025-05-02 16:45:03 - INFO - [check_ema_cross_ema50] [TFC] Analyzing EMA signals for TFC
2025-05-02 16:45:03 - INFO - [check_ema_cross_ema50] [TFC] EMA9: 39.007382306478455, EMA21: 38.84192045468939, EMA50: 38.71074923447512 | Prev EMA9: 38.90922788309806, EMA21: 38.78611250015833
2025-05-02 16:45:03 - DEBUG - [check_ema_cross_ema50] [TFC] No signal detected
2025-05-02 16:45:03 - INFO - [_process_ticker] [TFC] ℹ️ No valid signal for TFC
2025-05-02 16:45:03 - INFO - [get_stock_data] [WBD] Requesting data for WBD
2025-05-02 16:45:03 - INFO - [get_stock_data] [WBD] Data received for WBD: 81 rows
2025-05-02 16:45:03 - INFO - [check_ema_cross_ema50] [WBD] Analyzing EMA signals for WBD
2025-05-02 16:45:03 - INFO - [check_ema_cross_ema50] [WBD] EMA9: 8.523505222879185, EMA21: 8.486074802383255, EMA50: 8.465279177572084 | Prev EMA9: 8.509381528598981, EMA21: 8.476682282621582
2025-05-02 16:45:03 - DEBUG - [check_ema_cross_ema50] [WBD] No signal detected
2025-05-02 16:45:03 - INFO - [_process_ticker] [WBD] ℹ️ No valid signal for WBD
2025-05-02 16:45:03 - INFO - [_run_strategy_if_applicable] [N/A] 🔄 Starting trading loop for strategy: EMA_Cross_candle
2025-05-02 16:45:03 - INFO - [get_stock_data] [BAX] Requesting data for BAX
2025-05-02 16:45:04 - INFO - [get_stock_data] [BAX] Data received for BAX: 81 rows
2025-05-02 16:45:04 - INFO - [check_ema_cross_candle] [BAX] Analyzing EMA signals for BAX
2025-05-02 16:45:04 - INFO - [check_ema_cross_candle] [BAX] EMA9: 30.75033568235879, EMA21: 30.808600041104096 | Prev EMA9: 30.77541960294849, EMA21: 30.824460045214508 | Candle: bearish
2025-05-02 16:45:04 - DEBUG - [check_ema_cross_candle] [BAX] No signal detected
2025-05-02 16:45:04 - INFO - [_process_ticker] [BAX] ℹ️ No valid signal for BAX
2025-05-02 16:45:04 - INFO - [get_stock_data] [CTRA] Requesting data for CTRA
2025-05-02 16:45:05 - INFO - [get_stock_data] [CTRA] Data received for CTRA: 81 rows
2025-05-02 16:45:05 - INFO - [check_ema_cross_candle] [CTRA] Analyzing EMA signals for CTRA
2025-05-02 16:45:05 - INFO - [check_ema_cross_candle] [CTRA] EMA9: 25.070106400492374, EMA21: 25.006751604171892 | Prev EMA9: 25.080133000615465, EMA21: 25.00442676458908 | Candle: bearish
2025-05-02 16:45:05 - DEBUG - [check_ema_cross_candle] [CTRA] No signal detected
2025-05-02 16:45:05 - INFO - [_process_ticker] [CTRA] ℹ️ No valid signal for CTRA
2025-05-02 16:45:05 - INFO - [get_stock_data] [EXC] Requesting data for EXC
2025-05-02 16:45:06 - INFO - [get_stock_data] [EXC] Data received for EXC: 82 rows
2025-05-02 16:45:06 - INFO - [check_ema_cross_candle] [EXC] Analyzing EMA signals for EXC
2025-05-02 16:45:06 - INFO - [check_ema_cross_candle] [EXC] EMA9: 46.534473318275936, EMA21: 46.62756698941841 | Prev EMA9: 46.57809164784492, EMA21: 46.65432368836026 | Candle: bullish
2025-05-02 16:45:06 - DEBUG - [check_ema_cross_candle] [EXC] No signal detected
2025-05-02 16:45:06 - INFO - [_process_ticker] [EXC] ℹ️ No valid signal for EXC
2025-05-02 16:45:06 - INFO - [get_stock_data] [FITB] Requesting data for FITB
2025-05-02 16:45:07 - INFO - [get_stock_data] [FITB] Data received for FITB: 82 rows
2025-05-02 16:45:07 - INFO - [check_ema_cross_candle] [FITB] Analyzing EMA signals for FITB
2025-05-02 16:45:07 - INFO - [check_ema_cross_candle] [FITB] EMA9: 36.5775819871738, EMA21: 36.450160327558756 | Prev EMA9: 36.54197748396725, EMA21: 36.423176360314635 | Candle: bearish
2025-05-02 16:45:07 - DEBUG - [check_ema_cross_candle] [FITB] No signal detected
2025-05-02 16:45:07 - INFO - [_process_ticker] [FITB] ℹ️ No valid signal for FITB
2025-05-02 16:45:07 - INFO - [get_stock_data] [KMI] Requesting data for KMI
2025-05-02 16:45:08 - INFO - [get_stock_data] [KMI] Data received for KMI: 82 rows
2025-05-02 16:45:08 - INFO - [check_ema_cross_candle] [KMI] Analyzing EMA signals for KMI
2025-05-02 16:45:08 - INFO - [check_ema_cross_candle] [KMI] EMA9: 26.51772507681048, EMA21: 26.483733318164234 | Prev EMA9: 26.517156346013095, EMA21: 26.48010664998066 | Candle: bearish
2025-05-02 16:45:08 - DEBUG - [check_ema_cross_candle] [KMI] No signal detected
2025-05-02 16:45:08 - INFO - [_process_ticker] [KMI] ℹ️ No valid signal for KMI
2025-05-02 16:45:08 - INFO - [get_stock_data] [UDR] Requesting data for UDR
2025-05-02 16:45:08 - INFO - [get_stock_data] [UDR] Data received for UDR: 82 rows
2025-05-02 16:45:08 - INFO - [check_ema_cross_candle] [UDR] Analyzing EMA signals for UDR
2025-05-02 16:45:08 - INFO - [check_ema_cross_candle] [UDR] EMA9: 43.15909560869219, EMA21: 42.86735156236667 | Prev EMA9: 43.07136951086524, EMA21: 42.80308671860334 | Candle: bearish
2025-05-02 16:45:08 - DEBUG - [check_ema_cross_candle] [UDR] No signal detected
2025-05-02 16:45:08 - INFO - [_process_ticker] [UDR] ℹ️ No valid signal for UDR
2025-05-02 16:45:08 - INFO - [_run_strategy_if_applicable] [N/A] 🔄 Starting trading loop for strategy: SMA_Cross_sma50
2025-05-02 16:45:08 - INFO - [get_stock_data] [FITB] Requesting data for FITB
2025-05-02 16:45:09 - INFO - [get_stock_data] [FITB] Data received for FITB: 82 rows
2025-05-02 16:45:09 - INFO - [check_sma_cross_sma50] [FITB] Analyzing SMA signals for FITB
2025-05-02 16:45:09 - INFO - [check_sma_cross_sma50] [FITB] SMA5: 36.647999999999996, SMA20: 36.414, SMA50: 36.2924 | Prev SMA5: 36.556, SMA20: 36.3905
2025-05-02 16:45:09 - DEBUG - [check_sma_cross_sma50] [FITB] No signal detected
2025-05-02 16:45:09 - INFO - [_process_ticker] [FITB] ℹ️ No valid signal for FITB
2025-05-02 16:45:09 - INFO - [get_stock_data] [HPQ] Requesting data for HPQ
2025-05-02 16:45:10 - INFO - [get_stock_data] [HPQ] Data received for HPQ: 82 rows
2025-05-02 16:45:10 - INFO - [check_sma_cross_sma50] [HPQ] Analyzing SMA signals for HPQ
2025-05-02 16:45:10 - INFO - [check_sma_cross_sma50] [HPQ] SMA5: 25.85, SMA20: 25.6195, SMA50: 25.5574 | Prev SMA5: 25.746, SMA20: 25.599
2025-05-02 16:45:10 - DEBUG - [check_sma_cross_sma50] [HPQ] No signal detected
2025-05-02 16:45:10 - INFO - [_process_ticker] [HPQ] ℹ️ No valid signal for HPQ
2025-05-02 16:45:10 - INFO - [get_stock_data] [IPG] Requesting data for IPG
2025-05-02 16:45:11 - INFO - [get_stock_data] [IPG] Data received for IPG: 82 rows
2025-05-02 16:45:11 - INFO - [check_sma_cross_sma50] [IPG] Analyzing SMA signals for IPG
2025-05-02 16:45:11 - INFO - [check_sma_cross_sma50] [IPG] SMA5: 25.32, SMA20: 25.066000000000003, SMA50: 24.9608 | Prev SMA5: 25.25, SMA20: 25.042
2025-05-02 16:45:11 - DEBUG - [check_sma_cross_sma50] [IPG] No signal detected
2025-05-02 16:45:11 - INFO - [_process_ticker] [IPG] ℹ️ No valid signal for IPG
2025-05-02 16:45:11 - INFO - [get_stock_data] [LVS] Requesting data for LVS
2025-05-02 16:45:11 - INFO - [get_stock_data] [LVS] Data received for LVS: 82 rows
2025-05-02 16:45:11 - INFO - [check_sma_cross_sma50] [LVS] Analyzing SMA signals for LVS
2025-05-02 16:45:11 - INFO - [check_sma_cross_sma50] [LVS] SMA5: 37.294, SMA20: 37.111, SMA50: 36.961999999999996 | Prev SMA5: 37.238, SMA20: 37.096500000000006
2025-05-02 16:45:11 - DEBUG - [check_sma_cross_sma50] [LVS] No signal detected
2025-05-02 16:45:11 - INFO - [_process_ticker] [LVS] ℹ️ No valid signal for LVS
2025-05-02 16:45:11 - INFO - [get_stock_data] [NCLH] Requesting data for NCLH
2025-05-02 16:45:12 - INFO - [get_stock_data] [NCLH] Data received for NCLH: 82 rows
2025-05-02 16:45:12 - INFO - [check_sma_cross_sma50] [NCLH] Analyzing SMA signals for NCLH
2025-05-02 16:45:12 - INFO - [check_sma_cross_sma50] [NCLH] SMA5: 16.898, SMA20: 16.4, SMA50: 16.3338 | Prev SMA5: 16.738, SMA20: 16.3615
2025-05-02 16:45:12 - DEBUG - [check_sma_cross_sma50] [NCLH] No signal detected
2025-05-02 16:45:12 - INFO - [_process_ticker] [NCLH] ℹ️ No valid signal for NCLH
2025-05-02 16:45:12 - INFO - [get_stock_data] [NWSA] Requesting data for NWSA
2025-05-02 16:45:12 - INFO - [get_stock_data] [NWSA] Data received for NWSA: 82 rows
2025-05-02 16:45:12 - INFO - [check_sma_cross_sma50] [NWSA] Analyzing SMA signals for NWSA
2025-05-02 16:45:12 - INFO - [check_sma_cross_sma50] [NWSA] SMA5: 27.371999999999996, SMA20: 27.208999999999996, SMA50: 27.151999999999997 | Prev SMA5: 27.306, SMA20: 27.195000000000004
2025-05-02 16:45:12 - DEBUG - [check_sma_cross_sma50] [NWSA] No signal detected
2025-05-02 16:45:12 - INFO - [_process_ticker] [NWSA] ℹ️ No valid signal for NWSA
2025-05-02 16:45:12 - INFO - [_run_strategy_if_applicable] [N/A] ⏰ Strategy 'VWAP_diff_signal_1700_volume' not executed because it's outside the time window: 17:30:00 - 19:00:00
2025-05-02 16:45:12 - INFO - [_run_strategy_if_applicable] [N/A] 🔄 Starting trading loop for strategy: SMA_Cross_candle
2025-05-02 16:45:12 - INFO - [get_stock_data] [DVN] Requesting data for DVN
2025-05-02 16:45:13 - INFO - [get_stock_data] [DVN] Data received for DVN: 82 rows
2025-05-02 16:45:13 - INFO - [check_sma_cross_candle] [DVN] Analyzing SMA signals for DVN
2025-05-02 16:45:13 - INFO - [check_sma_cross_candle] [DVN] SMA5: 31.408000000000005, SMA20: 31.373 | Prev SMA5: 31.390000000000004, SMA20: 31.371500000000005 | Candle direction: bearish
2025-05-02 16:45:13 - DEBUG - [check_sma_cross_candle] [DVN] No signal detected
2025-05-02 16:45:13 - INFO - [_process_ticker] [DVN] ℹ️ No valid signal for DVN
2025-05-02 16:45:13 - INFO - [get_stock_data] [LUV] Requesting data for LUV
2025-05-02 16:45:14 - INFO - [get_stock_data] [LUV] Data received for LUV: 82 rows
2025-05-02 16:45:14 - INFO - [check_sma_cross_candle] [LUV] Analyzing SMA signals for LUV
2025-05-02 16:45:14 - INFO - [check_sma_cross_candle] [LUV] SMA5: 29.502000000000002, SMA20: 28.964 | Prev SMA5: 29.32, SMA20: 28.913 | Candle direction: bullish
2025-05-02 16:45:14 - DEBUG - [check_sma_cross_candle] [LUV] No signal detected
2025-05-02 16:45:14 - INFO - [_process_ticker] [LUV] ℹ️ No valid signal for LUV
2025-05-02 16:45:14 - INFO - [get_stock_data] [NI] Requesting data for NI
2025-05-02 16:45:14 - INFO - [get_stock_data] [NI] Data received for NI: 82 rows
2025-05-02 16:45:14 - INFO - [check_sma_cross_candle] [NI] Analyzing SMA signals for NI
2025-05-02 16:45:14 - INFO - [check_sma_cross_candle] [NI] SMA5: 39.156000000000006, SMA20: 39.082499999999996 | Prev SMA5: 39.122, SMA20: 39.0745 | Candle direction: bearish
2025-05-02 16:45:14 - DEBUG - [check_sma_cross_candle] [NI] No signal detected
2025-05-02 16:45:14 - INFO - [_process_ticker] [NI] ℹ️ No valid signal for NI
2025-05-02 16:45:14 - INFO - [get_stock_data] [WBD] Requesting data for WBD
2025-05-02 16:45:15 - INFO - [get_stock_data] [WBD] Data received for WBD: 82 rows
2025-05-02 16:45:15 - INFO - [check_sma_cross_candle] [WBD] Analyzing SMA signals for WBD
2025-05-02 16:45:15 - INFO - [check_sma_cross_candle] [WBD] SMA5: 8.558, SMA20: 8.491 | Prev SMA5: 8.544, SMA20: 8.4845 | Candle direction: bearish
2025-05-02 16:45:15 - DEBUG - [check_sma_cross_candle] [WBD] No signal detected
2025-05-02 16:45:15 - INFO - [_process_ticker] [WBD] ℹ️ No valid signal for WBD
2025-05-02 16:45:15 - INFO - [_update_active_orders_and_telegram] [N/A] 📊 Updating SL/TP for active orders
2025-05-02 16:45:16 - INFO - [update_orders] [N/A] ✅ Order 104 filled at 25.94
2025-05-02 16:45:16 - INFO - [set_tp_sl_direct] [N/A] 🔹 Setting TP (LMT) 26.25 and SL 25.71 for GEN
2025-05-02 16:45:16 - INFO - [set_tp_sl_direct] [N/A] ✅ TP (MIT) Order Status: PendingSubmit (Trigger: 26.25)
2025-05-02 16:45:16 - INFO - [set_tp_sl_direct] [N/A] ✅ SL (Stop) Order Status: PendingSubmit (Trigger: 25.71)
2025-05-02 16:45:16 - INFO - [_wait_until_next_iteration] [N/A] ⏳ Sleeping for 43.38 seconds before the next cycle
2025-05-02 16:46:00 - DEBUG - [_process_strategies] [N/A] ⏱ Skipping VWAP_diff_signal_1700, not yet time (every 5m)
2025-05-02 16:46:00 - DEBUG - [_process_strategies] [N/A] ⏱ Skipping VWAP_diff_signal_rsi_1700, not yet time (every 5m)
2025-05-02 16:46:00 - DEBUG - [_process_strategies] [N/A] ⏱ Skipping EMA_Cross_ema50, not yet time (every 5m)
2025-05-02 16:46:00 - DEBUG - [_process_strategies] [N/A] ⏱ Skipping EMA_Cross_candle, not yet time (every 5m)
2025-05-02 16:46:00 - DEBUG - [_process_strategies] [N/A] ⏱ Skipping SMA_Cross_sma50, not yet time (every 5m)
2025-05-02 16:46:00 - DEBUG - [_process_strategies] [N/A] ⏱ Skipping VWAP_diff_signal_1700_volume, not yet time (every 5m)
2025-05-02 16:46:00 - DEBUG - [_process_strategies] [N/A] ⏱ Skipping SMA_Cross_candle, not yet time (every 5m)
2025-05-02 16:46:00 - INFO - [_update_active_orders_and_telegram] [N/A] 📊 Updating SL/TP for active orders
2025-05-02 16:46:01 - INFO - [_wait_until_next_iteration] [N/A] ⏳ Sleeping for 58.95 seconds before the next cycle
2025-05-02 16:47:00 - DEBUG - [_process_strategies] [N/A] ⏱ Skipping VWAP_diff_signal_1700, not yet time (every 5m)
2025-05-02 16:47:00 - DEBUG - [_process_strategies] [N/A] ⏱ Skipping VWAP_diff_signal_rsi_1700, not yet time (every 5m)
2025-05-02 16:47:00 - DEBUG - [_process_strategies] [N/A] ⏱ Skipping EMA_Cross_ema50, not yet time (every 5m)
2025-05-02 16:47:00 - DEBUG - [_process_strategies] [N/A] ⏱ Skipping EMA_Cross_candle, not yet time (every 5m)
2025-05-02 16:47:00 - DEBUG - [_process_strategies] [N/A] ⏱ Skipping SMA_Cross_sma50, not yet time (every 5m)
2025-05-02 16:47:00 - DEBUG - [_process_strategies] [N/A] ⏱ Skipping VWAP_diff_signal_1700_volume, not yet time (every 5m)
2025-05-02 16:47:00 - DEBUG - [_process_strategies] [N/A] ⏱ Skipping SMA_Cross_candle, not yet time (every 5m)
2025-05-02 16:47:00 - INFO - [_update_active_orders_and_telegram] [N/A] 📊 Updating SL/TP for active orders
2025-05-02 16:47:01 - INFO - [_wait_until_next_iteration] [N/A] ⏳ Sleeping for 58.93 seconds before the next cycle
2025-05-02 16:48:00 - DEBUG - [_process_strategies] [N/A] ⏱ Skipping VWAP_diff_signal_1700, not yet time (every 5m)
2025-05-02 16:48:00 - DEBUG - [_process_strategies] [N/A] ⏱ Skipping VWAP_diff_signal_rsi_1700, not yet time (every 5m)
2025-05-02 16:48:00 - DEBUG - [_process_strategies] [N/A] ⏱ Skipping EMA_Cross_ema50, not yet time (every 5m)
2025-05-02 16:48:00 - DEBUG - [_process_strategies] [N/A] ⏱ Skipping EMA_Cross_candle, not yet time (every 5m)
2025-05-02 16:48:00 - DEBUG - [_process_strategies] [N/A] ⏱ Skipping SMA_Cross_sma50, not yet time (every 5m)
2025-05-02 16:48:00 - DEBUG - [_process_strategies] [N/A] ⏱ Skipping VWAP_diff_signal_1700_volume, not yet time (every 5m)
2025-05-02 16:48:00 - DEBUG - [_process_strategies] [N/A] ⏱ Skipping SMA_Cross_candle, not yet time (every 5m)
2025-05-02 16:48:00 - INFO - [_update_active_orders_and_telegram] [N/A] 📊 Updating SL/TP for active orders
2025-05-02 16:48:01 - INFO - [_wait_until_next_iteration] [N/A] ⏳ Sleeping for 58.95 seconds before the next cycle
2025-05-02 16:49:00 - DEBUG - [_process_strategies] [N/A] ⏱ Skipping VWAP_diff_signal_1700, not yet time (every 5m)
2025-05-02 16:49:00 - DEBUG - [_process_strategies] [N/A] ⏱ Skipping VWAP_diff_signal_rsi_1700, not yet time (every 5m)
2025-05-02 16:49:00 - DEBUG - [_process_strategies] [N/A] ⏱ Skipping EMA_Cross_ema50, not yet time (every 5m)
2025-05-02 16:49:00 - DEBUG - [_process_strategies] [N/A] ⏱ Skipping EMA_Cross_candle, not yet time (every 5m)
2025-05-02 16:49:00 - DEBUG - [_process_strategies] [N/A] ⏱ Skipping SMA_Cross_sma50, not yet time (every 5m)
2025-05-02 16:49:00 - DEBUG - [_process_strategies] [N/A] ⏱ Skipping VWAP_diff_signal_1700_volume, not yet time (every 5m)
2025-05-02 16:49:00 - DEBUG - [_process_strategies] [N/A] ⏱ Skipping SMA_Cross_candle, not yet time (every 5m)
2025-05-02 16:49:00 - INFO - [_update_active_orders_and_telegram] [N/A] 📊 Updating SL/TP for active orders
2025-05-02 16:49:01 - INFO - [_wait_until_next_iteration] [N/A] ⏳ Sleeping for 58.96 seconds before the next cycle
2025-05-02 16:50:00 - INFO - [_run_strategy_if_applicable] [N/A] ⏰ Strategy 'VWAP_diff_signal_1700' not executed because it's outside the time window: 17:30:00 - 19:00:00
2025-05-02 16:50:00 - INFO - [_run_strategy_if_applicable] [N/A] ⏰ Strategy 'VWAP_diff_signal_rsi_1700' not executed because it's outside the time window: 17:30:00 - 19:00:00
2025-05-02 16:50:00 - INFO - [_run_strategy_if_applicable] [N/A] ⏰ Strategy 'EMA_Cross_ema50' not executed because it's outside the time window: 16:35:00 - 16:50:00
2025-05-02 16:50:00 - INFO - [_run_strategy_if_applicable] [N/A] ⏰ Strategy 'EMA_Cross_candle' not executed because it's outside the time window: 16:35:00 - 16:50:00
2025-05-02 16:50:00 - INFO - [_run_strategy_if_applicable] [N/A] ⏰ Strategy 'SMA_Cross_sma50' not executed because it's outside the time window: 16:35:00 - 16:50:00
2025-05-02 16:50:00 - INFO - [_run_strategy_if_applicable] [N/A] ⏰ Strategy 'VWAP_diff_signal_1700_volume' not executed because it's outside the time window: 17:30:00 - 19:00:00
2025-05-02 16:50:00 - INFO - [_run_strategy_if_applicable] [N/A] ⏰ Strategy 'SMA_Cross_candle' not executed because it's outside the time window: 16:35:00 - 16:50:00
2025-05-02 16:50:00 - INFO - [_update_active_orders_and_telegram] [N/A] 📊 Updating SL/TP for active orders
2025-05-02 16:50:01 - INFO - [_wait_until_next_iteration] [N/A] ⏳ Sleeping for 58.93 seconds before the next cycle
2025-05-02 16:51:00 - DEBUG - [_process_strategies] [N/A] ⏱ Skipping VWAP_diff_signal_1700, not yet time (every 5m)
2025-05-02 16:51:00 - DEBUG - [_process_strategies] [N/A] ⏱ Skipping VWAP_diff_signal_rsi_1700, not yet time (every 5m)
2025-05-02 16:51:00 - DEBUG - [_process_strategies] [N/A] ⏱ Skipping EMA_Cross_ema50, not yet time (every 5m)
2025-05-02 16:51:00 - DEBUG - [_process_strategies] [N/A] ⏱ Skipping EMA_Cross_candle, not yet time (every 5m)
2025-05-02 16:51:00 - DEBUG - [_process_strategies] [N/A] ⏱ Skipping SMA_Cross_sma50, not yet time (every 5m)
2025-05-02 16:51:00 - DEBUG - [_process_strategies] [N/A] ⏱ Skipping VWAP_diff_signal_1700_volume, not yet time (every 5m)
2025-05-02 16:51:00 - DEBUG - [_process_strategies] [N/A] ⏱ Skipping SMA_Cross_candle, not yet time (every 5m)
2025-05-02 16:51:00 - INFO - [_update_active_orders_and_telegram] [N/A] 📊 Updating SL/TP for active orders
2025-05-02 16:51:01 - INFO - [_wait_until_next_iteration] [N/A] ⏳ Sleeping for 58.93 seconds before the next cycle
2025-05-02 16:52:00 - DEBUG - [_process_strategies] [N/A] ⏱ Skipping VWAP_diff_signal_1700, not yet time (every 5m)
2025-05-02 16:52:00 - DEBUG - [_process_strategies] [N/A] ⏱ Skipping VWAP_diff_signal_rsi_1700, not yet time (every 5m)
2025-05-02 16:52:00 - DEBUG - [_process_strategies] [N/A] ⏱ Skipping EMA_Cross_ema50, not yet time (every 5m)
2025-05-02 16:52:00 - DEBUG - [_process_strategies] [N/A] ⏱ Skipping EMA_Cross_candle, not yet time (every 5m)
2025-05-02 16:52:00 - DEBUG - [_process_strategies] [N/A] ⏱ Skipping SMA_Cross_sma50, not yet time (every 5m)
2025-05-02 16:52:00 - DEBUG - [_process_strategies] [N/A] ⏱ Skipping VWAP_diff_signal_1700_volume, not yet time (every 5m)
2025-05-02 16:52:00 - DEBUG - [_process_strategies] [N/A] ⏱ Skipping SMA_Cross_candle, not yet time (every 5m)
2025-05-02 16:52:00 - INFO - [_update_active_orders_and_telegram] [N/A] 📊 Updating SL/TP for active orders
2025-05-02 16:52:01 - INFO - [_wait_until_next_iteration] [N/A] ⏳ Sleeping for 58.93 seconds before the next cycle
2025-05-02 16:53:00 - DEBUG - [_process_strategies] [N/A] ⏱ Skipping VWAP_diff_signal_1700, not yet time (every 5m)
2025-05-02 16:53:00 - DEBUG - [_process_strategies] [N/A] ⏱ Skipping VWAP_diff_signal_rsi_1700, not yet time (every 5m)
2025-05-02 16:53:00 - DEBUG - [_process_strategies] [N/A] ⏱ Skipping EMA_Cross_ema50, not yet time (every 5m)
2025-05-02 16:53:00 - DEBUG - [_process_strategies] [N/A] ⏱ Skipping EMA_Cross_candle, not yet time (every 5m)
2025-05-02 16:53:00 - DEBUG - [_process_strategies] [N/A] ⏱ Skipping SMA_Cross_sma50, not yet time (every 5m)
2025-05-02 16:53:00 - DEBUG - [_process_strategies] [N/A] ⏱ Skipping VWAP_diff_signal_1700_volume, not yet time (every 5m)
2025-05-02 16:53:00 - DEBUG - [_process_strategies] [N/A] ⏱ Skipping SMA_Cross_candle, not yet time (every 5m)
2025-05-02 16:53:00 - INFO - [_update_active_orders_and_telegram] [N/A] 📊 Updating SL/TP for active orders
2025-05-02 16:53:01 - INFO - [_wait_until_next_iteration] [N/A] ⏳ Sleeping for 58.93 seconds before the next cycle
2025-05-02 16:54:00 - DEBUG - [_process_strategies] [N/A] ⏱ Skipping VWAP_diff_signal_1700, not yet time (every 5m)
2025-05-02 16:54:00 - DEBUG - [_process_strategies] [N/A] ⏱ Skipping VWAP_diff_signal_rsi_1700, not yet time (every 5m)
2025-05-02 16:54:00 - DEBUG - [_process_strategies] [N/A] ⏱ Skipping EMA_Cross_ema50, not yet time (every 5m)
2025-05-02 16:54:00 - DEBUG - [_process_strategies] [N/A] ⏱ Skipping EMA_Cross_candle, not yet time (every 5m)
2025-05-02 16:54:00 - DEBUG - [_process_strategies] [N/A] ⏱ Skipping SMA_Cross_sma50, not yet time (every 5m)
2025-05-02 16:54:00 - DEBUG - [_process_strategies] [N/A] ⏱ Skipping VWAP_diff_signal_1700_volume, not yet time (every 5m)
2025-05-02 16:54:00 - DEBUG - [_process_strategies] [N/A] ⏱ Skipping SMA_Cross_candle, not yet time (every 5m)
2025-05-02 16:54:00 - INFO - [_update_active_orders_and_telegram] [N/A] 📊 Updating SL/TP for active orders
2025-05-02 16:54:01 - INFO - [_wait_until_next_iteration] [N/A] ⏳ Sleeping for 58.93 seconds before the next cycle
2025-05-02 16:55:00 - INFO - [_run_strategy_if_applicable] [N/A] ⏰ Strategy 'VWAP_diff_signal_1700' not executed because it's outside the time window: 17:30:00 - 19:00:00
2025-05-02 16:55:00 - INFO - [_run_strategy_if_applicable] [N/A] ⏰ Strategy 'VWAP_diff_signal_rsi_1700' not executed because it's outside the time window: 17:30:00 - 19:00:00
2025-05-02 16:55:00 - INFO - [_run_strategy_if_applicable] [N/A] ⏰ Strategy 'EMA_Cross_ema50' not executed because it's outside the time window: 16:35:00 - 16:50:00
2025-05-02 16:55:00 - INFO - [_run_strategy_if_applicable] [N/A] ⏰ Strategy 'EMA_Cross_candle' not executed because it's outside the time window: 16:35:00 - 16:50:00
2025-05-02 16:55:00 - INFO - [_run_strategy_if_applicable] [N/A] ⏰ Strategy 'SMA_Cross_sma50' not executed because it's outside the time window: 16:35:00 - 16:50:00
2025-05-02 16:55:00 - INFO - [_run_strategy_if_applicable] [N/A] ⏰ Strategy 'VWAP_diff_signal_1700_volume' not executed because it's outside the time window: 17:30:00 - 19:00:00
2025-05-02 16:55:00 - INFO - [_run_strategy_if_applicable] [N/A] ⏰ Strategy 'SMA_Cross_candle' not executed because it's outside the time window: 16:35:00 - 16:50:00
2025-05-02 16:55:00 - INFO - [_update_active_orders_and_telegram] [N/A] 📊 Updating SL/TP for active orders
2025-05-02 16:55:01 - INFO - [_wait_until_next_iteration] [N/A] ⏳ Sleeping for 58.92 seconds before the next cycle
2025-05-02 16:56:00 - DEBUG - [_process_strategies] [N/A] ⏱ Skipping VWAP_diff_signal_1700, not yet time (every 5m)
2025-05-02 16:56:00 - DEBUG - [_process_strategies] [N/A] ⏱ Skipping VWAP_diff_signal_rsi_1700, not yet time (every 5m)
2025-05-02 16:56:00 - DEBUG - [_process_strategies] [N/A] ⏱ Skipping EMA_Cross_ema50, not yet time (every 5m)
2025-05-02 16:56:00 - DEBUG - [_process_strategies] [N/A] ⏱ Skipping EMA_Cross_candle, not yet time (every 5m)
2025-05-02 16:56:00 - DEBUG - [_process_strategies] [N/A] ⏱ Skipping SMA_Cross_sma50, not yet time (every 5m)
2025-05-02 16:56:00 - DEBUG - [_process_strategies] [N/A] ⏱ Skipping VWAP_diff_signal_1700_volume, not yet time (every 5m)
2025-05-02 16:56:00 - DEBUG - [_process_strategies] [N/A] ⏱ Skipping SMA_Cross_candle, not yet time (every 5m)
2025-05-02 16:56:00 - INFO - [_update_active_orders_and_telegram] [N/A] 📊 Updating SL/TP for active orders
2025-05-02 16:56:01 - INFO - [_wait_until_next_iteration] [N/A] ⏳ Sleeping for 58.93 seconds before the next cycle
2025-05-02 16:57:00 - DEBUG - [_process_strategies] [N/A] ⏱ Skipping VWAP_diff_signal_1700, not yet time (every 5m)
2025-05-02 16:57:00 - DEBUG - [_process_strategies] [N/A] ⏱ Skipping VWAP_diff_signal_rsi_1700, not yet time (every 5m)
2025-05-02 16:57:00 - DEBUG - [_process_strategies] [N/A] ⏱ Skipping EMA_Cross_ema50, not yet time (every 5m)
2025-05-02 16:57:00 - DEBUG - [_process_strategies] [N/A] ⏱ Skipping EMA_Cross_candle, not yet time (every 5m)
2025-05-02 16:57:00 - DEBUG - [_process_strategies] [N/A] ⏱ Skipping SMA_Cross_sma50, not yet time (every 5m)
2025-05-02 16:57:00 - DEBUG - [_process_strategies] [N/A] ⏱ Skipping VWAP_diff_signal_1700_volume, not yet time (every 5m)
2025-05-02 16:57:00 - DEBUG - [_process_strategies] [N/A] ⏱ Skipping SMA_Cross_candle, not yet time (every 5m)
2025-05-02 16:57:00 - INFO - [_update_active_orders_and_telegram] [N/A] 📊 Updating SL/TP for active orders
2025-05-02 16:57:01 - INFO - [_wait_until_next_iteration] [N/A] ⏳ Sleeping for 58.94 seconds before the next cycle
2025-05-02 16:58:00 - DEBUG - [_process_strategies] [N/A] ⏱ Skipping VWAP_diff_signal_1700, not yet time (every 5m)
2025-05-02 16:58:00 - DEBUG - [_process_strategies] [N/A] ⏱ Skipping VWAP_diff_signal_rsi_1700, not yet time (every 5m)
2025-05-02 16:58:00 - DEBUG - [_process_strategies] [N/A] ⏱ Skipping EMA_Cross_ema50, not yet time (every 5m)
2025-05-02 16:58:00 - DEBUG - [_process_strategies] [N/A] ⏱ Skipping EMA_Cross_candle, not yet time (every 5m)
2025-05-02 16:58:00 - DEBUG - [_process_strategies] [N/A] ⏱ Skipping SMA_Cross_sma50, not yet time (every 5m)
2025-05-02 16:58:00 - DEBUG - [_process_strategies] [N/A] ⏱ Skipping VWAP_diff_signal_1700_volume, not yet time (every 5m)
2025-05-02 16:58:00 - DEBUG - [_process_strategies] [N/A] ⏱ Skipping SMA_Cross_candle, not yet time (every 5m)
2025-05-02 16:58:00 - INFO - [_update_active_orders_and_telegram] [N/A] 📊 Updating SL/TP for active orders
2025-05-02 16:58:01 - INFO - [_wait_until_next_iteration] [N/A] ⏳ Sleeping for 58.92 seconds before the next cycle
2025-05-02 16:59:00 - DEBUG - [_process_strategies] [N/A] ⏱ Skipping VWAP_diff_signal_1700, not yet time (every 5m)
2025-05-02 16:59:00 - DEBUG - [_process_strategies] [N/A] ⏱ Skipping VWAP_diff_signal_rsi_1700, not yet time (every 5m)
2025-05-02 16:59:00 - DEBUG - [_process_strategies] [N/A] ⏱ Skipping EMA_Cross_ema50, not yet time (every 5m)
2025-05-02 16:59:00 - DEBUG - [_process_strategies] [N/A] ⏱ Skipping EMA_Cross_candle, not yet time (every 5m)
2025-05-02 16:59:00 - DEBUG - [_process_strategies] [N/A] ⏱ Skipping SMA_Cross_sma50, not yet time (every 5m)
2025-05-02 16:59:00 - DEBUG - [_process_strategies] [N/A] ⏱ Skipping VWAP_diff_signal_1700_volume, not yet time (every 5m)
2025-05-02 16:59:00 - DEBUG - [_process_strategies] [N/A] ⏱ Skipping SMA_Cross_candle, not yet time (every 5m)
2025-05-02 16:59:00 - INFO - [_update_active_orders_and_telegram] [N/A] 📊 Updating SL/TP for active orders
2025-05-02 16:59:01 - INFO - [_wait_until_next_iteration] [N/A] ⏳ Sleeping for 58.93 seconds before the next cycle
2025-05-02 17:00:00 - INFO - [_run_strategy_if_applicable] [N/A] ⏰ Strategy 'VWAP_diff_signal_1700' not executed because it's outside the time window: 17:30:00 - 19:00:00
2025-05-02 17:00:00 - INFO - [_run_strategy_if_applicable] [N/A] ⏰ Strategy 'VWAP_diff_signal_rsi_1700' not executed because it's outside the time window: 17:30:00 - 19:00:00
2025-05-02 17:00:00 - INFO - [_run_strategy_if_applicable] [N/A] ⏰ Strategy 'EMA_Cross_ema50' not executed because it's outside the time window: 16:35:00 - 16:50:00
2025-05-02 17:00:00 - INFO - [_run_strategy_if_applicable] [N/A] ⏰ Strategy 'EMA_Cross_candle' not executed because it's outside the time window: 16:35:00 - 16:50:00
2025-05-02 17:00:00 - INFO - [_run_strategy_if_applicable] [N/A] ⏰ Strategy 'SMA_Cross_sma50' not executed because it's outside the time window: 16:35:00 - 16:50:00
2025-05-02 17:00:00 - INFO - [_run_strategy_if_applicable] [N/A] ⏰ Strategy 'VWAP_diff_signal_1700_volume' not executed because it's outside the time window: 17:30:00 - 19:00:00
2025-05-02 17:00:00 - INFO - [_run_strategy_if_applicable] [N/A] ⏰ Strategy 'SMA_Cross_candle' not executed because it's outside the time window: 16:35:00 - 16:50:00
2025-05-02 17:00:00 - INFO - [_update_active_orders_and_telegram] [N/A] 📊 Updating SL/TP for active orders
2025-05-02 17:00:01 - INFO - [_wait_until_next_iteration] [N/A] ⏳ Sleeping for 58.93 seconds before the next cycle
2025-05-02 17:01:00 - DEBUG - [_process_strategies] [N/A] ⏱ Skipping VWAP_diff_signal_1700, not yet time (every 5m)
2025-05-02 17:01:00 - DEBUG - [_process_strategies] [N/A] ⏱ Skipping VWAP_diff_signal_rsi_1700, not yet time (every 5m)
2025-05-02 17:01:00 - DEBUG - [_process_strategies] [N/A] ⏱ Skipping EMA_Cross_ema50, not yet time (every 5m)
2025-05-02 17:01:00 - DEBUG - [_process_strategies] [N/A] ⏱ Skipping EMA_Cross_candle, not yet time (every 5m)
2025-05-02 17:01:00 - DEBUG - [_process_strategies] [N/A] ⏱ Skipping SMA_Cross_sma50, not yet time (every 5m)
2025-05-02 17:01:00 - DEBUG - [_process_strategies] [N/A] ⏱ Skipping VWAP_diff_signal_1700_volume, not yet time (every 5m)
2025-05-02 17:01:00 - DEBUG - [_process_strategies] [N/A] ⏱ Skipping SMA_Cross_candle, not yet time (every 5m)
2025-05-02 17:01:00 - INFO - [_update_active_orders_and_telegram] [N/A] 📊 Updating SL/TP for active orders
2025-05-02 17:01:01 - INFO - [_wait_until_next_iteration] [N/A] ⏳ Sleeping for 58.96 seconds before the next cycle
2025-05-02 17:02:00 - DEBUG - [_process_strategies] [N/A] ⏱ Skipping VWAP_diff_signal_1700, not yet time (every 5m)
2025-05-02 17:02:00 - DEBUG - [_process_strategies] [N/A] ⏱ Skipping VWAP_diff_signal_rsi_1700, not yet time (every 5m)
2025-05-02 17:02:00 - DEBUG - [_process_strategies] [N/A] ⏱ Skipping EMA_Cross_ema50, not yet time (every 5m)
2025-05-02 17:02:00 - DEBUG - [_process_strategies] [N/A] ⏱ Skipping EMA_Cross_candle, not yet time (every 5m)
2025-05-02 17:02:00 - DEBUG - [_process_strategies] [N/A] ⏱ Skipping SMA_Cross_sma50, not yet time (every 5m)
2025-05-02 17:02:00 - DEBUG - [_process_strategies] [N/A] ⏱ Skipping VWAP_diff_signal_1700_volume, not yet time (every 5m)
2025-05-02 17:02:00 - DEBUG - [_process_strategies] [N/A] ⏱ Skipping SMA_Cross_candle, not yet time (every 5m)
2025-05-02 17:02:00 - INFO - [_update_active_orders_and_telegram] [N/A] 📊 Updating SL/TP for active orders
2025-05-02 17:02:01 - INFO - [_wait_until_next_iteration] [N/A] ⏳ Sleeping for 58.95 seconds before the next cycle
2025-05-02 17:03:00 - DEBUG - [_process_strategies] [N/A] ⏱ Skipping VWAP_diff_signal_1700, not yet time (every 5m)
2025-05-02 17:03:00 - DEBUG - [_process_strategies] [N/A] ⏱ Skipping VWAP_diff_signal_rsi_1700, not yet time (every 5m)
2025-05-02 17:03:00 - DEBUG - [_process_strategies] [N/A] ⏱ Skipping EMA_Cross_ema50, not yet time (every 5m)
2025-05-02 17:03:00 - DEBUG - [_process_strategies] [N/A] ⏱ Skipping EMA_Cross_candle, not yet time (every 5m)
2025-05-02 17:03:00 - DEBUG - [_process_strategies] [N/A] ⏱ Skipping SMA_Cross_sma50, not yet time (every 5m)
2025-05-02 17:03:00 - DEBUG - [_process_strategies] [N/A] ⏱ Skipping VWAP_diff_signal_1700_volume, not yet time (every 5m)
2025-05-02 17:03:00 - DEBUG - [_process_strategies] [N/A] ⏱ Skipping SMA_Cross_candle, not yet time (every 5m)
2025-05-02 17:03:00 - INFO - [_update_active_orders_and_telegram] [N/A] 📊 Updating SL/TP for active orders
2025-05-02 17:03:01 - INFO - [_wait_until_next_iteration] [N/A] ⏳ Sleeping for 58.93 seconds before the next cycle
2025-05-02 17:04:00 - DEBUG - [_process_strategies] [N/A] ⏱ Skipping VWAP_diff_signal_1700, not yet time (every 5m)
2025-05-02 17:04:00 - DEBUG - [_process_strategies] [N/A] ⏱ Skipping VWAP_diff_signal_rsi_1700, not yet time (every 5m)
2025-05-02 17:04:00 - DEBUG - [_process_strategies] [N/A] ⏱ Skipping EMA_Cross_ema50, not yet time (every 5m)
2025-05-02 17:04:00 - DEBUG - [_process_strategies] [N/A] ⏱ Skipping EMA_Cross_candle, not yet time (every 5m)
2025-05-02 17:04:00 - DEBUG - [_process_strategies] [N/A] ⏱ Skipping SMA_Cross_sma50, not yet time (every 5m)
2025-05-02 17:04:00 - DEBUG - [_process_strategies] [N/A] ⏱ Skipping VWAP_diff_signal_1700_volume, not yet time (every 5m)
2025-05-02 17:04:00 - DEBUG - [_process_strategies] [N/A] ⏱ Skipping SMA_Cross_candle, not yet time (every 5m)
2025-05-02 17:04:00 - INFO - [_update_active_orders_and_telegram] [N/A] 📊 Updating SL/TP for active orders
2025-05-02 17:04:01 - INFO - [_wait_until_next_iteration] [N/A] ⏳ Sleeping for 58.93 seconds before the next cycle
2025-05-02 17:05:00 - INFO - [_run_strategy_if_applicable] [N/A] ⏰ Strategy 'VWAP_diff_signal_1700' not executed because it's outside the time window: 17:30:00 - 19:00:00
2025-05-02 17:05:00 - INFO - [_run_strategy_if_applicable] [N/A] ⏰ Strategy 'VWAP_diff_signal_rsi_1700' not executed because it's outside the time window: 17:30:00 - 19:00:00
2025-05-02 17:05:00 - INFO - [_run_strategy_if_applicable] [N/A] ⏰ Strategy 'EMA_Cross_ema50' not executed because it's outside the time window: 16:35:00 - 16:50:00
2025-05-02 17:05:00 - INFO - [_run_strategy_if_applicable] [N/A] ⏰ Strategy 'EMA_Cross_candle' not executed because it's outside the time window: 16:35:00 - 16:50:00
2025-05-02 17:05:00 - INFO - [_run_strategy_if_applicable] [N/A] ⏰ Strategy 'SMA_Cross_sma50' not executed because it's outside the time window: 16:35:00 - 16:50:00
2025-05-02 17:05:00 - INFO - [_run_strategy_if_applicable] [N/A] ⏰ Strategy 'VWAP_diff_signal_1700_volume' not executed because it's outside the time window: 17:30:00 - 19:00:00
2025-05-02 17:05:00 - INFO - [_run_strategy_if_applicable] [N/A] ⏰ Strategy 'SMA_Cross_candle' not executed because it's outside the time window: 16:35:00 - 16:50:00
2025-05-02 17:05:00 - INFO - [_update_active_orders_and_telegram] [N/A] 📊 Updating SL/TP for active orders
2025-05-02 17:05:01 - INFO - [_wait_until_next_iteration] [N/A] ⏳ Sleeping for 58.93 seconds before the next cycle
2025-05-02 17:06:00 - DEBUG - [_process_strategies] [N/A] ⏱ Skipping VWAP_diff_signal_1700, not yet time (every 5m)
2025-05-02 17:06:00 - DEBUG - [_process_strategies] [N/A] ⏱ Skipping VWAP_diff_signal_rsi_1700, not yet time (every 5m)
2025-05-02 17:06:00 - DEBUG - [_process_strategies] [N/A] ⏱ Skipping EMA_Cross_ema50, not yet time (every 5m)
2025-05-02 17:06:00 - DEBUG - [_process_strategies] [N/A] ⏱ Skipping EMA_Cross_candle, not yet time (every 5m)
2025-05-02 17:06:00 - DEBUG - [_process_strategies] [N/A] ⏱ Skipping SMA_Cross_sma50, not yet time (every 5m)
2025-05-02 17:06:00 - DEBUG - [_process_strategies] [N/A] ⏱ Skipping VWAP_diff_signal_1700_volume, not yet time (every 5m)
2025-05-02 17:06:00 - DEBUG - [_process_strategies] [N/A] ⏱ Skipping SMA_Cross_candle, not yet time (every 5m)
2025-05-02 17:06:00 - INFO - [_update_active_orders_and_telegram] [N/A] 📊 Updating SL/TP for active orders
2025-05-02 17:06:01 - INFO - [_wait_until_next_iteration] [N/A] ⏳ Sleeping for 58.92 seconds before the next cycle
2025-05-02 17:07:00 - DEBUG - [_process_strategies] [N/A] ⏱ Skipping VWAP_diff_signal_1700, not yet time (every 5m)
2025-05-02 17:07:00 - DEBUG - [_process_strategies] [N/A] ⏱ Skipping VWAP_diff_signal_rsi_1700, not yet time (every 5m)
2025-05-02 17:07:00 - DEBUG - [_process_strategies] [N/A] ⏱ Skipping EMA_Cross_ema50, not yet time (every 5m)
2025-05-02 17:07:00 - DEBUG - [_process_strategies] [N/A] ⏱ Skipping EMA_Cross_candle, not yet time (every 5m)
2025-05-02 17:07:00 - DEBUG - [_process_strategies] [N/A] ⏱ Skipping SMA_Cross_sma50, not yet time (every 5m)
2025-05-02 17:07:00 - DEBUG - [_process_strategies] [N/A] ⏱ Skipping VWAP_diff_signal_1700_volume, not yet time (every 5m)
2025-05-02 17:07:00 - DEBUG - [_process_strategies] [N/A] ⏱ Skipping SMA_Cross_candle, not yet time (every 5m)
2025-05-02 17:07:00 - INFO - [_update_active_orders_and_telegram] [N/A] 📊 Updating SL/TP for active orders
2025-05-02 17:07:01 - INFO - [_wait_until_next_iteration] [N/A] ⏳ Sleeping for 58.93 seconds before the next cycle
2025-05-02 17:08:00 - DEBUG - [_process_strategies] [N/A] ⏱ Skipping VWAP_diff_signal_1700, not yet time (every 5m)
2025-05-02 17:08:00 - DEBUG - [_process_strategies] [N/A] ⏱ Skipping VWAP_diff_signal_rsi_1700, not yet time (every 5m)
2025-05-02 17:08:00 - DEBUG - [_process_strategies] [N/A] ⏱ Skipping EMA_Cross_ema50, not yet time (every 5m)
2025-05-02 17:08:00 - DEBUG - [_process_strategies] [N/A] ⏱ Skipping EMA_Cross_candle, not yet time (every 5m)
2025-05-02 17:08:00 - DEBUG - [_process_strategies] [N/A] ⏱ Skipping SMA_Cross_sma50, not yet time (every 5m)
2025-05-02 17:08:00 - DEBUG - [_process_strategies] [N/A] ⏱ Skipping VWAP_diff_signal_1700_volume, not yet time (every 5m)
2025-05-02 17:08:00 - DEBUG - [_process_strategies] [N/A] ⏱ Skipping SMA_Cross_candle, not yet time (every 5m)
2025-05-02 17:08:00 - INFO - [_update_active_orders_and_telegram] [N/A] 📊 Updating SL/TP for active orders
2025-05-02 17:08:01 - INFO - [_wait_until_next_iteration] [N/A] ⏳ Sleeping for 58.93 seconds before the next cycle
2025-05-02 17:09:00 - DEBUG - [_process_strategies] [N/A] ⏱ Skipping VWAP_diff_signal_1700, not yet time (every 5m)
2025-05-02 17:09:00 - DEBUG - [_process_strategies] [N/A] ⏱ Skipping VWAP_diff_signal_rsi_1700, not yet time (every 5m)
2025-05-02 17:09:00 - DEBUG - [_process_strategies] [N/A] ⏱ Skipping EMA_Cross_ema50, not yet time (every 5m)
2025-05-02 17:09:00 - DEBUG - [_process_strategies] [N/A] ⏱ Skipping EMA_Cross_candle, not yet time (every 5m)
2025-05-02 17:09:00 - DEBUG - [_process_strategies] [N/A] ⏱ Skipping SMA_Cross_sma50, not yet time (every 5m)
2025-05-02 17:09:00 - DEBUG - [_process_strategies] [N/A] ⏱ Skipping VWAP_diff_signal_1700_volume, not yet time (every 5m)
2025-05-02 17:09:00 - DEBUG - [_process_strategies] [N/A] ⏱ Skipping SMA_Cross_candle, not yet time (every 5m)
2025-05-02 17:09:00 - INFO - [_update_active_orders_and_telegram] [N/A] 📊 Updating SL/TP for active orders
2025-05-02 17:09:01 - INFO - [_wait_until_next_iteration] [N/A] ⏳ Sleeping for 58.94 seconds before the next cycle
2025-05-02 17:10:00 - INFO - [_run_strategy_if_applicable] [N/A] ⏰ Strategy 'VWAP_diff_signal_1700' not executed because it's outside the time window: 17:30:00 - 19:00:00
2025-05-02 17:10:00 - INFO - [_run_strategy_if_applicable] [N/A] ⏰ Strategy 'VWAP_diff_signal_rsi_1700' not executed because it's outside the time window: 17:30:00 - 19:00:00
2025-05-02 17:10:00 - INFO - [_run_strategy_if_applicable] [N/A] ⏰ Strategy 'EMA_Cross_ema50' not executed because it's outside the time window: 16:35:00 - 16:50:00
2025-05-02 17:10:00 - INFO - [_run_strategy_if_applicable] [N/A] ⏰ Strategy 'EMA_Cross_candle' not executed because it's outside the time window: 16:35:00 - 16:50:00
2025-05-02 17:10:00 - INFO - [_run_strategy_if_applicable] [N/A] ⏰ Strategy 'SMA_Cross_sma50' not executed because it's outside the time window: 16:35:00 - 16:50:00
2025-05-02 17:10:00 - INFO - [_run_strategy_if_applicable] [N/A] ⏰ Strategy 'VWAP_diff_signal_1700_volume' not executed because it's outside the time window: 17:30:00 - 19:00:00
2025-05-02 17:10:00 - INFO - [_run_strategy_if_applicable] [N/A] ⏰ Strategy 'SMA_Cross_candle' not executed because it's outside the time window: 16:35:00 - 16:50:00
2025-05-02 17:10:00 - INFO - [_update_active_orders_and_telegram] [N/A] 📊 Updating SL/TP for active orders
2025-05-02 17:10:01 - INFO - [_wait_until_next_iteration] [N/A] ⏳ Sleeping for 58.93 seconds before the next cycle
2025-05-02 17:11:00 - DEBUG - [_process_strategies] [N/A] ⏱ Skipping VWAP_diff_signal_1700, not yet time (every 5m)
2025-05-02 17:11:00 - DEBUG - [_process_strategies] [N/A] ⏱ Skipping VWAP_diff_signal_rsi_1700, not yet time (every 5m)
2025-05-02 17:11:00 - DEBUG - [_process_strategies] [N/A] ⏱ Skipping EMA_Cross_ema50, not yet time (every 5m)
2025-05-02 17:11:00 - DEBUG - [_process_strategies] [N/A] ⏱ Skipping EMA_Cross_candle, not yet time (every 5m)
2025-05-02 17:11:00 - DEBUG - [_process_strategies] [N/A] ⏱ Skipping SMA_Cross_sma50, not yet time (every 5m)
2025-05-02 17:11:00 - DEBUG - [_process_strategies] [N/A] ⏱ Skipping VWAP_diff_signal_1700_volume, not yet time (every 5m)
2025-05-02 17:11:00 - DEBUG - [_process_strategies] [N/A] ⏱ Skipping SMA_Cross_candle, not yet time (every 5m)
2025-05-02 17:11:00 - INFO - [_update_active_orders_and_telegram] [N/A] 📊 Updating SL/TP for active orders
2025-05-02 17:11:01 - INFO - [_wait_until_next_iteration] [N/A] ⏳ Sleeping for 58.93 seconds before the next cycle
2025-05-02 17:12:00 - DEBUG - [_process_strategies] [N/A] ⏱ Skipping VWAP_diff_signal_1700, not yet time (every 5m)
2025-05-02 17:12:00 - DEBUG - [_process_strategies] [N/A] ⏱ Skipping VWAP_diff_signal_rsi_1700, not yet time (every 5m)
2025-05-02 17:12:00 - DEBUG - [_process_strategies] [N/A] ⏱ Skipping EMA_Cross_ema50, not yet time (every 5m)
2025-05-02 17:12:00 - DEBUG - [_process_strategies] [N/A] ⏱ Skipping EMA_Cross_candle, not yet time (every 5m)
2025-05-02 17:12:00 - DEBUG - [_process_strategies] [N/A] ⏱ Skipping SMA_Cross_sma50, not yet time (every 5m)
2025-05-02 17:12:00 - DEBUG - [_process_strategies] [N/A] ⏱ Skipping VWAP_diff_signal_1700_volume, not yet time (every 5m)
2025-05-02 17:12:00 - DEBUG - [_process_strategies] [N/A] ⏱ Skipping SMA_Cross_candle, not yet time (every 5m)
2025-05-02 17:12:00 - INFO - [_update_active_orders_and_telegram] [N/A] 📊 Updating SL/TP for active orders
2025-05-02 17:12:01 - INFO - [_wait_until_next_iteration] [N/A] ⏳ Sleeping for 58.96 seconds before the next cycle
2025-05-02 17:13:00 - DEBUG - [_process_strategies] [N/A] ⏱ Skipping VWAP_diff_signal_1700, not yet time (every 5m)
2025-05-02 17:13:00 - DEBUG - [_process_strategies] [N/A] ⏱ Skipping VWAP_diff_signal_rsi_1700, not yet time (every 5m)
2025-05-02 17:13:00 - DEBUG - [_process_strategies] [N/A] ⏱ Skipping EMA_Cross_ema50, not yet time (every 5m)
2025-05-02 17:13:00 - DEBUG - [_process_strategies] [N/A] ⏱ Skipping EMA_Cross_candle, not yet time (every 5m)
2025-05-02 17:13:00 - DEBUG - [_process_strategies] [N/A] ⏱ Skipping SMA_Cross_sma50, not yet time (every 5m)
2025-05-02 17:13:00 - DEBUG - [_process_strategies] [N/A] ⏱ Skipping VWAP_diff_signal_1700_volume, not yet time (every 5m)
2025-05-02 17:13:00 - DEBUG - [_process_strategies] [N/A] ⏱ Skipping SMA_Cross_candle, not yet time (every 5m)
2025-05-02 17:13:00 - INFO - [_update_active_orders_and_telegram] [N/A] 📊 Updating SL/TP for active orders
2025-05-02 17:13:01 - INFO - [_wait_until_next_iteration] [N/A] ⏳ Sleeping for 58.96 seconds before the next cycle
2025-05-02 17:14:00 - DEBUG - [_process_strategies] [N/A] ⏱ Skipping VWAP_diff_signal_1700, not yet time (every 5m)
2025-05-02 17:14:00 - DEBUG - [_process_strategies] [N/A] ⏱ Skipping VWAP_diff_signal_rsi_1700, not yet time (every 5m)
2025-05-02 17:14:00 - DEBUG - [_process_strategies] [N/A] ⏱ Skipping EMA_Cross_ema50, not yet time (every 5m)
2025-05-02 17:14:00 - DEBUG - [_process_strategies] [N/A] ⏱ Skipping EMA_Cross_candle, not yet time (every 5m)
2025-05-02 17:14:00 - DEBUG - [_process_strategies] [N/A] ⏱ Skipping SMA_Cross_sma50, not yet time (every 5m)
2025-05-02 17:14:00 - DEBUG - [_process_strategies] [N/A] ⏱ Skipping VWAP_diff_signal_1700_volume, not yet time (every 5m)
2025-05-02 17:14:00 - DEBUG - [_process_strategies] [N/A] ⏱ Skipping SMA_Cross_candle, not yet time (every 5m)
2025-05-02 17:14:00 - INFO - [_update_active_orders_and_telegram] [N/A] 📊 Updating SL/TP for active orders
2025-05-02 17:14:01 - INFO - [_wait_until_next_iteration] [N/A] ⏳ Sleeping for 58.93 seconds before the next cycle
2025-05-02 17:15:00 - INFO - [_run_strategy_if_applicable] [N/A] ⏰ Strategy 'VWAP_diff_signal_1700' not executed because it's outside the time window: 17:30:00 - 19:00:00
2025-05-02 17:15:00 - INFO - [_run_strategy_if_applicable] [N/A] ⏰ Strategy 'VWAP_diff_signal_rsi_1700' not executed because it's outside the time window: 17:30:00 - 19:00:00
2025-05-02 17:15:00 - INFO - [_run_strategy_if_applicable] [N/A] ⏰ Strategy 'EMA_Cross_ema50' not executed because it's outside the time window: 16:35:00 - 16:50:00
2025-05-02 17:15:00 - INFO - [_run_strategy_if_applicable] [N/A] ⏰ Strategy 'EMA_Cross_candle' not executed because it's outside the time window: 16:35:00 - 16:50:00
2025-05-02 17:15:00 - INFO - [_run_strategy_if_applicable] [N/A] ⏰ Strategy 'SMA_Cross_sma50' not executed because it's outside the time window: 16:35:00 - 16:50:00
2025-05-02 17:15:00 - INFO - [_run_strategy_if_applicable] [N/A] ⏰ Strategy 'VWAP_diff_signal_1700_volume' not executed because it's outside the time window: 17:30:00 - 19:00:00
2025-05-02 17:15:00 - INFO - [_run_strategy_if_applicable] [N/A] ⏰ Strategy 'SMA_Cross_candle' not executed because it's outside the time window: 16:35:00 - 16:50:00
2025-05-02 17:15:00 - INFO - [_update_active_orders_and_telegram] [N/A] 📊 Updating SL/TP for active orders
2025-05-02 17:15:01 - INFO - [_wait_until_next_iteration] [N/A] ⏳ Sleeping for 58.93 seconds before the next cycle
2025-05-02 17:16:00 - DEBUG - [_process_strategies] [N/A] ⏱ Skipping VWAP_diff_signal_1700, not yet time (every 5m)
2025-05-02 17:16:00 - DEBUG - [_process_strategies] [N/A] ⏱ Skipping VWAP_diff_signal_rsi_1700, not yet time (every 5m)
2025-05-02 17:16:00 - DEBUG - [_process_strategies] [N/A] ⏱ Skipping EMA_Cross_ema50, not yet time (every 5m)
2025-05-02 17:16:00 - DEBUG - [_process_strategies] [N/A] ⏱ Skipping EMA_Cross_candle, not yet time (every 5m)
2025-05-02 17:16:00 - DEBUG - [_process_strategies] [N/A] ⏱ Skipping SMA_Cross_sma50, not yet time (every 5m)
2025-05-02 17:16:00 - DEBUG - [_process_strategies] [N/A] ⏱ Skipping VWAP_diff_signal_1700_volume, not yet time (every 5m)
2025-05-02 17:16:00 - DEBUG - [_process_strategies] [N/A] ⏱ Skipping SMA_Cross_candle, not yet time (every 5m)
2025-05-02 17:16:00 - INFO - [_update_active_orders_and_telegram] [N/A] 📊 Updating SL/TP for active orders
2025-05-02 17:16:01 - INFO - [_wait_until_next_iteration] [N/A] ⏳ Sleeping for 58.94 seconds before the next cycle
2025-05-02 17:17:00 - DEBUG - [_process_strategies] [N/A] ⏱ Skipping VWAP_diff_signal_1700, not yet time (every 5m)
2025-05-02 17:17:00 - DEBUG - [_process_strategies] [N/A] ⏱ Skipping VWAP_diff_signal_rsi_1700, not yet time (every 5m)
2025-05-02 17:17:00 - DEBUG - [_process_strategies] [N/A] ⏱ Skipping EMA_Cross_ema50, not yet time (every 5m)
2025-05-02 17:17:00 - DEBUG - [_process_strategies] [N/A] ⏱ Skipping EMA_Cross_candle, not yet time (every 5m)
2025-05-02 17:17:00 - DEBUG - [_process_strategies] [N/A] ⏱ Skipping SMA_Cross_sma50, not yet time (every 5m)
2025-05-02 17:17:00 - DEBUG - [_process_strategies] [N/A] ⏱ Skipping VWAP_diff_signal_1700_volume, not yet time (every 5m)
2025-05-02 17:17:00 - DEBUG - [_process_strategies] [N/A] ⏱ Skipping SMA_Cross_candle, not yet time (every 5m)
2025-05-02 17:17:00 - INFO - [_update_active_orders_and_telegram] [N/A] 📊 Updating SL/TP for active orders
2025-05-02 17:17:01 - INFO - [_wait_until_next_iteration] [N/A] ⏳ Sleeping for 58.93 seconds before the next cycle
2025-05-02 17:18:00 - DEBUG - [_process_strategies] [N/A] ⏱ Skipping VWAP_diff_signal_1700, not yet time (every 5m)
2025-05-02 17:18:00 - DEBUG - [_process_strategies] [N/A] ⏱ Skipping VWAP_diff_signal_rsi_1700, not yet time (every 5m)
2025-05-02 17:18:00 - DEBUG - [_process_strategies] [N/A] ⏱ Skipping EMA_Cross_ema50, not yet time (every 5m)
2025-05-02 17:18:00 - DEBUG - [_process_strategies] [N/A] ⏱ Skipping EMA_Cross_candle, not yet time (every 5m)
2025-05-02 17:18:00 - DEBUG - [_process_strategies] [N/A] ⏱ Skipping SMA_Cross_sma50, not yet time (every 5m)
2025-05-02 17:18:00 - DEBUG - [_process_strategies] [N/A] ⏱ Skipping VWAP_diff_signal_1700_volume, not yet time (every 5m)
2025-05-02 17:18:00 - DEBUG - [_process_strategies] [N/A] ⏱ Skipping SMA_Cross_candle, not yet time (every 5m)
2025-05-02 17:18:00 - INFO - [_update_active_orders_and_telegram] [N/A] 📊 Updating SL/TP for active orders
2025-05-02 17:18:01 - INFO - [_wait_until_next_iteration] [N/A] ⏳ Sleeping for 58.93 seconds before the next cycle
2025-05-02 17:19:00 - DEBUG - [_process_strategies] [N/A] ⏱ Skipping VWAP_diff_signal_1700, not yet time (every 5m)
2025-05-02 17:19:00 - DEBUG - [_process_strategies] [N/A] ⏱ Skipping VWAP_diff_signal_rsi_1700, not yet time (every 5m)
2025-05-02 17:19:00 - DEBUG - [_process_strategies] [N/A] ⏱ Skipping EMA_Cross_ema50, not yet time (every 5m)
2025-05-02 17:19:00 - DEBUG - [_process_strategies] [N/A] ⏱ Skipping EMA_Cross_candle, not yet time (every 5m)
2025-05-02 17:19:00 - DEBUG - [_process_strategies] [N/A] ⏱ Skipping SMA_Cross_sma50, not yet time (every 5m)
2025-05-02 17:19:00 - DEBUG - [_process_strategies] [N/A] ⏱ Skipping VWAP_diff_signal_1700_volume, not yet time (every 5m)
2025-05-02 17:19:00 - DEBUG - [_process_strategies] [N/A] ⏱ Skipping SMA_Cross_candle, not yet time (every 5m)
2025-05-02 17:19:00 - INFO - [_update_active_orders_and_telegram] [N/A] 📊 Updating SL/TP for active orders
2025-05-02 17:19:01 - INFO - [_wait_until_next_iteration] [N/A] ⏳ Sleeping for 58.92 seconds before the next cycle
2025-05-02 17:20:00 - INFO - [_run_strategy_if_applicable] [N/A] ⏰ Strategy 'VWAP_diff_signal_1700' not executed because it's outside the time window: 17:30:00 - 19:00:00
2025-05-02 17:20:00 - INFO - [_run_strategy_if_applicable] [N/A] ⏰ Strategy 'VWAP_diff_signal_rsi_1700' not executed because it's outside the time window: 17:30:00 - 19:00:00
2025-05-02 17:20:00 - INFO - [_run_strategy_if_applicable] [N/A] ⏰ Strategy 'EMA_Cross_ema50' not executed because it's outside the time window: 16:35:00 - 16:50:00
2025-05-02 17:20:00 - INFO - [_run_strategy_if_applicable] [N/A] ⏰ Strategy 'EMA_Cross_candle' not executed because it's outside the time window: 16:35:00 - 16:50:00
2025-05-02 17:20:00 - INFO - [_run_strategy_if_applicable] [N/A] ⏰ Strategy 'SMA_Cross_sma50' not executed because it's outside the time window: 16:35:00 - 16:50:00
2025-05-02 17:20:00 - INFO - [_run_strategy_if_applicable] [N/A] ⏰ Strategy 'VWAP_diff_signal_1700_volume' not executed because it's outside the time window: 17:30:00 - 19:00:00
2025-05-02 17:20:00 - INFO - [_run_strategy_if_applicable] [N/A] ⏰ Strategy 'SMA_Cross_candle' not executed because it's outside the time window: 16:35:00 - 16:50:00
2025-05-02 17:20:00 - INFO - [_update_active_orders_and_telegram] [N/A] 📊 Updating SL/TP for active orders
2025-05-02 17:20:01 - INFO - [_wait_until_next_iteration] [N/A] ⏳ Sleeping for 58.92 seconds before the next cycle
2025-05-02 17:21:00 - DEBUG - [_process_strategies] [N/A] ⏱ Skipping VWAP_diff_signal_1700, not yet time (every 5m)
2025-05-02 17:21:00 - DEBUG - [_process_strategies] [N/A] ⏱ Skipping VWAP_diff_signal_rsi_1700, not yet time (every 5m)
2025-05-02 17:21:00 - DEBUG - [_process_strategies] [N/A] ⏱ Skipping EMA_Cross_ema50, not yet time (every 5m)
2025-05-02 17:21:00 - DEBUG - [_process_strategies] [N/A] ⏱ Skipping EMA_Cross_candle, not yet time (every 5m)
2025-05-02 17:21:00 - DEBUG - [_process_strategies] [N/A] ⏱ Skipping SMA_Cross_sma50, not yet time (every 5m)
2025-05-02 17:21:00 - DEBUG - [_process_strategies] [N/A] ⏱ Skipping VWAP_diff_signal_1700_volume, not yet time (every 5m)
2025-05-02 17:21:00 - DEBUG - [_process_strategies] [N/A] ⏱ Skipping SMA_Cross_candle, not yet time (every 5m)
2025-05-02 17:21:00 - INFO - [_update_active_orders_and_telegram] [N/A] 📊 Updating SL/TP for active orders
2025-05-02 17:21:01 - INFO - [_wait_until_next_iteration] [N/A] ⏳ Sleeping for 58.94 seconds before the next cycle
2025-05-02 17:22:00 - DEBUG - [_process_strategies] [N/A] ⏱ Skipping VWAP_diff_signal_1700, not yet time (every 5m)
2025-05-02 17:22:00 - DEBUG - [_process_strategies] [N/A] ⏱ Skipping VWAP_diff_signal_rsi_1700, not yet time (every 5m)
2025-05-02 17:22:00 - DEBUG - [_process_strategies] [N/A] ⏱ Skipping EMA_Cross_ema50, not yet time (every 5m)
2025-05-02 17:22:00 - DEBUG - [_process_strategies] [N/A] ⏱ Skipping EMA_Cross_candle, not yet time (every 5m)
2025-05-02 17:22:00 - DEBUG - [_process_strategies] [N/A] ⏱ Skipping SMA_Cross_sma50, not yet time (every 5m)
2025-05-02 17:22:00 - DEBUG - [_process_strategies] [N/A] ⏱ Skipping VWAP_diff_signal_1700_volume, not yet time (every 5m)
2025-05-02 17:22:00 - DEBUG - [_process_strategies] [N/A] ⏱ Skipping SMA_Cross_candle, not yet time (every 5m)
2025-05-02 17:22:00 - INFO - [_update_active_orders_and_telegram] [N/A] 📊 Updating SL/TP for active orders
2025-05-02 17:22:01 - INFO - [_wait_until_next_iteration] [N/A] ⏳ Sleeping for 58.93 seconds before the next cycle
2025-05-02 17:23:00 - DEBUG - [_process_strategies] [N/A] ⏱ Skipping VWAP_diff_signal_1700, not yet time (every 5m)
2025-05-02 17:23:00 - DEBUG - [_process_strategies] [N/A] ⏱ Skipping VWAP_diff_signal_rsi_1700, not yet time (every 5m)
2025-05-02 17:23:00 - DEBUG - [_process_strategies] [N/A] ⏱ Skipping EMA_Cross_ema50, not yet time (every 5m)
2025-05-02 17:23:00 - DEBUG - [_process_strategies] [N/A] ⏱ Skipping EMA_Cross_candle, not yet time (every 5m)
2025-05-02 17:23:00 - DEBUG - [_process_strategies] [N/A] ⏱ Skipping SMA_Cross_sma50, not yet time (every 5m)
2025-05-02 17:23:00 - DEBUG - [_process_strategies] [N/A] ⏱ Skipping VWAP_diff_signal_1700_volume, not yet time (every 5m)
2025-05-02 17:23:00 - DEBUG - [_process_strategies] [N/A] ⏱ Skipping SMA_Cross_candle, not yet time (every 5m)
2025-05-02 17:23:00 - INFO - [_update_active_orders_and_telegram] [N/A] 📊 Updating SL/TP for active orders
2025-05-02 17:23:01 - INFO - [_wait_until_next_iteration] [N/A] ⏳ Sleeping for 58.93 seconds before the next cycle
2025-05-02 17:24:00 - DEBUG - [_process_strategies] [N/A] ⏱ Skipping VWAP_diff_signal_1700, not yet time (every 5m)
2025-05-02 17:24:00 - DEBUG - [_process_strategies] [N/A] ⏱ Skipping VWAP_diff_signal_rsi_1700, not yet time (every 5m)
2025-05-02 17:24:00 - DEBUG - [_process_strategies] [N/A] ⏱ Skipping EMA_Cross_ema50, not yet time (every 5m)
2025-05-02 17:24:00 - DEBUG - [_process_strategies] [N/A] ⏱ Skipping EMA_Cross_candle, not yet time (every 5m)
2025-05-02 17:24:00 - DEBUG - [_process_strategies] [N/A] ⏱ Skipping SMA_Cross_sma50, not yet time (every 5m)
2025-05-02 17:24:00 - DEBUG - [_process_strategies] [N/A] ⏱ Skipping VWAP_diff_signal_1700_volume, not yet time (every 5m)
2025-05-02 17:24:00 - DEBUG - [_process_strategies] [N/A] ⏱ Skipping SMA_Cross_candle, not yet time (every 5m)
2025-05-02 17:24:00 - INFO - [_update_active_orders_and_telegram] [N/A] 📊 Updating SL/TP for active orders
2025-05-02 17:24:01 - INFO - [_wait_until_next_iteration] [N/A] ⏳ Sleeping for 58.93 seconds before the next cycle
2025-05-02 17:25:00 - INFO - [_run_strategy_if_applicable] [N/A] ⏰ Strategy 'VWAP_diff_signal_1700' not executed because it's outside the time window: 17:30:00 - 19:00:00
2025-05-02 17:25:00 - INFO - [_run_strategy_if_applicable] [N/A] ⏰ Strategy 'VWAP_diff_signal_rsi_1700' not executed because it's outside the time window: 17:30:00 - 19:00:00
2025-05-02 17:25:00 - INFO - [_run_strategy_if_applicable] [N/A] ⏰ Strategy 'EMA_Cross_ema50' not executed because it's outside the time window: 16:35:00 - 16:50:00
2025-05-02 17:25:00 - INFO - [_run_strategy_if_applicable] [N/A] ⏰ Strategy 'EMA_Cross_candle' not executed because it's outside the time window: 16:35:00 - 16:50:00
2025-05-02 17:25:00 - INFO - [_run_strategy_if_applicable] [N/A] ⏰ Strategy 'SMA_Cross_sma50' not executed because it's outside the time window: 16:35:00 - 16:50:00
2025-05-02 17:25:00 - INFO - [_run_strategy_if_applicable] [N/A] ⏰ Strategy 'VWAP_diff_signal_1700_volume' not executed because it's outside the time window: 17:30:00 - 19:00:00
2025-05-02 17:25:00 - INFO - [_run_strategy_if_applicable] [N/A] ⏰ Strategy 'SMA_Cross_candle' not executed because it's outside the time window: 16:35:00 - 16:50:00
2025-05-02 17:25:00 - INFO - [_update_active_orders_and_telegram] [N/A] 📊 Updating SL/TP for active orders
2025-05-02 17:25:01 - INFO - [_wait_until_next_iteration] [N/A] ⏳ Sleeping for 58.93 seconds before the next cycle
2025-05-02 17:26:00 - DEBUG - [_process_strategies] [N/A] ⏱ Skipping VWAP_diff_signal_1700, not yet time (every 5m)
2025-05-02 17:26:00 - DEBUG - [_process_strategies] [N/A] ⏱ Skipping VWAP_diff_signal_rsi_1700, not yet time (every 5m)
2025-05-02 17:26:00 - DEBUG - [_process_strategies] [N/A] ⏱ Skipping EMA_Cross_ema50, not yet time (every 5m)
2025-05-02 17:26:00 - DEBUG - [_process_strategies] [N/A] ⏱ Skipping EMA_Cross_candle, not yet time (every 5m)
2025-05-02 17:26:00 - DEBUG - [_process_strategies] [N/A] ⏱ Skipping SMA_Cross_sma50, not yet time (every 5m)
2025-05-02 17:26:00 - DEBUG - [_process_strategies] [N/A] ⏱ Skipping VWAP_diff_signal_1700_volume, not yet time (every 5m)
2025-05-02 17:26:00 - DEBUG - [_process_strategies] [N/A] ⏱ Skipping SMA_Cross_candle, not yet time (every 5m)
2025-05-02 17:26:00 - INFO - [_update_active_orders_and_telegram] [N/A] 📊 Updating SL/TP for active orders
2025-05-02 17:26:01 - INFO - [_wait_until_next_iteration] [N/A] ⏳ Sleeping for 58.93 seconds before the next cycle
2025-05-02 17:27:00 - DEBUG - [_process_strategies] [N/A] ⏱ Skipping VWAP_diff_signal_1700, not yet time (every 5m)
2025-05-02 17:27:00 - DEBUG - [_process_strategies] [N/A] ⏱ Skipping VWAP_diff_signal_rsi_1700, not yet time (every 5m)
2025-05-02 17:27:00 - DEBUG - [_process_strategies] [N/A] ⏱ Skipping EMA_Cross_ema50, not yet time (every 5m)
2025-05-02 17:27:00 - DEBUG - [_process_strategies] [N/A] ⏱ Skipping EMA_Cross_candle, not yet time (every 5m)
2025-05-02 17:27:00 - DEBUG - [_process_strategies] [N/A] ⏱ Skipping SMA_Cross_sma50, not yet time (every 5m)
2025-05-02 17:27:00 - DEBUG - [_process_strategies] [N/A] ⏱ Skipping VWAP_diff_signal_1700_volume, not yet time (every 5m)
2025-05-02 17:27:00 - DEBUG - [_process_strategies] [N/A] ⏱ Skipping SMA_Cross_candle, not yet time (every 5m)
2025-05-02 17:27:00 - INFO - [_update_active_orders_and_telegram] [N/A] 📊 Updating SL/TP for active orders
2025-05-02 17:27:01 - INFO - [_wait_until_next_iteration] [N/A] ⏳ Sleeping for 58.93 seconds before the next cycle
2025-05-02 17:28:00 - DEBUG - [_process_strategies] [N/A] ⏱ Skipping VWAP_diff_signal_1700, not yet time (every 5m)
2025-05-02 17:28:00 - DEBUG - [_process_strategies] [N/A] ⏱ Skipping VWAP_diff_signal_rsi_1700, not yet time (every 5m)
2025-05-02 17:28:00 - DEBUG - [_process_strategies] [N/A] ⏱ Skipping EMA_Cross_ema50, not yet time (every 5m)
2025-05-02 17:28:00 - DEBUG - [_process_strategies] [N/A] ⏱ Skipping EMA_Cross_candle, not yet time (every 5m)
2025-05-02 17:28:00 - DEBUG - [_process_strategies] [N/A] ⏱ Skipping SMA_Cross_sma50, not yet time (every 5m)
2025-05-02 17:28:00 - DEBUG - [_process_strategies] [N/A] ⏱ Skipping VWAP_diff_signal_1700_volume, not yet time (every 5m)
2025-05-02 17:28:00 - DEBUG - [_process_strategies] [N/A] ⏱ Skipping SMA_Cross_candle, not yet time (every 5m)
2025-05-02 17:28:00 - INFO - [_update_active_orders_and_telegram] [N/A] 📊 Updating SL/TP for active orders
2025-05-02 17:28:01 - INFO - [_wait_until_next_iteration] [N/A] ⏳ Sleeping for 58.94 seconds before the next cycle
2025-05-02 17:29:00 - DEBUG - [_process_strategies] [N/A] ⏱ Skipping VWAP_diff_signal_1700, not yet time (every 5m)
2025-05-02 17:29:00 - DEBUG - [_process_strategies] [N/A] ⏱ Skipping VWAP_diff_signal_rsi_1700, not yet time (every 5m)
2025-05-02 17:29:00 - DEBUG - [_process_strategies] [N/A] ⏱ Skipping EMA_Cross_ema50, not yet time (every 5m)
2025-05-02 17:29:00 - DEBUG - [_process_strategies] [N/A] ⏱ Skipping EMA_Cross_candle, not yet time (every 5m)
2025-05-02 17:29:00 - DEBUG - [_process_strategies] [N/A] ⏱ Skipping SMA_Cross_sma50, not yet time (every 5m)
2025-05-02 17:29:00 - DEBUG - [_process_strategies] [N/A] ⏱ Skipping VWAP_diff_signal_1700_volume, not yet time (every 5m)
2025-05-02 17:29:00 - DEBUG - [_process_strategies] [N/A] ⏱ Skipping SMA_Cross_candle, not yet time (every 5m)
2025-05-02 17:29:00 - INFO - [_update_active_orders_and_telegram] [N/A] 📊 Updating SL/TP for active orders
2025-05-02 17:29:01 - INFO - [_wait_until_next_iteration] [N/A] ⏳ Sleeping for 58.93 seconds before the next cycle
2025-05-02 17:30:00 - INFO - [_run_strategy_if_applicable] [N/A] 🔄 Starting trading loop for strategy: VWAP_diff_signal_1700
2025-05-02 17:30:00 - INFO - [get_stock_data] [CZR] Requesting data for CZR
2025-05-02 17:30:00 - INFO - [get_stock_data] [CZR] Data received for CZR: 90 rows
2025-05-02 17:30:00 - INFO - [check_vwap_diff_signal] [CZR] Analyzing VWAP reversal signal for CZR
2025-05-02 17:30:00 - INFO - [check_vwap_diff_signal] [CZR] Close: 27.4 | Low: 27.33 | High: 27.41 | VWAP: 27.49768144778761
2025-05-02 17:30:00 - DEBUG - [check_vwap_diff_signal] [CZR] [CZR] Last Candela: VWAP-Low=0.61%, High-VWAP=-0.32%
2025-05-02 17:30:00 - DEBUG - [check_vwap_diff_signal] [CZR] No VWAP signal detected
2025-05-02 17:30:00 - INFO - [_process_ticker] [CZR] ℹ️ No valid signal for CZR
2025-05-02 17:30:00 - INFO - [get_stock_data] [MTCH] Requesting data for MTCH
2025-05-02 17:30:02 - INFO - [get_stock_data] [MTCH] Data received for MTCH: 90 rows
2025-05-02 17:30:02 - INFO - [check_vwap_diff_signal] [MTCH] Analyzing VWAP reversal signal for MTCH
2025-05-02 17:30:02 - INFO - [check_vwap_diff_signal] [MTCH] Close: 30.65 | Low: 30.63 | High: 30.71 | VWAP: 30.80020107343893
2025-05-02 17:30:02 - DEBUG - [check_vwap_diff_signal] [MTCH] [MTCH] Last Candela: VWAP-Low=0.55%, High-VWAP=-0.29%
2025-05-02 17:30:02 - DEBUG - [check_vwap_diff_signal] [MTCH] No VWAP signal detected
2025-05-02 17:30:02 - INFO - [_process_ticker] [MTCH] ℹ️ No valid signal for MTCH
2025-05-02 17:30:02 - INFO - [get_stock_data] [NCHL] Requesting data for NCHL
2025-05-02 17:30:02 - ERROR - [get_stock_data] [NCHL] Error retrieving data: 'NoneType' object has no attribute 'empty'
2025-05-02 17:30:02 - INFO - [get_stock_data] [HBAN] Requesting data for HBAN
2025-05-02 17:30:03 - INFO - [get_stock_data] [HBAN] Data received for HBAN: 90 rows
2025-05-02 17:30:03 - INFO - [check_vwap_diff_signal] [HBAN] Analyzing VWAP reversal signal for HBAN
2025-05-02 17:30:03 - INFO - [check_vwap_diff_signal] [HBAN] Close: 14.99 | Low: 14.94 | High: 14.99 | VWAP: 14.905186046882067
2025-05-02 17:30:03 - DEBUG - [check_vwap_diff_signal] [HBAN] [HBAN] Last Candela: VWAP-Low=-0.23%, High-VWAP=0.57%
2025-05-02 17:30:03 - DEBUG - [check_vwap_diff_signal] [HBAN] No VWAP signal detected
2025-05-02 17:30:03 - INFO - [_process_ticker] [HBAN] ℹ️ No valid signal for HBAN
2025-05-02 17:30:03 - INFO - [get_stock_data] [MRNA] Requesting data for MRNA
2025-05-02 17:30:04 - INFO - [get_stock_data] [MRNA] Data received for MRNA: 90 rows
2025-05-02 17:30:04 - INFO - [check_vwap_diff_signal] [MRNA] Analyzing VWAP reversal signal for MRNA
2025-05-02 17:30:04 - INFO - [check_vwap_diff_signal] [MRNA] Close: 27.72 | Low: 27.53 | High: 27.72 | VWAP: 27.53649613849379
2025-05-02 17:30:04 - DEBUG - [check_vwap_diff_signal] [MRNA] [MRNA] Last Candela: VWAP-Low=0.02%, High-VWAP=0.67%
2025-05-02 17:30:04 - DEBUG - [check_vwap_diff_signal] [MRNA] No VWAP signal detected
2025-05-02 17:30:04 - INFO - [_process_ticker] [MRNA] ℹ️ No valid signal for MRNA
2025-05-02 17:30:04 - INFO - [get_stock_data] [WBD] Requesting data for WBD
2025-05-02 17:30:05 - INFO - [get_stock_data] [WBD] Data received for WBD: 90 rows
2025-05-02 17:30:05 - INFO - [check_vwap_diff_signal] [WBD] Analyzing VWAP reversal signal for WBD
2025-05-02 17:30:05 - INFO - [check_vwap_diff_signal] [WBD] Close: 8.54 | Low: 8.47 | High: 8.54 | VWAP: 8.530771806456444
2025-05-02 17:30:05 - DEBUG - [check_vwap_diff_signal] [WBD] [WBD] Last Candela: VWAP-Low=0.71%, High-VWAP=0.11%
2025-05-02 17:30:05 - DEBUG - [check_vwap_diff_signal] [WBD] No VWAP signal detected
2025-05-02 17:30:05 - INFO - [_process_ticker] [WBD] ℹ️ No valid signal for WBD
2025-05-02 17:30:05 - INFO - [get_stock_data] [CMCSA] Requesting data for CMCSA
2025-05-02 17:30:06 - INFO - [get_stock_data] [CMCSA] Data received for CMCSA: 91 rows
2025-05-02 17:30:06 - INFO - [check_vwap_diff_signal] [CMCSA] Analyzing VWAP reversal signal for CMCSA
2025-05-02 17:30:06 - INFO - [check_vwap_diff_signal] [CMCSA] Close: 34.27 | Low: 34.27 | High: 34.28 | VWAP: 34.21742662263232
2025-05-02 17:30:06 - DEBUG - [check_vwap_diff_signal] [CMCSA] [CMCSA] Last Candela: VWAP-Low=-0.15%, High-VWAP=0.18%
2025-05-02 17:30:06 - DEBUG - [check_vwap_diff_signal] [CMCSA] No VWAP signal detected
2025-05-02 17:30:06 - INFO - [_process_ticker] [CMCSA] ℹ️ No valid signal for CMCSA
2025-05-02 17:30:06 - INFO - [_run_strategy_if_applicable] [N/A] 🔄 Starting trading loop for strategy: VWAP_diff_signal_rsi_1700
2025-05-02 17:30:06 - INFO - [get_stock_data] [IVZ] Requesting data for IVZ
2025-05-02 17:30:08 - INFO - [get_stock_data] [IVZ] Data received for IVZ: 91 rows
2025-05-02 17:30:08 - INFO - [check_vwap_diff_signal_with_rsi] [IVZ] Analyzing VWAP reversal signal for IVZ
2025-05-02 17:30:08 - INFO - [check_vwap_diff_signal_with_rsi] [IVZ] Close: 14.31 | Low: 14.31 | High: 14.31 | VWAP: 14.261472283595156 | RSI: 63.12
2025-05-02 17:30:08 - DEBUG - [check_vwap_diff_signal_with_rsi] [IVZ] [IVZ] Last Candela: VWAP-Low=-0.34%, High-VWAP=0.34%
2025-05-02 17:30:08 - DEBUG - [check_vwap_diff_signal_with_rsi] [IVZ] No VWAP+RSI signal detected
2025-05-02 17:30:08 - INFO - [_process_ticker] [IVZ] ℹ️ No valid signal for IVZ
2025-05-02 17:30:08 - INFO - [get_stock_data] [FCX] Requesting data for FCX
2025-05-02 17:30:10 - INFO - [get_stock_data] [FCX] Data received for FCX: 91 rows
2025-05-02 17:30:10 - INFO - [check_vwap_diff_signal_with_rsi] [FCX] Analyzing VWAP reversal signal for FCX
2025-05-02 17:30:10 - INFO - [check_vwap_diff_signal_with_rsi] [FCX] Close: 37.52 | Low: 37.51 | High: 37.52 | VWAP: 37.365270814782434 | RSI: 67.95
2025-05-02 17:30:10 - DEBUG - [check_vwap_diff_signal_with_rsi] [FCX] [FCX] Last Candela: VWAP-Low=-0.39%, High-VWAP=0.41%
2025-05-02 17:30:10 - DEBUG - [check_vwap_diff_signal_with_rsi] [FCX] No VWAP+RSI signal detected
2025-05-02 17:30:10 - INFO - [_process_ticker] [FCX] ℹ️ No valid signal for FCX
2025-05-02 17:30:10 - INFO - [get_stock_data] [HST] Requesting data for HST
2025-05-02 17:30:11 - INFO - [get_stock_data] [HST] Data received for HST: 91 rows
2025-05-02 17:30:11 - INFO - [check_vwap_diff_signal_with_rsi] [HST] Analyzing VWAP reversal signal for HST
2025-05-02 17:30:11 - INFO - [check_vwap_diff_signal_with_rsi] [HST] Close: 14.68 | Low: 14.67 | High: 14.68 | VWAP: 14.724175273646201 | RSI: 52.59
2025-05-02 17:30:11 - DEBUG - [check_vwap_diff_signal_with_rsi] [HST] [HST] Last Candela: VWAP-Low=0.37%, High-VWAP=-0.30%
2025-05-02 17:30:11 - DEBUG - [check_vwap_diff_signal_with_rsi] [HST] No VWAP+RSI signal detected
2025-05-02 17:30:11 - INFO - [_process_ticker] [HST] ℹ️ No valid signal for HST
2025-05-02 17:30:11 - INFO - [get_stock_data] [IVZ] Requesting data for IVZ
2025-05-02 17:30:11 - INFO - [get_stock_data] [IVZ] Data received for IVZ: 91 rows
2025-05-02 17:30:11 - INFO - [check_vwap_diff_signal_with_rsi] [IVZ] Analyzing VWAP reversal signal for IVZ
2025-05-02 17:30:11 - INFO - [check_vwap_diff_signal_with_rsi] [IVZ] Close: 14.31 | Low: 14.31 | High: 14.31 | VWAP: 14.261472283595156 | RSI: 63.12
2025-05-02 17:30:11 - DEBUG - [check_vwap_diff_signal_with_rsi] [IVZ] [IVZ] Last Candela: VWAP-Low=-0.34%, High-VWAP=0.34%
2025-05-02 17:30:11 - DEBUG - [check_vwap_diff_signal_with_rsi] [IVZ] No VWAP+RSI signal detected
2025-05-02 17:30:11 - INFO - [_process_ticker] [IVZ] ℹ️ No valid signal for IVZ
2025-05-02 17:30:11 - INFO - [get_stock_data] [NEM] Requesting data for NEM
2025-05-02 17:30:13 - INFO - [get_stock_data] [NEM] Data received for NEM: 91 rows
2025-05-02 17:30:13 - INFO - [check_vwap_diff_signal_with_rsi] [NEM] Analyzing VWAP reversal signal for NEM
2025-05-02 17:30:13 - INFO - [check_vwap_diff_signal_with_rsi] [NEM] Close: 51.78 | Low: 51.77 | High: 51.78 | VWAP: 51.941606532272445 | RSI: 53.64
2025-05-02 17:30:13 - DEBUG - [check_vwap_diff_signal_with_rsi] [NEM] [NEM] Last Candela: VWAP-Low=0.33%, High-VWAP=-0.31%
2025-05-02 17:30:13 - DEBUG - [check_vwap_diff_signal_with_rsi] [NEM] No VWAP+RSI signal detected
2025-05-02 17:30:13 - INFO - [_process_ticker] [NEM] ℹ️ No valid signal for NEM
2025-05-02 17:30:13 - INFO - [get_stock_data] [LUV] Requesting data for LUV
2025-05-02 17:30:13 - INFO - [get_stock_data] [LUV] Data received for LUV: 91 rows
2025-05-02 17:30:13 - INFO - [check_vwap_diff_signal_with_rsi] [LUV] Analyzing VWAP reversal signal for LUV
2025-05-02 17:30:13 - INFO - [check_vwap_diff_signal_with_rsi] [LUV] Close: 29.61 | Low: 29.58 | High: 29.61 | VWAP: 29.684841342831046 | RSI: 62.44
2025-05-02 17:30:13 - DEBUG - [check_vwap_diff_signal_with_rsi] [LUV] [LUV] Last Candela: VWAP-Low=0.35%, High-VWAP=-0.25%
2025-05-02 17:30:13 - DEBUG - [check_vwap_diff_signal_with_rsi] [LUV] No VWAP+RSI signal detected
2025-05-02 17:30:13 - INFO - [_process_ticker] [LUV] ℹ️ No valid signal for LUV
2025-05-02 17:30:13 - INFO - [_run_strategy_if_applicable] [N/A] ⏰ Strategy 'EMA_Cross_ema50' not executed because it's outside the time window: 16:35:00 - 16:50:00
2025-05-02 17:30:13 - INFO - [_run_strategy_if_applicable] [N/A] ⏰ Strategy 'EMA_Cross_candle' not executed because it's outside the time window: 16:35:00 - 16:50:00
2025-05-02 17:30:13 - INFO - [_run_strategy_if_applicable] [N/A] ⏰ Strategy 'SMA_Cross_sma50' not executed because it's outside the time window: 16:35:00 - 16:50:00
2025-05-02 17:30:13 - INFO - [_run_strategy_if_applicable] [N/A] 🔄 Starting trading loop for strategy: VWAP_diff_signal_1700_volume
2025-05-02 17:30:13 - DEBUG - [_process_ticker] [GEN] 🚫 Trade not allowed for GEN (limit reached)
2025-05-02 17:30:13 - INFO - [get_stock_data] [HPQ] Requesting data for HPQ
2025-05-02 17:30:14 - INFO - [get_stock_data] [HPQ] Data received for HPQ: 91 rows
2025-05-02 17:30:14 - INFO - [check_vwap_diff_signal_with_volume] [HPQ] Analyzing VWAP reversal signal for HPQ
2025-05-02 17:30:14 - INFO - [_process_ticker] [HPQ] ℹ️ No valid signal for HPQ
2025-05-02 17:30:14 - INFO - [get_stock_data] [INTC] Requesting data for INTC
2025-05-02 17:30:16 - INFO - [get_stock_data] [INTC] Data received for INTC: 91 rows
2025-05-02 17:30:16 - INFO - [check_vwap_diff_signal_with_volume] [INTC] Analyzing VWAP reversal signal for INTC
2025-05-02 17:30:16 - INFO - [_process_ticker] [INTC] ℹ️ No valid signal for INTC
2025-05-02 17:30:16 - INFO - [get_stock_data] [RF] Requesting data for RF
2025-05-02 17:30:17 - INFO - [get_stock_data] [RF] Data received for RF: 91 rows
2025-05-02 17:30:17 - INFO - [check_vwap_diff_signal_with_volume] [RF] Analyzing VWAP reversal signal for RF
2025-05-02 17:30:17 - INFO - [_process_ticker] [RF] ℹ️ No valid signal for RF
2025-05-02 17:30:17 - INFO - [_run_strategy_if_applicable] [N/A] ⏰ Strategy 'SMA_Cross_candle' not executed because it's outside the time window: 16:35:00 - 16:50:00
2025-05-02 17:30:17 - INFO - [_update_active_orders_and_telegram] [N/A] 📊 Updating SL/TP for active orders
2025-05-02 17:30:18 - INFO - [_wait_until_next_iteration] [N/A] ⏳ Sleeping for 41.45 seconds before the next cycle
2025-05-02 17:31:00 - DEBUG - [_process_strategies] [N/A] ⏱ Skipping VWAP_diff_signal_1700, not yet time (every 5m)
2025-05-02 17:31:00 - DEBUG - [_process_strategies] [N/A] ⏱ Skipping VWAP_diff_signal_rsi_1700, not yet time (every 5m)
2025-05-02 17:31:00 - DEBUG - [_process_strategies] [N/A] ⏱ Skipping EMA_Cross_ema50, not yet time (every 5m)
2025-05-02 17:31:00 - DEBUG - [_process_strategies] [N/A] ⏱ Skipping EMA_Cross_candle, not yet time (every 5m)
2025-05-02 17:31:00 - DEBUG - [_process_strategies] [N/A] ⏱ Skipping SMA_Cross_sma50, not yet time (every 5m)
2025-05-02 17:31:00 - DEBUG - [_process_strategies] [N/A] ⏱ Skipping VWAP_diff_signal_1700_volume, not yet time (every 5m)
2025-05-02 17:31:00 - DEBUG - [_process_strategies] [N/A] ⏱ Skipping SMA_Cross_candle, not yet time (every 5m)
2025-05-02 17:31:00 - INFO - [_update_active_orders_and_telegram] [N/A] 📊 Updating SL/TP for active orders
2025-05-02 17:31:01 - INFO - [_wait_until_next_iteration] [N/A] ⏳ Sleeping for 58.94 seconds before the next cycle
2025-05-02 17:32:00 - DEBUG - [_process_strategies] [N/A] ⏱ Skipping VWAP_diff_signal_1700, not yet time (every 5m)
2025-05-02 17:32:00 - DEBUG - [_process_strategies] [N/A] ⏱ Skipping VWAP_diff_signal_rsi_1700, not yet time (every 5m)
2025-05-02 17:32:00 - DEBUG - [_process_strategies] [N/A] ⏱ Skipping EMA_Cross_ema50, not yet time (every 5m)
2025-05-02 17:32:00 - DEBUG - [_process_strategies] [N/A] ⏱ Skipping EMA_Cross_candle, not yet time (every 5m)
2025-05-02 17:32:00 - DEBUG - [_process_strategies] [N/A] ⏱ Skipping SMA_Cross_sma50, not yet time (every 5m)
2025-05-02 17:32:00 - DEBUG - [_process_strategies] [N/A] ⏱ Skipping VWAP_diff_signal_1700_volume, not yet time (every 5m)
2025-05-02 17:32:00 - DEBUG - [_process_strategies] [N/A] ⏱ Skipping SMA_Cross_candle, not yet time (every 5m)
2025-05-02 17:32:00 - INFO - [_update_active_orders_and_telegram] [N/A] 📊 Updating SL/TP for active orders
2025-05-02 17:32:01 - INFO - [_wait_until_next_iteration] [N/A] ⏳ Sleeping for 58.93 seconds before the next cycle
2025-05-02 17:33:00 - DEBUG - [_process_strategies] [N/A] ⏱ Skipping VWAP_diff_signal_1700, not yet time (every 5m)
2025-05-02 17:33:00 - DEBUG - [_process_strategies] [N/A] ⏱ Skipping VWAP_diff_signal_rsi_1700, not yet time (every 5m)
2025-05-02 17:33:00 - DEBUG - [_process_strategies] [N/A] ⏱ Skipping EMA_Cross_ema50, not yet time (every 5m)
2025-05-02 17:33:00 - DEBUG - [_process_strategies] [N/A] ⏱ Skipping EMA_Cross_candle, not yet time (every 5m)
2025-05-02 17:33:00 - DEBUG - [_process_strategies] [N/A] ⏱ Skipping SMA_Cross_sma50, not yet time (every 5m)
2025-05-02 17:33:00 - DEBUG - [_process_strategies] [N/A] ⏱ Skipping VWAP_diff_signal_1700_volume, not yet time (every 5m)
2025-05-02 17:33:00 - DEBUG - [_process_strategies] [N/A] ⏱ Skipping SMA_Cross_candle, not yet time (every 5m)
2025-05-02 17:33:00 - INFO - [_update_active_orders_and_telegram] [N/A] 📊 Updating SL/TP for active orders
2025-05-02 17:33:01 - INFO - [_wait_until_next_iteration] [N/A] ⏳ Sleeping for 58.93 seconds before the next cycle
2025-05-02 17:34:00 - DEBUG - [_process_strategies] [N/A] ⏱ Skipping VWAP_diff_signal_1700, not yet time (every 5m)
2025-05-02 17:34:00 - DEBUG - [_process_strategies] [N/A] ⏱ Skipping VWAP_diff_signal_rsi_1700, not yet time (every 5m)
2025-05-02 17:34:00 - DEBUG - [_process_strategies] [N/A] ⏱ Skipping EMA_Cross_ema50, not yet time (every 5m)
2025-05-02 17:34:00 - DEBUG - [_process_strategies] [N/A] ⏱ Skipping EMA_Cross_candle, not yet time (every 5m)
2025-05-02 17:34:00 - DEBUG - [_process_strategies] [N/A] ⏱ Skipping SMA_Cross_sma50, not yet time (every 5m)
2025-05-02 17:34:00 - DEBUG - [_process_strategies] [N/A] ⏱ Skipping VWAP_diff_signal_1700_volume, not yet time (every 5m)
2025-05-02 17:34:00 - DEBUG - [_process_strategies] [N/A] ⏱ Skipping SMA_Cross_candle, not yet time (every 5m)
2025-05-02 17:34:00 - INFO - [_update_active_orders_and_telegram] [N/A] 📊 Updating SL/TP for active orders
2025-05-02 17:34:01 - INFO - [_wait_until_next_iteration] [N/A] ⏳ Sleeping for 58.93 seconds before the next cycle
2025-05-02 17:35:00 - INFO - [_run_strategy_if_applicable] [N/A] 🔄 Starting trading loop for strategy: VWAP_diff_signal_1700
2025-05-02 17:35:00 - INFO - [get_stock_data] [CZR] Requesting data for CZR
2025-05-02 17:35:00 - INFO - [get_stock_data] [CZR] Data received for CZR: 91 rows
2025-05-02 17:35:00 - INFO - [check_vwap_diff_signal] [CZR] Analyzing VWAP reversal signal for CZR
2025-05-02 17:35:00 - INFO - [check_vwap_diff_signal] [CZR] Close: 27.45 | Low: 27.39 | High: 27.51 | VWAP: 27.49567790675432
2025-05-02 17:35:00 - DEBUG - [check_vwap_diff_signal] [CZR] [CZR] Last Candela: VWAP-Low=0.38%, High-VWAP=0.05%
2025-05-02 17:35:00 - DEBUG - [check_vwap_diff_signal] [CZR] No VWAP signal detected
2025-05-02 17:35:00 - INFO - [_process_ticker] [CZR] ℹ️ No valid signal for CZR
2025-05-02 17:35:00 - INFO - [get_stock_data] [MTCH] Requesting data for MTCH
2025-05-02 17:35:01 - INFO - [get_stock_data] [MTCH] Data received for MTCH: 91 rows
2025-05-02 17:35:01 - INFO - [check_vwap_diff_signal] [MTCH] Analyzing VWAP reversal signal for MTCH
2025-05-02 17:35:01 - INFO - [check_vwap_diff_signal] [MTCH] Close: 30.64 | Low: 30.62 | High: 30.69 | VWAP: 30.784676605152093
2025-05-02 17:35:01 - DEBUG - [check_vwap_diff_signal] [MTCH] [MTCH] Last Candela: VWAP-Low=0.53%, High-VWAP=-0.31%
2025-05-02 17:35:01 - DEBUG - [check_vwap_diff_signal] [MTCH] No VWAP signal detected
2025-05-02 17:35:01 - INFO - [_process_ticker] [MTCH] ℹ️ No valid signal for MTCH
2025-05-02 17:35:01 - INFO - [get_stock_data] [NCHL] Requesting data for NCHL
2025-05-02 17:35:01 - ERROR - [get_stock_data] [NCHL] Error retrieving data: 'NoneType' object has no attribute 'empty'
2025-05-02 17:35:01 - INFO - [get_stock_data] [HBAN] Requesting data for HBAN
2025-05-02 17:35:02 - INFO - [get_stock_data] [HBAN] Data received for HBAN: 91 rows
2025-05-02 17:35:02 - INFO - [check_vwap_diff_signal] [HBAN] Analyzing VWAP reversal signal for HBAN
2025-05-02 17:35:02 - INFO - [check_vwap_diff_signal] [HBAN] Close: 14.99 | Low: 14.97 | High: 15.01 | VWAP: 14.91718501926982
2025-05-02 17:35:02 - DEBUG - [check_vwap_diff_signal] [HBAN] [HBAN] Last Candela: VWAP-Low=-0.35%, High-VWAP=0.62%
2025-05-02 17:35:02 - DEBUG - [check_vwap_diff_signal] [HBAN] No VWAP signal detected
2025-05-02 17:35:02 - INFO - [_process_ticker] [HBAN] ℹ️ No valid signal for HBAN
2025-05-02 17:35:02 - INFO - [get_stock_data] [MRNA] Requesting data for MRNA
2025-05-02 17:35:02 - INFO - [get_stock_data] [MRNA] Data received for MRNA: 91 rows
2025-05-02 17:35:02 - INFO - [check_vwap_diff_signal] [MRNA] Analyzing VWAP reversal signal for MRNA
2025-05-02 17:35:02 - INFO - [check_vwap_diff_signal] [MRNA] Close: 27.61 | Low: 27.59 | High: 27.75 | VWAP: 27.53929581282882
2025-05-02 17:35:02 - DEBUG - [check_vwap_diff_signal] [MRNA] [MRNA] Last Candela: VWAP-Low=-0.18%, High-VWAP=0.77%
2025-05-02 17:35:02 - DEBUG - [check_vwap_diff_signal] [MRNA] No VWAP signal detected
2025-05-02 17:35:02 - INFO - [_process_ticker] [MRNA] ℹ️ No valid signal for MRNA
2025-05-02 17:35:02 - INFO - [get_stock_data] [WBD] Requesting data for WBD
2025-05-02 17:35:03 - INFO - [get_stock_data] [WBD] Data received for WBD: 91 rows
2025-05-02 17:35:03 - INFO - [check_vwap_diff_signal] [WBD] Analyzing VWAP reversal signal for WBD
2025-05-02 17:35:03 - INFO - [check_vwap_diff_signal] [WBD] Close: 8.57 | Low: 8.52 | High: 8.58 | VWAP: 8.53500517676118
2025-05-02 17:35:03 - DEBUG - [check_vwap_diff_signal] [WBD] [WBD] Last Candela: VWAP-Low=0.18%, High-VWAP=0.53%
2025-05-02 17:35:03 - DEBUG - [check_vwap_diff_signal] [WBD] No VWAP signal detected
2025-05-02 17:35:03 - INFO - [_process_ticker] [WBD] ℹ️ No valid signal for WBD
2025-05-02 17:35:03 - INFO - [get_stock_data] [CMCSA] Requesting data for CMCSA
2025-05-02 17:35:04 - INFO - [get_stock_data] [CMCSA] Data received for CMCSA: 91 rows
2025-05-02 17:35:04 - INFO - [check_vwap_diff_signal] [CMCSA] Analyzing VWAP reversal signal for CMCSA
2025-05-02 17:35:04 - INFO - [check_vwap_diff_signal] [CMCSA] Close: 34.24 | Low: 34.21 | High: 34.29 | VWAP: 34.218938233867775
2025-05-02 17:35:04 - DEBUG - [check_vwap_diff_signal] [CMCSA] [CMCSA] Last Candela: VWAP-Low=0.03%, High-VWAP=0.21%
2025-05-02 17:35:04 - DEBUG - [check_vwap_diff_signal] [CMCSA] No VWAP signal detected
2025-05-02 17:35:04 - INFO - [_process_ticker] [CMCSA] ℹ️ No valid signal for CMCSA
2025-05-02 17:35:04 - INFO - [_run_strategy_if_applicable] [N/A] 🔄 Starting trading loop for strategy: VWAP_diff_signal_rsi_1700
2025-05-02 17:35:04 - INFO - [get_stock_data] [IVZ] Requesting data for IVZ
2025-05-02 17:35:04 - INFO - [get_stock_data] [IVZ] Data received for IVZ: 91 rows
2025-05-02 17:35:04 - INFO - [check_vwap_diff_signal_with_rsi] [IVZ] Analyzing VWAP reversal signal for IVZ
2025-05-02 17:35:04 - INFO - [check_vwap_diff_signal_with_rsi] [IVZ] Close: 14.31 | Low: 14.29 | High: 14.32 | VWAP: 14.26442667545283 | RSI: 63.12
2025-05-02 17:35:04 - DEBUG - [check_vwap_diff_signal_with_rsi] [IVZ] [IVZ] Last Candela: VWAP-Low=-0.18%, High-VWAP=0.39%
2025-05-02 17:35:04 - DEBUG - [check_vwap_diff_signal_with_rsi] [IVZ] No VWAP+RSI signal detected
2025-05-02 17:35:04 - INFO - [_process_ticker] [IVZ] ℹ️ No valid signal for IVZ
2025-05-02 17:35:04 - INFO - [get_stock_data] [FCX] Requesting data for FCX
2025-05-02 17:35:05 - INFO - [get_stock_data] [FCX] Data received for FCX: 91 rows
2025-05-02 17:35:05 - INFO - [check_vwap_diff_signal_with_rsi] [FCX] Analyzing VWAP reversal signal for FCX
2025-05-02 17:35:05 - INFO - [check_vwap_diff_signal_with_rsi] [FCX] Close: 37.5 | Low: 37.42 | High: 37.55 | VWAP: 37.374015503503834 | RSI: 67.05
2025-05-02 17:35:05 - DEBUG - [check_vwap_diff_signal_with_rsi] [FCX] [FCX] Last Candela: VWAP-Low=-0.12%, High-VWAP=0.47%
2025-05-02 17:35:05 - DEBUG - [check_vwap_diff_signal_with_rsi] [FCX] No VWAP+RSI signal detected
2025-05-02 17:35:05 - INFO - [_process_ticker] [FCX] ℹ️ No valid signal for FCX
2025-05-02 17:35:05 - INFO - [get_stock_data] [HST] Requesting data for HST
2025-05-02 17:35:06 - INFO - [get_stock_data] [HST] Data received for HST: 92 rows
2025-05-02 17:35:06 - INFO - [check_vwap_diff_signal_with_rsi] [HST] Analyzing VWAP reversal signal for HST
2025-05-02 17:35:06 - INFO - [check_vwap_diff_signal_with_rsi] [HST] Close: 14.69 | Low: 14.68 | High: 14.69 | VWAP: 14.722275695626509 | RSI: 53.56
2025-05-02 17:35:06 - DEBUG - [check_vwap_diff_signal_with_rsi] [HST] [HST] Last Candela: VWAP-Low=0.29%, High-VWAP=-0.22%
2025-05-02 17:35:06 - DEBUG - [check_vwap_diff_signal_with_rsi] [HST] No VWAP+RSI signal detected
2025-05-02 17:35:06 - INFO - [_process_ticker] [HST] ℹ️ No valid signal for HST
2025-05-02 17:35:06 - INFO - [get_stock_data] [IVZ] Requesting data for IVZ
2025-05-02 17:35:06 - INFO - [get_stock_data] [IVZ] Data received for IVZ: 92 rows
2025-05-02 17:35:06 - INFO - [check_vwap_diff_signal_with_rsi] [IVZ] Analyzing VWAP reversal signal for IVZ
2025-05-02 17:35:06 - INFO - [check_vwap_diff_signal_with_rsi] [IVZ] Close: 14.3 | Low: 14.3 | High: 14.3 | VWAP: 14.26442667545283 | RSI: 61.99
2025-05-02 17:35:06 - DEBUG - [check_vwap_diff_signal_with_rsi] [IVZ] [IVZ] Last Candela: VWAP-Low=-0.25%, High-VWAP=0.25%
2025-05-02 17:35:06 - DEBUG - [check_vwap_diff_signal_with_rsi] [IVZ] No VWAP+RSI signal detected
2025-05-02 17:35:06 - INFO - [_process_ticker] [IVZ] ℹ️ No valid signal for IVZ
2025-05-02 17:35:06 - INFO - [get_stock_data] [NEM] Requesting data for NEM
2025-05-02 17:35:07 - INFO - [get_stock_data] [NEM] Data received for NEM: 92 rows
2025-05-02 17:35:07 - INFO - [check_vwap_diff_signal_with_rsi] [NEM] Analyzing VWAP reversal signal for NEM
2025-05-02 17:35:07 - INFO - [check_vwap_diff_signal_with_rsi] [NEM] Close: 51.82 | Low: 51.81 | High: 51.83 | VWAP: 51.9343087463277 | RSI: 55.24
2025-05-02 17:35:07 - DEBUG - [check_vwap_diff_signal_with_rsi] [NEM] [NEM] Last Candela: VWAP-Low=0.24%, High-VWAP=-0.20%
2025-05-02 17:35:07 - DEBUG - [check_vwap_diff_signal_with_rsi] [NEM] No VWAP+RSI signal detected
2025-05-02 17:35:07 - INFO - [_process_ticker] [NEM] ℹ️ No valid signal for NEM
2025-05-02 17:35:07 - INFO - [get_stock_data] [LUV] Requesting data for LUV
2025-05-02 17:35:07 - INFO - [get_stock_data] [LUV] Data received for LUV: 92 rows
2025-05-02 17:35:07 - INFO - [check_vwap_diff_signal_with_rsi] [LUV] Analyzing VWAP reversal signal for LUV
2025-05-02 17:35:07 - INFO - [check_vwap_diff_signal_with_rsi] [LUV] Close: 29.48 | Low: 29.48 | High: 29.48 | VWAP: 29.678955168399405 | RSI: 56.98
2025-05-02 17:35:07 - DEBUG - [check_vwap_diff_signal_with_rsi] [LUV] [LUV] Last Candela: VWAP-Low=0.67%, High-VWAP=-0.67%
2025-05-02 17:35:07 - DEBUG - [check_vwap_diff_signal_with_rsi] [LUV] No VWAP+RSI signal detected
2025-05-02 17:35:07 - INFO - [_process_ticker] [LUV] ℹ️ No valid signal for LUV
2025-05-02 17:35:07 - INFO - [_run_strategy_if_applicable] [N/A] ⏰ Strategy 'EMA_Cross_ema50' not executed because it's outside the time window: 16:35:00 - 16:50:00
2025-05-02 17:35:07 - INFO - [_run_strategy_if_applicable] [N/A] ⏰ Strategy 'EMA_Cross_candle' not executed because it's outside the time window: 16:35:00 - 16:50:00
2025-05-02 17:35:07 - INFO - [_run_strategy_if_applicable] [N/A] ⏰ Strategy 'SMA_Cross_sma50' not executed because it's outside the time window: 16:35:00 - 16:50:00
2025-05-02 17:35:07 - INFO - [_run_strategy_if_applicable] [N/A] 🔄 Starting trading loop for strategy: VWAP_diff_signal_1700_volume
2025-05-02 17:35:07 - DEBUG - [_process_ticker] [GEN] 🚫 Trade not allowed for GEN (limit reached)
2025-05-02 17:35:07 - INFO - [get_stock_data] [HPQ] Requesting data for HPQ
2025-05-02 17:35:08 - INFO - [get_stock_data] [HPQ] Data received for HPQ: 92 rows
2025-05-02 17:35:08 - INFO - [check_vwap_diff_signal_with_volume] [HPQ] Analyzing VWAP reversal signal for HPQ
2025-05-02 17:35:08 - INFO - [_process_ticker] [HPQ] ℹ️ No valid signal for HPQ
2025-05-02 17:35:08 - INFO - [get_stock_data] [INTC] Requesting data for INTC
2025-05-02 17:35:09 - INFO - [get_stock_data] [INTC] Data received for INTC: 92 rows
2025-05-02 17:35:09 - INFO - [check_vwap_diff_signal_with_volume] [INTC] Analyzing VWAP reversal signal for INTC
2025-05-02 17:35:09 - INFO - [_process_ticker] [INTC] ℹ️ No valid signal for INTC
2025-05-02 17:35:09 - INFO - [get_stock_data] [RF] Requesting data for RF
2025-05-02 17:35:10 - INFO - [get_stock_data] [RF] Data received for RF: 92 rows
2025-05-02 17:35:10 - INFO - [check_vwap_diff_signal_with_volume] [RF] Analyzing VWAP reversal signal for RF
2025-05-02 17:35:10 - INFO - [_process_ticker] [RF] ℹ️ No valid signal for RF
2025-05-02 17:35:10 - INFO - [_run_strategy_if_applicable] [N/A] ⏰ Strategy 'SMA_Cross_candle' not executed because it's outside the time window: 16:35:00 - 16:50:00
2025-05-02 17:35:10 - INFO - [_update_active_orders_and_telegram] [N/A] 📊 Updating SL/TP for active orders
2025-05-02 17:35:11 - INFO - [_wait_until_next_iteration] [N/A] ⏳ Sleeping for 48.82 seconds before the next cycle
2025-05-02 17:36:00 - DEBUG - [_process_strategies] [N/A] ⏱ Skipping VWAP_diff_signal_1700, not yet time (every 5m)
2025-05-02 17:36:00 - DEBUG - [_process_strategies] [N/A] ⏱ Skipping VWAP_diff_signal_rsi_1700, not yet time (every 5m)
2025-05-02 17:36:00 - DEBUG - [_process_strategies] [N/A] ⏱ Skipping EMA_Cross_ema50, not yet time (every 5m)
2025-05-02 17:36:00 - DEBUG - [_process_strategies] [N/A] ⏱ Skipping EMA_Cross_candle, not yet time (every 5m)
2025-05-02 17:36:00 - DEBUG - [_process_strategies] [N/A] ⏱ Skipping SMA_Cross_sma50, not yet time (every 5m)
2025-05-02 17:36:00 - DEBUG - [_process_strategies] [N/A] ⏱ Skipping VWAP_diff_signal_1700_volume, not yet time (every 5m)
2025-05-02 17:36:00 - DEBUG - [_process_strategies] [N/A] ⏱ Skipping SMA_Cross_candle, not yet time (every 5m)
2025-05-02 17:36:00 - INFO - [_update_active_orders_and_telegram] [N/A] 📊 Updating SL/TP for active orders
2025-05-02 17:36:01 - INFO - [_wait_until_next_iteration] [N/A] ⏳ Sleeping for 58.93 seconds before the next cycle
2025-05-02 17:37:00 - DEBUG - [_process_strategies] [N/A] ⏱ Skipping VWAP_diff_signal_1700, not yet time (every 5m)
2025-05-02 17:37:00 - DEBUG - [_process_strategies] [N/A] ⏱ Skipping VWAP_diff_signal_rsi_1700, not yet time (every 5m)
2025-05-02 17:37:00 - DEBUG - [_process_strategies] [N/A] ⏱ Skipping EMA_Cross_ema50, not yet time (every 5m)
2025-05-02 17:37:00 - DEBUG - [_process_strategies] [N/A] ⏱ Skipping EMA_Cross_candle, not yet time (every 5m)
2025-05-02 17:37:00 - DEBUG - [_process_strategies] [N/A] ⏱ Skipping SMA_Cross_sma50, not yet time (every 5m)
2025-05-02 17:37:00 - DEBUG - [_process_strategies] [N/A] ⏱ Skipping VWAP_diff_signal_1700_volume, not yet time (every 5m)
2025-05-02 17:37:00 - DEBUG - [_process_strategies] [N/A] ⏱ Skipping SMA_Cross_candle, not yet time (every 5m)
2025-05-02 17:37:00 - INFO - [_update_active_orders_and_telegram] [N/A] 📊 Updating SL/TP for active orders
2025-05-02 17:37:01 - INFO - [_wait_until_next_iteration] [N/A] ⏳ Sleeping for 58.93 seconds before the next cycle
2025-05-02 17:38:00 - DEBUG - [_process_strategies] [N/A] ⏱ Skipping VWAP_diff_signal_1700, not yet time (every 5m)
2025-05-02 17:38:00 - DEBUG - [_process_strategies] [N/A] ⏱ Skipping VWAP_diff_signal_rsi_1700, not yet time (every 5m)
2025-05-02 17:38:00 - DEBUG - [_process_strategies] [N/A] ⏱ Skipping EMA_Cross_ema50, not yet time (every 5m)
2025-05-02 17:38:00 - DEBUG - [_process_strategies] [N/A] ⏱ Skipping EMA_Cross_candle, not yet time (every 5m)
2025-05-02 17:38:00 - DEBUG - [_process_strategies] [N/A] ⏱ Skipping SMA_Cross_sma50, not yet time (every 5m)
2025-05-02 17:38:00 - DEBUG - [_process_strategies] [N/A] ⏱ Skipping VWAP_diff_signal_1700_volume, not yet time (every 5m)
2025-05-02 17:38:00 - DEBUG - [_process_strategies] [N/A] ⏱ Skipping SMA_Cross_candle, not yet time (every 5m)
2025-05-02 17:38:00 - INFO - [_update_active_orders_and_telegram] [N/A] 📊 Updating SL/TP for active orders
2025-05-02 17:38:01 - INFO - [_wait_until_next_iteration] [N/A] ⏳ Sleeping for 58.93 seconds before the next cycle
2025-05-02 17:39:00 - DEBUG - [_process_strategies] [N/A] ⏱ Skipping VWAP_diff_signal_1700, not yet time (every 5m)
2025-05-02 17:39:00 - DEBUG - [_process_strategies] [N/A] ⏱ Skipping VWAP_diff_signal_rsi_1700, not yet time (every 5m)
2025-05-02 17:39:00 - DEBUG - [_process_strategies] [N/A] ⏱ Skipping EMA_Cross_ema50, not yet time (every 5m)
2025-05-02 17:39:00 - DEBUG - [_process_strategies] [N/A] ⏱ Skipping EMA_Cross_candle, not yet time (every 5m)
2025-05-02 17:39:00 - DEBUG - [_process_strategies] [N/A] ⏱ Skipping SMA_Cross_sma50, not yet time (every 5m)
2025-05-02 17:39:00 - DEBUG - [_process_strategies] [N/A] ⏱ Skipping VWAP_diff_signal_1700_volume, not yet time (every 5m)
2025-05-02 17:39:00 - DEBUG - [_process_strategies] [N/A] ⏱ Skipping SMA_Cross_candle, not yet time (every 5m)
2025-05-02 17:39:00 - INFO - [_update_active_orders_and_telegram] [N/A] 📊 Updating SL/TP for active orders
2025-05-02 17:39:01 - INFO - [_wait_until_next_iteration] [N/A] ⏳ Sleeping for 58.93 seconds before the next cycle
2025-05-02 17:40:00 - INFO - [_run_strategy_if_applicable] [N/A] 🔄 Starting trading loop for strategy: VWAP_diff_signal_1700
2025-05-02 17:40:00 - INFO - [get_stock_data] [CZR] Requesting data for CZR
2025-05-02 17:40:00 - INFO - [get_stock_data] [CZR] Data received for CZR: 92 rows
2025-05-02 17:40:00 - INFO - [check_vwap_diff_signal] [CZR] Analyzing VWAP reversal signal for CZR
2025-05-02 17:40:00 - INFO - [check_vwap_diff_signal] [CZR] Close: 27.43 | Low: 27.4 | High: 27.44 | VWAP: 27.492143345393945
2025-05-02 17:40:00 - DEBUG - [check_vwap_diff_signal] [CZR] [CZR] Last Candela: VWAP-Low=0.34%, High-VWAP=-0.19%
2025-05-02 17:40:00 - DEBUG - [check_vwap_diff_signal] [CZR] No VWAP signal detected
2025-05-02 17:40:00 - INFO - [_process_ticker] [CZR] ℹ️ No valid signal for CZR
2025-05-02 17:40:00 - INFO - [get_stock_data] [MTCH] Requesting data for MTCH
2025-05-02 17:40:01 - INFO - [get_stock_data] [MTCH] Data received for MTCH: 92 rows
2025-05-02 17:40:01 - INFO - [check_vwap_diff_signal] [MTCH] Analyzing VWAP reversal signal for MTCH
2025-05-02 17:40:01 - INFO - [check_vwap_diff_signal] [MTCH] Close: 30.77 | Low: 30.65 | High: 30.81 | VWAP: 30.78354906481494
2025-05-02 17:40:01 - DEBUG - [check_vwap_diff_signal] [MTCH] [MTCH] Last Candela: VWAP-Low=0.43%, High-VWAP=0.09%
2025-05-02 17:40:01 - DEBUG - [check_vwap_diff_signal] [MTCH] No VWAP signal detected
2025-05-02 17:40:01 - INFO - [_process_ticker] [MTCH] ℹ️ No valid signal for MTCH
2025-05-02 17:40:01 - INFO - [get_stock_data] [NCHL] Requesting data for NCHL
2025-05-02 17:40:01 - ERROR - [get_stock_data] [NCHL] Error retrieving data: 'NoneType' object has no attribute 'empty'
2025-05-02 17:40:01 - INFO - [get_stock_data] [HBAN] Requesting data for HBAN
2025-05-02 17:40:02 - INFO - [get_stock_data] [HBAN] Data received for HBAN: 92 rows
2025-05-02 17:40:02 - INFO - [check_vwap_diff_signal] [HBAN] Analyzing VWAP reversal signal for HBAN
2025-05-02 17:40:02 - INFO - [check_vwap_diff_signal] [HBAN] Close: 15.0 | Low: 14.96 | High: 15.01 | VWAP: 14.930796902356997
2025-05-02 17:40:02 - DEBUG - [check_vwap_diff_signal] [HBAN] [HBAN] Last Candela: VWAP-Low=-0.20%, High-VWAP=0.53%
2025-05-02 17:40:02 - DEBUG - [check_vwap_diff_signal] [HBAN] No VWAP signal detected
2025-05-02 17:40:02 - INFO - [_process_ticker] [HBAN] ℹ️ No valid signal for HBAN
2025-05-02 17:40:02 - INFO - [get_stock_data] [MRNA] Requesting data for MRNA
2025-05-02 17:40:03 - INFO - [get_stock_data] [MRNA] Data received for MRNA: 92 rows
2025-05-02 17:40:03 - INFO - [check_vwap_diff_signal] [MRNA] Analyzing VWAP reversal signal for MRNA
2025-05-02 17:40:03 - INFO - [check_vwap_diff_signal] [MRNA] Close: 27.6 | Low: 27.58 | High: 27.67 | VWAP: 27.542011502394224
2025-05-02 17:40:03 - DEBUG - [check_vwap_diff_signal] [MRNA] [MRNA] Last Candela: VWAP-Low=-0.14%, High-VWAP=0.46%
2025-05-02 17:40:03 - DEBUG - [check_vwap_diff_signal] [MRNA] No VWAP signal detected
2025-05-02 17:40:03 - INFO - [_process_ticker] [MRNA] ℹ️ No valid signal for MRNA
2025-05-02 17:40:03 - INFO - [get_stock_data] [WBD] Requesting data for WBD
2025-05-02 17:40:03 - INFO - [get_stock_data] [WBD] Data received for WBD: 92 rows
2025-05-02 17:40:03 - INFO - [check_vwap_diff_signal] [WBD] Analyzing VWAP reversal signal for WBD
2025-05-02 17:40:03 - INFO - [check_vwap_diff_signal] [WBD] Close: 8.59 | Low: 8.56 | High: 8.6 | VWAP: 8.539111728372832
2025-05-02 17:40:03 - DEBUG - [check_vwap_diff_signal] [WBD] [WBD] Last Candela: VWAP-Low=-0.24%, High-VWAP=0.71%
2025-05-02 17:40:03 - DEBUG - [check_vwap_diff_signal] [WBD] No VWAP signal detected
2025-05-02 17:40:03 - INFO - [_process_ticker] [WBD] ℹ️ No valid signal for WBD
2025-05-02 17:40:03 - INFO - [get_stock_data] [CMCSA] Requesting data for CMCSA
2025-05-02 17:40:04 - INFO - [get_stock_data] [CMCSA] Data received for CMCSA: 92 rows
2025-05-02 17:40:04 - INFO - [check_vwap_diff_signal] [CMCSA] Analyzing VWAP reversal signal for CMCSA
2025-05-02 17:40:04 - INFO - [check_vwap_diff_signal] [CMCSA] Close: 34.27 | Low: 34.21 | High: 34.28 | VWAP: 34.22183845940827
2025-05-02 17:40:04 - DEBUG - [check_vwap_diff_signal] [CMCSA] [CMCSA] Last Candela: VWAP-Low=0.03%, High-VWAP=0.17%
2025-05-02 17:40:04 - DEBUG - [check_vwap_diff_signal] [CMCSA] No VWAP signal detected
2025-05-02 17:40:04 - INFO - [_process_ticker] [CMCSA] ℹ️ No valid signal for CMCSA
2025-05-02 17:40:04 - INFO - [_run_strategy_if_applicable] [N/A] 🔄 Starting trading loop for strategy: VWAP_diff_signal_rsi_1700
2025-05-02 17:40:04 - INFO - [get_stock_data] [IVZ] Requesting data for IVZ
2025-05-02 17:40:04 - INFO - [get_stock_data] [IVZ] Data received for IVZ: 92 rows
2025-05-02 17:40:04 - INFO - [check_vwap_diff_signal_with_rsi] [IVZ] Analyzing VWAP reversal signal for IVZ
2025-05-02 17:40:04 - INFO - [check_vwap_diff_signal_with_rsi] [IVZ] Close: 14.31 | Low: 14.3 | High: 14.33 | VWAP: 14.266879949914719 | RSI: 63.12
2025-05-02 17:40:05 - DEBUG - [check_vwap_diff_signal_with_rsi] [IVZ] [IVZ] Last Candela: VWAP-Low=-0.23%, High-VWAP=0.44%
2025-05-02 17:40:05 - DEBUG - [check_vwap_diff_signal_with_rsi] [IVZ] No VWAP+RSI signal detected
2025-05-02 17:40:05 - INFO - [_process_ticker] [IVZ] ℹ️ No valid signal for IVZ
2025-05-02 17:40:05 - INFO - [get_stock_data] [FCX] Requesting data for FCX
2025-05-02 17:40:05 - INFO - [get_stock_data] [FCX] Data received for FCX: 92 rows
2025-05-02 17:40:05 - INFO - [check_vwap_diff_signal_with_rsi] [FCX] Analyzing VWAP reversal signal for FCX
2025-05-02 17:40:05 - INFO - [check_vwap_diff_signal_with_rsi] [FCX] Close: 37.45 | Low: 37.38 | High: 37.49 | VWAP: 37.37706857473371 | RSI: 64.74
2025-05-02 17:40:05 - DEBUG - [check_vwap_diff_signal_with_rsi] [FCX] [FCX] Last Candela: VWAP-Low=-0.01%, High-VWAP=0.30%
2025-05-02 17:40:05 - DEBUG - [check_vwap_diff_signal_with_rsi] [FCX] No VWAP+RSI signal detected
2025-05-02 17:40:05 - INFO - [_process_ticker] [FCX] ℹ️ No valid signal for FCX
2025-05-02 17:40:05 - INFO - [get_stock_data] [HST] Requesting data for HST
2025-05-02 17:40:06 - INFO - [get_stock_data] [HST] Data received for HST: 93 rows
2025-05-02 17:40:06 - INFO - [check_vwap_diff_signal_with_rsi] [HST] Analyzing VWAP reversal signal for HST
2025-05-02 17:40:06 - INFO - [check_vwap_diff_signal_with_rsi] [HST] Close: 14.68 | Low: 14.67 | High: 14.68 | VWAP: 14.720522823627821 | RSI: 52.59
2025-05-02 17:40:06 - DEBUG - [check_vwap_diff_signal_with_rsi] [HST] [HST] Last Candela: VWAP-Low=0.34%, High-VWAP=-0.28%
2025-05-02 17:40:06 - DEBUG - [check_vwap_diff_signal_with_rsi] [HST] No VWAP+RSI signal detected
2025-05-02 17:40:06 - INFO - [_process_ticker] [HST] ℹ️ No valid signal for HST
2025-05-02 17:40:06 - INFO - [get_stock_data] [IVZ] Requesting data for IVZ
2025-05-02 17:40:06 - INFO - [get_stock_data] [IVZ] Data received for IVZ: 93 rows
2025-05-02 17:40:06 - INFO - [check_vwap_diff_signal_with_rsi] [IVZ] Analyzing VWAP reversal signal for IVZ
2025-05-02 17:40:06 - INFO - [check_vwap_diff_signal_with_rsi] [IVZ] Close: 14.3 | Low: 14.3 | High: 14.3 | VWAP: 14.266879949914719 | RSI: 61.91
2025-05-02 17:40:06 - DEBUG - [check_vwap_diff_signal_with_rsi] [IVZ] [IVZ] Last Candela: VWAP-Low=-0.23%, High-VWAP=0.23%
2025-05-02 17:40:06 - DEBUG - [check_vwap_diff_signal_with_rsi] [IVZ] No VWAP+RSI signal detected
2025-05-02 17:40:06 - INFO - [_process_ticker] [IVZ] ℹ️ No valid signal for IVZ
2025-05-02 17:40:06 - INFO - [get_stock_data] [NEM] Requesting data for NEM
2025-05-02 17:40:07 - INFO - [get_stock_data] [NEM] Data received for NEM: 93 rows
2025-05-02 17:40:07 - INFO - [check_vwap_diff_signal_with_rsi] [NEM] Analyzing VWAP reversal signal for NEM
2025-05-02 17:40:07 - INFO - [check_vwap_diff_signal_with_rsi] [NEM] Close: 51.77 | Low: 51.77 | High: 51.78 | VWAP: 51.92704559226758 | RSI: 52.97
2025-05-02 17:40:07 - DEBUG - [check_vwap_diff_signal_with_rsi] [NEM] [NEM] Last Candela: VWAP-Low=0.30%, High-VWAP=-0.28%
2025-05-02 17:40:07 - DEBUG - [check_vwap_diff_signal_with_rsi] [NEM] No VWAP+RSI signal detected
2025-05-02 17:40:07 - INFO - [_process_ticker] [NEM] ℹ️ No valid signal for NEM
2025-05-02 17:40:07 - INFO - [get_stock_data] [LUV] Requesting data for LUV
2025-05-02 17:40:08 - INFO - [get_stock_data] [LUV] Data received for LUV: 93 rows
2025-05-02 17:40:08 - INFO - [check_vwap_diff_signal_with_rsi] [LUV] Analyzing VWAP reversal signal for LUV
2025-05-02 17:40:08 - INFO - [check_vwap_diff_signal_with_rsi] [LUV] Close: 29.64 | Low: 29.64 | High: 29.64 | VWAP: 29.677097671454593 | RSI: 61.71
2025-05-02 17:40:08 - DEBUG - [check_vwap_diff_signal_with_rsi] [LUV] [LUV] Last Candela: VWAP-Low=0.13%, High-VWAP=-0.13%
2025-05-02 17:40:08 - DEBUG - [check_vwap_diff_signal_with_rsi] [LUV] No VWAP+RSI signal detected
2025-05-02 17:40:08 - INFO - [_process_ticker] [LUV] ℹ️ No valid signal for LUV
2025-05-02 17:40:08 - INFO - [_run_strategy_if_applicable] [N/A] ⏰ Strategy 'EMA_Cross_ema50' not executed because it's outside the time window: 16:35:00 - 16:50:00
2025-05-02 17:40:08 - INFO - [_run_strategy_if_applicable] [N/A] ⏰ Strategy 'EMA_Cross_candle' not executed because it's outside the time window: 16:35:00 - 16:50:00
2025-05-02 17:40:08 - INFO - [_run_strategy_if_applicable] [N/A] ⏰ Strategy 'SMA_Cross_sma50' not executed because it's outside the time window: 16:35:00 - 16:50:00
2025-05-02 17:40:08 - INFO - [_run_strategy_if_applicable] [N/A] 🔄 Starting trading loop for strategy: VWAP_diff_signal_1700_volume
2025-05-02 17:40:08 - DEBUG - [_process_ticker] [GEN] 🚫 Trade not allowed for GEN (limit reached)
2025-05-02 17:40:08 - INFO - [get_stock_data] [HPQ] Requesting data for HPQ
2025-05-02 17:40:08 - INFO - [get_stock_data] [HPQ] Data received for HPQ: 93 rows
2025-05-02 17:40:08 - INFO - [check_vwap_diff_signal_with_volume] [HPQ] Analyzing VWAP reversal signal for HPQ
2025-05-02 17:40:08 - INFO - [_process_ticker] [HPQ] ℹ️ No valid signal for HPQ
2025-05-02 17:40:08 - INFO - [get_stock_data] [INTC] Requesting data for INTC
2025-05-02 17:40:09 - INFO - [get_stock_data] [INTC] Data received for INTC: 93 rows
2025-05-02 17:40:09 - INFO - [check_vwap_diff_signal_with_volume] [INTC] Analyzing VWAP reversal signal for INTC
2025-05-02 17:40:09 - INFO - [_process_ticker] [INTC] ℹ️ No valid signal for INTC
2025-05-02 17:40:09 - INFO - [get_stock_data] [RF] Requesting data for RF
2025-05-02 17:40:10 - INFO - [get_stock_data] [RF] Data received for RF: 93 rows
2025-05-02 17:40:10 - INFO - [check_vwap_diff_signal_with_volume] [RF] Analyzing VWAP reversal signal for RF
2025-05-02 17:40:10 - INFO - [_process_ticker] [RF] ℹ️ No valid signal for RF
2025-05-02 17:40:10 - INFO - [_run_strategy_if_applicable] [N/A] ⏰ Strategy 'SMA_Cross_candle' not executed because it's outside the time window: 16:35:00 - 16:50:00
2025-05-02 17:40:10 - INFO - [_update_active_orders_and_telegram] [N/A] 📊 Updating SL/TP for active orders
2025-05-02 17:40:11 - INFO - [_wait_until_next_iteration] [N/A] ⏳ Sleeping for 48.79 seconds before the next cycle
2025-05-02 17:41:00 - DEBUG - [_process_strategies] [N/A] ⏱ Skipping VWAP_diff_signal_1700, not yet time (every 5m)
2025-05-02 17:41:00 - DEBUG - [_process_strategies] [N/A] ⏱ Skipping VWAP_diff_signal_rsi_1700, not yet time (every 5m)
2025-05-02 17:41:00 - DEBUG - [_process_strategies] [N/A] ⏱ Skipping EMA_Cross_ema50, not yet time (every 5m)
2025-05-02 17:41:00 - DEBUG - [_process_strategies] [N/A] ⏱ Skipping EMA_Cross_candle, not yet time (every 5m)
2025-05-02 17:41:00 - DEBUG - [_process_strategies] [N/A] ⏱ Skipping SMA_Cross_sma50, not yet time (every 5m)
2025-05-02 17:41:00 - DEBUG - [_process_strategies] [N/A] ⏱ Skipping VWAP_diff_signal_1700_volume, not yet time (every 5m)
2025-05-02 17:41:00 - DEBUG - [_process_strategies] [N/A] ⏱ Skipping SMA_Cross_candle, not yet time (every 5m)
2025-05-02 17:41:00 - INFO - [_update_active_orders_and_telegram] [N/A] 📊 Updating SL/TP for active orders
2025-05-02 17:41:01 - INFO - [_wait_until_next_iteration] [N/A] ⏳ Sleeping for 58.94 seconds before the next cycle
2025-05-02 17:42:00 - DEBUG - [_process_strategies] [N/A] ⏱ Skipping VWAP_diff_signal_1700, not yet time (every 5m)
2025-05-02 17:42:00 - DEBUG - [_process_strategies] [N/A] ⏱ Skipping VWAP_diff_signal_rsi_1700, not yet time (every 5m)
2025-05-02 17:42:00 - DEBUG - [_process_strategies] [N/A] ⏱ Skipping EMA_Cross_ema50, not yet time (every 5m)
2025-05-02 17:42:00 - DEBUG - [_process_strategies] [N/A] ⏱ Skipping EMA_Cross_candle, not yet time (every 5m)
2025-05-02 17:42:00 - DEBUG - [_process_strategies] [N/A] ⏱ Skipping SMA_Cross_sma50, not yet time (every 5m)
2025-05-02 17:42:00 - DEBUG - [_process_strategies] [N/A] ⏱ Skipping VWAP_diff_signal_1700_volume, not yet time (every 5m)
2025-05-02 17:42:00 - DEBUG - [_process_strategies] [N/A] ⏱ Skipping SMA_Cross_candle, not yet time (every 5m)
2025-05-02 17:42:00 - INFO - [_update_active_orders_and_telegram] [N/A] 📊 Updating SL/TP for active orders
2025-05-02 17:42:01 - INFO - [_wait_until_next_iteration] [N/A] ⏳ Sleeping for 58.93 seconds before the next cycle
2025-05-02 17:43:00 - DEBUG - [_process_strategies] [N/A] ⏱ Skipping VWAP_diff_signal_1700, not yet time (every 5m)
2025-05-02 17:43:00 - DEBUG - [_process_strategies] [N/A] ⏱ Skipping VWAP_diff_signal_rsi_1700, not yet time (every 5m)
2025-05-02 17:43:00 - DEBUG - [_process_strategies] [N/A] ⏱ Skipping EMA_Cross_ema50, not yet time (every 5m)
2025-05-02 17:43:00 - DEBUG - [_process_strategies] [N/A] ⏱ Skipping EMA_Cross_candle, not yet time (every 5m)
2025-05-02 17:43:00 - DEBUG - [_process_strategies] [N/A] ⏱ Skipping SMA_Cross_sma50, not yet time (every 5m)
2025-05-02 17:43:00 - DEBUG - [_process_strategies] [N/A] ⏱ Skipping VWAP_diff_signal_1700_volume, not yet time (every 5m)
2025-05-02 17:43:00 - DEBUG - [_process_strategies] [N/A] ⏱ Skipping SMA_Cross_candle, not yet time (every 5m)
2025-05-02 17:43:00 - INFO - [_update_active_orders_and_telegram] [N/A] 📊 Updating SL/TP for active orders
2025-05-02 17:43:01 - INFO - [_wait_until_next_iteration] [N/A] ⏳ Sleeping for 58.96 seconds before the next cycle
2025-05-02 17:44:00 - DEBUG - [_process_strategies] [N/A] ⏱ Skipping VWAP_diff_signal_1700, not yet time (every 5m)
2025-05-02 17:44:00 - DEBUG - [_process_strategies] [N/A] ⏱ Skipping VWAP_diff_signal_rsi_1700, not yet time (every 5m)
2025-05-02 17:44:00 - DEBUG - [_process_strategies] [N/A] ⏱ Skipping EMA_Cross_ema50, not yet time (every 5m)
2025-05-02 17:44:00 - DEBUG - [_process_strategies] [N/A] ⏱ Skipping EMA_Cross_candle, not yet time (every 5m)
2025-05-02 17:44:00 - DEBUG - [_process_strategies] [N/A] ⏱ Skipping SMA_Cross_sma50, not yet time (every 5m)
2025-05-02 17:44:00 - DEBUG - [_process_strategies] [N/A] ⏱ Skipping VWAP_diff_signal_1700_volume, not yet time (every 5m)
2025-05-02 17:44:00 - DEBUG - [_process_strategies] [N/A] ⏱ Skipping SMA_Cross_candle, not yet time (every 5m)
2025-05-02 17:44:00 - INFO - [_update_active_orders_and_telegram] [N/A] 📊 Updating SL/TP for active orders
2025-05-02 17:44:01 - INFO - [_wait_until_next_iteration] [N/A] ⏳ Sleeping for 58.93 seconds before the next cycle
2025-05-02 17:45:00 - INFO - [_run_strategy_if_applicable] [N/A] 🔄 Starting trading loop for strategy: VWAP_diff_signal_1700
2025-05-02 17:45:00 - INFO - [get_stock_data] [CZR] Requesting data for CZR
2025-05-02 17:45:00 - INFO - [get_stock_data] [CZR] Data received for CZR: 93 rows
2025-05-02 17:45:00 - INFO - [check_vwap_diff_signal] [CZR] Analyzing VWAP reversal signal for CZR
2025-05-02 17:45:00 - INFO - [check_vwap_diff_signal] [CZR] Close: 27.46 | Low: 27.35 | High: 27.46 | VWAP: 27.49083224174565
2025-05-02 17:45:00 - DEBUG - [check_vwap_diff_signal] [CZR] [CZR] Last Candela: VWAP-Low=0.51%, High-VWAP=-0.11%
2025-05-02 17:45:00 - DEBUG - [check_vwap_diff_signal] [CZR] No VWAP signal detected
2025-05-02 17:45:00 - INFO - [_process_ticker] [CZR] ℹ️ No valid signal for CZR
2025-05-02 17:45:00 - INFO - [get_stock_data] [MTCH] Requesting data for MTCH
2025-05-02 17:45:01 - INFO - [get_stock_data] [MTCH] Data received for MTCH: 93 rows
2025-05-02 17:45:01 - INFO - [check_vwap_diff_signal] [MTCH] Analyzing VWAP reversal signal for MTCH
2025-05-02 17:45:01 - INFO - [check_vwap_diff_signal] [MTCH] Close: 30.74 | Low: 30.67 | High: 30.78 | VWAP: 30.780447198767398
2025-05-02 17:45:01 - DEBUG - [check_vwap_diff_signal] [MTCH] [MTCH] Last Candela: VWAP-Low=0.36%, High-VWAP=-0.00%
2025-05-02 17:45:01 - DEBUG - [check_vwap_diff_signal] [MTCH] No VWAP signal detected
2025-05-02 17:45:01 - INFO - [_process_ticker] [MTCH] ℹ️ No valid signal for MTCH
2025-05-02 17:45:01 - INFO - [get_stock_data] [NCHL] Requesting data for NCHL
2025-05-02 17:45:01 - ERROR - [get_stock_data] [NCHL] Error retrieving data: 'NoneType' object has no attribute 'empty'
2025-05-02 17:45:01 - INFO - [get_stock_data] [HBAN] Requesting data for HBAN
2025-05-02 17:45:02 - INFO - [get_stock_data] [HBAN] Data received for HBAN: 93 rows
2025-05-02 17:45:02 - INFO - [check_vwap_diff_signal] [HBAN] Analyzing VWAP reversal signal for HBAN
2025-05-02 17:45:02 - INFO - [check_vwap_diff_signal] [HBAN] Close: 14.97 | Low: 14.96 | High: 15.01 | VWAP: 14.935125374404258
2025-05-02 17:45:02 - DEBUG - [check_vwap_diff_signal] [HBAN] [HBAN] Last Candela: VWAP-Low=-0.17%, High-VWAP=0.50%
2025-05-02 17:45:02 - DEBUG - [check_vwap_diff_signal] [HBAN] No VWAP signal detected
2025-05-02 17:45:02 - INFO - [_process_ticker] [HBAN] ℹ️ No valid signal for HBAN
2025-05-02 17:45:02 - INFO - [get_stock_data] [MRNA] Requesting data for MRNA
2025-05-02 17:45:02 - INFO - [get_stock_data] [MRNA] Data received for MRNA: 93 rows
2025-05-02 17:45:02 - INFO - [check_vwap_diff_signal] [MRNA] Analyzing VWAP reversal signal for MRNA
2025-05-02 17:45:02 - INFO - [check_vwap_diff_signal] [MRNA] Close: 27.54 | Low: 27.47 | High: 27.6 | VWAP: 27.54192744407219
2025-05-02 17:45:02 - DEBUG - [check_vwap_diff_signal] [MRNA] [MRNA] Last Candela: VWAP-Low=0.26%, High-VWAP=0.21%
2025-05-02 17:45:02 - DEBUG - [check_vwap_diff_signal] [MRNA] No VWAP signal detected
2025-05-02 17:45:02 - INFO - [_process_ticker] [MRNA] ℹ️ No valid signal for MRNA
2025-05-02 17:45:02 - INFO - [get_stock_data] [WBD] Requesting data for WBD
2025-05-02 17:45:03 - INFO - [get_stock_data] [WBD] Data received for WBD: 93 rows
2025-05-02 17:45:03 - INFO - [check_vwap_diff_signal] [WBD] Analyzing VWAP reversal signal for WBD
2025-05-02 17:45:03 - INFO - [check_vwap_diff_signal] [WBD] Close: 8.57 | Low: 8.57 | High: 8.6 | VWAP: 8.540727638234825
2025-05-02 17:45:03 - DEBUG - [check_vwap_diff_signal] [WBD] [WBD] Last Candela: VWAP-Low=-0.34%, High-VWAP=0.69%
2025-05-02 17:45:03 - DEBUG - [check_vwap_diff_signal] [WBD] No VWAP signal detected
2025-05-02 17:45:03 - INFO - [_process_ticker] [WBD] ℹ️ No valid signal for WBD
2025-05-02 17:45:03 - INFO - [get_stock_data] [CMCSA] Requesting data for CMCSA
2025-05-02 17:45:04 - INFO - [get_stock_data] [CMCSA] Data received for CMCSA: 93 rows
2025-05-02 17:45:04 - INFO - [check_vwap_diff_signal] [CMCSA] Analyzing VWAP reversal signal for CMCSA
2025-05-02 17:45:04 - INFO - [check_vwap_diff_signal] [CMCSA] Close: 34.29 | Low: 34.26 | High: 34.3 | VWAP: 34.22432552030869
2025-05-02 17:45:04 - DEBUG - [check_vwap_diff_signal] [CMCSA] [CMCSA] Last Candela: VWAP-Low=-0.10%, High-VWAP=0.22%
2025-05-02 17:45:04 - DEBUG - [check_vwap_diff_signal] [CMCSA] No VWAP signal detected
2025-05-02 17:45:04 - INFO - [_process_ticker] [CMCSA] ℹ️ No valid signal for CMCSA
2025-05-02 17:45:04 - INFO - [_run_strategy_if_applicable] [N/A] 🔄 Starting trading loop for strategy: VWAP_diff_signal_rsi_1700
2025-05-02 17:45:04 - INFO - [get_stock_data] [IVZ] Requesting data for IVZ
2025-05-02 17:45:04 - INFO - [get_stock_data] [IVZ] Data received for IVZ: 93 rows
2025-05-02 17:45:04 - INFO - [check_vwap_diff_signal_with_rsi] [IVZ] Analyzing VWAP reversal signal for IVZ
2025-05-02 17:45:04 - INFO - [check_vwap_diff_signal_with_rsi] [IVZ] Close: 14.27 | Low: 14.27 | High: 14.31 | VWAP: 14.267067339243807 | RSI: 58.53
2025-05-02 17:45:04 - DEBUG - [check_vwap_diff_signal_with_rsi] [IVZ] [IVZ] Last Candela: VWAP-Low=-0.02%, High-VWAP=0.30%
2025-05-02 17:45:04 - DEBUG - [check_vwap_diff_signal_with_rsi] [IVZ] No VWAP+RSI signal detected
2025-05-02 17:45:04 - INFO - [_process_ticker] [IVZ] ℹ️ No valid signal for IVZ
2025-05-02 17:45:04 - INFO - [get_stock_data] [FCX] Requesting data for FCX
2025-05-02 17:45:05 - INFO - [get_stock_data] [FCX] Data received for FCX: 93 rows
2025-05-02 17:45:05 - INFO - [check_vwap_diff_signal_with_rsi] [FCX] Analyzing VWAP reversal signal for FCX
2025-05-02 17:45:05 - INFO - [check_vwap_diff_signal_with_rsi] [FCX] Close: 37.4 | Low: 37.36 | High: 37.44 | VWAP: 37.37786043392624 | RSI: 62.41
2025-05-02 17:45:05 - DEBUG - [check_vwap_diff_signal_with_rsi] [FCX] [FCX] Last Candela: VWAP-Low=0.05%, High-VWAP=0.17%
2025-05-02 17:45:05 - DEBUG - [check_vwap_diff_signal_with_rsi] [FCX] No VWAP+RSI signal detected
2025-05-02 17:45:05 - INFO - [_process_ticker] [FCX] ℹ️ No valid signal for FCX
2025-05-02 17:45:05 - INFO - [get_stock_data] [HST] Requesting data for HST
2025-05-02 17:45:05 - INFO - [get_stock_data] [HST] Data received for HST: 94 rows
2025-05-02 17:45:05 - INFO - [check_vwap_diff_signal_with_rsi] [HST] Analyzing VWAP reversal signal for HST
2025-05-02 17:45:05 - INFO - [check_vwap_diff_signal_with_rsi] [HST] Close: 14.64 | Low: 14.64 | High: 14.64 | VWAP: 14.717836125166096 | RSI: 48.19
2025-05-02 17:45:05 - DEBUG - [check_vwap_diff_signal_with_rsi] [HST] [HST] Last Candela: VWAP-Low=0.53%, High-VWAP=-0.53%
2025-05-02 17:45:05 - DEBUG - [check_vwap_diff_signal_with_rsi] [HST] No VWAP+RSI signal detected
2025-05-02 17:45:05 - INFO - [_process_ticker] [HST] ℹ️ No valid signal for HST
2025-05-02 17:45:05 - INFO - [get_stock_data] [IVZ] Requesting data for IVZ
2025-05-02 17:45:06 - INFO - [get_stock_data] [IVZ] Data received for IVZ: 94 rows
2025-05-02 17:45:06 - INFO - [check_vwap_diff_signal_with_rsi] [IVZ] Analyzing VWAP reversal signal for IVZ
2025-05-02 17:45:06 - INFO - [check_vwap_diff_signal_with_rsi] [IVZ] Close: 14.27 | Low: 14.27 | High: 14.27 | VWAP: 14.267067339243807 | RSI: 58.53
2025-05-02 17:45:06 - DEBUG - [check_vwap_diff_signal_with_rsi] [IVZ] [IVZ] Last Candela: VWAP-Low=-0.02%, High-VWAP=0.02%
2025-05-02 17:45:06 - DEBUG - [check_vwap_diff_signal_with_rsi] [IVZ] No VWAP+RSI signal detected
2025-05-02 17:45:06 - INFO - [_process_ticker] [IVZ] ℹ️ No valid signal for IVZ
2025-05-02 17:45:06 - INFO - [get_stock_data] [NEM] Requesting data for NEM
2025-05-02 17:45:07 - INFO - [get_stock_data] [NEM] Data received for NEM: 94 rows
2025-05-02 17:45:07 - INFO - [check_vwap_diff_signal_with_rsi] [NEM] Analyzing VWAP reversal signal for NEM
2025-05-02 17:45:07 - INFO - [check_vwap_diff_signal_with_rsi] [NEM] Close: 51.69 | Low: 51.69 | High: 51.69 | VWAP: 51.91971880505854 | RSI: 49.21
2025-05-02 17:45:07 - DEBUG - [check_vwap_diff_signal_with_rsi] [NEM] [NEM] Last Candela: VWAP-Low=0.44%, High-VWAP=-0.44%
2025-05-02 17:45:07 - DEBUG - [check_vwap_diff_signal_with_rsi] [NEM] No VWAP+RSI signal detected
2025-05-02 17:45:07 - INFO - [_process_ticker] [NEM] ℹ️ No valid signal for NEM
2025-05-02 17:45:07 - INFO - [get_stock_data] [LUV] Requesting data for LUV
2025-05-02 17:45:07 - INFO - [get_stock_data] [LUV] Data received for LUV: 94 rows
2025-05-02 17:45:07 - INFO - [check_vwap_diff_signal_with_rsi] [LUV] Analyzing VWAP reversal signal for LUV
2025-05-02 17:45:07 - INFO - [check_vwap_diff_signal_with_rsi] [LUV] Close: 29.58 | Low: 29.58 | High: 29.58 | VWAP: 29.675275494065918 | RSI: 59.06
2025-05-02 17:45:07 - DEBUG - [check_vwap_diff_signal_with_rsi] [LUV] [LUV] Last Candela: VWAP-Low=0.32%, High-VWAP=-0.32%
2025-05-02 17:45:07 - DEBUG - [check_vwap_diff_signal_with_rsi] [LUV] No VWAP+RSI signal detected
2025-05-02 17:45:07 - INFO - [_process_ticker] [LUV] ℹ️ No valid signal for LUV
2025-05-02 17:45:07 - INFO - [_run_strategy_if_applicable] [N/A] ⏰ Strategy 'EMA_Cross_ema50' not executed because it's outside the time window: 16:35:00 - 16:50:00
2025-05-02 17:45:07 - INFO - [_run_strategy_if_applicable] [N/A] ⏰ Strategy 'EMA_Cross_candle' not executed because it's outside the time window: 16:35:00 - 16:50:00
2025-05-02 17:45:07 - INFO - [_run_strategy_if_applicable] [N/A] ⏰ Strategy 'SMA_Cross_sma50' not executed because it's outside the time window: 16:35:00 - 16:50:00
2025-05-02 17:45:07 - INFO - [_run_strategy_if_applicable] [N/A] 🔄 Starting trading loop for strategy: VWAP_diff_signal_1700_volume
2025-05-02 17:45:07 - DEBUG - [_process_ticker] [GEN] 🚫 Trade not allowed for GEN (limit reached)
2025-05-02 17:45:07 - INFO - [get_stock_data] [HPQ] Requesting data for HPQ
2025-05-02 17:45:08 - INFO - [get_stock_data] [HPQ] Data received for HPQ: 94 rows
2025-05-02 17:45:08 - INFO - [check_vwap_diff_signal_with_volume] [HPQ] Analyzing VWAP reversal signal for HPQ
2025-05-02 17:45:08 - INFO - [_process_ticker] [HPQ] ℹ️ No valid signal for HPQ
2025-05-02 17:45:08 - INFO - [get_stock_data] [INTC] Requesting data for INTC
2025-05-02 17:45:09 - INFO - [get_stock_data] [INTC] Data received for INTC: 94 rows
2025-05-02 17:45:09 - INFO - [check_vwap_diff_signal_with_volume] [INTC] Analyzing VWAP reversal signal for INTC
2025-05-02 17:45:09 - INFO - [_process_ticker] [INTC] ℹ️ No valid signal for INTC
2025-05-02 17:45:09 - INFO - [get_stock_data] [RF] Requesting data for RF
2025-05-02 17:45:10 - INFO - [get_stock_data] [RF] Data received for RF: 94 rows
2025-05-02 17:45:10 - INFO - [check_vwap_diff_signal_with_volume] [RF] Analyzing VWAP reversal signal for RF
2025-05-02 17:45:10 - INFO - [_process_ticker] [RF] ℹ️ No valid signal for RF
2025-05-02 17:45:10 - INFO - [_run_strategy_if_applicable] [N/A] ⏰ Strategy 'SMA_Cross_candle' not executed because it's outside the time window: 16:35:00 - 16:50:00
2025-05-02 17:45:10 - INFO - [_update_active_orders_and_telegram] [N/A] 📊 Updating SL/TP for active orders
2025-05-02 17:45:11 - INFO - [_wait_until_next_iteration] [N/A] ⏳ Sleeping for 48.92 seconds before the next cycle
2025-05-02 17:46:00 - DEBUG - [_process_strategies] [N/A] ⏱ Skipping VWAP_diff_signal_1700, not yet time (every 5m)
2025-05-02 17:46:00 - DEBUG - [_process_strategies] [N/A] ⏱ Skipping VWAP_diff_signal_rsi_1700, not yet time (every 5m)
2025-05-02 17:46:00 - DEBUG - [_process_strategies] [N/A] ⏱ Skipping EMA_Cross_ema50, not yet time (every 5m)
2025-05-02 17:46:00 - DEBUG - [_process_strategies] [N/A] ⏱ Skipping EMA_Cross_candle, not yet time (every 5m)
2025-05-02 17:46:00 - DEBUG - [_process_strategies] [N/A] ⏱ Skipping SMA_Cross_sma50, not yet time (every 5m)
2025-05-02 17:46:00 - DEBUG - [_process_strategies] [N/A] ⏱ Skipping VWAP_diff_signal_1700_volume, not yet time (every 5m)
2025-05-02 17:46:00 - DEBUG - [_process_strategies] [N/A] ⏱ Skipping SMA_Cross_candle, not yet time (every 5m)
2025-05-02 17:46:00 - INFO - [_update_active_orders_and_telegram] [N/A] 📊 Updating SL/TP for active orders
2025-05-02 17:46:01 - INFO - [_wait_until_next_iteration] [N/A] ⏳ Sleeping for 58.94 seconds before the next cycle
2025-05-02 17:47:00 - DEBUG - [_process_strategies] [N/A] ⏱ Skipping VWAP_diff_signal_1700, not yet time (every 5m)
2025-05-02 17:47:00 - DEBUG - [_process_strategies] [N/A] ⏱ Skipping VWAP_diff_signal_rsi_1700, not yet time (every 5m)
2025-05-02 17:47:00 - DEBUG - [_process_strategies] [N/A] ⏱ Skipping EMA_Cross_ema50, not yet time (every 5m)
2025-05-02 17:47:00 - DEBUG - [_process_strategies] [N/A] ⏱ Skipping EMA_Cross_candle, not yet time (every 5m)
2025-05-02 17:47:00 - DEBUG - [_process_strategies] [N/A] ⏱ Skipping SMA_Cross_sma50, not yet time (every 5m)
2025-05-02 17:47:00 - DEBUG - [_process_strategies] [N/A] ⏱ Skipping VWAP_diff_signal_1700_volume, not yet time (every 5m)
2025-05-02 17:47:00 - DEBUG - [_process_strategies] [N/A] ⏱ Skipping SMA_Cross_candle, not yet time (every 5m)
2025-05-02 17:47:00 - INFO - [_update_active_orders_and_telegram] [N/A] 📊 Updating SL/TP for active orders
2025-05-02 17:47:01 - INFO - [_wait_until_next_iteration] [N/A] ⏳ Sleeping for 58.93 seconds before the next cycle
2025-05-02 17:48:00 - DEBUG - [_process_strategies] [N/A] ⏱ Skipping VWAP_diff_signal_1700, not yet time (every 5m)
2025-05-02 17:48:00 - DEBUG - [_process_strategies] [N/A] ⏱ Skipping VWAP_diff_signal_rsi_1700, not yet time (every 5m)
2025-05-02 17:48:00 - DEBUG - [_process_strategies] [N/A] ⏱ Skipping EMA_Cross_ema50, not yet time (every 5m)
2025-05-02 17:48:00 - DEBUG - [_process_strategies] [N/A] ⏱ Skipping EMA_Cross_candle, not yet time (every 5m)
2025-05-02 17:48:00 - DEBUG - [_process_strategies] [N/A] ⏱ Skipping SMA_Cross_sma50, not yet time (every 5m)
2025-05-02 17:48:00 - DEBUG - [_process_strategies] [N/A] ⏱ Skipping VWAP_diff_signal_1700_volume, not yet time (every 5m)
2025-05-02 17:48:00 - DEBUG - [_process_strategies] [N/A] ⏱ Skipping SMA_Cross_candle, not yet time (every 5m)
2025-05-02 17:48:00 - INFO - [_update_active_orders_and_telegram] [N/A] 📊 Updating SL/TP for active orders
2025-05-02 17:48:01 - INFO - [_wait_until_next_iteration] [N/A] ⏳ Sleeping for 58.93 seconds before the next cycle
2025-05-02 17:49:00 - DEBUG - [_process_strategies] [N/A] ⏱ Skipping VWAP_diff_signal_1700, not yet time (every 5m)
2025-05-02 17:49:00 - DEBUG - [_process_strategies] [N/A] ⏱ Skipping VWAP_diff_signal_rsi_1700, not yet time (every 5m)
2025-05-02 17:49:00 - DEBUG - [_process_strategies] [N/A] ⏱ Skipping EMA_Cross_ema50, not yet time (every 5m)
2025-05-02 17:49:00 - DEBUG - [_process_strategies] [N/A] ⏱ Skipping EMA_Cross_candle, not yet time (every 5m)
2025-05-02 17:49:00 - DEBUG - [_process_strategies] [N/A] ⏱ Skipping SMA_Cross_sma50, not yet time (every 5m)
2025-05-02 17:49:00 - DEBUG - [_process_strategies] [N/A] ⏱ Skipping VWAP_diff_signal_1700_volume, not yet time (every 5m)
2025-05-02 17:49:00 - DEBUG - [_process_strategies] [N/A] ⏱ Skipping SMA_Cross_candle, not yet time (every 5m)
2025-05-02 17:49:00 - INFO - [_update_active_orders_and_telegram] [N/A] 📊 Updating SL/TP for active orders
2025-05-02 17:49:01 - INFO - [_wait_until_next_iteration] [N/A] ⏳ Sleeping for 58.93 seconds before the next cycle
2025-05-02 17:50:00 - INFO - [_run_strategy_if_applicable] [N/A] 🔄 Starting trading loop for strategy: VWAP_diff_signal_1700
2025-05-02 17:50:00 - INFO - [get_stock_data] [CZR] Requesting data for CZR
2025-05-02 17:50:00 - INFO - [get_stock_data] [CZR] Data received for CZR: 94 rows
2025-05-02 17:50:00 - INFO - [check_vwap_diff_signal] [CZR] Analyzing VWAP reversal signal for CZR
2025-05-02 17:50:00 - INFO - [check_vwap_diff_signal] [CZR] Close: 27.46 | Low: 27.44 | High: 27.56 | VWAP: 27.489379770457504
2025-05-02 17:50:00 - DEBUG - [check_vwap_diff_signal] [CZR] [CZR] Last Candela: VWAP-Low=0.18%, High-VWAP=0.26%
2025-05-02 17:50:00 - DEBUG - [check_vwap_diff_signal] [CZR] No VWAP signal detected
2025-05-02 17:50:00 - INFO - [_process_ticker] [CZR] ℹ️ No valid signal for CZR
2025-05-02 17:50:00 - INFO - [get_stock_data] [MTCH] Requesting data for MTCH
2025-05-02 17:50:01 - INFO - [get_stock_data] [MTCH] Data received for MTCH: 94 rows
2025-05-02 17:50:01 - INFO - [check_vwap_diff_signal] [MTCH] Analyzing VWAP reversal signal for MTCH
2025-05-02 17:50:01 - INFO - [check_vwap_diff_signal] [MTCH] Close: 30.69 | Low: 30.69 | High: 30.74 | VWAP: 30.775825672520387
2025-05-02 17:50:01 - DEBUG - [check_vwap_diff_signal] [MTCH] [MTCH] Last Candela: VWAP-Low=0.28%, High-VWAP=-0.12%
2025-05-02 17:50:01 - DEBUG - [check_vwap_diff_signal] [MTCH] No VWAP signal detected
2025-05-02 17:50:01 - INFO - [_process_ticker] [MTCH] ℹ️ No valid signal for MTCH
2025-05-02 17:50:01 - INFO - [get_stock_data] [NCHL] Requesting data for NCHL
2025-05-02 17:50:01 - ERROR - [get_stock_data] [NCHL] Error retrieving data: 'NoneType' object has no attribute 'empty'
2025-05-02 17:50:01 - INFO - [get_stock_data] [HBAN] Requesting data for HBAN
2025-05-02 17:50:02 - INFO - [get_stock_data] [HBAN] Data received for HBAN: 94 rows
2025-05-02 17:50:02 - INFO - [check_vwap_diff_signal] [HBAN] Analyzing VWAP reversal signal for HBAN
2025-05-02 17:50:02 - INFO - [check_vwap_diff_signal] [HBAN] Close: 14.96 | Low: 14.96 | High: 14.99 | VWAP: 14.93671791130846
2025-05-02 17:50:02 - DEBUG - [check_vwap_diff_signal] [HBAN] [HBAN] Last Candela: VWAP-Low=-0.16%, High-VWAP=0.36%
2025-05-02 17:50:02 - DEBUG - [check_vwap_diff_signal] [HBAN] No VWAP signal detected
2025-05-02 17:50:02 - INFO - [_process_ticker] [HBAN] ℹ️ No valid signal for HBAN
2025-05-02 17:50:02 - INFO - [get_stock_data] [MRNA] Requesting data for MRNA
2025-05-02 17:50:02 - INFO - [get_stock_data] [MRNA] Data received for MRNA: 94 rows
2025-05-02 17:50:02 - INFO - [check_vwap_diff_signal] [MRNA] Analyzing VWAP reversal signal for MRNA
2025-05-02 17:50:02 - INFO - [check_vwap_diff_signal] [MRNA] Close: 27.43 | Low: 27.43 | High: 27.53 | VWAP: 27.538771027122582
2025-05-02 17:50:02 - DEBUG - [check_vwap_diff_signal] [MRNA] [MRNA] Last Candela: VWAP-Low=0.39%, High-VWAP=-0.03%
2025-05-02 17:50:02 - DEBUG - [check_vwap_diff_signal] [MRNA] No VWAP signal detected
2025-05-02 17:50:02 - INFO - [_process_ticker] [MRNA] ℹ️ No valid signal for MRNA
2025-05-02 17:50:02 - INFO - [get_stock_data] [WBD] Requesting data for WBD
2025-05-02 17:50:03 - INFO - [get_stock_data] [WBD] Data received for WBD: 94 rows
2025-05-02 17:50:03 - INFO - [check_vwap_diff_signal] [WBD] Analyzing VWAP reversal signal for WBD
2025-05-02 17:50:03 - INFO - [check_vwap_diff_signal] [WBD] Close: 8.53 | Low: 8.52 | High: 8.58 | VWAP: 8.539956689083118
2025-05-02 17:50:03 - DEBUG - [check_vwap_diff_signal] [WBD] [WBD] Last Candela: VWAP-Low=0.23%, High-VWAP=0.47%
2025-05-02 17:50:03 - DEBUG - [check_vwap_diff_signal] [WBD] No VWAP signal detected
2025-05-02 17:50:03 - INFO - [_process_ticker] [WBD] ℹ️ No valid signal for WBD
2025-05-02 17:50:03 - INFO - [get_stock_data] [CMCSA] Requesting data for CMCSA
2025-05-02 17:50:04 - INFO - [get_stock_data] [CMCSA] Data received for CMCSA: 94 rows
2025-05-02 17:50:04 - INFO - [check_vwap_diff_signal] [CMCSA] Analyzing VWAP reversal signal for CMCSA
2025-05-02 17:50:04 - INFO - [check_vwap_diff_signal] [CMCSA] Close: 34.3 | Low: 34.29 | High: 34.32 | VWAP: 34.227502075730264
2025-05-02 17:50:04 - DEBUG - [check_vwap_diff_signal] [CMCSA] [CMCSA] Last Candela: VWAP-Low=-0.18%, High-VWAP=0.27%
2025-05-02 17:50:04 - DEBUG - [check_vwap_diff_signal] [CMCSA] No VWAP signal detected
2025-05-02 17:50:04 - INFO - [_process_ticker] [CMCSA] ℹ️ No valid signal for CMCSA
2025-05-02 17:50:04 - INFO - [_run_strategy_if_applicable] [N/A] 🔄 Starting trading loop for strategy: VWAP_diff_signal_rsi_1700
2025-05-02 17:50:04 - INFO - [get_stock_data] [IVZ] Requesting data for IVZ
2025-05-02 17:50:04 - INFO - [get_stock_data] [IVZ] Data received for IVZ: 94 rows
2025-05-02 17:50:04 - INFO - [check_vwap_diff_signal_with_rsi] [IVZ] Analyzing VWAP reversal signal for IVZ
2025-05-02 17:50:04 - INFO - [check_vwap_diff_signal_with_rsi] [IVZ] Close: 14.3 | Low: 14.27 | High: 14.31 | VWAP: 14.26911298967948 | RSI: 60.83
2025-05-02 17:50:04 - DEBUG - [check_vwap_diff_signal_with_rsi] [IVZ] [IVZ] Last Candela: VWAP-Low=-0.01%, High-VWAP=0.29%
2025-05-02 17:50:04 - DEBUG - [check_vwap_diff_signal_with_rsi] [IVZ] No VWAP+RSI signal detected
2025-05-02 17:50:04 - INFO - [_process_ticker] [IVZ] ℹ️ No valid signal for IVZ
2025-05-02 17:50:04 - INFO - [get_stock_data] [FCX] Requesting data for FCX
2025-05-02 17:50:05 - INFO - [get_stock_data] [FCX] Data received for FCX: 94 rows
2025-05-02 17:50:05 - INFO - [check_vwap_diff_signal_with_rsi] [FCX] Analyzing VWAP reversal signal for FCX
2025-05-02 17:50:05 - INFO - [check_vwap_diff_signal_with_rsi] [FCX] Close: 37.45 | Low: 37.37 | High: 37.48 | VWAP: 37.37930604353407 | RSI: 63.81
2025-05-02 17:50:05 - DEBUG - [check_vwap_diff_signal_with_rsi] [FCX] [FCX] Last Candela: VWAP-Low=0.02%, High-VWAP=0.27%
2025-05-02 17:50:05 - DEBUG - [check_vwap_diff_signal_with_rsi] [FCX] No VWAP+RSI signal detected
2025-05-02 17:50:05 - INFO - [_process_ticker] [FCX] ℹ️ No valid signal for FCX
2025-05-02 17:50:05 - INFO - [get_stock_data] [HST] Requesting data for HST
2025-05-02 17:50:05 - INFO - [get_stock_data] [HST] Data received for HST: 94 rows
2025-05-02 17:50:05 - INFO - [check_vwap_diff_signal_with_rsi] [HST] Analyzing VWAP reversal signal for HST
2025-05-02 17:50:05 - INFO - [check_vwap_diff_signal_with_rsi] [HST] Close: 14.67 | Low: 14.64 | High: 14.69 | VWAP: 14.716058184079158 | RSI: 51.47
2025-05-02 17:50:05 - DEBUG - [check_vwap_diff_signal_with_rsi] [HST] [HST] Last Candela: VWAP-Low=0.52%, High-VWAP=-0.18%
2025-05-02 17:50:05 - DEBUG - [check_vwap_diff_signal_with_rsi] [HST] No VWAP+RSI signal detected
2025-05-02 17:50:05 - INFO - [_process_ticker] [HST] ℹ️ No valid signal for HST
2025-05-02 17:50:05 - INFO - [get_stock_data] [IVZ] Requesting data for IVZ
2025-05-02 17:50:06 - INFO - [get_stock_data] [IVZ] Data received for IVZ: 95 rows
2025-05-02 17:50:06 - INFO - [check_vwap_diff_signal_with_rsi] [IVZ] Analyzing VWAP reversal signal for IVZ
2025-05-02 17:50:06 - INFO - [check_vwap_diff_signal_with_rsi] [IVZ] Close: 14.31 | Low: 14.31 | High: 14.31 | VWAP: 14.269127749763307 | RSI: 61.60
2025-05-02 17:50:06 - DEBUG - [check_vwap_diff_signal_with_rsi] [IVZ] [IVZ] Last Candela: VWAP-Low=-0.29%, High-VWAP=0.29%
2025-05-02 17:50:06 - DEBUG - [check_vwap_diff_signal_with_rsi] [IVZ] No VWAP+RSI signal detected
2025-05-02 17:50:06 - INFO - [_process_ticker] [IVZ] ℹ️ No valid signal for IVZ
2025-05-02 17:50:06 - INFO - [get_stock_data] [NEM] Requesting data for NEM
2025-05-02 17:50:07 - INFO - [get_stock_data] [NEM] Data received for NEM: 95 rows
2025-05-02 17:50:07 - INFO - [check_vwap_diff_signal_with_rsi] [NEM] Analyzing VWAP reversal signal for NEM
2025-05-02 17:50:07 - INFO - [check_vwap_diff_signal_with_rsi] [NEM] Close: 51.74 | Low: 51.74 | High: 51.74 | VWAP: 51.91607940493378 | RSI: 51.53
2025-05-02 17:50:07 - DEBUG - [check_vwap_diff_signal_with_rsi] [NEM] [NEM] Last Candela: VWAP-Low=0.34%, High-VWAP=-0.34%
2025-05-02 17:50:07 - DEBUG - [check_vwap_diff_signal_with_rsi] [NEM] No VWAP+RSI signal detected
2025-05-02 17:50:07 - INFO - [_process_ticker] [NEM] ℹ️ No valid signal for NEM
2025-05-02 17:50:07 - INFO - [get_stock_data] [LUV] Requesting data for LUV
2025-05-02 17:50:07 - INFO - [get_stock_data] [LUV] Data received for LUV: 95 rows
2025-05-02 17:50:07 - INFO - [check_vwap_diff_signal_with_rsi] [LUV] Analyzing VWAP reversal signal for LUV
2025-05-02 17:50:07 - INFO - [check_vwap_diff_signal_with_rsi] [LUV] Close: 29.62 | Low: 29.6 | High: 29.62 | VWAP: 29.67435760652639 | RSI: 60.44
2025-05-02 17:50:07 - DEBUG - [check_vwap_diff_signal_with_rsi] [LUV] [LUV] Last Candela: VWAP-Low=0.25%, High-VWAP=-0.18%
2025-05-02 17:50:07 - DEBUG - [check_vwap_diff_signal_with_rsi] [LUV] No VWAP+RSI signal detected
2025-05-02 17:50:07 - INFO - [_process_ticker] [LUV] ℹ️ No valid signal for LUV
2025-05-02 17:50:07 - INFO - [_run_strategy_if_applicable] [N/A] ⏰ Strategy 'EMA_Cross_ema50' not executed because it's outside the time window: 16:35:00 - 16:50:00
2025-05-02 17:50:07 - INFO - [_run_strategy_if_applicable] [N/A] ⏰ Strategy 'EMA_Cross_candle' not executed because it's outside the time window: 16:35:00 - 16:50:00
2025-05-02 17:50:07 - INFO - [_run_strategy_if_applicable] [N/A] ⏰ Strategy 'SMA_Cross_sma50' not executed because it's outside the time window: 16:35:00 - 16:50:00
2025-05-02 17:50:07 - INFO - [_run_strategy_if_applicable] [N/A] 🔄 Starting trading loop for strategy: VWAP_diff_signal_1700_volume
2025-05-02 17:50:07 - DEBUG - [_process_ticker] [GEN] 🚫 Trade not allowed for GEN (limit reached)
2025-05-02 17:50:07 - INFO - [get_stock_data] [HPQ] Requesting data for HPQ
2025-05-02 17:50:08 - INFO - [get_stock_data] [HPQ] Data received for HPQ: 95 rows
2025-05-02 17:50:08 - INFO - [check_vwap_diff_signal_with_volume] [HPQ] Analyzing VWAP reversal signal for HPQ
2025-05-02 17:50:08 - INFO - [_process_ticker] [HPQ] ℹ️ No valid signal for HPQ
2025-05-02 17:50:08 - INFO - [get_stock_data] [INTC] Requesting data for INTC
2025-05-02 17:50:09 - INFO - [get_stock_data] [INTC] Data received for INTC: 95 rows
2025-05-02 17:50:09 - INFO - [check_vwap_diff_signal_with_volume] [INTC] Analyzing VWAP reversal signal for INTC
2025-05-02 17:50:09 - INFO - [_process_ticker] [INTC] ℹ️ No valid signal for INTC
2025-05-02 17:50:09 - INFO - [get_stock_data] [RF] Requesting data for RF
2025-05-02 17:50:09 - INFO - [get_stock_data] [RF] Data received for RF: 95 rows
2025-05-02 17:50:09 - INFO - [check_vwap_diff_signal_with_volume] [RF] Analyzing VWAP reversal signal for RF
2025-05-02 17:50:09 - INFO - [_process_ticker] [RF] ℹ️ No valid signal for RF
2025-05-02 17:50:09 - INFO - [_run_strategy_if_applicable] [N/A] ⏰ Strategy 'SMA_Cross_candle' not executed because it's outside the time window: 16:35:00 - 16:50:00
2025-05-02 17:50:09 - INFO - [_update_active_orders_and_telegram] [N/A] 📊 Updating SL/TP for active orders
2025-05-02 17:50:10 - INFO - [_wait_until_next_iteration] [N/A] ⏳ Sleeping for 49.24 seconds before the next cycle
2025-05-02 17:51:00 - DEBUG - [_process_strategies] [N/A] ⏱ Skipping VWAP_diff_signal_1700, not yet time (every 5m)
2025-05-02 17:51:00 - DEBUG - [_process_strategies] [N/A] ⏱ Skipping VWAP_diff_signal_rsi_1700, not yet time (every 5m)
2025-05-02 17:51:00 - DEBUG - [_process_strategies] [N/A] ⏱ Skipping EMA_Cross_ema50, not yet time (every 5m)
2025-05-02 17:51:00 - DEBUG - [_process_strategies] [N/A] ⏱ Skipping EMA_Cross_candle, not yet time (every 5m)
2025-05-02 17:51:00 - DEBUG - [_process_strategies] [N/A] ⏱ Skipping SMA_Cross_sma50, not yet time (every 5m)
2025-05-02 17:51:00 - DEBUG - [_process_strategies] [N/A] ⏱ Skipping VWAP_diff_signal_1700_volume, not yet time (every 5m)
2025-05-02 17:51:00 - DEBUG - [_process_strategies] [N/A] ⏱ Skipping SMA_Cross_candle, not yet time (every 5m)
2025-05-02 17:51:00 - INFO - [_update_active_orders_and_telegram] [N/A] 📊 Updating SL/TP for active orders
2025-05-02 17:51:01 - INFO - [_wait_until_next_iteration] [N/A] ⏳ Sleeping for 58.94 seconds before the next cycle
2025-05-02 17:52:00 - DEBUG - [_process_strategies] [N/A] ⏱ Skipping VWAP_diff_signal_1700, not yet time (every 5m)
2025-05-02 17:52:00 - DEBUG - [_process_strategies] [N/A] ⏱ Skipping VWAP_diff_signal_rsi_1700, not yet time (every 5m)
2025-05-02 17:52:00 - DEBUG - [_process_strategies] [N/A] ⏱ Skipping EMA_Cross_ema50, not yet time (every 5m)
2025-05-02 17:52:00 - DEBUG - [_process_strategies] [N/A] ⏱ Skipping EMA_Cross_candle, not yet time (every 5m)
2025-05-02 17:52:00 - DEBUG - [_process_strategies] [N/A] ⏱ Skipping SMA_Cross_sma50, not yet time (every 5m)
2025-05-02 17:52:00 - DEBUG - [_process_strategies] [N/A] ⏱ Skipping VWAP_diff_signal_1700_volume, not yet time (every 5m)
2025-05-02 17:52:00 - DEBUG - [_process_strategies] [N/A] ⏱ Skipping SMA_Cross_candle, not yet time (every 5m)
2025-05-02 17:52:00 - INFO - [_update_active_orders_and_telegram] [N/A] 📊 Updating SL/TP for active orders
2025-05-02 17:52:01 - INFO - [_wait_until_next_iteration] [N/A] ⏳ Sleeping for 58.93 seconds before the next cycle
2025-05-02 17:53:00 - DEBUG - [_process_strategies] [N/A] ⏱ Skipping VWAP_diff_signal_1700, not yet time (every 5m)
2025-05-02 17:53:00 - DEBUG - [_process_strategies] [N/A] ⏱ Skipping VWAP_diff_signal_rsi_1700, not yet time (every 5m)
2025-05-02 17:53:00 - DEBUG - [_process_strategies] [N/A] ⏱ Skipping EMA_Cross_ema50, not yet time (every 5m)
2025-05-02 17:53:00 - DEBUG - [_process_strategies] [N/A] ⏱ Skipping EMA_Cross_candle, not yet time (every 5m)
2025-05-02 17:53:00 - DEBUG - [_process_strategies] [N/A] ⏱ Skipping SMA_Cross_sma50, not yet time (every 5m)
2025-05-02 17:53:00 - DEBUG - [_process_strategies] [N/A] ⏱ Skipping VWAP_diff_signal_1700_volume, not yet time (every 5m)
2025-05-02 17:53:00 - DEBUG - [_process_strategies] [N/A] ⏱ Skipping SMA_Cross_candle, not yet time (every 5m)
2025-05-02 17:53:00 - INFO - [_update_active_orders_and_telegram] [N/A] 📊 Updating SL/TP for active orders
2025-05-02 17:53:01 - INFO - [_wait_until_next_iteration] [N/A] ⏳ Sleeping for 58.93 seconds before the next cycle
2025-05-02 17:54:00 - DEBUG - [_process_strategies] [N/A] ⏱ Skipping VWAP_diff_signal_1700, not yet time (every 5m)
2025-05-02 17:54:00 - DEBUG - [_process_strategies] [N/A] ⏱ Skipping VWAP_diff_signal_rsi_1700, not yet time (every 5m)
2025-05-02 17:54:00 - DEBUG - [_process_strategies] [N/A] ⏱ Skipping EMA_Cross_ema50, not yet time (every 5m)
2025-05-02 17:54:00 - DEBUG - [_process_strategies] [N/A] ⏱ Skipping EMA_Cross_candle, not yet time (every 5m)
2025-05-02 17:54:00 - DEBUG - [_process_strategies] [N/A] ⏱ Skipping SMA_Cross_sma50, not yet time (every 5m)
2025-05-02 17:54:00 - DEBUG - [_process_strategies] [N/A] ⏱ Skipping VWAP_diff_signal_1700_volume, not yet time (every 5m)
2025-05-02 17:54:00 - DEBUG - [_process_strategies] [N/A] ⏱ Skipping SMA_Cross_candle, not yet time (every 5m)
2025-05-02 17:54:00 - INFO - [_update_active_orders_and_telegram] [N/A] 📊 Updating SL/TP for active orders
2025-05-02 17:54:01 - INFO - [_wait_until_next_iteration] [N/A] ⏳ Sleeping for 58.93 seconds before the next cycle
2025-05-02 17:55:00 - INFO - [_run_strategy_if_applicable] [N/A] 🔄 Starting trading loop for strategy: VWAP_diff_signal_1700
2025-05-02 17:55:00 - INFO - [get_stock_data] [CZR] Requesting data for CZR
2025-05-02 17:55:00 - INFO - [get_stock_data] [CZR] Data received for CZR: 95 rows
2025-05-02 17:55:00 - INFO - [check_vwap_diff_signal] [CZR] Analyzing VWAP reversal signal for CZR
2025-05-02 17:55:00 - INFO - [check_vwap_diff_signal] [CZR] Close: 27.5 | Low: 27.42 | High: 27.52 | VWAP: 27.489739573771132
2025-05-02 17:55:00 - DEBUG - [check_vwap_diff_signal] [CZR] [CZR] Last Candela: VWAP-Low=0.25%, High-VWAP=0.11%
2025-05-02 17:55:00 - DEBUG - [check_vwap_diff_signal] [CZR] No VWAP signal detected
2025-05-02 17:55:00 - INFO - [_process_ticker] [CZR] ℹ️ No valid signal for CZR
2025-05-02 17:55:00 - INFO - [get_stock_data] [MTCH] Requesting data for MTCH
2025-05-02 17:55:01 - INFO - [get_stock_data] [MTCH] Data received for MTCH: 95 rows
2025-05-02 17:55:01 - INFO - [check_vwap_diff_signal] [MTCH] Analyzing VWAP reversal signal for MTCH
2025-05-02 17:55:01 - INFO - [check_vwap_diff_signal] [MTCH] Close: 30.73 | Low: 30.68 | High: 30.74 | VWAP: 30.773964384832066
2025-05-02 17:55:01 - DEBUG - [check_vwap_diff_signal] [MTCH] [MTCH] Last Candela: VWAP-Low=0.31%, High-VWAP=-0.11%
2025-05-02 17:55:01 - DEBUG - [check_vwap_diff_signal] [MTCH] No VWAP signal detected
2025-05-02 17:55:01 - INFO - [_process_ticker] [MTCH] ℹ️ No valid signal for MTCH
2025-05-02 17:55:01 - INFO - [get_stock_data] [NCHL] Requesting data for NCHL
2025-05-02 17:55:01 - ERROR - [get_stock_data] [NCHL] Error retrieving data: 'NoneType' object has no attribute 'empty'
2025-05-02 17:55:01 - INFO - [get_stock_data] [HBAN] Requesting data for HBAN
2025-05-02 17:55:02 - INFO - [get_stock_data] [HBAN] Data received for HBAN: 95 rows
2025-05-02 17:55:02 - INFO - [check_vwap_diff_signal] [HBAN] Analyzing VWAP reversal signal for HBAN
2025-05-02 17:55:02 - INFO - [check_vwap_diff_signal] [HBAN] Close: 14.99 | Low: 14.94 | High: 14.99 | VWAP: 14.939822255928762
2025-05-02 17:55:02 - DEBUG - [check_vwap_diff_signal] [HBAN] [HBAN] Last Candela: VWAP-Low=-0.00%, High-VWAP=0.34%
2025-05-02 17:55:02 - DEBUG - [check_vwap_diff_signal] [HBAN] No VWAP signal detected
2025-05-02 17:55:02 - INFO - [_process_ticker] [HBAN] ℹ️ No valid signal for HBAN
2025-05-02 17:55:02 - INFO - [get_stock_data] [MRNA] Requesting data for MRNA
2025-05-02 17:55:02 - INFO - [get_stock_data] [MRNA] Data received for MRNA: 95 rows
2025-05-02 17:55:02 - INFO - [check_vwap_diff_signal] [MRNA] Analyzing VWAP reversal signal for MRNA
2025-05-02 17:55:02 - INFO - [check_vwap_diff_signal] [MRNA] Close: 27.57 | Low: 27.43 | High: 27.6 | VWAP: 27.539658019464774
2025-05-02 17:55:02 - DEBUG - [check_vwap_diff_signal] [MRNA] [MRNA] Last Candela: VWAP-Low=0.40%, High-VWAP=0.22%
2025-05-02 17:55:02 - DEBUG - [check_vwap_diff_signal] [MRNA] No VWAP signal detected
2025-05-02 17:55:02 - INFO - [_process_ticker] [MRNA] ℹ️ No valid signal for MRNA
2025-05-02 17:55:02 - INFO - [get_stock_data] [WBD] Requesting data for WBD
2025-05-02 17:55:03 - INFO - [get_stock_data] [WBD] Data received for WBD: 95 rows
2025-05-02 17:55:03 - INFO - [check_vwap_diff_signal] [WBD] Analyzing VWAP reversal signal for WBD
2025-05-02 17:55:03 - INFO - [check_vwap_diff_signal] [WBD] Close: 8.54 | Low: 8.52 | High: 8.56 | VWAP: 8.539959669979664
2025-05-02 17:55:03 - DEBUG - [check_vwap_diff_signal] [WBD] [WBD] Last Candela: VWAP-Low=0.23%, High-VWAP=0.23%
2025-05-02 17:55:03 - DEBUG - [check_vwap_diff_signal] [WBD] No VWAP signal detected
2025-05-02 17:55:03 - INFO - [_process_ticker] [WBD] ℹ️ No valid signal for WBD
2025-05-02 17:55:03 - INFO - [get_stock_data] [CMCSA] Requesting data for CMCSA
2025-05-02 17:55:04 - INFO - [get_stock_data] [CMCSA] Data received for CMCSA: 95 rows
2025-05-02 17:55:04 - INFO - [check_vwap_diff_signal] [CMCSA] Analyzing VWAP reversal signal for CMCSA
2025-05-02 17:55:04 - INFO - [check_vwap_diff_signal] [CMCSA] Close: 34.32 | Low: 34.27 | High: 34.32 | VWAP: 34.23337300585718
2025-05-02 17:55:04 - DEBUG - [check_vwap_diff_signal] [CMCSA] [CMCSA] Last Candela: VWAP-Low=-0.11%, High-VWAP=0.25%
2025-05-02 17:55:04 - DEBUG - [check_vwap_diff_signal] [CMCSA] No VWAP signal detected
2025-05-02 17:55:04 - INFO - [_process_ticker] [CMCSA] ℹ️ No valid signal for CMCSA
2025-05-02 17:55:04 - INFO - [_run_strategy_if_applicable] [N/A] 🔄 Starting trading loop for strategy: VWAP_diff_signal_rsi_1700
2025-05-02 17:55:04 - INFO - [get_stock_data] [IVZ] Requesting data for IVZ
2025-05-02 17:55:04 - INFO - [get_stock_data] [IVZ] Data received for IVZ: 95 rows
2025-05-02 17:55:04 - INFO - [check_vwap_diff_signal_with_rsi] [IVZ] Analyzing VWAP reversal signal for IVZ
2025-05-02 17:55:04 - INFO - [check_vwap_diff_signal_with_rsi] [IVZ] Close: 14.32 | Low: 14.27 | High: 14.32 | VWAP: 14.271675581706337 | RSI: 62.33
2025-05-02 17:55:04 - DEBUG - [check_vwap_diff_signal_with_rsi] [IVZ] [IVZ] Last Candela: VWAP-Low=0.01%, High-VWAP=0.34%
2025-05-02 17:55:04 - DEBUG - [check_vwap_diff_signal_with_rsi] [IVZ] No VWAP+RSI signal detected
2025-05-02 17:55:04 - INFO - [_process_ticker] [IVZ] ℹ️ No valid signal for IVZ
2025-05-02 17:55:04 - INFO - [get_stock_data] [FCX] Requesting data for FCX
2025-05-02 17:55:05 - INFO - [get_stock_data] [FCX] Data received for FCX: 95 rows
2025-05-02 17:55:05 - INFO - [check_vwap_diff_signal_with_rsi] [FCX] Analyzing VWAP reversal signal for FCX
2025-05-02 17:55:05 - INFO - [check_vwap_diff_signal_with_rsi] [FCX] Close: 37.47 | Low: 37.43 | High: 37.52 | VWAP: 37.38321965252768 | RSI: 64.38
2025-05-02 17:55:05 - DEBUG - [check_vwap_diff_signal_with_rsi] [FCX] [FCX] Last Candela: VWAP-Low=-0.13%, High-VWAP=0.37%
2025-05-02 17:55:05 - DEBUG - [check_vwap_diff_signal_with_rsi] [FCX] No VWAP+RSI signal detected
2025-05-02 17:55:05 - INFO - [_process_ticker] [FCX] ℹ️ No valid signal for FCX
2025-05-02 17:55:05 - INFO - [get_stock_data] [HST] Requesting data for HST
2025-05-02 17:55:05 - INFO - [get_stock_data] [HST] Data received for HST: 96 rows
2025-05-02 17:55:05 - INFO - [check_vwap_diff_signal_with_rsi] [HST] Analyzing VWAP reversal signal for HST
2025-05-02 17:55:05 - INFO - [check_vwap_diff_signal_with_rsi] [HST] Close: 14.68 | Low: 14.68 | High: 14.68 | VWAP: 14.715025978430436 | RSI: 52.58
2025-05-02 17:55:05 - DEBUG - [check_vwap_diff_signal_with_rsi] [HST] [HST] Last Candela: VWAP-Low=0.24%, High-VWAP=-0.24%
2025-05-02 17:55:05 - DEBUG - [check_vwap_diff_signal_with_rsi] [HST] No VWAP+RSI signal detected
2025-05-02 17:55:05 - INFO - [_process_ticker] [HST] ℹ️ No valid signal for HST
2025-05-02 17:55:05 - INFO - [get_stock_data] [IVZ] Requesting data for IVZ
2025-05-02 17:55:06 - INFO - [get_stock_data] [IVZ] Data received for IVZ: 96 rows
2025-05-02 17:55:06 - INFO - [check_vwap_diff_signal_with_rsi] [IVZ] Analyzing VWAP reversal signal for IVZ
2025-05-02 17:55:06 - INFO - [check_vwap_diff_signal_with_rsi] [IVZ] Close: 14.31 | Low: 14.31 | High: 14.31 | VWAP: 14.271675581706337 | RSI: 61.07
2025-05-02 17:55:06 - DEBUG - [check_vwap_diff_signal_with_rsi] [IVZ] [IVZ] Last Candela: VWAP-Low=-0.27%, High-VWAP=0.27%
2025-05-02 17:55:06 - DEBUG - [check_vwap_diff_signal_with_rsi] [IVZ] No VWAP+RSI signal detected
2025-05-02 17:55:06 - INFO - [_process_ticker] [IVZ] ℹ️ No valid signal for IVZ
2025-05-02 17:55:06 - INFO - [get_stock_data] [NEM] Requesting data for NEM
2025-05-02 17:55:07 - INFO - [get_stock_data] [NEM] Data received for NEM: 96 rows
2025-05-02 17:55:07 - INFO - [check_vwap_diff_signal_with_rsi] [NEM] Analyzing VWAP reversal signal for NEM
2025-05-02 17:55:07 - INFO - [check_vwap_diff_signal_with_rsi] [NEM] Close: 51.73 | Low: 51.72 | High: 51.73 | VWAP: 51.907920872422 | RSI: 51.04
2025-05-02 17:55:07 - DEBUG - [check_vwap_diff_signal_with_rsi] [NEM] [NEM] Last Candela: VWAP-Low=0.36%, High-VWAP=-0.34%
2025-05-02 17:55:07 - DEBUG - [check_vwap_diff_signal_with_rsi] [NEM] No VWAP+RSI signal detected
2025-05-02 17:55:07 - INFO - [_process_ticker] [NEM] ℹ️ No valid signal for NEM
2025-05-02 17:55:07 - INFO - [get_stock_data] [LUV] Requesting data for LUV
2025-05-02 17:55:07 - INFO - [get_stock_data] [LUV] Data received for LUV: 96 rows
2025-05-02 17:55:07 - INFO - [check_vwap_diff_signal_with_rsi] [LUV] Analyzing VWAP reversal signal for LUV
2025-05-02 17:55:07 - INFO - [check_vwap_diff_signal_with_rsi] [LUV] Close: 29.65 | Low: 29.65 | High: 29.65 | VWAP: 29.673899424603015 | RSI: 61.38
2025-05-02 17:55:07 - DEBUG - [check_vwap_diff_signal_with_rsi] [LUV] [LUV] Last Candela: VWAP-Low=0.08%, High-VWAP=-0.08%
2025-05-02 17:55:07 - DEBUG - [check_vwap_diff_signal_with_rsi] [LUV] No VWAP+RSI signal detected
2025-05-02 17:55:07 - INFO - [_process_ticker] [LUV] ℹ️ No valid signal for LUV
2025-05-02 17:55:07 - INFO - [_run_strategy_if_applicable] [N/A] ⏰ Strategy 'EMA_Cross_ema50' not executed because it's outside the time window: 16:35:00 - 16:50:00
2025-05-02 17:55:07 - INFO - [_run_strategy_if_applicable] [N/A] ⏰ Strategy 'EMA_Cross_candle' not executed because it's outside the time window: 16:35:00 - 16:50:00
2025-05-02 17:55:07 - INFO - [_run_strategy_if_applicable] [N/A] ⏰ Strategy 'SMA_Cross_sma50' not executed because it's outside the time window: 16:35:00 - 16:50:00
2025-05-02 17:55:07 - INFO - [_run_strategy_if_applicable] [N/A] 🔄 Starting trading loop for strategy: VWAP_diff_signal_1700_volume
2025-05-02 17:55:07 - DEBUG - [_process_ticker] [GEN] 🚫 Trade not allowed for GEN (limit reached)
2025-05-02 17:55:07 - INFO - [get_stock_data] [HPQ] Requesting data for HPQ
2025-05-02 17:55:08 - INFO - [get_stock_data] [HPQ] Data received for HPQ: 96 rows
2025-05-02 17:55:08 - INFO - [check_vwap_diff_signal_with_volume] [HPQ] Analyzing VWAP reversal signal for HPQ
2025-05-02 17:55:08 - INFO - [_process_ticker] [HPQ] ℹ️ No valid signal for HPQ
2025-05-02 17:55:08 - INFO - [get_stock_data] [INTC] Requesting data for INTC
2025-05-02 17:55:09 - INFO - [get_stock_data] [INTC] Data received for INTC: 96 rows
2025-05-02 17:55:09 - INFO - [check_vwap_diff_signal_with_volume] [INTC] Analyzing VWAP reversal signal for INTC
2025-05-02 17:55:09 - INFO - [_process_ticker] [INTC] ℹ️ No valid signal for INTC
2025-05-02 17:55:09 - INFO - [get_stock_data] [RF] Requesting data for RF
2025-05-02 17:55:09 - INFO - [get_stock_data] [RF] Data received for RF: 96 rows
2025-05-02 17:55:09 - INFO - [check_vwap_diff_signal_with_volume] [RF] Analyzing VWAP reversal signal for RF
2025-05-02 17:55:09 - INFO - [_process_ticker] [RF] ℹ️ No valid signal for RF
2025-05-02 17:55:09 - INFO - [_run_strategy_if_applicable] [N/A] ⏰ Strategy 'SMA_Cross_candle' not executed because it's outside the time window: 16:35:00 - 16:50:00
2025-05-02 17:55:09 - INFO - [_update_active_orders_and_telegram] [N/A] 📊 Updating SL/TP for active orders
2025-05-02 17:55:10 - INFO - [_wait_until_next_iteration] [N/A] ⏳ Sleeping for 49.16 seconds before the next cycle
2025-05-02 17:56:00 - DEBUG - [_process_strategies] [N/A] ⏱ Skipping VWAP_diff_signal_1700, not yet time (every 5m)
2025-05-02 17:56:00 - DEBUG - [_process_strategies] [N/A] ⏱ Skipping VWAP_diff_signal_rsi_1700, not yet time (every 5m)
2025-05-02 17:56:00 - DEBUG - [_process_strategies] [N/A] ⏱ Skipping EMA_Cross_ema50, not yet time (every 5m)
2025-05-02 17:56:00 - DEBUG - [_process_strategies] [N/A] ⏱ Skipping EMA_Cross_candle, not yet time (every 5m)
2025-05-02 17:56:00 - DEBUG - [_process_strategies] [N/A] ⏱ Skipping SMA_Cross_sma50, not yet time (every 5m)
2025-05-02 17:56:00 - DEBUG - [_process_strategies] [N/A] ⏱ Skipping VWAP_diff_signal_1700_volume, not yet time (every 5m)
2025-05-02 17:56:00 - DEBUG - [_process_strategies] [N/A] ⏱ Skipping SMA_Cross_candle, not yet time (every 5m)
2025-05-02 17:56:00 - INFO - [_update_active_orders_and_telegram] [N/A] 📊 Updating SL/TP for active orders
2025-05-02 17:56:01 - INFO - [_wait_until_next_iteration] [N/A] ⏳ Sleeping for 58.95 seconds before the next cycle
2025-05-02 17:57:00 - DEBUG - [_process_strategies] [N/A] ⏱ Skipping VWAP_diff_signal_1700, not yet time (every 5m)
2025-05-02 17:57:00 - DEBUG - [_process_strategies] [N/A] ⏱ Skipping VWAP_diff_signal_rsi_1700, not yet time (every 5m)
2025-05-02 17:57:00 - DEBUG - [_process_strategies] [N/A] ⏱ Skipping EMA_Cross_ema50, not yet time (every 5m)
2025-05-02 17:57:00 - DEBUG - [_process_strategies] [N/A] ⏱ Skipping EMA_Cross_candle, not yet time (every 5m)
2025-05-02 17:57:00 - DEBUG - [_process_strategies] [N/A] ⏱ Skipping SMA_Cross_sma50, not yet time (every 5m)
2025-05-02 17:57:00 - DEBUG - [_process_strategies] [N/A] ⏱ Skipping VWAP_diff_signal_1700_volume, not yet time (every 5m)
2025-05-02 17:57:00 - DEBUG - [_process_strategies] [N/A] ⏱ Skipping SMA_Cross_candle, not yet time (every 5m)
2025-05-02 17:57:00 - INFO - [_update_active_orders_and_telegram] [N/A] 📊 Updating SL/TP for active orders
2025-05-02 17:57:01 - INFO - [_wait_until_next_iteration] [N/A] ⏳ Sleeping for 58.93 seconds before the next cycle
2025-05-02 17:58:00 - DEBUG - [_process_strategies] [N/A] ⏱ Skipping VWAP_diff_signal_1700, not yet time (every 5m)
2025-05-02 17:58:00 - DEBUG - [_process_strategies] [N/A] ⏱ Skipping VWAP_diff_signal_rsi_1700, not yet time (every 5m)
2025-05-02 17:58:00 - DEBUG - [_process_strategies] [N/A] ⏱ Skipping EMA_Cross_ema50, not yet time (every 5m)
2025-05-02 17:58:00 - DEBUG - [_process_strategies] [N/A] ⏱ Skipping EMA_Cross_candle, not yet time (every 5m)
2025-05-02 17:58:00 - DEBUG - [_process_strategies] [N/A] ⏱ Skipping SMA_Cross_sma50, not yet time (every 5m)
2025-05-02 17:58:00 - DEBUG - [_process_strategies] [N/A] ⏱ Skipping VWAP_diff_signal_1700_volume, not yet time (every 5m)
2025-05-02 17:58:00 - DEBUG - [_process_strategies] [N/A] ⏱ Skipping SMA_Cross_candle, not yet time (every 5m)
2025-05-02 17:58:00 - INFO - [_update_active_orders_and_telegram] [N/A] 📊 Updating SL/TP for active orders
2025-05-02 17:58:01 - INFO - [_wait_until_next_iteration] [N/A] ⏳ Sleeping for 58.93 seconds before the next cycle
2025-05-02 17:59:00 - DEBUG - [_process_strategies] [N/A] ⏱ Skipping VWAP_diff_signal_1700, not yet time (every 5m)
2025-05-02 17:59:00 - DEBUG - [_process_strategies] [N/A] ⏱ Skipping VWAP_diff_signal_rsi_1700, not yet time (every 5m)
2025-05-02 17:59:00 - DEBUG - [_process_strategies] [N/A] ⏱ Skipping EMA_Cross_ema50, not yet time (every 5m)
2025-05-02 17:59:00 - DEBUG - [_process_strategies] [N/A] ⏱ Skipping EMA_Cross_candle, not yet time (every 5m)
2025-05-02 17:59:00 - DEBUG - [_process_strategies] [N/A] ⏱ Skipping SMA_Cross_sma50, not yet time (every 5m)
2025-05-02 17:59:00 - DEBUG - [_process_strategies] [N/A] ⏱ Skipping VWAP_diff_signal_1700_volume, not yet time (every 5m)
2025-05-02 17:59:00 - DEBUG - [_process_strategies] [N/A] ⏱ Skipping SMA_Cross_candle, not yet time (every 5m)
2025-05-02 17:59:00 - INFO - [_update_active_orders_and_telegram] [N/A] 📊 Updating SL/TP for active orders
2025-05-02 17:59:01 - INFO - [_wait_until_next_iteration] [N/A] ⏳ Sleeping for 58.93 seconds before the next cycle
2025-05-02 18:00:00 - INFO - [_run_strategy_if_applicable] [N/A] 🔄 Starting trading loop for strategy: VWAP_diff_signal_1700
2025-05-02 18:00:00 - INFO - [get_stock_data] [CZR] Requesting data for CZR
2025-05-02 18:00:00 - INFO - [get_stock_data] [CZR] Data received for CZR: 96 rows
2025-05-02 18:00:00 - INFO - [check_vwap_diff_signal] [CZR] Analyzing VWAP reversal signal for CZR
2025-05-02 18:00:00 - INFO - [check_vwap_diff_signal] [CZR] Close: 27.59 | Low: 27.5 | High: 27.6 | VWAP: 27.49433912449527
2025-05-02 18:00:00 - DEBUG - [check_vwap_diff_signal] [CZR] [CZR] Last Candela: VWAP-Low=-0.02%, High-VWAP=0.38%
2025-05-02 18:00:00 - DEBUG - [check_vwap_diff_signal] [CZR] No VWAP signal detected
2025-05-02 18:00:00 - INFO - [_process_ticker] [CZR] ℹ️ No valid signal for CZR
2025-05-02 18:00:00 - INFO - [get_stock_data] [MTCH] Requesting data for MTCH
2025-05-02 18:00:01 - INFO - [get_stock_data] [MTCH] Data received for MTCH: 96 rows
2025-05-02 18:00:01 - INFO - [check_vwap_diff_signal] [MTCH] Analyzing VWAP reversal signal for MTCH
2025-05-02 18:00:01 - INFO - [check_vwap_diff_signal] [MTCH] Close: 30.7 | Low: 30.69 | High: 30.74 | VWAP: 30.771140065146586
2025-05-02 18:00:01 - DEBUG - [check_vwap_diff_signal] [MTCH] [MTCH] Last Candela: VWAP-Low=0.26%, High-VWAP=-0.10%
2025-05-02 18:00:01 - DEBUG - [check_vwap_diff_signal] [MTCH] No VWAP signal detected
2025-05-02 18:00:01 - INFO - [_process_ticker] [MTCH] ℹ️ No valid signal for MTCH
2025-05-02 18:00:01 - INFO - [get_stock_data] [NCHL] Requesting data for NCHL
2025-05-02 18:00:01 - ERROR - [get_stock_data] [NCHL] Error retrieving data: 'NoneType' object has no attribute 'empty'
2025-05-02 18:00:01 - INFO - [get_stock_data] [HBAN] Requesting data for HBAN
2025-05-02 18:00:02 - INFO - [get_stock_data] [HBAN] Data received for HBAN: 96 rows
2025-05-02 18:00:02 - INFO - [check_vwap_diff_signal] [HBAN] Analyzing VWAP reversal signal for HBAN
2025-05-02 18:00:02 - INFO - [check_vwap_diff_signal] [HBAN] Close: 15.0 | Low: 14.98 | High: 15.0 | VWAP: 14.942247873259422
2025-05-02 18:00:02 - DEBUG - [check_vwap_diff_signal] [HBAN] [HBAN] Last Candela: VWAP-Low=-0.25%, High-VWAP=0.39%
2025-05-02 18:00:02 - DEBUG - [check_vwap_diff_signal] [HBAN] No VWAP signal detected
2025-05-02 18:00:02 - INFO - [_process_ticker] [HBAN] ℹ️ No valid signal for HBAN
2025-05-02 18:00:02 - INFO - [get_stock_data] [MRNA] Requesting data for MRNA
2025-05-02 18:00:02 - INFO - [get_stock_data] [MRNA] Data received for MRNA: 96 rows
2025-05-02 18:00:02 - INFO - [check_vwap_diff_signal] [MRNA] Analyzing VWAP reversal signal for MRNA
2025-05-02 18:00:02 - INFO - [check_vwap_diff_signal] [MRNA] Close: 27.7 | Low: 27.55 | High: 27.72 | VWAP: 27.546884311211066
2025-05-02 18:00:02 - DEBUG - [check_vwap_diff_signal] [MRNA] [MRNA] Last Candela: VWAP-Low=-0.01%, High-VWAP=0.63%
2025-05-02 18:00:02 - DEBUG - [check_vwap_diff_signal] [MRNA] No VWAP signal detected
2025-05-02 18:00:02 - INFO - [_process_ticker] [MRNA] ℹ️ No valid signal for MRNA
2025-05-02 18:00:02 - INFO - [get_stock_data] [WBD] Requesting data for WBD
2025-05-02 18:00:03 - INFO - [get_stock_data] [WBD] Data received for WBD: 96 rows
2025-05-02 18:00:03 - INFO - [check_vwap_diff_signal] [WBD] Analyzing VWAP reversal signal for WBD
2025-05-02 18:00:03 - INFO - [check_vwap_diff_signal] [WBD] Close: 8.54 | Low: 8.51 | High: 8.55 | VWAP: 8.539963075368163
2025-05-02 18:00:03 - DEBUG - [check_vwap_diff_signal] [WBD] [WBD] Last Candela: VWAP-Low=0.35%, High-VWAP=0.12%
2025-05-02 18:00:03 - DEBUG - [check_vwap_diff_signal] [WBD] No VWAP signal detected
2025-05-02 18:00:03 - INFO - [_process_ticker] [WBD] ℹ️ No valid signal for WBD
2025-05-02 18:00:03 - INFO - [get_stock_data] [CMCSA] Requesting data for CMCSA
2025-05-02 18:00:04 - INFO - [get_stock_data] [CMCSA] Data received for CMCSA: 96 rows
2025-05-02 18:00:04 - INFO - [check_vwap_diff_signal] [CMCSA] Analyzing VWAP reversal signal for CMCSA
2025-05-02 18:00:04 - INFO - [check_vwap_diff_signal] [CMCSA] Close: 34.34 | Low: 34.31 | High: 34.36 | VWAP: 34.236800634549645
2025-05-02 18:00:04 - DEBUG - [check_vwap_diff_signal] [CMCSA] [CMCSA] Last Candela: VWAP-Low=-0.21%, High-VWAP=0.36%
2025-05-02 18:00:04 - DEBUG - [check_vwap_diff_signal] [CMCSA] No VWAP signal detected
2025-05-02 18:00:04 - INFO - [_process_ticker] [CMCSA] ℹ️ No valid signal for CMCSA
2025-05-02 18:00:04 - INFO - [_run_strategy_if_applicable] [N/A] 🔄 Starting trading loop for strategy: VWAP_diff_signal_rsi_1700
2025-05-02 18:00:04 - INFO - [get_stock_data] [IVZ] Requesting data for IVZ
2025-05-02 18:00:04 - INFO - [get_stock_data] [IVZ] Data received for IVZ: 96 rows
2025-05-02 18:00:04 - INFO - [check_vwap_diff_signal_with_rsi] [IVZ] Analyzing VWAP reversal signal for IVZ
2025-05-02 18:00:04 - INFO - [check_vwap_diff_signal_with_rsi] [IVZ] Close: 14.32 | Low: 14.29 | High: 14.33 | VWAP: 14.27354823594781 | RSI: 62.33
2025-05-02 18:00:04 - DEBUG - [check_vwap_diff_signal_with_rsi] [IVZ] [IVZ] Last Candela: VWAP-Low=-0.12%, High-VWAP=0.40%
2025-05-02 18:00:04 - DEBUG - [check_vwap_diff_signal_with_rsi] [IVZ] No VWAP+RSI signal detected
2025-05-02 18:00:04 - INFO - [_process_ticker] [IVZ] ℹ️ No valid signal for IVZ
2025-05-02 18:00:04 - INFO - [get_stock_data] [FCX] Requesting data for FCX
2025-05-02 18:00:05 - INFO - [get_stock_data] [FCX] Data received for FCX: 96 rows
2025-05-02 18:00:05 - INFO - [check_vwap_diff_signal_with_rsi] [FCX] Analyzing VWAP reversal signal for FCX
2025-05-02 18:00:05 - INFO - [check_vwap_diff_signal_with_rsi] [FCX] Close: 37.45 | Low: 37.42 | High: 37.51 | VWAP: 37.385102614711954 | RSI: 63.31
2025-05-02 18:00:05 - DEBUG - [check_vwap_diff_signal_with_rsi] [FCX] [FCX] Last Candela: VWAP-Low=-0.09%, High-VWAP=0.33%
2025-05-02 18:00:05 - DEBUG - [check_vwap_diff_signal_with_rsi] [FCX] No VWAP+RSI signal detected
2025-05-02 18:00:05 - INFO - [_process_ticker] [FCX] ℹ️ No valid signal for FCX
2025-05-02 18:00:05 - INFO - [get_stock_data] [HST] Requesting data for HST
2025-05-02 18:00:05 - INFO - [get_stock_data] [HST] Data received for HST: 97 rows
2025-05-02 18:00:05 - INFO - [check_vwap_diff_signal_with_rsi] [HST] Analyzing VWAP reversal signal for HST
2025-05-02 18:00:05 - INFO - [check_vwap_diff_signal_with_rsi] [HST] Close: 14.7 | Low: 14.7 | High: 14.7 | VWAP: 14.714832736798579 | RSI: 54.49
2025-05-02 18:00:05 - DEBUG - [check_vwap_diff_signal_with_rsi] [HST] [HST] Last Candela: VWAP-Low=0.10%, High-VWAP=-0.10%
2025-05-02 18:00:05 - DEBUG - [check_vwap_diff_signal_with_rsi] [HST] No VWAP+RSI signal detected
2025-05-02 18:00:05 - INFO - [_process_ticker] [HST] ℹ️ No valid signal for HST
2025-05-02 18:00:05 - INFO - [get_stock_data] [IVZ] Requesting data for IVZ
2025-05-02 18:00:06 - INFO - [get_stock_data] [IVZ] Data received for IVZ: 97 rows
2025-05-02 18:00:06 - INFO - [check_vwap_diff_signal_with_rsi] [IVZ] Analyzing VWAP reversal signal for IVZ
2025-05-02 18:00:06 - INFO - [check_vwap_diff_signal_with_rsi] [IVZ] Close: 14.32 | Low: 14.32 | High: 14.32 | VWAP: 14.27354823594781 | RSI: 62.33
2025-05-02 18:00:06 - DEBUG - [check_vwap_diff_signal_with_rsi] [IVZ] [IVZ] Last Candela: VWAP-Low=-0.33%, High-VWAP=0.33%
2025-05-02 18:00:06 - DEBUG - [check_vwap_diff_signal_with_rsi] [IVZ] No VWAP+RSI signal detected
2025-05-02 18:00:06 - INFO - [_process_ticker] [IVZ] ℹ️ No valid signal for IVZ
2025-05-02 18:00:06 - INFO - [get_stock_data] [NEM] Requesting data for NEM
2025-05-02 18:00:07 - INFO - [get_stock_data] [NEM] Data received for NEM: 97 rows
2025-05-02 18:00:07 - INFO - [check_vwap_diff_signal_with_rsi] [NEM] Analyzing VWAP reversal signal for NEM
2025-05-02 18:00:07 - INFO - [check_vwap_diff_signal_with_rsi] [NEM] Close: 51.64 | Low: 51.64 | High: 51.65 | VWAP: 51.89564044623122 | RSI: 46.86
2025-05-02 18:00:07 - DEBUG - [check_vwap_diff_signal_with_rsi] [NEM] [NEM] Last Candela: VWAP-Low=0.49%, High-VWAP=-0.47%
2025-05-02 18:00:07 - DEBUG - [check_vwap_diff_signal_with_rsi] [NEM] No VWAP+RSI signal detected
2025-05-02 18:00:07 - INFO - [_process_ticker] [NEM] ℹ️ No valid signal for NEM
2025-05-02 18:00:07 - INFO - [get_stock_data] [LUV] Requesting data for LUV
2025-05-02 18:00:07 - INFO - [get_stock_data] [LUV] Data received for LUV: 97 rows
2025-05-02 18:00:07 - INFO - [check_vwap_diff_signal_with_rsi] [LUV] Analyzing VWAP reversal signal for LUV
2025-05-02 18:00:07 - INFO - [check_vwap_diff_signal_with_rsi] [LUV] Close: 29.59 | Low: 29.57 | High: 29.59 | VWAP: 29.672116251806713 | RSI: 58.30
2025-05-02 18:00:07 - DEBUG - [check_vwap_diff_signal_with_rsi] [LUV] [LUV] Last Candela: VWAP-Low=0.34%, High-VWAP=-0.28%
2025-05-02 18:00:07 - DEBUG - [check_vwap_diff_signal_with_rsi] [LUV] No VWAP+RSI signal detected
2025-05-02 18:00:07 - INFO - [_process_ticker] [LUV] ℹ️ No valid signal for LUV
2025-05-02 18:00:07 - INFO - [_run_strategy_if_applicable] [N/A] ⏰ Strategy 'EMA_Cross_ema50' not executed because it's outside the time window: 16:35:00 - 16:50:00
2025-05-02 18:00:07 - INFO - [_run_strategy_if_applicable] [N/A] ⏰ Strategy 'EMA_Cross_candle' not executed because it's outside the time window: 16:35:00 - 16:50:00
2025-05-02 18:00:07 - INFO - [_run_strategy_if_applicable] [N/A] ⏰ Strategy 'SMA_Cross_sma50' not executed because it's outside the time window: 16:35:00 - 16:50:00
2025-05-02 18:00:07 - INFO - [_run_strategy_if_applicable] [N/A] 🔄 Starting trading loop for strategy: VWAP_diff_signal_1700_volume
2025-05-02 18:00:07 - DEBUG - [_process_ticker] [GEN] 🚫 Trade not allowed for GEN (limit reached)
2025-05-02 18:00:07 - INFO - [get_stock_data] [HPQ] Requesting data for HPQ
2025-05-02 18:00:08 - INFO - [get_stock_data] [HPQ] Data received for HPQ: 97 rows
2025-05-02 18:00:08 - INFO - [check_vwap_diff_signal_with_volume] [HPQ] Analyzing VWAP reversal signal for HPQ
2025-05-02 18:00:08 - INFO - [_process_ticker] [HPQ] ℹ️ No valid signal for HPQ
2025-05-02 18:00:08 - INFO - [get_stock_data] [INTC] Requesting data for INTC
2025-05-02 18:00:09 - INFO - [get_stock_data] [INTC] Data received for INTC: 97 rows
2025-05-02 18:00:09 - INFO - [check_vwap_diff_signal_with_volume] [INTC] Analyzing VWAP reversal signal for INTC
2025-05-02 18:00:09 - INFO - [_process_ticker] [INTC] ℹ️ No valid signal for INTC
2025-05-02 18:00:09 - INFO - [get_stock_data] [RF] Requesting data for RF
2025-05-02 18:00:09 - INFO - [get_stock_data] [RF] Data received for RF: 97 rows
2025-05-02 18:00:09 - INFO - [check_vwap_diff_signal_with_volume] [RF] Analyzing VWAP reversal signal for RF
2025-05-02 18:00:09 - INFO - [_process_ticker] [RF] ℹ️ No valid signal for RF
2025-05-02 18:00:09 - INFO - [_run_strategy_if_applicable] [N/A] ⏰ Strategy 'SMA_Cross_candle' not executed because it's outside the time window: 16:35:00 - 16:50:00
2025-05-02 18:00:09 - INFO - [_update_active_orders_and_telegram] [N/A] 📊 Updating SL/TP for active orders
2025-05-02 18:00:10 - INFO - [_wait_until_next_iteration] [N/A] ⏳ Sleeping for 49.33 seconds before the next cycle
2025-05-02 18:01:00 - DEBUG - [_process_strategies] [N/A] ⏱ Skipping VWAP_diff_signal_1700, not yet time (every 5m)
2025-05-02 18:01:00 - DEBUG - [_process_strategies] [N/A] ⏱ Skipping VWAP_diff_signal_rsi_1700, not yet time (every 5m)
2025-05-02 18:01:00 - DEBUG - [_process_strategies] [N/A] ⏱ Skipping EMA_Cross_ema50, not yet time (every 5m)
2025-05-02 18:01:00 - DEBUG - [_process_strategies] [N/A] ⏱ Skipping EMA_Cross_candle, not yet time (every 5m)
2025-05-02 18:01:00 - DEBUG - [_process_strategies] [N/A] ⏱ Skipping SMA_Cross_sma50, not yet time (every 5m)
2025-05-02 18:01:00 - DEBUG - [_process_strategies] [N/A] ⏱ Skipping VWAP_diff_signal_1700_volume, not yet time (every 5m)
2025-05-02 18:01:00 - DEBUG - [_process_strategies] [N/A] ⏱ Skipping SMA_Cross_candle, not yet time (every 5m)
2025-05-02 18:01:00 - INFO - [_update_active_orders_and_telegram] [N/A] 📊 Updating SL/TP for active orders
2025-05-02 18:01:01 - INFO - [_wait_until_next_iteration] [N/A] ⏳ Sleeping for 58.94 seconds before the next cycle
2025-05-02 18:02:00 - DEBUG - [_process_strategies] [N/A] ⏱ Skipping VWAP_diff_signal_1700, not yet time (every 5m)
2025-05-02 18:02:00 - DEBUG - [_process_strategies] [N/A] ⏱ Skipping VWAP_diff_signal_rsi_1700, not yet time (every 5m)
2025-05-02 18:02:00 - DEBUG - [_process_strategies] [N/A] ⏱ Skipping EMA_Cross_ema50, not yet time (every 5m)
2025-05-02 18:02:00 - DEBUG - [_process_strategies] [N/A] ⏱ Skipping EMA_Cross_candle, not yet time (every 5m)
2025-05-02 18:02:00 - DEBUG - [_process_strategies] [N/A] ⏱ Skipping SMA_Cross_sma50, not yet time (every 5m)
2025-05-02 18:02:00 - DEBUG - [_process_strategies] [N/A] ⏱ Skipping VWAP_diff_signal_1700_volume, not yet time (every 5m)
2025-05-02 18:02:00 - DEBUG - [_process_strategies] [N/A] ⏱ Skipping SMA_Cross_candle, not yet time (every 5m)
2025-05-02 18:02:00 - INFO - [_update_active_orders_and_telegram] [N/A] 📊 Updating SL/TP for active orders
2025-05-02 18:02:01 - INFO - [_wait_until_next_iteration] [N/A] ⏳ Sleeping for 58.94 seconds before the next cycle
2025-05-02 18:03:00 - DEBUG - [_process_strategies] [N/A] ⏱ Skipping VWAP_diff_signal_1700, not yet time (every 5m)
2025-05-02 18:03:00 - DEBUG - [_process_strategies] [N/A] ⏱ Skipping VWAP_diff_signal_rsi_1700, not yet time (every 5m)
2025-05-02 18:03:00 - DEBUG - [_process_strategies] [N/A] ⏱ Skipping EMA_Cross_ema50, not yet time (every 5m)
2025-05-02 18:03:00 - DEBUG - [_process_strategies] [N/A] ⏱ Skipping EMA_Cross_candle, not yet time (every 5m)
2025-05-02 18:03:00 - DEBUG - [_process_strategies] [N/A] ⏱ Skipping SMA_Cross_sma50, not yet time (every 5m)
2025-05-02 18:03:00 - DEBUG - [_process_strategies] [N/A] ⏱ Skipping VWAP_diff_signal_1700_volume, not yet time (every 5m)
2025-05-02 18:03:00 - DEBUG - [_process_strategies] [N/A] ⏱ Skipping SMA_Cross_candle, not yet time (every 5m)
2025-05-02 18:03:00 - INFO - [_update_active_orders_and_telegram] [N/A] 📊 Updating SL/TP for active orders
2025-05-02 18:03:01 - INFO - [_wait_until_next_iteration] [N/A] ⏳ Sleeping for 58.93 seconds before the next cycle
2025-05-02 18:04:00 - DEBUG - [_process_strategies] [N/A] ⏱ Skipping VWAP_diff_signal_1700, not yet time (every 5m)
2025-05-02 18:04:00 - DEBUG - [_process_strategies] [N/A] ⏱ Skipping VWAP_diff_signal_rsi_1700, not yet time (every 5m)
2025-05-02 18:04:00 - DEBUG - [_process_strategies] [N/A] ⏱ Skipping EMA_Cross_ema50, not yet time (every 5m)
2025-05-02 18:04:00 - DEBUG - [_process_strategies] [N/A] ⏱ Skipping EMA_Cross_candle, not yet time (every 5m)
2025-05-02 18:04:00 - DEBUG - [_process_strategies] [N/A] ⏱ Skipping SMA_Cross_sma50, not yet time (every 5m)
2025-05-02 18:04:00 - DEBUG - [_process_strategies] [N/A] ⏱ Skipping VWAP_diff_signal_1700_volume, not yet time (every 5m)
2025-05-02 18:04:00 - DEBUG - [_process_strategies] [N/A] ⏱ Skipping SMA_Cross_candle, not yet time (every 5m)
2025-05-02 18:04:00 - INFO - [_update_active_orders_and_telegram] [N/A] 📊 Updating SL/TP for active orders
2025-05-02 18:04:01 - INFO - [_wait_until_next_iteration] [N/A] ⏳ Sleeping for 58.94 seconds before the next cycle
2025-05-02 18:05:00 - INFO - [_run_strategy_if_applicable] [N/A] 🔄 Starting trading loop for strategy: VWAP_diff_signal_1700
2025-05-02 18:05:00 - INFO - [get_stock_data] [CZR] Requesting data for CZR
2025-05-02 18:05:00 - INFO - [get_stock_data] [CZR] Data received for CZR: 97 rows
2025-05-02 18:05:00 - INFO - [check_vwap_diff_signal] [CZR] Analyzing VWAP reversal signal for CZR
2025-05-02 18:05:00 - INFO - [check_vwap_diff_signal] [CZR] Close: 27.82 | Low: 27.57 | High: 27.82 | VWAP: 27.527258464500626
2025-05-02 18:05:00 - DEBUG - [check_vwap_diff_signal] [CZR] [CZR] Last Candela: VWAP-Low=-0.16%, High-VWAP=1.06%
2025-05-02 18:05:00 - DEBUG - [check_vwap_diff_signal] [CZR] No VWAP signal detected
2025-05-02 18:05:00 - INFO - [_process_ticker] [CZR] ℹ️ No valid signal for CZR
2025-05-02 18:05:00 - INFO - [get_stock_data] [MTCH] Requesting data for MTCH
2025-05-02 18:05:01 - INFO - [get_stock_data] [MTCH] Data received for MTCH: 97 rows
2025-05-02 18:05:01 - INFO - [check_vwap_diff_signal] [MTCH] Analyzing VWAP reversal signal for MTCH
2025-05-02 18:05:01 - INFO - [check_vwap_diff_signal] [MTCH] Close: 30.74 | Low: 30.68 | High: 30.75 | VWAP: 30.76952212463845
2025-05-02 18:05:01 - DEBUG - [check_vwap_diff_signal] [MTCH] [MTCH] Last Candela: VWAP-Low=0.29%, High-VWAP=-0.06%
2025-05-02 18:05:01 - DEBUG - [check_vwap_diff_signal] [MTCH] No VWAP signal detected
2025-05-02 18:05:01 - INFO - [_process_ticker] [MTCH] ℹ️ No valid signal for MTCH
2025-05-02 18:05:01 - INFO - [get_stock_data] [NCHL] Requesting data for NCHL
2025-05-02 18:05:01 - ERROR - [get_stock_data] [NCHL] Error retrieving data: 'NoneType' object has no attribute 'empty'
2025-05-02 18:05:01 - INFO - [get_stock_data] [HBAN] Requesting data for HBAN
2025-05-02 18:05:02 - INFO - [get_stock_data] [HBAN] Data received for HBAN: 97 rows
2025-05-02 18:05:02 - INFO - [check_vwap_diff_signal] [HBAN] Analyzing VWAP reversal signal for HBAN
2025-05-02 18:05:02 - INFO - [check_vwap_diff_signal] [HBAN] Close: 15.0 | Low: 14.99 | High: 15.01 | VWAP: 14.945390628907898
2025-05-02 18:05:02 - DEBUG - [check_vwap_diff_signal] [HBAN] [HBAN] Last Candela: VWAP-Low=-0.30%, High-VWAP=0.43%
2025-05-02 18:05:02 - DEBUG - [check_vwap_diff_signal] [HBAN] No VWAP signal detected
2025-05-02 18:05:02 - INFO - [_process_ticker] [HBAN] ℹ️ No valid signal for HBAN
2025-05-02 18:05:02 - INFO - [get_stock_data] [MRNA] Requesting data for MRNA
2025-05-02 18:05:02 - INFO - [get_stock_data] [MRNA] Data received for MRNA: 97 rows
2025-05-02 18:05:02 - INFO - [check_vwap_diff_signal] [MRNA] Analyzing VWAP reversal signal for MRNA
2025-05-02 18:05:02 - INFO - [check_vwap_diff_signal] [MRNA] Close: 27.68 | Low: 27.63 | High: 27.73 | VWAP: 27.549448236528168
2025-05-02 18:05:02 - DEBUG - [check_vwap_diff_signal] [MRNA] [MRNA] Last Candela: VWAP-Low=-0.29%, High-VWAP=0.66%
2025-05-02 18:05:02 - DEBUG - [check_vwap_diff_signal] [MRNA] No VWAP signal detected
2025-05-02 18:05:02 - INFO - [_process_ticker] [MRNA] ℹ️ No valid signal for MRNA
2025-05-02 18:05:02 - INFO - [get_stock_data] [WBD] Requesting data for WBD
2025-05-02 18:05:03 - INFO - [get_stock_data] [WBD] Data received for WBD: 97 rows
2025-05-02 18:05:03 - INFO - [check_vwap_diff_signal] [WBD] Analyzing VWAP reversal signal for WBD
2025-05-02 18:05:03 - INFO - [check_vwap_diff_signal] [WBD] Close: 8.54 | Low: 8.51 | High: 8.55 | VWAP: 8.539965774992783
2025-05-02 18:05:03 - DEBUG - [check_vwap_diff_signal] [WBD] [WBD] Last Candela: VWAP-Low=0.35%, High-VWAP=0.12%
2025-05-02 18:05:03 - DEBUG - [check_vwap_diff_signal] [WBD] No VWAP signal detected
2025-05-02 18:05:03 - INFO - [_process_ticker] [WBD] ℹ️ No valid signal for WBD
2025-05-02 18:05:03 - INFO - [get_stock_data] [CMCSA] Requesting data for CMCSA
2025-05-02 18:05:04 - INFO - [get_stock_data] [CMCSA] Data received for CMCSA: 97 rows
2025-05-02 18:05:04 - INFO - [check_vwap_diff_signal] [CMCSA] Analyzing VWAP reversal signal for CMCSA
2025-05-02 18:05:04 - INFO - [check_vwap_diff_signal] [CMCSA] Close: 34.34 | Low: 34.3 | High: 34.37 | VWAP: 34.24663188716789
2025-05-02 18:05:04 - DEBUG - [check_vwap_diff_signal] [CMCSA] [CMCSA] Last Candela: VWAP-Low=-0.16%, High-VWAP=0.36%
2025-05-02 18:05:04 - DEBUG - [check_vwap_diff_signal] [CMCSA] No VWAP signal detected
2025-05-02 18:05:04 - INFO - [_process_ticker] [CMCSA] ℹ️ No valid signal for CMCSA
2025-05-02 18:05:04 - INFO - [_run_strategy_if_applicable] [N/A] 🔄 Starting trading loop for strategy: VWAP_diff_signal_rsi_1700
2025-05-02 18:05:04 - INFO - [get_stock_data] [IVZ] Requesting data for IVZ
2025-05-02 18:05:04 - INFO - [get_stock_data] [IVZ] Data received for IVZ: 97 rows
2025-05-02 18:05:04 - INFO - [check_vwap_diff_signal_with_rsi] [IVZ] Analyzing VWAP reversal signal for IVZ
2025-05-02 18:05:04 - INFO - [check_vwap_diff_signal_with_rsi] [IVZ] Close: 14.32 | Low: 14.31 | High: 14.34 | VWAP: 14.27530355956582 | RSI: 62.33
2025-05-02 18:05:04 - DEBUG - [check_vwap_diff_signal_with_rsi] [IVZ] [IVZ] Last Candela: VWAP-Low=-0.24%, High-VWAP=0.45%
2025-05-02 18:05:04 - DEBUG - [check_vwap_diff_signal_with_rsi] [IVZ] No VWAP+RSI signal detected
2025-05-02 18:05:04 - INFO - [_process_ticker] [IVZ] ℹ️ No valid signal for IVZ
2025-05-02 18:05:04 - INFO - [get_stock_data] [FCX] Requesting data for FCX
2025-05-02 18:05:05 - INFO - [get_stock_data] [FCX] Data received for FCX: 97 rows
2025-05-02 18:05:05 - INFO - [check_vwap_diff_signal_with_rsi] [FCX] Analyzing VWAP reversal signal for FCX
2025-05-02 18:05:05 - INFO - [check_vwap_diff_signal_with_rsi] [FCX] Close: 37.37 | Low: 37.37 | High: 37.47 | VWAP: 37.38464148304041 | RSI: 59.06
2025-05-02 18:05:05 - DEBUG - [check_vwap_diff_signal_with_rsi] [FCX] [FCX] Last Candela: VWAP-Low=0.04%, High-VWAP=0.23%
2025-05-02 18:05:05 - DEBUG - [check_vwap_diff_signal_with_rsi] [FCX] No VWAP+RSI signal detected
2025-05-02 18:05:05 - INFO - [_process_ticker] [FCX] ℹ️ No valid signal for FCX
2025-05-02 18:05:05 - INFO - [get_stock_data] [HST] Requesting data for HST
2025-05-02 18:05:06 - INFO - [get_stock_data] [HST] Data received for HST: 98 rows
2025-05-02 18:05:06 - INFO - [check_vwap_diff_signal_with_rsi] [HST] Analyzing VWAP reversal signal for HST
2025-05-02 18:05:06 - INFO - [check_vwap_diff_signal_with_rsi] [HST] Close: 14.7 | Low: 14.69 | High: 14.7 | VWAP: 14.714059255635677 | RSI: 54.49
2025-05-02 18:05:06 - DEBUG - [check_vwap_diff_signal_with_rsi] [HST] [HST] Last Candela: VWAP-Low=0.16%, High-VWAP=-0.10%
2025-05-02 18:05:06 - DEBUG - [check_vwap_diff_signal_with_rsi] [HST] No VWAP+RSI signal detected
2025-05-02 18:05:06 - INFO - [_process_ticker] [HST] ℹ️ No valid signal for HST
2025-05-02 18:05:06 - INFO - [get_stock_data] [IVZ] Requesting data for IVZ
2025-05-02 18:05:07 - INFO - [get_stock_data] [IVZ] Data received for IVZ: 98 rows
2025-05-02 18:05:07 - INFO - [check_vwap_diff_signal_with_rsi] [IVZ] Analyzing VWAP reversal signal for IVZ
2025-05-02 18:05:07 - INFO - [check_vwap_diff_signal_with_rsi] [IVZ] Close: 14.32 | Low: 14.32 | High: 14.32 | VWAP: 14.27530355956582 | RSI: 62.33
2025-05-02 18:05:07 - DEBUG - [check_vwap_diff_signal_with_rsi] [IVZ] [IVZ] Last Candela: VWAP-Low=-0.31%, High-VWAP=0.31%
2025-05-02 18:05:07 - DEBUG - [check_vwap_diff_signal_with_rsi] [IVZ] No VWAP+RSI signal detected
2025-05-02 18:05:07 - INFO - [_process_ticker] [IVZ] ℹ️ No valid signal for IVZ
2025-05-02 18:05:07 - INFO - [get_stock_data] [NEM] Requesting data for NEM
2025-05-02 18:05:07 - INFO - [get_stock_data] [NEM] Data received for NEM: 98 rows
2025-05-02 18:05:07 - INFO - [check_vwap_diff_signal_with_rsi] [NEM] Analyzing VWAP reversal signal for NEM
2025-05-02 18:05:07 - INFO - [check_vwap_diff_signal_with_rsi] [NEM] Close: 51.58 | Low: 51.58 | High: 51.58 | VWAP: 51.87936288909246 | RSI: 44.00
2025-05-02 18:05:07 - DEBUG - [check_vwap_diff_signal_with_rsi] [NEM] [NEM] Last Candela: VWAP-Low=0.58%, High-VWAP=-0.58%
2025-05-02 18:05:07 - DEBUG - [check_vwap_diff_signal_with_rsi] [NEM] No VWAP+RSI signal detected
2025-05-02 18:05:07 - INFO - [_process_ticker] [NEM] ℹ️ No valid signal for NEM
2025-05-02 18:05:07 - INFO - [get_stock_data] [LUV] Requesting data for LUV
2025-05-02 18:05:09 - INFO - [get_stock_data] [LUV] Data received for LUV: 98 rows
2025-05-02 18:05:09 - INFO - [check_vwap_diff_signal_with_rsi] [LUV] Analyzing VWAP reversal signal for LUV
2025-05-02 18:05:09 - INFO - [check_vwap_diff_signal_with_rsi] [LUV] Close: 29.64 | Low: 29.64 | High: 29.64 | VWAP: 29.671580100562064 | RSI: 60.01
2025-05-02 18:05:09 - DEBUG - [check_vwap_diff_signal_with_rsi] [LUV] [LUV] Last Candela: VWAP-Low=0.11%, High-VWAP=-0.11%
2025-05-02 18:05:09 - DEBUG - [check_vwap_diff_signal_with_rsi] [LUV] No VWAP+RSI signal detected
2025-05-02 18:05:09 - INFO - [_process_ticker] [LUV] ℹ️ No valid signal for LUV
2025-05-02 18:05:09 - INFO - [_run_strategy_if_applicable] [N/A] ⏰ Strategy 'EMA_Cross_ema50' not executed because it's outside the time window: 16:35:00 - 16:50:00
2025-05-02 18:05:09 - INFO - [_run_strategy_if_applicable] [N/A] ⏰ Strategy 'EMA_Cross_candle' not executed because it's outside the time window: 16:35:00 - 16:50:00
2025-05-02 18:05:09 - INFO - [_run_strategy_if_applicable] [N/A] ⏰ Strategy 'SMA_Cross_sma50' not executed because it's outside the time window: 16:35:00 - 16:50:00
2025-05-02 18:05:09 - INFO - [_run_strategy_if_applicable] [N/A] 🔄 Starting trading loop for strategy: VWAP_diff_signal_1700_volume
2025-05-02 18:05:09 - DEBUG - [_process_ticker] [GEN] 🚫 Trade not allowed for GEN (limit reached)
2025-05-02 18:05:09 - INFO - [get_stock_data] [HPQ] Requesting data for HPQ
2025-05-02 18:05:09 - INFO - [get_stock_data] [HPQ] Data received for HPQ: 98 rows
2025-05-02 18:05:09 - INFO - [check_vwap_diff_signal_with_volume] [HPQ] Analyzing VWAP reversal signal for HPQ
2025-05-02 18:05:09 - INFO - [check_vwap_diff_signal_with_volume] [HPQ] Close: 25.95 | Low: 25.95 | High: 25.95 | VWAP: 25.94685333012694 | Volume Ratio: 0.00
2025-05-02 18:05:09 - DEBUG - [check_vwap_diff_signal_with_volume] [HPQ] [HPQ] Last Candle: VWAP-Low=-0.01%, High-VWAP=0.01%
2025-05-02 18:05:09 - DEBUG - [check_vwap_diff_signal_with_volume] [HPQ] No VWAP+VolumeRatio signal detected
2025-05-02 18:05:09 - INFO - [_process_ticker] [HPQ] ℹ️ No valid signal for HPQ
2025-05-02 18:05:09 - INFO - [get_stock_data] [INTC] Requesting data for INTC
2025-05-02 18:05:10 - INFO - [get_stock_data] [INTC] Data received for INTC: 98 rows
2025-05-02 18:05:10 - INFO - [check_vwap_diff_signal_with_volume] [INTC] Analyzing VWAP reversal signal for INTC
2025-05-02 18:05:10 - INFO - [check_vwap_diff_signal_with_volume] [INTC] Close: 20.6 | Low: 20.59 | High: 20.6 | VWAP: 20.439566657456005 | Volume Ratio: 0.00
2025-05-02 18:05:10 - DEBUG - [check_vwap_diff_signal_with_volume] [INTC] [INTC] Last Candle: VWAP-Low=-0.74%, High-VWAP=0.78%
2025-05-02 18:05:10 - DEBUG - [check_vwap_diff_signal_with_volume] [INTC] No VWAP+VolumeRatio signal detected
2025-05-02 18:05:10 - INFO - [_process_ticker] [INTC] ℹ️ No valid signal for INTC
2025-05-02 18:05:10 - INFO - [get_stock_data] [RF] Requesting data for RF
2025-05-02 18:05:11 - INFO - [get_stock_data] [RF] Data received for RF: 98 rows
2025-05-02 18:05:11 - INFO - [check_vwap_diff_signal_with_volume] [RF] Analyzing VWAP reversal signal for RF
2025-05-02 18:05:11 - INFO - [check_vwap_diff_signal_with_volume] [RF] Close: 20.95 | Low: 20.94 | High: 20.95 | VWAP: 20.911519626864767 | Volume Ratio: 0.01
2025-05-02 18:05:11 - DEBUG - [check_vwap_diff_signal_with_volume] [RF] [RF] Last Candle: VWAP-Low=-0.14%, High-VWAP=0.18%
2025-05-02 18:05:11 - DEBUG - [check_vwap_diff_signal_with_volume] [RF] No VWAP+VolumeRatio signal detected
2025-05-02 18:05:11 - INFO - [_process_ticker] [RF] ℹ️ No valid signal for RF
2025-05-02 18:05:11 - INFO - [_run_strategy_if_applicable] [N/A] ⏰ Strategy 'SMA_Cross_candle' not executed because it's outside the time window: 16:35:00 - 16:50:00
2025-05-02 18:05:11 - INFO - [_update_active_orders_and_telegram] [N/A] 📊 Updating SL/TP for active orders
2025-05-02 18:05:12 - INFO - [_wait_until_next_iteration] [N/A] ⏳ Sleeping for 47.85 seconds before the next cycle
2025-05-02 18:06:00 - DEBUG - [_process_strategies] [N/A] ⏱ Skipping VWAP_diff_signal_1700, not yet time (every 5m)
2025-05-02 18:06:00 - DEBUG - [_process_strategies] [N/A] ⏱ Skipping VWAP_diff_signal_rsi_1700, not yet time (every 5m)
2025-05-02 18:06:00 - DEBUG - [_process_strategies] [N/A] ⏱ Skipping EMA_Cross_ema50, not yet time (every 5m)
2025-05-02 18:06:00 - DEBUG - [_process_strategies] [N/A] ⏱ Skipping EMA_Cross_candle, not yet time (every 5m)
2025-05-02 18:06:00 - DEBUG - [_process_strategies] [N/A] ⏱ Skipping SMA_Cross_sma50, not yet time (every 5m)
2025-05-02 18:06:00 - DEBUG - [_process_strategies] [N/A] ⏱ Skipping VWAP_diff_signal_1700_volume, not yet time (every 5m)
2025-05-02 18:06:00 - DEBUG - [_process_strategies] [N/A] ⏱ Skipping SMA_Cross_candle, not yet time (every 5m)
2025-05-02 18:06:00 - INFO - [_update_active_orders_and_telegram] [N/A] 📊 Updating SL/TP for active orders
2025-05-02 18:06:01 - INFO - [_wait_until_next_iteration] [N/A] ⏳ Sleeping for 58.94 seconds before the next cycle
2025-05-02 18:07:00 - DEBUG - [_process_strategies] [N/A] ⏱ Skipping VWAP_diff_signal_1700, not yet time (every 5m)
2025-05-02 18:07:00 - DEBUG - [_process_strategies] [N/A] ⏱ Skipping VWAP_diff_signal_rsi_1700, not yet time (every 5m)
2025-05-02 18:07:00 - DEBUG - [_process_strategies] [N/A] ⏱ Skipping EMA_Cross_ema50, not yet time (every 5m)
2025-05-02 18:07:00 - DEBUG - [_process_strategies] [N/A] ⏱ Skipping EMA_Cross_candle, not yet time (every 5m)
2025-05-02 18:07:00 - DEBUG - [_process_strategies] [N/A] ⏱ Skipping SMA_Cross_sma50, not yet time (every 5m)
2025-05-02 18:07:00 - DEBUG - [_process_strategies] [N/A] ⏱ Skipping VWAP_diff_signal_1700_volume, not yet time (every 5m)
2025-05-02 18:07:00 - DEBUG - [_process_strategies] [N/A] ⏱ Skipping SMA_Cross_candle, not yet time (every 5m)
2025-05-02 18:07:00 - INFO - [_update_active_orders_and_telegram] [N/A] 📊 Updating SL/TP for active orders
2025-05-02 18:07:01 - INFO - [_wait_until_next_iteration] [N/A] ⏳ Sleeping for 58.93 seconds before the next cycle
2025-05-02 18:08:00 - DEBUG - [_process_strategies] [N/A] ⏱ Skipping VWAP_diff_signal_1700, not yet time (every 5m)
2025-05-02 18:08:00 - DEBUG - [_process_strategies] [N/A] ⏱ Skipping VWAP_diff_signal_rsi_1700, not yet time (every 5m)
2025-05-02 18:08:00 - DEBUG - [_process_strategies] [N/A] ⏱ Skipping EMA_Cross_ema50, not yet time (every 5m)
2025-05-02 18:08:00 - DEBUG - [_process_strategies] [N/A] ⏱ Skipping EMA_Cross_candle, not yet time (every 5m)
2025-05-02 18:08:00 - DEBUG - [_process_strategies] [N/A] ⏱ Skipping SMA_Cross_sma50, not yet time (every 5m)
2025-05-02 18:08:00 - DEBUG - [_process_strategies] [N/A] ⏱ Skipping VWAP_diff_signal_1700_volume, not yet time (every 5m)
2025-05-02 18:08:00 - DEBUG - [_process_strategies] [N/A] ⏱ Skipping SMA_Cross_candle, not yet time (every 5m)
2025-05-02 18:08:00 - INFO - [_update_active_orders_and_telegram] [N/A] 📊 Updating SL/TP for active orders
2025-05-02 18:08:01 - INFO - [_wait_until_next_iteration] [N/A] ⏳ Sleeping for 58.93 seconds before the next cycle
2025-05-02 18:09:00 - DEBUG - [_process_strategies] [N/A] ⏱ Skipping VWAP_diff_signal_1700, not yet time (every 5m)
2025-05-02 18:09:00 - DEBUG - [_process_strategies] [N/A] ⏱ Skipping VWAP_diff_signal_rsi_1700, not yet time (every 5m)
2025-05-02 18:09:00 - DEBUG - [_process_strategies] [N/A] ⏱ Skipping EMA_Cross_ema50, not yet time (every 5m)
2025-05-02 18:09:00 - DEBUG - [_process_strategies] [N/A] ⏱ Skipping EMA_Cross_candle, not yet time (every 5m)
2025-05-02 18:09:00 - DEBUG - [_process_strategies] [N/A] ⏱ Skipping SMA_Cross_sma50, not yet time (every 5m)
2025-05-02 18:09:00 - DEBUG - [_process_strategies] [N/A] ⏱ Skipping VWAP_diff_signal_1700_volume, not yet time (every 5m)
2025-05-02 18:09:00 - DEBUG - [_process_strategies] [N/A] ⏱ Skipping SMA_Cross_candle, not yet time (every 5m)
2025-05-02 18:09:00 - INFO - [_update_active_orders_and_telegram] [N/A] 📊 Updating SL/TP for active orders
2025-05-02 18:09:01 - INFO - [_wait_until_next_iteration] [N/A] ⏳ Sleeping for 58.93 seconds before the next cycle
2025-05-02 18:10:00 - INFO - [_run_strategy_if_applicable] [N/A] 🔄 Starting trading loop for strategy: VWAP_diff_signal_1700
2025-05-02 18:10:00 - INFO - [get_stock_data] [CZR] Requesting data for CZR
2025-05-02 18:10:00 - INFO - [get_stock_data] [CZR] Data received for CZR: 98 rows
2025-05-02 18:10:00 - INFO - [check_vwap_diff_signal] [CZR] Analyzing VWAP reversal signal for CZR
2025-05-02 18:10:00 - INFO - [check_vwap_diff_signal] [CZR] Close: 27.93 | Low: 27.81 | High: 27.96 | VWAP: 27.589874682916196
2025-05-02 18:10:00 - DEBUG - [check_vwap_diff_signal] [CZR] [CZR] Last Candela: VWAP-Low=-0.80%, High-VWAP=1.34%
2025-05-02 18:10:00 - DEBUG - [check_vwap_diff_signal] [CZR] No VWAP signal detected
2025-05-02 18:10:00 - INFO - [_process_ticker] [CZR] ℹ️ No valid signal for CZR
2025-05-02 18:10:00 - INFO - [get_stock_data] [MTCH] Requesting data for MTCH
2025-05-02 18:10:01 - INFO - [get_stock_data] [MTCH] Data received for MTCH: 98 rows
2025-05-02 18:10:01 - INFO - [check_vwap_diff_signal] [MTCH] Analyzing VWAP reversal signal for MTCH
2025-05-02 18:10:01 - INFO - [check_vwap_diff_signal] [MTCH] Close: 30.76 | Low: 30.74 | High: 30.8 | VWAP: 30.769173590901357
2025-05-02 18:10:01 - DEBUG - [check_vwap_diff_signal] [MTCH] [MTCH] Last Candela: VWAP-Low=0.09%, High-VWAP=0.10%
2025-05-02 18:10:01 - DEBUG - [check_vwap_diff_signal] [MTCH] No VWAP signal detected
2025-05-02 18:10:01 - INFO - [_process_ticker] [MTCH] ℹ️ No valid signal for MTCH
2025-05-02 18:10:01 - INFO - [get_stock_data] [NCHL] Requesting data for NCHL
2025-05-02 18:10:01 - ERROR - [get_stock_data] [NCHL] Error retrieving data: 'NoneType' object has no attribute 'empty'
2025-05-02 18:10:01 - INFO - [get_stock_data] [HBAN] Requesting data for HBAN
2025-05-02 18:10:02 - INFO - [get_stock_data] [HBAN] Data received for HBAN: 98 rows
2025-05-02 18:10:02 - INFO - [check_vwap_diff_signal] [HBAN] Analyzing VWAP reversal signal for HBAN
2025-05-02 18:10:02 - INFO - [check_vwap_diff_signal] [HBAN] Close: 15.0 | Low: 14.99 | High: 15.02 | VWAP: 14.953310445079039
2025-05-02 18:10:02 - DEBUG - [check_vwap_diff_signal] [HBAN] [HBAN] Last Candela: VWAP-Low=-0.25%, High-VWAP=0.45%
2025-05-02 18:10:02 - DEBUG - [check_vwap_diff_signal] [HBAN] No VWAP signal detected
2025-05-02 18:10:02 - INFO - [_process_ticker] [HBAN] ℹ️ No valid signal for HBAN
2025-05-02 18:10:02 - INFO - [get_stock_data] [MRNA] Requesting data for MRNA
2025-05-02 18:10:02 - INFO - [get_stock_data] [MRNA] Data received for MRNA: 98 rows
2025-05-02 18:10:02 - INFO - [check_vwap_diff_signal] [MRNA] Analyzing VWAP reversal signal for MRNA
2025-05-02 18:10:02 - INFO - [check_vwap_diff_signal] [MRNA] Close: 27.62 | Low: 27.61 | High: 27.71 | VWAP: 27.55116235179679
2025-05-02 18:10:02 - DEBUG - [check_vwap_diff_signal] [MRNA] [MRNA] Last Candela: VWAP-Low=-0.21%, High-VWAP=0.58%
2025-05-02 18:10:02 - DEBUG - [check_vwap_diff_signal] [MRNA] No VWAP signal detected
2025-05-02 18:10:02 - INFO - [_process_ticker] [MRNA] ℹ️ No valid signal for MRNA
2025-05-02 18:10:02 - INFO - [get_stock_data] [WBD] Requesting data for WBD
2025-05-02 18:10:03 - INFO - [get_stock_data] [WBD] Data received for WBD: 98 rows
2025-05-02 18:10:03 - INFO - [check_vwap_diff_signal] [WBD] Analyzing VWAP reversal signal for WBD
2025-05-02 18:10:03 - INFO - [check_vwap_diff_signal] [WBD] Close: 8.55 | Low: 8.52 | High: 8.57 | VWAP: 8.540783178659643
2025-05-02 18:10:03 - DEBUG - [check_vwap_diff_signal] [WBD] [WBD] Last Candela: VWAP-Low=0.24%, High-VWAP=0.34%
2025-05-02 18:10:03 - DEBUG - [check_vwap_diff_signal] [WBD] No VWAP signal detected
2025-05-02 18:10:03 - INFO - [_process_ticker] [WBD] ℹ️ No valid signal for WBD
2025-05-02 18:10:03 - INFO - [get_stock_data] [CMCSA] Requesting data for CMCSA
2025-05-02 18:10:04 - INFO - [get_stock_data] [CMCSA] Data received for CMCSA: 98 rows
2025-05-02 18:10:04 - INFO - [check_vwap_diff_signal] [CMCSA] Analyzing VWAP reversal signal for CMCSA
2025-05-02 18:10:04 - INFO - [check_vwap_diff_signal] [CMCSA] Close: 34.32 | Low: 34.31 | High: 34.35 | VWAP: 34.24969979740496
2025-05-02 18:10:04 - DEBUG - [check_vwap_diff_signal] [CMCSA] [CMCSA] Last Candela: VWAP-Low=-0.18%, High-VWAP=0.29%
2025-05-02 18:10:04 - DEBUG - [check_vwap_diff_signal] [CMCSA] No VWAP signal detected
2025-05-02 18:10:04 - INFO - [_process_ticker] [CMCSA] ℹ️ No valid signal for CMCSA
2025-05-02 18:10:04 - INFO - [_run_strategy_if_applicable] [N/A] 🔄 Starting trading loop for strategy: VWAP_diff_signal_rsi_1700
2025-05-02 18:10:04 - INFO - [get_stock_data] [IVZ] Requesting data for IVZ
2025-05-02 18:10:04 - INFO - [get_stock_data] [IVZ] Data received for IVZ: 98 rows
2025-05-02 18:10:04 - INFO - [check_vwap_diff_signal_with_rsi] [IVZ] Analyzing VWAP reversal signal for IVZ
2025-05-02 18:10:04 - INFO - [check_vwap_diff_signal_with_rsi] [IVZ] Close: 14.36 | Low: 14.32 | High: 14.36 | VWAP: 14.277933358075664 | RSI: 65.61
2025-05-02 18:10:04 - DEBUG - [check_vwap_diff_signal_with_rsi] [IVZ] [IVZ] Last Candela: VWAP-Low=-0.29%, High-VWAP=0.57%
2025-05-02 18:10:04 - DEBUG - [check_vwap_diff_signal_with_rsi] [IVZ] No VWAP+RSI signal detected
2025-05-02 18:10:04 - INFO - [_process_ticker] [IVZ] ℹ️ No valid signal for IVZ
2025-05-02 18:10:04 - INFO - [get_stock_data] [FCX] Requesting data for FCX
2025-05-02 18:10:05 - INFO - [get_stock_data] [FCX] Data received for FCX: 98 rows
2025-05-02 18:10:05 - INFO - [check_vwap_diff_signal_with_rsi] [FCX] Analyzing VWAP reversal signal for FCX
2025-05-02 18:10:05 - INFO - [check_vwap_diff_signal_with_rsi] [FCX] Close: 37.43 | Low: 37.34 | High: 37.47 | VWAP: 37.38620246148679 | RSI: 61.16
2025-05-02 18:10:05 - DEBUG - [check_vwap_diff_signal_with_rsi] [FCX] [FCX] Last Candela: VWAP-Low=0.12%, High-VWAP=0.22%
2025-05-02 18:10:05 - DEBUG - [check_vwap_diff_signal_with_rsi] [FCX] No VWAP+RSI signal detected
2025-05-02 18:10:05 - INFO - [_process_ticker] [FCX] ℹ️ No valid signal for FCX
2025-05-02 18:10:05 - INFO - [get_stock_data] [HST] Requesting data for HST
2025-05-02 18:10:05 - INFO - [get_stock_data] [HST] Data received for HST: 99 rows
2025-05-02 18:10:05 - INFO - [check_vwap_diff_signal_with_rsi] [HST] Analyzing VWAP reversal signal for HST
2025-05-02 18:10:05 - INFO - [check_vwap_diff_signal_with_rsi] [HST] Close: 14.73 | Low: 14.72 | High: 14.73 | VWAP: 14.714833141324181 | RSI: 57.76
2025-05-02 18:10:05 - DEBUG - [check_vwap_diff_signal_with_rsi] [HST] [HST] Last Candela: VWAP-Low=-0.04%, High-VWAP=0.10%
2025-05-02 18:10:05 - DEBUG - [check_vwap_diff_signal_with_rsi] [HST] No VWAP+RSI signal detected
2025-05-02 18:10:05 - INFO - [_process_ticker] [HST] ℹ️ No valid signal for HST
2025-05-02 18:10:05 - INFO - [get_stock_data] [IVZ] Requesting data for IVZ
2025-05-02 18:10:06 - INFO - [get_stock_data] [IVZ] Data received for IVZ: 99 rows
2025-05-02 18:10:06 - INFO - [check_vwap_diff_signal_with_rsi] [IVZ] Analyzing VWAP reversal signal for IVZ
2025-05-02 18:10:06 - INFO - [check_vwap_diff_signal_with_rsi] [IVZ] Close: 14.35 | Low: 14.35 | High: 14.35 | VWAP: 14.277933358075664 | RSI: 64.11
2025-05-02 18:10:06 - DEBUG - [check_vwap_diff_signal_with_rsi] [IVZ] [IVZ] Last Candela: VWAP-Low=-0.50%, High-VWAP=0.50%
2025-05-02 18:10:06 - DEBUG - [check_vwap_diff_signal_with_rsi] [IVZ] No VWAP+RSI signal detected
2025-05-02 18:10:06 - INFO - [_process_ticker] [IVZ] ℹ️ No valid signal for IVZ
2025-05-02 18:10:06 - INFO - [get_stock_data] [NEM] Requesting data for NEM
2025-05-02 18:10:07 - INFO - [get_stock_data] [NEM] Data received for NEM: 99 rows
2025-05-02 18:10:07 - INFO - [check_vwap_diff_signal_with_rsi] [NEM] Analyzing VWAP reversal signal for NEM
2025-05-02 18:10:07 - INFO - [check_vwap_diff_signal_with_rsi] [NEM] Close: 51.56 | Low: 51.55 | High: 51.56 | VWAP: 51.866512751325075 | RSI: 43.45
2025-05-02 18:10:07 - DEBUG - [check_vwap_diff_signal_with_rsi] [NEM] [NEM] Last Candela: VWAP-Low=0.61%, High-VWAP=-0.59%
2025-05-02 18:10:07 - DEBUG - [check_vwap_diff_signal_with_rsi] [NEM] No VWAP+RSI signal detected
2025-05-02 18:10:07 - INFO - [_process_ticker] [NEM] ℹ️ No valid signal for NEM
2025-05-02 18:10:07 - INFO - [get_stock_data] [LUV] Requesting data for LUV
2025-05-02 18:10:07 - INFO - [get_stock_data] [LUV] Data received for LUV: 99 rows
2025-05-02 18:10:07 - INFO - [check_vwap_diff_signal_with_rsi] [LUV] Analyzing VWAP reversal signal for LUV
2025-05-02 18:10:07 - INFO - [check_vwap_diff_signal_with_rsi] [LUV] Close: 29.61 | Low: 29.58 | High: 29.62 | VWAP: 29.669072175770708 | RSI: 58.12
2025-05-02 18:10:07 - DEBUG - [check_vwap_diff_signal_with_rsi] [LUV] [LUV] Last Candela: VWAP-Low=0.30%, High-VWAP=-0.17%
2025-05-02 18:10:07 - DEBUG - [check_vwap_diff_signal_with_rsi] [LUV] No VWAP+RSI signal detected
2025-05-02 18:10:07 - INFO - [_process_ticker] [LUV] ℹ️ No valid signal for LUV
2025-05-02 18:10:07 - INFO - [_run_strategy_if_applicable] [N/A] ⏰ Strategy 'EMA_Cross_ema50' not executed because it's outside the time window: 16:35:00 - 16:50:00
2025-05-02 18:10:07 - INFO - [_run_strategy_if_applicable] [N/A] ⏰ Strategy 'EMA_Cross_candle' not executed because it's outside the time window: 16:35:00 - 16:50:00
2025-05-02 18:10:07 - INFO - [_run_strategy_if_applicable] [N/A] ⏰ Strategy 'SMA_Cross_sma50' not executed because it's outside the time window: 16:35:00 - 16:50:00
2025-05-02 18:10:07 - INFO - [_run_strategy_if_applicable] [N/A] 🔄 Starting trading loop for strategy: VWAP_diff_signal_1700_volume
2025-05-02 18:10:07 - DEBUG - [_process_ticker] [GEN] 🚫 Trade not allowed for GEN (limit reached)
2025-05-02 18:10:07 - INFO - [get_stock_data] [HPQ] Requesting data for HPQ
2025-05-02 18:10:08 - INFO - [get_stock_data] [HPQ] Data received for HPQ: 99 rows
2025-05-02 18:10:08 - INFO - [check_vwap_diff_signal_with_volume] [HPQ] Analyzing VWAP reversal signal for HPQ
2025-05-02 18:10:08 - INFO - [check_vwap_diff_signal_with_volume] [HPQ] Close: 25.96 | Low: 25.96 | High: 25.97 | VWAP: 25.94732085840554 | Volume Ratio: 0.01
2025-05-02 18:10:08 - DEBUG - [check_vwap_diff_signal_with_volume] [HPQ] [HPQ] Last Candle: VWAP-Low=-0.05%, High-VWAP=0.09%
2025-05-02 18:10:08 - DEBUG - [check_vwap_diff_signal_with_volume] [HPQ] No VWAP+VolumeRatio signal detected
2025-05-02 18:10:08 - INFO - [_process_ticker] [HPQ] ℹ️ No valid signal for HPQ
2025-05-02 18:10:08 - INFO - [get_stock_data] [INTC] Requesting data for INTC
2025-05-02 18:10:09 - INFO - [get_stock_data] [INTC] Data received for INTC: 99 rows
2025-05-02 18:10:09 - INFO - [check_vwap_diff_signal_with_volume] [INTC] Analyzing VWAP reversal signal for INTC
2025-05-02 18:10:09 - INFO - [check_vwap_diff_signal_with_volume] [INTC] Close: 20.55 | Low: 20.55 | High: 20.56 | VWAP: 20.44416809365338 | Volume Ratio: 0.01
2025-05-02 18:10:09 - DEBUG - [check_vwap_diff_signal_with_volume] [INTC] [INTC] Last Candle: VWAP-Low=-0.52%, High-VWAP=0.57%
2025-05-02 18:10:09 - DEBUG - [check_vwap_diff_signal_with_volume] [INTC] No VWAP+VolumeRatio signal detected
2025-05-02 18:10:09 - INFO - [_process_ticker] [INTC] ℹ️ No valid signal for INTC
2025-05-02 18:10:09 - INFO - [get_stock_data] [RF] Requesting data for RF
2025-05-02 18:10:09 - INFO - [get_stock_data] [RF] Data received for RF: 99 rows
2025-05-02 18:10:09 - INFO - [check_vwap_diff_signal_with_volume] [RF] Analyzing VWAP reversal signal for RF
2025-05-02 18:10:09 - INFO - [check_vwap_diff_signal_with_volume] [RF] Close: 20.95 | Low: 20.94 | High: 20.95 | VWAP: 20.912866865669105 | Volume Ratio: 0.05
2025-05-02 18:10:09 - DEBUG - [check_vwap_diff_signal_with_volume] [RF] [RF] Last Candle: VWAP-Low=-0.13%, High-VWAP=0.18%
2025-05-02 18:10:09 - DEBUG - [check_vwap_diff_signal_with_volume] [RF] No VWAP+VolumeRatio signal detected
2025-05-02 18:10:09 - INFO - [_process_ticker] [RF] ℹ️ No valid signal for RF
2025-05-02 18:10:09 - INFO - [_run_strategy_if_applicable] [N/A] ⏰ Strategy 'SMA_Cross_candle' not executed because it's outside the time window: 16:35:00 - 16:50:00
2025-05-02 18:10:09 - INFO - [_update_active_orders_and_telegram] [N/A] 📊 Updating SL/TP for active orders
2025-05-02 18:10:10 - INFO - [_wait_until_next_iteration] [N/A] ⏳ Sleeping for 49.15 seconds before the next cycle
2025-05-02 18:11:00 - DEBUG - [_process_strategies] [N/A] ⏱ Skipping VWAP_diff_signal_1700, not yet time (every 5m)
2025-05-02 18:11:00 - DEBUG - [_process_strategies] [N/A] ⏱ Skipping VWAP_diff_signal_rsi_1700, not yet time (every 5m)
2025-05-02 18:11:00 - DEBUG - [_process_strategies] [N/A] ⏱ Skipping EMA_Cross_ema50, not yet time (every 5m)
2025-05-02 18:11:00 - DEBUG - [_process_strategies] [N/A] ⏱ Skipping EMA_Cross_candle, not yet time (every 5m)
2025-05-02 18:11:00 - DEBUG - [_process_strategies] [N/A] ⏱ Skipping SMA_Cross_sma50, not yet time (every 5m)
2025-05-02 18:11:00 - DEBUG - [_process_strategies] [N/A] ⏱ Skipping VWAP_diff_signal_1700_volume, not yet time (every 5m)
2025-05-02 18:11:00 - DEBUG - [_process_strategies] [N/A] ⏱ Skipping SMA_Cross_candle, not yet time (every 5m)
2025-05-02 18:11:00 - INFO - [_update_active_orders_and_telegram] [N/A] 📊 Updating SL/TP for active orders
2025-05-02 18:11:01 - INFO - [_wait_until_next_iteration] [N/A] ⏳ Sleeping for 58.94 seconds before the next cycle
2025-05-02 18:12:00 - DEBUG - [_process_strategies] [N/A] ⏱ Skipping VWAP_diff_signal_1700, not yet time (every 5m)
2025-05-02 18:12:00 - DEBUG - [_process_strategies] [N/A] ⏱ Skipping VWAP_diff_signal_rsi_1700, not yet time (every 5m)
2025-05-02 18:12:00 - DEBUG - [_process_strategies] [N/A] ⏱ Skipping EMA_Cross_ema50, not yet time (every 5m)
2025-05-02 18:12:00 - DEBUG - [_process_strategies] [N/A] ⏱ Skipping EMA_Cross_candle, not yet time (every 5m)
2025-05-02 18:12:00 - DEBUG - [_process_strategies] [N/A] ⏱ Skipping SMA_Cross_sma50, not yet time (every 5m)
2025-05-02 18:12:00 - DEBUG - [_process_strategies] [N/A] ⏱ Skipping VWAP_diff_signal_1700_volume, not yet time (every 5m)
2025-05-02 18:12:00 - DEBUG - [_process_strategies] [N/A] ⏱ Skipping SMA_Cross_candle, not yet time (every 5m)
2025-05-02 18:12:00 - INFO - [_update_active_orders_and_telegram] [N/A] 📊 Updating SL/TP for active orders
2025-05-02 18:12:01 - INFO - [_wait_until_next_iteration] [N/A] ⏳ Sleeping for 58.93 seconds before the next cycle
2025-05-02 18:13:00 - DEBUG - [_process_strategies] [N/A] ⏱ Skipping VWAP_diff_signal_1700, not yet time (every 5m)
2025-05-02 18:13:00 - DEBUG - [_process_strategies] [N/A] ⏱ Skipping VWAP_diff_signal_rsi_1700, not yet time (every 5m)
2025-05-02 18:13:00 - DEBUG - [_process_strategies] [N/A] ⏱ Skipping EMA_Cross_ema50, not yet time (every 5m)
2025-05-02 18:13:00 - DEBUG - [_process_strategies] [N/A] ⏱ Skipping EMA_Cross_candle, not yet time (every 5m)
2025-05-02 18:13:00 - DEBUG - [_process_strategies] [N/A] ⏱ Skipping SMA_Cross_sma50, not yet time (every 5m)
2025-05-02 18:13:00 - DEBUG - [_process_strategies] [N/A] ⏱ Skipping VWAP_diff_signal_1700_volume, not yet time (every 5m)
2025-05-02 18:13:00 - DEBUG - [_process_strategies] [N/A] ⏱ Skipping SMA_Cross_candle, not yet time (every 5m)
2025-05-02 18:13:00 - INFO - [_update_active_orders_and_telegram] [N/A] 📊 Updating SL/TP for active orders
2025-05-02 18:13:01 - INFO - [_wait_until_next_iteration] [N/A] ⏳ Sleeping for 58.93 seconds before the next cycle
2025-05-02 18:14:00 - DEBUG - [_process_strategies] [N/A] ⏱ Skipping VWAP_diff_signal_1700, not yet time (every 5m)
2025-05-02 18:14:00 - DEBUG - [_process_strategies] [N/A] ⏱ Skipping VWAP_diff_signal_rsi_1700, not yet time (every 5m)
2025-05-02 18:14:00 - DEBUG - [_process_strategies] [N/A] ⏱ Skipping EMA_Cross_ema50, not yet time (every 5m)
2025-05-02 18:14:00 - DEBUG - [_process_strategies] [N/A] ⏱ Skipping EMA_Cross_candle, not yet time (every 5m)
2025-05-02 18:14:00 - DEBUG - [_process_strategies] [N/A] ⏱ Skipping SMA_Cross_sma50, not yet time (every 5m)
2025-05-02 18:14:00 - DEBUG - [_process_strategies] [N/A] ⏱ Skipping VWAP_diff_signal_1700_volume, not yet time (every 5m)
2025-05-02 18:14:00 - DEBUG - [_process_strategies] [N/A] ⏱ Skipping SMA_Cross_candle, not yet time (every 5m)
2025-05-02 18:14:00 - INFO - [_update_active_orders_and_telegram] [N/A] 📊 Updating SL/TP for active orders
2025-05-02 18:14:01 - INFO - [_wait_until_next_iteration] [N/A] ⏳ Sleeping for 58.93 seconds before the next cycle
2025-05-02 18:15:00 - INFO - [_run_strategy_if_applicable] [N/A] 🔄 Starting trading loop for strategy: VWAP_diff_signal_1700
2025-05-02 18:15:00 - INFO - [get_stock_data] [CZR] Requesting data for CZR
2025-05-02 18:15:00 - INFO - [get_stock_data] [CZR] Data received for CZR: 99 rows
2025-05-02 18:15:00 - INFO - [check_vwap_diff_signal] [CZR] Analyzing VWAP reversal signal for CZR
2025-05-02 18:15:00 - INFO - [check_vwap_diff_signal] [CZR] Close: 27.84 | Low: 27.84 | High: 27.98 | VWAP: 27.602054272590063
2025-05-02 18:15:00 - DEBUG - [check_vwap_diff_signal] [CZR] [CZR] Last Candela: VWAP-Low=-0.86%, High-VWAP=1.37%
2025-05-02 18:15:00 - DEBUG - [check_vwap_diff_signal] [CZR] No VWAP signal detected
2025-05-02 18:15:00 - INFO - [_process_ticker] [CZR] ℹ️ No valid signal for CZR
2025-05-02 18:15:00 - INFO - [get_stock_data] [MTCH] Requesting data for MTCH
2025-05-02 18:15:01 - INFO - [get_stock_data] [MTCH] Data received for MTCH: 99 rows
2025-05-02 18:15:01 - INFO - [check_vwap_diff_signal] [MTCH] Analyzing VWAP reversal signal for MTCH
2025-05-02 18:15:01 - INFO - [check_vwap_diff_signal] [MTCH] Close: 30.8 | Low: 30.75 | High: 30.83 | VWAP: 30.770874537819793
2025-05-02 18:15:01 - DEBUG - [check_vwap_diff_signal] [MTCH] [MTCH] Last Candela: VWAP-Low=0.07%, High-VWAP=0.19%
2025-05-02 18:15:01 - DEBUG - [check_vwap_diff_signal] [MTCH] No VWAP signal detected
2025-05-02 18:15:01 - INFO - [_process_ticker] [MTCH] ℹ️ No valid signal for MTCH
2025-05-02 18:15:01 - INFO - [get_stock_data] [NCHL] Requesting data for NCHL
2025-05-02 18:15:01 - ERROR - [get_stock_data] [NCHL] Error retrieving data: 'NoneType' object has no attribute 'empty'
2025-05-02 18:15:01 - INFO - [get_stock_data] [HBAN] Requesting data for HBAN
2025-05-02 18:15:02 - INFO - [get_stock_data] [HBAN] Data received for HBAN: 99 rows
2025-05-02 18:15:02 - INFO - [check_vwap_diff_signal] [HBAN] Analyzing VWAP reversal signal for HBAN
2025-05-02 18:15:02 - INFO - [check_vwap_diff_signal] [HBAN] Close: 15.0 | Low: 14.99 | High: 15.02 | VWAP: 14.955394766899957
2025-05-02 18:15:02 - DEBUG - [check_vwap_diff_signal] [HBAN] [HBAN] Last Candela: VWAP-Low=-0.23%, High-VWAP=0.43%
2025-05-02 18:15:02 - DEBUG - [check_vwap_diff_signal] [HBAN] No VWAP signal detected
2025-05-02 18:15:02 - INFO - [_process_ticker] [HBAN] ℹ️ No valid signal for HBAN
2025-05-02 18:15:02 - INFO - [get_stock_data] [MRNA] Requesting data for MRNA
2025-05-02 18:15:02 - INFO - [get_stock_data] [MRNA] Data received for MRNA: 99 rows
2025-05-02 18:15:02 - INFO - [check_vwap_diff_signal] [MRNA] Analyzing VWAP reversal signal for MRNA
2025-05-02 18:15:02 - INFO - [check_vwap_diff_signal] [MRNA] Close: 27.59 | Low: 27.58 | High: 27.65 | VWAP: 27.55193990255456
2025-05-02 18:15:02 - DEBUG - [check_vwap_diff_signal] [MRNA] [MRNA] Last Candela: VWAP-Low=-0.10%, High-VWAP=0.36%
2025-05-02 18:15:02 - DEBUG - [check_vwap_diff_signal] [MRNA] No VWAP signal detected
2025-05-02 18:15:02 - INFO - [_process_ticker] [MRNA] ℹ️ No valid signal for MRNA
2025-05-02 18:15:02 - INFO - [get_stock_data] [WBD] Requesting data for WBD
2025-05-02 18:15:03 - INFO - [get_stock_data] [WBD] Data received for WBD: 99 rows
2025-05-02 18:15:03 - INFO - [check_vwap_diff_signal] [WBD] Analyzing VWAP reversal signal for WBD
2025-05-02 18:15:03 - INFO - [check_vwap_diff_signal] [WBD] Close: 8.55 | Low: 8.54 | High: 8.56 | VWAP: 8.54145120685432
2025-05-02 18:15:03 - DEBUG - [check_vwap_diff_signal] [WBD] [WBD] Last Candela: VWAP-Low=0.02%, High-VWAP=0.22%
2025-05-02 18:15:03 - DEBUG - [check_vwap_diff_signal] [WBD] No VWAP signal detected
2025-05-02 18:15:03 - INFO - [_process_ticker] [WBD] ℹ️ No valid signal for WBD
2025-05-02 18:15:03 - INFO - [get_stock_data] [CMCSA] Requesting data for CMCSA
2025-05-02 18:15:04 - INFO - [get_stock_data] [CMCSA] Data received for CMCSA: 99 rows
2025-05-02 18:15:04 - INFO - [check_vwap_diff_signal] [CMCSA] Analyzing VWAP reversal signal for CMCSA
2025-05-02 18:15:04 - INFO - [check_vwap_diff_signal] [CMCSA] Close: 34.34 | Low: 34.28 | High: 34.34 | VWAP: 34.25236336568937
2025-05-02 18:15:04 - DEBUG - [check_vwap_diff_signal] [CMCSA] [CMCSA] Last Candela: VWAP-Low=-0.08%, High-VWAP=0.26%
2025-05-02 18:15:04 - DEBUG - [check_vwap_diff_signal] [CMCSA] No VWAP signal detected
2025-05-02 18:15:04 - INFO - [_process_ticker] [CMCSA] ℹ️ No valid signal for CMCSA
2025-05-02 18:15:04 - INFO - [_run_strategy_if_applicable] [N/A] 🔄 Starting trading loop for strategy: VWAP_diff_signal_rsi_1700
2025-05-02 18:15:04 - INFO - [get_stock_data] [IVZ] Requesting data for IVZ
2025-05-02 18:15:04 - INFO - [get_stock_data] [IVZ] Data received for IVZ: 99 rows
2025-05-02 18:15:04 - INFO - [check_vwap_diff_signal_with_rsi] [IVZ] Analyzing VWAP reversal signal for IVZ
2025-05-02 18:15:04 - INFO - [check_vwap_diff_signal_with_rsi] [IVZ] Close: 14.38 | Low: 14.35 | High: 14.39 | VWAP: 14.284195367470687 | RSI: 67.16
2025-05-02 18:15:04 - DEBUG - [check_vwap_diff_signal_with_rsi] [IVZ] [IVZ] Last Candela: VWAP-Low=-0.46%, High-VWAP=0.74%
2025-05-02 18:15:04 - DEBUG - [check_vwap_diff_signal_with_rsi] [IVZ] No VWAP+RSI signal detected
2025-05-02 18:15:04 - INFO - [_process_ticker] [IVZ] ℹ️ No valid signal for IVZ
2025-05-02 18:15:04 - INFO - [get_stock_data] [FCX] Requesting data for FCX
2025-05-02 18:15:05 - INFO - [get_stock_data] [FCX] Data received for FCX: 100 rows
2025-05-02 18:15:05 - INFO - [check_vwap_diff_signal_with_rsi] [FCX] Analyzing VWAP reversal signal for FCX
2025-05-02 18:15:05 - INFO - [check_vwap_diff_signal_with_rsi] [FCX] Close: 37.59 | Low: 37.59 | High: 37.6 | VWAP: 37.39812340133769 | RSI: 66.16
2025-05-02 18:15:05 - DEBUG - [check_vwap_diff_signal_with_rsi] [FCX] [FCX] Last Candela: VWAP-Low=-0.51%, High-VWAP=0.54%
2025-05-02 18:15:05 - DEBUG - [check_vwap_diff_signal_with_rsi] [FCX] No VWAP+RSI signal detected
2025-05-02 18:15:05 - INFO - [_process_ticker] [FCX] ℹ️ No valid signal for FCX
2025-05-02 18:15:05 - INFO - [get_stock_data] [HST] Requesting data for HST
2025-05-02 18:15:06 - INFO - [get_stock_data] [HST] Data received for HST: 100 rows
2025-05-02 18:15:06 - INFO - [check_vwap_diff_signal_with_rsi] [HST] Analyzing VWAP reversal signal for HST
2025-05-02 18:15:06 - INFO - [check_vwap_diff_signal_with_rsi] [HST] Close: 14.68 | Low: 14.68 | High: 14.68 | VWAP: 14.714364151182505 | RSI: 51.15
2025-05-02 18:15:06 - DEBUG - [check_vwap_diff_signal_with_rsi] [HST] [HST] Last Candela: VWAP-Low=0.23%, High-VWAP=-0.23%
2025-05-02 18:15:06 - DEBUG - [check_vwap_diff_signal_with_rsi] [HST] No VWAP+RSI signal detected
2025-05-02 18:15:06 - INFO - [_process_ticker] [HST] ℹ️ No valid signal for HST
2025-05-02 18:15:06 - INFO - [get_stock_data] [IVZ] Requesting data for IVZ
2025-05-02 18:15:06 - INFO - [get_stock_data] [IVZ] Data received for IVZ: 100 rows
2025-05-02 18:15:06 - INFO - [check_vwap_diff_signal_with_rsi] [IVZ] Analyzing VWAP reversal signal for IVZ
2025-05-02 18:15:06 - INFO - [check_vwap_diff_signal_with_rsi] [IVZ] Close: 14.38 | Low: 14.38 | High: 14.38 | VWAP: 14.284212747121973 | RSI: 67.16
2025-05-02 18:15:06 - DEBUG - [check_vwap_diff_signal_with_rsi] [IVZ] [IVZ] Last Candela: VWAP-Low=-0.67%, High-VWAP=0.67%
2025-05-02 18:15:06 - DEBUG - [check_vwap_diff_signal_with_rsi] [IVZ] No VWAP+RSI signal detected
2025-05-02 18:15:06 - INFO - [_process_ticker] [IVZ] ℹ️ No valid signal for IVZ
2025-05-02 18:15:06 - INFO - [get_stock_data] [NEM] Requesting data for NEM
2025-05-02 18:15:07 - INFO - [get_stock_data] [NEM] Data received for NEM: 100 rows
2025-05-02 18:15:07 - INFO - [check_vwap_diff_signal_with_rsi] [NEM] Analyzing VWAP reversal signal for NEM
2025-05-02 18:15:07 - INFO - [check_vwap_diff_signal_with_rsi] [NEM] Close: 51.65 | Low: 51.62 | High: 51.65 | VWAP: 51.85799463131148 | RSI: 48.42
2025-05-02 18:15:07 - DEBUG - [check_vwap_diff_signal_with_rsi] [NEM] [NEM] Last Candela: VWAP-Low=0.46%, High-VWAP=-0.40%
2025-05-02 18:15:07 - DEBUG - [check_vwap_diff_signal_with_rsi] [NEM] No VWAP+RSI signal detected
2025-05-02 18:15:07 - INFO - [_process_ticker] [NEM] ℹ️ No valid signal for NEM
2025-05-02 18:15:07 - INFO - [get_stock_data] [LUV] Requesting data for LUV
2025-05-02 18:15:07 - INFO - [get_stock_data] [LUV] Data received for LUV: 100 rows
2025-05-02 18:15:07 - INFO - [check_vwap_diff_signal_with_rsi] [LUV] Analyzing VWAP reversal signal for LUV
2025-05-02 18:15:07 - INFO - [check_vwap_diff_signal_with_rsi] [LUV] Close: 29.49 | Low: 29.49 | High: 29.49 | VWAP: 29.666481075801133 | RSI: 52.70
2025-05-02 18:15:07 - DEBUG - [check_vwap_diff_signal_with_rsi] [LUV] [LUV] Last Candela: VWAP-Low=0.59%, High-VWAP=-0.59%
2025-05-02 18:15:07 - DEBUG - [check_vwap_diff_signal_with_rsi] [LUV] No VWAP+RSI signal detected
2025-05-02 18:15:07 - INFO - [_process_ticker] [LUV] ℹ️ No valid signal for LUV
2025-05-02 18:15:07 - INFO - [_run_strategy_if_applicable] [N/A] ⏰ Strategy 'EMA_Cross_ema50' not executed because it's outside the time window: 16:35:00 - 16:50:00
2025-05-02 18:15:07 - INFO - [_run_strategy_if_applicable] [N/A] ⏰ Strategy 'EMA_Cross_candle' not executed because it's outside the time window: 16:35:00 - 16:50:00
2025-05-02 18:15:07 - INFO - [_run_strategy_if_applicable] [N/A] ⏰ Strategy 'SMA_Cross_sma50' not executed because it's outside the time window: 16:35:00 - 16:50:00
2025-05-02 18:15:07 - INFO - [_run_strategy_if_applicable] [N/A] 🔄 Starting trading loop for strategy: VWAP_diff_signal_1700_volume
2025-05-02 18:15:07 - DEBUG - [_process_ticker] [GEN] 🚫 Trade not allowed for GEN (limit reached)
2025-05-02 18:15:07 - INFO - [get_stock_data] [HPQ] Requesting data for HPQ
2025-05-02 18:15:08 - INFO - [get_stock_data] [HPQ] Data received for HPQ: 100 rows
2025-05-02 18:15:08 - INFO - [check_vwap_diff_signal_with_volume] [HPQ] Analyzing VWAP reversal signal for HPQ
2025-05-02 18:15:08 - INFO - [check_vwap_diff_signal_with_volume] [HPQ] Close: 25.96 | Low: 25.96 | High: 25.96 | VWAP: 25.947646663436732 | Volume Ratio: 0.00
2025-05-02 18:15:08 - DEBUG - [check_vwap_diff_signal_with_volume] [HPQ] [HPQ] Last Candle: VWAP-Low=-0.05%, High-VWAP=0.05%
2025-05-02 18:15:08 - DEBUG - [check_vwap_diff_signal_with_volume] [HPQ] No VWAP+VolumeRatio signal detected
2025-05-02 18:15:08 - INFO - [_process_ticker] [HPQ] ℹ️ No valid signal for HPQ
2025-05-02 18:15:08 - INFO - [get_stock_data] [INTC] Requesting data for INTC
2025-05-02 18:15:09 - INFO - [get_stock_data] [INTC] Data received for INTC: 100 rows
2025-05-02 18:15:09 - INFO - [check_vwap_diff_signal_with_volume] [INTC] Analyzing VWAP reversal signal for INTC
2025-05-02 18:15:09 - INFO - [check_vwap_diff_signal_with_volume] [INTC] Close: 20.55 | Low: 20.55 | High: 20.56 | VWAP: 20.446593926095428 | Volume Ratio: 0.00
2025-05-02 18:15:09 - DEBUG - [check_vwap_diff_signal_with_volume] [INTC] [INTC] Last Candle: VWAP-Low=-0.51%, High-VWAP=0.55%
2025-05-02 18:15:09 - DEBUG - [check_vwap_diff_signal_with_volume] [INTC] No VWAP+VolumeRatio signal detected
2025-05-02 18:15:09 - INFO - [_process_ticker] [INTC] ℹ️ No valid signal for INTC
2025-05-02 18:15:09 - INFO - [get_stock_data] [RF] Requesting data for RF
2025-05-02 18:15:09 - INFO - [get_stock_data] [RF] Data received for RF: 100 rows
2025-05-02 18:15:09 - INFO - [check_vwap_diff_signal_with_volume] [RF] Analyzing VWAP reversal signal for RF
2025-05-02 18:15:09 - INFO - [check_vwap_diff_signal_with_volume] [RF] Close: 20.94 | Low: 20.93 | High: 20.94 | VWAP: 20.913842184217195 | Volume Ratio: 0.04
2025-05-02 18:15:09 - DEBUG - [check_vwap_diff_signal_with_volume] [RF] [RF] Last Candle: VWAP-Low=-0.08%, High-VWAP=0.13%
2025-05-02 18:15:09 - DEBUG - [check_vwap_diff_signal_with_volume] [RF] No VWAP+VolumeRatio signal detected
2025-05-02 18:15:09 - INFO - [_process_ticker] [RF] ℹ️ No valid signal for RF
2025-05-02 18:15:09 - INFO - [_run_strategy_if_applicable] [N/A] ⏰ Strategy 'SMA_Cross_candle' not executed because it's outside the time window: 16:35:00 - 16:50:00
2025-05-02 18:15:09 - INFO - [_update_active_orders_and_telegram] [N/A] 📊 Updating SL/TP for active orders
2025-05-02 18:15:10 - INFO - [_wait_until_next_iteration] [N/A] ⏳ Sleeping for 49.12 seconds before the next cycle
2025-05-02 18:16:00 - DEBUG - [_process_strategies] [N/A] ⏱ Skipping VWAP_diff_signal_1700, not yet time (every 5m)
2025-05-02 18:16:00 - DEBUG - [_process_strategies] [N/A] ⏱ Skipping VWAP_diff_signal_rsi_1700, not yet time (every 5m)
2025-05-02 18:16:00 - DEBUG - [_process_strategies] [N/A] ⏱ Skipping EMA_Cross_ema50, not yet time (every 5m)
2025-05-02 18:16:00 - DEBUG - [_process_strategies] [N/A] ⏱ Skipping EMA_Cross_candle, not yet time (every 5m)
2025-05-02 18:16:00 - DEBUG - [_process_strategies] [N/A] ⏱ Skipping SMA_Cross_sma50, not yet time (every 5m)
2025-05-02 18:16:00 - DEBUG - [_process_strategies] [N/A] ⏱ Skipping VWAP_diff_signal_1700_volume, not yet time (every 5m)
2025-05-02 18:16:00 - DEBUG - [_process_strategies] [N/A] ⏱ Skipping SMA_Cross_candle, not yet time (every 5m)
2025-05-02 18:16:00 - INFO - [_update_active_orders_and_telegram] [N/A] 📊 Updating SL/TP for active orders
2025-05-02 18:16:01 - INFO - [_wait_until_next_iteration] [N/A] ⏳ Sleeping for 58.94 seconds before the next cycle
2025-05-02 18:17:00 - DEBUG - [_process_strategies] [N/A] ⏱ Skipping VWAP_diff_signal_1700, not yet time (every 5m)
2025-05-02 18:17:00 - DEBUG - [_process_strategies] [N/A] ⏱ Skipping VWAP_diff_signal_rsi_1700, not yet time (every 5m)
2025-05-02 18:17:00 - DEBUG - [_process_strategies] [N/A] ⏱ Skipping EMA_Cross_ema50, not yet time (every 5m)
2025-05-02 18:17:00 - DEBUG - [_process_strategies] [N/A] ⏱ Skipping EMA_Cross_candle, not yet time (every 5m)
2025-05-02 18:17:00 - DEBUG - [_process_strategies] [N/A] ⏱ Skipping SMA_Cross_sma50, not yet time (every 5m)
2025-05-02 18:17:00 - DEBUG - [_process_strategies] [N/A] ⏱ Skipping VWAP_diff_signal_1700_volume, not yet time (every 5m)
2025-05-02 18:17:00 - DEBUG - [_process_strategies] [N/A] ⏱ Skipping SMA_Cross_candle, not yet time (every 5m)
2025-05-02 18:17:00 - INFO - [_update_active_orders_and_telegram] [N/A] 📊 Updating SL/TP for active orders
2025-05-02 18:17:01 - INFO - [_wait_until_next_iteration] [N/A] ⏳ Sleeping for 58.95 seconds before the next cycle
2025-05-02 18:18:00 - DEBUG - [_process_strategies] [N/A] ⏱ Skipping VWAP_diff_signal_1700, not yet time (every 5m)
2025-05-02 18:18:00 - DEBUG - [_process_strategies] [N/A] ⏱ Skipping VWAP_diff_signal_rsi_1700, not yet time (every 5m)
2025-05-02 18:18:00 - DEBUG - [_process_strategies] [N/A] ⏱ Skipping EMA_Cross_ema50, not yet time (every 5m)
2025-05-02 18:18:00 - DEBUG - [_process_strategies] [N/A] ⏱ Skipping EMA_Cross_candle, not yet time (every 5m)
2025-05-02 18:18:00 - DEBUG - [_process_strategies] [N/A] ⏱ Skipping SMA_Cross_sma50, not yet time (every 5m)
2025-05-02 18:18:00 - DEBUG - [_process_strategies] [N/A] ⏱ Skipping VWAP_diff_signal_1700_volume, not yet time (every 5m)
2025-05-02 18:18:00 - DEBUG - [_process_strategies] [N/A] ⏱ Skipping SMA_Cross_candle, not yet time (every 5m)
2025-05-02 18:18:00 - INFO - [_update_active_orders_and_telegram] [N/A] 📊 Updating SL/TP for active orders
2025-05-02 18:18:01 - INFO - [_wait_until_next_iteration] [N/A] ⏳ Sleeping for 58.93 seconds before the next cycle
2025-05-02 18:19:00 - DEBUG - [_process_strategies] [N/A] ⏱ Skipping VWAP_diff_signal_1700, not yet time (every 5m)
2025-05-02 18:19:00 - DEBUG - [_process_strategies] [N/A] ⏱ Skipping VWAP_diff_signal_rsi_1700, not yet time (every 5m)
2025-05-02 18:19:00 - DEBUG - [_process_strategies] [N/A] ⏱ Skipping EMA_Cross_ema50, not yet time (every 5m)
2025-05-02 18:19:00 - DEBUG - [_process_strategies] [N/A] ⏱ Skipping EMA_Cross_candle, not yet time (every 5m)
2025-05-02 18:19:00 - DEBUG - [_process_strategies] [N/A] ⏱ Skipping SMA_Cross_sma50, not yet time (every 5m)
2025-05-02 18:19:00 - DEBUG - [_process_strategies] [N/A] ⏱ Skipping VWAP_diff_signal_1700_volume, not yet time (every 5m)
2025-05-02 18:19:00 - DEBUG - [_process_strategies] [N/A] ⏱ Skipping SMA_Cross_candle, not yet time (every 5m)
2025-05-02 18:19:00 - INFO - [_update_active_orders_and_telegram] [N/A] 📊 Updating SL/TP for active orders
2025-05-02 18:19:01 - INFO - [_wait_until_next_iteration] [N/A] ⏳ Sleeping for 58.93 seconds before the next cycle
2025-05-02 18:20:00 - INFO - [_run_strategy_if_applicable] [N/A] 🔄 Starting trading loop for strategy: VWAP_diff_signal_1700
2025-05-02 18:20:00 - INFO - [get_stock_data] [CZR] Requesting data for CZR
2025-05-02 18:20:00 - INFO - [get_stock_data] [CZR] Data received for CZR: 100 rows
2025-05-02 18:20:00 - INFO - [check_vwap_diff_signal] [CZR] Analyzing VWAP reversal signal for CZR
2025-05-02 18:20:00 - INFO - [check_vwap_diff_signal] [CZR] Close: 27.8 | Low: 27.8 | High: 27.93 | VWAP: 27.612190751254797
2025-05-02 18:20:00 - DEBUG - [check_vwap_diff_signal] [CZR] [CZR] Last Candela: VWAP-Low=-0.68%, High-VWAP=1.15%
2025-05-02 18:20:00 - DEBUG - [check_vwap_diff_signal] [CZR] No VWAP signal detected
2025-05-02 18:20:00 - INFO - [_process_ticker] [CZR] ℹ️ No valid signal for CZR
2025-05-02 18:20:00 - INFO - [get_stock_data] [MTCH] Requesting data for MTCH
2025-05-02 18:20:01 - INFO - [get_stock_data] [MTCH] Data received for MTCH: 100 rows
2025-05-02 18:20:01 - INFO - [check_vwap_diff_signal] [MTCH] Analyzing VWAP reversal signal for MTCH
2025-05-02 18:20:01 - INFO - [check_vwap_diff_signal] [MTCH] Close: 30.78 | Low: 30.77 | High: 30.82 | VWAP: 30.771397581619006
2025-05-02 18:20:01 - DEBUG - [check_vwap_diff_signal] [MTCH] [MTCH] Last Candela: VWAP-Low=0.00%, High-VWAP=0.16%
2025-05-02 18:20:01 - DEBUG - [check_vwap_diff_signal] [MTCH] No VWAP signal detected
2025-05-02 18:20:01 - INFO - [_process_ticker] [MTCH] ℹ️ No valid signal for MTCH
2025-05-02 18:20:01 - INFO - [get_stock_data] [NCHL] Requesting data for NCHL
2025-05-02 18:20:01 - ERROR - [get_stock_data] [NCHL] Error retrieving data: 'NoneType' object has no attribute 'empty'
2025-05-02 18:20:01 - INFO - [get_stock_data] [HBAN] Requesting data for HBAN
2025-05-02 18:20:02 - INFO - [get_stock_data] [HBAN] Data received for HBAN: 100 rows
2025-05-02 18:20:02 - INFO - [check_vwap_diff_signal] [HBAN] Analyzing VWAP reversal signal for HBAN
2025-05-02 18:20:02 - INFO - [check_vwap_diff_signal] [HBAN] Close: 15.0 | Low: 14.99 | High: 15.02 | VWAP: 14.957456673574836
2025-05-02 18:20:02 - DEBUG - [check_vwap_diff_signal] [HBAN] [HBAN] Last Candela: VWAP-Low=-0.22%, High-VWAP=0.42%
2025-05-02 18:20:02 - DEBUG - [check_vwap_diff_signal] [HBAN] No VWAP signal detected
2025-05-02 18:20:02 - INFO - [_process_ticker] [HBAN] ℹ️ No valid signal for HBAN
2025-05-02 18:20:02 - INFO - [get_stock_data] [MRNA] Requesting data for MRNA
2025-05-02 18:20:03 - INFO - [get_stock_data] [MRNA] Data received for MRNA: 100 rows
2025-05-02 18:20:03 - INFO - [check_vwap_diff_signal] [MRNA] Analyzing VWAP reversal signal for MRNA
2025-05-02 18:20:03 - INFO - [check_vwap_diff_signal] [MRNA] Close: 27.55 | Low: 27.53 | High: 27.66 | VWAP: 27.55188402010621
2025-05-02 18:20:03 - DEBUG - [check_vwap_diff_signal] [MRNA] [MRNA] Last Candela: VWAP-Low=0.08%, High-VWAP=0.39%
2025-05-02 18:20:03 - DEBUG - [check_vwap_diff_signal] [MRNA] No VWAP signal detected
2025-05-02 18:20:03 - INFO - [_process_ticker] [MRNA] ℹ️ No valid signal for MRNA
2025-05-02 18:20:03 - INFO - [get_stock_data] [WBD] Requesting data for WBD
2025-05-02 18:20:03 - INFO - [get_stock_data] [WBD] Data received for WBD: 100 rows
2025-05-02 18:20:03 - INFO - [check_vwap_diff_signal] [WBD] Analyzing VWAP reversal signal for WBD
2025-05-02 18:20:03 - INFO - [check_vwap_diff_signal] [WBD] Close: 8.55 | Low: 8.54 | High: 8.56 | VWAP: 8.54189028753624
2025-05-02 18:20:03 - DEBUG - [check_vwap_diff_signal] [WBD] [WBD] Last Candela: VWAP-Low=0.02%, High-VWAP=0.21%
2025-05-02 18:20:03 - DEBUG - [check_vwap_diff_signal] [WBD] No VWAP signal detected
2025-05-02 18:20:03 - INFO - [_process_ticker] [WBD] ℹ️ No valid signal for WBD
2025-05-02 18:20:03 - INFO - [get_stock_data] [CMCSA] Requesting data for CMCSA
2025-05-02 18:20:04 - INFO - [get_stock_data] [CMCSA] Data received for CMCSA: 100 rows
2025-05-02 18:20:04 - INFO - [check_vwap_diff_signal] [CMCSA] Analyzing VWAP reversal signal for CMCSA
2025-05-02 18:20:04 - INFO - [check_vwap_diff_signal] [CMCSA] Close: 34.32 | Low: 34.31 | High: 34.37 | VWAP: 34.25484481882481
2025-05-02 18:20:04 - DEBUG - [check_vwap_diff_signal] [CMCSA] [CMCSA] Last Candela: VWAP-Low=-0.16%, High-VWAP=0.34%
2025-05-02 18:20:04 - DEBUG - [check_vwap_diff_signal] [CMCSA] No VWAP signal detected
2025-05-02 18:20:04 - INFO - [_process_ticker] [CMCSA] ℹ️ No valid signal for CMCSA
2025-05-02 18:20:04 - INFO - [_run_strategy_if_applicable] [N/A] 🔄 Starting trading loop for strategy: VWAP_diff_signal_rsi_1700
2025-05-02 18:20:04 - INFO - [get_stock_data] [IVZ] Requesting data for IVZ
2025-05-02 18:20:05 - INFO - [get_stock_data] [IVZ] Data received for IVZ: 100 rows
2025-05-02 18:20:05 - INFO - [check_vwap_diff_signal_with_rsi] [IVZ] Analyzing VWAP reversal signal for IVZ
2025-05-02 18:20:05 - INFO - [check_vwap_diff_signal_with_rsi] [IVZ] Close: 14.36 | Low: 14.36 | High: 14.39 | VWAP: 14.286645761530451 | RSI: 64.06
2025-05-02 18:20:05 - DEBUG - [check_vwap_diff_signal_with_rsi] [IVZ] [IVZ] Last Candela: VWAP-Low=-0.51%, High-VWAP=0.72%
2025-05-02 18:20:05 - DEBUG - [check_vwap_diff_signal_with_rsi] [IVZ] No VWAP+RSI signal detected
2025-05-02 18:20:05 - INFO - [_process_ticker] [IVZ] ℹ️ No valid signal for IVZ
2025-05-02 18:20:05 - INFO - [get_stock_data] [FCX] Requesting data for FCX
2025-05-02 18:20:06 - INFO - [get_stock_data] [FCX] Data received for FCX: 101 rows
2025-05-02 18:20:06 - INFO - [check_vwap_diff_signal_with_rsi] [FCX] Analyzing VWAP reversal signal for FCX
2025-05-02 18:20:06 - INFO - [check_vwap_diff_signal_with_rsi] [FCX] Close: 37.52 | Low: 37.51 | High: 37.53 | VWAP: 37.40461331029342 | RSI: 62.38
2025-05-02 18:20:06 - DEBUG - [check_vwap_diff_signal_with_rsi] [FCX] [FCX] Last Candela: VWAP-Low=-0.28%, High-VWAP=0.34%
2025-05-02 18:20:06 - DEBUG - [check_vwap_diff_signal_with_rsi] [FCX] No VWAP+RSI signal detected
2025-05-02 18:20:06 - INFO - [_process_ticker] [FCX] ℹ️ No valid signal for FCX
2025-05-02 18:20:06 - INFO - [get_stock_data] [HST] Requesting data for HST
2025-05-02 18:20:06 - INFO - [get_stock_data] [HST] Data received for HST: 101 rows
2025-05-02 18:20:06 - INFO - [check_vwap_diff_signal_with_rsi] [HST] Analyzing VWAP reversal signal for HST
2025-05-02 18:20:06 - INFO - [check_vwap_diff_signal_with_rsi] [HST] Close: 14.65 | Low: 14.65 | High: 14.65 | VWAP: 14.713164563045936 | RSI: 47.63
2025-05-02 18:20:06 - DEBUG - [check_vwap_diff_signal_with_rsi] [HST] [HST] Last Candela: VWAP-Low=0.43%, High-VWAP=-0.43%
2025-05-02 18:20:06 - DEBUG - [check_vwap_diff_signal_with_rsi] [HST] No VWAP+RSI signal detected
2025-05-02 18:20:06 - INFO - [_process_ticker] [HST] ℹ️ No valid signal for HST
2025-05-02 18:20:06 - INFO - [get_stock_data] [IVZ] Requesting data for IVZ
2025-05-02 18:20:07 - INFO - [get_stock_data] [IVZ] Data received for IVZ: 101 rows
2025-05-02 18:20:07 - INFO - [check_vwap_diff_signal_with_rsi] [IVZ] Analyzing VWAP reversal signal for IVZ
2025-05-02 18:20:07 - INFO - [check_vwap_diff_signal_with_rsi] [IVZ] Close: 14.36 | Low: 14.36 | High: 14.36 | VWAP: 14.286645761530451 | RSI: 64.06
2025-05-02 18:20:07 - DEBUG - [check_vwap_diff_signal_with_rsi] [IVZ] [IVZ] Last Candela: VWAP-Low=-0.51%, High-VWAP=0.51%
2025-05-02 18:20:07 - DEBUG - [check_vwap_diff_signal_with_rsi] [IVZ] No VWAP+RSI signal detected
2025-05-02 18:20:07 - INFO - [_process_ticker] [IVZ] ℹ️ No valid signal for IVZ
2025-05-02 18:20:07 - INFO - [get_stock_data] [NEM] Requesting data for NEM
2025-05-02 18:20:07 - INFO - [get_stock_data] [NEM] Data received for NEM: 101 rows
2025-05-02 18:20:07 - INFO - [check_vwap_diff_signal_with_rsi] [NEM] Analyzing VWAP reversal signal for NEM
2025-05-02 18:20:07 - INFO - [check_vwap_diff_signal_with_rsi] [NEM] Close: 51.64 | Low: 51.63 | High: 51.64 | VWAP: 51.85156219432605 | RSI: 47.96
2025-05-02 18:20:07 - DEBUG - [check_vwap_diff_signal_with_rsi] [NEM] [NEM] Last Candela: VWAP-Low=0.43%, High-VWAP=-0.41%
2025-05-02 18:20:07 - DEBUG - [check_vwap_diff_signal_with_rsi] [NEM] No VWAP+RSI signal detected
2025-05-02 18:20:07 - INFO - [_process_ticker] [NEM] ℹ️ No valid signal for NEM
2025-05-02 18:20:07 - INFO - [get_stock_data] [LUV] Requesting data for LUV
2025-05-02 18:20:08 - INFO - [get_stock_data] [LUV] Data received for LUV: 101 rows
2025-05-02 18:20:08 - INFO - [check_vwap_diff_signal_with_rsi] [LUV] Analyzing VWAP reversal signal for LUV
2025-05-02 18:20:08 - INFO - [check_vwap_diff_signal_with_rsi] [LUV] Close: 29.55 | Low: 29.55 | High: 29.55 | VWAP: 29.665349826762476 | RSI: 55.12
2025-05-02 18:20:08 - DEBUG - [check_vwap_diff_signal_with_rsi] [LUV] [LUV] Last Candela: VWAP-Low=0.39%, High-VWAP=-0.39%
2025-05-02 18:20:08 - DEBUG - [check_vwap_diff_signal_with_rsi] [LUV] No VWAP+RSI signal detected
2025-05-02 18:20:08 - INFO - [_process_ticker] [LUV] ℹ️ No valid signal for LUV
2025-05-02 18:20:08 - INFO - [_run_strategy_if_applicable] [N/A] ⏰ Strategy 'EMA_Cross_ema50' not executed because it's outside the time window: 16:35:00 - 16:50:00
2025-05-02 18:20:08 - INFO - [_run_strategy_if_applicable] [N/A] ⏰ Strategy 'EMA_Cross_candle' not executed because it's outside the time window: 16:35:00 - 16:50:00
2025-05-02 18:20:08 - INFO - [_run_strategy_if_applicable] [N/A] ⏰ Strategy 'SMA_Cross_sma50' not executed because it's outside the time window: 16:35:00 - 16:50:00
2025-05-02 18:20:08 - INFO - [_run_strategy_if_applicable] [N/A] 🔄 Starting trading loop for strategy: VWAP_diff_signal_1700_volume
2025-05-02 18:20:08 - DEBUG - [_process_ticker] [GEN] 🚫 Trade not allowed for GEN (limit reached)
2025-05-02 18:20:08 - INFO - [get_stock_data] [HPQ] Requesting data for HPQ
2025-05-02 18:20:09 - INFO - [get_stock_data] [HPQ] Data received for HPQ: 101 rows
2025-05-02 18:20:09 - INFO - [check_vwap_diff_signal_with_volume] [HPQ] Analyzing VWAP reversal signal for HPQ
2025-05-02 18:20:09 - INFO - [check_vwap_diff_signal_with_volume] [HPQ] Close: 25.95 | Low: 25.95 | High: 25.95 | VWAP: 25.94768383437355 | Volume Ratio: 0.01
2025-05-02 18:20:09 - DEBUG - [check_vwap_diff_signal_with_volume] [HPQ] [HPQ] Last Candle: VWAP-Low=-0.01%, High-VWAP=0.01%
2025-05-02 18:20:09 - DEBUG - [check_vwap_diff_signal_with_volume] [HPQ] No VWAP+VolumeRatio signal detected
2025-05-02 18:20:09 - INFO - [_process_ticker] [HPQ] ℹ️ No valid signal for HPQ
2025-05-02 18:20:09 - INFO - [get_stock_data] [INTC] Requesting data for INTC
2025-05-02 18:20:09 - INFO - [get_stock_data] [INTC] Data received for INTC: 101 rows
2025-05-02 18:20:09 - INFO - [check_vwap_diff_signal_with_volume] [INTC] Analyzing VWAP reversal signal for INTC
2025-05-02 18:20:09 - INFO - [check_vwap_diff_signal_with_volume] [INTC] Close: 20.59 | Low: 20.59 | High: 20.6 | VWAP: 20.451367606689157 | Volume Ratio: 0.01
2025-05-02 18:20:09 - DEBUG - [check_vwap_diff_signal_with_volume] [INTC] [INTC] Last Candle: VWAP-Low=-0.68%, High-VWAP=0.73%
2025-05-02 18:20:09 - DEBUG - [check_vwap_diff_signal_with_volume] [INTC] No VWAP+VolumeRatio signal detected
2025-05-02 18:20:09 - INFO - [_process_ticker] [INTC] ℹ️ No valid signal for INTC
2025-05-02 18:20:09 - INFO - [get_stock_data] [RF] Requesting data for RF
2025-05-02 18:20:10 - INFO - [get_stock_data] [RF] Data received for RF: 101 rows
2025-05-02 18:20:10 - INFO - [check_vwap_diff_signal_with_volume] [RF] Analyzing VWAP reversal signal for RF
2025-05-02 18:20:10 - INFO - [check_vwap_diff_signal_with_volume] [RF] Close: 20.93 | Low: 20.92 | High: 20.93 | VWAP: 20.914453858115188 | Volume Ratio: 0.04
2025-05-02 18:20:10 - DEBUG - [check_vwap_diff_signal_with_volume] [RF] [RF] Last Candle: VWAP-Low=-0.03%, High-VWAP=0.07%
2025-05-02 18:20:10 - DEBUG - [check_vwap_diff_signal_with_volume] [RF] No VWAP+VolumeRatio signal detected
2025-05-02 18:20:10 - INFO - [_process_ticker] [RF] ℹ️ No valid signal for RF
2025-05-02 18:20:10 - INFO - [_run_strategy_if_applicable] [N/A] ⏰ Strategy 'SMA_Cross_candle' not executed because it's outside the time window: 16:35:00 - 16:50:00
2025-05-02 18:20:10 - INFO - [_update_active_orders_and_telegram] [N/A] 📊 Updating SL/TP for active orders
2025-05-02 18:20:11 - INFO - [_wait_until_next_iteration] [N/A] ⏳ Sleeping for 48.28 seconds before the next cycle
2025-05-02 18:21:00 - DEBUG - [_process_strategies] [N/A] ⏱ Skipping VWAP_diff_signal_1700, not yet time (every 5m)
2025-05-02 18:21:00 - DEBUG - [_process_strategies] [N/A] ⏱ Skipping VWAP_diff_signal_rsi_1700, not yet time (every 5m)
2025-05-02 18:21:00 - DEBUG - [_process_strategies] [N/A] ⏱ Skipping EMA_Cross_ema50, not yet time (every 5m)
2025-05-02 18:21:00 - DEBUG - [_process_strategies] [N/A] ⏱ Skipping EMA_Cross_candle, not yet time (every 5m)
2025-05-02 18:21:00 - DEBUG - [_process_strategies] [N/A] ⏱ Skipping SMA_Cross_sma50, not yet time (every 5m)
2025-05-02 18:21:00 - DEBUG - [_process_strategies] [N/A] ⏱ Skipping VWAP_diff_signal_1700_volume, not yet time (every 5m)
2025-05-02 18:21:00 - DEBUG - [_process_strategies] [N/A] ⏱ Skipping SMA_Cross_candle, not yet time (every 5m)
2025-05-02 18:21:00 - INFO - [_update_active_orders_and_telegram] [N/A] 📊 Updating SL/TP for active orders
2025-05-02 18:21:01 - INFO - [_wait_until_next_iteration] [N/A] ⏳ Sleeping for 58.94 seconds before the next cycle
2025-05-02 18:22:00 - DEBUG - [_process_strategies] [N/A] ⏱ Skipping VWAP_diff_signal_1700, not yet time (every 5m)
2025-05-02 18:22:00 - DEBUG - [_process_strategies] [N/A] ⏱ Skipping VWAP_diff_signal_rsi_1700, not yet time (every 5m)
2025-05-02 18:22:00 - DEBUG - [_process_strategies] [N/A] ⏱ Skipping EMA_Cross_ema50, not yet time (every 5m)
2025-05-02 18:22:00 - DEBUG - [_process_strategies] [N/A] ⏱ Skipping EMA_Cross_candle, not yet time (every 5m)
2025-05-02 18:22:00 - DEBUG - [_process_strategies] [N/A] ⏱ Skipping SMA_Cross_sma50, not yet time (every 5m)
2025-05-02 18:22:00 - DEBUG - [_process_strategies] [N/A] ⏱ Skipping VWAP_diff_signal_1700_volume, not yet time (every 5m)
2025-05-02 18:22:00 - DEBUG - [_process_strategies] [N/A] ⏱ Skipping SMA_Cross_candle, not yet time (every 5m)
2025-05-02 18:22:00 - INFO - [_update_active_orders_and_telegram] [N/A] 📊 Updating SL/TP for active orders
2025-05-02 18:22:01 - INFO - [_wait_until_next_iteration] [N/A] ⏳ Sleeping for 58.92 seconds before the next cycle
2025-05-02 18:23:00 - DEBUG - [_process_strategies] [N/A] ⏱ Skipping VWAP_diff_signal_1700, not yet time (every 5m)
2025-05-02 18:23:00 - DEBUG - [_process_strategies] [N/A] ⏱ Skipping VWAP_diff_signal_rsi_1700, not yet time (every 5m)
2025-05-02 18:23:00 - DEBUG - [_process_strategies] [N/A] ⏱ Skipping EMA_Cross_ema50, not yet time (every 5m)
2025-05-02 18:23:00 - DEBUG - [_process_strategies] [N/A] ⏱ Skipping EMA_Cross_candle, not yet time (every 5m)
2025-05-02 18:23:00 - DEBUG - [_process_strategies] [N/A] ⏱ Skipping SMA_Cross_sma50, not yet time (every 5m)
2025-05-02 18:23:00 - DEBUG - [_process_strategies] [N/A] ⏱ Skipping VWAP_diff_signal_1700_volume, not yet time (every 5m)
2025-05-02 18:23:00 - DEBUG - [_process_strategies] [N/A] ⏱ Skipping SMA_Cross_candle, not yet time (every 5m)
2025-05-02 18:23:00 - INFO - [_update_active_orders_and_telegram] [N/A] 📊 Updating SL/TP for active orders
2025-05-02 18:23:01 - INFO - [_wait_until_next_iteration] [N/A] ⏳ Sleeping for 58.93 seconds before the next cycle
2025-05-02 18:24:00 - DEBUG - [_process_strategies] [N/A] ⏱ Skipping VWAP_diff_signal_1700, not yet time (every 5m)
2025-05-02 18:24:00 - DEBUG - [_process_strategies] [N/A] ⏱ Skipping VWAP_diff_signal_rsi_1700, not yet time (every 5m)
2025-05-02 18:24:00 - DEBUG - [_process_strategies] [N/A] ⏱ Skipping EMA_Cross_ema50, not yet time (every 5m)
2025-05-02 18:24:00 - DEBUG - [_process_strategies] [N/A] ⏱ Skipping EMA_Cross_candle, not yet time (every 5m)
2025-05-02 18:24:00 - DEBUG - [_process_strategies] [N/A] ⏱ Skipping SMA_Cross_sma50, not yet time (every 5m)
2025-05-02 18:24:00 - DEBUG - [_process_strategies] [N/A] ⏱ Skipping VWAP_diff_signal_1700_volume, not yet time (every 5m)
2025-05-02 18:24:00 - DEBUG - [_process_strategies] [N/A] ⏱ Skipping SMA_Cross_candle, not yet time (every 5m)
2025-05-02 18:24:00 - INFO - [_update_active_orders_and_telegram] [N/A] 📊 Updating SL/TP for active orders
2025-05-02 18:24:01 - INFO - [_wait_until_next_iteration] [N/A] ⏳ Sleeping for 58.93 seconds before the next cycle
2025-05-02 18:25:00 - INFO - [_run_strategy_if_applicable] [N/A] 🔄 Starting trading loop for strategy: VWAP_diff_signal_1700
2025-05-02 18:25:00 - INFO - [get_stock_data] [CZR] Requesting data for CZR
2025-05-02 18:25:00 - INFO - [get_stock_data] [CZR] Data received for CZR: 101 rows
2025-05-02 18:25:00 - INFO - [check_vwap_diff_signal] [CZR] Analyzing VWAP reversal signal for CZR
2025-05-02 18:25:00 - INFO - [check_vwap_diff_signal] [CZR] Close: 27.8 | Low: 27.73 | High: 27.82 | VWAP: 27.616537015458114
2025-05-02 18:25:00 - DEBUG - [check_vwap_diff_signal] [CZR] [CZR] Last Candela: VWAP-Low=-0.41%, High-VWAP=0.74%
2025-05-02 18:25:00 - DEBUG - [check_vwap_diff_signal] [CZR] No VWAP signal detected
2025-05-02 18:25:00 - INFO - [_process_ticker] [CZR] ℹ️ No valid signal for CZR
2025-05-02 18:25:00 - INFO - [get_stock_data] [MTCH] Requesting data for MTCH
2025-05-02 18:25:01 - INFO - [get_stock_data] [MTCH] Data received for MTCH: 101 rows
2025-05-02 18:25:01 - INFO - [check_vwap_diff_signal] [MTCH] Analyzing VWAP reversal signal for MTCH
2025-05-02 18:25:01 - INFO - [check_vwap_diff_signal] [MTCH] Close: 30.69 | Low: 30.68 | High: 30.78 | VWAP: 30.76912539742699
2025-05-02 18:25:01 - DEBUG - [check_vwap_diff_signal] [MTCH] [MTCH] Last Candela: VWAP-Low=0.29%, High-VWAP=0.04%
2025-05-02 18:25:01 - DEBUG - [check_vwap_diff_signal] [MTCH] No VWAP signal detected
2025-05-02 18:25:01 - INFO - [_process_ticker] [MTCH] ℹ️ No valid signal for MTCH
2025-05-02 18:25:01 - INFO - [get_stock_data] [NCHL] Requesting data for NCHL
2025-05-02 18:25:01 - ERROR - [get_stock_data] [NCHL] Error retrieving data: 'NoneType' object has no attribute 'empty'
2025-05-02 18:25:01 - INFO - [get_stock_data] [HBAN] Requesting data for HBAN
2025-05-02 18:25:02 - INFO - [get_stock_data] [HBAN] Data received for HBAN: 101 rows
2025-05-02 18:25:02 - INFO - [check_vwap_diff_signal] [HBAN] Analyzing VWAP reversal signal for HBAN
2025-05-02 18:25:02 - INFO - [check_vwap_diff_signal] [HBAN] Close: 15.01 | Low: 14.98 | High: 15.02 | VWAP: 14.959515639694866
2025-05-02 18:25:02 - DEBUG - [check_vwap_diff_signal] [HBAN] [HBAN] Last Candela: VWAP-Low=-0.14%, High-VWAP=0.40%
2025-05-02 18:25:02 - DEBUG - [check_vwap_diff_signal] [HBAN] No VWAP signal detected
2025-05-02 18:25:02 - INFO - [_process_ticker] [HBAN] ℹ️ No valid signal for HBAN
2025-05-02 18:25:02 - INFO - [get_stock_data] [MRNA] Requesting data for MRNA
2025-05-02 18:25:02 - INFO - [get_stock_data] [MRNA] Data received for MRNA: 101 rows
2025-05-02 18:25:02 - INFO - [check_vwap_diff_signal] [MRNA] Analyzing VWAP reversal signal for MRNA
2025-05-02 18:25:02 - INFO - [check_vwap_diff_signal] [MRNA] Close: 27.5 | Low: 27.5 | High: 27.59 | VWAP: 27.55069348688505
2025-05-02 18:25:02 - DEBUG - [check_vwap_diff_signal] [MRNA] [MRNA] Last Candela: VWAP-Low=0.18%, High-VWAP=0.14%
2025-05-02 18:25:02 - DEBUG - [check_vwap_diff_signal] [MRNA] No VWAP signal detected
2025-05-02 18:25:02 - INFO - [_process_ticker] [MRNA] ℹ️ No valid signal for MRNA
2025-05-02 18:25:02 - INFO - [get_stock_data] [WBD] Requesting data for WBD
2025-05-02 18:25:03 - INFO - [get_stock_data] [WBD] Data received for WBD: 101 rows
2025-05-02 18:25:03 - INFO - [check_vwap_diff_signal] [WBD] Analyzing VWAP reversal signal for WBD
2025-05-02 18:25:03 - INFO - [check_vwap_diff_signal] [WBD] Close: 8.55 | Low: 8.54 | High: 8.56 | VWAP: 8.542325142373796
2025-05-02 18:25:03 - DEBUG - [check_vwap_diff_signal] [WBD] [WBD] Last Candela: VWAP-Low=0.03%, High-VWAP=0.21%
2025-05-02 18:25:03 - DEBUG - [check_vwap_diff_signal] [WBD] No VWAP signal detected
2025-05-02 18:25:03 - INFO - [_process_ticker] [WBD] ℹ️ No valid signal for WBD
2025-05-02 18:25:03 - INFO - [get_stock_data] [CMCSA] Requesting data for CMCSA
2025-05-02 18:25:04 - INFO - [get_stock_data] [CMCSA] Data received for CMCSA: 101 rows
2025-05-02 18:25:04 - INFO - [check_vwap_diff_signal] [CMCSA] Analyzing VWAP reversal signal for CMCSA
2025-05-02 18:25:04 - INFO - [check_vwap_diff_signal] [CMCSA] Close: 34.34 | Low: 34.29 | High: 34.35 | VWAP: 34.261121565252374
2025-05-02 18:25:04 - DEBUG - [check_vwap_diff_signal] [CMCSA] [CMCSA] Last Candela: VWAP-Low=-0.08%, High-VWAP=0.26%
2025-05-02 18:25:04 - DEBUG - [check_vwap_diff_signal] [CMCSA] No VWAP signal detected
2025-05-02 18:25:04 - INFO - [_process_ticker] [CMCSA] ℹ️ No valid signal for CMCSA
2025-05-02 18:25:04 - INFO - [_run_strategy_if_applicable] [N/A] 🔄 Starting trading loop for strategy: VWAP_diff_signal_rsi_1700
2025-05-02 18:25:04 - INFO - [get_stock_data] [IVZ] Requesting data for IVZ
2025-05-02 18:25:04 - INFO - [get_stock_data] [IVZ] Data received for IVZ: 101 rows
2025-05-02 18:25:04 - INFO - [check_vwap_diff_signal_with_rsi] [IVZ] Analyzing VWAP reversal signal for IVZ
2025-05-02 18:25:04 - INFO - [check_vwap_diff_signal_with_rsi] [IVZ] Close: 14.37 | Low: 14.34 | High: 14.38 | VWAP: 14.289806437445629 | RSI: 64.93
2025-05-02 18:25:04 - DEBUG - [check_vwap_diff_signal_with_rsi] [IVZ] [IVZ] Last Candela: VWAP-Low=-0.35%, High-VWAP=0.63%
2025-05-02 18:25:04 - DEBUG - [check_vwap_diff_signal_with_rsi] [IVZ] No VWAP+RSI signal detected
2025-05-02 18:25:04 - INFO - [_process_ticker] [IVZ] ℹ️ No valid signal for IVZ
2025-05-02 18:25:04 - INFO - [get_stock_data] [FCX] Requesting data for FCX
2025-05-02 18:25:05 - INFO - [get_stock_data] [FCX] Data received for FCX: 101 rows
2025-05-02 18:25:05 - INFO - [check_vwap_diff_signal_with_rsi] [FCX] Analyzing VWAP reversal signal for FCX
2025-05-02 18:25:05 - INFO - [check_vwap_diff_signal_with_rsi] [FCX] Close: 37.32 | Low: 37.31 | High: 37.55 | VWAP: 37.40177966559591 | RSI: 53.05
2025-05-02 18:25:05 - DEBUG - [check_vwap_diff_signal_with_rsi] [FCX] [FCX] Last Candela: VWAP-Low=0.25%, High-VWAP=0.40%
2025-05-02 18:25:05 - DEBUG - [check_vwap_diff_signal_with_rsi] [FCX] No VWAP+RSI signal detected
2025-05-02 18:25:05 - INFO - [_process_ticker] [FCX] ℹ️ No valid signal for FCX
2025-05-02 18:25:05 - INFO - [get_stock_data] [HST] Requesting data for HST
2025-05-02 18:25:06 - INFO - [get_stock_data] [HST] Data received for HST: 102 rows
2025-05-02 18:25:06 - INFO - [check_vwap_diff_signal_with_rsi] [HST] Analyzing VWAP reversal signal for HST
2025-05-02 18:25:06 - INFO - [check_vwap_diff_signal_with_rsi] [HST] Close: 14.64 | Low: 14.63 | High: 14.64 | VWAP: 14.71151774014789 | RSI: 46.74
2025-05-02 18:25:06 - DEBUG - [check_vwap_diff_signal_with_rsi] [HST] [HST] Last Candela: VWAP-Low=0.55%, High-VWAP=-0.49%
2025-05-02 18:25:06 - DEBUG - [check_vwap_diff_signal_with_rsi] [HST] No VWAP+RSI signal detected
2025-05-02 18:25:06 - INFO - [_process_ticker] [HST] ℹ️ No valid signal for HST
2025-05-02 18:25:06 - INFO - [get_stock_data] [IVZ] Requesting data for IVZ
2025-05-02 18:25:06 - INFO - [get_stock_data] [IVZ] Data received for IVZ: 102 rows
2025-05-02 18:25:06 - INFO - [check_vwap_diff_signal_with_rsi] [IVZ] Analyzing VWAP reversal signal for IVZ
2025-05-02 18:25:06 - INFO - [check_vwap_diff_signal_with_rsi] [IVZ] Close: 14.37 | Low: 14.36 | High: 14.37 | VWAP: 14.290140173160028 | RSI: 64.93
2025-05-02 18:25:06 - DEBUG - [check_vwap_diff_signal_with_rsi] [IVZ] [IVZ] Last Candela: VWAP-Low=-0.49%, High-VWAP=0.56%
2025-05-02 18:25:06 - DEBUG - [check_vwap_diff_signal_with_rsi] [IVZ] No VWAP+RSI signal detected
2025-05-02 18:25:06 - INFO - [_process_ticker] [IVZ] ℹ️ No valid signal for IVZ
2025-05-02 18:25:06 - INFO - [get_stock_data] [NEM] Requesting data for NEM
2025-05-02 18:25:08 - INFO - [get_stock_data] [NEM] Data received for NEM: 102 rows
2025-05-02 18:25:08 - INFO - [check_vwap_diff_signal_with_rsi] [NEM] Analyzing VWAP reversal signal for NEM
2025-05-02 18:25:08 - INFO - [check_vwap_diff_signal_with_rsi] [NEM] Close: 51.6 | Low: 51.6 | High: 51.61 | VWAP: 51.84451490085035 | RSI: 45.83
2025-05-02 18:25:08 - DEBUG - [check_vwap_diff_signal_with_rsi] [NEM] [NEM] Last Candela: VWAP-Low=0.47%, High-VWAP=-0.45%
2025-05-02 18:25:08 - DEBUG - [check_vwap_diff_signal_with_rsi] [NEM] No VWAP+RSI signal detected
2025-05-02 18:25:08 - INFO - [_process_ticker] [NEM] ℹ️ No valid signal for NEM
2025-05-02 18:25:08 - INFO - [get_stock_data] [LUV] Requesting data for LUV
2025-05-02 18:25:09 - INFO - [get_stock_data] [LUV] Data received for LUV: 102 rows
2025-05-02 18:25:09 - INFO - [check_vwap_diff_signal_with_rsi] [LUV] Analyzing VWAP reversal signal for LUV
2025-05-02 18:25:09 - INFO - [check_vwap_diff_signal_with_rsi] [LUV] Close: 29.51 | Low: 29.51 | High: 29.52 | VWAP: 29.66330756245779 | RSI: 53.13
2025-05-02 18:25:09 - DEBUG - [check_vwap_diff_signal_with_rsi] [LUV] [LUV] Last Candela: VWAP-Low=0.52%, High-VWAP=-0.48%
2025-05-02 18:25:09 - DEBUG - [check_vwap_diff_signal_with_rsi] [LUV] No VWAP+RSI signal detected
2025-05-02 18:25:09 - INFO - [_process_ticker] [LUV] ℹ️ No valid signal for LUV
2025-05-02 18:25:09 - INFO - [_run_strategy_if_applicable] [N/A] ⏰ Strategy 'EMA_Cross_ema50' not executed because it's outside the time window: 16:35:00 - 16:50:00
2025-05-02 18:25:09 - INFO - [_run_strategy_if_applicable] [N/A] ⏰ Strategy 'EMA_Cross_candle' not executed because it's outside the time window: 16:35:00 - 16:50:00
2025-05-02 18:25:09 - INFO - [_run_strategy_if_applicable] [N/A] ⏰ Strategy 'SMA_Cross_sma50' not executed because it's outside the time window: 16:35:00 - 16:50:00
2025-05-02 18:25:09 - INFO - [_run_strategy_if_applicable] [N/A] 🔄 Starting trading loop for strategy: VWAP_diff_signal_1700_volume
2025-05-02 18:25:09 - DEBUG - [_process_ticker] [GEN] 🚫 Trade not allowed for GEN (limit reached)
2025-05-02 18:25:09 - INFO - [get_stock_data] [HPQ] Requesting data for HPQ
2025-05-02 18:25:10 - INFO - [get_stock_data] [HPQ] Data received for HPQ: 102 rows
2025-05-02 18:25:10 - INFO - [check_vwap_diff_signal_with_volume] [HPQ] Analyzing VWAP reversal signal for HPQ
2025-05-02 18:25:10 - INFO - [check_vwap_diff_signal_with_volume] [HPQ] Close: 25.94 | Low: 25.93 | High: 25.94 | VWAP: 25.947082982085032 | Volume Ratio: 0.07
2025-05-02 18:25:10 - DEBUG - [check_vwap_diff_signal_with_volume] [HPQ] [HPQ] Last Candle: VWAP-Low=0.07%, High-VWAP=-0.03%
2025-05-02 18:25:10 - DEBUG - [check_vwap_diff_signal_with_volume] [HPQ] No VWAP+VolumeRatio signal detected
2025-05-02 18:25:10 - INFO - [_process_ticker] [HPQ] ℹ️ No valid signal for HPQ
2025-05-02 18:25:10 - INFO - [get_stock_data] [INTC] Requesting data for INTC
2025-05-02 18:25:11 - INFO - [get_stock_data] [INTC] Data received for INTC: 102 rows
2025-05-02 18:25:11 - INFO - [check_vwap_diff_signal_with_volume] [INTC] Analyzing VWAP reversal signal for INTC
2025-05-02 18:25:11 - INFO - [check_vwap_diff_signal_with_volume] [INTC] Close: 20.62 | Low: 20.61 | High: 20.62 | VWAP: 20.456453714657183 | Volume Ratio: 0.01
2025-05-02 18:25:11 - DEBUG - [check_vwap_diff_signal_with_volume] [INTC] [INTC] Last Candle: VWAP-Low=-0.75%, High-VWAP=0.80%
2025-05-02 18:25:11 - DEBUG - [check_vwap_diff_signal_with_volume] [INTC] No VWAP+VolumeRatio signal detected
2025-05-02 18:25:11 - INFO - [_process_ticker] [INTC] ℹ️ No valid signal for INTC
2025-05-02 18:25:11 - INFO - [get_stock_data] [RF] Requesting data for RF
2025-05-02 18:25:11 - INFO - [get_stock_data] [RF] Data received for RF: 102 rows
2025-05-02 18:25:11 - INFO - [check_vwap_diff_signal_with_volume] [RF] Analyzing VWAP reversal signal for RF
2025-05-02 18:25:11 - INFO - [check_vwap_diff_signal_with_volume] [RF] Close: 20.92 | Low: 20.91 | High: 20.92 | VWAP: 20.914674462188053 | Volume Ratio: 0.06
2025-05-02 18:25:11 - DEBUG - [check_vwap_diff_signal_with_volume] [RF] [RF] Last Candle: VWAP-Low=0.02%, High-VWAP=0.03%
2025-05-02 18:25:11 - DEBUG - [check_vwap_diff_signal_with_volume] [RF] No VWAP+VolumeRatio signal detected
2025-05-02 18:25:11 - INFO - [_process_ticker] [RF] ℹ️ No valid signal for RF
2025-05-02 18:25:11 - INFO - [_run_strategy_if_applicable] [N/A] ⏰ Strategy 'SMA_Cross_candle' not executed because it's outside the time window: 16:35:00 - 16:50:00
2025-05-02 18:25:11 - INFO - [_update_active_orders_and_telegram] [N/A] 📊 Updating SL/TP for active orders
2025-05-02 18:25:13 - INFO - [_wait_until_next_iteration] [N/A] ⏳ Sleeping for 47.00 seconds before the next cycle
2025-05-02 18:26:00 - DEBUG - [_process_strategies] [N/A] ⏱ Skipping VWAP_diff_signal_1700, not yet time (every 5m)
2025-05-02 18:26:00 - DEBUG - [_process_strategies] [N/A] ⏱ Skipping VWAP_diff_signal_rsi_1700, not yet time (every 5m)
2025-05-02 18:26:00 - DEBUG - [_process_strategies] [N/A] ⏱ Skipping EMA_Cross_ema50, not yet time (every 5m)
2025-05-02 18:26:00 - DEBUG - [_process_strategies] [N/A] ⏱ Skipping EMA_Cross_candle, not yet time (every 5m)
2025-05-02 18:26:00 - DEBUG - [_process_strategies] [N/A] ⏱ Skipping SMA_Cross_sma50, not yet time (every 5m)
2025-05-02 18:26:00 - DEBUG - [_process_strategies] [N/A] ⏱ Skipping VWAP_diff_signal_1700_volume, not yet time (every 5m)
2025-05-02 18:26:00 - DEBUG - [_process_strategies] [N/A] ⏱ Skipping SMA_Cross_candle, not yet time (every 5m)
2025-05-02 18:26:00 - INFO - [_update_active_orders_and_telegram] [N/A] 📊 Updating SL/TP for active orders
2025-05-02 18:26:01 - INFO - [_wait_until_next_iteration] [N/A] ⏳ Sleeping for 58.98 seconds before the next cycle
2025-05-02 18:27:00 - DEBUG - [_process_strategies] [N/A] ⏱ Skipping VWAP_diff_signal_1700, not yet time (every 5m)
2025-05-02 18:27:00 - DEBUG - [_process_strategies] [N/A] ⏱ Skipping VWAP_diff_signal_rsi_1700, not yet time (every 5m)
2025-05-02 18:27:00 - DEBUG - [_process_strategies] [N/A] ⏱ Skipping EMA_Cross_ema50, not yet time (every 5m)
2025-05-02 18:27:00 - DEBUG - [_process_strategies] [N/A] ⏱ Skipping EMA_Cross_candle, not yet time (every 5m)
2025-05-02 18:27:00 - DEBUG - [_process_strategies] [N/A] ⏱ Skipping SMA_Cross_sma50, not yet time (every 5m)
2025-05-02 18:27:00 - DEBUG - [_process_strategies] [N/A] ⏱ Skipping VWAP_diff_signal_1700_volume, not yet time (every 5m)
2025-05-02 18:27:00 - DEBUG - [_process_strategies] [N/A] ⏱ Skipping SMA_Cross_candle, not yet time (every 5m)
2025-05-02 18:27:00 - INFO - [_update_active_orders_and_telegram] [N/A] 📊 Updating SL/TP for active orders
2025-05-02 18:27:01 - INFO - [_wait_until_next_iteration] [N/A] ⏳ Sleeping for 58.96 seconds before the next cycle
2025-05-02 18:28:00 - DEBUG - [_process_strategies] [N/A] ⏱ Skipping VWAP_diff_signal_1700, not yet time (every 5m)
2025-05-02 18:28:00 - DEBUG - [_process_strategies] [N/A] ⏱ Skipping VWAP_diff_signal_rsi_1700, not yet time (every 5m)
2025-05-02 18:28:00 - DEBUG - [_process_strategies] [N/A] ⏱ Skipping EMA_Cross_ema50, not yet time (every 5m)
2025-05-02 18:28:00 - DEBUG - [_process_strategies] [N/A] ⏱ Skipping EMA_Cross_candle, not yet time (every 5m)
2025-05-02 18:28:00 - DEBUG - [_process_strategies] [N/A] ⏱ Skipping SMA_Cross_sma50, not yet time (every 5m)
2025-05-02 18:28:00 - DEBUG - [_process_strategies] [N/A] ⏱ Skipping VWAP_diff_signal_1700_volume, not yet time (every 5m)
2025-05-02 18:28:00 - DEBUG - [_process_strategies] [N/A] ⏱ Skipping SMA_Cross_candle, not yet time (every 5m)
2025-05-02 18:28:00 - INFO - [_update_active_orders_and_telegram] [N/A] 📊 Updating SL/TP for active orders
2025-05-02 18:28:01 - INFO - [_wait_until_next_iteration] [N/A] ⏳ Sleeping for 58.94 seconds before the next cycle
2025-05-02 18:29:00 - DEBUG - [_process_strategies] [N/A] ⏱ Skipping VWAP_diff_signal_1700, not yet time (every 5m)
2025-05-02 18:29:00 - DEBUG - [_process_strategies] [N/A] ⏱ Skipping VWAP_diff_signal_rsi_1700, not yet time (every 5m)
2025-05-02 18:29:00 - DEBUG - [_process_strategies] [N/A] ⏱ Skipping EMA_Cross_ema50, not yet time (every 5m)
2025-05-02 18:29:00 - DEBUG - [_process_strategies] [N/A] ⏱ Skipping EMA_Cross_candle, not yet time (every 5m)
2025-05-02 18:29:00 - DEBUG - [_process_strategies] [N/A] ⏱ Skipping SMA_Cross_sma50, not yet time (every 5m)
2025-05-02 18:29:00 - DEBUG - [_process_strategies] [N/A] ⏱ Skipping VWAP_diff_signal_1700_volume, not yet time (every 5m)
2025-05-02 18:29:00 - DEBUG - [_process_strategies] [N/A] ⏱ Skipping SMA_Cross_candle, not yet time (every 5m)
2025-05-02 18:29:00 - INFO - [_update_active_orders_and_telegram] [N/A] 📊 Updating SL/TP for active orders
2025-05-02 18:29:01 - INFO - [_wait_until_next_iteration] [N/A] ⏳ Sleeping for 58.97 seconds before the next cycle
2025-05-02 18:30:00 - INFO - [_run_strategy_if_applicable] [N/A] 🔄 Starting trading loop for strategy: VWAP_diff_signal_1700
2025-05-02 18:30:00 - INFO - [get_stock_data] [CZR] Requesting data for CZR
2025-05-02 18:30:00 - INFO - [get_stock_data] [CZR] Data received for CZR: 102 rows
2025-05-02 18:30:00 - INFO - [check_vwap_diff_signal] [CZR] Analyzing VWAP reversal signal for CZR
2025-05-02 18:30:00 - INFO - [check_vwap_diff_signal] [CZR] Close: 27.79 | Low: 27.72 | High: 27.8 | VWAP: 27.62594154198831
2025-05-02 18:30:00 - DEBUG - [check_vwap_diff_signal] [CZR] [CZR] Last Candela: VWAP-Low=-0.34%, High-VWAP=0.63%
2025-05-02 18:30:00 - DEBUG - [check_vwap_diff_signal] [CZR] No VWAP signal detected
2025-05-02 18:30:00 - INFO - [_process_ticker] [CZR] ℹ️ No valid signal for CZR
2025-05-02 18:30:00 - INFO - [get_stock_data] [MTCH] Requesting data for MTCH
2025-05-02 18:30:01 - INFO - [get_stock_data] [MTCH] Data received for MTCH: 102 rows
2025-05-02 18:30:01 - INFO - [check_vwap_diff_signal] [MTCH] Analyzing VWAP reversal signal for MTCH
2025-05-02 18:30:01 - INFO - [check_vwap_diff_signal] [MTCH] Close: 30.61 | Low: 30.59 | High: 30.69 | VWAP: 30.76399001905176
2025-05-02 18:30:01 - DEBUG - [check_vwap_diff_signal] [MTCH] [MTCH] Last Candela: VWAP-Low=0.57%, High-VWAP=-0.24%
2025-05-02 18:30:01 - DEBUG - [check_vwap_diff_signal] [MTCH] No VWAP signal detected
2025-05-02 18:30:01 - INFO - [_process_ticker] [MTCH] ℹ️ No valid signal for MTCH
2025-05-02 18:30:01 - INFO - [get_stock_data] [NCHL] Requesting data for NCHL
2025-05-02 18:30:01 - ERROR - [get_stock_data] [NCHL] Error retrieving data: 'NoneType' object has no attribute 'empty'
2025-05-02 18:30:01 - INFO - [get_stock_data] [HBAN] Requesting data for HBAN
2025-05-02 18:30:02 - INFO - [get_stock_data] [HBAN] Data received for HBAN: 102 rows
2025-05-02 18:30:02 - INFO - [check_vwap_diff_signal] [HBAN] Analyzing VWAP reversal signal for HBAN
2025-05-02 18:30:02 - INFO - [check_vwap_diff_signal] [HBAN] Close: 14.99 | Low: 14.97 | High: 15.02 | VWAP: 14.96095536052098
2025-05-02 18:30:02 - DEBUG - [check_vwap_diff_signal] [HBAN] [HBAN] Last Candela: VWAP-Low=-0.06%, High-VWAP=0.39%
2025-05-02 18:30:02 - DEBUG - [check_vwap_diff_signal] [HBAN] No VWAP signal detected
2025-05-02 18:30:02 - INFO - [_process_ticker] [HBAN] ℹ️ No valid signal for HBAN
2025-05-02 18:30:02 - INFO - [get_stock_data] [MRNA] Requesting data for MRNA
2025-05-02 18:30:03 - INFO - [get_stock_data] [MRNA] Data received for MRNA: 102 rows
2025-05-02 18:30:03 - INFO - [check_vwap_diff_signal] [MRNA] Analyzing VWAP reversal signal for MRNA
2025-05-02 18:30:03 - INFO - [check_vwap_diff_signal] [MRNA] Close: 27.61 | Low: 27.47 | High: 27.61 | VWAP: 27.552308731471342
2025-05-02 18:30:03 - DEBUG - [check_vwap_diff_signal] [MRNA] [MRNA] Last Candela: VWAP-Low=0.30%, High-VWAP=0.21%
2025-05-02 18:30:03 - DEBUG - [check_vwap_diff_signal] [MRNA] No VWAP signal detected
2025-05-02 18:30:03 - INFO - [_process_ticker] [MRNA] ℹ️ No valid signal for MRNA
2025-05-02 18:30:03 - INFO - [get_stock_data] [WBD] Requesting data for WBD
2025-05-02 18:30:03 - INFO - [get_stock_data] [WBD] Data received for WBD: 102 rows
2025-05-02 18:30:03 - INFO - [check_vwap_diff_signal] [WBD] Analyzing VWAP reversal signal for WBD
2025-05-02 18:30:03 - INFO - [check_vwap_diff_signal] [WBD] Close: 8.56 | Low: 8.54 | High: 8.57 | VWAP: 8.542922436070473
2025-05-02 18:30:03 - DEBUG - [check_vwap_diff_signal] [WBD] [WBD] Last Candela: VWAP-Low=0.03%, High-VWAP=0.32%
2025-05-02 18:30:04 - DEBUG - [check_vwap_diff_signal] [WBD] No VWAP signal detected
2025-05-02 18:30:04 - INFO - [_process_ticker] [WBD] ℹ️ No valid signal for WBD
2025-05-02 18:30:04 - INFO - [get_stock_data] [CMCSA] Requesting data for CMCSA
2025-05-02 18:30:04 - INFO - [get_stock_data] [CMCSA] Data received for CMCSA: 102 rows
2025-05-02 18:30:04 - INFO - [check_vwap_diff_signal] [CMCSA] Analyzing VWAP reversal signal for CMCSA
2025-05-02 18:30:04 - INFO - [check_vwap_diff_signal] [CMCSA] Close: 34.26 | Low: 34.26 | High: 34.34 | VWAP: 34.26107325198793
2025-05-02 18:30:04 - DEBUG - [check_vwap_diff_signal] [CMCSA] [CMCSA] Last Candela: VWAP-Low=0.00%, High-VWAP=0.23%
2025-05-02 18:30:04 - DEBUG - [check_vwap_diff_signal] [CMCSA] No VWAP signal detected
2025-05-02 18:30:04 - INFO - [_process_ticker] [CMCSA] ℹ️ No valid signal for CMCSA
2025-05-02 18:30:04 - INFO - [_run_strategy_if_applicable] [N/A] 🔄 Starting trading loop for strategy: VWAP_diff_signal_rsi_1700
2025-05-02 18:30:04 - INFO - [get_stock_data] [IVZ] Requesting data for IVZ
2025-05-02 18:30:05 - INFO - [get_stock_data] [IVZ] Data received for IVZ: 102 rows
2025-05-02 18:30:05 - INFO - [check_vwap_diff_signal_with_rsi] [IVZ] Analyzing VWAP reversal signal for IVZ
2025-05-02 18:30:05 - INFO - [check_vwap_diff_signal_with_rsi] [IVZ] Close: 14.31 | Low: 14.31 | High: 14.38 | VWAP: 14.291127739548159 | RSI: 56.15
2025-05-02 18:30:05 - DEBUG - [check_vwap_diff_signal_with_rsi] [IVZ] [IVZ] Last Candela: VWAP-Low=-0.13%, High-VWAP=0.62%
2025-05-02 18:30:05 - DEBUG - [check_vwap_diff_signal_with_rsi] [IVZ] No VWAP+RSI signal detected
2025-05-02 18:30:05 - INFO - [_process_ticker] [IVZ] ℹ️ No valid signal for IVZ
2025-05-02 18:30:05 - INFO - [get_stock_data] [FCX] Requesting data for FCX
2025-05-02 18:30:06 - INFO - [get_stock_data] [FCX] Data received for FCX: 103 rows
2025-05-02 18:30:06 - INFO - [check_vwap_diff_signal_with_rsi] [FCX] Analyzing VWAP reversal signal for FCX
2025-05-02 18:30:06 - INFO - [check_vwap_diff_signal_with_rsi] [FCX] Close: 37.27 | Low: 37.26 | High: 37.29 | VWAP: 37.39847949833654 | RSI: 51.00
2025-05-02 18:30:06 - DEBUG - [check_vwap_diff_signal_with_rsi] [FCX] [FCX] Last Candela: VWAP-Low=0.37%, High-VWAP=-0.29%
2025-05-02 18:30:06 - DEBUG - [check_vwap_diff_signal_with_rsi] [FCX] No VWAP+RSI signal detected
2025-05-02 18:30:06 - INFO - [_process_ticker] [FCX] ℹ️ No valid signal for FCX
2025-05-02 18:30:06 - INFO - [get_stock_data] [HST] Requesting data for HST
2025-05-02 18:30:07 - INFO - [get_stock_data] [HST] Data received for HST: 103 rows
2025-05-02 18:30:07 - INFO - [check_vwap_diff_signal_with_rsi] [HST] Analyzing VWAP reversal signal for HST
2025-05-02 18:30:07 - INFO - [check_vwap_diff_signal_with_rsi] [HST] Close: 14.62 | Low: 14.62 | High: 14.62 | VWAP: 14.710076909571134 | RSI: 44.18
2025-05-02 18:30:07 - DEBUG - [check_vwap_diff_signal_with_rsi] [HST] [HST] Last Candela: VWAP-Low=0.61%, High-VWAP=-0.61%
2025-05-02 18:30:07 - DEBUG - [check_vwap_diff_signal_with_rsi] [HST] No VWAP+RSI signal detected
2025-05-02 18:30:07 - INFO - [_process_ticker] [HST] ℹ️ No valid signal for HST
2025-05-02 18:30:07 - INFO - [get_stock_data] [IVZ] Requesting data for IVZ
2025-05-02 18:30:07 - INFO - [get_stock_data] [IVZ] Data received for IVZ: 103 rows
2025-05-02 18:30:07 - INFO - [check_vwap_diff_signal_with_rsi] [IVZ] Analyzing VWAP reversal signal for IVZ
2025-05-02 18:30:07 - INFO - [check_vwap_diff_signal_with_rsi] [IVZ] Close: 14.31 | Low: 14.31 | High: 14.31 | VWAP: 14.291130718345585 | RSI: 56.15
2025-05-02 18:30:07 - DEBUG - [check_vwap_diff_signal_with_rsi] [IVZ] [IVZ] Last Candela: VWAP-Low=-0.13%, High-VWAP=0.13%
2025-05-02 18:30:07 - DEBUG - [check_vwap_diff_signal_with_rsi] [IVZ] No VWAP+RSI signal detected
2025-05-02 18:30:07 - INFO - [_process_ticker] [IVZ] ℹ️ No valid signal for IVZ
2025-05-02 18:30:07 - INFO - [get_stock_data] [NEM] Requesting data for NEM
2025-05-02 18:30:08 - INFO - [get_stock_data] [NEM] Data received for NEM: 103 rows
2025-05-02 18:30:08 - INFO - [check_vwap_diff_signal_with_rsi] [NEM] Analyzing VWAP reversal signal for NEM
2025-05-02 18:30:08 - INFO - [check_vwap_diff_signal_with_rsi] [NEM] Close: 51.57 | Low: 51.56 | High: 51.59 | VWAP: 51.83845954371914 | RSI: 44.24
2025-05-02 18:30:08 - DEBUG - [check_vwap_diff_signal_with_rsi] [NEM] [NEM] Last Candela: VWAP-Low=0.54%, High-VWAP=-0.48%
2025-05-02 18:30:08 - DEBUG - [check_vwap_diff_signal_with_rsi] [NEM] No VWAP+RSI signal detected
2025-05-02 18:30:08 - INFO - [_process_ticker] [NEM] ℹ️ No valid signal for NEM
2025-05-02 18:30:08 - INFO - [get_stock_data] [LUV] Requesting data for LUV
2025-05-02 18:30:09 - INFO - [get_stock_data] [LUV] Data received for LUV: 103 rows
2025-05-02 18:30:09 - INFO - [check_vwap_diff_signal_with_rsi] [LUV] Analyzing VWAP reversal signal for LUV
2025-05-02 18:30:09 - INFO - [check_vwap_diff_signal_with_rsi] [LUV] Close: 29.49 | Low: 29.49 | High: 29.5 | VWAP: 29.66042115843346 | RSI: 52.06
2025-05-02 18:30:09 - DEBUG - [check_vwap_diff_signal_with_rsi] [LUV] [LUV] Last Candela: VWAP-Low=0.57%, High-VWAP=-0.54%
2025-05-02 18:30:09 - DEBUG - [check_vwap_diff_signal_with_rsi] [LUV] No VWAP+RSI signal detected
2025-05-02 18:30:09 - INFO - [_process_ticker] [LUV] ℹ️ No valid signal for LUV
2025-05-02 18:30:09 - INFO - [_run_strategy_if_applicable] [N/A] ⏰ Strategy 'EMA_Cross_ema50' not executed because it's outside the time window: 16:35:00 - 16:50:00
2025-05-02 18:30:09 - INFO - [_run_strategy_if_applicable] [N/A] ⏰ Strategy 'EMA_Cross_candle' not executed because it's outside the time window: 16:35:00 - 16:50:00
2025-05-02 18:30:09 - INFO - [_run_strategy_if_applicable] [N/A] ⏰ Strategy 'SMA_Cross_sma50' not executed because it's outside the time window: 16:35:00 - 16:50:00
2025-05-02 18:30:09 - INFO - [_run_strategy_if_applicable] [N/A] 🔄 Starting trading loop for strategy: VWAP_diff_signal_1700_volume
2025-05-02 18:30:09 - DEBUG - [_process_ticker] [GEN] 🚫 Trade not allowed for GEN (limit reached)
2025-05-02 18:30:09 - INFO - [get_stock_data] [HPQ] Requesting data for HPQ
2025-05-02 18:30:09 - INFO - [get_stock_data] [HPQ] Data received for HPQ: 103 rows
2025-05-02 18:30:09 - INFO - [check_vwap_diff_signal_with_volume] [HPQ] Analyzing VWAP reversal signal for HPQ
2025-05-02 18:30:09 - INFO - [check_vwap_diff_signal_with_volume] [HPQ] Close: 25.86 | Low: 25.86 | High: 25.86 | VWAP: 25.940259733899797 | Volume Ratio: 0.00
2025-05-02 18:30:09 - DEBUG - [check_vwap_diff_signal_with_volume] [HPQ] [HPQ] Last Candle: VWAP-Low=0.31%, High-VWAP=-0.31%
2025-05-02 18:30:09 - DEBUG - [check_vwap_diff_signal_with_volume] [HPQ] No VWAP+VolumeRatio signal detected
2025-05-02 18:30:09 - INFO - [_process_ticker] [HPQ] ℹ️ No valid signal for HPQ
2025-05-02 18:30:09 - INFO - [get_stock_data] [INTC] Requesting data for INTC
2025-05-02 18:30:10 - INFO - [get_stock_data] [INTC] Data received for INTC: 103 rows
2025-05-02 18:30:10 - INFO - [check_vwap_diff_signal_with_volume] [INTC] Analyzing VWAP reversal signal for INTC
2025-05-02 18:30:10 - INFO - [check_vwap_diff_signal_with_volume] [INTC] Close: 20.6 | Low: 20.59 | High: 20.6 | VWAP: 20.461578524204445 | Volume Ratio: 0.01
2025-05-02 18:30:10 - DEBUG - [check_vwap_diff_signal_with_volume] [INTC] [INTC] Last Candle: VWAP-Low=-0.63%, High-VWAP=0.68%
2025-05-02 18:30:10 - DEBUG - [check_vwap_diff_signal_with_volume] [INTC] No VWAP+VolumeRatio signal detected
2025-05-02 18:30:10 - INFO - [_process_ticker] [INTC] ℹ️ No valid signal for INTC
2025-05-02 18:30:10 - INFO - [get_stock_data] [RF] Requesting data for RF
2025-05-02 18:30:11 - INFO - [get_stock_data] [RF] Data received for RF: 103 rows
2025-05-02 18:30:11 - INFO - [check_vwap_diff_signal_with_volume] [RF] Analyzing VWAP reversal signal for RF
2025-05-02 18:30:11 - INFO - [check_vwap_diff_signal_with_volume] [RF] Close: 20.89 | Low: 20.88 | High: 20.89 | VWAP: 20.913794432363176 | Volume Ratio: 0.02
2025-05-02 18:30:11 - DEBUG - [check_vwap_diff_signal_with_volume] [RF] [RF] Last Candle: VWAP-Low=0.16%, High-VWAP=-0.11%
2025-05-02 18:30:11 - DEBUG - [check_vwap_diff_signal_with_volume] [RF] No VWAP+VolumeRatio signal detected
2025-05-02 18:30:11 - INFO - [_process_ticker] [RF] ℹ️ No valid signal for RF
2025-05-02 18:30:11 - INFO - [_run_strategy_if_applicable] [N/A] ⏰ Strategy 'SMA_Cross_candle' not executed because it's outside the time window: 16:35:00 - 16:50:00
2025-05-02 18:30:11 - INFO - [_update_active_orders_and_telegram] [N/A] 📊 Updating SL/TP for active orders
2025-05-02 18:30:12 - INFO - [_wait_until_next_iteration] [N/A] ⏳ Sleeping for 47.89 seconds before the next cycle
2025-05-02 18:31:00 - DEBUG - [_process_strategies] [N/A] ⏱ Skipping VWAP_diff_signal_1700, not yet time (every 5m)
2025-05-02 18:31:00 - DEBUG - [_process_strategies] [N/A] ⏱ Skipping VWAP_diff_signal_rsi_1700, not yet time (every 5m)
2025-05-02 18:31:00 - DEBUG - [_process_strategies] [N/A] ⏱ Skipping EMA_Cross_ema50, not yet time (every 5m)
2025-05-02 18:31:00 - DEBUG - [_process_strategies] [N/A] ⏱ Skipping EMA_Cross_candle, not yet time (every 5m)
2025-05-02 18:31:00 - DEBUG - [_process_strategies] [N/A] ⏱ Skipping SMA_Cross_sma50, not yet time (every 5m)
2025-05-02 18:31:00 - DEBUG - [_process_strategies] [N/A] ⏱ Skipping VWAP_diff_signal_1700_volume, not yet time (every 5m)
2025-05-02 18:31:00 - DEBUG - [_process_strategies] [N/A] ⏱ Skipping SMA_Cross_candle, not yet time (every 5m)
2025-05-02 18:31:00 - INFO - [_update_active_orders_and_telegram] [N/A] 📊 Updating SL/TP for active orders
2025-05-02 18:31:01 - INFO - [_wait_until_next_iteration] [N/A] ⏳ Sleeping for 58.94 seconds before the next cycle
2025-05-02 18:32:00 - DEBUG - [_process_strategies] [N/A] ⏱ Skipping VWAP_diff_signal_1700, not yet time (every 5m)
2025-05-02 18:32:00 - DEBUG - [_process_strategies] [N/A] ⏱ Skipping VWAP_diff_signal_rsi_1700, not yet time (every 5m)
2025-05-02 18:32:00 - DEBUG - [_process_strategies] [N/A] ⏱ Skipping EMA_Cross_ema50, not yet time (every 5m)
2025-05-02 18:32:00 - DEBUG - [_process_strategies] [N/A] ⏱ Skipping EMA_Cross_candle, not yet time (every 5m)
2025-05-02 18:32:00 - DEBUG - [_process_strategies] [N/A] ⏱ Skipping SMA_Cross_sma50, not yet time (every 5m)
2025-05-02 18:32:00 - DEBUG - [_process_strategies] [N/A] ⏱ Skipping VWAP_diff_signal_1700_volume, not yet time (every 5m)
2025-05-02 18:32:00 - DEBUG - [_process_strategies] [N/A] ⏱ Skipping SMA_Cross_candle, not yet time (every 5m)
2025-05-02 18:32:00 - INFO - [_update_active_orders_and_telegram] [N/A] 📊 Updating SL/TP for active orders
2025-05-02 18:32:01 - INFO - [_wait_until_next_iteration] [N/A] ⏳ Sleeping for 58.92 seconds before the next cycle
2025-05-02 18:33:00 - DEBUG - [_process_strategies] [N/A] ⏱ Skipping VWAP_diff_signal_1700, not yet time (every 5m)
2025-05-02 18:33:00 - DEBUG - [_process_strategies] [N/A] ⏱ Skipping VWAP_diff_signal_rsi_1700, not yet time (every 5m)
2025-05-02 18:33:00 - DEBUG - [_process_strategies] [N/A] ⏱ Skipping EMA_Cross_ema50, not yet time (every 5m)
2025-05-02 18:33:00 - DEBUG - [_process_strategies] [N/A] ⏱ Skipping EMA_Cross_candle, not yet time (every 5m)
2025-05-02 18:33:00 - DEBUG - [_process_strategies] [N/A] ⏱ Skipping SMA_Cross_sma50, not yet time (every 5m)
2025-05-02 18:33:00 - DEBUG - [_process_strategies] [N/A] ⏱ Skipping VWAP_diff_signal_1700_volume, not yet time (every 5m)
2025-05-02 18:33:00 - DEBUG - [_process_strategies] [N/A] ⏱ Skipping SMA_Cross_candle, not yet time (every 5m)
2025-05-02 18:33:00 - INFO - [_update_active_orders_and_telegram] [N/A] 📊 Updating SL/TP for active orders
2025-05-02 18:33:01 - INFO - [_wait_until_next_iteration] [N/A] ⏳ Sleeping for 58.93 seconds before the next cycle
2025-05-02 18:34:00 - DEBUG - [_process_strategies] [N/A] ⏱ Skipping VWAP_diff_signal_1700, not yet time (every 5m)
2025-05-02 18:34:00 - DEBUG - [_process_strategies] [N/A] ⏱ Skipping VWAP_diff_signal_rsi_1700, not yet time (every 5m)
2025-05-02 18:34:00 - DEBUG - [_process_strategies] [N/A] ⏱ Skipping EMA_Cross_ema50, not yet time (every 5m)
2025-05-02 18:34:00 - DEBUG - [_process_strategies] [N/A] ⏱ Skipping EMA_Cross_candle, not yet time (every 5m)
2025-05-02 18:34:00 - DEBUG - [_process_strategies] [N/A] ⏱ Skipping SMA_Cross_sma50, not yet time (every 5m)
2025-05-02 18:34:00 - DEBUG - [_process_strategies] [N/A] ⏱ Skipping VWAP_diff_signal_1700_volume, not yet time (every 5m)
2025-05-02 18:34:00 - DEBUG - [_process_strategies] [N/A] ⏱ Skipping SMA_Cross_candle, not yet time (every 5m)
2025-05-02 18:34:00 - INFO - [_update_active_orders_and_telegram] [N/A] 📊 Updating SL/TP for active orders
2025-05-02 18:34:01 - INFO - [_wait_until_next_iteration] [N/A] ⏳ Sleeping for 58.93 seconds before the next cycle
2025-05-02 18:35:00 - INFO - [_run_strategy_if_applicable] [N/A] 🔄 Starting trading loop for strategy: VWAP_diff_signal_1700
2025-05-02 18:35:00 - INFO - [get_stock_data] [CZR] Requesting data for CZR
2025-05-02 18:35:00 - INFO - [get_stock_data] [CZR] Data received for CZR: 103 rows
2025-05-02 18:35:00 - INFO - [check_vwap_diff_signal] [CZR] Analyzing VWAP reversal signal for CZR
2025-05-02 18:35:00 - INFO - [check_vwap_diff_signal] [CZR] Close: 27.82 | Low: 27.74 | High: 27.86 | VWAP: 27.630279933890492
2025-05-02 18:35:00 - DEBUG - [check_vwap_diff_signal] [CZR] [CZR] Last Candela: VWAP-Low=-0.40%, High-VWAP=0.83%
2025-05-02 18:35:00 - DEBUG - [check_vwap_diff_signal] [CZR] No VWAP signal detected
2025-05-02 18:35:00 - INFO - [_process_ticker] [CZR] ℹ️ No valid signal for CZR
2025-05-02 18:35:00 - INFO - [get_stock_data] [MTCH] Requesting data for MTCH
2025-05-02 18:35:01 - INFO - [get_stock_data] [MTCH] Data received for MTCH: 103 rows
2025-05-02 18:35:01 - INFO - [check_vwap_diff_signal] [MTCH] Analyzing VWAP reversal signal for MTCH
2025-05-02 18:35:01 - INFO - [check_vwap_diff_signal] [MTCH] Close: 30.56 | Low: 30.56 | High: 30.63 | VWAP: 30.75837876085736
2025-05-02 18:35:01 - DEBUG - [check_vwap_diff_signal] [MTCH] [MTCH] Last Candela: VWAP-Low=0.64%, High-VWAP=-0.42%
2025-05-02 18:35:01 - DEBUG - [check_vwap_diff_signal] [MTCH] No VWAP signal detected
2025-05-02 18:35:01 - INFO - [_process_ticker] [MTCH] ℹ️ No valid signal for MTCH
2025-05-02 18:35:01 - INFO - [get_stock_data] [NCHL] Requesting data for NCHL
2025-05-02 18:35:01 - ERROR - [get_stock_data] [NCHL] Error retrieving data: 'NoneType' object has no attribute 'empty'
2025-05-02 18:35:01 - INFO - [get_stock_data] [HBAN] Requesting data for HBAN
2025-05-02 18:35:02 - INFO - [get_stock_data] [HBAN] Data received for HBAN: 103 rows
2025-05-02 18:35:02 - INFO - [check_vwap_diff_signal] [HBAN] Analyzing VWAP reversal signal for HBAN
2025-05-02 18:35:02 - INFO - [check_vwap_diff_signal] [HBAN] Close: 15.0 | Low: 14.98 | High: 15.02 | VWAP: 14.96263732094814
2025-05-02 18:35:02 - DEBUG - [check_vwap_diff_signal] [HBAN] [HBAN] Last Candela: VWAP-Low=-0.12%, High-VWAP=0.38%
2025-05-02 18:35:02 - DEBUG - [check_vwap_diff_signal] [HBAN] No VWAP signal detected
2025-05-02 18:35:02 - INFO - [_process_ticker] [HBAN] ℹ️ No valid signal for HBAN
2025-05-02 18:35:02 - INFO - [get_stock_data] [MRNA] Requesting data for MRNA
2025-05-02 18:35:03 - INFO - [get_stock_data] [MRNA] Data received for MRNA: 103 rows
2025-05-02 18:35:03 - INFO - [check_vwap_diff_signal] [MRNA] Analyzing VWAP reversal signal for MRNA
2025-05-02 18:35:03 - INFO - [check_vwap_diff_signal] [MRNA] Close: 27.71 | Low: 27.61 | High: 27.73 | VWAP: 27.556801935983785
2025-05-02 18:35:03 - DEBUG - [check_vwap_diff_signal] [MRNA] [MRNA] Last Candela: VWAP-Low=-0.19%, High-VWAP=0.63%
2025-05-02 18:35:03 - DEBUG - [check_vwap_diff_signal] [MRNA] No VWAP signal detected
2025-05-02 18:35:03 - INFO - [_process_ticker] [MRNA] ℹ️ No valid signal for MRNA
2025-05-02 18:35:03 - INFO - [get_stock_data] [WBD] Requesting data for WBD
2025-05-02 18:35:04 - INFO - [get_stock_data] [WBD] Data received for WBD: 103 rows
2025-05-02 18:35:04 - INFO - [check_vwap_diff_signal] [WBD] Analyzing VWAP reversal signal for WBD
2025-05-02 18:35:04 - INFO - [check_vwap_diff_signal] [WBD] Close: 8.58 | Low: 8.56 | High: 8.59 | VWAP: 8.544065045429948
2025-05-02 18:35:04 - DEBUG - [check_vwap_diff_signal] [WBD] [WBD] Last Candela: VWAP-Low=-0.19%, High-VWAP=0.54%
2025-05-02 18:35:04 - DEBUG - [check_vwap_diff_signal] [WBD] No VWAP signal detected
2025-05-02 18:35:04 - INFO - [_process_ticker] [WBD] ℹ️ No valid signal for WBD
2025-05-02 18:35:04 - INFO - [get_stock_data] [CMCSA] Requesting data for CMCSA
2025-05-02 18:35:04 - INFO - [get_stock_data] [CMCSA] Data received for CMCSA: 103 rows
2025-05-02 18:35:04 - INFO - [check_vwap_diff_signal] [CMCSA] Analyzing VWAP reversal signal for CMCSA
2025-05-02 18:35:04 - INFO - [check_vwap_diff_signal] [CMCSA] Close: 34.31 | Low: 34.25 | High: 34.32 | VWAP: 34.26281023986902
2025-05-02 18:35:04 - DEBUG - [check_vwap_diff_signal] [CMCSA] [CMCSA] Last Candela: VWAP-Low=0.04%, High-VWAP=0.17%
2025-05-02 18:35:04 - DEBUG - [check_vwap_diff_signal] [CMCSA] No VWAP signal detected
2025-05-02 18:35:04 - INFO - [_process_ticker] [CMCSA] ℹ️ No valid signal for CMCSA
2025-05-02 18:35:04 - INFO - [_run_strategy_if_applicable] [N/A] 🔄 Starting trading loop for strategy: VWAP_diff_signal_rsi_1700
2025-05-02 18:35:04 - INFO - [get_stock_data] [IVZ] Requesting data for IVZ
2025-05-02 18:35:05 - INFO - [get_stock_data] [IVZ] Data received for IVZ: 103 rows
2025-05-02 18:35:05 - INFO - [check_vwap_diff_signal_with_rsi] [IVZ] Analyzing VWAP reversal signal for IVZ
2025-05-02 18:35:05 - INFO - [check_vwap_diff_signal_with_rsi] [IVZ] Close: 14.36 | Low: 14.3 | High: 14.36 | VWAP: 14.29346590129233 | RSI: 60.90
2025-05-02 18:35:05 - DEBUG - [check_vwap_diff_signal_with_rsi] [IVZ] [IVZ] Last Candela: VWAP-Low=-0.05%, High-VWAP=0.47%
2025-05-02 18:35:05 - DEBUG - [check_vwap_diff_signal_with_rsi] [IVZ] No VWAP+RSI signal detected
2025-05-02 18:35:05 - INFO - [_process_ticker] [IVZ] ℹ️ No valid signal for IVZ
2025-05-02 18:35:05 - INFO - [get_stock_data] [FCX] Requesting data for FCX
2025-05-02 18:35:06 - INFO - [get_stock_data] [FCX] Data received for FCX: 104 rows
2025-05-02 18:35:06 - INFO - [check_vwap_diff_signal_with_rsi] [FCX] Analyzing VWAP reversal signal for FCX
2025-05-02 18:35:06 - INFO - [check_vwap_diff_signal_with_rsi] [FCX] Close: 37.28 | Low: 37.28 | High: 37.29 | VWAP: 37.39582925862515 | RSI: 51.30
2025-05-02 18:35:06 - DEBUG - [check_vwap_diff_signal_with_rsi] [FCX] [FCX] Last Candela: VWAP-Low=0.31%, High-VWAP=-0.28%
2025-05-02 18:35:06 - DEBUG - [check_vwap_diff_signal_with_rsi] [FCX] No VWAP+RSI signal detected
2025-05-02 18:35:06 - INFO - [_process_ticker] [FCX] ℹ️ No valid signal for FCX
2025-05-02 18:35:06 - INFO - [get_stock_data] [HST] Requesting data for HST
2025-05-02 18:35:07 - INFO - [get_stock_data] [HST] Data received for HST: 104 rows
2025-05-02 18:35:07 - INFO - [check_vwap_diff_signal_with_rsi] [HST] Analyzing VWAP reversal signal for HST
2025-05-02 18:35:07 - INFO - [check_vwap_diff_signal_with_rsi] [HST] Close: 14.68 | Low: 14.67 | High: 14.68 | VWAP: 14.709468158001743 | RSI: 51.95
2025-05-02 18:35:07 - DEBUG - [check_vwap_diff_signal_with_rsi] [HST] [HST] Last Candela: VWAP-Low=0.27%, High-VWAP=-0.20%
2025-05-02 18:35:07 - DEBUG - [check_vwap_diff_signal_with_rsi] [HST] No VWAP+RSI signal detected
2025-05-02 18:35:07 - INFO - [_process_ticker] [HST] ℹ️ No valid signal for HST
2025-05-02 18:35:07 - INFO - [get_stock_data] [IVZ] Requesting data for IVZ
2025-05-02 18:35:07 - INFO - [get_stock_data] [IVZ] Data received for IVZ: 104 rows
2025-05-02 18:35:07 - INFO - [check_vwap_diff_signal_with_rsi] [IVZ] Analyzing VWAP reversal signal for IVZ
2025-05-02 18:35:07 - INFO - [check_vwap_diff_signal_with_rsi] [IVZ] Close: 14.35 | Low: 14.35 | High: 14.35 | VWAP: 14.293482536396166 | RSI: 59.51
2025-05-02 18:35:07 - DEBUG - [check_vwap_diff_signal_with_rsi] [IVZ] [IVZ] Last Candela: VWAP-Low=-0.40%, High-VWAP=0.40%
2025-05-02 18:35:07 - DEBUG - [check_vwap_diff_signal_with_rsi] [IVZ] No VWAP+RSI signal detected
2025-05-02 18:35:07 - INFO - [_process_ticker] [IVZ] ℹ️ No valid signal for IVZ
2025-05-02 18:35:07 - INFO - [get_stock_data] [NEM] Requesting data for NEM
2025-05-02 18:35:08 - INFO - [get_stock_data] [NEM] Data received for NEM: 104 rows
2025-05-02 18:35:08 - INFO - [check_vwap_diff_signal_with_rsi] [NEM] Analyzing VWAP reversal signal for NEM
2025-05-02 18:35:08 - INFO - [check_vwap_diff_signal_with_rsi] [NEM] Close: 51.49 | Low: 51.49 | High: 51.5 | VWAP: 51.82242617053584 | RSI: 40.29
2025-05-02 18:35:08 - DEBUG - [check_vwap_diff_signal_with_rsi] [NEM] [NEM] Last Candela: VWAP-Low=0.64%, High-VWAP=-0.62%
2025-05-02 18:35:08 - DEBUG - [check_vwap_diff_signal_with_rsi] [NEM] No VWAP+RSI signal detected
2025-05-02 18:35:08 - INFO - [_process_ticker] [NEM] ℹ️ No valid signal for NEM
2025-05-02 18:35:08 - INFO - [get_stock_data] [LUV] Requesting data for LUV
2025-05-02 18:35:09 - INFO - [get_stock_data] [LUV] Data received for LUV: 104 rows
2025-05-02 18:35:09 - INFO - [check_vwap_diff_signal_with_rsi] [LUV] Analyzing VWAP reversal signal for LUV
2025-05-02 18:35:09 - INFO - [check_vwap_diff_signal_with_rsi] [LUV] Close: 29.58 | Low: 29.58 | High: 29.59 | VWAP: 29.65871711087124 | RSI: 56.12
2025-05-02 18:35:09 - DEBUG - [check_vwap_diff_signal_with_rsi] [LUV] [LUV] Last Candela: VWAP-Low=0.27%, High-VWAP=-0.23%
2025-05-02 18:35:09 - DEBUG - [check_vwap_diff_signal_with_rsi] [LUV] No VWAP+RSI signal detected
2025-05-02 18:35:09 - INFO - [_process_ticker] [LUV] ℹ️ No valid signal for LUV
2025-05-02 18:35:09 - INFO - [_run_strategy_if_applicable] [N/A] ⏰ Strategy 'EMA_Cross_ema50' not executed because it's outside the time window: 16:35:00 - 16:50:00
2025-05-02 18:35:09 - INFO - [_run_strategy_if_applicable] [N/A] ⏰ Strategy 'EMA_Cross_candle' not executed because it's outside the time window: 16:35:00 - 16:50:00
2025-05-02 18:35:09 - INFO - [_run_strategy_if_applicable] [N/A] ⏰ Strategy 'SMA_Cross_sma50' not executed because it's outside the time window: 16:35:00 - 16:50:00
2025-05-02 18:35:09 - INFO - [_run_strategy_if_applicable] [N/A] 🔄 Starting trading loop for strategy: VWAP_diff_signal_1700_volume
2025-05-02 18:35:09 - DEBUG - [_process_ticker] [GEN] 🚫 Trade not allowed for GEN (limit reached)
2025-05-02 18:35:09 - INFO - [get_stock_data] [HPQ] Requesting data for HPQ
2025-05-02 18:35:09 - INFO - [get_stock_data] [HPQ] Data received for HPQ: 104 rows
2025-05-02 18:35:09 - INFO - [check_vwap_diff_signal_with_volume] [HPQ] Analyzing VWAP reversal signal for HPQ
2025-05-02 18:35:09 - INFO - [check_vwap_diff_signal_with_volume] [HPQ] Close: 25.87 | Low: 25.86 | High: 25.87 | VWAP: 25.937802079394068 | Volume Ratio: 0.03
2025-05-02 18:35:09 - DEBUG - [check_vwap_diff_signal_with_volume] [HPQ] [HPQ] Last Candle: VWAP-Low=0.30%, High-VWAP=-0.26%
2025-05-02 18:35:09 - DEBUG - [check_vwap_diff_signal_with_volume] [HPQ] No VWAP+VolumeRatio signal detected
2025-05-02 18:35:09 - INFO - [_process_ticker] [HPQ] ℹ️ No valid signal for HPQ
2025-05-02 18:35:09 - INFO - [get_stock_data] [INTC] Requesting data for INTC
2025-05-02 18:35:10 - INFO - [get_stock_data] [INTC] Data received for INTC: 104 rows
2025-05-02 18:35:10 - INFO - [check_vwap_diff_signal_with_volume] [INTC] Analyzing VWAP reversal signal for INTC
2025-05-02 18:35:10 - INFO - [check_vwap_diff_signal_with_volume] [INTC] Close: 20.6 | Low: 20.6 | High: 20.63 | VWAP: 20.465798460768685 | Volume Ratio: 0.06
2025-05-02 18:35:10 - DEBUG - [check_vwap_diff_signal_with_volume] [INTC] [INTC] Last Candle: VWAP-Low=-0.66%, High-VWAP=0.80%
2025-05-02 18:35:10 - DEBUG - [check_vwap_diff_signal_with_volume] [INTC] No VWAP+VolumeRatio signal detected
2025-05-02 18:35:10 - INFO - [_process_ticker] [INTC] ℹ️ No valid signal for INTC
2025-05-02 18:35:10 - INFO - [get_stock_data] [RF] Requesting data for RF
2025-05-02 18:35:11 - INFO - [get_stock_data] [RF] Data received for RF: 104 rows
2025-05-02 18:35:11 - INFO - [check_vwap_diff_signal_with_volume] [RF] Analyzing VWAP reversal signal for RF
2025-05-02 18:35:11 - INFO - [check_vwap_diff_signal_with_volume] [RF] Close: 20.9 | Low: 20.9 | High: 20.9 | VWAP: 20.913617611750706 | Volume Ratio: 0.00
2025-05-02 18:35:11 - DEBUG - [check_vwap_diff_signal_with_volume] [RF] [RF] Last Candle: VWAP-Low=0.07%, High-VWAP=-0.07%
2025-05-02 18:35:11 - DEBUG - [check_vwap_diff_signal_with_volume] [RF] No VWAP+VolumeRatio signal detected
2025-05-02 18:35:11 - INFO - [_process_ticker] [RF] ℹ️ No valid signal for RF
2025-05-02 18:35:11 - INFO - [_run_strategy_if_applicable] [N/A] ⏰ Strategy 'SMA_Cross_candle' not executed because it's outside the time window: 16:35:00 - 16:50:00
2025-05-02 18:35:11 - INFO - [_update_active_orders_and_telegram] [N/A] 📊 Updating SL/TP for active orders
2025-05-02 18:35:12 - INFO - [_wait_until_next_iteration] [N/A] ⏳ Sleeping for 47.76 seconds before the next cycle
2025-05-02 18:36:00 - DEBUG - [_process_strategies] [N/A] ⏱ Skipping VWAP_diff_signal_1700, not yet time (every 5m)
2025-05-02 18:36:00 - DEBUG - [_process_strategies] [N/A] ⏱ Skipping VWAP_diff_signal_rsi_1700, not yet time (every 5m)
2025-05-02 18:36:00 - DEBUG - [_process_strategies] [N/A] ⏱ Skipping EMA_Cross_ema50, not yet time (every 5m)
2025-05-02 18:36:00 - DEBUG - [_process_strategies] [N/A] ⏱ Skipping EMA_Cross_candle, not yet time (every 5m)
2025-05-02 18:36:00 - DEBUG - [_process_strategies] [N/A] ⏱ Skipping SMA_Cross_sma50, not yet time (every 5m)
2025-05-02 18:36:00 - DEBUG - [_process_strategies] [N/A] ⏱ Skipping VWAP_diff_signal_1700_volume, not yet time (every 5m)
2025-05-02 18:36:00 - DEBUG - [_process_strategies] [N/A] ⏱ Skipping SMA_Cross_candle, not yet time (every 5m)
2025-05-02 18:36:00 - INFO - [_update_active_orders_and_telegram] [N/A] 📊 Updating SL/TP for active orders
2025-05-02 18:36:01 - INFO - [_wait_until_next_iteration] [N/A] ⏳ Sleeping for 58.94 seconds before the next cycle
2025-05-02 18:37:00 - DEBUG - [_process_strategies] [N/A] ⏱ Skipping VWAP_diff_signal_1700, not yet time (every 5m)
2025-05-02 18:37:00 - DEBUG - [_process_strategies] [N/A] ⏱ Skipping VWAP_diff_signal_rsi_1700, not yet time (every 5m)
2025-05-02 18:37:00 - DEBUG - [_process_strategies] [N/A] ⏱ Skipping EMA_Cross_ema50, not yet time (every 5m)
2025-05-02 18:37:00 - DEBUG - [_process_strategies] [N/A] ⏱ Skipping EMA_Cross_candle, not yet time (every 5m)
2025-05-02 18:37:00 - DEBUG - [_process_strategies] [N/A] ⏱ Skipping SMA_Cross_sma50, not yet time (every 5m)
2025-05-02 18:37:00 - DEBUG - [_process_strategies] [N/A] ⏱ Skipping VWAP_diff_signal_1700_volume, not yet time (every 5m)
2025-05-02 18:37:00 - DEBUG - [_process_strategies] [N/A] ⏱ Skipping SMA_Cross_candle, not yet time (every 5m)
2025-05-02 18:37:00 - INFO - [_update_active_orders_and_telegram] [N/A] 📊 Updating SL/TP for active orders
2025-05-02 18:37:01 - INFO - [_wait_until_next_iteration] [N/A] ⏳ Sleeping for 58.93 seconds before the next cycle
2025-05-02 18:38:00 - DEBUG - [_process_strategies] [N/A] ⏱ Skipping VWAP_diff_signal_1700, not yet time (every 5m)
2025-05-02 18:38:00 - DEBUG - [_process_strategies] [N/A] ⏱ Skipping VWAP_diff_signal_rsi_1700, not yet time (every 5m)
2025-05-02 18:38:00 - DEBUG - [_process_strategies] [N/A] ⏱ Skipping EMA_Cross_ema50, not yet time (every 5m)
2025-05-02 18:38:00 - DEBUG - [_process_strategies] [N/A] ⏱ Skipping EMA_Cross_candle, not yet time (every 5m)
2025-05-02 18:38:00 - DEBUG - [_process_strategies] [N/A] ⏱ Skipping SMA_Cross_sma50, not yet time (every 5m)
2025-05-02 18:38:00 - DEBUG - [_process_strategies] [N/A] ⏱ Skipping VWAP_diff_signal_1700_volume, not yet time (every 5m)
2025-05-02 18:38:00 - DEBUG - [_process_strategies] [N/A] ⏱ Skipping SMA_Cross_candle, not yet time (every 5m)
2025-05-02 18:38:00 - INFO - [_update_active_orders_and_telegram] [N/A] 📊 Updating SL/TP for active orders
2025-05-02 18:38:01 - INFO - [_wait_until_next_iteration] [N/A] ⏳ Sleeping for 58.94 seconds before the next cycle
2025-05-02 18:39:00 - DEBUG - [_process_strategies] [N/A] ⏱ Skipping VWAP_diff_signal_1700, not yet time (every 5m)
2025-05-02 18:39:00 - DEBUG - [_process_strategies] [N/A] ⏱ Skipping VWAP_diff_signal_rsi_1700, not yet time (every 5m)
2025-05-02 18:39:00 - DEBUG - [_process_strategies] [N/A] ⏱ Skipping EMA_Cross_ema50, not yet time (every 5m)
2025-05-02 18:39:00 - DEBUG - [_process_strategies] [N/A] ⏱ Skipping EMA_Cross_candle, not yet time (every 5m)
2025-05-02 18:39:00 - DEBUG - [_process_strategies] [N/A] ⏱ Skipping SMA_Cross_sma50, not yet time (every 5m)
2025-05-02 18:39:00 - DEBUG - [_process_strategies] [N/A] ⏱ Skipping VWAP_diff_signal_1700_volume, not yet time (every 5m)
2025-05-02 18:39:00 - DEBUG - [_process_strategies] [N/A] ⏱ Skipping SMA_Cross_candle, not yet time (every 5m)
2025-05-02 18:39:00 - INFO - [_update_active_orders_and_telegram] [N/A] 📊 Updating SL/TP for active orders
2025-05-02 18:39:01 - INFO - [_wait_until_next_iteration] [N/A] ⏳ Sleeping for 58.93 seconds before the next cycle
2025-05-02 18:40:00 - INFO - [_run_strategy_if_applicable] [N/A] 🔄 Starting trading loop for strategy: VWAP_diff_signal_1700
2025-05-02 18:40:00 - INFO - [get_stock_data] [CZR] Requesting data for CZR
2025-05-02 18:40:00 - INFO - [get_stock_data] [CZR] Data received for CZR: 104 rows
2025-05-02 18:40:00 - INFO - [check_vwap_diff_signal] [CZR] Analyzing VWAP reversal signal for CZR
2025-05-02 18:40:00 - INFO - [check_vwap_diff_signal] [CZR] Close: 27.88 | Low: 27.8 | High: 27.89 | VWAP: 27.634378378045998
2025-05-02 18:40:00 - DEBUG - [check_vwap_diff_signal] [CZR] [CZR] Last Candela: VWAP-Low=-0.60%, High-VWAP=0.93%
2025-05-02 18:40:00 - DEBUG - [check_vwap_diff_signal] [CZR] No VWAP signal detected
2025-05-02 18:40:00 - INFO - [_process_ticker] [CZR] ℹ️ No valid signal for CZR
2025-05-02 18:40:00 - INFO - [get_stock_data] [MTCH] Requesting data for MTCH
2025-05-02 18:40:01 - INFO - [get_stock_data] [MTCH] Data received for MTCH: 104 rows
2025-05-02 18:40:01 - INFO - [check_vwap_diff_signal] [MTCH] Analyzing VWAP reversal signal for MTCH
2025-05-02 18:40:01 - INFO - [check_vwap_diff_signal] [MTCH] Close: 30.67 | Low: 30.54 | High: 30.68 | VWAP: 30.754844484675168
2025-05-02 18:40:01 - DEBUG - [check_vwap_diff_signal] [MTCH] [MTCH] Last Candela: VWAP-Low=0.70%, High-VWAP=-0.24%
2025-05-02 18:40:01 - DEBUG - [check_vwap_diff_signal] [MTCH] No VWAP signal detected
2025-05-02 18:40:01 - INFO - [_process_ticker] [MTCH] ℹ️ No valid signal for MTCH
2025-05-02 18:40:01 - INFO - [get_stock_data] [NCHL] Requesting data for NCHL
2025-05-02 18:40:01 - ERROR - [get_stock_data] [NCHL] Error retrieving data: 'NoneType' object has no attribute 'empty'
2025-05-02 18:40:01 - INFO - [get_stock_data] [HBAN] Requesting data for HBAN
2025-05-02 18:40:02 - INFO - [get_stock_data] [HBAN] Data received for HBAN: 104 rows
2025-05-02 18:40:02 - INFO - [check_vwap_diff_signal] [HBAN] Analyzing VWAP reversal signal for HBAN
2025-05-02 18:40:02 - INFO - [check_vwap_diff_signal] [HBAN] Close: 15.01 | Low: 14.99 | High: 15.01 | VWAP: 14.963459713815107
2025-05-02 18:40:02 - DEBUG - [check_vwap_diff_signal] [HBAN] [HBAN] Last Candela: VWAP-Low=-0.18%, High-VWAP=0.31%
2025-05-02 18:40:02 - DEBUG - [check_vwap_diff_signal] [HBAN] No VWAP signal detected
2025-05-02 18:40:02 - INFO - [_process_ticker] [HBAN] ℹ️ No valid signal for HBAN
2025-05-02 18:40:02 - INFO - [get_stock_data] [MRNA] Requesting data for MRNA
2025-05-02 18:40:02 - INFO - [get_stock_data] [MRNA] Data received for MRNA: 104 rows
2025-05-02 18:40:02 - INFO - [check_vwap_diff_signal] [MRNA] Analyzing VWAP reversal signal for MRNA
2025-05-02 18:40:02 - INFO - [check_vwap_diff_signal] [MRNA] Close: 27.8 | Low: 27.68 | High: 27.8 | VWAP: 27.564877263966604
2025-05-02 18:40:02 - DEBUG - [check_vwap_diff_signal] [MRNA] [MRNA] Last Candela: VWAP-Low=-0.42%, High-VWAP=0.85%
2025-05-02 18:40:02 - DEBUG - [check_vwap_diff_signal] [MRNA] No VWAP signal detected
2025-05-02 18:40:02 - INFO - [_process_ticker] [MRNA] ℹ️ No valid signal for MRNA
2025-05-02 18:40:02 - INFO - [get_stock_data] [WBD] Requesting data for WBD
2025-05-02 18:40:03 - INFO - [get_stock_data] [WBD] Data received for WBD: 104 rows
2025-05-02 18:40:03 - INFO - [check_vwap_diff_signal] [WBD] Analyzing VWAP reversal signal for WBD
2025-05-02 18:40:03 - INFO - [check_vwap_diff_signal] [WBD] Close: 8.58 | Low: 8.57 | High: 8.59 | VWAP: 8.54517856295636
2025-05-02 18:40:03 - DEBUG - [check_vwap_diff_signal] [WBD] [WBD] Last Candela: VWAP-Low=-0.29%, High-VWAP=0.52%
2025-05-02 18:40:03 - DEBUG - [check_vwap_diff_signal] [WBD] No VWAP signal detected
2025-05-02 18:40:03 - INFO - [_process_ticker] [WBD] ℹ️ No valid signal for WBD
2025-05-02 18:40:03 - INFO - [get_stock_data] [CMCSA] Requesting data for CMCSA
2025-05-02 18:40:03 - INFO - [get_stock_data] [CMCSA] Data received for CMCSA: 104 rows
2025-05-02 18:40:03 - INFO - [check_vwap_diff_signal] [CMCSA] Analyzing VWAP reversal signal for CMCSA
2025-05-02 18:40:03 - INFO - [check_vwap_diff_signal] [CMCSA] Close: 34.33 | Low: 34.31 | High: 34.34 | VWAP: 34.26503896200929
2025-05-02 18:40:03 - DEBUG - [check_vwap_diff_signal] [CMCSA] [CMCSA] Last Candela: VWAP-Low=-0.13%, High-VWAP=0.22%
2025-05-02 18:40:03 - DEBUG - [check_vwap_diff_signal] [CMCSA] No VWAP signal detected
2025-05-02 18:40:03 - INFO - [_process_ticker] [CMCSA] ℹ️ No valid signal for CMCSA
2025-05-02 18:40:03 - INFO - [_run_strategy_if_applicable] [N/A] 🔄 Starting trading loop for strategy: VWAP_diff_signal_rsi_1700
2025-05-02 18:40:03 - INFO - [get_stock_data] [IVZ] Requesting data for IVZ
2025-05-02 18:40:04 - INFO - [get_stock_data] [IVZ] Data received for IVZ: 104 rows
2025-05-02 18:40:04 - INFO - [check_vwap_diff_signal_with_rsi] [IVZ] Analyzing VWAP reversal signal for IVZ
2025-05-02 18:40:04 - INFO - [check_vwap_diff_signal_with_rsi] [IVZ] Close: 14.4 | Low: 14.35 | High: 14.4 | VWAP: 14.2968100223941 | RSI: 64.23
2025-05-02 18:40:04 - DEBUG - [check_vwap_diff_signal_with_rsi] [IVZ] [IVZ] Last Candela: VWAP-Low=-0.37%, High-VWAP=0.72%
2025-05-02 18:40:04 - DEBUG - [check_vwap_diff_signal_with_rsi] [IVZ] No VWAP+RSI signal detected
2025-05-02 18:40:04 - INFO - [_process_ticker] [IVZ] ℹ️ No valid signal for IVZ
2025-05-02 18:40:04 - INFO - [get_stock_data] [FCX] Requesting data for FCX
2025-05-02 18:40:05 - INFO - [get_stock_data] [FCX] Data received for FCX: 104 rows
2025-05-02 18:40:05 - INFO - [check_vwap_diff_signal_with_rsi] [FCX] Analyzing VWAP reversal signal for FCX
2025-05-02 18:40:05 - INFO - [check_vwap_diff_signal_with_rsi] [FCX] Close: 37.32 | Low: 37.24 | High: 37.33 | VWAP: 37.39433606913266 | RSI: 53.02
2025-05-02 18:40:05 - DEBUG - [check_vwap_diff_signal_with_rsi] [FCX] [FCX] Last Candela: VWAP-Low=0.41%, High-VWAP=-0.17%
2025-05-02 18:40:05 - DEBUG - [check_vwap_diff_signal_with_rsi] [FCX] No VWAP+RSI signal detected
2025-05-02 18:40:05 - INFO - [_process_ticker] [FCX] ℹ️ No valid signal for FCX
2025-05-02 18:40:05 - INFO - [get_stock_data] [HST] Requesting data for HST
2025-05-02 18:40:05 - INFO - [get_stock_data] [HST] Data received for HST: 105 rows
2025-05-02 18:40:05 - INFO - [check_vwap_diff_signal_with_rsi] [HST] Analyzing VWAP reversal signal for HST
2025-05-02 18:40:05 - INFO - [check_vwap_diff_signal_with_rsi] [HST] Close: 14.7 | Low: 14.69 | High: 14.7 | VWAP: 14.709218634721148 | RSI: 54.31
2025-05-02 18:40:05 - DEBUG - [check_vwap_diff_signal_with_rsi] [HST] [HST] Last Candela: VWAP-Low=0.13%, High-VWAP=-0.06%
2025-05-02 18:40:05 - DEBUG - [check_vwap_diff_signal_with_rsi] [HST] No VWAP+RSI signal detected
2025-05-02 18:40:05 - INFO - [_process_ticker] [HST] ℹ️ No valid signal for HST
2025-05-02 18:40:05 - INFO - [get_stock_data] [IVZ] Requesting data for IVZ
2025-05-02 18:40:06 - INFO - [get_stock_data] [IVZ] Data received for IVZ: 105 rows
2025-05-02 18:40:06 - INFO - [check_vwap_diff_signal_with_rsi] [IVZ] Analyzing VWAP reversal signal for IVZ
2025-05-02 18:40:06 - INFO - [check_vwap_diff_signal_with_rsi] [IVZ] Close: 14.4 | Low: 14.4 | High: 14.4 | VWAP: 14.2968100223941 | RSI: 64.23
2025-05-02 18:40:06 - DEBUG - [check_vwap_diff_signal_with_rsi] [IVZ] [IVZ] Last Candela: VWAP-Low=-0.72%, High-VWAP=0.72%
2025-05-02 18:40:06 - DEBUG - [check_vwap_diff_signal_with_rsi] [IVZ] No VWAP+RSI signal detected
2025-05-02 18:40:06 - INFO - [_process_ticker] [IVZ] ℹ️ No valid signal for IVZ
2025-05-02 18:40:06 - INFO - [get_stock_data] [NEM] Requesting data for NEM
2025-05-02 18:40:07 - INFO - [get_stock_data] [NEM] Data received for NEM: 105 rows
2025-05-02 18:40:07 - INFO - [check_vwap_diff_signal_with_rsi] [NEM] Analyzing VWAP reversal signal for NEM
2025-05-02 18:40:07 - INFO - [check_vwap_diff_signal_with_rsi] [NEM] Close: 51.5 | Low: 51.49 | High: 51.53 | VWAP: 51.812873367907166 | RSI: 41.29
2025-05-02 18:40:07 - DEBUG - [check_vwap_diff_signal_with_rsi] [NEM] [NEM] Last Candela: VWAP-Low=0.62%, High-VWAP=-0.55%
2025-05-02 18:40:07 - DEBUG - [check_vwap_diff_signal_with_rsi] [NEM] No VWAP+RSI signal detected
2025-05-02 18:40:07 - INFO - [_process_ticker] [NEM] ℹ️ No valid signal for NEM
2025-05-02 18:40:07 - INFO - [get_stock_data] [LUV] Requesting data for LUV
2025-05-02 18:40:07 - INFO - [get_stock_data] [LUV] Data received for LUV: 105 rows
2025-05-02 18:40:07 - INFO - [check_vwap_diff_signal_with_rsi] [LUV] Analyzing VWAP reversal signal for LUV
2025-05-02 18:40:07 - INFO - [check_vwap_diff_signal_with_rsi] [LUV] Close: 29.7 | Low: 29.69 | High: 29.72 | VWAP: 29.659959875259815 | RSI: 60.83
2025-05-02 18:40:07 - DEBUG - [check_vwap_diff_signal_with_rsi] [LUV] [LUV] Last Candela: VWAP-Low=-0.10%, High-VWAP=0.20%
2025-05-02 18:40:07 - DEBUG - [check_vwap_diff_signal_with_rsi] [LUV] No VWAP+RSI signal detected
2025-05-02 18:40:07 - INFO - [_process_ticker] [LUV] ℹ️ No valid signal for LUV
2025-05-02 18:40:07 - INFO - [_run_strategy_if_applicable] [N/A] ⏰ Strategy 'EMA_Cross_ema50' not executed because it's outside the time window: 16:35:00 - 16:50:00
2025-05-02 18:40:07 - INFO - [_run_strategy_if_applicable] [N/A] ⏰ Strategy 'EMA_Cross_candle' not executed because it's outside the time window: 16:35:00 - 16:50:00
2025-05-02 18:40:07 - INFO - [_run_strategy_if_applicable] [N/A] ⏰ Strategy 'SMA_Cross_sma50' not executed because it's outside the time window: 16:35:00 - 16:50:00
2025-05-02 18:40:07 - INFO - [_run_strategy_if_applicable] [N/A] 🔄 Starting trading loop for strategy: VWAP_diff_signal_1700_volume
2025-05-02 18:40:07 - DEBUG - [_process_ticker] [GEN] 🚫 Trade not allowed for GEN (limit reached)
2025-05-02 18:40:07 - INFO - [get_stock_data] [HPQ] Requesting data for HPQ
2025-05-02 18:40:08 - INFO - [get_stock_data] [HPQ] Data received for HPQ: 105 rows
2025-05-02 18:40:08 - INFO - [check_vwap_diff_signal_with_volume] [HPQ] Analyzing VWAP reversal signal for HPQ
2025-05-02 18:40:08 - INFO - [check_vwap_diff_signal_with_volume] [HPQ] Close: 25.85 | Low: 25.84 | High: 25.85 | VWAP: 25.93092801608779 | Volume Ratio: 0.01
2025-05-02 18:40:08 - DEBUG - [check_vwap_diff_signal_with_volume] [HPQ] [HPQ] Last Candle: VWAP-Low=0.35%, High-VWAP=-0.31%
2025-05-02 18:40:08 - DEBUG - [check_vwap_diff_signal_with_volume] [HPQ] No VWAP+VolumeRatio signal detected
2025-05-02 18:40:08 - INFO - [_process_ticker] [HPQ] ℹ️ No valid signal for HPQ
2025-05-02 18:40:08 - INFO - [get_stock_data] [INTC] Requesting data for INTC
2025-05-02 18:40:08 - INFO - [get_stock_data] [INTC] Data received for INTC: 105 rows
2025-05-02 18:40:08 - INFO - [check_vwap_diff_signal_with_volume] [INTC] Analyzing VWAP reversal signal for INTC
2025-05-02 18:40:08 - INFO - [check_vwap_diff_signal_with_volume] [INTC] Close: 20.6 | Low: 20.6 | High: 20.61 | VWAP: 20.468853987917328 | Volume Ratio: 0.00
2025-05-02 18:40:08 - DEBUG - [check_vwap_diff_signal_with_volume] [INTC] [INTC] Last Candle: VWAP-Low=-0.64%, High-VWAP=0.69%
2025-05-02 18:40:08 - DEBUG - [check_vwap_diff_signal_with_volume] [INTC] No VWAP+VolumeRatio signal detected
2025-05-02 18:40:08 - INFO - [_process_ticker] [INTC] ℹ️ No valid signal for INTC
2025-05-02 18:40:08 - INFO - [get_stock_data] [RF] Requesting data for RF
2025-05-02 18:40:09 - INFO - [get_stock_data] [RF] Data received for RF: 105 rows
2025-05-02 18:40:09 - INFO - [check_vwap_diff_signal_with_volume] [RF] Analyzing VWAP reversal signal for RF
2025-05-02 18:40:09 - INFO - [check_vwap_diff_signal_with_volume] [RF] Close: 20.91 | Low: 20.91 | High: 20.91 | VWAP: 20.91408469985122 | Volume Ratio: 0.00
2025-05-02 18:40:09 - DEBUG - [check_vwap_diff_signal_with_volume] [RF] [RF] Last Candle: VWAP-Low=0.02%, High-VWAP=-0.02%
2025-05-02 18:40:09 - DEBUG - [check_vwap_diff_signal_with_volume] [RF] No VWAP+VolumeRatio signal detected
2025-05-02 18:40:09 - INFO - [_process_ticker] [RF] ℹ️ No valid signal for RF
2025-05-02 18:40:09 - INFO - [_run_strategy_if_applicable] [N/A] ⏰ Strategy 'SMA_Cross_candle' not executed because it's outside the time window: 16:35:00 - 16:50:00
2025-05-02 18:40:09 - INFO - [_update_active_orders_and_telegram] [N/A] 📊 Updating SL/TP for active orders
2025-05-02 18:40:10 - INFO - [_wait_until_next_iteration] [N/A] ⏳ Sleeping for 49.49 seconds before the next cycle
2025-05-02 18:41:00 - DEBUG - [_process_strategies] [N/A] ⏱ Skipping VWAP_diff_signal_1700, not yet time (every 5m)
2025-05-02 18:41:00 - DEBUG - [_process_strategies] [N/A] ⏱ Skipping VWAP_diff_signal_rsi_1700, not yet time (every 5m)
2025-05-02 18:41:00 - DEBUG - [_process_strategies] [N/A] ⏱ Skipping EMA_Cross_ema50, not yet time (every 5m)
2025-05-02 18:41:00 - DEBUG - [_process_strategies] [N/A] ⏱ Skipping EMA_Cross_candle, not yet time (every 5m)
2025-05-02 18:41:00 - DEBUG - [_process_strategies] [N/A] ⏱ Skipping SMA_Cross_sma50, not yet time (every 5m)
2025-05-02 18:41:00 - DEBUG - [_process_strategies] [N/A] ⏱ Skipping VWAP_diff_signal_1700_volume, not yet time (every 5m)
2025-05-02 18:41:00 - DEBUG - [_process_strategies] [N/A] ⏱ Skipping SMA_Cross_candle, not yet time (every 5m)
2025-05-02 18:41:00 - INFO - [_update_active_orders_and_telegram] [N/A] 📊 Updating SL/TP for active orders
2025-05-02 18:41:01 - INFO - [_wait_until_next_iteration] [N/A] ⏳ Sleeping for 58.95 seconds before the next cycle
2025-05-02 18:42:00 - DEBUG - [_process_strategies] [N/A] ⏱ Skipping VWAP_diff_signal_1700, not yet time (every 5m)
2025-05-02 18:42:00 - DEBUG - [_process_strategies] [N/A] ⏱ Skipping VWAP_diff_signal_rsi_1700, not yet time (every 5m)
2025-05-02 18:42:00 - DEBUG - [_process_strategies] [N/A] ⏱ Skipping EMA_Cross_ema50, not yet time (every 5m)
2025-05-02 18:42:00 - DEBUG - [_process_strategies] [N/A] ⏱ Skipping EMA_Cross_candle, not yet time (every 5m)
2025-05-02 18:42:00 - DEBUG - [_process_strategies] [N/A] ⏱ Skipping SMA_Cross_sma50, not yet time (every 5m)
2025-05-02 18:42:00 - DEBUG - [_process_strategies] [N/A] ⏱ Skipping VWAP_diff_signal_1700_volume, not yet time (every 5m)
2025-05-02 18:42:00 - DEBUG - [_process_strategies] [N/A] ⏱ Skipping SMA_Cross_candle, not yet time (every 5m)
2025-05-02 18:42:00 - INFO - [_update_active_orders_and_telegram] [N/A] 📊 Updating SL/TP for active orders
2025-05-02 18:42:01 - INFO - [_wait_until_next_iteration] [N/A] ⏳ Sleeping for 58.93 seconds before the next cycle
2025-05-02 18:43:00 - DEBUG - [_process_strategies] [N/A] ⏱ Skipping VWAP_diff_signal_1700, not yet time (every 5m)
2025-05-02 18:43:00 - DEBUG - [_process_strategies] [N/A] ⏱ Skipping VWAP_diff_signal_rsi_1700, not yet time (every 5m)
2025-05-02 18:43:00 - DEBUG - [_process_strategies] [N/A] ⏱ Skipping EMA_Cross_ema50, not yet time (every 5m)
2025-05-02 18:43:00 - DEBUG - [_process_strategies] [N/A] ⏱ Skipping EMA_Cross_candle, not yet time (every 5m)
2025-05-02 18:43:00 - DEBUG - [_process_strategies] [N/A] ⏱ Skipping SMA_Cross_sma50, not yet time (every 5m)
2025-05-02 18:43:00 - DEBUG - [_process_strategies] [N/A] ⏱ Skipping VWAP_diff_signal_1700_volume, not yet time (every 5m)
2025-05-02 18:43:00 - DEBUG - [_process_strategies] [N/A] ⏱ Skipping SMA_Cross_candle, not yet time (every 5m)
2025-05-02 18:43:00 - INFO - [_update_active_orders_and_telegram] [N/A] 📊 Updating SL/TP for active orders
2025-05-02 18:43:01 - INFO - [_wait_until_next_iteration] [N/A] ⏳ Sleeping for 58.92 seconds before the next cycle
2025-05-02 18:44:00 - DEBUG - [_process_strategies] [N/A] ⏱ Skipping VWAP_diff_signal_1700, not yet time (every 5m)
2025-05-02 18:44:00 - DEBUG - [_process_strategies] [N/A] ⏱ Skipping VWAP_diff_signal_rsi_1700, not yet time (every 5m)
2025-05-02 18:44:00 - DEBUG - [_process_strategies] [N/A] ⏱ Skipping EMA_Cross_ema50, not yet time (every 5m)
2025-05-02 18:44:00 - DEBUG - [_process_strategies] [N/A] ⏱ Skipping EMA_Cross_candle, not yet time (every 5m)
2025-05-02 18:44:00 - DEBUG - [_process_strategies] [N/A] ⏱ Skipping SMA_Cross_sma50, not yet time (every 5m)
2025-05-02 18:44:00 - DEBUG - [_process_strategies] [N/A] ⏱ Skipping VWAP_diff_signal_1700_volume, not yet time (every 5m)
2025-05-02 18:44:00 - DEBUG - [_process_strategies] [N/A] ⏱ Skipping SMA_Cross_candle, not yet time (every 5m)
2025-05-02 18:44:00 - INFO - [_update_active_orders_and_telegram] [N/A] 📊 Updating SL/TP for active orders
2025-05-02 18:44:01 - INFO - [_wait_until_next_iteration] [N/A] ⏳ Sleeping for 58.93 seconds before the next cycle
2025-05-02 18:45:00 - INFO - [_run_strategy_if_applicable] [N/A] 🔄 Starting trading loop for strategy: VWAP_diff_signal_1700
2025-05-02 18:45:00 - INFO - [get_stock_data] [CZR] Requesting data for CZR
2025-05-02 18:45:00 - INFO - [get_stock_data] [CZR] Data received for CZR: 105 rows
2025-05-02 18:45:00 - INFO - [check_vwap_diff_signal] [CZR] Analyzing VWAP reversal signal for CZR
2025-05-02 18:45:00 - INFO - [check_vwap_diff_signal] [CZR] Close: 27.97 | Low: 27.86 | High: 27.97 | VWAP: 27.642776836911782
2025-05-02 18:45:00 - DEBUG - [check_vwap_diff_signal] [CZR] [CZR] Last Candela: VWAP-Low=-0.79%, High-VWAP=1.18%
2025-05-02 18:45:00 - DEBUG - [check_vwap_diff_signal] [CZR] No VWAP signal detected
2025-05-02 18:45:00 - INFO - [_process_ticker] [CZR] ℹ️ No valid signal for CZR
2025-05-02 18:45:00 - INFO - [get_stock_data] [MTCH] Requesting data for MTCH
2025-05-02 18:45:01 - INFO - [get_stock_data] [MTCH] Data received for MTCH: 105 rows
2025-05-02 18:45:01 - INFO - [check_vwap_diff_signal] [MTCH] Analyzing VWAP reversal signal for MTCH
2025-05-02 18:45:01 - INFO - [check_vwap_diff_signal] [MTCH] Close: 30.66 | Low: 30.62 | High: 30.68 | VWAP: 30.75271203985651
2025-05-02 18:45:01 - DEBUG - [check_vwap_diff_signal] [MTCH] [MTCH] Last Candela: VWAP-Low=0.43%, High-VWAP=-0.24%
2025-05-02 18:45:01 - DEBUG - [check_vwap_diff_signal] [MTCH] No VWAP signal detected
2025-05-02 18:45:01 - INFO - [_process_ticker] [MTCH] ℹ️ No valid signal for MTCH
2025-05-02 18:45:01 - INFO - [get_stock_data] [NCHL] Requesting data for NCHL
2025-05-02 18:45:01 - ERROR - [get_stock_data] [NCHL] Error retrieving data: 'NoneType' object has no attribute 'empty'
2025-05-02 18:45:01 - INFO - [get_stock_data] [HBAN] Requesting data for HBAN
2025-05-02 18:45:02 - INFO - [get_stock_data] [HBAN] Data received for HBAN: 105 rows
2025-05-02 18:45:02 - INFO - [check_vwap_diff_signal] [HBAN] Analyzing VWAP reversal signal for HBAN
2025-05-02 18:45:02 - INFO - [check_vwap_diff_signal] [HBAN] Close: 15.01 | Low: 14.99 | High: 15.01 | VWAP: 14.964301708382713
2025-05-02 18:45:02 - DEBUG - [check_vwap_diff_signal] [HBAN] [HBAN] Last Candela: VWAP-Low=-0.17%, High-VWAP=0.31%
2025-05-02 18:45:02 - DEBUG - [check_vwap_diff_signal] [HBAN] No VWAP signal detected
2025-05-02 18:45:02 - INFO - [_process_ticker] [HBAN] ℹ️ No valid signal for HBAN
2025-05-02 18:45:02 - INFO - [get_stock_data] [MRNA] Requesting data for MRNA
2025-05-02 18:45:03 - INFO - [get_stock_data] [MRNA] Data received for MRNA: 105 rows
2025-05-02 18:45:03 - INFO - [check_vwap_diff_signal] [MRNA] Analyzing VWAP reversal signal for MRNA
2025-05-02 18:45:03 - INFO - [check_vwap_diff_signal] [MRNA] Close: 27.91 | Low: 27.77 | High: 27.98 | VWAP: 27.578999090043176
2025-05-02 18:45:03 - DEBUG - [check_vwap_diff_signal] [MRNA] [MRNA] Last Candela: VWAP-Low=-0.69%, High-VWAP=1.45%
2025-05-02 18:45:03 - INFO - [check_vwap_diff_signal] [MRNA] ✅ SELL signal | Entry: 27.91, SL: 28.18, TP: 27.38
2025-05-02 18:45:03 - INFO - [place_order] [MRNA] Placing MARKET order for MRNA: 179 shares
2025-05-02 18:45:03 - INFO - [_place_trade_and_register] [MRNA] ✅ Order SELL for MRNA placed with ID 638
2025-05-02 18:45:03 - INFO - [get_stock_data] [WBD] Requesting data for WBD
2025-05-02 18:45:04 - INFO - [get_stock_data] [WBD] Data received for WBD: 105 rows
2025-05-02 18:45:04 - INFO - [check_vwap_diff_signal] [WBD] Analyzing VWAP reversal signal for WBD
2025-05-02 18:45:04 - INFO - [check_vwap_diff_signal] [WBD] Close: 8.57 | Low: 8.55 | High: 8.58 | VWAP: 8.546085090896918
2025-05-02 18:45:04 - DEBUG - [check_vwap_diff_signal] [WBD] [WBD] Last Candela: VWAP-Low=-0.05%, High-VWAP=0.40%
2025-05-02 18:45:04 - DEBUG - [check_vwap_diff_signal] [WBD] No VWAP signal detected
2025-05-02 18:45:04 - INFO - [_process_ticker] [WBD] ℹ️ No valid signal for WBD
2025-05-02 18:45:04 - INFO - [get_stock_data] [CMCSA] Requesting data for CMCSA
2025-05-02 18:45:05 - INFO - [get_stock_data] [CMCSA] Data received for CMCSA: 105 rows
2025-05-02 18:45:05 - INFO - [check_vwap_diff_signal] [CMCSA] Analyzing VWAP reversal signal for CMCSA
2025-05-02 18:45:05 - INFO - [check_vwap_diff_signal] [CMCSA] Close: 34.38 | Low: 34.32 | High: 34.38 | VWAP: 34.26782399839221
2025-05-02 18:45:05 - DEBUG - [check_vwap_diff_signal] [CMCSA] [CMCSA] Last Candela: VWAP-Low=-0.15%, High-VWAP=0.33%
2025-05-02 18:45:05 - DEBUG - [check_vwap_diff_signal] [CMCSA] No VWAP signal detected
2025-05-02 18:45:05 - INFO - [_process_ticker] [CMCSA] ℹ️ No valid signal for CMCSA
2025-05-02 18:45:05 - INFO - [_run_strategy_if_applicable] [N/A] 🔄 Starting trading loop for strategy: VWAP_diff_signal_rsi_1700
2025-05-02 18:45:05 - INFO - [get_stock_data] [IVZ] Requesting data for IVZ
2025-05-02 18:45:05 - INFO - [get_stock_data] [IVZ] Data received for IVZ: 105 rows
2025-05-02 18:45:05 - INFO - [check_vwap_diff_signal_with_rsi] [IVZ] Analyzing VWAP reversal signal for IVZ
2025-05-02 18:45:05 - INFO - [check_vwap_diff_signal_with_rsi] [IVZ] Close: 14.41 | Low: 14.38 | High: 14.41 | VWAP: 14.30165247023557 | RSI: 65.04
2025-05-02 18:45:05 - DEBUG - [check_vwap_diff_signal_with_rsi] [IVZ] [IVZ] Last Candela: VWAP-Low=-0.55%, High-VWAP=0.76%
2025-05-02 18:45:05 - DEBUG - [check_vwap_diff_signal_with_rsi] [IVZ] No VWAP+RSI signal detected
2025-05-02 18:45:05 - INFO - [_process_ticker] [IVZ] ℹ️ No valid signal for IVZ
2025-05-02 18:45:05 - INFO - [get_stock_data] [FCX] Requesting data for FCX
2025-05-02 18:45:06 - INFO - [get_stock_data] [FCX] Data received for FCX: 106 rows
2025-05-02 18:45:06 - INFO - [check_vwap_diff_signal_with_rsi] [FCX] Analyzing VWAP reversal signal for FCX
2025-05-02 18:45:06 - INFO - [check_vwap_diff_signal_with_rsi] [FCX] Close: 37.39 | Low: 37.38 | High: 37.39 | VWAP: 37.393859267037385 | RSI: 55.94
2025-05-02 18:45:06 - DEBUG - [check_vwap_diff_signal_with_rsi] [FCX] [FCX] Last Candela: VWAP-Low=0.04%, High-VWAP=-0.01%
2025-05-02 18:45:06 - DEBUG - [check_vwap_diff_signal_with_rsi] [FCX] No VWAP+RSI signal detected
2025-05-02 18:45:06 - INFO - [_process_ticker] [FCX] ℹ️ No valid signal for FCX
2025-05-02 18:45:06 - INFO - [get_stock_data] [HST] Requesting data for HST
2025-05-02 18:45:06 - INFO - [get_stock_data] [HST] Data received for HST: 106 rows
2025-05-02 18:45:06 - INFO - [check_vwap_diff_signal_with_rsi] [HST] Analyzing VWAP reversal signal for HST
2025-05-02 18:45:06 - INFO - [check_vwap_diff_signal_with_rsi] [HST] Close: 14.69 | Low: 14.69 | High: 14.69 | VWAP: 14.708494620502746 | RSI: 52.91
2025-05-02 18:45:06 - DEBUG - [check_vwap_diff_signal_with_rsi] [HST] [HST] Last Candela: VWAP-Low=0.13%, High-VWAP=-0.13%
2025-05-02 18:45:06 - DEBUG - [check_vwap_diff_signal_with_rsi] [HST] No VWAP+RSI signal detected
2025-05-02 18:45:06 - INFO - [_process_ticker] [HST] ℹ️ No valid signal for HST
2025-05-02 18:45:06 - INFO - [get_stock_data] [IVZ] Requesting data for IVZ
2025-05-02 18:45:07 - INFO - [get_stock_data] [IVZ] Data received for IVZ: 106 rows
2025-05-02 18:45:07 - INFO - [check_vwap_diff_signal_with_rsi] [IVZ] Analyzing VWAP reversal signal for IVZ
2025-05-02 18:45:07 - INFO - [check_vwap_diff_signal_with_rsi] [IVZ] Close: 14.4 | Low: 14.4 | High: 14.4 | VWAP: 14.30165247023557 | RSI: 63.50
2025-05-02 18:45:07 - DEBUG - [check_vwap_diff_signal_with_rsi] [IVZ] [IVZ] Last Candela: VWAP-Low=-0.69%, High-VWAP=0.69%
2025-05-02 18:45:07 - DEBUG - [check_vwap_diff_signal_with_rsi] [IVZ] No VWAP+RSI signal detected
2025-05-02 18:45:07 - INFO - [_process_ticker] [IVZ] ℹ️ No valid signal for IVZ
2025-05-02 18:45:07 - INFO - [get_stock_data] [NEM] Requesting data for NEM
2025-05-02 18:45:08 - INFO - [get_stock_data] [NEM] Data received for NEM: 106 rows
2025-05-02 18:45:08 - INFO - [check_vwap_diff_signal_with_rsi] [NEM] Analyzing VWAP reversal signal for NEM
2025-05-02 18:45:08 - INFO - [check_vwap_diff_signal_with_rsi] [NEM] Close: 51.49 | Low: 51.48 | High: 51.49 | VWAP: 51.80692638934333 | RSI: 41.56
2025-05-02 18:45:08 - DEBUG - [check_vwap_diff_signal_with_rsi] [NEM] [NEM] Last Candela: VWAP-Low=0.63%, High-VWAP=-0.61%
2025-05-02 18:45:08 - DEBUG - [check_vwap_diff_signal_with_rsi] [NEM] No VWAP+RSI signal detected
2025-05-02 18:45:08 - INFO - [_process_ticker] [NEM] ℹ️ No valid signal for NEM
2025-05-02 18:45:08 - INFO - [get_stock_data] [LUV] Requesting data for LUV
2025-05-02 18:45:08 - INFO - [get_stock_data] [LUV] Data received for LUV: 106 rows
2025-05-02 18:45:08 - INFO - [check_vwap_diff_signal_with_rsi] [LUV] Analyzing VWAP reversal signal for LUV
2025-05-02 18:45:08 - INFO - [check_vwap_diff_signal_with_rsi] [LUV] Close: 29.7 | Low: 29.7 | High: 29.7 | VWAP: 29.66094334948297 | RSI: 60.79
2025-05-02 18:45:08 - DEBUG - [check_vwap_diff_signal_with_rsi] [LUV] [LUV] Last Candela: VWAP-Low=-0.13%, High-VWAP=0.13%
2025-05-02 18:45:08 - DEBUG - [check_vwap_diff_signal_with_rsi] [LUV] No VWAP+RSI signal detected
2025-05-02 18:45:08 - INFO - [_process_ticker] [LUV] ℹ️ No valid signal for LUV
2025-05-02 18:45:08 - INFO - [_run_strategy_if_applicable] [N/A] ⏰ Strategy 'EMA_Cross_ema50' not executed because it's outside the time window: 16:35:00 - 16:50:00
2025-05-02 18:45:08 - INFO - [_run_strategy_if_applicable] [N/A] ⏰ Strategy 'EMA_Cross_candle' not executed because it's outside the time window: 16:35:00 - 16:50:00
2025-05-02 18:45:08 - INFO - [_run_strategy_if_applicable] [N/A] ⏰ Strategy 'SMA_Cross_sma50' not executed because it's outside the time window: 16:35:00 - 16:50:00
2025-05-02 18:45:08 - INFO - [_run_strategy_if_applicable] [N/A] 🔄 Starting trading loop for strategy: VWAP_diff_signal_1700_volume
2025-05-02 18:45:08 - DEBUG - [_process_ticker] [GEN] 🚫 Trade not allowed for GEN (limit reached)
2025-05-02 18:45:08 - INFO - [get_stock_data] [HPQ] Requesting data for HPQ
2025-05-02 18:45:09 - INFO - [get_stock_data] [HPQ] Data received for HPQ: 106 rows
2025-05-02 18:45:09 - INFO - [check_vwap_diff_signal_with_volume] [HPQ] Analyzing VWAP reversal signal for HPQ
2025-05-02 18:45:09 - INFO - [check_vwap_diff_signal_with_volume] [HPQ] Close: 25.86 | Low: 25.86 | High: 25.86 | VWAP: 25.929656093649307 | Volume Ratio: 0.00
2025-05-02 18:45:09 - DEBUG - [check_vwap_diff_signal_with_volume] [HPQ] [HPQ] Last Candle: VWAP-Low=0.27%, High-VWAP=-0.27%
2025-05-02 18:45:09 - DEBUG - [check_vwap_diff_signal_with_volume] [HPQ] No VWAP+VolumeRatio signal detected
2025-05-02 18:45:09 - INFO - [_process_ticker] [HPQ] ℹ️ No valid signal for HPQ
2025-05-02 18:45:09 - INFO - [get_stock_data] [INTC] Requesting data for INTC
2025-05-02 18:45:10 - INFO - [get_stock_data] [INTC] Data received for INTC: 106 rows
2025-05-02 18:45:10 - INFO - [check_vwap_diff_signal_with_volume] [INTC] Analyzing VWAP reversal signal for INTC
2025-05-02 18:45:10 - INFO - [check_vwap_diff_signal_with_volume] [INTC] Close: 20.64 | Low: 20.63 | High: 20.64 | VWAP: 20.471839770171215 | Volume Ratio: 0.00
2025-05-02 18:45:10 - DEBUG - [check_vwap_diff_signal_with_volume] [INTC] [INTC] Last Candle: VWAP-Low=-0.77%, High-VWAP=0.82%
2025-05-02 18:45:10 - DEBUG - [check_vwap_diff_signal_with_volume] [INTC] No VWAP+VolumeRatio signal detected
2025-05-02 18:45:10 - INFO - [_process_ticker] [INTC] ℹ️ No valid signal for INTC
2025-05-02 18:45:10 - INFO - [get_stock_data] [RF] Requesting data for RF
2025-05-02 18:45:10 - INFO - [get_stock_data] [RF] Data received for RF: 106 rows
2025-05-02 18:45:10 - INFO - [check_vwap_diff_signal_with_volume] [RF] Analyzing VWAP reversal signal for RF
2025-05-02 18:45:10 - INFO - [check_vwap_diff_signal_with_volume] [RF] Close: 20.93 | Low: 20.93 | High: 20.93 | VWAP: 20.91445842305199 | Volume Ratio: 0.00
2025-05-02 18:45:10 - DEBUG - [check_vwap_diff_signal_with_volume] [RF] [RF] Last Candle: VWAP-Low=-0.07%, High-VWAP=0.07%
2025-05-02 18:45:10 - DEBUG - [check_vwap_diff_signal_with_volume] [RF] No VWAP+VolumeRatio signal detected
2025-05-02 18:45:10 - INFO - [_process_ticker] [RF] ℹ️ No valid signal for RF
2025-05-02 18:45:10 - INFO - [_run_strategy_if_applicable] [N/A] ⏰ Strategy 'SMA_Cross_candle' not executed because it's outside the time window: 16:35:00 - 16:50:00
2025-05-02 18:45:10 - INFO - [_update_active_orders_and_telegram] [N/A] 📊 Updating SL/TP for active orders
2025-05-02 18:45:11 - INFO - [update_orders] [N/A] ✅ Order 638 filled at 27.91
2025-05-02 18:45:11 - INFO - [set_tp_sl_direct] [N/A] 🔹 Setting TP (LMT) 27.38 and SL 28.18 for MRNA
2025-05-02 18:45:11 - INFO - [set_tp_sl_direct] [N/A] ✅ TP (MIT) Order Status: PendingSubmit (Trigger: 27.38)
2025-05-02 18:45:11 - INFO - [set_tp_sl_direct] [N/A] ✅ SL (Stop) Order Status: PendingSubmit (Trigger: 28.18)
2025-05-02 18:45:12 - INFO - [_wait_until_next_iteration] [N/A] ⏳ Sleeping for 47.29 seconds before the next cycle
2025-05-02 18:46:00 - DEBUG - [_process_strategies] [N/A] ⏱ Skipping VWAP_diff_signal_1700, not yet time (every 5m)
2025-05-02 18:46:00 - DEBUG - [_process_strategies] [N/A] ⏱ Skipping VWAP_diff_signal_rsi_1700, not yet time (every 5m)
2025-05-02 18:46:00 - DEBUG - [_process_strategies] [N/A] ⏱ Skipping EMA_Cross_ema50, not yet time (every 5m)
2025-05-02 18:46:00 - DEBUG - [_process_strategies] [N/A] ⏱ Skipping EMA_Cross_candle, not yet time (every 5m)
2025-05-02 18:46:00 - DEBUG - [_process_strategies] [N/A] ⏱ Skipping SMA_Cross_sma50, not yet time (every 5m)
2025-05-02 18:46:00 - DEBUG - [_process_strategies] [N/A] ⏱ Skipping VWAP_diff_signal_1700_volume, not yet time (every 5m)
2025-05-02 18:46:00 - DEBUG - [_process_strategies] [N/A] ⏱ Skipping SMA_Cross_candle, not yet time (every 5m)
2025-05-02 18:46:00 - INFO - [_update_active_orders_and_telegram] [N/A] 📊 Updating SL/TP for active orders
2025-05-02 18:46:01 - INFO - [_wait_until_next_iteration] [N/A] ⏳ Sleeping for 58.94 seconds before the next cycle
2025-05-02 18:47:00 - DEBUG - [_process_strategies] [N/A] ⏱ Skipping VWAP_diff_signal_1700, not yet time (every 5m)
2025-05-02 18:47:00 - DEBUG - [_process_strategies] [N/A] ⏱ Skipping VWAP_diff_signal_rsi_1700, not yet time (every 5m)
2025-05-02 18:47:00 - DEBUG - [_process_strategies] [N/A] ⏱ Skipping EMA_Cross_ema50, not yet time (every 5m)
2025-05-02 18:47:00 - DEBUG - [_process_strategies] [N/A] ⏱ Skipping EMA_Cross_candle, not yet time (every 5m)
2025-05-02 18:47:00 - DEBUG - [_process_strategies] [N/A] ⏱ Skipping SMA_Cross_sma50, not yet time (every 5m)
2025-05-02 18:47:00 - DEBUG - [_process_strategies] [N/A] ⏱ Skipping VWAP_diff_signal_1700_volume, not yet time (every 5m)
2025-05-02 18:47:00 - DEBUG - [_process_strategies] [N/A] ⏱ Skipping SMA_Cross_candle, not yet time (every 5m)
2025-05-02 18:47:00 - INFO - [_update_active_orders_and_telegram] [N/A] 📊 Updating SL/TP for active orders
2025-05-02 18:47:01 - INFO - [_wait_until_next_iteration] [N/A] ⏳ Sleeping for 58.92 seconds before the next cycle
2025-05-02 18:48:00 - DEBUG - [_process_strategies] [N/A] ⏱ Skipping VWAP_diff_signal_1700, not yet time (every 5m)
2025-05-02 18:48:00 - DEBUG - [_process_strategies] [N/A] ⏱ Skipping VWAP_diff_signal_rsi_1700, not yet time (every 5m)
2025-05-02 18:48:00 - DEBUG - [_process_strategies] [N/A] ⏱ Skipping EMA_Cross_ema50, not yet time (every 5m)
2025-05-02 18:48:00 - DEBUG - [_process_strategies] [N/A] ⏱ Skipping EMA_Cross_candle, not yet time (every 5m)
2025-05-02 18:48:00 - DEBUG - [_process_strategies] [N/A] ⏱ Skipping SMA_Cross_sma50, not yet time (every 5m)
2025-05-02 18:48:00 - DEBUG - [_process_strategies] [N/A] ⏱ Skipping VWAP_diff_signal_1700_volume, not yet time (every 5m)
2025-05-02 18:48:00 - DEBUG - [_process_strategies] [N/A] ⏱ Skipping SMA_Cross_candle, not yet time (every 5m)
2025-05-02 18:48:00 - INFO - [_update_active_orders_and_telegram] [N/A] 📊 Updating SL/TP for active orders
2025-05-02 18:48:01 - INFO - [_wait_until_next_iteration] [N/A] ⏳ Sleeping for 58.92 seconds before the next cycle
2025-05-02 18:49:00 - DEBUG - [_process_strategies] [N/A] ⏱ Skipping VWAP_diff_signal_1700, not yet time (every 5m)
2025-05-02 18:49:00 - DEBUG - [_process_strategies] [N/A] ⏱ Skipping VWAP_diff_signal_rsi_1700, not yet time (every 5m)
2025-05-02 18:49:00 - DEBUG - [_process_strategies] [N/A] ⏱ Skipping EMA_Cross_ema50, not yet time (every 5m)
2025-05-02 18:49:00 - DEBUG - [_process_strategies] [N/A] ⏱ Skipping EMA_Cross_candle, not yet time (every 5m)
2025-05-02 18:49:00 - DEBUG - [_process_strategies] [N/A] ⏱ Skipping SMA_Cross_sma50, not yet time (every 5m)
2025-05-02 18:49:00 - DEBUG - [_process_strategies] [N/A] ⏱ Skipping VWAP_diff_signal_1700_volume, not yet time (every 5m)
2025-05-02 18:49:00 - DEBUG - [_process_strategies] [N/A] ⏱ Skipping SMA_Cross_candle, not yet time (every 5m)
2025-05-02 18:49:00 - INFO - [_update_active_orders_and_telegram] [N/A] 📊 Updating SL/TP for active orders
2025-05-02 18:49:01 - INFO - [_wait_until_next_iteration] [N/A] ⏳ Sleeping for 58.93 seconds before the next cycle
2025-05-02 18:50:00 - INFO - [_run_strategy_if_applicable] [N/A] 🔄 Starting trading loop for strategy: VWAP_diff_signal_1700
2025-05-02 18:50:00 - INFO - [get_stock_data] [CZR] Requesting data for CZR
2025-05-02 18:50:00 - INFO - [get_stock_data] [CZR] Data received for CZR: 106 rows
2025-05-02 18:50:00 - INFO - [check_vwap_diff_signal] [CZR] Analyzing VWAP reversal signal for CZR
2025-05-02 18:50:00 - INFO - [check_vwap_diff_signal] [CZR] Close: 27.96 | Low: 27.9 | High: 27.98 | VWAP: 27.650168188427283
2025-05-02 18:50:00 - DEBUG - [check_vwap_diff_signal] [CZR] [CZR] Last Candela: VWAP-Low=-0.90%, High-VWAP=1.19%
2025-05-02 18:50:00 - DEBUG - [check_vwap_diff_signal] [CZR] No VWAP signal detected
2025-05-02 18:50:00 - INFO - [_process_ticker] [CZR] ℹ️ No valid signal for CZR
2025-05-02 18:50:00 - INFO - [get_stock_data] [MTCH] Requesting data for MTCH
2025-05-02 18:50:01 - INFO - [get_stock_data] [MTCH] Data received for MTCH: 106 rows
2025-05-02 18:50:01 - INFO - [check_vwap_diff_signal] [MTCH] Analyzing VWAP reversal signal for MTCH
2025-05-02 18:50:01 - INFO - [check_vwap_diff_signal] [MTCH] Close: 30.68 | Low: 30.65 | High: 30.69 | VWAP: 30.751363323199165
2025-05-02 18:50:01 - DEBUG - [check_vwap_diff_signal] [MTCH] [MTCH] Last Candela: VWAP-Low=0.33%, High-VWAP=-0.20%
2025-05-02 18:50:01 - DEBUG - [check_vwap_diff_signal] [MTCH] No VWAP signal detected
2025-05-02 18:50:01 - INFO - [_process_ticker] [MTCH] ℹ️ No valid signal for MTCH
2025-05-02 18:50:01 - INFO - [get_stock_data] [NCHL] Requesting data for NCHL
2025-05-02 18:50:01 - ERROR - [get_stock_data] [NCHL] Error retrieving data: 'NoneType' object has no attribute 'empty'
2025-05-02 18:50:01 - INFO - [get_stock_data] [HBAN] Requesting data for HBAN
2025-05-02 18:50:02 - INFO - [get_stock_data] [HBAN] Data received for HBAN: 106 rows
2025-05-02 18:50:02 - INFO - [check_vwap_diff_signal] [HBAN] Analyzing VWAP reversal signal for HBAN
2025-05-02 18:50:02 - INFO - [check_vwap_diff_signal] [HBAN] Close: 15.02 | Low: 14.99 | High: 15.02 | VWAP: 14.965173540094634
2025-05-02 18:50:02 - DEBUG - [check_vwap_diff_signal] [HBAN] [HBAN] Last Candela: VWAP-Low=-0.17%, High-VWAP=0.37%
2025-05-02 18:50:02 - DEBUG - [check_vwap_diff_signal] [HBAN] No VWAP signal detected
2025-05-02 18:50:02 - INFO - [_process_ticker] [HBAN] ℹ️ No valid signal for HBAN
2025-05-02 18:50:02 - DEBUG - [_process_ticker] [MRNA] 🚫 Trade not allowed for MRNA (limit reached)
2025-05-02 18:50:02 - INFO - [get_stock_data] [WBD] Requesting data for WBD
2025-05-02 18:50:03 - INFO - [get_stock_data] [WBD] Data received for WBD: 106 rows
2025-05-02 18:50:03 - INFO - [check_vwap_diff_signal] [WBD] Analyzing VWAP reversal signal for WBD
2025-05-02 18:50:03 - INFO - [check_vwap_diff_signal] [WBD] Close: 8.57 | Low: 8.57 | High: 8.59 | VWAP: 8.546550390845155
2025-05-02 18:50:03 - DEBUG - [check_vwap_diff_signal] [WBD] [WBD] Last Candela: VWAP-Low=-0.27%, High-VWAP=0.51%
2025-05-02 18:50:03 - DEBUG - [check_vwap_diff_signal] [WBD] No VWAP signal detected
2025-05-02 18:50:03 - INFO - [_process_ticker] [WBD] ℹ️ No valid signal for WBD
2025-05-02 18:50:03 - INFO - [get_stock_data] [CMCSA] Requesting data for CMCSA
2025-05-02 18:50:03 - INFO - [get_stock_data] [CMCSA] Data received for CMCSA: 106 rows
2025-05-02 18:50:03 - INFO - [check_vwap_diff_signal] [CMCSA] Analyzing VWAP reversal signal for CMCSA
2025-05-02 18:50:03 - INFO - [check_vwap_diff_signal] [CMCSA] Close: 34.38 | Low: 34.36 | High: 34.39 | VWAP: 34.270109577634145
2025-05-02 18:50:03 - DEBUG - [check_vwap_diff_signal] [CMCSA] [CMCSA] Last Candela: VWAP-Low=-0.26%, High-VWAP=0.35%
2025-05-02 18:50:03 - DEBUG - [check_vwap_diff_signal] [CMCSA] No VWAP signal detected
2025-05-02 18:50:03 - INFO - [_process_ticker] [CMCSA] ℹ️ No valid signal for CMCSA
2025-05-02 18:50:03 - INFO - [_run_strategy_if_applicable] [N/A] 🔄 Starting trading loop for strategy: VWAP_diff_signal_rsi_1700
2025-05-02 18:50:03 - INFO - [get_stock_data] [IVZ] Requesting data for IVZ
2025-05-02 18:50:04 - INFO - [get_stock_data] [IVZ] Data received for IVZ: 106 rows
2025-05-02 18:50:04 - INFO - [check_vwap_diff_signal_with_rsi] [IVZ] Analyzing VWAP reversal signal for IVZ
2025-05-02 18:50:04 - INFO - [check_vwap_diff_signal_with_rsi] [IVZ] Close: 14.4 | Low: 14.39 | High: 14.41 | VWAP: 14.302709538623366 | RSI: 63.50
2025-05-02 18:50:04 - DEBUG - [check_vwap_diff_signal_with_rsi] [IVZ] [IVZ] Last Candela: VWAP-Low=-0.61%, High-VWAP=0.75%
2025-05-02 18:50:04 - DEBUG - [check_vwap_diff_signal_with_rsi] [IVZ] No VWAP+RSI signal detected
2025-05-02 18:50:04 - INFO - [_process_ticker] [IVZ] ℹ️ No valid signal for IVZ
2025-05-02 18:50:04 - INFO - [get_stock_data] [FCX] Requesting data for FCX
2025-05-02 18:50:04 - INFO - [get_stock_data] [FCX] Data received for FCX: 106 rows
2025-05-02 18:50:04 - INFO - [check_vwap_diff_signal_with_rsi] [FCX] Analyzing VWAP reversal signal for FCX
2025-05-02 18:50:04 - INFO - [check_vwap_diff_signal_with_rsi] [FCX] Close: 37.4 | Low: 37.38 | High: 37.43 | VWAP: 37.39395269698245 | RSI: 56.35
2025-05-02 18:50:04 - DEBUG - [check_vwap_diff_signal_with_rsi] [FCX] [FCX] Last Candela: VWAP-Low=0.04%, High-VWAP=0.10%
2025-05-02 18:50:04 - DEBUG - [check_vwap_diff_signal_with_rsi] [FCX] No VWAP+RSI signal detected
2025-05-02 18:50:04 - INFO - [_process_ticker] [FCX] ℹ️ No valid signal for FCX
2025-05-02 18:50:04 - INFO - [get_stock_data] [HST] Requesting data for HST
2025-05-02 18:50:05 - INFO - [get_stock_data] [HST] Data received for HST: 106 rows
2025-05-02 18:50:05 - INFO - [check_vwap_diff_signal_with_rsi] [HST] Analyzing VWAP reversal signal for HST
2025-05-02 18:50:05 - INFO - [check_vwap_diff_signal_with_rsi] [HST] Close: 14.7 | Low: 14.68 | High: 14.7 | VWAP: 14.70826884364198 | RSI: 54.19
2025-05-02 18:50:05 - DEBUG - [check_vwap_diff_signal_with_rsi] [HST] [HST] Last Candela: VWAP-Low=0.19%, High-VWAP=-0.06%
2025-05-02 18:50:05 - DEBUG - [check_vwap_diff_signal_with_rsi] [HST] No VWAP+RSI signal detected
2025-05-02 18:50:05 - INFO - [_process_ticker] [HST] ℹ️ No valid signal for HST
2025-05-02 18:50:05 - INFO - [get_stock_data] [IVZ] Requesting data for IVZ
2025-05-02 18:50:06 - INFO - [get_stock_data] [IVZ] Data received for IVZ: 107 rows
2025-05-02 18:50:06 - INFO - [check_vwap_diff_signal_with_rsi] [IVZ] Analyzing VWAP reversal signal for IVZ
2025-05-02 18:50:06 - INFO - [check_vwap_diff_signal_with_rsi] [IVZ] Close: 14.4 | Low: 14.4 | High: 14.4 | VWAP: 14.302709538623366 | RSI: 63.50
2025-05-02 18:50:06 - DEBUG - [check_vwap_diff_signal_with_rsi] [IVZ] [IVZ] Last Candela: VWAP-Low=-0.68%, High-VWAP=0.68%
2025-05-02 18:50:06 - DEBUG - [check_vwap_diff_signal_with_rsi] [IVZ] No VWAP+RSI signal detected
2025-05-02 18:50:06 - INFO - [_process_ticker] [IVZ] ℹ️ No valid signal for IVZ
2025-05-02 18:50:06 - INFO - [get_stock_data] [NEM] Requesting data for NEM
2025-05-02 18:50:06 - INFO - [get_stock_data] [NEM] Data received for NEM: 107 rows
2025-05-02 18:50:06 - INFO - [check_vwap_diff_signal_with_rsi] [NEM] Analyzing VWAP reversal signal for NEM
2025-05-02 18:50:06 - INFO - [check_vwap_diff_signal_with_rsi] [NEM] Close: 51.51 | Low: 51.5 | High: 51.51 | VWAP: 51.80317789453017 | RSI: 42.93
2025-05-02 18:50:06 - DEBUG - [check_vwap_diff_signal_with_rsi] [NEM] [NEM] Last Candela: VWAP-Low=0.59%, High-VWAP=-0.57%
2025-05-02 18:50:06 - DEBUG - [check_vwap_diff_signal_with_rsi] [NEM] No VWAP+RSI signal detected
2025-05-02 18:50:06 - INFO - [_process_ticker] [NEM] ℹ️ No valid signal for NEM
2025-05-02 18:50:06 - INFO - [get_stock_data] [LUV] Requesting data for LUV
2025-05-02 18:50:07 - INFO - [get_stock_data] [LUV] Data received for LUV: 107 rows
2025-05-02 18:50:07 - INFO - [check_vwap_diff_signal_with_rsi] [LUV] Analyzing VWAP reversal signal for LUV
2025-05-02 18:50:07 - INFO - [check_vwap_diff_signal_with_rsi] [LUV] Close: 29.63 | Low: 29.62 | High: 29.68 | VWAP: 29.66102499083677 | RSI: 56.47
2025-05-02 18:50:07 - DEBUG - [check_vwap_diff_signal_with_rsi] [LUV] [LUV] Last Candela: VWAP-Low=0.14%, High-VWAP=0.06%
2025-05-02 18:50:07 - DEBUG - [check_vwap_diff_signal_with_rsi] [LUV] No VWAP+RSI signal detected
2025-05-02 18:50:07 - INFO - [_process_ticker] [LUV] ℹ️ No valid signal for LUV
2025-05-02 18:50:07 - INFO - [_run_strategy_if_applicable] [N/A] ⏰ Strategy 'EMA_Cross_ema50' not executed because it's outside the time window: 16:35:00 - 16:50:00
2025-05-02 18:50:07 - INFO - [_run_strategy_if_applicable] [N/A] ⏰ Strategy 'EMA_Cross_candle' not executed because it's outside the time window: 16:35:00 - 16:50:00
2025-05-02 18:50:07 - INFO - [_run_strategy_if_applicable] [N/A] ⏰ Strategy 'SMA_Cross_sma50' not executed because it's outside the time window: 16:35:00 - 16:50:00
2025-05-02 18:50:07 - INFO - [_run_strategy_if_applicable] [N/A] 🔄 Starting trading loop for strategy: VWAP_diff_signal_1700_volume
2025-05-02 18:50:07 - DEBUG - [_process_ticker] [GEN] 🚫 Trade not allowed for GEN (limit reached)
2025-05-02 18:50:07 - INFO - [get_stock_data] [HPQ] Requesting data for HPQ
2025-05-02 18:50:08 - INFO - [get_stock_data] [HPQ] Data received for HPQ: 107 rows
2025-05-02 18:50:08 - INFO - [check_vwap_diff_signal_with_volume] [HPQ] Analyzing VWAP reversal signal for HPQ
2025-05-02 18:50:08 - INFO - [check_vwap_diff_signal_with_volume] [HPQ] Close: 25.89 | Low: 25.89 | High: 25.9 | VWAP: 25.92867342566126 | Volume Ratio: 0.08
2025-05-02 18:50:08 - DEBUG - [check_vwap_diff_signal_with_volume] [HPQ] [HPQ] Last Candle: VWAP-Low=0.15%, High-VWAP=-0.11%
2025-05-02 18:50:08 - DEBUG - [check_vwap_diff_signal_with_volume] [HPQ] No VWAP+VolumeRatio signal detected
2025-05-02 18:50:08 - INFO - [_process_ticker] [HPQ] ℹ️ No valid signal for HPQ
2025-05-02 18:50:08 - INFO - [get_stock_data] [INTC] Requesting data for INTC
2025-05-02 18:50:08 - INFO - [get_stock_data] [INTC] Data received for INTC: 107 rows
2025-05-02 18:50:08 - INFO - [check_vwap_diff_signal_with_volume] [INTC] Analyzing VWAP reversal signal for INTC
2025-05-02 18:50:08 - INFO - [check_vwap_diff_signal_with_volume] [INTC] Close: 20.63 | Low: 20.63 | High: 20.64 | VWAP: 20.474487406333456 | Volume Ratio: 0.01
2025-05-02 18:50:08 - DEBUG - [check_vwap_diff_signal_with_volume] [INTC] [INTC] Last Candle: VWAP-Low=-0.76%, High-VWAP=0.81%
2025-05-02 18:50:08 - DEBUG - [check_vwap_diff_signal_with_volume] [INTC] No VWAP+VolumeRatio signal detected
2025-05-02 18:50:08 - INFO - [_process_ticker] [INTC] ℹ️ No valid signal for INTC
2025-05-02 18:50:08 - INFO - [get_stock_data] [RF] Requesting data for RF
2025-05-02 18:50:09 - INFO - [get_stock_data] [RF] Data received for RF: 107 rows
2025-05-02 18:50:09 - INFO - [check_vwap_diff_signal_with_volume] [RF] Analyzing VWAP reversal signal for RF
2025-05-02 18:50:09 - INFO - [check_vwap_diff_signal_with_volume] [RF] Close: 20.95 | Low: 20.94 | High: 20.95 | VWAP: 20.91570350859013 | Volume Ratio: 0.01
2025-05-02 18:50:09 - DEBUG - [check_vwap_diff_signal_with_volume] [RF] [RF] Last Candle: VWAP-Low=-0.12%, High-VWAP=0.16%
2025-05-02 18:50:09 - DEBUG - [check_vwap_diff_signal_with_volume] [RF] No VWAP+VolumeRatio signal detected
2025-05-02 18:50:09 - INFO - [_process_ticker] [RF] ℹ️ No valid signal for RF
2025-05-02 18:50:09 - INFO - [_run_strategy_if_applicable] [N/A] ⏰ Strategy 'SMA_Cross_candle' not executed because it's outside the time window: 16:35:00 - 16:50:00
2025-05-02 18:50:09 - INFO - [_update_active_orders_and_telegram] [N/A] 📊 Updating SL/TP for active orders
2025-05-02 18:50:10 - INFO - [_wait_until_next_iteration] [N/A] ⏳ Sleeping for 49.54 seconds before the next cycle
2025-05-02 18:51:00 - DEBUG - [_process_strategies] [N/A] ⏱ Skipping VWAP_diff_signal_1700, not yet time (every 5m)
2025-05-02 18:51:00 - DEBUG - [_process_strategies] [N/A] ⏱ Skipping VWAP_diff_signal_rsi_1700, not yet time (every 5m)
2025-05-02 18:51:00 - DEBUG - [_process_strategies] [N/A] ⏱ Skipping EMA_Cross_ema50, not yet time (every 5m)
2025-05-02 18:51:00 - DEBUG - [_process_strategies] [N/A] ⏱ Skipping EMA_Cross_candle, not yet time (every 5m)
2025-05-02 18:51:00 - DEBUG - [_process_strategies] [N/A] ⏱ Skipping SMA_Cross_sma50, not yet time (every 5m)
2025-05-02 18:51:00 - DEBUG - [_process_strategies] [N/A] ⏱ Skipping VWAP_diff_signal_1700_volume, not yet time (every 5m)
2025-05-02 18:51:00 - DEBUG - [_process_strategies] [N/A] ⏱ Skipping SMA_Cross_candle, not yet time (every 5m)
2025-05-02 18:51:00 - INFO - [_update_active_orders_and_telegram] [N/A] 📊 Updating SL/TP for active orders
2025-05-02 18:51:01 - INFO - [_wait_until_next_iteration] [N/A] ⏳ Sleeping for 58.94 seconds before the next cycle
2025-05-02 18:52:00 - DEBUG - [_process_strategies] [N/A] ⏱ Skipping VWAP_diff_signal_1700, not yet time (every 5m)
2025-05-02 18:52:00 - DEBUG - [_process_strategies] [N/A] ⏱ Skipping VWAP_diff_signal_rsi_1700, not yet time (every 5m)
2025-05-02 18:52:00 - DEBUG - [_process_strategies] [N/A] ⏱ Skipping EMA_Cross_ema50, not yet time (every 5m)
2025-05-02 18:52:00 - DEBUG - [_process_strategies] [N/A] ⏱ Skipping EMA_Cross_candle, not yet time (every 5m)
2025-05-02 18:52:00 - DEBUG - [_process_strategies] [N/A] ⏱ Skipping SMA_Cross_sma50, not yet time (every 5m)
2025-05-02 18:52:00 - DEBUG - [_process_strategies] [N/A] ⏱ Skipping VWAP_diff_signal_1700_volume, not yet time (every 5m)
2025-05-02 18:52:00 - DEBUG - [_process_strategies] [N/A] ⏱ Skipping SMA_Cross_candle, not yet time (every 5m)
2025-05-02 18:52:00 - INFO - [_update_active_orders_and_telegram] [N/A] 📊 Updating SL/TP for active orders
2025-05-02 18:52:01 - INFO - [_wait_until_next_iteration] [N/A] ⏳ Sleeping for 58.93 seconds before the next cycle
2025-05-02 18:53:00 - DEBUG - [_process_strategies] [N/A] ⏱ Skipping VWAP_diff_signal_1700, not yet time (every 5m)
2025-05-02 18:53:00 - DEBUG - [_process_strategies] [N/A] ⏱ Skipping VWAP_diff_signal_rsi_1700, not yet time (every 5m)
2025-05-02 18:53:00 - DEBUG - [_process_strategies] [N/A] ⏱ Skipping EMA_Cross_ema50, not yet time (every 5m)
2025-05-02 18:53:00 - DEBUG - [_process_strategies] [N/A] ⏱ Skipping EMA_Cross_candle, not yet time (every 5m)
2025-05-02 18:53:00 - DEBUG - [_process_strategies] [N/A] ⏱ Skipping SMA_Cross_sma50, not yet time (every 5m)
2025-05-02 18:53:00 - DEBUG - [_process_strategies] [N/A] ⏱ Skipping VWAP_diff_signal_1700_volume, not yet time (every 5m)
2025-05-02 18:53:00 - DEBUG - [_process_strategies] [N/A] ⏱ Skipping SMA_Cross_candle, not yet time (every 5m)
2025-05-02 18:53:00 - INFO - [_update_active_orders_and_telegram] [N/A] 📊 Updating SL/TP for active orders
2025-05-02 18:53:01 - INFO - [_wait_until_next_iteration] [N/A] ⏳ Sleeping for 58.93 seconds before the next cycle
2025-05-02 18:54:00 - DEBUG - [_process_strategies] [N/A] ⏱ Skipping VWAP_diff_signal_1700, not yet time (every 5m)
2025-05-02 18:54:00 - DEBUG - [_process_strategies] [N/A] ⏱ Skipping VWAP_diff_signal_rsi_1700, not yet time (every 5m)
2025-05-02 18:54:00 - DEBUG - [_process_strategies] [N/A] ⏱ Skipping EMA_Cross_ema50, not yet time (every 5m)
2025-05-02 18:54:00 - DEBUG - [_process_strategies] [N/A] ⏱ Skipping EMA_Cross_candle, not yet time (every 5m)
2025-05-02 18:54:00 - DEBUG - [_process_strategies] [N/A] ⏱ Skipping SMA_Cross_sma50, not yet time (every 5m)
2025-05-02 18:54:00 - DEBUG - [_process_strategies] [N/A] ⏱ Skipping VWAP_diff_signal_1700_volume, not yet time (every 5m)
2025-05-02 18:54:00 - DEBUG - [_process_strategies] [N/A] ⏱ Skipping SMA_Cross_candle, not yet time (every 5m)
2025-05-02 18:54:00 - INFO - [_update_active_orders_and_telegram] [N/A] 📊 Updating SL/TP for active orders
2025-05-02 18:54:01 - INFO - [_wait_until_next_iteration] [N/A] ⏳ Sleeping for 58.93 seconds before the next cycle
2025-05-02 18:55:00 - INFO - [_run_strategy_if_applicable] [N/A] 🔄 Starting trading loop for strategy: VWAP_diff_signal_1700
2025-05-02 18:55:00 - INFO - [get_stock_data] [CZR] Requesting data for CZR
2025-05-02 18:55:00 - INFO - [get_stock_data] [CZR] Data received for CZR: 107 rows
2025-05-02 18:55:00 - INFO - [check_vwap_diff_signal] [CZR] Analyzing VWAP reversal signal for CZR
2025-05-02 18:55:00 - INFO - [check_vwap_diff_signal] [CZR] Close: 27.76 | Low: 27.74 | High: 27.98 | VWAP: 27.652754670557595
2025-05-02 18:55:00 - DEBUG - [check_vwap_diff_signal] [CZR] [CZR] Last Candela: VWAP-Low=-0.32%, High-VWAP=1.18%
2025-05-02 18:55:00 - DEBUG - [check_vwap_diff_signal] [CZR] No VWAP signal detected
2025-05-02 18:55:00 - INFO - [_process_ticker] [CZR] ℹ️ No valid signal for CZR
2025-05-02 18:55:00 - INFO - [get_stock_data] [MTCH] Requesting data for MTCH
2025-05-02 18:55:01 - INFO - [get_stock_data] [MTCH] Data received for MTCH: 107 rows
2025-05-02 18:55:01 - INFO - [check_vwap_diff_signal] [MTCH] Analyzing VWAP reversal signal for MTCH
2025-05-02 18:55:01 - INFO - [check_vwap_diff_signal] [MTCH] Close: 30.64 | Low: 30.63 | High: 30.68 | VWAP: 30.748019936211215
2025-05-02 18:55:01 - DEBUG - [check_vwap_diff_signal] [MTCH] [MTCH] Last Candela: VWAP-Low=0.38%, High-VWAP=-0.22%
2025-05-02 18:55:01 - DEBUG - [check_vwap_diff_signal] [MTCH] No VWAP signal detected
2025-05-02 18:55:01 - INFO - [_process_ticker] [MTCH] ℹ️ No valid signal for MTCH
2025-05-02 18:55:01 - INFO - [get_stock_data] [NCHL] Requesting data for NCHL
2025-05-02 18:55:01 - ERROR - [get_stock_data] [NCHL] Error retrieving data: 'NoneType' object has no attribute 'empty'
2025-05-02 18:55:01 - INFO - [get_stock_data] [HBAN] Requesting data for HBAN
2025-05-02 18:55:02 - INFO - [get_stock_data] [HBAN] Data received for HBAN: 107 rows
2025-05-02 18:55:02 - INFO - [check_vwap_diff_signal] [HBAN] Analyzing VWAP reversal signal for HBAN
2025-05-02 18:55:02 - INFO - [check_vwap_diff_signal] [HBAN] Close: 15.01 | Low: 14.99 | High: 15.02 | VWAP: 14.966822000379675
2025-05-02 18:55:02 - DEBUG - [check_vwap_diff_signal] [HBAN] [HBAN] Last Candela: VWAP-Low=-0.15%, High-VWAP=0.36%
2025-05-02 18:55:02 - DEBUG - [check_vwap_diff_signal] [HBAN] No VWAP signal detected
2025-05-02 18:55:02 - INFO - [_process_ticker] [HBAN] ℹ️ No valid signal for HBAN
2025-05-02 18:55:02 - DEBUG - [_process_ticker] [MRNA] 🚫 Trade not allowed for MRNA (limit reached)
2025-05-02 18:55:02 - INFO - [get_stock_data] [WBD] Requesting data for WBD
2025-05-02 18:55:03 - INFO - [get_stock_data] [WBD] Data received for WBD: 107 rows
2025-05-02 18:55:03 - INFO - [check_vwap_diff_signal] [WBD] Analyzing VWAP reversal signal for WBD
2025-05-02 18:55:03 - INFO - [check_vwap_diff_signal] [WBD] Close: 8.57 | Low: 8.55 | High: 8.58 | VWAP: 8.547201346989201
2025-05-02 18:55:03 - DEBUG - [check_vwap_diff_signal] [WBD] [WBD] Last Candela: VWAP-Low=-0.03%, High-VWAP=0.38%
2025-05-02 18:55:03 - DEBUG - [check_vwap_diff_signal] [WBD] No VWAP signal detected
2025-05-02 18:55:03 - INFO - [_process_ticker] [WBD] ℹ️ No valid signal for WBD
2025-05-02 18:55:03 - INFO - [get_stock_data] [CMCSA] Requesting data for CMCSA
2025-05-02 18:55:03 - INFO - [get_stock_data] [CMCSA] Data received for CMCSA: 107 rows
2025-05-02 18:55:03 - INFO - [check_vwap_diff_signal] [CMCSA] Analyzing VWAP reversal signal for CMCSA
2025-05-02 18:55:03 - INFO - [check_vwap_diff_signal] [CMCSA] Close: 34.39 | Low: 34.36 | High: 34.41 | VWAP: 34.27730882632073
2025-05-02 18:55:03 - DEBUG - [check_vwap_diff_signal] [CMCSA] [CMCSA] Last Candela: VWAP-Low=-0.24%, High-VWAP=0.39%
2025-05-02 18:55:03 - DEBUG - [check_vwap_diff_signal] [CMCSA] No VWAP signal detected
2025-05-02 18:55:03 - INFO - [_process_ticker] [CMCSA] ℹ️ No valid signal for CMCSA
2025-05-02 18:55:03 - INFO - [_run_strategy_if_applicable] [N/A] 🔄 Starting trading loop for strategy: VWAP_diff_signal_rsi_1700
2025-05-02 18:55:03 - INFO - [get_stock_data] [IVZ] Requesting data for IVZ
2025-05-02 18:55:04 - INFO - [get_stock_data] [IVZ] Data received for IVZ: 107 rows
2025-05-02 18:55:04 - INFO - [check_vwap_diff_signal_with_rsi] [IVZ] Analyzing VWAP reversal signal for IVZ
2025-05-02 18:55:04 - INFO - [check_vwap_diff_signal_with_rsi] [IVZ] Close: 14.41 | Low: 14.37 | High: 14.41 | VWAP: 14.30654121160375 | RSI: 64.40
2025-05-02 18:55:04 - DEBUG - [check_vwap_diff_signal_with_rsi] [IVZ] [IVZ] Last Candela: VWAP-Low=-0.44%, High-VWAP=0.72%
2025-05-02 18:55:04 - DEBUG - [check_vwap_diff_signal_with_rsi] [IVZ] No VWAP+RSI signal detected
2025-05-02 18:55:04 - INFO - [_process_ticker] [IVZ] ℹ️ No valid signal for IVZ
2025-05-02 18:55:04 - INFO - [get_stock_data] [FCX] Requesting data for FCX
2025-05-02 18:55:05 - INFO - [get_stock_data] [FCX] Data received for FCX: 107 rows
2025-05-02 18:55:05 - INFO - [check_vwap_diff_signal_with_rsi] [FCX] Analyzing VWAP reversal signal for FCX
2025-05-02 18:55:05 - INFO - [check_vwap_diff_signal_with_rsi] [FCX] Close: 37.41 | Low: 37.38 | High: 37.45 | VWAP: 37.394318992617556 | RSI: 56.78
2025-05-02 18:55:05 - DEBUG - [check_vwap_diff_signal_with_rsi] [FCX] [FCX] Last Candela: VWAP-Low=0.04%, High-VWAP=0.15%
2025-05-02 18:55:05 - DEBUG - [check_vwap_diff_signal_with_rsi] [FCX] No VWAP+RSI signal detected
2025-05-02 18:55:05 - INFO - [_process_ticker] [FCX] ℹ️ No valid signal for FCX
2025-05-02 18:55:05 - INFO - [get_stock_data] [HST] Requesting data for HST
2025-05-02 18:55:06 - INFO - [get_stock_data] [HST] Data received for HST: 108 rows
2025-05-02 18:55:06 - INFO - [check_vwap_diff_signal_with_rsi] [HST] Analyzing VWAP reversal signal for HST
2025-05-02 18:55:06 - INFO - [check_vwap_diff_signal_with_rsi] [HST] Close: 14.72 | Low: 14.72 | High: 14.72 | VWAP: 14.708495976416252 | RSI: 56.71
2025-05-02 18:55:06 - DEBUG - [check_vwap_diff_signal_with_rsi] [HST] [HST] Last Candela: VWAP-Low=-0.08%, High-VWAP=0.08%
2025-05-02 18:55:06 - DEBUG - [check_vwap_diff_signal_with_rsi] [HST] No VWAP+RSI signal detected
2025-05-02 18:55:06 - INFO - [_process_ticker] [HST] ℹ️ No valid signal for HST
2025-05-02 18:55:06 - INFO - [get_stock_data] [IVZ] Requesting data for IVZ
2025-05-02 18:55:06 - INFO - [get_stock_data] [IVZ] Data received for IVZ: 108 rows
2025-05-02 18:55:06 - INFO - [check_vwap_diff_signal_with_rsi] [IVZ] Analyzing VWAP reversal signal for IVZ
2025-05-02 18:55:06 - INFO - [check_vwap_diff_signal_with_rsi] [IVZ] Close: 14.4 | Low: 14.4 | High: 14.4 | VWAP: 14.30654121160375 | RSI: 62.73
2025-05-02 18:55:06 - DEBUG - [check_vwap_diff_signal_with_rsi] [IVZ] [IVZ] Last Candela: VWAP-Low=-0.65%, High-VWAP=0.65%
2025-05-02 18:55:06 - DEBUG - [check_vwap_diff_signal_with_rsi] [IVZ] No VWAP+RSI signal detected
2025-05-02 18:55:06 - INFO - [_process_ticker] [IVZ] ℹ️ No valid signal for IVZ
2025-05-02 18:55:06 - INFO - [get_stock_data] [NEM] Requesting data for NEM
2025-05-02 18:55:07 - INFO - [get_stock_data] [NEM] Data received for NEM: 108 rows
2025-05-02 18:55:07 - INFO - [check_vwap_diff_signal_with_rsi] [NEM] Analyzing VWAP reversal signal for NEM
2025-05-02 18:55:07 - INFO - [check_vwap_diff_signal_with_rsi] [NEM] Close: 51.49 | Low: 51.48 | High: 51.49 | VWAP: 51.793648674033825 | RSI: 42.12
2025-05-02 18:55:07 - DEBUG - [check_vwap_diff_signal_with_rsi] [NEM] [NEM] Last Candela: VWAP-Low=0.61%, High-VWAP=-0.59%
2025-05-02 18:55:07 - DEBUG - [check_vwap_diff_signal_with_rsi] [NEM] No VWAP+RSI signal detected
2025-05-02 18:55:07 - INFO - [_process_ticker] [NEM] ℹ️ No valid signal for NEM
2025-05-02 18:55:07 - INFO - [get_stock_data] [LUV] Requesting data for LUV
2025-05-02 18:55:08 - INFO - [get_stock_data] [LUV] Data received for LUV: 108 rows
2025-05-02 18:55:08 - INFO - [check_vwap_diff_signal_with_rsi] [LUV] Analyzing VWAP reversal signal for LUV
2025-05-02 18:55:08 - INFO - [check_vwap_diff_signal_with_rsi] [LUV] Close: 29.54 | Low: 29.54 | High: 29.55 | VWAP: 29.65793484496891 | RSI: 51.61
2025-05-02 18:55:08 - DEBUG - [check_vwap_diff_signal_with_rsi] [LUV] [LUV] Last Candela: VWAP-Low=0.40%, High-VWAP=-0.36%
2025-05-02 18:55:08 - DEBUG - [check_vwap_diff_signal_with_rsi] [LUV] No VWAP+RSI signal detected
2025-05-02 18:55:08 - INFO - [_process_ticker] [LUV] ℹ️ No valid signal for LUV
2025-05-02 18:55:08 - INFO - [_run_strategy_if_applicable] [N/A] ⏰ Strategy 'EMA_Cross_ema50' not executed because it's outside the time window: 16:35:00 - 16:50:00
2025-05-02 18:55:08 - INFO - [_run_strategy_if_applicable] [N/A] ⏰ Strategy 'EMA_Cross_candle' not executed because it's outside the time window: 16:35:00 - 16:50:00
2025-05-02 18:55:08 - INFO - [_run_strategy_if_applicable] [N/A] ⏰ Strategy 'SMA_Cross_sma50' not executed because it's outside the time window: 16:35:00 - 16:50:00
2025-05-02 18:55:08 - INFO - [_run_strategy_if_applicable] [N/A] 🔄 Starting trading loop for strategy: VWAP_diff_signal_1700_volume
2025-05-02 18:55:08 - DEBUG - [_process_ticker] [GEN] 🚫 Trade not allowed for GEN (limit reached)
2025-05-02 18:55:08 - INFO - [get_stock_data] [HPQ] Requesting data for HPQ
2025-05-02 18:55:09 - INFO - [get_stock_data] [HPQ] Data received for HPQ: 108 rows
2025-05-02 18:55:09 - INFO - [check_vwap_diff_signal_with_volume] [HPQ] Analyzing VWAP reversal signal for HPQ
2025-05-02 18:55:09 - INFO - [check_vwap_diff_signal_with_volume] [HPQ] Close: 25.9 | Low: 25.9 | High: 25.9 | VWAP: 25.92822516754345 | Volume Ratio: 0.00
2025-05-02 18:55:09 - DEBUG - [check_vwap_diff_signal_with_volume] [HPQ] [HPQ] Last Candle: VWAP-Low=0.11%, High-VWAP=-0.11%
2025-05-02 18:55:09 - DEBUG - [check_vwap_diff_signal_with_volume] [HPQ] No VWAP+VolumeRatio signal detected
2025-05-02 18:55:09 - INFO - [_process_ticker] [HPQ] ℹ️ No valid signal for HPQ
2025-05-02 18:55:09 - INFO - [get_stock_data] [INTC] Requesting data for INTC
2025-05-02 18:55:09 - INFO - [get_stock_data] [INTC] Data received for INTC: 108 rows
2025-05-02 18:55:09 - INFO - [check_vwap_diff_signal_with_volume] [INTC] Analyzing VWAP reversal signal for INTC
2025-05-02 18:55:09 - INFO - [check_vwap_diff_signal_with_volume] [INTC] Close: 20.62 | Low: 20.6 | High: 20.62 | VWAP: 20.477410434611897 | Volume Ratio: 0.02
2025-05-02 18:55:09 - DEBUG - [check_vwap_diff_signal_with_volume] [INTC] [INTC] Last Candle: VWAP-Low=-0.60%, High-VWAP=0.70%
2025-05-02 18:55:09 - DEBUG - [check_vwap_diff_signal_with_volume] [INTC] No VWAP+VolumeRatio signal detected
2025-05-02 18:55:09 - INFO - [_process_ticker] [INTC] ℹ️ No valid signal for INTC
2025-05-02 18:55:09 - INFO - [get_stock_data] [RF] Requesting data for RF
2025-05-02 18:55:10 - INFO - [get_stock_data] [RF] Data received for RF: 108 rows
2025-05-02 18:55:10 - INFO - [check_vwap_diff_signal_with_volume] [RF] Analyzing VWAP reversal signal for RF
2025-05-02 18:55:10 - INFO - [check_vwap_diff_signal_with_volume] [RF] Close: 20.97 | Low: 20.97 | High: 20.97 | VWAP: 20.91676150343132 | Volume Ratio: 0.00
2025-05-02 18:55:10 - DEBUG - [check_vwap_diff_signal_with_volume] [RF] [RF] Last Candle: VWAP-Low=-0.25%, High-VWAP=0.25%
2025-05-02 18:55:10 - DEBUG - [check_vwap_diff_signal_with_volume] [RF] No VWAP+VolumeRatio signal detected
2025-05-02 18:55:10 - INFO - [_process_ticker] [RF] ℹ️ No valid signal for RF
2025-05-02 18:55:10 - INFO - [_run_strategy_if_applicable] [N/A] ⏰ Strategy 'SMA_Cross_candle' not executed because it's outside the time window: 16:35:00 - 16:50:00
2025-05-02 18:55:10 - INFO - [_update_active_orders_and_telegram] [N/A] 📊 Updating SL/TP for active orders
2025-05-02 18:55:11 - INFO - [_wait_until_next_iteration] [N/A] ⏳ Sleeping for 48.79 seconds before the next cycle
2025-05-02 18:56:00 - DEBUG - [_process_strategies] [N/A] ⏱ Skipping VWAP_diff_signal_1700, not yet time (every 5m)
2025-05-02 18:56:00 - DEBUG - [_process_strategies] [N/A] ⏱ Skipping VWAP_diff_signal_rsi_1700, not yet time (every 5m)
2025-05-02 18:56:00 - DEBUG - [_process_strategies] [N/A] ⏱ Skipping EMA_Cross_ema50, not yet time (every 5m)
2025-05-02 18:56:00 - DEBUG - [_process_strategies] [N/A] ⏱ Skipping EMA_Cross_candle, not yet time (every 5m)
2025-05-02 18:56:00 - DEBUG - [_process_strategies] [N/A] ⏱ Skipping SMA_Cross_sma50, not yet time (every 5m)
2025-05-02 18:56:00 - DEBUG - [_process_strategies] [N/A] ⏱ Skipping VWAP_diff_signal_1700_volume, not yet time (every 5m)
2025-05-02 18:56:00 - DEBUG - [_process_strategies] [N/A] ⏱ Skipping SMA_Cross_candle, not yet time (every 5m)
2025-05-02 18:56:00 - INFO - [_update_active_orders_and_telegram] [N/A] 📊 Updating SL/TP for active orders
2025-05-02 18:56:01 - INFO - [_wait_until_next_iteration] [N/A] ⏳ Sleeping for 58.94 seconds before the next cycle
2025-05-02 18:57:00 - DEBUG - [_process_strategies] [N/A] ⏱ Skipping VWAP_diff_signal_1700, not yet time (every 5m)
2025-05-02 18:57:00 - DEBUG - [_process_strategies] [N/A] ⏱ Skipping VWAP_diff_signal_rsi_1700, not yet time (every 5m)
2025-05-02 18:57:00 - DEBUG - [_process_strategies] [N/A] ⏱ Skipping EMA_Cross_ema50, not yet time (every 5m)
2025-05-02 18:57:00 - DEBUG - [_process_strategies] [N/A] ⏱ Skipping EMA_Cross_candle, not yet time (every 5m)
2025-05-02 18:57:00 - DEBUG - [_process_strategies] [N/A] ⏱ Skipping SMA_Cross_sma50, not yet time (every 5m)
2025-05-02 18:57:00 - DEBUG - [_process_strategies] [N/A] ⏱ Skipping VWAP_diff_signal_1700_volume, not yet time (every 5m)
2025-05-02 18:57:00 - DEBUG - [_process_strategies] [N/A] ⏱ Skipping SMA_Cross_candle, not yet time (every 5m)
2025-05-02 18:57:00 - INFO - [_update_active_orders_and_telegram] [N/A] 📊 Updating SL/TP for active orders
2025-05-02 18:57:01 - INFO - [_wait_until_next_iteration] [N/A] ⏳ Sleeping for 58.93 seconds before the next cycle
2025-05-02 18:58:00 - DEBUG - [_process_strategies] [N/A] ⏱ Skipping VWAP_diff_signal_1700, not yet time (every 5m)
2025-05-02 18:58:00 - DEBUG - [_process_strategies] [N/A] ⏱ Skipping VWAP_diff_signal_rsi_1700, not yet time (every 5m)
2025-05-02 18:58:00 - DEBUG - [_process_strategies] [N/A] ⏱ Skipping EMA_Cross_ema50, not yet time (every 5m)
2025-05-02 18:58:00 - DEBUG - [_process_strategies] [N/A] ⏱ Skipping EMA_Cross_candle, not yet time (every 5m)
2025-05-02 18:58:00 - DEBUG - [_process_strategies] [N/A] ⏱ Skipping SMA_Cross_sma50, not yet time (every 5m)
2025-05-02 18:58:00 - DEBUG - [_process_strategies] [N/A] ⏱ Skipping VWAP_diff_signal_1700_volume, not yet time (every 5m)
2025-05-02 18:58:00 - DEBUG - [_process_strategies] [N/A] ⏱ Skipping SMA_Cross_candle, not yet time (every 5m)
2025-05-02 18:58:00 - INFO - [_update_active_orders_and_telegram] [N/A] 📊 Updating SL/TP for active orders
2025-05-02 18:58:01 - INFO - [_wait_until_next_iteration] [N/A] ⏳ Sleeping for 58.94 seconds before the next cycle
2025-05-02 18:59:00 - DEBUG - [_process_strategies] [N/A] ⏱ Skipping VWAP_diff_signal_1700, not yet time (every 5m)
2025-05-02 18:59:00 - DEBUG - [_process_strategies] [N/A] ⏱ Skipping VWAP_diff_signal_rsi_1700, not yet time (every 5m)
2025-05-02 18:59:00 - DEBUG - [_process_strategies] [N/A] ⏱ Skipping EMA_Cross_ema50, not yet time (every 5m)
2025-05-02 18:59:00 - DEBUG - [_process_strategies] [N/A] ⏱ Skipping EMA_Cross_candle, not yet time (every 5m)
2025-05-02 18:59:00 - DEBUG - [_process_strategies] [N/A] ⏱ Skipping SMA_Cross_sma50, not yet time (every 5m)
2025-05-02 18:59:00 - DEBUG - [_process_strategies] [N/A] ⏱ Skipping VWAP_diff_signal_1700_volume, not yet time (every 5m)
2025-05-02 18:59:00 - DEBUG - [_process_strategies] [N/A] ⏱ Skipping SMA_Cross_candle, not yet time (every 5m)
2025-05-02 18:59:00 - INFO - [_update_active_orders_and_telegram] [N/A] 📊 Updating SL/TP for active orders
2025-05-02 18:59:01 - INFO - [_wait_until_next_iteration] [N/A] ⏳ Sleeping for 58.92 seconds before the next cycle
2025-05-02 19:00:00 - INFO - [_run_strategy_if_applicable] [N/A] ⏰ Strategy 'VWAP_diff_signal_1700' not executed because it's outside the time window: 17:30:00 - 19:00:00
2025-05-02 19:00:00 - INFO - [_run_strategy_if_applicable] [N/A] ⏰ Strategy 'VWAP_diff_signal_rsi_1700' not executed because it's outside the time window: 17:30:00 - 19:00:00
2025-05-02 19:00:00 - INFO - [_run_strategy_if_applicable] [N/A] ⏰ Strategy 'EMA_Cross_ema50' not executed because it's outside the time window: 16:35:00 - 16:50:00
2025-05-02 19:00:00 - INFO - [_run_strategy_if_applicable] [N/A] ⏰ Strategy 'EMA_Cross_candle' not executed because it's outside the time window: 16:35:00 - 16:50:00
2025-05-02 19:00:00 - INFO - [_run_strategy_if_applicable] [N/A] ⏰ Strategy 'SMA_Cross_sma50' not executed because it's outside the time window: 16:35:00 - 16:50:00
2025-05-02 19:00:00 - INFO - [_run_strategy_if_applicable] [N/A] ⏰ Strategy 'VWAP_diff_signal_1700_volume' not executed because it's outside the time window: 17:30:00 - 19:00:00
2025-05-02 19:00:00 - INFO - [_run_strategy_if_applicable] [N/A] ⏰ Strategy 'SMA_Cross_candle' not executed because it's outside the time window: 16:35:00 - 16:50:00
2025-05-02 19:00:00 - INFO - [_update_active_orders_and_telegram] [N/A] 📊 Updating SL/TP for active orders
2025-05-02 19:00:01 - INFO - [_wait_until_next_iteration] [N/A] ⏳ Sleeping for 58.96 seconds before the next cycle
2025-05-02 19:01:00 - DEBUG - [_process_strategies] [N/A] ⏱ Skipping VWAP_diff_signal_1700, not yet time (every 5m)
2025-05-02 19:01:00 - DEBUG - [_process_strategies] [N/A] ⏱ Skipping VWAP_diff_signal_rsi_1700, not yet time (every 5m)
2025-05-02 19:01:00 - DEBUG - [_process_strategies] [N/A] ⏱ Skipping EMA_Cross_ema50, not yet time (every 5m)
2025-05-02 19:01:00 - DEBUG - [_process_strategies] [N/A] ⏱ Skipping EMA_Cross_candle, not yet time (every 5m)
2025-05-02 19:01:00 - DEBUG - [_process_strategies] [N/A] ⏱ Skipping SMA_Cross_sma50, not yet time (every 5m)
2025-05-02 19:01:00 - DEBUG - [_process_strategies] [N/A] ⏱ Skipping VWAP_diff_signal_1700_volume, not yet time (every 5m)
2025-05-02 19:01:00 - DEBUG - [_process_strategies] [N/A] ⏱ Skipping SMA_Cross_candle, not yet time (every 5m)
2025-05-02 19:01:00 - INFO - [_update_active_orders_and_telegram] [N/A] 📊 Updating SL/TP for active orders
2025-05-02 19:01:01 - INFO - [_wait_until_next_iteration] [N/A] ⏳ Sleeping for 58.93 seconds before the next cycle
2025-05-02 19:02:00 - DEBUG - [_process_strategies] [N/A] ⏱ Skipping VWAP_diff_signal_1700, not yet time (every 5m)
2025-05-02 19:02:00 - DEBUG - [_process_strategies] [N/A] ⏱ Skipping VWAP_diff_signal_rsi_1700, not yet time (every 5m)
2025-05-02 19:02:00 - DEBUG - [_process_strategies] [N/A] ⏱ Skipping EMA_Cross_ema50, not yet time (every 5m)
2025-05-02 19:02:00 - DEBUG - [_process_strategies] [N/A] ⏱ Skipping EMA_Cross_candle, not yet time (every 5m)
2025-05-02 19:02:00 - DEBUG - [_process_strategies] [N/A] ⏱ Skipping SMA_Cross_sma50, not yet time (every 5m)
2025-05-02 19:02:00 - DEBUG - [_process_strategies] [N/A] ⏱ Skipping VWAP_diff_signal_1700_volume, not yet time (every 5m)
2025-05-02 19:02:00 - DEBUG - [_process_strategies] [N/A] ⏱ Skipping SMA_Cross_candle, not yet time (every 5m)
2025-05-02 19:02:00 - INFO - [_update_active_orders_and_telegram] [N/A] 📊 Updating SL/TP for active orders
2025-05-02 19:02:01 - INFO - [_wait_until_next_iteration] [N/A] ⏳ Sleeping for 58.94 seconds before the next cycle
2025-05-02 19:03:00 - DEBUG - [_process_strategies] [N/A] ⏱ Skipping VWAP_diff_signal_1700, not yet time (every 5m)
2025-05-02 19:03:00 - DEBUG - [_process_strategies] [N/A] ⏱ Skipping VWAP_diff_signal_rsi_1700, not yet time (every 5m)
2025-05-02 19:03:00 - DEBUG - [_process_strategies] [N/A] ⏱ Skipping EMA_Cross_ema50, not yet time (every 5m)
2025-05-02 19:03:00 - DEBUG - [_process_strategies] [N/A] ⏱ Skipping EMA_Cross_candle, not yet time (every 5m)
2025-05-02 19:03:00 - DEBUG - [_process_strategies] [N/A] ⏱ Skipping SMA_Cross_sma50, not yet time (every 5m)
2025-05-02 19:03:00 - DEBUG - [_process_strategies] [N/A] ⏱ Skipping VWAP_diff_signal_1700_volume, not yet time (every 5m)
2025-05-02 19:03:00 - DEBUG - [_process_strategies] [N/A] ⏱ Skipping SMA_Cross_candle, not yet time (every 5m)
2025-05-02 19:03:00 - INFO - [_update_active_orders_and_telegram] [N/A] 📊 Updating SL/TP for active orders
2025-05-02 19:03:01 - INFO - [_wait_until_next_iteration] [N/A] ⏳ Sleeping for 58.95 seconds before the next cycle
2025-05-02 19:04:00 - DEBUG - [_process_strategies] [N/A] ⏱ Skipping VWAP_diff_signal_1700, not yet time (every 5m)
2025-05-02 19:04:00 - DEBUG - [_process_strategies] [N/A] ⏱ Skipping VWAP_diff_signal_rsi_1700, not yet time (every 5m)
2025-05-02 19:04:00 - DEBUG - [_process_strategies] [N/A] ⏱ Skipping EMA_Cross_ema50, not yet time (every 5m)
2025-05-02 19:04:00 - DEBUG - [_process_strategies] [N/A] ⏱ Skipping EMA_Cross_candle, not yet time (every 5m)
2025-05-02 19:04:00 - DEBUG - [_process_strategies] [N/A] ⏱ Skipping SMA_Cross_sma50, not yet time (every 5m)
2025-05-02 19:04:00 - DEBUG - [_process_strategies] [N/A] ⏱ Skipping VWAP_diff_signal_1700_volume, not yet time (every 5m)
2025-05-02 19:04:00 - DEBUG - [_process_strategies] [N/A] ⏱ Skipping SMA_Cross_candle, not yet time (every 5m)
2025-05-02 19:04:00 - INFO - [_update_active_orders_and_telegram] [N/A] 📊 Updating SL/TP for active orders
2025-05-02 19:04:01 - INFO - [_wait_until_next_iteration] [N/A] ⏳ Sleeping for 58.94 seconds before the next cycle
2025-05-02 19:05:00 - INFO - [_run_strategy_if_applicable] [N/A] ⏰ Strategy 'VWAP_diff_signal_1700' not executed because it's outside the time window: 17:30:00 - 19:00:00
2025-05-02 19:05:00 - INFO - [_run_strategy_if_applicable] [N/A] ⏰ Strategy 'VWAP_diff_signal_rsi_1700' not executed because it's outside the time window: 17:30:00 - 19:00:00
2025-05-02 19:05:00 - INFO - [_run_strategy_if_applicable] [N/A] ⏰ Strategy 'EMA_Cross_ema50' not executed because it's outside the time window: 16:35:00 - 16:50:00
2025-05-02 19:05:00 - INFO - [_run_strategy_if_applicable] [N/A] ⏰ Strategy 'EMA_Cross_candle' not executed because it's outside the time window: 16:35:00 - 16:50:00
2025-05-02 19:05:00 - INFO - [_run_strategy_if_applicable] [N/A] ⏰ Strategy 'SMA_Cross_sma50' not executed because it's outside the time window: 16:35:00 - 16:50:00
2025-05-02 19:05:00 - INFO - [_run_strategy_if_applicable] [N/A] ⏰ Strategy 'VWAP_diff_signal_1700_volume' not executed because it's outside the time window: 17:30:00 - 19:00:00
2025-05-02 19:05:00 - INFO - [_run_strategy_if_applicable] [N/A] ⏰ Strategy 'SMA_Cross_candle' not executed because it's outside the time window: 16:35:00 - 16:50:00
2025-05-02 19:05:00 - INFO - [_update_active_orders_and_telegram] [N/A] 📊 Updating SL/TP for active orders
2025-05-02 19:05:01 - INFO - [_wait_until_next_iteration] [N/A] ⏳ Sleeping for 58.92 seconds before the next cycle
2025-05-02 19:06:00 - DEBUG - [_process_strategies] [N/A] ⏱ Skipping VWAP_diff_signal_1700, not yet time (every 5m)
2025-05-02 19:06:00 - DEBUG - [_process_strategies] [N/A] ⏱ Skipping VWAP_diff_signal_rsi_1700, not yet time (every 5m)
2025-05-02 19:06:00 - DEBUG - [_process_strategies] [N/A] ⏱ Skipping EMA_Cross_ema50, not yet time (every 5m)
2025-05-02 19:06:00 - DEBUG - [_process_strategies] [N/A] ⏱ Skipping EMA_Cross_candle, not yet time (every 5m)
2025-05-02 19:06:00 - DEBUG - [_process_strategies] [N/A] ⏱ Skipping SMA_Cross_sma50, not yet time (every 5m)
2025-05-02 19:06:00 - DEBUG - [_process_strategies] [N/A] ⏱ Skipping VWAP_diff_signal_1700_volume, not yet time (every 5m)
2025-05-02 19:06:00 - DEBUG - [_process_strategies] [N/A] ⏱ Skipping SMA_Cross_candle, not yet time (every 5m)
2025-05-02 19:06:00 - INFO - [_update_active_orders_and_telegram] [N/A] 📊 Updating SL/TP for active orders
2025-05-02 19:06:01 - INFO - [_wait_until_next_iteration] [N/A] ⏳ Sleeping for 58.94 seconds before the next cycle
2025-05-02 19:07:00 - DEBUG - [_process_strategies] [N/A] ⏱ Skipping VWAP_diff_signal_1700, not yet time (every 5m)
2025-05-02 19:07:00 - DEBUG - [_process_strategies] [N/A] ⏱ Skipping VWAP_diff_signal_rsi_1700, not yet time (every 5m)
2025-05-02 19:07:00 - DEBUG - [_process_strategies] [N/A] ⏱ Skipping EMA_Cross_ema50, not yet time (every 5m)
2025-05-02 19:07:00 - DEBUG - [_process_strategies] [N/A] ⏱ Skipping EMA_Cross_candle, not yet time (every 5m)
2025-05-02 19:07:00 - DEBUG - [_process_strategies] [N/A] ⏱ Skipping SMA_Cross_sma50, not yet time (every 5m)
2025-05-02 19:07:00 - DEBUG - [_process_strategies] [N/A] ⏱ Skipping VWAP_diff_signal_1700_volume, not yet time (every 5m)
2025-05-02 19:07:00 - DEBUG - [_process_strategies] [N/A] ⏱ Skipping SMA_Cross_candle, not yet time (every 5m)
2025-05-02 19:07:00 - INFO - [_update_active_orders_and_telegram] [N/A] 📊 Updating SL/TP for active orders
2025-05-02 19:07:01 - INFO - [_wait_until_next_iteration] [N/A] ⏳ Sleeping for 58.93 seconds before the next cycle
2025-05-02 19:08:00 - DEBUG - [_process_strategies] [N/A] ⏱ Skipping VWAP_diff_signal_1700, not yet time (every 5m)
2025-05-02 19:08:00 - DEBUG - [_process_strategies] [N/A] ⏱ Skipping VWAP_diff_signal_rsi_1700, not yet time (every 5m)
2025-05-02 19:08:00 - DEBUG - [_process_strategies] [N/A] ⏱ Skipping EMA_Cross_ema50, not yet time (every 5m)
2025-05-02 19:08:00 - DEBUG - [_process_strategies] [N/A] ⏱ Skipping EMA_Cross_candle, not yet time (every 5m)
2025-05-02 19:08:00 - DEBUG - [_process_strategies] [N/A] ⏱ Skipping SMA_Cross_sma50, not yet time (every 5m)
2025-05-02 19:08:00 - DEBUG - [_process_strategies] [N/A] ⏱ Skipping VWAP_diff_signal_1700_volume, not yet time (every 5m)
2025-05-02 19:08:00 - DEBUG - [_process_strategies] [N/A] ⏱ Skipping SMA_Cross_candle, not yet time (every 5m)
2025-05-02 19:08:00 - INFO - [_update_active_orders_and_telegram] [N/A] 📊 Updating SL/TP for active orders
2025-05-02 19:08:01 - INFO - [_wait_until_next_iteration] [N/A] ⏳ Sleeping for 58.93 seconds before the next cycle
2025-05-02 19:09:00 - DEBUG - [_process_strategies] [N/A] ⏱ Skipping VWAP_diff_signal_1700, not yet time (every 5m)
2025-05-02 19:09:00 - DEBUG - [_process_strategies] [N/A] ⏱ Skipping VWAP_diff_signal_rsi_1700, not yet time (every 5m)
2025-05-02 19:09:00 - DEBUG - [_process_strategies] [N/A] ⏱ Skipping EMA_Cross_ema50, not yet time (every 5m)
2025-05-02 19:09:00 - DEBUG - [_process_strategies] [N/A] ⏱ Skipping EMA_Cross_candle, not yet time (every 5m)
2025-05-02 19:09:00 - DEBUG - [_process_strategies] [N/A] ⏱ Skipping SMA_Cross_sma50, not yet time (every 5m)
2025-05-02 19:09:00 - DEBUG - [_process_strategies] [N/A] ⏱ Skipping VWAP_diff_signal_1700_volume, not yet time (every 5m)
2025-05-02 19:09:00 - DEBUG - [_process_strategies] [N/A] ⏱ Skipping SMA_Cross_candle, not yet time (every 5m)
2025-05-02 19:09:00 - INFO - [_update_active_orders_and_telegram] [N/A] 📊 Updating SL/TP for active orders
2025-05-02 19:09:01 - INFO - [_wait_until_next_iteration] [N/A] ⏳ Sleeping for 58.92 seconds before the next cycle
2025-05-02 19:10:00 - INFO - [_run_strategy_if_applicable] [N/A] ⏰ Strategy 'VWAP_diff_signal_1700' not executed because it's outside the time window: 17:30:00 - 19:00:00
2025-05-02 19:10:00 - INFO - [_run_strategy_if_applicable] [N/A] ⏰ Strategy 'VWAP_diff_signal_rsi_1700' not executed because it's outside the time window: 17:30:00 - 19:00:00
2025-05-02 19:10:00 - INFO - [_run_strategy_if_applicable] [N/A] ⏰ Strategy 'EMA_Cross_ema50' not executed because it's outside the time window: 16:35:00 - 16:50:00
2025-05-02 19:10:00 - INFO - [_run_strategy_if_applicable] [N/A] ⏰ Strategy 'EMA_Cross_candle' not executed because it's outside the time window: 16:35:00 - 16:50:00
2025-05-02 19:10:00 - INFO - [_run_strategy_if_applicable] [N/A] ⏰ Strategy 'SMA_Cross_sma50' not executed because it's outside the time window: 16:35:00 - 16:50:00
2025-05-02 19:10:00 - INFO - [_run_strategy_if_applicable] [N/A] ⏰ Strategy 'VWAP_diff_signal_1700_volume' not executed because it's outside the time window: 17:30:00 - 19:00:00
2025-05-02 19:10:00 - INFO - [_run_strategy_if_applicable] [N/A] ⏰ Strategy 'SMA_Cross_candle' not executed because it's outside the time window: 16:35:00 - 16:50:00
2025-05-02 19:10:00 - INFO - [_update_active_orders_and_telegram] [N/A] 📊 Updating SL/TP for active orders
2025-05-02 19:10:01 - INFO - [_wait_until_next_iteration] [N/A] ⏳ Sleeping for 58.92 seconds before the next cycle
2025-05-02 19:11:00 - DEBUG - [_process_strategies] [N/A] ⏱ Skipping VWAP_diff_signal_1700, not yet time (every 5m)
2025-05-02 19:11:00 - DEBUG - [_process_strategies] [N/A] ⏱ Skipping VWAP_diff_signal_rsi_1700, not yet time (every 5m)
2025-05-02 19:11:00 - DEBUG - [_process_strategies] [N/A] ⏱ Skipping EMA_Cross_ema50, not yet time (every 5m)
2025-05-02 19:11:00 - DEBUG - [_process_strategies] [N/A] ⏱ Skipping EMA_Cross_candle, not yet time (every 5m)
2025-05-02 19:11:00 - DEBUG - [_process_strategies] [N/A] ⏱ Skipping SMA_Cross_sma50, not yet time (every 5m)
2025-05-02 19:11:00 - DEBUG - [_process_strategies] [N/A] ⏱ Skipping VWAP_diff_signal_1700_volume, not yet time (every 5m)
2025-05-02 19:11:00 - DEBUG - [_process_strategies] [N/A] ⏱ Skipping SMA_Cross_candle, not yet time (every 5m)
2025-05-02 19:11:00 - INFO - [_update_active_orders_and_telegram] [N/A] 📊 Updating SL/TP for active orders
2025-05-02 19:11:01 - INFO - [_wait_until_next_iteration] [N/A] ⏳ Sleeping for 58.93 seconds before the next cycle
2025-05-02 19:12:00 - DEBUG - [_process_strategies] [N/A] ⏱ Skipping VWAP_diff_signal_1700, not yet time (every 5m)
2025-05-02 19:12:00 - DEBUG - [_process_strategies] [N/A] ⏱ Skipping VWAP_diff_signal_rsi_1700, not yet time (every 5m)
2025-05-02 19:12:00 - DEBUG - [_process_strategies] [N/A] ⏱ Skipping EMA_Cross_ema50, not yet time (every 5m)
2025-05-02 19:12:00 - DEBUG - [_process_strategies] [N/A] ⏱ Skipping EMA_Cross_candle, not yet time (every 5m)
2025-05-02 19:12:00 - DEBUG - [_process_strategies] [N/A] ⏱ Skipping SMA_Cross_sma50, not yet time (every 5m)
2025-05-02 19:12:00 - DEBUG - [_process_strategies] [N/A] ⏱ Skipping VWAP_diff_signal_1700_volume, not yet time (every 5m)
2025-05-02 19:12:00 - DEBUG - [_process_strategies] [N/A] ⏱ Skipping SMA_Cross_candle, not yet time (every 5m)
2025-05-02 19:12:00 - INFO - [_update_active_orders_and_telegram] [N/A] 📊 Updating SL/TP for active orders
2025-05-02 19:12:01 - INFO - [_wait_until_next_iteration] [N/A] ⏳ Sleeping for 58.94 seconds before the next cycle
2025-05-02 19:13:00 - DEBUG - [_process_strategies] [N/A] ⏱ Skipping VWAP_diff_signal_1700, not yet time (every 5m)
2025-05-02 19:13:00 - DEBUG - [_process_strategies] [N/A] ⏱ Skipping VWAP_diff_signal_rsi_1700, not yet time (every 5m)
2025-05-02 19:13:00 - DEBUG - [_process_strategies] [N/A] ⏱ Skipping EMA_Cross_ema50, not yet time (every 5m)
2025-05-02 19:13:00 - DEBUG - [_process_strategies] [N/A] ⏱ Skipping EMA_Cross_candle, not yet time (every 5m)
2025-05-02 19:13:00 - DEBUG - [_process_strategies] [N/A] ⏱ Skipping SMA_Cross_sma50, not yet time (every 5m)
2025-05-02 19:13:00 - DEBUG - [_process_strategies] [N/A] ⏱ Skipping VWAP_diff_signal_1700_volume, not yet time (every 5m)
2025-05-02 19:13:00 - DEBUG - [_process_strategies] [N/A] ⏱ Skipping SMA_Cross_candle, not yet time (every 5m)
2025-05-02 19:13:00 - INFO - [_update_active_orders_and_telegram] [N/A] 📊 Updating SL/TP for active orders
2025-05-02 19:13:01 - INFO - [_wait_until_next_iteration] [N/A] ⏳ Sleeping for 58.93 seconds before the next cycle
2025-05-02 19:14:00 - DEBUG - [_process_strategies] [N/A] ⏱ Skipping VWAP_diff_signal_1700, not yet time (every 5m)
2025-05-02 19:14:00 - DEBUG - [_process_strategies] [N/A] ⏱ Skipping VWAP_diff_signal_rsi_1700, not yet time (every 5m)
2025-05-02 19:14:00 - DEBUG - [_process_strategies] [N/A] ⏱ Skipping EMA_Cross_ema50, not yet time (every 5m)
2025-05-02 19:14:00 - DEBUG - [_process_strategies] [N/A] ⏱ Skipping EMA_Cross_candle, not yet time (every 5m)
2025-05-02 19:14:00 - DEBUG - [_process_strategies] [N/A] ⏱ Skipping SMA_Cross_sma50, not yet time (every 5m)
2025-05-02 19:14:00 - DEBUG - [_process_strategies] [N/A] ⏱ Skipping VWAP_diff_signal_1700_volume, not yet time (every 5m)
2025-05-02 19:14:00 - DEBUG - [_process_strategies] [N/A] ⏱ Skipping SMA_Cross_candle, not yet time (every 5m)
2025-05-02 19:14:00 - INFO - [_update_active_orders_and_telegram] [N/A] 📊 Updating SL/TP for active orders
2025-05-02 19:14:01 - INFO - [_wait_until_next_iteration] [N/A] ⏳ Sleeping for 58.93 seconds before the next cycle
2025-05-02 19:15:00 - INFO - [_run_strategy_if_applicable] [N/A] ⏰ Strategy 'VWAP_diff_signal_1700' not executed because it's outside the time window: 17:30:00 - 19:00:00
2025-05-02 19:15:00 - INFO - [_run_strategy_if_applicable] [N/A] ⏰ Strategy 'VWAP_diff_signal_rsi_1700' not executed because it's outside the time window: 17:30:00 - 19:00:00
2025-05-02 19:15:00 - INFO - [_run_strategy_if_applicable] [N/A] ⏰ Strategy 'EMA_Cross_ema50' not executed because it's outside the time window: 16:35:00 - 16:50:00
2025-05-02 19:15:00 - INFO - [_run_strategy_if_applicable] [N/A] ⏰ Strategy 'EMA_Cross_candle' not executed because it's outside the time window: 16:35:00 - 16:50:00
2025-05-02 19:15:00 - INFO - [_run_strategy_if_applicable] [N/A] ⏰ Strategy 'SMA_Cross_sma50' not executed because it's outside the time window: 16:35:00 - 16:50:00
2025-05-02 19:15:00 - INFO - [_run_strategy_if_applicable] [N/A] ⏰ Strategy 'VWAP_diff_signal_1700_volume' not executed because it's outside the time window: 17:30:00 - 19:00:00
2025-05-02 19:15:00 - INFO - [_run_strategy_if_applicable] [N/A] ⏰ Strategy 'SMA_Cross_candle' not executed because it's outside the time window: 16:35:00 - 16:50:00
2025-05-02 19:15:00 - INFO - [_update_active_orders_and_telegram] [N/A] 📊 Updating SL/TP for active orders
2025-05-02 19:15:01 - INFO - [_wait_until_next_iteration] [N/A] ⏳ Sleeping for 58.93 seconds before the next cycle
2025-05-02 19:16:00 - DEBUG - [_process_strategies] [N/A] ⏱ Skipping VWAP_diff_signal_1700, not yet time (every 5m)
2025-05-02 19:16:00 - DEBUG - [_process_strategies] [N/A] ⏱ Skipping VWAP_diff_signal_rsi_1700, not yet time (every 5m)
2025-05-02 19:16:00 - DEBUG - [_process_strategies] [N/A] ⏱ Skipping EMA_Cross_ema50, not yet time (every 5m)
2025-05-02 19:16:00 - DEBUG - [_process_strategies] [N/A] ⏱ Skipping EMA_Cross_candle, not yet time (every 5m)
2025-05-02 19:16:00 - DEBUG - [_process_strategies] [N/A] ⏱ Skipping SMA_Cross_sma50, not yet time (every 5m)
2025-05-02 19:16:00 - DEBUG - [_process_strategies] [N/A] ⏱ Skipping VWAP_diff_signal_1700_volume, not yet time (every 5m)
2025-05-02 19:16:00 - DEBUG - [_process_strategies] [N/A] ⏱ Skipping SMA_Cross_candle, not yet time (every 5m)
2025-05-02 19:16:00 - INFO - [_update_active_orders_and_telegram] [N/A] 📊 Updating SL/TP for active orders
2025-05-02 19:16:01 - INFO - [_wait_until_next_iteration] [N/A] ⏳ Sleeping for 58.92 seconds before the next cycle
2025-05-02 19:17:00 - DEBUG - [_process_strategies] [N/A] ⏱ Skipping VWAP_diff_signal_1700, not yet time (every 5m)
2025-05-02 19:17:00 - DEBUG - [_process_strategies] [N/A] ⏱ Skipping VWAP_diff_signal_rsi_1700, not yet time (every 5m)
2025-05-02 19:17:00 - DEBUG - [_process_strategies] [N/A] ⏱ Skipping EMA_Cross_ema50, not yet time (every 5m)
2025-05-02 19:17:00 - DEBUG - [_process_strategies] [N/A] ⏱ Skipping EMA_Cross_candle, not yet time (every 5m)
2025-05-02 19:17:00 - DEBUG - [_process_strategies] [N/A] ⏱ Skipping SMA_Cross_sma50, not yet time (every 5m)
2025-05-02 19:17:00 - DEBUG - [_process_strategies] [N/A] ⏱ Skipping VWAP_diff_signal_1700_volume, not yet time (every 5m)
2025-05-02 19:17:00 - DEBUG - [_process_strategies] [N/A] ⏱ Skipping SMA_Cross_candle, not yet time (every 5m)
2025-05-02 19:17:00 - INFO - [_update_active_orders_and_telegram] [N/A] 📊 Updating SL/TP for active orders
2025-05-02 19:17:01 - INFO - [_wait_until_next_iteration] [N/A] ⏳ Sleeping for 58.93 seconds before the next cycle
2025-05-02 19:18:00 - DEBUG - [_process_strategies] [N/A] ⏱ Skipping VWAP_diff_signal_1700, not yet time (every 5m)
2025-05-02 19:18:00 - DEBUG - [_process_strategies] [N/A] ⏱ Skipping VWAP_diff_signal_rsi_1700, not yet time (every 5m)
2025-05-02 19:18:00 - DEBUG - [_process_strategies] [N/A] ⏱ Skipping EMA_Cross_ema50, not yet time (every 5m)
2025-05-02 19:18:00 - DEBUG - [_process_strategies] [N/A] ⏱ Skipping EMA_Cross_candle, not yet time (every 5m)
2025-05-02 19:18:00 - DEBUG - [_process_strategies] [N/A] ⏱ Skipping SMA_Cross_sma50, not yet time (every 5m)
2025-05-02 19:18:00 - DEBUG - [_process_strategies] [N/A] ⏱ Skipping VWAP_diff_signal_1700_volume, not yet time (every 5m)
2025-05-02 19:18:00 - DEBUG - [_process_strategies] [N/A] ⏱ Skipping SMA_Cross_candle, not yet time (every 5m)
2025-05-02 19:18:00 - INFO - [_update_active_orders_and_telegram] [N/A] 📊 Updating SL/TP for active orders
2025-05-02 19:18:01 - INFO - [_wait_until_next_iteration] [N/A] ⏳ Sleeping for 58.93 seconds before the next cycle
2025-05-02 19:19:00 - DEBUG - [_process_strategies] [N/A] ⏱ Skipping VWAP_diff_signal_1700, not yet time (every 5m)
2025-05-02 19:19:00 - DEBUG - [_process_strategies] [N/A] ⏱ Skipping VWAP_diff_signal_rsi_1700, not yet time (every 5m)
2025-05-02 19:19:00 - DEBUG - [_process_strategies] [N/A] ⏱ Skipping EMA_Cross_ema50, not yet time (every 5m)
2025-05-02 19:19:00 - DEBUG - [_process_strategies] [N/A] ⏱ Skipping EMA_Cross_candle, not yet time (every 5m)
2025-05-02 19:19:00 - DEBUG - [_process_strategies] [N/A] ⏱ Skipping SMA_Cross_sma50, not yet time (every 5m)
2025-05-02 19:19:00 - DEBUG - [_process_strategies] [N/A] ⏱ Skipping VWAP_diff_signal_1700_volume, not yet time (every 5m)
2025-05-02 19:19:00 - DEBUG - [_process_strategies] [N/A] ⏱ Skipping SMA_Cross_candle, not yet time (every 5m)
2025-05-02 19:19:00 - INFO - [_update_active_orders_and_telegram] [N/A] 📊 Updating SL/TP for active orders
2025-05-02 19:19:01 - INFO - [_wait_until_next_iteration] [N/A] ⏳ Sleeping for 58.93 seconds before the next cycle
2025-05-02 19:20:00 - INFO - [_run_strategy_if_applicable] [N/A] ⏰ Strategy 'VWAP_diff_signal_1700' not executed because it's outside the time window: 17:30:00 - 19:00:00
2025-05-02 19:20:00 - INFO - [_run_strategy_if_applicable] [N/A] ⏰ Strategy 'VWAP_diff_signal_rsi_1700' not executed because it's outside the time window: 17:30:00 - 19:00:00
2025-05-02 19:20:00 - INFO - [_run_strategy_if_applicable] [N/A] ⏰ Strategy 'EMA_Cross_ema50' not executed because it's outside the time window: 16:35:00 - 16:50:00
2025-05-02 19:20:00 - INFO - [_run_strategy_if_applicable] [N/A] ⏰ Strategy 'EMA_Cross_candle' not executed because it's outside the time window: 16:35:00 - 16:50:00
2025-05-02 19:20:00 - INFO - [_run_strategy_if_applicable] [N/A] ⏰ Strategy 'SMA_Cross_sma50' not executed because it's outside the time window: 16:35:00 - 16:50:00
2025-05-02 19:20:00 - INFO - [_run_strategy_if_applicable] [N/A] ⏰ Strategy 'VWAP_diff_signal_1700_volume' not executed because it's outside the time window: 17:30:00 - 19:00:00
2025-05-02 19:20:00 - INFO - [_run_strategy_if_applicable] [N/A] ⏰ Strategy 'SMA_Cross_candle' not executed because it's outside the time window: 16:35:00 - 16:50:00
2025-05-02 19:20:00 - INFO - [_update_active_orders_and_telegram] [N/A] 📊 Updating SL/TP for active orders
2025-05-02 19:20:01 - INFO - [_wait_until_next_iteration] [N/A] ⏳ Sleeping for 58.93 seconds before the next cycle
2025-05-02 19:21:00 - DEBUG - [_process_strategies] [N/A] ⏱ Skipping VWAP_diff_signal_1700, not yet time (every 5m)
2025-05-02 19:21:00 - DEBUG - [_process_strategies] [N/A] ⏱ Skipping VWAP_diff_signal_rsi_1700, not yet time (every 5m)
2025-05-02 19:21:00 - DEBUG - [_process_strategies] [N/A] ⏱ Skipping EMA_Cross_ema50, not yet time (every 5m)
2025-05-02 19:21:00 - DEBUG - [_process_strategies] [N/A] ⏱ Skipping EMA_Cross_candle, not yet time (every 5m)
2025-05-02 19:21:00 - DEBUG - [_process_strategies] [N/A] ⏱ Skipping SMA_Cross_sma50, not yet time (every 5m)
2025-05-02 19:21:00 - DEBUG - [_process_strategies] [N/A] ⏱ Skipping VWAP_diff_signal_1700_volume, not yet time (every 5m)
2025-05-02 19:21:00 - DEBUG - [_process_strategies] [N/A] ⏱ Skipping SMA_Cross_candle, not yet time (every 5m)
2025-05-02 19:21:00 - INFO - [_update_active_orders_and_telegram] [N/A] 📊 Updating SL/TP for active orders
2025-05-02 19:21:01 - INFO - [_wait_until_next_iteration] [N/A] ⏳ Sleeping for 58.93 seconds before the next cycle
2025-05-02 19:22:00 - DEBUG - [_process_strategies] [N/A] ⏱ Skipping VWAP_diff_signal_1700, not yet time (every 5m)
2025-05-02 19:22:00 - DEBUG - [_process_strategies] [N/A] ⏱ Skipping VWAP_diff_signal_rsi_1700, not yet time (every 5m)
2025-05-02 19:22:00 - DEBUG - [_process_strategies] [N/A] ⏱ Skipping EMA_Cross_ema50, not yet time (every 5m)
2025-05-02 19:22:00 - DEBUG - [_process_strategies] [N/A] ⏱ Skipping EMA_Cross_candle, not yet time (every 5m)
2025-05-02 19:22:00 - DEBUG - [_process_strategies] [N/A] ⏱ Skipping SMA_Cross_sma50, not yet time (every 5m)
2025-05-02 19:22:00 - DEBUG - [_process_strategies] [N/A] ⏱ Skipping VWAP_diff_signal_1700_volume, not yet time (every 5m)
2025-05-02 19:22:00 - DEBUG - [_process_strategies] [N/A] ⏱ Skipping SMA_Cross_candle, not yet time (every 5m)
2025-05-02 19:22:00 - INFO - [_update_active_orders_and_telegram] [N/A] 📊 Updating SL/TP for active orders
2025-05-02 19:22:01 - INFO - [_wait_until_next_iteration] [N/A] ⏳ Sleeping for 58.98 seconds before the next cycle
2025-05-02 19:23:00 - DEBUG - [_process_strategies] [N/A] ⏱ Skipping VWAP_diff_signal_1700, not yet time (every 5m)
2025-05-02 19:23:00 - DEBUG - [_process_strategies] [N/A] ⏱ Skipping VWAP_diff_signal_rsi_1700, not yet time (every 5m)
2025-05-02 19:23:00 - DEBUG - [_process_strategies] [N/A] ⏱ Skipping EMA_Cross_ema50, not yet time (every 5m)
2025-05-02 19:23:00 - DEBUG - [_process_strategies] [N/A] ⏱ Skipping EMA_Cross_candle, not yet time (every 5m)
2025-05-02 19:23:00 - DEBUG - [_process_strategies] [N/A] ⏱ Skipping SMA_Cross_sma50, not yet time (every 5m)
2025-05-02 19:23:00 - DEBUG - [_process_strategies] [N/A] ⏱ Skipping VWAP_diff_signal_1700_volume, not yet time (every 5m)
2025-05-02 19:23:00 - DEBUG - [_process_strategies] [N/A] ⏱ Skipping SMA_Cross_candle, not yet time (every 5m)
2025-05-02 19:23:00 - INFO - [_update_active_orders_and_telegram] [N/A] 📊 Updating SL/TP for active orders
2025-05-02 19:23:01 - INFO - [_wait_until_next_iteration] [N/A] ⏳ Sleeping for 58.93 seconds before the next cycle
2025-05-02 19:24:00 - DEBUG - [_process_strategies] [N/A] ⏱ Skipping VWAP_diff_signal_1700, not yet time (every 5m)
2025-05-02 19:24:00 - DEBUG - [_process_strategies] [N/A] ⏱ Skipping VWAP_diff_signal_rsi_1700, not yet time (every 5m)
2025-05-02 19:24:00 - DEBUG - [_process_strategies] [N/A] ⏱ Skipping EMA_Cross_ema50, not yet time (every 5m)
2025-05-02 19:24:00 - DEBUG - [_process_strategies] [N/A] ⏱ Skipping EMA_Cross_candle, not yet time (every 5m)
2025-05-02 19:24:00 - DEBUG - [_process_strategies] [N/A] ⏱ Skipping SMA_Cross_sma50, not yet time (every 5m)
2025-05-02 19:24:00 - DEBUG - [_process_strategies] [N/A] ⏱ Skipping VWAP_diff_signal_1700_volume, not yet time (every 5m)
2025-05-02 19:24:00 - DEBUG - [_process_strategies] [N/A] ⏱ Skipping SMA_Cross_candle, not yet time (every 5m)
2025-05-02 19:24:00 - INFO - [_update_active_orders_and_telegram] [N/A] 📊 Updating SL/TP for active orders
2025-05-02 19:24:01 - INFO - [_wait_until_next_iteration] [N/A] ⏳ Sleeping for 58.93 seconds before the next cycle
2025-05-02 19:25:00 - INFO - [_run_strategy_if_applicable] [N/A] ⏰ Strategy 'VWAP_diff_signal_1700' not executed because it's outside the time window: 17:30:00 - 19:00:00
2025-05-02 19:25:00 - INFO - [_run_strategy_if_applicable] [N/A] ⏰ Strategy 'VWAP_diff_signal_rsi_1700' not executed because it's outside the time window: 17:30:00 - 19:00:00
2025-05-02 19:25:00 - INFO - [_run_strategy_if_applicable] [N/A] ⏰ Strategy 'EMA_Cross_ema50' not executed because it's outside the time window: 16:35:00 - 16:50:00
2025-05-02 19:25:00 - INFO - [_run_strategy_if_applicable] [N/A] ⏰ Strategy 'EMA_Cross_candle' not executed because it's outside the time window: 16:35:00 - 16:50:00
2025-05-02 19:25:00 - INFO - [_run_strategy_if_applicable] [N/A] ⏰ Strategy 'SMA_Cross_sma50' not executed because it's outside the time window: 16:35:00 - 16:50:00
2025-05-02 19:25:00 - INFO - [_run_strategy_if_applicable] [N/A] ⏰ Strategy 'VWAP_diff_signal_1700_volume' not executed because it's outside the time window: 17:30:00 - 19:00:00
2025-05-02 19:25:00 - INFO - [_run_strategy_if_applicable] [N/A] ⏰ Strategy 'SMA_Cross_candle' not executed because it's outside the time window: 16:35:00 - 16:50:00
2025-05-02 19:25:00 - INFO - [_update_active_orders_and_telegram] [N/A] 📊 Updating SL/TP for active orders
2025-05-02 19:25:01 - INFO - [_wait_until_next_iteration] [N/A] ⏳ Sleeping for 58.93 seconds before the next cycle
2025-05-02 19:26:00 - DEBUG - [_process_strategies] [N/A] ⏱ Skipping VWAP_diff_signal_1700, not yet time (every 5m)
2025-05-02 19:26:00 - DEBUG - [_process_strategies] [N/A] ⏱ Skipping VWAP_diff_signal_rsi_1700, not yet time (every 5m)
2025-05-02 19:26:00 - DEBUG - [_process_strategies] [N/A] ⏱ Skipping EMA_Cross_ema50, not yet time (every 5m)
2025-05-02 19:26:00 - DEBUG - [_process_strategies] [N/A] ⏱ Skipping EMA_Cross_candle, not yet time (every 5m)
2025-05-02 19:26:00 - DEBUG - [_process_strategies] [N/A] ⏱ Skipping SMA_Cross_sma50, not yet time (every 5m)
2025-05-02 19:26:00 - DEBUG - [_process_strategies] [N/A] ⏱ Skipping VWAP_diff_signal_1700_volume, not yet time (every 5m)
2025-05-02 19:26:00 - DEBUG - [_process_strategies] [N/A] ⏱ Skipping SMA_Cross_candle, not yet time (every 5m)
2025-05-02 19:26:00 - INFO - [_update_active_orders_and_telegram] [N/A] 📊 Updating SL/TP for active orders
2025-05-02 19:26:01 - INFO - [_wait_until_next_iteration] [N/A] ⏳ Sleeping for 58.93 seconds before the next cycle
2025-05-02 19:27:00 - DEBUG - [_process_strategies] [N/A] ⏱ Skipping VWAP_diff_signal_1700, not yet time (every 5m)
2025-05-02 19:27:00 - DEBUG - [_process_strategies] [N/A] ⏱ Skipping VWAP_diff_signal_rsi_1700, not yet time (every 5m)
2025-05-02 19:27:00 - DEBUG - [_process_strategies] [N/A] ⏱ Skipping EMA_Cross_ema50, not yet time (every 5m)
2025-05-02 19:27:00 - DEBUG - [_process_strategies] [N/A] ⏱ Skipping EMA_Cross_candle, not yet time (every 5m)
2025-05-02 19:27:00 - DEBUG - [_process_strategies] [N/A] ⏱ Skipping SMA_Cross_sma50, not yet time (every 5m)
2025-05-02 19:27:00 - DEBUG - [_process_strategies] [N/A] ⏱ Skipping VWAP_diff_signal_1700_volume, not yet time (every 5m)
2025-05-02 19:27:00 - DEBUG - [_process_strategies] [N/A] ⏱ Skipping SMA_Cross_candle, not yet time (every 5m)
2025-05-02 19:27:00 - INFO - [_update_active_orders_and_telegram] [N/A] 📊 Updating SL/TP for active orders
2025-05-02 19:27:01 - INFO - [_wait_until_next_iteration] [N/A] ⏳ Sleeping for 58.93 seconds before the next cycle
2025-05-02 19:28:00 - DEBUG - [_process_strategies] [N/A] ⏱ Skipping VWAP_diff_signal_1700, not yet time (every 5m)
2025-05-02 19:28:00 - DEBUG - [_process_strategies] [N/A] ⏱ Skipping VWAP_diff_signal_rsi_1700, not yet time (every 5m)
2025-05-02 19:28:00 - DEBUG - [_process_strategies] [N/A] ⏱ Skipping EMA_Cross_ema50, not yet time (every 5m)
2025-05-02 19:28:00 - DEBUG - [_process_strategies] [N/A] ⏱ Skipping EMA_Cross_candle, not yet time (every 5m)
2025-05-02 19:28:00 - DEBUG - [_process_strategies] [N/A] ⏱ Skipping SMA_Cross_sma50, not yet time (every 5m)
2025-05-02 19:28:00 - DEBUG - [_process_strategies] [N/A] ⏱ Skipping VWAP_diff_signal_1700_volume, not yet time (every 5m)
2025-05-02 19:28:00 - DEBUG - [_process_strategies] [N/A] ⏱ Skipping SMA_Cross_candle, not yet time (every 5m)
2025-05-02 19:28:00 - INFO - [_update_active_orders_and_telegram] [N/A] 📊 Updating SL/TP for active orders
2025-05-02 19:28:01 - INFO - [_wait_until_next_iteration] [N/A] ⏳ Sleeping for 58.94 seconds before the next cycle
2025-05-02 19:29:00 - DEBUG - [_process_strategies] [N/A] ⏱ Skipping VWAP_diff_signal_1700, not yet time (every 5m)
2025-05-02 19:29:00 - DEBUG - [_process_strategies] [N/A] ⏱ Skipping VWAP_diff_signal_rsi_1700, not yet time (every 5m)
2025-05-02 19:29:00 - DEBUG - [_process_strategies] [N/A] ⏱ Skipping EMA_Cross_ema50, not yet time (every 5m)
2025-05-02 19:29:00 - DEBUG - [_process_strategies] [N/A] ⏱ Skipping EMA_Cross_candle, not yet time (every 5m)
2025-05-02 19:29:00 - DEBUG - [_process_strategies] [N/A] ⏱ Skipping SMA_Cross_sma50, not yet time (every 5m)
2025-05-02 19:29:00 - DEBUG - [_process_strategies] [N/A] ⏱ Skipping VWAP_diff_signal_1700_volume, not yet time (every 5m)
2025-05-02 19:29:00 - DEBUG - [_process_strategies] [N/A] ⏱ Skipping SMA_Cross_candle, not yet time (every 5m)
2025-05-02 19:29:00 - INFO - [_update_active_orders_and_telegram] [N/A] 📊 Updating SL/TP for active orders
2025-05-02 19:29:01 - INFO - [_wait_until_next_iteration] [N/A] ⏳ Sleeping for 58.94 seconds before the next cycle
2025-05-02 19:30:00 - INFO - [_run_strategy_if_applicable] [N/A] ⏰ Strategy 'VWAP_diff_signal_1700' not executed because it's outside the time window: 17:30:00 - 19:00:00
2025-05-02 19:30:00 - INFO - [_run_strategy_if_applicable] [N/A] ⏰ Strategy 'VWAP_diff_signal_rsi_1700' not executed because it's outside the time window: 17:30:00 - 19:00:00
2025-05-02 19:30:00 - INFO - [_run_strategy_if_applicable] [N/A] ⏰ Strategy 'EMA_Cross_ema50' not executed because it's outside the time window: 16:35:00 - 16:50:00
2025-05-02 19:30:00 - INFO - [_run_strategy_if_applicable] [N/A] ⏰ Strategy 'EMA_Cross_candle' not executed because it's outside the time window: 16:35:00 - 16:50:00
2025-05-02 19:30:00 - INFO - [_run_strategy_if_applicable] [N/A] ⏰ Strategy 'SMA_Cross_sma50' not executed because it's outside the time window: 16:35:00 - 16:50:00
2025-05-02 19:30:00 - INFO - [_run_strategy_if_applicable] [N/A] ⏰ Strategy 'VWAP_diff_signal_1700_volume' not executed because it's outside the time window: 17:30:00 - 19:00:00
2025-05-02 19:30:00 - INFO - [_run_strategy_if_applicable] [N/A] ⏰ Strategy 'SMA_Cross_candle' not executed because it's outside the time window: 16:35:00 - 16:50:00
2025-05-02 19:30:00 - INFO - [_update_active_orders_and_telegram] [N/A] 📊 Updating SL/TP for active orders
2025-05-02 19:30:01 - INFO - [_wait_until_next_iteration] [N/A] ⏳ Sleeping for 58.92 seconds before the next cycle
2025-05-02 19:31:00 - DEBUG - [_process_strategies] [N/A] ⏱ Skipping VWAP_diff_signal_1700, not yet time (every 5m)
2025-05-02 19:31:00 - DEBUG - [_process_strategies] [N/A] ⏱ Skipping VWAP_diff_signal_rsi_1700, not yet time (every 5m)
2025-05-02 19:31:00 - DEBUG - [_process_strategies] [N/A] ⏱ Skipping EMA_Cross_ema50, not yet time (every 5m)
2025-05-02 19:31:00 - DEBUG - [_process_strategies] [N/A] ⏱ Skipping EMA_Cross_candle, not yet time (every 5m)
2025-05-02 19:31:00 - DEBUG - [_process_strategies] [N/A] ⏱ Skipping SMA_Cross_sma50, not yet time (every 5m)
2025-05-02 19:31:00 - DEBUG - [_process_strategies] [N/A] ⏱ Skipping VWAP_diff_signal_1700_volume, not yet time (every 5m)
2025-05-02 19:31:00 - DEBUG - [_process_strategies] [N/A] ⏱ Skipping SMA_Cross_candle, not yet time (every 5m)
2025-05-02 19:31:00 - INFO - [_update_active_orders_and_telegram] [N/A] 📊 Updating SL/TP for active orders
2025-05-02 19:31:01 - INFO - [_wait_until_next_iteration] [N/A] ⏳ Sleeping for 58.93 seconds before the next cycle
2025-05-02 19:32:00 - DEBUG - [_process_strategies] [N/A] ⏱ Skipping VWAP_diff_signal_1700, not yet time (every 5m)
2025-05-02 19:32:00 - DEBUG - [_process_strategies] [N/A] ⏱ Skipping VWAP_diff_signal_rsi_1700, not yet time (every 5m)
2025-05-02 19:32:00 - DEBUG - [_process_strategies] [N/A] ⏱ Skipping EMA_Cross_ema50, not yet time (every 5m)
2025-05-02 19:32:00 - DEBUG - [_process_strategies] [N/A] ⏱ Skipping EMA_Cross_candle, not yet time (every 5m)
2025-05-02 19:32:00 - DEBUG - [_process_strategies] [N/A] ⏱ Skipping SMA_Cross_sma50, not yet time (every 5m)
2025-05-02 19:32:00 - DEBUG - [_process_strategies] [N/A] ⏱ Skipping VWAP_diff_signal_1700_volume, not yet time (every 5m)
2025-05-02 19:32:00 - DEBUG - [_process_strategies] [N/A] ⏱ Skipping SMA_Cross_candle, not yet time (every 5m)
2025-05-02 19:32:00 - INFO - [_update_active_orders_and_telegram] [N/A] 📊 Updating SL/TP for active orders
2025-05-02 19:32:01 - INFO - [_wait_until_next_iteration] [N/A] ⏳ Sleeping for 58.92 seconds before the next cycle
2025-05-02 19:33:00 - DEBUG - [_process_strategies] [N/A] ⏱ Skipping VWAP_diff_signal_1700, not yet time (every 5m)
2025-05-02 19:33:00 - DEBUG - [_process_strategies] [N/A] ⏱ Skipping VWAP_diff_signal_rsi_1700, not yet time (every 5m)
2025-05-02 19:33:00 - DEBUG - [_process_strategies] [N/A] ⏱ Skipping EMA_Cross_ema50, not yet time (every 5m)
2025-05-02 19:33:00 - DEBUG - [_process_strategies] [N/A] ⏱ Skipping EMA_Cross_candle, not yet time (every 5m)
2025-05-02 19:33:00 - DEBUG - [_process_strategies] [N/A] ⏱ Skipping SMA_Cross_sma50, not yet time (every 5m)
2025-05-02 19:33:00 - DEBUG - [_process_strategies] [N/A] ⏱ Skipping VWAP_diff_signal_1700_volume, not yet time (every 5m)
2025-05-02 19:33:00 - DEBUG - [_process_strategies] [N/A] ⏱ Skipping SMA_Cross_candle, not yet time (every 5m)
2025-05-02 19:33:00 - INFO - [_update_active_orders_and_telegram] [N/A] 📊 Updating SL/TP for active orders
2025-05-02 19:33:01 - INFO - [_wait_until_next_iteration] [N/A] ⏳ Sleeping for 58.93 seconds before the next cycle
2025-05-02 19:34:00 - DEBUG - [_process_strategies] [N/A] ⏱ Skipping VWAP_diff_signal_1700, not yet time (every 5m)
2025-05-02 19:34:00 - DEBUG - [_process_strategies] [N/A] ⏱ Skipping VWAP_diff_signal_rsi_1700, not yet time (every 5m)
2025-05-02 19:34:00 - DEBUG - [_process_strategies] [N/A] ⏱ Skipping EMA_Cross_ema50, not yet time (every 5m)
2025-05-02 19:34:00 - DEBUG - [_process_strategies] [N/A] ⏱ Skipping EMA_Cross_candle, not yet time (every 5m)
2025-05-02 19:34:00 - DEBUG - [_process_strategies] [N/A] ⏱ Skipping SMA_Cross_sma50, not yet time (every 5m)
2025-05-02 19:34:00 - DEBUG - [_process_strategies] [N/A] ⏱ Skipping VWAP_diff_signal_1700_volume, not yet time (every 5m)
2025-05-02 19:34:00 - DEBUG - [_process_strategies] [N/A] ⏱ Skipping SMA_Cross_candle, not yet time (every 5m)
2025-05-02 19:34:00 - INFO - [_update_active_orders_and_telegram] [N/A] 📊 Updating SL/TP for active orders
2025-05-02 19:34:01 - INFO - [_wait_until_next_iteration] [N/A] ⏳ Sleeping for 58.92 seconds before the next cycle
2025-05-02 19:35:00 - INFO - [_run_strategy_if_applicable] [N/A] ⏰ Strategy 'VWAP_diff_signal_1700' not executed because it's outside the time window: 17:30:00 - 19:00:00
2025-05-02 19:35:00 - INFO - [_run_strategy_if_applicable] [N/A] ⏰ Strategy 'VWAP_diff_signal_rsi_1700' not executed because it's outside the time window: 17:30:00 - 19:00:00
2025-05-02 19:35:00 - INFO - [_run_strategy_if_applicable] [N/A] ⏰ Strategy 'EMA_Cross_ema50' not executed because it's outside the time window: 16:35:00 - 16:50:00
2025-05-02 19:35:00 - INFO - [_run_strategy_if_applicable] [N/A] ⏰ Strategy 'EMA_Cross_candle' not executed because it's outside the time window: 16:35:00 - 16:50:00
2025-05-02 19:35:00 - INFO - [_run_strategy_if_applicable] [N/A] ⏰ Strategy 'SMA_Cross_sma50' not executed because it's outside the time window: 16:35:00 - 16:50:00
2025-05-02 19:35:00 - INFO - [_run_strategy_if_applicable] [N/A] ⏰ Strategy 'VWAP_diff_signal_1700_volume' not executed because it's outside the time window: 17:30:00 - 19:00:00
2025-05-02 19:35:00 - INFO - [_run_strategy_if_applicable] [N/A] ⏰ Strategy 'SMA_Cross_candle' not executed because it's outside the time window: 16:35:00 - 16:50:00
2025-05-02 19:35:00 - INFO - [_update_active_orders_and_telegram] [N/A] 📊 Updating SL/TP for active orders
2025-05-02 19:35:01 - INFO - [_wait_until_next_iteration] [N/A] ⏳ Sleeping for 58.92 seconds before the next cycle
2025-05-02 19:36:00 - DEBUG - [_process_strategies] [N/A] ⏱ Skipping VWAP_diff_signal_1700, not yet time (every 5m)
2025-05-02 19:36:00 - DEBUG - [_process_strategies] [N/A] ⏱ Skipping VWAP_diff_signal_rsi_1700, not yet time (every 5m)
2025-05-02 19:36:00 - DEBUG - [_process_strategies] [N/A] ⏱ Skipping EMA_Cross_ema50, not yet time (every 5m)
2025-05-02 19:36:00 - DEBUG - [_process_strategies] [N/A] ⏱ Skipping EMA_Cross_candle, not yet time (every 5m)
2025-05-02 19:36:00 - DEBUG - [_process_strategies] [N/A] ⏱ Skipping SMA_Cross_sma50, not yet time (every 5m)
2025-05-02 19:36:00 - DEBUG - [_process_strategies] [N/A] ⏱ Skipping VWAP_diff_signal_1700_volume, not yet time (every 5m)
2025-05-02 19:36:00 - DEBUG - [_process_strategies] [N/A] ⏱ Skipping SMA_Cross_candle, not yet time (every 5m)
2025-05-02 19:36:00 - INFO - [_update_active_orders_and_telegram] [N/A] 📊 Updating SL/TP for active orders
2025-05-02 19:36:01 - INFO - [_wait_until_next_iteration] [N/A] ⏳ Sleeping for 58.93 seconds before the next cycle
2025-05-02 19:37:00 - DEBUG - [_process_strategies] [N/A] ⏱ Skipping VWAP_diff_signal_1700, not yet time (every 5m)
2025-05-02 19:37:00 - DEBUG - [_process_strategies] [N/A] ⏱ Skipping VWAP_diff_signal_rsi_1700, not yet time (every 5m)
2025-05-02 19:37:00 - DEBUG - [_process_strategies] [N/A] ⏱ Skipping EMA_Cross_ema50, not yet time (every 5m)
2025-05-02 19:37:00 - DEBUG - [_process_strategies] [N/A] ⏱ Skipping EMA_Cross_candle, not yet time (every 5m)
2025-05-02 19:37:00 - DEBUG - [_process_strategies] [N/A] ⏱ Skipping SMA_Cross_sma50, not yet time (every 5m)
2025-05-02 19:37:00 - DEBUG - [_process_strategies] [N/A] ⏱ Skipping VWAP_diff_signal_1700_volume, not yet time (every 5m)
2025-05-02 19:37:00 - DEBUG - [_process_strategies] [N/A] ⏱ Skipping SMA_Cross_candle, not yet time (every 5m)
2025-05-02 19:37:00 - INFO - [_update_active_orders_and_telegram] [N/A] 📊 Updating SL/TP for active orders
2025-05-02 19:37:01 - INFO - [_wait_until_next_iteration] [N/A] ⏳ Sleeping for 58.92 seconds before the next cycle
2025-05-02 19:38:00 - DEBUG - [_process_strategies] [N/A] ⏱ Skipping VWAP_diff_signal_1700, not yet time (every 5m)
2025-05-02 19:38:00 - DEBUG - [_process_strategies] [N/A] ⏱ Skipping VWAP_diff_signal_rsi_1700, not yet time (every 5m)
2025-05-02 19:38:00 - DEBUG - [_process_strategies] [N/A] ⏱ Skipping EMA_Cross_ema50, not yet time (every 5m)
2025-05-02 19:38:00 - DEBUG - [_process_strategies] [N/A] ⏱ Skipping EMA_Cross_candle, not yet time (every 5m)
2025-05-02 19:38:00 - DEBUG - [_process_strategies] [N/A] ⏱ Skipping SMA_Cross_sma50, not yet time (every 5m)
2025-05-02 19:38:00 - DEBUG - [_process_strategies] [N/A] ⏱ Skipping VWAP_diff_signal_1700_volume, not yet time (every 5m)
2025-05-02 19:38:00 - DEBUG - [_process_strategies] [N/A] ⏱ Skipping SMA_Cross_candle, not yet time (every 5m)
2025-05-02 19:38:00 - INFO - [_update_active_orders_and_telegram] [N/A] 📊 Updating SL/TP for active orders
2025-05-02 19:38:01 - INFO - [_wait_until_next_iteration] [N/A] ⏳ Sleeping for 58.93 seconds before the next cycle
2025-05-02 19:39:00 - DEBUG - [_process_strategies] [N/A] ⏱ Skipping VWAP_diff_signal_1700, not yet time (every 5m)
2025-05-02 19:39:00 - DEBUG - [_process_strategies] [N/A] ⏱ Skipping VWAP_diff_signal_rsi_1700, not yet time (every 5m)
2025-05-02 19:39:00 - DEBUG - [_process_strategies] [N/A] ⏱ Skipping EMA_Cross_ema50, not yet time (every 5m)
2025-05-02 19:39:00 - DEBUG - [_process_strategies] [N/A] ⏱ Skipping EMA_Cross_candle, not yet time (every 5m)
2025-05-02 19:39:00 - DEBUG - [_process_strategies] [N/A] ⏱ Skipping SMA_Cross_sma50, not yet time (every 5m)
2025-05-02 19:39:00 - DEBUG - [_process_strategies] [N/A] ⏱ Skipping VWAP_diff_signal_1700_volume, not yet time (every 5m)
2025-05-02 19:39:00 - DEBUG - [_process_strategies] [N/A] ⏱ Skipping SMA_Cross_candle, not yet time (every 5m)
2025-05-02 19:39:00 - INFO - [_update_active_orders_and_telegram] [N/A] 📊 Updating SL/TP for active orders
2025-05-02 19:39:01 - INFO - [_wait_until_next_iteration] [N/A] ⏳ Sleeping for 58.93 seconds before the next cycle
2025-05-02 19:40:00 - INFO - [_run_strategy_if_applicable] [N/A] ⏰ Strategy 'VWAP_diff_signal_1700' not executed because it's outside the time window: 17:30:00 - 19:00:00
2025-05-02 19:40:00 - INFO - [_run_strategy_if_applicable] [N/A] ⏰ Strategy 'VWAP_diff_signal_rsi_1700' not executed because it's outside the time window: 17:30:00 - 19:00:00
2025-05-02 19:40:00 - INFO - [_run_strategy_if_applicable] [N/A] ⏰ Strategy 'EMA_Cross_ema50' not executed because it's outside the time window: 16:35:00 - 16:50:00
2025-05-02 19:40:00 - INFO - [_run_strategy_if_applicable] [N/A] ⏰ Strategy 'EMA_Cross_candle' not executed because it's outside the time window: 16:35:00 - 16:50:00
2025-05-02 19:40:00 - INFO - [_run_strategy_if_applicable] [N/A] ⏰ Strategy 'SMA_Cross_sma50' not executed because it's outside the time window: 16:35:00 - 16:50:00
2025-05-02 19:40:00 - INFO - [_run_strategy_if_applicable] [N/A] ⏰ Strategy 'VWAP_diff_signal_1700_volume' not executed because it's outside the time window: 17:30:00 - 19:00:00
2025-05-02 19:40:00 - INFO - [_run_strategy_if_applicable] [N/A] ⏰ Strategy 'SMA_Cross_candle' not executed because it's outside the time window: 16:35:00 - 16:50:00
2025-05-02 19:40:00 - INFO - [_update_active_orders_and_telegram] [N/A] 📊 Updating SL/TP for active orders
2025-05-02 19:40:01 - INFO - [_wait_until_next_iteration] [N/A] ⏳ Sleeping for 58.94 seconds before the next cycle
2025-05-02 19:41:00 - DEBUG - [_process_strategies] [N/A] ⏱ Skipping VWAP_diff_signal_1700, not yet time (every 5m)
2025-05-02 19:41:00 - DEBUG - [_process_strategies] [N/A] ⏱ Skipping VWAP_diff_signal_rsi_1700, not yet time (every 5m)
2025-05-02 19:41:00 - DEBUG - [_process_strategies] [N/A] ⏱ Skipping EMA_Cross_ema50, not yet time (every 5m)
2025-05-02 19:41:00 - DEBUG - [_process_strategies] [N/A] ⏱ Skipping EMA_Cross_candle, not yet time (every 5m)
2025-05-02 19:41:00 - DEBUG - [_process_strategies] [N/A] ⏱ Skipping SMA_Cross_sma50, not yet time (every 5m)
2025-05-02 19:41:00 - DEBUG - [_process_strategies] [N/A] ⏱ Skipping VWAP_diff_signal_1700_volume, not yet time (every 5m)
2025-05-02 19:41:00 - DEBUG - [_process_strategies] [N/A] ⏱ Skipping SMA_Cross_candle, not yet time (every 5m)
2025-05-02 19:41:00 - INFO - [_update_active_orders_and_telegram] [N/A] 📊 Updating SL/TP for active orders
2025-05-02 19:41:01 - INFO - [_wait_until_next_iteration] [N/A] ⏳ Sleeping for 58.93 seconds before the next cycle
2025-05-02 19:42:00 - DEBUG - [_process_strategies] [N/A] ⏱ Skipping VWAP_diff_signal_1700, not yet time (every 5m)
2025-05-02 19:42:00 - DEBUG - [_process_strategies] [N/A] ⏱ Skipping VWAP_diff_signal_rsi_1700, not yet time (every 5m)
2025-05-02 19:42:00 - DEBUG - [_process_strategies] [N/A] ⏱ Skipping EMA_Cross_ema50, not yet time (every 5m)
2025-05-02 19:42:00 - DEBUG - [_process_strategies] [N/A] ⏱ Skipping EMA_Cross_candle, not yet time (every 5m)
2025-05-02 19:42:00 - DEBUG - [_process_strategies] [N/A] ⏱ Skipping SMA_Cross_sma50, not yet time (every 5m)
2025-05-02 19:42:00 - DEBUG - [_process_strategies] [N/A] ⏱ Skipping VWAP_diff_signal_1700_volume, not yet time (every 5m)
2025-05-02 19:42:00 - DEBUG - [_process_strategies] [N/A] ⏱ Skipping SMA_Cross_candle, not yet time (every 5m)
2025-05-02 19:42:00 - INFO - [_update_active_orders_and_telegram] [N/A] 📊 Updating SL/TP for active orders
2025-05-02 19:42:01 - INFO - [_wait_until_next_iteration] [N/A] ⏳ Sleeping for 58.95 seconds before the next cycle
2025-05-02 19:43:00 - DEBUG - [_process_strategies] [N/A] ⏱ Skipping VWAP_diff_signal_1700, not yet time (every 5m)
2025-05-02 19:43:00 - DEBUG - [_process_strategies] [N/A] ⏱ Skipping VWAP_diff_signal_rsi_1700, not yet time (every 5m)
2025-05-02 19:43:00 - DEBUG - [_process_strategies] [N/A] ⏱ Skipping EMA_Cross_ema50, not yet time (every 5m)
2025-05-02 19:43:00 - DEBUG - [_process_strategies] [N/A] ⏱ Skipping EMA_Cross_candle, not yet time (every 5m)
2025-05-02 19:43:00 - DEBUG - [_process_strategies] [N/A] ⏱ Skipping SMA_Cross_sma50, not yet time (every 5m)
2025-05-02 19:43:00 - DEBUG - [_process_strategies] [N/A] ⏱ Skipping VWAP_diff_signal_1700_volume, not yet time (every 5m)
2025-05-02 19:43:00 - DEBUG - [_process_strategies] [N/A] ⏱ Skipping SMA_Cross_candle, not yet time (every 5m)
2025-05-02 19:43:00 - INFO - [_update_active_orders_and_telegram] [N/A] 📊 Updating SL/TP for active orders
2025-05-02 19:43:01 - INFO - [_wait_until_next_iteration] [N/A] ⏳ Sleeping for 58.95 seconds before the next cycle
2025-05-02 19:44:00 - DEBUG - [_process_strategies] [N/A] ⏱ Skipping VWAP_diff_signal_1700, not yet time (every 5m)
2025-05-02 19:44:00 - DEBUG - [_process_strategies] [N/A] ⏱ Skipping VWAP_diff_signal_rsi_1700, not yet time (every 5m)
2025-05-02 19:44:00 - DEBUG - [_process_strategies] [N/A] ⏱ Skipping EMA_Cross_ema50, not yet time (every 5m)
2025-05-02 19:44:00 - DEBUG - [_process_strategies] [N/A] ⏱ Skipping EMA_Cross_candle, not yet time (every 5m)
2025-05-02 19:44:00 - DEBUG - [_process_strategies] [N/A] ⏱ Skipping SMA_Cross_sma50, not yet time (every 5m)
2025-05-02 19:44:00 - DEBUG - [_process_strategies] [N/A] ⏱ Skipping VWAP_diff_signal_1700_volume, not yet time (every 5m)
2025-05-02 19:44:00 - DEBUG - [_process_strategies] [N/A] ⏱ Skipping SMA_Cross_candle, not yet time (every 5m)
2025-05-02 19:44:00 - INFO - [_update_active_orders_and_telegram] [N/A] 📊 Updating SL/TP for active orders
2025-05-02 19:44:01 - INFO - [_wait_until_next_iteration] [N/A] ⏳ Sleeping for 58.94 seconds before the next cycle
2025-05-02 19:45:00 - INFO - [_run_strategy_if_applicable] [N/A] ⏰ Strategy 'VWAP_diff_signal_1700' not executed because it's outside the time window: 17:30:00 - 19:00:00
2025-05-02 19:45:00 - INFO - [_run_strategy_if_applicable] [N/A] ⏰ Strategy 'VWAP_diff_signal_rsi_1700' not executed because it's outside the time window: 17:30:00 - 19:00:00
2025-05-02 19:45:00 - INFO - [_run_strategy_if_applicable] [N/A] ⏰ Strategy 'EMA_Cross_ema50' not executed because it's outside the time window: 16:35:00 - 16:50:00
2025-05-02 19:45:00 - INFO - [_run_strategy_if_applicable] [N/A] ⏰ Strategy 'EMA_Cross_candle' not executed because it's outside the time window: 16:35:00 - 16:50:00
2025-05-02 19:45:00 - INFO - [_run_strategy_if_applicable] [N/A] ⏰ Strategy 'SMA_Cross_sma50' not executed because it's outside the time window: 16:35:00 - 16:50:00
2025-05-02 19:45:00 - INFO - [_run_strategy_if_applicable] [N/A] ⏰ Strategy 'VWAP_diff_signal_1700_volume' not executed because it's outside the time window: 17:30:00 - 19:00:00
2025-05-02 19:45:00 - INFO - [_run_strategy_if_applicable] [N/A] ⏰ Strategy 'SMA_Cross_candle' not executed because it's outside the time window: 16:35:00 - 16:50:00
2025-05-02 19:45:00 - INFO - [_update_active_orders_and_telegram] [N/A] 📊 Updating SL/TP for active orders
2025-05-02 19:45:01 - INFO - [_wait_until_next_iteration] [N/A] ⏳ Sleeping for 58.94 seconds before the next cycle
2025-05-02 19:46:00 - DEBUG - [_process_strategies] [N/A] ⏱ Skipping VWAP_diff_signal_1700, not yet time (every 5m)
2025-05-02 19:46:00 - DEBUG - [_process_strategies] [N/A] ⏱ Skipping VWAP_diff_signal_rsi_1700, not yet time (every 5m)
2025-05-02 19:46:00 - DEBUG - [_process_strategies] [N/A] ⏱ Skipping EMA_Cross_ema50, not yet time (every 5m)
2025-05-02 19:46:00 - DEBUG - [_process_strategies] [N/A] ⏱ Skipping EMA_Cross_candle, not yet time (every 5m)
2025-05-02 19:46:00 - DEBUG - [_process_strategies] [N/A] ⏱ Skipping SMA_Cross_sma50, not yet time (every 5m)
2025-05-02 19:46:00 - DEBUG - [_process_strategies] [N/A] ⏱ Skipping VWAP_diff_signal_1700_volume, not yet time (every 5m)
2025-05-02 19:46:00 - DEBUG - [_process_strategies] [N/A] ⏱ Skipping SMA_Cross_candle, not yet time (every 5m)
2025-05-02 19:46:00 - INFO - [_update_active_orders_and_telegram] [N/A] 📊 Updating SL/TP for active orders
2025-05-02 19:46:01 - INFO - [_wait_until_next_iteration] [N/A] ⏳ Sleeping for 58.97 seconds before the next cycle
2025-05-02 19:47:00 - DEBUG - [_process_strategies] [N/A] ⏱ Skipping VWAP_diff_signal_1700, not yet time (every 5m)
2025-05-02 19:47:00 - DEBUG - [_process_strategies] [N/A] ⏱ Skipping VWAP_diff_signal_rsi_1700, not yet time (every 5m)
2025-05-02 19:47:00 - DEBUG - [_process_strategies] [N/A] ⏱ Skipping EMA_Cross_ema50, not yet time (every 5m)
2025-05-02 19:47:00 - DEBUG - [_process_strategies] [N/A] ⏱ Skipping EMA_Cross_candle, not yet time (every 5m)
2025-05-02 19:47:00 - DEBUG - [_process_strategies] [N/A] ⏱ Skipping SMA_Cross_sma50, not yet time (every 5m)
2025-05-02 19:47:00 - DEBUG - [_process_strategies] [N/A] ⏱ Skipping VWAP_diff_signal_1700_volume, not yet time (every 5m)
2025-05-02 19:47:00 - DEBUG - [_process_strategies] [N/A] ⏱ Skipping SMA_Cross_candle, not yet time (every 5m)
2025-05-02 19:47:00 - INFO - [_update_active_orders_and_telegram] [N/A] 📊 Updating SL/TP for active orders
2025-05-02 19:47:01 - INFO - [_wait_until_next_iteration] [N/A] ⏳ Sleeping for 58.96 seconds before the next cycle
2025-05-02 19:48:00 - DEBUG - [_process_strategies] [N/A] ⏱ Skipping VWAP_diff_signal_1700, not yet time (every 5m)
2025-05-02 19:48:00 - DEBUG - [_process_strategies] [N/A] ⏱ Skipping VWAP_diff_signal_rsi_1700, not yet time (every 5m)
2025-05-02 19:48:00 - DEBUG - [_process_strategies] [N/A] ⏱ Skipping EMA_Cross_ema50, not yet time (every 5m)
2025-05-02 19:48:00 - DEBUG - [_process_strategies] [N/A] ⏱ Skipping EMA_Cross_candle, not yet time (every 5m)
2025-05-02 19:48:00 - DEBUG - [_process_strategies] [N/A] ⏱ Skipping SMA_Cross_sma50, not yet time (every 5m)
2025-05-02 19:48:00 - DEBUG - [_process_strategies] [N/A] ⏱ Skipping VWAP_diff_signal_1700_volume, not yet time (every 5m)
2025-05-02 19:48:00 - DEBUG - [_process_strategies] [N/A] ⏱ Skipping SMA_Cross_candle, not yet time (every 5m)
2025-05-02 19:48:00 - INFO - [_update_active_orders_and_telegram] [N/A] 📊 Updating SL/TP for active orders
2025-05-02 19:48:01 - INFO - [_wait_until_next_iteration] [N/A] ⏳ Sleeping for 58.93 seconds before the next cycle
2025-05-02 19:49:00 - DEBUG - [_process_strategies] [N/A] ⏱ Skipping VWAP_diff_signal_1700, not yet time (every 5m)
2025-05-02 19:49:00 - DEBUG - [_process_strategies] [N/A] ⏱ Skipping VWAP_diff_signal_rsi_1700, not yet time (every 5m)
2025-05-02 19:49:00 - DEBUG - [_process_strategies] [N/A] ⏱ Skipping EMA_Cross_ema50, not yet time (every 5m)
2025-05-02 19:49:00 - DEBUG - [_process_strategies] [N/A] ⏱ Skipping EMA_Cross_candle, not yet time (every 5m)
2025-05-02 19:49:00 - DEBUG - [_process_strategies] [N/A] ⏱ Skipping SMA_Cross_sma50, not yet time (every 5m)
2025-05-02 19:49:00 - DEBUG - [_process_strategies] [N/A] ⏱ Skipping VWAP_diff_signal_1700_volume, not yet time (every 5m)
2025-05-02 19:49:00 - DEBUG - [_process_strategies] [N/A] ⏱ Skipping SMA_Cross_candle, not yet time (every 5m)
2025-05-02 19:49:00 - INFO - [_update_active_orders_and_telegram] [N/A] 📊 Updating SL/TP for active orders
2025-05-02 19:49:01 - INFO - [_wait_until_next_iteration] [N/A] ⏳ Sleeping for 58.92 seconds before the next cycle
2025-05-02 19:50:00 - INFO - [_run_strategy_if_applicable] [N/A] ⏰ Strategy 'VWAP_diff_signal_1700' not executed because it's outside the time window: 17:30:00 - 19:00:00
2025-05-02 19:50:00 - INFO - [_run_strategy_if_applicable] [N/A] ⏰ Strategy 'VWAP_diff_signal_rsi_1700' not executed because it's outside the time window: 17:30:00 - 19:00:00
2025-05-02 19:50:00 - INFO - [_run_strategy_if_applicable] [N/A] ⏰ Strategy 'EMA_Cross_ema50' not executed because it's outside the time window: 16:35:00 - 16:50:00
2025-05-02 19:50:00 - INFO - [_run_strategy_if_applicable] [N/A] ⏰ Strategy 'EMA_Cross_candle' not executed because it's outside the time window: 16:35:00 - 16:50:00
2025-05-02 19:50:00 - INFO - [_run_strategy_if_applicable] [N/A] ⏰ Strategy 'SMA_Cross_sma50' not executed because it's outside the time window: 16:35:00 - 16:50:00
2025-05-02 19:50:00 - INFO - [_run_strategy_if_applicable] [N/A] ⏰ Strategy 'VWAP_diff_signal_1700_volume' not executed because it's outside the time window: 17:30:00 - 19:00:00
2025-05-02 19:50:00 - INFO - [_run_strategy_if_applicable] [N/A] ⏰ Strategy 'SMA_Cross_candle' not executed because it's outside the time window: 16:35:00 - 16:50:00
2025-05-02 19:50:00 - INFO - [_update_active_orders_and_telegram] [N/A] 📊 Updating SL/TP for active orders
2025-05-02 19:50:01 - INFO - [_wait_until_next_iteration] [N/A] ⏳ Sleeping for 58.93 seconds before the next cycle
2025-05-02 19:51:00 - DEBUG - [_process_strategies] [N/A] ⏱ Skipping VWAP_diff_signal_1700, not yet time (every 5m)
2025-05-02 19:51:00 - DEBUG - [_process_strategies] [N/A] ⏱ Skipping VWAP_diff_signal_rsi_1700, not yet time (every 5m)
2025-05-02 19:51:00 - DEBUG - [_process_strategies] [N/A] ⏱ Skipping EMA_Cross_ema50, not yet time (every 5m)
2025-05-02 19:51:00 - DEBUG - [_process_strategies] [N/A] ⏱ Skipping EMA_Cross_candle, not yet time (every 5m)
2025-05-02 19:51:00 - DEBUG - [_process_strategies] [N/A] ⏱ Skipping SMA_Cross_sma50, not yet time (every 5m)
2025-05-02 19:51:00 - DEBUG - [_process_strategies] [N/A] ⏱ Skipping VWAP_diff_signal_1700_volume, not yet time (every 5m)
2025-05-02 19:51:00 - DEBUG - [_process_strategies] [N/A] ⏱ Skipping SMA_Cross_candle, not yet time (every 5m)
2025-05-02 19:51:00 - INFO - [_update_active_orders_and_telegram] [N/A] 📊 Updating SL/TP for active orders
2025-05-02 19:51:01 - INFO - [_wait_until_next_iteration] [N/A] ⏳ Sleeping for 58.93 seconds before the next cycle
2025-05-02 19:52:00 - DEBUG - [_process_strategies] [N/A] ⏱ Skipping VWAP_diff_signal_1700, not yet time (every 5m)
2025-05-02 19:52:00 - DEBUG - [_process_strategies] [N/A] ⏱ Skipping VWAP_diff_signal_rsi_1700, not yet time (every 5m)
2025-05-02 19:52:00 - DEBUG - [_process_strategies] [N/A] ⏱ Skipping EMA_Cross_ema50, not yet time (every 5m)
2025-05-02 19:52:00 - DEBUG - [_process_strategies] [N/A] ⏱ Skipping EMA_Cross_candle, not yet time (every 5m)
2025-05-02 19:52:00 - DEBUG - [_process_strategies] [N/A] ⏱ Skipping SMA_Cross_sma50, not yet time (every 5m)
2025-05-02 19:52:00 - DEBUG - [_process_strategies] [N/A] ⏱ Skipping VWAP_diff_signal_1700_volume, not yet time (every 5m)
2025-05-02 19:52:00 - DEBUG - [_process_strategies] [N/A] ⏱ Skipping SMA_Cross_candle, not yet time (every 5m)
2025-05-02 19:52:00 - INFO - [_update_active_orders_and_telegram] [N/A] 📊 Updating SL/TP for active orders
2025-05-02 19:52:01 - INFO - [_wait_until_next_iteration] [N/A] ⏳ Sleeping for 58.93 seconds before the next cycle
2025-05-02 19:53:00 - DEBUG - [_process_strategies] [N/A] ⏱ Skipping VWAP_diff_signal_1700, not yet time (every 5m)
2025-05-02 19:53:00 - DEBUG - [_process_strategies] [N/A] ⏱ Skipping VWAP_diff_signal_rsi_1700, not yet time (every 5m)
2025-05-02 19:53:00 - DEBUG - [_process_strategies] [N/A] ⏱ Skipping EMA_Cross_ema50, not yet time (every 5m)
2025-05-02 19:53:00 - DEBUG - [_process_strategies] [N/A] ⏱ Skipping EMA_Cross_candle, not yet time (every 5m)
2025-05-02 19:53:00 - DEBUG - [_process_strategies] [N/A] ⏱ Skipping SMA_Cross_sma50, not yet time (every 5m)
2025-05-02 19:53:00 - DEBUG - [_process_strategies] [N/A] ⏱ Skipping VWAP_diff_signal_1700_volume, not yet time (every 5m)
2025-05-02 19:53:00 - DEBUG - [_process_strategies] [N/A] ⏱ Skipping SMA_Cross_candle, not yet time (every 5m)
2025-05-02 19:53:00 - INFO - [_update_active_orders_and_telegram] [N/A] 📊 Updating SL/TP for active orders
2025-05-02 19:53:01 - INFO - [_wait_until_next_iteration] [N/A] ⏳ Sleeping for 58.92 seconds before the next cycle
2025-05-02 19:54:00 - DEBUG - [_process_strategies] [N/A] ⏱ Skipping VWAP_diff_signal_1700, not yet time (every 5m)
2025-05-02 19:54:00 - DEBUG - [_process_strategies] [N/A] ⏱ Skipping VWAP_diff_signal_rsi_1700, not yet time (every 5m)
2025-05-02 19:54:00 - DEBUG - [_process_strategies] [N/A] ⏱ Skipping EMA_Cross_ema50, not yet time (every 5m)
2025-05-02 19:54:00 - DEBUG - [_process_strategies] [N/A] ⏱ Skipping EMA_Cross_candle, not yet time (every 5m)
2025-05-02 19:54:00 - DEBUG - [_process_strategies] [N/A] ⏱ Skipping SMA_Cross_sma50, not yet time (every 5m)
2025-05-02 19:54:00 - DEBUG - [_process_strategies] [N/A] ⏱ Skipping VWAP_diff_signal_1700_volume, not yet time (every 5m)
2025-05-02 19:54:00 - DEBUG - [_process_strategies] [N/A] ⏱ Skipping SMA_Cross_candle, not yet time (every 5m)
2025-05-02 19:54:00 - INFO - [_update_active_orders_and_telegram] [N/A] 📊 Updating SL/TP for active orders
2025-05-02 19:54:01 - INFO - [_wait_until_next_iteration] [N/A] ⏳ Sleeping for 58.93 seconds before the next cycle
2025-05-02 19:55:00 - INFO - [_run_strategy_if_applicable] [N/A] ⏰ Strategy 'VWAP_diff_signal_1700' not executed because it's outside the time window: 17:30:00 - 19:00:00
2025-05-02 19:55:00 - INFO - [_run_strategy_if_applicable] [N/A] ⏰ Strategy 'VWAP_diff_signal_rsi_1700' not executed because it's outside the time window: 17:30:00 - 19:00:00
2025-05-02 19:55:00 - INFO - [_run_strategy_if_applicable] [N/A] ⏰ Strategy 'EMA_Cross_ema50' not executed because it's outside the time window: 16:35:00 - 16:50:00
2025-05-02 19:55:00 - INFO - [_run_strategy_if_applicable] [N/A] ⏰ Strategy 'EMA_Cross_candle' not executed because it's outside the time window: 16:35:00 - 16:50:00
2025-05-02 19:55:00 - INFO - [_run_strategy_if_applicable] [N/A] ⏰ Strategy 'SMA_Cross_sma50' not executed because it's outside the time window: 16:35:00 - 16:50:00
2025-05-02 19:55:00 - INFO - [_run_strategy_if_applicable] [N/A] ⏰ Strategy 'VWAP_diff_signal_1700_volume' not executed because it's outside the time window: 17:30:00 - 19:00:00
2025-05-02 19:55:00 - INFO - [_run_strategy_if_applicable] [N/A] ⏰ Strategy 'SMA_Cross_candle' not executed because it's outside the time window: 16:35:00 - 16:50:00
2025-05-02 19:55:00 - INFO - [_update_active_orders_and_telegram] [N/A] 📊 Updating SL/TP for active orders
2025-05-02 19:55:01 - INFO - [_wait_until_next_iteration] [N/A] ⏳ Sleeping for 58.92 seconds before the next cycle
2025-05-02 19:56:00 - DEBUG - [_process_strategies] [N/A] ⏱ Skipping VWAP_diff_signal_1700, not yet time (every 5m)
2025-05-02 19:56:00 - DEBUG - [_process_strategies] [N/A] ⏱ Skipping VWAP_diff_signal_rsi_1700, not yet time (every 5m)
2025-05-02 19:56:00 - DEBUG - [_process_strategies] [N/A] ⏱ Skipping EMA_Cross_ema50, not yet time (every 5m)
2025-05-02 19:56:00 - DEBUG - [_process_strategies] [N/A] ⏱ Skipping EMA_Cross_candle, not yet time (every 5m)
2025-05-02 19:56:00 - DEBUG - [_process_strategies] [N/A] ⏱ Skipping SMA_Cross_sma50, not yet time (every 5m)
2025-05-02 19:56:00 - DEBUG - [_process_strategies] [N/A] ⏱ Skipping VWAP_diff_signal_1700_volume, not yet time (every 5m)
2025-05-02 19:56:00 - DEBUG - [_process_strategies] [N/A] ⏱ Skipping SMA_Cross_candle, not yet time (every 5m)
2025-05-02 19:56:00 - INFO - [_update_active_orders_and_telegram] [N/A] 📊 Updating SL/TP for active orders
2025-05-02 19:56:01 - INFO - [_wait_until_next_iteration] [N/A] ⏳ Sleeping for 58.94 seconds before the next cycle
2025-05-02 19:57:00 - DEBUG - [_process_strategies] [N/A] ⏱ Skipping VWAP_diff_signal_1700, not yet time (every 5m)
2025-05-02 19:57:00 - DEBUG - [_process_strategies] [N/A] ⏱ Skipping VWAP_diff_signal_rsi_1700, not yet time (every 5m)
2025-05-02 19:57:00 - DEBUG - [_process_strategies] [N/A] ⏱ Skipping EMA_Cross_ema50, not yet time (every 5m)
2025-05-02 19:57:00 - DEBUG - [_process_strategies] [N/A] ⏱ Skipping EMA_Cross_candle, not yet time (every 5m)
2025-05-02 19:57:00 - DEBUG - [_process_strategies] [N/A] ⏱ Skipping SMA_Cross_sma50, not yet time (every 5m)
2025-05-02 19:57:00 - DEBUG - [_process_strategies] [N/A] ⏱ Skipping VWAP_diff_signal_1700_volume, not yet time (every 5m)
2025-05-02 19:57:00 - DEBUG - [_process_strategies] [N/A] ⏱ Skipping SMA_Cross_candle, not yet time (every 5m)
2025-05-02 19:57:00 - INFO - [_update_active_orders_and_telegram] [N/A] 📊 Updating SL/TP for active orders
2025-05-02 19:57:01 - INFO - [_wait_until_next_iteration] [N/A] ⏳ Sleeping for 58.92 seconds before the next cycle
2025-05-02 19:58:00 - DEBUG - [_process_strategies] [N/A] ⏱ Skipping VWAP_diff_signal_1700, not yet time (every 5m)
2025-05-02 19:58:00 - DEBUG - [_process_strategies] [N/A] ⏱ Skipping VWAP_diff_signal_rsi_1700, not yet time (every 5m)
2025-05-02 19:58:00 - DEBUG - [_process_strategies] [N/A] ⏱ Skipping EMA_Cross_ema50, not yet time (every 5m)
2025-05-02 19:58:00 - DEBUG - [_process_strategies] [N/A] ⏱ Skipping EMA_Cross_candle, not yet time (every 5m)
2025-05-02 19:58:00 - DEBUG - [_process_strategies] [N/A] ⏱ Skipping SMA_Cross_sma50, not yet time (every 5m)
2025-05-02 19:58:00 - DEBUG - [_process_strategies] [N/A] ⏱ Skipping VWAP_diff_signal_1700_volume, not yet time (every 5m)
2025-05-02 19:58:00 - DEBUG - [_process_strategies] [N/A] ⏱ Skipping SMA_Cross_candle, not yet time (every 5m)
2025-05-02 19:58:00 - INFO - [_update_active_orders_and_telegram] [N/A] 📊 Updating SL/TP for active orders
2025-05-02 19:58:01 - INFO - [_wait_until_next_iteration] [N/A] ⏳ Sleeping for 58.93 seconds before the next cycle
2025-05-02 19:59:00 - DEBUG - [_process_strategies] [N/A] ⏱ Skipping VWAP_diff_signal_1700, not yet time (every 5m)
2025-05-02 19:59:00 - DEBUG - [_process_strategies] [N/A] ⏱ Skipping VWAP_diff_signal_rsi_1700, not yet time (every 5m)
2025-05-02 19:59:00 - DEBUG - [_process_strategies] [N/A] ⏱ Skipping EMA_Cross_ema50, not yet time (every 5m)
2025-05-02 19:59:00 - DEBUG - [_process_strategies] [N/A] ⏱ Skipping EMA_Cross_candle, not yet time (every 5m)
2025-05-02 19:59:00 - DEBUG - [_process_strategies] [N/A] ⏱ Skipping SMA_Cross_sma50, not yet time (every 5m)
2025-05-02 19:59:00 - DEBUG - [_process_strategies] [N/A] ⏱ Skipping VWAP_diff_signal_1700_volume, not yet time (every 5m)
2025-05-02 19:59:00 - DEBUG - [_process_strategies] [N/A] ⏱ Skipping SMA_Cross_candle, not yet time (every 5m)
2025-05-02 19:59:00 - INFO - [_update_active_orders_and_telegram] [N/A] 📊 Updating SL/TP for active orders
2025-05-02 19:59:01 - INFO - [_wait_until_next_iteration] [N/A] ⏳ Sleeping for 58.93 seconds before the next cycle
2025-05-02 20:00:00 - INFO - [_run_strategy_if_applicable] [N/A] ⏰ Strategy 'VWAP_diff_signal_1700' not executed because it's outside the time window: 17:30:00 - 19:00:00
2025-05-02 20:00:00 - INFO - [_run_strategy_if_applicable] [N/A] ⏰ Strategy 'VWAP_diff_signal_rsi_1700' not executed because it's outside the time window: 17:30:00 - 19:00:00
2025-05-02 20:00:00 - INFO - [_run_strategy_if_applicable] [N/A] ⏰ Strategy 'EMA_Cross_ema50' not executed because it's outside the time window: 16:35:00 - 16:50:00
2025-05-02 20:00:00 - INFO - [_run_strategy_if_applicable] [N/A] ⏰ Strategy 'EMA_Cross_candle' not executed because it's outside the time window: 16:35:00 - 16:50:00
2025-05-02 20:00:00 - INFO - [_run_strategy_if_applicable] [N/A] ⏰ Strategy 'SMA_Cross_sma50' not executed because it's outside the time window: 16:35:00 - 16:50:00
2025-05-02 20:00:00 - INFO - [_run_strategy_if_applicable] [N/A] ⏰ Strategy 'VWAP_diff_signal_1700_volume' not executed because it's outside the time window: 17:30:00 - 19:00:00
2025-05-02 20:00:00 - INFO - [_run_strategy_if_applicable] [N/A] ⏰ Strategy 'SMA_Cross_candle' not executed because it's outside the time window: 16:35:00 - 16:50:00
2025-05-02 20:00:00 - INFO - [_update_active_orders_and_telegram] [N/A] 📊 Updating SL/TP for active orders
2025-05-02 20:00:01 - INFO - [_wait_until_next_iteration] [N/A] ⏳ Sleeping for 58.93 seconds before the next cycle
2025-05-02 20:01:00 - DEBUG - [_process_strategies] [N/A] ⏱ Skipping VWAP_diff_signal_1700, not yet time (every 5m)
2025-05-02 20:01:00 - DEBUG - [_process_strategies] [N/A] ⏱ Skipping VWAP_diff_signal_rsi_1700, not yet time (every 5m)
2025-05-02 20:01:00 - DEBUG - [_process_strategies] [N/A] ⏱ Skipping EMA_Cross_ema50, not yet time (every 5m)
2025-05-02 20:01:00 - DEBUG - [_process_strategies] [N/A] ⏱ Skipping EMA_Cross_candle, not yet time (every 5m)
2025-05-02 20:01:00 - DEBUG - [_process_strategies] [N/A] ⏱ Skipping SMA_Cross_sma50, not yet time (every 5m)
2025-05-02 20:01:00 - DEBUG - [_process_strategies] [N/A] ⏱ Skipping VWAP_diff_signal_1700_volume, not yet time (every 5m)
2025-05-02 20:01:00 - DEBUG - [_process_strategies] [N/A] ⏱ Skipping SMA_Cross_candle, not yet time (every 5m)
2025-05-02 20:01:00 - INFO - [_update_active_orders_and_telegram] [N/A] 📊 Updating SL/TP for active orders
2025-05-02 20:01:01 - INFO - [_wait_until_next_iteration] [N/A] ⏳ Sleeping for 58.93 seconds before the next cycle
2025-05-02 20:02:00 - DEBUG - [_process_strategies] [N/A] ⏱ Skipping VWAP_diff_signal_1700, not yet time (every 5m)
2025-05-02 20:02:00 - DEBUG - [_process_strategies] [N/A] ⏱ Skipping VWAP_diff_signal_rsi_1700, not yet time (every 5m)
2025-05-02 20:02:00 - DEBUG - [_process_strategies] [N/A] ⏱ Skipping EMA_Cross_ema50, not yet time (every 5m)
2025-05-02 20:02:00 - DEBUG - [_process_strategies] [N/A] ⏱ Skipping EMA_Cross_candle, not yet time (every 5m)
2025-05-02 20:02:00 - DEBUG - [_process_strategies] [N/A] ⏱ Skipping SMA_Cross_sma50, not yet time (every 5m)
2025-05-02 20:02:00 - DEBUG - [_process_strategies] [N/A] ⏱ Skipping VWAP_diff_signal_1700_volume, not yet time (every 5m)
2025-05-02 20:02:00 - DEBUG - [_process_strategies] [N/A] ⏱ Skipping SMA_Cross_candle, not yet time (every 5m)
2025-05-02 20:02:00 - INFO - [_update_active_orders_and_telegram] [N/A] 📊 Updating SL/TP for active orders
2025-05-02 20:02:01 - INFO - [_wait_until_next_iteration] [N/A] ⏳ Sleeping for 58.92 seconds before the next cycle
2025-05-02 20:03:00 - DEBUG - [_process_strategies] [N/A] ⏱ Skipping VWAP_diff_signal_1700, not yet time (every 5m)
2025-05-02 20:03:00 - DEBUG - [_process_strategies] [N/A] ⏱ Skipping VWAP_diff_signal_rsi_1700, not yet time (every 5m)
2025-05-02 20:03:00 - DEBUG - [_process_strategies] [N/A] ⏱ Skipping EMA_Cross_ema50, not yet time (every 5m)
2025-05-02 20:03:00 - DEBUG - [_process_strategies] [N/A] ⏱ Skipping EMA_Cross_candle, not yet time (every 5m)
2025-05-02 20:03:00 - DEBUG - [_process_strategies] [N/A] ⏱ Skipping SMA_Cross_sma50, not yet time (every 5m)
2025-05-02 20:03:00 - DEBUG - [_process_strategies] [N/A] ⏱ Skipping VWAP_diff_signal_1700_volume, not yet time (every 5m)
2025-05-02 20:03:00 - DEBUG - [_process_strategies] [N/A] ⏱ Skipping SMA_Cross_candle, not yet time (every 5m)
2025-05-02 20:03:00 - INFO - [_update_active_orders_and_telegram] [N/A] 📊 Updating SL/TP for active orders
2025-05-02 20:03:01 - INFO - [_wait_until_next_iteration] [N/A] ⏳ Sleeping for 58.93 seconds before the next cycle
2025-05-02 20:04:00 - DEBUG - [_process_strategies] [N/A] ⏱ Skipping VWAP_diff_signal_1700, not yet time (every 5m)
2025-05-02 20:04:00 - DEBUG - [_process_strategies] [N/A] ⏱ Skipping VWAP_diff_signal_rsi_1700, not yet time (every 5m)
2025-05-02 20:04:00 - DEBUG - [_process_strategies] [N/A] ⏱ Skipping EMA_Cross_ema50, not yet time (every 5m)
2025-05-02 20:04:00 - DEBUG - [_process_strategies] [N/A] ⏱ Skipping EMA_Cross_candle, not yet time (every 5m)
2025-05-02 20:04:00 - DEBUG - [_process_strategies] [N/A] ⏱ Skipping SMA_Cross_sma50, not yet time (every 5m)
2025-05-02 20:04:00 - DEBUG - [_process_strategies] [N/A] ⏱ Skipping VWAP_diff_signal_1700_volume, not yet time (every 5m)
2025-05-02 20:04:00 - DEBUG - [_process_strategies] [N/A] ⏱ Skipping SMA_Cross_candle, not yet time (every 5m)
2025-05-02 20:04:00 - INFO - [_update_active_orders_and_telegram] [N/A] 📊 Updating SL/TP for active orders
2025-05-02 20:04:01 - INFO - [_wait_until_next_iteration] [N/A] ⏳ Sleeping for 58.93 seconds before the next cycle
2025-05-02 20:05:00 - INFO - [_run_strategy_if_applicable] [N/A] ⏰ Strategy 'VWAP_diff_signal_1700' not executed because it's outside the time window: 17:30:00 - 19:00:00
2025-05-02 20:05:00 - INFO - [_run_strategy_if_applicable] [N/A] ⏰ Strategy 'VWAP_diff_signal_rsi_1700' not executed because it's outside the time window: 17:30:00 - 19:00:00
2025-05-02 20:05:00 - INFO - [_run_strategy_if_applicable] [N/A] ⏰ Strategy 'EMA_Cross_ema50' not executed because it's outside the time window: 16:35:00 - 16:50:00
2025-05-02 20:05:00 - INFO - [_run_strategy_if_applicable] [N/A] ⏰ Strategy 'EMA_Cross_candle' not executed because it's outside the time window: 16:35:00 - 16:50:00
2025-05-02 20:05:00 - INFO - [_run_strategy_if_applicable] [N/A] ⏰ Strategy 'SMA_Cross_sma50' not executed because it's outside the time window: 16:35:00 - 16:50:00
2025-05-02 20:05:00 - INFO - [_run_strategy_if_applicable] [N/A] ⏰ Strategy 'VWAP_diff_signal_1700_volume' not executed because it's outside the time window: 17:30:00 - 19:00:00
2025-05-02 20:05:00 - INFO - [_run_strategy_if_applicable] [N/A] ⏰ Strategy 'SMA_Cross_candle' not executed because it's outside the time window: 16:35:00 - 16:50:00
2025-05-02 20:05:00 - INFO - [_update_active_orders_and_telegram] [N/A] 📊 Updating SL/TP for active orders
2025-05-02 20:05:01 - INFO - [_wait_until_next_iteration] [N/A] ⏳ Sleeping for 58.93 seconds before the next cycle
2025-05-02 20:06:00 - DEBUG - [_process_strategies] [N/A] ⏱ Skipping VWAP_diff_signal_1700, not yet time (every 5m)
2025-05-02 20:06:00 - DEBUG - [_process_strategies] [N/A] ⏱ Skipping VWAP_diff_signal_rsi_1700, not yet time (every 5m)
2025-05-02 20:06:00 - DEBUG - [_process_strategies] [N/A] ⏱ Skipping EMA_Cross_ema50, not yet time (every 5m)
2025-05-02 20:06:00 - DEBUG - [_process_strategies] [N/A] ⏱ Skipping EMA_Cross_candle, not yet time (every 5m)
2025-05-02 20:06:00 - DEBUG - [_process_strategies] [N/A] ⏱ Skipping SMA_Cross_sma50, not yet time (every 5m)
2025-05-02 20:06:00 - DEBUG - [_process_strategies] [N/A] ⏱ Skipping VWAP_diff_signal_1700_volume, not yet time (every 5m)
2025-05-02 20:06:00 - DEBUG - [_process_strategies] [N/A] ⏱ Skipping SMA_Cross_candle, not yet time (every 5m)
2025-05-02 20:06:00 - INFO - [_update_active_orders_and_telegram] [N/A] 📊 Updating SL/TP for active orders
2025-05-02 20:06:01 - INFO - [_wait_until_next_iteration] [N/A] ⏳ Sleeping for 58.94 seconds before the next cycle
2025-05-02 20:07:00 - DEBUG - [_process_strategies] [N/A] ⏱ Skipping VWAP_diff_signal_1700, not yet time (every 5m)
2025-05-02 20:07:00 - DEBUG - [_process_strategies] [N/A] ⏱ Skipping VWAP_diff_signal_rsi_1700, not yet time (every 5m)
2025-05-02 20:07:00 - DEBUG - [_process_strategies] [N/A] ⏱ Skipping EMA_Cross_ema50, not yet time (every 5m)
2025-05-02 20:07:00 - DEBUG - [_process_strategies] [N/A] ⏱ Skipping EMA_Cross_candle, not yet time (every 5m)
2025-05-02 20:07:00 - DEBUG - [_process_strategies] [N/A] ⏱ Skipping SMA_Cross_sma50, not yet time (every 5m)
2025-05-02 20:07:00 - DEBUG - [_process_strategies] [N/A] ⏱ Skipping VWAP_diff_signal_1700_volume, not yet time (every 5m)
2025-05-02 20:07:00 - DEBUG - [_process_strategies] [N/A] ⏱ Skipping SMA_Cross_candle, not yet time (every 5m)
2025-05-02 20:07:00 - INFO - [_update_active_orders_and_telegram] [N/A] 📊 Updating SL/TP for active orders
2025-05-02 20:07:01 - INFO - [_wait_until_next_iteration] [N/A] ⏳ Sleeping for 58.93 seconds before the next cycle
2025-05-02 20:08:00 - DEBUG - [_process_strategies] [N/A] ⏱ Skipping VWAP_diff_signal_1700, not yet time (every 5m)
2025-05-02 20:08:00 - DEBUG - [_process_strategies] [N/A] ⏱ Skipping VWAP_diff_signal_rsi_1700, not yet time (every 5m)
2025-05-02 20:08:00 - DEBUG - [_process_strategies] [N/A] ⏱ Skipping EMA_Cross_ema50, not yet time (every 5m)
2025-05-02 20:08:00 - DEBUG - [_process_strategies] [N/A] ⏱ Skipping EMA_Cross_candle, not yet time (every 5m)
2025-05-02 20:08:00 - DEBUG - [_process_strategies] [N/A] ⏱ Skipping SMA_Cross_sma50, not yet time (every 5m)
2025-05-02 20:08:00 - DEBUG - [_process_strategies] [N/A] ⏱ Skipping VWAP_diff_signal_1700_volume, not yet time (every 5m)
2025-05-02 20:08:00 - DEBUG - [_process_strategies] [N/A] ⏱ Skipping SMA_Cross_candle, not yet time (every 5m)
2025-05-02 20:08:00 - INFO - [_update_active_orders_and_telegram] [N/A] 📊 Updating SL/TP for active orders
2025-05-02 20:08:01 - INFO - [_wait_until_next_iteration] [N/A] ⏳ Sleeping for 58.94 seconds before the next cycle
2025-05-02 20:09:00 - DEBUG - [_process_strategies] [N/A] ⏱ Skipping VWAP_diff_signal_1700, not yet time (every 5m)
2025-05-02 20:09:00 - DEBUG - [_process_strategies] [N/A] ⏱ Skipping VWAP_diff_signal_rsi_1700, not yet time (every 5m)
2025-05-02 20:09:00 - DEBUG - [_process_strategies] [N/A] ⏱ Skipping EMA_Cross_ema50, not yet time (every 5m)
2025-05-02 20:09:00 - DEBUG - [_process_strategies] [N/A] ⏱ Skipping EMA_Cross_candle, not yet time (every 5m)
2025-05-02 20:09:00 - DEBUG - [_process_strategies] [N/A] ⏱ Skipping SMA_Cross_sma50, not yet time (every 5m)
2025-05-02 20:09:00 - DEBUG - [_process_strategies] [N/A] ⏱ Skipping VWAP_diff_signal_1700_volume, not yet time (every 5m)
2025-05-02 20:09:00 - DEBUG - [_process_strategies] [N/A] ⏱ Skipping SMA_Cross_candle, not yet time (every 5m)
2025-05-02 20:09:00 - INFO - [_update_active_orders_and_telegram] [N/A] 📊 Updating SL/TP for active orders
2025-05-02 20:09:01 - INFO - [_wait_until_next_iteration] [N/A] ⏳ Sleeping for 58.93 seconds before the next cycle
2025-05-02 20:10:00 - INFO - [_run_strategy_if_applicable] [N/A] ⏰ Strategy 'VWAP_diff_signal_1700' not executed because it's outside the time window: 17:30:00 - 19:00:00
2025-05-02 20:10:00 - INFO - [_run_strategy_if_applicable] [N/A] ⏰ Strategy 'VWAP_diff_signal_rsi_1700' not executed because it's outside the time window: 17:30:00 - 19:00:00
2025-05-02 20:10:00 - INFO - [_run_strategy_if_applicable] [N/A] ⏰ Strategy 'EMA_Cross_ema50' not executed because it's outside the time window: 16:35:00 - 16:50:00
2025-05-02 20:10:00 - INFO - [_run_strategy_if_applicable] [N/A] ⏰ Strategy 'EMA_Cross_candle' not executed because it's outside the time window: 16:35:00 - 16:50:00
2025-05-02 20:10:00 - INFO - [_run_strategy_if_applicable] [N/A] ⏰ Strategy 'SMA_Cross_sma50' not executed because it's outside the time window: 16:35:00 - 16:50:00
2025-05-02 20:10:00 - INFO - [_run_strategy_if_applicable] [N/A] ⏰ Strategy 'VWAP_diff_signal_1700_volume' not executed because it's outside the time window: 17:30:00 - 19:00:00
2025-05-02 20:10:00 - INFO - [_run_strategy_if_applicable] [N/A] ⏰ Strategy 'SMA_Cross_candle' not executed because it's outside the time window: 16:35:00 - 16:50:00
2025-05-02 20:10:00 - INFO - [_update_active_orders_and_telegram] [N/A] 📊 Updating SL/TP for active orders
2025-05-02 20:10:01 - INFO - [_wait_until_next_iteration] [N/A] ⏳ Sleeping for 58.92 seconds before the next cycle
2025-05-02 20:11:00 - DEBUG - [_process_strategies] [N/A] ⏱ Skipping VWAP_diff_signal_1700, not yet time (every 5m)
2025-05-02 20:11:00 - DEBUG - [_process_strategies] [N/A] ⏱ Skipping VWAP_diff_signal_rsi_1700, not yet time (every 5m)
2025-05-02 20:11:00 - DEBUG - [_process_strategies] [N/A] ⏱ Skipping EMA_Cross_ema50, not yet time (every 5m)
2025-05-02 20:11:00 - DEBUG - [_process_strategies] [N/A] ⏱ Skipping EMA_Cross_candle, not yet time (every 5m)
2025-05-02 20:11:00 - DEBUG - [_process_strategies] [N/A] ⏱ Skipping SMA_Cross_sma50, not yet time (every 5m)
2025-05-02 20:11:00 - DEBUG - [_process_strategies] [N/A] ⏱ Skipping VWAP_diff_signal_1700_volume, not yet time (every 5m)
2025-05-02 20:11:00 - DEBUG - [_process_strategies] [N/A] ⏱ Skipping SMA_Cross_candle, not yet time (every 5m)
2025-05-02 20:11:00 - INFO - [_update_active_orders_and_telegram] [N/A] 📊 Updating SL/TP for active orders
2025-05-02 20:11:01 - INFO - [_wait_until_next_iteration] [N/A] ⏳ Sleeping for 58.93 seconds before the next cycle
2025-05-02 20:12:00 - DEBUG - [_process_strategies] [N/A] ⏱ Skipping VWAP_diff_signal_1700, not yet time (every 5m)
2025-05-02 20:12:00 - DEBUG - [_process_strategies] [N/A] ⏱ Skipping VWAP_diff_signal_rsi_1700, not yet time (every 5m)
2025-05-02 20:12:00 - DEBUG - [_process_strategies] [N/A] ⏱ Skipping EMA_Cross_ema50, not yet time (every 5m)
2025-05-02 20:12:00 - DEBUG - [_process_strategies] [N/A] ⏱ Skipping EMA_Cross_candle, not yet time (every 5m)
2025-05-02 20:12:00 - DEBUG - [_process_strategies] [N/A] ⏱ Skipping SMA_Cross_sma50, not yet time (every 5m)
2025-05-02 20:12:00 - DEBUG - [_process_strategies] [N/A] ⏱ Skipping VWAP_diff_signal_1700_volume, not yet time (every 5m)
2025-05-02 20:12:00 - DEBUG - [_process_strategies] [N/A] ⏱ Skipping SMA_Cross_candle, not yet time (every 5m)
2025-05-02 20:12:00 - INFO - [_update_active_orders_and_telegram] [N/A] 📊 Updating SL/TP for active orders
2025-05-02 20:12:01 - INFO - [_wait_until_next_iteration] [N/A] ⏳ Sleeping for 58.93 seconds before the next cycle
2025-05-02 20:13:00 - DEBUG - [_process_strategies] [N/A] ⏱ Skipping VWAP_diff_signal_1700, not yet time (every 5m)
2025-05-02 20:13:00 - DEBUG - [_process_strategies] [N/A] ⏱ Skipping VWAP_diff_signal_rsi_1700, not yet time (every 5m)
2025-05-02 20:13:00 - DEBUG - [_process_strategies] [N/A] ⏱ Skipping EMA_Cross_ema50, not yet time (every 5m)
2025-05-02 20:13:00 - DEBUG - [_process_strategies] [N/A] ⏱ Skipping EMA_Cross_candle, not yet time (every 5m)
2025-05-02 20:13:00 - DEBUG - [_process_strategies] [N/A] ⏱ Skipping SMA_Cross_sma50, not yet time (every 5m)
2025-05-02 20:13:00 - DEBUG - [_process_strategies] [N/A] ⏱ Skipping VWAP_diff_signal_1700_volume, not yet time (every 5m)
2025-05-02 20:13:00 - DEBUG - [_process_strategies] [N/A] ⏱ Skipping SMA_Cross_candle, not yet time (every 5m)
2025-05-02 20:13:00 - INFO - [_update_active_orders_and_telegram] [N/A] 📊 Updating SL/TP for active orders
2025-05-02 20:13:01 - INFO - [_wait_until_next_iteration] [N/A] ⏳ Sleeping for 58.93 seconds before the next cycle
2025-05-02 20:14:00 - DEBUG - [_process_strategies] [N/A] ⏱ Skipping VWAP_diff_signal_1700, not yet time (every 5m)
2025-05-02 20:14:00 - DEBUG - [_process_strategies] [N/A] ⏱ Skipping VWAP_diff_signal_rsi_1700, not yet time (every 5m)
2025-05-02 20:14:00 - DEBUG - [_process_strategies] [N/A] ⏱ Skipping EMA_Cross_ema50, not yet time (every 5m)
2025-05-02 20:14:00 - DEBUG - [_process_strategies] [N/A] ⏱ Skipping EMA_Cross_candle, not yet time (every 5m)
2025-05-02 20:14:00 - DEBUG - [_process_strategies] [N/A] ⏱ Skipping SMA_Cross_sma50, not yet time (every 5m)
2025-05-02 20:14:00 - DEBUG - [_process_strategies] [N/A] ⏱ Skipping VWAP_diff_signal_1700_volume, not yet time (every 5m)
2025-05-02 20:14:00 - DEBUG - [_process_strategies] [N/A] ⏱ Skipping SMA_Cross_candle, not yet time (every 5m)
2025-05-02 20:14:00 - INFO - [_update_active_orders_and_telegram] [N/A] 📊 Updating SL/TP for active orders
2025-05-02 20:14:01 - INFO - [_wait_until_next_iteration] [N/A] ⏳ Sleeping for 58.92 seconds before the next cycle
2025-05-02 20:15:00 - INFO - [_run_strategy_if_applicable] [N/A] ⏰ Strategy 'VWAP_diff_signal_1700' not executed because it's outside the time window: 17:30:00 - 19:00:00
2025-05-02 20:15:00 - INFO - [_run_strategy_if_applicable] [N/A] ⏰ Strategy 'VWAP_diff_signal_rsi_1700' not executed because it's outside the time window: 17:30:00 - 19:00:00
2025-05-02 20:15:00 - INFO - [_run_strategy_if_applicable] [N/A] ⏰ Strategy 'EMA_Cross_ema50' not executed because it's outside the time window: 16:35:00 - 16:50:00
2025-05-02 20:15:00 - INFO - [_run_strategy_if_applicable] [N/A] ⏰ Strategy 'EMA_Cross_candle' not executed because it's outside the time window: 16:35:00 - 16:50:00
2025-05-02 20:15:00 - INFO - [_run_strategy_if_applicable] [N/A] ⏰ Strategy 'SMA_Cross_sma50' not executed because it's outside the time window: 16:35:00 - 16:50:00
2025-05-02 20:15:00 - INFO - [_run_strategy_if_applicable] [N/A] ⏰ Strategy 'VWAP_diff_signal_1700_volume' not executed because it's outside the time window: 17:30:00 - 19:00:00
2025-05-02 20:15:00 - INFO - [_run_strategy_if_applicable] [N/A] ⏰ Strategy 'SMA_Cross_candle' not executed because it's outside the time window: 16:35:00 - 16:50:00
2025-05-02 20:15:00 - INFO - [_update_active_orders_and_telegram] [N/A] 📊 Updating SL/TP for active orders
2025-05-02 20:15:01 - INFO - [_wait_until_next_iteration] [N/A] ⏳ Sleeping for 58.95 seconds before the next cycle
2025-05-02 20:16:00 - DEBUG - [_process_strategies] [N/A] ⏱ Skipping VWAP_diff_signal_1700, not yet time (every 5m)
2025-05-02 20:16:00 - DEBUG - [_process_strategies] [N/A] ⏱ Skipping VWAP_diff_signal_rsi_1700, not yet time (every 5m)
2025-05-02 20:16:00 - DEBUG - [_process_strategies] [N/A] ⏱ Skipping EMA_Cross_ema50, not yet time (every 5m)
2025-05-02 20:16:00 - DEBUG - [_process_strategies] [N/A] ⏱ Skipping EMA_Cross_candle, not yet time (every 5m)
2025-05-02 20:16:00 - DEBUG - [_process_strategies] [N/A] ⏱ Skipping SMA_Cross_sma50, not yet time (every 5m)
2025-05-02 20:16:00 - DEBUG - [_process_strategies] [N/A] ⏱ Skipping VWAP_diff_signal_1700_volume, not yet time (every 5m)
2025-05-02 20:16:00 - DEBUG - [_process_strategies] [N/A] ⏱ Skipping SMA_Cross_candle, not yet time (every 5m)
2025-05-02 20:16:00 - INFO - [_update_active_orders_and_telegram] [N/A] 📊 Updating SL/TP for active orders
2025-05-02 20:16:01 - INFO - [_wait_until_next_iteration] [N/A] ⏳ Sleeping for 58.93 seconds before the next cycle
2025-05-02 20:17:00 - DEBUG - [_process_strategies] [N/A] ⏱ Skipping VWAP_diff_signal_1700, not yet time (every 5m)
2025-05-02 20:17:00 - DEBUG - [_process_strategies] [N/A] ⏱ Skipping VWAP_diff_signal_rsi_1700, not yet time (every 5m)
2025-05-02 20:17:00 - DEBUG - [_process_strategies] [N/A] ⏱ Skipping EMA_Cross_ema50, not yet time (every 5m)
2025-05-02 20:17:00 - DEBUG - [_process_strategies] [N/A] ⏱ Skipping EMA_Cross_candle, not yet time (every 5m)
2025-05-02 20:17:00 - DEBUG - [_process_strategies] [N/A] ⏱ Skipping SMA_Cross_sma50, not yet time (every 5m)
2025-05-02 20:17:00 - DEBUG - [_process_strategies] [N/A] ⏱ Skipping VWAP_diff_signal_1700_volume, not yet time (every 5m)
2025-05-02 20:17:00 - DEBUG - [_process_strategies] [N/A] ⏱ Skipping SMA_Cross_candle, not yet time (every 5m)
2025-05-02 20:17:00 - INFO - [_update_active_orders_and_telegram] [N/A] 📊 Updating SL/TP for active orders
2025-05-02 20:17:01 - INFO - [_wait_until_next_iteration] [N/A] ⏳ Sleeping for 58.94 seconds before the next cycle
2025-05-02 20:18:00 - DEBUG - [_process_strategies] [N/A] ⏱ Skipping VWAP_diff_signal_1700, not yet time (every 5m)
2025-05-02 20:18:00 - DEBUG - [_process_strategies] [N/A] ⏱ Skipping VWAP_diff_signal_rsi_1700, not yet time (every 5m)
2025-05-02 20:18:00 - DEBUG - [_process_strategies] [N/A] ⏱ Skipping EMA_Cross_ema50, not yet time (every 5m)
2025-05-02 20:18:00 - DEBUG - [_process_strategies] [N/A] ⏱ Skipping EMA_Cross_candle, not yet time (every 5m)
2025-05-02 20:18:00 - DEBUG - [_process_strategies] [N/A] ⏱ Skipping SMA_Cross_sma50, not yet time (every 5m)
2025-05-02 20:18:00 - DEBUG - [_process_strategies] [N/A] ⏱ Skipping VWAP_diff_signal_1700_volume, not yet time (every 5m)
2025-05-02 20:18:00 - DEBUG - [_process_strategies] [N/A] ⏱ Skipping SMA_Cross_candle, not yet time (every 5m)
2025-05-02 20:18:00 - INFO - [_update_active_orders_and_telegram] [N/A] 📊 Updating SL/TP for active orders
2025-05-02 20:18:01 - INFO - [_wait_until_next_iteration] [N/A] ⏳ Sleeping for 58.92 seconds before the next cycle
2025-05-02 20:19:00 - DEBUG - [_process_strategies] [N/A] ⏱ Skipping VWAP_diff_signal_1700, not yet time (every 5m)
2025-05-02 20:19:00 - DEBUG - [_process_strategies] [N/A] ⏱ Skipping VWAP_diff_signal_rsi_1700, not yet time (every 5m)
2025-05-02 20:19:00 - DEBUG - [_process_strategies] [N/A] ⏱ Skipping EMA_Cross_ema50, not yet time (every 5m)
2025-05-02 20:19:00 - DEBUG - [_process_strategies] [N/A] ⏱ Skipping EMA_Cross_candle, not yet time (every 5m)
2025-05-02 20:19:00 - DEBUG - [_process_strategies] [N/A] ⏱ Skipping SMA_Cross_sma50, not yet time (every 5m)
2025-05-02 20:19:00 - DEBUG - [_process_strategies] [N/A] ⏱ Skipping VWAP_diff_signal_1700_volume, not yet time (every 5m)
2025-05-02 20:19:00 - DEBUG - [_process_strategies] [N/A] ⏱ Skipping SMA_Cross_candle, not yet time (every 5m)
2025-05-02 20:19:00 - INFO - [_update_active_orders_and_telegram] [N/A] 📊 Updating SL/TP for active orders
2025-05-02 20:19:01 - INFO - [_wait_until_next_iteration] [N/A] ⏳ Sleeping for 58.95 seconds before the next cycle
2025-05-02 20:20:00 - INFO - [_run_strategy_if_applicable] [N/A] ⏰ Strategy 'VWAP_diff_signal_1700' not executed because it's outside the time window: 17:30:00 - 19:00:00
2025-05-02 20:20:00 - INFO - [_run_strategy_if_applicable] [N/A] ⏰ Strategy 'VWAP_diff_signal_rsi_1700' not executed because it's outside the time window: 17:30:00 - 19:00:00
2025-05-02 20:20:00 - INFO - [_run_strategy_if_applicable] [N/A] ⏰ Strategy 'EMA_Cross_ema50' not executed because it's outside the time window: 16:35:00 - 16:50:00
2025-05-02 20:20:00 - INFO - [_run_strategy_if_applicable] [N/A] ⏰ Strategy 'EMA_Cross_candle' not executed because it's outside the time window: 16:35:00 - 16:50:00
2025-05-02 20:20:00 - INFO - [_run_strategy_if_applicable] [N/A] ⏰ Strategy 'SMA_Cross_sma50' not executed because it's outside the time window: 16:35:00 - 16:50:00
2025-05-02 20:20:00 - INFO - [_run_strategy_if_applicable] [N/A] ⏰ Strategy 'VWAP_diff_signal_1700_volume' not executed because it's outside the time window: 17:30:00 - 19:00:00
2025-05-02 20:20:00 - INFO - [_run_strategy_if_applicable] [N/A] ⏰ Strategy 'SMA_Cross_candle' not executed because it's outside the time window: 16:35:00 - 16:50:00
2025-05-02 20:20:00 - INFO - [_update_active_orders_and_telegram] [N/A] 📊 Updating SL/TP for active orders
2025-05-02 20:20:01 - INFO - [_wait_until_next_iteration] [N/A] ⏳ Sleeping for 58.94 seconds before the next cycle
2025-05-02 20:21:00 - DEBUG - [_process_strategies] [N/A] ⏱ Skipping VWAP_diff_signal_1700, not yet time (every 5m)
2025-05-02 20:21:00 - DEBUG - [_process_strategies] [N/A] ⏱ Skipping VWAP_diff_signal_rsi_1700, not yet time (every 5m)
2025-05-02 20:21:00 - DEBUG - [_process_strategies] [N/A] ⏱ Skipping EMA_Cross_ema50, not yet time (every 5m)
2025-05-02 20:21:00 - DEBUG - [_process_strategies] [N/A] ⏱ Skipping EMA_Cross_candle, not yet time (every 5m)
2025-05-02 20:21:00 - DEBUG - [_process_strategies] [N/A] ⏱ Skipping SMA_Cross_sma50, not yet time (every 5m)
2025-05-02 20:21:00 - DEBUG - [_process_strategies] [N/A] ⏱ Skipping VWAP_diff_signal_1700_volume, not yet time (every 5m)
2025-05-02 20:21:00 - DEBUG - [_process_strategies] [N/A] ⏱ Skipping SMA_Cross_candle, not yet time (every 5m)
2025-05-02 20:21:00 - INFO - [_update_active_orders_and_telegram] [N/A] 📊 Updating SL/TP for active orders
2025-05-02 20:21:01 - INFO - [_wait_until_next_iteration] [N/A] ⏳ Sleeping for 58.93 seconds before the next cycle
2025-05-02 20:22:00 - DEBUG - [_process_strategies] [N/A] ⏱ Skipping VWAP_diff_signal_1700, not yet time (every 5m)
2025-05-02 20:22:00 - DEBUG - [_process_strategies] [N/A] ⏱ Skipping VWAP_diff_signal_rsi_1700, not yet time (every 5m)
2025-05-02 20:22:00 - DEBUG - [_process_strategies] [N/A] ⏱ Skipping EMA_Cross_ema50, not yet time (every 5m)
2025-05-02 20:22:00 - DEBUG - [_process_strategies] [N/A] ⏱ Skipping EMA_Cross_candle, not yet time (every 5m)
2025-05-02 20:22:00 - DEBUG - [_process_strategies] [N/A] ⏱ Skipping SMA_Cross_sma50, not yet time (every 5m)
2025-05-02 20:22:00 - DEBUG - [_process_strategies] [N/A] ⏱ Skipping VWAP_diff_signal_1700_volume, not yet time (every 5m)
2025-05-02 20:22:00 - DEBUG - [_process_strategies] [N/A] ⏱ Skipping SMA_Cross_candle, not yet time (every 5m)
2025-05-02 20:22:00 - INFO - [_update_active_orders_and_telegram] [N/A] 📊 Updating SL/TP for active orders
2025-05-02 20:22:01 - INFO - [_wait_until_next_iteration] [N/A] ⏳ Sleeping for 58.93 seconds before the next cycle
2025-05-02 20:23:00 - DEBUG - [_process_strategies] [N/A] ⏱ Skipping VWAP_diff_signal_1700, not yet time (every 5m)
2025-05-02 20:23:00 - DEBUG - [_process_strategies] [N/A] ⏱ Skipping VWAP_diff_signal_rsi_1700, not yet time (every 5m)
2025-05-02 20:23:00 - DEBUG - [_process_strategies] [N/A] ⏱ Skipping EMA_Cross_ema50, not yet time (every 5m)
2025-05-02 20:23:00 - DEBUG - [_process_strategies] [N/A] ⏱ Skipping EMA_Cross_candle, not yet time (every 5m)
2025-05-02 20:23:00 - DEBUG - [_process_strategies] [N/A] ⏱ Skipping SMA_Cross_sma50, not yet time (every 5m)
2025-05-02 20:23:00 - DEBUG - [_process_strategies] [N/A] ⏱ Skipping VWAP_diff_signal_1700_volume, not yet time (every 5m)
2025-05-02 20:23:00 - DEBUG - [_process_strategies] [N/A] ⏱ Skipping SMA_Cross_candle, not yet time (every 5m)
2025-05-02 20:23:00 - INFO - [_update_active_orders_and_telegram] [N/A] 📊 Updating SL/TP for active orders
2025-05-02 20:23:01 - INFO - [_wait_until_next_iteration] [N/A] ⏳ Sleeping for 58.92 seconds before the next cycle
2025-05-02 20:24:00 - DEBUG - [_process_strategies] [N/A] ⏱ Skipping VWAP_diff_signal_1700, not yet time (every 5m)
2025-05-02 20:24:00 - DEBUG - [_process_strategies] [N/A] ⏱ Skipping VWAP_diff_signal_rsi_1700, not yet time (every 5m)
2025-05-02 20:24:00 - DEBUG - [_process_strategies] [N/A] ⏱ Skipping EMA_Cross_ema50, not yet time (every 5m)
2025-05-02 20:24:00 - DEBUG - [_process_strategies] [N/A] ⏱ Skipping EMA_Cross_candle, not yet time (every 5m)
2025-05-02 20:24:00 - DEBUG - [_process_strategies] [N/A] ⏱ Skipping SMA_Cross_sma50, not yet time (every 5m)
2025-05-02 20:24:00 - DEBUG - [_process_strategies] [N/A] ⏱ Skipping VWAP_diff_signal_1700_volume, not yet time (every 5m)
2025-05-02 20:24:00 - DEBUG - [_process_strategies] [N/A] ⏱ Skipping SMA_Cross_candle, not yet time (every 5m)
2025-05-02 20:24:00 - INFO - [_update_active_orders_and_telegram] [N/A] 📊 Updating SL/TP for active orders
2025-05-02 20:24:01 - INFO - [_wait_until_next_iteration] [N/A] ⏳ Sleeping for 58.94 seconds before the next cycle
2025-05-02 20:25:00 - INFO - [_run_strategy_if_applicable] [N/A] ⏰ Strategy 'VWAP_diff_signal_1700' not executed because it's outside the time window: 17:30:00 - 19:00:00
2025-05-02 20:25:00 - INFO - [_run_strategy_if_applicable] [N/A] ⏰ Strategy 'VWAP_diff_signal_rsi_1700' not executed because it's outside the time window: 17:30:00 - 19:00:00
2025-05-02 20:25:00 - INFO - [_run_strategy_if_applicable] [N/A] ⏰ Strategy 'EMA_Cross_ema50' not executed because it's outside the time window: 16:35:00 - 16:50:00
2025-05-02 20:25:00 - INFO - [_run_strategy_if_applicable] [N/A] ⏰ Strategy 'EMA_Cross_candle' not executed because it's outside the time window: 16:35:00 - 16:50:00
2025-05-02 20:25:00 - INFO - [_run_strategy_if_applicable] [N/A] ⏰ Strategy 'SMA_Cross_sma50' not executed because it's outside the time window: 16:35:00 - 16:50:00
2025-05-02 20:25:00 - INFO - [_run_strategy_if_applicable] [N/A] ⏰ Strategy 'VWAP_diff_signal_1700_volume' not executed because it's outside the time window: 17:30:00 - 19:00:00
2025-05-02 20:25:00 - INFO - [_run_strategy_if_applicable] [N/A] ⏰ Strategy 'SMA_Cross_candle' not executed because it's outside the time window: 16:35:00 - 16:50:00
2025-05-02 20:25:00 - INFO - [_update_active_orders_and_telegram] [N/A] 📊 Updating SL/TP for active orders
2025-05-02 20:25:01 - INFO - [_wait_until_next_iteration] [N/A] ⏳ Sleeping for 58.93 seconds before the next cycle
2025-05-02 20:26:00 - DEBUG - [_process_strategies] [N/A] ⏱ Skipping VWAP_diff_signal_1700, not yet time (every 5m)
2025-05-02 20:26:00 - DEBUG - [_process_strategies] [N/A] ⏱ Skipping VWAP_diff_signal_rsi_1700, not yet time (every 5m)
2025-05-02 20:26:00 - DEBUG - [_process_strategies] [N/A] ⏱ Skipping EMA_Cross_ema50, not yet time (every 5m)
2025-05-02 20:26:00 - DEBUG - [_process_strategies] [N/A] ⏱ Skipping EMA_Cross_candle, not yet time (every 5m)
2025-05-02 20:26:00 - DEBUG - [_process_strategies] [N/A] ⏱ Skipping SMA_Cross_sma50, not yet time (every 5m)
2025-05-02 20:26:00 - DEBUG - [_process_strategies] [N/A] ⏱ Skipping VWAP_diff_signal_1700_volume, not yet time (every 5m)
2025-05-02 20:26:00 - DEBUG - [_process_strategies] [N/A] ⏱ Skipping SMA_Cross_candle, not yet time (every 5m)
2025-05-02 20:26:00 - INFO - [_update_active_orders_and_telegram] [N/A] 📊 Updating SL/TP for active orders
2025-05-02 20:26:01 - INFO - [_wait_until_next_iteration] [N/A] ⏳ Sleeping for 58.93 seconds before the next cycle
2025-05-02 20:27:00 - DEBUG - [_process_strategies] [N/A] ⏱ Skipping VWAP_diff_signal_1700, not yet time (every 5m)
2025-05-02 20:27:00 - DEBUG - [_process_strategies] [N/A] ⏱ Skipping VWAP_diff_signal_rsi_1700, not yet time (every 5m)
2025-05-02 20:27:00 - DEBUG - [_process_strategies] [N/A] ⏱ Skipping EMA_Cross_ema50, not yet time (every 5m)
2025-05-02 20:27:00 - DEBUG - [_process_strategies] [N/A] ⏱ Skipping EMA_Cross_candle, not yet time (every 5m)
2025-05-02 20:27:00 - DEBUG - [_process_strategies] [N/A] ⏱ Skipping SMA_Cross_sma50, not yet time (every 5m)
2025-05-02 20:27:00 - DEBUG - [_process_strategies] [N/A] ⏱ Skipping VWAP_diff_signal_1700_volume, not yet time (every 5m)
2025-05-02 20:27:00 - DEBUG - [_process_strategies] [N/A] ⏱ Skipping SMA_Cross_candle, not yet time (every 5m)
2025-05-02 20:27:00 - INFO - [_update_active_orders_and_telegram] [N/A] 📊 Updating SL/TP for active orders
2025-05-02 20:27:01 - INFO - [_wait_until_next_iteration] [N/A] ⏳ Sleeping for 58.93 seconds before the next cycle
2025-05-02 20:28:00 - DEBUG - [_process_strategies] [N/A] ⏱ Skipping VWAP_diff_signal_1700, not yet time (every 5m)
2025-05-02 20:28:00 - DEBUG - [_process_strategies] [N/A] ⏱ Skipping VWAP_diff_signal_rsi_1700, not yet time (every 5m)
2025-05-02 20:28:00 - DEBUG - [_process_strategies] [N/A] ⏱ Skipping EMA_Cross_ema50, not yet time (every 5m)
2025-05-02 20:28:00 - DEBUG - [_process_strategies] [N/A] ⏱ Skipping EMA_Cross_candle, not yet time (every 5m)
2025-05-02 20:28:00 - DEBUG - [_process_strategies] [N/A] ⏱ Skipping SMA_Cross_sma50, not yet time (every 5m)
2025-05-02 20:28:00 - DEBUG - [_process_strategies] [N/A] ⏱ Skipping VWAP_diff_signal_1700_volume, not yet time (every 5m)
2025-05-02 20:28:00 - DEBUG - [_process_strategies] [N/A] ⏱ Skipping SMA_Cross_candle, not yet time (every 5m)
2025-05-02 20:28:00 - INFO - [_update_active_orders_and_telegram] [N/A] 📊 Updating SL/TP for active orders
2025-05-02 20:28:01 - INFO - [_wait_until_next_iteration] [N/A] ⏳ Sleeping for 58.93 seconds before the next cycle
2025-05-02 20:29:00 - DEBUG - [_process_strategies] [N/A] ⏱ Skipping VWAP_diff_signal_1700, not yet time (every 5m)
2025-05-02 20:29:00 - DEBUG - [_process_strategies] [N/A] ⏱ Skipping VWAP_diff_signal_rsi_1700, not yet time (every 5m)
2025-05-02 20:29:00 - DEBUG - [_process_strategies] [N/A] ⏱ Skipping EMA_Cross_ema50, not yet time (every 5m)
2025-05-02 20:29:00 - DEBUG - [_process_strategies] [N/A] ⏱ Skipping EMA_Cross_candle, not yet time (every 5m)
2025-05-02 20:29:00 - DEBUG - [_process_strategies] [N/A] ⏱ Skipping SMA_Cross_sma50, not yet time (every 5m)
2025-05-02 20:29:00 - DEBUG - [_process_strategies] [N/A] ⏱ Skipping VWAP_diff_signal_1700_volume, not yet time (every 5m)
2025-05-02 20:29:00 - DEBUG - [_process_strategies] [N/A] ⏱ Skipping SMA_Cross_candle, not yet time (every 5m)
2025-05-02 20:29:00 - INFO - [_update_active_orders_and_telegram] [N/A] 📊 Updating SL/TP for active orders
2025-05-02 20:29:01 - INFO - [_wait_until_next_iteration] [N/A] ⏳ Sleeping for 58.96 seconds before the next cycle
2025-05-02 20:30:00 - INFO - [_run_strategy_if_applicable] [N/A] ⏰ Strategy 'VWAP_diff_signal_1700' not executed because it's outside the time window: 17:30:00 - 19:00:00
2025-05-02 20:30:00 - INFO - [_run_strategy_if_applicable] [N/A] ⏰ Strategy 'VWAP_diff_signal_rsi_1700' not executed because it's outside the time window: 17:30:00 - 19:00:00
2025-05-02 20:30:00 - INFO - [_run_strategy_if_applicable] [N/A] ⏰ Strategy 'EMA_Cross_ema50' not executed because it's outside the time window: 16:35:00 - 16:50:00
2025-05-02 20:30:00 - INFO - [_run_strategy_if_applicable] [N/A] ⏰ Strategy 'EMA_Cross_candle' not executed because it's outside the time window: 16:35:00 - 16:50:00
2025-05-02 20:30:00 - INFO - [_run_strategy_if_applicable] [N/A] ⏰ Strategy 'SMA_Cross_sma50' not executed because it's outside the time window: 16:35:00 - 16:50:00
2025-05-02 20:30:00 - INFO - [_run_strategy_if_applicable] [N/A] ⏰ Strategy 'VWAP_diff_signal_1700_volume' not executed because it's outside the time window: 17:30:00 - 19:00:00
2025-05-02 20:30:00 - INFO - [_run_strategy_if_applicable] [N/A] ⏰ Strategy 'SMA_Cross_candle' not executed because it's outside the time window: 16:35:00 - 16:50:00
2025-05-02 20:30:00 - INFO - [_update_active_orders_and_telegram] [N/A] 📊 Updating SL/TP for active orders
2025-05-02 20:30:01 - INFO - [_wait_until_next_iteration] [N/A] ⏳ Sleeping for 58.93 seconds before the next cycle
2025-05-02 20:31:00 - DEBUG - [_process_strategies] [N/A] ⏱ Skipping VWAP_diff_signal_1700, not yet time (every 5m)
2025-05-02 20:31:00 - DEBUG - [_process_strategies] [N/A] ⏱ Skipping VWAP_diff_signal_rsi_1700, not yet time (every 5m)
2025-05-02 20:31:00 - DEBUG - [_process_strategies] [N/A] ⏱ Skipping EMA_Cross_ema50, not yet time (every 5m)
2025-05-02 20:31:00 - DEBUG - [_process_strategies] [N/A] ⏱ Skipping EMA_Cross_candle, not yet time (every 5m)
2025-05-02 20:31:00 - DEBUG - [_process_strategies] [N/A] ⏱ Skipping SMA_Cross_sma50, not yet time (every 5m)
2025-05-02 20:31:00 - DEBUG - [_process_strategies] [N/A] ⏱ Skipping VWAP_diff_signal_1700_volume, not yet time (every 5m)
2025-05-02 20:31:00 - DEBUG - [_process_strategies] [N/A] ⏱ Skipping SMA_Cross_candle, not yet time (every 5m)
2025-05-02 20:31:00 - INFO - [_update_active_orders_and_telegram] [N/A] 📊 Updating SL/TP for active orders
2025-05-02 20:31:01 - INFO - [_wait_until_next_iteration] [N/A] ⏳ Sleeping for 58.93 seconds before the next cycle
2025-05-02 20:32:00 - DEBUG - [_process_strategies] [N/A] ⏱ Skipping VWAP_diff_signal_1700, not yet time (every 5m)
2025-05-02 20:32:00 - DEBUG - [_process_strategies] [N/A] ⏱ Skipping VWAP_diff_signal_rsi_1700, not yet time (every 5m)
2025-05-02 20:32:00 - DEBUG - [_process_strategies] [N/A] ⏱ Skipping EMA_Cross_ema50, not yet time (every 5m)
2025-05-02 20:32:00 - DEBUG - [_process_strategies] [N/A] ⏱ Skipping EMA_Cross_candle, not yet time (every 5m)
2025-05-02 20:32:00 - DEBUG - [_process_strategies] [N/A] ⏱ Skipping SMA_Cross_sma50, not yet time (every 5m)
2025-05-02 20:32:00 - DEBUG - [_process_strategies] [N/A] ⏱ Skipping VWAP_diff_signal_1700_volume, not yet time (every 5m)
2025-05-02 20:32:00 - DEBUG - [_process_strategies] [N/A] ⏱ Skipping SMA_Cross_candle, not yet time (every 5m)
2025-05-02 20:32:00 - INFO - [_update_active_orders_and_telegram] [N/A] 📊 Updating SL/TP for active orders
2025-05-02 20:32:01 - INFO - [_wait_until_next_iteration] [N/A] ⏳ Sleeping for 58.93 seconds before the next cycle
2025-05-02 20:33:00 - DEBUG - [_process_strategies] [N/A] ⏱ Skipping VWAP_diff_signal_1700, not yet time (every 5m)
2025-05-02 20:33:00 - DEBUG - [_process_strategies] [N/A] ⏱ Skipping VWAP_diff_signal_rsi_1700, not yet time (every 5m)
2025-05-02 20:33:00 - DEBUG - [_process_strategies] [N/A] ⏱ Skipping EMA_Cross_ema50, not yet time (every 5m)
2025-05-02 20:33:00 - DEBUG - [_process_strategies] [N/A] ⏱ Skipping EMA_Cross_candle, not yet time (every 5m)
2025-05-02 20:33:00 - DEBUG - [_process_strategies] [N/A] ⏱ Skipping SMA_Cross_sma50, not yet time (every 5m)
2025-05-02 20:33:00 - DEBUG - [_process_strategies] [N/A] ⏱ Skipping VWAP_diff_signal_1700_volume, not yet time (every 5m)
2025-05-02 20:33:00 - DEBUG - [_process_strategies] [N/A] ⏱ Skipping SMA_Cross_candle, not yet time (every 5m)
2025-05-02 20:33:00 - INFO - [_update_active_orders_and_telegram] [N/A] 📊 Updating SL/TP for active orders
2025-05-02 20:33:01 - INFO - [_wait_until_next_iteration] [N/A] ⏳ Sleeping for 58.94 seconds before the next cycle
2025-05-02 20:34:00 - DEBUG - [_process_strategies] [N/A] ⏱ Skipping VWAP_diff_signal_1700, not yet time (every 5m)
2025-05-02 20:34:00 - DEBUG - [_process_strategies] [N/A] ⏱ Skipping VWAP_diff_signal_rsi_1700, not yet time (every 5m)
2025-05-02 20:34:00 - DEBUG - [_process_strategies] [N/A] ⏱ Skipping EMA_Cross_ema50, not yet time (every 5m)
2025-05-02 20:34:00 - DEBUG - [_process_strategies] [N/A] ⏱ Skipping EMA_Cross_candle, not yet time (every 5m)
2025-05-02 20:34:00 - DEBUG - [_process_strategies] [N/A] ⏱ Skipping SMA_Cross_sma50, not yet time (every 5m)
2025-05-02 20:34:00 - DEBUG - [_process_strategies] [N/A] ⏱ Skipping VWAP_diff_signal_1700_volume, not yet time (every 5m)
2025-05-02 20:34:00 - DEBUG - [_process_strategies] [N/A] ⏱ Skipping SMA_Cross_candle, not yet time (every 5m)
2025-05-02 20:34:00 - INFO - [_update_active_orders_and_telegram] [N/A] 📊 Updating SL/TP for active orders
2025-05-02 20:34:01 - INFO - [_wait_until_next_iteration] [N/A] ⏳ Sleeping for 58.95 seconds before the next cycle
2025-05-02 20:35:00 - INFO - [_run_strategy_if_applicable] [N/A] ⏰ Strategy 'VWAP_diff_signal_1700' not executed because it's outside the time window: 17:30:00 - 19:00:00
2025-05-02 20:35:00 - INFO - [_run_strategy_if_applicable] [N/A] ⏰ Strategy 'VWAP_diff_signal_rsi_1700' not executed because it's outside the time window: 17:30:00 - 19:00:00
2025-05-02 20:35:00 - INFO - [_run_strategy_if_applicable] [N/A] ⏰ Strategy 'EMA_Cross_ema50' not executed because it's outside the time window: 16:35:00 - 16:50:00
2025-05-02 20:35:00 - INFO - [_run_strategy_if_applicable] [N/A] ⏰ Strategy 'EMA_Cross_candle' not executed because it's outside the time window: 16:35:00 - 16:50:00
2025-05-02 20:35:00 - INFO - [_run_strategy_if_applicable] [N/A] ⏰ Strategy 'SMA_Cross_sma50' not executed because it's outside the time window: 16:35:00 - 16:50:00
2025-05-02 20:35:00 - INFO - [_run_strategy_if_applicable] [N/A] ⏰ Strategy 'VWAP_diff_signal_1700_volume' not executed because it's outside the time window: 17:30:00 - 19:00:00
2025-05-02 20:35:00 - INFO - [_run_strategy_if_applicable] [N/A] ⏰ Strategy 'SMA_Cross_candle' not executed because it's outside the time window: 16:35:00 - 16:50:00
2025-05-02 20:35:00 - INFO - [_update_active_orders_and_telegram] [N/A] 📊 Updating SL/TP for active orders
2025-05-02 20:35:01 - INFO - [_wait_until_next_iteration] [N/A] ⏳ Sleeping for 58.92 seconds before the next cycle
2025-05-02 20:36:00 - DEBUG - [_process_strategies] [N/A] ⏱ Skipping VWAP_diff_signal_1700, not yet time (every 5m)
2025-05-02 20:36:00 - DEBUG - [_process_strategies] [N/A] ⏱ Skipping VWAP_diff_signal_rsi_1700, not yet time (every 5m)
2025-05-02 20:36:00 - DEBUG - [_process_strategies] [N/A] ⏱ Skipping EMA_Cross_ema50, not yet time (every 5m)
2025-05-02 20:36:00 - DEBUG - [_process_strategies] [N/A] ⏱ Skipping EMA_Cross_candle, not yet time (every 5m)
2025-05-02 20:36:00 - DEBUG - [_process_strategies] [N/A] ⏱ Skipping SMA_Cross_sma50, not yet time (every 5m)
2025-05-02 20:36:00 - DEBUG - [_process_strategies] [N/A] ⏱ Skipping VWAP_diff_signal_1700_volume, not yet time (every 5m)
2025-05-02 20:36:00 - DEBUG - [_process_strategies] [N/A] ⏱ Skipping SMA_Cross_candle, not yet time (every 5m)
2025-05-02 20:36:00 - INFO - [_update_active_orders_and_telegram] [N/A] 📊 Updating SL/TP for active orders
2025-05-02 20:36:01 - INFO - [_wait_until_next_iteration] [N/A] ⏳ Sleeping for 58.93 seconds before the next cycle
2025-05-02 20:37:00 - DEBUG - [_process_strategies] [N/A] ⏱ Skipping VWAP_diff_signal_1700, not yet time (every 5m)
2025-05-02 20:37:00 - DEBUG - [_process_strategies] [N/A] ⏱ Skipping VWAP_diff_signal_rsi_1700, not yet time (every 5m)
2025-05-02 20:37:00 - DEBUG - [_process_strategies] [N/A] ⏱ Skipping EMA_Cross_ema50, not yet time (every 5m)
2025-05-02 20:37:00 - DEBUG - [_process_strategies] [N/A] ⏱ Skipping EMA_Cross_candle, not yet time (every 5m)
2025-05-02 20:37:00 - DEBUG - [_process_strategies] [N/A] ⏱ Skipping SMA_Cross_sma50, not yet time (every 5m)
2025-05-02 20:37:00 - DEBUG - [_process_strategies] [N/A] ⏱ Skipping VWAP_diff_signal_1700_volume, not yet time (every 5m)
2025-05-02 20:37:00 - DEBUG - [_process_strategies] [N/A] ⏱ Skipping SMA_Cross_candle, not yet time (every 5m)
2025-05-02 20:37:00 - INFO - [_update_active_orders_and_telegram] [N/A] 📊 Updating SL/TP for active orders
2025-05-02 20:37:01 - INFO - [_wait_until_next_iteration] [N/A] ⏳ Sleeping for 58.93 seconds before the next cycle
2025-05-02 20:38:00 - DEBUG - [_process_strategies] [N/A] ⏱ Skipping VWAP_diff_signal_1700, not yet time (every 5m)
2025-05-02 20:38:00 - DEBUG - [_process_strategies] [N/A] ⏱ Skipping VWAP_diff_signal_rsi_1700, not yet time (every 5m)
2025-05-02 20:38:00 - DEBUG - [_process_strategies] [N/A] ⏱ Skipping EMA_Cross_ema50, not yet time (every 5m)
2025-05-02 20:38:00 - DEBUG - [_process_strategies] [N/A] ⏱ Skipping EMA_Cross_candle, not yet time (every 5m)
2025-05-02 20:38:00 - DEBUG - [_process_strategies] [N/A] ⏱ Skipping SMA_Cross_sma50, not yet time (every 5m)
2025-05-02 20:38:00 - DEBUG - [_process_strategies] [N/A] ⏱ Skipping VWAP_diff_signal_1700_volume, not yet time (every 5m)
2025-05-02 20:38:00 - DEBUG - [_process_strategies] [N/A] ⏱ Skipping SMA_Cross_candle, not yet time (every 5m)
2025-05-02 20:38:00 - INFO - [_update_active_orders_and_telegram] [N/A] 📊 Updating SL/TP for active orders
2025-05-02 20:38:01 - INFO - [_wait_until_next_iteration] [N/A] ⏳ Sleeping for 58.93 seconds before the next cycle
2025-05-02 20:39:00 - DEBUG - [_process_strategies] [N/A] ⏱ Skipping VWAP_diff_signal_1700, not yet time (every 5m)
2025-05-02 20:39:00 - DEBUG - [_process_strategies] [N/A] ⏱ Skipping VWAP_diff_signal_rsi_1700, not yet time (every 5m)
2025-05-02 20:39:00 - DEBUG - [_process_strategies] [N/A] ⏱ Skipping EMA_Cross_ema50, not yet time (every 5m)
2025-05-02 20:39:00 - DEBUG - [_process_strategies] [N/A] ⏱ Skipping EMA_Cross_candle, not yet time (every 5m)
2025-05-02 20:39:00 - DEBUG - [_process_strategies] [N/A] ⏱ Skipping SMA_Cross_sma50, not yet time (every 5m)
2025-05-02 20:39:00 - DEBUG - [_process_strategies] [N/A] ⏱ Skipping VWAP_diff_signal_1700_volume, not yet time (every 5m)
2025-05-02 20:39:00 - DEBUG - [_process_strategies] [N/A] ⏱ Skipping SMA_Cross_candle, not yet time (every 5m)
2025-05-02 20:39:00 - INFO - [_update_active_orders_and_telegram] [N/A] 📊 Updating SL/TP for active orders
2025-05-02 20:39:01 - INFO - [_wait_until_next_iteration] [N/A] ⏳ Sleeping for 58.93 seconds before the next cycle
2025-05-02 20:40:00 - INFO - [_run_strategy_if_applicable] [N/A] ⏰ Strategy 'VWAP_diff_signal_1700' not executed because it's outside the time window: 17:30:00 - 19:00:00
2025-05-02 20:40:00 - INFO - [_run_strategy_if_applicable] [N/A] ⏰ Strategy 'VWAP_diff_signal_rsi_1700' not executed because it's outside the time window: 17:30:00 - 19:00:00
2025-05-02 20:40:00 - INFO - [_run_strategy_if_applicable] [N/A] ⏰ Strategy 'EMA_Cross_ema50' not executed because it's outside the time window: 16:35:00 - 16:50:00
2025-05-02 20:40:00 - INFO - [_run_strategy_if_applicable] [N/A] ⏰ Strategy 'EMA_Cross_candle' not executed because it's outside the time window: 16:35:00 - 16:50:00
2025-05-02 20:40:00 - INFO - [_run_strategy_if_applicable] [N/A] ⏰ Strategy 'SMA_Cross_sma50' not executed because it's outside the time window: 16:35:00 - 16:50:00
2025-05-02 20:40:00 - INFO - [_run_strategy_if_applicable] [N/A] ⏰ Strategy 'VWAP_diff_signal_1700_volume' not executed because it's outside the time window: 17:30:00 - 19:00:00
2025-05-02 20:40:00 - INFO - [_run_strategy_if_applicable] [N/A] ⏰ Strategy 'SMA_Cross_candle' not executed because it's outside the time window: 16:35:00 - 16:50:00
2025-05-02 20:40:00 - INFO - [_update_active_orders_and_telegram] [N/A] 📊 Updating SL/TP for active orders
2025-05-02 20:40:01 - INFO - [_wait_until_next_iteration] [N/A] ⏳ Sleeping for 58.93 seconds before the next cycle
2025-05-02 20:41:00 - DEBUG - [_process_strategies] [N/A] ⏱ Skipping VWAP_diff_signal_1700, not yet time (every 5m)
2025-05-02 20:41:00 - DEBUG - [_process_strategies] [N/A] ⏱ Skipping VWAP_diff_signal_rsi_1700, not yet time (every 5m)
2025-05-02 20:41:00 - DEBUG - [_process_strategies] [N/A] ⏱ Skipping EMA_Cross_ema50, not yet time (every 5m)
2025-05-02 20:41:00 - DEBUG - [_process_strategies] [N/A] ⏱ Skipping EMA_Cross_candle, not yet time (every 5m)
2025-05-02 20:41:00 - DEBUG - [_process_strategies] [N/A] ⏱ Skipping SMA_Cross_sma50, not yet time (every 5m)
2025-05-02 20:41:00 - DEBUG - [_process_strategies] [N/A] ⏱ Skipping VWAP_diff_signal_1700_volume, not yet time (every 5m)
2025-05-02 20:41:00 - DEBUG - [_process_strategies] [N/A] ⏱ Skipping SMA_Cross_candle, not yet time (every 5m)
2025-05-02 20:41:00 - INFO - [_update_active_orders_and_telegram] [N/A] 📊 Updating SL/TP for active orders
2025-05-02 20:41:01 - INFO - [_wait_until_next_iteration] [N/A] ⏳ Sleeping for 58.93 seconds before the next cycle
2025-05-02 20:42:00 - DEBUG - [_process_strategies] [N/A] ⏱ Skipping VWAP_diff_signal_1700, not yet time (every 5m)
2025-05-02 20:42:00 - DEBUG - [_process_strategies] [N/A] ⏱ Skipping VWAP_diff_signal_rsi_1700, not yet time (every 5m)
2025-05-02 20:42:00 - DEBUG - [_process_strategies] [N/A] ⏱ Skipping EMA_Cross_ema50, not yet time (every 5m)
2025-05-02 20:42:00 - DEBUG - [_process_strategies] [N/A] ⏱ Skipping EMA_Cross_candle, not yet time (every 5m)
2025-05-02 20:42:00 - DEBUG - [_process_strategies] [N/A] ⏱ Skipping SMA_Cross_sma50, not yet time (every 5m)
2025-05-02 20:42:00 - DEBUG - [_process_strategies] [N/A] ⏱ Skipping VWAP_diff_signal_1700_volume, not yet time (every 5m)
2025-05-02 20:42:00 - DEBUG - [_process_strategies] [N/A] ⏱ Skipping SMA_Cross_candle, not yet time (every 5m)
2025-05-02 20:42:00 - INFO - [_update_active_orders_and_telegram] [N/A] 📊 Updating SL/TP for active orders
2025-05-02 20:42:01 - INFO - [_wait_until_next_iteration] [N/A] ⏳ Sleeping for 58.93 seconds before the next cycle
2025-05-02 20:43:00 - DEBUG - [_process_strategies] [N/A] ⏱ Skipping VWAP_diff_signal_1700, not yet time (every 5m)
2025-05-02 20:43:00 - DEBUG - [_process_strategies] [N/A] ⏱ Skipping VWAP_diff_signal_rsi_1700, not yet time (every 5m)
2025-05-02 20:43:00 - DEBUG - [_process_strategies] [N/A] ⏱ Skipping EMA_Cross_ema50, not yet time (every 5m)
2025-05-02 20:43:00 - DEBUG - [_process_strategies] [N/A] ⏱ Skipping EMA_Cross_candle, not yet time (every 5m)
2025-05-02 20:43:00 - DEBUG - [_process_strategies] [N/A] ⏱ Skipping SMA_Cross_sma50, not yet time (every 5m)
2025-05-02 20:43:00 - DEBUG - [_process_strategies] [N/A] ⏱ Skipping VWAP_diff_signal_1700_volume, not yet time (every 5m)
2025-05-02 20:43:00 - DEBUG - [_process_strategies] [N/A] ⏱ Skipping SMA_Cross_candle, not yet time (every 5m)
2025-05-02 20:43:00 - INFO - [_update_active_orders_and_telegram] [N/A] 📊 Updating SL/TP for active orders
2025-05-02 20:43:01 - INFO - [_wait_until_next_iteration] [N/A] ⏳ Sleeping for 58.94 seconds before the next cycle
2025-05-02 20:44:00 - DEBUG - [_process_strategies] [N/A] ⏱ Skipping VWAP_diff_signal_1700, not yet time (every 5m)
2025-05-02 20:44:00 - DEBUG - [_process_strategies] [N/A] ⏱ Skipping VWAP_diff_signal_rsi_1700, not yet time (every 5m)
2025-05-02 20:44:00 - DEBUG - [_process_strategies] [N/A] ⏱ Skipping EMA_Cross_ema50, not yet time (every 5m)
2025-05-02 20:44:00 - DEBUG - [_process_strategies] [N/A] ⏱ Skipping EMA_Cross_candle, not yet time (every 5m)
2025-05-02 20:44:00 - DEBUG - [_process_strategies] [N/A] ⏱ Skipping SMA_Cross_sma50, not yet time (every 5m)
2025-05-02 20:44:00 - DEBUG - [_process_strategies] [N/A] ⏱ Skipping VWAP_diff_signal_1700_volume, not yet time (every 5m)
2025-05-02 20:44:00 - DEBUG - [_process_strategies] [N/A] ⏱ Skipping SMA_Cross_candle, not yet time (every 5m)
2025-05-02 20:44:00 - INFO - [_update_active_orders_and_telegram] [N/A] 📊 Updating SL/TP for active orders
2025-05-02 20:44:01 - INFO - [_wait_until_next_iteration] [N/A] ⏳ Sleeping for 58.93 seconds before the next cycle
2025-05-02 20:45:00 - INFO - [_run_strategy_if_applicable] [N/A] ⏰ Strategy 'VWAP_diff_signal_1700' not executed because it's outside the time window: 17:30:00 - 19:00:00
2025-05-02 20:45:00 - INFO - [_run_strategy_if_applicable] [N/A] ⏰ Strategy 'VWAP_diff_signal_rsi_1700' not executed because it's outside the time window: 17:30:00 - 19:00:00
2025-05-02 20:45:00 - INFO - [_run_strategy_if_applicable] [N/A] ⏰ Strategy 'EMA_Cross_ema50' not executed because it's outside the time window: 16:35:00 - 16:50:00
2025-05-02 20:45:00 - INFO - [_run_strategy_if_applicable] [N/A] ⏰ Strategy 'EMA_Cross_candle' not executed because it's outside the time window: 16:35:00 - 16:50:00
2025-05-02 20:45:00 - INFO - [_run_strategy_if_applicable] [N/A] ⏰ Strategy 'SMA_Cross_sma50' not executed because it's outside the time window: 16:35:00 - 16:50:00
2025-05-02 20:45:00 - INFO - [_run_strategy_if_applicable] [N/A] ⏰ Strategy 'VWAP_diff_signal_1700_volume' not executed because it's outside the time window: 17:30:00 - 19:00:00
2025-05-02 20:45:00 - INFO - [_run_strategy_if_applicable] [N/A] ⏰ Strategy 'SMA_Cross_candle' not executed because it's outside the time window: 16:35:00 - 16:50:00
2025-05-02 20:45:00 - INFO - [_update_active_orders_and_telegram] [N/A] 📊 Updating SL/TP for active orders
2025-05-02 20:45:01 - INFO - [_wait_until_next_iteration] [N/A] ⏳ Sleeping for 58.93 seconds before the next cycle
2025-05-02 20:46:00 - DEBUG - [_process_strategies] [N/A] ⏱ Skipping VWAP_diff_signal_1700, not yet time (every 5m)
2025-05-02 20:46:00 - DEBUG - [_process_strategies] [N/A] ⏱ Skipping VWAP_diff_signal_rsi_1700, not yet time (every 5m)
2025-05-02 20:46:00 - DEBUG - [_process_strategies] [N/A] ⏱ Skipping EMA_Cross_ema50, not yet time (every 5m)
2025-05-02 20:46:00 - DEBUG - [_process_strategies] [N/A] ⏱ Skipping EMA_Cross_candle, not yet time (every 5m)
2025-05-02 20:46:00 - DEBUG - [_process_strategies] [N/A] ⏱ Skipping SMA_Cross_sma50, not yet time (every 5m)
2025-05-02 20:46:00 - DEBUG - [_process_strategies] [N/A] ⏱ Skipping VWAP_diff_signal_1700_volume, not yet time (every 5m)
2025-05-02 20:46:00 - DEBUG - [_process_strategies] [N/A] ⏱ Skipping SMA_Cross_candle, not yet time (every 5m)
2025-05-02 20:46:00 - INFO - [_update_active_orders_and_telegram] [N/A] 📊 Updating SL/TP for active orders
2025-05-02 20:46:01 - INFO - [_wait_until_next_iteration] [N/A] ⏳ Sleeping for 58.93 seconds before the next cycle
2025-05-02 20:47:00 - DEBUG - [_process_strategies] [N/A] ⏱ Skipping VWAP_diff_signal_1700, not yet time (every 5m)
2025-05-02 20:47:00 - DEBUG - [_process_strategies] [N/A] ⏱ Skipping VWAP_diff_signal_rsi_1700, not yet time (every 5m)
2025-05-02 20:47:00 - DEBUG - [_process_strategies] [N/A] ⏱ Skipping EMA_Cross_ema50, not yet time (every 5m)
2025-05-02 20:47:00 - DEBUG - [_process_strategies] [N/A] ⏱ Skipping EMA_Cross_candle, not yet time (every 5m)
2025-05-02 20:47:00 - DEBUG - [_process_strategies] [N/A] ⏱ Skipping SMA_Cross_sma50, not yet time (every 5m)
2025-05-02 20:47:00 - DEBUG - [_process_strategies] [N/A] ⏱ Skipping VWAP_diff_signal_1700_volume, not yet time (every 5m)
2025-05-02 20:47:00 - DEBUG - [_process_strategies] [N/A] ⏱ Skipping SMA_Cross_candle, not yet time (every 5m)
2025-05-02 20:47:00 - INFO - [_update_active_orders_and_telegram] [N/A] 📊 Updating SL/TP for active orders
2025-05-02 20:47:01 - INFO - [_wait_until_next_iteration] [N/A] ⏳ Sleeping for 58.93 seconds before the next cycle
2025-05-02 20:48:00 - DEBUG - [_process_strategies] [N/A] ⏱ Skipping VWAP_diff_signal_1700, not yet time (every 5m)
2025-05-02 20:48:00 - DEBUG - [_process_strategies] [N/A] ⏱ Skipping VWAP_diff_signal_rsi_1700, not yet time (every 5m)
2025-05-02 20:48:00 - DEBUG - [_process_strategies] [N/A] ⏱ Skipping EMA_Cross_ema50, not yet time (every 5m)
2025-05-02 20:48:00 - DEBUG - [_process_strategies] [N/A] ⏱ Skipping EMA_Cross_candle, not yet time (every 5m)
2025-05-02 20:48:00 - DEBUG - [_process_strategies] [N/A] ⏱ Skipping SMA_Cross_sma50, not yet time (every 5m)
2025-05-02 20:48:00 - DEBUG - [_process_strategies] [N/A] ⏱ Skipping VWAP_diff_signal_1700_volume, not yet time (every 5m)
2025-05-02 20:48:00 - DEBUG - [_process_strategies] [N/A] ⏱ Skipping SMA_Cross_candle, not yet time (every 5m)
2025-05-02 20:48:00 - INFO - [_update_active_orders_and_telegram] [N/A] 📊 Updating SL/TP for active orders
2025-05-02 20:48:01 - INFO - [_wait_until_next_iteration] [N/A] ⏳ Sleeping for 58.97 seconds before the next cycle
2025-05-02 20:49:00 - DEBUG - [_process_strategies] [N/A] ⏱ Skipping VWAP_diff_signal_1700, not yet time (every 5m)
2025-05-02 20:49:00 - DEBUG - [_process_strategies] [N/A] ⏱ Skipping VWAP_diff_signal_rsi_1700, not yet time (every 5m)
2025-05-02 20:49:00 - DEBUG - [_process_strategies] [N/A] ⏱ Skipping EMA_Cross_ema50, not yet time (every 5m)
2025-05-02 20:49:00 - DEBUG - [_process_strategies] [N/A] ⏱ Skipping EMA_Cross_candle, not yet time (every 5m)
2025-05-02 20:49:00 - DEBUG - [_process_strategies] [N/A] ⏱ Skipping SMA_Cross_sma50, not yet time (every 5m)
2025-05-02 20:49:00 - DEBUG - [_process_strategies] [N/A] ⏱ Skipping VWAP_diff_signal_1700_volume, not yet time (every 5m)
2025-05-02 20:49:00 - DEBUG - [_process_strategies] [N/A] ⏱ Skipping SMA_Cross_candle, not yet time (every 5m)
2025-05-02 20:49:00 - INFO - [_update_active_orders_and_telegram] [N/A] 📊 Updating SL/TP for active orders
2025-05-02 20:49:01 - INFO - [_wait_until_next_iteration] [N/A] ⏳ Sleeping for 58.95 seconds before the next cycle
2025-05-02 20:50:00 - INFO - [_run_strategy_if_applicable] [N/A] ⏰ Strategy 'VWAP_diff_signal_1700' not executed because it's outside the time window: 17:30:00 - 19:00:00
2025-05-02 20:50:00 - INFO - [_run_strategy_if_applicable] [N/A] ⏰ Strategy 'VWAP_diff_signal_rsi_1700' not executed because it's outside the time window: 17:30:00 - 19:00:00
2025-05-02 20:50:00 - INFO - [_run_strategy_if_applicable] [N/A] ⏰ Strategy 'EMA_Cross_ema50' not executed because it's outside the time window: 16:35:00 - 16:50:00
2025-05-02 20:50:00 - INFO - [_run_strategy_if_applicable] [N/A] ⏰ Strategy 'EMA_Cross_candle' not executed because it's outside the time window: 16:35:00 - 16:50:00
2025-05-02 20:50:00 - INFO - [_run_strategy_if_applicable] [N/A] ⏰ Strategy 'SMA_Cross_sma50' not executed because it's outside the time window: 16:35:00 - 16:50:00
2025-05-02 20:50:00 - INFO - [_run_strategy_if_applicable] [N/A] ⏰ Strategy 'VWAP_diff_signal_1700_volume' not executed because it's outside the time window: 17:30:00 - 19:00:00
2025-05-02 20:50:00 - INFO - [_run_strategy_if_applicable] [N/A] ⏰ Strategy 'SMA_Cross_candle' not executed because it's outside the time window: 16:35:00 - 16:50:00
2025-05-02 20:50:00 - INFO - [_update_active_orders_and_telegram] [N/A] 📊 Updating SL/TP for active orders
2025-05-02 20:50:01 - INFO - [_wait_until_next_iteration] [N/A] ⏳ Sleeping for 58.93 seconds before the next cycle
2025-05-02 20:51:00 - DEBUG - [_process_strategies] [N/A] ⏱ Skipping VWAP_diff_signal_1700, not yet time (every 5m)
2025-05-02 20:51:00 - DEBUG - [_process_strategies] [N/A] ⏱ Skipping VWAP_diff_signal_rsi_1700, not yet time (every 5m)
2025-05-02 20:51:00 - DEBUG - [_process_strategies] [N/A] ⏱ Skipping EMA_Cross_ema50, not yet time (every 5m)
2025-05-02 20:51:00 - DEBUG - [_process_strategies] [N/A] ⏱ Skipping EMA_Cross_candle, not yet time (every 5m)
2025-05-02 20:51:00 - DEBUG - [_process_strategies] [N/A] ⏱ Skipping SMA_Cross_sma50, not yet time (every 5m)
2025-05-02 20:51:00 - DEBUG - [_process_strategies] [N/A] ⏱ Skipping VWAP_diff_signal_1700_volume, not yet time (every 5m)
2025-05-02 20:51:00 - DEBUG - [_process_strategies] [N/A] ⏱ Skipping SMA_Cross_candle, not yet time (every 5m)
2025-05-02 20:51:00 - INFO - [_update_active_orders_and_telegram] [N/A] 📊 Updating SL/TP for active orders
2025-05-02 20:51:01 - INFO - [_wait_until_next_iteration] [N/A] ⏳ Sleeping for 58.93 seconds before the next cycle
2025-05-02 20:52:00 - DEBUG - [_process_strategies] [N/A] ⏱ Skipping VWAP_diff_signal_1700, not yet time (every 5m)
2025-05-02 20:52:00 - DEBUG - [_process_strategies] [N/A] ⏱ Skipping VWAP_diff_signal_rsi_1700, not yet time (every 5m)
2025-05-02 20:52:00 - DEBUG - [_process_strategies] [N/A] ⏱ Skipping EMA_Cross_ema50, not yet time (every 5m)
2025-05-02 20:52:00 - DEBUG - [_process_strategies] [N/A] ⏱ Skipping EMA_Cross_candle, not yet time (every 5m)
2025-05-02 20:52:00 - DEBUG - [_process_strategies] [N/A] ⏱ Skipping SMA_Cross_sma50, not yet time (every 5m)
2025-05-02 20:52:00 - DEBUG - [_process_strategies] [N/A] ⏱ Skipping VWAP_diff_signal_1700_volume, not yet time (every 5m)
2025-05-02 20:52:00 - DEBUG - [_process_strategies] [N/A] ⏱ Skipping SMA_Cross_candle, not yet time (every 5m)
2025-05-02 20:52:00 - INFO - [_update_active_orders_and_telegram] [N/A] 📊 Updating SL/TP for active orders
2025-05-02 20:52:01 - INFO - [_wait_until_next_iteration] [N/A] ⏳ Sleeping for 58.93 seconds before the next cycle
2025-05-02 20:53:00 - DEBUG - [_process_strategies] [N/A] ⏱ Skipping VWAP_diff_signal_1700, not yet time (every 5m)
2025-05-02 20:53:00 - DEBUG - [_process_strategies] [N/A] ⏱ Skipping VWAP_diff_signal_rsi_1700, not yet time (every 5m)
2025-05-02 20:53:00 - DEBUG - [_process_strategies] [N/A] ⏱ Skipping EMA_Cross_ema50, not yet time (every 5m)
2025-05-02 20:53:00 - DEBUG - [_process_strategies] [N/A] ⏱ Skipping EMA_Cross_candle, not yet time (every 5m)
2025-05-02 20:53:00 - DEBUG - [_process_strategies] [N/A] ⏱ Skipping SMA_Cross_sma50, not yet time (every 5m)
2025-05-02 20:53:00 - DEBUG - [_process_strategies] [N/A] ⏱ Skipping VWAP_diff_signal_1700_volume, not yet time (every 5m)
2025-05-02 20:53:00 - DEBUG - [_process_strategies] [N/A] ⏱ Skipping SMA_Cross_candle, not yet time (every 5m)
2025-05-02 20:53:00 - INFO - [_update_active_orders_and_telegram] [N/A] 📊 Updating SL/TP for active orders
2025-05-02 20:53:01 - INFO - [_wait_until_next_iteration] [N/A] ⏳ Sleeping for 58.93 seconds before the next cycle
2025-05-02 20:54:00 - DEBUG - [_process_strategies] [N/A] ⏱ Skipping VWAP_diff_signal_1700, not yet time (every 5m)
2025-05-02 20:54:00 - DEBUG - [_process_strategies] [N/A] ⏱ Skipping VWAP_diff_signal_rsi_1700, not yet time (every 5m)
2025-05-02 20:54:00 - DEBUG - [_process_strategies] [N/A] ⏱ Skipping EMA_Cross_ema50, not yet time (every 5m)
2025-05-02 20:54:00 - DEBUG - [_process_strategies] [N/A] ⏱ Skipping EMA_Cross_candle, not yet time (every 5m)
2025-05-02 20:54:00 - DEBUG - [_process_strategies] [N/A] ⏱ Skipping SMA_Cross_sma50, not yet time (every 5m)
2025-05-02 20:54:00 - DEBUG - [_process_strategies] [N/A] ⏱ Skipping VWAP_diff_signal_1700_volume, not yet time (every 5m)
2025-05-02 20:54:00 - DEBUG - [_process_strategies] [N/A] ⏱ Skipping SMA_Cross_candle, not yet time (every 5m)
2025-05-02 20:54:00 - INFO - [_update_active_orders_and_telegram] [N/A] 📊 Updating SL/TP for active orders
2025-05-02 20:54:01 - INFO - [_wait_until_next_iteration] [N/A] ⏳ Sleeping for 58.93 seconds before the next cycle
2025-05-02 20:55:00 - INFO - [_run_strategy_if_applicable] [N/A] ⏰ Strategy 'VWAP_diff_signal_1700' not executed because it's outside the time window: 17:30:00 - 19:00:00
2025-05-02 20:55:00 - INFO - [_run_strategy_if_applicable] [N/A] ⏰ Strategy 'VWAP_diff_signal_rsi_1700' not executed because it's outside the time window: 17:30:00 - 19:00:00
2025-05-02 20:55:00 - INFO - [_run_strategy_if_applicable] [N/A] ⏰ Strategy 'EMA_Cross_ema50' not executed because it's outside the time window: 16:35:00 - 16:50:00
2025-05-02 20:55:00 - INFO - [_run_strategy_if_applicable] [N/A] ⏰ Strategy 'EMA_Cross_candle' not executed because it's outside the time window: 16:35:00 - 16:50:00
2025-05-02 20:55:00 - INFO - [_run_strategy_if_applicable] [N/A] ⏰ Strategy 'SMA_Cross_sma50' not executed because it's outside the time window: 16:35:00 - 16:50:00
2025-05-02 20:55:00 - INFO - [_run_strategy_if_applicable] [N/A] ⏰ Strategy 'VWAP_diff_signal_1700_volume' not executed because it's outside the time window: 17:30:00 - 19:00:00
2025-05-02 20:55:00 - INFO - [_run_strategy_if_applicable] [N/A] ⏰ Strategy 'SMA_Cross_candle' not executed because it's outside the time window: 16:35:00 - 16:50:00
2025-05-02 20:55:00 - INFO - [_update_active_orders_and_telegram] [N/A] 📊 Updating SL/TP for active orders
2025-05-02 20:55:01 - INFO - [_wait_until_next_iteration] [N/A] ⏳ Sleeping for 58.95 seconds before the next cycle
2025-05-02 20:56:00 - DEBUG - [_process_strategies] [N/A] ⏱ Skipping VWAP_diff_signal_1700, not yet time (every 5m)
2025-05-02 20:56:00 - DEBUG - [_process_strategies] [N/A] ⏱ Skipping VWAP_diff_signal_rsi_1700, not yet time (every 5m)
2025-05-02 20:56:00 - DEBUG - [_process_strategies] [N/A] ⏱ Skipping EMA_Cross_ema50, not yet time (every 5m)
2025-05-02 20:56:00 - DEBUG - [_process_strategies] [N/A] ⏱ Skipping EMA_Cross_candle, not yet time (every 5m)
2025-05-02 20:56:00 - DEBUG - [_process_strategies] [N/A] ⏱ Skipping SMA_Cross_sma50, not yet time (every 5m)
2025-05-02 20:56:00 - DEBUG - [_process_strategies] [N/A] ⏱ Skipping VWAP_diff_signal_1700_volume, not yet time (every 5m)
2025-05-02 20:56:00 - DEBUG - [_process_strategies] [N/A] ⏱ Skipping SMA_Cross_candle, not yet time (every 5m)
2025-05-02 20:56:00 - INFO - [_update_active_orders_and_telegram] [N/A] 📊 Updating SL/TP for active orders
2025-05-02 20:56:01 - INFO - [_wait_until_next_iteration] [N/A] ⏳ Sleeping for 58.93 seconds before the next cycle
2025-05-02 20:57:00 - DEBUG - [_process_strategies] [N/A] ⏱ Skipping VWAP_diff_signal_1700, not yet time (every 5m)
2025-05-02 20:57:00 - DEBUG - [_process_strategies] [N/A] ⏱ Skipping VWAP_diff_signal_rsi_1700, not yet time (every 5m)
2025-05-02 20:57:00 - DEBUG - [_process_strategies] [N/A] ⏱ Skipping EMA_Cross_ema50, not yet time (every 5m)
2025-05-02 20:57:00 - DEBUG - [_process_strategies] [N/A] ⏱ Skipping EMA_Cross_candle, not yet time (every 5m)
2025-05-02 20:57:00 - DEBUG - [_process_strategies] [N/A] ⏱ Skipping SMA_Cross_sma50, not yet time (every 5m)
2025-05-02 20:57:00 - DEBUG - [_process_strategies] [N/A] ⏱ Skipping VWAP_diff_signal_1700_volume, not yet time (every 5m)
2025-05-02 20:57:00 - DEBUG - [_process_strategies] [N/A] ⏱ Skipping SMA_Cross_candle, not yet time (every 5m)
2025-05-02 20:57:00 - INFO - [_update_active_orders_and_telegram] [N/A] 📊 Updating SL/TP for active orders
2025-05-02 20:57:01 - INFO - [_wait_until_next_iteration] [N/A] ⏳ Sleeping for 58.96 seconds before the next cycle
2025-05-02 20:58:00 - DEBUG - [_process_strategies] [N/A] ⏱ Skipping VWAP_diff_signal_1700, not yet time (every 5m)
2025-05-02 20:58:00 - DEBUG - [_process_strategies] [N/A] ⏱ Skipping VWAP_diff_signal_rsi_1700, not yet time (every 5m)
2025-05-02 20:58:00 - DEBUG - [_process_strategies] [N/A] ⏱ Skipping EMA_Cross_ema50, not yet time (every 5m)
2025-05-02 20:58:00 - DEBUG - [_process_strategies] [N/A] ⏱ Skipping EMA_Cross_candle, not yet time (every 5m)
2025-05-02 20:58:00 - DEBUG - [_process_strategies] [N/A] ⏱ Skipping SMA_Cross_sma50, not yet time (every 5m)
2025-05-02 20:58:00 - DEBUG - [_process_strategies] [N/A] ⏱ Skipping VWAP_diff_signal_1700_volume, not yet time (every 5m)
2025-05-02 20:58:00 - DEBUG - [_process_strategies] [N/A] ⏱ Skipping SMA_Cross_candle, not yet time (every 5m)
2025-05-02 20:58:00 - INFO - [_update_active_orders_and_telegram] [N/A] 📊 Updating SL/TP for active orders
2025-05-02 20:58:01 - INFO - [_wait_until_next_iteration] [N/A] ⏳ Sleeping for 58.93 seconds before the next cycle
2025-05-02 20:59:00 - DEBUG - [_process_strategies] [N/A] ⏱ Skipping VWAP_diff_signal_1700, not yet time (every 5m)
2025-05-02 20:59:00 - DEBUG - [_process_strategies] [N/A] ⏱ Skipping VWAP_diff_signal_rsi_1700, not yet time (every 5m)
2025-05-02 20:59:00 - DEBUG - [_process_strategies] [N/A] ⏱ Skipping EMA_Cross_ema50, not yet time (every 5m)
2025-05-02 20:59:00 - DEBUG - [_process_strategies] [N/A] ⏱ Skipping EMA_Cross_candle, not yet time (every 5m)
2025-05-02 20:59:00 - DEBUG - [_process_strategies] [N/A] ⏱ Skipping SMA_Cross_sma50, not yet time (every 5m)
2025-05-02 20:59:00 - DEBUG - [_process_strategies] [N/A] ⏱ Skipping VWAP_diff_signal_1700_volume, not yet time (every 5m)
2025-05-02 20:59:00 - DEBUG - [_process_strategies] [N/A] ⏱ Skipping SMA_Cross_candle, not yet time (every 5m)
2025-05-02 20:59:00 - INFO - [_update_active_orders_and_telegram] [N/A] 📊 Updating SL/TP for active orders
2025-05-02 20:59:01 - INFO - [_wait_until_next_iteration] [N/A] ⏳ Sleeping for 58.93 seconds before the next cycle
2025-05-02 21:00:00 - INFO - [_run_strategy_if_applicable] [N/A] ⏰ Strategy 'VWAP_diff_signal_1700' not executed because it's outside the time window: 17:30:00 - 19:00:00
2025-05-02 21:00:00 - INFO - [_run_strategy_if_applicable] [N/A] ⏰ Strategy 'VWAP_diff_signal_rsi_1700' not executed because it's outside the time window: 17:30:00 - 19:00:00
2025-05-02 21:00:00 - INFO - [_run_strategy_if_applicable] [N/A] ⏰ Strategy 'EMA_Cross_ema50' not executed because it's outside the time window: 16:35:00 - 16:50:00
2025-05-02 21:00:00 - INFO - [_run_strategy_if_applicable] [N/A] ⏰ Strategy 'EMA_Cross_candle' not executed because it's outside the time window: 16:35:00 - 16:50:00
2025-05-02 21:00:00 - INFO - [_run_strategy_if_applicable] [N/A] ⏰ Strategy 'SMA_Cross_sma50' not executed because it's outside the time window: 16:35:00 - 16:50:00
2025-05-02 21:00:00 - INFO - [_run_strategy_if_applicable] [N/A] ⏰ Strategy 'VWAP_diff_signal_1700_volume' not executed because it's outside the time window: 17:30:00 - 19:00:00
2025-05-02 21:00:00 - INFO - [_run_strategy_if_applicable] [N/A] ⏰ Strategy 'SMA_Cross_candle' not executed because it's outside the time window: 16:35:00 - 16:50:00
2025-05-02 21:00:00 - INFO - [_update_active_orders_and_telegram] [N/A] 📊 Updating SL/TP for active orders
2025-05-02 21:00:01 - INFO - [_wait_until_next_iteration] [N/A] ⏳ Sleeping for 58.93 seconds before the next cycle
2025-05-02 21:01:00 - DEBUG - [_process_strategies] [N/A] ⏱ Skipping VWAP_diff_signal_1700, not yet time (every 5m)
2025-05-02 21:01:00 - DEBUG - [_process_strategies] [N/A] ⏱ Skipping VWAP_diff_signal_rsi_1700, not yet time (every 5m)
2025-05-02 21:01:00 - DEBUG - [_process_strategies] [N/A] ⏱ Skipping EMA_Cross_ema50, not yet time (every 5m)
2025-05-02 21:01:00 - DEBUG - [_process_strategies] [N/A] ⏱ Skipping EMA_Cross_candle, not yet time (every 5m)
2025-05-02 21:01:00 - DEBUG - [_process_strategies] [N/A] ⏱ Skipping SMA_Cross_sma50, not yet time (every 5m)
2025-05-02 21:01:00 - DEBUG - [_process_strategies] [N/A] ⏱ Skipping VWAP_diff_signal_1700_volume, not yet time (every 5m)
2025-05-02 21:01:00 - DEBUG - [_process_strategies] [N/A] ⏱ Skipping SMA_Cross_candle, not yet time (every 5m)
2025-05-02 21:01:00 - INFO - [_update_active_orders_and_telegram] [N/A] 📊 Updating SL/TP for active orders
2025-05-02 21:01:01 - INFO - [_wait_until_next_iteration] [N/A] ⏳ Sleeping for 58.93 seconds before the next cycle
2025-05-02 21:02:00 - DEBUG - [_process_strategies] [N/A] ⏱ Skipping VWAP_diff_signal_1700, not yet time (every 5m)
2025-05-02 21:02:00 - DEBUG - [_process_strategies] [N/A] ⏱ Skipping VWAP_diff_signal_rsi_1700, not yet time (every 5m)
2025-05-02 21:02:00 - DEBUG - [_process_strategies] [N/A] ⏱ Skipping EMA_Cross_ema50, not yet time (every 5m)
2025-05-02 21:02:00 - DEBUG - [_process_strategies] [N/A] ⏱ Skipping EMA_Cross_candle, not yet time (every 5m)
2025-05-02 21:02:00 - DEBUG - [_process_strategies] [N/A] ⏱ Skipping SMA_Cross_sma50, not yet time (every 5m)
2025-05-02 21:02:00 - DEBUG - [_process_strategies] [N/A] ⏱ Skipping VWAP_diff_signal_1700_volume, not yet time (every 5m)
2025-05-02 21:02:00 - DEBUG - [_process_strategies] [N/A] ⏱ Skipping SMA_Cross_candle, not yet time (every 5m)
2025-05-02 21:02:00 - INFO - [_update_active_orders_and_telegram] [N/A] 📊 Updating SL/TP for active orders
2025-05-02 21:02:01 - INFO - [_wait_until_next_iteration] [N/A] ⏳ Sleeping for 58.93 seconds before the next cycle
2025-05-02 21:03:00 - DEBUG - [_process_strategies] [N/A] ⏱ Skipping VWAP_diff_signal_1700, not yet time (every 5m)
2025-05-02 21:03:00 - DEBUG - [_process_strategies] [N/A] ⏱ Skipping VWAP_diff_signal_rsi_1700, not yet time (every 5m)
2025-05-02 21:03:00 - DEBUG - [_process_strategies] [N/A] ⏱ Skipping EMA_Cross_ema50, not yet time (every 5m)
2025-05-02 21:03:00 - DEBUG - [_process_strategies] [N/A] ⏱ Skipping EMA_Cross_candle, not yet time (every 5m)
2025-05-02 21:03:00 - DEBUG - [_process_strategies] [N/A] ⏱ Skipping SMA_Cross_sma50, not yet time (every 5m)
2025-05-02 21:03:00 - DEBUG - [_process_strategies] [N/A] ⏱ Skipping VWAP_diff_signal_1700_volume, not yet time (every 5m)
2025-05-02 21:03:00 - DEBUG - [_process_strategies] [N/A] ⏱ Skipping SMA_Cross_candle, not yet time (every 5m)
2025-05-02 21:03:00 - INFO - [_update_active_orders_and_telegram] [N/A] 📊 Updating SL/TP for active orders
2025-05-02 21:03:01 - INFO - [_wait_until_next_iteration] [N/A] ⏳ Sleeping for 58.93 seconds before the next cycle
2025-05-02 21:04:00 - DEBUG - [_process_strategies] [N/A] ⏱ Skipping VWAP_diff_signal_1700, not yet time (every 5m)
2025-05-02 21:04:00 - DEBUG - [_process_strategies] [N/A] ⏱ Skipping VWAP_diff_signal_rsi_1700, not yet time (every 5m)
2025-05-02 21:04:00 - DEBUG - [_process_strategies] [N/A] ⏱ Skipping EMA_Cross_ema50, not yet time (every 5m)
2025-05-02 21:04:00 - DEBUG - [_process_strategies] [N/A] ⏱ Skipping EMA_Cross_candle, not yet time (every 5m)
2025-05-02 21:04:00 - DEBUG - [_process_strategies] [N/A] ⏱ Skipping SMA_Cross_sma50, not yet time (every 5m)
2025-05-02 21:04:00 - DEBUG - [_process_strategies] [N/A] ⏱ Skipping VWAP_diff_signal_1700_volume, not yet time (every 5m)
2025-05-02 21:04:00 - DEBUG - [_process_strategies] [N/A] ⏱ Skipping SMA_Cross_candle, not yet time (every 5m)
2025-05-02 21:04:00 - INFO - [_update_active_orders_and_telegram] [N/A] 📊 Updating SL/TP for active orders
2025-05-02 21:04:01 - INFO - [_wait_until_next_iteration] [N/A] ⏳ Sleeping for 58.93 seconds before the next cycle
2025-05-02 21:05:00 - INFO - [_run_strategy_if_applicable] [N/A] ⏰ Strategy 'VWAP_diff_signal_1700' not executed because it's outside the time window: 17:30:00 - 19:00:00
2025-05-02 21:05:00 - INFO - [_run_strategy_if_applicable] [N/A] ⏰ Strategy 'VWAP_diff_signal_rsi_1700' not executed because it's outside the time window: 17:30:00 - 19:00:00
2025-05-02 21:05:00 - INFO - [_run_strategy_if_applicable] [N/A] ⏰ Strategy 'EMA_Cross_ema50' not executed because it's outside the time window: 16:35:00 - 16:50:00
2025-05-02 21:05:00 - INFO - [_run_strategy_if_applicable] [N/A] ⏰ Strategy 'EMA_Cross_candle' not executed because it's outside the time window: 16:35:00 - 16:50:00
2025-05-02 21:05:00 - INFO - [_run_strategy_if_applicable] [N/A] ⏰ Strategy 'SMA_Cross_sma50' not executed because it's outside the time window: 16:35:00 - 16:50:00
2025-05-02 21:05:00 - INFO - [_run_strategy_if_applicable] [N/A] ⏰ Strategy 'VWAP_diff_signal_1700_volume' not executed because it's outside the time window: 17:30:00 - 19:00:00
2025-05-02 21:05:00 - INFO - [_run_strategy_if_applicable] [N/A] ⏰ Strategy 'SMA_Cross_candle' not executed because it's outside the time window: 16:35:00 - 16:50:00
2025-05-02 21:05:00 - INFO - [_update_active_orders_and_telegram] [N/A] 📊 Updating SL/TP for active orders
2025-05-02 21:05:01 - INFO - [_wait_until_next_iteration] [N/A] ⏳ Sleeping for 58.94 seconds before the next cycle
2025-05-02 21:06:00 - DEBUG - [_process_strategies] [N/A] ⏱ Skipping VWAP_diff_signal_1700, not yet time (every 5m)
2025-05-02 21:06:00 - DEBUG - [_process_strategies] [N/A] ⏱ Skipping VWAP_diff_signal_rsi_1700, not yet time (every 5m)
2025-05-02 21:06:00 - DEBUG - [_process_strategies] [N/A] ⏱ Skipping EMA_Cross_ema50, not yet time (every 5m)
2025-05-02 21:06:00 - DEBUG - [_process_strategies] [N/A] ⏱ Skipping EMA_Cross_candle, not yet time (every 5m)
2025-05-02 21:06:00 - DEBUG - [_process_strategies] [N/A] ⏱ Skipping SMA_Cross_sma50, not yet time (every 5m)
2025-05-02 21:06:00 - DEBUG - [_process_strategies] [N/A] ⏱ Skipping VWAP_diff_signal_1700_volume, not yet time (every 5m)
2025-05-02 21:06:00 - DEBUG - [_process_strategies] [N/A] ⏱ Skipping SMA_Cross_candle, not yet time (every 5m)
2025-05-02 21:06:00 - INFO - [_update_active_orders_and_telegram] [N/A] 📊 Updating SL/TP for active orders
2025-05-02 21:06:01 - INFO - [_wait_until_next_iteration] [N/A] ⏳ Sleeping for 58.94 seconds before the next cycle
2025-05-02 21:07:00 - DEBUG - [_process_strategies] [N/A] ⏱ Skipping VWAP_diff_signal_1700, not yet time (every 5m)
2025-05-02 21:07:00 - DEBUG - [_process_strategies] [N/A] ⏱ Skipping VWAP_diff_signal_rsi_1700, not yet time (every 5m)
2025-05-02 21:07:00 - DEBUG - [_process_strategies] [N/A] ⏱ Skipping EMA_Cross_ema50, not yet time (every 5m)
2025-05-02 21:07:00 - DEBUG - [_process_strategies] [N/A] ⏱ Skipping EMA_Cross_candle, not yet time (every 5m)
2025-05-02 21:07:00 - DEBUG - [_process_strategies] [N/A] ⏱ Skipping SMA_Cross_sma50, not yet time (every 5m)
2025-05-02 21:07:00 - DEBUG - [_process_strategies] [N/A] ⏱ Skipping VWAP_diff_signal_1700_volume, not yet time (every 5m)
2025-05-02 21:07:00 - DEBUG - [_process_strategies] [N/A] ⏱ Skipping SMA_Cross_candle, not yet time (every 5m)
2025-05-02 21:07:00 - INFO - [_update_active_orders_and_telegram] [N/A] 📊 Updating SL/TP for active orders
2025-05-02 21:07:01 - INFO - [_wait_until_next_iteration] [N/A] ⏳ Sleeping for 58.93 seconds before the next cycle
2025-05-02 21:08:00 - DEBUG - [_process_strategies] [N/A] ⏱ Skipping VWAP_diff_signal_1700, not yet time (every 5m)
2025-05-02 21:08:00 - DEBUG - [_process_strategies] [N/A] ⏱ Skipping VWAP_diff_signal_rsi_1700, not yet time (every 5m)
2025-05-02 21:08:00 - DEBUG - [_process_strategies] [N/A] ⏱ Skipping EMA_Cross_ema50, not yet time (every 5m)
2025-05-02 21:08:00 - DEBUG - [_process_strategies] [N/A] ⏱ Skipping EMA_Cross_candle, not yet time (every 5m)
2025-05-02 21:08:00 - DEBUG - [_process_strategies] [N/A] ⏱ Skipping SMA_Cross_sma50, not yet time (every 5m)
2025-05-02 21:08:00 - DEBUG - [_process_strategies] [N/A] ⏱ Skipping VWAP_diff_signal_1700_volume, not yet time (every 5m)
2025-05-02 21:08:00 - DEBUG - [_process_strategies] [N/A] ⏱ Skipping SMA_Cross_candle, not yet time (every 5m)
2025-05-02 21:08:00 - INFO - [_update_active_orders_and_telegram] [N/A] 📊 Updating SL/TP for active orders
2025-05-02 21:08:01 - INFO - [_wait_until_next_iteration] [N/A] ⏳ Sleeping for 58.93 seconds before the next cycle
2025-05-02 21:09:00 - DEBUG - [_process_strategies] [N/A] ⏱ Skipping VWAP_diff_signal_1700, not yet time (every 5m)
2025-05-02 21:09:00 - DEBUG - [_process_strategies] [N/A] ⏱ Skipping VWAP_diff_signal_rsi_1700, not yet time (every 5m)
2025-05-02 21:09:00 - DEBUG - [_process_strategies] [N/A] ⏱ Skipping EMA_Cross_ema50, not yet time (every 5m)
2025-05-02 21:09:00 - DEBUG - [_process_strategies] [N/A] ⏱ Skipping EMA_Cross_candle, not yet time (every 5m)
2025-05-02 21:09:00 - DEBUG - [_process_strategies] [N/A] ⏱ Skipping SMA_Cross_sma50, not yet time (every 5m)
2025-05-02 21:09:00 - DEBUG - [_process_strategies] [N/A] ⏱ Skipping VWAP_diff_signal_1700_volume, not yet time (every 5m)
2025-05-02 21:09:00 - DEBUG - [_process_strategies] [N/A] ⏱ Skipping SMA_Cross_candle, not yet time (every 5m)
2025-05-02 21:09:00 - INFO - [_update_active_orders_and_telegram] [N/A] 📊 Updating SL/TP for active orders
2025-05-02 21:09:01 - INFO - [_wait_until_next_iteration] [N/A] ⏳ Sleeping for 58.93 seconds before the next cycle
2025-05-02 21:10:00 - INFO - [_run_strategy_if_applicable] [N/A] ⏰ Strategy 'VWAP_diff_signal_1700' not executed because it's outside the time window: 17:30:00 - 19:00:00
2025-05-02 21:10:00 - INFO - [_run_strategy_if_applicable] [N/A] ⏰ Strategy 'VWAP_diff_signal_rsi_1700' not executed because it's outside the time window: 17:30:00 - 19:00:00
2025-05-02 21:10:00 - INFO - [_run_strategy_if_applicable] [N/A] ⏰ Strategy 'EMA_Cross_ema50' not executed because it's outside the time window: 16:35:00 - 16:50:00
2025-05-02 21:10:00 - INFO - [_run_strategy_if_applicable] [N/A] ⏰ Strategy 'EMA_Cross_candle' not executed because it's outside the time window: 16:35:00 - 16:50:00
2025-05-02 21:10:00 - INFO - [_run_strategy_if_applicable] [N/A] ⏰ Strategy 'SMA_Cross_sma50' not executed because it's outside the time window: 16:35:00 - 16:50:00
2025-05-02 21:10:00 - INFO - [_run_strategy_if_applicable] [N/A] ⏰ Strategy 'VWAP_diff_signal_1700_volume' not executed because it's outside the time window: 17:30:00 - 19:00:00
2025-05-02 21:10:00 - INFO - [_run_strategy_if_applicable] [N/A] ⏰ Strategy 'SMA_Cross_candle' not executed because it's outside the time window: 16:35:00 - 16:50:00
2025-05-02 21:10:00 - INFO - [_update_active_orders_and_telegram] [N/A] 📊 Updating SL/TP for active orders
2025-05-02 21:10:01 - INFO - [_wait_until_next_iteration] [N/A] ⏳ Sleeping for 58.94 seconds before the next cycle
2025-05-02 21:11:00 - DEBUG - [_process_strategies] [N/A] ⏱ Skipping VWAP_diff_signal_1700, not yet time (every 5m)
2025-05-02 21:11:00 - DEBUG - [_process_strategies] [N/A] ⏱ Skipping VWAP_diff_signal_rsi_1700, not yet time (every 5m)
2025-05-02 21:11:00 - DEBUG - [_process_strategies] [N/A] ⏱ Skipping EMA_Cross_ema50, not yet time (every 5m)
2025-05-02 21:11:00 - DEBUG - [_process_strategies] [N/A] ⏱ Skipping EMA_Cross_candle, not yet time (every 5m)
2025-05-02 21:11:00 - DEBUG - [_process_strategies] [N/A] ⏱ Skipping SMA_Cross_sma50, not yet time (every 5m)
2025-05-02 21:11:00 - DEBUG - [_process_strategies] [N/A] ⏱ Skipping VWAP_diff_signal_1700_volume, not yet time (every 5m)
2025-05-02 21:11:00 - DEBUG - [_process_strategies] [N/A] ⏱ Skipping SMA_Cross_candle, not yet time (every 5m)
2025-05-02 21:11:00 - INFO - [_update_active_orders_and_telegram] [N/A] 📊 Updating SL/TP for active orders
2025-05-02 21:11:01 - INFO - [_wait_until_next_iteration] [N/A] ⏳ Sleeping for 58.92 seconds before the next cycle
2025-05-02 21:12:00 - DEBUG - [_process_strategies] [N/A] ⏱ Skipping VWAP_diff_signal_1700, not yet time (every 5m)
2025-05-02 21:12:00 - DEBUG - [_process_strategies] [N/A] ⏱ Skipping VWAP_diff_signal_rsi_1700, not yet time (every 5m)
2025-05-02 21:12:00 - DEBUG - [_process_strategies] [N/A] ⏱ Skipping EMA_Cross_ema50, not yet time (every 5m)
2025-05-02 21:12:00 - DEBUG - [_process_strategies] [N/A] ⏱ Skipping EMA_Cross_candle, not yet time (every 5m)
2025-05-02 21:12:00 - DEBUG - [_process_strategies] [N/A] ⏱ Skipping SMA_Cross_sma50, not yet time (every 5m)
2025-05-02 21:12:00 - DEBUG - [_process_strategies] [N/A] ⏱ Skipping VWAP_diff_signal_1700_volume, not yet time (every 5m)
2025-05-02 21:12:00 - DEBUG - [_process_strategies] [N/A] ⏱ Skipping SMA_Cross_candle, not yet time (every 5m)
2025-05-02 21:12:00 - INFO - [_update_active_orders_and_telegram] [N/A] 📊 Updating SL/TP for active orders
2025-05-02 21:12:01 - INFO - [_wait_until_next_iteration] [N/A] ⏳ Sleeping for 58.96 seconds before the next cycle
2025-05-02 21:13:00 - DEBUG - [_process_strategies] [N/A] ⏱ Skipping VWAP_diff_signal_1700, not yet time (every 5m)
2025-05-02 21:13:00 - DEBUG - [_process_strategies] [N/A] ⏱ Skipping VWAP_diff_signal_rsi_1700, not yet time (every 5m)
2025-05-02 21:13:00 - DEBUG - [_process_strategies] [N/A] ⏱ Skipping EMA_Cross_ema50, not yet time (every 5m)
2025-05-02 21:13:00 - DEBUG - [_process_strategies] [N/A] ⏱ Skipping EMA_Cross_candle, not yet time (every 5m)
2025-05-02 21:13:00 - DEBUG - [_process_strategies] [N/A] ⏱ Skipping SMA_Cross_sma50, not yet time (every 5m)
2025-05-02 21:13:00 - DEBUG - [_process_strategies] [N/A] ⏱ Skipping VWAP_diff_signal_1700_volume, not yet time (every 5m)
2025-05-02 21:13:00 - DEBUG - [_process_strategies] [N/A] ⏱ Skipping SMA_Cross_candle, not yet time (every 5m)
2025-05-02 21:13:00 - INFO - [_update_active_orders_and_telegram] [N/A] 📊 Updating SL/TP for active orders
2025-05-02 21:13:01 - INFO - [_wait_until_next_iteration] [N/A] ⏳ Sleeping for 58.93 seconds before the next cycle
2025-05-02 21:14:00 - DEBUG - [_process_strategies] [N/A] ⏱ Skipping VWAP_diff_signal_1700, not yet time (every 5m)
2025-05-02 21:14:00 - DEBUG - [_process_strategies] [N/A] ⏱ Skipping VWAP_diff_signal_rsi_1700, not yet time (every 5m)
2025-05-02 21:14:00 - DEBUG - [_process_strategies] [N/A] ⏱ Skipping EMA_Cross_ema50, not yet time (every 5m)
2025-05-02 21:14:00 - DEBUG - [_process_strategies] [N/A] ⏱ Skipping EMA_Cross_candle, not yet time (every 5m)
2025-05-02 21:14:00 - DEBUG - [_process_strategies] [N/A] ⏱ Skipping SMA_Cross_sma50, not yet time (every 5m)
2025-05-02 21:14:00 - DEBUG - [_process_strategies] [N/A] ⏱ Skipping VWAP_diff_signal_1700_volume, not yet time (every 5m)
2025-05-02 21:14:00 - DEBUG - [_process_strategies] [N/A] ⏱ Skipping SMA_Cross_candle, not yet time (every 5m)
2025-05-02 21:14:00 - INFO - [_update_active_orders_and_telegram] [N/A] 📊 Updating SL/TP for active orders
2025-05-02 21:14:01 - INFO - [_wait_until_next_iteration] [N/A] ⏳ Sleeping for 58.93 seconds before the next cycle
2025-05-02 21:15:00 - INFO - [_run_strategy_if_applicable] [N/A] ⏰ Strategy 'VWAP_diff_signal_1700' not executed because it's outside the time window: 17:30:00 - 19:00:00
2025-05-02 21:15:00 - INFO - [_run_strategy_if_applicable] [N/A] ⏰ Strategy 'VWAP_diff_signal_rsi_1700' not executed because it's outside the time window: 17:30:00 - 19:00:00
2025-05-02 21:15:00 - INFO - [_run_strategy_if_applicable] [N/A] ⏰ Strategy 'EMA_Cross_ema50' not executed because it's outside the time window: 16:35:00 - 16:50:00
2025-05-02 21:15:00 - INFO - [_run_strategy_if_applicable] [N/A] ⏰ Strategy 'EMA_Cross_candle' not executed because it's outside the time window: 16:35:00 - 16:50:00
2025-05-02 21:15:00 - INFO - [_run_strategy_if_applicable] [N/A] ⏰ Strategy 'SMA_Cross_sma50' not executed because it's outside the time window: 16:35:00 - 16:50:00
2025-05-02 21:15:00 - INFO - [_run_strategy_if_applicable] [N/A] ⏰ Strategy 'VWAP_diff_signal_1700_volume' not executed because it's outside the time window: 17:30:00 - 19:00:00
2025-05-02 21:15:00 - INFO - [_run_strategy_if_applicable] [N/A] ⏰ Strategy 'SMA_Cross_candle' not executed because it's outside the time window: 16:35:00 - 16:50:00
2025-05-02 21:15:00 - INFO - [_update_active_orders_and_telegram] [N/A] 📊 Updating SL/TP for active orders
2025-05-02 21:15:01 - INFO - [_wait_until_next_iteration] [N/A] ⏳ Sleeping for 58.93 seconds before the next cycle
2025-05-02 21:16:00 - DEBUG - [_process_strategies] [N/A] ⏱ Skipping VWAP_diff_signal_1700, not yet time (every 5m)
2025-05-02 21:16:00 - DEBUG - [_process_strategies] [N/A] ⏱ Skipping VWAP_diff_signal_rsi_1700, not yet time (every 5m)
2025-05-02 21:16:00 - DEBUG - [_process_strategies] [N/A] ⏱ Skipping EMA_Cross_ema50, not yet time (every 5m)
2025-05-02 21:16:00 - DEBUG - [_process_strategies] [N/A] ⏱ Skipping EMA_Cross_candle, not yet time (every 5m)
2025-05-02 21:16:00 - DEBUG - [_process_strategies] [N/A] ⏱ Skipping SMA_Cross_sma50, not yet time (every 5m)
2025-05-02 21:16:00 - DEBUG - [_process_strategies] [N/A] ⏱ Skipping VWAP_diff_signal_1700_volume, not yet time (every 5m)
2025-05-02 21:16:00 - DEBUG - [_process_strategies] [N/A] ⏱ Skipping SMA_Cross_candle, not yet time (every 5m)
2025-05-02 21:16:00 - INFO - [_update_active_orders_and_telegram] [N/A] 📊 Updating SL/TP for active orders
2025-05-02 21:16:01 - INFO - [_wait_until_next_iteration] [N/A] ⏳ Sleeping for 58.93 seconds before the next cycle
2025-05-02 21:17:00 - DEBUG - [_process_strategies] [N/A] ⏱ Skipping VWAP_diff_signal_1700, not yet time (every 5m)
2025-05-02 21:17:00 - DEBUG - [_process_strategies] [N/A] ⏱ Skipping VWAP_diff_signal_rsi_1700, not yet time (every 5m)
2025-05-02 21:17:00 - DEBUG - [_process_strategies] [N/A] ⏱ Skipping EMA_Cross_ema50, not yet time (every 5m)
2025-05-02 21:17:00 - DEBUG - [_process_strategies] [N/A] ⏱ Skipping EMA_Cross_candle, not yet time (every 5m)
2025-05-02 21:17:00 - DEBUG - [_process_strategies] [N/A] ⏱ Skipping SMA_Cross_sma50, not yet time (every 5m)
2025-05-02 21:17:00 - DEBUG - [_process_strategies] [N/A] ⏱ Skipping VWAP_diff_signal_1700_volume, not yet time (every 5m)
2025-05-02 21:17:00 - DEBUG - [_process_strategies] [N/A] ⏱ Skipping SMA_Cross_candle, not yet time (every 5m)
2025-05-02 21:17:00 - INFO - [_update_active_orders_and_telegram] [N/A] 📊 Updating SL/TP for active orders
2025-05-02 21:17:01 - INFO - [_wait_until_next_iteration] [N/A] ⏳ Sleeping for 58.93 seconds before the next cycle
2025-05-02 21:18:00 - DEBUG - [_process_strategies] [N/A] ⏱ Skipping VWAP_diff_signal_1700, not yet time (every 5m)
2025-05-02 21:18:00 - DEBUG - [_process_strategies] [N/A] ⏱ Skipping VWAP_diff_signal_rsi_1700, not yet time (every 5m)
2025-05-02 21:18:00 - DEBUG - [_process_strategies] [N/A] ⏱ Skipping EMA_Cross_ema50, not yet time (every 5m)
2025-05-02 21:18:00 - DEBUG - [_process_strategies] [N/A] ⏱ Skipping EMA_Cross_candle, not yet time (every 5m)
2025-05-02 21:18:00 - DEBUG - [_process_strategies] [N/A] ⏱ Skipping SMA_Cross_sma50, not yet time (every 5m)
2025-05-02 21:18:00 - DEBUG - [_process_strategies] [N/A] ⏱ Skipping VWAP_diff_signal_1700_volume, not yet time (every 5m)
2025-05-02 21:18:00 - DEBUG - [_process_strategies] [N/A] ⏱ Skipping SMA_Cross_candle, not yet time (every 5m)
2025-05-02 21:18:00 - INFO - [_update_active_orders_and_telegram] [N/A] 📊 Updating SL/TP for active orders
2025-05-02 21:18:01 - INFO - [_wait_until_next_iteration] [N/A] ⏳ Sleeping for 58.93 seconds before the next cycle
2025-05-02 21:19:00 - DEBUG - [_process_strategies] [N/A] ⏱ Skipping VWAP_diff_signal_1700, not yet time (every 5m)
2025-05-02 21:19:00 - DEBUG - [_process_strategies] [N/A] ⏱ Skipping VWAP_diff_signal_rsi_1700, not yet time (every 5m)
2025-05-02 21:19:00 - DEBUG - [_process_strategies] [N/A] ⏱ Skipping EMA_Cross_ema50, not yet time (every 5m)
2025-05-02 21:19:00 - DEBUG - [_process_strategies] [N/A] ⏱ Skipping EMA_Cross_candle, not yet time (every 5m)
2025-05-02 21:19:00 - DEBUG - [_process_strategies] [N/A] ⏱ Skipping SMA_Cross_sma50, not yet time (every 5m)
2025-05-02 21:19:00 - DEBUG - [_process_strategies] [N/A] ⏱ Skipping VWAP_diff_signal_1700_volume, not yet time (every 5m)
2025-05-02 21:19:00 - DEBUG - [_process_strategies] [N/A] ⏱ Skipping SMA_Cross_candle, not yet time (every 5m)
2025-05-02 21:19:00 - INFO - [_update_active_orders_and_telegram] [N/A] 📊 Updating SL/TP for active orders
2025-05-02 21:19:01 - INFO - [_wait_until_next_iteration] [N/A] ⏳ Sleeping for 58.93 seconds before the next cycle
2025-05-02 21:20:00 - INFO - [_run_strategy_if_applicable] [N/A] ⏰ Strategy 'VWAP_diff_signal_1700' not executed because it's outside the time window: 17:30:00 - 19:00:00
2025-05-02 21:20:00 - INFO - [_run_strategy_if_applicable] [N/A] ⏰ Strategy 'VWAP_diff_signal_rsi_1700' not executed because it's outside the time window: 17:30:00 - 19:00:00
2025-05-02 21:20:00 - INFO - [_run_strategy_if_applicable] [N/A] ⏰ Strategy 'EMA_Cross_ema50' not executed because it's outside the time window: 16:35:00 - 16:50:00
2025-05-02 21:20:00 - INFO - [_run_strategy_if_applicable] [N/A] ⏰ Strategy 'EMA_Cross_candle' not executed because it's outside the time window: 16:35:00 - 16:50:00
2025-05-02 21:20:00 - INFO - [_run_strategy_if_applicable] [N/A] ⏰ Strategy 'SMA_Cross_sma50' not executed because it's outside the time window: 16:35:00 - 16:50:00
2025-05-02 21:20:00 - INFO - [_run_strategy_if_applicable] [N/A] ⏰ Strategy 'VWAP_diff_signal_1700_volume' not executed because it's outside the time window: 17:30:00 - 19:00:00
2025-05-02 21:20:00 - INFO - [_run_strategy_if_applicable] [N/A] ⏰ Strategy 'SMA_Cross_candle' not executed because it's outside the time window: 16:35:00 - 16:50:00
2025-05-02 21:20:00 - INFO - [_update_active_orders_and_telegram] [N/A] 📊 Updating SL/TP for active orders
2025-05-02 21:20:01 - INFO - [_wait_until_next_iteration] [N/A] ⏳ Sleeping for 58.94 seconds before the next cycle
2025-05-02 21:21:00 - DEBUG - [_process_strategies] [N/A] ⏱ Skipping VWAP_diff_signal_1700, not yet time (every 5m)
2025-05-02 21:21:00 - DEBUG - [_process_strategies] [N/A] ⏱ Skipping VWAP_diff_signal_rsi_1700, not yet time (every 5m)
2025-05-02 21:21:00 - DEBUG - [_process_strategies] [N/A] ⏱ Skipping EMA_Cross_ema50, not yet time (every 5m)
2025-05-02 21:21:00 - DEBUG - [_process_strategies] [N/A] ⏱ Skipping EMA_Cross_candle, not yet time (every 5m)
2025-05-02 21:21:00 - DEBUG - [_process_strategies] [N/A] ⏱ Skipping SMA_Cross_sma50, not yet time (every 5m)
2025-05-02 21:21:00 - DEBUG - [_process_strategies] [N/A] ⏱ Skipping VWAP_diff_signal_1700_volume, not yet time (every 5m)
2025-05-02 21:21:00 - DEBUG - [_process_strategies] [N/A] ⏱ Skipping SMA_Cross_candle, not yet time (every 5m)
2025-05-02 21:21:00 - INFO - [_update_active_orders_and_telegram] [N/A] 📊 Updating SL/TP for active orders
2025-05-02 21:21:01 - INFO - [_wait_until_next_iteration] [N/A] ⏳ Sleeping for 58.92 seconds before the next cycle
2025-05-02 21:22:00 - DEBUG - [_process_strategies] [N/A] ⏱ Skipping VWAP_diff_signal_1700, not yet time (every 5m)
2025-05-02 21:22:00 - DEBUG - [_process_strategies] [N/A] ⏱ Skipping VWAP_diff_signal_rsi_1700, not yet time (every 5m)
2025-05-02 21:22:00 - DEBUG - [_process_strategies] [N/A] ⏱ Skipping EMA_Cross_ema50, not yet time (every 5m)
2025-05-02 21:22:00 - DEBUG - [_process_strategies] [N/A] ⏱ Skipping EMA_Cross_candle, not yet time (every 5m)
2025-05-02 21:22:00 - DEBUG - [_process_strategies] [N/A] ⏱ Skipping SMA_Cross_sma50, not yet time (every 5m)
2025-05-02 21:22:00 - DEBUG - [_process_strategies] [N/A] ⏱ Skipping VWAP_diff_signal_1700_volume, not yet time (every 5m)
2025-05-02 21:22:00 - DEBUG - [_process_strategies] [N/A] ⏱ Skipping SMA_Cross_candle, not yet time (every 5m)
2025-05-02 21:22:00 - INFO - [_update_active_orders_and_telegram] [N/A] 📊 Updating SL/TP for active orders
2025-05-02 21:22:01 - INFO - [_wait_until_next_iteration] [N/A] ⏳ Sleeping for 58.92 seconds before the next cycle
2025-05-02 21:23:00 - DEBUG - [_process_strategies] [N/A] ⏱ Skipping VWAP_diff_signal_1700, not yet time (every 5m)
2025-05-02 21:23:00 - DEBUG - [_process_strategies] [N/A] ⏱ Skipping VWAP_diff_signal_rsi_1700, not yet time (every 5m)
2025-05-02 21:23:00 - DEBUG - [_process_strategies] [N/A] ⏱ Skipping EMA_Cross_ema50, not yet time (every 5m)
2025-05-02 21:23:00 - DEBUG - [_process_strategies] [N/A] ⏱ Skipping EMA_Cross_candle, not yet time (every 5m)
2025-05-02 21:23:00 - DEBUG - [_process_strategies] [N/A] ⏱ Skipping SMA_Cross_sma50, not yet time (every 5m)
2025-05-02 21:23:00 - DEBUG - [_process_strategies] [N/A] ⏱ Skipping VWAP_diff_signal_1700_volume, not yet time (every 5m)
2025-05-02 21:23:00 - DEBUG - [_process_strategies] [N/A] ⏱ Skipping SMA_Cross_candle, not yet time (every 5m)
2025-05-02 21:23:00 - INFO - [_update_active_orders_and_telegram] [N/A] 📊 Updating SL/TP for active orders
2025-05-02 21:23:01 - INFO - [_wait_until_next_iteration] [N/A] ⏳ Sleeping for 58.93 seconds before the next cycle
2025-05-02 21:24:00 - DEBUG - [_process_strategies] [N/A] ⏱ Skipping VWAP_diff_signal_1700, not yet time (every 5m)
2025-05-02 21:24:00 - DEBUG - [_process_strategies] [N/A] ⏱ Skipping VWAP_diff_signal_rsi_1700, not yet time (every 5m)
2025-05-02 21:24:00 - DEBUG - [_process_strategies] [N/A] ⏱ Skipping EMA_Cross_ema50, not yet time (every 5m)
2025-05-02 21:24:00 - DEBUG - [_process_strategies] [N/A] ⏱ Skipping EMA_Cross_candle, not yet time (every 5m)
2025-05-02 21:24:00 - DEBUG - [_process_strategies] [N/A] ⏱ Skipping SMA_Cross_sma50, not yet time (every 5m)
2025-05-02 21:24:00 - DEBUG - [_process_strategies] [N/A] ⏱ Skipping VWAP_diff_signal_1700_volume, not yet time (every 5m)
2025-05-02 21:24:00 - DEBUG - [_process_strategies] [N/A] ⏱ Skipping SMA_Cross_candle, not yet time (every 5m)
2025-05-02 21:24:00 - INFO - [_update_active_orders_and_telegram] [N/A] 📊 Updating SL/TP for active orders
2025-05-02 21:24:01 - INFO - [_wait_until_next_iteration] [N/A] ⏳ Sleeping for 58.92 seconds before the next cycle
2025-05-02 21:25:00 - INFO - [_run_strategy_if_applicable] [N/A] ⏰ Strategy 'VWAP_diff_signal_1700' not executed because it's outside the time window: 17:30:00 - 19:00:00
2025-05-02 21:25:00 - INFO - [_run_strategy_if_applicable] [N/A] ⏰ Strategy 'VWAP_diff_signal_rsi_1700' not executed because it's outside the time window: 17:30:00 - 19:00:00
2025-05-02 21:25:00 - INFO - [_run_strategy_if_applicable] [N/A] ⏰ Strategy 'EMA_Cross_ema50' not executed because it's outside the time window: 16:35:00 - 16:50:00
2025-05-02 21:25:00 - INFO - [_run_strategy_if_applicable] [N/A] ⏰ Strategy 'EMA_Cross_candle' not executed because it's outside the time window: 16:35:00 - 16:50:00
2025-05-02 21:25:00 - INFO - [_run_strategy_if_applicable] [N/A] ⏰ Strategy 'SMA_Cross_sma50' not executed because it's outside the time window: 16:35:00 - 16:50:00
2025-05-02 21:25:00 - INFO - [_run_strategy_if_applicable] [N/A] ⏰ Strategy 'VWAP_diff_signal_1700_volume' not executed because it's outside the time window: 17:30:00 - 19:00:00
2025-05-02 21:25:00 - INFO - [_run_strategy_if_applicable] [N/A] ⏰ Strategy 'SMA_Cross_candle' not executed because it's outside the time window: 16:35:00 - 16:50:00
2025-05-02 21:25:00 - INFO - [_update_active_orders_and_telegram] [N/A] 📊 Updating SL/TP for active orders
2025-05-02 21:25:01 - INFO - [_wait_until_next_iteration] [N/A] ⏳ Sleeping for 58.92 seconds before the next cycle
2025-05-02 21:26:00 - DEBUG - [_process_strategies] [N/A] ⏱ Skipping VWAP_diff_signal_1700, not yet time (every 5m)
2025-05-02 21:26:00 - DEBUG - [_process_strategies] [N/A] ⏱ Skipping VWAP_diff_signal_rsi_1700, not yet time (every 5m)
2025-05-02 21:26:00 - DEBUG - [_process_strategies] [N/A] ⏱ Skipping EMA_Cross_ema50, not yet time (every 5m)
2025-05-02 21:26:00 - DEBUG - [_process_strategies] [N/A] ⏱ Skipping EMA_Cross_candle, not yet time (every 5m)
2025-05-02 21:26:00 - DEBUG - [_process_strategies] [N/A] ⏱ Skipping SMA_Cross_sma50, not yet time (every 5m)
2025-05-02 21:26:00 - DEBUG - [_process_strategies] [N/A] ⏱ Skipping VWAP_diff_signal_1700_volume, not yet time (every 5m)
2025-05-02 21:26:00 - DEBUG - [_process_strategies] [N/A] ⏱ Skipping SMA_Cross_candle, not yet time (every 5m)
2025-05-02 21:26:00 - INFO - [_update_active_orders_and_telegram] [N/A] 📊 Updating SL/TP for active orders
2025-05-02 21:26:01 - INFO - [_wait_until_next_iteration] [N/A] ⏳ Sleeping for 58.93 seconds before the next cycle
2025-05-02 21:27:00 - DEBUG - [_process_strategies] [N/A] ⏱ Skipping VWAP_diff_signal_1700, not yet time (every 5m)
2025-05-02 21:27:00 - DEBUG - [_process_strategies] [N/A] ⏱ Skipping VWAP_diff_signal_rsi_1700, not yet time (every 5m)
2025-05-02 21:27:00 - DEBUG - [_process_strategies] [N/A] ⏱ Skipping EMA_Cross_ema50, not yet time (every 5m)
2025-05-02 21:27:00 - DEBUG - [_process_strategies] [N/A] ⏱ Skipping EMA_Cross_candle, not yet time (every 5m)
2025-05-02 21:27:00 - DEBUG - [_process_strategies] [N/A] ⏱ Skipping SMA_Cross_sma50, not yet time (every 5m)
2025-05-02 21:27:00 - DEBUG - [_process_strategies] [N/A] ⏱ Skipping VWAP_diff_signal_1700_volume, not yet time (every 5m)
2025-05-02 21:27:00 - DEBUG - [_process_strategies] [N/A] ⏱ Skipping SMA_Cross_candle, not yet time (every 5m)
2025-05-02 21:27:00 - INFO - [_update_active_orders_and_telegram] [N/A] 📊 Updating SL/TP for active orders
2025-05-02 21:27:01 - INFO - [_wait_until_next_iteration] [N/A] ⏳ Sleeping for 58.92 seconds before the next cycle
2025-05-02 21:28:00 - DEBUG - [_process_strategies] [N/A] ⏱ Skipping VWAP_diff_signal_1700, not yet time (every 5m)
2025-05-02 21:28:00 - DEBUG - [_process_strategies] [N/A] ⏱ Skipping VWAP_diff_signal_rsi_1700, not yet time (every 5m)
2025-05-02 21:28:00 - DEBUG - [_process_strategies] [N/A] ⏱ Skipping EMA_Cross_ema50, not yet time (every 5m)
2025-05-02 21:28:00 - DEBUG - [_process_strategies] [N/A] ⏱ Skipping EMA_Cross_candle, not yet time (every 5m)
2025-05-02 21:28:00 - DEBUG - [_process_strategies] [N/A] ⏱ Skipping SMA_Cross_sma50, not yet time (every 5m)
2025-05-02 21:28:00 - DEBUG - [_process_strategies] [N/A] ⏱ Skipping VWAP_diff_signal_1700_volume, not yet time (every 5m)
2025-05-02 21:28:00 - DEBUG - [_process_strategies] [N/A] ⏱ Skipping SMA_Cross_candle, not yet time (every 5m)
2025-05-02 21:28:00 - INFO - [_update_active_orders_and_telegram] [N/A] 📊 Updating SL/TP for active orders
2025-05-02 21:28:01 - INFO - [_wait_until_next_iteration] [N/A] ⏳ Sleeping for 58.93 seconds before the next cycle
2025-05-02 21:29:00 - DEBUG - [_process_strategies] [N/A] ⏱ Skipping VWAP_diff_signal_1700, not yet time (every 5m)
2025-05-02 21:29:00 - DEBUG - [_process_strategies] [N/A] ⏱ Skipping VWAP_diff_signal_rsi_1700, not yet time (every 5m)
2025-05-02 21:29:00 - DEBUG - [_process_strategies] [N/A] ⏱ Skipping EMA_Cross_ema50, not yet time (every 5m)
2025-05-02 21:29:00 - DEBUG - [_process_strategies] [N/A] ⏱ Skipping EMA_Cross_candle, not yet time (every 5m)
2025-05-02 21:29:00 - DEBUG - [_process_strategies] [N/A] ⏱ Skipping SMA_Cross_sma50, not yet time (every 5m)
2025-05-02 21:29:00 - DEBUG - [_process_strategies] [N/A] ⏱ Skipping VWAP_diff_signal_1700_volume, not yet time (every 5m)
2025-05-02 21:29:00 - DEBUG - [_process_strategies] [N/A] ⏱ Skipping SMA_Cross_candle, not yet time (every 5m)
2025-05-02 21:29:00 - INFO - [_update_active_orders_and_telegram] [N/A] 📊 Updating SL/TP for active orders
2025-05-02 21:29:01 - INFO - [_wait_until_next_iteration] [N/A] ⏳ Sleeping for 58.93 seconds before the next cycle
2025-05-02 21:30:00 - INFO - [_run_strategy_if_applicable] [N/A] ⏰ Strategy 'VWAP_diff_signal_1700' not executed because it's outside the time window: 17:30:00 - 19:00:00
2025-05-02 21:30:00 - INFO - [_run_strategy_if_applicable] [N/A] ⏰ Strategy 'VWAP_diff_signal_rsi_1700' not executed because it's outside the time window: 17:30:00 - 19:00:00
2025-05-02 21:30:00 - INFO - [_run_strategy_if_applicable] [N/A] ⏰ Strategy 'EMA_Cross_ema50' not executed because it's outside the time window: 16:35:00 - 16:50:00
2025-05-02 21:30:00 - INFO - [_run_strategy_if_applicable] [N/A] ⏰ Strategy 'EMA_Cross_candle' not executed because it's outside the time window: 16:35:00 - 16:50:00
2025-05-02 21:30:00 - INFO - [_run_strategy_if_applicable] [N/A] ⏰ Strategy 'SMA_Cross_sma50' not executed because it's outside the time window: 16:35:00 - 16:50:00
2025-05-02 21:30:00 - INFO - [_run_strategy_if_applicable] [N/A] ⏰ Strategy 'VWAP_diff_signal_1700_volume' not executed because it's outside the time window: 17:30:00 - 19:00:00
2025-05-02 21:30:00 - INFO - [_run_strategy_if_applicable] [N/A] ⏰ Strategy 'SMA_Cross_candle' not executed because it's outside the time window: 16:35:00 - 16:50:00
2025-05-02 21:30:00 - INFO - [_update_active_orders_and_telegram] [N/A] 📊 Updating SL/TP for active orders
2025-05-02 21:30:01 - INFO - [_wait_until_next_iteration] [N/A] ⏳ Sleeping for 58.92 seconds before the next cycle
2025-05-02 21:31:00 - DEBUG - [_process_strategies] [N/A] ⏱ Skipping VWAP_diff_signal_1700, not yet time (every 5m)
2025-05-02 21:31:00 - DEBUG - [_process_strategies] [N/A] ⏱ Skipping VWAP_diff_signal_rsi_1700, not yet time (every 5m)
2025-05-02 21:31:00 - DEBUG - [_process_strategies] [N/A] ⏱ Skipping EMA_Cross_ema50, not yet time (every 5m)
2025-05-02 21:31:00 - DEBUG - [_process_strategies] [N/A] ⏱ Skipping EMA_Cross_candle, not yet time (every 5m)
2025-05-02 21:31:00 - DEBUG - [_process_strategies] [N/A] ⏱ Skipping SMA_Cross_sma50, not yet time (every 5m)
2025-05-02 21:31:00 - DEBUG - [_process_strategies] [N/A] ⏱ Skipping VWAP_diff_signal_1700_volume, not yet time (every 5m)
2025-05-02 21:31:00 - DEBUG - [_process_strategies] [N/A] ⏱ Skipping SMA_Cross_candle, not yet time (every 5m)
2025-05-02 21:31:00 - INFO - [_update_active_orders_and_telegram] [N/A] 📊 Updating SL/TP for active orders
2025-05-02 21:31:01 - INFO - [_wait_until_next_iteration] [N/A] ⏳ Sleeping for 58.93 seconds before the next cycle
2025-05-02 21:32:00 - DEBUG - [_process_strategies] [N/A] ⏱ Skipping VWAP_diff_signal_1700, not yet time (every 5m)
2025-05-02 21:32:00 - DEBUG - [_process_strategies] [N/A] ⏱ Skipping VWAP_diff_signal_rsi_1700, not yet time (every 5m)
2025-05-02 21:32:00 - DEBUG - [_process_strategies] [N/A] ⏱ Skipping EMA_Cross_ema50, not yet time (every 5m)
2025-05-02 21:32:00 - DEBUG - [_process_strategies] [N/A] ⏱ Skipping EMA_Cross_candle, not yet time (every 5m)
2025-05-02 21:32:00 - DEBUG - [_process_strategies] [N/A] ⏱ Skipping SMA_Cross_sma50, not yet time (every 5m)
2025-05-02 21:32:00 - DEBUG - [_process_strategies] [N/A] ⏱ Skipping VWAP_diff_signal_1700_volume, not yet time (every 5m)
2025-05-02 21:32:00 - DEBUG - [_process_strategies] [N/A] ⏱ Skipping SMA_Cross_candle, not yet time (every 5m)
2025-05-02 21:32:00 - INFO - [_update_active_orders_and_telegram] [N/A] 📊 Updating SL/TP for active orders
2025-05-02 21:32:01 - INFO - [_wait_until_next_iteration] [N/A] ⏳ Sleeping for 58.93 seconds before the next cycle
2025-05-02 21:33:00 - DEBUG - [_process_strategies] [N/A] ⏱ Skipping VWAP_diff_signal_1700, not yet time (every 5m)
2025-05-02 21:33:00 - DEBUG - [_process_strategies] [N/A] ⏱ Skipping VWAP_diff_signal_rsi_1700, not yet time (every 5m)
2025-05-02 21:33:00 - DEBUG - [_process_strategies] [N/A] ⏱ Skipping EMA_Cross_ema50, not yet time (every 5m)
2025-05-02 21:33:00 - DEBUG - [_process_strategies] [N/A] ⏱ Skipping EMA_Cross_candle, not yet time (every 5m)
2025-05-02 21:33:00 - DEBUG - [_process_strategies] [N/A] ⏱ Skipping SMA_Cross_sma50, not yet time (every 5m)
2025-05-02 21:33:00 - DEBUG - [_process_strategies] [N/A] ⏱ Skipping VWAP_diff_signal_1700_volume, not yet time (every 5m)
2025-05-02 21:33:00 - DEBUG - [_process_strategies] [N/A] ⏱ Skipping SMA_Cross_candle, not yet time (every 5m)
2025-05-02 21:33:00 - INFO - [_update_active_orders_and_telegram] [N/A] 📊 Updating SL/TP for active orders
2025-05-02 21:33:01 - INFO - [_wait_until_next_iteration] [N/A] ⏳ Sleeping for 58.94 seconds before the next cycle
2025-05-02 21:34:00 - DEBUG - [_process_strategies] [N/A] ⏱ Skipping VWAP_diff_signal_1700, not yet time (every 5m)
2025-05-02 21:34:00 - DEBUG - [_process_strategies] [N/A] ⏱ Skipping VWAP_diff_signal_rsi_1700, not yet time (every 5m)
2025-05-02 21:34:00 - DEBUG - [_process_strategies] [N/A] ⏱ Skipping EMA_Cross_ema50, not yet time (every 5m)
2025-05-02 21:34:00 - DEBUG - [_process_strategies] [N/A] ⏱ Skipping EMA_Cross_candle, not yet time (every 5m)
2025-05-02 21:34:00 - DEBUG - [_process_strategies] [N/A] ⏱ Skipping SMA_Cross_sma50, not yet time (every 5m)
2025-05-02 21:34:00 - DEBUG - [_process_strategies] [N/A] ⏱ Skipping VWAP_diff_signal_1700_volume, not yet time (every 5m)
2025-05-02 21:34:00 - DEBUG - [_process_strategies] [N/A] ⏱ Skipping SMA_Cross_candle, not yet time (every 5m)
2025-05-02 21:34:00 - INFO - [_update_active_orders_and_telegram] [N/A] 📊 Updating SL/TP for active orders
2025-05-02 21:34:01 - INFO - [_wait_until_next_iteration] [N/A] ⏳ Sleeping for 58.93 seconds before the next cycle
2025-05-02 21:35:00 - INFO - [_run_strategy_if_applicable] [N/A] ⏰ Strategy 'VWAP_diff_signal_1700' not executed because it's outside the time window: 17:30:00 - 19:00:00
2025-05-02 21:35:00 - INFO - [_run_strategy_if_applicable] [N/A] ⏰ Strategy 'VWAP_diff_signal_rsi_1700' not executed because it's outside the time window: 17:30:00 - 19:00:00
2025-05-02 21:35:00 - INFO - [_run_strategy_if_applicable] [N/A] ⏰ Strategy 'EMA_Cross_ema50' not executed because it's outside the time window: 16:35:00 - 16:50:00
2025-05-02 21:35:00 - INFO - [_run_strategy_if_applicable] [N/A] ⏰ Strategy 'EMA_Cross_candle' not executed because it's outside the time window: 16:35:00 - 16:50:00
2025-05-02 21:35:00 - INFO - [_run_strategy_if_applicable] [N/A] ⏰ Strategy 'SMA_Cross_sma50' not executed because it's outside the time window: 16:35:00 - 16:50:00
2025-05-02 21:35:00 - INFO - [_run_strategy_if_applicable] [N/A] ⏰ Strategy 'VWAP_diff_signal_1700_volume' not executed because it's outside the time window: 17:30:00 - 19:00:00
2025-05-02 21:35:00 - INFO - [_run_strategy_if_applicable] [N/A] ⏰ Strategy 'SMA_Cross_candle' not executed because it's outside the time window: 16:35:00 - 16:50:00
2025-05-02 21:35:00 - INFO - [_update_active_orders_and_telegram] [N/A] 📊 Updating SL/TP for active orders
2025-05-02 21:35:01 - INFO - [_wait_until_next_iteration] [N/A] ⏳ Sleeping for 58.94 seconds before the next cycle
2025-05-02 21:36:00 - DEBUG - [_process_strategies] [N/A] ⏱ Skipping VWAP_diff_signal_1700, not yet time (every 5m)
2025-05-02 21:36:00 - DEBUG - [_process_strategies] [N/A] ⏱ Skipping VWAP_diff_signal_rsi_1700, not yet time (every 5m)
2025-05-02 21:36:00 - DEBUG - [_process_strategies] [N/A] ⏱ Skipping EMA_Cross_ema50, not yet time (every 5m)
2025-05-02 21:36:00 - DEBUG - [_process_strategies] [N/A] ⏱ Skipping EMA_Cross_candle, not yet time (every 5m)
2025-05-02 21:36:00 - DEBUG - [_process_strategies] [N/A] ⏱ Skipping SMA_Cross_sma50, not yet time (every 5m)
2025-05-02 21:36:00 - DEBUG - [_process_strategies] [N/A] ⏱ Skipping VWAP_diff_signal_1700_volume, not yet time (every 5m)
2025-05-02 21:36:00 - DEBUG - [_process_strategies] [N/A] ⏱ Skipping SMA_Cross_candle, not yet time (every 5m)
2025-05-02 21:36:00 - INFO - [_update_active_orders_and_telegram] [N/A] 📊 Updating SL/TP for active orders
2025-05-02 21:36:01 - INFO - [_wait_until_next_iteration] [N/A] ⏳ Sleeping for 58.93 seconds before the next cycle
2025-05-02 21:37:00 - DEBUG - [_process_strategies] [N/A] ⏱ Skipping VWAP_diff_signal_1700, not yet time (every 5m)
2025-05-02 21:37:00 - DEBUG - [_process_strategies] [N/A] ⏱ Skipping VWAP_diff_signal_rsi_1700, not yet time (every 5m)
2025-05-02 21:37:00 - DEBUG - [_process_strategies] [N/A] ⏱ Skipping EMA_Cross_ema50, not yet time (every 5m)
2025-05-02 21:37:00 - DEBUG - [_process_strategies] [N/A] ⏱ Skipping EMA_Cross_candle, not yet time (every 5m)
2025-05-02 21:37:00 - DEBUG - [_process_strategies] [N/A] ⏱ Skipping SMA_Cross_sma50, not yet time (every 5m)
2025-05-02 21:37:00 - DEBUG - [_process_strategies] [N/A] ⏱ Skipping VWAP_diff_signal_1700_volume, not yet time (every 5m)
2025-05-02 21:37:00 - DEBUG - [_process_strategies] [N/A] ⏱ Skipping SMA_Cross_candle, not yet time (every 5m)
2025-05-02 21:37:00 - INFO - [_update_active_orders_and_telegram] [N/A] 📊 Updating SL/TP for active orders
2025-05-02 21:37:01 - INFO - [_wait_until_next_iteration] [N/A] ⏳ Sleeping for 58.92 seconds before the next cycle
2025-05-02 21:38:00 - DEBUG - [_process_strategies] [N/A] ⏱ Skipping VWAP_diff_signal_1700, not yet time (every 5m)
2025-05-02 21:38:00 - DEBUG - [_process_strategies] [N/A] ⏱ Skipping VWAP_diff_signal_rsi_1700, not yet time (every 5m)
2025-05-02 21:38:00 - DEBUG - [_process_strategies] [N/A] ⏱ Skipping EMA_Cross_ema50, not yet time (every 5m)
2025-05-02 21:38:00 - DEBUG - [_process_strategies] [N/A] ⏱ Skipping EMA_Cross_candle, not yet time (every 5m)
2025-05-02 21:38:00 - DEBUG - [_process_strategies] [N/A] ⏱ Skipping SMA_Cross_sma50, not yet time (every 5m)
2025-05-02 21:38:00 - DEBUG - [_process_strategies] [N/A] ⏱ Skipping VWAP_diff_signal_1700_volume, not yet time (every 5m)
2025-05-02 21:38:00 - DEBUG - [_process_strategies] [N/A] ⏱ Skipping SMA_Cross_candle, not yet time (every 5m)
2025-05-02 21:38:00 - INFO - [_update_active_orders_and_telegram] [N/A] 📊 Updating SL/TP for active orders
2025-05-02 21:38:01 - INFO - [_wait_until_next_iteration] [N/A] ⏳ Sleeping for 58.93 seconds before the next cycle
2025-05-02 21:39:00 - DEBUG - [_process_strategies] [N/A] ⏱ Skipping VWAP_diff_signal_1700, not yet time (every 5m)
2025-05-02 21:39:00 - DEBUG - [_process_strategies] [N/A] ⏱ Skipping VWAP_diff_signal_rsi_1700, not yet time (every 5m)
2025-05-02 21:39:00 - DEBUG - [_process_strategies] [N/A] ⏱ Skipping EMA_Cross_ema50, not yet time (every 5m)
2025-05-02 21:39:00 - DEBUG - [_process_strategies] [N/A] ⏱ Skipping EMA_Cross_candle, not yet time (every 5m)
2025-05-02 21:39:00 - DEBUG - [_process_strategies] [N/A] ⏱ Skipping SMA_Cross_sma50, not yet time (every 5m)
2025-05-02 21:39:00 - DEBUG - [_process_strategies] [N/A] ⏱ Skipping VWAP_diff_signal_1700_volume, not yet time (every 5m)
2025-05-02 21:39:00 - DEBUG - [_process_strategies] [N/A] ⏱ Skipping SMA_Cross_candle, not yet time (every 5m)
2025-05-02 21:39:00 - INFO - [_update_active_orders_and_telegram] [N/A] 📊 Updating SL/TP for active orders
2025-05-02 21:39:01 - INFO - [_wait_until_next_iteration] [N/A] ⏳ Sleeping for 58.92 seconds before the next cycle
2025-05-02 21:40:00 - INFO - [_run_strategy_if_applicable] [N/A] ⏰ Strategy 'VWAP_diff_signal_1700' not executed because it's outside the time window: 17:30:00 - 19:00:00
2025-05-02 21:40:00 - INFO - [_run_strategy_if_applicable] [N/A] ⏰ Strategy 'VWAP_diff_signal_rsi_1700' not executed because it's outside the time window: 17:30:00 - 19:00:00
2025-05-02 21:40:00 - INFO - [_run_strategy_if_applicable] [N/A] ⏰ Strategy 'EMA_Cross_ema50' not executed because it's outside the time window: 16:35:00 - 16:50:00
2025-05-02 21:40:00 - INFO - [_run_strategy_if_applicable] [N/A] ⏰ Strategy 'EMA_Cross_candle' not executed because it's outside the time window: 16:35:00 - 16:50:00
2025-05-02 21:40:00 - INFO - [_run_strategy_if_applicable] [N/A] ⏰ Strategy 'SMA_Cross_sma50' not executed because it's outside the time window: 16:35:00 - 16:50:00
2025-05-02 21:40:00 - INFO - [_run_strategy_if_applicable] [N/A] ⏰ Strategy 'VWAP_diff_signal_1700_volume' not executed because it's outside the time window: 17:30:00 - 19:00:00
2025-05-02 21:40:00 - INFO - [_run_strategy_if_applicable] [N/A] ⏰ Strategy 'SMA_Cross_candle' not executed because it's outside the time window: 16:35:00 - 16:50:00
2025-05-02 21:40:00 - INFO - [_update_active_orders_and_telegram] [N/A] 📊 Updating SL/TP for active orders
2025-05-02 21:40:01 - INFO - [_wait_until_next_iteration] [N/A] ⏳ Sleeping for 58.92 seconds before the next cycle
2025-05-02 21:41:00 - DEBUG - [_process_strategies] [N/A] ⏱ Skipping VWAP_diff_signal_1700, not yet time (every 5m)
2025-05-02 21:41:00 - DEBUG - [_process_strategies] [N/A] ⏱ Skipping VWAP_diff_signal_rsi_1700, not yet time (every 5m)
2025-05-02 21:41:00 - DEBUG - [_process_strategies] [N/A] ⏱ Skipping EMA_Cross_ema50, not yet time (every 5m)
2025-05-02 21:41:00 - DEBUG - [_process_strategies] [N/A] ⏱ Skipping EMA_Cross_candle, not yet time (every 5m)
2025-05-02 21:41:00 - DEBUG - [_process_strategies] [N/A] ⏱ Skipping SMA_Cross_sma50, not yet time (every 5m)
2025-05-02 21:41:00 - DEBUG - [_process_strategies] [N/A] ⏱ Skipping VWAP_diff_signal_1700_volume, not yet time (every 5m)
2025-05-02 21:41:00 - DEBUG - [_process_strategies] [N/A] ⏱ Skipping SMA_Cross_candle, not yet time (every 5m)
2025-05-02 21:41:00 - INFO - [_update_active_orders_and_telegram] [N/A] 📊 Updating SL/TP for active orders
2025-05-02 21:41:01 - INFO - [_wait_until_next_iteration] [N/A] ⏳ Sleeping for 58.93 seconds before the next cycle
2025-05-02 21:42:00 - DEBUG - [_process_strategies] [N/A] ⏱ Skipping VWAP_diff_signal_1700, not yet time (every 5m)
2025-05-02 21:42:00 - DEBUG - [_process_strategies] [N/A] ⏱ Skipping VWAP_diff_signal_rsi_1700, not yet time (every 5m)
2025-05-02 21:42:00 - DEBUG - [_process_strategies] [N/A] ⏱ Skipping EMA_Cross_ema50, not yet time (every 5m)
2025-05-02 21:42:00 - DEBUG - [_process_strategies] [N/A] ⏱ Skipping EMA_Cross_candle, not yet time (every 5m)
2025-05-02 21:42:00 - DEBUG - [_process_strategies] [N/A] ⏱ Skipping SMA_Cross_sma50, not yet time (every 5m)
2025-05-02 21:42:00 - DEBUG - [_process_strategies] [N/A] ⏱ Skipping VWAP_diff_signal_1700_volume, not yet time (every 5m)
2025-05-02 21:42:00 - DEBUG - [_process_strategies] [N/A] ⏱ Skipping SMA_Cross_candle, not yet time (every 5m)
2025-05-02 21:42:00 - INFO - [_update_active_orders_and_telegram] [N/A] 📊 Updating SL/TP for active orders
2025-05-02 21:42:01 - INFO - [_wait_until_next_iteration] [N/A] ⏳ Sleeping for 58.97 seconds before the next cycle
2025-05-02 21:43:00 - DEBUG - [_process_strategies] [N/A] ⏱ Skipping VWAP_diff_signal_1700, not yet time (every 5m)
2025-05-02 21:43:00 - DEBUG - [_process_strategies] [N/A] ⏱ Skipping VWAP_diff_signal_rsi_1700, not yet time (every 5m)
2025-05-02 21:43:00 - DEBUG - [_process_strategies] [N/A] ⏱ Skipping EMA_Cross_ema50, not yet time (every 5m)
2025-05-02 21:43:00 - DEBUG - [_process_strategies] [N/A] ⏱ Skipping EMA_Cross_candle, not yet time (every 5m)
2025-05-02 21:43:00 - DEBUG - [_process_strategies] [N/A] ⏱ Skipping SMA_Cross_sma50, not yet time (every 5m)
2025-05-02 21:43:00 - DEBUG - [_process_strategies] [N/A] ⏱ Skipping VWAP_diff_signal_1700_volume, not yet time (every 5m)
2025-05-02 21:43:00 - DEBUG - [_process_strategies] [N/A] ⏱ Skipping SMA_Cross_candle, not yet time (every 5m)
2025-05-02 21:43:00 - INFO - [_update_active_orders_and_telegram] [N/A] 📊 Updating SL/TP for active orders
2025-05-02 21:43:01 - INFO - [_wait_until_next_iteration] [N/A] ⏳ Sleeping for 58.97 seconds before the next cycle
2025-05-02 21:44:00 - DEBUG - [_process_strategies] [N/A] ⏱ Skipping VWAP_diff_signal_1700, not yet time (every 5m)
2025-05-02 21:44:00 - DEBUG - [_process_strategies] [N/A] ⏱ Skipping VWAP_diff_signal_rsi_1700, not yet time (every 5m)
2025-05-02 21:44:00 - DEBUG - [_process_strategies] [N/A] ⏱ Skipping EMA_Cross_ema50, not yet time (every 5m)
2025-05-02 21:44:00 - DEBUG - [_process_strategies] [N/A] ⏱ Skipping EMA_Cross_candle, not yet time (every 5m)
2025-05-02 21:44:00 - DEBUG - [_process_strategies] [N/A] ⏱ Skipping SMA_Cross_sma50, not yet time (every 5m)
2025-05-02 21:44:00 - DEBUG - [_process_strategies] [N/A] ⏱ Skipping VWAP_diff_signal_1700_volume, not yet time (every 5m)
2025-05-02 21:44:00 - DEBUG - [_process_strategies] [N/A] ⏱ Skipping SMA_Cross_candle, not yet time (every 5m)
2025-05-02 21:44:00 - INFO - [_update_active_orders_and_telegram] [N/A] 📊 Updating SL/TP for active orders
2025-05-02 21:44:01 - INFO - [_wait_until_next_iteration] [N/A] ⏳ Sleeping for 58.93 seconds before the next cycle
2025-05-02 21:45:00 - INFO - [_run_strategy_if_applicable] [N/A] ⏰ Strategy 'VWAP_diff_signal_1700' not executed because it's outside the time window: 17:30:00 - 19:00:00
2025-05-02 21:45:00 - INFO - [_run_strategy_if_applicable] [N/A] ⏰ Strategy 'VWAP_diff_signal_rsi_1700' not executed because it's outside the time window: 17:30:00 - 19:00:00
2025-05-02 21:45:00 - INFO - [_run_strategy_if_applicable] [N/A] ⏰ Strategy 'EMA_Cross_ema50' not executed because it's outside the time window: 16:35:00 - 16:50:00
2025-05-02 21:45:00 - INFO - [_run_strategy_if_applicable] [N/A] ⏰ Strategy 'EMA_Cross_candle' not executed because it's outside the time window: 16:35:00 - 16:50:00
2025-05-02 21:45:00 - INFO - [_run_strategy_if_applicable] [N/A] ⏰ Strategy 'SMA_Cross_sma50' not executed because it's outside the time window: 16:35:00 - 16:50:00
2025-05-02 21:45:00 - INFO - [_run_strategy_if_applicable] [N/A] ⏰ Strategy 'VWAP_diff_signal_1700_volume' not executed because it's outside the time window: 17:30:00 - 19:00:00
2025-05-02 21:45:00 - INFO - [_run_strategy_if_applicable] [N/A] ⏰ Strategy 'SMA_Cross_candle' not executed because it's outside the time window: 16:35:00 - 16:50:00
2025-05-02 21:45:00 - INFO - [_update_active_orders_and_telegram] [N/A] 📊 Updating SL/TP for active orders
2025-05-02 21:45:01 - INFO - [_wait_until_next_iteration] [N/A] ⏳ Sleeping for 58.92 seconds before the next cycle
2025-05-02 21:46:00 - DEBUG - [_process_strategies] [N/A] ⏱ Skipping VWAP_diff_signal_1700, not yet time (every 5m)
2025-05-02 21:46:00 - DEBUG - [_process_strategies] [N/A] ⏱ Skipping VWAP_diff_signal_rsi_1700, not yet time (every 5m)
2025-05-02 21:46:00 - DEBUG - [_process_strategies] [N/A] ⏱ Skipping EMA_Cross_ema50, not yet time (every 5m)
2025-05-02 21:46:00 - DEBUG - [_process_strategies] [N/A] ⏱ Skipping EMA_Cross_candle, not yet time (every 5m)
2025-05-02 21:46:00 - DEBUG - [_process_strategies] [N/A] ⏱ Skipping SMA_Cross_sma50, not yet time (every 5m)
2025-05-02 21:46:00 - DEBUG - [_process_strategies] [N/A] ⏱ Skipping VWAP_diff_signal_1700_volume, not yet time (every 5m)
2025-05-02 21:46:00 - DEBUG - [_process_strategies] [N/A] ⏱ Skipping SMA_Cross_candle, not yet time (every 5m)
2025-05-02 21:46:00 - INFO - [_update_active_orders_and_telegram] [N/A] 📊 Updating SL/TP for active orders
2025-05-02 21:46:01 - INFO - [_wait_until_next_iteration] [N/A] ⏳ Sleeping for 58.93 seconds before the next cycle
2025-05-02 21:47:00 - DEBUG - [_process_strategies] [N/A] ⏱ Skipping VWAP_diff_signal_1700, not yet time (every 5m)
2025-05-02 21:47:00 - DEBUG - [_process_strategies] [N/A] ⏱ Skipping VWAP_diff_signal_rsi_1700, not yet time (every 5m)
2025-05-02 21:47:00 - DEBUG - [_process_strategies] [N/A] ⏱ Skipping EMA_Cross_ema50, not yet time (every 5m)
2025-05-02 21:47:00 - DEBUG - [_process_strategies] [N/A] ⏱ Skipping EMA_Cross_candle, not yet time (every 5m)
2025-05-02 21:47:00 - DEBUG - [_process_strategies] [N/A] ⏱ Skipping SMA_Cross_sma50, not yet time (every 5m)
2025-05-02 21:47:00 - DEBUG - [_process_strategies] [N/A] ⏱ Skipping VWAP_diff_signal_1700_volume, not yet time (every 5m)
2025-05-02 21:47:00 - DEBUG - [_process_strategies] [N/A] ⏱ Skipping SMA_Cross_candle, not yet time (every 5m)
2025-05-02 21:47:00 - INFO - [_update_active_orders_and_telegram] [N/A] 📊 Updating SL/TP for active orders
2025-05-02 21:47:01 - INFO - [_wait_until_next_iteration] [N/A] ⏳ Sleeping for 58.94 seconds before the next cycle
2025-05-02 21:48:00 - DEBUG - [_process_strategies] [N/A] ⏱ Skipping VWAP_diff_signal_1700, not yet time (every 5m)
2025-05-02 21:48:00 - DEBUG - [_process_strategies] [N/A] ⏱ Skipping VWAP_diff_signal_rsi_1700, not yet time (every 5m)
2025-05-02 21:48:00 - DEBUG - [_process_strategies] [N/A] ⏱ Skipping EMA_Cross_ema50, not yet time (every 5m)
2025-05-02 21:48:00 - DEBUG - [_process_strategies] [N/A] ⏱ Skipping EMA_Cross_candle, not yet time (every 5m)
2025-05-02 21:48:00 - DEBUG - [_process_strategies] [N/A] ⏱ Skipping SMA_Cross_sma50, not yet time (every 5m)
2025-05-02 21:48:00 - DEBUG - [_process_strategies] [N/A] ⏱ Skipping VWAP_diff_signal_1700_volume, not yet time (every 5m)
2025-05-02 21:48:00 - DEBUG - [_process_strategies] [N/A] ⏱ Skipping SMA_Cross_candle, not yet time (every 5m)
2025-05-02 21:48:00 - INFO - [_update_active_orders_and_telegram] [N/A] 📊 Updating SL/TP for active orders
2025-05-02 21:48:01 - INFO - [_wait_until_next_iteration] [N/A] ⏳ Sleeping for 58.93 seconds before the next cycle
2025-05-02 21:49:00 - DEBUG - [_process_strategies] [N/A] ⏱ Skipping VWAP_diff_signal_1700, not yet time (every 5m)
2025-05-02 21:49:00 - DEBUG - [_process_strategies] [N/A] ⏱ Skipping VWAP_diff_signal_rsi_1700, not yet time (every 5m)
2025-05-02 21:49:00 - DEBUG - [_process_strategies] [N/A] ⏱ Skipping EMA_Cross_ema50, not yet time (every 5m)
2025-05-02 21:49:00 - DEBUG - [_process_strategies] [N/A] ⏱ Skipping EMA_Cross_candle, not yet time (every 5m)
2025-05-02 21:49:00 - DEBUG - [_process_strategies] [N/A] ⏱ Skipping SMA_Cross_sma50, not yet time (every 5m)
2025-05-02 21:49:00 - DEBUG - [_process_strategies] [N/A] ⏱ Skipping VWAP_diff_signal_1700_volume, not yet time (every 5m)
2025-05-02 21:49:00 - DEBUG - [_process_strategies] [N/A] ⏱ Skipping SMA_Cross_candle, not yet time (every 5m)
2025-05-02 21:49:00 - INFO - [_update_active_orders_and_telegram] [N/A] 📊 Updating SL/TP for active orders
2025-05-02 21:49:01 - INFO - [_wait_until_next_iteration] [N/A] ⏳ Sleeping for 58.93 seconds before the next cycle
2025-05-02 21:50:00 - INFO - [_run_strategy_if_applicable] [N/A] ⏰ Strategy 'VWAP_diff_signal_1700' not executed because it's outside the time window: 17:30:00 - 19:00:00
2025-05-02 21:50:00 - INFO - [_run_strategy_if_applicable] [N/A] ⏰ Strategy 'VWAP_diff_signal_rsi_1700' not executed because it's outside the time window: 17:30:00 - 19:00:00
2025-05-02 21:50:00 - INFO - [_run_strategy_if_applicable] [N/A] ⏰ Strategy 'EMA_Cross_ema50' not executed because it's outside the time window: 16:35:00 - 16:50:00
2025-05-02 21:50:00 - INFO - [_run_strategy_if_applicable] [N/A] ⏰ Strategy 'EMA_Cross_candle' not executed because it's outside the time window: 16:35:00 - 16:50:00
2025-05-02 21:50:00 - INFO - [_run_strategy_if_applicable] [N/A] ⏰ Strategy 'SMA_Cross_sma50' not executed because it's outside the time window: 16:35:00 - 16:50:00
2025-05-02 21:50:00 - INFO - [_run_strategy_if_applicable] [N/A] ⏰ Strategy 'VWAP_diff_signal_1700_volume' not executed because it's outside the time window: 17:30:00 - 19:00:00
2025-05-02 21:50:00 - INFO - [_run_strategy_if_applicable] [N/A] ⏰ Strategy 'SMA_Cross_candle' not executed because it's outside the time window: 16:35:00 - 16:50:00
2025-05-02 21:50:00 - INFO - [_update_active_orders_and_telegram] [N/A] 📊 Updating SL/TP for active orders
2025-05-02 21:50:01 - INFO - [_wait_until_next_iteration] [N/A] ⏳ Sleeping for 58.93 seconds before the next cycle
2025-05-02 21:51:00 - DEBUG - [_process_strategies] [N/A] ⏱ Skipping VWAP_diff_signal_1700, not yet time (every 5m)
2025-05-02 21:51:00 - DEBUG - [_process_strategies] [N/A] ⏱ Skipping VWAP_diff_signal_rsi_1700, not yet time (every 5m)
2025-05-02 21:51:00 - DEBUG - [_process_strategies] [N/A] ⏱ Skipping EMA_Cross_ema50, not yet time (every 5m)
2025-05-02 21:51:00 - DEBUG - [_process_strategies] [N/A] ⏱ Skipping EMA_Cross_candle, not yet time (every 5m)
2025-05-02 21:51:00 - DEBUG - [_process_strategies] [N/A] ⏱ Skipping SMA_Cross_sma50, not yet time (every 5m)
2025-05-02 21:51:00 - DEBUG - [_process_strategies] [N/A] ⏱ Skipping VWAP_diff_signal_1700_volume, not yet time (every 5m)
2025-05-02 21:51:00 - DEBUG - [_process_strategies] [N/A] ⏱ Skipping SMA_Cross_candle, not yet time (every 5m)
2025-05-02 21:51:00 - INFO - [_update_active_orders_and_telegram] [N/A] 📊 Updating SL/TP for active orders
2025-05-02 21:51:01 - INFO - [_wait_until_next_iteration] [N/A] ⏳ Sleeping for 58.99 seconds before the next cycle
2025-05-02 21:52:00 - DEBUG - [_process_strategies] [N/A] ⏱ Skipping VWAP_diff_signal_1700, not yet time (every 5m)
2025-05-02 21:52:00 - DEBUG - [_process_strategies] [N/A] ⏱ Skipping VWAP_diff_signal_rsi_1700, not yet time (every 5m)
2025-05-02 21:52:00 - DEBUG - [_process_strategies] [N/A] ⏱ Skipping EMA_Cross_ema50, not yet time (every 5m)
2025-05-02 21:52:00 - DEBUG - [_process_strategies] [N/A] ⏱ Skipping EMA_Cross_candle, not yet time (every 5m)
2025-05-02 21:52:00 - DEBUG - [_process_strategies] [N/A] ⏱ Skipping SMA_Cross_sma50, not yet time (every 5m)
2025-05-02 21:52:00 - DEBUG - [_process_strategies] [N/A] ⏱ Skipping VWAP_diff_signal_1700_volume, not yet time (every 5m)
2025-05-02 21:52:00 - DEBUG - [_process_strategies] [N/A] ⏱ Skipping SMA_Cross_candle, not yet time (every 5m)
2025-05-02 21:52:00 - INFO - [_update_active_orders_and_telegram] [N/A] 📊 Updating SL/TP for active orders
2025-05-02 21:52:01 - INFO - [_wait_until_next_iteration] [N/A] ⏳ Sleeping for 58.93 seconds before the next cycle
2025-05-02 21:53:00 - DEBUG - [_process_strategies] [N/A] ⏱ Skipping VWAP_diff_signal_1700, not yet time (every 5m)
2025-05-02 21:53:00 - DEBUG - [_process_strategies] [N/A] ⏱ Skipping VWAP_diff_signal_rsi_1700, not yet time (every 5m)
2025-05-02 21:53:00 - DEBUG - [_process_strategies] [N/A] ⏱ Skipping EMA_Cross_ema50, not yet time (every 5m)
2025-05-02 21:53:00 - DEBUG - [_process_strategies] [N/A] ⏱ Skipping EMA_Cross_candle, not yet time (every 5m)
2025-05-02 21:53:00 - DEBUG - [_process_strategies] [N/A] ⏱ Skipping SMA_Cross_sma50, not yet time (every 5m)
2025-05-02 21:53:00 - DEBUG - [_process_strategies] [N/A] ⏱ Skipping VWAP_diff_signal_1700_volume, not yet time (every 5m)
2025-05-02 21:53:00 - DEBUG - [_process_strategies] [N/A] ⏱ Skipping SMA_Cross_candle, not yet time (every 5m)
2025-05-02 21:53:00 - INFO - [_update_active_orders_and_telegram] [N/A] 📊 Updating SL/TP for active orders
2025-05-02 21:53:01 - INFO - [_wait_until_next_iteration] [N/A] ⏳ Sleeping for 58.93 seconds before the next cycle
2025-05-02 21:54:00 - DEBUG - [_process_strategies] [N/A] ⏱ Skipping VWAP_diff_signal_1700, not yet time (every 5m)
2025-05-02 21:54:00 - DEBUG - [_process_strategies] [N/A] ⏱ Skipping VWAP_diff_signal_rsi_1700, not yet time (every 5m)
2025-05-02 21:54:00 - DEBUG - [_process_strategies] [N/A] ⏱ Skipping EMA_Cross_ema50, not yet time (every 5m)
2025-05-02 21:54:00 - DEBUG - [_process_strategies] [N/A] ⏱ Skipping EMA_Cross_candle, not yet time (every 5m)
2025-05-02 21:54:00 - DEBUG - [_process_strategies] [N/A] ⏱ Skipping SMA_Cross_sma50, not yet time (every 5m)
2025-05-02 21:54:00 - DEBUG - [_process_strategies] [N/A] ⏱ Skipping VWAP_diff_signal_1700_volume, not yet time (every 5m)
2025-05-02 21:54:00 - DEBUG - [_process_strategies] [N/A] ⏱ Skipping SMA_Cross_candle, not yet time (every 5m)
2025-05-02 21:54:00 - INFO - [_update_active_orders_and_telegram] [N/A] 📊 Updating SL/TP for active orders
2025-05-02 21:54:01 - INFO - [_wait_until_next_iteration] [N/A] ⏳ Sleeping for 58.93 seconds before the next cycle
2025-05-02 21:55:00 - INFO - [_run_strategy_if_applicable] [N/A] ⏰ Strategy 'VWAP_diff_signal_1700' not executed because it's outside the time window: 17:30:00 - 19:00:00
2025-05-02 21:55:00 - INFO - [_run_strategy_if_applicable] [N/A] ⏰ Strategy 'VWAP_diff_signal_rsi_1700' not executed because it's outside the time window: 17:30:00 - 19:00:00
2025-05-02 21:55:00 - INFO - [_run_strategy_if_applicable] [N/A] ⏰ Strategy 'EMA_Cross_ema50' not executed because it's outside the time window: 16:35:00 - 16:50:00
2025-05-02 21:55:00 - INFO - [_run_strategy_if_applicable] [N/A] ⏰ Strategy 'EMA_Cross_candle' not executed because it's outside the time window: 16:35:00 - 16:50:00
2025-05-02 21:55:00 - INFO - [_run_strategy_if_applicable] [N/A] ⏰ Strategy 'SMA_Cross_sma50' not executed because it's outside the time window: 16:35:00 - 16:50:00
2025-05-02 21:55:00 - INFO - [_run_strategy_if_applicable] [N/A] ⏰ Strategy 'VWAP_diff_signal_1700_volume' not executed because it's outside the time window: 17:30:00 - 19:00:00
2025-05-02 21:55:00 - INFO - [_run_strategy_if_applicable] [N/A] ⏰ Strategy 'SMA_Cross_candle' not executed because it's outside the time window: 16:35:00 - 16:50:00
2025-05-02 21:55:00 - INFO - [_update_active_orders_and_telegram] [N/A] 📊 Updating SL/TP for active orders
2025-05-02 21:55:01 - INFO - [_wait_until_next_iteration] [N/A] ⏳ Sleeping for 58.92 seconds before the next cycle
2025-05-02 21:56:00 - DEBUG - [_process_strategies] [N/A] ⏱ Skipping VWAP_diff_signal_1700, not yet time (every 5m)
2025-05-02 21:56:00 - DEBUG - [_process_strategies] [N/A] ⏱ Skipping VWAP_diff_signal_rsi_1700, not yet time (every 5m)
2025-05-02 21:56:00 - DEBUG - [_process_strategies] [N/A] ⏱ Skipping EMA_Cross_ema50, not yet time (every 5m)
2025-05-02 21:56:00 - DEBUG - [_process_strategies] [N/A] ⏱ Skipping EMA_Cross_candle, not yet time (every 5m)
2025-05-02 21:56:00 - DEBUG - [_process_strategies] [N/A] ⏱ Skipping SMA_Cross_sma50, not yet time (every 5m)
2025-05-02 21:56:00 - DEBUG - [_process_strategies] [N/A] ⏱ Skipping VWAP_diff_signal_1700_volume, not yet time (every 5m)
2025-05-02 21:56:00 - DEBUG - [_process_strategies] [N/A] ⏱ Skipping SMA_Cross_candle, not yet time (every 5m)
2025-05-02 21:56:00 - INFO - [_update_active_orders_and_telegram] [N/A] 📊 Updating SL/TP for active orders
2025-05-02 21:56:01 - INFO - [_wait_until_next_iteration] [N/A] ⏳ Sleeping for 58.93 seconds before the next cycle
2025-05-02 21:57:00 - DEBUG - [_process_strategies] [N/A] ⏱ Skipping VWAP_diff_signal_1700, not yet time (every 5m)
2025-05-02 21:57:00 - DEBUG - [_process_strategies] [N/A] ⏱ Skipping VWAP_diff_signal_rsi_1700, not yet time (every 5m)
2025-05-02 21:57:00 - DEBUG - [_process_strategies] [N/A] ⏱ Skipping EMA_Cross_ema50, not yet time (every 5m)
2025-05-02 21:57:00 - DEBUG - [_process_strategies] [N/A] ⏱ Skipping EMA_Cross_candle, not yet time (every 5m)
2025-05-02 21:57:00 - DEBUG - [_process_strategies] [N/A] ⏱ Skipping SMA_Cross_sma50, not yet time (every 5m)
2025-05-02 21:57:00 - DEBUG - [_process_strategies] [N/A] ⏱ Skipping VWAP_diff_signal_1700_volume, not yet time (every 5m)
2025-05-02 21:57:00 - DEBUG - [_process_strategies] [N/A] ⏱ Skipping SMA_Cross_candle, not yet time (every 5m)
2025-05-02 21:57:00 - INFO - [_update_active_orders_and_telegram] [N/A] 📊 Updating SL/TP for active orders
2025-05-02 21:57:01 - INFO - [_wait_until_next_iteration] [N/A] ⏳ Sleeping for 58.96 seconds before the next cycle
2025-05-02 21:58:00 - DEBUG - [_process_strategies] [N/A] ⏱ Skipping VWAP_diff_signal_1700, not yet time (every 5m)
2025-05-02 21:58:00 - DEBUG - [_process_strategies] [N/A] ⏱ Skipping VWAP_diff_signal_rsi_1700, not yet time (every 5m)
2025-05-02 21:58:00 - DEBUG - [_process_strategies] [N/A] ⏱ Skipping EMA_Cross_ema50, not yet time (every 5m)
2025-05-02 21:58:00 - DEBUG - [_process_strategies] [N/A] ⏱ Skipping EMA_Cross_candle, not yet time (every 5m)
2025-05-02 21:58:00 - DEBUG - [_process_strategies] [N/A] ⏱ Skipping SMA_Cross_sma50, not yet time (every 5m)
2025-05-02 21:58:00 - DEBUG - [_process_strategies] [N/A] ⏱ Skipping VWAP_diff_signal_1700_volume, not yet time (every 5m)
2025-05-02 21:58:00 - DEBUG - [_process_strategies] [N/A] ⏱ Skipping SMA_Cross_candle, not yet time (every 5m)
2025-05-02 21:58:00 - INFO - [_update_active_orders_and_telegram] [N/A] 📊 Updating SL/TP for active orders
2025-05-02 21:58:01 - INFO - [_wait_until_next_iteration] [N/A] ⏳ Sleeping for 58.93 seconds before the next cycle
2025-05-02 21:59:00 - DEBUG - [_process_strategies] [N/A] ⏱ Skipping VWAP_diff_signal_1700, not yet time (every 5m)
2025-05-02 21:59:00 - DEBUG - [_process_strategies] [N/A] ⏱ Skipping VWAP_diff_signal_rsi_1700, not yet time (every 5m)
2025-05-02 21:59:00 - DEBUG - [_process_strategies] [N/A] ⏱ Skipping EMA_Cross_ema50, not yet time (every 5m)
2025-05-02 21:59:00 - DEBUG - [_process_strategies] [N/A] ⏱ Skipping EMA_Cross_candle, not yet time (every 5m)
2025-05-02 21:59:00 - DEBUG - [_process_strategies] [N/A] ⏱ Skipping SMA_Cross_sma50, not yet time (every 5m)
2025-05-02 21:59:00 - DEBUG - [_process_strategies] [N/A] ⏱ Skipping VWAP_diff_signal_1700_volume, not yet time (every 5m)
2025-05-02 21:59:00 - DEBUG - [_process_strategies] [N/A] ⏱ Skipping SMA_Cross_candle, not yet time (every 5m)
2025-05-02 21:59:00 - INFO - [_update_active_orders_and_telegram] [N/A] 📊 Updating SL/TP for active orders
2025-05-02 21:59:01 - INFO - [_wait_until_next_iteration] [N/A] ⏳ Sleeping for 58.93 seconds before the next cycle
2025-05-02 22:00:00 - INFO - [_run_strategy_if_applicable] [N/A] ⏰ Strategy 'VWAP_diff_signal_1700' not executed because it's outside the time window: 17:30:00 - 19:00:00
2025-05-02 22:00:00 - INFO - [_run_strategy_if_applicable] [N/A] ⏰ Strategy 'VWAP_diff_signal_rsi_1700' not executed because it's outside the time window: 17:30:00 - 19:00:00
2025-05-02 22:00:00 - INFO - [_run_strategy_if_applicable] [N/A] ⏰ Strategy 'EMA_Cross_ema50' not executed because it's outside the time window: 16:35:00 - 16:50:00
2025-05-02 22:00:00 - INFO - [_run_strategy_if_applicable] [N/A] ⏰ Strategy 'EMA_Cross_candle' not executed because it's outside the time window: 16:35:00 - 16:50:00
2025-05-02 22:00:00 - INFO - [_run_strategy_if_applicable] [N/A] ⏰ Strategy 'SMA_Cross_sma50' not executed because it's outside the time window: 16:35:00 - 16:50:00
2025-05-02 22:00:00 - INFO - [_run_strategy_if_applicable] [N/A] ⏰ Strategy 'VWAP_diff_signal_1700_volume' not executed because it's outside the time window: 17:30:00 - 19:00:00
2025-05-02 22:00:00 - INFO - [_run_strategy_if_applicable] [N/A] ⏰ Strategy 'SMA_Cross_candle' not executed because it's outside the time window: 16:35:00 - 16:50:00
2025-05-02 22:00:00 - INFO - [_update_active_orders_and_telegram] [N/A] 📊 Updating SL/TP for active orders
2025-05-02 22:00:01 - INFO - [_wait_until_next_iteration] [N/A] ⏳ Sleeping for 58.93 seconds before the next cycle
2025-05-02 22:01:00 - DEBUG - [_process_strategies] [N/A] ⏱ Skipping VWAP_diff_signal_1700, not yet time (every 5m)
2025-05-02 22:01:00 - DEBUG - [_process_strategies] [N/A] ⏱ Skipping VWAP_diff_signal_rsi_1700, not yet time (every 5m)
2025-05-02 22:01:00 - DEBUG - [_process_strategies] [N/A] ⏱ Skipping EMA_Cross_ema50, not yet time (every 5m)
2025-05-02 22:01:00 - DEBUG - [_process_strategies] [N/A] ⏱ Skipping EMA_Cross_candle, not yet time (every 5m)
2025-05-02 22:01:00 - DEBUG - [_process_strategies] [N/A] ⏱ Skipping SMA_Cross_sma50, not yet time (every 5m)
2025-05-02 22:01:00 - DEBUG - [_process_strategies] [N/A] ⏱ Skipping VWAP_diff_signal_1700_volume, not yet time (every 5m)
2025-05-02 22:01:00 - DEBUG - [_process_strategies] [N/A] ⏱ Skipping SMA_Cross_candle, not yet time (every 5m)
2025-05-02 22:01:00 - INFO - [_update_active_orders_and_telegram] [N/A] 📊 Updating SL/TP for active orders
2025-05-02 22:01:01 - INFO - [_wait_until_next_iteration] [N/A] ⏳ Sleeping for 58.93 seconds before the next cycle
2025-05-02 22:02:00 - DEBUG - [_process_strategies] [N/A] ⏱ Skipping VWAP_diff_signal_1700, not yet time (every 5m)
2025-05-02 22:02:00 - DEBUG - [_process_strategies] [N/A] ⏱ Skipping VWAP_diff_signal_rsi_1700, not yet time (every 5m)
2025-05-02 22:02:00 - DEBUG - [_process_strategies] [N/A] ⏱ Skipping EMA_Cross_ema50, not yet time (every 5m)
2025-05-02 22:02:00 - DEBUG - [_process_strategies] [N/A] ⏱ Skipping EMA_Cross_candle, not yet time (every 5m)
2025-05-02 22:02:00 - DEBUG - [_process_strategies] [N/A] ⏱ Skipping SMA_Cross_sma50, not yet time (every 5m)
2025-05-02 22:02:00 - DEBUG - [_process_strategies] [N/A] ⏱ Skipping VWAP_diff_signal_1700_volume, not yet time (every 5m)
2025-05-02 22:02:00 - DEBUG - [_process_strategies] [N/A] ⏱ Skipping SMA_Cross_candle, not yet time (every 5m)
2025-05-02 22:02:00 - INFO - [_update_active_orders_and_telegram] [N/A] 📊 Updating SL/TP for active orders
2025-05-02 22:02:01 - INFO - [_wait_until_next_iteration] [N/A] ⏳ Sleeping for 58.93 seconds before the next cycle
2025-05-02 22:03:00 - DEBUG - [_process_strategies] [N/A] ⏱ Skipping VWAP_diff_signal_1700, not yet time (every 5m)
2025-05-02 22:03:00 - DEBUG - [_process_strategies] [N/A] ⏱ Skipping VWAP_diff_signal_rsi_1700, not yet time (every 5m)
2025-05-02 22:03:00 - DEBUG - [_process_strategies] [N/A] ⏱ Skipping EMA_Cross_ema50, not yet time (every 5m)
2025-05-02 22:03:00 - DEBUG - [_process_strategies] [N/A] ⏱ Skipping EMA_Cross_candle, not yet time (every 5m)
2025-05-02 22:03:00 - DEBUG - [_process_strategies] [N/A] ⏱ Skipping SMA_Cross_sma50, not yet time (every 5m)
2025-05-02 22:03:00 - DEBUG - [_process_strategies] [N/A] ⏱ Skipping VWAP_diff_signal_1700_volume, not yet time (every 5m)
2025-05-02 22:03:00 - DEBUG - [_process_strategies] [N/A] ⏱ Skipping SMA_Cross_candle, not yet time (every 5m)
2025-05-02 22:03:00 - INFO - [_update_active_orders_and_telegram] [N/A] 📊 Updating SL/TP for active orders
2025-05-02 22:03:01 - INFO - [_wait_until_next_iteration] [N/A] ⏳ Sleeping for 58.93 seconds before the next cycle
2025-05-02 22:04:00 - DEBUG - [_process_strategies] [N/A] ⏱ Skipping VWAP_diff_signal_1700, not yet time (every 5m)
2025-05-02 22:04:00 - DEBUG - [_process_strategies] [N/A] ⏱ Skipping VWAP_diff_signal_rsi_1700, not yet time (every 5m)
2025-05-02 22:04:00 - DEBUG - [_process_strategies] [N/A] ⏱ Skipping EMA_Cross_ema50, not yet time (every 5m)
2025-05-02 22:04:00 - DEBUG - [_process_strategies] [N/A] ⏱ Skipping EMA_Cross_candle, not yet time (every 5m)
2025-05-02 22:04:00 - DEBUG - [_process_strategies] [N/A] ⏱ Skipping SMA_Cross_sma50, not yet time (every 5m)
2025-05-02 22:04:00 - DEBUG - [_process_strategies] [N/A] ⏱ Skipping VWAP_diff_signal_1700_volume, not yet time (every 5m)
2025-05-02 22:04:00 - DEBUG - [_process_strategies] [N/A] ⏱ Skipping SMA_Cross_candle, not yet time (every 5m)
2025-05-02 22:04:00 - INFO - [_update_active_orders_and_telegram] [N/A] 📊 Updating SL/TP for active orders
2025-05-02 22:04:01 - INFO - [_wait_until_next_iteration] [N/A] ⏳ Sleeping for 58.93 seconds before the next cycle
2025-05-02 22:05:00 - INFO - [_run_strategy_if_applicable] [N/A] ⏰ Strategy 'VWAP_diff_signal_1700' not executed because it's outside the time window: 17:30:00 - 19:00:00
2025-05-02 22:05:00 - INFO - [_run_strategy_if_applicable] [N/A] ⏰ Strategy 'VWAP_diff_signal_rsi_1700' not executed because it's outside the time window: 17:30:00 - 19:00:00
2025-05-02 22:05:00 - INFO - [_run_strategy_if_applicable] [N/A] ⏰ Strategy 'EMA_Cross_ema50' not executed because it's outside the time window: 16:35:00 - 16:50:00
2025-05-02 22:05:00 - INFO - [_run_strategy_if_applicable] [N/A] ⏰ Strategy 'EMA_Cross_candle' not executed because it's outside the time window: 16:35:00 - 16:50:00
2025-05-02 22:05:00 - INFO - [_run_strategy_if_applicable] [N/A] ⏰ Strategy 'SMA_Cross_sma50' not executed because it's outside the time window: 16:35:00 - 16:50:00
2025-05-02 22:05:00 - INFO - [_run_strategy_if_applicable] [N/A] ⏰ Strategy 'VWAP_diff_signal_1700_volume' not executed because it's outside the time window: 17:30:00 - 19:00:00
2025-05-02 22:05:00 - INFO - [_run_strategy_if_applicable] [N/A] ⏰ Strategy 'SMA_Cross_candle' not executed because it's outside the time window: 16:35:00 - 16:50:00
2025-05-02 22:05:00 - INFO - [_update_active_orders_and_telegram] [N/A] 📊 Updating SL/TP for active orders
2025-05-02 22:05:01 - INFO - [_wait_until_next_iteration] [N/A] ⏳ Sleeping for 58.95 seconds before the next cycle
2025-05-02 22:06:00 - DEBUG - [_process_strategies] [N/A] ⏱ Skipping VWAP_diff_signal_1700, not yet time (every 5m)
2025-05-02 22:06:00 - DEBUG - [_process_strategies] [N/A] ⏱ Skipping VWAP_diff_signal_rsi_1700, not yet time (every 5m)
2025-05-02 22:06:00 - DEBUG - [_process_strategies] [N/A] ⏱ Skipping EMA_Cross_ema50, not yet time (every 5m)
2025-05-02 22:06:00 - DEBUG - [_process_strategies] [N/A] ⏱ Skipping EMA_Cross_candle, not yet time (every 5m)
2025-05-02 22:06:00 - DEBUG - [_process_strategies] [N/A] ⏱ Skipping SMA_Cross_sma50, not yet time (every 5m)
2025-05-02 22:06:00 - DEBUG - [_process_strategies] [N/A] ⏱ Skipping VWAP_diff_signal_1700_volume, not yet time (every 5m)
2025-05-02 22:06:00 - DEBUG - [_process_strategies] [N/A] ⏱ Skipping SMA_Cross_candle, not yet time (every 5m)
2025-05-02 22:06:00 - INFO - [_update_active_orders_and_telegram] [N/A] 📊 Updating SL/TP for active orders
2025-05-02 22:06:01 - INFO - [_wait_until_next_iteration] [N/A] ⏳ Sleeping for 58.93 seconds before the next cycle
2025-05-02 22:07:00 - DEBUG - [_process_strategies] [N/A] ⏱ Skipping VWAP_diff_signal_1700, not yet time (every 5m)
2025-05-02 22:07:00 - DEBUG - [_process_strategies] [N/A] ⏱ Skipping VWAP_diff_signal_rsi_1700, not yet time (every 5m)
2025-05-02 22:07:00 - DEBUG - [_process_strategies] [N/A] ⏱ Skipping EMA_Cross_ema50, not yet time (every 5m)
2025-05-02 22:07:00 - DEBUG - [_process_strategies] [N/A] ⏱ Skipping EMA_Cross_candle, not yet time (every 5m)
2025-05-02 22:07:00 - DEBUG - [_process_strategies] [N/A] ⏱ Skipping SMA_Cross_sma50, not yet time (every 5m)
2025-05-02 22:07:00 - DEBUG - [_process_strategies] [N/A] ⏱ Skipping VWAP_diff_signal_1700_volume, not yet time (every 5m)
2025-05-02 22:07:00 - DEBUG - [_process_strategies] [N/A] ⏱ Skipping SMA_Cross_candle, not yet time (every 5m)
2025-05-02 22:07:00 - INFO - [_update_active_orders_and_telegram] [N/A] 📊 Updating SL/TP for active orders
2025-05-02 22:07:01 - INFO - [_wait_until_next_iteration] [N/A] ⏳ Sleeping for 58.93 seconds before the next cycle
2025-05-02 22:08:00 - DEBUG - [_process_strategies] [N/A] ⏱ Skipping VWAP_diff_signal_1700, not yet time (every 5m)
2025-05-02 22:08:00 - DEBUG - [_process_strategies] [N/A] ⏱ Skipping VWAP_diff_signal_rsi_1700, not yet time (every 5m)
2025-05-02 22:08:00 - DEBUG - [_process_strategies] [N/A] ⏱ Skipping EMA_Cross_ema50, not yet time (every 5m)
2025-05-02 22:08:00 - DEBUG - [_process_strategies] [N/A] ⏱ Skipping EMA_Cross_candle, not yet time (every 5m)
2025-05-02 22:08:00 - DEBUG - [_process_strategies] [N/A] ⏱ Skipping SMA_Cross_sma50, not yet time (every 5m)
2025-05-02 22:08:00 - DEBUG - [_process_strategies] [N/A] ⏱ Skipping VWAP_diff_signal_1700_volume, not yet time (every 5m)
2025-05-02 22:08:00 - DEBUG - [_process_strategies] [N/A] ⏱ Skipping SMA_Cross_candle, not yet time (every 5m)
2025-05-02 22:08:00 - INFO - [_update_active_orders_and_telegram] [N/A] 📊 Updating SL/TP for active orders
2025-05-02 22:08:01 - INFO - [_wait_until_next_iteration] [N/A] ⏳ Sleeping for 58.94 seconds before the next cycle
2025-05-02 22:09:00 - DEBUG - [_process_strategies] [N/A] ⏱ Skipping VWAP_diff_signal_1700, not yet time (every 5m)
2025-05-02 22:09:00 - DEBUG - [_process_strategies] [N/A] ⏱ Skipping VWAP_diff_signal_rsi_1700, not yet time (every 5m)
2025-05-02 22:09:00 - DEBUG - [_process_strategies] [N/A] ⏱ Skipping EMA_Cross_ema50, not yet time (every 5m)
2025-05-02 22:09:00 - DEBUG - [_process_strategies] [N/A] ⏱ Skipping EMA_Cross_candle, not yet time (every 5m)
2025-05-02 22:09:00 - DEBUG - [_process_strategies] [N/A] ⏱ Skipping SMA_Cross_sma50, not yet time (every 5m)
2025-05-02 22:09:00 - DEBUG - [_process_strategies] [N/A] ⏱ Skipping VWAP_diff_signal_1700_volume, not yet time (every 5m)
2025-05-02 22:09:00 - DEBUG - [_process_strategies] [N/A] ⏱ Skipping SMA_Cross_candle, not yet time (every 5m)
2025-05-02 22:09:00 - INFO - [_update_active_orders_and_telegram] [N/A] 📊 Updating SL/TP for active orders
2025-05-02 22:09:01 - INFO - [_wait_until_next_iteration] [N/A] ⏳ Sleeping for 58.93 seconds before the next cycle
2025-05-02 22:10:00 - INFO - [_run_strategy_if_applicable] [N/A] ⏰ Strategy 'VWAP_diff_signal_1700' not executed because it's outside the time window: 17:30:00 - 19:00:00
2025-05-02 22:10:00 - INFO - [_run_strategy_if_applicable] [N/A] ⏰ Strategy 'VWAP_diff_signal_rsi_1700' not executed because it's outside the time window: 17:30:00 - 19:00:00
2025-05-02 22:10:00 - INFO - [_run_strategy_if_applicable] [N/A] ⏰ Strategy 'EMA_Cross_ema50' not executed because it's outside the time window: 16:35:00 - 16:50:00
2025-05-02 22:10:00 - INFO - [_run_strategy_if_applicable] [N/A] ⏰ Strategy 'EMA_Cross_candle' not executed because it's outside the time window: 16:35:00 - 16:50:00
2025-05-02 22:10:00 - INFO - [_run_strategy_if_applicable] [N/A] ⏰ Strategy 'SMA_Cross_sma50' not executed because it's outside the time window: 16:35:00 - 16:50:00
2025-05-02 22:10:00 - INFO - [_run_strategy_if_applicable] [N/A] ⏰ Strategy 'VWAP_diff_signal_1700_volume' not executed because it's outside the time window: 17:30:00 - 19:00:00
2025-05-02 22:10:00 - INFO - [_run_strategy_if_applicable] [N/A] ⏰ Strategy 'SMA_Cross_candle' not executed because it's outside the time window: 16:35:00 - 16:50:00
2025-05-02 22:10:00 - INFO - [_update_active_orders_and_telegram] [N/A] 📊 Updating SL/TP for active orders
2025-05-02 22:10:01 - INFO - [_wait_until_next_iteration] [N/A] ⏳ Sleeping for 58.93 seconds before the next cycle
2025-05-02 22:11:00 - DEBUG - [_process_strategies] [N/A] ⏱ Skipping VWAP_diff_signal_1700, not yet time (every 5m)
2025-05-02 22:11:00 - DEBUG - [_process_strategies] [N/A] ⏱ Skipping VWAP_diff_signal_rsi_1700, not yet time (every 5m)
2025-05-02 22:11:00 - DEBUG - [_process_strategies] [N/A] ⏱ Skipping EMA_Cross_ema50, not yet time (every 5m)
2025-05-02 22:11:00 - DEBUG - [_process_strategies] [N/A] ⏱ Skipping EMA_Cross_candle, not yet time (every 5m)
2025-05-02 22:11:00 - DEBUG - [_process_strategies] [N/A] ⏱ Skipping SMA_Cross_sma50, not yet time (every 5m)
2025-05-02 22:11:00 - DEBUG - [_process_strategies] [N/A] ⏱ Skipping VWAP_diff_signal_1700_volume, not yet time (every 5m)
2025-05-02 22:11:00 - DEBUG - [_process_strategies] [N/A] ⏱ Skipping SMA_Cross_candle, not yet time (every 5m)
2025-05-02 22:11:00 - INFO - [_update_active_orders_and_telegram] [N/A] 📊 Updating SL/TP for active orders
2025-05-02 22:11:01 - INFO - [_wait_until_next_iteration] [N/A] ⏳ Sleeping for 58.97 seconds before the next cycle
2025-05-02 22:12:00 - DEBUG - [_process_strategies] [N/A] ⏱ Skipping VWAP_diff_signal_1700, not yet time (every 5m)
2025-05-02 22:12:00 - DEBUG - [_process_strategies] [N/A] ⏱ Skipping VWAP_diff_signal_rsi_1700, not yet time (every 5m)
2025-05-02 22:12:00 - DEBUG - [_process_strategies] [N/A] ⏱ Skipping EMA_Cross_ema50, not yet time (every 5m)
2025-05-02 22:12:00 - DEBUG - [_process_strategies] [N/A] ⏱ Skipping EMA_Cross_candle, not yet time (every 5m)
2025-05-02 22:12:00 - DEBUG - [_process_strategies] [N/A] ⏱ Skipping SMA_Cross_sma50, not yet time (every 5m)
2025-05-02 22:12:00 - DEBUG - [_process_strategies] [N/A] ⏱ Skipping VWAP_diff_signal_1700_volume, not yet time (every 5m)
2025-05-02 22:12:00 - DEBUG - [_process_strategies] [N/A] ⏱ Skipping SMA_Cross_candle, not yet time (every 5m)
2025-05-02 22:12:00 - INFO - [_update_active_orders_and_telegram] [N/A] 📊 Updating SL/TP for active orders
2025-05-02 22:12:01 - INFO - [_wait_until_next_iteration] [N/A] ⏳ Sleeping for 58.93 seconds before the next cycle
2025-05-02 22:13:00 - DEBUG - [_process_strategies] [N/A] ⏱ Skipping VWAP_diff_signal_1700, not yet time (every 5m)
2025-05-02 22:13:00 - DEBUG - [_process_strategies] [N/A] ⏱ Skipping VWAP_diff_signal_rsi_1700, not yet time (every 5m)
2025-05-02 22:13:00 - DEBUG - [_process_strategies] [N/A] ⏱ Skipping EMA_Cross_ema50, not yet time (every 5m)
2025-05-02 22:13:00 - DEBUG - [_process_strategies] [N/A] ⏱ Skipping EMA_Cross_candle, not yet time (every 5m)
2025-05-02 22:13:00 - DEBUG - [_process_strategies] [N/A] ⏱ Skipping SMA_Cross_sma50, not yet time (every 5m)
2025-05-02 22:13:00 - DEBUG - [_process_strategies] [N/A] ⏱ Skipping VWAP_diff_signal_1700_volume, not yet time (every 5m)
2025-05-02 22:13:00 - DEBUG - [_process_strategies] [N/A] ⏱ Skipping SMA_Cross_candle, not yet time (every 5m)
2025-05-02 22:13:00 - INFO - [_update_active_orders_and_telegram] [N/A] 📊 Updating SL/TP for active orders
2025-05-02 22:13:01 - INFO - [_wait_until_next_iteration] [N/A] ⏳ Sleeping for 58.98 seconds before the next cycle
2025-05-02 22:14:00 - DEBUG - [_process_strategies] [N/A] ⏱ Skipping VWAP_diff_signal_1700, not yet time (every 5m)
2025-05-02 22:14:00 - DEBUG - [_process_strategies] [N/A] ⏱ Skipping VWAP_diff_signal_rsi_1700, not yet time (every 5m)
2025-05-02 22:14:00 - DEBUG - [_process_strategies] [N/A] ⏱ Skipping EMA_Cross_ema50, not yet time (every 5m)
2025-05-02 22:14:00 - DEBUG - [_process_strategies] [N/A] ⏱ Skipping EMA_Cross_candle, not yet time (every 5m)
2025-05-02 22:14:00 - DEBUG - [_process_strategies] [N/A] ⏱ Skipping SMA_Cross_sma50, not yet time (every 5m)
2025-05-02 22:14:00 - DEBUG - [_process_strategies] [N/A] ⏱ Skipping VWAP_diff_signal_1700_volume, not yet time (every 5m)
2025-05-02 22:14:00 - DEBUG - [_process_strategies] [N/A] ⏱ Skipping SMA_Cross_candle, not yet time (every 5m)
2025-05-02 22:14:00 - INFO - [_update_active_orders_and_telegram] [N/A] 📊 Updating SL/TP for active orders
2025-05-02 22:14:01 - INFO - [_wait_until_next_iteration] [N/A] ⏳ Sleeping for 58.93 seconds before the next cycle
2025-05-02 22:15:00 - INFO - [_run_strategy_if_applicable] [N/A] ⏰ Strategy 'VWAP_diff_signal_1700' not executed because it's outside the time window: 17:30:00 - 19:00:00
2025-05-02 22:15:00 - INFO - [_run_strategy_if_applicable] [N/A] ⏰ Strategy 'VWAP_diff_signal_rsi_1700' not executed because it's outside the time window: 17:30:00 - 19:00:00
2025-05-02 22:15:00 - INFO - [_run_strategy_if_applicable] [N/A] ⏰ Strategy 'EMA_Cross_ema50' not executed because it's outside the time window: 16:35:00 - 16:50:00
2025-05-02 22:15:00 - INFO - [_run_strategy_if_applicable] [N/A] ⏰ Strategy 'EMA_Cross_candle' not executed because it's outside the time window: 16:35:00 - 16:50:00
2025-05-02 22:15:00 - INFO - [_run_strategy_if_applicable] [N/A] ⏰ Strategy 'SMA_Cross_sma50' not executed because it's outside the time window: 16:35:00 - 16:50:00
2025-05-02 22:15:00 - INFO - [_run_strategy_if_applicable] [N/A] ⏰ Strategy 'VWAP_diff_signal_1700_volume' not executed because it's outside the time window: 17:30:00 - 19:00:00
2025-05-02 22:15:00 - INFO - [_run_strategy_if_applicable] [N/A] ⏰ Strategy 'SMA_Cross_candle' not executed because it's outside the time window: 16:35:00 - 16:50:00
2025-05-02 22:15:00 - INFO - [_update_active_orders_and_telegram] [N/A] 📊 Updating SL/TP for active orders
2025-05-02 22:15:01 - INFO - [_wait_until_next_iteration] [N/A] ⏳ Sleeping for 58.93 seconds before the next cycle
2025-05-02 22:16:00 - DEBUG - [_process_strategies] [N/A] ⏱ Skipping VWAP_diff_signal_1700, not yet time (every 5m)
2025-05-02 22:16:00 - DEBUG - [_process_strategies] [N/A] ⏱ Skipping VWAP_diff_signal_rsi_1700, not yet time (every 5m)
2025-05-02 22:16:00 - DEBUG - [_process_strategies] [N/A] ⏱ Skipping EMA_Cross_ema50, not yet time (every 5m)
2025-05-02 22:16:00 - DEBUG - [_process_strategies] [N/A] ⏱ Skipping EMA_Cross_candle, not yet time (every 5m)
2025-05-02 22:16:00 - DEBUG - [_process_strategies] [N/A] ⏱ Skipping SMA_Cross_sma50, not yet time (every 5m)
2025-05-02 22:16:00 - DEBUG - [_process_strategies] [N/A] ⏱ Skipping VWAP_diff_signal_1700_volume, not yet time (every 5m)
2025-05-02 22:16:00 - DEBUG - [_process_strategies] [N/A] ⏱ Skipping SMA_Cross_candle, not yet time (every 5m)
2025-05-02 22:16:00 - INFO - [_update_active_orders_and_telegram] [N/A] 📊 Updating SL/TP for active orders
2025-05-02 22:16:01 - INFO - [_wait_until_next_iteration] [N/A] ⏳ Sleeping for 58.92 seconds before the next cycle
2025-05-02 22:17:00 - DEBUG - [_process_strategies] [N/A] ⏱ Skipping VWAP_diff_signal_1700, not yet time (every 5m)
2025-05-02 22:17:00 - DEBUG - [_process_strategies] [N/A] ⏱ Skipping VWAP_diff_signal_rsi_1700, not yet time (every 5m)
2025-05-02 22:17:00 - DEBUG - [_process_strategies] [N/A] ⏱ Skipping EMA_Cross_ema50, not yet time (every 5m)
2025-05-02 22:17:00 - DEBUG - [_process_strategies] [N/A] ⏱ Skipping EMA_Cross_candle, not yet time (every 5m)
2025-05-02 22:17:00 - DEBUG - [_process_strategies] [N/A] ⏱ Skipping SMA_Cross_sma50, not yet time (every 5m)
2025-05-02 22:17:00 - DEBUG - [_process_strategies] [N/A] ⏱ Skipping VWAP_diff_signal_1700_volume, not yet time (every 5m)
2025-05-02 22:17:00 - DEBUG - [_process_strategies] [N/A] ⏱ Skipping SMA_Cross_candle, not yet time (every 5m)
2025-05-02 22:17:00 - INFO - [_update_active_orders_and_telegram] [N/A] 📊 Updating SL/TP for active orders
2025-05-02 22:17:01 - INFO - [_wait_until_next_iteration] [N/A] ⏳ Sleeping for 58.97 seconds before the next cycle
2025-05-02 22:18:00 - DEBUG - [_process_strategies] [N/A] ⏱ Skipping VWAP_diff_signal_1700, not yet time (every 5m)
2025-05-02 22:18:00 - DEBUG - [_process_strategies] [N/A] ⏱ Skipping VWAP_diff_signal_rsi_1700, not yet time (every 5m)
2025-05-02 22:18:00 - DEBUG - [_process_strategies] [N/A] ⏱ Skipping EMA_Cross_ema50, not yet time (every 5m)
2025-05-02 22:18:00 - DEBUG - [_process_strategies] [N/A] ⏱ Skipping EMA_Cross_candle, not yet time (every 5m)
2025-05-02 22:18:00 - DEBUG - [_process_strategies] [N/A] ⏱ Skipping SMA_Cross_sma50, not yet time (every 5m)
2025-05-02 22:18:00 - DEBUG - [_process_strategies] [N/A] ⏱ Skipping VWAP_diff_signal_1700_volume, not yet time (every 5m)
2025-05-02 22:18:00 - DEBUG - [_process_strategies] [N/A] ⏱ Skipping SMA_Cross_candle, not yet time (every 5m)
2025-05-02 22:18:00 - INFO - [_update_active_orders_and_telegram] [N/A] 📊 Updating SL/TP for active orders
2025-05-02 22:18:01 - INFO - [_wait_until_next_iteration] [N/A] ⏳ Sleeping for 58.94 seconds before the next cycle
2025-05-02 22:19:00 - DEBUG - [_process_strategies] [N/A] ⏱ Skipping VWAP_diff_signal_1700, not yet time (every 5m)
2025-05-02 22:19:00 - DEBUG - [_process_strategies] [N/A] ⏱ Skipping VWAP_diff_signal_rsi_1700, not yet time (every 5m)
2025-05-02 22:19:00 - DEBUG - [_process_strategies] [N/A] ⏱ Skipping EMA_Cross_ema50, not yet time (every 5m)
2025-05-02 22:19:00 - DEBUG - [_process_strategies] [N/A] ⏱ Skipping EMA_Cross_candle, not yet time (every 5m)
2025-05-02 22:19:00 - DEBUG - [_process_strategies] [N/A] ⏱ Skipping SMA_Cross_sma50, not yet time (every 5m)
2025-05-02 22:19:00 - DEBUG - [_process_strategies] [N/A] ⏱ Skipping VWAP_diff_signal_1700_volume, not yet time (every 5m)
2025-05-02 22:19:00 - DEBUG - [_process_strategies] [N/A] ⏱ Skipping SMA_Cross_candle, not yet time (every 5m)
2025-05-02 22:19:00 - INFO - [_update_active_orders_and_telegram] [N/A] 📊 Updating SL/TP for active orders
2025-05-02 22:19:01 - INFO - [_wait_until_next_iteration] [N/A] ⏳ Sleeping for 58.95 seconds before the next cycle
2025-05-02 22:20:00 - INFO - [_run_strategy_if_applicable] [N/A] ⏰ Strategy 'VWAP_diff_signal_1700' not executed because it's outside the time window: 17:30:00 - 19:00:00
2025-05-02 22:20:00 - INFO - [_run_strategy_if_applicable] [N/A] ⏰ Strategy 'VWAP_diff_signal_rsi_1700' not executed because it's outside the time window: 17:30:00 - 19:00:00
2025-05-02 22:20:00 - INFO - [_run_strategy_if_applicable] [N/A] ⏰ Strategy 'EMA_Cross_ema50' not executed because it's outside the time window: 16:35:00 - 16:50:00
2025-05-02 22:20:00 - INFO - [_run_strategy_if_applicable] [N/A] ⏰ Strategy 'EMA_Cross_candle' not executed because it's outside the time window: 16:35:00 - 16:50:00
2025-05-02 22:20:00 - INFO - [_run_strategy_if_applicable] [N/A] ⏰ Strategy 'SMA_Cross_sma50' not executed because it's outside the time window: 16:35:00 - 16:50:00
2025-05-02 22:20:00 - INFO - [_run_strategy_if_applicable] [N/A] ⏰ Strategy 'VWAP_diff_signal_1700_volume' not executed because it's outside the time window: 17:30:00 - 19:00:00
2025-05-02 22:20:00 - INFO - [_run_strategy_if_applicable] [N/A] ⏰ Strategy 'SMA_Cross_candle' not executed because it's outside the time window: 16:35:00 - 16:50:00
2025-05-02 22:20:00 - INFO - [_update_active_orders_and_telegram] [N/A] 📊 Updating SL/TP for active orders
2025-05-02 22:20:01 - INFO - [_wait_until_next_iteration] [N/A] ⏳ Sleeping for 58.93 seconds before the next cycle
2025-05-02 22:21:00 - DEBUG - [_process_strategies] [N/A] ⏱ Skipping VWAP_diff_signal_1700, not yet time (every 5m)
2025-05-02 22:21:00 - DEBUG - [_process_strategies] [N/A] ⏱ Skipping VWAP_diff_signal_rsi_1700, not yet time (every 5m)
2025-05-02 22:21:00 - DEBUG - [_process_strategies] [N/A] ⏱ Skipping EMA_Cross_ema50, not yet time (every 5m)
2025-05-02 22:21:00 - DEBUG - [_process_strategies] [N/A] ⏱ Skipping EMA_Cross_candle, not yet time (every 5m)
2025-05-02 22:21:00 - DEBUG - [_process_strategies] [N/A] ⏱ Skipping SMA_Cross_sma50, not yet time (every 5m)
2025-05-02 22:21:00 - DEBUG - [_process_strategies] [N/A] ⏱ Skipping VWAP_diff_signal_1700_volume, not yet time (every 5m)
2025-05-02 22:21:00 - DEBUG - [_process_strategies] [N/A] ⏱ Skipping SMA_Cross_candle, not yet time (every 5m)
2025-05-02 22:21:00 - INFO - [_update_active_orders_and_telegram] [N/A] 📊 Updating SL/TP for active orders
2025-05-02 22:21:01 - INFO - [_wait_until_next_iteration] [N/A] ⏳ Sleeping for 58.93 seconds before the next cycle
2025-05-02 22:22:00 - DEBUG - [_process_strategies] [N/A] ⏱ Skipping VWAP_diff_signal_1700, not yet time (every 5m)
2025-05-02 22:22:00 - DEBUG - [_process_strategies] [N/A] ⏱ Skipping VWAP_diff_signal_rsi_1700, not yet time (every 5m)
2025-05-02 22:22:00 - DEBUG - [_process_strategies] [N/A] ⏱ Skipping EMA_Cross_ema50, not yet time (every 5m)
2025-05-02 22:22:00 - DEBUG - [_process_strategies] [N/A] ⏱ Skipping EMA_Cross_candle, not yet time (every 5m)
2025-05-02 22:22:00 - DEBUG - [_process_strategies] [N/A] ⏱ Skipping SMA_Cross_sma50, not yet time (every 5m)
2025-05-02 22:22:00 - DEBUG - [_process_strategies] [N/A] ⏱ Skipping VWAP_diff_signal_1700_volume, not yet time (every 5m)
2025-05-02 22:22:00 - DEBUG - [_process_strategies] [N/A] ⏱ Skipping SMA_Cross_candle, not yet time (every 5m)
2025-05-02 22:22:00 - INFO - [_update_active_orders_and_telegram] [N/A] 📊 Updating SL/TP for active orders
2025-05-02 22:22:01 - INFO - [_wait_until_next_iteration] [N/A] ⏳ Sleeping for 58.95 seconds before the next cycle
2025-05-02 22:23:00 - DEBUG - [_process_strategies] [N/A] ⏱ Skipping VWAP_diff_signal_1700, not yet time (every 5m)
2025-05-02 22:23:00 - DEBUG - [_process_strategies] [N/A] ⏱ Skipping VWAP_diff_signal_rsi_1700, not yet time (every 5m)
2025-05-02 22:23:00 - DEBUG - [_process_strategies] [N/A] ⏱ Skipping EMA_Cross_ema50, not yet time (every 5m)
2025-05-02 22:23:00 - DEBUG - [_process_strategies] [N/A] ⏱ Skipping EMA_Cross_candle, not yet time (every 5m)
2025-05-02 22:23:00 - DEBUG - [_process_strategies] [N/A] ⏱ Skipping SMA_Cross_sma50, not yet time (every 5m)
2025-05-02 22:23:00 - DEBUG - [_process_strategies] [N/A] ⏱ Skipping VWAP_diff_signal_1700_volume, not yet time (every 5m)
2025-05-02 22:23:00 - DEBUG - [_process_strategies] [N/A] ⏱ Skipping SMA_Cross_candle, not yet time (every 5m)
2025-05-02 22:23:00 - INFO - [_update_active_orders_and_telegram] [N/A] 📊 Updating SL/TP for active orders
2025-05-02 22:23:01 - INFO - [_wait_until_next_iteration] [N/A] ⏳ Sleeping for 58.93 seconds before the next cycle
2025-05-02 22:24:00 - DEBUG - [_process_strategies] [N/A] ⏱ Skipping VWAP_diff_signal_1700, not yet time (every 5m)
2025-05-02 22:24:00 - DEBUG - [_process_strategies] [N/A] ⏱ Skipping VWAP_diff_signal_rsi_1700, not yet time (every 5m)
2025-05-02 22:24:00 - DEBUG - [_process_strategies] [N/A] ⏱ Skipping EMA_Cross_ema50, not yet time (every 5m)
2025-05-02 22:24:00 - DEBUG - [_process_strategies] [N/A] ⏱ Skipping EMA_Cross_candle, not yet time (every 5m)
2025-05-02 22:24:00 - DEBUG - [_process_strategies] [N/A] ⏱ Skipping SMA_Cross_sma50, not yet time (every 5m)
2025-05-02 22:24:00 - DEBUG - [_process_strategies] [N/A] ⏱ Skipping VWAP_diff_signal_1700_volume, not yet time (every 5m)
2025-05-02 22:24:00 - DEBUG - [_process_strategies] [N/A] ⏱ Skipping SMA_Cross_candle, not yet time (every 5m)
2025-05-02 22:24:00 - INFO - [_update_active_orders_and_telegram] [N/A] 📊 Updating SL/TP for active orders
2025-05-02 22:24:01 - INFO - [_wait_until_next_iteration] [N/A] ⏳ Sleeping for 58.93 seconds before the next cycle
2025-05-02 22:25:00 - INFO - [_run_strategy_if_applicable] [N/A] ⏰ Strategy 'VWAP_diff_signal_1700' not executed because it's outside the time window: 17:30:00 - 19:00:00
2025-05-02 22:25:00 - INFO - [_run_strategy_if_applicable] [N/A] ⏰ Strategy 'VWAP_diff_signal_rsi_1700' not executed because it's outside the time window: 17:30:00 - 19:00:00
2025-05-02 22:25:00 - INFO - [_run_strategy_if_applicable] [N/A] ⏰ Strategy 'EMA_Cross_ema50' not executed because it's outside the time window: 16:35:00 - 16:50:00
2025-05-02 22:25:00 - INFO - [_run_strategy_if_applicable] [N/A] ⏰ Strategy 'EMA_Cross_candle' not executed because it's outside the time window: 16:35:00 - 16:50:00
2025-05-02 22:25:00 - INFO - [_run_strategy_if_applicable] [N/A] ⏰ Strategy 'SMA_Cross_sma50' not executed because it's outside the time window: 16:35:00 - 16:50:00
2025-05-02 22:25:00 - INFO - [_run_strategy_if_applicable] [N/A] ⏰ Strategy 'VWAP_diff_signal_1700_volume' not executed because it's outside the time window: 17:30:00 - 19:00:00
2025-05-02 22:25:00 - INFO - [_run_strategy_if_applicable] [N/A] ⏰ Strategy 'SMA_Cross_candle' not executed because it's outside the time window: 16:35:00 - 16:50:00
2025-05-02 22:25:00 - INFO - [_update_active_orders_and_telegram] [N/A] 📊 Updating SL/TP for active orders
2025-05-02 22:25:01 - INFO - [_wait_until_next_iteration] [N/A] ⏳ Sleeping for 58.94 seconds before the next cycle
2025-05-02 22:26:00 - DEBUG - [_process_strategies] [N/A] ⏱ Skipping VWAP_diff_signal_1700, not yet time (every 5m)
2025-05-02 22:26:00 - DEBUG - [_process_strategies] [N/A] ⏱ Skipping VWAP_diff_signal_rsi_1700, not yet time (every 5m)
2025-05-02 22:26:00 - DEBUG - [_process_strategies] [N/A] ⏱ Skipping EMA_Cross_ema50, not yet time (every 5m)
2025-05-02 22:26:00 - DEBUG - [_process_strategies] [N/A] ⏱ Skipping EMA_Cross_candle, not yet time (every 5m)
2025-05-02 22:26:00 - DEBUG - [_process_strategies] [N/A] ⏱ Skipping SMA_Cross_sma50, not yet time (every 5m)
2025-05-02 22:26:00 - DEBUG - [_process_strategies] [N/A] ⏱ Skipping VWAP_diff_signal_1700_volume, not yet time (every 5m)
2025-05-02 22:26:00 - DEBUG - [_process_strategies] [N/A] ⏱ Skipping SMA_Cross_candle, not yet time (every 5m)
2025-05-02 22:26:00 - INFO - [_update_active_orders_and_telegram] [N/A] 📊 Updating SL/TP for active orders
2025-05-02 22:26:01 - INFO - [_wait_until_next_iteration] [N/A] ⏳ Sleeping for 58.97 seconds before the next cycle
2025-05-02 22:27:00 - DEBUG - [_process_strategies] [N/A] ⏱ Skipping VWAP_diff_signal_1700, not yet time (every 5m)
2025-05-02 22:27:00 - DEBUG - [_process_strategies] [N/A] ⏱ Skipping VWAP_diff_signal_rsi_1700, not yet time (every 5m)
2025-05-02 22:27:00 - DEBUG - [_process_strategies] [N/A] ⏱ Skipping EMA_Cross_ema50, not yet time (every 5m)
2025-05-02 22:27:00 - DEBUG - [_process_strategies] [N/A] ⏱ Skipping EMA_Cross_candle, not yet time (every 5m)
2025-05-02 22:27:00 - DEBUG - [_process_strategies] [N/A] ⏱ Skipping SMA_Cross_sma50, not yet time (every 5m)
2025-05-02 22:27:00 - DEBUG - [_process_strategies] [N/A] ⏱ Skipping VWAP_diff_signal_1700_volume, not yet time (every 5m)
2025-05-02 22:27:00 - DEBUG - [_process_strategies] [N/A] ⏱ Skipping SMA_Cross_candle, not yet time (every 5m)
2025-05-02 22:27:00 - INFO - [_update_active_orders_and_telegram] [N/A] 📊 Updating SL/TP for active orders
2025-05-02 22:27:01 - INFO - [_wait_until_next_iteration] [N/A] ⏳ Sleeping for 58.93 seconds before the next cycle
2025-05-02 22:28:00 - DEBUG - [_process_strategies] [N/A] ⏱ Skipping VWAP_diff_signal_1700, not yet time (every 5m)
2025-05-02 22:28:00 - DEBUG - [_process_strategies] [N/A] ⏱ Skipping VWAP_diff_signal_rsi_1700, not yet time (every 5m)
2025-05-02 22:28:00 - DEBUG - [_process_strategies] [N/A] ⏱ Skipping EMA_Cross_ema50, not yet time (every 5m)
2025-05-02 22:28:00 - DEBUG - [_process_strategies] [N/A] ⏱ Skipping EMA_Cross_candle, not yet time (every 5m)
2025-05-02 22:28:00 - DEBUG - [_process_strategies] [N/A] ⏱ Skipping SMA_Cross_sma50, not yet time (every 5m)
2025-05-02 22:28:00 - DEBUG - [_process_strategies] [N/A] ⏱ Skipping VWAP_diff_signal_1700_volume, not yet time (every 5m)
2025-05-02 22:28:00 - DEBUG - [_process_strategies] [N/A] ⏱ Skipping SMA_Cross_candle, not yet time (every 5m)
2025-05-02 22:28:00 - INFO - [_update_active_orders_and_telegram] [N/A] 📊 Updating SL/TP for active orders
2025-05-02 22:28:01 - INFO - [_wait_until_next_iteration] [N/A] ⏳ Sleeping for 58.94 seconds before the next cycle
2025-05-02 22:29:00 - DEBUG - [_process_strategies] [N/A] ⏱ Skipping VWAP_diff_signal_1700, not yet time (every 5m)
2025-05-02 22:29:00 - DEBUG - [_process_strategies] [N/A] ⏱ Skipping VWAP_diff_signal_rsi_1700, not yet time (every 5m)
2025-05-02 22:29:00 - DEBUG - [_process_strategies] [N/A] ⏱ Skipping EMA_Cross_ema50, not yet time (every 5m)
2025-05-02 22:29:00 - DEBUG - [_process_strategies] [N/A] ⏱ Skipping EMA_Cross_candle, not yet time (every 5m)
2025-05-02 22:29:00 - DEBUG - [_process_strategies] [N/A] ⏱ Skipping SMA_Cross_sma50, not yet time (every 5m)
2025-05-02 22:29:00 - DEBUG - [_process_strategies] [N/A] ⏱ Skipping VWAP_diff_signal_1700_volume, not yet time (every 5m)
2025-05-02 22:29:00 - DEBUG - [_process_strategies] [N/A] ⏱ Skipping SMA_Cross_candle, not yet time (every 5m)
2025-05-02 22:29:00 - INFO - [_update_active_orders_and_telegram] [N/A] 📊 Updating SL/TP for active orders
2025-05-02 22:29:01 - INFO - [_wait_until_next_iteration] [N/A] ⏳ Sleeping for 58.93 seconds before the next cycle
2025-05-02 22:30:00 - INFO - [_run_strategy_if_applicable] [N/A] ⏰ Strategy 'VWAP_diff_signal_1700' not executed because it's outside the time window: 17:30:00 - 19:00:00
2025-05-02 22:30:00 - INFO - [_run_strategy_if_applicable] [N/A] ⏰ Strategy 'VWAP_diff_signal_rsi_1700' not executed because it's outside the time window: 17:30:00 - 19:00:00
2025-05-02 22:30:00 - INFO - [_run_strategy_if_applicable] [N/A] ⏰ Strategy 'EMA_Cross_ema50' not executed because it's outside the time window: 16:35:00 - 16:50:00
2025-05-02 22:30:00 - INFO - [_run_strategy_if_applicable] [N/A] ⏰ Strategy 'EMA_Cross_candle' not executed because it's outside the time window: 16:35:00 - 16:50:00
2025-05-02 22:30:00 - INFO - [_run_strategy_if_applicable] [N/A] ⏰ Strategy 'SMA_Cross_sma50' not executed because it's outside the time window: 16:35:00 - 16:50:00
2025-05-02 22:30:00 - INFO - [_run_strategy_if_applicable] [N/A] ⏰ Strategy 'VWAP_diff_signal_1700_volume' not executed because it's outside the time window: 17:30:00 - 19:00:00
2025-05-02 22:30:00 - INFO - [_run_strategy_if_applicable] [N/A] ⏰ Strategy 'SMA_Cross_candle' not executed because it's outside the time window: 16:35:00 - 16:50:00
2025-05-02 22:30:00 - INFO - [_update_active_orders_and_telegram] [N/A] 📊 Updating SL/TP for active orders
2025-05-02 22:30:01 - INFO - [_wait_until_next_iteration] [N/A] ⏳ Sleeping for 58.92 seconds before the next cycle
2025-05-02 22:31:00 - DEBUG - [_process_strategies] [N/A] ⏱ Skipping VWAP_diff_signal_1700, not yet time (every 5m)
2025-05-02 22:31:00 - DEBUG - [_process_strategies] [N/A] ⏱ Skipping VWAP_diff_signal_rsi_1700, not yet time (every 5m)
2025-05-02 22:31:00 - DEBUG - [_process_strategies] [N/A] ⏱ Skipping EMA_Cross_ema50, not yet time (every 5m)
2025-05-02 22:31:00 - DEBUG - [_process_strategies] [N/A] ⏱ Skipping EMA_Cross_candle, not yet time (every 5m)
2025-05-02 22:31:00 - DEBUG - [_process_strategies] [N/A] ⏱ Skipping SMA_Cross_sma50, not yet time (every 5m)
2025-05-02 22:31:00 - DEBUG - [_process_strategies] [N/A] ⏱ Skipping VWAP_diff_signal_1700_volume, not yet time (every 5m)
2025-05-02 22:31:00 - DEBUG - [_process_strategies] [N/A] ⏱ Skipping SMA_Cross_candle, not yet time (every 5m)
2025-05-02 22:31:00 - INFO - [_update_active_orders_and_telegram] [N/A] 📊 Updating SL/TP for active orders
2025-05-02 22:31:01 - INFO - [_wait_until_next_iteration] [N/A] ⏳ Sleeping for 58.93 seconds before the next cycle
2025-05-02 22:32:00 - DEBUG - [_process_strategies] [N/A] ⏱ Skipping VWAP_diff_signal_1700, not yet time (every 5m)
2025-05-02 22:32:00 - DEBUG - [_process_strategies] [N/A] ⏱ Skipping VWAP_diff_signal_rsi_1700, not yet time (every 5m)
2025-05-02 22:32:00 - DEBUG - [_process_strategies] [N/A] ⏱ Skipping EMA_Cross_ema50, not yet time (every 5m)
2025-05-02 22:32:00 - DEBUG - [_process_strategies] [N/A] ⏱ Skipping EMA_Cross_candle, not yet time (every 5m)
2025-05-02 22:32:00 - DEBUG - [_process_strategies] [N/A] ⏱ Skipping SMA_Cross_sma50, not yet time (every 5m)
2025-05-02 22:32:00 - DEBUG - [_process_strategies] [N/A] ⏱ Skipping VWAP_diff_signal_1700_volume, not yet time (every 5m)
2025-05-02 22:32:00 - DEBUG - [_process_strategies] [N/A] ⏱ Skipping SMA_Cross_candle, not yet time (every 5m)
2025-05-02 22:32:00 - INFO - [_update_active_orders_and_telegram] [N/A] 📊 Updating SL/TP for active orders
2025-05-02 22:32:01 - INFO - [_wait_until_next_iteration] [N/A] ⏳ Sleeping for 58.95 seconds before the next cycle
2025-05-02 22:33:00 - DEBUG - [_process_strategies] [N/A] ⏱ Skipping VWAP_diff_signal_1700, not yet time (every 5m)
2025-05-02 22:33:00 - DEBUG - [_process_strategies] [N/A] ⏱ Skipping VWAP_diff_signal_rsi_1700, not yet time (every 5m)
2025-05-02 22:33:00 - DEBUG - [_process_strategies] [N/A] ⏱ Skipping EMA_Cross_ema50, not yet time (every 5m)
2025-05-02 22:33:00 - DEBUG - [_process_strategies] [N/A] ⏱ Skipping EMA_Cross_candle, not yet time (every 5m)
2025-05-02 22:33:00 - DEBUG - [_process_strategies] [N/A] ⏱ Skipping SMA_Cross_sma50, not yet time (every 5m)
2025-05-02 22:33:00 - DEBUG - [_process_strategies] [N/A] ⏱ Skipping VWAP_diff_signal_1700_volume, not yet time (every 5m)
2025-05-02 22:33:00 - DEBUG - [_process_strategies] [N/A] ⏱ Skipping SMA_Cross_candle, not yet time (every 5m)
2025-05-02 22:33:00 - INFO - [_update_active_orders_and_telegram] [N/A] 📊 Updating SL/TP for active orders
2025-05-02 22:33:01 - INFO - [_wait_until_next_iteration] [N/A] ⏳ Sleeping for 58.93 seconds before the next cycle
2025-05-02 22:34:00 - DEBUG - [_process_strategies] [N/A] ⏱ Skipping VWAP_diff_signal_1700, not yet time (every 5m)
2025-05-02 22:34:00 - DEBUG - [_process_strategies] [N/A] ⏱ Skipping VWAP_diff_signal_rsi_1700, not yet time (every 5m)
2025-05-02 22:34:00 - DEBUG - [_process_strategies] [N/A] ⏱ Skipping EMA_Cross_ema50, not yet time (every 5m)
2025-05-02 22:34:00 - DEBUG - [_process_strategies] [N/A] ⏱ Skipping EMA_Cross_candle, not yet time (every 5m)
2025-05-02 22:34:00 - DEBUG - [_process_strategies] [N/A] ⏱ Skipping SMA_Cross_sma50, not yet time (every 5m)
2025-05-02 22:34:00 - DEBUG - [_process_strategies] [N/A] ⏱ Skipping VWAP_diff_signal_1700_volume, not yet time (every 5m)
2025-05-02 22:34:00 - DEBUG - [_process_strategies] [N/A] ⏱ Skipping SMA_Cross_candle, not yet time (every 5m)
2025-05-02 22:34:00 - INFO - [_update_active_orders_and_telegram] [N/A] 📊 Updating SL/TP for active orders
2025-05-02 22:34:01 - INFO - [_wait_until_next_iteration] [N/A] ⏳ Sleeping for 58.95 seconds before the next cycle
2025-05-02 22:35:00 - INFO - [_run_strategy_if_applicable] [N/A] ⏰ Strategy 'VWAP_diff_signal_1700' not executed because it's outside the time window: 17:30:00 - 19:00:00
2025-05-02 22:35:00 - INFO - [_run_strategy_if_applicable] [N/A] ⏰ Strategy 'VWAP_diff_signal_rsi_1700' not executed because it's outside the time window: 17:30:00 - 19:00:00
2025-05-02 22:35:00 - INFO - [_run_strategy_if_applicable] [N/A] ⏰ Strategy 'EMA_Cross_ema50' not executed because it's outside the time window: 16:35:00 - 16:50:00
2025-05-02 22:35:00 - INFO - [_run_strategy_if_applicable] [N/A] ⏰ Strategy 'EMA_Cross_candle' not executed because it's outside the time window: 16:35:00 - 16:50:00
2025-05-02 22:35:00 - INFO - [_run_strategy_if_applicable] [N/A] ⏰ Strategy 'SMA_Cross_sma50' not executed because it's outside the time window: 16:35:00 - 16:50:00
2025-05-02 22:35:00 - INFO - [_run_strategy_if_applicable] [N/A] ⏰ Strategy 'VWAP_diff_signal_1700_volume' not executed because it's outside the time window: 17:30:00 - 19:00:00
2025-05-02 22:35:00 - INFO - [_run_strategy_if_applicable] [N/A] ⏰ Strategy 'SMA_Cross_candle' not executed because it's outside the time window: 16:35:00 - 16:50:00
2025-05-02 22:35:00 - INFO - [_update_active_orders_and_telegram] [N/A] 📊 Updating SL/TP for active orders
2025-05-02 22:35:01 - INFO - [_wait_until_next_iteration] [N/A] ⏳ Sleeping for 58.94 seconds before the next cycle
2025-05-02 22:36:00 - DEBUG - [_process_strategies] [N/A] ⏱ Skipping VWAP_diff_signal_1700, not yet time (every 5m)
2025-05-02 22:36:00 - DEBUG - [_process_strategies] [N/A] ⏱ Skipping VWAP_diff_signal_rsi_1700, not yet time (every 5m)
2025-05-02 22:36:00 - DEBUG - [_process_strategies] [N/A] ⏱ Skipping EMA_Cross_ema50, not yet time (every 5m)
2025-05-02 22:36:00 - DEBUG - [_process_strategies] [N/A] ⏱ Skipping EMA_Cross_candle, not yet time (every 5m)
2025-05-02 22:36:00 - DEBUG - [_process_strategies] [N/A] ⏱ Skipping SMA_Cross_sma50, not yet time (every 5m)
2025-05-02 22:36:00 - DEBUG - [_process_strategies] [N/A] ⏱ Skipping VWAP_diff_signal_1700_volume, not yet time (every 5m)
2025-05-02 22:36:00 - DEBUG - [_process_strategies] [N/A] ⏱ Skipping SMA_Cross_candle, not yet time (every 5m)
2025-05-02 22:36:00 - INFO - [_update_active_orders_and_telegram] [N/A] 📊 Updating SL/TP for active orders
2025-05-02 22:36:01 - INFO - [_wait_until_next_iteration] [N/A] ⏳ Sleeping for 58.92 seconds before the next cycle
2025-05-02 22:37:00 - DEBUG - [_process_strategies] [N/A] ⏱ Skipping VWAP_diff_signal_1700, not yet time (every 5m)
2025-05-02 22:37:00 - DEBUG - [_process_strategies] [N/A] ⏱ Skipping VWAP_diff_signal_rsi_1700, not yet time (every 5m)
2025-05-02 22:37:00 - DEBUG - [_process_strategies] [N/A] ⏱ Skipping EMA_Cross_ema50, not yet time (every 5m)
2025-05-02 22:37:00 - DEBUG - [_process_strategies] [N/A] ⏱ Skipping EMA_Cross_candle, not yet time (every 5m)
2025-05-02 22:37:00 - DEBUG - [_process_strategies] [N/A] ⏱ Skipping SMA_Cross_sma50, not yet time (every 5m)
2025-05-02 22:37:00 - DEBUG - [_process_strategies] [N/A] ⏱ Skipping VWAP_diff_signal_1700_volume, not yet time (every 5m)
2025-05-02 22:37:00 - DEBUG - [_process_strategies] [N/A] ⏱ Skipping SMA_Cross_candle, not yet time (every 5m)
2025-05-02 22:37:00 - INFO - [_update_active_orders_and_telegram] [N/A] 📊 Updating SL/TP for active orders
2025-05-02 22:37:01 - INFO - [_wait_until_next_iteration] [N/A] ⏳ Sleeping for 58.93 seconds before the next cycle
2025-05-02 22:38:00 - DEBUG - [_process_strategies] [N/A] ⏱ Skipping VWAP_diff_signal_1700, not yet time (every 5m)
2025-05-02 22:38:00 - DEBUG - [_process_strategies] [N/A] ⏱ Skipping VWAP_diff_signal_rsi_1700, not yet time (every 5m)
2025-05-02 22:38:00 - DEBUG - [_process_strategies] [N/A] ⏱ Skipping EMA_Cross_ema50, not yet time (every 5m)
2025-05-02 22:38:00 - DEBUG - [_process_strategies] [N/A] ⏱ Skipping EMA_Cross_candle, not yet time (every 5m)
2025-05-02 22:38:00 - DEBUG - [_process_strategies] [N/A] ⏱ Skipping SMA_Cross_sma50, not yet time (every 5m)
2025-05-02 22:38:00 - DEBUG - [_process_strategies] [N/A] ⏱ Skipping VWAP_diff_signal_1700_volume, not yet time (every 5m)
2025-05-02 22:38:00 - DEBUG - [_process_strategies] [N/A] ⏱ Skipping SMA_Cross_candle, not yet time (every 5m)
2025-05-02 22:38:00 - INFO - [_update_active_orders_and_telegram] [N/A] 📊 Updating SL/TP for active orders
2025-05-02 22:38:01 - INFO - [_wait_until_next_iteration] [N/A] ⏳ Sleeping for 58.93 seconds before the next cycle
2025-05-02 22:39:00 - DEBUG - [_process_strategies] [N/A] ⏱ Skipping VWAP_diff_signal_1700, not yet time (every 5m)
2025-05-02 22:39:00 - DEBUG - [_process_strategies] [N/A] ⏱ Skipping VWAP_diff_signal_rsi_1700, not yet time (every 5m)
2025-05-02 22:39:00 - DEBUG - [_process_strategies] [N/A] ⏱ Skipping EMA_Cross_ema50, not yet time (every 5m)
2025-05-02 22:39:00 - DEBUG - [_process_strategies] [N/A] ⏱ Skipping EMA_Cross_candle, not yet time (every 5m)
2025-05-02 22:39:00 - DEBUG - [_process_strategies] [N/A] ⏱ Skipping SMA_Cross_sma50, not yet time (every 5m)
2025-05-02 22:39:00 - DEBUG - [_process_strategies] [N/A] ⏱ Skipping VWAP_diff_signal_1700_volume, not yet time (every 5m)
2025-05-02 22:39:00 - DEBUG - [_process_strategies] [N/A] ⏱ Skipping SMA_Cross_candle, not yet time (every 5m)
2025-05-02 22:39:00 - INFO - [_update_active_orders_and_telegram] [N/A] 📊 Updating SL/TP for active orders
2025-05-02 22:39:01 - INFO - [_wait_until_next_iteration] [N/A] ⏳ Sleeping for 58.93 seconds before the next cycle
2025-05-02 22:40:00 - INFO - [_run_strategy_if_applicable] [N/A] ⏰ Strategy 'VWAP_diff_signal_1700' not executed because it's outside the time window: 17:30:00 - 19:00:00
2025-05-02 22:40:00 - INFO - [_run_strategy_if_applicable] [N/A] ⏰ Strategy 'VWAP_diff_signal_rsi_1700' not executed because it's outside the time window: 17:30:00 - 19:00:00
2025-05-02 22:40:00 - INFO - [_run_strategy_if_applicable] [N/A] ⏰ Strategy 'EMA_Cross_ema50' not executed because it's outside the time window: 16:35:00 - 16:50:00
2025-05-02 22:40:00 - INFO - [_run_strategy_if_applicable] [N/A] ⏰ Strategy 'EMA_Cross_candle' not executed because it's outside the time window: 16:35:00 - 16:50:00
2025-05-02 22:40:00 - INFO - [_run_strategy_if_applicable] [N/A] ⏰ Strategy 'SMA_Cross_sma50' not executed because it's outside the time window: 16:35:00 - 16:50:00
2025-05-02 22:40:00 - INFO - [_run_strategy_if_applicable] [N/A] ⏰ Strategy 'VWAP_diff_signal_1700_volume' not executed because it's outside the time window: 17:30:00 - 19:00:00
2025-05-02 22:40:00 - INFO - [_run_strategy_if_applicable] [N/A] ⏰ Strategy 'SMA_Cross_candle' not executed because it's outside the time window: 16:35:00 - 16:50:00
2025-05-02 22:40:00 - INFO - [_update_active_orders_and_telegram] [N/A] 📊 Updating SL/TP for active orders
2025-05-02 22:40:01 - INFO - [_wait_until_next_iteration] [N/A] ⏳ Sleeping for 58.94 seconds before the next cycle
2025-05-02 22:41:00 - DEBUG - [_process_strategies] [N/A] ⏱ Skipping VWAP_diff_signal_1700, not yet time (every 5m)
2025-05-02 22:41:00 - DEBUG - [_process_strategies] [N/A] ⏱ Skipping VWAP_diff_signal_rsi_1700, not yet time (every 5m)
2025-05-02 22:41:00 - DEBUG - [_process_strategies] [N/A] ⏱ Skipping EMA_Cross_ema50, not yet time (every 5m)
2025-05-02 22:41:00 - DEBUG - [_process_strategies] [N/A] ⏱ Skipping EMA_Cross_candle, not yet time (every 5m)
2025-05-02 22:41:00 - DEBUG - [_process_strategies] [N/A] ⏱ Skipping SMA_Cross_sma50, not yet time (every 5m)
2025-05-02 22:41:00 - DEBUG - [_process_strategies] [N/A] ⏱ Skipping VWAP_diff_signal_1700_volume, not yet time (every 5m)
2025-05-02 22:41:00 - DEBUG - [_process_strategies] [N/A] ⏱ Skipping SMA_Cross_candle, not yet time (every 5m)
2025-05-02 22:41:00 - INFO - [_update_active_orders_and_telegram] [N/A] 📊 Updating SL/TP for active orders
2025-05-02 22:41:01 - INFO - [_wait_until_next_iteration] [N/A] ⏳ Sleeping for 58.92 seconds before the next cycle
2025-05-02 22:42:00 - DEBUG - [_process_strategies] [N/A] ⏱ Skipping VWAP_diff_signal_1700, not yet time (every 5m)
2025-05-02 22:42:00 - DEBUG - [_process_strategies] [N/A] ⏱ Skipping VWAP_diff_signal_rsi_1700, not yet time (every 5m)
2025-05-02 22:42:00 - DEBUG - [_process_strategies] [N/A] ⏱ Skipping EMA_Cross_ema50, not yet time (every 5m)
2025-05-02 22:42:00 - DEBUG - [_process_strategies] [N/A] ⏱ Skipping EMA_Cross_candle, not yet time (every 5m)
2025-05-02 22:42:00 - DEBUG - [_process_strategies] [N/A] ⏱ Skipping SMA_Cross_sma50, not yet time (every 5m)
2025-05-02 22:42:00 - DEBUG - [_process_strategies] [N/A] ⏱ Skipping VWAP_diff_signal_1700_volume, not yet time (every 5m)
2025-05-02 22:42:00 - DEBUG - [_process_strategies] [N/A] ⏱ Skipping SMA_Cross_candle, not yet time (every 5m)
2025-05-02 22:42:00 - INFO - [_update_active_orders_and_telegram] [N/A] 📊 Updating SL/TP for active orders
2025-05-02 22:42:01 - INFO - [_wait_until_next_iteration] [N/A] ⏳ Sleeping for 58.96 seconds before the next cycle
2025-05-02 22:43:00 - DEBUG - [_process_strategies] [N/A] ⏱ Skipping VWAP_diff_signal_1700, not yet time (every 5m)
2025-05-02 22:43:00 - DEBUG - [_process_strategies] [N/A] ⏱ Skipping VWAP_diff_signal_rsi_1700, not yet time (every 5m)
2025-05-02 22:43:00 - DEBUG - [_process_strategies] [N/A] ⏱ Skipping EMA_Cross_ema50, not yet time (every 5m)
2025-05-02 22:43:00 - DEBUG - [_process_strategies] [N/A] ⏱ Skipping EMA_Cross_candle, not yet time (every 5m)
2025-05-02 22:43:00 - DEBUG - [_process_strategies] [N/A] ⏱ Skipping SMA_Cross_sma50, not yet time (every 5m)
2025-05-02 22:43:00 - DEBUG - [_process_strategies] [N/A] ⏱ Skipping VWAP_diff_signal_1700_volume, not yet time (every 5m)
2025-05-02 22:43:00 - DEBUG - [_process_strategies] [N/A] ⏱ Skipping SMA_Cross_candle, not yet time (every 5m)
2025-05-02 22:43:00 - INFO - [_update_active_orders_and_telegram] [N/A] 📊 Updating SL/TP for active orders
2025-05-02 22:43:01 - INFO - [_wait_until_next_iteration] [N/A] ⏳ Sleeping for 58.93 seconds before the next cycle
2025-05-02 22:44:00 - DEBUG - [_process_strategies] [N/A] ⏱ Skipping VWAP_diff_signal_1700, not yet time (every 5m)
2025-05-02 22:44:00 - DEBUG - [_process_strategies] [N/A] ⏱ Skipping VWAP_diff_signal_rsi_1700, not yet time (every 5m)
2025-05-02 22:44:00 - DEBUG - [_process_strategies] [N/A] ⏱ Skipping EMA_Cross_ema50, not yet time (every 5m)
2025-05-02 22:44:00 - DEBUG - [_process_strategies] [N/A] ⏱ Skipping EMA_Cross_candle, not yet time (every 5m)
2025-05-02 22:44:00 - DEBUG - [_process_strategies] [N/A] ⏱ Skipping SMA_Cross_sma50, not yet time (every 5m)
2025-05-02 22:44:00 - DEBUG - [_process_strategies] [N/A] ⏱ Skipping VWAP_diff_signal_1700_volume, not yet time (every 5m)
2025-05-02 22:44:00 - DEBUG - [_process_strategies] [N/A] ⏱ Skipping SMA_Cross_candle, not yet time (every 5m)
2025-05-02 22:44:00 - INFO - [_update_active_orders_and_telegram] [N/A] 📊 Updating SL/TP for active orders
2025-05-02 22:44:01 - INFO - [_wait_until_next_iteration] [N/A] ⏳ Sleeping for 58.93 seconds before the next cycle
2025-05-02 22:45:00 - INFO - [_run_strategy_if_applicable] [N/A] ⏰ Strategy 'VWAP_diff_signal_1700' not executed because it's outside the time window: 17:30:00 - 19:00:00
2025-05-02 22:45:00 - INFO - [_run_strategy_if_applicable] [N/A] ⏰ Strategy 'VWAP_diff_signal_rsi_1700' not executed because it's outside the time window: 17:30:00 - 19:00:00
2025-05-02 22:45:00 - INFO - [_run_strategy_if_applicable] [N/A] ⏰ Strategy 'EMA_Cross_ema50' not executed because it's outside the time window: 16:35:00 - 16:50:00
2025-05-02 22:45:00 - INFO - [_run_strategy_if_applicable] [N/A] ⏰ Strategy 'EMA_Cross_candle' not executed because it's outside the time window: 16:35:00 - 16:50:00
2025-05-02 22:45:00 - INFO - [_run_strategy_if_applicable] [N/A] ⏰ Strategy 'SMA_Cross_sma50' not executed because it's outside the time window: 16:35:00 - 16:50:00
2025-05-02 22:45:00 - INFO - [_run_strategy_if_applicable] [N/A] ⏰ Strategy 'VWAP_diff_signal_1700_volume' not executed because it's outside the time window: 17:30:00 - 19:00:00
2025-05-02 22:45:00 - INFO - [_run_strategy_if_applicable] [N/A] ⏰ Strategy 'SMA_Cross_candle' not executed because it's outside the time window: 16:35:00 - 16:50:00
2025-05-02 22:45:00 - INFO - [_update_active_orders_and_telegram] [N/A] 📊 Updating SL/TP for active orders
2025-05-02 22:45:01 - INFO - [_wait_until_next_iteration] [N/A] ⏳ Sleeping for 58.93 seconds before the next cycle
2025-05-02 22:46:00 - DEBUG - [_process_strategies] [N/A] ⏱ Skipping VWAP_diff_signal_1700, not yet time (every 5m)
2025-05-02 22:46:00 - DEBUG - [_process_strategies] [N/A] ⏱ Skipping VWAP_diff_signal_rsi_1700, not yet time (every 5m)
2025-05-02 22:46:00 - DEBUG - [_process_strategies] [N/A] ⏱ Skipping EMA_Cross_ema50, not yet time (every 5m)
2025-05-02 22:46:00 - DEBUG - [_process_strategies] [N/A] ⏱ Skipping EMA_Cross_candle, not yet time (every 5m)
2025-05-02 22:46:00 - DEBUG - [_process_strategies] [N/A] ⏱ Skipping SMA_Cross_sma50, not yet time (every 5m)
2025-05-02 22:46:00 - DEBUG - [_process_strategies] [N/A] ⏱ Skipping VWAP_diff_signal_1700_volume, not yet time (every 5m)
2025-05-02 22:46:00 - DEBUG - [_process_strategies] [N/A] ⏱ Skipping SMA_Cross_candle, not yet time (every 5m)
2025-05-02 22:46:00 - INFO - [_update_active_orders_and_telegram] [N/A] 📊 Updating SL/TP for active orders
2025-05-02 22:46:01 - INFO - [_wait_until_next_iteration] [N/A] ⏳ Sleeping for 58.93 seconds before the next cycle
2025-05-02 22:47:00 - DEBUG - [_process_strategies] [N/A] ⏱ Skipping VWAP_diff_signal_1700, not yet time (every 5m)
2025-05-02 22:47:00 - DEBUG - [_process_strategies] [N/A] ⏱ Skipping VWAP_diff_signal_rsi_1700, not yet time (every 5m)
2025-05-02 22:47:00 - DEBUG - [_process_strategies] [N/A] ⏱ Skipping EMA_Cross_ema50, not yet time (every 5m)
2025-05-02 22:47:00 - DEBUG - [_process_strategies] [N/A] ⏱ Skipping EMA_Cross_candle, not yet time (every 5m)
2025-05-02 22:47:00 - DEBUG - [_process_strategies] [N/A] ⏱ Skipping SMA_Cross_sma50, not yet time (every 5m)
2025-05-02 22:47:00 - DEBUG - [_process_strategies] [N/A] ⏱ Skipping VWAP_diff_signal_1700_volume, not yet time (every 5m)
2025-05-02 22:47:00 - DEBUG - [_process_strategies] [N/A] ⏱ Skipping SMA_Cross_candle, not yet time (every 5m)
2025-05-02 22:47:00 - INFO - [_update_active_orders_and_telegram] [N/A] 📊 Updating SL/TP for active orders
2025-05-02 22:47:01 - INFO - [_wait_until_next_iteration] [N/A] ⏳ Sleeping for 58.95 seconds before the next cycle
2025-05-02 22:48:00 - INFO - [start_trading] [N/A] 🛑 Closing all positions before end of session
2025-05-02 22:48:00 - WARNING - [close_position] [CFG] ⚠️ No open position found for CFG
2025-05-02 22:48:00 - INFO - [close_position] [GEN] 🔹 Closing 192.0 shares of GEN (SELL)
2025-05-02 22:48:01 - WARNING - [close_position] [GEN] ⚠️ Order to close GEN is Submitted
2025-05-02 22:48:01 - WARNING - [close_position] [MRNA] ⚠️ No open position found for MRNA
2025-05-02 22:48:01 - DEBUG - [_process_strategies] [N/A] ⏱ Skipping VWAP_diff_signal_1700, not yet time (every 5m)
2025-05-02 22:48:01 - DEBUG - [_process_strategies] [N/A] ⏱ Skipping VWAP_diff_signal_rsi_1700, not yet time (every 5m)
2025-05-02 22:48:01 - DEBUG - [_process_strategies] [N/A] ⏱ Skipping EMA_Cross_ema50, not yet time (every 5m)
2025-05-02 22:48:01 - DEBUG - [_process_strategies] [N/A] ⏱ Skipping EMA_Cross_candle, not yet time (every 5m)
2025-05-02 22:48:01 - DEBUG - [_process_strategies] [N/A] ⏱ Skipping SMA_Cross_sma50, not yet time (every 5m)
2025-05-02 22:48:01 - DEBUG - [_process_strategies] [N/A] ⏱ Skipping VWAP_diff_signal_1700_volume, not yet time (every 5m)
2025-05-02 22:48:01 - DEBUG - [_process_strategies] [N/A] ⏱ Skipping SMA_Cross_candle, not yet time (every 5m)
2025-05-02 22:48:01 - INFO - [_update_active_orders_and_telegram] [N/A] 📊 Updating SL/TP for active orders
2025-05-02 22:48:02 - INFO - [_wait_until_next_iteration] [N/A] ⏳ Sleeping for 57.22 seconds before the next cycle
2025-05-02 22:49:00 - DEBUG - [_process_strategies] [N/A] ⏱ Skipping VWAP_diff_signal_1700, not yet time (every 5m)
2025-05-02 22:49:00 - DEBUG - [_process_strategies] [N/A] ⏱ Skipping VWAP_diff_signal_rsi_1700, not yet time (every 5m)
2025-05-02 22:49:00 - DEBUG - [_process_strategies] [N/A] ⏱ Skipping EMA_Cross_ema50, not yet time (every 5m)
2025-05-02 22:49:00 - DEBUG - [_process_strategies] [N/A] ⏱ Skipping EMA_Cross_candle, not yet time (every 5m)
2025-05-02 22:49:00 - DEBUG - [_process_strategies] [N/A] ⏱ Skipping SMA_Cross_sma50, not yet time (every 5m)
2025-05-02 22:49:00 - DEBUG - [_process_strategies] [N/A] ⏱ Skipping VWAP_diff_signal_1700_volume, not yet time (every 5m)
2025-05-02 22:49:00 - DEBUG - [_process_strategies] [N/A] ⏱ Skipping SMA_Cross_candle, not yet time (every 5m)
2025-05-02 22:49:00 - INFO - [_update_active_orders_and_telegram] [N/A] 📊 Updating SL/TP for active orders
2025-05-02 22:49:01 - INFO - [_wait_until_next_iteration] [N/A] ⏳ Sleeping for 58.93 seconds before the next cycle
2025-05-02 22:50:00 - INFO - [_run_strategy_if_applicable] [N/A] ⏰ Strategy 'VWAP_diff_signal_1700' not executed because it's outside the time window: 17:30:00 - 19:00:00
2025-05-02 22:50:00 - INFO - [_run_strategy_if_applicable] [N/A] ⏰ Strategy 'VWAP_diff_signal_rsi_1700' not executed because it's outside the time window: 17:30:00 - 19:00:00
2025-05-02 22:50:00 - INFO - [_run_strategy_if_applicable] [N/A] ⏰ Strategy 'EMA_Cross_ema50' not executed because it's outside the time window: 16:35:00 - 16:50:00
2025-05-02 22:50:00 - INFO - [_run_strategy_if_applicable] [N/A] ⏰ Strategy 'EMA_Cross_candle' not executed because it's outside the time window: 16:35:00 - 16:50:00
2025-05-02 22:50:00 - INFO - [_run_strategy_if_applicable] [N/A] ⏰ Strategy 'SMA_Cross_sma50' not executed because it's outside the time window: 16:35:00 - 16:50:00
2025-05-02 22:50:00 - INFO - [_run_strategy_if_applicable] [N/A] ⏰ Strategy 'VWAP_diff_signal_1700_volume' not executed because it's outside the time window: 17:30:00 - 19:00:00
2025-05-02 22:50:00 - INFO - [_run_strategy_if_applicable] [N/A] ⏰ Strategy 'SMA_Cross_candle' not executed because it's outside the time window: 16:35:00 - 16:50:00
2025-05-02 22:50:00 - INFO - [_update_active_orders_and_telegram] [N/A] 📊 Updating SL/TP for active orders
2025-05-02 22:50:01 - INFO - [_wait_until_next_iteration] [N/A] ⏳ Sleeping for 58.92 seconds before the next cycle
2025-05-02 22:51:00 - DEBUG - [_process_strategies] [N/A] ⏱ Skipping VWAP_diff_signal_1700, not yet time (every 5m)
2025-05-02 22:51:00 - DEBUG - [_process_strategies] [N/A] ⏱ Skipping VWAP_diff_signal_rsi_1700, not yet time (every 5m)
2025-05-02 22:51:00 - DEBUG - [_process_strategies] [N/A] ⏱ Skipping EMA_Cross_ema50, not yet time (every 5m)
2025-05-02 22:51:00 - DEBUG - [_process_strategies] [N/A] ⏱ Skipping EMA_Cross_candle, not yet time (every 5m)
2025-05-02 22:51:00 - DEBUG - [_process_strategies] [N/A] ⏱ Skipping SMA_Cross_sma50, not yet time (every 5m)
2025-05-02 22:51:00 - DEBUG - [_process_strategies] [N/A] ⏱ Skipping VWAP_diff_signal_1700_volume, not yet time (every 5m)
2025-05-02 22:51:00 - DEBUG - [_process_strategies] [N/A] ⏱ Skipping SMA_Cross_candle, not yet time (every 5m)
2025-05-02 22:51:00 - INFO - [_update_active_orders_and_telegram] [N/A] 📊 Updating SL/TP for active orders
2025-05-02 22:51:01 - INFO - [_wait_until_next_iteration] [N/A] ⏳ Sleeping for 58.93 seconds before the next cycle
2025-05-02 22:52:00 - DEBUG - [_process_strategies] [N/A] ⏱ Skipping VWAP_diff_signal_1700, not yet time (every 5m)
2025-05-02 22:52:00 - DEBUG - [_process_strategies] [N/A] ⏱ Skipping VWAP_diff_signal_rsi_1700, not yet time (every 5m)
2025-05-02 22:52:00 - DEBUG - [_process_strategies] [N/A] ⏱ Skipping EMA_Cross_ema50, not yet time (every 5m)
2025-05-02 22:52:00 - DEBUG - [_process_strategies] [N/A] ⏱ Skipping EMA_Cross_candle, not yet time (every 5m)
2025-05-02 22:52:00 - DEBUG - [_process_strategies] [N/A] ⏱ Skipping SMA_Cross_sma50, not yet time (every 5m)
2025-05-02 22:52:00 - DEBUG - [_process_strategies] [N/A] ⏱ Skipping VWAP_diff_signal_1700_volume, not yet time (every 5m)
2025-05-02 22:52:00 - DEBUG - [_process_strategies] [N/A] ⏱ Skipping SMA_Cross_candle, not yet time (every 5m)
2025-05-02 22:52:00 - INFO - [_update_active_orders_and_telegram] [N/A] 📊 Updating SL/TP for active orders
2025-05-02 22:52:01 - INFO - [_wait_until_next_iteration] [N/A] ⏳ Sleeping for 58.93 seconds before the next cycle
2025-05-02 22:53:00 - DEBUG - [_process_strategies] [N/A] ⏱ Skipping VWAP_diff_signal_1700, not yet time (every 5m)
2025-05-02 22:53:00 - DEBUG - [_process_strategies] [N/A] ⏱ Skipping VWAP_diff_signal_rsi_1700, not yet time (every 5m)
2025-05-02 22:53:00 - DEBUG - [_process_strategies] [N/A] ⏱ Skipping EMA_Cross_ema50, not yet time (every 5m)
2025-05-02 22:53:00 - DEBUG - [_process_strategies] [N/A] ⏱ Skipping EMA_Cross_candle, not yet time (every 5m)
2025-05-02 22:53:00 - DEBUG - [_process_strategies] [N/A] ⏱ Skipping SMA_Cross_sma50, not yet time (every 5m)
2025-05-02 22:53:00 - DEBUG - [_process_strategies] [N/A] ⏱ Skipping VWAP_diff_signal_1700_volume, not yet time (every 5m)
2025-05-02 22:53:00 - DEBUG - [_process_strategies] [N/A] ⏱ Skipping SMA_Cross_candle, not yet time (every 5m)
2025-05-02 22:53:00 - INFO - [_update_active_orders_and_telegram] [N/A] 📊 Updating SL/TP for active orders
2025-05-02 22:53:01 - INFO - [_wait_until_next_iteration] [N/A] ⏳ Sleeping for 58.93 seconds before the next cycle
2025-05-02 22:54:00 - DEBUG - [_process_strategies] [N/A] ⏱ Skipping VWAP_diff_signal_1700, not yet time (every 5m)
2025-05-02 22:54:00 - DEBUG - [_process_strategies] [N/A] ⏱ Skipping VWAP_diff_signal_rsi_1700, not yet time (every 5m)
2025-05-02 22:54:00 - DEBUG - [_process_strategies] [N/A] ⏱ Skipping EMA_Cross_ema50, not yet time (every 5m)
2025-05-02 22:54:00 - DEBUG - [_process_strategies] [N/A] ⏱ Skipping EMA_Cross_candle, not yet time (every 5m)
2025-05-02 22:54:00 - DEBUG - [_process_strategies] [N/A] ⏱ Skipping SMA_Cross_sma50, not yet time (every 5m)
2025-05-02 22:54:00 - DEBUG - [_process_strategies] [N/A] ⏱ Skipping VWAP_diff_signal_1700_volume, not yet time (every 5m)
2025-05-02 22:54:00 - DEBUG - [_process_strategies] [N/A] ⏱ Skipping SMA_Cross_candle, not yet time (every 5m)
2025-05-02 22:54:00 - INFO - [_update_active_orders_and_telegram] [N/A] 📊 Updating SL/TP for active orders
2025-05-02 22:54:01 - INFO - [_wait_until_next_iteration] [N/A] ⏳ Sleeping for 58.92 seconds before the next cycle
2025-05-02 22:55:00 - INFO - [_run_strategy_if_applicable] [N/A] ⏰ Strategy 'VWAP_diff_signal_1700' not executed because it's outside the time window: 17:30:00 - 19:00:00
2025-05-02 22:55:00 - INFO - [_run_strategy_if_applicable] [N/A] ⏰ Strategy 'VWAP_diff_signal_rsi_1700' not executed because it's outside the time window: 17:30:00 - 19:00:00
2025-05-02 22:55:00 - INFO - [_run_strategy_if_applicable] [N/A] ⏰ Strategy 'EMA_Cross_ema50' not executed because it's outside the time window: 16:35:00 - 16:50:00
2025-05-02 22:55:00 - INFO - [_run_strategy_if_applicable] [N/A] ⏰ Strategy 'EMA_Cross_candle' not executed because it's outside the time window: 16:35:00 - 16:50:00
2025-05-02 22:55:00 - INFO - [_run_strategy_if_applicable] [N/A] ⏰ Strategy 'SMA_Cross_sma50' not executed because it's outside the time window: 16:35:00 - 16:50:00
2025-05-02 22:55:00 - INFO - [_run_strategy_if_applicable] [N/A] ⏰ Strategy 'VWAP_diff_signal_1700_volume' not executed because it's outside the time window: 17:30:00 - 19:00:00
2025-05-02 22:55:00 - INFO - [_run_strategy_if_applicable] [N/A] ⏰ Strategy 'SMA_Cross_candle' not executed because it's outside the time window: 16:35:00 - 16:50:00
2025-05-02 22:55:00 - INFO - [_update_active_orders_and_telegram] [N/A] 📊 Updating SL/TP for active orders
2025-05-02 22:55:01 - INFO - [_wait_until_next_iteration] [N/A] ⏳ Sleeping for 58.93 seconds before the next cycle
2025-05-02 22:56:00 - DEBUG - [_process_strategies] [N/A] ⏱ Skipping VWAP_diff_signal_1700, not yet time (every 5m)
2025-05-02 22:56:00 - DEBUG - [_process_strategies] [N/A] ⏱ Skipping VWAP_diff_signal_rsi_1700, not yet time (every 5m)
2025-05-02 22:56:00 - DEBUG - [_process_strategies] [N/A] ⏱ Skipping EMA_Cross_ema50, not yet time (every 5m)
2025-05-02 22:56:00 - DEBUG - [_process_strategies] [N/A] ⏱ Skipping EMA_Cross_candle, not yet time (every 5m)
2025-05-02 22:56:00 - DEBUG - [_process_strategies] [N/A] ⏱ Skipping SMA_Cross_sma50, not yet time (every 5m)
2025-05-02 22:56:00 - DEBUG - [_process_strategies] [N/A] ⏱ Skipping VWAP_diff_signal_1700_volume, not yet time (every 5m)
2025-05-02 22:56:00 - DEBUG - [_process_strategies] [N/A] ⏱ Skipping SMA_Cross_candle, not yet time (every 5m)
2025-05-02 22:56:00 - INFO - [_update_active_orders_and_telegram] [N/A] 📊 Updating SL/TP for active orders
2025-05-02 22:56:01 - INFO - [_wait_until_next_iteration] [N/A] ⏳ Sleeping for 58.93 seconds before the next cycle
2025-05-02 22:57:00 - DEBUG - [_process_strategies] [N/A] ⏱ Skipping VWAP_diff_signal_1700, not yet time (every 5m)
2025-05-02 22:57:00 - DEBUG - [_process_strategies] [N/A] ⏱ Skipping VWAP_diff_signal_rsi_1700, not yet time (every 5m)
2025-05-02 22:57:00 - DEBUG - [_process_strategies] [N/A] ⏱ Skipping EMA_Cross_ema50, not yet time (every 5m)
2025-05-02 22:57:00 - DEBUG - [_process_strategies] [N/A] ⏱ Skipping EMA_Cross_candle, not yet time (every 5m)
2025-05-02 22:57:00 - DEBUG - [_process_strategies] [N/A] ⏱ Skipping SMA_Cross_sma50, not yet time (every 5m)
2025-05-02 22:57:00 - DEBUG - [_process_strategies] [N/A] ⏱ Skipping VWAP_diff_signal_1700_volume, not yet time (every 5m)
2025-05-02 22:57:00 - DEBUG - [_process_strategies] [N/A] ⏱ Skipping SMA_Cross_candle, not yet time (every 5m)
2025-05-02 22:57:00 - INFO - [_update_active_orders_and_telegram] [N/A] 📊 Updating SL/TP for active orders
2025-05-02 22:57:01 - INFO - [_wait_until_next_iteration] [N/A] ⏳ Sleeping for 58.93 seconds before the next cycle
2025-05-02 23:45:00 - ERROR - [safe_main_trading] [N/A] Error in thread: Socket disconnect
2025-05-03 08:33:09 - INFO - [wait_for_precise_time] [N/A] 🌅 Troppo presto, attendo l'inizio della sessione alle 16:30:00
