2025-04-15 14:45:32 - INFO - [start_tws] [N/A] Avvio di TWS...
2025-04-15 14:45:42 - INFO - [start_tws] [N/A] TWS avviato con successo!
2025-04-15 14:45:42 - INFO - [login] [N/A] Attesa della finestra di login...
2025-04-15 14:45:58 - INFO - [login] [N/A] Login effettuato con successo!
2025-04-15 14:45:58 - INFO - [wait_until_tws_ready] [N/A] ⌛ Verifico connessione API TWS tramite ib_insync...
2025-04-15 14:45:58 - DEBUG - [wait_until_tws_ready] [N/A] ⏳ TWS non ancora pronto: ConnectionRefusedError: [Errno 111] Connect call failed ('127.0.0.1', 7497)
2025-04-15 14:46:03 - DEBUG - [wait_until_tws_ready] [N/A] ⏳ TWS non ancora pronto: ConnectionRefusedError: [Errno 111] Connect call failed ('127.0.0.1', 7497)
2025-04-15 14:46:08 - DEBUG - [wait_until_tws_ready] [N/A] ⏳ TWS non ancora pronto: ConnectionRefusedError: [Errno 111] Connect call failed ('127.0.0.1', 7497)
2025-04-15 14:46:23 - DEBUG - [wait_until_tws_ready] [N/A] ⏳ TWS non ancora pronto: TimeoutError: 
2025-04-15 14:46:38 - DEBUG - [wait_until_tws_ready] [N/A] ⏳ TWS non ancora pronto: TimeoutError: 
2025-04-15 14:46:56 - DEBUG - [wait_until_tws_ready] [N/A] ⏳ TWS non ancora pronto: TimeoutError: 
2025-04-15 14:47:01 - INFO - [wait_until_tws_ready] [N/A] ✅ Connessione API a TWS riuscita!
2025-04-15 14:47:02 - INFO - [__init__] [N/A] ✅ Connected to IBKR successfully
2025-04-15 14:47:06 - INFO - [start] [N/A] Starting bot
2025-04-15 14:50:14 - INFO - [start_daily_session] [N/A] Starting daily session
2025-04-15 14:50:14 - INFO - [__init__] [N/A] ✅ Connected to IBKR successfully
2025-04-15 14:50:14 - INFO - [wait_for_precise_time] [N/A] 🌅 Troppo presto, attendo l'inizio della sessione alle 16:30:00
2025-04-15 16:30:00 - INFO - [wait_for_precise_time] [N/A] 🎯 Orario valido raggiunto. Avvio operazioni.
2025-04-15 16:30:00 - INFO - [_run_strategy_if_applicable] [N/A] ⏰ Strategy 'EMA_Cross_candle' not executed because it's outside the time window: 16:35:00 - 16:50:00
2025-04-15 16:30:00 - INFO - [_run_strategy_if_applicable] [N/A] ⏰ Strategy 'VWAP_diff_signal_1700' not executed because it's outside the time window: 17:30:00 - 19:00:00
2025-04-15 16:30:00 - INFO - [_run_strategy_if_applicable] [N/A] ⏰ Strategy 'SMA_Cross_candle' not executed because it's outside the time window: 16:35:00 - 16:50:00
2025-04-15 16:30:00 - INFO - [_run_strategy_if_applicable] [N/A] ⏰ Strategy 'VWAP_diff_signal_rsi_1700' not executed because it's outside the time window: 17:30:00 - 19:00:00
2025-04-15 16:30:00 - INFO - [_run_strategy_if_applicable] [N/A] ⏰ Strategy 'EMA_Cross_ema50' not executed because it's outside the time window: 16:35:00 - 16:50:00
2025-04-15 16:30:00 - INFO - [_run_strategy_if_applicable] [N/A] ⏰ Strategy 'SMA_Cross_sma50' not executed because it's outside the time window: 16:35:00 - 16:50:00
2025-04-15 16:30:00 - INFO - [trading_loop] [N/A] 📊 Updating SL/TP for active orders
2025-04-15 16:30:01 - INFO - [_wait_until_next_iteration] [N/A] ⏳ Sleeping for 58.91 seconds before the next cycle
2025-04-15 16:31:00 - DEBUG - [trading_loop] [N/A] ⏱ Skipping EMA_Cross_candle, not yet time (every 5m)
2025-04-15 16:31:00 - DEBUG - [trading_loop] [N/A] ⏱ Skipping VWAP_diff_signal_1700, not yet time (every 5m)
2025-04-15 16:31:00 - DEBUG - [trading_loop] [N/A] ⏱ Skipping SMA_Cross_candle, not yet time (every 5m)
2025-04-15 16:31:00 - DEBUG - [trading_loop] [N/A] ⏱ Skipping VWAP_diff_signal_rsi_1700, not yet time (every 5m)
2025-04-15 16:31:00 - DEBUG - [trading_loop] [N/A] ⏱ Skipping EMA_Cross_ema50, not yet time (every 5m)
2025-04-15 16:31:00 - DEBUG - [trading_loop] [N/A] ⏱ Skipping SMA_Cross_sma50, not yet time (every 5m)
2025-04-15 16:31:00 - INFO - [trading_loop] [N/A] 📊 Updating SL/TP for active orders
2025-04-15 16:31:01 - INFO - [_wait_until_next_iteration] [N/A] ⏳ Sleeping for 58.92 seconds before the next cycle
2025-04-15 16:32:00 - DEBUG - [trading_loop] [N/A] ⏱ Skipping EMA_Cross_candle, not yet time (every 5m)
2025-04-15 16:32:00 - DEBUG - [trading_loop] [N/A] ⏱ Skipping VWAP_diff_signal_1700, not yet time (every 5m)
2025-04-15 16:32:00 - DEBUG - [trading_loop] [N/A] ⏱ Skipping SMA_Cross_candle, not yet time (every 5m)
2025-04-15 16:32:00 - DEBUG - [trading_loop] [N/A] ⏱ Skipping VWAP_diff_signal_rsi_1700, not yet time (every 5m)
2025-04-15 16:32:00 - DEBUG - [trading_loop] [N/A] ⏱ Skipping EMA_Cross_ema50, not yet time (every 5m)
2025-04-15 16:32:00 - DEBUG - [trading_loop] [N/A] ⏱ Skipping SMA_Cross_sma50, not yet time (every 5m)
2025-04-15 16:32:00 - INFO - [trading_loop] [N/A] 📊 Updating SL/TP for active orders
2025-04-15 16:32:01 - INFO - [_wait_until_next_iteration] [N/A] ⏳ Sleeping for 58.93 seconds before the next cycle
2025-04-15 16:33:00 - DEBUG - [trading_loop] [N/A] ⏱ Skipping EMA_Cross_candle, not yet time (every 5m)
2025-04-15 16:33:00 - DEBUG - [trading_loop] [N/A] ⏱ Skipping VWAP_diff_signal_1700, not yet time (every 5m)
2025-04-15 16:33:00 - DEBUG - [trading_loop] [N/A] ⏱ Skipping SMA_Cross_candle, not yet time (every 5m)
2025-04-15 16:33:00 - DEBUG - [trading_loop] [N/A] ⏱ Skipping VWAP_diff_signal_rsi_1700, not yet time (every 5m)
2025-04-15 16:33:00 - DEBUG - [trading_loop] [N/A] ⏱ Skipping EMA_Cross_ema50, not yet time (every 5m)
2025-04-15 16:33:00 - DEBUG - [trading_loop] [N/A] ⏱ Skipping SMA_Cross_sma50, not yet time (every 5m)
2025-04-15 16:33:00 - INFO - [trading_loop] [N/A] 📊 Updating SL/TP for active orders
2025-04-15 16:33:01 - INFO - [_wait_until_next_iteration] [N/A] ⏳ Sleeping for 58.95 seconds before the next cycle
2025-04-15 16:34:00 - DEBUG - [trading_loop] [N/A] ⏱ Skipping EMA_Cross_candle, not yet time (every 5m)
2025-04-15 16:34:00 - DEBUG - [trading_loop] [N/A] ⏱ Skipping VWAP_diff_signal_1700, not yet time (every 5m)
2025-04-15 16:34:00 - DEBUG - [trading_loop] [N/A] ⏱ Skipping SMA_Cross_candle, not yet time (every 5m)
2025-04-15 16:34:00 - DEBUG - [trading_loop] [N/A] ⏱ Skipping VWAP_diff_signal_rsi_1700, not yet time (every 5m)
2025-04-15 16:34:00 - DEBUG - [trading_loop] [N/A] ⏱ Skipping EMA_Cross_ema50, not yet time (every 5m)
2025-04-15 16:34:00 - DEBUG - [trading_loop] [N/A] ⏱ Skipping SMA_Cross_sma50, not yet time (every 5m)
2025-04-15 16:34:00 - INFO - [trading_loop] [N/A] 📊 Updating SL/TP for active orders
2025-04-15 16:34:01 - INFO - [_wait_until_next_iteration] [N/A] ⏳ Sleeping for 58.93 seconds before the next cycle
2025-04-15 16:35:00 - INFO - [_run_strategy_if_applicable] [N/A] 🔄 Starting trading loop for strategy: EMA_Cross_candle
2025-04-15 16:35:00 - INFO - [get_stock_data] [BAX] Requesting data for BAX
2025-04-15 16:35:01 - INFO - [get_stock_data] [BAX] Data received for BAX: 79 rows
2025-04-15 16:35:01 - INFO - [check_ema_cross_candle] [BAX] Analyzing EMA signals for BAX
2025-04-15 16:35:01 - INFO - [check_ema_cross_candle] [BAX] EMA9: 28.404300198000577, EMA21: 28.37246279816073 | Prev EMA9: 28.39787524750072, EMA21: 28.3667090779768 | Candle: bullish
2025-04-15 16:35:01 - DEBUG - [check_ema_cross_candle] [BAX] No signal detected
2025-04-15 16:35:01 - DEBUG - [_run_single_trading_iteration] [BAX] 🔍 Signal for BAX: None
2025-04-15 16:35:01 - INFO - [_run_single_trading_iteration] [BAX] ℹ️ No valid signal for BAX
2025-04-15 16:35:01 - INFO - [get_stock_data] [CTRA] Requesting data for CTRA
2025-04-15 16:35:02 - INFO - [get_stock_data] [CTRA] Data received for CTRA: 79 rows
2025-04-15 16:35:02 - INFO - [check_ema_cross_candle] [CTRA] Analyzing EMA signals for CTRA
2025-04-15 16:35:02 - INFO - [check_ema_cross_candle] [CTRA] EMA9: 25.235175815586093, EMA21: 25.209155504357803 | Prev EMA9: 25.20896976948261, EMA21: 25.19607105479358 | Candle: bullish
2025-04-15 16:35:02 - DEBUG - [check_ema_cross_candle] [CTRA] No signal detected
2025-04-15 16:35:02 - DEBUG - [_run_single_trading_iteration] [CTRA] 🔍 Signal for CTRA: None
2025-04-15 16:35:02 - INFO - [_run_single_trading_iteration] [CTRA] ℹ️ No valid signal for CTRA
2025-04-15 16:35:02 - INFO - [get_stock_data] [EXC] Requesting data for EXC
2025-04-15 16:35:04 - INFO - [get_stock_data] [EXC] Data received for EXC: 79 rows
2025-04-15 16:35:04 - INFO - [check_ema_cross_candle] [EXC] Analyzing EMA signals for EXC
2025-04-15 16:35:04 - INFO - [check_ema_cross_candle] [EXC] EMA9: 46.89479241521517, EMA21: 46.883789449951436 | Prev EMA9: 46.910990519018966, EMA21: 46.88916839494658 | Candle: bullish
2025-04-15 16:35:04 - DEBUG - [check_ema_cross_candle] [EXC] No signal detected
2025-04-15 16:35:04 - DEBUG - [_run_single_trading_iteration] [EXC] 🔍 Signal for EXC: None
2025-04-15 16:35:04 - INFO - [_run_single_trading_iteration] [EXC] ℹ️ No valid signal for EXC
2025-04-15 16:35:04 - INFO - [get_stock_data] [FITB] Requesting data for FITB
2025-04-15 16:35:05 - INFO - [get_stock_data] [FITB] Data received for FITB: 79 rows
2025-04-15 16:35:05 - INFO - [check_ema_cross_candle] [FITB] Analyzing EMA signals for FITB
2025-04-15 16:35:05 - INFO - [check_ema_cross_candle] [FITB] EMA9: 34.810414640786476, EMA21: 34.804156057785946 | Prev EMA9: 34.76301830098309, EMA21: 34.78457166356454 | Candle: bullish
2025-04-15 16:35:05 - INFO - [check_ema_cross_candle] [FITB] ✅ BUY signal at 35.0, SL: 34.755, TP: 35.49
2025-04-15 16:35:05 - DEBUG - [_run_single_trading_iteration] [FITB] 🔍 Signal for FITB: BUY
2025-04-15 16:35:05 - INFO - [place_order] [FITB] Placing MARKET order for FITB: 142 shares
2025-04-15 16:35:05 - INFO - [_run_single_trading_iteration] [FITB] ✅ Order BUY for FITB placed with ID 12
2025-04-15 16:35:05 - INFO - [get_stock_data] [KMI] Requesting data for KMI
2025-04-15 16:35:07 - INFO - [get_stock_data] [KMI] Data received for KMI: 80 rows
2025-04-15 16:35:07 - INFO - [check_ema_cross_candle] [KMI] Analyzing EMA signals for KMI
2025-04-15 16:35:07 - INFO - [check_ema_cross_candle] [KMI] EMA9: 26.985345646355594, EMA21: 26.95850008776119 | Prev EMA9: 26.95418205794449, EMA21: 26.943350096537312 | Candle: bullish
2025-04-15 16:35:07 - DEBUG - [check_ema_cross_candle] [KMI] No signal detected
2025-04-15 16:35:07 - DEBUG - [_run_single_trading_iteration] [KMI] 🔍 Signal for KMI: None
2025-04-15 16:35:07 - INFO - [_run_single_trading_iteration] [KMI] ℹ️ No valid signal for KMI
2025-04-15 16:35:07 - INFO - [get_stock_data] [UDR] Requesting data for UDR
2025-04-15 16:35:08 - INFO - [get_stock_data] [UDR] Data received for UDR: 80 rows
2025-04-15 16:35:08 - INFO - [check_ema_cross_candle] [UDR] Analyzing EMA signals for UDR
2025-04-15 16:35:08 - INFO - [check_ema_cross_candle] [UDR] EMA9: 40.83623009238002, EMA21: 40.835059697170706 | Prev EMA9: 40.85278761547502, EMA21: 40.841565666887774 | Candle: bearish
2025-04-15 16:35:08 - DEBUG - [check_ema_cross_candle] [UDR] No signal detected
2025-04-15 16:35:08 - DEBUG - [_run_single_trading_iteration] [UDR] 🔍 Signal for UDR: None
2025-04-15 16:35:08 - INFO - [_run_single_trading_iteration] [UDR] ℹ️ No valid signal for UDR
2025-04-15 16:35:08 - INFO - [get_stock_data] [WBA] Requesting data for WBA
2025-04-15 16:35:09 - INFO - [get_stock_data] [WBA] Data received for WBA: 80 rows
2025-04-15 16:35:09 - INFO - [check_ema_cross_candle] [WBA] Analyzing EMA signals for WBA
2025-04-15 16:35:09 - INFO - [check_ema_cross_candle] [WBA] EMA9: 10.910611401339551, EMA21: 10.929960985781953 | Prev EMA9: 10.925764251674439, EMA21: 10.937957084360148 | Candle: bearish
2025-04-15 16:35:09 - DEBUG - [check_ema_cross_candle] [WBA] No signal detected
2025-04-15 16:35:09 - DEBUG - [_run_single_trading_iteration] [WBA] 🔍 Signal for WBA: None
2025-04-15 16:35:09 - INFO - [_run_single_trading_iteration] [WBA] ℹ️ No valid signal for WBA
2025-04-15 16:35:09 - INFO - [_run_strategy_if_applicable] [N/A] ⏰ Strategy 'VWAP_diff_signal_1700' not executed because it's outside the time window: 17:30:00 - 19:00:00
2025-04-15 16:35:09 - INFO - [_run_strategy_if_applicable] [N/A] 🔄 Starting trading loop for strategy: SMA_Cross_candle
2025-04-15 16:35:09 - INFO - [get_stock_data] [DVN] Requesting data for DVN
2025-04-15 16:35:10 - INFO - [get_stock_data] [DVN] Data received for DVN: 80 rows
2025-04-15 16:35:10 - INFO - [check_sma_cross_candle] [DVN] Analyzing SMA signals for DVN
2025-04-15 16:35:10 - INFO - [check_sma_cross_candle] [DVN] SMA5: 28.814, SMA20: 28.79 | Prev SMA5: 28.804000000000002, SMA20: 28.787 | Candle direction: bearish
2025-04-15 16:35:10 - DEBUG - [check_sma_cross_candle] [DVN] No signal detected
2025-04-15 16:35:10 - DEBUG - [_run_single_trading_iteration] [DVN] 🔍 Signal for DVN: None
2025-04-15 16:35:10 - INFO - [_run_single_trading_iteration] [DVN] ℹ️ No valid signal for DVN
2025-04-15 16:35:10 - INFO - [get_stock_data] [LUV] Requesting data for LUV
2025-04-15 16:35:11 - INFO - [get_stock_data] [LUV] Data received for LUV: 80 rows
2025-04-15 16:35:11 - INFO - [check_sma_cross_candle] [LUV] Analyzing SMA signals for LUV
2025-04-15 16:35:11 - INFO - [check_sma_cross_candle] [LUV] SMA5: 25.788, SMA20: 25.65 | Prev SMA5: 25.71, SMA20: 25.627999999999997 | Candle direction: bullish
2025-04-15 16:35:11 - DEBUG - [check_sma_cross_candle] [LUV] No signal detected
2025-04-15 16:35:11 - DEBUG - [_run_single_trading_iteration] [LUV] 🔍 Signal for LUV: None
2025-04-15 16:35:11 - INFO - [_run_single_trading_iteration] [LUV] ℹ️ No valid signal for LUV
2025-04-15 16:35:11 - INFO - [get_stock_data] [NI] Requesting data for NI
2025-04-15 16:35:12 - INFO - [get_stock_data] [NI] Data received for NI: 80 rows
2025-04-15 16:35:12 - INFO - [check_sma_cross_candle] [NI] Analyzing SMA signals for NI
2025-04-15 16:35:12 - INFO - [check_sma_cross_candle] [NI] SMA5: 39.318, SMA20: 39.3455 | Prev SMA5: 39.332, SMA20: 39.346500000000006 | Candle direction: bearish
2025-04-15 16:35:12 - DEBUG - [check_sma_cross_candle] [NI] No signal detected
2025-04-15 16:35:12 - DEBUG - [_run_single_trading_iteration] [NI] 🔍 Signal for NI: None
2025-04-15 16:35:12 - INFO - [_run_single_trading_iteration] [NI] ℹ️ No valid signal for NI
2025-04-15 16:35:12 - INFO - [get_stock_data] [WBD] Requesting data for WBD
2025-04-15 16:35:14 - INFO - [get_stock_data] [WBD] Data received for WBD: 80 rows
2025-04-15 16:35:14 - INFO - [check_sma_cross_candle] [WBD] Analyzing SMA signals for WBD
2025-04-15 16:35:14 - INFO - [check_sma_cross_candle] [WBD] SMA5: 8.038, SMA20: 8.0455 | Prev SMA5: 8.038, SMA20: 8.046000000000001 | Candle direction: bullish
2025-04-15 16:35:14 - DEBUG - [check_sma_cross_candle] [WBD] No signal detected
2025-04-15 16:35:14 - DEBUG - [_run_single_trading_iteration] [WBD] 🔍 Signal for WBD: None
2025-04-15 16:35:14 - INFO - [_run_single_trading_iteration] [WBD] ℹ️ No valid signal for WBD
2025-04-15 16:35:14 - INFO - [_run_strategy_if_applicable] [N/A] ⏰ Strategy 'VWAP_diff_signal_rsi_1700' not executed because it's outside the time window: 17:30:00 - 19:00:00
2025-04-15 16:35:14 - INFO - [_run_strategy_if_applicable] [N/A] 🔄 Starting trading loop for strategy: EMA_Cross_ema50
2025-04-15 16:35:14 - INFO - [get_stock_data] [CFG] Requesting data for CFG
2025-04-15 16:35:15 - INFO - [get_stock_data] [CFG] Data received for CFG: 80 rows
2025-04-15 16:35:15 - INFO - [check_ema_cross_ema50] [CFG] Analyzing EMA signals for CFG
2025-04-15 16:35:15 - INFO - [check_ema_cross_ema50] [CFG] EMA9: 35.74404950748866, EMA21: 35.68592409665082, EMA50: 35.574348496930206 | Prev EMA9: 35.66756188436082, EMA21: 35.64951650631591
2025-04-15 16:35:15 - DEBUG - [check_ema_cross_ema50] [CFG] No signal detected
2025-04-15 16:35:15 - DEBUG - [_run_single_trading_iteration] [CFG] 🔍 Signal for CFG: None
2025-04-15 16:35:15 - INFO - [_run_single_trading_iteration] [CFG] ℹ️ No valid signal for CFG
2025-04-15 16:35:15 - INFO - [get_stock_data] [CZR] Requesting data for CZR
2025-04-15 16:35:17 - INFO - [get_stock_data] [CZR] Data received for CZR: 80 rows
2025-04-15 16:35:17 - INFO - [check_ema_cross_ema50] [CZR] Analyzing EMA signals for CZR
2025-04-15 16:35:17 - INFO - [check_ema_cross_ema50] [CZR] EMA9: 25.371260066585204, EMA21: 25.355530660381287, EMA50: 25.298176017337372 | Prev EMA9: 25.379075083231502, EMA21: 25.357083726419415
2025-04-15 16:35:17 - DEBUG - [check_ema_cross_ema50] [CZR] No signal detected
2025-04-15 16:35:17 - DEBUG - [_run_single_trading_iteration] [CZR] 🔍 Signal for CZR: None
2025-04-15 16:35:17 - INFO - [_run_single_trading_iteration] [CZR] ℹ️ No valid signal for CZR
2025-04-15 16:35:17 - INFO - [get_stock_data] [GEN] Requesting data for GEN
2025-04-15 16:35:18 - INFO - [get_stock_data] [GEN] Data received for GEN: 80 rows
2025-04-15 16:35:18 - INFO - [check_ema_cross_ema50] [GEN] Analyzing EMA signals for GEN
2025-04-15 16:35:18 - INFO - [check_ema_cross_ema50] [GEN] EMA9: 24.623874249529628, EMA21: 24.59020384090101, EMA50: 24.56869716167134 | Prev EMA9: 24.612342811912033, EMA21: 24.582224224991116
2025-04-15 16:35:18 - DEBUG - [check_ema_cross_ema50] [GEN] No signal detected
2025-04-15 16:35:18 - DEBUG - [_run_single_trading_iteration] [GEN] 🔍 Signal for GEN: None
2025-04-15 16:35:18 - INFO - [_run_single_trading_iteration] [GEN] ℹ️ No valid signal for GEN
2025-04-15 16:35:18 - INFO - [get_stock_data] [PARA] Requesting data for PARA
2025-04-15 16:35:19 - INFO - [get_stock_data] [PARA] Data received for PARA: 80 rows
2025-04-15 16:35:19 - INFO - [check_ema_cross_ema50] [PARA] Analyzing EMA signals for PARA
2025-04-15 16:35:19 - INFO - [check_ema_cross_ema50] [PARA] EMA9: 10.74059896129206, EMA21: 10.75009189372112, EMA50: 10.750634233539865 | Prev EMA9: 10.743248701615073, EMA21: 10.752101083093232
2025-04-15 16:35:19 - DEBUG - [check_ema_cross_ema50] [PARA] No signal detected
2025-04-15 16:35:19 - DEBUG - [_run_single_trading_iteration] [PARA] 🔍 Signal for PARA: None
2025-04-15 16:35:19 - INFO - [_run_single_trading_iteration] [PARA] ℹ️ No valid signal for PARA
2025-04-15 16:35:19 - INFO - [get_stock_data] [PPL] Requesting data for PPL
2025-04-15 16:35:20 - INFO - [get_stock_data] [PPL] Data received for PPL: 80 rows
2025-04-15 16:35:20 - INFO - [check_ema_cross_ema50] [PPL] Analyzing EMA signals for PPL
2025-04-15 16:35:20 - INFO - [check_ema_cross_ema50] [PPL] EMA9: 35.5069094378242, EMA21: 35.494069852191316, EMA50: 35.45712951792797 | Prev EMA9: 35.486136797280246, EMA21: 35.48447683741045
2025-04-15 16:35:20 - DEBUG - [check_ema_cross_ema50] [PPL] No signal detected
2025-04-15 16:35:20 - DEBUG - [_run_single_trading_iteration] [PPL] 🔍 Signal for PPL: None
2025-04-15 16:35:20 - INFO - [_run_single_trading_iteration] [PPL] ℹ️ No valid signal for PPL
2025-04-15 16:35:20 - INFO - [get_stock_data] [TFC] Requesting data for TFC
2025-04-15 16:35:21 - INFO - [get_stock_data] [TFC] Data received for TFC: 80 rows
2025-04-15 16:35:21 - INFO - [check_ema_cross_ema50] [TFC] Analyzing EMA signals for TFC
2025-04-15 16:35:21 - INFO - [check_ema_cross_ema50] [TFC] EMA9: 36.378174217667166, EMA21: 36.34397795645558, EMA50: 36.248738257471636 | Prev EMA9: 36.307717772083954, EMA21: 36.31237575210114
2025-04-15 16:35:21 - INFO - [check_ema_cross_ema50] [TFC] ✅ BUY signal at 36.63, SL: 36.37359, TP: 37.14282
2025-04-15 16:35:21 - DEBUG - [_run_single_trading_iteration] [TFC] 🔍 Signal for TFC: BUY
2025-04-15 16:35:21 - INFO - [place_order] [TFC] Placing MARKET order for TFC: 136 shares
2025-04-15 16:35:21 - INFO - [_run_single_trading_iteration] [TFC] ✅ Order BUY for TFC placed with ID 40
2025-04-15 16:35:21 - INFO - [get_stock_data] [WBD] Requesting data for WBD
2025-04-15 16:35:22 - INFO - [get_stock_data] [WBD] Data received for WBD: 80 rows
2025-04-15 16:35:22 - INFO - [check_ema_cross_ema50] [WBD] Analyzing EMA signals for WBD
2025-04-15 16:35:22 - INFO - [check_ema_cross_ema50] [WBD] EMA9: 8.038223275532552, EMA21: 8.043562448070945, EMA50: 8.062608995523524 | Prev EMA9: 8.03777909441569, EMA21: 8.04391869287804
2025-04-15 16:35:22 - DEBUG - [check_ema_cross_ema50] [WBD] No signal detected
2025-04-15 16:35:22 - DEBUG - [_run_single_trading_iteration] [WBD] 🔍 Signal for WBD: None
2025-04-15 16:35:22 - INFO - [_run_single_trading_iteration] [WBD] ℹ️ No valid signal for WBD
2025-04-15 16:35:22 - INFO - [_run_strategy_if_applicable] [N/A] 🔄 Starting trading loop for strategy: SMA_Cross_sma50
2025-04-15 16:35:22 - DEBUG - [_run_single_trading_iteration] [FITB] 🚫 Trade not allowed for FITB (limit reached)
2025-04-15 16:35:22 - INFO - [get_stock_data] [HPQ] Requesting data for HPQ
2025-04-15 16:35:23 - INFO - [get_stock_data] [HPQ] Data received for HPQ: 80 rows
2025-04-15 16:35:23 - INFO - [check_sma_cross_sma50] [HPQ] Analyzing SMA signals for HPQ
2025-04-15 16:35:23 - INFO - [check_sma_cross_sma50] [HPQ] SMA5: 24.134, SMA20: 24.1935, SMA50: 24.038400000000003 | Prev SMA5: 24.15, SMA20: 24.192
2025-04-15 16:35:23 - DEBUG - [check_sma_cross_sma50] [HPQ] No signal detected
2025-04-15 16:35:23 - DEBUG - [_run_single_trading_iteration] [HPQ] 🔍 Signal for HPQ: None
2025-04-15 16:35:23 - INFO - [_run_single_trading_iteration] [HPQ] ℹ️ No valid signal for HPQ
2025-04-15 16:35:23 - INFO - [get_stock_data] [IPG] Requesting data for IPG
2025-04-15 16:35:24 - INFO - [get_stock_data] [IPG] Data received for IPG: 80 rows
2025-04-15 16:35:24 - INFO - [check_sma_cross_sma50] [IPG] Analyzing SMA signals for IPG
2025-04-15 16:35:24 - INFO - [check_sma_cross_sma50] [IPG] SMA5: 25.162, SMA20: 25.1295, SMA50: 25.0308 | Prev SMA5: 25.144, SMA20: 25.1185
2025-04-15 16:35:24 - DEBUG - [check_sma_cross_sma50] [IPG] No signal detected
2025-04-15 16:35:24 - DEBUG - [_run_single_trading_iteration] [IPG] 🔍 Signal for IPG: None
2025-04-15 16:35:24 - INFO - [_run_single_trading_iteration] [IPG] ℹ️ No valid signal for IPG
2025-04-15 16:35:24 - INFO - [get_stock_data] [LVS] Requesting data for LVS
2025-04-15 16:35:25 - INFO - [get_stock_data] [LVS] Data received for LVS: 80 rows
2025-04-15 16:35:25 - INFO - [check_sma_cross_sma50] [LVS] Analyzing SMA signals for LVS
2025-04-15 16:35:25 - INFO - [check_sma_cross_sma50] [LVS] SMA5: 32.209999999999994, SMA20: 32.17, SMA50: 32.0588 | Prev SMA5: 32.196, SMA20: 32.1665
2025-04-15 16:35:25 - DEBUG - [check_sma_cross_sma50] [LVS] No signal detected
2025-04-15 16:35:25 - DEBUG - [_run_single_trading_iteration] [LVS] 🔍 Signal for LVS: None
2025-04-15 16:35:25 - INFO - [_run_single_trading_iteration] [LVS] ℹ️ No valid signal for LVS
2025-04-15 16:35:25 - INFO - [get_stock_data] [NCLH] Requesting data for NCLH
2025-04-15 16:35:26 - INFO - [get_stock_data] [NCLH] Data received for NCLH: 80 rows
2025-04-15 16:35:26 - INFO - [check_sma_cross_sma50] [NCLH] Analyzing SMA signals for NCLH
2025-04-15 16:35:26 - INFO - [check_sma_cross_sma50] [NCLH] SMA5: 16.422, SMA20: 16.4495, SMA50: 16.4226 | Prev SMA5: 16.422, SMA20: 16.4525
2025-04-15 16:35:26 - DEBUG - [check_sma_cross_sma50] [NCLH] No signal detected
2025-04-15 16:35:26 - DEBUG - [_run_single_trading_iteration] [NCLH] 🔍 Signal for NCLH: None
2025-04-15 16:35:26 - INFO - [_run_single_trading_iteration] [NCLH] ℹ️ No valid signal for NCLH
2025-04-15 16:35:26 - INFO - [get_stock_data] [NWSA] Requesting data for NWSA
2025-04-15 16:35:27 - INFO - [get_stock_data] [NWSA] Data received for NWSA: 80 rows
2025-04-15 16:35:27 - INFO - [check_sma_cross_sma50] [NWSA] Analyzing SMA signals for NWSA
2025-04-15 16:35:27 - INFO - [check_sma_cross_sma50] [NWSA] SMA5: 26.357999999999997, SMA20: 26.329, SMA50: 26.233999999999995 | Prev SMA5: 26.363999999999997, SMA20: 26.3205
2025-04-15 16:35:27 - DEBUG - [check_sma_cross_sma50] [NWSA] No signal detected
2025-04-15 16:35:27 - DEBUG - [_run_single_trading_iteration] [NWSA] 🔍 Signal for NWSA: None
2025-04-15 16:35:27 - INFO - [_run_single_trading_iteration] [NWSA] ℹ️ No valid signal for NWSA
2025-04-15 16:35:27 - INFO - [trading_loop] [N/A] 📊 Updating SL/TP for active orders
2025-04-15 16:35:28 - INFO - [update_orders] [N/A] ✅ Order 12 filled at 35.03
2025-04-15 16:35:28 - INFO - [set_tp_sl_direct] [N/A] 🔹 Setting TP (MIT) 35.49 and SL 34.76 for FITB
2025-04-15 16:35:30 - INFO - [set_tp_sl_direct] [N/A] ✅ TP (MIT) Order Status: PendingSubmit (Trigger: 35.49)
2025-04-15 16:35:30 - INFO - [set_tp_sl_direct] [N/A] ✅ SL (Stop) Order Status: PreSubmitted (Trigger: 34.76)
2025-04-15 16:35:30 - INFO - [update_orders] [N/A] ✅ Order 40 filled at 36.71
2025-04-15 16:35:30 - INFO - [set_tp_sl_direct] [N/A] 🔹 Setting TP (MIT) 37.14 and SL 36.37 for TFC
2025-04-15 16:35:32 - INFO - [set_tp_sl_direct] [N/A] ✅ TP (MIT) Order Status: PendingSubmit (Trigger: 37.14)
2025-04-15 16:35:32 - INFO - [set_tp_sl_direct] [N/A] ✅ SL (Stop) Order Status: PreSubmitted (Trigger: 36.37)
2025-04-15 16:35:33 - INFO - [_wait_until_next_iteration] [N/A] ⏳ Sleeping for 26.54 seconds before the next cycle
2025-04-15 16:36:00 - DEBUG - [trading_loop] [N/A] ⏱ Skipping EMA_Cross_candle, not yet time (every 5m)
2025-04-15 16:36:00 - DEBUG - [trading_loop] [N/A] ⏱ Skipping VWAP_diff_signal_1700, not yet time (every 5m)
2025-04-15 16:36:00 - DEBUG - [trading_loop] [N/A] ⏱ Skipping SMA_Cross_candle, not yet time (every 5m)
2025-04-15 16:36:00 - DEBUG - [trading_loop] [N/A] ⏱ Skipping VWAP_diff_signal_rsi_1700, not yet time (every 5m)
2025-04-15 16:36:00 - DEBUG - [trading_loop] [N/A] ⏱ Skipping EMA_Cross_ema50, not yet time (every 5m)
2025-04-15 16:36:00 - DEBUG - [trading_loop] [N/A] ⏱ Skipping SMA_Cross_sma50, not yet time (every 5m)
2025-04-15 16:36:00 - INFO - [trading_loop] [N/A] 📊 Updating SL/TP for active orders
2025-04-15 16:36:01 - INFO - [_wait_until_next_iteration] [N/A] ⏳ Sleeping for 58.97 seconds before the next cycle
2025-04-15 16:37:00 - DEBUG - [trading_loop] [N/A] ⏱ Skipping EMA_Cross_candle, not yet time (every 5m)
2025-04-15 16:37:00 - DEBUG - [trading_loop] [N/A] ⏱ Skipping VWAP_diff_signal_1700, not yet time (every 5m)
2025-04-15 16:37:00 - DEBUG - [trading_loop] [N/A] ⏱ Skipping SMA_Cross_candle, not yet time (every 5m)
2025-04-15 16:37:00 - DEBUG - [trading_loop] [N/A] ⏱ Skipping VWAP_diff_signal_rsi_1700, not yet time (every 5m)
2025-04-15 16:37:00 - DEBUG - [trading_loop] [N/A] ⏱ Skipping EMA_Cross_ema50, not yet time (every 5m)
2025-04-15 16:37:00 - DEBUG - [trading_loop] [N/A] ⏱ Skipping SMA_Cross_sma50, not yet time (every 5m)
2025-04-15 16:37:00 - INFO - [trading_loop] [N/A] 📊 Updating SL/TP for active orders
2025-04-15 16:37:01 - INFO - [_wait_until_next_iteration] [N/A] ⏳ Sleeping for 58.93 seconds before the next cycle
2025-04-15 16:38:00 - DEBUG - [trading_loop] [N/A] ⏱ Skipping EMA_Cross_candle, not yet time (every 5m)
2025-04-15 16:38:00 - DEBUG - [trading_loop] [N/A] ⏱ Skipping VWAP_diff_signal_1700, not yet time (every 5m)
2025-04-15 16:38:00 - DEBUG - [trading_loop] [N/A] ⏱ Skipping SMA_Cross_candle, not yet time (every 5m)
2025-04-15 16:38:00 - DEBUG - [trading_loop] [N/A] ⏱ Skipping VWAP_diff_signal_rsi_1700, not yet time (every 5m)
2025-04-15 16:38:00 - DEBUG - [trading_loop] [N/A] ⏱ Skipping EMA_Cross_ema50, not yet time (every 5m)
2025-04-15 16:38:00 - DEBUG - [trading_loop] [N/A] ⏱ Skipping SMA_Cross_sma50, not yet time (every 5m)
2025-04-15 16:38:00 - INFO - [trading_loop] [N/A] 📊 Updating SL/TP for active orders
2025-04-15 16:38:01 - INFO - [_wait_until_next_iteration] [N/A] ⏳ Sleeping for 58.93 seconds before the next cycle
2025-04-15 16:39:00 - DEBUG - [trading_loop] [N/A] ⏱ Skipping EMA_Cross_candle, not yet time (every 5m)
2025-04-15 16:39:00 - DEBUG - [trading_loop] [N/A] ⏱ Skipping VWAP_diff_signal_1700, not yet time (every 5m)
2025-04-15 16:39:00 - DEBUG - [trading_loop] [N/A] ⏱ Skipping SMA_Cross_candle, not yet time (every 5m)
2025-04-15 16:39:00 - DEBUG - [trading_loop] [N/A] ⏱ Skipping VWAP_diff_signal_rsi_1700, not yet time (every 5m)
2025-04-15 16:39:00 - DEBUG - [trading_loop] [N/A] ⏱ Skipping EMA_Cross_ema50, not yet time (every 5m)
2025-04-15 16:39:00 - DEBUG - [trading_loop] [N/A] ⏱ Skipping SMA_Cross_sma50, not yet time (every 5m)
2025-04-15 16:39:00 - INFO - [trading_loop] [N/A] 📊 Updating SL/TP for active orders
2025-04-15 16:39:01 - INFO - [_wait_until_next_iteration] [N/A] ⏳ Sleeping for 58.94 seconds before the next cycle
2025-04-15 16:40:00 - INFO - [_run_strategy_if_applicable] [N/A] 🔄 Starting trading loop for strategy: EMA_Cross_candle
2025-04-15 16:40:00 - INFO - [get_stock_data] [BAX] Requesting data for BAX
2025-04-15 16:40:00 - INFO - [get_stock_data] [BAX] Data received for BAX: 80 rows
2025-04-15 16:40:00 - INFO - [check_ema_cross_candle] [BAX] Analyzing EMA signals for BAX
2025-04-15 16:40:00 - INFO - [check_ema_cross_candle] [BAX] EMA9: 28.389440158400465, EMA21: 28.36860254378248 | Prev EMA9: 28.404300198000577, EMA21: 28.37246279816073 | Candle: bearish
2025-04-15 16:40:00 - DEBUG - [check_ema_cross_candle] [BAX] No signal detected
2025-04-15 16:40:00 - DEBUG - [_run_single_trading_iteration] [BAX] 🔍 Signal for BAX: None
2025-04-15 16:40:00 - INFO - [_run_single_trading_iteration] [BAX] ℹ️ No valid signal for BAX
2025-04-15 16:40:00 - INFO - [get_stock_data] [CTRA] Requesting data for CTRA
2025-04-15 16:40:01 - INFO - [get_stock_data] [CTRA] Data received for CTRA: 80 rows
2025-04-15 16:40:01 - INFO - [check_ema_cross_candle] [CTRA] Analyzing EMA signals for CTRA
2025-04-15 16:40:01 - INFO - [check_ema_cross_candle] [CTRA] EMA9: 25.278140652468874, EMA21: 25.23105045850709 | Prev EMA9: 25.235175815586093, EMA21: 25.209155504357803 | Candle: bullish
2025-04-15 16:40:01 - DEBUG - [check_ema_cross_candle] [CTRA] No signal detected
2025-04-15 16:40:01 - DEBUG - [_run_single_trading_iteration] [CTRA] 🔍 Signal for CTRA: None
2025-04-15 16:40:01 - INFO - [_run_single_trading_iteration] [CTRA] ℹ️ No valid signal for CTRA
2025-04-15 16:40:01 - INFO - [get_stock_data] [EXC] Requesting data for EXC
2025-04-15 16:40:01 - INFO - [get_stock_data] [EXC] Data received for EXC: 80 rows
2025-04-15 16:40:01 - INFO - [check_ema_cross_candle] [EXC] Analyzing EMA signals for EXC
2025-04-15 16:40:01 - INFO - [check_ema_cross_candle] [EXC] EMA9: 46.89583393217214, EMA21: 46.88526313631949 | Prev EMA9: 46.89479241521517, EMA21: 46.883789449951436 | Candle: bullish
2025-04-15 16:40:01 - DEBUG - [check_ema_cross_candle] [EXC] No signal detected
2025-04-15 16:40:01 - DEBUG - [_run_single_trading_iteration] [EXC] 🔍 Signal for EXC: None
2025-04-15 16:40:01 - INFO - [_run_single_trading_iteration] [EXC] ℹ️ No valid signal for EXC
2025-04-15 16:40:01 - DEBUG - [_run_single_trading_iteration] [FITB] 🚫 Trade not allowed for FITB (limit reached)
2025-04-15 16:40:01 - INFO - [get_stock_data] [KMI] Requesting data for KMI
2025-04-15 16:40:02 - INFO - [get_stock_data] [KMI] Data received for KMI: 80 rows
2025-04-15 16:40:02 - INFO - [check_ema_cross_candle] [KMI] Analyzing EMA signals for KMI
2025-04-15 16:40:02 - INFO - [check_ema_cross_candle] [KMI] EMA9: 27.007345646355592, EMA21: 26.968500087761193 | Prev EMA9: 26.95418205794449, EMA21: 26.943350096537312 | Candle: bullish
2025-04-15 16:40:02 - DEBUG - [check_ema_cross_candle] [KMI] No signal detected
2025-04-15 16:40:02 - DEBUG - [_run_single_trading_iteration] [KMI] 🔍 Signal for KMI: None
2025-04-15 16:40:02 - INFO - [_run_single_trading_iteration] [KMI] ℹ️ No valid signal for KMI
2025-04-15 16:40:02 - INFO - [get_stock_data] [UDR] Requesting data for UDR
2025-04-15 16:40:02 - INFO - [get_stock_data] [UDR] Data received for UDR: 80 rows
2025-04-15 16:40:02 - INFO - [check_ema_cross_candle] [UDR] Analyzing EMA signals for UDR
2025-04-15 16:40:02 - INFO - [check_ema_cross_candle] [UDR] EMA9: 40.884230092380015, EMA21: 40.85687787898888 | Prev EMA9: 40.85278761547502, EMA21: 40.841565666887774 | Candle: bullish
2025-04-15 16:40:02 - DEBUG - [check_ema_cross_candle] [UDR] No signal detected
2025-04-15 16:40:02 - DEBUG - [_run_single_trading_iteration] [UDR] 🔍 Signal for UDR: None
2025-04-15 16:40:02 - INFO - [_run_single_trading_iteration] [UDR] ℹ️ No valid signal for UDR
2025-04-15 16:40:02 - INFO - [get_stock_data] [WBA] Requesting data for WBA
2025-04-15 16:40:03 - INFO - [get_stock_data] [WBA] Data received for WBA: 80 rows
2025-04-15 16:40:03 - INFO - [check_ema_cross_candle] [WBA] Analyzing EMA signals for WBA
2025-04-15 16:40:03 - INFO - [check_ema_cross_candle] [WBA] EMA9: 10.912611401339552, EMA21: 10.930870076691043 | Prev EMA9: 10.925764251674439, EMA21: 10.937957084360148 | Candle: bearish
2025-04-15 16:40:03 - DEBUG - [check_ema_cross_candle] [WBA] No signal detected
2025-04-15 16:40:03 - DEBUG - [_run_single_trading_iteration] [WBA] 🔍 Signal for WBA: None
2025-04-15 16:40:03 - INFO - [_run_single_trading_iteration] [WBA] ℹ️ No valid signal for WBA
2025-04-15 16:40:03 - INFO - [_run_strategy_if_applicable] [N/A] ⏰ Strategy 'VWAP_diff_signal_1700' not executed because it's outside the time window: 17:30:00 - 19:00:00
2025-04-15 16:40:03 - INFO - [_run_strategy_if_applicable] [N/A] 🔄 Starting trading loop for strategy: SMA_Cross_candle
2025-04-15 16:40:03 - INFO - [get_stock_data] [DVN] Requesting data for DVN
2025-04-15 16:40:03 - INFO - [get_stock_data] [DVN] Data received for DVN: 80 rows
2025-04-15 16:40:04 - INFO - [check_sma_cross_candle] [DVN] Analyzing SMA signals for DVN
2025-04-15 16:40:04 - INFO - [check_sma_cross_candle] [DVN] SMA5: 28.880000000000003, SMA20: 28.8065 | Prev SMA5: 28.804000000000002, SMA20: 28.787 | Candle direction: bullish
2025-04-15 16:40:04 - DEBUG - [check_sma_cross_candle] [DVN] No signal detected
2025-04-15 16:40:04 - DEBUG - [_run_single_trading_iteration] [DVN] 🔍 Signal for DVN: None
2025-04-15 16:40:04 - INFO - [_run_single_trading_iteration] [DVN] ℹ️ No valid signal for DVN
2025-04-15 16:40:04 - INFO - [get_stock_data] [LUV] Requesting data for LUV
2025-04-15 16:40:04 - INFO - [get_stock_data] [LUV] Data received for LUV: 80 rows
2025-04-15 16:40:04 - INFO - [check_sma_cross_candle] [LUV] Analyzing SMA signals for LUV
2025-04-15 16:40:04 - INFO - [check_sma_cross_candle] [LUV] SMA5: 25.833999999999996, SMA20: 25.6615 | Prev SMA5: 25.71, SMA20: 25.627999999999997 | Candle direction: bullish
2025-04-15 16:40:04 - DEBUG - [check_sma_cross_candle] [LUV] No signal detected
2025-04-15 16:40:04 - DEBUG - [_run_single_trading_iteration] [LUV] 🔍 Signal for LUV: None
2025-04-15 16:40:04 - INFO - [_run_single_trading_iteration] [LUV] ℹ️ No valid signal for LUV
2025-04-15 16:40:04 - INFO - [get_stock_data] [NI] Requesting data for NI
2025-04-15 16:40:05 - INFO - [get_stock_data] [NI] Data received for NI: 80 rows
2025-04-15 16:40:05 - INFO - [check_sma_cross_candle] [NI] Analyzing SMA signals for NI
2025-04-15 16:40:05 - INFO - [check_sma_cross_candle] [NI] SMA5: 39.342, SMA20: 39.3515 | Prev SMA5: 39.332, SMA20: 39.346500000000006 | Candle direction: bullish
2025-04-15 16:40:05 - DEBUG - [check_sma_cross_candle] [NI] No signal detected
2025-04-15 16:40:05 - DEBUG - [_run_single_trading_iteration] [NI] 🔍 Signal for NI: None
2025-04-15 16:40:05 - INFO - [_run_single_trading_iteration] [NI] ℹ️ No valid signal for NI
2025-04-15 16:40:05 - INFO - [get_stock_data] [WBD] Requesting data for WBD
2025-04-15 16:40:05 - INFO - [get_stock_data] [WBD] Data received for WBD: 81 rows
2025-04-15 16:40:05 - INFO - [check_sma_cross_candle] [WBD] Analyzing SMA signals for WBD
2025-04-15 16:40:05 - INFO - [check_sma_cross_candle] [WBD] SMA5: 8.074, SMA20: 8.055 | Prev SMA5: 8.056000000000001, SMA20: 8.05 | Candle direction: bullish
2025-04-15 16:40:05 - DEBUG - [check_sma_cross_candle] [WBD] No signal detected
2025-04-15 16:40:05 - DEBUG - [_run_single_trading_iteration] [WBD] 🔍 Signal for WBD: None
2025-04-15 16:40:05 - INFO - [_run_single_trading_iteration] [WBD] ℹ️ No valid signal for WBD
2025-04-15 16:40:05 - INFO - [_run_strategy_if_applicable] [N/A] ⏰ Strategy 'VWAP_diff_signal_rsi_1700' not executed because it's outside the time window: 17:30:00 - 19:00:00
2025-04-15 16:40:05 - INFO - [_run_strategy_if_applicable] [N/A] 🔄 Starting trading loop for strategy: EMA_Cross_ema50
2025-04-15 16:40:05 - INFO - [get_stock_data] [CFG] Requesting data for CFG
2025-04-15 16:40:06 - INFO - [get_stock_data] [CFG] Data received for CFG: 81 rows
2025-04-15 16:40:06 - INFO - [check_ema_cross_ema50] [CFG] Analyzing EMA signals for CFG
2025-04-15 16:40:06 - INFO - [check_ema_cross_ema50] [CFG] EMA9: 35.82923960599093, EMA21: 35.72993099695529, EMA50: 35.59770737940354 | Prev EMA9: 35.74404950748866, EMA21: 35.68592409665082
2025-04-15 16:40:06 - DEBUG - [check_ema_cross_ema50] [CFG] No signal detected
2025-04-15 16:40:06 - DEBUG - [_run_single_trading_iteration] [CFG] 🔍 Signal for CFG: None
2025-04-15 16:40:06 - INFO - [_run_single_trading_iteration] [CFG] ℹ️ No valid signal for CFG
2025-04-15 16:40:06 - INFO - [get_stock_data] [CZR] Requesting data for CZR
2025-04-15 16:40:06 - INFO - [get_stock_data] [CZR] Data received for CZR: 81 rows
2025-04-15 16:40:06 - INFO - [check_ema_cross_ema50] [CZR] Analyzing EMA signals for CZR
2025-04-15 16:40:06 - INFO - [check_ema_cross_ema50] [CZR] EMA9: 25.387008053268165, EMA21: 25.364118782164805, EMA50: 25.30412989901042 | Prev EMA9: 25.371260066585204, EMA21: 25.355530660381287
2025-04-15 16:40:06 - DEBUG - [check_ema_cross_ema50] [CZR] No signal detected
2025-04-15 16:40:06 - DEBUG - [_run_single_trading_iteration] [CZR] 🔍 Signal for CZR: None
2025-04-15 16:40:06 - INFO - [_run_single_trading_iteration] [CZR] ℹ️ No valid signal for CZR
2025-04-15 16:40:06 - INFO - [get_stock_data] [GEN] Requesting data for GEN
2025-04-15 16:40:07 - INFO - [get_stock_data] [GEN] Data received for GEN: 81 rows
2025-04-15 16:40:07 - INFO - [check_ema_cross_ema50] [GEN] Analyzing EMA signals for GEN
2025-04-15 16:40:07 - INFO - [check_ema_cross_ema50] [GEN] EMA9: 24.669099399623704, EMA21: 24.613821673546372, EMA50: 24.579728645527368 | Prev EMA9: 24.623874249529628, EMA21: 24.59020384090101
2025-04-15 16:40:07 - DEBUG - [check_ema_cross_ema50] [GEN] No signal detected
2025-04-15 16:40:07 - DEBUG - [_run_single_trading_iteration] [GEN] 🔍 Signal for GEN: None
2025-04-15 16:40:07 - INFO - [_run_single_trading_iteration] [GEN] ℹ️ No valid signal for GEN
2025-04-15 16:40:07 - INFO - [get_stock_data] [PARA] Requesting data for PARA
2025-04-15 16:40:08 - INFO - [get_stock_data] [PARA] Data received for PARA: 81 rows
2025-04-15 16:40:08 - INFO - [check_ema_cross_ema50] [PARA] Analyzing EMA signals for PARA
2025-04-15 16:40:08 - INFO - [check_ema_cross_ema50] [PARA] EMA9: 10.732479169033649, EMA21: 10.745538085201018, EMA50: 10.748648577322616 | Prev EMA9: 10.74059896129206, EMA21: 10.75009189372112
2025-04-15 16:40:08 - DEBUG - [check_ema_cross_ema50] [PARA] No signal detected
2025-04-15 16:40:08 - DEBUG - [_run_single_trading_iteration] [PARA] 🔍 Signal for PARA: None
2025-04-15 16:40:08 - INFO - [_run_single_trading_iteration] [PARA] ℹ️ No valid signal for PARA
2025-04-15 16:40:08 - INFO - [get_stock_data] [PPL] Requesting data for PPL
2025-04-15 16:40:08 - INFO - [get_stock_data] [PPL] Data received for PPL: 81 rows
2025-04-15 16:40:08 - INFO - [check_ema_cross_ema50] [PPL] Analyzing EMA signals for PPL
2025-04-15 16:40:08 - INFO - [check_ema_cross_ema50] [PPL] EMA9: 35.51352755025936, EMA21: 35.49824532017393, EMA50: 35.46037934075432 | Prev EMA9: 35.5069094378242, EMA21: 35.494069852191316
2025-04-15 16:40:08 - DEBUG - [check_ema_cross_ema50] [PPL] No signal detected
2025-04-15 16:40:08 - DEBUG - [_run_single_trading_iteration] [PPL] 🔍 Signal for PPL: None
2025-04-15 16:40:08 - INFO - [_run_single_trading_iteration] [PPL] ℹ️ No valid signal for PPL
2025-04-15 16:40:08 - DEBUG - [_run_single_trading_iteration] [TFC] 🚫 Trade not allowed for TFC (limit reached)
2025-04-15 16:40:08 - INFO - [get_stock_data] [WBD] Requesting data for WBD
2025-04-15 16:40:09 - INFO - [get_stock_data] [WBD] Data received for WBD: 81 rows
2025-04-15 16:40:09 - INFO - [check_ema_cross_ema50] [WBD] Analyzing EMA signals for WBD
2025-04-15 16:40:09 - INFO - [check_ema_cross_ema50] [WBD] EMA9: 8.058578620426042, EMA21: 8.052329498246314, EMA50: 8.065643936875542 | Prev EMA9: 8.038223275532552, EMA21: 8.043562448070945
2025-04-15 16:40:09 - INFO - [check_ema_cross_ema50] [WBD] ✅ BUY signal at 8.14, SL: 8.083020000000001, TP: 8.253960000000001
2025-04-15 16:40:09 - DEBUG - [_run_single_trading_iteration] [WBD] 🔍 Signal for WBD: BUY
2025-04-15 16:40:09 - INFO - [place_order] [WBD] Placing MARKET order for WBD: 613 shares
2025-04-15 16:40:09 - INFO - [_run_single_trading_iteration] [WBD] ✅ Order BUY for WBD placed with ID 90
2025-04-15 16:40:09 - INFO - [_run_strategy_if_applicable] [N/A] 🔄 Starting trading loop for strategy: SMA_Cross_sma50
2025-04-15 16:40:09 - DEBUG - [_run_single_trading_iteration] [FITB] 🚫 Trade not allowed for FITB (limit reached)
2025-04-15 16:40:09 - INFO - [get_stock_data] [HPQ] Requesting data for HPQ
2025-04-15 16:40:10 - INFO - [get_stock_data] [HPQ] Data received for HPQ: 81 rows
2025-04-15 16:40:10 - INFO - [check_sma_cross_sma50] [HPQ] Analyzing SMA signals for HPQ
2025-04-15 16:40:10 - INFO - [check_sma_cross_sma50] [HPQ] SMA5: 24.106, SMA20: 24.1905, SMA50: 24.043200000000002 | Prev SMA5: 24.126, SMA20: 24.191499999999998
2025-04-15 16:40:10 - DEBUG - [check_sma_cross_sma50] [HPQ] No signal detected
2025-04-15 16:40:10 - DEBUG - [_run_single_trading_iteration] [HPQ] 🔍 Signal for HPQ: None
2025-04-15 16:40:10 - INFO - [_run_single_trading_iteration] [HPQ] ℹ️ No valid signal for HPQ
2025-04-15 16:40:10 - INFO - [get_stock_data] [IPG] Requesting data for IPG
2025-04-15 16:40:10 - INFO - [get_stock_data] [IPG] Data received for IPG: 81 rows
2025-04-15 16:40:10 - INFO - [check_sma_cross_sma50] [IPG] Analyzing SMA signals for IPG
2025-04-15 16:40:10 - INFO - [check_sma_cross_sma50] [IPG] SMA5: 25.238, SMA20: 25.154500000000002, SMA50: 25.0452 | Prev SMA5: 25.188, SMA20: 25.136000000000003
2025-04-15 16:40:10 - DEBUG - [check_sma_cross_sma50] [IPG] No signal detected
2025-04-15 16:40:10 - DEBUG - [_run_single_trading_iteration] [IPG] 🔍 Signal for IPG: None
2025-04-15 16:40:10 - INFO - [_run_single_trading_iteration] [IPG] ℹ️ No valid signal for IPG
2025-04-15 16:40:10 - INFO - [get_stock_data] [LVS] Requesting data for LVS
2025-04-15 16:40:11 - INFO - [get_stock_data] [LVS] Data received for LVS: 81 rows
2025-04-15 16:40:11 - INFO - [check_sma_cross_sma50] [LVS] Analyzing SMA signals for LVS
2025-04-15 16:40:11 - INFO - [check_sma_cross_sma50] [LVS] SMA5: 32.248000000000005, SMA20: 32.178999999999995, SMA50: 32.0734 | Prev SMA5: 32.224000000000004, SMA20: 32.173500000000004
2025-04-15 16:40:11 - DEBUG - [check_sma_cross_sma50] [LVS] No signal detected
2025-04-15 16:40:11 - DEBUG - [_run_single_trading_iteration] [LVS] 🔍 Signal for LVS: None
2025-04-15 16:40:11 - INFO - [_run_single_trading_iteration] [LVS] ℹ️ No valid signal for LVS
2025-04-15 16:40:11 - INFO - [get_stock_data] [NCLH] Requesting data for NCLH
2025-04-15 16:40:11 - INFO - [get_stock_data] [NCLH] Data received for NCLH: 81 rows
2025-04-15 16:40:11 - INFO - [check_sma_cross_sma50] [NCLH] Analyzing SMA signals for NCLH
2025-04-15 16:40:11 - INFO - [check_sma_cross_sma50] [NCLH] SMA5: 16.418, SMA20: 16.4475, SMA50: 16.4236 | Prev SMA5: 16.413999999999998, SMA20: 16.447499999999998
2025-04-15 16:40:11 - DEBUG - [check_sma_cross_sma50] [NCLH] No signal detected
2025-04-15 16:40:11 - DEBUG - [_run_single_trading_iteration] [NCLH] 🔍 Signal for NCLH: None
2025-04-15 16:40:11 - INFO - [_run_single_trading_iteration] [NCLH] ℹ️ No valid signal for NCLH
2025-04-15 16:40:11 - INFO - [get_stock_data] [NWSA] Requesting data for NWSA
2025-04-15 16:40:12 - INFO - [get_stock_data] [NWSA] Data received for NWSA: 81 rows
2025-04-15 16:40:12 - INFO - [check_sma_cross_sma50] [NWSA] Analyzing SMA signals for NWSA
2025-04-15 16:40:12 - INFO - [check_sma_cross_sma50] [NWSA] SMA5: 26.410000000000004, SMA20: 26.3495, SMA50: 26.2448 | Prev SMA5: 26.380000000000003, SMA20: 26.334500000000002
2025-04-15 16:40:12 - DEBUG - [check_sma_cross_sma50] [NWSA] No signal detected
2025-04-15 16:40:12 - DEBUG - [_run_single_trading_iteration] [NWSA] 🔍 Signal for NWSA: None
2025-04-15 16:40:12 - INFO - [_run_single_trading_iteration] [NWSA] ℹ️ No valid signal for NWSA
2025-04-15 16:40:12 - INFO - [trading_loop] [N/A] 📊 Updating SL/TP for active orders
2025-04-15 16:40:13 - INFO - [update_orders] [N/A] ✅ Order 90 filled at 8.181843
2025-04-15 16:40:13 - INFO - [set_tp_sl_direct] [N/A] 🔹 Setting TP (MIT) 8.25 and SL 8.08 for WBD
2025-04-15 16:40:15 - INFO - [set_tp_sl_direct] [N/A] ✅ TP (MIT) Order Status: PendingSubmit (Trigger: 8.25)
2025-04-15 16:40:15 - INFO - [set_tp_sl_direct] [N/A] ✅ SL (Stop) Order Status: PreSubmitted (Trigger: 8.08)
2025-04-15 16:40:15 - INFO - [_wait_until_next_iteration] [N/A] ⏳ Sleeping for 44.24 seconds before the next cycle
2025-04-15 16:41:00 - DEBUG - [trading_loop] [N/A] ⏱ Skipping EMA_Cross_candle, not yet time (every 5m)
2025-04-15 16:41:00 - DEBUG - [trading_loop] [N/A] ⏱ Skipping VWAP_diff_signal_1700, not yet time (every 5m)
2025-04-15 16:41:00 - DEBUG - [trading_loop] [N/A] ⏱ Skipping SMA_Cross_candle, not yet time (every 5m)
2025-04-15 16:41:00 - DEBUG - [trading_loop] [N/A] ⏱ Skipping VWAP_diff_signal_rsi_1700, not yet time (every 5m)
2025-04-15 16:41:00 - DEBUG - [trading_loop] [N/A] ⏱ Skipping EMA_Cross_ema50, not yet time (every 5m)
2025-04-15 16:41:00 - DEBUG - [trading_loop] [N/A] ⏱ Skipping SMA_Cross_sma50, not yet time (every 5m)
2025-04-15 16:41:00 - INFO - [trading_loop] [N/A] 📊 Updating SL/TP for active orders
2025-04-15 16:41:01 - INFO - [_wait_until_next_iteration] [N/A] ⏳ Sleeping for 58.94 seconds before the next cycle
2025-04-15 16:42:00 - DEBUG - [trading_loop] [N/A] ⏱ Skipping EMA_Cross_candle, not yet time (every 5m)
2025-04-15 16:42:00 - DEBUG - [trading_loop] [N/A] ⏱ Skipping VWAP_diff_signal_1700, not yet time (every 5m)
2025-04-15 16:42:00 - DEBUG - [trading_loop] [N/A] ⏱ Skipping SMA_Cross_candle, not yet time (every 5m)
2025-04-15 16:42:00 - DEBUG - [trading_loop] [N/A] ⏱ Skipping VWAP_diff_signal_rsi_1700, not yet time (every 5m)
2025-04-15 16:42:00 - DEBUG - [trading_loop] [N/A] ⏱ Skipping EMA_Cross_ema50, not yet time (every 5m)
2025-04-15 16:42:00 - DEBUG - [trading_loop] [N/A] ⏱ Skipping SMA_Cross_sma50, not yet time (every 5m)
2025-04-15 16:42:00 - INFO - [trading_loop] [N/A] 📊 Updating SL/TP for active orders
2025-04-15 16:42:01 - INFO - [_wait_until_next_iteration] [N/A] ⏳ Sleeping for 58.93 seconds before the next cycle
2025-04-15 16:43:00 - DEBUG - [trading_loop] [N/A] ⏱ Skipping EMA_Cross_candle, not yet time (every 5m)
2025-04-15 16:43:00 - DEBUG - [trading_loop] [N/A] ⏱ Skipping VWAP_diff_signal_1700, not yet time (every 5m)
2025-04-15 16:43:00 - DEBUG - [trading_loop] [N/A] ⏱ Skipping SMA_Cross_candle, not yet time (every 5m)
2025-04-15 16:43:00 - DEBUG - [trading_loop] [N/A] ⏱ Skipping VWAP_diff_signal_rsi_1700, not yet time (every 5m)
2025-04-15 16:43:00 - DEBUG - [trading_loop] [N/A] ⏱ Skipping EMA_Cross_ema50, not yet time (every 5m)
2025-04-15 16:43:00 - DEBUG - [trading_loop] [N/A] ⏱ Skipping SMA_Cross_sma50, not yet time (every 5m)
2025-04-15 16:43:00 - INFO - [trading_loop] [N/A] 📊 Updating SL/TP for active orders
2025-04-15 16:43:01 - INFO - [_wait_until_next_iteration] [N/A] ⏳ Sleeping for 58.93 seconds before the next cycle
2025-04-15 16:44:00 - DEBUG - [trading_loop] [N/A] ⏱ Skipping EMA_Cross_candle, not yet time (every 5m)
2025-04-15 16:44:00 - DEBUG - [trading_loop] [N/A] ⏱ Skipping VWAP_diff_signal_1700, not yet time (every 5m)
2025-04-15 16:44:00 - DEBUG - [trading_loop] [N/A] ⏱ Skipping SMA_Cross_candle, not yet time (every 5m)
2025-04-15 16:44:00 - DEBUG - [trading_loop] [N/A] ⏱ Skipping VWAP_diff_signal_rsi_1700, not yet time (every 5m)
2025-04-15 16:44:00 - DEBUG - [trading_loop] [N/A] ⏱ Skipping EMA_Cross_ema50, not yet time (every 5m)
2025-04-15 16:44:00 - DEBUG - [trading_loop] [N/A] ⏱ Skipping SMA_Cross_sma50, not yet time (every 5m)
2025-04-15 16:44:00 - INFO - [trading_loop] [N/A] 📊 Updating SL/TP for active orders
2025-04-15 16:44:01 - INFO - [_wait_until_next_iteration] [N/A] ⏳ Sleeping for 58.93 seconds before the next cycle
2025-04-15 16:45:00 - INFO - [_run_strategy_if_applicable] [N/A] 🔄 Starting trading loop for strategy: EMA_Cross_candle
2025-04-15 16:45:00 - INFO - [get_stock_data] [BAX] Requesting data for BAX
2025-04-15 16:45:00 - INFO - [get_stock_data] [BAX] Data received for BAX: 81 rows
2025-04-15 16:45:00 - INFO - [check_ema_cross_candle] [BAX] Analyzing EMA signals for BAX
2025-04-15 16:45:00 - INFO - [check_ema_cross_candle] [BAX] EMA9: 28.371952126720373, EMA21: 28.36244859352126 | Prev EMA9: 28.387440158400466, EMA21: 28.36769345287339 | Candle: bearish
2025-04-15 16:45:00 - DEBUG - [check_ema_cross_candle] [BAX] No signal detected
2025-04-15 16:45:00 - DEBUG - [_run_single_trading_iteration] [BAX] 🔍 Signal for BAX: None
2025-04-15 16:45:00 - INFO - [_run_single_trading_iteration] [BAX] ℹ️ No valid signal for BAX
2025-04-15 16:45:00 - INFO - [get_stock_data] [CTRA] Requesting data for CTRA
2025-04-15 16:45:01 - INFO - [get_stock_data] [CTRA] Data received for CTRA: 81 rows
2025-04-15 16:45:01 - INFO - [check_ema_cross_candle] [CTRA] Analyzing EMA signals for CTRA
2025-04-15 16:45:01 - INFO - [check_ema_cross_candle] [CTRA] EMA9: 25.3245125219751, EMA21: 25.25640950773372 | Prev EMA9: 25.278140652468874, EMA21: 25.23105045850709 | Candle: bullish
2025-04-15 16:45:01 - DEBUG - [check_ema_cross_candle] [CTRA] No signal detected
2025-04-15 16:45:01 - DEBUG - [_run_single_trading_iteration] [CTRA] 🔍 Signal for CTRA: None
2025-04-15 16:45:01 - INFO - [_run_single_trading_iteration] [CTRA] ℹ️ No valid signal for CTRA
2025-04-15 16:45:01 - INFO - [get_stock_data] [EXC] Requesting data for EXC
2025-04-15 16:45:01 - INFO - [get_stock_data] [EXC] Data received for EXC: 81 rows
2025-04-15 16:45:01 - INFO - [check_ema_cross_candle] [EXC] Analyzing EMA signals for EXC
2025-04-15 16:45:01 - INFO - [check_ema_cross_candle] [EXC] EMA9: 46.93466714573771, EMA21: 46.90387557847226 | Prev EMA9: 46.89583393217214, EMA21: 46.88526313631949 | Candle: bullish
2025-04-15 16:45:01 - DEBUG - [check_ema_cross_candle] [EXC] No signal detected
2025-04-15 16:45:01 - DEBUG - [_run_single_trading_iteration] [EXC] 🔍 Signal for EXC: None
2025-04-15 16:45:01 - INFO - [_run_single_trading_iteration] [EXC] ℹ️ No valid signal for EXC
2025-04-15 16:45:01 - DEBUG - [_run_single_trading_iteration] [FITB] 🚫 Trade not allowed for FITB (limit reached)
2025-04-15 16:45:01 - INFO - [get_stock_data] [KMI] Requesting data for KMI
2025-04-15 16:45:02 - INFO - [get_stock_data] [KMI] Data received for KMI: 81 rows
2025-04-15 16:45:02 - INFO - [check_ema_cross_candle] [KMI] Analyzing EMA signals for KMI
2025-04-15 16:45:02 - INFO - [check_ema_cross_candle] [KMI] EMA9: 27.085876517084476, EMA21: 27.007727352510177 | Prev EMA9: 27.007345646355592, EMA21: 26.968500087761193 | Candle: bullish
2025-04-15 16:45:02 - DEBUG - [check_ema_cross_candle] [KMI] No signal detected
2025-04-15 16:45:02 - DEBUG - [_run_single_trading_iteration] [KMI] 🔍 Signal for KMI: None
2025-04-15 16:45:02 - INFO - [_run_single_trading_iteration] [KMI] ℹ️ No valid signal for KMI
2025-04-15 16:45:02 - INFO - [get_stock_data] [UDR] Requesting data for UDR
2025-04-15 16:45:03 - INFO - [get_stock_data] [UDR] Data received for UDR: 81 rows
2025-04-15 16:45:03 - INFO - [check_ema_cross_candle] [UDR] Analyzing EMA signals for UDR
2025-04-15 16:45:03 - INFO - [check_ema_cross_candle] [UDR] EMA9: 40.90138407390402, EMA21: 40.867161708171714 | Prev EMA9: 40.884230092380015, EMA21: 40.85687787898888 | Candle: bearish
2025-04-15 16:45:03 - DEBUG - [check_ema_cross_candle] [UDR] No signal detected
2025-04-15 16:45:03 - DEBUG - [_run_single_trading_iteration] [UDR] 🔍 Signal for UDR: None
2025-04-15 16:45:03 - INFO - [_run_single_trading_iteration] [UDR] ℹ️ No valid signal for UDR
2025-04-15 16:45:03 - INFO - [get_stock_data] [WBA] Requesting data for WBA
2025-04-15 16:45:03 - INFO - [get_stock_data] [WBA] Data received for WBA: 81 rows
2025-04-15 16:45:03 - INFO - [check_ema_cross_candle] [WBA] Analyzing EMA signals for WBA
2025-04-15 16:45:03 - INFO - [check_ema_cross_candle] [WBA] EMA9: 10.900089121071641, EMA21: 10.923518251537311 | Prev EMA9: 10.912611401339552, EMA21: 10.930870076691043 | Candle: bearish
2025-04-15 16:45:03 - DEBUG - [check_ema_cross_candle] [WBA] No signal detected
2025-04-15 16:45:03 - DEBUG - [_run_single_trading_iteration] [WBA] 🔍 Signal for WBA: None
2025-04-15 16:45:03 - INFO - [_run_single_trading_iteration] [WBA] ℹ️ No valid signal for WBA
2025-04-15 16:45:03 - INFO - [_run_strategy_if_applicable] [N/A] ⏰ Strategy 'VWAP_diff_signal_1700' not executed because it's outside the time window: 17:30:00 - 19:00:00
2025-04-15 16:45:03 - INFO - [_run_strategy_if_applicable] [N/A] 🔄 Starting trading loop for strategy: SMA_Cross_candle
2025-04-15 16:45:03 - INFO - [get_stock_data] [DVN] Requesting data for DVN
2025-04-15 16:45:04 - INFO - [get_stock_data] [DVN] Data received for DVN: 81 rows
2025-04-15 16:45:04 - INFO - [check_sma_cross_candle] [DVN] Analyzing SMA signals for DVN
2025-04-15 16:45:04 - INFO - [check_sma_cross_candle] [DVN] SMA5: 28.986, SMA20: 28.833 | Prev SMA5: 28.880000000000003, SMA20: 28.8065 | Candle direction: bullish
2025-04-15 16:45:04 - DEBUG - [check_sma_cross_candle] [DVN] No signal detected
2025-04-15 16:45:04 - DEBUG - [_run_single_trading_iteration] [DVN] 🔍 Signal for DVN: None
2025-04-15 16:45:04 - INFO - [_run_single_trading_iteration] [DVN] ℹ️ No valid signal for DVN
2025-04-15 16:45:04 - INFO - [get_stock_data] [LUV] Requesting data for LUV
2025-04-15 16:45:05 - INFO - [get_stock_data] [LUV] Data received for LUV: 81 rows
2025-04-15 16:45:05 - INFO - [check_sma_cross_candle] [LUV] Analyzing SMA signals for LUV
2025-04-15 16:45:05 - INFO - [check_sma_cross_candle] [LUV] SMA5: 25.986, SMA20: 25.700499999999998 | Prev SMA5: 25.833999999999996, SMA20: 25.6615 | Candle direction: bullish
2025-04-15 16:45:05 - DEBUG - [check_sma_cross_candle] [LUV] No signal detected
2025-04-15 16:45:05 - DEBUG - [_run_single_trading_iteration] [LUV] 🔍 Signal for LUV: None
2025-04-15 16:45:05 - INFO - [_run_single_trading_iteration] [LUV] ℹ️ No valid signal for LUV
2025-04-15 16:45:05 - INFO - [get_stock_data] [NI] Requesting data for NI
2025-04-15 16:45:05 - INFO - [get_stock_data] [NI] Data received for NI: 82 rows
2025-04-15 16:45:05 - INFO - [check_sma_cross_candle] [NI] Analyzing SMA signals for NI
2025-04-15 16:45:05 - INFO - [check_sma_cross_candle] [NI] SMA5: 39.416000000000004, SMA20: 39.37 | Prev SMA5: 39.372, SMA20: 39.359500000000004 | Candle direction: bearish
2025-04-15 16:45:05 - DEBUG - [check_sma_cross_candle] [NI] No signal detected
2025-04-15 16:45:05 - DEBUG - [_run_single_trading_iteration] [NI] 🔍 Signal for NI: None
2025-04-15 16:45:05 - INFO - [_run_single_trading_iteration] [NI] ℹ️ No valid signal for NI
2025-04-15 16:45:05 - DEBUG - [_run_single_trading_iteration] [WBD] 🚫 Trade not allowed for WBD (limit reached)
2025-04-15 16:45:05 - INFO - [_run_strategy_if_applicable] [N/A] ⏰ Strategy 'VWAP_diff_signal_rsi_1700' not executed because it's outside the time window: 17:30:00 - 19:00:00
2025-04-15 16:45:05 - INFO - [_run_strategy_if_applicable] [N/A] 🔄 Starting trading loop for strategy: EMA_Cross_ema50
2025-04-15 16:45:05 - INFO - [get_stock_data] [CFG] Requesting data for CFG
2025-04-15 16:45:06 - INFO - [get_stock_data] [CFG] Data received for CFG: 82 rows
2025-04-15 16:45:06 - INFO - [check_ema_cross_ema50] [CFG] Analyzing EMA signals for CFG
2025-04-15 16:45:06 - INFO - [check_ema_cross_ema50] [CFG] EMA9: 35.927391684792745, EMA21: 35.78357363359572, EMA50: 35.62603258021124 | Prev EMA9: 35.82923960599093, EMA21: 35.72993099695529
2025-04-15 16:45:06 - DEBUG - [check_ema_cross_ema50] [CFG] No signal detected
2025-04-15 16:45:06 - DEBUG - [_run_single_trading_iteration] [CFG] 🔍 Signal for CFG: None
2025-04-15 16:45:06 - INFO - [_run_single_trading_iteration] [CFG] ℹ️ No valid signal for CFG
2025-04-15 16:45:06 - INFO - [get_stock_data] [CZR] Requesting data for CZR
2025-04-15 16:45:07 - INFO - [get_stock_data] [CZR] Data received for CZR: 82 rows
2025-04-15 16:45:07 - INFO - [check_ema_cross_ema50] [CZR] Analyzing EMA signals for CZR
2025-04-15 16:45:07 - INFO - [check_ema_cross_ema50] [CZR] EMA9: 25.393606442614534, EMA21: 25.369198892877098, EMA50: 25.308673824539422 | Prev EMA9: 25.387008053268165, EMA21: 25.364118782164805
2025-04-15 16:45:07 - DEBUG - [check_ema_cross_ema50] [CZR] No signal detected
2025-04-15 16:45:07 - DEBUG - [_run_single_trading_iteration] [CZR] 🔍 Signal for CZR: None
2025-04-15 16:45:07 - INFO - [_run_single_trading_iteration] [CZR] ℹ️ No valid signal for CZR
2025-04-15 16:45:07 - INFO - [get_stock_data] [GEN] Requesting data for GEN
2025-04-15 16:45:07 - INFO - [get_stock_data] [GEN] Data received for GEN: 82 rows
2025-04-15 16:45:07 - INFO - [check_ema_cross_ema50] [GEN] Analyzing EMA signals for GEN
2025-04-15 16:45:07 - INFO - [check_ema_cross_ema50] [GEN] EMA9: 24.703279519698963, EMA21: 24.63438333958761, EMA50: 24.58993536531061 | Prev EMA9: 24.669099399623704, EMA21: 24.613821673546372
2025-04-15 16:45:07 - DEBUG - [check_ema_cross_ema50] [GEN] No signal detected
2025-04-15 16:45:07 - DEBUG - [_run_single_trading_iteration] [GEN] 🔍 Signal for GEN: None
2025-04-15 16:45:07 - INFO - [_run_single_trading_iteration] [GEN] ℹ️ No valid signal for GEN
2025-04-15 16:45:07 - INFO - [get_stock_data] [PARA] Requesting data for PARA
2025-04-15 16:45:08 - INFO - [get_stock_data] [PARA] Data received for PARA: 82 rows
2025-04-15 16:45:08 - INFO - [check_ema_cross_ema50] [PARA] Analyzing EMA signals for PARA
2025-04-15 16:45:08 - INFO - [check_ema_cross_ema50] [PARA] EMA9: 10.72598333522692, EMA21: 10.741398259273652, EMA50: 10.74674078997663 | Prev EMA9: 10.732479169033649, EMA21: 10.745538085201018
2025-04-15 16:45:08 - DEBUG - [check_ema_cross_ema50] [PARA] No signal detected
2025-04-15 16:45:08 - DEBUG - [_run_single_trading_iteration] [PARA] 🔍 Signal for PARA: None
2025-04-15 16:45:08 - INFO - [_run_single_trading_iteration] [PARA] ℹ️ No valid signal for PARA
2025-04-15 16:45:08 - INFO - [get_stock_data] [PPL] Requesting data for PPL
2025-04-15 16:45:08 - INFO - [get_stock_data] [PPL] Data received for PPL: 82 rows
2025-04-15 16:45:08 - INFO - [check_ema_cross_ema50] [PPL] Analyzing EMA signals for PPL
2025-04-15 16:45:08 - INFO - [check_ema_cross_ema50] [PPL] EMA9: 35.540822040207495, EMA21: 35.512041200158116, EMA50: 35.46781544503847 | Prev EMA9: 35.51352755025936, EMA21: 35.49824532017393
2025-04-15 16:45:08 - DEBUG - [check_ema_cross_ema50] [PPL] No signal detected
2025-04-15 16:45:08 - DEBUG - [_run_single_trading_iteration] [PPL] 🔍 Signal for PPL: None
2025-04-15 16:45:08 - INFO - [_run_single_trading_iteration] [PPL] ℹ️ No valid signal for PPL
2025-04-15 16:45:08 - DEBUG - [_run_single_trading_iteration] [TFC] 🚫 Trade not allowed for TFC (limit reached)
2025-04-15 16:45:08 - DEBUG - [_run_single_trading_iteration] [WBD] 🚫 Trade not allowed for WBD (limit reached)
2025-04-15 16:45:08 - INFO - [_run_strategy_if_applicable] [N/A] 🔄 Starting trading loop for strategy: SMA_Cross_sma50
2025-04-15 16:45:08 - DEBUG - [_run_single_trading_iteration] [FITB] 🚫 Trade not allowed for FITB (limit reached)
2025-04-15 16:45:08 - INFO - [get_stock_data] [HPQ] Requesting data for HPQ
2025-04-15 16:45:09 - INFO - [get_stock_data] [HPQ] Data received for HPQ: 82 rows
2025-04-15 16:45:09 - INFO - [check_sma_cross_sma50] [HPQ] Analyzing SMA signals for HPQ
2025-04-15 16:45:09 - INFO - [check_sma_cross_sma50] [HPQ] SMA5: 24.098, SMA20: 24.188499999999998, SMA50: 24.051 | Prev SMA5: 24.101999999999997, SMA20: 24.189500000000002
2025-04-15 16:45:09 - DEBUG - [check_sma_cross_sma50] [HPQ] No signal detected
2025-04-15 16:45:09 - DEBUG - [_run_single_trading_iteration] [HPQ] 🔍 Signal for HPQ: None
2025-04-15 16:45:09 - INFO - [_run_single_trading_iteration] [HPQ] ℹ️ No valid signal for HPQ
2025-04-15 16:45:09 - INFO - [get_stock_data] [IPG] Requesting data for IPG
2025-04-15 16:45:09 - INFO - [get_stock_data] [IPG] Data received for IPG: 82 rows
2025-04-15 16:45:09 - INFO - [check_sma_cross_sma50] [IPG] Analyzing SMA signals for IPG
2025-04-15 16:45:09 - INFO - [check_sma_cross_sma50] [IPG] SMA5: 25.304, SMA20: 25.1735, SMA50: 25.0586 | Prev SMA5: 25.240000000000002, SMA20: 25.155
2025-04-15 16:45:09 - DEBUG - [check_sma_cross_sma50] [IPG] No signal detected
2025-04-15 16:45:09 - DEBUG - [_run_single_trading_iteration] [IPG] 🔍 Signal for IPG: None
2025-04-15 16:45:09 - INFO - [_run_single_trading_iteration] [IPG] ℹ️ No valid signal for IPG
2025-04-15 16:45:09 - INFO - [get_stock_data] [LVS] Requesting data for LVS
2025-04-15 16:45:10 - INFO - [get_stock_data] [LVS] Data received for LVS: 82 rows
2025-04-15 16:45:10 - INFO - [check_sma_cross_sma50] [LVS] Analyzing SMA signals for LVS
2025-04-15 16:45:10 - INFO - [check_sma_cross_sma50] [LVS] SMA5: 32.328, SMA20: 32.1955, SMA50: 32.091 | Prev SMA5: 32.274, SMA20: 32.1855
2025-04-15 16:45:10 - DEBUG - [check_sma_cross_sma50] [LVS] No signal detected
2025-04-15 16:45:10 - DEBUG - [_run_single_trading_iteration] [LVS] 🔍 Signal for LVS: None
2025-04-15 16:45:10 - INFO - [_run_single_trading_iteration] [LVS] ℹ️ No valid signal for LVS
2025-04-15 16:45:10 - INFO - [get_stock_data] [NCLH] Requesting data for NCLH
2025-04-15 16:45:10 - INFO - [get_stock_data] [NCLH] Data received for NCLH: 82 rows
2025-04-15 16:45:10 - INFO - [check_sma_cross_sma50] [NCLH] Analyzing SMA signals for NCLH
2025-04-15 16:45:10 - INFO - [check_sma_cross_sma50] [NCLH] SMA5: 16.416, SMA20: 16.4435, SMA50: 16.425800000000002 | Prev SMA5: 16.414, SMA20: 16.4465
2025-04-15 16:45:10 - DEBUG - [check_sma_cross_sma50] [NCLH] No signal detected
2025-04-15 16:45:10 - DEBUG - [_run_single_trading_iteration] [NCLH] 🔍 Signal for NCLH: None
2025-04-15 16:45:10 - INFO - [_run_single_trading_iteration] [NCLH] ℹ️ No valid signal for NCLH
2025-04-15 16:45:10 - INFO - [get_stock_data] [NWSA] Requesting data for NWSA
2025-04-15 16:45:11 - INFO - [get_stock_data] [NWSA] Data received for NWSA: 82 rows
2025-04-15 16:45:11 - INFO - [check_sma_cross_sma50] [NWSA] Analyzing SMA signals for NWSA
2025-04-15 16:45:11 - INFO - [check_sma_cross_sma50] [NWSA] SMA5: 26.441999999999997, SMA20: 26.359, SMA50: 26.252200000000002 | Prev SMA5: 26.401999999999997, SMA20: 26.347500000000004
2025-04-15 16:45:11 - DEBUG - [check_sma_cross_sma50] [NWSA] No signal detected
2025-04-15 16:45:11 - DEBUG - [_run_single_trading_iteration] [NWSA] 🔍 Signal for NWSA: None
2025-04-15 16:45:11 - INFO - [_run_single_trading_iteration] [NWSA] ℹ️ No valid signal for NWSA
2025-04-15 16:45:11 - INFO - [trading_loop] [N/A] 📊 Updating SL/TP for active orders
2025-04-15 16:45:12 - INFO - [_wait_until_next_iteration] [N/A] ⏳ Sleeping for 47.52 seconds before the next cycle
2025-04-15 16:46:00 - DEBUG - [trading_loop] [N/A] ⏱ Skipping EMA_Cross_candle, not yet time (every 5m)
2025-04-15 16:46:00 - DEBUG - [trading_loop] [N/A] ⏱ Skipping VWAP_diff_signal_1700, not yet time (every 5m)
2025-04-15 16:46:00 - DEBUG - [trading_loop] [N/A] ⏱ Skipping SMA_Cross_candle, not yet time (every 5m)
2025-04-15 16:46:00 - DEBUG - [trading_loop] [N/A] ⏱ Skipping VWAP_diff_signal_rsi_1700, not yet time (every 5m)
2025-04-15 16:46:00 - DEBUG - [trading_loop] [N/A] ⏱ Skipping EMA_Cross_ema50, not yet time (every 5m)
2025-04-15 16:46:00 - DEBUG - [trading_loop] [N/A] ⏱ Skipping SMA_Cross_sma50, not yet time (every 5m)
2025-04-15 16:46:00 - INFO - [trading_loop] [N/A] 📊 Updating SL/TP for active orders
2025-04-15 16:46:01 - INFO - [_wait_until_next_iteration] [N/A] ⏳ Sleeping for 58.97 seconds before the next cycle
2025-04-15 16:47:00 - DEBUG - [trading_loop] [N/A] ⏱ Skipping EMA_Cross_candle, not yet time (every 5m)
2025-04-15 16:47:00 - DEBUG - [trading_loop] [N/A] ⏱ Skipping VWAP_diff_signal_1700, not yet time (every 5m)
2025-04-15 16:47:00 - DEBUG - [trading_loop] [N/A] ⏱ Skipping SMA_Cross_candle, not yet time (every 5m)
2025-04-15 16:47:00 - DEBUG - [trading_loop] [N/A] ⏱ Skipping VWAP_diff_signal_rsi_1700, not yet time (every 5m)
2025-04-15 16:47:00 - DEBUG - [trading_loop] [N/A] ⏱ Skipping EMA_Cross_ema50, not yet time (every 5m)
2025-04-15 16:47:00 - DEBUG - [trading_loop] [N/A] ⏱ Skipping SMA_Cross_sma50, not yet time (every 5m)
2025-04-15 16:47:00 - INFO - [trading_loop] [N/A] 📊 Updating SL/TP for active orders
2025-04-15 16:47:01 - INFO - [_wait_until_next_iteration] [N/A] ⏳ Sleeping for 58.93 seconds before the next cycle
2025-04-15 16:48:00 - DEBUG - [trading_loop] [N/A] ⏱ Skipping EMA_Cross_candle, not yet time (every 5m)
2025-04-15 16:48:00 - DEBUG - [trading_loop] [N/A] ⏱ Skipping VWAP_diff_signal_1700, not yet time (every 5m)
2025-04-15 16:48:00 - DEBUG - [trading_loop] [N/A] ⏱ Skipping SMA_Cross_candle, not yet time (every 5m)
2025-04-15 16:48:00 - DEBUG - [trading_loop] [N/A] ⏱ Skipping VWAP_diff_signal_rsi_1700, not yet time (every 5m)
2025-04-15 16:48:00 - DEBUG - [trading_loop] [N/A] ⏱ Skipping EMA_Cross_ema50, not yet time (every 5m)
2025-04-15 16:48:00 - DEBUG - [trading_loop] [N/A] ⏱ Skipping SMA_Cross_sma50, not yet time (every 5m)
2025-04-15 16:48:00 - INFO - [trading_loop] [N/A] 📊 Updating SL/TP for active orders
2025-04-15 16:48:01 - INFO - [_wait_until_next_iteration] [N/A] ⏳ Sleeping for 58.93 seconds before the next cycle
2025-04-15 16:49:00 - DEBUG - [trading_loop] [N/A] ⏱ Skipping EMA_Cross_candle, not yet time (every 5m)
2025-04-15 16:49:00 - DEBUG - [trading_loop] [N/A] ⏱ Skipping VWAP_diff_signal_1700, not yet time (every 5m)
2025-04-15 16:49:00 - DEBUG - [trading_loop] [N/A] ⏱ Skipping SMA_Cross_candle, not yet time (every 5m)
2025-04-15 16:49:00 - DEBUG - [trading_loop] [N/A] ⏱ Skipping VWAP_diff_signal_rsi_1700, not yet time (every 5m)
2025-04-15 16:49:00 - DEBUG - [trading_loop] [N/A] ⏱ Skipping EMA_Cross_ema50, not yet time (every 5m)
2025-04-15 16:49:00 - DEBUG - [trading_loop] [N/A] ⏱ Skipping SMA_Cross_sma50, not yet time (every 5m)
2025-04-15 16:49:00 - INFO - [trading_loop] [N/A] 📊 Updating SL/TP for active orders
2025-04-15 16:49:01 - INFO - [_wait_until_next_iteration] [N/A] ⏳ Sleeping for 58.94 seconds before the next cycle
2025-04-15 16:50:00 - INFO - [_run_strategy_if_applicable] [N/A] ⏰ Strategy 'EMA_Cross_candle' not executed because it's outside the time window: 16:35:00 - 16:50:00
2025-04-15 16:50:00 - INFO - [_run_strategy_if_applicable] [N/A] ⏰ Strategy 'VWAP_diff_signal_1700' not executed because it's outside the time window: 17:30:00 - 19:00:00
2025-04-15 16:50:00 - INFO - [_run_strategy_if_applicable] [N/A] ⏰ Strategy 'SMA_Cross_candle' not executed because it's outside the time window: 16:35:00 - 16:50:00
2025-04-15 16:50:00 - INFO - [_run_strategy_if_applicable] [N/A] ⏰ Strategy 'VWAP_diff_signal_rsi_1700' not executed because it's outside the time window: 17:30:00 - 19:00:00
2025-04-15 16:50:00 - INFO - [_run_strategy_if_applicable] [N/A] ⏰ Strategy 'EMA_Cross_ema50' not executed because it's outside the time window: 16:35:00 - 16:50:00
2025-04-15 16:50:00 - INFO - [_run_strategy_if_applicable] [N/A] ⏰ Strategy 'SMA_Cross_sma50' not executed because it's outside the time window: 16:35:00 - 16:50:00
2025-04-15 16:50:00 - INFO - [trading_loop] [N/A] 📊 Updating SL/TP for active orders
2025-04-15 16:50:01 - INFO - [_wait_until_next_iteration] [N/A] ⏳ Sleeping for 58.93 seconds before the next cycle
2025-04-15 16:51:00 - DEBUG - [trading_loop] [N/A] ⏱ Skipping EMA_Cross_candle, not yet time (every 5m)
2025-04-15 16:51:00 - DEBUG - [trading_loop] [N/A] ⏱ Skipping VWAP_diff_signal_1700, not yet time (every 5m)
2025-04-15 16:51:00 - DEBUG - [trading_loop] [N/A] ⏱ Skipping SMA_Cross_candle, not yet time (every 5m)
2025-04-15 16:51:00 - DEBUG - [trading_loop] [N/A] ⏱ Skipping VWAP_diff_signal_rsi_1700, not yet time (every 5m)
2025-04-15 16:51:00 - DEBUG - [trading_loop] [N/A] ⏱ Skipping EMA_Cross_ema50, not yet time (every 5m)
2025-04-15 16:51:00 - DEBUG - [trading_loop] [N/A] ⏱ Skipping SMA_Cross_sma50, not yet time (every 5m)
2025-04-15 16:51:00 - INFO - [trading_loop] [N/A] 📊 Updating SL/TP for active orders
2025-04-15 16:51:01 - INFO - [_wait_until_next_iteration] [N/A] ⏳ Sleeping for 58.93 seconds before the next cycle
2025-04-15 16:52:00 - DEBUG - [trading_loop] [N/A] ⏱ Skipping EMA_Cross_candle, not yet time (every 5m)
2025-04-15 16:52:00 - DEBUG - [trading_loop] [N/A] ⏱ Skipping VWAP_diff_signal_1700, not yet time (every 5m)
2025-04-15 16:52:00 - DEBUG - [trading_loop] [N/A] ⏱ Skipping SMA_Cross_candle, not yet time (every 5m)
2025-04-15 16:52:00 - DEBUG - [trading_loop] [N/A] ⏱ Skipping VWAP_diff_signal_rsi_1700, not yet time (every 5m)
2025-04-15 16:52:00 - DEBUG - [trading_loop] [N/A] ⏱ Skipping EMA_Cross_ema50, not yet time (every 5m)
2025-04-15 16:52:00 - DEBUG - [trading_loop] [N/A] ⏱ Skipping SMA_Cross_sma50, not yet time (every 5m)
2025-04-15 16:52:00 - INFO - [trading_loop] [N/A] 📊 Updating SL/TP for active orders
2025-04-15 16:52:01 - INFO - [_wait_until_next_iteration] [N/A] ⏳ Sleeping for 58.93 seconds before the next cycle
2025-04-15 16:53:00 - DEBUG - [trading_loop] [N/A] ⏱ Skipping EMA_Cross_candle, not yet time (every 5m)
2025-04-15 16:53:00 - DEBUG - [trading_loop] [N/A] ⏱ Skipping VWAP_diff_signal_1700, not yet time (every 5m)
2025-04-15 16:53:00 - DEBUG - [trading_loop] [N/A] ⏱ Skipping SMA_Cross_candle, not yet time (every 5m)
2025-04-15 16:53:00 - DEBUG - [trading_loop] [N/A] ⏱ Skipping VWAP_diff_signal_rsi_1700, not yet time (every 5m)
2025-04-15 16:53:00 - DEBUG - [trading_loop] [N/A] ⏱ Skipping EMA_Cross_ema50, not yet time (every 5m)
2025-04-15 16:53:00 - DEBUG - [trading_loop] [N/A] ⏱ Skipping SMA_Cross_sma50, not yet time (every 5m)
2025-04-15 16:53:00 - INFO - [trading_loop] [N/A] 📊 Updating SL/TP for active orders
2025-04-15 16:53:01 - INFO - [_wait_until_next_iteration] [N/A] ⏳ Sleeping for 58.93 seconds before the next cycle
2025-04-15 16:54:00 - DEBUG - [trading_loop] [N/A] ⏱ Skipping EMA_Cross_candle, not yet time (every 5m)
2025-04-15 16:54:00 - DEBUG - [trading_loop] [N/A] ⏱ Skipping VWAP_diff_signal_1700, not yet time (every 5m)
2025-04-15 16:54:00 - DEBUG - [trading_loop] [N/A] ⏱ Skipping SMA_Cross_candle, not yet time (every 5m)
2025-04-15 16:54:00 - DEBUG - [trading_loop] [N/A] ⏱ Skipping VWAP_diff_signal_rsi_1700, not yet time (every 5m)
2025-04-15 16:54:00 - DEBUG - [trading_loop] [N/A] ⏱ Skipping EMA_Cross_ema50, not yet time (every 5m)
2025-04-15 16:54:00 - DEBUG - [trading_loop] [N/A] ⏱ Skipping SMA_Cross_sma50, not yet time (every 5m)
2025-04-15 16:54:00 - INFO - [trading_loop] [N/A] 📊 Updating SL/TP for active orders
2025-04-15 16:54:01 - INFO - [_wait_until_next_iteration] [N/A] ⏳ Sleeping for 58.93 seconds before the next cycle
2025-04-15 16:55:00 - INFO - [_run_strategy_if_applicable] [N/A] ⏰ Strategy 'EMA_Cross_candle' not executed because it's outside the time window: 16:35:00 - 16:50:00
2025-04-15 16:55:00 - INFO - [_run_strategy_if_applicable] [N/A] ⏰ Strategy 'VWAP_diff_signal_1700' not executed because it's outside the time window: 17:30:00 - 19:00:00
2025-04-15 16:55:00 - INFO - [_run_strategy_if_applicable] [N/A] ⏰ Strategy 'SMA_Cross_candle' not executed because it's outside the time window: 16:35:00 - 16:50:00
2025-04-15 16:55:00 - INFO - [_run_strategy_if_applicable] [N/A] ⏰ Strategy 'VWAP_diff_signal_rsi_1700' not executed because it's outside the time window: 17:30:00 - 19:00:00
2025-04-15 16:55:00 - INFO - [_run_strategy_if_applicable] [N/A] ⏰ Strategy 'EMA_Cross_ema50' not executed because it's outside the time window: 16:35:00 - 16:50:00
2025-04-15 16:55:00 - INFO - [_run_strategy_if_applicable] [N/A] ⏰ Strategy 'SMA_Cross_sma50' not executed because it's outside the time window: 16:35:00 - 16:50:00
2025-04-15 16:55:00 - INFO - [trading_loop] [N/A] 📊 Updating SL/TP for active orders
2025-04-15 16:55:01 - INFO - [_wait_until_next_iteration] [N/A] ⏳ Sleeping for 58.94 seconds before the next cycle
2025-04-15 16:56:00 - DEBUG - [trading_loop] [N/A] ⏱ Skipping EMA_Cross_candle, not yet time (every 5m)
2025-04-15 16:56:00 - DEBUG - [trading_loop] [N/A] ⏱ Skipping VWAP_diff_signal_1700, not yet time (every 5m)
2025-04-15 16:56:00 - DEBUG - [trading_loop] [N/A] ⏱ Skipping SMA_Cross_candle, not yet time (every 5m)
2025-04-15 16:56:00 - DEBUG - [trading_loop] [N/A] ⏱ Skipping VWAP_diff_signal_rsi_1700, not yet time (every 5m)
2025-04-15 16:56:00 - DEBUG - [trading_loop] [N/A] ⏱ Skipping EMA_Cross_ema50, not yet time (every 5m)
2025-04-15 16:56:00 - DEBUG - [trading_loop] [N/A] ⏱ Skipping SMA_Cross_sma50, not yet time (every 5m)
2025-04-15 16:56:00 - INFO - [trading_loop] [N/A] 📊 Updating SL/TP for active orders
2025-04-15 16:56:01 - INFO - [_wait_until_next_iteration] [N/A] ⏳ Sleeping for 58.93 seconds before the next cycle
2025-04-15 16:57:00 - DEBUG - [trading_loop] [N/A] ⏱ Skipping EMA_Cross_candle, not yet time (every 5m)
2025-04-15 16:57:00 - DEBUG - [trading_loop] [N/A] ⏱ Skipping VWAP_diff_signal_1700, not yet time (every 5m)
2025-04-15 16:57:00 - DEBUG - [trading_loop] [N/A] ⏱ Skipping SMA_Cross_candle, not yet time (every 5m)
2025-04-15 16:57:00 - DEBUG - [trading_loop] [N/A] ⏱ Skipping VWAP_diff_signal_rsi_1700, not yet time (every 5m)
2025-04-15 16:57:00 - DEBUG - [trading_loop] [N/A] ⏱ Skipping EMA_Cross_ema50, not yet time (every 5m)
2025-04-15 16:57:00 - DEBUG - [trading_loop] [N/A] ⏱ Skipping SMA_Cross_sma50, not yet time (every 5m)
2025-04-15 16:57:00 - INFO - [trading_loop] [N/A] 📊 Updating SL/TP for active orders
2025-04-15 16:57:01 - INFO - [_wait_until_next_iteration] [N/A] ⏳ Sleeping for 58.93 seconds before the next cycle
2025-04-15 16:58:00 - DEBUG - [trading_loop] [N/A] ⏱ Skipping EMA_Cross_candle, not yet time (every 5m)
2025-04-15 16:58:00 - DEBUG - [trading_loop] [N/A] ⏱ Skipping VWAP_diff_signal_1700, not yet time (every 5m)
2025-04-15 16:58:00 - DEBUG - [trading_loop] [N/A] ⏱ Skipping SMA_Cross_candle, not yet time (every 5m)
2025-04-15 16:58:00 - DEBUG - [trading_loop] [N/A] ⏱ Skipping VWAP_diff_signal_rsi_1700, not yet time (every 5m)
2025-04-15 16:58:00 - DEBUG - [trading_loop] [N/A] ⏱ Skipping EMA_Cross_ema50, not yet time (every 5m)
2025-04-15 16:58:00 - DEBUG - [trading_loop] [N/A] ⏱ Skipping SMA_Cross_sma50, not yet time (every 5m)
2025-04-15 16:58:00 - INFO - [trading_loop] [N/A] 📊 Updating SL/TP for active orders
2025-04-15 16:58:01 - INFO - [_wait_until_next_iteration] [N/A] ⏳ Sleeping for 58.93 seconds before the next cycle
2025-04-15 16:59:00 - DEBUG - [trading_loop] [N/A] ⏱ Skipping EMA_Cross_candle, not yet time (every 5m)
2025-04-15 16:59:00 - DEBUG - [trading_loop] [N/A] ⏱ Skipping VWAP_diff_signal_1700, not yet time (every 5m)
2025-04-15 16:59:00 - DEBUG - [trading_loop] [N/A] ⏱ Skipping SMA_Cross_candle, not yet time (every 5m)
2025-04-15 16:59:00 - DEBUG - [trading_loop] [N/A] ⏱ Skipping VWAP_diff_signal_rsi_1700, not yet time (every 5m)
2025-04-15 16:59:00 - DEBUG - [trading_loop] [N/A] ⏱ Skipping EMA_Cross_ema50, not yet time (every 5m)
2025-04-15 16:59:00 - DEBUG - [trading_loop] [N/A] ⏱ Skipping SMA_Cross_sma50, not yet time (every 5m)
2025-04-15 16:59:00 - INFO - [trading_loop] [N/A] 📊 Updating SL/TP for active orders
2025-04-15 16:59:01 - INFO - [_wait_until_next_iteration] [N/A] ⏳ Sleeping for 58.93 seconds before the next cycle
2025-04-15 17:00:00 - INFO - [_run_strategy_if_applicable] [N/A] ⏰ Strategy 'EMA_Cross_candle' not executed because it's outside the time window: 16:35:00 - 16:50:00
2025-04-15 17:00:00 - INFO - [_run_strategy_if_applicable] [N/A] ⏰ Strategy 'VWAP_diff_signal_1700' not executed because it's outside the time window: 17:30:00 - 19:00:00
2025-04-15 17:00:00 - INFO - [_run_strategy_if_applicable] [N/A] ⏰ Strategy 'SMA_Cross_candle' not executed because it's outside the time window: 16:35:00 - 16:50:00
2025-04-15 17:00:00 - INFO - [_run_strategy_if_applicable] [N/A] ⏰ Strategy 'VWAP_diff_signal_rsi_1700' not executed because it's outside the time window: 17:30:00 - 19:00:00
2025-04-15 17:00:00 - INFO - [_run_strategy_if_applicable] [N/A] ⏰ Strategy 'EMA_Cross_ema50' not executed because it's outside the time window: 16:35:00 - 16:50:00
2025-04-15 17:00:00 - INFO - [_run_strategy_if_applicable] [N/A] ⏰ Strategy 'SMA_Cross_sma50' not executed because it's outside the time window: 16:35:00 - 16:50:00
2025-04-15 17:00:00 - INFO - [trading_loop] [N/A] 📊 Updating SL/TP for active orders
2025-04-15 17:00:01 - INFO - [_wait_until_next_iteration] [N/A] ⏳ Sleeping for 58.92 seconds before the next cycle
2025-04-15 17:01:00 - DEBUG - [trading_loop] [N/A] ⏱ Skipping EMA_Cross_candle, not yet time (every 5m)
2025-04-15 17:01:00 - DEBUG - [trading_loop] [N/A] ⏱ Skipping VWAP_diff_signal_1700, not yet time (every 5m)
2025-04-15 17:01:00 - DEBUG - [trading_loop] [N/A] ⏱ Skipping SMA_Cross_candle, not yet time (every 5m)
2025-04-15 17:01:00 - DEBUG - [trading_loop] [N/A] ⏱ Skipping VWAP_diff_signal_rsi_1700, not yet time (every 5m)
2025-04-15 17:01:00 - DEBUG - [trading_loop] [N/A] ⏱ Skipping EMA_Cross_ema50, not yet time (every 5m)
2025-04-15 17:01:00 - DEBUG - [trading_loop] [N/A] ⏱ Skipping SMA_Cross_sma50, not yet time (every 5m)
2025-04-15 17:01:00 - INFO - [trading_loop] [N/A] 📊 Updating SL/TP for active orders
2025-04-15 17:01:01 - INFO - [_wait_until_next_iteration] [N/A] ⏳ Sleeping for 58.91 seconds before the next cycle
2025-04-15 17:02:00 - DEBUG - [trading_loop] [N/A] ⏱ Skipping EMA_Cross_candle, not yet time (every 5m)
2025-04-15 17:02:00 - DEBUG - [trading_loop] [N/A] ⏱ Skipping VWAP_diff_signal_1700, not yet time (every 5m)
2025-04-15 17:02:00 - DEBUG - [trading_loop] [N/A] ⏱ Skipping SMA_Cross_candle, not yet time (every 5m)
2025-04-15 17:02:00 - DEBUG - [trading_loop] [N/A] ⏱ Skipping VWAP_diff_signal_rsi_1700, not yet time (every 5m)
2025-04-15 17:02:00 - DEBUG - [trading_loop] [N/A] ⏱ Skipping EMA_Cross_ema50, not yet time (every 5m)
2025-04-15 17:02:00 - DEBUG - [trading_loop] [N/A] ⏱ Skipping SMA_Cross_sma50, not yet time (every 5m)
2025-04-15 17:02:00 - INFO - [trading_loop] [N/A] 📊 Updating SL/TP for active orders
2025-04-15 17:02:01 - INFO - [_wait_until_next_iteration] [N/A] ⏳ Sleeping for 58.93 seconds before the next cycle
2025-04-15 17:03:00 - DEBUG - [trading_loop] [N/A] ⏱ Skipping EMA_Cross_candle, not yet time (every 5m)
2025-04-15 17:03:00 - DEBUG - [trading_loop] [N/A] ⏱ Skipping VWAP_diff_signal_1700, not yet time (every 5m)
2025-04-15 17:03:00 - DEBUG - [trading_loop] [N/A] ⏱ Skipping SMA_Cross_candle, not yet time (every 5m)
2025-04-15 17:03:00 - DEBUG - [trading_loop] [N/A] ⏱ Skipping VWAP_diff_signal_rsi_1700, not yet time (every 5m)
2025-04-15 17:03:00 - DEBUG - [trading_loop] [N/A] ⏱ Skipping EMA_Cross_ema50, not yet time (every 5m)
2025-04-15 17:03:00 - DEBUG - [trading_loop] [N/A] ⏱ Skipping SMA_Cross_sma50, not yet time (every 5m)
2025-04-15 17:03:00 - INFO - [trading_loop] [N/A] 📊 Updating SL/TP for active orders
2025-04-15 17:03:01 - INFO - [_wait_until_next_iteration] [N/A] ⏳ Sleeping for 58.93 seconds before the next cycle
2025-04-15 17:04:00 - DEBUG - [trading_loop] [N/A] ⏱ Skipping EMA_Cross_candle, not yet time (every 5m)
2025-04-15 17:04:00 - DEBUG - [trading_loop] [N/A] ⏱ Skipping VWAP_diff_signal_1700, not yet time (every 5m)
2025-04-15 17:04:00 - DEBUG - [trading_loop] [N/A] ⏱ Skipping SMA_Cross_candle, not yet time (every 5m)
2025-04-15 17:04:00 - DEBUG - [trading_loop] [N/A] ⏱ Skipping VWAP_diff_signal_rsi_1700, not yet time (every 5m)
2025-04-15 17:04:00 - DEBUG - [trading_loop] [N/A] ⏱ Skipping EMA_Cross_ema50, not yet time (every 5m)
2025-04-15 17:04:00 - DEBUG - [trading_loop] [N/A] ⏱ Skipping SMA_Cross_sma50, not yet time (every 5m)
2025-04-15 17:04:00 - INFO - [trading_loop] [N/A] 📊 Updating SL/TP for active orders
2025-04-15 17:04:01 - INFO - [_wait_until_next_iteration] [N/A] ⏳ Sleeping for 58.93 seconds before the next cycle
2025-04-15 17:05:00 - INFO - [_run_strategy_if_applicable] [N/A] ⏰ Strategy 'EMA_Cross_candle' not executed because it's outside the time window: 16:35:00 - 16:50:00
2025-04-15 17:05:00 - INFO - [_run_strategy_if_applicable] [N/A] ⏰ Strategy 'VWAP_diff_signal_1700' not executed because it's outside the time window: 17:30:00 - 19:00:00
2025-04-15 17:05:00 - INFO - [_run_strategy_if_applicable] [N/A] ⏰ Strategy 'SMA_Cross_candle' not executed because it's outside the time window: 16:35:00 - 16:50:00
2025-04-15 17:05:00 - INFO - [_run_strategy_if_applicable] [N/A] ⏰ Strategy 'VWAP_diff_signal_rsi_1700' not executed because it's outside the time window: 17:30:00 - 19:00:00
2025-04-15 17:05:00 - INFO - [_run_strategy_if_applicable] [N/A] ⏰ Strategy 'EMA_Cross_ema50' not executed because it's outside the time window: 16:35:00 - 16:50:00
2025-04-15 17:05:00 - INFO - [_run_strategy_if_applicable] [N/A] ⏰ Strategy 'SMA_Cross_sma50' not executed because it's outside the time window: 16:35:00 - 16:50:00
2025-04-15 17:05:00 - INFO - [trading_loop] [N/A] 📊 Updating SL/TP for active orders
2025-04-15 17:05:01 - INFO - [_wait_until_next_iteration] [N/A] ⏳ Sleeping for 58.91 seconds before the next cycle
2025-04-15 17:06:00 - DEBUG - [trading_loop] [N/A] ⏱ Skipping EMA_Cross_candle, not yet time (every 5m)
2025-04-15 17:06:00 - DEBUG - [trading_loop] [N/A] ⏱ Skipping VWAP_diff_signal_1700, not yet time (every 5m)
2025-04-15 17:06:00 - DEBUG - [trading_loop] [N/A] ⏱ Skipping SMA_Cross_candle, not yet time (every 5m)
2025-04-15 17:06:00 - DEBUG - [trading_loop] [N/A] ⏱ Skipping VWAP_diff_signal_rsi_1700, not yet time (every 5m)
2025-04-15 17:06:00 - DEBUG - [trading_loop] [N/A] ⏱ Skipping EMA_Cross_ema50, not yet time (every 5m)
2025-04-15 17:06:00 - DEBUG - [trading_loop] [N/A] ⏱ Skipping SMA_Cross_sma50, not yet time (every 5m)
2025-04-15 17:06:00 - INFO - [trading_loop] [N/A] 📊 Updating SL/TP for active orders
2025-04-15 17:06:01 - INFO - [_wait_until_next_iteration] [N/A] ⏳ Sleeping for 58.93 seconds before the next cycle
2025-04-15 17:07:00 - DEBUG - [trading_loop] [N/A] ⏱ Skipping EMA_Cross_candle, not yet time (every 5m)
2025-04-15 17:07:00 - DEBUG - [trading_loop] [N/A] ⏱ Skipping VWAP_diff_signal_1700, not yet time (every 5m)
2025-04-15 17:07:00 - DEBUG - [trading_loop] [N/A] ⏱ Skipping SMA_Cross_candle, not yet time (every 5m)
2025-04-15 17:07:00 - DEBUG - [trading_loop] [N/A] ⏱ Skipping VWAP_diff_signal_rsi_1700, not yet time (every 5m)
2025-04-15 17:07:00 - DEBUG - [trading_loop] [N/A] ⏱ Skipping EMA_Cross_ema50, not yet time (every 5m)
2025-04-15 17:07:00 - DEBUG - [trading_loop] [N/A] ⏱ Skipping SMA_Cross_sma50, not yet time (every 5m)
2025-04-15 17:07:00 - INFO - [trading_loop] [N/A] 📊 Updating SL/TP for active orders
2025-04-15 17:07:01 - INFO - [_wait_until_next_iteration] [N/A] ⏳ Sleeping for 58.93 seconds before the next cycle
2025-04-15 17:08:00 - DEBUG - [trading_loop] [N/A] ⏱ Skipping EMA_Cross_candle, not yet time (every 5m)
2025-04-15 17:08:00 - DEBUG - [trading_loop] [N/A] ⏱ Skipping VWAP_diff_signal_1700, not yet time (every 5m)
2025-04-15 17:08:00 - DEBUG - [trading_loop] [N/A] ⏱ Skipping SMA_Cross_candle, not yet time (every 5m)
2025-04-15 17:08:00 - DEBUG - [trading_loop] [N/A] ⏱ Skipping VWAP_diff_signal_rsi_1700, not yet time (every 5m)
2025-04-15 17:08:00 - DEBUG - [trading_loop] [N/A] ⏱ Skipping EMA_Cross_ema50, not yet time (every 5m)
2025-04-15 17:08:00 - DEBUG - [trading_loop] [N/A] ⏱ Skipping SMA_Cross_sma50, not yet time (every 5m)
2025-04-15 17:08:00 - INFO - [trading_loop] [N/A] 📊 Updating SL/TP for active orders
2025-04-15 17:08:01 - INFO - [_wait_until_next_iteration] [N/A] ⏳ Sleeping for 58.93 seconds before the next cycle
2025-04-15 17:09:00 - DEBUG - [trading_loop] [N/A] ⏱ Skipping EMA_Cross_candle, not yet time (every 5m)
2025-04-15 17:09:00 - DEBUG - [trading_loop] [N/A] ⏱ Skipping VWAP_diff_signal_1700, not yet time (every 5m)
2025-04-15 17:09:00 - DEBUG - [trading_loop] [N/A] ⏱ Skipping SMA_Cross_candle, not yet time (every 5m)
2025-04-15 17:09:00 - DEBUG - [trading_loop] [N/A] ⏱ Skipping VWAP_diff_signal_rsi_1700, not yet time (every 5m)
2025-04-15 17:09:00 - DEBUG - [trading_loop] [N/A] ⏱ Skipping EMA_Cross_ema50, not yet time (every 5m)
2025-04-15 17:09:00 - DEBUG - [trading_loop] [N/A] ⏱ Skipping SMA_Cross_sma50, not yet time (every 5m)
2025-04-15 17:09:00 - INFO - [trading_loop] [N/A] 📊 Updating SL/TP for active orders
2025-04-15 17:09:01 - INFO - [_wait_until_next_iteration] [N/A] ⏳ Sleeping for 58.93 seconds before the next cycle
2025-04-15 17:10:00 - INFO - [_run_strategy_if_applicable] [N/A] ⏰ Strategy 'EMA_Cross_candle' not executed because it's outside the time window: 16:35:00 - 16:50:00
2025-04-15 17:10:00 - INFO - [_run_strategy_if_applicable] [N/A] ⏰ Strategy 'VWAP_diff_signal_1700' not executed because it's outside the time window: 17:30:00 - 19:00:00
2025-04-15 17:10:00 - INFO - [_run_strategy_if_applicable] [N/A] ⏰ Strategy 'SMA_Cross_candle' not executed because it's outside the time window: 16:35:00 - 16:50:00
2025-04-15 17:10:00 - INFO - [_run_strategy_if_applicable] [N/A] ⏰ Strategy 'VWAP_diff_signal_rsi_1700' not executed because it's outside the time window: 17:30:00 - 19:00:00
2025-04-15 17:10:00 - INFO - [_run_strategy_if_applicable] [N/A] ⏰ Strategy 'EMA_Cross_ema50' not executed because it's outside the time window: 16:35:00 - 16:50:00
2025-04-15 17:10:00 - INFO - [_run_strategy_if_applicable] [N/A] ⏰ Strategy 'SMA_Cross_sma50' not executed because it's outside the time window: 16:35:00 - 16:50:00
2025-04-15 17:10:00 - INFO - [trading_loop] [N/A] 📊 Updating SL/TP for active orders
2025-04-15 17:10:01 - INFO - [_wait_until_next_iteration] [N/A] ⏳ Sleeping for 58.92 seconds before the next cycle
2025-04-15 17:11:00 - DEBUG - [trading_loop] [N/A] ⏱ Skipping EMA_Cross_candle, not yet time (every 5m)
2025-04-15 17:11:00 - DEBUG - [trading_loop] [N/A] ⏱ Skipping VWAP_diff_signal_1700, not yet time (every 5m)
2025-04-15 17:11:00 - DEBUG - [trading_loop] [N/A] ⏱ Skipping SMA_Cross_candle, not yet time (every 5m)
2025-04-15 17:11:00 - DEBUG - [trading_loop] [N/A] ⏱ Skipping VWAP_diff_signal_rsi_1700, not yet time (every 5m)
2025-04-15 17:11:00 - DEBUG - [trading_loop] [N/A] ⏱ Skipping EMA_Cross_ema50, not yet time (every 5m)
2025-04-15 17:11:00 - DEBUG - [trading_loop] [N/A] ⏱ Skipping SMA_Cross_sma50, not yet time (every 5m)
2025-04-15 17:11:00 - INFO - [trading_loop] [N/A] 📊 Updating SL/TP for active orders
2025-04-15 17:11:01 - INFO - [_wait_until_next_iteration] [N/A] ⏳ Sleeping for 58.94 seconds before the next cycle
2025-04-15 17:12:00 - DEBUG - [trading_loop] [N/A] ⏱ Skipping EMA_Cross_candle, not yet time (every 5m)
2025-04-15 17:12:00 - DEBUG - [trading_loop] [N/A] ⏱ Skipping VWAP_diff_signal_1700, not yet time (every 5m)
2025-04-15 17:12:00 - DEBUG - [trading_loop] [N/A] ⏱ Skipping SMA_Cross_candle, not yet time (every 5m)
2025-04-15 17:12:00 - DEBUG - [trading_loop] [N/A] ⏱ Skipping VWAP_diff_signal_rsi_1700, not yet time (every 5m)
2025-04-15 17:12:00 - DEBUG - [trading_loop] [N/A] ⏱ Skipping EMA_Cross_ema50, not yet time (every 5m)
2025-04-15 17:12:00 - DEBUG - [trading_loop] [N/A] ⏱ Skipping SMA_Cross_sma50, not yet time (every 5m)
2025-04-15 17:12:00 - INFO - [trading_loop] [N/A] 📊 Updating SL/TP for active orders
2025-04-15 17:12:01 - INFO - [_wait_until_next_iteration] [N/A] ⏳ Sleeping for 58.98 seconds before the next cycle
2025-04-15 17:13:00 - DEBUG - [trading_loop] [N/A] ⏱ Skipping EMA_Cross_candle, not yet time (every 5m)
2025-04-15 17:13:00 - DEBUG - [trading_loop] [N/A] ⏱ Skipping VWAP_diff_signal_1700, not yet time (every 5m)
2025-04-15 17:13:00 - DEBUG - [trading_loop] [N/A] ⏱ Skipping SMA_Cross_candle, not yet time (every 5m)
2025-04-15 17:13:00 - DEBUG - [trading_loop] [N/A] ⏱ Skipping VWAP_diff_signal_rsi_1700, not yet time (every 5m)
2025-04-15 17:13:00 - DEBUG - [trading_loop] [N/A] ⏱ Skipping EMA_Cross_ema50, not yet time (every 5m)
2025-04-15 17:13:00 - DEBUG - [trading_loop] [N/A] ⏱ Skipping SMA_Cross_sma50, not yet time (every 5m)
2025-04-15 17:13:00 - INFO - [trading_loop] [N/A] 📊 Updating SL/TP for active orders
2025-04-15 17:13:01 - INFO - [_wait_until_next_iteration] [N/A] ⏳ Sleeping for 58.93 seconds before the next cycle
2025-04-15 17:14:00 - DEBUG - [trading_loop] [N/A] ⏱ Skipping EMA_Cross_candle, not yet time (every 5m)
2025-04-15 17:14:00 - DEBUG - [trading_loop] [N/A] ⏱ Skipping VWAP_diff_signal_1700, not yet time (every 5m)
2025-04-15 17:14:00 - DEBUG - [trading_loop] [N/A] ⏱ Skipping SMA_Cross_candle, not yet time (every 5m)
2025-04-15 17:14:00 - DEBUG - [trading_loop] [N/A] ⏱ Skipping VWAP_diff_signal_rsi_1700, not yet time (every 5m)
2025-04-15 17:14:00 - DEBUG - [trading_loop] [N/A] ⏱ Skipping EMA_Cross_ema50, not yet time (every 5m)
2025-04-15 17:14:00 - DEBUG - [trading_loop] [N/A] ⏱ Skipping SMA_Cross_sma50, not yet time (every 5m)
2025-04-15 17:14:00 - INFO - [trading_loop] [N/A] 📊 Updating SL/TP for active orders
2025-04-15 17:14:01 - INFO - [_wait_until_next_iteration] [N/A] ⏳ Sleeping for 58.93 seconds before the next cycle
2025-04-15 17:15:00 - INFO - [_run_strategy_if_applicable] [N/A] ⏰ Strategy 'EMA_Cross_candle' not executed because it's outside the time window: 16:35:00 - 16:50:00
2025-04-15 17:15:00 - INFO - [_run_strategy_if_applicable] [N/A] ⏰ Strategy 'VWAP_diff_signal_1700' not executed because it's outside the time window: 17:30:00 - 19:00:00
2025-04-15 17:15:00 - INFO - [_run_strategy_if_applicable] [N/A] ⏰ Strategy 'SMA_Cross_candle' not executed because it's outside the time window: 16:35:00 - 16:50:00
2025-04-15 17:15:00 - INFO - [_run_strategy_if_applicable] [N/A] ⏰ Strategy 'VWAP_diff_signal_rsi_1700' not executed because it's outside the time window: 17:30:00 - 19:00:00
2025-04-15 17:15:00 - INFO - [_run_strategy_if_applicable] [N/A] ⏰ Strategy 'EMA_Cross_ema50' not executed because it's outside the time window: 16:35:00 - 16:50:00
2025-04-15 17:15:00 - INFO - [_run_strategy_if_applicable] [N/A] ⏰ Strategy 'SMA_Cross_sma50' not executed because it's outside the time window: 16:35:00 - 16:50:00
2025-04-15 17:15:00 - INFO - [trading_loop] [N/A] 📊 Updating SL/TP for active orders
2025-04-15 17:15:01 - INFO - [_wait_until_next_iteration] [N/A] ⏳ Sleeping for 58.93 seconds before the next cycle
2025-04-15 17:16:00 - DEBUG - [trading_loop] [N/A] ⏱ Skipping EMA_Cross_candle, not yet time (every 5m)
2025-04-15 17:16:00 - DEBUG - [trading_loop] [N/A] ⏱ Skipping VWAP_diff_signal_1700, not yet time (every 5m)
2025-04-15 17:16:00 - DEBUG - [trading_loop] [N/A] ⏱ Skipping SMA_Cross_candle, not yet time (every 5m)
2025-04-15 17:16:00 - DEBUG - [trading_loop] [N/A] ⏱ Skipping VWAP_diff_signal_rsi_1700, not yet time (every 5m)
2025-04-15 17:16:00 - DEBUG - [trading_loop] [N/A] ⏱ Skipping EMA_Cross_ema50, not yet time (every 5m)
2025-04-15 17:16:00 - DEBUG - [trading_loop] [N/A] ⏱ Skipping SMA_Cross_sma50, not yet time (every 5m)
2025-04-15 17:16:00 - INFO - [trading_loop] [N/A] 📊 Updating SL/TP for active orders
2025-04-15 17:16:01 - INFO - [_wait_until_next_iteration] [N/A] ⏳ Sleeping for 58.93 seconds before the next cycle
2025-04-15 17:17:00 - DEBUG - [trading_loop] [N/A] ⏱ Skipping EMA_Cross_candle, not yet time (every 5m)
2025-04-15 17:17:00 - DEBUG - [trading_loop] [N/A] ⏱ Skipping VWAP_diff_signal_1700, not yet time (every 5m)
2025-04-15 17:17:00 - DEBUG - [trading_loop] [N/A] ⏱ Skipping SMA_Cross_candle, not yet time (every 5m)
2025-04-15 17:17:00 - DEBUG - [trading_loop] [N/A] ⏱ Skipping VWAP_diff_signal_rsi_1700, not yet time (every 5m)
2025-04-15 17:17:00 - DEBUG - [trading_loop] [N/A] ⏱ Skipping EMA_Cross_ema50, not yet time (every 5m)
2025-04-15 17:17:00 - DEBUG - [trading_loop] [N/A] ⏱ Skipping SMA_Cross_sma50, not yet time (every 5m)
2025-04-15 17:17:00 - INFO - [trading_loop] [N/A] 📊 Updating SL/TP for active orders
2025-04-15 17:17:01 - INFO - [_wait_until_next_iteration] [N/A] ⏳ Sleeping for 58.95 seconds before the next cycle
2025-04-15 17:18:00 - DEBUG - [trading_loop] [N/A] ⏱ Skipping EMA_Cross_candle, not yet time (every 5m)
2025-04-15 17:18:00 - DEBUG - [trading_loop] [N/A] ⏱ Skipping VWAP_diff_signal_1700, not yet time (every 5m)
2025-04-15 17:18:00 - DEBUG - [trading_loop] [N/A] ⏱ Skipping SMA_Cross_candle, not yet time (every 5m)
2025-04-15 17:18:00 - DEBUG - [trading_loop] [N/A] ⏱ Skipping VWAP_diff_signal_rsi_1700, not yet time (every 5m)
2025-04-15 17:18:00 - DEBUG - [trading_loop] [N/A] ⏱ Skipping EMA_Cross_ema50, not yet time (every 5m)
2025-04-15 17:18:00 - DEBUG - [trading_loop] [N/A] ⏱ Skipping SMA_Cross_sma50, not yet time (every 5m)
2025-04-15 17:18:00 - INFO - [trading_loop] [N/A] 📊 Updating SL/TP for active orders
2025-04-15 17:18:01 - INFO - [_wait_until_next_iteration] [N/A] ⏳ Sleeping for 58.93 seconds before the next cycle
2025-04-15 17:19:00 - DEBUG - [trading_loop] [N/A] ⏱ Skipping EMA_Cross_candle, not yet time (every 5m)
2025-04-15 17:19:00 - DEBUG - [trading_loop] [N/A] ⏱ Skipping VWAP_diff_signal_1700, not yet time (every 5m)
2025-04-15 17:19:00 - DEBUG - [trading_loop] [N/A] ⏱ Skipping SMA_Cross_candle, not yet time (every 5m)
2025-04-15 17:19:00 - DEBUG - [trading_loop] [N/A] ⏱ Skipping VWAP_diff_signal_rsi_1700, not yet time (every 5m)
2025-04-15 17:19:00 - DEBUG - [trading_loop] [N/A] ⏱ Skipping EMA_Cross_ema50, not yet time (every 5m)
2025-04-15 17:19:00 - DEBUG - [trading_loop] [N/A] ⏱ Skipping SMA_Cross_sma50, not yet time (every 5m)
2025-04-15 17:19:00 - INFO - [trading_loop] [N/A] 📊 Updating SL/TP for active orders
2025-04-15 17:19:01 - INFO - [_wait_until_next_iteration] [N/A] ⏳ Sleeping for 58.93 seconds before the next cycle
2025-04-15 17:20:00 - INFO - [_run_strategy_if_applicable] [N/A] ⏰ Strategy 'EMA_Cross_candle' not executed because it's outside the time window: 16:35:00 - 16:50:00
2025-04-15 17:20:00 - INFO - [_run_strategy_if_applicable] [N/A] ⏰ Strategy 'VWAP_diff_signal_1700' not executed because it's outside the time window: 17:30:00 - 19:00:00
2025-04-15 17:20:00 - INFO - [_run_strategy_if_applicable] [N/A] ⏰ Strategy 'SMA_Cross_candle' not executed because it's outside the time window: 16:35:00 - 16:50:00
2025-04-15 17:20:00 - INFO - [_run_strategy_if_applicable] [N/A] ⏰ Strategy 'VWAP_diff_signal_rsi_1700' not executed because it's outside the time window: 17:30:00 - 19:00:00
2025-04-15 17:20:00 - INFO - [_run_strategy_if_applicable] [N/A] ⏰ Strategy 'EMA_Cross_ema50' not executed because it's outside the time window: 16:35:00 - 16:50:00
2025-04-15 17:20:00 - INFO - [_run_strategy_if_applicable] [N/A] ⏰ Strategy 'SMA_Cross_sma50' not executed because it's outside the time window: 16:35:00 - 16:50:00
2025-04-15 17:20:00 - INFO - [trading_loop] [N/A] 📊 Updating SL/TP for active orders
2025-04-15 17:20:01 - INFO - [_wait_until_next_iteration] [N/A] ⏳ Sleeping for 58.94 seconds before the next cycle
2025-04-15 17:21:00 - DEBUG - [trading_loop] [N/A] ⏱ Skipping EMA_Cross_candle, not yet time (every 5m)
2025-04-15 17:21:00 - DEBUG - [trading_loop] [N/A] ⏱ Skipping VWAP_diff_signal_1700, not yet time (every 5m)
2025-04-15 17:21:00 - DEBUG - [trading_loop] [N/A] ⏱ Skipping SMA_Cross_candle, not yet time (every 5m)
2025-04-15 17:21:00 - DEBUG - [trading_loop] [N/A] ⏱ Skipping VWAP_diff_signal_rsi_1700, not yet time (every 5m)
2025-04-15 17:21:00 - DEBUG - [trading_loop] [N/A] ⏱ Skipping EMA_Cross_ema50, not yet time (every 5m)
2025-04-15 17:21:00 - DEBUG - [trading_loop] [N/A] ⏱ Skipping SMA_Cross_sma50, not yet time (every 5m)
2025-04-15 17:21:00 - INFO - [trading_loop] [N/A] 📊 Updating SL/TP for active orders
2025-04-15 17:21:01 - INFO - [_wait_until_next_iteration] [N/A] ⏳ Sleeping for 58.94 seconds before the next cycle
2025-04-15 17:22:00 - DEBUG - [trading_loop] [N/A] ⏱ Skipping EMA_Cross_candle, not yet time (every 5m)
2025-04-15 17:22:00 - DEBUG - [trading_loop] [N/A] ⏱ Skipping VWAP_diff_signal_1700, not yet time (every 5m)
2025-04-15 17:22:00 - DEBUG - [trading_loop] [N/A] ⏱ Skipping SMA_Cross_candle, not yet time (every 5m)
2025-04-15 17:22:00 - DEBUG - [trading_loop] [N/A] ⏱ Skipping VWAP_diff_signal_rsi_1700, not yet time (every 5m)
2025-04-15 17:22:00 - DEBUG - [trading_loop] [N/A] ⏱ Skipping EMA_Cross_ema50, not yet time (every 5m)
2025-04-15 17:22:00 - DEBUG - [trading_loop] [N/A] ⏱ Skipping SMA_Cross_sma50, not yet time (every 5m)
2025-04-15 17:22:00 - INFO - [trading_loop] [N/A] 📊 Updating SL/TP for active orders
2025-04-15 17:22:01 - INFO - [_wait_until_next_iteration] [N/A] ⏳ Sleeping for 58.93 seconds before the next cycle
2025-04-15 17:23:00 - DEBUG - [trading_loop] [N/A] ⏱ Skipping EMA_Cross_candle, not yet time (every 5m)
2025-04-15 17:23:00 - DEBUG - [trading_loop] [N/A] ⏱ Skipping VWAP_diff_signal_1700, not yet time (every 5m)
2025-04-15 17:23:00 - DEBUG - [trading_loop] [N/A] ⏱ Skipping SMA_Cross_candle, not yet time (every 5m)
2025-04-15 17:23:00 - DEBUG - [trading_loop] [N/A] ⏱ Skipping VWAP_diff_signal_rsi_1700, not yet time (every 5m)
2025-04-15 17:23:00 - DEBUG - [trading_loop] [N/A] ⏱ Skipping EMA_Cross_ema50, not yet time (every 5m)
2025-04-15 17:23:00 - DEBUG - [trading_loop] [N/A] ⏱ Skipping SMA_Cross_sma50, not yet time (every 5m)
2025-04-15 17:23:00 - INFO - [trading_loop] [N/A] 📊 Updating SL/TP for active orders
2025-04-15 17:23:01 - INFO - [_wait_until_next_iteration] [N/A] ⏳ Sleeping for 58.93 seconds before the next cycle
2025-04-15 17:24:00 - DEBUG - [trading_loop] [N/A] ⏱ Skipping EMA_Cross_candle, not yet time (every 5m)
2025-04-15 17:24:00 - DEBUG - [trading_loop] [N/A] ⏱ Skipping VWAP_diff_signal_1700, not yet time (every 5m)
2025-04-15 17:24:00 - DEBUG - [trading_loop] [N/A] ⏱ Skipping SMA_Cross_candle, not yet time (every 5m)
2025-04-15 17:24:00 - DEBUG - [trading_loop] [N/A] ⏱ Skipping VWAP_diff_signal_rsi_1700, not yet time (every 5m)
2025-04-15 17:24:00 - DEBUG - [trading_loop] [N/A] ⏱ Skipping EMA_Cross_ema50, not yet time (every 5m)
2025-04-15 17:24:00 - DEBUG - [trading_loop] [N/A] ⏱ Skipping SMA_Cross_sma50, not yet time (every 5m)
2025-04-15 17:24:00 - INFO - [trading_loop] [N/A] 📊 Updating SL/TP for active orders
2025-04-15 17:24:01 - INFO - [_wait_until_next_iteration] [N/A] ⏳ Sleeping for 58.93 seconds before the next cycle
2025-04-15 17:25:00 - INFO - [_run_strategy_if_applicable] [N/A] ⏰ Strategy 'EMA_Cross_candle' not executed because it's outside the time window: 16:35:00 - 16:50:00
2025-04-15 17:25:00 - INFO - [_run_strategy_if_applicable] [N/A] ⏰ Strategy 'VWAP_diff_signal_1700' not executed because it's outside the time window: 17:30:00 - 19:00:00
2025-04-15 17:25:00 - INFO - [_run_strategy_if_applicable] [N/A] ⏰ Strategy 'SMA_Cross_candle' not executed because it's outside the time window: 16:35:00 - 16:50:00
2025-04-15 17:25:00 - INFO - [_run_strategy_if_applicable] [N/A] ⏰ Strategy 'VWAP_diff_signal_rsi_1700' not executed because it's outside the time window: 17:30:00 - 19:00:00
2025-04-15 17:25:00 - INFO - [_run_strategy_if_applicable] [N/A] ⏰ Strategy 'EMA_Cross_ema50' not executed because it's outside the time window: 16:35:00 - 16:50:00
2025-04-15 17:25:00 - INFO - [_run_strategy_if_applicable] [N/A] ⏰ Strategy 'SMA_Cross_sma50' not executed because it's outside the time window: 16:35:00 - 16:50:00
2025-04-15 17:25:00 - INFO - [trading_loop] [N/A] 📊 Updating SL/TP for active orders
2025-04-15 17:25:01 - INFO - [_wait_until_next_iteration] [N/A] ⏳ Sleeping for 58.94 seconds before the next cycle
2025-04-15 17:26:00 - DEBUG - [trading_loop] [N/A] ⏱ Skipping EMA_Cross_candle, not yet time (every 5m)
2025-04-15 17:26:00 - DEBUG - [trading_loop] [N/A] ⏱ Skipping VWAP_diff_signal_1700, not yet time (every 5m)
2025-04-15 17:26:00 - DEBUG - [trading_loop] [N/A] ⏱ Skipping SMA_Cross_candle, not yet time (every 5m)
2025-04-15 17:26:00 - DEBUG - [trading_loop] [N/A] ⏱ Skipping VWAP_diff_signal_rsi_1700, not yet time (every 5m)
2025-04-15 17:26:00 - DEBUG - [trading_loop] [N/A] ⏱ Skipping EMA_Cross_ema50, not yet time (every 5m)
2025-04-15 17:26:00 - DEBUG - [trading_loop] [N/A] ⏱ Skipping SMA_Cross_sma50, not yet time (every 5m)
2025-04-15 17:26:00 - INFO - [trading_loop] [N/A] 📊 Updating SL/TP for active orders
2025-04-15 17:26:01 - INFO - [_wait_until_next_iteration] [N/A] ⏳ Sleeping for 58.93 seconds before the next cycle
2025-04-15 17:27:00 - DEBUG - [trading_loop] [N/A] ⏱ Skipping EMA_Cross_candle, not yet time (every 5m)
2025-04-15 17:27:00 - DEBUG - [trading_loop] [N/A] ⏱ Skipping VWAP_diff_signal_1700, not yet time (every 5m)
2025-04-15 17:27:00 - DEBUG - [trading_loop] [N/A] ⏱ Skipping SMA_Cross_candle, not yet time (every 5m)
2025-04-15 17:27:00 - DEBUG - [trading_loop] [N/A] ⏱ Skipping VWAP_diff_signal_rsi_1700, not yet time (every 5m)
2025-04-15 17:27:00 - DEBUG - [trading_loop] [N/A] ⏱ Skipping EMA_Cross_ema50, not yet time (every 5m)
2025-04-15 17:27:00 - DEBUG - [trading_loop] [N/A] ⏱ Skipping SMA_Cross_sma50, not yet time (every 5m)
2025-04-15 17:27:00 - INFO - [trading_loop] [N/A] 📊 Updating SL/TP for active orders
2025-04-15 17:27:01 - INFO - [_wait_until_next_iteration] [N/A] ⏳ Sleeping for 58.93 seconds before the next cycle
2025-04-15 17:28:00 - DEBUG - [trading_loop] [N/A] ⏱ Skipping EMA_Cross_candle, not yet time (every 5m)
2025-04-15 17:28:00 - DEBUG - [trading_loop] [N/A] ⏱ Skipping VWAP_diff_signal_1700, not yet time (every 5m)
2025-04-15 17:28:00 - DEBUG - [trading_loop] [N/A] ⏱ Skipping SMA_Cross_candle, not yet time (every 5m)
2025-04-15 17:28:00 - DEBUG - [trading_loop] [N/A] ⏱ Skipping VWAP_diff_signal_rsi_1700, not yet time (every 5m)
2025-04-15 17:28:00 - DEBUG - [trading_loop] [N/A] ⏱ Skipping EMA_Cross_ema50, not yet time (every 5m)
2025-04-15 17:28:00 - DEBUG - [trading_loop] [N/A] ⏱ Skipping SMA_Cross_sma50, not yet time (every 5m)
2025-04-15 17:28:00 - INFO - [trading_loop] [N/A] 📊 Updating SL/TP for active orders
2025-04-15 17:28:01 - INFO - [_wait_until_next_iteration] [N/A] ⏳ Sleeping for 58.93 seconds before the next cycle
2025-04-15 17:29:00 - DEBUG - [trading_loop] [N/A] ⏱ Skipping EMA_Cross_candle, not yet time (every 5m)
2025-04-15 17:29:00 - DEBUG - [trading_loop] [N/A] ⏱ Skipping VWAP_diff_signal_1700, not yet time (every 5m)
2025-04-15 17:29:00 - DEBUG - [trading_loop] [N/A] ⏱ Skipping SMA_Cross_candle, not yet time (every 5m)
2025-04-15 17:29:00 - DEBUG - [trading_loop] [N/A] ⏱ Skipping VWAP_diff_signal_rsi_1700, not yet time (every 5m)
2025-04-15 17:29:00 - DEBUG - [trading_loop] [N/A] ⏱ Skipping EMA_Cross_ema50, not yet time (every 5m)
2025-04-15 17:29:00 - DEBUG - [trading_loop] [N/A] ⏱ Skipping SMA_Cross_sma50, not yet time (every 5m)
2025-04-15 17:29:00 - INFO - [trading_loop] [N/A] 📊 Updating SL/TP for active orders
2025-04-15 17:29:01 - INFO - [_wait_until_next_iteration] [N/A] ⏳ Sleeping for 58.93 seconds before the next cycle
2025-04-15 17:30:00 - INFO - [_run_strategy_if_applicable] [N/A] ⏰ Strategy 'EMA_Cross_candle' not executed because it's outside the time window: 16:35:00 - 16:50:00
2025-04-15 17:30:00 - INFO - [_run_strategy_if_applicable] [N/A] 🔄 Starting trading loop for strategy: VWAP_diff_signal_1700
2025-04-15 17:30:00 - INFO - [get_stock_data] [HBAN] Requesting data for HBAN
2025-04-15 17:30:01 - INFO - [get_stock_data] [HBAN] Data received for HBAN: 90 rows
2025-04-15 17:30:01 - INFO - [check_vwap_diff_signal] [HBAN] Analyzing VWAP reversal signal for HBAN
2025-04-15 17:30:01 - INFO - [check_vwap_diff_signal] [HBAN] Close: 13.47 | Low: 13.46 | High: 13.51 | VWAP: 13.495706847389894
2025-04-15 17:30:01 - DEBUG - [check_vwap_diff_signal] [HBAN] [HBAN] Last Candela: VWAP-Low=0.26%, High-VWAP=0.11%
2025-04-15 17:30:01 - DEBUG - [check_vwap_diff_signal] [HBAN] No VWAP signal detected
2025-04-15 17:30:01 - DEBUG - [_run_single_trading_iteration] [HBAN] 🔍 Signal for HBAN: None
2025-04-15 17:30:01 - INFO - [_run_single_trading_iteration] [HBAN] ℹ️ No valid signal for HBAN
2025-04-15 17:30:01 - INFO - [get_stock_data] [CZR] Requesting data for CZR
2025-04-15 17:30:01 - INFO - [get_stock_data] [CZR] Data received for CZR: 90 rows
2025-04-15 17:30:01 - INFO - [check_vwap_diff_signal] [CZR] Analyzing VWAP reversal signal for CZR
2025-04-15 17:30:01 - INFO - [check_vwap_diff_signal] [CZR] Close: 25.41 | Low: 25.33 | High: 25.45 | VWAP: 25.502925711869185
2025-04-15 17:30:01 - DEBUG - [check_vwap_diff_signal] [CZR] [CZR] Last Candela: VWAP-Low=0.68%, High-VWAP=-0.21%
2025-04-15 17:30:01 - DEBUG - [check_vwap_diff_signal] [CZR] No VWAP signal detected
2025-04-15 17:30:01 - DEBUG - [_run_single_trading_iteration] [CZR] 🔍 Signal for CZR: None
2025-04-15 17:30:01 - INFO - [_run_single_trading_iteration] [CZR] ℹ️ No valid signal for CZR
2025-04-15 17:30:01 - INFO - [get_stock_data] [MTCH] Requesting data for MTCH
2025-04-15 17:30:02 - INFO - [get_stock_data] [MTCH] Data received for MTCH: 90 rows
2025-04-15 17:30:02 - INFO - [check_vwap_diff_signal] [MTCH] Analyzing VWAP reversal signal for MTCH
2025-04-15 17:30:02 - INFO - [check_vwap_diff_signal] [MTCH] Close: 28.91 | Low: 28.85 | High: 28.93 | VWAP: 28.898888752446652
2025-04-15 17:30:02 - DEBUG - [check_vwap_diff_signal] [MTCH] [MTCH] Last Candela: VWAP-Low=0.17%, High-VWAP=0.11%
2025-04-15 17:30:02 - DEBUG - [check_vwap_diff_signal] [MTCH] No VWAP signal detected
2025-04-15 17:30:02 - DEBUG - [_run_single_trading_iteration] [MTCH] 🔍 Signal for MTCH: None
2025-04-15 17:30:02 - INFO - [_run_single_trading_iteration] [MTCH] ℹ️ No valid signal for MTCH
2025-04-15 17:30:02 - INFO - [get_stock_data] [MRNA] Requesting data for MRNA
2025-04-15 17:30:03 - INFO - [get_stock_data] [MRNA] Data received for MRNA: 90 rows
2025-04-15 17:30:03 - INFO - [check_vwap_diff_signal] [MRNA] Analyzing VWAP reversal signal for MRNA
2025-04-15 17:30:03 - INFO - [check_vwap_diff_signal] [MRNA] Close: 26.42 | Low: 26.42 | High: 26.65 | VWAP: 26.884016325966236
2025-04-15 17:30:03 - DEBUG - [check_vwap_diff_signal] [MRNA] [MRNA] Last Candela: VWAP-Low=1.73%, High-VWAP=-0.87%
2025-04-15 17:30:03 - INFO - [check_vwap_diff_signal] [MRNA] ✅ BUY signal | Entry: 26.42, SL: 26.24, TP: 26.79
2025-04-15 17:30:03 - DEBUG - [_run_single_trading_iteration] [MRNA] 🔍 Signal for MRNA: BUY
2025-04-15 17:30:03 - INFO - [place_order] [MRNA] Placing MARKET order for MRNA: 189 shares
2025-04-15 17:30:03 - INFO - [_run_single_trading_iteration] [MRNA] ✅ Order BUY for MRNA placed with ID 150
2025-04-15 17:30:03 - INFO - [get_stock_data] [NCHL] Requesting data for NCHL
2025-04-15 17:30:04 - ERROR - [get_stock_data] [NCHL] Error retrieving data: 'NoneType' object has no attribute 'empty'
2025-04-15 17:30:04 - DEBUG - [_run_single_trading_iteration] [WBD] 🚫 Trade not allowed for WBD (limit reached)
2025-04-15 17:30:04 - INFO - [get_stock_data] [CMCSA] Requesting data for CMCSA
2025-04-15 17:30:05 - INFO - [get_stock_data] [CMCSA] Data received for CMCSA: 90 rows
2025-04-15 17:30:05 - INFO - [check_vwap_diff_signal] [CMCSA] Analyzing VWAP reversal signal for CMCSA
2025-04-15 17:30:05 - INFO - [check_vwap_diff_signal] [CMCSA] Close: 34.61 | Low: 34.53 | High: 34.63 | VWAP: 34.541795517518175
2025-04-15 17:30:05 - DEBUG - [check_vwap_diff_signal] [CMCSA] [CMCSA] Last Candela: VWAP-Low=0.03%, High-VWAP=0.26%
2025-04-15 17:30:05 - DEBUG - [check_vwap_diff_signal] [CMCSA] No VWAP signal detected
2025-04-15 17:30:05 - DEBUG - [_run_single_trading_iteration] [CMCSA] 🔍 Signal for CMCSA: None
2025-04-15 17:30:05 - INFO - [_run_single_trading_iteration] [CMCSA] ℹ️ No valid signal for CMCSA
2025-04-15 17:30:05 - INFO - [_run_strategy_if_applicable] [N/A] ⏰ Strategy 'SMA_Cross_candle' not executed because it's outside the time window: 16:35:00 - 16:50:00
2025-04-15 17:30:05 - INFO - [_run_strategy_if_applicable] [N/A] 🔄 Starting trading loop for strategy: VWAP_diff_signal_rsi_1700
2025-04-15 17:30:05 - INFO - [get_stock_data] [IVZ] Requesting data for IVZ
2025-04-15 17:30:06 - INFO - [get_stock_data] [IVZ] Data received for IVZ: 91 rows
2025-04-15 17:30:06 - INFO - [check_vwap_diff_signal_with_rsi] [IVZ] Analyzing VWAP reversal signal for IVZ
2025-04-15 17:30:06 - INFO - [check_vwap_diff_signal_with_rsi] [IVZ] Close: 13.13 | Low: 13.13 | High: 13.13 | VWAP: 13.137817728081034 | RSI: 55.83
2025-04-15 17:30:06 - DEBUG - [check_vwap_diff_signal_with_rsi] [IVZ] [IVZ] Last Candela: VWAP-Low=0.06%, High-VWAP=-0.06%
2025-04-15 17:30:06 - DEBUG - [check_vwap_diff_signal_with_rsi] [IVZ] No VWAP+RSI signal detected
2025-04-15 17:30:06 - DEBUG - [_run_single_trading_iteration] [IVZ] 🔍 Signal for IVZ: None
2025-04-15 17:30:06 - INFO - [_run_single_trading_iteration] [IVZ] ℹ️ No valid signal for IVZ
2025-04-15 17:30:06 - INFO - [get_stock_data] [FCX] Requesting data for FCX
2025-04-15 17:30:07 - INFO - [get_stock_data] [FCX] Data received for FCX: 91 rows
2025-04-15 17:30:07 - INFO - [check_vwap_diff_signal_with_rsi] [FCX] Analyzing VWAP reversal signal for FCX
2025-04-15 17:30:07 - INFO - [check_vwap_diff_signal_with_rsi] [FCX] Close: 33.48 | Low: 33.46 | High: 33.49 | VWAP: 33.425826203746595 | RSI: 43.67
2025-04-15 17:30:07 - DEBUG - [check_vwap_diff_signal_with_rsi] [FCX] [FCX] Last Candela: VWAP-Low=-0.10%, High-VWAP=0.19%
2025-04-15 17:30:07 - DEBUG - [check_vwap_diff_signal_with_rsi] [FCX] No VWAP+RSI signal detected
2025-04-15 17:30:07 - DEBUG - [_run_single_trading_iteration] [FCX] 🔍 Signal for FCX: None
2025-04-15 17:30:07 - INFO - [_run_single_trading_iteration] [FCX] ℹ️ No valid signal for FCX
2025-04-15 17:30:07 - INFO - [get_stock_data] [HST] Requesting data for HST
2025-04-15 17:30:08 - INFO - [get_stock_data] [HST] Data received for HST: 91 rows
2025-04-15 17:30:08 - INFO - [check_vwap_diff_signal_with_rsi] [HST] Analyzing VWAP reversal signal for HST
2025-04-15 17:30:08 - INFO - [check_vwap_diff_signal_with_rsi] [HST] Close: 13.7 | Low: 13.69 | High: 13.7 | VWAP: 13.782665175504677 | RSI: 43.23
2025-04-15 17:30:08 - DEBUG - [check_vwap_diff_signal_with_rsi] [HST] [HST] Last Candela: VWAP-Low=0.67%, High-VWAP=-0.60%
2025-04-15 17:30:08 - DEBUG - [check_vwap_diff_signal_with_rsi] [HST] No VWAP+RSI signal detected
2025-04-15 17:30:08 - DEBUG - [_run_single_trading_iteration] [HST] 🔍 Signal for HST: None
2025-04-15 17:30:08 - INFO - [_run_single_trading_iteration] [HST] ℹ️ No valid signal for HST
2025-04-15 17:30:08 - INFO - [get_stock_data] [IVZ] Requesting data for IVZ
2025-04-15 17:30:09 - INFO - [get_stock_data] [IVZ] Data received for IVZ: 91 rows
2025-04-15 17:30:09 - INFO - [check_vwap_diff_signal_with_rsi] [IVZ] Analyzing VWAP reversal signal for IVZ
2025-04-15 17:30:09 - INFO - [check_vwap_diff_signal_with_rsi] [IVZ] Close: 13.13 | Low: 13.13 | High: 13.13 | VWAP: 13.137817728081034 | RSI: 55.83
2025-04-15 17:30:09 - DEBUG - [check_vwap_diff_signal_with_rsi] [IVZ] [IVZ] Last Candela: VWAP-Low=0.06%, High-VWAP=-0.06%
2025-04-15 17:30:09 - DEBUG - [check_vwap_diff_signal_with_rsi] [IVZ] No VWAP+RSI signal detected
2025-04-15 17:30:09 - DEBUG - [_run_single_trading_iteration] [IVZ] 🔍 Signal for IVZ: None
2025-04-15 17:30:09 - INFO - [_run_single_trading_iteration] [IVZ] ℹ️ No valid signal for IVZ
2025-04-15 17:30:09 - INFO - [get_stock_data] [NEM] Requesting data for NEM
2025-04-15 17:30:10 - INFO - [get_stock_data] [NEM] Data received for NEM: 91 rows
2025-04-15 17:30:10 - INFO - [check_vwap_diff_signal_with_rsi] [NEM] Analyzing VWAP reversal signal for NEM
2025-04-15 17:30:10 - INFO - [check_vwap_diff_signal_with_rsi] [NEM] Close: 54.69 | Low: 54.69 | High: 54.69 | VWAP: 54.459090305606786 | RSI: 49.83
2025-04-15 17:30:10 - DEBUG - [check_vwap_diff_signal_with_rsi] [NEM] [NEM] Last Candela: VWAP-Low=-0.42%, High-VWAP=0.42%
2025-04-15 17:30:10 - DEBUG - [check_vwap_diff_signal_with_rsi] [NEM] No VWAP+RSI signal detected
2025-04-15 17:30:10 - DEBUG - [_run_single_trading_iteration] [NEM] 🔍 Signal for NEM: None
2025-04-15 17:30:10 - INFO - [_run_single_trading_iteration] [NEM] ℹ️ No valid signal for NEM
2025-04-15 17:30:10 - INFO - [get_stock_data] [LUV] Requesting data for LUV
2025-04-15 17:30:11 - INFO - [get_stock_data] [LUV] Data received for LUV: 91 rows
2025-04-15 17:30:11 - INFO - [check_vwap_diff_signal_with_rsi] [LUV] Analyzing VWAP reversal signal for LUV
2025-04-15 17:30:11 - INFO - [check_vwap_diff_signal_with_rsi] [LUV] Close: 26.27 | Low: 26.26 | High: 26.29 | VWAP: 26.333713610124327 | RSI: 61.21
2025-04-15 17:30:11 - DEBUG - [check_vwap_diff_signal_with_rsi] [LUV] [LUV] Last Candela: VWAP-Low=0.28%, High-VWAP=-0.17%
2025-04-15 17:30:11 - DEBUG - [check_vwap_diff_signal_with_rsi] [LUV] No VWAP+RSI signal detected
2025-04-15 17:30:11 - DEBUG - [_run_single_trading_iteration] [LUV] 🔍 Signal for LUV: None
2025-04-15 17:30:11 - INFO - [_run_single_trading_iteration] [LUV] ℹ️ No valid signal for LUV
2025-04-15 17:30:11 - INFO - [_run_strategy_if_applicable] [N/A] ⏰ Strategy 'EMA_Cross_ema50' not executed because it's outside the time window: 16:35:00 - 16:50:00
2025-04-15 17:30:11 - INFO - [_run_strategy_if_applicable] [N/A] ⏰ Strategy 'SMA_Cross_sma50' not executed because it's outside the time window: 16:35:00 - 16:50:00
2025-04-15 17:30:11 - INFO - [trading_loop] [N/A] 📊 Updating SL/TP for active orders
2025-04-15 17:30:12 - INFO - [update_orders] [N/A] ✅ Order 150 filled at 26.48
2025-04-15 17:30:12 - INFO - [set_tp_sl_direct] [N/A] 🔹 Setting TP (MIT) 26.79 and SL 26.24 for MRNA
2025-04-15 17:30:14 - INFO - [set_tp_sl_direct] [N/A] ✅ TP (MIT) Order Status: PendingSubmit (Trigger: 26.79)
2025-04-15 17:30:14 - INFO - [set_tp_sl_direct] [N/A] ✅ SL (Stop) Order Status: PreSubmitted (Trigger: 26.24)
2025-04-15 17:30:14 - INFO - [_wait_until_next_iteration] [N/A] ⏳ Sleeping for 45.55 seconds before the next cycle
2025-04-15 17:31:00 - DEBUG - [trading_loop] [N/A] ⏱ Skipping EMA_Cross_candle, not yet time (every 5m)
2025-04-15 17:31:00 - DEBUG - [trading_loop] [N/A] ⏱ Skipping VWAP_diff_signal_1700, not yet time (every 5m)
2025-04-15 17:31:00 - DEBUG - [trading_loop] [N/A] ⏱ Skipping SMA_Cross_candle, not yet time (every 5m)
2025-04-15 17:31:00 - DEBUG - [trading_loop] [N/A] ⏱ Skipping VWAP_diff_signal_rsi_1700, not yet time (every 5m)
2025-04-15 17:31:00 - DEBUG - [trading_loop] [N/A] ⏱ Skipping EMA_Cross_ema50, not yet time (every 5m)
2025-04-15 17:31:00 - DEBUG - [trading_loop] [N/A] ⏱ Skipping SMA_Cross_sma50, not yet time (every 5m)
2025-04-15 17:31:00 - INFO - [trading_loop] [N/A] 📊 Updating SL/TP for active orders
2025-04-15 17:31:01 - INFO - [_wait_until_next_iteration] [N/A] ⏳ Sleeping for 58.95 seconds before the next cycle
2025-04-15 17:32:00 - DEBUG - [trading_loop] [N/A] ⏱ Skipping EMA_Cross_candle, not yet time (every 5m)
2025-04-15 17:32:00 - DEBUG - [trading_loop] [N/A] ⏱ Skipping VWAP_diff_signal_1700, not yet time (every 5m)
2025-04-15 17:32:00 - DEBUG - [trading_loop] [N/A] ⏱ Skipping SMA_Cross_candle, not yet time (every 5m)
2025-04-15 17:32:00 - DEBUG - [trading_loop] [N/A] ⏱ Skipping VWAP_diff_signal_rsi_1700, not yet time (every 5m)
2025-04-15 17:32:00 - DEBUG - [trading_loop] [N/A] ⏱ Skipping EMA_Cross_ema50, not yet time (every 5m)
2025-04-15 17:32:00 - DEBUG - [trading_loop] [N/A] ⏱ Skipping SMA_Cross_sma50, not yet time (every 5m)
2025-04-15 17:32:00 - INFO - [trading_loop] [N/A] 📊 Updating SL/TP for active orders
2025-04-15 17:32:01 - INFO - [_wait_until_next_iteration] [N/A] ⏳ Sleeping for 58.93 seconds before the next cycle
2025-04-15 17:33:00 - DEBUG - [trading_loop] [N/A] ⏱ Skipping EMA_Cross_candle, not yet time (every 5m)
2025-04-15 17:33:00 - DEBUG - [trading_loop] [N/A] ⏱ Skipping VWAP_diff_signal_1700, not yet time (every 5m)
2025-04-15 17:33:00 - DEBUG - [trading_loop] [N/A] ⏱ Skipping SMA_Cross_candle, not yet time (every 5m)
2025-04-15 17:33:00 - DEBUG - [trading_loop] [N/A] ⏱ Skipping VWAP_diff_signal_rsi_1700, not yet time (every 5m)
2025-04-15 17:33:00 - DEBUG - [trading_loop] [N/A] ⏱ Skipping EMA_Cross_ema50, not yet time (every 5m)
2025-04-15 17:33:00 - DEBUG - [trading_loop] [N/A] ⏱ Skipping SMA_Cross_sma50, not yet time (every 5m)
2025-04-15 17:33:00 - INFO - [trading_loop] [N/A] 📊 Updating SL/TP for active orders
2025-04-15 17:33:01 - INFO - [_wait_until_next_iteration] [N/A] ⏳ Sleeping for 58.93 seconds before the next cycle
2025-04-15 17:34:00 - DEBUG - [trading_loop] [N/A] ⏱ Skipping EMA_Cross_candle, not yet time (every 5m)
2025-04-15 17:34:00 - DEBUG - [trading_loop] [N/A] ⏱ Skipping VWAP_diff_signal_1700, not yet time (every 5m)
2025-04-15 17:34:00 - DEBUG - [trading_loop] [N/A] ⏱ Skipping SMA_Cross_candle, not yet time (every 5m)
2025-04-15 17:34:00 - DEBUG - [trading_loop] [N/A] ⏱ Skipping VWAP_diff_signal_rsi_1700, not yet time (every 5m)
2025-04-15 17:34:00 - DEBUG - [trading_loop] [N/A] ⏱ Skipping EMA_Cross_ema50, not yet time (every 5m)
2025-04-15 17:34:00 - DEBUG - [trading_loop] [N/A] ⏱ Skipping SMA_Cross_sma50, not yet time (every 5m)
2025-04-15 17:34:00 - INFO - [trading_loop] [N/A] 📊 Updating SL/TP for active orders
2025-04-15 17:34:01 - INFO - [_wait_until_next_iteration] [N/A] ⏳ Sleeping for 58.93 seconds before the next cycle
2025-04-15 17:35:00 - INFO - [_run_strategy_if_applicable] [N/A] ⏰ Strategy 'EMA_Cross_candle' not executed because it's outside the time window: 16:35:00 - 16:50:00
2025-04-15 17:35:00 - INFO - [_run_strategy_if_applicable] [N/A] 🔄 Starting trading loop for strategy: VWAP_diff_signal_1700
2025-04-15 17:35:00 - INFO - [get_stock_data] [HBAN] Requesting data for HBAN
2025-04-15 17:35:00 - INFO - [get_stock_data] [HBAN] Data received for HBAN: 91 rows
2025-04-15 17:35:00 - INFO - [check_vwap_diff_signal] [HBAN] Analyzing VWAP reversal signal for HBAN
2025-04-15 17:35:00 - INFO - [check_vwap_diff_signal] [HBAN] Close: 13.53 | Low: 13.46 | High: 13.54 | VWAP: 13.500406518066896
2025-04-15 17:35:00 - DEBUG - [check_vwap_diff_signal] [HBAN] [HBAN] Last Candela: VWAP-Low=0.30%, High-VWAP=0.29%
2025-04-15 17:35:00 - DEBUG - [check_vwap_diff_signal] [HBAN] No VWAP signal detected
2025-04-15 17:35:00 - DEBUG - [_run_single_trading_iteration] [HBAN] 🔍 Signal for HBAN: None
2025-04-15 17:35:00 - INFO - [_run_single_trading_iteration] [HBAN] ℹ️ No valid signal for HBAN
2025-04-15 17:35:00 - INFO - [get_stock_data] [CZR] Requesting data for CZR
2025-04-15 17:35:01 - INFO - [get_stock_data] [CZR] Data received for CZR: 91 rows
2025-04-15 17:35:01 - INFO - [check_vwap_diff_signal] [CZR] Analyzing VWAP reversal signal for CZR
2025-04-15 17:35:01 - INFO - [check_vwap_diff_signal] [CZR] Close: 25.47 | Low: 25.4 | High: 25.48 | VWAP: 25.501653523196964
2025-04-15 17:35:01 - DEBUG - [check_vwap_diff_signal] [CZR] [CZR] Last Candela: VWAP-Low=0.40%, High-VWAP=-0.08%
2025-04-15 17:35:01 - DEBUG - [check_vwap_diff_signal] [CZR] No VWAP signal detected
2025-04-15 17:35:01 - DEBUG - [_run_single_trading_iteration] [CZR] 🔍 Signal for CZR: None
2025-04-15 17:35:01 - INFO - [_run_single_trading_iteration] [CZR] ℹ️ No valid signal for CZR
2025-04-15 17:35:01 - INFO - [get_stock_data] [MTCH] Requesting data for MTCH
2025-04-15 17:35:01 - INFO - [get_stock_data] [MTCH] Data received for MTCH: 91 rows
2025-04-15 17:35:01 - INFO - [check_vwap_diff_signal] [MTCH] Analyzing VWAP reversal signal for MTCH
2025-04-15 17:35:01 - INFO - [check_vwap_diff_signal] [MTCH] Close: 28.96 | Low: 28.9 | High: 29.0 | VWAP: 28.902169217333732
2025-04-15 17:35:01 - DEBUG - [check_vwap_diff_signal] [MTCH] [MTCH] Last Candela: VWAP-Low=0.01%, High-VWAP=0.34%
2025-04-15 17:35:01 - DEBUG - [check_vwap_diff_signal] [MTCH] No VWAP signal detected
2025-04-15 17:35:01 - DEBUG - [_run_single_trading_iteration] [MTCH] 🔍 Signal for MTCH: None
2025-04-15 17:35:01 - INFO - [_run_single_trading_iteration] [MTCH] ℹ️ No valid signal for MTCH
2025-04-15 17:35:01 - DEBUG - [_run_single_trading_iteration] [MRNA] 🚫 Trade not allowed for MRNA (limit reached)
2025-04-15 17:35:01 - INFO - [get_stock_data] [NCHL] Requesting data for NCHL
2025-04-15 17:35:02 - ERROR - [get_stock_data] [NCHL] Error retrieving data: 'NoneType' object has no attribute 'empty'
2025-04-15 17:35:02 - DEBUG - [_run_single_trading_iteration] [WBD] 🚫 Trade not allowed for WBD (limit reached)
2025-04-15 17:35:02 - INFO - [get_stock_data] [CMCSA] Requesting data for CMCSA
2025-04-15 17:35:02 - INFO - [get_stock_data] [CMCSA] Data received for CMCSA: 91 rows
2025-04-15 17:35:02 - INFO - [check_vwap_diff_signal] [CMCSA] Analyzing VWAP reversal signal for CMCSA
2025-04-15 17:35:02 - INFO - [check_vwap_diff_signal] [CMCSA] Close: 34.68 | Low: 34.6 | High: 34.7 | VWAP: 34.54609604420871
2025-04-15 17:35:02 - DEBUG - [check_vwap_diff_signal] [CMCSA] [CMCSA] Last Candela: VWAP-Low=-0.16%, High-VWAP=0.45%
2025-04-15 17:35:02 - DEBUG - [check_vwap_diff_signal] [CMCSA] No VWAP signal detected
2025-04-15 17:35:02 - DEBUG - [_run_single_trading_iteration] [CMCSA] 🔍 Signal for CMCSA: None
2025-04-15 17:35:02 - INFO - [_run_single_trading_iteration] [CMCSA] ℹ️ No valid signal for CMCSA
2025-04-15 17:35:02 - INFO - [_run_strategy_if_applicable] [N/A] ⏰ Strategy 'SMA_Cross_candle' not executed because it's outside the time window: 16:35:00 - 16:50:00
2025-04-15 17:35:02 - INFO - [_run_strategy_if_applicable] [N/A] 🔄 Starting trading loop for strategy: VWAP_diff_signal_rsi_1700
2025-04-15 17:35:02 - INFO - [get_stock_data] [IVZ] Requesting data for IVZ
2025-04-15 17:35:03 - INFO - [get_stock_data] [IVZ] Data received for IVZ: 91 rows
2025-04-15 17:35:03 - INFO - [check_vwap_diff_signal_with_rsi] [IVZ] Analyzing VWAP reversal signal for IVZ
2025-04-15 17:35:03 - INFO - [check_vwap_diff_signal_with_rsi] [IVZ] Close: 13.21 | Low: 13.12 | High: 13.22 | VWAP: 13.142012874036464 | RSI: 63.81
2025-04-15 17:35:03 - DEBUG - [check_vwap_diff_signal_with_rsi] [IVZ] [IVZ] Last Candela: VWAP-Low=0.17%, High-VWAP=0.59%
2025-04-15 17:35:03 - DEBUG - [check_vwap_diff_signal_with_rsi] [IVZ] No VWAP+RSI signal detected
2025-04-15 17:35:03 - DEBUG - [_run_single_trading_iteration] [IVZ] 🔍 Signal for IVZ: None
2025-04-15 17:35:03 - INFO - [_run_single_trading_iteration] [IVZ] ℹ️ No valid signal for IVZ
2025-04-15 17:35:03 - INFO - [get_stock_data] [FCX] Requesting data for FCX
2025-04-15 17:35:03 - INFO - [get_stock_data] [FCX] Data received for FCX: 91 rows
2025-04-15 17:35:03 - INFO - [check_vwap_diff_signal_with_rsi] [FCX] Analyzing VWAP reversal signal for FCX
2025-04-15 17:35:03 - INFO - [check_vwap_diff_signal_with_rsi] [FCX] Close: 33.59 | Low: 33.46 | High: 33.59 | VWAP: 33.43105090182858 | RSI: 48.39
2025-04-15 17:35:03 - DEBUG - [check_vwap_diff_signal_with_rsi] [FCX] [FCX] Last Candela: VWAP-Low=-0.09%, High-VWAP=0.48%
2025-04-15 17:35:03 - DEBUG - [check_vwap_diff_signal_with_rsi] [FCX] No VWAP+RSI signal detected
2025-04-15 17:35:03 - DEBUG - [_run_single_trading_iteration] [FCX] 🔍 Signal for FCX: None
2025-04-15 17:35:03 - INFO - [_run_single_trading_iteration] [FCX] ℹ️ No valid signal for FCX
2025-04-15 17:35:03 - INFO - [get_stock_data] [HST] Requesting data for HST
2025-04-15 17:35:04 - INFO - [get_stock_data] [HST] Data received for HST: 91 rows
2025-04-15 17:35:04 - INFO - [check_vwap_diff_signal_with_rsi] [HST] Analyzing VWAP reversal signal for HST
2025-04-15 17:35:04 - INFO - [check_vwap_diff_signal_with_rsi] [HST] Close: 13.73 | Low: 13.69 | High: 13.75 | VWAP: 13.780491732909379 | RSI: 47.08
2025-04-15 17:35:04 - DEBUG - [check_vwap_diff_signal_with_rsi] [HST] [HST] Last Candela: VWAP-Low=0.66%, High-VWAP=-0.22%
2025-04-15 17:35:04 - DEBUG - [check_vwap_diff_signal_with_rsi] [HST] No VWAP+RSI signal detected
2025-04-15 17:35:04 - DEBUG - [_run_single_trading_iteration] [HST] 🔍 Signal for HST: None
2025-04-15 17:35:04 - INFO - [_run_single_trading_iteration] [HST] ℹ️ No valid signal for HST
2025-04-15 17:35:04 - INFO - [get_stock_data] [IVZ] Requesting data for IVZ
2025-04-15 17:35:04 - INFO - [get_stock_data] [IVZ] Data received for IVZ: 91 rows
2025-04-15 17:35:04 - INFO - [check_vwap_diff_signal_with_rsi] [IVZ] Analyzing VWAP reversal signal for IVZ
2025-04-15 17:35:04 - INFO - [check_vwap_diff_signal_with_rsi] [IVZ] Close: 13.21 | Low: 13.12 | High: 13.22 | VWAP: 13.142012874036464 | RSI: 63.81
2025-04-15 17:35:04 - DEBUG - [check_vwap_diff_signal_with_rsi] [IVZ] [IVZ] Last Candela: VWAP-Low=0.17%, High-VWAP=0.59%
2025-04-15 17:35:04 - DEBUG - [check_vwap_diff_signal_with_rsi] [IVZ] No VWAP+RSI signal detected
2025-04-15 17:35:04 - DEBUG - [_run_single_trading_iteration] [IVZ] 🔍 Signal for IVZ: None
2025-04-15 17:35:04 - INFO - [_run_single_trading_iteration] [IVZ] ℹ️ No valid signal for IVZ
2025-04-15 17:35:04 - INFO - [get_stock_data] [NEM] Requesting data for NEM
2025-04-15 17:35:05 - INFO - [get_stock_data] [NEM] Data received for NEM: 91 rows
2025-04-15 17:35:05 - INFO - [check_vwap_diff_signal_with_rsi] [NEM] Analyzing VWAP reversal signal for NEM
2025-04-15 17:35:05 - INFO - [check_vwap_diff_signal_with_rsi] [NEM] Close: 54.78 | Low: 54.63 | High: 54.82 | VWAP: 54.46698130261878 | RSI: 52.88
2025-04-15 17:35:05 - DEBUG - [check_vwap_diff_signal_with_rsi] [NEM] [NEM] Last Candela: VWAP-Low=-0.30%, High-VWAP=0.65%
2025-04-15 17:35:05 - DEBUG - [check_vwap_diff_signal_with_rsi] [NEM] No VWAP+RSI signal detected
2025-04-15 17:35:05 - DEBUG - [_run_single_trading_iteration] [NEM] 🔍 Signal for NEM: None
2025-04-15 17:35:05 - INFO - [_run_single_trading_iteration] [NEM] ℹ️ No valid signal for NEM
2025-04-15 17:35:05 - INFO - [get_stock_data] [LUV] Requesting data for LUV
2025-04-15 17:35:05 - INFO - [get_stock_data] [LUV] Data received for LUV: 92 rows
2025-04-15 17:35:05 - INFO - [check_vwap_diff_signal_with_rsi] [LUV] Analyzing VWAP reversal signal for LUV
2025-04-15 17:35:05 - INFO - [check_vwap_diff_signal_with_rsi] [LUV] Close: 26.3 | Low: 26.29 | High: 26.3 | VWAP: 26.332763978164667 | RSI: 62.30
2025-04-15 17:35:05 - DEBUG - [check_vwap_diff_signal_with_rsi] [LUV] [LUV] Last Candela: VWAP-Low=0.16%, High-VWAP=-0.12%
2025-04-15 17:35:05 - DEBUG - [check_vwap_diff_signal_with_rsi] [LUV] No VWAP+RSI signal detected
2025-04-15 17:35:05 - DEBUG - [_run_single_trading_iteration] [LUV] 🔍 Signal for LUV: None
2025-04-15 17:35:05 - INFO - [_run_single_trading_iteration] [LUV] ℹ️ No valid signal for LUV
2025-04-15 17:35:05 - INFO - [_run_strategy_if_applicable] [N/A] ⏰ Strategy 'EMA_Cross_ema50' not executed because it's outside the time window: 16:35:00 - 16:50:00
2025-04-15 17:35:05 - INFO - [_run_strategy_if_applicable] [N/A] ⏰ Strategy 'SMA_Cross_sma50' not executed because it's outside the time window: 16:35:00 - 16:50:00
2025-04-15 17:35:05 - INFO - [trading_loop] [N/A] 📊 Updating SL/TP for active orders
2025-04-15 17:35:06 - INFO - [_wait_until_next_iteration] [N/A] ⏳ Sleeping for 53.01 seconds before the next cycle
2025-04-15 17:36:00 - DEBUG - [trading_loop] [N/A] ⏱ Skipping EMA_Cross_candle, not yet time (every 5m)
2025-04-15 17:36:00 - DEBUG - [trading_loop] [N/A] ⏱ Skipping VWAP_diff_signal_1700, not yet time (every 5m)
2025-04-15 17:36:00 - DEBUG - [trading_loop] [N/A] ⏱ Skipping SMA_Cross_candle, not yet time (every 5m)
2025-04-15 17:36:00 - DEBUG - [trading_loop] [N/A] ⏱ Skipping VWAP_diff_signal_rsi_1700, not yet time (every 5m)
2025-04-15 17:36:00 - DEBUG - [trading_loop] [N/A] ⏱ Skipping EMA_Cross_ema50, not yet time (every 5m)
2025-04-15 17:36:00 - DEBUG - [trading_loop] [N/A] ⏱ Skipping SMA_Cross_sma50, not yet time (every 5m)
2025-04-15 17:36:00 - INFO - [trading_loop] [N/A] 📊 Updating SL/TP for active orders
2025-04-15 17:36:01 - INFO - [_wait_until_next_iteration] [N/A] ⏳ Sleeping for 58.93 seconds before the next cycle
2025-04-15 17:37:00 - DEBUG - [trading_loop] [N/A] ⏱ Skipping EMA_Cross_candle, not yet time (every 5m)
2025-04-15 17:37:00 - DEBUG - [trading_loop] [N/A] ⏱ Skipping VWAP_diff_signal_1700, not yet time (every 5m)
2025-04-15 17:37:00 - DEBUG - [trading_loop] [N/A] ⏱ Skipping SMA_Cross_candle, not yet time (every 5m)
2025-04-15 17:37:00 - DEBUG - [trading_loop] [N/A] ⏱ Skipping VWAP_diff_signal_rsi_1700, not yet time (every 5m)
2025-04-15 17:37:00 - DEBUG - [trading_loop] [N/A] ⏱ Skipping EMA_Cross_ema50, not yet time (every 5m)
2025-04-15 17:37:00 - DEBUG - [trading_loop] [N/A] ⏱ Skipping SMA_Cross_sma50, not yet time (every 5m)
2025-04-15 17:37:00 - INFO - [trading_loop] [N/A] 📊 Updating SL/TP for active orders
2025-04-15 17:37:01 - INFO - [_wait_until_next_iteration] [N/A] ⏳ Sleeping for 58.94 seconds before the next cycle
2025-04-15 17:38:00 - DEBUG - [trading_loop] [N/A] ⏱ Skipping EMA_Cross_candle, not yet time (every 5m)
2025-04-15 17:38:00 - DEBUG - [trading_loop] [N/A] ⏱ Skipping VWAP_diff_signal_1700, not yet time (every 5m)
2025-04-15 17:38:00 - DEBUG - [trading_loop] [N/A] ⏱ Skipping SMA_Cross_candle, not yet time (every 5m)
2025-04-15 17:38:00 - DEBUG - [trading_loop] [N/A] ⏱ Skipping VWAP_diff_signal_rsi_1700, not yet time (every 5m)
2025-04-15 17:38:00 - DEBUG - [trading_loop] [N/A] ⏱ Skipping EMA_Cross_ema50, not yet time (every 5m)
2025-04-15 17:38:00 - DEBUG - [trading_loop] [N/A] ⏱ Skipping SMA_Cross_sma50, not yet time (every 5m)
2025-04-15 17:38:00 - INFO - [trading_loop] [N/A] 📊 Updating SL/TP for active orders
2025-04-15 17:38:01 - INFO - [_wait_until_next_iteration] [N/A] ⏳ Sleeping for 58.93 seconds before the next cycle
2025-04-15 17:39:00 - DEBUG - [trading_loop] [N/A] ⏱ Skipping EMA_Cross_candle, not yet time (every 5m)
2025-04-15 17:39:00 - DEBUG - [trading_loop] [N/A] ⏱ Skipping VWAP_diff_signal_1700, not yet time (every 5m)
2025-04-15 17:39:00 - DEBUG - [trading_loop] [N/A] ⏱ Skipping SMA_Cross_candle, not yet time (every 5m)
2025-04-15 17:39:00 - DEBUG - [trading_loop] [N/A] ⏱ Skipping VWAP_diff_signal_rsi_1700, not yet time (every 5m)
2025-04-15 17:39:00 - DEBUG - [trading_loop] [N/A] ⏱ Skipping EMA_Cross_ema50, not yet time (every 5m)
2025-04-15 17:39:00 - DEBUG - [trading_loop] [N/A] ⏱ Skipping SMA_Cross_sma50, not yet time (every 5m)
2025-04-15 17:39:00 - INFO - [trading_loop] [N/A] 📊 Updating SL/TP for active orders
2025-04-15 17:39:01 - INFO - [_wait_until_next_iteration] [N/A] ⏳ Sleeping for 58.93 seconds before the next cycle
2025-04-15 17:40:00 - INFO - [_run_strategy_if_applicable] [N/A] ⏰ Strategy 'EMA_Cross_candle' not executed because it's outside the time window: 16:35:00 - 16:50:00
2025-04-15 17:40:00 - INFO - [_run_strategy_if_applicable] [N/A] 🔄 Starting trading loop for strategy: VWAP_diff_signal_1700
2025-04-15 17:40:00 - INFO - [get_stock_data] [HBAN] Requesting data for HBAN
2025-04-15 17:40:00 - INFO - [get_stock_data] [HBAN] Data received for HBAN: 92 rows
2025-04-15 17:40:00 - INFO - [check_vwap_diff_signal] [HBAN] Analyzing VWAP reversal signal for HBAN
2025-04-15 17:40:00 - INFO - [check_vwap_diff_signal] [HBAN] Close: 13.48 | Low: 13.47 | High: 13.53 | VWAP: 13.499777847002656
2025-04-15 17:40:00 - DEBUG - [check_vwap_diff_signal] [HBAN] [HBAN] Last Candela: VWAP-Low=0.22%, High-VWAP=0.22%
2025-04-15 17:40:00 - DEBUG - [check_vwap_diff_signal] [HBAN] No VWAP signal detected
2025-04-15 17:40:00 - DEBUG - [_run_single_trading_iteration] [HBAN] 🔍 Signal for HBAN: None
2025-04-15 17:40:00 - INFO - [_run_single_trading_iteration] [HBAN] ℹ️ No valid signal for HBAN
2025-04-15 17:40:00 - INFO - [get_stock_data] [CZR] Requesting data for CZR
2025-04-15 17:40:01 - INFO - [get_stock_data] [CZR] Data received for CZR: 92 rows
2025-04-15 17:40:01 - INFO - [check_vwap_diff_signal] [CZR] Analyzing VWAP reversal signal for CZR
2025-04-15 17:40:01 - INFO - [check_vwap_diff_signal] [CZR] Close: 25.33 | Low: 25.33 | High: 25.48 | VWAP: 25.49605703826586
2025-04-15 17:40:01 - DEBUG - [check_vwap_diff_signal] [CZR] [CZR] Last Candela: VWAP-Low=0.65%, High-VWAP=-0.06%
2025-04-15 17:40:01 - DEBUG - [check_vwap_diff_signal] [CZR] No VWAP signal detected
2025-04-15 17:40:01 - DEBUG - [_run_single_trading_iteration] [CZR] 🔍 Signal for CZR: None
2025-04-15 17:40:01 - INFO - [_run_single_trading_iteration] [CZR] ℹ️ No valid signal for CZR
2025-04-15 17:40:01 - INFO - [get_stock_data] [MTCH] Requesting data for MTCH
2025-04-15 17:40:01 - INFO - [get_stock_data] [MTCH] Data received for MTCH: 92 rows
2025-04-15 17:40:01 - INFO - [check_vwap_diff_signal] [MTCH] Analyzing VWAP reversal signal for MTCH
2025-04-15 17:40:01 - INFO - [check_vwap_diff_signal] [MTCH] Close: 28.92 | Low: 28.91 | High: 29.0 | VWAP: 28.902951813719213
2025-04-15 17:40:01 - DEBUG - [check_vwap_diff_signal] [MTCH] [MTCH] Last Candela: VWAP-Low=-0.02%, High-VWAP=0.34%
2025-04-15 17:40:01 - DEBUG - [check_vwap_diff_signal] [MTCH] No VWAP signal detected
2025-04-15 17:40:01 - DEBUG - [_run_single_trading_iteration] [MTCH] 🔍 Signal for MTCH: None
2025-04-15 17:40:01 - INFO - [_run_single_trading_iteration] [MTCH] ℹ️ No valid signal for MTCH
2025-04-15 17:40:01 - DEBUG - [_run_single_trading_iteration] [MRNA] 🚫 Trade not allowed for MRNA (limit reached)
2025-04-15 17:40:01 - INFO - [get_stock_data] [NCHL] Requesting data for NCHL
2025-04-15 17:40:01 - ERROR - [get_stock_data] [NCHL] Error retrieving data: 'NoneType' object has no attribute 'empty'
2025-04-15 17:40:02 - DEBUG - [_run_single_trading_iteration] [WBD] 🚫 Trade not allowed for WBD (limit reached)
2025-04-15 17:40:02 - INFO - [get_stock_data] [CMCSA] Requesting data for CMCSA
2025-04-15 17:40:02 - INFO - [get_stock_data] [CMCSA] Data received for CMCSA: 92 rows
2025-04-15 17:40:02 - INFO - [check_vwap_diff_signal] [CMCSA] Analyzing VWAP reversal signal for CMCSA
2025-04-15 17:40:02 - INFO - [check_vwap_diff_signal] [CMCSA] Close: 34.58 | Low: 34.57 | High: 34.68 | VWAP: 34.54730048006757
2025-04-15 17:40:02 - DEBUG - [check_vwap_diff_signal] [CMCSA] [CMCSA] Last Candela: VWAP-Low=-0.07%, High-VWAP=0.38%
2025-04-15 17:40:02 - DEBUG - [check_vwap_diff_signal] [CMCSA] No VWAP signal detected
2025-04-15 17:40:02 - DEBUG - [_run_single_trading_iteration] [CMCSA] 🔍 Signal for CMCSA: None
2025-04-15 17:40:02 - INFO - [_run_single_trading_iteration] [CMCSA] ℹ️ No valid signal for CMCSA
2025-04-15 17:40:02 - INFO - [_run_strategy_if_applicable] [N/A] ⏰ Strategy 'SMA_Cross_candle' not executed because it's outside the time window: 16:35:00 - 16:50:00
2025-04-15 17:40:02 - INFO - [_run_strategy_if_applicable] [N/A] 🔄 Starting trading loop for strategy: VWAP_diff_signal_rsi_1700
2025-04-15 17:40:02 - INFO - [get_stock_data] [IVZ] Requesting data for IVZ
2025-04-15 17:40:03 - INFO - [get_stock_data] [IVZ] Data received for IVZ: 92 rows
2025-04-15 17:40:03 - INFO - [check_vwap_diff_signal_with_rsi] [IVZ] Analyzing VWAP reversal signal for IVZ
2025-04-15 17:40:03 - INFO - [check_vwap_diff_signal_with_rsi] [IVZ] Close: 13.18 | Low: 13.16 | High: 13.22 | VWAP: 13.147964299942672 | RSI: 59.47
2025-04-15 17:40:03 - DEBUG - [check_vwap_diff_signal_with_rsi] [IVZ] [IVZ] Last Candela: VWAP-Low=-0.09%, High-VWAP=0.55%
2025-04-15 17:40:03 - DEBUG - [check_vwap_diff_signal_with_rsi] [IVZ] No VWAP+RSI signal detected
2025-04-15 17:40:03 - DEBUG - [_run_single_trading_iteration] [IVZ] 🔍 Signal for IVZ: None
2025-04-15 17:40:03 - INFO - [_run_single_trading_iteration] [IVZ] ℹ️ No valid signal for IVZ
2025-04-15 17:40:03 - INFO - [get_stock_data] [FCX] Requesting data for FCX
2025-04-15 17:40:03 - INFO - [get_stock_data] [FCX] Data received for FCX: 92 rows
2025-04-15 17:40:03 - INFO - [check_vwap_diff_signal_with_rsi] [FCX] Analyzing VWAP reversal signal for FCX
2025-04-15 17:40:03 - INFO - [check_vwap_diff_signal_with_rsi] [FCX] Close: 33.42 | Low: 33.41 | High: 33.59 | VWAP: 33.43067149745694 | RSI: 42.46
2025-04-15 17:40:03 - DEBUG - [check_vwap_diff_signal_with_rsi] [FCX] [FCX] Last Candela: VWAP-Low=0.06%, High-VWAP=0.48%
2025-04-15 17:40:03 - DEBUG - [check_vwap_diff_signal_with_rsi] [FCX] No VWAP+RSI signal detected
2025-04-15 17:40:03 - DEBUG - [_run_single_trading_iteration] [FCX] 🔍 Signal for FCX: None
2025-04-15 17:40:03 - INFO - [_run_single_trading_iteration] [FCX] ℹ️ No valid signal for FCX
2025-04-15 17:40:03 - INFO - [get_stock_data] [HST] Requesting data for HST
2025-04-15 17:40:04 - INFO - [get_stock_data] [HST] Data received for HST: 92 rows
2025-04-15 17:40:04 - INFO - [check_vwap_diff_signal_with_rsi] [HST] Analyzing VWAP reversal signal for HST
2025-04-15 17:40:04 - INFO - [check_vwap_diff_signal_with_rsi] [HST] Close: 13.7 | Low: 13.68 | High: 13.73 | VWAP: 13.776928091069045 | RSI: 43.88
2025-04-15 17:40:04 - DEBUG - [check_vwap_diff_signal_with_rsi] [HST] [HST] Last Candela: VWAP-Low=0.70%, High-VWAP=-0.34%
2025-04-15 17:40:04 - DEBUG - [check_vwap_diff_signal_with_rsi] [HST] No VWAP+RSI signal detected
2025-04-15 17:40:04 - DEBUG - [_run_single_trading_iteration] [HST] 🔍 Signal for HST: None
2025-04-15 17:40:04 - INFO - [_run_single_trading_iteration] [HST] ℹ️ No valid signal for HST
2025-04-15 17:40:04 - INFO - [get_stock_data] [IVZ] Requesting data for IVZ
2025-04-15 17:40:04 - INFO - [get_stock_data] [IVZ] Data received for IVZ: 92 rows
2025-04-15 17:40:04 - INFO - [check_vwap_diff_signal_with_rsi] [IVZ] Analyzing VWAP reversal signal for IVZ
2025-04-15 17:40:04 - INFO - [check_vwap_diff_signal_with_rsi] [IVZ] Close: 13.18 | Low: 13.16 | High: 13.22 | VWAP: 13.147964299942672 | RSI: 59.47
2025-04-15 17:40:04 - DEBUG - [check_vwap_diff_signal_with_rsi] [IVZ] [IVZ] Last Candela: VWAP-Low=-0.09%, High-VWAP=0.55%
2025-04-15 17:40:04 - DEBUG - [check_vwap_diff_signal_with_rsi] [IVZ] No VWAP+RSI signal detected
2025-04-15 17:40:04 - DEBUG - [_run_single_trading_iteration] [IVZ] 🔍 Signal for IVZ: None
2025-04-15 17:40:04 - INFO - [_run_single_trading_iteration] [IVZ] ℹ️ No valid signal for IVZ
2025-04-15 17:40:04 - INFO - [get_stock_data] [NEM] Requesting data for NEM
2025-04-15 17:40:05 - INFO - [get_stock_data] [NEM] Data received for NEM: 93 rows
2025-04-15 17:40:05 - INFO - [check_vwap_diff_signal_with_rsi] [NEM] Analyzing VWAP reversal signal for NEM
2025-04-15 17:40:05 - INFO - [check_vwap_diff_signal_with_rsi] [NEM] Close: 54.76 | Low: 54.75 | High: 54.78 | VWAP: 54.47689161384824 | RSI: 52.12
2025-04-15 17:40:05 - DEBUG - [check_vwap_diff_signal_with_rsi] [NEM] [NEM] Last Candela: VWAP-Low=-0.50%, High-VWAP=0.56%
2025-04-15 17:40:05 - DEBUG - [check_vwap_diff_signal_with_rsi] [NEM] No VWAP+RSI signal detected
2025-04-15 17:40:05 - DEBUG - [_run_single_trading_iteration] [NEM] 🔍 Signal for NEM: None
2025-04-15 17:40:05 - INFO - [_run_single_trading_iteration] [NEM] ℹ️ No valid signal for NEM
2025-04-15 17:40:05 - INFO - [get_stock_data] [LUV] Requesting data for LUV
2025-04-15 17:40:05 - INFO - [get_stock_data] [LUV] Data received for LUV: 93 rows
2025-04-15 17:40:05 - INFO - [check_vwap_diff_signal_with_rsi] [LUV] Analyzing VWAP reversal signal for LUV
2025-04-15 17:40:05 - INFO - [check_vwap_diff_signal_with_rsi] [LUV] Close: 26.26 | Low: 26.25 | High: 26.28 | VWAP: 26.33010731117511 | RSI: 59.79
2025-04-15 17:40:05 - DEBUG - [check_vwap_diff_signal_with_rsi] [LUV] [LUV] Last Candela: VWAP-Low=0.30%, High-VWAP=-0.19%
2025-04-15 17:40:05 - DEBUG - [check_vwap_diff_signal_with_rsi] [LUV] No VWAP+RSI signal detected
2025-04-15 17:40:05 - DEBUG - [_run_single_trading_iteration] [LUV] 🔍 Signal for LUV: None
2025-04-15 17:40:05 - INFO - [_run_single_trading_iteration] [LUV] ℹ️ No valid signal for LUV
2025-04-15 17:40:05 - INFO - [_run_strategy_if_applicable] [N/A] ⏰ Strategy 'EMA_Cross_ema50' not executed because it's outside the time window: 16:35:00 - 16:50:00
2025-04-15 17:40:05 - INFO - [_run_strategy_if_applicable] [N/A] ⏰ Strategy 'SMA_Cross_sma50' not executed because it's outside the time window: 16:35:00 - 16:50:00
2025-04-15 17:40:05 - INFO - [trading_loop] [N/A] 📊 Updating SL/TP for active orders
2025-04-15 17:40:06 - INFO - [_wait_until_next_iteration] [N/A] ⏳ Sleeping for 53.05 seconds before the next cycle
2025-04-15 17:41:00 - DEBUG - [trading_loop] [N/A] ⏱ Skipping EMA_Cross_candle, not yet time (every 5m)
2025-04-15 17:41:00 - DEBUG - [trading_loop] [N/A] ⏱ Skipping VWAP_diff_signal_1700, not yet time (every 5m)
2025-04-15 17:41:00 - DEBUG - [trading_loop] [N/A] ⏱ Skipping SMA_Cross_candle, not yet time (every 5m)
2025-04-15 17:41:00 - DEBUG - [trading_loop] [N/A] ⏱ Skipping VWAP_diff_signal_rsi_1700, not yet time (every 5m)
2025-04-15 17:41:00 - DEBUG - [trading_loop] [N/A] ⏱ Skipping EMA_Cross_ema50, not yet time (every 5m)
2025-04-15 17:41:00 - DEBUG - [trading_loop] [N/A] ⏱ Skipping SMA_Cross_sma50, not yet time (every 5m)
2025-04-15 17:41:00 - INFO - [trading_loop] [N/A] 📊 Updating SL/TP for active orders
2025-04-15 17:41:01 - INFO - [_wait_until_next_iteration] [N/A] ⏳ Sleeping for 58.94 seconds before the next cycle
2025-04-15 17:42:00 - DEBUG - [trading_loop] [N/A] ⏱ Skipping EMA_Cross_candle, not yet time (every 5m)
2025-04-15 17:42:00 - DEBUG - [trading_loop] [N/A] ⏱ Skipping VWAP_diff_signal_1700, not yet time (every 5m)
2025-04-15 17:42:00 - DEBUG - [trading_loop] [N/A] ⏱ Skipping SMA_Cross_candle, not yet time (every 5m)
2025-04-15 17:42:00 - DEBUG - [trading_loop] [N/A] ⏱ Skipping VWAP_diff_signal_rsi_1700, not yet time (every 5m)
2025-04-15 17:42:00 - DEBUG - [trading_loop] [N/A] ⏱ Skipping EMA_Cross_ema50, not yet time (every 5m)
2025-04-15 17:42:00 - DEBUG - [trading_loop] [N/A] ⏱ Skipping SMA_Cross_sma50, not yet time (every 5m)
2025-04-15 17:42:00 - INFO - [trading_loop] [N/A] 📊 Updating SL/TP for active orders
2025-04-15 17:42:01 - INFO - [_wait_until_next_iteration] [N/A] ⏳ Sleeping for 58.93 seconds before the next cycle
2025-04-15 17:43:00 - DEBUG - [trading_loop] [N/A] ⏱ Skipping EMA_Cross_candle, not yet time (every 5m)
2025-04-15 17:43:00 - DEBUG - [trading_loop] [N/A] ⏱ Skipping VWAP_diff_signal_1700, not yet time (every 5m)
2025-04-15 17:43:00 - DEBUG - [trading_loop] [N/A] ⏱ Skipping SMA_Cross_candle, not yet time (every 5m)
2025-04-15 17:43:00 - DEBUG - [trading_loop] [N/A] ⏱ Skipping VWAP_diff_signal_rsi_1700, not yet time (every 5m)
2025-04-15 17:43:00 - DEBUG - [trading_loop] [N/A] ⏱ Skipping EMA_Cross_ema50, not yet time (every 5m)
2025-04-15 17:43:00 - DEBUG - [trading_loop] [N/A] ⏱ Skipping SMA_Cross_sma50, not yet time (every 5m)
2025-04-15 17:43:00 - INFO - [trading_loop] [N/A] 📊 Updating SL/TP for active orders
2025-04-15 17:43:01 - INFO - [_wait_until_next_iteration] [N/A] ⏳ Sleeping for 58.95 seconds before the next cycle
2025-04-15 17:44:00 - DEBUG - [trading_loop] [N/A] ⏱ Skipping EMA_Cross_candle, not yet time (every 5m)
2025-04-15 17:44:00 - DEBUG - [trading_loop] [N/A] ⏱ Skipping VWAP_diff_signal_1700, not yet time (every 5m)
2025-04-15 17:44:00 - DEBUG - [trading_loop] [N/A] ⏱ Skipping SMA_Cross_candle, not yet time (every 5m)
2025-04-15 17:44:00 - DEBUG - [trading_loop] [N/A] ⏱ Skipping VWAP_diff_signal_rsi_1700, not yet time (every 5m)
2025-04-15 17:44:00 - DEBUG - [trading_loop] [N/A] ⏱ Skipping EMA_Cross_ema50, not yet time (every 5m)
2025-04-15 17:44:00 - DEBUG - [trading_loop] [N/A] ⏱ Skipping SMA_Cross_sma50, not yet time (every 5m)
2025-04-15 17:44:00 - INFO - [trading_loop] [N/A] 📊 Updating SL/TP for active orders
2025-04-15 17:44:01 - INFO - [_wait_until_next_iteration] [N/A] ⏳ Sleeping for 58.93 seconds before the next cycle
2025-04-15 17:45:00 - INFO - [_run_strategy_if_applicable] [N/A] ⏰ Strategy 'EMA_Cross_candle' not executed because it's outside the time window: 16:35:00 - 16:50:00
2025-04-15 17:45:00 - INFO - [_run_strategy_if_applicable] [N/A] 🔄 Starting trading loop for strategy: VWAP_diff_signal_1700
2025-04-15 17:45:00 - INFO - [get_stock_data] [HBAN] Requesting data for HBAN
2025-04-15 17:45:00 - INFO - [get_stock_data] [HBAN] Data received for HBAN: 93 rows
2025-04-15 17:45:00 - INFO - [check_vwap_diff_signal] [HBAN] Analyzing VWAP reversal signal for HBAN
2025-04-15 17:45:00 - INFO - [check_vwap_diff_signal] [HBAN] Close: 13.53 | Low: 13.46 | High: 13.55 | VWAP: 13.500837479022444
2025-04-15 17:45:00 - DEBUG - [check_vwap_diff_signal] [HBAN] [HBAN] Last Candela: VWAP-Low=0.30%, High-VWAP=0.36%
2025-04-15 17:45:00 - DEBUG - [check_vwap_diff_signal] [HBAN] No VWAP signal detected
2025-04-15 17:45:00 - DEBUG - [_run_single_trading_iteration] [HBAN] 🔍 Signal for HBAN: None
2025-04-15 17:45:00 - INFO - [_run_single_trading_iteration] [HBAN] ℹ️ No valid signal for HBAN
2025-04-15 17:45:00 - INFO - [get_stock_data] [CZR] Requesting data for CZR
2025-04-15 17:45:01 - INFO - [get_stock_data] [CZR] Data received for CZR: 93 rows
2025-04-15 17:45:01 - INFO - [check_vwap_diff_signal] [CZR] Analyzing VWAP reversal signal for CZR
2025-04-15 17:45:01 - INFO - [check_vwap_diff_signal] [CZR] Close: 25.43 | Low: 25.28 | High: 25.45 | VWAP: 25.493290819407612
2025-04-15 17:45:01 - DEBUG - [check_vwap_diff_signal] [CZR] [CZR] Last Candela: VWAP-Low=0.84%, High-VWAP=-0.17%
2025-04-15 17:45:01 - DEBUG - [check_vwap_diff_signal] [CZR] No VWAP signal detected
2025-04-15 17:45:01 - DEBUG - [_run_single_trading_iteration] [CZR] 🔍 Signal for CZR: None
2025-04-15 17:45:01 - INFO - [_run_single_trading_iteration] [CZR] ℹ️ No valid signal for CZR
2025-04-15 17:45:01 - INFO - [get_stock_data] [MTCH] Requesting data for MTCH
2025-04-15 17:45:01 - INFO - [get_stock_data] [MTCH] Data received for MTCH: 93 rows
2025-04-15 17:45:01 - INFO - [check_vwap_diff_signal] [MTCH] Analyzing VWAP reversal signal for MTCH
2025-04-15 17:45:01 - INFO - [check_vwap_diff_signal] [MTCH] Close: 29.05 | Low: 28.92 | High: 29.06 | VWAP: 28.90812453101093
2025-04-15 17:45:01 - DEBUG - [check_vwap_diff_signal] [MTCH] [MTCH] Last Candela: VWAP-Low=-0.04%, High-VWAP=0.53%
2025-04-15 17:45:01 - DEBUG - [check_vwap_diff_signal] [MTCH] No VWAP signal detected
2025-04-15 17:45:01 - DEBUG - [_run_single_trading_iteration] [MTCH] 🔍 Signal for MTCH: None
2025-04-15 17:45:01 - INFO - [_run_single_trading_iteration] [MTCH] ℹ️ No valid signal for MTCH
2025-04-15 17:45:01 - DEBUG - [_run_single_trading_iteration] [MRNA] 🚫 Trade not allowed for MRNA (limit reached)
2025-04-15 17:45:01 - INFO - [get_stock_data] [NCHL] Requesting data for NCHL
2025-04-15 17:45:02 - ERROR - [get_stock_data] [NCHL] Error retrieving data: 'NoneType' object has no attribute 'empty'
2025-04-15 17:45:02 - DEBUG - [_run_single_trading_iteration] [WBD] 🚫 Trade not allowed for WBD (limit reached)
2025-04-15 17:45:02 - INFO - [get_stock_data] [CMCSA] Requesting data for CMCSA
2025-04-15 17:45:02 - INFO - [get_stock_data] [CMCSA] Data received for CMCSA: 93 rows
2025-04-15 17:45:02 - INFO - [check_vwap_diff_signal] [CMCSA] Analyzing VWAP reversal signal for CMCSA
2025-04-15 17:45:02 - INFO - [check_vwap_diff_signal] [CMCSA] Close: 34.62 | Low: 34.53 | High: 34.63 | VWAP: 34.54947391247216
2025-04-15 17:45:02 - DEBUG - [check_vwap_diff_signal] [CMCSA] [CMCSA] Last Candela: VWAP-Low=0.06%, High-VWAP=0.23%
2025-04-15 17:45:02 - DEBUG - [check_vwap_diff_signal] [CMCSA] No VWAP signal detected
2025-04-15 17:45:02 - DEBUG - [_run_single_trading_iteration] [CMCSA] 🔍 Signal for CMCSA: None
2025-04-15 17:45:02 - INFO - [_run_single_trading_iteration] [CMCSA] ℹ️ No valid signal for CMCSA
2025-04-15 17:45:02 - INFO - [_run_strategy_if_applicable] [N/A] ⏰ Strategy 'SMA_Cross_candle' not executed because it's outside the time window: 16:35:00 - 16:50:00
2025-04-15 17:45:02 - INFO - [_run_strategy_if_applicable] [N/A] 🔄 Starting trading loop for strategy: VWAP_diff_signal_rsi_1700
2025-04-15 17:45:02 - INFO - [get_stock_data] [IVZ] Requesting data for IVZ
2025-04-15 17:45:03 - INFO - [get_stock_data] [IVZ] Data received for IVZ: 93 rows
2025-04-15 17:45:03 - INFO - [check_vwap_diff_signal_with_rsi] [IVZ] Analyzing VWAP reversal signal for IVZ
2025-04-15 17:45:03 - INFO - [check_vwap_diff_signal_with_rsi] [IVZ] Close: 13.23 | Low: 13.16 | High: 13.24 | VWAP: 13.150264299521268 | RSI: 63.88
2025-04-15 17:45:03 - DEBUG - [check_vwap_diff_signal_with_rsi] [IVZ] [IVZ] Last Candela: VWAP-Low=-0.07%, High-VWAP=0.68%
2025-04-15 17:45:03 - DEBUG - [check_vwap_diff_signal_with_rsi] [IVZ] No VWAP+RSI signal detected
2025-04-15 17:45:03 - DEBUG - [_run_single_trading_iteration] [IVZ] 🔍 Signal for IVZ: None
2025-04-15 17:45:03 - INFO - [_run_single_trading_iteration] [IVZ] ℹ️ No valid signal for IVZ
2025-04-15 17:45:03 - INFO - [get_stock_data] [FCX] Requesting data for FCX
2025-04-15 17:45:03 - INFO - [get_stock_data] [FCX] Data received for FCX: 93 rows
2025-04-15 17:45:03 - INFO - [check_vwap_diff_signal_with_rsi] [FCX] Analyzing VWAP reversal signal for FCX
2025-04-15 17:45:03 - INFO - [check_vwap_diff_signal_with_rsi] [FCX] Close: 33.55 | Low: 33.38 | High: 33.59 | VWAP: 33.435203637667534 | RSI: 47.74
2025-04-15 17:45:03 - DEBUG - [check_vwap_diff_signal_with_rsi] [FCX] [FCX] Last Candela: VWAP-Low=0.17%, High-VWAP=0.46%
2025-04-15 17:45:03 - DEBUG - [check_vwap_diff_signal_with_rsi] [FCX] No VWAP+RSI signal detected
2025-04-15 17:45:03 - DEBUG - [_run_single_trading_iteration] [FCX] 🔍 Signal for FCX: None
2025-04-15 17:45:03 - INFO - [_run_single_trading_iteration] [FCX] ℹ️ No valid signal for FCX
2025-04-15 17:45:03 - INFO - [get_stock_data] [HST] Requesting data for HST
2025-04-15 17:45:04 - INFO - [get_stock_data] [HST] Data received for HST: 93 rows
2025-04-15 17:45:04 - INFO - [check_vwap_diff_signal_with_rsi] [HST] Analyzing VWAP reversal signal for HST
2025-04-15 17:45:04 - INFO - [check_vwap_diff_signal_with_rsi] [HST] Close: 13.74 | Low: 13.67 | High: 13.75 | VWAP: 13.775249877442329 | RSI: 48.88
2025-04-15 17:45:04 - DEBUG - [check_vwap_diff_signal_with_rsi] [HST] [HST] Last Candela: VWAP-Low=0.76%, High-VWAP=-0.18%
2025-04-15 17:45:04 - DEBUG - [check_vwap_diff_signal_with_rsi] [HST] No VWAP+RSI signal detected
2025-04-15 17:45:04 - DEBUG - [_run_single_trading_iteration] [HST] 🔍 Signal for HST: None
2025-04-15 17:45:04 - INFO - [_run_single_trading_iteration] [HST] ℹ️ No valid signal for HST
2025-04-15 17:45:04 - INFO - [get_stock_data] [IVZ] Requesting data for IVZ
2025-04-15 17:45:05 - INFO - [get_stock_data] [IVZ] Data received for IVZ: 93 rows
2025-04-15 17:45:05 - INFO - [check_vwap_diff_signal_with_rsi] [IVZ] Analyzing VWAP reversal signal for IVZ
2025-04-15 17:45:05 - INFO - [check_vwap_diff_signal_with_rsi] [IVZ] Close: 13.23 | Low: 13.16 | High: 13.24 | VWAP: 13.150264299521268 | RSI: 63.88
2025-04-15 17:45:05 - DEBUG - [check_vwap_diff_signal_with_rsi] [IVZ] [IVZ] Last Candela: VWAP-Low=-0.07%, High-VWAP=0.68%
2025-04-15 17:45:05 - DEBUG - [check_vwap_diff_signal_with_rsi] [IVZ] No VWAP+RSI signal detected
2025-04-15 17:45:05 - DEBUG - [_run_single_trading_iteration] [IVZ] 🔍 Signal for IVZ: None
2025-04-15 17:45:05 - INFO - [_run_single_trading_iteration] [IVZ] ℹ️ No valid signal for IVZ
2025-04-15 17:45:05 - INFO - [get_stock_data] [NEM] Requesting data for NEM
2025-04-15 17:45:05 - INFO - [get_stock_data] [NEM] Data received for NEM: 93 rows
2025-04-15 17:45:05 - INFO - [check_vwap_diff_signal_with_rsi] [NEM] Analyzing VWAP reversal signal for NEM
2025-04-15 17:45:05 - INFO - [check_vwap_diff_signal_with_rsi] [NEM] Close: 54.83 | Low: 54.71 | High: 54.88 | VWAP: 54.48807751721149 | RSI: 54.58
2025-04-15 17:45:05 - DEBUG - [check_vwap_diff_signal_with_rsi] [NEM] [NEM] Last Candela: VWAP-Low=-0.41%, High-VWAP=0.72%
2025-04-15 17:45:05 - DEBUG - [check_vwap_diff_signal_with_rsi] [NEM] No VWAP+RSI signal detected
2025-04-15 17:45:05 - DEBUG - [_run_single_trading_iteration] [NEM] 🔍 Signal for NEM: None
2025-04-15 17:45:05 - INFO - [_run_single_trading_iteration] [NEM] ℹ️ No valid signal for NEM
2025-04-15 17:45:05 - INFO - [get_stock_data] [LUV] Requesting data for LUV
2025-04-15 17:45:06 - INFO - [get_stock_data] [LUV] Data received for LUV: 94 rows
2025-04-15 17:45:06 - INFO - [check_vwap_diff_signal_with_rsi] [LUV] Analyzing VWAP reversal signal for LUV
2025-04-15 17:45:06 - INFO - [check_vwap_diff_signal_with_rsi] [LUV] Close: 26.42 | Low: 26.42 | High: 26.44 | VWAP: 26.33827787925381 | RSI: 65.46
2025-04-15 17:45:06 - DEBUG - [check_vwap_diff_signal_with_rsi] [LUV] [LUV] Last Candela: VWAP-Low=-0.31%, High-VWAP=0.39%
2025-04-15 17:45:06 - DEBUG - [check_vwap_diff_signal_with_rsi] [LUV] No VWAP+RSI signal detected
2025-04-15 17:45:06 - DEBUG - [_run_single_trading_iteration] [LUV] 🔍 Signal for LUV: None
2025-04-15 17:45:06 - INFO - [_run_single_trading_iteration] [LUV] ℹ️ No valid signal for LUV
2025-04-15 17:45:06 - INFO - [_run_strategy_if_applicable] [N/A] ⏰ Strategy 'EMA_Cross_ema50' not executed because it's outside the time window: 16:35:00 - 16:50:00
2025-04-15 17:45:06 - INFO - [_run_strategy_if_applicable] [N/A] ⏰ Strategy 'SMA_Cross_sma50' not executed because it's outside the time window: 16:35:00 - 16:50:00
2025-04-15 17:45:06 - INFO - [trading_loop] [N/A] 📊 Updating SL/TP for active orders
2025-04-15 17:45:07 - INFO - [_wait_until_next_iteration] [N/A] ⏳ Sleeping for 52.84 seconds before the next cycle
2025-04-15 17:46:00 - DEBUG - [trading_loop] [N/A] ⏱ Skipping EMA_Cross_candle, not yet time (every 5m)
2025-04-15 17:46:00 - DEBUG - [trading_loop] [N/A] ⏱ Skipping VWAP_diff_signal_1700, not yet time (every 5m)
2025-04-15 17:46:00 - DEBUG - [trading_loop] [N/A] ⏱ Skipping SMA_Cross_candle, not yet time (every 5m)
2025-04-15 17:46:00 - DEBUG - [trading_loop] [N/A] ⏱ Skipping VWAP_diff_signal_rsi_1700, not yet time (every 5m)
2025-04-15 17:46:00 - DEBUG - [trading_loop] [N/A] ⏱ Skipping EMA_Cross_ema50, not yet time (every 5m)
2025-04-15 17:46:00 - DEBUG - [trading_loop] [N/A] ⏱ Skipping SMA_Cross_sma50, not yet time (every 5m)
2025-04-15 17:46:00 - INFO - [trading_loop] [N/A] 📊 Updating SL/TP for active orders
2025-04-15 17:46:01 - INFO - [_wait_until_next_iteration] [N/A] ⏳ Sleeping for 58.97 seconds before the next cycle
2025-04-15 17:47:00 - DEBUG - [trading_loop] [N/A] ⏱ Skipping EMA_Cross_candle, not yet time (every 5m)
2025-04-15 17:47:00 - DEBUG - [trading_loop] [N/A] ⏱ Skipping VWAP_diff_signal_1700, not yet time (every 5m)
2025-04-15 17:47:00 - DEBUG - [trading_loop] [N/A] ⏱ Skipping SMA_Cross_candle, not yet time (every 5m)
2025-04-15 17:47:00 - DEBUG - [trading_loop] [N/A] ⏱ Skipping VWAP_diff_signal_rsi_1700, not yet time (every 5m)
2025-04-15 17:47:00 - DEBUG - [trading_loop] [N/A] ⏱ Skipping EMA_Cross_ema50, not yet time (every 5m)
2025-04-15 17:47:00 - DEBUG - [trading_loop] [N/A] ⏱ Skipping SMA_Cross_sma50, not yet time (every 5m)
2025-04-15 17:47:00 - INFO - [trading_loop] [N/A] 📊 Updating SL/TP for active orders
2025-04-15 17:47:01 - INFO - [_wait_until_next_iteration] [N/A] ⏳ Sleeping for 58.94 seconds before the next cycle
2025-04-15 17:48:00 - DEBUG - [trading_loop] [N/A] ⏱ Skipping EMA_Cross_candle, not yet time (every 5m)
2025-04-15 17:48:00 - DEBUG - [trading_loop] [N/A] ⏱ Skipping VWAP_diff_signal_1700, not yet time (every 5m)
2025-04-15 17:48:00 - DEBUG - [trading_loop] [N/A] ⏱ Skipping SMA_Cross_candle, not yet time (every 5m)
2025-04-15 17:48:00 - DEBUG - [trading_loop] [N/A] ⏱ Skipping VWAP_diff_signal_rsi_1700, not yet time (every 5m)
2025-04-15 17:48:00 - DEBUG - [trading_loop] [N/A] ⏱ Skipping EMA_Cross_ema50, not yet time (every 5m)
2025-04-15 17:48:00 - DEBUG - [trading_loop] [N/A] ⏱ Skipping SMA_Cross_sma50, not yet time (every 5m)
2025-04-15 17:48:00 - INFO - [trading_loop] [N/A] 📊 Updating SL/TP for active orders
2025-04-15 17:48:01 - INFO - [_wait_until_next_iteration] [N/A] ⏳ Sleeping for 58.95 seconds before the next cycle
2025-04-15 17:49:00 - DEBUG - [trading_loop] [N/A] ⏱ Skipping EMA_Cross_candle, not yet time (every 5m)
2025-04-15 17:49:00 - DEBUG - [trading_loop] [N/A] ⏱ Skipping VWAP_diff_signal_1700, not yet time (every 5m)
2025-04-15 17:49:00 - DEBUG - [trading_loop] [N/A] ⏱ Skipping SMA_Cross_candle, not yet time (every 5m)
2025-04-15 17:49:00 - DEBUG - [trading_loop] [N/A] ⏱ Skipping VWAP_diff_signal_rsi_1700, not yet time (every 5m)
2025-04-15 17:49:00 - DEBUG - [trading_loop] [N/A] ⏱ Skipping EMA_Cross_ema50, not yet time (every 5m)
2025-04-15 17:49:00 - DEBUG - [trading_loop] [N/A] ⏱ Skipping SMA_Cross_sma50, not yet time (every 5m)
2025-04-15 17:49:00 - INFO - [trading_loop] [N/A] 📊 Updating SL/TP for active orders
2025-04-15 17:49:01 - INFO - [_wait_until_next_iteration] [N/A] ⏳ Sleeping for 58.93 seconds before the next cycle
2025-04-15 17:50:00 - INFO - [_run_strategy_if_applicable] [N/A] ⏰ Strategy 'EMA_Cross_candle' not executed because it's outside the time window: 16:35:00 - 16:50:00
2025-04-15 17:50:00 - INFO - [_run_strategy_if_applicable] [N/A] 🔄 Starting trading loop for strategy: VWAP_diff_signal_1700
2025-04-15 17:50:00 - INFO - [get_stock_data] [HBAN] Requesting data for HBAN
2025-04-15 17:50:00 - INFO - [get_stock_data] [HBAN] Data received for HBAN: 94 rows
2025-04-15 17:50:00 - INFO - [check_vwap_diff_signal] [HBAN] Analyzing VWAP reversal signal for HBAN
2025-04-15 17:50:00 - INFO - [check_vwap_diff_signal] [HBAN] Close: 13.51 | Low: 13.43 | High: 13.55 | VWAP: 13.501820993215814
2025-04-15 17:50:00 - DEBUG - [check_vwap_diff_signal] [HBAN] [HBAN] Last Candela: VWAP-Low=0.53%, High-VWAP=0.36%
2025-04-15 17:50:00 - DEBUG - [check_vwap_diff_signal] [HBAN] No VWAP signal detected
2025-04-15 17:50:00 - DEBUG - [_run_single_trading_iteration] [HBAN] 🔍 Signal for HBAN: None
2025-04-15 17:50:00 - INFO - [_run_single_trading_iteration] [HBAN] ℹ️ No valid signal for HBAN
2025-04-15 17:50:00 - INFO - [get_stock_data] [CZR] Requesting data for CZR
2025-04-15 17:50:01 - INFO - [get_stock_data] [CZR] Data received for CZR: 94 rows
2025-04-15 17:50:01 - INFO - [check_vwap_diff_signal] [CZR] Analyzing VWAP reversal signal for CZR
2025-04-15 17:50:01 - INFO - [check_vwap_diff_signal] [CZR] Close: 25.39 | Low: 25.23 | High: 25.42 | VWAP: 25.483823317740196
2025-04-15 17:50:01 - DEBUG - [check_vwap_diff_signal] [CZR] [CZR] Last Candela: VWAP-Low=1.00%, High-VWAP=-0.25%
2025-04-15 17:50:01 - DEBUG - [check_vwap_diff_signal] [CZR] No VWAP signal detected
2025-04-15 17:50:01 - DEBUG - [_run_single_trading_iteration] [CZR] 🔍 Signal for CZR: None
2025-04-15 17:50:01 - INFO - [_run_single_trading_iteration] [CZR] ℹ️ No valid signal for CZR
2025-04-15 17:50:01 - INFO - [get_stock_data] [MTCH] Requesting data for MTCH
2025-04-15 17:50:02 - INFO - [get_stock_data] [MTCH] Data received for MTCH: 94 rows
2025-04-15 17:50:02 - INFO - [check_vwap_diff_signal] [MTCH] Analyzing VWAP reversal signal for MTCH
2025-04-15 17:50:02 - INFO - [check_vwap_diff_signal] [MTCH] Close: 29.0 | Low: 28.89 | High: 29.04 | VWAP: 28.913066188810536
2025-04-15 17:50:02 - DEBUG - [check_vwap_diff_signal] [MTCH] [MTCH] Last Candela: VWAP-Low=0.08%, High-VWAP=0.44%
2025-04-15 17:50:02 - DEBUG - [check_vwap_diff_signal] [MTCH] No VWAP signal detected
2025-04-15 17:50:02 - DEBUG - [_run_single_trading_iteration] [MTCH] 🔍 Signal for MTCH: None
2025-04-15 17:50:02 - INFO - [_run_single_trading_iteration] [MTCH] ℹ️ No valid signal for MTCH
2025-04-15 17:50:02 - DEBUG - [_run_single_trading_iteration] [MRNA] 🚫 Trade not allowed for MRNA (limit reached)
2025-04-15 17:50:02 - INFO - [get_stock_data] [NCHL] Requesting data for NCHL
2025-04-15 17:50:02 - ERROR - [get_stock_data] [NCHL] Error retrieving data: 'NoneType' object has no attribute 'empty'
2025-04-15 17:50:02 - DEBUG - [_run_single_trading_iteration] [WBD] 🚫 Trade not allowed for WBD (limit reached)
2025-04-15 17:50:02 - INFO - [get_stock_data] [CMCSA] Requesting data for CMCSA
2025-04-15 17:50:03 - INFO - [get_stock_data] [CMCSA] Data received for CMCSA: 94 rows
2025-04-15 17:50:03 - INFO - [check_vwap_diff_signal] [CMCSA] Analyzing VWAP reversal signal for CMCSA
2025-04-15 17:50:03 - INFO - [check_vwap_diff_signal] [CMCSA] Close: 34.55 | Low: 34.47 | High: 34.63 | VWAP: 34.549505435936226
2025-04-15 17:50:03 - DEBUG - [check_vwap_diff_signal] [CMCSA] [CMCSA] Last Candela: VWAP-Low=0.23%, High-VWAP=0.23%
2025-04-15 17:50:03 - DEBUG - [check_vwap_diff_signal] [CMCSA] No VWAP signal detected
2025-04-15 17:50:03 - DEBUG - [_run_single_trading_iteration] [CMCSA] 🔍 Signal for CMCSA: None
2025-04-15 17:50:03 - INFO - [_run_single_trading_iteration] [CMCSA] ℹ️ No valid signal for CMCSA
2025-04-15 17:50:03 - INFO - [_run_strategy_if_applicable] [N/A] ⏰ Strategy 'SMA_Cross_candle' not executed because it's outside the time window: 16:35:00 - 16:50:00
2025-04-15 17:50:03 - INFO - [_run_strategy_if_applicable] [N/A] 🔄 Starting trading loop for strategy: VWAP_diff_signal_rsi_1700
2025-04-15 17:50:03 - INFO - [get_stock_data] [IVZ] Requesting data for IVZ
2025-04-15 17:50:03 - INFO - [get_stock_data] [IVZ] Data received for IVZ: 94 rows
2025-04-15 17:50:03 - INFO - [check_vwap_diff_signal_with_rsi] [IVZ] Analyzing VWAP reversal signal for IVZ
2025-04-15 17:50:03 - INFO - [check_vwap_diff_signal_with_rsi] [IVZ] Close: 13.19 | Low: 13.12 | High: 13.23 | VWAP: 13.153242446187031 | RSI: 58.41
2025-04-15 17:50:03 - DEBUG - [check_vwap_diff_signal_with_rsi] [IVZ] [IVZ] Last Candela: VWAP-Low=0.25%, High-VWAP=0.58%
2025-04-15 17:50:03 - DEBUG - [check_vwap_diff_signal_with_rsi] [IVZ] No VWAP+RSI signal detected
2025-04-15 17:50:03 - DEBUG - [_run_single_trading_iteration] [IVZ] 🔍 Signal for IVZ: None
2025-04-15 17:50:03 - INFO - [_run_single_trading_iteration] [IVZ] ℹ️ No valid signal for IVZ
2025-04-15 17:50:03 - INFO - [get_stock_data] [FCX] Requesting data for FCX
2025-04-15 17:50:04 - INFO - [get_stock_data] [FCX] Data received for FCX: 94 rows
2025-04-15 17:50:04 - INFO - [check_vwap_diff_signal_with_rsi] [FCX] Analyzing VWAP reversal signal for FCX
2025-04-15 17:50:04 - INFO - [check_vwap_diff_signal_with_rsi] [FCX] Close: 33.57 | Low: 33.28 | High: 33.59 | VWAP: 33.46041569605886 | RSI: 48.52
2025-04-15 17:50:04 - DEBUG - [check_vwap_diff_signal_with_rsi] [FCX] [FCX] Last Candela: VWAP-Low=0.54%, High-VWAP=0.39%
2025-04-15 17:50:04 - DEBUG - [check_vwap_diff_signal_with_rsi] [FCX] No VWAP+RSI signal detected
2025-04-15 17:50:04 - DEBUG - [_run_single_trading_iteration] [FCX] 🔍 Signal for FCX: None
2025-04-15 17:50:04 - INFO - [_run_single_trading_iteration] [FCX] ℹ️ No valid signal for FCX
2025-04-15 17:50:04 - INFO - [get_stock_data] [HST] Requesting data for HST
2025-04-15 17:50:05 - INFO - [get_stock_data] [HST] Data received for HST: 95 rows
2025-04-15 17:50:05 - INFO - [check_vwap_diff_signal_with_rsi] [HST] Analyzing VWAP reversal signal for HST
2025-04-15 17:50:05 - INFO - [check_vwap_diff_signal_with_rsi] [HST] Close: 13.7 | Low: 13.69 | High: 13.7 | VWAP: 13.767129750077201 | RSI: 44.92
2025-04-15 17:50:05 - DEBUG - [check_vwap_diff_signal_with_rsi] [HST] [HST] Last Candela: VWAP-Low=0.56%, High-VWAP=-0.49%
2025-04-15 17:50:05 - DEBUG - [check_vwap_diff_signal_with_rsi] [HST] No VWAP+RSI signal detected
2025-04-15 17:50:05 - DEBUG - [_run_single_trading_iteration] [HST] 🔍 Signal for HST: None
2025-04-15 17:50:05 - INFO - [_run_single_trading_iteration] [HST] ℹ️ No valid signal for HST
2025-04-15 17:50:05 - INFO - [get_stock_data] [IVZ] Requesting data for IVZ
2025-04-15 17:50:05 - INFO - [get_stock_data] [IVZ] Data received for IVZ: 95 rows
2025-04-15 17:50:05 - INFO - [check_vwap_diff_signal_with_rsi] [IVZ] Analyzing VWAP reversal signal for IVZ
2025-04-15 17:50:05 - INFO - [check_vwap_diff_signal_with_rsi] [IVZ] Close: 13.19 | Low: 13.19 | High: 13.19 | VWAP: 13.153246014043303 | RSI: 58.41
2025-04-15 17:50:05 - DEBUG - [check_vwap_diff_signal_with_rsi] [IVZ] [IVZ] Last Candela: VWAP-Low=-0.28%, High-VWAP=0.28%
2025-04-15 17:50:05 - DEBUG - [check_vwap_diff_signal_with_rsi] [IVZ] No VWAP+RSI signal detected
2025-04-15 17:50:05 - DEBUG - [_run_single_trading_iteration] [IVZ] 🔍 Signal for IVZ: None
2025-04-15 17:50:05 - INFO - [_run_single_trading_iteration] [IVZ] ℹ️ No valid signal for IVZ
2025-04-15 17:50:05 - INFO - [get_stock_data] [NEM] Requesting data for NEM
2025-04-15 17:50:06 - INFO - [get_stock_data] [NEM] Data received for NEM: 95 rows
2025-04-15 17:50:06 - INFO - [check_vwap_diff_signal_with_rsi] [NEM] Analyzing VWAP reversal signal for NEM
2025-04-15 17:50:06 - INFO - [check_vwap_diff_signal_with_rsi] [NEM] Close: 54.63 | Low: 54.62 | High: 54.63 | VWAP: 54.49563597605637 | RSI: 47.13
2025-04-15 17:50:06 - DEBUG - [check_vwap_diff_signal_with_rsi] [NEM] [NEM] Last Candela: VWAP-Low=-0.23%, High-VWAP=0.25%
2025-04-15 17:50:06 - DEBUG - [check_vwap_diff_signal_with_rsi] [NEM] No VWAP+RSI signal detected
2025-04-15 17:50:06 - DEBUG - [_run_single_trading_iteration] [NEM] 🔍 Signal for NEM: None
2025-04-15 17:50:06 - INFO - [_run_single_trading_iteration] [NEM] ℹ️ No valid signal for NEM
2025-04-15 17:50:06 - INFO - [get_stock_data] [LUV] Requesting data for LUV
2025-04-15 17:50:06 - INFO - [get_stock_data] [LUV] Data received for LUV: 95 rows
2025-04-15 17:50:06 - INFO - [check_vwap_diff_signal_with_rsi] [LUV] Analyzing VWAP reversal signal for LUV
2025-04-15 17:50:07 - INFO - [check_vwap_diff_signal_with_rsi] [LUV] Close: 26.28 | Low: 26.28 | High: 26.28 | VWAP: 26.334801020773526 | RSI: 57.65
2025-04-15 17:50:07 - DEBUG - [check_vwap_diff_signal_with_rsi] [LUV] [LUV] Last Candela: VWAP-Low=0.21%, High-VWAP=-0.21%
2025-04-15 17:50:07 - DEBUG - [check_vwap_diff_signal_with_rsi] [LUV] No VWAP+RSI signal detected
2025-04-15 17:50:07 - DEBUG - [_run_single_trading_iteration] [LUV] 🔍 Signal for LUV: None
2025-04-15 17:50:07 - INFO - [_run_single_trading_iteration] [LUV] ℹ️ No valid signal for LUV
2025-04-15 17:50:07 - INFO - [_run_strategy_if_applicable] [N/A] ⏰ Strategy 'EMA_Cross_ema50' not executed because it's outside the time window: 16:35:00 - 16:50:00
2025-04-15 17:50:07 - INFO - [_run_strategy_if_applicable] [N/A] ⏰ Strategy 'SMA_Cross_sma50' not executed because it's outside the time window: 16:35:00 - 16:50:00
2025-04-15 17:50:07 - INFO - [trading_loop] [N/A] 📊 Updating SL/TP for active orders
2025-04-15 17:50:08 - INFO - [_wait_until_next_iteration] [N/A] ⏳ Sleeping for 51.99 seconds before the next cycle
2025-04-15 17:51:00 - DEBUG - [trading_loop] [N/A] ⏱ Skipping EMA_Cross_candle, not yet time (every 5m)
2025-04-15 17:51:00 - DEBUG - [trading_loop] [N/A] ⏱ Skipping VWAP_diff_signal_1700, not yet time (every 5m)
2025-04-15 17:51:00 - DEBUG - [trading_loop] [N/A] ⏱ Skipping SMA_Cross_candle, not yet time (every 5m)
2025-04-15 17:51:00 - DEBUG - [trading_loop] [N/A] ⏱ Skipping VWAP_diff_signal_rsi_1700, not yet time (every 5m)
2025-04-15 17:51:00 - DEBUG - [trading_loop] [N/A] ⏱ Skipping EMA_Cross_ema50, not yet time (every 5m)
2025-04-15 17:51:00 - DEBUG - [trading_loop] [N/A] ⏱ Skipping SMA_Cross_sma50, not yet time (every 5m)
2025-04-15 17:51:00 - INFO - [trading_loop] [N/A] 📊 Updating SL/TP for active orders
2025-04-15 17:51:01 - INFO - [_wait_until_next_iteration] [N/A] ⏳ Sleeping for 58.94 seconds before the next cycle
2025-04-15 17:52:00 - DEBUG - [trading_loop] [N/A] ⏱ Skipping EMA_Cross_candle, not yet time (every 5m)
2025-04-15 17:52:00 - DEBUG - [trading_loop] [N/A] ⏱ Skipping VWAP_diff_signal_1700, not yet time (every 5m)
2025-04-15 17:52:00 - DEBUG - [trading_loop] [N/A] ⏱ Skipping SMA_Cross_candle, not yet time (every 5m)
2025-04-15 17:52:00 - DEBUG - [trading_loop] [N/A] ⏱ Skipping VWAP_diff_signal_rsi_1700, not yet time (every 5m)
2025-04-15 17:52:00 - DEBUG - [trading_loop] [N/A] ⏱ Skipping EMA_Cross_ema50, not yet time (every 5m)
2025-04-15 17:52:00 - DEBUG - [trading_loop] [N/A] ⏱ Skipping SMA_Cross_sma50, not yet time (every 5m)
2025-04-15 17:52:00 - INFO - [trading_loop] [N/A] 📊 Updating SL/TP for active orders
2025-04-15 17:52:01 - INFO - [_wait_until_next_iteration] [N/A] ⏳ Sleeping for 58.93 seconds before the next cycle
2025-04-15 17:53:00 - DEBUG - [trading_loop] [N/A] ⏱ Skipping EMA_Cross_candle, not yet time (every 5m)
2025-04-15 17:53:00 - DEBUG - [trading_loop] [N/A] ⏱ Skipping VWAP_diff_signal_1700, not yet time (every 5m)
2025-04-15 17:53:00 - DEBUG - [trading_loop] [N/A] ⏱ Skipping SMA_Cross_candle, not yet time (every 5m)
2025-04-15 17:53:00 - DEBUG - [trading_loop] [N/A] ⏱ Skipping VWAP_diff_signal_rsi_1700, not yet time (every 5m)
2025-04-15 17:53:00 - DEBUG - [trading_loop] [N/A] ⏱ Skipping EMA_Cross_ema50, not yet time (every 5m)
2025-04-15 17:53:00 - DEBUG - [trading_loop] [N/A] ⏱ Skipping SMA_Cross_sma50, not yet time (every 5m)
2025-04-15 17:53:00 - INFO - [trading_loop] [N/A] 📊 Updating SL/TP for active orders
2025-04-15 17:53:01 - INFO - [_wait_until_next_iteration] [N/A] ⏳ Sleeping for 58.93 seconds before the next cycle
2025-04-15 17:54:00 - DEBUG - [trading_loop] [N/A] ⏱ Skipping EMA_Cross_candle, not yet time (every 5m)
2025-04-15 17:54:00 - DEBUG - [trading_loop] [N/A] ⏱ Skipping VWAP_diff_signal_1700, not yet time (every 5m)
2025-04-15 17:54:00 - DEBUG - [trading_loop] [N/A] ⏱ Skipping SMA_Cross_candle, not yet time (every 5m)
2025-04-15 17:54:00 - DEBUG - [trading_loop] [N/A] ⏱ Skipping VWAP_diff_signal_rsi_1700, not yet time (every 5m)
2025-04-15 17:54:00 - DEBUG - [trading_loop] [N/A] ⏱ Skipping EMA_Cross_ema50, not yet time (every 5m)
2025-04-15 17:54:00 - DEBUG - [trading_loop] [N/A] ⏱ Skipping SMA_Cross_sma50, not yet time (every 5m)
2025-04-15 17:54:00 - INFO - [trading_loop] [N/A] 📊 Updating SL/TP for active orders
2025-04-15 17:54:01 - INFO - [_wait_until_next_iteration] [N/A] ⏳ Sleeping for 58.95 seconds before the next cycle
2025-04-15 17:55:00 - INFO - [_run_strategy_if_applicable] [N/A] ⏰ Strategy 'EMA_Cross_candle' not executed because it's outside the time window: 16:35:00 - 16:50:00
2025-04-15 17:55:00 - INFO - [_run_strategy_if_applicable] [N/A] 🔄 Starting trading loop for strategy: VWAP_diff_signal_1700
2025-04-15 17:55:00 - INFO - [get_stock_data] [HBAN] Requesting data for HBAN
2025-04-15 17:55:00 - INFO - [get_stock_data] [HBAN] Data received for HBAN: 95 rows
2025-04-15 17:55:00 - INFO - [check_vwap_diff_signal] [HBAN] Analyzing VWAP reversal signal for HBAN
2025-04-15 17:55:00 - INFO - [check_vwap_diff_signal] [HBAN] Close: 13.52 | Low: 13.49 | High: 13.54 | VWAP: 13.502495693464759
2025-04-15 17:55:00 - DEBUG - [check_vwap_diff_signal] [HBAN] [HBAN] Last Candela: VWAP-Low=0.09%, High-VWAP=0.28%
2025-04-15 17:55:00 - DEBUG - [check_vwap_diff_signal] [HBAN] No VWAP signal detected
2025-04-15 17:55:00 - DEBUG - [_run_single_trading_iteration] [HBAN] 🔍 Signal for HBAN: None
2025-04-15 17:55:00 - INFO - [_run_single_trading_iteration] [HBAN] ℹ️ No valid signal for HBAN
2025-04-15 17:55:00 - INFO - [get_stock_data] [CZR] Requesting data for CZR
2025-04-15 17:55:01 - INFO - [get_stock_data] [CZR] Data received for CZR: 95 rows
2025-04-15 17:55:01 - INFO - [check_vwap_diff_signal] [CZR] Analyzing VWAP reversal signal for CZR
2025-04-15 17:55:01 - INFO - [check_vwap_diff_signal] [CZR] Close: 25.42 | Low: 25.32 | High: 25.42 | VWAP: 25.481490292739853
2025-04-15 17:55:01 - DEBUG - [check_vwap_diff_signal] [CZR] [CZR] Last Candela: VWAP-Low=0.63%, High-VWAP=-0.24%
2025-04-15 17:55:01 - DEBUG - [check_vwap_diff_signal] [CZR] No VWAP signal detected
2025-04-15 17:55:01 - DEBUG - [_run_single_trading_iteration] [CZR] 🔍 Signal for CZR: None
2025-04-15 17:55:01 - INFO - [_run_single_trading_iteration] [CZR] ℹ️ No valid signal for CZR
2025-04-15 17:55:01 - INFO - [get_stock_data] [MTCH] Requesting data for MTCH
2025-04-15 17:55:01 - INFO - [get_stock_data] [MTCH] Data received for MTCH: 95 rows
2025-04-15 17:55:01 - INFO - [check_vwap_diff_signal] [MTCH] Analyzing VWAP reversal signal for MTCH
2025-04-15 17:55:01 - INFO - [check_vwap_diff_signal] [MTCH] Close: 28.96 | Low: 28.96 | High: 29.02 | VWAP: 28.91441601786396
2025-04-15 17:55:01 - DEBUG - [check_vwap_diff_signal] [MTCH] [MTCH] Last Candela: VWAP-Low=-0.16%, High-VWAP=0.37%
2025-04-15 17:55:01 - DEBUG - [check_vwap_diff_signal] [MTCH] No VWAP signal detected
2025-04-15 17:55:01 - DEBUG - [_run_single_trading_iteration] [MTCH] 🔍 Signal for MTCH: None
2025-04-15 17:55:01 - INFO - [_run_single_trading_iteration] [MTCH] ℹ️ No valid signal for MTCH
2025-04-15 17:55:01 - DEBUG - [_run_single_trading_iteration] [MRNA] 🚫 Trade not allowed for MRNA (limit reached)
2025-04-15 17:55:01 - INFO - [get_stock_data] [NCHL] Requesting data for NCHL
2025-04-15 17:55:01 - ERROR - [get_stock_data] [NCHL] Error retrieving data: 'NoneType' object has no attribute 'empty'
2025-04-15 17:55:01 - DEBUG - [_run_single_trading_iteration] [WBD] 🚫 Trade not allowed for WBD (limit reached)
2025-04-15 17:55:01 - INFO - [get_stock_data] [CMCSA] Requesting data for CMCSA
2025-04-15 17:55:02 - INFO - [get_stock_data] [CMCSA] Data received for CMCSA: 95 rows
2025-04-15 17:55:02 - INFO - [check_vwap_diff_signal] [CMCSA] Analyzing VWAP reversal signal for CMCSA
2025-04-15 17:55:02 - INFO - [check_vwap_diff_signal] [CMCSA] Close: 34.61 | Low: 34.53 | High: 34.61 | VWAP: 34.551642598348906
2025-04-15 17:55:02 - DEBUG - [check_vwap_diff_signal] [CMCSA] [CMCSA] Last Candela: VWAP-Low=0.06%, High-VWAP=0.17%
2025-04-15 17:55:02 - DEBUG - [check_vwap_diff_signal] [CMCSA] No VWAP signal detected
2025-04-15 17:55:02 - DEBUG - [_run_single_trading_iteration] [CMCSA] 🔍 Signal for CMCSA: None
2025-04-15 17:55:02 - INFO - [_run_single_trading_iteration] [CMCSA] ℹ️ No valid signal for CMCSA
2025-04-15 17:55:02 - INFO - [_run_strategy_if_applicable] [N/A] ⏰ Strategy 'SMA_Cross_candle' not executed because it's outside the time window: 16:35:00 - 16:50:00
2025-04-15 17:55:02 - INFO - [_run_strategy_if_applicable] [N/A] 🔄 Starting trading loop for strategy: VWAP_diff_signal_rsi_1700
2025-04-15 17:55:02 - INFO - [get_stock_data] [IVZ] Requesting data for IVZ
2025-04-15 17:55:03 - INFO - [get_stock_data] [IVZ] Data received for IVZ: 95 rows
2025-04-15 17:55:03 - INFO - [check_vwap_diff_signal_with_rsi] [IVZ] Analyzing VWAP reversal signal for IVZ
2025-04-15 17:55:03 - INFO - [check_vwap_diff_signal_with_rsi] [IVZ] Close: 13.21 | Low: 13.15 | High: 13.21 | VWAP: 13.154207842422519 | RSI: 60.24
2025-04-15 17:55:03 - DEBUG - [check_vwap_diff_signal_with_rsi] [IVZ] [IVZ] Last Candela: VWAP-Low=0.03%, High-VWAP=0.42%
2025-04-15 17:55:03 - DEBUG - [check_vwap_diff_signal_with_rsi] [IVZ] No VWAP+RSI signal detected
2025-04-15 17:55:03 - DEBUG - [_run_single_trading_iteration] [IVZ] 🔍 Signal for IVZ: None
2025-04-15 17:55:03 - INFO - [_run_single_trading_iteration] [IVZ] ℹ️ No valid signal for IVZ
2025-04-15 17:55:03 - INFO - [get_stock_data] [FCX] Requesting data for FCX
2025-04-15 17:55:03 - INFO - [get_stock_data] [FCX] Data received for FCX: 95 rows
2025-04-15 17:55:03 - INFO - [check_vwap_diff_signal_with_rsi] [FCX] Analyzing VWAP reversal signal for FCX
2025-04-15 17:55:03 - INFO - [check_vwap_diff_signal_with_rsi] [FCX] Close: 33.64 | Low: 33.49 | High: 33.66 | VWAP: 33.468293102516505 | RSI: 51.27
2025-04-15 17:55:03 - DEBUG - [check_vwap_diff_signal_with_rsi] [FCX] [FCX] Last Candela: VWAP-Low=-0.06%, High-VWAP=0.57%
2025-04-15 17:55:03 - DEBUG - [check_vwap_diff_signal_with_rsi] [FCX] No VWAP+RSI signal detected
2025-04-15 17:55:03 - DEBUG - [_run_single_trading_iteration] [FCX] 🔍 Signal for FCX: None
2025-04-15 17:55:03 - INFO - [_run_single_trading_iteration] [FCX] ℹ️ No valid signal for FCX
2025-04-15 17:55:03 - INFO - [get_stock_data] [HST] Requesting data for HST
2025-04-15 17:55:04 - INFO - [get_stock_data] [HST] Data received for HST: 95 rows
2025-04-15 17:55:04 - INFO - [check_vwap_diff_signal_with_rsi] [HST] Analyzing VWAP reversal signal for HST
2025-04-15 17:55:04 - INFO - [check_vwap_diff_signal_with_rsi] [HST] Close: 13.7 | Low: 13.67 | High: 13.72 | VWAP: 13.765081618235127 | RSI: 44.92
2025-04-15 17:55:04 - DEBUG - [check_vwap_diff_signal_with_rsi] [HST] [HST] Last Candela: VWAP-Low=0.69%, High-VWAP=-0.33%
2025-04-15 17:55:04 - DEBUG - [check_vwap_diff_signal_with_rsi] [HST] No VWAP+RSI signal detected
2025-04-15 17:55:04 - DEBUG - [_run_single_trading_iteration] [HST] 🔍 Signal for HST: None
2025-04-15 17:55:04 - INFO - [_run_single_trading_iteration] [HST] ℹ️ No valid signal for HST
2025-04-15 17:55:04 - INFO - [get_stock_data] [IVZ] Requesting data for IVZ
2025-04-15 17:55:04 - INFO - [get_stock_data] [IVZ] Data received for IVZ: 95 rows
2025-04-15 17:55:04 - INFO - [check_vwap_diff_signal_with_rsi] [IVZ] Analyzing VWAP reversal signal for IVZ
2025-04-15 17:55:04 - INFO - [check_vwap_diff_signal_with_rsi] [IVZ] Close: 13.21 | Low: 13.15 | High: 13.21 | VWAP: 13.154207842422519 | RSI: 60.24
2025-04-15 17:55:04 - DEBUG - [check_vwap_diff_signal_with_rsi] [IVZ] [IVZ] Last Candela: VWAP-Low=0.03%, High-VWAP=0.42%
2025-04-15 17:55:04 - DEBUG - [check_vwap_diff_signal_with_rsi] [IVZ] No VWAP+RSI signal detected
2025-04-15 17:55:04 - DEBUG - [_run_single_trading_iteration] [IVZ] 🔍 Signal for IVZ: None
2025-04-15 17:55:04 - INFO - [_run_single_trading_iteration] [IVZ] ℹ️ No valid signal for IVZ
2025-04-15 17:55:04 - INFO - [get_stock_data] [NEM] Requesting data for NEM
2025-04-15 17:55:05 - INFO - [get_stock_data] [NEM] Data received for NEM: 95 rows
2025-04-15 17:55:05 - INFO - [check_vwap_diff_signal_with_rsi] [NEM] Analyzing VWAP reversal signal for NEM
2025-04-15 17:55:05 - INFO - [check_vwap_diff_signal_with_rsi] [NEM] Close: 54.63 | Low: 54.53 | High: 54.64 | VWAP: 54.50094419112518 | RSI: 47.13
2025-04-15 17:55:05 - DEBUG - [check_vwap_diff_signal_with_rsi] [NEM] [NEM] Last Candela: VWAP-Low=-0.05%, High-VWAP=0.26%
2025-04-15 17:55:05 - DEBUG - [check_vwap_diff_signal_with_rsi] [NEM] No VWAP+RSI signal detected
2025-04-15 17:55:05 - DEBUG - [_run_single_trading_iteration] [NEM] 🔍 Signal for NEM: None
2025-04-15 17:55:05 - INFO - [_run_single_trading_iteration] [NEM] ℹ️ No valid signal for NEM
2025-04-15 17:55:05 - INFO - [get_stock_data] [LUV] Requesting data for LUV
2025-04-15 17:55:05 - INFO - [get_stock_data] [LUV] Data received for LUV: 95 rows
2025-04-15 17:55:05 - INFO - [check_vwap_diff_signal_with_rsi] [LUV] Analyzing VWAP reversal signal for LUV
2025-04-15 17:55:05 - INFO - [check_vwap_diff_signal_with_rsi] [LUV] Close: 26.28 | Low: 26.22 | High: 26.32 | VWAP: 26.33381257206219 | RSI: 57.65
2025-04-15 17:55:05 - DEBUG - [check_vwap_diff_signal_with_rsi] [LUV] [LUV] Last Candela: VWAP-Low=0.43%, High-VWAP=-0.05%
2025-04-15 17:55:05 - DEBUG - [check_vwap_diff_signal_with_rsi] [LUV] No VWAP+RSI signal detected
2025-04-15 17:55:05 - DEBUG - [_run_single_trading_iteration] [LUV] 🔍 Signal for LUV: None
2025-04-15 17:55:05 - INFO - [_run_single_trading_iteration] [LUV] ℹ️ No valid signal for LUV
2025-04-15 17:55:05 - INFO - [_run_strategy_if_applicable] [N/A] ⏰ Strategy 'EMA_Cross_ema50' not executed because it's outside the time window: 16:35:00 - 16:50:00
2025-04-15 17:55:05 - INFO - [_run_strategy_if_applicable] [N/A] ⏰ Strategy 'SMA_Cross_sma50' not executed because it's outside the time window: 16:35:00 - 16:50:00
2025-04-15 17:55:05 - INFO - [trading_loop] [N/A] 📊 Updating SL/TP for active orders
2025-04-15 17:55:06 - INFO - [_wait_until_next_iteration] [N/A] ⏳ Sleeping for 53.23 seconds before the next cycle
2025-04-15 17:56:00 - DEBUG - [trading_loop] [N/A] ⏱ Skipping EMA_Cross_candle, not yet time (every 5m)
2025-04-15 17:56:00 - DEBUG - [trading_loop] [N/A] ⏱ Skipping VWAP_diff_signal_1700, not yet time (every 5m)
2025-04-15 17:56:00 - DEBUG - [trading_loop] [N/A] ⏱ Skipping SMA_Cross_candle, not yet time (every 5m)
2025-04-15 17:56:00 - DEBUG - [trading_loop] [N/A] ⏱ Skipping VWAP_diff_signal_rsi_1700, not yet time (every 5m)
2025-04-15 17:56:00 - DEBUG - [trading_loop] [N/A] ⏱ Skipping EMA_Cross_ema50, not yet time (every 5m)
2025-04-15 17:56:00 - DEBUG - [trading_loop] [N/A] ⏱ Skipping SMA_Cross_sma50, not yet time (every 5m)
2025-04-15 17:56:00 - INFO - [trading_loop] [N/A] 📊 Updating SL/TP for active orders
2025-04-15 17:56:01 - INFO - [_wait_until_next_iteration] [N/A] ⏳ Sleeping for 58.94 seconds before the next cycle
2025-04-15 17:57:00 - DEBUG - [trading_loop] [N/A] ⏱ Skipping EMA_Cross_candle, not yet time (every 5m)
2025-04-15 17:57:00 - DEBUG - [trading_loop] [N/A] ⏱ Skipping VWAP_diff_signal_1700, not yet time (every 5m)
2025-04-15 17:57:00 - DEBUG - [trading_loop] [N/A] ⏱ Skipping SMA_Cross_candle, not yet time (every 5m)
2025-04-15 17:57:00 - DEBUG - [trading_loop] [N/A] ⏱ Skipping VWAP_diff_signal_rsi_1700, not yet time (every 5m)
2025-04-15 17:57:00 - DEBUG - [trading_loop] [N/A] ⏱ Skipping EMA_Cross_ema50, not yet time (every 5m)
2025-04-15 17:57:00 - DEBUG - [trading_loop] [N/A] ⏱ Skipping SMA_Cross_sma50, not yet time (every 5m)
2025-04-15 17:57:00 - INFO - [trading_loop] [N/A] 📊 Updating SL/TP for active orders
2025-04-15 17:57:01 - INFO - [_wait_until_next_iteration] [N/A] ⏳ Sleeping for 58.93 seconds before the next cycle
2025-04-15 17:58:00 - DEBUG - [trading_loop] [N/A] ⏱ Skipping EMA_Cross_candle, not yet time (every 5m)
2025-04-15 17:58:00 - DEBUG - [trading_loop] [N/A] ⏱ Skipping VWAP_diff_signal_1700, not yet time (every 5m)
2025-04-15 17:58:00 - DEBUG - [trading_loop] [N/A] ⏱ Skipping SMA_Cross_candle, not yet time (every 5m)
2025-04-15 17:58:00 - DEBUG - [trading_loop] [N/A] ⏱ Skipping VWAP_diff_signal_rsi_1700, not yet time (every 5m)
2025-04-15 17:58:00 - DEBUG - [trading_loop] [N/A] ⏱ Skipping EMA_Cross_ema50, not yet time (every 5m)
2025-04-15 17:58:00 - DEBUG - [trading_loop] [N/A] ⏱ Skipping SMA_Cross_sma50, not yet time (every 5m)
2025-04-15 17:58:00 - INFO - [trading_loop] [N/A] 📊 Updating SL/TP for active orders
2025-04-15 17:58:01 - INFO - [_wait_until_next_iteration] [N/A] ⏳ Sleeping for 58.93 seconds before the next cycle
2025-04-15 17:59:00 - DEBUG - [trading_loop] [N/A] ⏱ Skipping EMA_Cross_candle, not yet time (every 5m)
2025-04-15 17:59:00 - DEBUG - [trading_loop] [N/A] ⏱ Skipping VWAP_diff_signal_1700, not yet time (every 5m)
2025-04-15 17:59:00 - DEBUG - [trading_loop] [N/A] ⏱ Skipping SMA_Cross_candle, not yet time (every 5m)
2025-04-15 17:59:00 - DEBUG - [trading_loop] [N/A] ⏱ Skipping VWAP_diff_signal_rsi_1700, not yet time (every 5m)
2025-04-15 17:59:00 - DEBUG - [trading_loop] [N/A] ⏱ Skipping EMA_Cross_ema50, not yet time (every 5m)
2025-04-15 17:59:00 - DEBUG - [trading_loop] [N/A] ⏱ Skipping SMA_Cross_sma50, not yet time (every 5m)
2025-04-15 17:59:00 - INFO - [trading_loop] [N/A] 📊 Updating SL/TP for active orders
2025-04-15 17:59:01 - INFO - [_wait_until_next_iteration] [N/A] ⏳ Sleeping for 58.96 seconds before the next cycle
2025-04-15 18:00:00 - INFO - [_run_strategy_if_applicable] [N/A] ⏰ Strategy 'EMA_Cross_candle' not executed because it's outside the time window: 16:35:00 - 16:50:00
2025-04-15 18:00:00 - INFO - [_run_strategy_if_applicable] [N/A] 🔄 Starting trading loop for strategy: VWAP_diff_signal_1700
2025-04-15 18:00:00 - INFO - [get_stock_data] [HBAN] Requesting data for HBAN
2025-04-15 18:00:00 - INFO - [get_stock_data] [HBAN] Data received for HBAN: 96 rows
2025-04-15 18:00:00 - INFO - [check_vwap_diff_signal] [HBAN] Analyzing VWAP reversal signal for HBAN
2025-04-15 18:00:00 - INFO - [check_vwap_diff_signal] [HBAN] Close: 13.57 | Low: 13.53 | High: 13.59 | VWAP: 13.507753562654754
2025-04-15 18:00:00 - DEBUG - [check_vwap_diff_signal] [HBAN] [HBAN] Last Candela: VWAP-Low=-0.16%, High-VWAP=0.61%
2025-04-15 18:00:00 - DEBUG - [check_vwap_diff_signal] [HBAN] No VWAP signal detected
2025-04-15 18:00:00 - DEBUG - [_run_single_trading_iteration] [HBAN] 🔍 Signal for HBAN: None
2025-04-15 18:00:00 - INFO - [_run_single_trading_iteration] [HBAN] ℹ️ No valid signal for HBAN
2025-04-15 18:00:00 - INFO - [get_stock_data] [CZR] Requesting data for CZR
2025-04-15 18:00:01 - INFO - [get_stock_data] [CZR] Data received for CZR: 96 rows
2025-04-15 18:00:01 - INFO - [check_vwap_diff_signal] [CZR] Analyzing VWAP reversal signal for CZR
2025-04-15 18:00:01 - INFO - [check_vwap_diff_signal] [CZR] Close: 25.4 | Low: 25.39 | High: 25.49 | VWAP: 25.475145656428612
2025-04-15 18:00:01 - DEBUG - [check_vwap_diff_signal] [CZR] [CZR] Last Candela: VWAP-Low=0.33%, High-VWAP=0.06%
2025-04-15 18:00:01 - DEBUG - [check_vwap_diff_signal] [CZR] No VWAP signal detected
2025-04-15 18:00:01 - DEBUG - [_run_single_trading_iteration] [CZR] 🔍 Signal for CZR: None
2025-04-15 18:00:01 - INFO - [_run_single_trading_iteration] [CZR] ℹ️ No valid signal for CZR
2025-04-15 18:00:01 - INFO - [get_stock_data] [MTCH] Requesting data for MTCH
2025-04-15 18:00:01 - INFO - [get_stock_data] [MTCH] Data received for MTCH: 96 rows
2025-04-15 18:00:01 - INFO - [check_vwap_diff_signal] [MTCH] Analyzing VWAP reversal signal for MTCH
2025-04-15 18:00:01 - INFO - [check_vwap_diff_signal] [MTCH] Close: 28.96 | Low: 28.96 | High: 29.02 | VWAP: 28.91624573046328
2025-04-15 18:00:01 - DEBUG - [check_vwap_diff_signal] [MTCH] [MTCH] Last Candela: VWAP-Low=-0.15%, High-VWAP=0.36%
2025-04-15 18:00:01 - DEBUG - [check_vwap_diff_signal] [MTCH] No VWAP signal detected
2025-04-15 18:00:01 - DEBUG - [_run_single_trading_iteration] [MTCH] 🔍 Signal for MTCH: None
2025-04-15 18:00:01 - INFO - [_run_single_trading_iteration] [MTCH] ℹ️ No valid signal for MTCH
2025-04-15 18:00:01 - DEBUG - [_run_single_trading_iteration] [MRNA] 🚫 Trade not allowed for MRNA (limit reached)
2025-04-15 18:00:01 - INFO - [get_stock_data] [NCHL] Requesting data for NCHL
2025-04-15 18:00:02 - ERROR - [get_stock_data] [NCHL] Error retrieving data: 'NoneType' object has no attribute 'empty'
2025-04-15 18:00:02 - DEBUG - [_run_single_trading_iteration] [WBD] 🚫 Trade not allowed for WBD (limit reached)
2025-04-15 18:00:02 - INFO - [get_stock_data] [CMCSA] Requesting data for CMCSA
2025-04-15 18:00:02 - INFO - [get_stock_data] [CMCSA] Data received for CMCSA: 96 rows
2025-04-15 18:00:02 - INFO - [check_vwap_diff_signal] [CMCSA] Analyzing VWAP reversal signal for CMCSA
2025-04-15 18:00:02 - INFO - [check_vwap_diff_signal] [CMCSA] Close: 34.59 | Low: 34.57 | High: 34.65 | VWAP: 34.552514773100064
2025-04-15 18:00:02 - DEBUG - [check_vwap_diff_signal] [CMCSA] [CMCSA] Last Candela: VWAP-Low=-0.05%, High-VWAP=0.28%
2025-04-15 18:00:02 - DEBUG - [check_vwap_diff_signal] [CMCSA] No VWAP signal detected
2025-04-15 18:00:02 - DEBUG - [_run_single_trading_iteration] [CMCSA] 🔍 Signal for CMCSA: None
2025-04-15 18:00:02 - INFO - [_run_single_trading_iteration] [CMCSA] ℹ️ No valid signal for CMCSA
2025-04-15 18:00:02 - INFO - [_run_strategy_if_applicable] [N/A] ⏰ Strategy 'SMA_Cross_candle' not executed because it's outside the time window: 16:35:00 - 16:50:00
2025-04-15 18:00:02 - INFO - [_run_strategy_if_applicable] [N/A] 🔄 Starting trading loop for strategy: VWAP_diff_signal_rsi_1700
2025-04-15 18:00:02 - INFO - [get_stock_data] [IVZ] Requesting data for IVZ
2025-04-15 18:00:03 - INFO - [get_stock_data] [IVZ] Data received for IVZ: 96 rows
2025-04-15 18:00:03 - INFO - [check_vwap_diff_signal_with_rsi] [IVZ] Analyzing VWAP reversal signal for IVZ
2025-04-15 18:00:03 - INFO - [check_vwap_diff_signal_with_rsi] [IVZ] Close: 13.19 | Low: 13.19 | High: 13.26 | VWAP: 13.155830862358744 | RSI: 57.51
2025-04-15 18:00:03 - DEBUG - [check_vwap_diff_signal_with_rsi] [IVZ] [IVZ] Last Candela: VWAP-Low=-0.26%, High-VWAP=0.79%
2025-04-15 18:00:03 - DEBUG - [check_vwap_diff_signal_with_rsi] [IVZ] No VWAP+RSI signal detected
2025-04-15 18:00:03 - DEBUG - [_run_single_trading_iteration] [IVZ] 🔍 Signal for IVZ: None
2025-04-15 18:00:03 - INFO - [_run_single_trading_iteration] [IVZ] ℹ️ No valid signal for IVZ
2025-04-15 18:00:03 - INFO - [get_stock_data] [FCX] Requesting data for FCX
2025-04-15 18:00:03 - INFO - [get_stock_data] [FCX] Data received for FCX: 96 rows
2025-04-15 18:00:03 - INFO - [check_vwap_diff_signal_with_rsi] [FCX] Analyzing VWAP reversal signal for FCX
2025-04-15 18:00:03 - INFO - [check_vwap_diff_signal_with_rsi] [FCX] Close: 33.64 | Low: 33.61 | High: 33.72 | VWAP: 33.47828780841193 | RSI: 51.27
2025-04-15 18:00:03 - DEBUG - [check_vwap_diff_signal_with_rsi] [FCX] [FCX] Last Candela: VWAP-Low=-0.39%, High-VWAP=0.72%
2025-04-15 18:00:03 - DEBUG - [check_vwap_diff_signal_with_rsi] [FCX] No VWAP+RSI signal detected
2025-04-15 18:00:03 - DEBUG - [_run_single_trading_iteration] [FCX] 🔍 Signal for FCX: None
2025-04-15 18:00:03 - INFO - [_run_single_trading_iteration] [FCX] ℹ️ No valid signal for FCX
2025-04-15 18:00:03 - INFO - [get_stock_data] [HST] Requesting data for HST
2025-04-15 18:00:04 - INFO - [get_stock_data] [HST] Data received for HST: 96 rows
2025-04-15 18:00:04 - INFO - [check_vwap_diff_signal_with_rsi] [HST] Analyzing VWAP reversal signal for HST
2025-04-15 18:00:04 - INFO - [check_vwap_diff_signal_with_rsi] [HST] Close: 13.68 | Low: 13.67 | High: 13.71 | VWAP: 13.762064726655776 | RSI: 42.84
2025-04-15 18:00:04 - DEBUG - [check_vwap_diff_signal_with_rsi] [HST] [HST] Last Candela: VWAP-Low=0.67%, High-VWAP=-0.38%
2025-04-15 18:00:04 - DEBUG - [check_vwap_diff_signal_with_rsi] [HST] No VWAP+RSI signal detected
2025-04-15 18:00:04 - DEBUG - [_run_single_trading_iteration] [HST] 🔍 Signal for HST: None
2025-04-15 18:00:04 - INFO - [_run_single_trading_iteration] [HST] ℹ️ No valid signal for HST
2025-04-15 18:00:04 - INFO - [get_stock_data] [IVZ] Requesting data for IVZ
2025-04-15 18:00:04 - INFO - [get_stock_data] [IVZ] Data received for IVZ: 96 rows
2025-04-15 18:00:04 - INFO - [check_vwap_diff_signal_with_rsi] [IVZ] Analyzing VWAP reversal signal for IVZ
2025-04-15 18:00:04 - INFO - [check_vwap_diff_signal_with_rsi] [IVZ] Close: 13.19 | Low: 13.19 | High: 13.26 | VWAP: 13.155830862358744 | RSI: 57.51
2025-04-15 18:00:04 - DEBUG - [check_vwap_diff_signal_with_rsi] [IVZ] [IVZ] Last Candela: VWAP-Low=-0.26%, High-VWAP=0.79%
2025-04-15 18:00:04 - DEBUG - [check_vwap_diff_signal_with_rsi] [IVZ] No VWAP+RSI signal detected
2025-04-15 18:00:04 - DEBUG - [_run_single_trading_iteration] [IVZ] 🔍 Signal for IVZ: None
2025-04-15 18:00:04 - INFO - [_run_single_trading_iteration] [IVZ] ℹ️ No valid signal for IVZ
2025-04-15 18:00:04 - INFO - [get_stock_data] [NEM] Requesting data for NEM
2025-04-15 18:00:05 - INFO - [get_stock_data] [NEM] Data received for NEM: 96 rows
2025-04-15 18:00:05 - INFO - [check_vwap_diff_signal_with_rsi] [NEM] Analyzing VWAP reversal signal for NEM
2025-04-15 18:00:05 - INFO - [check_vwap_diff_signal_with_rsi] [NEM] Close: 54.52 | Low: 54.48 | High: 54.69 | VWAP: 54.50162129827039 | RSI: 43.36
2025-04-15 18:00:05 - DEBUG - [check_vwap_diff_signal_with_rsi] [NEM] [NEM] Last Candela: VWAP-Low=0.04%, High-VWAP=0.35%
2025-04-15 18:00:05 - DEBUG - [check_vwap_diff_signal_with_rsi] [NEM] No VWAP+RSI signal detected
2025-04-15 18:00:05 - DEBUG - [_run_single_trading_iteration] [NEM] 🔍 Signal for NEM: None
2025-04-15 18:00:05 - INFO - [_run_single_trading_iteration] [NEM] ℹ️ No valid signal for NEM
2025-04-15 18:00:05 - INFO - [get_stock_data] [LUV] Requesting data for LUV
2025-04-15 18:00:05 - INFO - [get_stock_data] [LUV] Data received for LUV: 97 rows
2025-04-15 18:00:05 - INFO - [check_vwap_diff_signal_with_rsi] [LUV] Analyzing VWAP reversal signal for LUV
2025-04-15 18:00:05 - INFO - [check_vwap_diff_signal_with_rsi] [LUV] Close: 26.25 | Low: 26.25 | High: 26.25 | VWAP: 26.33157260771714 | RSI: 56.00
2025-04-15 18:00:05 - DEBUG - [check_vwap_diff_signal_with_rsi] [LUV] [LUV] Last Candela: VWAP-Low=0.31%, High-VWAP=-0.31%
2025-04-15 18:00:05 - DEBUG - [check_vwap_diff_signal_with_rsi] [LUV] No VWAP+RSI signal detected
2025-04-15 18:00:05 - DEBUG - [_run_single_trading_iteration] [LUV] 🔍 Signal for LUV: None
2025-04-15 18:00:05 - INFO - [_run_single_trading_iteration] [LUV] ℹ️ No valid signal for LUV
2025-04-15 18:00:05 - INFO - [_run_strategy_if_applicable] [N/A] ⏰ Strategy 'EMA_Cross_ema50' not executed because it's outside the time window: 16:35:00 - 16:50:00
2025-04-15 18:00:05 - INFO - [_run_strategy_if_applicable] [N/A] ⏰ Strategy 'SMA_Cross_sma50' not executed because it's outside the time window: 16:35:00 - 16:50:00
2025-04-15 18:00:05 - INFO - [trading_loop] [N/A] 📊 Updating SL/TP for active orders
2025-04-15 18:00:06 - INFO - [_wait_until_next_iteration] [N/A] ⏳ Sleeping for 53.17 seconds before the next cycle
2025-04-15 18:01:00 - DEBUG - [trading_loop] [N/A] ⏱ Skipping EMA_Cross_candle, not yet time (every 5m)
2025-04-15 18:01:00 - DEBUG - [trading_loop] [N/A] ⏱ Skipping VWAP_diff_signal_1700, not yet time (every 5m)
2025-04-15 18:01:00 - DEBUG - [trading_loop] [N/A] ⏱ Skipping SMA_Cross_candle, not yet time (every 5m)
2025-04-15 18:01:00 - DEBUG - [trading_loop] [N/A] ⏱ Skipping VWAP_diff_signal_rsi_1700, not yet time (every 5m)
2025-04-15 18:01:00 - DEBUG - [trading_loop] [N/A] ⏱ Skipping EMA_Cross_ema50, not yet time (every 5m)
2025-04-15 18:01:00 - DEBUG - [trading_loop] [N/A] ⏱ Skipping SMA_Cross_sma50, not yet time (every 5m)
2025-04-15 18:01:00 - INFO - [trading_loop] [N/A] 📊 Updating SL/TP for active orders
2025-04-15 18:01:01 - INFO - [_wait_until_next_iteration] [N/A] ⏳ Sleeping for 58.94 seconds before the next cycle
2025-04-15 18:02:00 - DEBUG - [trading_loop] [N/A] ⏱ Skipping EMA_Cross_candle, not yet time (every 5m)
2025-04-15 18:02:00 - DEBUG - [trading_loop] [N/A] ⏱ Skipping VWAP_diff_signal_1700, not yet time (every 5m)
2025-04-15 18:02:00 - DEBUG - [trading_loop] [N/A] ⏱ Skipping SMA_Cross_candle, not yet time (every 5m)
2025-04-15 18:02:00 - DEBUG - [trading_loop] [N/A] ⏱ Skipping VWAP_diff_signal_rsi_1700, not yet time (every 5m)
2025-04-15 18:02:00 - DEBUG - [trading_loop] [N/A] ⏱ Skipping EMA_Cross_ema50, not yet time (every 5m)
2025-04-15 18:02:00 - DEBUG - [trading_loop] [N/A] ⏱ Skipping SMA_Cross_sma50, not yet time (every 5m)
2025-04-15 18:02:00 - INFO - [trading_loop] [N/A] 📊 Updating SL/TP for active orders
2025-04-15 18:02:01 - INFO - [_wait_until_next_iteration] [N/A] ⏳ Sleeping for 58.93 seconds before the next cycle
2025-04-15 18:03:00 - DEBUG - [trading_loop] [N/A] ⏱ Skipping EMA_Cross_candle, not yet time (every 5m)
2025-04-15 18:03:00 - DEBUG - [trading_loop] [N/A] ⏱ Skipping VWAP_diff_signal_1700, not yet time (every 5m)
2025-04-15 18:03:00 - DEBUG - [trading_loop] [N/A] ⏱ Skipping SMA_Cross_candle, not yet time (every 5m)
2025-04-15 18:03:00 - DEBUG - [trading_loop] [N/A] ⏱ Skipping VWAP_diff_signal_rsi_1700, not yet time (every 5m)
2025-04-15 18:03:00 - DEBUG - [trading_loop] [N/A] ⏱ Skipping EMA_Cross_ema50, not yet time (every 5m)
2025-04-15 18:03:00 - DEBUG - [trading_loop] [N/A] ⏱ Skipping SMA_Cross_sma50, not yet time (every 5m)
2025-04-15 18:03:00 - INFO - [trading_loop] [N/A] 📊 Updating SL/TP for active orders
2025-04-15 18:03:01 - INFO - [_wait_until_next_iteration] [N/A] ⏳ Sleeping for 58.93 seconds before the next cycle
2025-04-15 18:04:00 - DEBUG - [trading_loop] [N/A] ⏱ Skipping EMA_Cross_candle, not yet time (every 5m)
2025-04-15 18:04:00 - DEBUG - [trading_loop] [N/A] ⏱ Skipping VWAP_diff_signal_1700, not yet time (every 5m)
2025-04-15 18:04:00 - DEBUG - [trading_loop] [N/A] ⏱ Skipping SMA_Cross_candle, not yet time (every 5m)
2025-04-15 18:04:00 - DEBUG - [trading_loop] [N/A] ⏱ Skipping VWAP_diff_signal_rsi_1700, not yet time (every 5m)
2025-04-15 18:04:00 - DEBUG - [trading_loop] [N/A] ⏱ Skipping EMA_Cross_ema50, not yet time (every 5m)
2025-04-15 18:04:00 - DEBUG - [trading_loop] [N/A] ⏱ Skipping SMA_Cross_sma50, not yet time (every 5m)
2025-04-15 18:04:00 - INFO - [trading_loop] [N/A] 📊 Updating SL/TP for active orders
2025-04-15 18:04:01 - INFO - [_wait_until_next_iteration] [N/A] ⏳ Sleeping for 58.93 seconds before the next cycle
2025-04-15 18:05:00 - INFO - [_run_strategy_if_applicable] [N/A] ⏰ Strategy 'EMA_Cross_candle' not executed because it's outside the time window: 16:35:00 - 16:50:00
2025-04-15 18:05:00 - INFO - [_run_strategy_if_applicable] [N/A] 🔄 Starting trading loop for strategy: VWAP_diff_signal_1700
2025-04-15 18:05:00 - INFO - [get_stock_data] [HBAN] Requesting data for HBAN
2025-04-15 18:05:00 - INFO - [get_stock_data] [HBAN] Data received for HBAN: 97 rows
2025-04-15 18:05:00 - INFO - [check_vwap_diff_signal] [HBAN] Analyzing VWAP reversal signal for HBAN
2025-04-15 18:05:00 - INFO - [check_vwap_diff_signal] [HBAN] Close: 13.56 | Low: 13.54 | High: 13.61 | VWAP: 13.510438536052634
2025-04-15 18:05:00 - DEBUG - [check_vwap_diff_signal] [HBAN] [HBAN] Last Candela: VWAP-Low=-0.22%, High-VWAP=0.74%
2025-04-15 18:05:00 - DEBUG - [check_vwap_diff_signal] [HBAN] No VWAP signal detected
2025-04-15 18:05:00 - DEBUG - [_run_single_trading_iteration] [HBAN] 🔍 Signal for HBAN: None
2025-04-15 18:05:00 - INFO - [_run_single_trading_iteration] [HBAN] ℹ️ No valid signal for HBAN
2025-04-15 18:05:00 - INFO - [get_stock_data] [CZR] Requesting data for CZR
2025-04-15 18:05:01 - INFO - [get_stock_data] [CZR] Data received for CZR: 97 rows
2025-04-15 18:05:01 - INFO - [check_vwap_diff_signal] [CZR] Analyzing VWAP reversal signal for CZR
2025-04-15 18:05:01 - INFO - [check_vwap_diff_signal] [CZR] Close: 25.42 | Low: 25.38 | High: 25.48 | VWAP: 25.472361936845225
2025-04-15 18:05:01 - DEBUG - [check_vwap_diff_signal] [CZR] [CZR] Last Candela: VWAP-Low=0.36%, High-VWAP=0.03%
2025-04-15 18:05:01 - DEBUG - [check_vwap_diff_signal] [CZR] No VWAP signal detected
2025-04-15 18:05:01 - DEBUG - [_run_single_trading_iteration] [CZR] 🔍 Signal for CZR: None
2025-04-15 18:05:01 - INFO - [_run_single_trading_iteration] [CZR] ℹ️ No valid signal for CZR
2025-04-15 18:05:01 - INFO - [get_stock_data] [MTCH] Requesting data for MTCH
2025-04-15 18:05:01 - INFO - [get_stock_data] [MTCH] Data received for MTCH: 97 rows
2025-04-15 18:05:01 - INFO - [check_vwap_diff_signal] [MTCH] Analyzing VWAP reversal signal for MTCH
2025-04-15 18:05:01 - INFO - [check_vwap_diff_signal] [MTCH] Close: 29.07 | Low: 28.96 | High: 29.07 | VWAP: 28.919349108438873
2025-04-15 18:05:01 - DEBUG - [check_vwap_diff_signal] [MTCH] [MTCH] Last Candela: VWAP-Low=-0.14%, High-VWAP=0.52%
2025-04-15 18:05:01 - DEBUG - [check_vwap_diff_signal] [MTCH] No VWAP signal detected
2025-04-15 18:05:01 - DEBUG - [_run_single_trading_iteration] [MTCH] 🔍 Signal for MTCH: None
2025-04-15 18:05:01 - INFO - [_run_single_trading_iteration] [MTCH] ℹ️ No valid signal for MTCH
2025-04-15 18:05:01 - DEBUG - [_run_single_trading_iteration] [MRNA] 🚫 Trade not allowed for MRNA (limit reached)
2025-04-15 18:05:01 - INFO - [get_stock_data] [NCHL] Requesting data for NCHL
2025-04-15 18:05:01 - ERROR - [get_stock_data] [NCHL] Error retrieving data: 'NoneType' object has no attribute 'empty'
2025-04-15 18:05:01 - DEBUG - [_run_single_trading_iteration] [WBD] 🚫 Trade not allowed for WBD (limit reached)
2025-04-15 18:05:01 - INFO - [get_stock_data] [CMCSA] Requesting data for CMCSA
2025-04-15 18:05:02 - INFO - [get_stock_data] [CMCSA] Data received for CMCSA: 97 rows
2025-04-15 18:05:02 - INFO - [check_vwap_diff_signal] [CMCSA] Analyzing VWAP reversal signal for CMCSA
2025-04-15 18:05:02 - INFO - [check_vwap_diff_signal] [CMCSA] Close: 34.65 | Low: 34.57 | High: 34.65 | VWAP: 34.555132650322186
2025-04-15 18:05:02 - DEBUG - [check_vwap_diff_signal] [CMCSA] [CMCSA] Last Candela: VWAP-Low=-0.04%, High-VWAP=0.27%
2025-04-15 18:05:02 - DEBUG - [check_vwap_diff_signal] [CMCSA] No VWAP signal detected
2025-04-15 18:05:02 - DEBUG - [_run_single_trading_iteration] [CMCSA] 🔍 Signal for CMCSA: None
2025-04-15 18:05:02 - INFO - [_run_single_trading_iteration] [CMCSA] ℹ️ No valid signal for CMCSA
2025-04-15 18:05:02 - INFO - [_run_strategy_if_applicable] [N/A] ⏰ Strategy 'SMA_Cross_candle' not executed because it's outside the time window: 16:35:00 - 16:50:00
2025-04-15 18:05:02 - INFO - [_run_strategy_if_applicable] [N/A] 🔄 Starting trading loop for strategy: VWAP_diff_signal_rsi_1700
2025-04-15 18:05:02 - INFO - [get_stock_data] [IVZ] Requesting data for IVZ
2025-04-15 18:05:03 - INFO - [get_stock_data] [IVZ] Data received for IVZ: 97 rows
2025-04-15 18:05:03 - INFO - [check_vwap_diff_signal_with_rsi] [IVZ] Analyzing VWAP reversal signal for IVZ
2025-04-15 18:05:03 - INFO - [check_vwap_diff_signal_with_rsi] [IVZ] Close: 13.26 | Low: 13.19 | High: 13.26 | VWAP: 13.161170600212955 | RSI: 63.71
2025-04-15 18:05:03 - DEBUG - [check_vwap_diff_signal_with_rsi] [IVZ] [IVZ] Last Candela: VWAP-Low=-0.22%, High-VWAP=0.75%
2025-04-15 18:05:03 - DEBUG - [check_vwap_diff_signal_with_rsi] [IVZ] No VWAP+RSI signal detected
2025-04-15 18:05:03 - DEBUG - [_run_single_trading_iteration] [IVZ] 🔍 Signal for IVZ: None
2025-04-15 18:05:03 - INFO - [_run_single_trading_iteration] [IVZ] ℹ️ No valid signal for IVZ
2025-04-15 18:05:03 - INFO - [get_stock_data] [FCX] Requesting data for FCX
2025-04-15 18:05:03 - INFO - [get_stock_data] [FCX] Data received for FCX: 97 rows
2025-04-15 18:05:03 - INFO - [check_vwap_diff_signal_with_rsi] [FCX] Analyzing VWAP reversal signal for FCX
2025-04-15 18:05:03 - INFO - [check_vwap_diff_signal_with_rsi] [FCX] Close: 33.66 | Low: 33.59 | High: 33.73 | VWAP: 33.48934729835277 | RSI: 52.12
2025-04-15 18:05:03 - DEBUG - [check_vwap_diff_signal_with_rsi] [FCX] [FCX] Last Candela: VWAP-Low=-0.30%, High-VWAP=0.72%
2025-04-15 18:05:03 - DEBUG - [check_vwap_diff_signal_with_rsi] [FCX] No VWAP+RSI signal detected
2025-04-15 18:05:03 - DEBUG - [_run_single_trading_iteration] [FCX] 🔍 Signal for FCX: None
2025-04-15 18:05:03 - INFO - [_run_single_trading_iteration] [FCX] ℹ️ No valid signal for FCX
2025-04-15 18:05:03 - INFO - [get_stock_data] [HST] Requesting data for HST
2025-04-15 18:05:04 - INFO - [get_stock_data] [HST] Data received for HST: 97 rows
2025-04-15 18:05:04 - INFO - [check_vwap_diff_signal_with_rsi] [HST] Analyzing VWAP reversal signal for HST
2025-04-15 18:05:04 - INFO - [check_vwap_diff_signal_with_rsi] [HST] Close: 13.72 | Low: 13.67 | High: 13.72 | VWAP: 13.760585635324231 | RSI: 48.02
2025-04-15 18:05:04 - DEBUG - [check_vwap_diff_signal_with_rsi] [HST] [HST] Last Candela: VWAP-Low=0.66%, High-VWAP=-0.29%
2025-04-15 18:05:04 - DEBUG - [check_vwap_diff_signal_with_rsi] [HST] No VWAP+RSI signal detected
2025-04-15 18:05:04 - DEBUG - [_run_single_trading_iteration] [HST] 🔍 Signal for HST: None
2025-04-15 18:05:04 - INFO - [_run_single_trading_iteration] [HST] ℹ️ No valid signal for HST
2025-04-15 18:05:04 - INFO - [get_stock_data] [IVZ] Requesting data for IVZ
2025-04-15 18:05:04 - INFO - [get_stock_data] [IVZ] Data received for IVZ: 97 rows
2025-04-15 18:05:04 - INFO - [check_vwap_diff_signal_with_rsi] [IVZ] Analyzing VWAP reversal signal for IVZ
2025-04-15 18:05:04 - INFO - [check_vwap_diff_signal_with_rsi] [IVZ] Close: 13.26 | Low: 13.19 | High: 13.26 | VWAP: 13.161170600212955 | RSI: 63.71
2025-04-15 18:05:04 - DEBUG - [check_vwap_diff_signal_with_rsi] [IVZ] [IVZ] Last Candela: VWAP-Low=-0.22%, High-VWAP=0.75%
2025-04-15 18:05:04 - DEBUG - [check_vwap_diff_signal_with_rsi] [IVZ] No VWAP+RSI signal detected
2025-04-15 18:05:04 - DEBUG - [_run_single_trading_iteration] [IVZ] 🔍 Signal for IVZ: None
2025-04-15 18:05:04 - INFO - [_run_single_trading_iteration] [IVZ] ℹ️ No valid signal for IVZ
2025-04-15 18:05:04 - INFO - [get_stock_data] [NEM] Requesting data for NEM
2025-04-15 18:05:05 - INFO - [get_stock_data] [NEM] Data received for NEM: 97 rows
2025-04-15 18:05:05 - INFO - [check_vwap_diff_signal_with_rsi] [NEM] Analyzing VWAP reversal signal for NEM
2025-04-15 18:05:05 - INFO - [check_vwap_diff_signal_with_rsi] [NEM] Close: 54.75 | Low: 54.51 | High: 54.75 | VWAP: 54.51014141772013 | RSI: 52.01
2025-04-15 18:05:05 - DEBUG - [check_vwap_diff_signal_with_rsi] [NEM] [NEM] Last Candela: VWAP-Low=0.00%, High-VWAP=0.44%
2025-04-15 18:05:05 - DEBUG - [check_vwap_diff_signal_with_rsi] [NEM] No VWAP+RSI signal detected
2025-04-15 18:05:05 - DEBUG - [_run_single_trading_iteration] [NEM] 🔍 Signal for NEM: None
2025-04-15 18:05:05 - INFO - [_run_single_trading_iteration] [NEM] ℹ️ No valid signal for NEM
2025-04-15 18:05:05 - INFO - [get_stock_data] [LUV] Requesting data for LUV
2025-04-15 18:05:05 - INFO - [get_stock_data] [LUV] Data received for LUV: 97 rows
2025-04-15 18:05:05 - INFO - [check_vwap_diff_signal_with_rsi] [LUV] Analyzing VWAP reversal signal for LUV
2025-04-15 18:05:05 - INFO - [check_vwap_diff_signal_with_rsi] [LUV] Close: 26.25 | Low: 26.22 | High: 26.33 | VWAP: 26.329670857573436 | RSI: 56.00
2025-04-15 18:05:05 - DEBUG - [check_vwap_diff_signal_with_rsi] [LUV] [LUV] Last Candela: VWAP-Low=0.42%, High-VWAP=0.00%
2025-04-15 18:05:05 - DEBUG - [check_vwap_diff_signal_with_rsi] [LUV] No VWAP+RSI signal detected
2025-04-15 18:05:05 - DEBUG - [_run_single_trading_iteration] [LUV] 🔍 Signal for LUV: None
2025-04-15 18:05:05 - INFO - [_run_single_trading_iteration] [LUV] ℹ️ No valid signal for LUV
2025-04-15 18:05:05 - INFO - [_run_strategy_if_applicable] [N/A] ⏰ Strategy 'EMA_Cross_ema50' not executed because it's outside the time window: 16:35:00 - 16:50:00
2025-04-15 18:05:05 - INFO - [_run_strategy_if_applicable] [N/A] ⏰ Strategy 'SMA_Cross_sma50' not executed because it's outside the time window: 16:35:00 - 16:50:00
2025-04-15 18:05:05 - INFO - [trading_loop] [N/A] 📊 Updating SL/TP for active orders
2025-04-15 18:05:06 - INFO - [_wait_until_next_iteration] [N/A] ⏳ Sleeping for 53.14 seconds before the next cycle
2025-04-15 18:06:00 - DEBUG - [trading_loop] [N/A] ⏱ Skipping EMA_Cross_candle, not yet time (every 5m)
2025-04-15 18:06:00 - DEBUG - [trading_loop] [N/A] ⏱ Skipping VWAP_diff_signal_1700, not yet time (every 5m)
2025-04-15 18:06:00 - DEBUG - [trading_loop] [N/A] ⏱ Skipping SMA_Cross_candle, not yet time (every 5m)
2025-04-15 18:06:00 - DEBUG - [trading_loop] [N/A] ⏱ Skipping VWAP_diff_signal_rsi_1700, not yet time (every 5m)
2025-04-15 18:06:00 - DEBUG - [trading_loop] [N/A] ⏱ Skipping EMA_Cross_ema50, not yet time (every 5m)
2025-04-15 18:06:00 - DEBUG - [trading_loop] [N/A] ⏱ Skipping SMA_Cross_sma50, not yet time (every 5m)
2025-04-15 18:06:00 - INFO - [trading_loop] [N/A] 📊 Updating SL/TP for active orders
2025-04-15 18:06:01 - INFO - [_wait_until_next_iteration] [N/A] ⏳ Sleeping for 58.95 seconds before the next cycle
2025-04-15 18:07:00 - DEBUG - [trading_loop] [N/A] ⏱ Skipping EMA_Cross_candle, not yet time (every 5m)
2025-04-15 18:07:00 - DEBUG - [trading_loop] [N/A] ⏱ Skipping VWAP_diff_signal_1700, not yet time (every 5m)
2025-04-15 18:07:00 - DEBUG - [trading_loop] [N/A] ⏱ Skipping SMA_Cross_candle, not yet time (every 5m)
2025-04-15 18:07:00 - DEBUG - [trading_loop] [N/A] ⏱ Skipping VWAP_diff_signal_rsi_1700, not yet time (every 5m)
2025-04-15 18:07:00 - DEBUG - [trading_loop] [N/A] ⏱ Skipping EMA_Cross_ema50, not yet time (every 5m)
2025-04-15 18:07:00 - DEBUG - [trading_loop] [N/A] ⏱ Skipping SMA_Cross_sma50, not yet time (every 5m)
2025-04-15 18:07:00 - INFO - [trading_loop] [N/A] 📊 Updating SL/TP for active orders
2025-04-15 18:07:01 - INFO - [_wait_until_next_iteration] [N/A] ⏳ Sleeping for 58.93 seconds before the next cycle
2025-04-15 18:08:00 - DEBUG - [trading_loop] [N/A] ⏱ Skipping EMA_Cross_candle, not yet time (every 5m)
2025-04-15 18:08:00 - DEBUG - [trading_loop] [N/A] ⏱ Skipping VWAP_diff_signal_1700, not yet time (every 5m)
2025-04-15 18:08:00 - DEBUG - [trading_loop] [N/A] ⏱ Skipping SMA_Cross_candle, not yet time (every 5m)
2025-04-15 18:08:00 - DEBUG - [trading_loop] [N/A] ⏱ Skipping VWAP_diff_signal_rsi_1700, not yet time (every 5m)
2025-04-15 18:08:00 - DEBUG - [trading_loop] [N/A] ⏱ Skipping EMA_Cross_ema50, not yet time (every 5m)
2025-04-15 18:08:00 - DEBUG - [trading_loop] [N/A] ⏱ Skipping SMA_Cross_sma50, not yet time (every 5m)
2025-04-15 18:08:00 - INFO - [trading_loop] [N/A] 📊 Updating SL/TP for active orders
2025-04-15 18:08:01 - INFO - [_wait_until_next_iteration] [N/A] ⏳ Sleeping for 58.93 seconds before the next cycle
2025-04-15 18:09:00 - DEBUG - [trading_loop] [N/A] ⏱ Skipping EMA_Cross_candle, not yet time (every 5m)
2025-04-15 18:09:00 - DEBUG - [trading_loop] [N/A] ⏱ Skipping VWAP_diff_signal_1700, not yet time (every 5m)
2025-04-15 18:09:00 - DEBUG - [trading_loop] [N/A] ⏱ Skipping SMA_Cross_candle, not yet time (every 5m)
2025-04-15 18:09:00 - DEBUG - [trading_loop] [N/A] ⏱ Skipping VWAP_diff_signal_rsi_1700, not yet time (every 5m)
2025-04-15 18:09:00 - DEBUG - [trading_loop] [N/A] ⏱ Skipping EMA_Cross_ema50, not yet time (every 5m)
2025-04-15 18:09:00 - DEBUG - [trading_loop] [N/A] ⏱ Skipping SMA_Cross_sma50, not yet time (every 5m)
2025-04-15 18:09:00 - INFO - [trading_loop] [N/A] 📊 Updating SL/TP for active orders
2025-04-15 18:09:01 - INFO - [_wait_until_next_iteration] [N/A] ⏳ Sleeping for 58.96 seconds before the next cycle
2025-04-15 18:10:00 - INFO - [_run_strategy_if_applicable] [N/A] ⏰ Strategy 'EMA_Cross_candle' not executed because it's outside the time window: 16:35:00 - 16:50:00
2025-04-15 18:10:00 - INFO - [_run_strategy_if_applicable] [N/A] 🔄 Starting trading loop for strategy: VWAP_diff_signal_1700
2025-04-15 18:10:00 - INFO - [get_stock_data] [HBAN] Requesting data for HBAN
2025-04-15 18:10:00 - INFO - [get_stock_data] [HBAN] Data received for HBAN: 98 rows
2025-04-15 18:10:00 - INFO - [check_vwap_diff_signal] [HBAN] Analyzing VWAP reversal signal for HBAN
2025-04-15 18:10:00 - INFO - [check_vwap_diff_signal] [HBAN] Close: 13.54 | Low: 13.51 | High: 13.57 | VWAP: 13.511278959521125
2025-04-15 18:10:00 - DEBUG - [check_vwap_diff_signal] [HBAN] [HBAN] Last Candela: VWAP-Low=0.01%, High-VWAP=0.43%
2025-04-15 18:10:00 - DEBUG - [check_vwap_diff_signal] [HBAN] No VWAP signal detected
2025-04-15 18:10:00 - DEBUG - [_run_single_trading_iteration] [HBAN] 🔍 Signal for HBAN: None
2025-04-15 18:10:00 - INFO - [_run_single_trading_iteration] [HBAN] ℹ️ No valid signal for HBAN
2025-04-15 18:10:00 - INFO - [get_stock_data] [CZR] Requesting data for CZR
2025-04-15 18:10:01 - INFO - [get_stock_data] [CZR] Data received for CZR: 98 rows
2025-04-15 18:10:01 - INFO - [check_vwap_diff_signal] [CZR] Analyzing VWAP reversal signal for CZR
2025-04-15 18:10:01 - INFO - [check_vwap_diff_signal] [CZR] Close: 25.39 | Low: 25.35 | High: 25.43 | VWAP: 25.469427474920572
2025-04-15 18:10:01 - DEBUG - [check_vwap_diff_signal] [CZR] [CZR] Last Candela: VWAP-Low=0.47%, High-VWAP=-0.15%
2025-04-15 18:10:01 - DEBUG - [check_vwap_diff_signal] [CZR] No VWAP signal detected
2025-04-15 18:10:01 - DEBUG - [_run_single_trading_iteration] [CZR] 🔍 Signal for CZR: None
2025-04-15 18:10:01 - INFO - [_run_single_trading_iteration] [CZR] ℹ️ No valid signal for CZR
2025-04-15 18:10:01 - INFO - [get_stock_data] [MTCH] Requesting data for MTCH
2025-04-15 18:10:01 - INFO - [get_stock_data] [MTCH] Data received for MTCH: 98 rows
2025-04-15 18:10:01 - INFO - [check_vwap_diff_signal] [MTCH] Analyzing VWAP reversal signal for MTCH
2025-04-15 18:10:01 - INFO - [check_vwap_diff_signal] [MTCH] Close: 29.05 | Low: 29.01 | High: 29.09 | VWAP: 28.922539791667234
2025-04-15 18:10:01 - DEBUG - [check_vwap_diff_signal] [MTCH] [MTCH] Last Candela: VWAP-Low=-0.30%, High-VWAP=0.58%
2025-04-15 18:10:01 - DEBUG - [check_vwap_diff_signal] [MTCH] No VWAP signal detected
2025-04-15 18:10:01 - DEBUG - [_run_single_trading_iteration] [MTCH] 🔍 Signal for MTCH: None
2025-04-15 18:10:01 - INFO - [_run_single_trading_iteration] [MTCH] ℹ️ No valid signal for MTCH
2025-04-15 18:10:01 - DEBUG - [_run_single_trading_iteration] [MRNA] 🚫 Trade not allowed for MRNA (limit reached)
2025-04-15 18:10:01 - INFO - [get_stock_data] [NCHL] Requesting data for NCHL
2025-04-15 18:10:02 - ERROR - [get_stock_data] [NCHL] Error retrieving data: 'NoneType' object has no attribute 'empty'
2025-04-15 18:10:02 - DEBUG - [_run_single_trading_iteration] [WBD] 🚫 Trade not allowed for WBD (limit reached)
2025-04-15 18:10:02 - INFO - [get_stock_data] [CMCSA] Requesting data for CMCSA
2025-04-15 18:10:02 - INFO - [get_stock_data] [CMCSA] Data received for CMCSA: 98 rows
2025-04-15 18:10:02 - INFO - [check_vwap_diff_signal] [CMCSA] Analyzing VWAP reversal signal for CMCSA
2025-04-15 18:10:02 - INFO - [check_vwap_diff_signal] [CMCSA] Close: 34.58 | Low: 34.57 | High: 34.65 | VWAP: 34.55565131307154
2025-04-15 18:10:02 - DEBUG - [check_vwap_diff_signal] [CMCSA] [CMCSA] Last Candela: VWAP-Low=-0.04%, High-VWAP=0.27%
2025-04-15 18:10:02 - DEBUG - [check_vwap_diff_signal] [CMCSA] No VWAP signal detected
2025-04-15 18:10:02 - DEBUG - [_run_single_trading_iteration] [CMCSA] 🔍 Signal for CMCSA: None
2025-04-15 18:10:02 - INFO - [_run_single_trading_iteration] [CMCSA] ℹ️ No valid signal for CMCSA
2025-04-15 18:10:02 - INFO - [_run_strategy_if_applicable] [N/A] ⏰ Strategy 'SMA_Cross_candle' not executed because it's outside the time window: 16:35:00 - 16:50:00
2025-04-15 18:10:02 - INFO - [_run_strategy_if_applicable] [N/A] 🔄 Starting trading loop for strategy: VWAP_diff_signal_rsi_1700
2025-04-15 18:10:02 - INFO - [get_stock_data] [IVZ] Requesting data for IVZ
2025-04-15 18:10:03 - INFO - [get_stock_data] [IVZ] Data received for IVZ: 98 rows
2025-04-15 18:10:03 - INFO - [check_vwap_diff_signal_with_rsi] [IVZ] Analyzing VWAP reversal signal for IVZ
2025-04-15 18:10:03 - INFO - [check_vwap_diff_signal_with_rsi] [IVZ] Close: 13.25 | Low: 13.21 | High: 13.27 | VWAP: 13.163309511438895 | RSI: 62.31
2025-04-15 18:10:03 - DEBUG - [check_vwap_diff_signal_with_rsi] [IVZ] [IVZ] Last Candela: VWAP-Low=-0.35%, High-VWAP=0.81%
2025-04-15 18:10:03 - DEBUG - [check_vwap_diff_signal_with_rsi] [IVZ] No VWAP+RSI signal detected
2025-04-15 18:10:03 - DEBUG - [_run_single_trading_iteration] [IVZ] 🔍 Signal for IVZ: None
2025-04-15 18:10:03 - INFO - [_run_single_trading_iteration] [IVZ] ℹ️ No valid signal for IVZ
2025-04-15 18:10:03 - INFO - [get_stock_data] [FCX] Requesting data for FCX
2025-04-15 18:10:03 - INFO - [get_stock_data] [FCX] Data received for FCX: 98 rows
2025-04-15 18:10:03 - INFO - [check_vwap_diff_signal_with_rsi] [FCX] Analyzing VWAP reversal signal for FCX
2025-04-15 18:10:03 - INFO - [check_vwap_diff_signal_with_rsi] [FCX] Close: 33.63 | Low: 33.58 | High: 33.68 | VWAP: 33.49387768165765 | RSI: 50.69
2025-04-15 18:10:03 - DEBUG - [check_vwap_diff_signal_with_rsi] [FCX] [FCX] Last Candela: VWAP-Low=-0.26%, High-VWAP=0.56%
2025-04-15 18:10:03 - DEBUG - [check_vwap_diff_signal_with_rsi] [FCX] No VWAP+RSI signal detected
2025-04-15 18:10:03 - DEBUG - [_run_single_trading_iteration] [FCX] 🔍 Signal for FCX: None
2025-04-15 18:10:03 - INFO - [_run_single_trading_iteration] [FCX] ℹ️ No valid signal for FCX
2025-04-15 18:10:03 - INFO - [get_stock_data] [HST] Requesting data for HST
2025-04-15 18:10:04 - INFO - [get_stock_data] [HST] Data received for HST: 98 rows
2025-04-15 18:10:04 - INFO - [check_vwap_diff_signal_with_rsi] [HST] Analyzing VWAP reversal signal for HST
2025-04-15 18:10:04 - INFO - [check_vwap_diff_signal_with_rsi] [HST] Close: 13.7 | Low: 13.69 | High: 13.73 | VWAP: 13.75891339318744 | RSI: 45.78
2025-04-15 18:10:04 - DEBUG - [check_vwap_diff_signal_with_rsi] [HST] [HST] Last Candela: VWAP-Low=0.50%, High-VWAP=-0.21%
2025-04-15 18:10:04 - DEBUG - [check_vwap_diff_signal_with_rsi] [HST] No VWAP+RSI signal detected
2025-04-15 18:10:04 - DEBUG - [_run_single_trading_iteration] [HST] 🔍 Signal for HST: None
2025-04-15 18:10:04 - INFO - [_run_single_trading_iteration] [HST] ℹ️ No valid signal for HST
2025-04-15 18:10:04 - INFO - [get_stock_data] [IVZ] Requesting data for IVZ
2025-04-15 18:10:04 - INFO - [get_stock_data] [IVZ] Data received for IVZ: 98 rows
2025-04-15 18:10:04 - INFO - [check_vwap_diff_signal_with_rsi] [IVZ] Analyzing VWAP reversal signal for IVZ
2025-04-15 18:10:04 - INFO - [check_vwap_diff_signal_with_rsi] [IVZ] Close: 13.25 | Low: 13.21 | High: 13.27 | VWAP: 13.163309511438895 | RSI: 62.31
2025-04-15 18:10:04 - DEBUG - [check_vwap_diff_signal_with_rsi] [IVZ] [IVZ] Last Candela: VWAP-Low=-0.35%, High-VWAP=0.81%
2025-04-15 18:10:04 - DEBUG - [check_vwap_diff_signal_with_rsi] [IVZ] No VWAP+RSI signal detected
2025-04-15 18:10:04 - DEBUG - [_run_single_trading_iteration] [IVZ] 🔍 Signal for IVZ: None
2025-04-15 18:10:04 - INFO - [_run_single_trading_iteration] [IVZ] ℹ️ No valid signal for IVZ
2025-04-15 18:10:04 - INFO - [get_stock_data] [NEM] Requesting data for NEM
2025-04-15 18:10:05 - INFO - [get_stock_data] [NEM] Data received for NEM: 98 rows
2025-04-15 18:10:05 - INFO - [check_vwap_diff_signal_with_rsi] [NEM] Analyzing VWAP reversal signal for NEM
2025-04-15 18:10:05 - INFO - [check_vwap_diff_signal_with_rsi] [NEM] Close: 54.64 | Low: 54.6 | High: 54.77 | VWAP: 54.51229236040784 | RSI: 48.22
2025-04-15 18:10:05 - DEBUG - [check_vwap_diff_signal_with_rsi] [NEM] [NEM] Last Candela: VWAP-Low=-0.16%, High-VWAP=0.47%
2025-04-15 18:10:05 - DEBUG - [check_vwap_diff_signal_with_rsi] [NEM] No VWAP+RSI signal detected
2025-04-15 18:10:05 - DEBUG - [_run_single_trading_iteration] [NEM] 🔍 Signal for NEM: None
2025-04-15 18:10:05 - INFO - [_run_single_trading_iteration] [NEM] ℹ️ No valid signal for NEM
2025-04-15 18:10:05 - INFO - [get_stock_data] [LUV] Requesting data for LUV
2025-04-15 18:10:06 - INFO - [get_stock_data] [LUV] Data received for LUV: 99 rows
2025-04-15 18:10:06 - INFO - [check_vwap_diff_signal_with_rsi] [LUV] Analyzing VWAP reversal signal for LUV
2025-04-15 18:10:06 - INFO - [check_vwap_diff_signal_with_rsi] [LUV] Close: 26.23 | Low: 26.23 | High: 26.23 | VWAP: 26.3274174136719 | RSI: 54.79
2025-04-15 18:10:06 - DEBUG - [check_vwap_diff_signal_with_rsi] [LUV] [LUV] Last Candela: VWAP-Low=0.37%, High-VWAP=-0.37%
2025-04-15 18:10:06 - DEBUG - [check_vwap_diff_signal_with_rsi] [LUV] No VWAP+RSI signal detected
2025-04-15 18:10:06 - DEBUG - [_run_single_trading_iteration] [LUV] 🔍 Signal for LUV: None
2025-04-15 18:10:06 - INFO - [_run_single_trading_iteration] [LUV] ℹ️ No valid signal for LUV
2025-04-15 18:10:06 - INFO - [_run_strategy_if_applicable] [N/A] ⏰ Strategy 'EMA_Cross_ema50' not executed because it's outside the time window: 16:35:00 - 16:50:00
2025-04-15 18:10:06 - INFO - [_run_strategy_if_applicable] [N/A] ⏰ Strategy 'SMA_Cross_sma50' not executed because it's outside the time window: 16:35:00 - 16:50:00
2025-04-15 18:10:06 - INFO - [trading_loop] [N/A] 📊 Updating SL/TP for active orders
2025-04-15 18:10:07 - INFO - [_wait_until_next_iteration] [N/A] ⏳ Sleeping for 52.86 seconds before the next cycle
2025-04-15 18:11:00 - DEBUG - [trading_loop] [N/A] ⏱ Skipping EMA_Cross_candle, not yet time (every 5m)
2025-04-15 18:11:00 - DEBUG - [trading_loop] [N/A] ⏱ Skipping VWAP_diff_signal_1700, not yet time (every 5m)
2025-04-15 18:11:00 - DEBUG - [trading_loop] [N/A] ⏱ Skipping SMA_Cross_candle, not yet time (every 5m)
2025-04-15 18:11:00 - DEBUG - [trading_loop] [N/A] ⏱ Skipping VWAP_diff_signal_rsi_1700, not yet time (every 5m)
2025-04-15 18:11:00 - DEBUG - [trading_loop] [N/A] ⏱ Skipping EMA_Cross_ema50, not yet time (every 5m)
2025-04-15 18:11:00 - DEBUG - [trading_loop] [N/A] ⏱ Skipping SMA_Cross_sma50, not yet time (every 5m)
2025-04-15 18:11:00 - INFO - [trading_loop] [N/A] 📊 Updating SL/TP for active orders
2025-04-15 18:11:01 - INFO - [_wait_until_next_iteration] [N/A] ⏳ Sleeping for 58.93 seconds before the next cycle
2025-04-15 18:12:00 - DEBUG - [trading_loop] [N/A] ⏱ Skipping EMA_Cross_candle, not yet time (every 5m)
2025-04-15 18:12:00 - DEBUG - [trading_loop] [N/A] ⏱ Skipping VWAP_diff_signal_1700, not yet time (every 5m)
2025-04-15 18:12:00 - DEBUG - [trading_loop] [N/A] ⏱ Skipping SMA_Cross_candle, not yet time (every 5m)
2025-04-15 18:12:00 - DEBUG - [trading_loop] [N/A] ⏱ Skipping VWAP_diff_signal_rsi_1700, not yet time (every 5m)
2025-04-15 18:12:00 - DEBUG - [trading_loop] [N/A] ⏱ Skipping EMA_Cross_ema50, not yet time (every 5m)
2025-04-15 18:12:00 - DEBUG - [trading_loop] [N/A] ⏱ Skipping SMA_Cross_sma50, not yet time (every 5m)
2025-04-15 18:12:00 - INFO - [trading_loop] [N/A] 📊 Updating SL/TP for active orders
2025-04-15 18:12:01 - INFO - [_wait_until_next_iteration] [N/A] ⏳ Sleeping for 58.94 seconds before the next cycle
2025-04-15 18:13:00 - DEBUG - [trading_loop] [N/A] ⏱ Skipping EMA_Cross_candle, not yet time (every 5m)
2025-04-15 18:13:00 - DEBUG - [trading_loop] [N/A] ⏱ Skipping VWAP_diff_signal_1700, not yet time (every 5m)
2025-04-15 18:13:00 - DEBUG - [trading_loop] [N/A] ⏱ Skipping SMA_Cross_candle, not yet time (every 5m)
2025-04-15 18:13:00 - DEBUG - [trading_loop] [N/A] ⏱ Skipping VWAP_diff_signal_rsi_1700, not yet time (every 5m)
2025-04-15 18:13:00 - DEBUG - [trading_loop] [N/A] ⏱ Skipping EMA_Cross_ema50, not yet time (every 5m)
2025-04-15 18:13:00 - DEBUG - [trading_loop] [N/A] ⏱ Skipping SMA_Cross_sma50, not yet time (every 5m)
2025-04-15 18:13:00 - INFO - [trading_loop] [N/A] 📊 Updating SL/TP for active orders
2025-04-15 18:13:01 - INFO - [_wait_until_next_iteration] [N/A] ⏳ Sleeping for 58.93 seconds before the next cycle
2025-04-15 18:14:00 - DEBUG - [trading_loop] [N/A] ⏱ Skipping EMA_Cross_candle, not yet time (every 5m)
2025-04-15 18:14:00 - DEBUG - [trading_loop] [N/A] ⏱ Skipping VWAP_diff_signal_1700, not yet time (every 5m)
2025-04-15 18:14:00 - DEBUG - [trading_loop] [N/A] ⏱ Skipping SMA_Cross_candle, not yet time (every 5m)
2025-04-15 18:14:00 - DEBUG - [trading_loop] [N/A] ⏱ Skipping VWAP_diff_signal_rsi_1700, not yet time (every 5m)
2025-04-15 18:14:00 - DEBUG - [trading_loop] [N/A] ⏱ Skipping EMA_Cross_ema50, not yet time (every 5m)
2025-04-15 18:14:00 - DEBUG - [trading_loop] [N/A] ⏱ Skipping SMA_Cross_sma50, not yet time (every 5m)
2025-04-15 18:14:00 - INFO - [trading_loop] [N/A] 📊 Updating SL/TP for active orders
2025-04-15 18:14:01 - INFO - [_wait_until_next_iteration] [N/A] ⏳ Sleeping for 58.93 seconds before the next cycle
2025-04-15 18:15:00 - INFO - [_run_strategy_if_applicable] [N/A] ⏰ Strategy 'EMA_Cross_candle' not executed because it's outside the time window: 16:35:00 - 16:50:00
2025-04-15 18:15:00 - INFO - [_run_strategy_if_applicable] [N/A] 🔄 Starting trading loop for strategy: VWAP_diff_signal_1700
2025-04-15 18:15:00 - INFO - [get_stock_data] [HBAN] Requesting data for HBAN
2025-04-15 18:15:00 - INFO - [get_stock_data] [HBAN] Data received for HBAN: 99 rows
2025-04-15 18:15:00 - INFO - [check_vwap_diff_signal] [HBAN] Analyzing VWAP reversal signal for HBAN
2025-04-15 18:15:00 - INFO - [check_vwap_diff_signal] [HBAN] Close: 13.56 | Low: 13.52 | High: 13.57 | VWAP: 13.512268914869805
2025-04-15 18:15:00 - DEBUG - [check_vwap_diff_signal] [HBAN] [HBAN] Last Candela: VWAP-Low=-0.06%, High-VWAP=0.43%
2025-04-15 18:15:00 - DEBUG - [check_vwap_diff_signal] [HBAN] No VWAP signal detected
2025-04-15 18:15:00 - DEBUG - [_run_single_trading_iteration] [HBAN] 🔍 Signal for HBAN: None
2025-04-15 18:15:00 - INFO - [_run_single_trading_iteration] [HBAN] ℹ️ No valid signal for HBAN
2025-04-15 18:15:00 - INFO - [get_stock_data] [CZR] Requesting data for CZR
2025-04-15 18:15:01 - INFO - [get_stock_data] [CZR] Data received for CZR: 99 rows
2025-04-15 18:15:01 - INFO - [check_vwap_diff_signal] [CZR] Analyzing VWAP reversal signal for CZR
2025-04-15 18:15:01 - INFO - [check_vwap_diff_signal] [CZR] Close: 25.48 | Low: 25.39 | High: 25.49 | VWAP: 25.46972496703907
2025-04-15 18:15:01 - DEBUG - [check_vwap_diff_signal] [CZR] [CZR] Last Candela: VWAP-Low=0.31%, High-VWAP=0.08%
2025-04-15 18:15:01 - DEBUG - [check_vwap_diff_signal] [CZR] No VWAP signal detected
2025-04-15 18:15:01 - DEBUG - [_run_single_trading_iteration] [CZR] 🔍 Signal for CZR: None
2025-04-15 18:15:01 - INFO - [_run_single_trading_iteration] [CZR] ℹ️ No valid signal for CZR
2025-04-15 18:15:01 - INFO - [get_stock_data] [MTCH] Requesting data for MTCH
2025-04-15 18:15:01 - INFO - [get_stock_data] [MTCH] Data received for MTCH: 99 rows
2025-04-15 18:15:01 - INFO - [check_vwap_diff_signal] [MTCH] Analyzing VWAP reversal signal for MTCH
2025-04-15 18:15:01 - INFO - [check_vwap_diff_signal] [MTCH] Close: 29.13 | Low: 29.05 | High: 29.13 | VWAP: 28.926884840130974
2025-04-15 18:15:01 - DEBUG - [check_vwap_diff_signal] [MTCH] [MTCH] Last Candela: VWAP-Low=-0.43%, High-VWAP=0.70%
2025-04-15 18:15:01 - DEBUG - [check_vwap_diff_signal] [MTCH] No VWAP signal detected
2025-04-15 18:15:01 - DEBUG - [_run_single_trading_iteration] [MTCH] 🔍 Signal for MTCH: None
2025-04-15 18:15:01 - INFO - [_run_single_trading_iteration] [MTCH] ℹ️ No valid signal for MTCH
2025-04-15 18:15:01 - DEBUG - [_run_single_trading_iteration] [MRNA] 🚫 Trade not allowed for MRNA (limit reached)
2025-04-15 18:15:01 - INFO - [get_stock_data] [NCHL] Requesting data for NCHL
2025-04-15 18:15:01 - ERROR - [get_stock_data] [NCHL] Error retrieving data: 'NoneType' object has no attribute 'empty'
2025-04-15 18:15:01 - DEBUG - [_run_single_trading_iteration] [WBD] 🚫 Trade not allowed for WBD (limit reached)
2025-04-15 18:15:01 - INFO - [get_stock_data] [CMCSA] Requesting data for CMCSA
2025-04-15 18:15:02 - INFO - [get_stock_data] [CMCSA] Data received for CMCSA: 99 rows
2025-04-15 18:15:02 - INFO - [check_vwap_diff_signal] [CMCSA] Analyzing VWAP reversal signal for CMCSA
2025-04-15 18:15:02 - INFO - [check_vwap_diff_signal] [CMCSA] Close: 34.64 | Low: 34.57 | High: 34.65 | VWAP: 34.557460909909594
2025-04-15 18:15:02 - DEBUG - [check_vwap_diff_signal] [CMCSA] [CMCSA] Last Candela: VWAP-Low=-0.04%, High-VWAP=0.27%
2025-04-15 18:15:02 - DEBUG - [check_vwap_diff_signal] [CMCSA] No VWAP signal detected
2025-04-15 18:15:02 - DEBUG - [_run_single_trading_iteration] [CMCSA] 🔍 Signal for CMCSA: None
2025-04-15 18:15:02 - INFO - [_run_single_trading_iteration] [CMCSA] ℹ️ No valid signal for CMCSA
2025-04-15 18:15:02 - INFO - [_run_strategy_if_applicable] [N/A] ⏰ Strategy 'SMA_Cross_candle' not executed because it's outside the time window: 16:35:00 - 16:50:00
2025-04-15 18:15:02 - INFO - [_run_strategy_if_applicable] [N/A] 🔄 Starting trading loop for strategy: VWAP_diff_signal_rsi_1700
2025-04-15 18:15:02 - INFO - [get_stock_data] [IVZ] Requesting data for IVZ
2025-04-15 18:15:03 - INFO - [get_stock_data] [IVZ] Data received for IVZ: 99 rows
2025-04-15 18:15:03 - INFO - [check_vwap_diff_signal_with_rsi] [IVZ] Analyzing VWAP reversal signal for IVZ
2025-04-15 18:15:03 - INFO - [check_vwap_diff_signal_with_rsi] [IVZ] Close: 13.25 | Low: 13.22 | High: 13.27 | VWAP: 13.165179687145399 | RSI: 62.31
2025-04-15 18:15:03 - DEBUG - [check_vwap_diff_signal_with_rsi] [IVZ] [IVZ] Last Candela: VWAP-Low=-0.42%, High-VWAP=0.80%
2025-04-15 18:15:03 - DEBUG - [check_vwap_diff_signal_with_rsi] [IVZ] No VWAP+RSI signal detected
2025-04-15 18:15:03 - DEBUG - [_run_single_trading_iteration] [IVZ] 🔍 Signal for IVZ: None
2025-04-15 18:15:03 - INFO - [_run_single_trading_iteration] [IVZ] ℹ️ No valid signal for IVZ
2025-04-15 18:15:03 - INFO - [get_stock_data] [FCX] Requesting data for FCX
2025-04-15 18:15:03 - INFO - [get_stock_data] [FCX] Data received for FCX: 99 rows
2025-04-15 18:15:03 - INFO - [check_vwap_diff_signal_with_rsi] [FCX] Analyzing VWAP reversal signal for FCX
2025-04-15 18:15:03 - INFO - [check_vwap_diff_signal_with_rsi] [FCX] Close: 33.65 | Low: 33.58 | High: 33.67 | VWAP: 33.4974658111893 | RSI: 51.64
2025-04-15 18:15:03 - DEBUG - [check_vwap_diff_signal_with_rsi] [FCX] [FCX] Last Candela: VWAP-Low=-0.25%, High-VWAP=0.52%
2025-04-15 18:15:03 - DEBUG - [check_vwap_diff_signal_with_rsi] [FCX] No VWAP+RSI signal detected
2025-04-15 18:15:03 - DEBUG - [_run_single_trading_iteration] [FCX] 🔍 Signal for FCX: None
2025-04-15 18:15:03 - INFO - [_run_single_trading_iteration] [FCX] ℹ️ No valid signal for FCX
2025-04-15 18:15:03 - INFO - [get_stock_data] [HST] Requesting data for HST
2025-04-15 18:15:04 - INFO - [get_stock_data] [HST] Data received for HST: 99 rows
2025-04-15 18:15:04 - INFO - [check_vwap_diff_signal_with_rsi] [HST] Analyzing VWAP reversal signal for HST
2025-04-15 18:15:04 - INFO - [check_vwap_diff_signal_with_rsi] [HST] Close: 13.71 | Low: 13.67 | High: 13.71 | VWAP: 13.757663660928168 | RSI: 47.11
2025-04-15 18:15:04 - DEBUG - [check_vwap_diff_signal_with_rsi] [HST] [HST] Last Candela: VWAP-Low=0.64%, High-VWAP=-0.35%
2025-04-15 18:15:04 - DEBUG - [check_vwap_diff_signal_with_rsi] [HST] No VWAP+RSI signal detected
2025-04-15 18:15:04 - DEBUG - [_run_single_trading_iteration] [HST] 🔍 Signal for HST: None
2025-04-15 18:15:04 - INFO - [_run_single_trading_iteration] [HST] ℹ️ No valid signal for HST
2025-04-15 18:15:04 - INFO - [get_stock_data] [IVZ] Requesting data for IVZ
2025-04-15 18:15:04 - INFO - [get_stock_data] [IVZ] Data received for IVZ: 99 rows
2025-04-15 18:15:04 - INFO - [check_vwap_diff_signal_with_rsi] [IVZ] Analyzing VWAP reversal signal for IVZ
2025-04-15 18:15:04 - INFO - [check_vwap_diff_signal_with_rsi] [IVZ] Close: 13.25 | Low: 13.22 | High: 13.27 | VWAP: 13.165179687145399 | RSI: 62.31
2025-04-15 18:15:04 - DEBUG - [check_vwap_diff_signal_with_rsi] [IVZ] [IVZ] Last Candela: VWAP-Low=-0.42%, High-VWAP=0.80%
2025-04-15 18:15:04 - DEBUG - [check_vwap_diff_signal_with_rsi] [IVZ] No VWAP+RSI signal detected
2025-04-15 18:15:04 - DEBUG - [_run_single_trading_iteration] [IVZ] 🔍 Signal for IVZ: None
2025-04-15 18:15:04 - INFO - [_run_single_trading_iteration] [IVZ] ℹ️ No valid signal for IVZ
2025-04-15 18:15:04 - INFO - [get_stock_data] [NEM] Requesting data for NEM
2025-04-15 18:15:05 - INFO - [get_stock_data] [NEM] Data received for NEM: 99 rows
2025-04-15 18:15:05 - INFO - [check_vwap_diff_signal_with_rsi] [NEM] Analyzing VWAP reversal signal for NEM
2025-04-15 18:15:05 - INFO - [check_vwap_diff_signal_with_rsi] [NEM] Close: 54.71 | Low: 54.59 | High: 54.72 | VWAP: 54.516364497889676 | RSI: 50.68
2025-04-15 18:15:05 - DEBUG - [check_vwap_diff_signal_with_rsi] [NEM] [NEM] Last Candela: VWAP-Low=-0.14%, High-VWAP=0.37%
2025-04-15 18:15:05 - DEBUG - [check_vwap_diff_signal_with_rsi] [NEM] No VWAP+RSI signal detected
2025-04-15 18:15:05 - DEBUG - [_run_single_trading_iteration] [NEM] 🔍 Signal for NEM: None
2025-04-15 18:15:05 - INFO - [_run_single_trading_iteration] [NEM] ℹ️ No valid signal for NEM
2025-04-15 18:15:05 - INFO - [get_stock_data] [LUV] Requesting data for LUV
2025-04-15 18:15:05 - INFO - [get_stock_data] [LUV] Data received for LUV: 100 rows
2025-04-15 18:15:05 - INFO - [check_vwap_diff_signal_with_rsi] [LUV] Analyzing VWAP reversal signal for LUV
2025-04-15 18:15:05 - INFO - [check_vwap_diff_signal_with_rsi] [LUV] Close: 26.3 | Low: 26.28 | High: 26.3 | VWAP: 26.326649286015243 | RSI: 58.23
2025-04-15 18:15:05 - DEBUG - [check_vwap_diff_signal_with_rsi] [LUV] [LUV] Last Candela: VWAP-Low=0.18%, High-VWAP=-0.10%
2025-04-15 18:15:05 - DEBUG - [check_vwap_diff_signal_with_rsi] [LUV] No VWAP+RSI signal detected
2025-04-15 18:15:05 - DEBUG - [_run_single_trading_iteration] [LUV] 🔍 Signal for LUV: None
2025-04-15 18:15:05 - INFO - [_run_single_trading_iteration] [LUV] ℹ️ No valid signal for LUV
2025-04-15 18:15:05 - INFO - [_run_strategy_if_applicable] [N/A] ⏰ Strategy 'EMA_Cross_ema50' not executed because it's outside the time window: 16:35:00 - 16:50:00
2025-04-15 18:15:05 - INFO - [_run_strategy_if_applicable] [N/A] ⏰ Strategy 'SMA_Cross_sma50' not executed because it's outside the time window: 16:35:00 - 16:50:00
2025-04-15 18:15:05 - INFO - [trading_loop] [N/A] 📊 Updating SL/TP for active orders
2025-04-15 18:15:06 - INFO - [_wait_until_next_iteration] [N/A] ⏳ Sleeping for 53.07 seconds before the next cycle
2025-04-15 18:16:00 - DEBUG - [trading_loop] [N/A] ⏱ Skipping EMA_Cross_candle, not yet time (every 5m)
2025-04-15 18:16:00 - DEBUG - [trading_loop] [N/A] ⏱ Skipping VWAP_diff_signal_1700, not yet time (every 5m)
2025-04-15 18:16:00 - DEBUG - [trading_loop] [N/A] ⏱ Skipping SMA_Cross_candle, not yet time (every 5m)
2025-04-15 18:16:00 - DEBUG - [trading_loop] [N/A] ⏱ Skipping VWAP_diff_signal_rsi_1700, not yet time (every 5m)
2025-04-15 18:16:00 - DEBUG - [trading_loop] [N/A] ⏱ Skipping EMA_Cross_ema50, not yet time (every 5m)
2025-04-15 18:16:00 - DEBUG - [trading_loop] [N/A] ⏱ Skipping SMA_Cross_sma50, not yet time (every 5m)
2025-04-15 18:16:00 - INFO - [trading_loop] [N/A] 📊 Updating SL/TP for active orders
2025-04-15 18:16:01 - INFO - [_wait_until_next_iteration] [N/A] ⏳ Sleeping for 58.94 seconds before the next cycle
2025-04-15 18:17:00 - DEBUG - [trading_loop] [N/A] ⏱ Skipping EMA_Cross_candle, not yet time (every 5m)
2025-04-15 18:17:00 - DEBUG - [trading_loop] [N/A] ⏱ Skipping VWAP_diff_signal_1700, not yet time (every 5m)
2025-04-15 18:17:00 - DEBUG - [trading_loop] [N/A] ⏱ Skipping SMA_Cross_candle, not yet time (every 5m)
2025-04-15 18:17:00 - DEBUG - [trading_loop] [N/A] ⏱ Skipping VWAP_diff_signal_rsi_1700, not yet time (every 5m)
2025-04-15 18:17:00 - DEBUG - [trading_loop] [N/A] ⏱ Skipping EMA_Cross_ema50, not yet time (every 5m)
2025-04-15 18:17:00 - DEBUG - [trading_loop] [N/A] ⏱ Skipping SMA_Cross_sma50, not yet time (every 5m)
2025-04-15 18:17:00 - INFO - [trading_loop] [N/A] 📊 Updating SL/TP for active orders
2025-04-15 18:17:01 - INFO - [_wait_until_next_iteration] [N/A] ⏳ Sleeping for 58.93 seconds before the next cycle
2025-04-15 18:18:00 - DEBUG - [trading_loop] [N/A] ⏱ Skipping EMA_Cross_candle, not yet time (every 5m)
2025-04-15 18:18:00 - DEBUG - [trading_loop] [N/A] ⏱ Skipping VWAP_diff_signal_1700, not yet time (every 5m)
2025-04-15 18:18:00 - DEBUG - [trading_loop] [N/A] ⏱ Skipping SMA_Cross_candle, not yet time (every 5m)
2025-04-15 18:18:00 - DEBUG - [trading_loop] [N/A] ⏱ Skipping VWAP_diff_signal_rsi_1700, not yet time (every 5m)
2025-04-15 18:18:00 - DEBUG - [trading_loop] [N/A] ⏱ Skipping EMA_Cross_ema50, not yet time (every 5m)
2025-04-15 18:18:00 - DEBUG - [trading_loop] [N/A] ⏱ Skipping SMA_Cross_sma50, not yet time (every 5m)
2025-04-15 18:18:00 - INFO - [trading_loop] [N/A] 📊 Updating SL/TP for active orders
2025-04-15 18:18:01 - INFO - [_wait_until_next_iteration] [N/A] ⏳ Sleeping for 58.93 seconds before the next cycle
2025-04-15 18:19:00 - DEBUG - [trading_loop] [N/A] ⏱ Skipping EMA_Cross_candle, not yet time (every 5m)
2025-04-15 18:19:00 - DEBUG - [trading_loop] [N/A] ⏱ Skipping VWAP_diff_signal_1700, not yet time (every 5m)
2025-04-15 18:19:00 - DEBUG - [trading_loop] [N/A] ⏱ Skipping SMA_Cross_candle, not yet time (every 5m)
2025-04-15 18:19:00 - DEBUG - [trading_loop] [N/A] ⏱ Skipping VWAP_diff_signal_rsi_1700, not yet time (every 5m)
2025-04-15 18:19:00 - DEBUG - [trading_loop] [N/A] ⏱ Skipping EMA_Cross_ema50, not yet time (every 5m)
2025-04-15 18:19:00 - DEBUG - [trading_loop] [N/A] ⏱ Skipping SMA_Cross_sma50, not yet time (every 5m)
2025-04-15 18:19:00 - INFO - [trading_loop] [N/A] 📊 Updating SL/TP for active orders
2025-04-15 18:19:01 - INFO - [_wait_until_next_iteration] [N/A] ⏳ Sleeping for 58.95 seconds before the next cycle
2025-04-15 18:20:00 - INFO - [_run_strategy_if_applicable] [N/A] ⏰ Strategy 'EMA_Cross_candle' not executed because it's outside the time window: 16:35:00 - 16:50:00
2025-04-15 18:20:00 - INFO - [_run_strategy_if_applicable] [N/A] 🔄 Starting trading loop for strategy: VWAP_diff_signal_1700
2025-04-15 18:20:00 - INFO - [get_stock_data] [HBAN] Requesting data for HBAN
2025-04-15 18:20:00 - INFO - [get_stock_data] [HBAN] Data received for HBAN: 100 rows
2025-04-15 18:20:00 - INFO - [check_vwap_diff_signal] [HBAN] Analyzing VWAP reversal signal for HBAN
2025-04-15 18:20:00 - INFO - [check_vwap_diff_signal] [HBAN] Close: 13.54 | Low: 13.54 | High: 13.57 | VWAP: 13.512767811438993
2025-04-15 18:20:00 - DEBUG - [check_vwap_diff_signal] [HBAN] [HBAN] Last Candela: VWAP-Low=-0.20%, High-VWAP=0.42%
2025-04-15 18:20:00 - DEBUG - [check_vwap_diff_signal] [HBAN] No VWAP signal detected
2025-04-15 18:20:00 - DEBUG - [_run_single_trading_iteration] [HBAN] 🔍 Signal for HBAN: None
2025-04-15 18:20:00 - INFO - [_run_single_trading_iteration] [HBAN] ℹ️ No valid signal for HBAN
2025-04-15 18:20:00 - INFO - [get_stock_data] [CZR] Requesting data for CZR
2025-04-15 18:20:01 - INFO - [get_stock_data] [CZR] Data received for CZR: 100 rows
2025-04-15 18:20:01 - INFO - [check_vwap_diff_signal] [CZR] Analyzing VWAP reversal signal for CZR
2025-04-15 18:20:01 - INFO - [check_vwap_diff_signal] [CZR] Close: 25.5 | Low: 25.47 | High: 25.55 | VWAP: 25.47128769656507
2025-04-15 18:20:01 - DEBUG - [check_vwap_diff_signal] [CZR] [CZR] Last Candela: VWAP-Low=0.01%, High-VWAP=0.31%
2025-04-15 18:20:01 - DEBUG - [check_vwap_diff_signal] [CZR] No VWAP signal detected
2025-04-15 18:20:01 - DEBUG - [_run_single_trading_iteration] [CZR] 🔍 Signal for CZR: None
2025-04-15 18:20:01 - INFO - [_run_single_trading_iteration] [CZR] ℹ️ No valid signal for CZR
2025-04-15 18:20:01 - INFO - [get_stock_data] [MTCH] Requesting data for MTCH
2025-04-15 18:20:01 - INFO - [get_stock_data] [MTCH] Data received for MTCH: 100 rows
2025-04-15 18:20:01 - INFO - [check_vwap_diff_signal] [MTCH] Analyzing VWAP reversal signal for MTCH
2025-04-15 18:20:01 - INFO - [check_vwap_diff_signal] [MTCH] Close: 29.11 | Low: 29.11 | High: 29.17 | VWAP: 28.931877908554018
2025-04-15 18:20:01 - DEBUG - [check_vwap_diff_signal] [MTCH] [MTCH] Last Candela: VWAP-Low=-0.62%, High-VWAP=0.82%
2025-04-15 18:20:01 - DEBUG - [check_vwap_diff_signal] [MTCH] No VWAP signal detected
2025-04-15 18:20:01 - DEBUG - [_run_single_trading_iteration] [MTCH] 🔍 Signal for MTCH: None
2025-04-15 18:20:01 - INFO - [_run_single_trading_iteration] [MTCH] ℹ️ No valid signal for MTCH
2025-04-15 18:20:01 - DEBUG - [_run_single_trading_iteration] [MRNA] 🚫 Trade not allowed for MRNA (limit reached)
2025-04-15 18:20:01 - INFO - [get_stock_data] [NCHL] Requesting data for NCHL
2025-04-15 18:20:02 - ERROR - [get_stock_data] [NCHL] Error retrieving data: 'NoneType' object has no attribute 'empty'
2025-04-15 18:20:02 - DEBUG - [_run_single_trading_iteration] [WBD] 🚫 Trade not allowed for WBD (limit reached)
2025-04-15 18:20:02 - INFO - [get_stock_data] [CMCSA] Requesting data for CMCSA
2025-04-15 18:20:02 - INFO - [get_stock_data] [CMCSA] Data received for CMCSA: 100 rows
2025-04-15 18:20:02 - INFO - [check_vwap_diff_signal] [CMCSA] Analyzing VWAP reversal signal for CMCSA
2025-04-15 18:20:02 - INFO - [check_vwap_diff_signal] [CMCSA] Close: 34.65 | Low: 34.64 | High: 34.69 | VWAP: 34.55963918904961
2025-04-15 18:20:02 - DEBUG - [check_vwap_diff_signal] [CMCSA] [CMCSA] Last Candela: VWAP-Low=-0.23%, High-VWAP=0.38%
2025-04-15 18:20:02 - DEBUG - [check_vwap_diff_signal] [CMCSA] No VWAP signal detected
2025-04-15 18:20:02 - DEBUG - [_run_single_trading_iteration] [CMCSA] 🔍 Signal for CMCSA: None
2025-04-15 18:20:02 - INFO - [_run_single_trading_iteration] [CMCSA] ℹ️ No valid signal for CMCSA
2025-04-15 18:20:02 - INFO - [_run_strategy_if_applicable] [N/A] ⏰ Strategy 'SMA_Cross_candle' not executed because it's outside the time window: 16:35:00 - 16:50:00
2025-04-15 18:20:02 - INFO - [_run_strategy_if_applicable] [N/A] 🔄 Starting trading loop for strategy: VWAP_diff_signal_rsi_1700
2025-04-15 18:20:02 - INFO - [get_stock_data] [IVZ] Requesting data for IVZ
2025-04-15 18:20:03 - INFO - [get_stock_data] [IVZ] Data received for IVZ: 100 rows
2025-04-15 18:20:03 - INFO - [check_vwap_diff_signal_with_rsi] [IVZ] Analyzing VWAP reversal signal for IVZ
2025-04-15 18:20:03 - INFO - [check_vwap_diff_signal_with_rsi] [IVZ] Close: 13.26 | Low: 13.23 | High: 13.28 | VWAP: 13.17201330620428 | RSI: 63.25
2025-04-15 18:20:03 - DEBUG - [check_vwap_diff_signal_with_rsi] [IVZ] [IVZ] Last Candela: VWAP-Low=-0.44%, High-VWAP=0.82%
2025-04-15 18:20:03 - DEBUG - [check_vwap_diff_signal_with_rsi] [IVZ] No VWAP+RSI signal detected
2025-04-15 18:20:03 - DEBUG - [_run_single_trading_iteration] [IVZ] 🔍 Signal for IVZ: None
2025-04-15 18:20:03 - INFO - [_run_single_trading_iteration] [IVZ] ℹ️ No valid signal for IVZ
2025-04-15 18:20:03 - INFO - [get_stock_data] [FCX] Requesting data for FCX
2025-04-15 18:20:03 - INFO - [get_stock_data] [FCX] Data received for FCX: 100 rows
2025-04-15 18:20:03 - INFO - [check_vwap_diff_signal_with_rsi] [FCX] Analyzing VWAP reversal signal for FCX
2025-04-15 18:20:03 - INFO - [check_vwap_diff_signal_with_rsi] [FCX] Close: 33.65 | Low: 33.6 | High: 33.69 | VWAP: 33.50287001785416 | RSI: 51.64
2025-04-15 18:20:03 - DEBUG - [check_vwap_diff_signal_with_rsi] [FCX] [FCX] Last Candela: VWAP-Low=-0.29%, High-VWAP=0.56%
2025-04-15 18:20:03 - DEBUG - [check_vwap_diff_signal_with_rsi] [FCX] No VWAP+RSI signal detected
2025-04-15 18:20:03 - DEBUG - [_run_single_trading_iteration] [FCX] 🔍 Signal for FCX: None
2025-04-15 18:20:03 - INFO - [_run_single_trading_iteration] [FCX] ℹ️ No valid signal for FCX
2025-04-15 18:20:03 - INFO - [get_stock_data] [HST] Requesting data for HST
2025-04-15 18:20:04 - INFO - [get_stock_data] [HST] Data received for HST: 100 rows
2025-04-15 18:20:04 - INFO - [check_vwap_diff_signal_with_rsi] [HST] Analyzing VWAP reversal signal for HST
2025-04-15 18:20:04 - INFO - [check_vwap_diff_signal_with_rsi] [HST] Close: 13.71 | Low: 13.7 | High: 13.74 | VWAP: 13.755658013604663 | RSI: 47.11
2025-04-15 18:20:04 - DEBUG - [check_vwap_diff_signal_with_rsi] [HST] [HST] Last Candela: VWAP-Low=0.40%, High-VWAP=-0.11%
2025-04-15 18:20:04 - DEBUG - [check_vwap_diff_signal_with_rsi] [HST] No VWAP+RSI signal detected
2025-04-15 18:20:04 - DEBUG - [_run_single_trading_iteration] [HST] 🔍 Signal for HST: None
2025-04-15 18:20:04 - INFO - [_run_single_trading_iteration] [HST] ℹ️ No valid signal for HST
2025-04-15 18:20:04 - INFO - [get_stock_data] [IVZ] Requesting data for IVZ
2025-04-15 18:20:04 - INFO - [get_stock_data] [IVZ] Data received for IVZ: 100 rows
2025-04-15 18:20:04 - INFO - [check_vwap_diff_signal_with_rsi] [IVZ] Analyzing VWAP reversal signal for IVZ
2025-04-15 18:20:04 - INFO - [check_vwap_diff_signal_with_rsi] [IVZ] Close: 13.26 | Low: 13.23 | High: 13.28 | VWAP: 13.17201330620428 | RSI: 63.25
2025-04-15 18:20:04 - DEBUG - [check_vwap_diff_signal_with_rsi] [IVZ] [IVZ] Last Candela: VWAP-Low=-0.44%, High-VWAP=0.82%
2025-04-15 18:20:04 - DEBUG - [check_vwap_diff_signal_with_rsi] [IVZ] No VWAP+RSI signal detected
2025-04-15 18:20:04 - DEBUG - [_run_single_trading_iteration] [IVZ] 🔍 Signal for IVZ: None
2025-04-15 18:20:04 - INFO - [_run_single_trading_iteration] [IVZ] ℹ️ No valid signal for IVZ
2025-04-15 18:20:04 - INFO - [get_stock_data] [NEM] Requesting data for NEM
2025-04-15 18:20:05 - INFO - [get_stock_data] [NEM] Data received for NEM: 100 rows
2025-04-15 18:20:05 - INFO - [check_vwap_diff_signal_with_rsi] [NEM] Analyzing VWAP reversal signal for NEM
2025-04-15 18:20:05 - INFO - [check_vwap_diff_signal_with_rsi] [NEM] Close: 54.68 | Low: 54.64 | High: 54.75 | VWAP: 54.51897888135939 | RSI: 49.59
2025-04-15 18:20:05 - DEBUG - [check_vwap_diff_signal_with_rsi] [NEM] [NEM] Last Candela: VWAP-Low=-0.22%, High-VWAP=0.42%
2025-04-15 18:20:05 - DEBUG - [check_vwap_diff_signal_with_rsi] [NEM] No VWAP+RSI signal detected
2025-04-15 18:20:05 - DEBUG - [_run_single_trading_iteration] [NEM] 🔍 Signal for NEM: None
2025-04-15 18:20:05 - INFO - [_run_single_trading_iteration] [NEM] ℹ️ No valid signal for NEM
2025-04-15 18:20:05 - INFO - [get_stock_data] [LUV] Requesting data for LUV
2025-04-15 18:20:06 - INFO - [get_stock_data] [LUV] Data received for LUV: 101 rows
2025-04-15 18:20:06 - INFO - [check_vwap_diff_signal_with_rsi] [LUV] Analyzing VWAP reversal signal for LUV
2025-04-15 18:20:06 - INFO - [check_vwap_diff_signal_with_rsi] [LUV] Close: 26.23 | Low: 26.22 | High: 26.23 | VWAP: 26.324412727868985 | RSI: 53.90
2025-04-15 18:20:06 - DEBUG - [check_vwap_diff_signal_with_rsi] [LUV] [LUV] Last Candela: VWAP-Low=0.40%, High-VWAP=-0.36%
2025-04-15 18:20:06 - DEBUG - [check_vwap_diff_signal_with_rsi] [LUV] No VWAP+RSI signal detected
2025-04-15 18:20:06 - DEBUG - [_run_single_trading_iteration] [LUV] 🔍 Signal for LUV: None
2025-04-15 18:20:06 - INFO - [_run_single_trading_iteration] [LUV] ℹ️ No valid signal for LUV
2025-04-15 18:20:06 - INFO - [_run_strategy_if_applicable] [N/A] ⏰ Strategy 'EMA_Cross_ema50' not executed because it's outside the time window: 16:35:00 - 16:50:00
2025-04-15 18:20:06 - INFO - [_run_strategy_if_applicable] [N/A] ⏰ Strategy 'SMA_Cross_sma50' not executed because it's outside the time window: 16:35:00 - 16:50:00
2025-04-15 18:20:06 - INFO - [trading_loop] [N/A] 📊 Updating SL/TP for active orders
2025-04-15 18:20:07 - INFO - [_wait_until_next_iteration] [N/A] ⏳ Sleeping for 52.97 seconds before the next cycle
2025-04-15 18:21:00 - DEBUG - [trading_loop] [N/A] ⏱ Skipping EMA_Cross_candle, not yet time (every 5m)
2025-04-15 18:21:00 - DEBUG - [trading_loop] [N/A] ⏱ Skipping VWAP_diff_signal_1700, not yet time (every 5m)
2025-04-15 18:21:00 - DEBUG - [trading_loop] [N/A] ⏱ Skipping SMA_Cross_candle, not yet time (every 5m)
2025-04-15 18:21:00 - DEBUG - [trading_loop] [N/A] ⏱ Skipping VWAP_diff_signal_rsi_1700, not yet time (every 5m)
2025-04-15 18:21:00 - DEBUG - [trading_loop] [N/A] ⏱ Skipping EMA_Cross_ema50, not yet time (every 5m)
2025-04-15 18:21:00 - DEBUG - [trading_loop] [N/A] ⏱ Skipping SMA_Cross_sma50, not yet time (every 5m)
2025-04-15 18:21:00 - INFO - [trading_loop] [N/A] 📊 Updating SL/TP for active orders
2025-04-15 18:21:01 - INFO - [_wait_until_next_iteration] [N/A] ⏳ Sleeping for 58.94 seconds before the next cycle
2025-04-15 18:22:00 - DEBUG - [trading_loop] [N/A] ⏱ Skipping EMA_Cross_candle, not yet time (every 5m)
2025-04-15 18:22:00 - DEBUG - [trading_loop] [N/A] ⏱ Skipping VWAP_diff_signal_1700, not yet time (every 5m)
2025-04-15 18:22:00 - DEBUG - [trading_loop] [N/A] ⏱ Skipping SMA_Cross_candle, not yet time (every 5m)
2025-04-15 18:22:00 - DEBUG - [trading_loop] [N/A] ⏱ Skipping VWAP_diff_signal_rsi_1700, not yet time (every 5m)
2025-04-15 18:22:00 - DEBUG - [trading_loop] [N/A] ⏱ Skipping EMA_Cross_ema50, not yet time (every 5m)
2025-04-15 18:22:00 - DEBUG - [trading_loop] [N/A] ⏱ Skipping SMA_Cross_sma50, not yet time (every 5m)
2025-04-15 18:22:00 - INFO - [trading_loop] [N/A] 📊 Updating SL/TP for active orders
2025-04-15 18:22:01 - INFO - [_wait_until_next_iteration] [N/A] ⏳ Sleeping for 58.93 seconds before the next cycle
2025-04-15 18:23:00 - DEBUG - [trading_loop] [N/A] ⏱ Skipping EMA_Cross_candle, not yet time (every 5m)
2025-04-15 18:23:00 - DEBUG - [trading_loop] [N/A] ⏱ Skipping VWAP_diff_signal_1700, not yet time (every 5m)
2025-04-15 18:23:00 - DEBUG - [trading_loop] [N/A] ⏱ Skipping SMA_Cross_candle, not yet time (every 5m)
2025-04-15 18:23:00 - DEBUG - [trading_loop] [N/A] ⏱ Skipping VWAP_diff_signal_rsi_1700, not yet time (every 5m)
2025-04-15 18:23:00 - DEBUG - [trading_loop] [N/A] ⏱ Skipping EMA_Cross_ema50, not yet time (every 5m)
2025-04-15 18:23:00 - DEBUG - [trading_loop] [N/A] ⏱ Skipping SMA_Cross_sma50, not yet time (every 5m)
2025-04-15 18:23:00 - INFO - [trading_loop] [N/A] 📊 Updating SL/TP for active orders
2025-04-15 18:23:01 - INFO - [_wait_until_next_iteration] [N/A] ⏳ Sleeping for 58.93 seconds before the next cycle
2025-04-15 18:24:00 - DEBUG - [trading_loop] [N/A] ⏱ Skipping EMA_Cross_candle, not yet time (every 5m)
2025-04-15 18:24:00 - DEBUG - [trading_loop] [N/A] ⏱ Skipping VWAP_diff_signal_1700, not yet time (every 5m)
2025-04-15 18:24:00 - DEBUG - [trading_loop] [N/A] ⏱ Skipping SMA_Cross_candle, not yet time (every 5m)
2025-04-15 18:24:00 - DEBUG - [trading_loop] [N/A] ⏱ Skipping VWAP_diff_signal_rsi_1700, not yet time (every 5m)
2025-04-15 18:24:00 - DEBUG - [trading_loop] [N/A] ⏱ Skipping EMA_Cross_ema50, not yet time (every 5m)
2025-04-15 18:24:00 - DEBUG - [trading_loop] [N/A] ⏱ Skipping SMA_Cross_sma50, not yet time (every 5m)
2025-04-15 18:24:00 - INFO - [trading_loop] [N/A] 📊 Updating SL/TP for active orders
2025-04-15 18:24:01 - INFO - [_wait_until_next_iteration] [N/A] ⏳ Sleeping for 58.93 seconds before the next cycle
2025-04-15 18:25:00 - INFO - [_run_strategy_if_applicable] [N/A] ⏰ Strategy 'EMA_Cross_candle' not executed because it's outside the time window: 16:35:00 - 16:50:00
2025-04-15 18:25:00 - INFO - [_run_strategy_if_applicable] [N/A] 🔄 Starting trading loop for strategy: VWAP_diff_signal_1700
2025-04-15 18:25:00 - INFO - [get_stock_data] [HBAN] Requesting data for HBAN
2025-04-15 18:25:00 - INFO - [get_stock_data] [HBAN] Data received for HBAN: 101 rows
2025-04-15 18:25:00 - INFO - [check_vwap_diff_signal] [HBAN] Analyzing VWAP reversal signal for HBAN
2025-04-15 18:25:00 - INFO - [check_vwap_diff_signal] [HBAN] Close: 13.56 | Low: 13.54 | High: 13.57 | VWAP: 13.513852702282097
2025-04-15 18:25:00 - DEBUG - [check_vwap_diff_signal] [HBAN] [HBAN] Last Candela: VWAP-Low=-0.19%, High-VWAP=0.42%
2025-04-15 18:25:00 - DEBUG - [check_vwap_diff_signal] [HBAN] No VWAP signal detected
2025-04-15 18:25:00 - DEBUG - [_run_single_trading_iteration] [HBAN] 🔍 Signal for HBAN: None
2025-04-15 18:25:00 - INFO - [_run_single_trading_iteration] [HBAN] ℹ️ No valid signal for HBAN
2025-04-15 18:25:00 - INFO - [get_stock_data] [CZR] Requesting data for CZR
2025-04-15 18:25:01 - INFO - [get_stock_data] [CZR] Data received for CZR: 101 rows
2025-04-15 18:25:01 - INFO - [check_vwap_diff_signal] [CZR] Analyzing VWAP reversal signal for CZR
2025-04-15 18:25:01 - INFO - [check_vwap_diff_signal] [CZR] Close: 25.53 | Low: 25.5 | High: 25.56 | VWAP: 25.472910912883783
2025-04-15 18:25:01 - DEBUG - [check_vwap_diff_signal] [CZR] [CZR] Last Candela: VWAP-Low=-0.11%, High-VWAP=0.34%
2025-04-15 18:25:01 - DEBUG - [check_vwap_diff_signal] [CZR] No VWAP signal detected
2025-04-15 18:25:01 - DEBUG - [_run_single_trading_iteration] [CZR] 🔍 Signal for CZR: None
2025-04-15 18:25:01 - INFO - [_run_single_trading_iteration] [CZR] ℹ️ No valid signal for CZR
2025-04-15 18:25:01 - INFO - [get_stock_data] [MTCH] Requesting data for MTCH
2025-04-15 18:25:02 - INFO - [get_stock_data] [MTCH] Data received for MTCH: 101 rows
2025-04-15 18:25:02 - INFO - [check_vwap_diff_signal] [MTCH] Analyzing VWAP reversal signal for MTCH
2025-04-15 18:25:02 - INFO - [check_vwap_diff_signal] [MTCH] Close: 29.14 | Low: 29.11 | High: 29.15 | VWAP: 28.936125037691202
2025-04-15 18:25:02 - DEBUG - [check_vwap_diff_signal] [MTCH] [MTCH] Last Candela: VWAP-Low=-0.60%, High-VWAP=0.74%
2025-04-15 18:25:02 - DEBUG - [check_vwap_diff_signal] [MTCH] No VWAP signal detected
2025-04-15 18:25:02 - DEBUG - [_run_single_trading_iteration] [MTCH] 🔍 Signal for MTCH: None
2025-04-15 18:25:02 - INFO - [_run_single_trading_iteration] [MTCH] ℹ️ No valid signal for MTCH
2025-04-15 18:25:02 - DEBUG - [_run_single_trading_iteration] [MRNA] 🚫 Trade not allowed for MRNA (limit reached)
2025-04-15 18:25:02 - INFO - [get_stock_data] [NCHL] Requesting data for NCHL
2025-04-15 18:25:02 - ERROR - [get_stock_data] [NCHL] Error retrieving data: 'NoneType' object has no attribute 'empty'
2025-04-15 18:25:02 - DEBUG - [_run_single_trading_iteration] [WBD] 🚫 Trade not allowed for WBD (limit reached)
2025-04-15 18:25:02 - INFO - [get_stock_data] [CMCSA] Requesting data for CMCSA
2025-04-15 18:25:03 - INFO - [get_stock_data] [CMCSA] Data received for CMCSA: 101 rows
2025-04-15 18:25:03 - INFO - [check_vwap_diff_signal] [CMCSA] Analyzing VWAP reversal signal for CMCSA
2025-04-15 18:25:03 - INFO - [check_vwap_diff_signal] [CMCSA] Close: 34.68 | Low: 34.63 | High: 34.69 | VWAP: 34.562642019028026
2025-04-15 18:25:03 - DEBUG - [check_vwap_diff_signal] [CMCSA] [CMCSA] Last Candela: VWAP-Low=-0.19%, High-VWAP=0.37%
2025-04-15 18:25:03 - DEBUG - [check_vwap_diff_signal] [CMCSA] No VWAP signal detected
2025-04-15 18:25:03 - DEBUG - [_run_single_trading_iteration] [CMCSA] 🔍 Signal for CMCSA: None
2025-04-15 18:25:03 - INFO - [_run_single_trading_iteration] [CMCSA] ℹ️ No valid signal for CMCSA
2025-04-15 18:25:03 - INFO - [_run_strategy_if_applicable] [N/A] ⏰ Strategy 'SMA_Cross_candle' not executed because it's outside the time window: 16:35:00 - 16:50:00
2025-04-15 18:25:03 - INFO - [_run_strategy_if_applicable] [N/A] 🔄 Starting trading loop for strategy: VWAP_diff_signal_rsi_1700
2025-04-15 18:25:03 - INFO - [get_stock_data] [IVZ] Requesting data for IVZ
2025-04-15 18:25:04 - INFO - [get_stock_data] [IVZ] Data received for IVZ: 101 rows
2025-04-15 18:25:04 - INFO - [check_vwap_diff_signal_with_rsi] [IVZ] Analyzing VWAP reversal signal for IVZ
2025-04-15 18:25:04 - INFO - [check_vwap_diff_signal_with_rsi] [IVZ] Close: 13.27 | Low: 13.25 | High: 13.29 | VWAP: 13.176457286560739 | RSI: 64.21
2025-04-15 18:25:04 - DEBUG - [check_vwap_diff_signal_with_rsi] [IVZ] [IVZ] Last Candela: VWAP-Low=-0.56%, High-VWAP=0.86%
2025-04-15 18:25:04 - DEBUG - [check_vwap_diff_signal_with_rsi] [IVZ] No VWAP+RSI signal detected
2025-04-15 18:25:04 - DEBUG - [_run_single_trading_iteration] [IVZ] 🔍 Signal for IVZ: None
2025-04-15 18:25:04 - INFO - [_run_single_trading_iteration] [IVZ] ℹ️ No valid signal for IVZ
2025-04-15 18:25:04 - INFO - [get_stock_data] [FCX] Requesting data for FCX
2025-04-15 18:25:04 - INFO - [get_stock_data] [FCX] Data received for FCX: 101 rows
2025-04-15 18:25:04 - INFO - [check_vwap_diff_signal_with_rsi] [FCX] Analyzing VWAP reversal signal for FCX
2025-04-15 18:25:04 - INFO - [check_vwap_diff_signal_with_rsi] [FCX] Close: 33.74 | Low: 33.65 | High: 33.76 | VWAP: 33.52167247351264 | RSI: 56.05
2025-04-15 18:25:04 - DEBUG - [check_vwap_diff_signal_with_rsi] [FCX] [FCX] Last Candela: VWAP-Low=-0.38%, High-VWAP=0.71%
2025-04-15 18:25:04 - DEBUG - [check_vwap_diff_signal_with_rsi] [FCX] No VWAP+RSI signal detected
2025-04-15 18:25:04 - DEBUG - [_run_single_trading_iteration] [FCX] 🔍 Signal for FCX: None
2025-04-15 18:25:04 - INFO - [_run_single_trading_iteration] [FCX] ℹ️ No valid signal for FCX
2025-04-15 18:25:04 - INFO - [get_stock_data] [HST] Requesting data for HST
2025-04-15 18:25:05 - INFO - [get_stock_data] [HST] Data received for HST: 101 rows
2025-04-15 18:25:05 - INFO - [check_vwap_diff_signal_with_rsi] [HST] Analyzing VWAP reversal signal for HST
2025-04-15 18:25:05 - INFO - [check_vwap_diff_signal_with_rsi] [HST] Close: 13.71 | Low: 13.69 | High: 13.73 | VWAP: 13.75469240948301 | RSI: 47.11
2025-04-15 18:25:05 - DEBUG - [check_vwap_diff_signal_with_rsi] [HST] [HST] Last Candela: VWAP-Low=0.47%, High-VWAP=-0.18%
2025-04-15 18:25:05 - DEBUG - [check_vwap_diff_signal_with_rsi] [HST] No VWAP+RSI signal detected
2025-04-15 18:25:05 - DEBUG - [_run_single_trading_iteration] [HST] 🔍 Signal for HST: None
2025-04-15 18:25:05 - INFO - [_run_single_trading_iteration] [HST] ℹ️ No valid signal for HST
2025-04-15 18:25:05 - INFO - [get_stock_data] [IVZ] Requesting data for IVZ
2025-04-15 18:25:05 - INFO - [get_stock_data] [IVZ] Data received for IVZ: 102 rows
2025-04-15 18:25:05 - INFO - [check_vwap_diff_signal_with_rsi] [IVZ] Analyzing VWAP reversal signal for IVZ
2025-04-15 18:25:06 - INFO - [check_vwap_diff_signal_with_rsi] [IVZ] Close: 13.27 | Low: 13.27 | High: 13.27 | VWAP: 13.176513533101781 | RSI: 64.21
2025-04-15 18:25:06 - DEBUG - [check_vwap_diff_signal_with_rsi] [IVZ] [IVZ] Last Candela: VWAP-Low=-0.71%, High-VWAP=0.71%
2025-04-15 18:25:06 - DEBUG - [check_vwap_diff_signal_with_rsi] [IVZ] No VWAP+RSI signal detected
2025-04-15 18:25:06 - DEBUG - [_run_single_trading_iteration] [IVZ] 🔍 Signal for IVZ: None
2025-04-15 18:25:06 - INFO - [_run_single_trading_iteration] [IVZ] ℹ️ No valid signal for IVZ
2025-04-15 18:25:06 - INFO - [get_stock_data] [NEM] Requesting data for NEM
2025-04-15 18:25:06 - INFO - [get_stock_data] [NEM] Data received for NEM: 102 rows
2025-04-15 18:25:06 - INFO - [check_vwap_diff_signal_with_rsi] [NEM] Analyzing VWAP reversal signal for NEM
2025-04-15 18:25:06 - INFO - [check_vwap_diff_signal_with_rsi] [NEM] Close: 54.69 | Low: 54.69 | High: 54.7 | VWAP: 54.52202012350551 | RSI: 49.95
2025-04-15 18:25:06 - DEBUG - [check_vwap_diff_signal_with_rsi] [NEM] [NEM] Last Candela: VWAP-Low=-0.31%, High-VWAP=0.33%
2025-04-15 18:25:06 - DEBUG - [check_vwap_diff_signal_with_rsi] [NEM] No VWAP+RSI signal detected
2025-04-15 18:25:06 - DEBUG - [_run_single_trading_iteration] [NEM] 🔍 Signal for NEM: None
2025-04-15 18:25:06 - INFO - [_run_single_trading_iteration] [NEM] ℹ️ No valid signal for NEM
2025-04-15 18:25:06 - INFO - [get_stock_data] [LUV] Requesting data for LUV
2025-04-15 18:25:07 - INFO - [get_stock_data] [LUV] Data received for LUV: 102 rows
2025-04-15 18:25:07 - INFO - [check_vwap_diff_signal_with_rsi] [LUV] Analyzing VWAP reversal signal for LUV
2025-04-15 18:25:07 - INFO - [check_vwap_diff_signal_with_rsi] [LUV] Close: 26.15 | Low: 26.15 | High: 26.17 | VWAP: 26.3206718343767 | RSI: 49.28
2025-04-15 18:25:07 - DEBUG - [check_vwap_diff_signal_with_rsi] [LUV] [LUV] Last Candela: VWAP-Low=0.65%, High-VWAP=-0.57%
2025-04-15 18:25:07 - DEBUG - [check_vwap_diff_signal_with_rsi] [LUV] No VWAP+RSI signal detected
2025-04-15 18:25:07 - DEBUG - [_run_single_trading_iteration] [LUV] 🔍 Signal for LUV: None
2025-04-15 18:25:07 - INFO - [_run_single_trading_iteration] [LUV] ℹ️ No valid signal for LUV
2025-04-15 18:25:07 - INFO - [_run_strategy_if_applicable] [N/A] ⏰ Strategy 'EMA_Cross_ema50' not executed because it's outside the time window: 16:35:00 - 16:50:00
2025-04-15 18:25:07 - INFO - [_run_strategy_if_applicable] [N/A] ⏰ Strategy 'SMA_Cross_sma50' not executed because it's outside the time window: 16:35:00 - 16:50:00
2025-04-15 18:25:07 - INFO - [trading_loop] [N/A] 📊 Updating SL/TP for active orders
2025-04-15 18:25:08 - INFO - [_wait_until_next_iteration] [N/A] ⏳ Sleeping for 51.91 seconds before the next cycle
2025-04-15 18:26:00 - DEBUG - [trading_loop] [N/A] ⏱ Skipping EMA_Cross_candle, not yet time (every 5m)
2025-04-15 18:26:00 - DEBUG - [trading_loop] [N/A] ⏱ Skipping VWAP_diff_signal_1700, not yet time (every 5m)
2025-04-15 18:26:00 - DEBUG - [trading_loop] [N/A] ⏱ Skipping SMA_Cross_candle, not yet time (every 5m)
2025-04-15 18:26:00 - DEBUG - [trading_loop] [N/A] ⏱ Skipping VWAP_diff_signal_rsi_1700, not yet time (every 5m)
2025-04-15 18:26:00 - DEBUG - [trading_loop] [N/A] ⏱ Skipping EMA_Cross_ema50, not yet time (every 5m)
2025-04-15 18:26:00 - DEBUG - [trading_loop] [N/A] ⏱ Skipping SMA_Cross_sma50, not yet time (every 5m)
2025-04-15 18:26:00 - INFO - [trading_loop] [N/A] 📊 Updating SL/TP for active orders
2025-04-15 18:26:01 - INFO - [_wait_until_next_iteration] [N/A] ⏳ Sleeping for 58.94 seconds before the next cycle
2025-04-15 18:27:00 - DEBUG - [trading_loop] [N/A] ⏱ Skipping EMA_Cross_candle, not yet time (every 5m)
2025-04-15 18:27:00 - DEBUG - [trading_loop] [N/A] ⏱ Skipping VWAP_diff_signal_1700, not yet time (every 5m)
2025-04-15 18:27:00 - DEBUG - [trading_loop] [N/A] ⏱ Skipping SMA_Cross_candle, not yet time (every 5m)
2025-04-15 18:27:00 - DEBUG - [trading_loop] [N/A] ⏱ Skipping VWAP_diff_signal_rsi_1700, not yet time (every 5m)
2025-04-15 18:27:00 - DEBUG - [trading_loop] [N/A] ⏱ Skipping EMA_Cross_ema50, not yet time (every 5m)
2025-04-15 18:27:00 - DEBUG - [trading_loop] [N/A] ⏱ Skipping SMA_Cross_sma50, not yet time (every 5m)
2025-04-15 18:27:00 - INFO - [trading_loop] [N/A] 📊 Updating SL/TP for active orders
2025-04-15 18:27:01 - INFO - [_wait_until_next_iteration] [N/A] ⏳ Sleeping for 58.95 seconds before the next cycle
2025-04-15 18:28:00 - DEBUG - [trading_loop] [N/A] ⏱ Skipping EMA_Cross_candle, not yet time (every 5m)
2025-04-15 18:28:00 - DEBUG - [trading_loop] [N/A] ⏱ Skipping VWAP_diff_signal_1700, not yet time (every 5m)
2025-04-15 18:28:00 - DEBUG - [trading_loop] [N/A] ⏱ Skipping SMA_Cross_candle, not yet time (every 5m)
2025-04-15 18:28:00 - DEBUG - [trading_loop] [N/A] ⏱ Skipping VWAP_diff_signal_rsi_1700, not yet time (every 5m)
2025-04-15 18:28:00 - DEBUG - [trading_loop] [N/A] ⏱ Skipping EMA_Cross_ema50, not yet time (every 5m)
2025-04-15 18:28:00 - DEBUG - [trading_loop] [N/A] ⏱ Skipping SMA_Cross_sma50, not yet time (every 5m)
2025-04-15 18:28:00 - INFO - [trading_loop] [N/A] 📊 Updating SL/TP for active orders
2025-04-15 18:28:01 - INFO - [_wait_until_next_iteration] [N/A] ⏳ Sleeping for 58.94 seconds before the next cycle
2025-04-15 18:29:00 - DEBUG - [trading_loop] [N/A] ⏱ Skipping EMA_Cross_candle, not yet time (every 5m)
2025-04-15 18:29:00 - DEBUG - [trading_loop] [N/A] ⏱ Skipping VWAP_diff_signal_1700, not yet time (every 5m)
2025-04-15 18:29:00 - DEBUG - [trading_loop] [N/A] ⏱ Skipping SMA_Cross_candle, not yet time (every 5m)
2025-04-15 18:29:00 - DEBUG - [trading_loop] [N/A] ⏱ Skipping VWAP_diff_signal_rsi_1700, not yet time (every 5m)
2025-04-15 18:29:00 - DEBUG - [trading_loop] [N/A] ⏱ Skipping EMA_Cross_ema50, not yet time (every 5m)
2025-04-15 18:29:00 - DEBUG - [trading_loop] [N/A] ⏱ Skipping SMA_Cross_sma50, not yet time (every 5m)
2025-04-15 18:29:00 - INFO - [trading_loop] [N/A] 📊 Updating SL/TP for active orders
2025-04-15 18:29:01 - INFO - [_wait_until_next_iteration] [N/A] ⏳ Sleeping for 58.98 seconds before the next cycle
2025-04-15 18:30:00 - INFO - [_run_strategy_if_applicable] [N/A] ⏰ Strategy 'EMA_Cross_candle' not executed because it's outside the time window: 16:35:00 - 16:50:00
2025-04-15 18:30:00 - INFO - [_run_strategy_if_applicable] [N/A] 🔄 Starting trading loop for strategy: VWAP_diff_signal_1700
2025-04-15 18:30:00 - INFO - [get_stock_data] [HBAN] Requesting data for HBAN
2025-04-15 18:30:00 - INFO - [get_stock_data] [HBAN] Data received for HBAN: 102 rows
2025-04-15 18:30:00 - INFO - [check_vwap_diff_signal] [HBAN] Analyzing VWAP reversal signal for HBAN
2025-04-15 18:30:00 - INFO - [check_vwap_diff_signal] [HBAN] Close: 13.54 | Low: 13.52 | High: 13.56 | VWAP: 13.514413007511108
2025-04-15 18:30:00 - DEBUG - [check_vwap_diff_signal] [HBAN] [HBAN] Last Candela: VWAP-Low=-0.04%, High-VWAP=0.34%
2025-04-15 18:30:00 - DEBUG - [check_vwap_diff_signal] [HBAN] No VWAP signal detected
2025-04-15 18:30:00 - DEBUG - [_run_single_trading_iteration] [HBAN] 🔍 Signal for HBAN: None
2025-04-15 18:30:00 - INFO - [_run_single_trading_iteration] [HBAN] ℹ️ No valid signal for HBAN
2025-04-15 18:30:00 - INFO - [get_stock_data] [CZR] Requesting data for CZR
2025-04-15 18:30:01 - INFO - [get_stock_data] [CZR] Data received for CZR: 102 rows
2025-04-15 18:30:01 - INFO - [check_vwap_diff_signal] [CZR] Analyzing VWAP reversal signal for CZR
2025-04-15 18:30:01 - INFO - [check_vwap_diff_signal] [CZR] Close: 25.44 | Low: 25.42 | High: 25.52 | VWAP: 25.471890670196903
2025-04-15 18:30:01 - DEBUG - [check_vwap_diff_signal] [CZR] [CZR] Last Candela: VWAP-Low=0.20%, High-VWAP=0.19%
2025-04-15 18:30:01 - DEBUG - [check_vwap_diff_signal] [CZR] No VWAP signal detected
2025-04-15 18:30:01 - DEBUG - [_run_single_trading_iteration] [CZR] 🔍 Signal for CZR: None
2025-04-15 18:30:01 - INFO - [_run_single_trading_iteration] [CZR] ℹ️ No valid signal for CZR
2025-04-15 18:30:01 - INFO - [get_stock_data] [MTCH] Requesting data for MTCH
2025-04-15 18:30:01 - INFO - [get_stock_data] [MTCH] Data received for MTCH: 102 rows
2025-04-15 18:30:01 - INFO - [check_vwap_diff_signal] [MTCH] Analyzing VWAP reversal signal for MTCH
2025-04-15 18:30:01 - INFO - [check_vwap_diff_signal] [MTCH] Close: 29.07 | Low: 29.06 | High: 29.13 | VWAP: 28.939561831350254
2025-04-15 18:30:01 - DEBUG - [check_vwap_diff_signal] [MTCH] [MTCH] Last Candela: VWAP-Low=-0.42%, High-VWAP=0.66%
2025-04-15 18:30:01 - DEBUG - [check_vwap_diff_signal] [MTCH] No VWAP signal detected
2025-04-15 18:30:01 - DEBUG - [_run_single_trading_iteration] [MTCH] 🔍 Signal for MTCH: None
2025-04-15 18:30:01 - INFO - [_run_single_trading_iteration] [MTCH] ℹ️ No valid signal for MTCH
2025-04-15 18:30:01 - DEBUG - [_run_single_trading_iteration] [MRNA] 🚫 Trade not allowed for MRNA (limit reached)
2025-04-15 18:30:01 - INFO - [get_stock_data] [NCHL] Requesting data for NCHL
2025-04-15 18:30:01 - ERROR - [get_stock_data] [NCHL] Error retrieving data: 'NoneType' object has no attribute 'empty'
2025-04-15 18:30:01 - DEBUG - [_run_single_trading_iteration] [WBD] 🚫 Trade not allowed for WBD (limit reached)
2025-04-15 18:30:01 - INFO - [get_stock_data] [CMCSA] Requesting data for CMCSA
2025-04-15 18:30:02 - INFO - [get_stock_data] [CMCSA] Data received for CMCSA: 102 rows
2025-04-15 18:30:02 - INFO - [check_vwap_diff_signal] [CMCSA] Analyzing VWAP reversal signal for CMCSA
2025-04-15 18:30:02 - INFO - [check_vwap_diff_signal] [CMCSA] Close: 34.56 | Low: 34.56 | High: 34.68 | VWAP: 34.562568710945555
2025-04-15 18:30:02 - DEBUG - [check_vwap_diff_signal] [CMCSA] [CMCSA] Last Candela: VWAP-Low=0.01%, High-VWAP=0.34%
2025-04-15 18:30:02 - DEBUG - [check_vwap_diff_signal] [CMCSA] No VWAP signal detected
2025-04-15 18:30:02 - DEBUG - [_run_single_trading_iteration] [CMCSA] 🔍 Signal for CMCSA: None
2025-04-15 18:30:02 - INFO - [_run_single_trading_iteration] [CMCSA] ℹ️ No valid signal for CMCSA
2025-04-15 18:30:02 - INFO - [_run_strategy_if_applicable] [N/A] ⏰ Strategy 'SMA_Cross_candle' not executed because it's outside the time window: 16:35:00 - 16:50:00
2025-04-15 18:30:02 - INFO - [_run_strategy_if_applicable] [N/A] 🔄 Starting trading loop for strategy: VWAP_diff_signal_rsi_1700
2025-04-15 18:30:02 - INFO - [get_stock_data] [IVZ] Requesting data for IVZ
2025-04-15 18:30:03 - INFO - [get_stock_data] [IVZ] Data received for IVZ: 102 rows
2025-04-15 18:30:03 - INFO - [check_vwap_diff_signal_with_rsi] [IVZ] Analyzing VWAP reversal signal for IVZ
2025-04-15 18:30:03 - INFO - [check_vwap_diff_signal_with_rsi] [IVZ] Close: 13.24 | Low: 13.23 | High: 13.27 | VWAP: 13.179861817406913 | RSI: 59.22
2025-04-15 18:30:03 - DEBUG - [check_vwap_diff_signal_with_rsi] [IVZ] [IVZ] Last Candela: VWAP-Low=-0.38%, High-VWAP=0.68%
2025-04-15 18:30:03 - DEBUG - [check_vwap_diff_signal_with_rsi] [IVZ] No VWAP+RSI signal detected
2025-04-15 18:30:03 - DEBUG - [_run_single_trading_iteration] [IVZ] 🔍 Signal for IVZ: None
2025-04-15 18:30:03 - INFO - [_run_single_trading_iteration] [IVZ] ℹ️ No valid signal for IVZ
2025-04-15 18:30:03 - INFO - [get_stock_data] [FCX] Requesting data for FCX
2025-04-15 18:30:03 - INFO - [get_stock_data] [FCX] Data received for FCX: 102 rows
2025-04-15 18:30:03 - INFO - [check_vwap_diff_signal_with_rsi] [FCX] Analyzing VWAP reversal signal for FCX
2025-04-15 18:30:03 - INFO - [check_vwap_diff_signal_with_rsi] [FCX] Close: 33.64 | Low: 33.6 | High: 33.75 | VWAP: 33.525408940546 | RSI: 50.54
2025-04-15 18:30:03 - DEBUG - [check_vwap_diff_signal_with_rsi] [FCX] [FCX] Last Candela: VWAP-Low=-0.22%, High-VWAP=0.67%
2025-04-15 18:30:03 - DEBUG - [check_vwap_diff_signal_with_rsi] [FCX] No VWAP+RSI signal detected
2025-04-15 18:30:03 - DEBUG - [_run_single_trading_iteration] [FCX] 🔍 Signal for FCX: None
2025-04-15 18:30:03 - INFO - [_run_single_trading_iteration] [FCX] ℹ️ No valid signal for FCX
2025-04-15 18:30:03 - INFO - [get_stock_data] [HST] Requesting data for HST
2025-04-15 18:30:04 - INFO - [get_stock_data] [HST] Data received for HST: 102 rows
2025-04-15 18:30:04 - INFO - [check_vwap_diff_signal_with_rsi] [HST] Analyzing VWAP reversal signal for HST
2025-04-15 18:30:04 - INFO - [check_vwap_diff_signal_with_rsi] [HST] Close: 13.68 | Low: 13.67 | High: 13.7 | VWAP: 13.749154889432402 | RSI: 43.16
2025-04-15 18:30:04 - DEBUG - [check_vwap_diff_signal_with_rsi] [HST] [HST] Last Candela: VWAP-Low=0.58%, High-VWAP=-0.36%
2025-04-15 18:30:04 - DEBUG - [check_vwap_diff_signal_with_rsi] [HST] No VWAP+RSI signal detected
2025-04-15 18:30:04 - DEBUG - [_run_single_trading_iteration] [HST] 🔍 Signal for HST: None
2025-04-15 18:30:04 - INFO - [_run_single_trading_iteration] [HST] ℹ️ No valid signal for HST
2025-04-15 18:30:04 - INFO - [get_stock_data] [IVZ] Requesting data for IVZ
2025-04-15 18:30:04 - INFO - [get_stock_data] [IVZ] Data received for IVZ: 102 rows
2025-04-15 18:30:04 - INFO - [check_vwap_diff_signal_with_rsi] [IVZ] Analyzing VWAP reversal signal for IVZ
2025-04-15 18:30:04 - INFO - [check_vwap_diff_signal_with_rsi] [IVZ] Close: 13.24 | Low: 13.23 | High: 13.27 | VWAP: 13.179861817406913 | RSI: 59.22
2025-04-15 18:30:04 - DEBUG - [check_vwap_diff_signal_with_rsi] [IVZ] [IVZ] Last Candela: VWAP-Low=-0.38%, High-VWAP=0.68%
2025-04-15 18:30:04 - DEBUG - [check_vwap_diff_signal_with_rsi] [IVZ] No VWAP+RSI signal detected
2025-04-15 18:30:04 - DEBUG - [_run_single_trading_iteration] [IVZ] 🔍 Signal for IVZ: None
2025-04-15 18:30:04 - INFO - [_run_single_trading_iteration] [IVZ] ℹ️ No valid signal for IVZ
2025-04-15 18:30:04 - INFO - [get_stock_data] [NEM] Requesting data for NEM
2025-04-15 18:30:05 - INFO - [get_stock_data] [NEM] Data received for NEM: 102 rows
2025-04-15 18:30:05 - INFO - [check_vwap_diff_signal_with_rsi] [NEM] Analyzing VWAP reversal signal for NEM
2025-04-15 18:30:05 - INFO - [check_vwap_diff_signal_with_rsi] [NEM] Close: 54.52 | Low: 54.52 | High: 54.7 | VWAP: 54.52190445901263 | RSI: 43.89
2025-04-15 18:30:05 - DEBUG - [check_vwap_diff_signal_with_rsi] [NEM] [NEM] Last Candela: VWAP-Low=0.00%, High-VWAP=0.33%
2025-04-15 18:30:05 - DEBUG - [check_vwap_diff_signal_with_rsi] [NEM] No VWAP+RSI signal detected
2025-04-15 18:30:05 - DEBUG - [_run_single_trading_iteration] [NEM] 🔍 Signal for NEM: None
2025-04-15 18:30:05 - INFO - [_run_single_trading_iteration] [NEM] ℹ️ No valid signal for NEM
2025-04-15 18:30:05 - INFO - [get_stock_data] [LUV] Requesting data for LUV
2025-04-15 18:30:06 - INFO - [get_stock_data] [LUV] Data received for LUV: 103 rows
2025-04-15 18:30:06 - INFO - [check_vwap_diff_signal_with_rsi] [LUV] Analyzing VWAP reversal signal for LUV
2025-04-15 18:30:06 - INFO - [check_vwap_diff_signal_with_rsi] [LUV] Close: 26.09 | Low: 26.07 | High: 26.09 | VWAP: 26.306618533077472 | RSI: 46.20
2025-04-15 18:30:06 - DEBUG - [check_vwap_diff_signal_with_rsi] [LUV] [LUV] Last Candela: VWAP-Low=0.90%, High-VWAP=-0.82%
2025-04-15 18:30:06 - DEBUG - [check_vwap_diff_signal_with_rsi] [LUV] No VWAP+RSI signal detected
2025-04-15 18:30:06 - DEBUG - [_run_single_trading_iteration] [LUV] 🔍 Signal for LUV: None
2025-04-15 18:30:06 - INFO - [_run_single_trading_iteration] [LUV] ℹ️ No valid signal for LUV
2025-04-15 18:30:06 - INFO - [_run_strategy_if_applicable] [N/A] ⏰ Strategy 'EMA_Cross_ema50' not executed because it's outside the time window: 16:35:00 - 16:50:00
2025-04-15 18:30:06 - INFO - [_run_strategy_if_applicable] [N/A] ⏰ Strategy 'SMA_Cross_sma50' not executed because it's outside the time window: 16:35:00 - 16:50:00
2025-04-15 18:30:06 - INFO - [trading_loop] [N/A] 📊 Updating SL/TP for active orders
2025-04-15 18:30:07 - INFO - [_wait_until_next_iteration] [N/A] ⏳ Sleeping for 52.96 seconds before the next cycle
2025-04-15 18:31:00 - DEBUG - [trading_loop] [N/A] ⏱ Skipping EMA_Cross_candle, not yet time (every 5m)
2025-04-15 18:31:00 - DEBUG - [trading_loop] [N/A] ⏱ Skipping VWAP_diff_signal_1700, not yet time (every 5m)
2025-04-15 18:31:00 - DEBUG - [trading_loop] [N/A] ⏱ Skipping SMA_Cross_candle, not yet time (every 5m)
2025-04-15 18:31:00 - DEBUG - [trading_loop] [N/A] ⏱ Skipping VWAP_diff_signal_rsi_1700, not yet time (every 5m)
2025-04-15 18:31:00 - DEBUG - [trading_loop] [N/A] ⏱ Skipping EMA_Cross_ema50, not yet time (every 5m)
2025-04-15 18:31:00 - DEBUG - [trading_loop] [N/A] ⏱ Skipping SMA_Cross_sma50, not yet time (every 5m)
2025-04-15 18:31:00 - INFO - [trading_loop] [N/A] 📊 Updating SL/TP for active orders
2025-04-15 18:31:01 - INFO - [_wait_until_next_iteration] [N/A] ⏳ Sleeping for 58.95 seconds before the next cycle
2025-04-15 18:32:00 - DEBUG - [trading_loop] [N/A] ⏱ Skipping EMA_Cross_candle, not yet time (every 5m)
2025-04-15 18:32:00 - DEBUG - [trading_loop] [N/A] ⏱ Skipping VWAP_diff_signal_1700, not yet time (every 5m)
2025-04-15 18:32:00 - DEBUG - [trading_loop] [N/A] ⏱ Skipping SMA_Cross_candle, not yet time (every 5m)
2025-04-15 18:32:00 - DEBUG - [trading_loop] [N/A] ⏱ Skipping VWAP_diff_signal_rsi_1700, not yet time (every 5m)
2025-04-15 18:32:00 - DEBUG - [trading_loop] [N/A] ⏱ Skipping EMA_Cross_ema50, not yet time (every 5m)
2025-04-15 18:32:00 - DEBUG - [trading_loop] [N/A] ⏱ Skipping SMA_Cross_sma50, not yet time (every 5m)
2025-04-15 18:32:00 - INFO - [trading_loop] [N/A] 📊 Updating SL/TP for active orders
2025-04-15 18:32:01 - INFO - [_wait_until_next_iteration] [N/A] ⏳ Sleeping for 58.93 seconds before the next cycle
2025-04-15 18:33:00 - DEBUG - [trading_loop] [N/A] ⏱ Skipping EMA_Cross_candle, not yet time (every 5m)
2025-04-15 18:33:00 - DEBUG - [trading_loop] [N/A] ⏱ Skipping VWAP_diff_signal_1700, not yet time (every 5m)
2025-04-15 18:33:00 - DEBUG - [trading_loop] [N/A] ⏱ Skipping SMA_Cross_candle, not yet time (every 5m)
2025-04-15 18:33:00 - DEBUG - [trading_loop] [N/A] ⏱ Skipping VWAP_diff_signal_rsi_1700, not yet time (every 5m)
2025-04-15 18:33:00 - DEBUG - [trading_loop] [N/A] ⏱ Skipping EMA_Cross_ema50, not yet time (every 5m)
2025-04-15 18:33:00 - DEBUG - [trading_loop] [N/A] ⏱ Skipping SMA_Cross_sma50, not yet time (every 5m)
2025-04-15 18:33:00 - INFO - [trading_loop] [N/A] 📊 Updating SL/TP for active orders
2025-04-15 18:33:01 - INFO - [_wait_until_next_iteration] [N/A] ⏳ Sleeping for 58.93 seconds before the next cycle
2025-04-15 18:34:00 - DEBUG - [trading_loop] [N/A] ⏱ Skipping EMA_Cross_candle, not yet time (every 5m)
2025-04-15 18:34:00 - DEBUG - [trading_loop] [N/A] ⏱ Skipping VWAP_diff_signal_1700, not yet time (every 5m)
2025-04-15 18:34:00 - DEBUG - [trading_loop] [N/A] ⏱ Skipping SMA_Cross_candle, not yet time (every 5m)
2025-04-15 18:34:00 - DEBUG - [trading_loop] [N/A] ⏱ Skipping VWAP_diff_signal_rsi_1700, not yet time (every 5m)
2025-04-15 18:34:00 - DEBUG - [trading_loop] [N/A] ⏱ Skipping EMA_Cross_ema50, not yet time (every 5m)
2025-04-15 18:34:00 - DEBUG - [trading_loop] [N/A] ⏱ Skipping SMA_Cross_sma50, not yet time (every 5m)
2025-04-15 18:34:00 - INFO - [trading_loop] [N/A] 📊 Updating SL/TP for active orders
2025-04-15 18:34:01 - INFO - [_wait_until_next_iteration] [N/A] ⏳ Sleeping for 58.93 seconds before the next cycle
2025-04-15 18:35:00 - INFO - [_run_strategy_if_applicable] [N/A] ⏰ Strategy 'EMA_Cross_candle' not executed because it's outside the time window: 16:35:00 - 16:50:00
2025-04-15 18:35:00 - INFO - [_run_strategy_if_applicable] [N/A] 🔄 Starting trading loop for strategy: VWAP_diff_signal_1700
2025-04-15 18:35:00 - INFO - [get_stock_data] [HBAN] Requesting data for HBAN
2025-04-15 18:35:00 - INFO - [get_stock_data] [HBAN] Data received for HBAN: 103 rows
2025-04-15 18:35:00 - INFO - [check_vwap_diff_signal] [HBAN] Analyzing VWAP reversal signal for HBAN
2025-04-15 18:35:00 - INFO - [check_vwap_diff_signal] [HBAN] Close: 13.57 | Low: 13.54 | High: 13.6 | VWAP: 13.515398189468428
2025-04-15 18:35:00 - DEBUG - [check_vwap_diff_signal] [HBAN] [HBAN] Last Candela: VWAP-Low=-0.18%, High-VWAP=0.63%
2025-04-15 18:35:00 - DEBUG - [check_vwap_diff_signal] [HBAN] No VWAP signal detected
2025-04-15 18:35:00 - DEBUG - [_run_single_trading_iteration] [HBAN] 🔍 Signal for HBAN: None
2025-04-15 18:35:00 - INFO - [_run_single_trading_iteration] [HBAN] ℹ️ No valid signal for HBAN
2025-04-15 18:35:00 - INFO - [get_stock_data] [CZR] Requesting data for CZR
2025-04-15 18:35:01 - INFO - [get_stock_data] [CZR] Data received for CZR: 103 rows
2025-04-15 18:35:01 - INFO - [check_vwap_diff_signal] [CZR] Analyzing VWAP reversal signal for CZR
2025-04-15 18:35:01 - INFO - [check_vwap_diff_signal] [CZR] Close: 25.49 | Low: 25.44 | High: 25.56 | VWAP: 25.47257170648454
2025-04-15 18:35:01 - DEBUG - [check_vwap_diff_signal] [CZR] [CZR] Last Candela: VWAP-Low=0.13%, High-VWAP=0.34%
2025-04-15 18:35:01 - DEBUG - [check_vwap_diff_signal] [CZR] No VWAP signal detected
2025-04-15 18:35:01 - DEBUG - [_run_single_trading_iteration] [CZR] 🔍 Signal for CZR: None
2025-04-15 18:35:01 - INFO - [_run_single_trading_iteration] [CZR] ℹ️ No valid signal for CZR
2025-04-15 18:35:01 - INFO - [get_stock_data] [MTCH] Requesting data for MTCH
2025-04-15 18:35:01 - INFO - [get_stock_data] [MTCH] Data received for MTCH: 103 rows
2025-04-15 18:35:01 - INFO - [check_vwap_diff_signal] [MTCH] Analyzing VWAP reversal signal for MTCH
2025-04-15 18:35:01 - INFO - [check_vwap_diff_signal] [MTCH] Close: 29.13 | Low: 29.05 | High: 29.14 | VWAP: 28.944209270918343
2025-04-15 18:35:01 - DEBUG - [check_vwap_diff_signal] [MTCH] [MTCH] Last Candela: VWAP-Low=-0.37%, High-VWAP=0.68%
2025-04-15 18:35:01 - DEBUG - [check_vwap_diff_signal] [MTCH] No VWAP signal detected
2025-04-15 18:35:01 - DEBUG - [_run_single_trading_iteration] [MTCH] 🔍 Signal for MTCH: None
2025-04-15 18:35:01 - INFO - [_run_single_trading_iteration] [MTCH] ℹ️ No valid signal for MTCH
2025-04-15 18:35:01 - DEBUG - [_run_single_trading_iteration] [MRNA] 🚫 Trade not allowed for MRNA (limit reached)
2025-04-15 18:35:01 - INFO - [get_stock_data] [NCHL] Requesting data for NCHL
2025-04-15 18:35:01 - ERROR - [get_stock_data] [NCHL] Error retrieving data: 'NoneType' object has no attribute 'empty'
2025-04-15 18:35:01 - DEBUG - [_run_single_trading_iteration] [WBD] 🚫 Trade not allowed for WBD (limit reached)
2025-04-15 18:35:01 - INFO - [get_stock_data] [CMCSA] Requesting data for CMCSA
2025-04-15 18:35:02 - INFO - [get_stock_data] [CMCSA] Data received for CMCSA: 103 rows
2025-04-15 18:35:02 - INFO - [check_vwap_diff_signal] [CMCSA] Analyzing VWAP reversal signal for CMCSA
2025-04-15 18:35:02 - INFO - [check_vwap_diff_signal] [CMCSA] Close: 34.6 | Low: 34.55 | High: 34.65 | VWAP: 34.56327069375161
2025-04-15 18:35:02 - DEBUG - [check_vwap_diff_signal] [CMCSA] [CMCSA] Last Candela: VWAP-Low=0.04%, High-VWAP=0.25%
2025-04-15 18:35:02 - DEBUG - [check_vwap_diff_signal] [CMCSA] No VWAP signal detected
2025-04-15 18:35:02 - DEBUG - [_run_single_trading_iteration] [CMCSA] 🔍 Signal for CMCSA: None
2025-04-15 18:35:02 - INFO - [_run_single_trading_iteration] [CMCSA] ℹ️ No valid signal for CMCSA
2025-04-15 18:35:02 - INFO - [_run_strategy_if_applicable] [N/A] ⏰ Strategy 'SMA_Cross_candle' not executed because it's outside the time window: 16:35:00 - 16:50:00
2025-04-15 18:35:02 - INFO - [_run_strategy_if_applicable] [N/A] 🔄 Starting trading loop for strategy: VWAP_diff_signal_rsi_1700
2025-04-15 18:35:02 - INFO - [get_stock_data] [IVZ] Requesting data for IVZ
2025-04-15 18:35:03 - INFO - [get_stock_data] [IVZ] Data received for IVZ: 103 rows
2025-04-15 18:35:03 - INFO - [check_vwap_diff_signal_with_rsi] [IVZ] Analyzing VWAP reversal signal for IVZ
2025-04-15 18:35:03 - INFO - [check_vwap_diff_signal_with_rsi] [IVZ] Close: 13.28 | Low: 13.24 | High: 13.3 | VWAP: 13.181654623757037 | RSI: 63.31
2025-04-15 18:35:03 - DEBUG - [check_vwap_diff_signal_with_rsi] [IVZ] [IVZ] Last Candela: VWAP-Low=-0.44%, High-VWAP=0.90%
2025-04-15 18:35:03 - DEBUG - [check_vwap_diff_signal_with_rsi] [IVZ] No VWAP+RSI signal detected
2025-04-15 18:35:03 - DEBUG - [_run_single_trading_iteration] [IVZ] 🔍 Signal for IVZ: None
2025-04-15 18:35:03 - INFO - [_run_single_trading_iteration] [IVZ] ℹ️ No valid signal for IVZ
2025-04-15 18:35:03 - INFO - [get_stock_data] [FCX] Requesting data for FCX
2025-04-15 18:35:03 - INFO - [get_stock_data] [FCX] Data received for FCX: 103 rows
2025-04-15 18:35:03 - INFO - [check_vwap_diff_signal_with_rsi] [FCX] Analyzing VWAP reversal signal for FCX
2025-04-15 18:35:03 - INFO - [check_vwap_diff_signal_with_rsi] [FCX] Close: 33.7 | Low: 33.63 | High: 33.79 | VWAP: 33.530833998016284 | RSI: 53.49
2025-04-15 18:35:03 - DEBUG - [check_vwap_diff_signal_with_rsi] [FCX] [FCX] Last Candela: VWAP-Low=-0.30%, High-VWAP=0.77%
2025-04-15 18:35:03 - DEBUG - [check_vwap_diff_signal_with_rsi] [FCX] No VWAP+RSI signal detected
2025-04-15 18:35:03 - DEBUG - [_run_single_trading_iteration] [FCX] 🔍 Signal for FCX: None
2025-04-15 18:35:03 - INFO - [_run_single_trading_iteration] [FCX] ℹ️ No valid signal for FCX
2025-04-15 18:35:03 - INFO - [get_stock_data] [HST] Requesting data for HST
2025-04-15 18:35:04 - INFO - [get_stock_data] [HST] Data received for HST: 103 rows
2025-04-15 18:35:04 - INFO - [check_vwap_diff_signal_with_rsi] [HST] Analyzing VWAP reversal signal for HST
2025-04-15 18:35:04 - INFO - [check_vwap_diff_signal_with_rsi] [HST] Close: 13.66 | Low: 13.66 | High: 13.72 | VWAP: 13.744373161648369 | RSI: 40.70
2025-04-15 18:35:04 - DEBUG - [check_vwap_diff_signal_with_rsi] [HST] [HST] Last Candela: VWAP-Low=0.61%, High-VWAP=-0.18%
2025-04-15 18:35:04 - DEBUG - [check_vwap_diff_signal_with_rsi] [HST] No VWAP+RSI signal detected
2025-04-15 18:35:04 - DEBUG - [_run_single_trading_iteration] [HST] 🔍 Signal for HST: None
2025-04-15 18:35:04 - INFO - [_run_single_trading_iteration] [HST] ℹ️ No valid signal for HST
2025-04-15 18:35:04 - INFO - [get_stock_data] [IVZ] Requesting data for IVZ
2025-04-15 18:35:04 - INFO - [get_stock_data] [IVZ] Data received for IVZ: 103 rows
2025-04-15 18:35:04 - INFO - [check_vwap_diff_signal_with_rsi] [IVZ] Analyzing VWAP reversal signal for IVZ
2025-04-15 18:35:04 - INFO - [check_vwap_diff_signal_with_rsi] [IVZ] Close: 13.28 | Low: 13.24 | High: 13.3 | VWAP: 13.181654623757037 | RSI: 63.31
2025-04-15 18:35:04 - DEBUG - [check_vwap_diff_signal_with_rsi] [IVZ] [IVZ] Last Candela: VWAP-Low=-0.44%, High-VWAP=0.90%
2025-04-15 18:35:04 - DEBUG - [check_vwap_diff_signal_with_rsi] [IVZ] No VWAP+RSI signal detected
2025-04-15 18:35:04 - DEBUG - [_run_single_trading_iteration] [IVZ] 🔍 Signal for IVZ: None
2025-04-15 18:35:04 - INFO - [_run_single_trading_iteration] [IVZ] ℹ️ No valid signal for IVZ
2025-04-15 18:35:04 - INFO - [get_stock_data] [NEM] Requesting data for NEM
2025-04-15 18:35:05 - INFO - [get_stock_data] [NEM] Data received for NEM: 103 rows
2025-04-15 18:35:05 - INFO - [check_vwap_diff_signal_with_rsi] [NEM] Analyzing VWAP reversal signal for NEM
2025-04-15 18:35:05 - INFO - [check_vwap_diff_signal_with_rsi] [NEM] Close: 54.52 | Low: 54.49 | High: 54.58 | VWAP: 54.52186255703055 | RSI: 43.89
2025-04-15 18:35:05 - DEBUG - [check_vwap_diff_signal_with_rsi] [NEM] [NEM] Last Candela: VWAP-Low=0.06%, High-VWAP=0.11%
2025-04-15 18:35:05 - DEBUG - [check_vwap_diff_signal_with_rsi] [NEM] No VWAP+RSI signal detected
2025-04-15 18:35:05 - DEBUG - [_run_single_trading_iteration] [NEM] 🔍 Signal for NEM: None
2025-04-15 18:35:05 - INFO - [_run_single_trading_iteration] [NEM] ℹ️ No valid signal for NEM
2025-04-15 18:35:05 - INFO - [get_stock_data] [LUV] Requesting data for LUV
2025-04-15 18:35:06 - INFO - [get_stock_data] [LUV] Data received for LUV: 104 rows
2025-04-15 18:35:06 - INFO - [check_vwap_diff_signal_with_rsi] [LUV] Analyzing VWAP reversal signal for LUV
2025-04-15 18:35:06 - INFO - [check_vwap_diff_signal_with_rsi] [LUV] Close: 26.2 | Low: 26.18 | High: 26.2 | VWAP: 26.303147131615397 | RSI: 52.21
2025-04-15 18:35:06 - DEBUG - [check_vwap_diff_signal_with_rsi] [LUV] [LUV] Last Candela: VWAP-Low=0.47%, High-VWAP=-0.39%
2025-04-15 18:35:06 - DEBUG - [check_vwap_diff_signal_with_rsi] [LUV] No VWAP+RSI signal detected
2025-04-15 18:35:06 - DEBUG - [_run_single_trading_iteration] [LUV] 🔍 Signal for LUV: None
2025-04-15 18:35:06 - INFO - [_run_single_trading_iteration] [LUV] ℹ️ No valid signal for LUV
2025-04-15 18:35:06 - INFO - [_run_strategy_if_applicable] [N/A] ⏰ Strategy 'EMA_Cross_ema50' not executed because it's outside the time window: 16:35:00 - 16:50:00
2025-04-15 18:35:06 - INFO - [_run_strategy_if_applicable] [N/A] ⏰ Strategy 'SMA_Cross_sma50' not executed because it's outside the time window: 16:35:00 - 16:50:00
2025-04-15 18:35:06 - INFO - [trading_loop] [N/A] 📊 Updating SL/TP for active orders
2025-04-15 18:35:07 - INFO - [_wait_until_next_iteration] [N/A] ⏳ Sleeping for 52.96 seconds before the next cycle
2025-04-15 18:36:00 - DEBUG - [trading_loop] [N/A] ⏱ Skipping EMA_Cross_candle, not yet time (every 5m)
2025-04-15 18:36:00 - DEBUG - [trading_loop] [N/A] ⏱ Skipping VWAP_diff_signal_1700, not yet time (every 5m)
2025-04-15 18:36:00 - DEBUG - [trading_loop] [N/A] ⏱ Skipping SMA_Cross_candle, not yet time (every 5m)
2025-04-15 18:36:00 - DEBUG - [trading_loop] [N/A] ⏱ Skipping VWAP_diff_signal_rsi_1700, not yet time (every 5m)
2025-04-15 18:36:00 - DEBUG - [trading_loop] [N/A] ⏱ Skipping EMA_Cross_ema50, not yet time (every 5m)
2025-04-15 18:36:00 - DEBUG - [trading_loop] [N/A] ⏱ Skipping SMA_Cross_sma50, not yet time (every 5m)
2025-04-15 18:36:00 - INFO - [trading_loop] [N/A] 📊 Updating SL/TP for active orders
2025-04-15 18:36:01 - INFO - [_wait_until_next_iteration] [N/A] ⏳ Sleeping for 58.95 seconds before the next cycle
2025-04-15 18:37:00 - DEBUG - [trading_loop] [N/A] ⏱ Skipping EMA_Cross_candle, not yet time (every 5m)
2025-04-15 18:37:00 - DEBUG - [trading_loop] [N/A] ⏱ Skipping VWAP_diff_signal_1700, not yet time (every 5m)
2025-04-15 18:37:00 - DEBUG - [trading_loop] [N/A] ⏱ Skipping SMA_Cross_candle, not yet time (every 5m)
2025-04-15 18:37:00 - DEBUG - [trading_loop] [N/A] ⏱ Skipping VWAP_diff_signal_rsi_1700, not yet time (every 5m)
2025-04-15 18:37:00 - DEBUG - [trading_loop] [N/A] ⏱ Skipping EMA_Cross_ema50, not yet time (every 5m)
2025-04-15 18:37:00 - DEBUG - [trading_loop] [N/A] ⏱ Skipping SMA_Cross_sma50, not yet time (every 5m)
2025-04-15 18:37:00 - INFO - [trading_loop] [N/A] 📊 Updating SL/TP for active orders
2025-04-15 18:37:01 - INFO - [_wait_until_next_iteration] [N/A] ⏳ Sleeping for 58.94 seconds before the next cycle
2025-04-15 18:38:00 - DEBUG - [trading_loop] [N/A] ⏱ Skipping EMA_Cross_candle, not yet time (every 5m)
2025-04-15 18:38:00 - DEBUG - [trading_loop] [N/A] ⏱ Skipping VWAP_diff_signal_1700, not yet time (every 5m)
2025-04-15 18:38:00 - DEBUG - [trading_loop] [N/A] ⏱ Skipping SMA_Cross_candle, not yet time (every 5m)
2025-04-15 18:38:00 - DEBUG - [trading_loop] [N/A] ⏱ Skipping VWAP_diff_signal_rsi_1700, not yet time (every 5m)
2025-04-15 18:38:00 - DEBUG - [trading_loop] [N/A] ⏱ Skipping EMA_Cross_ema50, not yet time (every 5m)
2025-04-15 18:38:00 - DEBUG - [trading_loop] [N/A] ⏱ Skipping SMA_Cross_sma50, not yet time (every 5m)
2025-04-15 18:38:00 - INFO - [trading_loop] [N/A] 📊 Updating SL/TP for active orders
2025-04-15 18:38:01 - INFO - [_wait_until_next_iteration] [N/A] ⏳ Sleeping for 58.94 seconds before the next cycle
2025-04-15 18:39:00 - DEBUG - [trading_loop] [N/A] ⏱ Skipping EMA_Cross_candle, not yet time (every 5m)
2025-04-15 18:39:00 - DEBUG - [trading_loop] [N/A] ⏱ Skipping VWAP_diff_signal_1700, not yet time (every 5m)
2025-04-15 18:39:00 - DEBUG - [trading_loop] [N/A] ⏱ Skipping SMA_Cross_candle, not yet time (every 5m)
2025-04-15 18:39:00 - DEBUG - [trading_loop] [N/A] ⏱ Skipping VWAP_diff_signal_rsi_1700, not yet time (every 5m)
2025-04-15 18:39:00 - DEBUG - [trading_loop] [N/A] ⏱ Skipping EMA_Cross_ema50, not yet time (every 5m)
2025-04-15 18:39:00 - DEBUG - [trading_loop] [N/A] ⏱ Skipping SMA_Cross_sma50, not yet time (every 5m)
2025-04-15 18:39:00 - INFO - [trading_loop] [N/A] 📊 Updating SL/TP for active orders
2025-04-15 18:39:01 - INFO - [_wait_until_next_iteration] [N/A] ⏳ Sleeping for 58.95 seconds before the next cycle
2025-04-15 18:40:00 - INFO - [_run_strategy_if_applicable] [N/A] ⏰ Strategy 'EMA_Cross_candle' not executed because it's outside the time window: 16:35:00 - 16:50:00
2025-04-15 18:40:00 - INFO - [_run_strategy_if_applicable] [N/A] 🔄 Starting trading loop for strategy: VWAP_diff_signal_1700
2025-04-15 18:40:00 - INFO - [get_stock_data] [HBAN] Requesting data for HBAN
2025-04-15 18:40:00 - INFO - [get_stock_data] [HBAN] Data received for HBAN: 104 rows
2025-04-15 18:40:00 - INFO - [check_vwap_diff_signal] [HBAN] Analyzing VWAP reversal signal for HBAN
2025-04-15 18:40:00 - INFO - [check_vwap_diff_signal] [HBAN] Close: 13.58 | Low: 13.53 | High: 13.59 | VWAP: 13.51718459214882
2025-04-15 18:40:00 - DEBUG - [check_vwap_diff_signal] [HBAN] [HBAN] Last Candela: VWAP-Low=-0.09%, High-VWAP=0.54%
2025-04-15 18:40:00 - DEBUG - [check_vwap_diff_signal] [HBAN] No VWAP signal detected
2025-04-15 18:40:00 - DEBUG - [_run_single_trading_iteration] [HBAN] 🔍 Signal for HBAN: None
2025-04-15 18:40:00 - INFO - [_run_single_trading_iteration] [HBAN] ℹ️ No valid signal for HBAN
2025-04-15 18:40:00 - INFO - [get_stock_data] [CZR] Requesting data for CZR
2025-04-15 18:40:01 - INFO - [get_stock_data] [CZR] Data received for CZR: 104 rows
2025-04-15 18:40:01 - INFO - [check_vwap_diff_signal] [CZR] Analyzing VWAP reversal signal for CZR
2025-04-15 18:40:01 - INFO - [check_vwap_diff_signal] [CZR] Close: 25.47 | Low: 25.41 | High: 25.5 | VWAP: 25.47250140755144
2025-04-15 18:40:01 - DEBUG - [check_vwap_diff_signal] [CZR] [CZR] Last Candela: VWAP-Low=0.25%, High-VWAP=0.11%
2025-04-15 18:40:01 - DEBUG - [check_vwap_diff_signal] [CZR] No VWAP signal detected
2025-04-15 18:40:01 - DEBUG - [_run_single_trading_iteration] [CZR] 🔍 Signal for CZR: None
2025-04-15 18:40:01 - INFO - [_run_single_trading_iteration] [CZR] ℹ️ No valid signal for CZR
2025-04-15 18:40:01 - INFO - [get_stock_data] [MTCH] Requesting data for MTCH
2025-04-15 18:40:01 - INFO - [get_stock_data] [MTCH] Data received for MTCH: 104 rows
2025-04-15 18:40:01 - INFO - [check_vwap_diff_signal] [MTCH] Analyzing VWAP reversal signal for MTCH
2025-04-15 18:40:01 - INFO - [check_vwap_diff_signal] [MTCH] Close: 29.12 | Low: 29.09 | High: 29.15 | VWAP: 28.94621434711823
2025-04-15 18:40:01 - DEBUG - [check_vwap_diff_signal] [MTCH] [MTCH] Last Candela: VWAP-Low=-0.50%, High-VWAP=0.70%
2025-04-15 18:40:01 - DEBUG - [check_vwap_diff_signal] [MTCH] No VWAP signal detected
2025-04-15 18:40:01 - DEBUG - [_run_single_trading_iteration] [MTCH] 🔍 Signal for MTCH: None
2025-04-15 18:40:01 - INFO - [_run_single_trading_iteration] [MTCH] ℹ️ No valid signal for MTCH
2025-04-15 18:40:01 - DEBUG - [_run_single_trading_iteration] [MRNA] 🚫 Trade not allowed for MRNA (limit reached)
2025-04-15 18:40:01 - INFO - [get_stock_data] [NCHL] Requesting data for NCHL
2025-04-15 18:40:02 - ERROR - [get_stock_data] [NCHL] Error retrieving data: 'NoneType' object has no attribute 'empty'
2025-04-15 18:40:02 - DEBUG - [_run_single_trading_iteration] [WBD] 🚫 Trade not allowed for WBD (limit reached)
2025-04-15 18:40:02 - INFO - [get_stock_data] [CMCSA] Requesting data for CMCSA
2025-04-15 18:40:02 - INFO - [get_stock_data] [CMCSA] Data received for CMCSA: 104 rows
2025-04-15 18:40:02 - INFO - [check_vwap_diff_signal] [CMCSA] Analyzing VWAP reversal signal for CMCSA
2025-04-15 18:40:02 - INFO - [check_vwap_diff_signal] [CMCSA] Close: 34.66 | Low: 34.59 | High: 34.66 | VWAP: 34.56475176315427
2025-04-15 18:40:02 - DEBUG - [check_vwap_diff_signal] [CMCSA] [CMCSA] Last Candela: VWAP-Low=-0.07%, High-VWAP=0.28%
2025-04-15 18:40:02 - DEBUG - [check_vwap_diff_signal] [CMCSA] No VWAP signal detected
2025-04-15 18:40:02 - DEBUG - [_run_single_trading_iteration] [CMCSA] 🔍 Signal for CMCSA: None
2025-04-15 18:40:02 - INFO - [_run_single_trading_iteration] [CMCSA] ℹ️ No valid signal for CMCSA
2025-04-15 18:40:02 - INFO - [_run_strategy_if_applicable] [N/A] ⏰ Strategy 'SMA_Cross_candle' not executed because it's outside the time window: 16:35:00 - 16:50:00
2025-04-15 18:40:02 - INFO - [_run_strategy_if_applicable] [N/A] 🔄 Starting trading loop for strategy: VWAP_diff_signal_rsi_1700
2025-04-15 18:40:02 - INFO - [get_stock_data] [IVZ] Requesting data for IVZ
2025-04-15 18:40:03 - INFO - [get_stock_data] [IVZ] Data received for IVZ: 104 rows
2025-04-15 18:40:03 - INFO - [check_vwap_diff_signal_with_rsi] [IVZ] Analyzing VWAP reversal signal for IVZ
2025-04-15 18:40:03 - INFO - [check_vwap_diff_signal_with_rsi] [IVZ] Close: 13.26 | Low: 13.21 | High: 13.28 | VWAP: 13.182848476534927 | RSI: 60.07
2025-04-15 18:40:03 - DEBUG - [check_vwap_diff_signal_with_rsi] [IVZ] [IVZ] Last Candela: VWAP-Low=-0.21%, High-VWAP=0.74%
2025-04-15 18:40:03 - DEBUG - [check_vwap_diff_signal_with_rsi] [IVZ] No VWAP+RSI signal detected
2025-04-15 18:40:03 - DEBUG - [_run_single_trading_iteration] [IVZ] 🔍 Signal for IVZ: None
2025-04-15 18:40:03 - INFO - [_run_single_trading_iteration] [IVZ] ℹ️ No valid signal for IVZ
2025-04-15 18:40:03 - INFO - [get_stock_data] [FCX] Requesting data for FCX
2025-04-15 18:40:03 - INFO - [get_stock_data] [FCX] Data received for FCX: 104 rows
2025-04-15 18:40:03 - INFO - [check_vwap_diff_signal_with_rsi] [FCX] Analyzing VWAP reversal signal for FCX
2025-04-15 18:40:03 - INFO - [check_vwap_diff_signal_with_rsi] [FCX] Close: 33.68 | Low: 33.61 | High: 33.79 | VWAP: 33.533478908758966 | RSI: 52.37
2025-04-15 18:40:03 - DEBUG - [check_vwap_diff_signal_with_rsi] [FCX] [FCX] Last Candela: VWAP-Low=-0.23%, High-VWAP=0.76%
2025-04-15 18:40:03 - DEBUG - [check_vwap_diff_signal_with_rsi] [FCX] No VWAP+RSI signal detected
2025-04-15 18:40:03 - DEBUG - [_run_single_trading_iteration] [FCX] 🔍 Signal for FCX: None
2025-04-15 18:40:03 - INFO - [_run_single_trading_iteration] [FCX] ℹ️ No valid signal for FCX
2025-04-15 18:40:03 - INFO - [get_stock_data] [HST] Requesting data for HST
2025-04-15 18:40:04 - INFO - [get_stock_data] [HST] Data received for HST: 104 rows
2025-04-15 18:40:04 - INFO - [check_vwap_diff_signal_with_rsi] [HST] Analyzing VWAP reversal signal for HST
2025-04-15 18:40:04 - INFO - [check_vwap_diff_signal_with_rsi] [HST] Close: 13.66 | Low: 13.64 | High: 13.69 | VWAP: 13.742908750814355 | RSI: 40.70
2025-04-15 18:40:04 - DEBUG - [check_vwap_diff_signal_with_rsi] [HST] [HST] Last Candela: VWAP-Low=0.75%, High-VWAP=-0.38%
2025-04-15 18:40:04 - DEBUG - [check_vwap_diff_signal_with_rsi] [HST] No VWAP+RSI signal detected
2025-04-15 18:40:04 - DEBUG - [_run_single_trading_iteration] [HST] 🔍 Signal for HST: None
2025-04-15 18:40:04 - INFO - [_run_single_trading_iteration] [HST] ℹ️ No valid signal for HST
2025-04-15 18:40:04 - INFO - [get_stock_data] [IVZ] Requesting data for IVZ
2025-04-15 18:40:05 - INFO - [get_stock_data] [IVZ] Data received for IVZ: 104 rows
2025-04-15 18:40:05 - INFO - [check_vwap_diff_signal_with_rsi] [IVZ] Analyzing VWAP reversal signal for IVZ
2025-04-15 18:40:05 - INFO - [check_vwap_diff_signal_with_rsi] [IVZ] Close: 13.26 | Low: 13.21 | High: 13.28 | VWAP: 13.182848476534927 | RSI: 60.07
2025-04-15 18:40:05 - DEBUG - [check_vwap_diff_signal_with_rsi] [IVZ] [IVZ] Last Candela: VWAP-Low=-0.21%, High-VWAP=0.74%
2025-04-15 18:40:05 - DEBUG - [check_vwap_diff_signal_with_rsi] [IVZ] No VWAP+RSI signal detected
2025-04-15 18:40:05 - DEBUG - [_run_single_trading_iteration] [IVZ] 🔍 Signal for IVZ: None
2025-04-15 18:40:05 - INFO - [_run_single_trading_iteration] [IVZ] ℹ️ No valid signal for IVZ
2025-04-15 18:40:05 - INFO - [get_stock_data] [NEM] Requesting data for NEM
2025-04-15 18:40:05 - INFO - [get_stock_data] [NEM] Data received for NEM: 105 rows
2025-04-15 18:40:05 - INFO - [check_vwap_diff_signal_with_rsi] [NEM] Analyzing VWAP reversal signal for NEM
2025-04-15 18:40:05 - INFO - [check_vwap_diff_signal_with_rsi] [NEM] Close: 54.46 | Low: 54.46 | High: 54.47 | VWAP: 54.521032673030575 | RSI: 41.79
2025-04-15 18:40:05 - DEBUG - [check_vwap_diff_signal_with_rsi] [NEM] [NEM] Last Candela: VWAP-Low=0.11%, High-VWAP=-0.09%
2025-04-15 18:40:05 - DEBUG - [check_vwap_diff_signal_with_rsi] [NEM] No VWAP+RSI signal detected
2025-04-15 18:40:05 - DEBUG - [_run_single_trading_iteration] [NEM] 🔍 Signal for NEM: None
2025-04-15 18:40:05 - INFO - [_run_single_trading_iteration] [NEM] ℹ️ No valid signal for NEM
2025-04-15 18:40:05 - INFO - [get_stock_data] [LUV] Requesting data for LUV
2025-04-15 18:40:06 - INFO - [get_stock_data] [LUV] Data received for LUV: 105 rows
2025-04-15 18:40:06 - INFO - [check_vwap_diff_signal_with_rsi] [LUV] Analyzing VWAP reversal signal for LUV
2025-04-15 18:40:06 - INFO - [check_vwap_diff_signal_with_rsi] [LUV] Close: 26.11 | Low: 26.11 | High: 26.12 | VWAP: 26.298765198161927 | RSI: 47.49
2025-04-15 18:40:06 - DEBUG - [check_vwap_diff_signal_with_rsi] [LUV] [LUV] Last Candela: VWAP-Low=0.72%, High-VWAP=-0.68%
2025-04-15 18:40:06 - DEBUG - [check_vwap_diff_signal_with_rsi] [LUV] No VWAP+RSI signal detected
2025-04-15 18:40:06 - DEBUG - [_run_single_trading_iteration] [LUV] 🔍 Signal for LUV: None
2025-04-15 18:40:06 - INFO - [_run_single_trading_iteration] [LUV] ℹ️ No valid signal for LUV
2025-04-15 18:40:06 - INFO - [_run_strategy_if_applicable] [N/A] ⏰ Strategy 'EMA_Cross_ema50' not executed because it's outside the time window: 16:35:00 - 16:50:00
2025-04-15 18:40:06 - INFO - [_run_strategy_if_applicable] [N/A] ⏰ Strategy 'SMA_Cross_sma50' not executed because it's outside the time window: 16:35:00 - 16:50:00
2025-04-15 18:40:06 - INFO - [trading_loop] [N/A] 📊 Updating SL/TP for active orders
2025-04-15 18:40:07 - INFO - [_wait_until_next_iteration] [N/A] ⏳ Sleeping for 52.79 seconds before the next cycle
2025-04-15 18:41:00 - DEBUG - [trading_loop] [N/A] ⏱ Skipping EMA_Cross_candle, not yet time (every 5m)
2025-04-15 18:41:00 - DEBUG - [trading_loop] [N/A] ⏱ Skipping VWAP_diff_signal_1700, not yet time (every 5m)
2025-04-15 18:41:00 - DEBUG - [trading_loop] [N/A] ⏱ Skipping SMA_Cross_candle, not yet time (every 5m)
2025-04-15 18:41:00 - DEBUG - [trading_loop] [N/A] ⏱ Skipping VWAP_diff_signal_rsi_1700, not yet time (every 5m)
2025-04-15 18:41:00 - DEBUG - [trading_loop] [N/A] ⏱ Skipping EMA_Cross_ema50, not yet time (every 5m)
2025-04-15 18:41:00 - DEBUG - [trading_loop] [N/A] ⏱ Skipping SMA_Cross_sma50, not yet time (every 5m)
2025-04-15 18:41:00 - INFO - [trading_loop] [N/A] 📊 Updating SL/TP for active orders
2025-04-15 18:41:01 - INFO - [_wait_until_next_iteration] [N/A] ⏳ Sleeping for 58.94 seconds before the next cycle
2025-04-15 18:42:00 - DEBUG - [trading_loop] [N/A] ⏱ Skipping EMA_Cross_candle, not yet time (every 5m)
2025-04-15 18:42:00 - DEBUG - [trading_loop] [N/A] ⏱ Skipping VWAP_diff_signal_1700, not yet time (every 5m)
2025-04-15 18:42:00 - DEBUG - [trading_loop] [N/A] ⏱ Skipping SMA_Cross_candle, not yet time (every 5m)
2025-04-15 18:42:00 - DEBUG - [trading_loop] [N/A] ⏱ Skipping VWAP_diff_signal_rsi_1700, not yet time (every 5m)
2025-04-15 18:42:00 - DEBUG - [trading_loop] [N/A] ⏱ Skipping EMA_Cross_ema50, not yet time (every 5m)
2025-04-15 18:42:00 - DEBUG - [trading_loop] [N/A] ⏱ Skipping SMA_Cross_sma50, not yet time (every 5m)
2025-04-15 18:42:00 - INFO - [trading_loop] [N/A] 📊 Updating SL/TP for active orders
2025-04-15 18:42:01 - INFO - [_wait_until_next_iteration] [N/A] ⏳ Sleeping for 58.94 seconds before the next cycle
2025-04-15 18:43:00 - DEBUG - [trading_loop] [N/A] ⏱ Skipping EMA_Cross_candle, not yet time (every 5m)
2025-04-15 18:43:00 - DEBUG - [trading_loop] [N/A] ⏱ Skipping VWAP_diff_signal_1700, not yet time (every 5m)
2025-04-15 18:43:00 - DEBUG - [trading_loop] [N/A] ⏱ Skipping SMA_Cross_candle, not yet time (every 5m)
2025-04-15 18:43:00 - DEBUG - [trading_loop] [N/A] ⏱ Skipping VWAP_diff_signal_rsi_1700, not yet time (every 5m)
2025-04-15 18:43:00 - DEBUG - [trading_loop] [N/A] ⏱ Skipping EMA_Cross_ema50, not yet time (every 5m)
2025-04-15 18:43:00 - DEBUG - [trading_loop] [N/A] ⏱ Skipping SMA_Cross_sma50, not yet time (every 5m)
2025-04-15 18:43:00 - INFO - [trading_loop] [N/A] 📊 Updating SL/TP for active orders
2025-04-15 18:43:01 - INFO - [_wait_until_next_iteration] [N/A] ⏳ Sleeping for 58.93 seconds before the next cycle
2025-04-15 18:44:00 - DEBUG - [trading_loop] [N/A] ⏱ Skipping EMA_Cross_candle, not yet time (every 5m)
2025-04-15 18:44:00 - DEBUG - [trading_loop] [N/A] ⏱ Skipping VWAP_diff_signal_1700, not yet time (every 5m)
2025-04-15 18:44:00 - DEBUG - [trading_loop] [N/A] ⏱ Skipping SMA_Cross_candle, not yet time (every 5m)
2025-04-15 18:44:00 - DEBUG - [trading_loop] [N/A] ⏱ Skipping VWAP_diff_signal_rsi_1700, not yet time (every 5m)
2025-04-15 18:44:00 - DEBUG - [trading_loop] [N/A] ⏱ Skipping EMA_Cross_ema50, not yet time (every 5m)
2025-04-15 18:44:00 - DEBUG - [trading_loop] [N/A] ⏱ Skipping SMA_Cross_sma50, not yet time (every 5m)
2025-04-15 18:44:00 - INFO - [trading_loop] [N/A] 📊 Updating SL/TP for active orders
2025-04-15 18:44:01 - INFO - [_wait_until_next_iteration] [N/A] ⏳ Sleeping for 58.93 seconds before the next cycle
2025-04-15 18:45:00 - INFO - [_run_strategy_if_applicable] [N/A] ⏰ Strategy 'EMA_Cross_candle' not executed because it's outside the time window: 16:35:00 - 16:50:00
2025-04-15 18:45:00 - INFO - [_run_strategy_if_applicable] [N/A] 🔄 Starting trading loop for strategy: VWAP_diff_signal_1700
2025-04-15 18:45:00 - INFO - [get_stock_data] [HBAN] Requesting data for HBAN
2025-04-15 18:45:00 - INFO - [get_stock_data] [HBAN] Data received for HBAN: 105 rows
2025-04-15 18:45:00 - INFO - [check_vwap_diff_signal] [HBAN] Analyzing VWAP reversal signal for HBAN
2025-04-15 18:45:00 - INFO - [check_vwap_diff_signal] [HBAN] Close: 13.59 | Low: 13.55 | High: 13.59 | VWAP: 13.518312723207835
2025-04-15 18:45:00 - DEBUG - [check_vwap_diff_signal] [HBAN] [HBAN] Last Candela: VWAP-Low=-0.23%, High-VWAP=0.53%
2025-04-15 18:45:00 - DEBUG - [check_vwap_diff_signal] [HBAN] No VWAP signal detected
2025-04-15 18:45:00 - DEBUG - [_run_single_trading_iteration] [HBAN] 🔍 Signal for HBAN: None
2025-04-15 18:45:00 - INFO - [_run_single_trading_iteration] [HBAN] ℹ️ No valid signal for HBAN
2025-04-15 18:45:00 - INFO - [get_stock_data] [CZR] Requesting data for CZR
2025-04-15 18:45:01 - INFO - [get_stock_data] [CZR] Data received for CZR: 105 rows
2025-04-15 18:45:01 - INFO - [check_vwap_diff_signal] [CZR] Analyzing VWAP reversal signal for CZR
2025-04-15 18:45:01 - INFO - [check_vwap_diff_signal] [CZR] Close: 25.42 | Low: 25.4 | High: 25.46 | VWAP: 25.47163864047019
2025-04-15 18:45:01 - DEBUG - [check_vwap_diff_signal] [CZR] [CZR] Last Candela: VWAP-Low=0.28%, High-VWAP=-0.05%
2025-04-15 18:45:01 - DEBUG - [check_vwap_diff_signal] [CZR] No VWAP signal detected
2025-04-15 18:45:01 - DEBUG - [_run_single_trading_iteration] [CZR] 🔍 Signal for CZR: None
2025-04-15 18:45:01 - INFO - [_run_single_trading_iteration] [CZR] ℹ️ No valid signal for CZR
2025-04-15 18:45:01 - INFO - [get_stock_data] [MTCH] Requesting data for MTCH
2025-04-15 18:45:01 - INFO - [get_stock_data] [MTCH] Data received for MTCH: 105 rows
2025-04-15 18:45:01 - INFO - [check_vwap_diff_signal] [MTCH] Analyzing VWAP reversal signal for MTCH
2025-04-15 18:45:01 - INFO - [check_vwap_diff_signal] [MTCH] Close: 29.17 | Low: 29.13 | High: 29.17 | VWAP: 28.95056153107163
2025-04-15 18:45:01 - DEBUG - [check_vwap_diff_signal] [MTCH] [MTCH] Last Candela: VWAP-Low=-0.62%, High-VWAP=0.76%
2025-04-15 18:45:01 - DEBUG - [check_vwap_diff_signal] [MTCH] No VWAP signal detected
2025-04-15 18:45:01 - DEBUG - [_run_single_trading_iteration] [MTCH] 🔍 Signal for MTCH: None
2025-04-15 18:45:01 - INFO - [_run_single_trading_iteration] [MTCH] ℹ️ No valid signal for MTCH
2025-04-15 18:45:01 - DEBUG - [_run_single_trading_iteration] [MRNA] 🚫 Trade not allowed for MRNA (limit reached)
2025-04-15 18:45:01 - INFO - [get_stock_data] [NCHL] Requesting data for NCHL
2025-04-15 18:45:02 - ERROR - [get_stock_data] [NCHL] Error retrieving data: 'NoneType' object has no attribute 'empty'
2025-04-15 18:45:02 - DEBUG - [_run_single_trading_iteration] [WBD] 🚫 Trade not allowed for WBD (limit reached)
2025-04-15 18:45:02 - INFO - [get_stock_data] [CMCSA] Requesting data for CMCSA
2025-04-15 18:45:02 - INFO - [get_stock_data] [CMCSA] Data received for CMCSA: 105 rows
2025-04-15 18:45:02 - INFO - [check_vwap_diff_signal] [CMCSA] Analyzing VWAP reversal signal for CMCSA
2025-04-15 18:45:02 - INFO - [check_vwap_diff_signal] [CMCSA] Close: 34.68 | Low: 34.65 | High: 34.69 | VWAP: 34.56681219579586
2025-04-15 18:45:02 - DEBUG - [check_vwap_diff_signal] [CMCSA] [CMCSA] Last Candela: VWAP-Low=-0.24%, High-VWAP=0.36%
2025-04-15 18:45:02 - DEBUG - [check_vwap_diff_signal] [CMCSA] No VWAP signal detected
2025-04-15 18:45:02 - DEBUG - [_run_single_trading_iteration] [CMCSA] 🔍 Signal for CMCSA: None
2025-04-15 18:45:02 - INFO - [_run_single_trading_iteration] [CMCSA] ℹ️ No valid signal for CMCSA
2025-04-15 18:45:02 - INFO - [_run_strategy_if_applicable] [N/A] ⏰ Strategy 'SMA_Cross_candle' not executed because it's outside the time window: 16:35:00 - 16:50:00
2025-04-15 18:45:02 - INFO - [_run_strategy_if_applicable] [N/A] 🔄 Starting trading loop for strategy: VWAP_diff_signal_rsi_1700
2025-04-15 18:45:02 - INFO - [get_stock_data] [IVZ] Requesting data for IVZ
2025-04-15 18:45:03 - INFO - [get_stock_data] [IVZ] Data received for IVZ: 105 rows
2025-04-15 18:45:03 - INFO - [check_vwap_diff_signal_with_rsi] [IVZ] Analyzing VWAP reversal signal for IVZ
2025-04-15 18:45:03 - INFO - [check_vwap_diff_signal_with_rsi] [IVZ] Close: 13.25 | Low: 13.23 | High: 13.26 | VWAP: 13.18382551499486 | RSI: 58.46
2025-04-15 18:45:03 - DEBUG - [check_vwap_diff_signal_with_rsi] [IVZ] [IVZ] Last Candela: VWAP-Low=-0.35%, High-VWAP=0.58%
2025-04-15 18:45:03 - DEBUG - [check_vwap_diff_signal_with_rsi] [IVZ] No VWAP+RSI signal detected
2025-04-15 18:45:03 - DEBUG - [_run_single_trading_iteration] [IVZ] 🔍 Signal for IVZ: None
2025-04-15 18:45:03 - INFO - [_run_single_trading_iteration] [IVZ] ℹ️ No valid signal for IVZ
2025-04-15 18:45:03 - INFO - [get_stock_data] [FCX] Requesting data for FCX
2025-04-15 18:45:03 - INFO - [get_stock_data] [FCX] Data received for FCX: 105 rows
2025-04-15 18:45:03 - INFO - [check_vwap_diff_signal_with_rsi] [FCX] Analyzing VWAP reversal signal for FCX
2025-04-15 18:45:03 - INFO - [check_vwap_diff_signal_with_rsi] [FCX] Close: 33.64 | Low: 33.64 | High: 33.72 | VWAP: 33.535517684093804 | RSI: 50.10
2025-04-15 18:45:03 - DEBUG - [check_vwap_diff_signal_with_rsi] [FCX] [FCX] Last Candela: VWAP-Low=-0.31%, High-VWAP=0.55%
2025-04-15 18:45:03 - DEBUG - [check_vwap_diff_signal_with_rsi] [FCX] No VWAP+RSI signal detected
2025-04-15 18:45:03 - DEBUG - [_run_single_trading_iteration] [FCX] 🔍 Signal for FCX: None
2025-04-15 18:45:03 - INFO - [_run_single_trading_iteration] [FCX] ℹ️ No valid signal for FCX
2025-04-15 18:45:03 - INFO - [get_stock_data] [HST] Requesting data for HST
2025-04-15 18:45:04 - INFO - [get_stock_data] [HST] Data received for HST: 105 rows
2025-04-15 18:45:04 - INFO - [check_vwap_diff_signal_with_rsi] [HST] Analyzing VWAP reversal signal for HST
2025-04-15 18:45:04 - INFO - [check_vwap_diff_signal_with_rsi] [HST] Close: 13.68 | Low: 13.65 | High: 13.7 | VWAP: 13.741669823426633 | RSI: 44.37
2025-04-15 18:45:04 - DEBUG - [check_vwap_diff_signal_with_rsi] [HST] [HST] Last Candela: VWAP-Low=0.67%, High-VWAP=-0.30%
2025-04-15 18:45:04 - DEBUG - [check_vwap_diff_signal_with_rsi] [HST] No VWAP+RSI signal detected
2025-04-15 18:45:04 - DEBUG - [_run_single_trading_iteration] [HST] 🔍 Signal for HST: None
2025-04-15 18:45:04 - INFO - [_run_single_trading_iteration] [HST] ℹ️ No valid signal for HST
2025-04-15 18:45:04 - INFO - [get_stock_data] [IVZ] Requesting data for IVZ
2025-04-15 18:45:04 - INFO - [get_stock_data] [IVZ] Data received for IVZ: 105 rows
2025-04-15 18:45:04 - INFO - [check_vwap_diff_signal_with_rsi] [IVZ] Analyzing VWAP reversal signal for IVZ
2025-04-15 18:45:04 - INFO - [check_vwap_diff_signal_with_rsi] [IVZ] Close: 13.25 | Low: 13.23 | High: 13.26 | VWAP: 13.18382551499486 | RSI: 58.46
2025-04-15 18:45:04 - DEBUG - [check_vwap_diff_signal_with_rsi] [IVZ] [IVZ] Last Candela: VWAP-Low=-0.35%, High-VWAP=0.58%
2025-04-15 18:45:04 - DEBUG - [check_vwap_diff_signal_with_rsi] [IVZ] No VWAP+RSI signal detected
2025-04-15 18:45:04 - DEBUG - [_run_single_trading_iteration] [IVZ] 🔍 Signal for IVZ: None
2025-04-15 18:45:04 - INFO - [_run_single_trading_iteration] [IVZ] ℹ️ No valid signal for IVZ
2025-04-15 18:45:04 - INFO - [get_stock_data] [NEM] Requesting data for NEM
2025-04-15 18:45:05 - INFO - [get_stock_data] [NEM] Data received for NEM: 105 rows
2025-04-15 18:45:05 - INFO - [check_vwap_diff_signal_with_rsi] [NEM] Analyzing VWAP reversal signal for NEM
2025-04-15 18:45:05 - INFO - [check_vwap_diff_signal_with_rsi] [NEM] Close: 54.44 | Low: 54.4 | High: 54.48 | VWAP: 54.520002233912365 | RSI: 41.09
2025-04-15 18:45:05 - DEBUG - [check_vwap_diff_signal_with_rsi] [NEM] [NEM] Last Candela: VWAP-Low=0.22%, High-VWAP=-0.07%
2025-04-15 18:45:05 - DEBUG - [check_vwap_diff_signal_with_rsi] [NEM] No VWAP+RSI signal detected
2025-04-15 18:45:05 - DEBUG - [_run_single_trading_iteration] [NEM] 🔍 Signal for NEM: None
2025-04-15 18:45:05 - INFO - [_run_single_trading_iteration] [NEM] ℹ️ No valid signal for NEM
2025-04-15 18:45:05 - INFO - [get_stock_data] [LUV] Requesting data for LUV
2025-04-15 18:45:05 - INFO - [get_stock_data] [LUV] Data received for LUV: 106 rows
2025-04-15 18:45:05 - INFO - [check_vwap_diff_signal_with_rsi] [LUV] Analyzing VWAP reversal signal for LUV
2025-04-15 18:45:06 - INFO - [check_vwap_diff_signal_with_rsi] [LUV] Close: 26.07 | Low: 26.06 | High: 26.07 | VWAP: 26.291456800943077 | RSI: 45.67
2025-04-15 18:45:06 - DEBUG - [check_vwap_diff_signal_with_rsi] [LUV] [LUV] Last Candela: VWAP-Low=0.88%, High-VWAP=-0.84%
2025-04-15 18:45:06 - DEBUG - [check_vwap_diff_signal_with_rsi] [LUV] No VWAP+RSI signal detected
2025-04-15 18:45:06 - DEBUG - [_run_single_trading_iteration] [LUV] 🔍 Signal for LUV: None
2025-04-15 18:45:06 - INFO - [_run_single_trading_iteration] [LUV] ℹ️ No valid signal for LUV
2025-04-15 18:45:06 - INFO - [_run_strategy_if_applicable] [N/A] ⏰ Strategy 'EMA_Cross_ema50' not executed because it's outside the time window: 16:35:00 - 16:50:00
2025-04-15 18:45:06 - INFO - [_run_strategy_if_applicable] [N/A] ⏰ Strategy 'SMA_Cross_sma50' not executed because it's outside the time window: 16:35:00 - 16:50:00
2025-04-15 18:45:06 - INFO - [trading_loop] [N/A] 📊 Updating SL/TP for active orders
2025-04-15 18:45:07 - INFO - [_wait_until_next_iteration] [N/A] ⏳ Sleeping for 52.98 seconds before the next cycle
2025-04-15 18:46:00 - DEBUG - [trading_loop] [N/A] ⏱ Skipping EMA_Cross_candle, not yet time (every 5m)
2025-04-15 18:46:00 - DEBUG - [trading_loop] [N/A] ⏱ Skipping VWAP_diff_signal_1700, not yet time (every 5m)
2025-04-15 18:46:00 - DEBUG - [trading_loop] [N/A] ⏱ Skipping SMA_Cross_candle, not yet time (every 5m)
2025-04-15 18:46:00 - DEBUG - [trading_loop] [N/A] ⏱ Skipping VWAP_diff_signal_rsi_1700, not yet time (every 5m)
2025-04-15 18:46:00 - DEBUG - [trading_loop] [N/A] ⏱ Skipping EMA_Cross_ema50, not yet time (every 5m)
2025-04-15 18:46:00 - DEBUG - [trading_loop] [N/A] ⏱ Skipping SMA_Cross_sma50, not yet time (every 5m)
2025-04-15 18:46:00 - INFO - [trading_loop] [N/A] 📊 Updating SL/TP for active orders
2025-04-15 18:46:01 - INFO - [_wait_until_next_iteration] [N/A] ⏳ Sleeping for 58.93 seconds before the next cycle
2025-04-15 18:47:00 - DEBUG - [trading_loop] [N/A] ⏱ Skipping EMA_Cross_candle, not yet time (every 5m)
2025-04-15 18:47:00 - DEBUG - [trading_loop] [N/A] ⏱ Skipping VWAP_diff_signal_1700, not yet time (every 5m)
2025-04-15 18:47:00 - DEBUG - [trading_loop] [N/A] ⏱ Skipping SMA_Cross_candle, not yet time (every 5m)
2025-04-15 18:47:00 - DEBUG - [trading_loop] [N/A] ⏱ Skipping VWAP_diff_signal_rsi_1700, not yet time (every 5m)
2025-04-15 18:47:00 - DEBUG - [trading_loop] [N/A] ⏱ Skipping EMA_Cross_ema50, not yet time (every 5m)
2025-04-15 18:47:00 - DEBUG - [trading_loop] [N/A] ⏱ Skipping SMA_Cross_sma50, not yet time (every 5m)
2025-04-15 18:47:00 - INFO - [trading_loop] [N/A] 📊 Updating SL/TP for active orders
2025-04-15 18:47:01 - INFO - [_wait_until_next_iteration] [N/A] ⏳ Sleeping for 58.93 seconds before the next cycle
2025-04-15 18:48:00 - DEBUG - [trading_loop] [N/A] ⏱ Skipping EMA_Cross_candle, not yet time (every 5m)
2025-04-15 18:48:00 - DEBUG - [trading_loop] [N/A] ⏱ Skipping VWAP_diff_signal_1700, not yet time (every 5m)
2025-04-15 18:48:00 - DEBUG - [trading_loop] [N/A] ⏱ Skipping SMA_Cross_candle, not yet time (every 5m)
2025-04-15 18:48:00 - DEBUG - [trading_loop] [N/A] ⏱ Skipping VWAP_diff_signal_rsi_1700, not yet time (every 5m)
2025-04-15 18:48:00 - DEBUG - [trading_loop] [N/A] ⏱ Skipping EMA_Cross_ema50, not yet time (every 5m)
2025-04-15 18:48:00 - DEBUG - [trading_loop] [N/A] ⏱ Skipping SMA_Cross_sma50, not yet time (every 5m)
2025-04-15 18:48:00 - INFO - [trading_loop] [N/A] 📊 Updating SL/TP for active orders
2025-04-15 18:48:01 - INFO - [_wait_until_next_iteration] [N/A] ⏳ Sleeping for 58.93 seconds before the next cycle
2025-04-15 18:49:00 - DEBUG - [trading_loop] [N/A] ⏱ Skipping EMA_Cross_candle, not yet time (every 5m)
2025-04-15 18:49:00 - DEBUG - [trading_loop] [N/A] ⏱ Skipping VWAP_diff_signal_1700, not yet time (every 5m)
2025-04-15 18:49:00 - DEBUG - [trading_loop] [N/A] ⏱ Skipping SMA_Cross_candle, not yet time (every 5m)
2025-04-15 18:49:00 - DEBUG - [trading_loop] [N/A] ⏱ Skipping VWAP_diff_signal_rsi_1700, not yet time (every 5m)
2025-04-15 18:49:00 - DEBUG - [trading_loop] [N/A] ⏱ Skipping EMA_Cross_ema50, not yet time (every 5m)
2025-04-15 18:49:00 - DEBUG - [trading_loop] [N/A] ⏱ Skipping SMA_Cross_sma50, not yet time (every 5m)
2025-04-15 18:49:00 - INFO - [trading_loop] [N/A] 📊 Updating SL/TP for active orders
2025-04-15 18:49:01 - INFO - [_wait_until_next_iteration] [N/A] ⏳ Sleeping for 58.94 seconds before the next cycle
2025-04-15 18:50:00 - INFO - [_run_strategy_if_applicable] [N/A] ⏰ Strategy 'EMA_Cross_candle' not executed because it's outside the time window: 16:35:00 - 16:50:00
2025-04-15 18:50:00 - INFO - [_run_strategy_if_applicable] [N/A] 🔄 Starting trading loop for strategy: VWAP_diff_signal_1700
2025-04-15 18:50:00 - INFO - [get_stock_data] [HBAN] Requesting data for HBAN
2025-04-15 18:50:00 - INFO - [get_stock_data] [HBAN] Data received for HBAN: 106 rows
2025-04-15 18:50:00 - INFO - [check_vwap_diff_signal] [HBAN] Analyzing VWAP reversal signal for HBAN
2025-04-15 18:50:00 - INFO - [check_vwap_diff_signal] [HBAN] Close: 13.59 | Low: 13.57 | High: 13.61 | VWAP: 13.519915883538173
2025-04-15 18:50:00 - DEBUG - [check_vwap_diff_signal] [HBAN] [HBAN] Last Candela: VWAP-Low=-0.37%, High-VWAP=0.67%
2025-04-15 18:50:00 - DEBUG - [check_vwap_diff_signal] [HBAN] No VWAP signal detected
2025-04-15 18:50:00 - DEBUG - [_run_single_trading_iteration] [HBAN] 🔍 Signal for HBAN: None
2025-04-15 18:50:00 - INFO - [_run_single_trading_iteration] [HBAN] ℹ️ No valid signal for HBAN
2025-04-15 18:50:00 - INFO - [get_stock_data] [CZR] Requesting data for CZR
2025-04-15 18:50:01 - INFO - [get_stock_data] [CZR] Data received for CZR: 106 rows
2025-04-15 18:50:01 - INFO - [check_vwap_diff_signal] [CZR] Analyzing VWAP reversal signal for CZR
2025-04-15 18:50:01 - INFO - [check_vwap_diff_signal] [CZR] Close: 25.44 | Low: 25.41 | High: 25.48 | VWAP: 25.470784679692816
2025-04-15 18:50:01 - DEBUG - [check_vwap_diff_signal] [CZR] [CZR] Last Candela: VWAP-Low=0.24%, High-VWAP=0.04%
2025-04-15 18:50:01 - DEBUG - [check_vwap_diff_signal] [CZR] No VWAP signal detected
2025-04-15 18:50:01 - DEBUG - [_run_single_trading_iteration] [CZR] 🔍 Signal for CZR: None
2025-04-15 18:50:01 - INFO - [_run_single_trading_iteration] [CZR] ℹ️ No valid signal for CZR
2025-04-15 18:50:01 - INFO - [get_stock_data] [MTCH] Requesting data for MTCH
2025-04-15 18:50:02 - INFO - [get_stock_data] [MTCH] Data received for MTCH: 106 rows
2025-04-15 18:50:02 - INFO - [check_vwap_diff_signal] [MTCH] Analyzing VWAP reversal signal for MTCH
2025-04-15 18:50:02 - INFO - [check_vwap_diff_signal] [MTCH] Close: 29.12 | Low: 29.12 | High: 29.19 | VWAP: 28.953723438669776
2025-04-15 18:50:02 - DEBUG - [check_vwap_diff_signal] [MTCH] [MTCH] Last Candela: VWAP-Low=-0.57%, High-VWAP=0.82%
2025-04-15 18:50:02 - DEBUG - [check_vwap_diff_signal] [MTCH] No VWAP signal detected
2025-04-15 18:50:02 - DEBUG - [_run_single_trading_iteration] [MTCH] 🔍 Signal for MTCH: None
2025-04-15 18:50:02 - INFO - [_run_single_trading_iteration] [MTCH] ℹ️ No valid signal for MTCH
2025-04-15 18:50:02 - DEBUG - [_run_single_trading_iteration] [MRNA] 🚫 Trade not allowed for MRNA (limit reached)
2025-04-15 18:50:02 - INFO - [get_stock_data] [NCHL] Requesting data for NCHL
2025-04-15 18:50:02 - ERROR - [get_stock_data] [NCHL] Error retrieving data: 'NoneType' object has no attribute 'empty'
2025-04-15 18:50:02 - DEBUG - [_run_single_trading_iteration] [WBD] 🚫 Trade not allowed for WBD (limit reached)
2025-04-15 18:50:02 - INFO - [get_stock_data] [CMCSA] Requesting data for CMCSA
2025-04-15 18:50:03 - INFO - [get_stock_data] [CMCSA] Data received for CMCSA: 106 rows
2025-04-15 18:50:03 - INFO - [check_vwap_diff_signal] [CMCSA] Analyzing VWAP reversal signal for CMCSA
2025-04-15 18:50:03 - INFO - [check_vwap_diff_signal] [CMCSA] Close: 34.62 | Low: 34.61 | High: 34.7 | VWAP: 34.56797776150858
2025-04-15 18:50:03 - DEBUG - [check_vwap_diff_signal] [CMCSA] [CMCSA] Last Candela: VWAP-Low=-0.12%, High-VWAP=0.38%
2025-04-15 18:50:03 - DEBUG - [check_vwap_diff_signal] [CMCSA] No VWAP signal detected
2025-04-15 18:50:03 - DEBUG - [_run_single_trading_iteration] [CMCSA] 🔍 Signal for CMCSA: None
2025-04-15 18:50:03 - INFO - [_run_single_trading_iteration] [CMCSA] ℹ️ No valid signal for CMCSA
2025-04-15 18:50:03 - INFO - [_run_strategy_if_applicable] [N/A] ⏰ Strategy 'SMA_Cross_candle' not executed because it's outside the time window: 16:35:00 - 16:50:00
2025-04-15 18:50:03 - INFO - [_run_strategy_if_applicable] [N/A] 🔄 Starting trading loop for strategy: VWAP_diff_signal_rsi_1700
2025-04-15 18:50:03 - INFO - [get_stock_data] [IVZ] Requesting data for IVZ
2025-04-15 18:50:03 - INFO - [get_stock_data] [IVZ] Data received for IVZ: 106 rows
2025-04-15 18:50:03 - INFO - [check_vwap_diff_signal_with_rsi] [IVZ] Analyzing VWAP reversal signal for IVZ
2025-04-15 18:50:03 - INFO - [check_vwap_diff_signal_with_rsi] [IVZ] Close: 13.25 | Low: 13.25 | High: 13.28 | VWAP: 13.18449977188635 | RSI: 58.46
2025-04-15 18:50:03 - DEBUG - [check_vwap_diff_signal_with_rsi] [IVZ] [IVZ] Last Candela: VWAP-Low=-0.50%, High-VWAP=0.72%
2025-04-15 18:50:03 - DEBUG - [check_vwap_diff_signal_with_rsi] [IVZ] No VWAP+RSI signal detected
2025-04-15 18:50:03 - DEBUG - [_run_single_trading_iteration] [IVZ] 🔍 Signal for IVZ: None
2025-04-15 18:50:03 - INFO - [_run_single_trading_iteration] [IVZ] ℹ️ No valid signal for IVZ
2025-04-15 18:50:03 - INFO - [get_stock_data] [FCX] Requesting data for FCX
2025-04-15 18:50:04 - INFO - [get_stock_data] [FCX] Data received for FCX: 106 rows
2025-04-15 18:50:04 - INFO - [check_vwap_diff_signal_with_rsi] [FCX] Analyzing VWAP reversal signal for FCX
2025-04-15 18:50:04 - INFO - [check_vwap_diff_signal_with_rsi] [FCX] Close: 33.63 | Low: 33.58 | High: 33.69 | VWAP: 33.53764731650379 | RSI: 49.52
2025-04-15 18:50:04 - DEBUG - [check_vwap_diff_signal_with_rsi] [FCX] [FCX] Last Candela: VWAP-Low=-0.13%, High-VWAP=0.45%
2025-04-15 18:50:04 - DEBUG - [check_vwap_diff_signal_with_rsi] [FCX] No VWAP+RSI signal detected
2025-04-15 18:50:04 - DEBUG - [_run_single_trading_iteration] [FCX] 🔍 Signal for FCX: None
2025-04-15 18:50:04 - INFO - [_run_single_trading_iteration] [FCX] ℹ️ No valid signal for FCX
2025-04-15 18:50:04 - INFO - [get_stock_data] [HST] Requesting data for HST
2025-04-15 18:50:05 - INFO - [get_stock_data] [HST] Data received for HST: 106 rows
2025-04-15 18:50:05 - INFO - [check_vwap_diff_signal_with_rsi] [HST] Analyzing VWAP reversal signal for HST
2025-04-15 18:50:05 - INFO - [check_vwap_diff_signal_with_rsi] [HST] Close: 13.69 | Low: 13.67 | High: 13.71 | VWAP: 13.740535106447028 | RSI: 46.16
2025-04-15 18:50:05 - DEBUG - [check_vwap_diff_signal_with_rsi] [HST] [HST] Last Candela: VWAP-Low=0.51%, High-VWAP=-0.22%
2025-04-15 18:50:05 - DEBUG - [check_vwap_diff_signal_with_rsi] [HST] No VWAP+RSI signal detected
2025-04-15 18:50:05 - DEBUG - [_run_single_trading_iteration] [HST] 🔍 Signal for HST: None
2025-04-15 18:50:05 - INFO - [_run_single_trading_iteration] [HST] ℹ️ No valid signal for HST
2025-04-15 18:50:05 - INFO - [get_stock_data] [IVZ] Requesting data for IVZ
2025-04-15 18:50:05 - INFO - [get_stock_data] [IVZ] Data received for IVZ: 106 rows
2025-04-15 18:50:05 - INFO - [check_vwap_diff_signal_with_rsi] [IVZ] Analyzing VWAP reversal signal for IVZ
2025-04-15 18:50:05 - INFO - [check_vwap_diff_signal_with_rsi] [IVZ] Close: 13.25 | Low: 13.25 | High: 13.28 | VWAP: 13.18449977188635 | RSI: 58.46
2025-04-15 18:50:05 - DEBUG - [check_vwap_diff_signal_with_rsi] [IVZ] [IVZ] Last Candela: VWAP-Low=-0.50%, High-VWAP=0.72%
2025-04-15 18:50:05 - DEBUG - [check_vwap_diff_signal_with_rsi] [IVZ] No VWAP+RSI signal detected
2025-04-15 18:50:05 - DEBUG - [_run_single_trading_iteration] [IVZ] 🔍 Signal for IVZ: None
2025-04-15 18:50:05 - INFO - [_run_single_trading_iteration] [IVZ] ℹ️ No valid signal for IVZ
2025-04-15 18:50:05 - INFO - [get_stock_data] [NEM] Requesting data for NEM
2025-04-15 18:50:06 - INFO - [get_stock_data] [NEM] Data received for NEM: 107 rows
2025-04-15 18:50:06 - INFO - [check_vwap_diff_signal_with_rsi] [NEM] Analyzing VWAP reversal signal for NEM
2025-04-15 18:50:06 - INFO - [check_vwap_diff_signal_with_rsi] [NEM] Close: 54.46 | Low: 54.45 | High: 54.46 | VWAP: 54.518613411358174 | RSI: 42.21
2025-04-15 18:50:06 - DEBUG - [check_vwap_diff_signal_with_rsi] [NEM] [NEM] Last Candela: VWAP-Low=0.13%, High-VWAP=-0.11%
2025-04-15 18:50:06 - DEBUG - [check_vwap_diff_signal_with_rsi] [NEM] No VWAP+RSI signal detected
2025-04-15 18:50:06 - DEBUG - [_run_single_trading_iteration] [NEM] 🔍 Signal for NEM: None
2025-04-15 18:50:06 - INFO - [_run_single_trading_iteration] [NEM] ℹ️ No valid signal for NEM
2025-04-15 18:50:06 - INFO - [get_stock_data] [LUV] Requesting data for LUV
2025-04-15 18:50:06 - INFO - [get_stock_data] [LUV] Data received for LUV: 107 rows
2025-04-15 18:50:06 - INFO - [check_vwap_diff_signal_with_rsi] [LUV] Analyzing VWAP reversal signal for LUV
2025-04-15 18:50:06 - INFO - [check_vwap_diff_signal_with_rsi] [LUV] Close: 26.06 | Low: 26.05 | High: 26.07 | VWAP: 26.28565501130549 | RSI: 45.23
2025-04-15 18:50:06 - DEBUG - [check_vwap_diff_signal_with_rsi] [LUV] [LUV] Last Candela: VWAP-Low=0.90%, High-VWAP=-0.82%
2025-04-15 18:50:06 - DEBUG - [check_vwap_diff_signal_with_rsi] [LUV] No VWAP+RSI signal detected
2025-04-15 18:50:06 - DEBUG - [_run_single_trading_iteration] [LUV] 🔍 Signal for LUV: None
2025-04-15 18:50:06 - INFO - [_run_single_trading_iteration] [LUV] ℹ️ No valid signal for LUV
2025-04-15 18:50:06 - INFO - [_run_strategy_if_applicable] [N/A] ⏰ Strategy 'EMA_Cross_ema50' not executed because it's outside the time window: 16:35:00 - 16:50:00
2025-04-15 18:50:06 - INFO - [_run_strategy_if_applicable] [N/A] ⏰ Strategy 'SMA_Cross_sma50' not executed because it's outside the time window: 16:35:00 - 16:50:00
2025-04-15 18:50:06 - INFO - [trading_loop] [N/A] 📊 Updating SL/TP for active orders
2025-04-15 18:50:07 - INFO - [_wait_until_next_iteration] [N/A] ⏳ Sleeping for 52.17 seconds before the next cycle
2025-04-15 18:51:00 - DEBUG - [trading_loop] [N/A] ⏱ Skipping EMA_Cross_candle, not yet time (every 5m)
2025-04-15 18:51:00 - DEBUG - [trading_loop] [N/A] ⏱ Skipping VWAP_diff_signal_1700, not yet time (every 5m)
2025-04-15 18:51:00 - DEBUG - [trading_loop] [N/A] ⏱ Skipping SMA_Cross_candle, not yet time (every 5m)
2025-04-15 18:51:00 - DEBUG - [trading_loop] [N/A] ⏱ Skipping VWAP_diff_signal_rsi_1700, not yet time (every 5m)
2025-04-15 18:51:00 - DEBUG - [trading_loop] [N/A] ⏱ Skipping EMA_Cross_ema50, not yet time (every 5m)
2025-04-15 18:51:00 - DEBUG - [trading_loop] [N/A] ⏱ Skipping SMA_Cross_sma50, not yet time (every 5m)
2025-04-15 18:51:00 - INFO - [trading_loop] [N/A] 📊 Updating SL/TP for active orders
2025-04-15 18:51:01 - INFO - [_wait_until_next_iteration] [N/A] ⏳ Sleeping for 58.94 seconds before the next cycle
2025-04-15 18:52:00 - DEBUG - [trading_loop] [N/A] ⏱ Skipping EMA_Cross_candle, not yet time (every 5m)
2025-04-15 18:52:00 - DEBUG - [trading_loop] [N/A] ⏱ Skipping VWAP_diff_signal_1700, not yet time (every 5m)
2025-04-15 18:52:00 - DEBUG - [trading_loop] [N/A] ⏱ Skipping SMA_Cross_candle, not yet time (every 5m)
2025-04-15 18:52:00 - DEBUG - [trading_loop] [N/A] ⏱ Skipping VWAP_diff_signal_rsi_1700, not yet time (every 5m)
2025-04-15 18:52:00 - DEBUG - [trading_loop] [N/A] ⏱ Skipping EMA_Cross_ema50, not yet time (every 5m)
2025-04-15 18:52:00 - DEBUG - [trading_loop] [N/A] ⏱ Skipping SMA_Cross_sma50, not yet time (every 5m)
2025-04-15 18:52:00 - INFO - [trading_loop] [N/A] 📊 Updating SL/TP for active orders
2025-04-15 18:52:01 - INFO - [_wait_until_next_iteration] [N/A] ⏳ Sleeping for 58.93 seconds before the next cycle
2025-04-15 18:53:00 - DEBUG - [trading_loop] [N/A] ⏱ Skipping EMA_Cross_candle, not yet time (every 5m)
2025-04-15 18:53:00 - DEBUG - [trading_loop] [N/A] ⏱ Skipping VWAP_diff_signal_1700, not yet time (every 5m)
2025-04-15 18:53:00 - DEBUG - [trading_loop] [N/A] ⏱ Skipping SMA_Cross_candle, not yet time (every 5m)
2025-04-15 18:53:00 - DEBUG - [trading_loop] [N/A] ⏱ Skipping VWAP_diff_signal_rsi_1700, not yet time (every 5m)
2025-04-15 18:53:00 - DEBUG - [trading_loop] [N/A] ⏱ Skipping EMA_Cross_ema50, not yet time (every 5m)
2025-04-15 18:53:00 - DEBUG - [trading_loop] [N/A] ⏱ Skipping SMA_Cross_sma50, not yet time (every 5m)
2025-04-15 18:53:00 - INFO - [trading_loop] [N/A] 📊 Updating SL/TP for active orders
2025-04-15 18:53:01 - INFO - [_wait_until_next_iteration] [N/A] ⏳ Sleeping for 58.93 seconds before the next cycle
2025-04-15 18:54:00 - DEBUG - [trading_loop] [N/A] ⏱ Skipping EMA_Cross_candle, not yet time (every 5m)
2025-04-15 18:54:00 - DEBUG - [trading_loop] [N/A] ⏱ Skipping VWAP_diff_signal_1700, not yet time (every 5m)
2025-04-15 18:54:00 - DEBUG - [trading_loop] [N/A] ⏱ Skipping SMA_Cross_candle, not yet time (every 5m)
2025-04-15 18:54:00 - DEBUG - [trading_loop] [N/A] ⏱ Skipping VWAP_diff_signal_rsi_1700, not yet time (every 5m)
2025-04-15 18:54:00 - DEBUG - [trading_loop] [N/A] ⏱ Skipping EMA_Cross_ema50, not yet time (every 5m)
2025-04-15 18:54:00 - DEBUG - [trading_loop] [N/A] ⏱ Skipping SMA_Cross_sma50, not yet time (every 5m)
2025-04-15 18:54:00 - INFO - [trading_loop] [N/A] 📊 Updating SL/TP for active orders
2025-04-15 18:54:01 - INFO - [_wait_until_next_iteration] [N/A] ⏳ Sleeping for 58.93 seconds before the next cycle
2025-04-15 18:55:00 - INFO - [_run_strategy_if_applicable] [N/A] ⏰ Strategy 'EMA_Cross_candle' not executed because it's outside the time window: 16:35:00 - 16:50:00
2025-04-15 18:55:00 - INFO - [_run_strategy_if_applicable] [N/A] 🔄 Starting trading loop for strategy: VWAP_diff_signal_1700
2025-04-15 18:55:00 - INFO - [get_stock_data] [HBAN] Requesting data for HBAN
2025-04-15 18:55:00 - INFO - [get_stock_data] [HBAN] Data received for HBAN: 107 rows
2025-04-15 18:55:00 - INFO - [check_vwap_diff_signal] [HBAN] Analyzing VWAP reversal signal for HBAN
2025-04-15 18:55:00 - INFO - [check_vwap_diff_signal] [HBAN] Close: 13.58 | Low: 13.57 | High: 13.61 | VWAP: 13.521521686175788
2025-04-15 18:55:00 - DEBUG - [check_vwap_diff_signal] [HBAN] [HBAN] Last Candela: VWAP-Low=-0.36%, High-VWAP=0.65%
2025-04-15 18:55:00 - DEBUG - [check_vwap_diff_signal] [HBAN] No VWAP signal detected
2025-04-15 18:55:00 - DEBUG - [_run_single_trading_iteration] [HBAN] 🔍 Signal for HBAN: None
2025-04-15 18:55:00 - INFO - [_run_single_trading_iteration] [HBAN] ℹ️ No valid signal for HBAN
2025-04-15 18:55:00 - INFO - [get_stock_data] [CZR] Requesting data for CZR
2025-04-15 18:55:01 - INFO - [get_stock_data] [CZR] Data received for CZR: 107 rows
2025-04-15 18:55:01 - INFO - [check_vwap_diff_signal] [CZR] Analyzing VWAP reversal signal for CZR
2025-04-15 18:55:01 - INFO - [check_vwap_diff_signal] [CZR] Close: 25.49 | Low: 25.41 | High: 25.53 | VWAP: 25.471296519581074
2025-04-15 18:55:01 - DEBUG - [check_vwap_diff_signal] [CZR] [CZR] Last Candela: VWAP-Low=0.24%, High-VWAP=0.23%
2025-04-15 18:55:01 - DEBUG - [check_vwap_diff_signal] [CZR] No VWAP signal detected
2025-04-15 18:55:01 - DEBUG - [_run_single_trading_iteration] [CZR] 🔍 Signal for CZR: None
2025-04-15 18:55:01 - INFO - [_run_single_trading_iteration] [CZR] ℹ️ No valid signal for CZR
2025-04-15 18:55:01 - INFO - [get_stock_data] [MTCH] Requesting data for MTCH
2025-04-15 18:55:01 - INFO - [get_stock_data] [MTCH] Data received for MTCH: 107 rows
2025-04-15 18:55:01 - INFO - [check_vwap_diff_signal] [MTCH] Analyzing VWAP reversal signal for MTCH
2025-04-15 18:55:01 - INFO - [check_vwap_diff_signal] [MTCH] Close: 29.17 | Low: 29.07 | High: 29.19 | VWAP: 28.95792022404698
2025-04-15 18:55:01 - DEBUG - [check_vwap_diff_signal] [MTCH] [MTCH] Last Candela: VWAP-Low=-0.39%, High-VWAP=0.80%
2025-04-15 18:55:01 - DEBUG - [check_vwap_diff_signal] [MTCH] No VWAP signal detected
2025-04-15 18:55:01 - DEBUG - [_run_single_trading_iteration] [MTCH] 🔍 Signal for MTCH: None
2025-04-15 18:55:01 - INFO - [_run_single_trading_iteration] [MTCH] ℹ️ No valid signal for MTCH
2025-04-15 18:55:01 - DEBUG - [_run_single_trading_iteration] [MRNA] 🚫 Trade not allowed for MRNA (limit reached)
2025-04-15 18:55:01 - INFO - [get_stock_data] [NCHL] Requesting data for NCHL
2025-04-15 18:55:01 - ERROR - [get_stock_data] [NCHL] Error retrieving data: 'NoneType' object has no attribute 'empty'
2025-04-15 18:55:01 - DEBUG - [_run_single_trading_iteration] [WBD] 🚫 Trade not allowed for WBD (limit reached)
2025-04-15 18:55:01 - INFO - [get_stock_data] [CMCSA] Requesting data for CMCSA
2025-04-15 18:55:02 - INFO - [get_stock_data] [CMCSA] Data received for CMCSA: 107 rows
2025-04-15 18:55:02 - INFO - [check_vwap_diff_signal] [CMCSA] Analyzing VWAP reversal signal for CMCSA
2025-04-15 18:55:02 - INFO - [check_vwap_diff_signal] [CMCSA] Close: 34.71 | Low: 34.62 | High: 34.75 | VWAP: 34.571242859206095
2025-04-15 18:55:02 - DEBUG - [check_vwap_diff_signal] [CMCSA] [CMCSA] Last Candela: VWAP-Low=-0.14%, High-VWAP=0.52%
2025-04-15 18:55:02 - DEBUG - [check_vwap_diff_signal] [CMCSA] No VWAP signal detected
2025-04-15 18:55:02 - DEBUG - [_run_single_trading_iteration] [CMCSA] 🔍 Signal for CMCSA: None
2025-04-15 18:55:02 - INFO - [_run_single_trading_iteration] [CMCSA] ℹ️ No valid signal for CMCSA
2025-04-15 18:55:02 - INFO - [_run_strategy_if_applicable] [N/A] ⏰ Strategy 'SMA_Cross_candle' not executed because it's outside the time window: 16:35:00 - 16:50:00
2025-04-15 18:55:02 - INFO - [_run_strategy_if_applicable] [N/A] 🔄 Starting trading loop for strategy: VWAP_diff_signal_rsi_1700
2025-04-15 18:55:02 - INFO - [get_stock_data] [IVZ] Requesting data for IVZ
2025-04-15 18:55:03 - INFO - [get_stock_data] [IVZ] Data received for IVZ: 107 rows
2025-04-15 18:55:03 - INFO - [check_vwap_diff_signal_with_rsi] [IVZ] Analyzing VWAP reversal signal for IVZ
2025-04-15 18:55:03 - INFO - [check_vwap_diff_signal_with_rsi] [IVZ] Close: 13.26 | Low: 13.23 | High: 13.28 | VWAP: 13.185968296146685 | RSI: 59.71
2025-04-15 18:55:03 - DEBUG - [check_vwap_diff_signal_with_rsi] [IVZ] [IVZ] Last Candela: VWAP-Low=-0.33%, High-VWAP=0.71%
2025-04-15 18:55:03 - DEBUG - [check_vwap_diff_signal_with_rsi] [IVZ] No VWAP+RSI signal detected
2025-04-15 18:55:03 - DEBUG - [_run_single_trading_iteration] [IVZ] 🔍 Signal for IVZ: None
2025-04-15 18:55:03 - INFO - [_run_single_trading_iteration] [IVZ] ℹ️ No valid signal for IVZ
2025-04-15 18:55:03 - INFO - [get_stock_data] [FCX] Requesting data for FCX
2025-04-15 18:55:03 - INFO - [get_stock_data] [FCX] Data received for FCX: 107 rows
2025-04-15 18:55:03 - INFO - [check_vwap_diff_signal_with_rsi] [FCX] Analyzing VWAP reversal signal for FCX
2025-04-15 18:55:03 - INFO - [check_vwap_diff_signal_with_rsi] [FCX] Close: 33.65 | Low: 33.59 | High: 33.71 | VWAP: 33.54019180932428 | RSI: 50.75
2025-04-15 18:55:03 - DEBUG - [check_vwap_diff_signal_with_rsi] [FCX] [FCX] Last Candela: VWAP-Low=-0.15%, High-VWAP=0.51%
2025-04-15 18:55:03 - DEBUG - [check_vwap_diff_signal_with_rsi] [FCX] No VWAP+RSI signal detected
2025-04-15 18:55:03 - DEBUG - [_run_single_trading_iteration] [FCX] 🔍 Signal for FCX: None
2025-04-15 18:55:03 - INFO - [_run_single_trading_iteration] [FCX] ℹ️ No valid signal for FCX
2025-04-15 18:55:03 - INFO - [get_stock_data] [HST] Requesting data for HST
2025-04-15 18:55:04 - INFO - [get_stock_data] [HST] Data received for HST: 107 rows
2025-04-15 18:55:04 - INFO - [check_vwap_diff_signal_with_rsi] [HST] Analyzing VWAP reversal signal for HST
2025-04-15 18:55:04 - INFO - [check_vwap_diff_signal_with_rsi] [HST] Close: 13.69 | Low: 13.67 | High: 13.71 | VWAP: 13.73923294010956 | RSI: 46.16
2025-04-15 18:55:04 - DEBUG - [check_vwap_diff_signal_with_rsi] [HST] [HST] Last Candela: VWAP-Low=0.50%, High-VWAP=-0.21%
2025-04-15 18:55:04 - DEBUG - [check_vwap_diff_signal_with_rsi] [HST] No VWAP+RSI signal detected
2025-04-15 18:55:04 - DEBUG - [_run_single_trading_iteration] [HST] 🔍 Signal for HST: None
2025-04-15 18:55:04 - INFO - [_run_single_trading_iteration] [HST] ℹ️ No valid signal for HST
2025-04-15 18:55:04 - INFO - [get_stock_data] [IVZ] Requesting data for IVZ
2025-04-15 18:55:04 - INFO - [get_stock_data] [IVZ] Data received for IVZ: 107 rows
2025-04-15 18:55:04 - INFO - [check_vwap_diff_signal_with_rsi] [IVZ] Analyzing VWAP reversal signal for IVZ
2025-04-15 18:55:04 - INFO - [check_vwap_diff_signal_with_rsi] [IVZ] Close: 13.26 | Low: 13.23 | High: 13.28 | VWAP: 13.185968296146685 | RSI: 59.71
2025-04-15 18:55:04 - DEBUG - [check_vwap_diff_signal_with_rsi] [IVZ] [IVZ] Last Candela: VWAP-Low=-0.33%, High-VWAP=0.71%
2025-04-15 18:55:04 - DEBUG - [check_vwap_diff_signal_with_rsi] [IVZ] No VWAP+RSI signal detected
2025-04-15 18:55:04 - DEBUG - [_run_single_trading_iteration] [IVZ] 🔍 Signal for IVZ: None
2025-04-15 18:55:04 - INFO - [_run_single_trading_iteration] [IVZ] ℹ️ No valid signal for IVZ
2025-04-15 18:55:04 - INFO - [get_stock_data] [NEM] Requesting data for NEM
2025-04-15 18:55:05 - INFO - [get_stock_data] [NEM] Data received for NEM: 107 rows
2025-04-15 18:55:05 - INFO - [check_vwap_diff_signal_with_rsi] [NEM] Analyzing VWAP reversal signal for NEM
2025-04-15 18:55:05 - INFO - [check_vwap_diff_signal_with_rsi] [NEM] Close: 54.51 | Low: 54.41 | High: 54.53 | VWAP: 54.518461263144275 | RSI: 44.83
2025-04-15 18:55:05 - DEBUG - [check_vwap_diff_signal_with_rsi] [NEM] [NEM] Last Candela: VWAP-Low=0.20%, High-VWAP=0.02%
2025-04-15 18:55:05 - DEBUG - [check_vwap_diff_signal_with_rsi] [NEM] No VWAP+RSI signal detected
2025-04-15 18:55:05 - DEBUG - [_run_single_trading_iteration] [NEM] 🔍 Signal for NEM: None
2025-04-15 18:55:05 - INFO - [_run_single_trading_iteration] [NEM] ℹ️ No valid signal for NEM
2025-04-15 18:55:05 - INFO - [get_stock_data] [LUV] Requesting data for LUV
2025-04-15 18:55:05 - INFO - [get_stock_data] [LUV] Data received for LUV: 107 rows
2025-04-15 18:55:05 - INFO - [check_vwap_diff_signal_with_rsi] [LUV] Analyzing VWAP reversal signal for LUV
2025-04-15 18:55:05 - INFO - [check_vwap_diff_signal_with_rsi] [LUV] Close: 26.1 | Low: 26.03 | High: 26.14 | VWAP: 26.282386461719206 | RSI: 47.65
2025-04-15 18:55:05 - DEBUG - [check_vwap_diff_signal_with_rsi] [LUV] [LUV] Last Candela: VWAP-Low=0.96%, High-VWAP=-0.54%
2025-04-15 18:55:05 - DEBUG - [check_vwap_diff_signal_with_rsi] [LUV] No VWAP+RSI signal detected
2025-04-15 18:55:05 - DEBUG - [_run_single_trading_iteration] [LUV] 🔍 Signal for LUV: None
2025-04-15 18:55:05 - INFO - [_run_single_trading_iteration] [LUV] ℹ️ No valid signal for LUV
2025-04-15 18:55:05 - INFO - [_run_strategy_if_applicable] [N/A] ⏰ Strategy 'EMA_Cross_ema50' not executed because it's outside the time window: 16:35:00 - 16:50:00
2025-04-15 18:55:05 - INFO - [_run_strategy_if_applicable] [N/A] ⏰ Strategy 'SMA_Cross_sma50' not executed because it's outside the time window: 16:35:00 - 16:50:00
2025-04-15 18:55:05 - INFO - [trading_loop] [N/A] 📊 Updating SL/TP for active orders
2025-04-15 18:55:06 - INFO - [_wait_until_next_iteration] [N/A] ⏳ Sleeping for 53.14 seconds before the next cycle
2025-04-15 18:56:00 - DEBUG - [trading_loop] [N/A] ⏱ Skipping EMA_Cross_candle, not yet time (every 5m)
2025-04-15 18:56:00 - DEBUG - [trading_loop] [N/A] ⏱ Skipping VWAP_diff_signal_1700, not yet time (every 5m)
2025-04-15 18:56:00 - DEBUG - [trading_loop] [N/A] ⏱ Skipping SMA_Cross_candle, not yet time (every 5m)
2025-04-15 18:56:00 - DEBUG - [trading_loop] [N/A] ⏱ Skipping VWAP_diff_signal_rsi_1700, not yet time (every 5m)
2025-04-15 18:56:00 - DEBUG - [trading_loop] [N/A] ⏱ Skipping EMA_Cross_ema50, not yet time (every 5m)
2025-04-15 18:56:00 - DEBUG - [trading_loop] [N/A] ⏱ Skipping SMA_Cross_sma50, not yet time (every 5m)
2025-04-15 18:56:00 - INFO - [trading_loop] [N/A] 📊 Updating SL/TP for active orders
2025-04-15 18:56:01 - INFO - [_wait_until_next_iteration] [N/A] ⏳ Sleeping for 58.93 seconds before the next cycle
2025-04-15 18:57:00 - DEBUG - [trading_loop] [N/A] ⏱ Skipping EMA_Cross_candle, not yet time (every 5m)
2025-04-15 18:57:00 - DEBUG - [trading_loop] [N/A] ⏱ Skipping VWAP_diff_signal_1700, not yet time (every 5m)
2025-04-15 18:57:00 - DEBUG - [trading_loop] [N/A] ⏱ Skipping SMA_Cross_candle, not yet time (every 5m)
2025-04-15 18:57:00 - DEBUG - [trading_loop] [N/A] ⏱ Skipping VWAP_diff_signal_rsi_1700, not yet time (every 5m)
2025-04-15 18:57:00 - DEBUG - [trading_loop] [N/A] ⏱ Skipping EMA_Cross_ema50, not yet time (every 5m)
2025-04-15 18:57:00 - DEBUG - [trading_loop] [N/A] ⏱ Skipping SMA_Cross_sma50, not yet time (every 5m)
2025-04-15 18:57:00 - INFO - [trading_loop] [N/A] 📊 Updating SL/TP for active orders
2025-04-15 18:57:01 - INFO - [_wait_until_next_iteration] [N/A] ⏳ Sleeping for 58.93 seconds before the next cycle
2025-04-15 18:58:00 - DEBUG - [trading_loop] [N/A] ⏱ Skipping EMA_Cross_candle, not yet time (every 5m)
2025-04-15 18:58:00 - DEBUG - [trading_loop] [N/A] ⏱ Skipping VWAP_diff_signal_1700, not yet time (every 5m)
2025-04-15 18:58:00 - DEBUG - [trading_loop] [N/A] ⏱ Skipping SMA_Cross_candle, not yet time (every 5m)
2025-04-15 18:58:00 - DEBUG - [trading_loop] [N/A] ⏱ Skipping VWAP_diff_signal_rsi_1700, not yet time (every 5m)
2025-04-15 18:58:00 - DEBUG - [trading_loop] [N/A] ⏱ Skipping EMA_Cross_ema50, not yet time (every 5m)
2025-04-15 18:58:00 - DEBUG - [trading_loop] [N/A] ⏱ Skipping SMA_Cross_sma50, not yet time (every 5m)
2025-04-15 18:58:00 - INFO - [trading_loop] [N/A] 📊 Updating SL/TP for active orders
2025-04-15 18:58:01 - INFO - [_wait_until_next_iteration] [N/A] ⏳ Sleeping for 58.93 seconds before the next cycle
2025-04-15 18:59:00 - DEBUG - [trading_loop] [N/A] ⏱ Skipping EMA_Cross_candle, not yet time (every 5m)
2025-04-15 18:59:00 - DEBUG - [trading_loop] [N/A] ⏱ Skipping VWAP_diff_signal_1700, not yet time (every 5m)
2025-04-15 18:59:00 - DEBUG - [trading_loop] [N/A] ⏱ Skipping SMA_Cross_candle, not yet time (every 5m)
2025-04-15 18:59:00 - DEBUG - [trading_loop] [N/A] ⏱ Skipping VWAP_diff_signal_rsi_1700, not yet time (every 5m)
2025-04-15 18:59:00 - DEBUG - [trading_loop] [N/A] ⏱ Skipping EMA_Cross_ema50, not yet time (every 5m)
2025-04-15 18:59:00 - DEBUG - [trading_loop] [N/A] ⏱ Skipping SMA_Cross_sma50, not yet time (every 5m)
2025-04-15 18:59:00 - INFO - [trading_loop] [N/A] 📊 Updating SL/TP for active orders
2025-04-15 18:59:01 - INFO - [_wait_until_next_iteration] [N/A] ⏳ Sleeping for 58.93 seconds before the next cycle
2025-04-15 19:00:00 - INFO - [_run_strategy_if_applicable] [N/A] ⏰ Strategy 'EMA_Cross_candle' not executed because it's outside the time window: 16:35:00 - 16:50:00
2025-04-15 19:00:00 - INFO - [_run_strategy_if_applicable] [N/A] ⏰ Strategy 'VWAP_diff_signal_1700' not executed because it's outside the time window: 17:30:00 - 19:00:00
2025-04-15 19:00:00 - INFO - [_run_strategy_if_applicable] [N/A] ⏰ Strategy 'SMA_Cross_candle' not executed because it's outside the time window: 16:35:00 - 16:50:00
2025-04-15 19:00:00 - INFO - [_run_strategy_if_applicable] [N/A] ⏰ Strategy 'VWAP_diff_signal_rsi_1700' not executed because it's outside the time window: 17:30:00 - 19:00:00
2025-04-15 19:00:00 - INFO - [_run_strategy_if_applicable] [N/A] ⏰ Strategy 'EMA_Cross_ema50' not executed because it's outside the time window: 16:35:00 - 16:50:00
2025-04-15 19:00:00 - INFO - [_run_strategy_if_applicable] [N/A] ⏰ Strategy 'SMA_Cross_sma50' not executed because it's outside the time window: 16:35:00 - 16:50:00
2025-04-15 19:00:00 - INFO - [trading_loop] [N/A] 📊 Updating SL/TP for active orders
2025-04-15 19:00:01 - INFO - [_wait_until_next_iteration] [N/A] ⏳ Sleeping for 58.93 seconds before the next cycle
2025-04-15 19:01:00 - DEBUG - [trading_loop] [N/A] ⏱ Skipping EMA_Cross_candle, not yet time (every 5m)
2025-04-15 19:01:00 - DEBUG - [trading_loop] [N/A] ⏱ Skipping VWAP_diff_signal_1700, not yet time (every 5m)
2025-04-15 19:01:00 - DEBUG - [trading_loop] [N/A] ⏱ Skipping SMA_Cross_candle, not yet time (every 5m)
2025-04-15 19:01:00 - DEBUG - [trading_loop] [N/A] ⏱ Skipping VWAP_diff_signal_rsi_1700, not yet time (every 5m)
2025-04-15 19:01:00 - DEBUG - [trading_loop] [N/A] ⏱ Skipping EMA_Cross_ema50, not yet time (every 5m)
2025-04-15 19:01:00 - DEBUG - [trading_loop] [N/A] ⏱ Skipping SMA_Cross_sma50, not yet time (every 5m)
2025-04-15 19:01:00 - INFO - [trading_loop] [N/A] 📊 Updating SL/TP for active orders
2025-04-15 19:01:01 - INFO - [_wait_until_next_iteration] [N/A] ⏳ Sleeping for 58.93 seconds before the next cycle
2025-04-15 19:02:00 - DEBUG - [trading_loop] [N/A] ⏱ Skipping EMA_Cross_candle, not yet time (every 5m)
2025-04-15 19:02:00 - DEBUG - [trading_loop] [N/A] ⏱ Skipping VWAP_diff_signal_1700, not yet time (every 5m)
2025-04-15 19:02:00 - DEBUG - [trading_loop] [N/A] ⏱ Skipping SMA_Cross_candle, not yet time (every 5m)
2025-04-15 19:02:00 - DEBUG - [trading_loop] [N/A] ⏱ Skipping VWAP_diff_signal_rsi_1700, not yet time (every 5m)
2025-04-15 19:02:00 - DEBUG - [trading_loop] [N/A] ⏱ Skipping EMA_Cross_ema50, not yet time (every 5m)
2025-04-15 19:02:00 - DEBUG - [trading_loop] [N/A] ⏱ Skipping SMA_Cross_sma50, not yet time (every 5m)
2025-04-15 19:02:00 - INFO - [trading_loop] [N/A] 📊 Updating SL/TP for active orders
2025-04-15 19:02:01 - INFO - [_wait_until_next_iteration] [N/A] ⏳ Sleeping for 58.93 seconds before the next cycle
2025-04-15 19:03:00 - DEBUG - [trading_loop] [N/A] ⏱ Skipping EMA_Cross_candle, not yet time (every 5m)
2025-04-15 19:03:00 - DEBUG - [trading_loop] [N/A] ⏱ Skipping VWAP_diff_signal_1700, not yet time (every 5m)
2025-04-15 19:03:00 - DEBUG - [trading_loop] [N/A] ⏱ Skipping SMA_Cross_candle, not yet time (every 5m)
2025-04-15 19:03:00 - DEBUG - [trading_loop] [N/A] ⏱ Skipping VWAP_diff_signal_rsi_1700, not yet time (every 5m)
2025-04-15 19:03:00 - DEBUG - [trading_loop] [N/A] ⏱ Skipping EMA_Cross_ema50, not yet time (every 5m)
2025-04-15 19:03:00 - DEBUG - [trading_loop] [N/A] ⏱ Skipping SMA_Cross_sma50, not yet time (every 5m)
2025-04-15 19:03:00 - INFO - [trading_loop] [N/A] 📊 Updating SL/TP for active orders
2025-04-15 19:03:01 - INFO - [_wait_until_next_iteration] [N/A] ⏳ Sleeping for 58.93 seconds before the next cycle
2025-04-15 19:04:00 - DEBUG - [trading_loop] [N/A] ⏱ Skipping EMA_Cross_candle, not yet time (every 5m)
2025-04-15 19:04:00 - DEBUG - [trading_loop] [N/A] ⏱ Skipping VWAP_diff_signal_1700, not yet time (every 5m)
2025-04-15 19:04:00 - DEBUG - [trading_loop] [N/A] ⏱ Skipping SMA_Cross_candle, not yet time (every 5m)
2025-04-15 19:04:00 - DEBUG - [trading_loop] [N/A] ⏱ Skipping VWAP_diff_signal_rsi_1700, not yet time (every 5m)
2025-04-15 19:04:00 - DEBUG - [trading_loop] [N/A] ⏱ Skipping EMA_Cross_ema50, not yet time (every 5m)
2025-04-15 19:04:00 - DEBUG - [trading_loop] [N/A] ⏱ Skipping SMA_Cross_sma50, not yet time (every 5m)
2025-04-15 19:04:00 - INFO - [trading_loop] [N/A] 📊 Updating SL/TP for active orders
2025-04-15 19:04:01 - INFO - [_wait_until_next_iteration] [N/A] ⏳ Sleeping for 58.93 seconds before the next cycle
2025-04-15 19:05:00 - INFO - [_run_strategy_if_applicable] [N/A] ⏰ Strategy 'EMA_Cross_candle' not executed because it's outside the time window: 16:35:00 - 16:50:00
2025-04-15 19:05:00 - INFO - [_run_strategy_if_applicable] [N/A] ⏰ Strategy 'VWAP_diff_signal_1700' not executed because it's outside the time window: 17:30:00 - 19:00:00
2025-04-15 19:05:00 - INFO - [_run_strategy_if_applicable] [N/A] ⏰ Strategy 'SMA_Cross_candle' not executed because it's outside the time window: 16:35:00 - 16:50:00
2025-04-15 19:05:00 - INFO - [_run_strategy_if_applicable] [N/A] ⏰ Strategy 'VWAP_diff_signal_rsi_1700' not executed because it's outside the time window: 17:30:00 - 19:00:00
2025-04-15 19:05:00 - INFO - [_run_strategy_if_applicable] [N/A] ⏰ Strategy 'EMA_Cross_ema50' not executed because it's outside the time window: 16:35:00 - 16:50:00
2025-04-15 19:05:00 - INFO - [_run_strategy_if_applicable] [N/A] ⏰ Strategy 'SMA_Cross_sma50' not executed because it's outside the time window: 16:35:00 - 16:50:00
2025-04-15 19:05:00 - INFO - [trading_loop] [N/A] 📊 Updating SL/TP for active orders
2025-04-15 19:05:01 - INFO - [_wait_until_next_iteration] [N/A] ⏳ Sleeping for 58.95 seconds before the next cycle
2025-04-15 19:06:00 - DEBUG - [trading_loop] [N/A] ⏱ Skipping EMA_Cross_candle, not yet time (every 5m)
2025-04-15 19:06:00 - DEBUG - [trading_loop] [N/A] ⏱ Skipping VWAP_diff_signal_1700, not yet time (every 5m)
2025-04-15 19:06:00 - DEBUG - [trading_loop] [N/A] ⏱ Skipping SMA_Cross_candle, not yet time (every 5m)
2025-04-15 19:06:00 - DEBUG - [trading_loop] [N/A] ⏱ Skipping VWAP_diff_signal_rsi_1700, not yet time (every 5m)
2025-04-15 19:06:00 - DEBUG - [trading_loop] [N/A] ⏱ Skipping EMA_Cross_ema50, not yet time (every 5m)
2025-04-15 19:06:00 - DEBUG - [trading_loop] [N/A] ⏱ Skipping SMA_Cross_sma50, not yet time (every 5m)
2025-04-15 19:06:00 - INFO - [trading_loop] [N/A] 📊 Updating SL/TP for active orders
2025-04-15 19:06:01 - INFO - [_wait_until_next_iteration] [N/A] ⏳ Sleeping for 58.94 seconds before the next cycle
2025-04-15 19:07:00 - DEBUG - [trading_loop] [N/A] ⏱ Skipping EMA_Cross_candle, not yet time (every 5m)
2025-04-15 19:07:00 - DEBUG - [trading_loop] [N/A] ⏱ Skipping VWAP_diff_signal_1700, not yet time (every 5m)
2025-04-15 19:07:00 - DEBUG - [trading_loop] [N/A] ⏱ Skipping SMA_Cross_candle, not yet time (every 5m)
2025-04-15 19:07:00 - DEBUG - [trading_loop] [N/A] ⏱ Skipping VWAP_diff_signal_rsi_1700, not yet time (every 5m)
2025-04-15 19:07:00 - DEBUG - [trading_loop] [N/A] ⏱ Skipping EMA_Cross_ema50, not yet time (every 5m)
2025-04-15 19:07:00 - DEBUG - [trading_loop] [N/A] ⏱ Skipping SMA_Cross_sma50, not yet time (every 5m)
2025-04-15 19:07:00 - INFO - [trading_loop] [N/A] 📊 Updating SL/TP for active orders
2025-04-15 19:07:01 - INFO - [_wait_until_next_iteration] [N/A] ⏳ Sleeping for 58.93 seconds before the next cycle
2025-04-15 19:08:00 - DEBUG - [trading_loop] [N/A] ⏱ Skipping EMA_Cross_candle, not yet time (every 5m)
2025-04-15 19:08:00 - DEBUG - [trading_loop] [N/A] ⏱ Skipping VWAP_diff_signal_1700, not yet time (every 5m)
2025-04-15 19:08:00 - DEBUG - [trading_loop] [N/A] ⏱ Skipping SMA_Cross_candle, not yet time (every 5m)
2025-04-15 19:08:00 - DEBUG - [trading_loop] [N/A] ⏱ Skipping VWAP_diff_signal_rsi_1700, not yet time (every 5m)
2025-04-15 19:08:00 - DEBUG - [trading_loop] [N/A] ⏱ Skipping EMA_Cross_ema50, not yet time (every 5m)
2025-04-15 19:08:00 - DEBUG - [trading_loop] [N/A] ⏱ Skipping SMA_Cross_sma50, not yet time (every 5m)
2025-04-15 19:08:00 - INFO - [trading_loop] [N/A] 📊 Updating SL/TP for active orders
2025-04-15 19:08:01 - INFO - [_wait_until_next_iteration] [N/A] ⏳ Sleeping for 58.93 seconds before the next cycle
2025-04-15 19:09:00 - DEBUG - [trading_loop] [N/A] ⏱ Skipping EMA_Cross_candle, not yet time (every 5m)
2025-04-15 19:09:00 - DEBUG - [trading_loop] [N/A] ⏱ Skipping VWAP_diff_signal_1700, not yet time (every 5m)
2025-04-15 19:09:00 - DEBUG - [trading_loop] [N/A] ⏱ Skipping SMA_Cross_candle, not yet time (every 5m)
2025-04-15 19:09:00 - DEBUG - [trading_loop] [N/A] ⏱ Skipping VWAP_diff_signal_rsi_1700, not yet time (every 5m)
2025-04-15 19:09:00 - DEBUG - [trading_loop] [N/A] ⏱ Skipping EMA_Cross_ema50, not yet time (every 5m)
2025-04-15 19:09:00 - DEBUG - [trading_loop] [N/A] ⏱ Skipping SMA_Cross_sma50, not yet time (every 5m)
2025-04-15 19:09:00 - INFO - [trading_loop] [N/A] 📊 Updating SL/TP for active orders
2025-04-15 19:09:01 - INFO - [_wait_until_next_iteration] [N/A] ⏳ Sleeping for 58.96 seconds before the next cycle
2025-04-15 19:10:00 - INFO - [_run_strategy_if_applicable] [N/A] ⏰ Strategy 'EMA_Cross_candle' not executed because it's outside the time window: 16:35:00 - 16:50:00
2025-04-15 19:10:00 - INFO - [_run_strategy_if_applicable] [N/A] ⏰ Strategy 'VWAP_diff_signal_1700' not executed because it's outside the time window: 17:30:00 - 19:00:00
2025-04-15 19:10:00 - INFO - [_run_strategy_if_applicable] [N/A] ⏰ Strategy 'SMA_Cross_candle' not executed because it's outside the time window: 16:35:00 - 16:50:00
2025-04-15 19:10:00 - INFO - [_run_strategy_if_applicable] [N/A] ⏰ Strategy 'VWAP_diff_signal_rsi_1700' not executed because it's outside the time window: 17:30:00 - 19:00:00
2025-04-15 19:10:00 - INFO - [_run_strategy_if_applicable] [N/A] ⏰ Strategy 'EMA_Cross_ema50' not executed because it's outside the time window: 16:35:00 - 16:50:00
2025-04-15 19:10:00 - INFO - [_run_strategy_if_applicable] [N/A] ⏰ Strategy 'SMA_Cross_sma50' not executed because it's outside the time window: 16:35:00 - 16:50:00
2025-04-15 19:10:00 - INFO - [trading_loop] [N/A] 📊 Updating SL/TP for active orders
2025-04-15 19:10:01 - INFO - [_wait_until_next_iteration] [N/A] ⏳ Sleeping for 58.95 seconds before the next cycle
2025-04-15 19:11:00 - DEBUG - [trading_loop] [N/A] ⏱ Skipping EMA_Cross_candle, not yet time (every 5m)
2025-04-15 19:11:00 - DEBUG - [trading_loop] [N/A] ⏱ Skipping VWAP_diff_signal_1700, not yet time (every 5m)
2025-04-15 19:11:00 - DEBUG - [trading_loop] [N/A] ⏱ Skipping SMA_Cross_candle, not yet time (every 5m)
2025-04-15 19:11:00 - DEBUG - [trading_loop] [N/A] ⏱ Skipping VWAP_diff_signal_rsi_1700, not yet time (every 5m)
2025-04-15 19:11:00 - DEBUG - [trading_loop] [N/A] ⏱ Skipping EMA_Cross_ema50, not yet time (every 5m)
2025-04-15 19:11:00 - DEBUG - [trading_loop] [N/A] ⏱ Skipping SMA_Cross_sma50, not yet time (every 5m)
2025-04-15 19:11:00 - INFO - [trading_loop] [N/A] 📊 Updating SL/TP for active orders
2025-04-15 19:11:01 - INFO - [_wait_until_next_iteration] [N/A] ⏳ Sleeping for 58.93 seconds before the next cycle
2025-04-15 19:12:00 - DEBUG - [trading_loop] [N/A] ⏱ Skipping EMA_Cross_candle, not yet time (every 5m)
2025-04-15 19:12:00 - DEBUG - [trading_loop] [N/A] ⏱ Skipping VWAP_diff_signal_1700, not yet time (every 5m)
2025-04-15 19:12:00 - DEBUG - [trading_loop] [N/A] ⏱ Skipping SMA_Cross_candle, not yet time (every 5m)
2025-04-15 19:12:00 - DEBUG - [trading_loop] [N/A] ⏱ Skipping VWAP_diff_signal_rsi_1700, not yet time (every 5m)
2025-04-15 19:12:00 - DEBUG - [trading_loop] [N/A] ⏱ Skipping EMA_Cross_ema50, not yet time (every 5m)
2025-04-15 19:12:00 - DEBUG - [trading_loop] [N/A] ⏱ Skipping SMA_Cross_sma50, not yet time (every 5m)
2025-04-15 19:12:00 - INFO - [trading_loop] [N/A] 📊 Updating SL/TP for active orders
2025-04-15 19:12:01 - INFO - [_wait_until_next_iteration] [N/A] ⏳ Sleeping for 58.97 seconds before the next cycle
2025-04-15 19:13:00 - DEBUG - [trading_loop] [N/A] ⏱ Skipping EMA_Cross_candle, not yet time (every 5m)
2025-04-15 19:13:00 - DEBUG - [trading_loop] [N/A] ⏱ Skipping VWAP_diff_signal_1700, not yet time (every 5m)
2025-04-15 19:13:00 - DEBUG - [trading_loop] [N/A] ⏱ Skipping SMA_Cross_candle, not yet time (every 5m)
2025-04-15 19:13:00 - DEBUG - [trading_loop] [N/A] ⏱ Skipping VWAP_diff_signal_rsi_1700, not yet time (every 5m)
2025-04-15 19:13:00 - DEBUG - [trading_loop] [N/A] ⏱ Skipping EMA_Cross_ema50, not yet time (every 5m)
2025-04-15 19:13:00 - DEBUG - [trading_loop] [N/A] ⏱ Skipping SMA_Cross_sma50, not yet time (every 5m)
2025-04-15 19:13:00 - INFO - [trading_loop] [N/A] 📊 Updating SL/TP for active orders
2025-04-15 19:13:01 - INFO - [_wait_until_next_iteration] [N/A] ⏳ Sleeping for 58.93 seconds before the next cycle
2025-04-15 19:14:00 - DEBUG - [trading_loop] [N/A] ⏱ Skipping EMA_Cross_candle, not yet time (every 5m)
2025-04-15 19:14:00 - DEBUG - [trading_loop] [N/A] ⏱ Skipping VWAP_diff_signal_1700, not yet time (every 5m)
2025-04-15 19:14:00 - DEBUG - [trading_loop] [N/A] ⏱ Skipping SMA_Cross_candle, not yet time (every 5m)
2025-04-15 19:14:00 - DEBUG - [trading_loop] [N/A] ⏱ Skipping VWAP_diff_signal_rsi_1700, not yet time (every 5m)
2025-04-15 19:14:00 - DEBUG - [trading_loop] [N/A] ⏱ Skipping EMA_Cross_ema50, not yet time (every 5m)
2025-04-15 19:14:00 - DEBUG - [trading_loop] [N/A] ⏱ Skipping SMA_Cross_sma50, not yet time (every 5m)
2025-04-15 19:14:00 - INFO - [trading_loop] [N/A] 📊 Updating SL/TP for active orders
2025-04-15 19:14:01 - INFO - [_wait_until_next_iteration] [N/A] ⏳ Sleeping for 58.93 seconds before the next cycle
2025-04-15 19:15:00 - INFO - [_run_strategy_if_applicable] [N/A] ⏰ Strategy 'EMA_Cross_candle' not executed because it's outside the time window: 16:35:00 - 16:50:00
2025-04-15 19:15:00 - INFO - [_run_strategy_if_applicable] [N/A] ⏰ Strategy 'VWAP_diff_signal_1700' not executed because it's outside the time window: 17:30:00 - 19:00:00
2025-04-15 19:15:00 - INFO - [_run_strategy_if_applicable] [N/A] ⏰ Strategy 'SMA_Cross_candle' not executed because it's outside the time window: 16:35:00 - 16:50:00
2025-04-15 19:15:00 - INFO - [_run_strategy_if_applicable] [N/A] ⏰ Strategy 'VWAP_diff_signal_rsi_1700' not executed because it's outside the time window: 17:30:00 - 19:00:00
2025-04-15 19:15:00 - INFO - [_run_strategy_if_applicable] [N/A] ⏰ Strategy 'EMA_Cross_ema50' not executed because it's outside the time window: 16:35:00 - 16:50:00
2025-04-15 19:15:00 - INFO - [_run_strategy_if_applicable] [N/A] ⏰ Strategy 'SMA_Cross_sma50' not executed because it's outside the time window: 16:35:00 - 16:50:00
2025-04-15 19:15:00 - INFO - [trading_loop] [N/A] 📊 Updating SL/TP for active orders
2025-04-15 19:15:01 - INFO - [_wait_until_next_iteration] [N/A] ⏳ Sleeping for 58.93 seconds before the next cycle
2025-04-15 19:16:00 - DEBUG - [trading_loop] [N/A] ⏱ Skipping EMA_Cross_candle, not yet time (every 5m)
2025-04-15 19:16:00 - DEBUG - [trading_loop] [N/A] ⏱ Skipping VWAP_diff_signal_1700, not yet time (every 5m)
2025-04-15 19:16:00 - DEBUG - [trading_loop] [N/A] ⏱ Skipping SMA_Cross_candle, not yet time (every 5m)
2025-04-15 19:16:00 - DEBUG - [trading_loop] [N/A] ⏱ Skipping VWAP_diff_signal_rsi_1700, not yet time (every 5m)
2025-04-15 19:16:00 - DEBUG - [trading_loop] [N/A] ⏱ Skipping EMA_Cross_ema50, not yet time (every 5m)
2025-04-15 19:16:00 - DEBUG - [trading_loop] [N/A] ⏱ Skipping SMA_Cross_sma50, not yet time (every 5m)
2025-04-15 19:16:00 - INFO - [trading_loop] [N/A] 📊 Updating SL/TP for active orders
2025-04-15 19:16:01 - INFO - [_wait_until_next_iteration] [N/A] ⏳ Sleeping for 58.93 seconds before the next cycle
2025-04-15 19:17:00 - DEBUG - [trading_loop] [N/A] ⏱ Skipping EMA_Cross_candle, not yet time (every 5m)
2025-04-15 19:17:00 - DEBUG - [trading_loop] [N/A] ⏱ Skipping VWAP_diff_signal_1700, not yet time (every 5m)
2025-04-15 19:17:00 - DEBUG - [trading_loop] [N/A] ⏱ Skipping SMA_Cross_candle, not yet time (every 5m)
2025-04-15 19:17:00 - DEBUG - [trading_loop] [N/A] ⏱ Skipping VWAP_diff_signal_rsi_1700, not yet time (every 5m)
2025-04-15 19:17:00 - DEBUG - [trading_loop] [N/A] ⏱ Skipping EMA_Cross_ema50, not yet time (every 5m)
2025-04-15 19:17:00 - DEBUG - [trading_loop] [N/A] ⏱ Skipping SMA_Cross_sma50, not yet time (every 5m)
2025-04-15 19:17:00 - INFO - [trading_loop] [N/A] 📊 Updating SL/TP for active orders
2025-04-15 19:17:01 - INFO - [_wait_until_next_iteration] [N/A] ⏳ Sleeping for 58.93 seconds before the next cycle
2025-04-15 19:18:00 - DEBUG - [trading_loop] [N/A] ⏱ Skipping EMA_Cross_candle, not yet time (every 5m)
2025-04-15 19:18:00 - DEBUG - [trading_loop] [N/A] ⏱ Skipping VWAP_diff_signal_1700, not yet time (every 5m)
2025-04-15 19:18:00 - DEBUG - [trading_loop] [N/A] ⏱ Skipping SMA_Cross_candle, not yet time (every 5m)
2025-04-15 19:18:00 - DEBUG - [trading_loop] [N/A] ⏱ Skipping VWAP_diff_signal_rsi_1700, not yet time (every 5m)
2025-04-15 19:18:00 - DEBUG - [trading_loop] [N/A] ⏱ Skipping EMA_Cross_ema50, not yet time (every 5m)
2025-04-15 19:18:00 - DEBUG - [trading_loop] [N/A] ⏱ Skipping SMA_Cross_sma50, not yet time (every 5m)
2025-04-15 19:18:00 - INFO - [trading_loop] [N/A] 📊 Updating SL/TP for active orders
2025-04-15 19:18:01 - INFO - [_wait_until_next_iteration] [N/A] ⏳ Sleeping for 58.93 seconds before the next cycle
2025-04-15 19:19:00 - DEBUG - [trading_loop] [N/A] ⏱ Skipping EMA_Cross_candle, not yet time (every 5m)
2025-04-15 19:19:00 - DEBUG - [trading_loop] [N/A] ⏱ Skipping VWAP_diff_signal_1700, not yet time (every 5m)
2025-04-15 19:19:00 - DEBUG - [trading_loop] [N/A] ⏱ Skipping SMA_Cross_candle, not yet time (every 5m)
2025-04-15 19:19:00 - DEBUG - [trading_loop] [N/A] ⏱ Skipping VWAP_diff_signal_rsi_1700, not yet time (every 5m)
2025-04-15 19:19:00 - DEBUG - [trading_loop] [N/A] ⏱ Skipping EMA_Cross_ema50, not yet time (every 5m)
2025-04-15 19:19:00 - DEBUG - [trading_loop] [N/A] ⏱ Skipping SMA_Cross_sma50, not yet time (every 5m)
2025-04-15 19:19:00 - INFO - [trading_loop] [N/A] 📊 Updating SL/TP for active orders
2025-04-15 19:19:01 - INFO - [_wait_until_next_iteration] [N/A] ⏳ Sleeping for 58.93 seconds before the next cycle
2025-04-15 19:20:00 - INFO - [_run_strategy_if_applicable] [N/A] ⏰ Strategy 'EMA_Cross_candle' not executed because it's outside the time window: 16:35:00 - 16:50:00
2025-04-15 19:20:00 - INFO - [_run_strategy_if_applicable] [N/A] ⏰ Strategy 'VWAP_diff_signal_1700' not executed because it's outside the time window: 17:30:00 - 19:00:00
2025-04-15 19:20:00 - INFO - [_run_strategy_if_applicable] [N/A] ⏰ Strategy 'SMA_Cross_candle' not executed because it's outside the time window: 16:35:00 - 16:50:00
2025-04-15 19:20:00 - INFO - [_run_strategy_if_applicable] [N/A] ⏰ Strategy 'VWAP_diff_signal_rsi_1700' not executed because it's outside the time window: 17:30:00 - 19:00:00
2025-04-15 19:20:00 - INFO - [_run_strategy_if_applicable] [N/A] ⏰ Strategy 'EMA_Cross_ema50' not executed because it's outside the time window: 16:35:00 - 16:50:00
2025-04-15 19:20:00 - INFO - [_run_strategy_if_applicable] [N/A] ⏰ Strategy 'SMA_Cross_sma50' not executed because it's outside the time window: 16:35:00 - 16:50:00
2025-04-15 19:20:00 - INFO - [trading_loop] [N/A] 📊 Updating SL/TP for active orders
2025-04-15 19:20:01 - INFO - [_wait_until_next_iteration] [N/A] ⏳ Sleeping for 58.93 seconds before the next cycle
2025-04-15 19:21:00 - DEBUG - [trading_loop] [N/A] ⏱ Skipping EMA_Cross_candle, not yet time (every 5m)
2025-04-15 19:21:00 - DEBUG - [trading_loop] [N/A] ⏱ Skipping VWAP_diff_signal_1700, not yet time (every 5m)
2025-04-15 19:21:00 - DEBUG - [trading_loop] [N/A] ⏱ Skipping SMA_Cross_candle, not yet time (every 5m)
2025-04-15 19:21:00 - DEBUG - [trading_loop] [N/A] ⏱ Skipping VWAP_diff_signal_rsi_1700, not yet time (every 5m)
2025-04-15 19:21:00 - DEBUG - [trading_loop] [N/A] ⏱ Skipping EMA_Cross_ema50, not yet time (every 5m)
2025-04-15 19:21:00 - DEBUG - [trading_loop] [N/A] ⏱ Skipping SMA_Cross_sma50, not yet time (every 5m)
2025-04-15 19:21:00 - INFO - [trading_loop] [N/A] 📊 Updating SL/TP for active orders
2025-04-15 19:21:01 - INFO - [_wait_until_next_iteration] [N/A] ⏳ Sleeping for 58.96 seconds before the next cycle
2025-04-15 19:22:00 - DEBUG - [trading_loop] [N/A] ⏱ Skipping EMA_Cross_candle, not yet time (every 5m)
2025-04-15 19:22:00 - DEBUG - [trading_loop] [N/A] ⏱ Skipping VWAP_diff_signal_1700, not yet time (every 5m)
2025-04-15 19:22:00 - DEBUG - [trading_loop] [N/A] ⏱ Skipping SMA_Cross_candle, not yet time (every 5m)
2025-04-15 19:22:00 - DEBUG - [trading_loop] [N/A] ⏱ Skipping VWAP_diff_signal_rsi_1700, not yet time (every 5m)
2025-04-15 19:22:00 - DEBUG - [trading_loop] [N/A] ⏱ Skipping EMA_Cross_ema50, not yet time (every 5m)
2025-04-15 19:22:00 - DEBUG - [trading_loop] [N/A] ⏱ Skipping SMA_Cross_sma50, not yet time (every 5m)
2025-04-15 19:22:00 - INFO - [trading_loop] [N/A] 📊 Updating SL/TP for active orders
2025-04-15 19:22:01 - INFO - [_wait_until_next_iteration] [N/A] ⏳ Sleeping for 58.93 seconds before the next cycle
2025-04-15 19:23:00 - DEBUG - [trading_loop] [N/A] ⏱ Skipping EMA_Cross_candle, not yet time (every 5m)
2025-04-15 19:23:00 - DEBUG - [trading_loop] [N/A] ⏱ Skipping VWAP_diff_signal_1700, not yet time (every 5m)
2025-04-15 19:23:00 - DEBUG - [trading_loop] [N/A] ⏱ Skipping SMA_Cross_candle, not yet time (every 5m)
2025-04-15 19:23:00 - DEBUG - [trading_loop] [N/A] ⏱ Skipping VWAP_diff_signal_rsi_1700, not yet time (every 5m)
2025-04-15 19:23:00 - DEBUG - [trading_loop] [N/A] ⏱ Skipping EMA_Cross_ema50, not yet time (every 5m)
2025-04-15 19:23:00 - DEBUG - [trading_loop] [N/A] ⏱ Skipping SMA_Cross_sma50, not yet time (every 5m)
2025-04-15 19:23:00 - INFO - [trading_loop] [N/A] 📊 Updating SL/TP for active orders
2025-04-15 19:23:01 - INFO - [_wait_until_next_iteration] [N/A] ⏳ Sleeping for 58.93 seconds before the next cycle
2025-04-15 19:24:00 - DEBUG - [trading_loop] [N/A] ⏱ Skipping EMA_Cross_candle, not yet time (every 5m)
2025-04-15 19:24:00 - DEBUG - [trading_loop] [N/A] ⏱ Skipping VWAP_diff_signal_1700, not yet time (every 5m)
2025-04-15 19:24:00 - DEBUG - [trading_loop] [N/A] ⏱ Skipping SMA_Cross_candle, not yet time (every 5m)
2025-04-15 19:24:00 - DEBUG - [trading_loop] [N/A] ⏱ Skipping VWAP_diff_signal_rsi_1700, not yet time (every 5m)
2025-04-15 19:24:00 - DEBUG - [trading_loop] [N/A] ⏱ Skipping EMA_Cross_ema50, not yet time (every 5m)
2025-04-15 19:24:00 - DEBUG - [trading_loop] [N/A] ⏱ Skipping SMA_Cross_sma50, not yet time (every 5m)
2025-04-15 19:24:00 - INFO - [trading_loop] [N/A] 📊 Updating SL/TP for active orders
2025-04-15 19:24:01 - INFO - [_wait_until_next_iteration] [N/A] ⏳ Sleeping for 58.94 seconds before the next cycle
2025-04-15 19:25:00 - INFO - [_run_strategy_if_applicable] [N/A] ⏰ Strategy 'EMA_Cross_candle' not executed because it's outside the time window: 16:35:00 - 16:50:00
2025-04-15 19:25:00 - INFO - [_run_strategy_if_applicable] [N/A] ⏰ Strategy 'VWAP_diff_signal_1700' not executed because it's outside the time window: 17:30:00 - 19:00:00
2025-04-15 19:25:00 - INFO - [_run_strategy_if_applicable] [N/A] ⏰ Strategy 'SMA_Cross_candle' not executed because it's outside the time window: 16:35:00 - 16:50:00
2025-04-15 19:25:00 - INFO - [_run_strategy_if_applicable] [N/A] ⏰ Strategy 'VWAP_diff_signal_rsi_1700' not executed because it's outside the time window: 17:30:00 - 19:00:00
2025-04-15 19:25:00 - INFO - [_run_strategy_if_applicable] [N/A] ⏰ Strategy 'EMA_Cross_ema50' not executed because it's outside the time window: 16:35:00 - 16:50:00
2025-04-15 19:25:00 - INFO - [_run_strategy_if_applicable] [N/A] ⏰ Strategy 'SMA_Cross_sma50' not executed because it's outside the time window: 16:35:00 - 16:50:00
2025-04-15 19:25:00 - INFO - [trading_loop] [N/A] 📊 Updating SL/TP for active orders
2025-04-15 19:25:01 - INFO - [_wait_until_next_iteration] [N/A] ⏳ Sleeping for 58.93 seconds before the next cycle
2025-04-15 19:26:00 - DEBUG - [trading_loop] [N/A] ⏱ Skipping EMA_Cross_candle, not yet time (every 5m)
2025-04-15 19:26:00 - DEBUG - [trading_loop] [N/A] ⏱ Skipping VWAP_diff_signal_1700, not yet time (every 5m)
2025-04-15 19:26:00 - DEBUG - [trading_loop] [N/A] ⏱ Skipping SMA_Cross_candle, not yet time (every 5m)
2025-04-15 19:26:00 - DEBUG - [trading_loop] [N/A] ⏱ Skipping VWAP_diff_signal_rsi_1700, not yet time (every 5m)
2025-04-15 19:26:00 - DEBUG - [trading_loop] [N/A] ⏱ Skipping EMA_Cross_ema50, not yet time (every 5m)
2025-04-15 19:26:00 - DEBUG - [trading_loop] [N/A] ⏱ Skipping SMA_Cross_sma50, not yet time (every 5m)
2025-04-15 19:26:00 - INFO - [trading_loop] [N/A] 📊 Updating SL/TP for active orders
2025-04-15 19:26:01 - INFO - [_wait_until_next_iteration] [N/A] ⏳ Sleeping for 58.95 seconds before the next cycle
2025-04-15 19:27:00 - DEBUG - [trading_loop] [N/A] ⏱ Skipping EMA_Cross_candle, not yet time (every 5m)
2025-04-15 19:27:00 - DEBUG - [trading_loop] [N/A] ⏱ Skipping VWAP_diff_signal_1700, not yet time (every 5m)
2025-04-15 19:27:00 - DEBUG - [trading_loop] [N/A] ⏱ Skipping SMA_Cross_candle, not yet time (every 5m)
2025-04-15 19:27:00 - DEBUG - [trading_loop] [N/A] ⏱ Skipping VWAP_diff_signal_rsi_1700, not yet time (every 5m)
2025-04-15 19:27:00 - DEBUG - [trading_loop] [N/A] ⏱ Skipping EMA_Cross_ema50, not yet time (every 5m)
2025-04-15 19:27:00 - DEBUG - [trading_loop] [N/A] ⏱ Skipping SMA_Cross_sma50, not yet time (every 5m)
2025-04-15 19:27:00 - INFO - [trading_loop] [N/A] 📊 Updating SL/TP for active orders
2025-04-15 19:27:01 - INFO - [_wait_until_next_iteration] [N/A] ⏳ Sleeping for 58.95 seconds before the next cycle
2025-04-15 19:28:00 - DEBUG - [trading_loop] [N/A] ⏱ Skipping EMA_Cross_candle, not yet time (every 5m)
2025-04-15 19:28:00 - DEBUG - [trading_loop] [N/A] ⏱ Skipping VWAP_diff_signal_1700, not yet time (every 5m)
2025-04-15 19:28:00 - DEBUG - [trading_loop] [N/A] ⏱ Skipping SMA_Cross_candle, not yet time (every 5m)
2025-04-15 19:28:00 - DEBUG - [trading_loop] [N/A] ⏱ Skipping VWAP_diff_signal_rsi_1700, not yet time (every 5m)
2025-04-15 19:28:00 - DEBUG - [trading_loop] [N/A] ⏱ Skipping EMA_Cross_ema50, not yet time (every 5m)
2025-04-15 19:28:00 - DEBUG - [trading_loop] [N/A] ⏱ Skipping SMA_Cross_sma50, not yet time (every 5m)
2025-04-15 19:28:00 - INFO - [trading_loop] [N/A] 📊 Updating SL/TP for active orders
2025-04-15 19:28:01 - INFO - [_wait_until_next_iteration] [N/A] ⏳ Sleeping for 58.93 seconds before the next cycle
2025-04-15 19:29:00 - DEBUG - [trading_loop] [N/A] ⏱ Skipping EMA_Cross_candle, not yet time (every 5m)
2025-04-15 19:29:00 - DEBUG - [trading_loop] [N/A] ⏱ Skipping VWAP_diff_signal_1700, not yet time (every 5m)
2025-04-15 19:29:00 - DEBUG - [trading_loop] [N/A] ⏱ Skipping SMA_Cross_candle, not yet time (every 5m)
2025-04-15 19:29:00 - DEBUG - [trading_loop] [N/A] ⏱ Skipping VWAP_diff_signal_rsi_1700, not yet time (every 5m)
2025-04-15 19:29:00 - DEBUG - [trading_loop] [N/A] ⏱ Skipping EMA_Cross_ema50, not yet time (every 5m)
2025-04-15 19:29:00 - DEBUG - [trading_loop] [N/A] ⏱ Skipping SMA_Cross_sma50, not yet time (every 5m)
2025-04-15 19:29:00 - INFO - [trading_loop] [N/A] 📊 Updating SL/TP for active orders
2025-04-15 19:29:01 - INFO - [_wait_until_next_iteration] [N/A] ⏳ Sleeping for 58.94 seconds before the next cycle
2025-04-15 19:30:00 - INFO - [_run_strategy_if_applicable] [N/A] ⏰ Strategy 'EMA_Cross_candle' not executed because it's outside the time window: 16:35:00 - 16:50:00
2025-04-15 19:30:00 - INFO - [_run_strategy_if_applicable] [N/A] ⏰ Strategy 'VWAP_diff_signal_1700' not executed because it's outside the time window: 17:30:00 - 19:00:00
2025-04-15 19:30:00 - INFO - [_run_strategy_if_applicable] [N/A] ⏰ Strategy 'SMA_Cross_candle' not executed because it's outside the time window: 16:35:00 - 16:50:00
2025-04-15 19:30:00 - INFO - [_run_strategy_if_applicable] [N/A] ⏰ Strategy 'VWAP_diff_signal_rsi_1700' not executed because it's outside the time window: 17:30:00 - 19:00:00
2025-04-15 19:30:00 - INFO - [_run_strategy_if_applicable] [N/A] ⏰ Strategy 'EMA_Cross_ema50' not executed because it's outside the time window: 16:35:00 - 16:50:00
2025-04-15 19:30:00 - INFO - [_run_strategy_if_applicable] [N/A] ⏰ Strategy 'SMA_Cross_sma50' not executed because it's outside the time window: 16:35:00 - 16:50:00
2025-04-15 19:30:00 - INFO - [trading_loop] [N/A] 📊 Updating SL/TP for active orders
2025-04-15 19:30:01 - INFO - [_wait_until_next_iteration] [N/A] ⏳ Sleeping for 58.93 seconds before the next cycle
2025-04-15 19:31:00 - DEBUG - [trading_loop] [N/A] ⏱ Skipping EMA_Cross_candle, not yet time (every 5m)
2025-04-15 19:31:00 - DEBUG - [trading_loop] [N/A] ⏱ Skipping VWAP_diff_signal_1700, not yet time (every 5m)
2025-04-15 19:31:00 - DEBUG - [trading_loop] [N/A] ⏱ Skipping SMA_Cross_candle, not yet time (every 5m)
2025-04-15 19:31:00 - DEBUG - [trading_loop] [N/A] ⏱ Skipping VWAP_diff_signal_rsi_1700, not yet time (every 5m)
2025-04-15 19:31:00 - DEBUG - [trading_loop] [N/A] ⏱ Skipping EMA_Cross_ema50, not yet time (every 5m)
2025-04-15 19:31:00 - DEBUG - [trading_loop] [N/A] ⏱ Skipping SMA_Cross_sma50, not yet time (every 5m)
2025-04-15 19:31:00 - INFO - [trading_loop] [N/A] 📊 Updating SL/TP for active orders
2025-04-15 19:31:01 - INFO - [_wait_until_next_iteration] [N/A] ⏳ Sleeping for 58.92 seconds before the next cycle
2025-04-15 19:32:00 - DEBUG - [trading_loop] [N/A] ⏱ Skipping EMA_Cross_candle, not yet time (every 5m)
2025-04-15 19:32:00 - DEBUG - [trading_loop] [N/A] ⏱ Skipping VWAP_diff_signal_1700, not yet time (every 5m)
2025-04-15 19:32:00 - DEBUG - [trading_loop] [N/A] ⏱ Skipping SMA_Cross_candle, not yet time (every 5m)
2025-04-15 19:32:00 - DEBUG - [trading_loop] [N/A] ⏱ Skipping VWAP_diff_signal_rsi_1700, not yet time (every 5m)
2025-04-15 19:32:00 - DEBUG - [trading_loop] [N/A] ⏱ Skipping EMA_Cross_ema50, not yet time (every 5m)
2025-04-15 19:32:00 - DEBUG - [trading_loop] [N/A] ⏱ Skipping SMA_Cross_sma50, not yet time (every 5m)
2025-04-15 19:32:00 - INFO - [trading_loop] [N/A] 📊 Updating SL/TP for active orders
2025-04-15 19:32:01 - INFO - [_wait_until_next_iteration] [N/A] ⏳ Sleeping for 58.93 seconds before the next cycle
2025-04-15 19:33:00 - DEBUG - [trading_loop] [N/A] ⏱ Skipping EMA_Cross_candle, not yet time (every 5m)
2025-04-15 19:33:00 - DEBUG - [trading_loop] [N/A] ⏱ Skipping VWAP_diff_signal_1700, not yet time (every 5m)
2025-04-15 19:33:00 - DEBUG - [trading_loop] [N/A] ⏱ Skipping SMA_Cross_candle, not yet time (every 5m)
2025-04-15 19:33:00 - DEBUG - [trading_loop] [N/A] ⏱ Skipping VWAP_diff_signal_rsi_1700, not yet time (every 5m)
2025-04-15 19:33:00 - DEBUG - [trading_loop] [N/A] ⏱ Skipping EMA_Cross_ema50, not yet time (every 5m)
2025-04-15 19:33:00 - DEBUG - [trading_loop] [N/A] ⏱ Skipping SMA_Cross_sma50, not yet time (every 5m)
2025-04-15 19:33:00 - INFO - [trading_loop] [N/A] 📊 Updating SL/TP for active orders
2025-04-15 19:33:01 - INFO - [_wait_until_next_iteration] [N/A] ⏳ Sleeping for 58.93 seconds before the next cycle
2025-04-15 19:34:00 - DEBUG - [trading_loop] [N/A] ⏱ Skipping EMA_Cross_candle, not yet time (every 5m)
2025-04-15 19:34:00 - DEBUG - [trading_loop] [N/A] ⏱ Skipping VWAP_diff_signal_1700, not yet time (every 5m)
2025-04-15 19:34:00 - DEBUG - [trading_loop] [N/A] ⏱ Skipping SMA_Cross_candle, not yet time (every 5m)
2025-04-15 19:34:00 - DEBUG - [trading_loop] [N/A] ⏱ Skipping VWAP_diff_signal_rsi_1700, not yet time (every 5m)
2025-04-15 19:34:00 - DEBUG - [trading_loop] [N/A] ⏱ Skipping EMA_Cross_ema50, not yet time (every 5m)
2025-04-15 19:34:00 - DEBUG - [trading_loop] [N/A] ⏱ Skipping SMA_Cross_sma50, not yet time (every 5m)
2025-04-15 19:34:00 - INFO - [trading_loop] [N/A] 📊 Updating SL/TP for active orders
2025-04-15 19:34:01 - INFO - [_wait_until_next_iteration] [N/A] ⏳ Sleeping for 58.93 seconds before the next cycle
2025-04-15 19:35:00 - INFO - [_run_strategy_if_applicable] [N/A] ⏰ Strategy 'EMA_Cross_candle' not executed because it's outside the time window: 16:35:00 - 16:50:00
2025-04-15 19:35:00 - INFO - [_run_strategy_if_applicable] [N/A] ⏰ Strategy 'VWAP_diff_signal_1700' not executed because it's outside the time window: 17:30:00 - 19:00:00
2025-04-15 19:35:00 - INFO - [_run_strategy_if_applicable] [N/A] ⏰ Strategy 'SMA_Cross_candle' not executed because it's outside the time window: 16:35:00 - 16:50:00
2025-04-15 19:35:00 - INFO - [_run_strategy_if_applicable] [N/A] ⏰ Strategy 'VWAP_diff_signal_rsi_1700' not executed because it's outside the time window: 17:30:00 - 19:00:00
2025-04-15 19:35:00 - INFO - [_run_strategy_if_applicable] [N/A] ⏰ Strategy 'EMA_Cross_ema50' not executed because it's outside the time window: 16:35:00 - 16:50:00
2025-04-15 19:35:00 - INFO - [_run_strategy_if_applicable] [N/A] ⏰ Strategy 'SMA_Cross_sma50' not executed because it's outside the time window: 16:35:00 - 16:50:00
2025-04-15 19:35:00 - INFO - [trading_loop] [N/A] 📊 Updating SL/TP for active orders
2025-04-15 19:35:01 - INFO - [_wait_until_next_iteration] [N/A] ⏳ Sleeping for 58.93 seconds before the next cycle
2025-04-15 19:36:00 - DEBUG - [trading_loop] [N/A] ⏱ Skipping EMA_Cross_candle, not yet time (every 5m)
2025-04-15 19:36:00 - DEBUG - [trading_loop] [N/A] ⏱ Skipping VWAP_diff_signal_1700, not yet time (every 5m)
2025-04-15 19:36:00 - DEBUG - [trading_loop] [N/A] ⏱ Skipping SMA_Cross_candle, not yet time (every 5m)
2025-04-15 19:36:00 - DEBUG - [trading_loop] [N/A] ⏱ Skipping VWAP_diff_signal_rsi_1700, not yet time (every 5m)
2025-04-15 19:36:00 - DEBUG - [trading_loop] [N/A] ⏱ Skipping EMA_Cross_ema50, not yet time (every 5m)
2025-04-15 19:36:00 - DEBUG - [trading_loop] [N/A] ⏱ Skipping SMA_Cross_sma50, not yet time (every 5m)
2025-04-15 19:36:00 - INFO - [trading_loop] [N/A] 📊 Updating SL/TP for active orders
2025-04-15 19:36:01 - INFO - [_wait_until_next_iteration] [N/A] ⏳ Sleeping for 58.94 seconds before the next cycle
2025-04-15 19:37:00 - DEBUG - [trading_loop] [N/A] ⏱ Skipping EMA_Cross_candle, not yet time (every 5m)
2025-04-15 19:37:00 - DEBUG - [trading_loop] [N/A] ⏱ Skipping VWAP_diff_signal_1700, not yet time (every 5m)
2025-04-15 19:37:00 - DEBUG - [trading_loop] [N/A] ⏱ Skipping SMA_Cross_candle, not yet time (every 5m)
2025-04-15 19:37:00 - DEBUG - [trading_loop] [N/A] ⏱ Skipping VWAP_diff_signal_rsi_1700, not yet time (every 5m)
2025-04-15 19:37:00 - DEBUG - [trading_loop] [N/A] ⏱ Skipping EMA_Cross_ema50, not yet time (every 5m)
2025-04-15 19:37:00 - DEBUG - [trading_loop] [N/A] ⏱ Skipping SMA_Cross_sma50, not yet time (every 5m)
2025-04-15 19:37:00 - INFO - [trading_loop] [N/A] 📊 Updating SL/TP for active orders
2025-04-15 19:37:01 - INFO - [_wait_until_next_iteration] [N/A] ⏳ Sleeping for 58.93 seconds before the next cycle
2025-04-15 19:38:00 - DEBUG - [trading_loop] [N/A] ⏱ Skipping EMA_Cross_candle, not yet time (every 5m)
2025-04-15 19:38:00 - DEBUG - [trading_loop] [N/A] ⏱ Skipping VWAP_diff_signal_1700, not yet time (every 5m)
2025-04-15 19:38:00 - DEBUG - [trading_loop] [N/A] ⏱ Skipping SMA_Cross_candle, not yet time (every 5m)
2025-04-15 19:38:00 - DEBUG - [trading_loop] [N/A] ⏱ Skipping VWAP_diff_signal_rsi_1700, not yet time (every 5m)
2025-04-15 19:38:00 - DEBUG - [trading_loop] [N/A] ⏱ Skipping EMA_Cross_ema50, not yet time (every 5m)
2025-04-15 19:38:00 - DEBUG - [trading_loop] [N/A] ⏱ Skipping SMA_Cross_sma50, not yet time (every 5m)
2025-04-15 19:38:00 - INFO - [trading_loop] [N/A] 📊 Updating SL/TP for active orders
2025-04-15 19:38:01 - INFO - [_wait_until_next_iteration] [N/A] ⏳ Sleeping for 58.93 seconds before the next cycle
2025-04-15 19:39:00 - DEBUG - [trading_loop] [N/A] ⏱ Skipping EMA_Cross_candle, not yet time (every 5m)
2025-04-15 19:39:00 - DEBUG - [trading_loop] [N/A] ⏱ Skipping VWAP_diff_signal_1700, not yet time (every 5m)
2025-04-15 19:39:00 - DEBUG - [trading_loop] [N/A] ⏱ Skipping SMA_Cross_candle, not yet time (every 5m)
2025-04-15 19:39:00 - DEBUG - [trading_loop] [N/A] ⏱ Skipping VWAP_diff_signal_rsi_1700, not yet time (every 5m)
2025-04-15 19:39:00 - DEBUG - [trading_loop] [N/A] ⏱ Skipping EMA_Cross_ema50, not yet time (every 5m)
2025-04-15 19:39:00 - DEBUG - [trading_loop] [N/A] ⏱ Skipping SMA_Cross_sma50, not yet time (every 5m)
2025-04-15 19:39:00 - INFO - [trading_loop] [N/A] 📊 Updating SL/TP for active orders
2025-04-15 19:39:01 - INFO - [_wait_until_next_iteration] [N/A] ⏳ Sleeping for 58.93 seconds before the next cycle
2025-04-15 19:40:00 - INFO - [_run_strategy_if_applicable] [N/A] ⏰ Strategy 'EMA_Cross_candle' not executed because it's outside the time window: 16:35:00 - 16:50:00
2025-04-15 19:40:00 - INFO - [_run_strategy_if_applicable] [N/A] ⏰ Strategy 'VWAP_diff_signal_1700' not executed because it's outside the time window: 17:30:00 - 19:00:00
2025-04-15 19:40:00 - INFO - [_run_strategy_if_applicable] [N/A] ⏰ Strategy 'SMA_Cross_candle' not executed because it's outside the time window: 16:35:00 - 16:50:00
2025-04-15 19:40:00 - INFO - [_run_strategy_if_applicable] [N/A] ⏰ Strategy 'VWAP_diff_signal_rsi_1700' not executed because it's outside the time window: 17:30:00 - 19:00:00
2025-04-15 19:40:00 - INFO - [_run_strategy_if_applicable] [N/A] ⏰ Strategy 'EMA_Cross_ema50' not executed because it's outside the time window: 16:35:00 - 16:50:00
2025-04-15 19:40:00 - INFO - [_run_strategy_if_applicable] [N/A] ⏰ Strategy 'SMA_Cross_sma50' not executed because it's outside the time window: 16:35:00 - 16:50:00
2025-04-15 19:40:00 - INFO - [trading_loop] [N/A] 📊 Updating SL/TP for active orders
2025-04-15 19:40:01 - INFO - [_wait_until_next_iteration] [N/A] ⏳ Sleeping for 58.92 seconds before the next cycle
2025-04-15 19:41:00 - DEBUG - [trading_loop] [N/A] ⏱ Skipping EMA_Cross_candle, not yet time (every 5m)
2025-04-15 19:41:00 - DEBUG - [trading_loop] [N/A] ⏱ Skipping VWAP_diff_signal_1700, not yet time (every 5m)
2025-04-15 19:41:00 - DEBUG - [trading_loop] [N/A] ⏱ Skipping SMA_Cross_candle, not yet time (every 5m)
2025-04-15 19:41:00 - DEBUG - [trading_loop] [N/A] ⏱ Skipping VWAP_diff_signal_rsi_1700, not yet time (every 5m)
2025-04-15 19:41:00 - DEBUG - [trading_loop] [N/A] ⏱ Skipping EMA_Cross_ema50, not yet time (every 5m)
2025-04-15 19:41:00 - DEBUG - [trading_loop] [N/A] ⏱ Skipping SMA_Cross_sma50, not yet time (every 5m)
2025-04-15 19:41:00 - INFO - [trading_loop] [N/A] 📊 Updating SL/TP for active orders
2025-04-15 19:41:01 - INFO - [_wait_until_next_iteration] [N/A] ⏳ Sleeping for 58.93 seconds before the next cycle
2025-04-15 19:42:00 - DEBUG - [trading_loop] [N/A] ⏱ Skipping EMA_Cross_candle, not yet time (every 5m)
2025-04-15 19:42:00 - DEBUG - [trading_loop] [N/A] ⏱ Skipping VWAP_diff_signal_1700, not yet time (every 5m)
2025-04-15 19:42:00 - DEBUG - [trading_loop] [N/A] ⏱ Skipping SMA_Cross_candle, not yet time (every 5m)
2025-04-15 19:42:00 - DEBUG - [trading_loop] [N/A] ⏱ Skipping VWAP_diff_signal_rsi_1700, not yet time (every 5m)
2025-04-15 19:42:00 - DEBUG - [trading_loop] [N/A] ⏱ Skipping EMA_Cross_ema50, not yet time (every 5m)
2025-04-15 19:42:00 - DEBUG - [trading_loop] [N/A] ⏱ Skipping SMA_Cross_sma50, not yet time (every 5m)
2025-04-15 19:42:00 - INFO - [trading_loop] [N/A] 📊 Updating SL/TP for active orders
2025-04-15 19:42:01 - INFO - [_wait_until_next_iteration] [N/A] ⏳ Sleeping for 58.93 seconds before the next cycle
2025-04-15 19:43:00 - DEBUG - [trading_loop] [N/A] ⏱ Skipping EMA_Cross_candle, not yet time (every 5m)
2025-04-15 19:43:00 - DEBUG - [trading_loop] [N/A] ⏱ Skipping VWAP_diff_signal_1700, not yet time (every 5m)
2025-04-15 19:43:00 - DEBUG - [trading_loop] [N/A] ⏱ Skipping SMA_Cross_candle, not yet time (every 5m)
2025-04-15 19:43:00 - DEBUG - [trading_loop] [N/A] ⏱ Skipping VWAP_diff_signal_rsi_1700, not yet time (every 5m)
2025-04-15 19:43:00 - DEBUG - [trading_loop] [N/A] ⏱ Skipping EMA_Cross_ema50, not yet time (every 5m)
2025-04-15 19:43:00 - DEBUG - [trading_loop] [N/A] ⏱ Skipping SMA_Cross_sma50, not yet time (every 5m)
2025-04-15 19:43:00 - INFO - [trading_loop] [N/A] 📊 Updating SL/TP for active orders
2025-04-15 19:43:01 - INFO - [_wait_until_next_iteration] [N/A] ⏳ Sleeping for 58.93 seconds before the next cycle
2025-04-15 19:44:00 - DEBUG - [trading_loop] [N/A] ⏱ Skipping EMA_Cross_candle, not yet time (every 5m)
2025-04-15 19:44:00 - DEBUG - [trading_loop] [N/A] ⏱ Skipping VWAP_diff_signal_1700, not yet time (every 5m)
2025-04-15 19:44:00 - DEBUG - [trading_loop] [N/A] ⏱ Skipping SMA_Cross_candle, not yet time (every 5m)
2025-04-15 19:44:00 - DEBUG - [trading_loop] [N/A] ⏱ Skipping VWAP_diff_signal_rsi_1700, not yet time (every 5m)
2025-04-15 19:44:00 - DEBUG - [trading_loop] [N/A] ⏱ Skipping EMA_Cross_ema50, not yet time (every 5m)
2025-04-15 19:44:00 - DEBUG - [trading_loop] [N/A] ⏱ Skipping SMA_Cross_sma50, not yet time (every 5m)
2025-04-15 19:44:00 - INFO - [trading_loop] [N/A] 📊 Updating SL/TP for active orders
2025-04-15 19:44:01 - INFO - [_wait_until_next_iteration] [N/A] ⏳ Sleeping for 58.92 seconds before the next cycle
2025-04-15 19:45:00 - INFO - [_run_strategy_if_applicable] [N/A] ⏰ Strategy 'EMA_Cross_candle' not executed because it's outside the time window: 16:35:00 - 16:50:00
2025-04-15 19:45:00 - INFO - [_run_strategy_if_applicable] [N/A] ⏰ Strategy 'VWAP_diff_signal_1700' not executed because it's outside the time window: 17:30:00 - 19:00:00
2025-04-15 19:45:00 - INFO - [_run_strategy_if_applicable] [N/A] ⏰ Strategy 'SMA_Cross_candle' not executed because it's outside the time window: 16:35:00 - 16:50:00
2025-04-15 19:45:00 - INFO - [_run_strategy_if_applicable] [N/A] ⏰ Strategy 'VWAP_diff_signal_rsi_1700' not executed because it's outside the time window: 17:30:00 - 19:00:00
2025-04-15 19:45:00 - INFO - [_run_strategy_if_applicable] [N/A] ⏰ Strategy 'EMA_Cross_ema50' not executed because it's outside the time window: 16:35:00 - 16:50:00
2025-04-15 19:45:00 - INFO - [_run_strategy_if_applicable] [N/A] ⏰ Strategy 'SMA_Cross_sma50' not executed because it's outside the time window: 16:35:00 - 16:50:00
2025-04-15 19:45:00 - INFO - [trading_loop] [N/A] 📊 Updating SL/TP for active orders
2025-04-15 19:45:01 - INFO - [_wait_until_next_iteration] [N/A] ⏳ Sleeping for 58.93 seconds before the next cycle
2025-04-15 19:46:00 - DEBUG - [trading_loop] [N/A] ⏱ Skipping EMA_Cross_candle, not yet time (every 5m)
2025-04-15 19:46:00 - DEBUG - [trading_loop] [N/A] ⏱ Skipping VWAP_diff_signal_1700, not yet time (every 5m)
2025-04-15 19:46:00 - DEBUG - [trading_loop] [N/A] ⏱ Skipping SMA_Cross_candle, not yet time (every 5m)
2025-04-15 19:46:00 - DEBUG - [trading_loop] [N/A] ⏱ Skipping VWAP_diff_signal_rsi_1700, not yet time (every 5m)
2025-04-15 19:46:00 - DEBUG - [trading_loop] [N/A] ⏱ Skipping EMA_Cross_ema50, not yet time (every 5m)
2025-04-15 19:46:00 - DEBUG - [trading_loop] [N/A] ⏱ Skipping SMA_Cross_sma50, not yet time (every 5m)
2025-04-15 19:46:00 - INFO - [trading_loop] [N/A] 📊 Updating SL/TP for active orders
2025-04-15 19:46:01 - INFO - [_wait_until_next_iteration] [N/A] ⏳ Sleeping for 58.93 seconds before the next cycle
2025-04-15 19:47:00 - DEBUG - [trading_loop] [N/A] ⏱ Skipping EMA_Cross_candle, not yet time (every 5m)
2025-04-15 19:47:00 - DEBUG - [trading_loop] [N/A] ⏱ Skipping VWAP_diff_signal_1700, not yet time (every 5m)
2025-04-15 19:47:00 - DEBUG - [trading_loop] [N/A] ⏱ Skipping SMA_Cross_candle, not yet time (every 5m)
2025-04-15 19:47:00 - DEBUG - [trading_loop] [N/A] ⏱ Skipping VWAP_diff_signal_rsi_1700, not yet time (every 5m)
2025-04-15 19:47:00 - DEBUG - [trading_loop] [N/A] ⏱ Skipping EMA_Cross_ema50, not yet time (every 5m)
2025-04-15 19:47:00 - DEBUG - [trading_loop] [N/A] ⏱ Skipping SMA_Cross_sma50, not yet time (every 5m)
2025-04-15 19:47:00 - INFO - [trading_loop] [N/A] 📊 Updating SL/TP for active orders
2025-04-15 19:47:01 - INFO - [_wait_until_next_iteration] [N/A] ⏳ Sleeping for 58.94 seconds before the next cycle
2025-04-15 19:48:00 - DEBUG - [trading_loop] [N/A] ⏱ Skipping EMA_Cross_candle, not yet time (every 5m)
2025-04-15 19:48:00 - DEBUG - [trading_loop] [N/A] ⏱ Skipping VWAP_diff_signal_1700, not yet time (every 5m)
2025-04-15 19:48:00 - DEBUG - [trading_loop] [N/A] ⏱ Skipping SMA_Cross_candle, not yet time (every 5m)
2025-04-15 19:48:00 - DEBUG - [trading_loop] [N/A] ⏱ Skipping VWAP_diff_signal_rsi_1700, not yet time (every 5m)
2025-04-15 19:48:00 - DEBUG - [trading_loop] [N/A] ⏱ Skipping EMA_Cross_ema50, not yet time (every 5m)
2025-04-15 19:48:00 - DEBUG - [trading_loop] [N/A] ⏱ Skipping SMA_Cross_sma50, not yet time (every 5m)
2025-04-15 19:48:00 - INFO - [trading_loop] [N/A] 📊 Updating SL/TP for active orders
2025-04-15 19:48:01 - INFO - [_wait_until_next_iteration] [N/A] ⏳ Sleeping for 58.93 seconds before the next cycle
2025-04-15 19:49:00 - DEBUG - [trading_loop] [N/A] ⏱ Skipping EMA_Cross_candle, not yet time (every 5m)
2025-04-15 19:49:00 - DEBUG - [trading_loop] [N/A] ⏱ Skipping VWAP_diff_signal_1700, not yet time (every 5m)
2025-04-15 19:49:00 - DEBUG - [trading_loop] [N/A] ⏱ Skipping SMA_Cross_candle, not yet time (every 5m)
2025-04-15 19:49:00 - DEBUG - [trading_loop] [N/A] ⏱ Skipping VWAP_diff_signal_rsi_1700, not yet time (every 5m)
2025-04-15 19:49:00 - DEBUG - [trading_loop] [N/A] ⏱ Skipping EMA_Cross_ema50, not yet time (every 5m)
2025-04-15 19:49:00 - DEBUG - [trading_loop] [N/A] ⏱ Skipping SMA_Cross_sma50, not yet time (every 5m)
2025-04-15 19:49:00 - INFO - [trading_loop] [N/A] 📊 Updating SL/TP for active orders
2025-04-15 19:49:01 - INFO - [_wait_until_next_iteration] [N/A] ⏳ Sleeping for 58.94 seconds before the next cycle
2025-04-15 19:50:00 - INFO - [_run_strategy_if_applicable] [N/A] ⏰ Strategy 'EMA_Cross_candle' not executed because it's outside the time window: 16:35:00 - 16:50:00
2025-04-15 19:50:00 - INFO - [_run_strategy_if_applicable] [N/A] ⏰ Strategy 'VWAP_diff_signal_1700' not executed because it's outside the time window: 17:30:00 - 19:00:00
2025-04-15 19:50:00 - INFO - [_run_strategy_if_applicable] [N/A] ⏰ Strategy 'SMA_Cross_candle' not executed because it's outside the time window: 16:35:00 - 16:50:00
2025-04-15 19:50:00 - INFO - [_run_strategy_if_applicable] [N/A] ⏰ Strategy 'VWAP_diff_signal_rsi_1700' not executed because it's outside the time window: 17:30:00 - 19:00:00
2025-04-15 19:50:00 - INFO - [_run_strategy_if_applicable] [N/A] ⏰ Strategy 'EMA_Cross_ema50' not executed because it's outside the time window: 16:35:00 - 16:50:00
2025-04-15 19:50:00 - INFO - [_run_strategy_if_applicable] [N/A] ⏰ Strategy 'SMA_Cross_sma50' not executed because it's outside the time window: 16:35:00 - 16:50:00
2025-04-15 19:50:00 - INFO - [trading_loop] [N/A] 📊 Updating SL/TP for active orders
2025-04-15 19:50:01 - INFO - [_wait_until_next_iteration] [N/A] ⏳ Sleeping for 58.93 seconds before the next cycle
2025-04-15 19:51:00 - DEBUG - [trading_loop] [N/A] ⏱ Skipping EMA_Cross_candle, not yet time (every 5m)
2025-04-15 19:51:00 - DEBUG - [trading_loop] [N/A] ⏱ Skipping VWAP_diff_signal_1700, not yet time (every 5m)
2025-04-15 19:51:00 - DEBUG - [trading_loop] [N/A] ⏱ Skipping SMA_Cross_candle, not yet time (every 5m)
2025-04-15 19:51:00 - DEBUG - [trading_loop] [N/A] ⏱ Skipping VWAP_diff_signal_rsi_1700, not yet time (every 5m)
2025-04-15 19:51:00 - DEBUG - [trading_loop] [N/A] ⏱ Skipping EMA_Cross_ema50, not yet time (every 5m)
2025-04-15 19:51:00 - DEBUG - [trading_loop] [N/A] ⏱ Skipping SMA_Cross_sma50, not yet time (every 5m)
2025-04-15 19:51:00 - INFO - [trading_loop] [N/A] 📊 Updating SL/TP for active orders
2025-04-15 19:51:01 - INFO - [_wait_until_next_iteration] [N/A] ⏳ Sleeping for 58.92 seconds before the next cycle
2025-04-15 19:52:00 - DEBUG - [trading_loop] [N/A] ⏱ Skipping EMA_Cross_candle, not yet time (every 5m)
2025-04-15 19:52:00 - DEBUG - [trading_loop] [N/A] ⏱ Skipping VWAP_diff_signal_1700, not yet time (every 5m)
2025-04-15 19:52:00 - DEBUG - [trading_loop] [N/A] ⏱ Skipping SMA_Cross_candle, not yet time (every 5m)
2025-04-15 19:52:00 - DEBUG - [trading_loop] [N/A] ⏱ Skipping VWAP_diff_signal_rsi_1700, not yet time (every 5m)
2025-04-15 19:52:00 - DEBUG - [trading_loop] [N/A] ⏱ Skipping EMA_Cross_ema50, not yet time (every 5m)
2025-04-15 19:52:00 - DEBUG - [trading_loop] [N/A] ⏱ Skipping SMA_Cross_sma50, not yet time (every 5m)
2025-04-15 19:52:00 - INFO - [trading_loop] [N/A] 📊 Updating SL/TP for active orders
2025-04-15 19:52:01 - INFO - [_wait_until_next_iteration] [N/A] ⏳ Sleeping for 58.93 seconds before the next cycle
2025-04-15 19:53:00 - DEBUG - [trading_loop] [N/A] ⏱ Skipping EMA_Cross_candle, not yet time (every 5m)
2025-04-15 19:53:00 - DEBUG - [trading_loop] [N/A] ⏱ Skipping VWAP_diff_signal_1700, not yet time (every 5m)
2025-04-15 19:53:00 - DEBUG - [trading_loop] [N/A] ⏱ Skipping SMA_Cross_candle, not yet time (every 5m)
2025-04-15 19:53:00 - DEBUG - [trading_loop] [N/A] ⏱ Skipping VWAP_diff_signal_rsi_1700, not yet time (every 5m)
2025-04-15 19:53:00 - DEBUG - [trading_loop] [N/A] ⏱ Skipping EMA_Cross_ema50, not yet time (every 5m)
2025-04-15 19:53:00 - DEBUG - [trading_loop] [N/A] ⏱ Skipping SMA_Cross_sma50, not yet time (every 5m)
2025-04-15 19:53:00 - INFO - [trading_loop] [N/A] 📊 Updating SL/TP for active orders
2025-04-15 19:53:01 - INFO - [_wait_until_next_iteration] [N/A] ⏳ Sleeping for 58.93 seconds before the next cycle
2025-04-15 19:54:00 - DEBUG - [trading_loop] [N/A] ⏱ Skipping EMA_Cross_candle, not yet time (every 5m)
2025-04-15 19:54:00 - DEBUG - [trading_loop] [N/A] ⏱ Skipping VWAP_diff_signal_1700, not yet time (every 5m)
2025-04-15 19:54:00 - DEBUG - [trading_loop] [N/A] ⏱ Skipping SMA_Cross_candle, not yet time (every 5m)
2025-04-15 19:54:00 - DEBUG - [trading_loop] [N/A] ⏱ Skipping VWAP_diff_signal_rsi_1700, not yet time (every 5m)
2025-04-15 19:54:00 - DEBUG - [trading_loop] [N/A] ⏱ Skipping EMA_Cross_ema50, not yet time (every 5m)
2025-04-15 19:54:00 - DEBUG - [trading_loop] [N/A] ⏱ Skipping SMA_Cross_sma50, not yet time (every 5m)
2025-04-15 19:54:00 - INFO - [trading_loop] [N/A] 📊 Updating SL/TP for active orders
2025-04-15 19:54:01 - INFO - [_wait_until_next_iteration] [N/A] ⏳ Sleeping for 58.98 seconds before the next cycle
2025-04-15 19:55:00 - INFO - [_run_strategy_if_applicable] [N/A] ⏰ Strategy 'EMA_Cross_candle' not executed because it's outside the time window: 16:35:00 - 16:50:00
2025-04-15 19:55:00 - INFO - [_run_strategy_if_applicable] [N/A] ⏰ Strategy 'VWAP_diff_signal_1700' not executed because it's outside the time window: 17:30:00 - 19:00:00
2025-04-15 19:55:00 - INFO - [_run_strategy_if_applicable] [N/A] ⏰ Strategy 'SMA_Cross_candle' not executed because it's outside the time window: 16:35:00 - 16:50:00
2025-04-15 19:55:00 - INFO - [_run_strategy_if_applicable] [N/A] ⏰ Strategy 'VWAP_diff_signal_rsi_1700' not executed because it's outside the time window: 17:30:00 - 19:00:00
2025-04-15 19:55:00 - INFO - [_run_strategy_if_applicable] [N/A] ⏰ Strategy 'EMA_Cross_ema50' not executed because it's outside the time window: 16:35:00 - 16:50:00
2025-04-15 19:55:00 - INFO - [_run_strategy_if_applicable] [N/A] ⏰ Strategy 'SMA_Cross_sma50' not executed because it's outside the time window: 16:35:00 - 16:50:00
2025-04-15 19:55:00 - INFO - [trading_loop] [N/A] 📊 Updating SL/TP for active orders
2025-04-15 19:55:01 - INFO - [_wait_until_next_iteration] [N/A] ⏳ Sleeping for 58.93 seconds before the next cycle
2025-04-15 19:56:00 - DEBUG - [trading_loop] [N/A] ⏱ Skipping EMA_Cross_candle, not yet time (every 5m)
2025-04-15 19:56:00 - DEBUG - [trading_loop] [N/A] ⏱ Skipping VWAP_diff_signal_1700, not yet time (every 5m)
2025-04-15 19:56:00 - DEBUG - [trading_loop] [N/A] ⏱ Skipping SMA_Cross_candle, not yet time (every 5m)
2025-04-15 19:56:00 - DEBUG - [trading_loop] [N/A] ⏱ Skipping VWAP_diff_signal_rsi_1700, not yet time (every 5m)
2025-04-15 19:56:00 - DEBUG - [trading_loop] [N/A] ⏱ Skipping EMA_Cross_ema50, not yet time (every 5m)
2025-04-15 19:56:00 - DEBUG - [trading_loop] [N/A] ⏱ Skipping SMA_Cross_sma50, not yet time (every 5m)
2025-04-15 19:56:00 - INFO - [trading_loop] [N/A] 📊 Updating SL/TP for active orders
2025-04-15 19:56:01 - INFO - [_wait_until_next_iteration] [N/A] ⏳ Sleeping for 58.98 seconds before the next cycle
2025-04-15 19:57:00 - DEBUG - [trading_loop] [N/A] ⏱ Skipping EMA_Cross_candle, not yet time (every 5m)
2025-04-15 19:57:00 - DEBUG - [trading_loop] [N/A] ⏱ Skipping VWAP_diff_signal_1700, not yet time (every 5m)
2025-04-15 19:57:00 - DEBUG - [trading_loop] [N/A] ⏱ Skipping SMA_Cross_candle, not yet time (every 5m)
2025-04-15 19:57:00 - DEBUG - [trading_loop] [N/A] ⏱ Skipping VWAP_diff_signal_rsi_1700, not yet time (every 5m)
2025-04-15 19:57:00 - DEBUG - [trading_loop] [N/A] ⏱ Skipping EMA_Cross_ema50, not yet time (every 5m)
2025-04-15 19:57:00 - DEBUG - [trading_loop] [N/A] ⏱ Skipping SMA_Cross_sma50, not yet time (every 5m)
2025-04-15 19:57:00 - INFO - [trading_loop] [N/A] 📊 Updating SL/TP for active orders
2025-04-15 19:57:01 - INFO - [_wait_until_next_iteration] [N/A] ⏳ Sleeping for 58.95 seconds before the next cycle
2025-04-15 19:58:00 - DEBUG - [trading_loop] [N/A] ⏱ Skipping EMA_Cross_candle, not yet time (every 5m)
2025-04-15 19:58:00 - DEBUG - [trading_loop] [N/A] ⏱ Skipping VWAP_diff_signal_1700, not yet time (every 5m)
2025-04-15 19:58:00 - DEBUG - [trading_loop] [N/A] ⏱ Skipping SMA_Cross_candle, not yet time (every 5m)
2025-04-15 19:58:00 - DEBUG - [trading_loop] [N/A] ⏱ Skipping VWAP_diff_signal_rsi_1700, not yet time (every 5m)
2025-04-15 19:58:00 - DEBUG - [trading_loop] [N/A] ⏱ Skipping EMA_Cross_ema50, not yet time (every 5m)
2025-04-15 19:58:00 - DEBUG - [trading_loop] [N/A] ⏱ Skipping SMA_Cross_sma50, not yet time (every 5m)
2025-04-15 19:58:00 - INFO - [trading_loop] [N/A] 📊 Updating SL/TP for active orders
2025-04-15 19:58:01 - INFO - [_wait_until_next_iteration] [N/A] ⏳ Sleeping for 58.98 seconds before the next cycle
2025-04-15 19:59:00 - DEBUG - [trading_loop] [N/A] ⏱ Skipping EMA_Cross_candle, not yet time (every 5m)
2025-04-15 19:59:00 - DEBUG - [trading_loop] [N/A] ⏱ Skipping VWAP_diff_signal_1700, not yet time (every 5m)
2025-04-15 19:59:00 - DEBUG - [trading_loop] [N/A] ⏱ Skipping SMA_Cross_candle, not yet time (every 5m)
2025-04-15 19:59:00 - DEBUG - [trading_loop] [N/A] ⏱ Skipping VWAP_diff_signal_rsi_1700, not yet time (every 5m)
2025-04-15 19:59:00 - DEBUG - [trading_loop] [N/A] ⏱ Skipping EMA_Cross_ema50, not yet time (every 5m)
2025-04-15 19:59:00 - DEBUG - [trading_loop] [N/A] ⏱ Skipping SMA_Cross_sma50, not yet time (every 5m)
2025-04-15 19:59:00 - INFO - [trading_loop] [N/A] 📊 Updating SL/TP for active orders
2025-04-15 19:59:01 - INFO - [_wait_until_next_iteration] [N/A] ⏳ Sleeping for 58.94 seconds before the next cycle
2025-04-15 20:00:00 - INFO - [_run_strategy_if_applicable] [N/A] ⏰ Strategy 'EMA_Cross_candle' not executed because it's outside the time window: 16:35:00 - 16:50:00
2025-04-15 20:00:00 - INFO - [_run_strategy_if_applicable] [N/A] ⏰ Strategy 'VWAP_diff_signal_1700' not executed because it's outside the time window: 17:30:00 - 19:00:00
2025-04-15 20:00:00 - INFO - [_run_strategy_if_applicable] [N/A] ⏰ Strategy 'SMA_Cross_candle' not executed because it's outside the time window: 16:35:00 - 16:50:00
2025-04-15 20:00:00 - INFO - [_run_strategy_if_applicable] [N/A] ⏰ Strategy 'VWAP_diff_signal_rsi_1700' not executed because it's outside the time window: 17:30:00 - 19:00:00
2025-04-15 20:00:00 - INFO - [_run_strategy_if_applicable] [N/A] ⏰ Strategy 'EMA_Cross_ema50' not executed because it's outside the time window: 16:35:00 - 16:50:00
2025-04-15 20:00:00 - INFO - [_run_strategy_if_applicable] [N/A] ⏰ Strategy 'SMA_Cross_sma50' not executed because it's outside the time window: 16:35:00 - 16:50:00
2025-04-15 20:00:00 - INFO - [trading_loop] [N/A] 📊 Updating SL/TP for active orders
2025-04-15 20:00:01 - INFO - [_wait_until_next_iteration] [N/A] ⏳ Sleeping for 58.95 seconds before the next cycle
2025-04-15 20:01:00 - DEBUG - [trading_loop] [N/A] ⏱ Skipping EMA_Cross_candle, not yet time (every 5m)
2025-04-15 20:01:00 - DEBUG - [trading_loop] [N/A] ⏱ Skipping VWAP_diff_signal_1700, not yet time (every 5m)
2025-04-15 20:01:00 - DEBUG - [trading_loop] [N/A] ⏱ Skipping SMA_Cross_candle, not yet time (every 5m)
2025-04-15 20:01:00 - DEBUG - [trading_loop] [N/A] ⏱ Skipping VWAP_diff_signal_rsi_1700, not yet time (every 5m)
2025-04-15 20:01:00 - DEBUG - [trading_loop] [N/A] ⏱ Skipping EMA_Cross_ema50, not yet time (every 5m)
2025-04-15 20:01:00 - DEBUG - [trading_loop] [N/A] ⏱ Skipping SMA_Cross_sma50, not yet time (every 5m)
2025-04-15 20:01:00 - INFO - [trading_loop] [N/A] 📊 Updating SL/TP for active orders
2025-04-15 20:01:01 - INFO - [_wait_until_next_iteration] [N/A] ⏳ Sleeping for 58.93 seconds before the next cycle
2025-04-15 20:02:00 - DEBUG - [trading_loop] [N/A] ⏱ Skipping EMA_Cross_candle, not yet time (every 5m)
2025-04-15 20:02:00 - DEBUG - [trading_loop] [N/A] ⏱ Skipping VWAP_diff_signal_1700, not yet time (every 5m)
2025-04-15 20:02:00 - DEBUG - [trading_loop] [N/A] ⏱ Skipping SMA_Cross_candle, not yet time (every 5m)
2025-04-15 20:02:00 - DEBUG - [trading_loop] [N/A] ⏱ Skipping VWAP_diff_signal_rsi_1700, not yet time (every 5m)
2025-04-15 20:02:00 - DEBUG - [trading_loop] [N/A] ⏱ Skipping EMA_Cross_ema50, not yet time (every 5m)
2025-04-15 20:02:00 - DEBUG - [trading_loop] [N/A] ⏱ Skipping SMA_Cross_sma50, not yet time (every 5m)
2025-04-15 20:02:00 - INFO - [trading_loop] [N/A] 📊 Updating SL/TP for active orders
2025-04-15 20:02:01 - INFO - [_wait_until_next_iteration] [N/A] ⏳ Sleeping for 58.93 seconds before the next cycle
2025-04-15 20:03:00 - DEBUG - [trading_loop] [N/A] ⏱ Skipping EMA_Cross_candle, not yet time (every 5m)
2025-04-15 20:03:00 - DEBUG - [trading_loop] [N/A] ⏱ Skipping VWAP_diff_signal_1700, not yet time (every 5m)
2025-04-15 20:03:00 - DEBUG - [trading_loop] [N/A] ⏱ Skipping SMA_Cross_candle, not yet time (every 5m)
2025-04-15 20:03:00 - DEBUG - [trading_loop] [N/A] ⏱ Skipping VWAP_diff_signal_rsi_1700, not yet time (every 5m)
2025-04-15 20:03:00 - DEBUG - [trading_loop] [N/A] ⏱ Skipping EMA_Cross_ema50, not yet time (every 5m)
2025-04-15 20:03:00 - DEBUG - [trading_loop] [N/A] ⏱ Skipping SMA_Cross_sma50, not yet time (every 5m)
2025-04-15 20:03:00 - INFO - [trading_loop] [N/A] 📊 Updating SL/TP for active orders
2025-04-15 20:03:01 - INFO - [_wait_until_next_iteration] [N/A] ⏳ Sleeping for 58.93 seconds before the next cycle
2025-04-15 20:04:00 - DEBUG - [trading_loop] [N/A] ⏱ Skipping EMA_Cross_candle, not yet time (every 5m)
2025-04-15 20:04:00 - DEBUG - [trading_loop] [N/A] ⏱ Skipping VWAP_diff_signal_1700, not yet time (every 5m)
2025-04-15 20:04:00 - DEBUG - [trading_loop] [N/A] ⏱ Skipping SMA_Cross_candle, not yet time (every 5m)
2025-04-15 20:04:00 - DEBUG - [trading_loop] [N/A] ⏱ Skipping VWAP_diff_signal_rsi_1700, not yet time (every 5m)
2025-04-15 20:04:00 - DEBUG - [trading_loop] [N/A] ⏱ Skipping EMA_Cross_ema50, not yet time (every 5m)
2025-04-15 20:04:00 - DEBUG - [trading_loop] [N/A] ⏱ Skipping SMA_Cross_sma50, not yet time (every 5m)
2025-04-15 20:04:00 - INFO - [trading_loop] [N/A] 📊 Updating SL/TP for active orders
2025-04-15 20:04:01 - INFO - [_wait_until_next_iteration] [N/A] ⏳ Sleeping for 58.93 seconds before the next cycle
2025-04-15 20:05:00 - INFO - [_run_strategy_if_applicable] [N/A] ⏰ Strategy 'EMA_Cross_candle' not executed because it's outside the time window: 16:35:00 - 16:50:00
2025-04-15 20:05:00 - INFO - [_run_strategy_if_applicable] [N/A] ⏰ Strategy 'VWAP_diff_signal_1700' not executed because it's outside the time window: 17:30:00 - 19:00:00
2025-04-15 20:05:00 - INFO - [_run_strategy_if_applicable] [N/A] ⏰ Strategy 'SMA_Cross_candle' not executed because it's outside the time window: 16:35:00 - 16:50:00
2025-04-15 20:05:00 - INFO - [_run_strategy_if_applicable] [N/A] ⏰ Strategy 'VWAP_diff_signal_rsi_1700' not executed because it's outside the time window: 17:30:00 - 19:00:00
2025-04-15 20:05:00 - INFO - [_run_strategy_if_applicable] [N/A] ⏰ Strategy 'EMA_Cross_ema50' not executed because it's outside the time window: 16:35:00 - 16:50:00
2025-04-15 20:05:00 - INFO - [_run_strategy_if_applicable] [N/A] ⏰ Strategy 'SMA_Cross_sma50' not executed because it's outside the time window: 16:35:00 - 16:50:00
2025-04-15 20:05:00 - INFO - [trading_loop] [N/A] 📊 Updating SL/TP for active orders
2025-04-15 20:05:01 - INFO - [_wait_until_next_iteration] [N/A] ⏳ Sleeping for 58.95 seconds before the next cycle
2025-04-15 20:06:00 - DEBUG - [trading_loop] [N/A] ⏱ Skipping EMA_Cross_candle, not yet time (every 5m)
2025-04-15 20:06:00 - DEBUG - [trading_loop] [N/A] ⏱ Skipping VWAP_diff_signal_1700, not yet time (every 5m)
2025-04-15 20:06:00 - DEBUG - [trading_loop] [N/A] ⏱ Skipping SMA_Cross_candle, not yet time (every 5m)
2025-04-15 20:06:00 - DEBUG - [trading_loop] [N/A] ⏱ Skipping VWAP_diff_signal_rsi_1700, not yet time (every 5m)
2025-04-15 20:06:00 - DEBUG - [trading_loop] [N/A] ⏱ Skipping EMA_Cross_ema50, not yet time (every 5m)
2025-04-15 20:06:00 - DEBUG - [trading_loop] [N/A] ⏱ Skipping SMA_Cross_sma50, not yet time (every 5m)
2025-04-15 20:06:00 - INFO - [trading_loop] [N/A] 📊 Updating SL/TP for active orders
2025-04-15 20:06:01 - INFO - [_wait_until_next_iteration] [N/A] ⏳ Sleeping for 58.94 seconds before the next cycle
2025-04-15 20:07:00 - DEBUG - [trading_loop] [N/A] ⏱ Skipping EMA_Cross_candle, not yet time (every 5m)
2025-04-15 20:07:00 - DEBUG - [trading_loop] [N/A] ⏱ Skipping VWAP_diff_signal_1700, not yet time (every 5m)
2025-04-15 20:07:00 - DEBUG - [trading_loop] [N/A] ⏱ Skipping SMA_Cross_candle, not yet time (every 5m)
2025-04-15 20:07:00 - DEBUG - [trading_loop] [N/A] ⏱ Skipping VWAP_diff_signal_rsi_1700, not yet time (every 5m)
2025-04-15 20:07:00 - DEBUG - [trading_loop] [N/A] ⏱ Skipping EMA_Cross_ema50, not yet time (every 5m)
2025-04-15 20:07:00 - DEBUG - [trading_loop] [N/A] ⏱ Skipping SMA_Cross_sma50, not yet time (every 5m)
2025-04-15 20:07:00 - INFO - [trading_loop] [N/A] 📊 Updating SL/TP for active orders
2025-04-15 20:07:01 - INFO - [_wait_until_next_iteration] [N/A] ⏳ Sleeping for 58.93 seconds before the next cycle
2025-04-15 20:08:00 - DEBUG - [trading_loop] [N/A] ⏱ Skipping EMA_Cross_candle, not yet time (every 5m)
2025-04-15 20:08:00 - DEBUG - [trading_loop] [N/A] ⏱ Skipping VWAP_diff_signal_1700, not yet time (every 5m)
2025-04-15 20:08:00 - DEBUG - [trading_loop] [N/A] ⏱ Skipping SMA_Cross_candle, not yet time (every 5m)
2025-04-15 20:08:00 - DEBUG - [trading_loop] [N/A] ⏱ Skipping VWAP_diff_signal_rsi_1700, not yet time (every 5m)
2025-04-15 20:08:00 - DEBUG - [trading_loop] [N/A] ⏱ Skipping EMA_Cross_ema50, not yet time (every 5m)
2025-04-15 20:08:00 - DEBUG - [trading_loop] [N/A] ⏱ Skipping SMA_Cross_sma50, not yet time (every 5m)
2025-04-15 20:08:00 - INFO - [trading_loop] [N/A] 📊 Updating SL/TP for active orders
2025-04-15 20:08:01 - INFO - [_wait_until_next_iteration] [N/A] ⏳ Sleeping for 58.93 seconds before the next cycle
2025-04-15 20:09:00 - DEBUG - [trading_loop] [N/A] ⏱ Skipping EMA_Cross_candle, not yet time (every 5m)
2025-04-15 20:09:00 - DEBUG - [trading_loop] [N/A] ⏱ Skipping VWAP_diff_signal_1700, not yet time (every 5m)
2025-04-15 20:09:00 - DEBUG - [trading_loop] [N/A] ⏱ Skipping SMA_Cross_candle, not yet time (every 5m)
2025-04-15 20:09:00 - DEBUG - [trading_loop] [N/A] ⏱ Skipping VWAP_diff_signal_rsi_1700, not yet time (every 5m)
2025-04-15 20:09:00 - DEBUG - [trading_loop] [N/A] ⏱ Skipping EMA_Cross_ema50, not yet time (every 5m)
2025-04-15 20:09:00 - DEBUG - [trading_loop] [N/A] ⏱ Skipping SMA_Cross_sma50, not yet time (every 5m)
2025-04-15 20:09:00 - INFO - [trading_loop] [N/A] 📊 Updating SL/TP for active orders
2025-04-15 20:09:01 - INFO - [_wait_until_next_iteration] [N/A] ⏳ Sleeping for 58.96 seconds before the next cycle
2025-04-15 20:10:00 - INFO - [_run_strategy_if_applicable] [N/A] ⏰ Strategy 'EMA_Cross_candle' not executed because it's outside the time window: 16:35:00 - 16:50:00
2025-04-15 20:10:00 - INFO - [_run_strategy_if_applicable] [N/A] ⏰ Strategy 'VWAP_diff_signal_1700' not executed because it's outside the time window: 17:30:00 - 19:00:00
2025-04-15 20:10:00 - INFO - [_run_strategy_if_applicable] [N/A] ⏰ Strategy 'SMA_Cross_candle' not executed because it's outside the time window: 16:35:00 - 16:50:00
2025-04-15 20:10:00 - INFO - [_run_strategy_if_applicable] [N/A] ⏰ Strategy 'VWAP_diff_signal_rsi_1700' not executed because it's outside the time window: 17:30:00 - 19:00:00
2025-04-15 20:10:00 - INFO - [_run_strategy_if_applicable] [N/A] ⏰ Strategy 'EMA_Cross_ema50' not executed because it's outside the time window: 16:35:00 - 16:50:00
2025-04-15 20:10:00 - INFO - [_run_strategy_if_applicable] [N/A] ⏰ Strategy 'SMA_Cross_sma50' not executed because it's outside the time window: 16:35:00 - 16:50:00
2025-04-15 20:10:00 - INFO - [trading_loop] [N/A] 📊 Updating SL/TP for active orders
2025-04-15 20:10:01 - INFO - [_wait_until_next_iteration] [N/A] ⏳ Sleeping for 58.93 seconds before the next cycle
2025-04-15 20:11:00 - DEBUG - [trading_loop] [N/A] ⏱ Skipping EMA_Cross_candle, not yet time (every 5m)
2025-04-15 20:11:00 - DEBUG - [trading_loop] [N/A] ⏱ Skipping VWAP_diff_signal_1700, not yet time (every 5m)
2025-04-15 20:11:00 - DEBUG - [trading_loop] [N/A] ⏱ Skipping SMA_Cross_candle, not yet time (every 5m)
2025-04-15 20:11:00 - DEBUG - [trading_loop] [N/A] ⏱ Skipping VWAP_diff_signal_rsi_1700, not yet time (every 5m)
2025-04-15 20:11:00 - DEBUG - [trading_loop] [N/A] ⏱ Skipping EMA_Cross_ema50, not yet time (every 5m)
2025-04-15 20:11:00 - DEBUG - [trading_loop] [N/A] ⏱ Skipping SMA_Cross_sma50, not yet time (every 5m)
2025-04-15 20:11:00 - INFO - [trading_loop] [N/A] 📊 Updating SL/TP for active orders
2025-04-15 20:11:01 - INFO - [_wait_until_next_iteration] [N/A] ⏳ Sleeping for 58.96 seconds before the next cycle
2025-04-15 20:12:00 - DEBUG - [trading_loop] [N/A] ⏱ Skipping EMA_Cross_candle, not yet time (every 5m)
2025-04-15 20:12:00 - DEBUG - [trading_loop] [N/A] ⏱ Skipping VWAP_diff_signal_1700, not yet time (every 5m)
2025-04-15 20:12:00 - DEBUG - [trading_loop] [N/A] ⏱ Skipping SMA_Cross_candle, not yet time (every 5m)
2025-04-15 20:12:00 - DEBUG - [trading_loop] [N/A] ⏱ Skipping VWAP_diff_signal_rsi_1700, not yet time (every 5m)
2025-04-15 20:12:00 - DEBUG - [trading_loop] [N/A] ⏱ Skipping EMA_Cross_ema50, not yet time (every 5m)
2025-04-15 20:12:00 - DEBUG - [trading_loop] [N/A] ⏱ Skipping SMA_Cross_sma50, not yet time (every 5m)
2025-04-15 20:12:00 - INFO - [trading_loop] [N/A] 📊 Updating SL/TP for active orders
2025-04-15 20:12:01 - INFO - [_wait_until_next_iteration] [N/A] ⏳ Sleeping for 58.93 seconds before the next cycle
2025-04-15 20:13:00 - DEBUG - [trading_loop] [N/A] ⏱ Skipping EMA_Cross_candle, not yet time (every 5m)
2025-04-15 20:13:00 - DEBUG - [trading_loop] [N/A] ⏱ Skipping VWAP_diff_signal_1700, not yet time (every 5m)
2025-04-15 20:13:00 - DEBUG - [trading_loop] [N/A] ⏱ Skipping SMA_Cross_candle, not yet time (every 5m)
2025-04-15 20:13:00 - DEBUG - [trading_loop] [N/A] ⏱ Skipping VWAP_diff_signal_rsi_1700, not yet time (every 5m)
2025-04-15 20:13:00 - DEBUG - [trading_loop] [N/A] ⏱ Skipping EMA_Cross_ema50, not yet time (every 5m)
2025-04-15 20:13:00 - DEBUG - [trading_loop] [N/A] ⏱ Skipping SMA_Cross_sma50, not yet time (every 5m)
2025-04-15 20:13:00 - INFO - [trading_loop] [N/A] 📊 Updating SL/TP for active orders
2025-04-15 20:13:01 - INFO - [_wait_until_next_iteration] [N/A] ⏳ Sleeping for 58.93 seconds before the next cycle
2025-04-15 20:14:00 - DEBUG - [trading_loop] [N/A] ⏱ Skipping EMA_Cross_candle, not yet time (every 5m)
2025-04-15 20:14:00 - DEBUG - [trading_loop] [N/A] ⏱ Skipping VWAP_diff_signal_1700, not yet time (every 5m)
2025-04-15 20:14:00 - DEBUG - [trading_loop] [N/A] ⏱ Skipping SMA_Cross_candle, not yet time (every 5m)
2025-04-15 20:14:00 - DEBUG - [trading_loop] [N/A] ⏱ Skipping VWAP_diff_signal_rsi_1700, not yet time (every 5m)
2025-04-15 20:14:00 - DEBUG - [trading_loop] [N/A] ⏱ Skipping EMA_Cross_ema50, not yet time (every 5m)
2025-04-15 20:14:00 - DEBUG - [trading_loop] [N/A] ⏱ Skipping SMA_Cross_sma50, not yet time (every 5m)
2025-04-15 20:14:00 - INFO - [trading_loop] [N/A] 📊 Updating SL/TP for active orders
2025-04-15 20:14:01 - INFO - [_wait_until_next_iteration] [N/A] ⏳ Sleeping for 58.94 seconds before the next cycle
2025-04-15 20:15:00 - INFO - [_run_strategy_if_applicable] [N/A] ⏰ Strategy 'EMA_Cross_candle' not executed because it's outside the time window: 16:35:00 - 16:50:00
2025-04-15 20:15:00 - INFO - [_run_strategy_if_applicable] [N/A] ⏰ Strategy 'VWAP_diff_signal_1700' not executed because it's outside the time window: 17:30:00 - 19:00:00
2025-04-15 20:15:00 - INFO - [_run_strategy_if_applicable] [N/A] ⏰ Strategy 'SMA_Cross_candle' not executed because it's outside the time window: 16:35:00 - 16:50:00
2025-04-15 20:15:00 - INFO - [_run_strategy_if_applicable] [N/A] ⏰ Strategy 'VWAP_diff_signal_rsi_1700' not executed because it's outside the time window: 17:30:00 - 19:00:00
2025-04-15 20:15:00 - INFO - [_run_strategy_if_applicable] [N/A] ⏰ Strategy 'EMA_Cross_ema50' not executed because it's outside the time window: 16:35:00 - 16:50:00
2025-04-15 20:15:00 - INFO - [_run_strategy_if_applicable] [N/A] ⏰ Strategy 'SMA_Cross_sma50' not executed because it's outside the time window: 16:35:00 - 16:50:00
2025-04-15 20:15:00 - INFO - [trading_loop] [N/A] 📊 Updating SL/TP for active orders
2025-04-15 20:15:01 - INFO - [_wait_until_next_iteration] [N/A] ⏳ Sleeping for 58.93 seconds before the next cycle
2025-04-15 20:16:00 - DEBUG - [trading_loop] [N/A] ⏱ Skipping EMA_Cross_candle, not yet time (every 5m)
2025-04-15 20:16:00 - DEBUG - [trading_loop] [N/A] ⏱ Skipping VWAP_diff_signal_1700, not yet time (every 5m)
2025-04-15 20:16:00 - DEBUG - [trading_loop] [N/A] ⏱ Skipping SMA_Cross_candle, not yet time (every 5m)
2025-04-15 20:16:00 - DEBUG - [trading_loop] [N/A] ⏱ Skipping VWAP_diff_signal_rsi_1700, not yet time (every 5m)
2025-04-15 20:16:00 - DEBUG - [trading_loop] [N/A] ⏱ Skipping EMA_Cross_ema50, not yet time (every 5m)
2025-04-15 20:16:00 - DEBUG - [trading_loop] [N/A] ⏱ Skipping SMA_Cross_sma50, not yet time (every 5m)
2025-04-15 20:16:00 - INFO - [trading_loop] [N/A] 📊 Updating SL/TP for active orders
2025-04-15 20:16:01 - INFO - [_wait_until_next_iteration] [N/A] ⏳ Sleeping for 58.94 seconds before the next cycle
2025-04-15 20:17:00 - DEBUG - [trading_loop] [N/A] ⏱ Skipping EMA_Cross_candle, not yet time (every 5m)
2025-04-15 20:17:00 - DEBUG - [trading_loop] [N/A] ⏱ Skipping VWAP_diff_signal_1700, not yet time (every 5m)
2025-04-15 20:17:00 - DEBUG - [trading_loop] [N/A] ⏱ Skipping SMA_Cross_candle, not yet time (every 5m)
2025-04-15 20:17:00 - DEBUG - [trading_loop] [N/A] ⏱ Skipping VWAP_diff_signal_rsi_1700, not yet time (every 5m)
2025-04-15 20:17:00 - DEBUG - [trading_loop] [N/A] ⏱ Skipping EMA_Cross_ema50, not yet time (every 5m)
2025-04-15 20:17:00 - DEBUG - [trading_loop] [N/A] ⏱ Skipping SMA_Cross_sma50, not yet time (every 5m)
2025-04-15 20:17:00 - INFO - [trading_loop] [N/A] 📊 Updating SL/TP for active orders
2025-04-15 20:17:01 - INFO - [_wait_until_next_iteration] [N/A] ⏳ Sleeping for 58.93 seconds before the next cycle
2025-04-15 20:18:00 - DEBUG - [trading_loop] [N/A] ⏱ Skipping EMA_Cross_candle, not yet time (every 5m)
2025-04-15 20:18:00 - DEBUG - [trading_loop] [N/A] ⏱ Skipping VWAP_diff_signal_1700, not yet time (every 5m)
2025-04-15 20:18:00 - DEBUG - [trading_loop] [N/A] ⏱ Skipping SMA_Cross_candle, not yet time (every 5m)
2025-04-15 20:18:00 - DEBUG - [trading_loop] [N/A] ⏱ Skipping VWAP_diff_signal_rsi_1700, not yet time (every 5m)
2025-04-15 20:18:00 - DEBUG - [trading_loop] [N/A] ⏱ Skipping EMA_Cross_ema50, not yet time (every 5m)
2025-04-15 20:18:00 - DEBUG - [trading_loop] [N/A] ⏱ Skipping SMA_Cross_sma50, not yet time (every 5m)
2025-04-15 20:18:00 - INFO - [trading_loop] [N/A] 📊 Updating SL/TP for active orders
2025-04-15 20:18:01 - INFO - [_wait_until_next_iteration] [N/A] ⏳ Sleeping for 58.93 seconds before the next cycle
2025-04-15 20:19:00 - DEBUG - [trading_loop] [N/A] ⏱ Skipping EMA_Cross_candle, not yet time (every 5m)
2025-04-15 20:19:00 - DEBUG - [trading_loop] [N/A] ⏱ Skipping VWAP_diff_signal_1700, not yet time (every 5m)
2025-04-15 20:19:00 - DEBUG - [trading_loop] [N/A] ⏱ Skipping SMA_Cross_candle, not yet time (every 5m)
2025-04-15 20:19:00 - DEBUG - [trading_loop] [N/A] ⏱ Skipping VWAP_diff_signal_rsi_1700, not yet time (every 5m)
2025-04-15 20:19:00 - DEBUG - [trading_loop] [N/A] ⏱ Skipping EMA_Cross_ema50, not yet time (every 5m)
2025-04-15 20:19:00 - DEBUG - [trading_loop] [N/A] ⏱ Skipping SMA_Cross_sma50, not yet time (every 5m)
2025-04-15 20:19:00 - INFO - [trading_loop] [N/A] 📊 Updating SL/TP for active orders
2025-04-15 20:19:01 - INFO - [_wait_until_next_iteration] [N/A] ⏳ Sleeping for 58.93 seconds before the next cycle
2025-04-15 20:20:00 - INFO - [_run_strategy_if_applicable] [N/A] ⏰ Strategy 'EMA_Cross_candle' not executed because it's outside the time window: 16:35:00 - 16:50:00
2025-04-15 20:20:00 - INFO - [_run_strategy_if_applicable] [N/A] ⏰ Strategy 'VWAP_diff_signal_1700' not executed because it's outside the time window: 17:30:00 - 19:00:00
2025-04-15 20:20:00 - INFO - [_run_strategy_if_applicable] [N/A] ⏰ Strategy 'SMA_Cross_candle' not executed because it's outside the time window: 16:35:00 - 16:50:00
2025-04-15 20:20:00 - INFO - [_run_strategy_if_applicable] [N/A] ⏰ Strategy 'VWAP_diff_signal_rsi_1700' not executed because it's outside the time window: 17:30:00 - 19:00:00
2025-04-15 20:20:00 - INFO - [_run_strategy_if_applicable] [N/A] ⏰ Strategy 'EMA_Cross_ema50' not executed because it's outside the time window: 16:35:00 - 16:50:00
2025-04-15 20:20:00 - INFO - [_run_strategy_if_applicable] [N/A] ⏰ Strategy 'SMA_Cross_sma50' not executed because it's outside the time window: 16:35:00 - 16:50:00
2025-04-15 20:20:00 - INFO - [trading_loop] [N/A] 📊 Updating SL/TP for active orders
2025-04-15 20:20:01 - INFO - [_wait_until_next_iteration] [N/A] ⏳ Sleeping for 58.93 seconds before the next cycle
2025-04-15 20:21:00 - DEBUG - [trading_loop] [N/A] ⏱ Skipping EMA_Cross_candle, not yet time (every 5m)
2025-04-15 20:21:00 - DEBUG - [trading_loop] [N/A] ⏱ Skipping VWAP_diff_signal_1700, not yet time (every 5m)
2025-04-15 20:21:00 - DEBUG - [trading_loop] [N/A] ⏱ Skipping SMA_Cross_candle, not yet time (every 5m)
2025-04-15 20:21:00 - DEBUG - [trading_loop] [N/A] ⏱ Skipping VWAP_diff_signal_rsi_1700, not yet time (every 5m)
2025-04-15 20:21:00 - DEBUG - [trading_loop] [N/A] ⏱ Skipping EMA_Cross_ema50, not yet time (every 5m)
2025-04-15 20:21:00 - DEBUG - [trading_loop] [N/A] ⏱ Skipping SMA_Cross_sma50, not yet time (every 5m)
2025-04-15 20:21:00 - INFO - [trading_loop] [N/A] 📊 Updating SL/TP for active orders
2025-04-15 20:21:01 - INFO - [_wait_until_next_iteration] [N/A] ⏳ Sleeping for 58.95 seconds before the next cycle
2025-04-15 20:22:00 - DEBUG - [trading_loop] [N/A] ⏱ Skipping EMA_Cross_candle, not yet time (every 5m)
2025-04-15 20:22:00 - DEBUG - [trading_loop] [N/A] ⏱ Skipping VWAP_diff_signal_1700, not yet time (every 5m)
2025-04-15 20:22:00 - DEBUG - [trading_loop] [N/A] ⏱ Skipping SMA_Cross_candle, not yet time (every 5m)
2025-04-15 20:22:00 - DEBUG - [trading_loop] [N/A] ⏱ Skipping VWAP_diff_signal_rsi_1700, not yet time (every 5m)
2025-04-15 20:22:00 - DEBUG - [trading_loop] [N/A] ⏱ Skipping EMA_Cross_ema50, not yet time (every 5m)
2025-04-15 20:22:00 - DEBUG - [trading_loop] [N/A] ⏱ Skipping SMA_Cross_sma50, not yet time (every 5m)
2025-04-15 20:22:00 - INFO - [trading_loop] [N/A] 📊 Updating SL/TP for active orders
2025-04-15 20:22:01 - INFO - [_wait_until_next_iteration] [N/A] ⏳ Sleeping for 58.93 seconds before the next cycle
2025-04-15 20:23:00 - DEBUG - [trading_loop] [N/A] ⏱ Skipping EMA_Cross_candle, not yet time (every 5m)
2025-04-15 20:23:00 - DEBUG - [trading_loop] [N/A] ⏱ Skipping VWAP_diff_signal_1700, not yet time (every 5m)
2025-04-15 20:23:00 - DEBUG - [trading_loop] [N/A] ⏱ Skipping SMA_Cross_candle, not yet time (every 5m)
2025-04-15 20:23:00 - DEBUG - [trading_loop] [N/A] ⏱ Skipping VWAP_diff_signal_rsi_1700, not yet time (every 5m)
2025-04-15 20:23:00 - DEBUG - [trading_loop] [N/A] ⏱ Skipping EMA_Cross_ema50, not yet time (every 5m)
2025-04-15 20:23:00 - DEBUG - [trading_loop] [N/A] ⏱ Skipping SMA_Cross_sma50, not yet time (every 5m)
2025-04-15 20:23:00 - INFO - [trading_loop] [N/A] 📊 Updating SL/TP for active orders
2025-04-15 20:23:01 - INFO - [_wait_until_next_iteration] [N/A] ⏳ Sleeping for 58.93 seconds before the next cycle
2025-04-15 20:24:00 - DEBUG - [trading_loop] [N/A] ⏱ Skipping EMA_Cross_candle, not yet time (every 5m)
2025-04-15 20:24:00 - DEBUG - [trading_loop] [N/A] ⏱ Skipping VWAP_diff_signal_1700, not yet time (every 5m)
2025-04-15 20:24:00 - DEBUG - [trading_loop] [N/A] ⏱ Skipping SMA_Cross_candle, not yet time (every 5m)
2025-04-15 20:24:00 - DEBUG - [trading_loop] [N/A] ⏱ Skipping VWAP_diff_signal_rsi_1700, not yet time (every 5m)
2025-04-15 20:24:00 - DEBUG - [trading_loop] [N/A] ⏱ Skipping EMA_Cross_ema50, not yet time (every 5m)
2025-04-15 20:24:00 - DEBUG - [trading_loop] [N/A] ⏱ Skipping SMA_Cross_sma50, not yet time (every 5m)
2025-04-15 20:24:00 - INFO - [trading_loop] [N/A] 📊 Updating SL/TP for active orders
2025-04-15 20:24:01 - INFO - [_wait_until_next_iteration] [N/A] ⏳ Sleeping for 58.93 seconds before the next cycle
2025-04-15 20:25:00 - INFO - [_run_strategy_if_applicable] [N/A] ⏰ Strategy 'EMA_Cross_candle' not executed because it's outside the time window: 16:35:00 - 16:50:00
2025-04-15 20:25:00 - INFO - [_run_strategy_if_applicable] [N/A] ⏰ Strategy 'VWAP_diff_signal_1700' not executed because it's outside the time window: 17:30:00 - 19:00:00
2025-04-15 20:25:00 - INFO - [_run_strategy_if_applicable] [N/A] ⏰ Strategy 'SMA_Cross_candle' not executed because it's outside the time window: 16:35:00 - 16:50:00
2025-04-15 20:25:00 - INFO - [_run_strategy_if_applicable] [N/A] ⏰ Strategy 'VWAP_diff_signal_rsi_1700' not executed because it's outside the time window: 17:30:00 - 19:00:00
2025-04-15 20:25:00 - INFO - [_run_strategy_if_applicable] [N/A] ⏰ Strategy 'EMA_Cross_ema50' not executed because it's outside the time window: 16:35:00 - 16:50:00
2025-04-15 20:25:00 - INFO - [_run_strategy_if_applicable] [N/A] ⏰ Strategy 'SMA_Cross_sma50' not executed because it's outside the time window: 16:35:00 - 16:50:00
2025-04-15 20:25:00 - INFO - [trading_loop] [N/A] 📊 Updating SL/TP for active orders
2025-04-15 20:25:01 - INFO - [_wait_until_next_iteration] [N/A] ⏳ Sleeping for 58.93 seconds before the next cycle
2025-04-15 20:26:00 - DEBUG - [trading_loop] [N/A] ⏱ Skipping EMA_Cross_candle, not yet time (every 5m)
2025-04-15 20:26:00 - DEBUG - [trading_loop] [N/A] ⏱ Skipping VWAP_diff_signal_1700, not yet time (every 5m)
2025-04-15 20:26:00 - DEBUG - [trading_loop] [N/A] ⏱ Skipping SMA_Cross_candle, not yet time (every 5m)
2025-04-15 20:26:00 - DEBUG - [trading_loop] [N/A] ⏱ Skipping VWAP_diff_signal_rsi_1700, not yet time (every 5m)
2025-04-15 20:26:00 - DEBUG - [trading_loop] [N/A] ⏱ Skipping EMA_Cross_ema50, not yet time (every 5m)
2025-04-15 20:26:00 - DEBUG - [trading_loop] [N/A] ⏱ Skipping SMA_Cross_sma50, not yet time (every 5m)
2025-04-15 20:26:00 - INFO - [trading_loop] [N/A] 📊 Updating SL/TP for active orders
2025-04-15 20:26:01 - INFO - [_wait_until_next_iteration] [N/A] ⏳ Sleeping for 58.94 seconds before the next cycle
2025-04-15 20:27:00 - DEBUG - [trading_loop] [N/A] ⏱ Skipping EMA_Cross_candle, not yet time (every 5m)
2025-04-15 20:27:00 - DEBUG - [trading_loop] [N/A] ⏱ Skipping VWAP_diff_signal_1700, not yet time (every 5m)
2025-04-15 20:27:00 - DEBUG - [trading_loop] [N/A] ⏱ Skipping SMA_Cross_candle, not yet time (every 5m)
2025-04-15 20:27:00 - DEBUG - [trading_loop] [N/A] ⏱ Skipping VWAP_diff_signal_rsi_1700, not yet time (every 5m)
2025-04-15 20:27:00 - DEBUG - [trading_loop] [N/A] ⏱ Skipping EMA_Cross_ema50, not yet time (every 5m)
2025-04-15 20:27:00 - DEBUG - [trading_loop] [N/A] ⏱ Skipping SMA_Cross_sma50, not yet time (every 5m)
2025-04-15 20:27:00 - INFO - [trading_loop] [N/A] 📊 Updating SL/TP for active orders
2025-04-15 20:27:01 - INFO - [_wait_until_next_iteration] [N/A] ⏳ Sleeping for 58.93 seconds before the next cycle
2025-04-15 20:28:00 - DEBUG - [trading_loop] [N/A] ⏱ Skipping EMA_Cross_candle, not yet time (every 5m)
2025-04-15 20:28:00 - DEBUG - [trading_loop] [N/A] ⏱ Skipping VWAP_diff_signal_1700, not yet time (every 5m)
2025-04-15 20:28:00 - DEBUG - [trading_loop] [N/A] ⏱ Skipping SMA_Cross_candle, not yet time (every 5m)
2025-04-15 20:28:00 - DEBUG - [trading_loop] [N/A] ⏱ Skipping VWAP_diff_signal_rsi_1700, not yet time (every 5m)
2025-04-15 20:28:00 - DEBUG - [trading_loop] [N/A] ⏱ Skipping EMA_Cross_ema50, not yet time (every 5m)
2025-04-15 20:28:00 - DEBUG - [trading_loop] [N/A] ⏱ Skipping SMA_Cross_sma50, not yet time (every 5m)
2025-04-15 20:28:00 - INFO - [trading_loop] [N/A] 📊 Updating SL/TP for active orders
2025-04-15 20:28:01 - INFO - [_wait_until_next_iteration] [N/A] ⏳ Sleeping for 58.93 seconds before the next cycle
2025-04-15 20:29:00 - DEBUG - [trading_loop] [N/A] ⏱ Skipping EMA_Cross_candle, not yet time (every 5m)
2025-04-15 20:29:00 - DEBUG - [trading_loop] [N/A] ⏱ Skipping VWAP_diff_signal_1700, not yet time (every 5m)
2025-04-15 20:29:00 - DEBUG - [trading_loop] [N/A] ⏱ Skipping SMA_Cross_candle, not yet time (every 5m)
2025-04-15 20:29:00 - DEBUG - [trading_loop] [N/A] ⏱ Skipping VWAP_diff_signal_rsi_1700, not yet time (every 5m)
2025-04-15 20:29:00 - DEBUG - [trading_loop] [N/A] ⏱ Skipping EMA_Cross_ema50, not yet time (every 5m)
2025-04-15 20:29:00 - DEBUG - [trading_loop] [N/A] ⏱ Skipping SMA_Cross_sma50, not yet time (every 5m)
2025-04-15 20:29:00 - INFO - [trading_loop] [N/A] 📊 Updating SL/TP for active orders
2025-04-15 20:29:01 - INFO - [_wait_until_next_iteration] [N/A] ⏳ Sleeping for 58.94 seconds before the next cycle
2025-04-15 20:30:00 - INFO - [_run_strategy_if_applicable] [N/A] ⏰ Strategy 'EMA_Cross_candle' not executed because it's outside the time window: 16:35:00 - 16:50:00
2025-04-15 20:30:00 - INFO - [_run_strategy_if_applicable] [N/A] ⏰ Strategy 'VWAP_diff_signal_1700' not executed because it's outside the time window: 17:30:00 - 19:00:00
2025-04-15 20:30:00 - INFO - [_run_strategy_if_applicable] [N/A] ⏰ Strategy 'SMA_Cross_candle' not executed because it's outside the time window: 16:35:00 - 16:50:00
2025-04-15 20:30:00 - INFO - [_run_strategy_if_applicable] [N/A] ⏰ Strategy 'VWAP_diff_signal_rsi_1700' not executed because it's outside the time window: 17:30:00 - 19:00:00
2025-04-15 20:30:00 - INFO - [_run_strategy_if_applicable] [N/A] ⏰ Strategy 'EMA_Cross_ema50' not executed because it's outside the time window: 16:35:00 - 16:50:00
2025-04-15 20:30:00 - INFO - [_run_strategy_if_applicable] [N/A] ⏰ Strategy 'SMA_Cross_sma50' not executed because it's outside the time window: 16:35:00 - 16:50:00
2025-04-15 20:30:00 - INFO - [trading_loop] [N/A] 📊 Updating SL/TP for active orders
2025-04-15 20:30:01 - INFO - [_wait_until_next_iteration] [N/A] ⏳ Sleeping for 58.93 seconds before the next cycle
2025-04-15 20:31:00 - DEBUG - [trading_loop] [N/A] ⏱ Skipping EMA_Cross_candle, not yet time (every 5m)
2025-04-15 20:31:00 - DEBUG - [trading_loop] [N/A] ⏱ Skipping VWAP_diff_signal_1700, not yet time (every 5m)
2025-04-15 20:31:00 - DEBUG - [trading_loop] [N/A] ⏱ Skipping SMA_Cross_candle, not yet time (every 5m)
2025-04-15 20:31:00 - DEBUG - [trading_loop] [N/A] ⏱ Skipping VWAP_diff_signal_rsi_1700, not yet time (every 5m)
2025-04-15 20:31:00 - DEBUG - [trading_loop] [N/A] ⏱ Skipping EMA_Cross_ema50, not yet time (every 5m)
2025-04-15 20:31:00 - DEBUG - [trading_loop] [N/A] ⏱ Skipping SMA_Cross_sma50, not yet time (every 5m)
2025-04-15 20:31:00 - INFO - [trading_loop] [N/A] 📊 Updating SL/TP for active orders
2025-04-15 20:31:01 - INFO - [_wait_until_next_iteration] [N/A] ⏳ Sleeping for 58.93 seconds before the next cycle
2025-04-15 20:32:00 - DEBUG - [trading_loop] [N/A] ⏱ Skipping EMA_Cross_candle, not yet time (every 5m)
2025-04-15 20:32:00 - DEBUG - [trading_loop] [N/A] ⏱ Skipping VWAP_diff_signal_1700, not yet time (every 5m)
2025-04-15 20:32:00 - DEBUG - [trading_loop] [N/A] ⏱ Skipping SMA_Cross_candle, not yet time (every 5m)
2025-04-15 20:32:00 - DEBUG - [trading_loop] [N/A] ⏱ Skipping VWAP_diff_signal_rsi_1700, not yet time (every 5m)
2025-04-15 20:32:00 - DEBUG - [trading_loop] [N/A] ⏱ Skipping EMA_Cross_ema50, not yet time (every 5m)
2025-04-15 20:32:00 - DEBUG - [trading_loop] [N/A] ⏱ Skipping SMA_Cross_sma50, not yet time (every 5m)
2025-04-15 20:32:00 - INFO - [trading_loop] [N/A] 📊 Updating SL/TP for active orders
2025-04-15 20:32:01 - INFO - [_wait_until_next_iteration] [N/A] ⏳ Sleeping for 58.93 seconds before the next cycle
2025-04-15 20:33:00 - DEBUG - [trading_loop] [N/A] ⏱ Skipping EMA_Cross_candle, not yet time (every 5m)
2025-04-15 20:33:00 - DEBUG - [trading_loop] [N/A] ⏱ Skipping VWAP_diff_signal_1700, not yet time (every 5m)
2025-04-15 20:33:00 - DEBUG - [trading_loop] [N/A] ⏱ Skipping SMA_Cross_candle, not yet time (every 5m)
2025-04-15 20:33:00 - DEBUG - [trading_loop] [N/A] ⏱ Skipping VWAP_diff_signal_rsi_1700, not yet time (every 5m)
2025-04-15 20:33:00 - DEBUG - [trading_loop] [N/A] ⏱ Skipping EMA_Cross_ema50, not yet time (every 5m)
2025-04-15 20:33:00 - DEBUG - [trading_loop] [N/A] ⏱ Skipping SMA_Cross_sma50, not yet time (every 5m)
2025-04-15 20:33:00 - INFO - [trading_loop] [N/A] 📊 Updating SL/TP for active orders
2025-04-15 20:33:01 - INFO - [_wait_until_next_iteration] [N/A] ⏳ Sleeping for 58.93 seconds before the next cycle
2025-04-15 20:34:00 - DEBUG - [trading_loop] [N/A] ⏱ Skipping EMA_Cross_candle, not yet time (every 5m)
2025-04-15 20:34:00 - DEBUG - [trading_loop] [N/A] ⏱ Skipping VWAP_diff_signal_1700, not yet time (every 5m)
2025-04-15 20:34:00 - DEBUG - [trading_loop] [N/A] ⏱ Skipping SMA_Cross_candle, not yet time (every 5m)
2025-04-15 20:34:00 - DEBUG - [trading_loop] [N/A] ⏱ Skipping VWAP_diff_signal_rsi_1700, not yet time (every 5m)
2025-04-15 20:34:00 - DEBUG - [trading_loop] [N/A] ⏱ Skipping EMA_Cross_ema50, not yet time (every 5m)
2025-04-15 20:34:00 - DEBUG - [trading_loop] [N/A] ⏱ Skipping SMA_Cross_sma50, not yet time (every 5m)
2025-04-15 20:34:00 - INFO - [trading_loop] [N/A] 📊 Updating SL/TP for active orders
2025-04-15 20:34:01 - INFO - [_wait_until_next_iteration] [N/A] ⏳ Sleeping for 58.93 seconds before the next cycle
2025-04-15 20:35:00 - INFO - [_run_strategy_if_applicable] [N/A] ⏰ Strategy 'EMA_Cross_candle' not executed because it's outside the time window: 16:35:00 - 16:50:00
2025-04-15 20:35:00 - INFO - [_run_strategy_if_applicable] [N/A] ⏰ Strategy 'VWAP_diff_signal_1700' not executed because it's outside the time window: 17:30:00 - 19:00:00
2025-04-15 20:35:00 - INFO - [_run_strategy_if_applicable] [N/A] ⏰ Strategy 'SMA_Cross_candle' not executed because it's outside the time window: 16:35:00 - 16:50:00
2025-04-15 20:35:00 - INFO - [_run_strategy_if_applicable] [N/A] ⏰ Strategy 'VWAP_diff_signal_rsi_1700' not executed because it's outside the time window: 17:30:00 - 19:00:00
2025-04-15 20:35:00 - INFO - [_run_strategy_if_applicable] [N/A] ⏰ Strategy 'EMA_Cross_ema50' not executed because it's outside the time window: 16:35:00 - 16:50:00
2025-04-15 20:35:00 - INFO - [_run_strategy_if_applicable] [N/A] ⏰ Strategy 'SMA_Cross_sma50' not executed because it's outside the time window: 16:35:00 - 16:50:00
2025-04-15 20:35:00 - INFO - [trading_loop] [N/A] 📊 Updating SL/TP for active orders
2025-04-15 20:35:01 - INFO - [_wait_until_next_iteration] [N/A] ⏳ Sleeping for 58.93 seconds before the next cycle
2025-04-15 20:36:00 - DEBUG - [trading_loop] [N/A] ⏱ Skipping EMA_Cross_candle, not yet time (every 5m)
2025-04-15 20:36:00 - DEBUG - [trading_loop] [N/A] ⏱ Skipping VWAP_diff_signal_1700, not yet time (every 5m)
2025-04-15 20:36:00 - DEBUG - [trading_loop] [N/A] ⏱ Skipping SMA_Cross_candle, not yet time (every 5m)
2025-04-15 20:36:00 - DEBUG - [trading_loop] [N/A] ⏱ Skipping VWAP_diff_signal_rsi_1700, not yet time (every 5m)
2025-04-15 20:36:00 - DEBUG - [trading_loop] [N/A] ⏱ Skipping EMA_Cross_ema50, not yet time (every 5m)
2025-04-15 20:36:00 - DEBUG - [trading_loop] [N/A] ⏱ Skipping SMA_Cross_sma50, not yet time (every 5m)
2025-04-15 20:36:00 - INFO - [trading_loop] [N/A] 📊 Updating SL/TP for active orders
2025-04-15 20:36:01 - INFO - [_wait_until_next_iteration] [N/A] ⏳ Sleeping for 58.93 seconds before the next cycle
2025-04-15 20:37:00 - DEBUG - [trading_loop] [N/A] ⏱ Skipping EMA_Cross_candle, not yet time (every 5m)
2025-04-15 20:37:00 - DEBUG - [trading_loop] [N/A] ⏱ Skipping VWAP_diff_signal_1700, not yet time (every 5m)
2025-04-15 20:37:00 - DEBUG - [trading_loop] [N/A] ⏱ Skipping SMA_Cross_candle, not yet time (every 5m)
2025-04-15 20:37:00 - DEBUG - [trading_loop] [N/A] ⏱ Skipping VWAP_diff_signal_rsi_1700, not yet time (every 5m)
2025-04-15 20:37:00 - DEBUG - [trading_loop] [N/A] ⏱ Skipping EMA_Cross_ema50, not yet time (every 5m)
2025-04-15 20:37:00 - DEBUG - [trading_loop] [N/A] ⏱ Skipping SMA_Cross_sma50, not yet time (every 5m)
2025-04-15 20:37:00 - INFO - [trading_loop] [N/A] 📊 Updating SL/TP for active orders
2025-04-15 20:37:01 - INFO - [_wait_until_next_iteration] [N/A] ⏳ Sleeping for 58.93 seconds before the next cycle
2025-04-15 20:38:00 - DEBUG - [trading_loop] [N/A] ⏱ Skipping EMA_Cross_candle, not yet time (every 5m)
2025-04-15 20:38:00 - DEBUG - [trading_loop] [N/A] ⏱ Skipping VWAP_diff_signal_1700, not yet time (every 5m)
2025-04-15 20:38:00 - DEBUG - [trading_loop] [N/A] ⏱ Skipping SMA_Cross_candle, not yet time (every 5m)
2025-04-15 20:38:00 - DEBUG - [trading_loop] [N/A] ⏱ Skipping VWAP_diff_signal_rsi_1700, not yet time (every 5m)
2025-04-15 20:38:00 - DEBUG - [trading_loop] [N/A] ⏱ Skipping EMA_Cross_ema50, not yet time (every 5m)
2025-04-15 20:38:00 - DEBUG - [trading_loop] [N/A] ⏱ Skipping SMA_Cross_sma50, not yet time (every 5m)
2025-04-15 20:38:00 - INFO - [trading_loop] [N/A] 📊 Updating SL/TP for active orders
2025-04-15 20:38:01 - INFO - [_wait_until_next_iteration] [N/A] ⏳ Sleeping for 58.93 seconds before the next cycle
2025-04-15 20:39:00 - DEBUG - [trading_loop] [N/A] ⏱ Skipping EMA_Cross_candle, not yet time (every 5m)
2025-04-15 20:39:00 - DEBUG - [trading_loop] [N/A] ⏱ Skipping VWAP_diff_signal_1700, not yet time (every 5m)
2025-04-15 20:39:00 - DEBUG - [trading_loop] [N/A] ⏱ Skipping SMA_Cross_candle, not yet time (every 5m)
2025-04-15 20:39:00 - DEBUG - [trading_loop] [N/A] ⏱ Skipping VWAP_diff_signal_rsi_1700, not yet time (every 5m)
2025-04-15 20:39:00 - DEBUG - [trading_loop] [N/A] ⏱ Skipping EMA_Cross_ema50, not yet time (every 5m)
2025-04-15 20:39:00 - DEBUG - [trading_loop] [N/A] ⏱ Skipping SMA_Cross_sma50, not yet time (every 5m)
2025-04-15 20:39:00 - INFO - [trading_loop] [N/A] 📊 Updating SL/TP for active orders
2025-04-15 20:39:01 - INFO - [_wait_until_next_iteration] [N/A] ⏳ Sleeping for 58.95 seconds before the next cycle
2025-04-15 20:40:00 - INFO - [_run_strategy_if_applicable] [N/A] ⏰ Strategy 'EMA_Cross_candle' not executed because it's outside the time window: 16:35:00 - 16:50:00
2025-04-15 20:40:00 - INFO - [_run_strategy_if_applicable] [N/A] ⏰ Strategy 'VWAP_diff_signal_1700' not executed because it's outside the time window: 17:30:00 - 19:00:00
2025-04-15 20:40:00 - INFO - [_run_strategy_if_applicable] [N/A] ⏰ Strategy 'SMA_Cross_candle' not executed because it's outside the time window: 16:35:00 - 16:50:00
2025-04-15 20:40:00 - INFO - [_run_strategy_if_applicable] [N/A] ⏰ Strategy 'VWAP_diff_signal_rsi_1700' not executed because it's outside the time window: 17:30:00 - 19:00:00
2025-04-15 20:40:00 - INFO - [_run_strategy_if_applicable] [N/A] ⏰ Strategy 'EMA_Cross_ema50' not executed because it's outside the time window: 16:35:00 - 16:50:00
2025-04-15 20:40:00 - INFO - [_run_strategy_if_applicable] [N/A] ⏰ Strategy 'SMA_Cross_sma50' not executed because it's outside the time window: 16:35:00 - 16:50:00
2025-04-15 20:40:00 - INFO - [trading_loop] [N/A] 📊 Updating SL/TP for active orders
2025-04-15 20:40:01 - INFO - [_wait_until_next_iteration] [N/A] ⏳ Sleeping for 58.93 seconds before the next cycle
2025-04-15 20:41:00 - DEBUG - [trading_loop] [N/A] ⏱ Skipping EMA_Cross_candle, not yet time (every 5m)
2025-04-15 20:41:00 - DEBUG - [trading_loop] [N/A] ⏱ Skipping VWAP_diff_signal_1700, not yet time (every 5m)
2025-04-15 20:41:00 - DEBUG - [trading_loop] [N/A] ⏱ Skipping SMA_Cross_candle, not yet time (every 5m)
2025-04-15 20:41:00 - DEBUG - [trading_loop] [N/A] ⏱ Skipping VWAP_diff_signal_rsi_1700, not yet time (every 5m)
2025-04-15 20:41:00 - DEBUG - [trading_loop] [N/A] ⏱ Skipping EMA_Cross_ema50, not yet time (every 5m)
2025-04-15 20:41:00 - DEBUG - [trading_loop] [N/A] ⏱ Skipping SMA_Cross_sma50, not yet time (every 5m)
2025-04-15 20:41:00 - INFO - [trading_loop] [N/A] 📊 Updating SL/TP for active orders
2025-04-15 20:41:01 - INFO - [_wait_until_next_iteration] [N/A] ⏳ Sleeping for 58.93 seconds before the next cycle
2025-04-15 20:42:00 - DEBUG - [trading_loop] [N/A] ⏱ Skipping EMA_Cross_candle, not yet time (every 5m)
2025-04-15 20:42:00 - DEBUG - [trading_loop] [N/A] ⏱ Skipping VWAP_diff_signal_1700, not yet time (every 5m)
2025-04-15 20:42:00 - DEBUG - [trading_loop] [N/A] ⏱ Skipping SMA_Cross_candle, not yet time (every 5m)
2025-04-15 20:42:00 - DEBUG - [trading_loop] [N/A] ⏱ Skipping VWAP_diff_signal_rsi_1700, not yet time (every 5m)
2025-04-15 20:42:00 - DEBUG - [trading_loop] [N/A] ⏱ Skipping EMA_Cross_ema50, not yet time (every 5m)
2025-04-15 20:42:00 - DEBUG - [trading_loop] [N/A] ⏱ Skipping SMA_Cross_sma50, not yet time (every 5m)
2025-04-15 20:42:00 - INFO - [trading_loop] [N/A] 📊 Updating SL/TP for active orders
2025-04-15 20:42:01 - INFO - [_wait_until_next_iteration] [N/A] ⏳ Sleeping for 58.93 seconds before the next cycle
2025-04-15 20:43:00 - DEBUG - [trading_loop] [N/A] ⏱ Skipping EMA_Cross_candle, not yet time (every 5m)
2025-04-15 20:43:00 - DEBUG - [trading_loop] [N/A] ⏱ Skipping VWAP_diff_signal_1700, not yet time (every 5m)
2025-04-15 20:43:00 - DEBUG - [trading_loop] [N/A] ⏱ Skipping SMA_Cross_candle, not yet time (every 5m)
2025-04-15 20:43:00 - DEBUG - [trading_loop] [N/A] ⏱ Skipping VWAP_diff_signal_rsi_1700, not yet time (every 5m)
2025-04-15 20:43:00 - DEBUG - [trading_loop] [N/A] ⏱ Skipping EMA_Cross_ema50, not yet time (every 5m)
2025-04-15 20:43:00 - DEBUG - [trading_loop] [N/A] ⏱ Skipping SMA_Cross_sma50, not yet time (every 5m)
2025-04-15 20:43:00 - INFO - [trading_loop] [N/A] 📊 Updating SL/TP for active orders
2025-04-15 20:43:01 - INFO - [_wait_until_next_iteration] [N/A] ⏳ Sleeping for 58.99 seconds before the next cycle
2025-04-15 20:44:00 - DEBUG - [trading_loop] [N/A] ⏱ Skipping EMA_Cross_candle, not yet time (every 5m)
2025-04-15 20:44:00 - DEBUG - [trading_loop] [N/A] ⏱ Skipping VWAP_diff_signal_1700, not yet time (every 5m)
2025-04-15 20:44:00 - DEBUG - [trading_loop] [N/A] ⏱ Skipping SMA_Cross_candle, not yet time (every 5m)
2025-04-15 20:44:00 - DEBUG - [trading_loop] [N/A] ⏱ Skipping VWAP_diff_signal_rsi_1700, not yet time (every 5m)
2025-04-15 20:44:00 - DEBUG - [trading_loop] [N/A] ⏱ Skipping EMA_Cross_ema50, not yet time (every 5m)
2025-04-15 20:44:00 - DEBUG - [trading_loop] [N/A] ⏱ Skipping SMA_Cross_sma50, not yet time (every 5m)
2025-04-15 20:44:00 - INFO - [trading_loop] [N/A] 📊 Updating SL/TP for active orders
2025-04-15 20:44:01 - INFO - [_wait_until_next_iteration] [N/A] ⏳ Sleeping for 58.93 seconds before the next cycle
2025-04-15 20:45:00 - INFO - [_run_strategy_if_applicable] [N/A] ⏰ Strategy 'EMA_Cross_candle' not executed because it's outside the time window: 16:35:00 - 16:50:00
2025-04-15 20:45:00 - INFO - [_run_strategy_if_applicable] [N/A] ⏰ Strategy 'VWAP_diff_signal_1700' not executed because it's outside the time window: 17:30:00 - 19:00:00
2025-04-15 20:45:00 - INFO - [_run_strategy_if_applicable] [N/A] ⏰ Strategy 'SMA_Cross_candle' not executed because it's outside the time window: 16:35:00 - 16:50:00
2025-04-15 20:45:00 - INFO - [_run_strategy_if_applicable] [N/A] ⏰ Strategy 'VWAP_diff_signal_rsi_1700' not executed because it's outside the time window: 17:30:00 - 19:00:00
2025-04-15 20:45:00 - INFO - [_run_strategy_if_applicable] [N/A] ⏰ Strategy 'EMA_Cross_ema50' not executed because it's outside the time window: 16:35:00 - 16:50:00
2025-04-15 20:45:00 - INFO - [_run_strategy_if_applicable] [N/A] ⏰ Strategy 'SMA_Cross_sma50' not executed because it's outside the time window: 16:35:00 - 16:50:00
2025-04-15 20:45:00 - INFO - [trading_loop] [N/A] 📊 Updating SL/TP for active orders
2025-04-15 20:45:01 - INFO - [_wait_until_next_iteration] [N/A] ⏳ Sleeping for 58.93 seconds before the next cycle
2025-04-15 20:46:00 - DEBUG - [trading_loop] [N/A] ⏱ Skipping EMA_Cross_candle, not yet time (every 5m)
2025-04-15 20:46:00 - DEBUG - [trading_loop] [N/A] ⏱ Skipping VWAP_diff_signal_1700, not yet time (every 5m)
2025-04-15 20:46:00 - DEBUG - [trading_loop] [N/A] ⏱ Skipping SMA_Cross_candle, not yet time (every 5m)
2025-04-15 20:46:00 - DEBUG - [trading_loop] [N/A] ⏱ Skipping VWAP_diff_signal_rsi_1700, not yet time (every 5m)
2025-04-15 20:46:00 - DEBUG - [trading_loop] [N/A] ⏱ Skipping EMA_Cross_ema50, not yet time (every 5m)
2025-04-15 20:46:00 - DEBUG - [trading_loop] [N/A] ⏱ Skipping SMA_Cross_sma50, not yet time (every 5m)
2025-04-15 20:46:00 - INFO - [trading_loop] [N/A] 📊 Updating SL/TP for active orders
2025-04-15 20:46:01 - INFO - [_wait_until_next_iteration] [N/A] ⏳ Sleeping for 58.93 seconds before the next cycle
2025-04-15 20:47:00 - DEBUG - [trading_loop] [N/A] ⏱ Skipping EMA_Cross_candle, not yet time (every 5m)
2025-04-15 20:47:00 - DEBUG - [trading_loop] [N/A] ⏱ Skipping VWAP_diff_signal_1700, not yet time (every 5m)
2025-04-15 20:47:00 - DEBUG - [trading_loop] [N/A] ⏱ Skipping SMA_Cross_candle, not yet time (every 5m)
2025-04-15 20:47:00 - DEBUG - [trading_loop] [N/A] ⏱ Skipping VWAP_diff_signal_rsi_1700, not yet time (every 5m)
2025-04-15 20:47:00 - DEBUG - [trading_loop] [N/A] ⏱ Skipping EMA_Cross_ema50, not yet time (every 5m)
2025-04-15 20:47:00 - DEBUG - [trading_loop] [N/A] ⏱ Skipping SMA_Cross_sma50, not yet time (every 5m)
2025-04-15 20:47:00 - INFO - [trading_loop] [N/A] 📊 Updating SL/TP for active orders
2025-04-15 20:47:01 - INFO - [_wait_until_next_iteration] [N/A] ⏳ Sleeping for 58.93 seconds before the next cycle
2025-04-15 20:48:00 - DEBUG - [trading_loop] [N/A] ⏱ Skipping EMA_Cross_candle, not yet time (every 5m)
2025-04-15 20:48:00 - DEBUG - [trading_loop] [N/A] ⏱ Skipping VWAP_diff_signal_1700, not yet time (every 5m)
2025-04-15 20:48:00 - DEBUG - [trading_loop] [N/A] ⏱ Skipping SMA_Cross_candle, not yet time (every 5m)
2025-04-15 20:48:00 - DEBUG - [trading_loop] [N/A] ⏱ Skipping VWAP_diff_signal_rsi_1700, not yet time (every 5m)
2025-04-15 20:48:00 - DEBUG - [trading_loop] [N/A] ⏱ Skipping EMA_Cross_ema50, not yet time (every 5m)
2025-04-15 20:48:00 - DEBUG - [trading_loop] [N/A] ⏱ Skipping SMA_Cross_sma50, not yet time (every 5m)
2025-04-15 20:48:00 - INFO - [trading_loop] [N/A] 📊 Updating SL/TP for active orders
2025-04-15 20:48:01 - INFO - [_wait_until_next_iteration] [N/A] ⏳ Sleeping for 58.93 seconds before the next cycle
2025-04-15 20:49:00 - DEBUG - [trading_loop] [N/A] ⏱ Skipping EMA_Cross_candle, not yet time (every 5m)
2025-04-15 20:49:00 - DEBUG - [trading_loop] [N/A] ⏱ Skipping VWAP_diff_signal_1700, not yet time (every 5m)
2025-04-15 20:49:00 - DEBUG - [trading_loop] [N/A] ⏱ Skipping SMA_Cross_candle, not yet time (every 5m)
2025-04-15 20:49:00 - DEBUG - [trading_loop] [N/A] ⏱ Skipping VWAP_diff_signal_rsi_1700, not yet time (every 5m)
2025-04-15 20:49:00 - DEBUG - [trading_loop] [N/A] ⏱ Skipping EMA_Cross_ema50, not yet time (every 5m)
2025-04-15 20:49:00 - DEBUG - [trading_loop] [N/A] ⏱ Skipping SMA_Cross_sma50, not yet time (every 5m)
2025-04-15 20:49:00 - INFO - [trading_loop] [N/A] 📊 Updating SL/TP for active orders
2025-04-15 20:49:01 - INFO - [_wait_until_next_iteration] [N/A] ⏳ Sleeping for 58.93 seconds before the next cycle
2025-04-15 20:50:00 - INFO - [_run_strategy_if_applicable] [N/A] ⏰ Strategy 'EMA_Cross_candle' not executed because it's outside the time window: 16:35:00 - 16:50:00
2025-04-15 20:50:00 - INFO - [_run_strategy_if_applicable] [N/A] ⏰ Strategy 'VWAP_diff_signal_1700' not executed because it's outside the time window: 17:30:00 - 19:00:00
2025-04-15 20:50:00 - INFO - [_run_strategy_if_applicable] [N/A] ⏰ Strategy 'SMA_Cross_candle' not executed because it's outside the time window: 16:35:00 - 16:50:00
2025-04-15 20:50:00 - INFO - [_run_strategy_if_applicable] [N/A] ⏰ Strategy 'VWAP_diff_signal_rsi_1700' not executed because it's outside the time window: 17:30:00 - 19:00:00
2025-04-15 20:50:00 - INFO - [_run_strategy_if_applicable] [N/A] ⏰ Strategy 'EMA_Cross_ema50' not executed because it's outside the time window: 16:35:00 - 16:50:00
2025-04-15 20:50:00 - INFO - [_run_strategy_if_applicable] [N/A] ⏰ Strategy 'SMA_Cross_sma50' not executed because it's outside the time window: 16:35:00 - 16:50:00
2025-04-15 20:50:00 - INFO - [trading_loop] [N/A] 📊 Updating SL/TP for active orders
2025-04-15 20:50:01 - INFO - [_wait_until_next_iteration] [N/A] ⏳ Sleeping for 58.96 seconds before the next cycle
2025-04-15 20:51:00 - DEBUG - [trading_loop] [N/A] ⏱ Skipping EMA_Cross_candle, not yet time (every 5m)
2025-04-15 20:51:00 - DEBUG - [trading_loop] [N/A] ⏱ Skipping VWAP_diff_signal_1700, not yet time (every 5m)
2025-04-15 20:51:00 - DEBUG - [trading_loop] [N/A] ⏱ Skipping SMA_Cross_candle, not yet time (every 5m)
2025-04-15 20:51:00 - DEBUG - [trading_loop] [N/A] ⏱ Skipping VWAP_diff_signal_rsi_1700, not yet time (every 5m)
2025-04-15 20:51:00 - DEBUG - [trading_loop] [N/A] ⏱ Skipping EMA_Cross_ema50, not yet time (every 5m)
2025-04-15 20:51:00 - DEBUG - [trading_loop] [N/A] ⏱ Skipping SMA_Cross_sma50, not yet time (every 5m)
2025-04-15 20:51:00 - INFO - [trading_loop] [N/A] 📊 Updating SL/TP for active orders
2025-04-15 20:51:01 - INFO - [_wait_until_next_iteration] [N/A] ⏳ Sleeping for 58.93 seconds before the next cycle
2025-04-15 20:52:00 - DEBUG - [trading_loop] [N/A] ⏱ Skipping EMA_Cross_candle, not yet time (every 5m)
2025-04-15 20:52:00 - DEBUG - [trading_loop] [N/A] ⏱ Skipping VWAP_diff_signal_1700, not yet time (every 5m)
2025-04-15 20:52:00 - DEBUG - [trading_loop] [N/A] ⏱ Skipping SMA_Cross_candle, not yet time (every 5m)
2025-04-15 20:52:00 - DEBUG - [trading_loop] [N/A] ⏱ Skipping VWAP_diff_signal_rsi_1700, not yet time (every 5m)
2025-04-15 20:52:00 - DEBUG - [trading_loop] [N/A] ⏱ Skipping EMA_Cross_ema50, not yet time (every 5m)
2025-04-15 20:52:00 - DEBUG - [trading_loop] [N/A] ⏱ Skipping SMA_Cross_sma50, not yet time (every 5m)
2025-04-15 20:52:00 - INFO - [trading_loop] [N/A] 📊 Updating SL/TP for active orders
2025-04-15 20:52:01 - INFO - [_wait_until_next_iteration] [N/A] ⏳ Sleeping for 58.93 seconds before the next cycle
2025-04-15 20:53:00 - DEBUG - [trading_loop] [N/A] ⏱ Skipping EMA_Cross_candle, not yet time (every 5m)
2025-04-15 20:53:00 - DEBUG - [trading_loop] [N/A] ⏱ Skipping VWAP_diff_signal_1700, not yet time (every 5m)
2025-04-15 20:53:00 - DEBUG - [trading_loop] [N/A] ⏱ Skipping SMA_Cross_candle, not yet time (every 5m)
2025-04-15 20:53:00 - DEBUG - [trading_loop] [N/A] ⏱ Skipping VWAP_diff_signal_rsi_1700, not yet time (every 5m)
2025-04-15 20:53:00 - DEBUG - [trading_loop] [N/A] ⏱ Skipping EMA_Cross_ema50, not yet time (every 5m)
2025-04-15 20:53:00 - DEBUG - [trading_loop] [N/A] ⏱ Skipping SMA_Cross_sma50, not yet time (every 5m)
2025-04-15 20:53:00 - INFO - [trading_loop] [N/A] 📊 Updating SL/TP for active orders
2025-04-15 20:53:01 - INFO - [_wait_until_next_iteration] [N/A] ⏳ Sleeping for 58.98 seconds before the next cycle
2025-04-15 20:54:00 - DEBUG - [trading_loop] [N/A] ⏱ Skipping EMA_Cross_candle, not yet time (every 5m)
2025-04-15 20:54:00 - DEBUG - [trading_loop] [N/A] ⏱ Skipping VWAP_diff_signal_1700, not yet time (every 5m)
2025-04-15 20:54:00 - DEBUG - [trading_loop] [N/A] ⏱ Skipping SMA_Cross_candle, not yet time (every 5m)
2025-04-15 20:54:00 - DEBUG - [trading_loop] [N/A] ⏱ Skipping VWAP_diff_signal_rsi_1700, not yet time (every 5m)
2025-04-15 20:54:00 - DEBUG - [trading_loop] [N/A] ⏱ Skipping EMA_Cross_ema50, not yet time (every 5m)
2025-04-15 20:54:00 - DEBUG - [trading_loop] [N/A] ⏱ Skipping SMA_Cross_sma50, not yet time (every 5m)
2025-04-15 20:54:00 - INFO - [trading_loop] [N/A] 📊 Updating SL/TP for active orders
2025-04-15 20:54:01 - INFO - [_wait_until_next_iteration] [N/A] ⏳ Sleeping for 58.94 seconds before the next cycle
2025-04-15 20:55:00 - INFO - [_run_strategy_if_applicable] [N/A] ⏰ Strategy 'EMA_Cross_candle' not executed because it's outside the time window: 16:35:00 - 16:50:00
2025-04-15 20:55:00 - INFO - [_run_strategy_if_applicable] [N/A] ⏰ Strategy 'VWAP_diff_signal_1700' not executed because it's outside the time window: 17:30:00 - 19:00:00
2025-04-15 20:55:00 - INFO - [_run_strategy_if_applicable] [N/A] ⏰ Strategy 'SMA_Cross_candle' not executed because it's outside the time window: 16:35:00 - 16:50:00
2025-04-15 20:55:00 - INFO - [_run_strategy_if_applicable] [N/A] ⏰ Strategy 'VWAP_diff_signal_rsi_1700' not executed because it's outside the time window: 17:30:00 - 19:00:00
2025-04-15 20:55:00 - INFO - [_run_strategy_if_applicable] [N/A] ⏰ Strategy 'EMA_Cross_ema50' not executed because it's outside the time window: 16:35:00 - 16:50:00
2025-04-15 20:55:00 - INFO - [_run_strategy_if_applicable] [N/A] ⏰ Strategy 'SMA_Cross_sma50' not executed because it's outside the time window: 16:35:00 - 16:50:00
2025-04-15 20:55:00 - INFO - [trading_loop] [N/A] 📊 Updating SL/TP for active orders
2025-04-15 20:55:01 - INFO - [_wait_until_next_iteration] [N/A] ⏳ Sleeping for 58.93 seconds before the next cycle
2025-04-15 20:56:00 - DEBUG - [trading_loop] [N/A] ⏱ Skipping EMA_Cross_candle, not yet time (every 5m)
2025-04-15 20:56:00 - DEBUG - [trading_loop] [N/A] ⏱ Skipping VWAP_diff_signal_1700, not yet time (every 5m)
2025-04-15 20:56:00 - DEBUG - [trading_loop] [N/A] ⏱ Skipping SMA_Cross_candle, not yet time (every 5m)
2025-04-15 20:56:00 - DEBUG - [trading_loop] [N/A] ⏱ Skipping VWAP_diff_signal_rsi_1700, not yet time (every 5m)
2025-04-15 20:56:00 - DEBUG - [trading_loop] [N/A] ⏱ Skipping EMA_Cross_ema50, not yet time (every 5m)
2025-04-15 20:56:00 - DEBUG - [trading_loop] [N/A] ⏱ Skipping SMA_Cross_sma50, not yet time (every 5m)
2025-04-15 20:56:00 - INFO - [trading_loop] [N/A] 📊 Updating SL/TP for active orders
2025-04-15 20:56:01 - INFO - [_wait_until_next_iteration] [N/A] ⏳ Sleeping for 58.93 seconds before the next cycle
2025-04-15 20:57:00 - DEBUG - [trading_loop] [N/A] ⏱ Skipping EMA_Cross_candle, not yet time (every 5m)
2025-04-15 20:57:00 - DEBUG - [trading_loop] [N/A] ⏱ Skipping VWAP_diff_signal_1700, not yet time (every 5m)
2025-04-15 20:57:00 - DEBUG - [trading_loop] [N/A] ⏱ Skipping SMA_Cross_candle, not yet time (every 5m)
2025-04-15 20:57:00 - DEBUG - [trading_loop] [N/A] ⏱ Skipping VWAP_diff_signal_rsi_1700, not yet time (every 5m)
2025-04-15 20:57:00 - DEBUG - [trading_loop] [N/A] ⏱ Skipping EMA_Cross_ema50, not yet time (every 5m)
2025-04-15 20:57:00 - DEBUG - [trading_loop] [N/A] ⏱ Skipping SMA_Cross_sma50, not yet time (every 5m)
2025-04-15 20:57:00 - INFO - [trading_loop] [N/A] 📊 Updating SL/TP for active orders
2025-04-15 20:57:01 - INFO - [_wait_until_next_iteration] [N/A] ⏳ Sleeping for 58.95 seconds before the next cycle
2025-04-15 20:58:00 - DEBUG - [trading_loop] [N/A] ⏱ Skipping EMA_Cross_candle, not yet time (every 5m)
2025-04-15 20:58:00 - DEBUG - [trading_loop] [N/A] ⏱ Skipping VWAP_diff_signal_1700, not yet time (every 5m)
2025-04-15 20:58:00 - DEBUG - [trading_loop] [N/A] ⏱ Skipping SMA_Cross_candle, not yet time (every 5m)
2025-04-15 20:58:00 - DEBUG - [trading_loop] [N/A] ⏱ Skipping VWAP_diff_signal_rsi_1700, not yet time (every 5m)
2025-04-15 20:58:00 - DEBUG - [trading_loop] [N/A] ⏱ Skipping EMA_Cross_ema50, not yet time (every 5m)
2025-04-15 20:58:00 - DEBUG - [trading_loop] [N/A] ⏱ Skipping SMA_Cross_sma50, not yet time (every 5m)
2025-04-15 20:58:00 - INFO - [trading_loop] [N/A] 📊 Updating SL/TP for active orders
2025-04-15 20:58:01 - INFO - [_wait_until_next_iteration] [N/A] ⏳ Sleeping for 58.93 seconds before the next cycle
2025-04-15 20:59:00 - DEBUG - [trading_loop] [N/A] ⏱ Skipping EMA_Cross_candle, not yet time (every 5m)
2025-04-15 20:59:00 - DEBUG - [trading_loop] [N/A] ⏱ Skipping VWAP_diff_signal_1700, not yet time (every 5m)
2025-04-15 20:59:00 - DEBUG - [trading_loop] [N/A] ⏱ Skipping SMA_Cross_candle, not yet time (every 5m)
2025-04-15 20:59:00 - DEBUG - [trading_loop] [N/A] ⏱ Skipping VWAP_diff_signal_rsi_1700, not yet time (every 5m)
2025-04-15 20:59:00 - DEBUG - [trading_loop] [N/A] ⏱ Skipping EMA_Cross_ema50, not yet time (every 5m)
2025-04-15 20:59:00 - DEBUG - [trading_loop] [N/A] ⏱ Skipping SMA_Cross_sma50, not yet time (every 5m)
2025-04-15 20:59:00 - INFO - [trading_loop] [N/A] 📊 Updating SL/TP for active orders
2025-04-15 20:59:01 - INFO - [_wait_until_next_iteration] [N/A] ⏳ Sleeping for 58.93 seconds before the next cycle
2025-04-15 21:00:00 - INFO - [_run_strategy_if_applicable] [N/A] ⏰ Strategy 'EMA_Cross_candle' not executed because it's outside the time window: 16:35:00 - 16:50:00
2025-04-15 21:00:00 - INFO - [_run_strategy_if_applicable] [N/A] ⏰ Strategy 'VWAP_diff_signal_1700' not executed because it's outside the time window: 17:30:00 - 19:00:00
2025-04-15 21:00:00 - INFO - [_run_strategy_if_applicable] [N/A] ⏰ Strategy 'SMA_Cross_candle' not executed because it's outside the time window: 16:35:00 - 16:50:00
2025-04-15 21:00:00 - INFO - [_run_strategy_if_applicable] [N/A] ⏰ Strategy 'VWAP_diff_signal_rsi_1700' not executed because it's outside the time window: 17:30:00 - 19:00:00
2025-04-15 21:00:00 - INFO - [_run_strategy_if_applicable] [N/A] ⏰ Strategy 'EMA_Cross_ema50' not executed because it's outside the time window: 16:35:00 - 16:50:00
2025-04-15 21:00:00 - INFO - [_run_strategy_if_applicable] [N/A] ⏰ Strategy 'SMA_Cross_sma50' not executed because it's outside the time window: 16:35:00 - 16:50:00
2025-04-15 21:00:00 - INFO - [trading_loop] [N/A] 📊 Updating SL/TP for active orders
2025-04-15 21:00:01 - INFO - [_wait_until_next_iteration] [N/A] ⏳ Sleeping for 58.94 seconds before the next cycle
2025-04-15 21:01:00 - DEBUG - [trading_loop] [N/A] ⏱ Skipping EMA_Cross_candle, not yet time (every 5m)
2025-04-15 21:01:00 - DEBUG - [trading_loop] [N/A] ⏱ Skipping VWAP_diff_signal_1700, not yet time (every 5m)
2025-04-15 21:01:00 - DEBUG - [trading_loop] [N/A] ⏱ Skipping SMA_Cross_candle, not yet time (every 5m)
2025-04-15 21:01:00 - DEBUG - [trading_loop] [N/A] ⏱ Skipping VWAP_diff_signal_rsi_1700, not yet time (every 5m)
2025-04-15 21:01:00 - DEBUG - [trading_loop] [N/A] ⏱ Skipping EMA_Cross_ema50, not yet time (every 5m)
2025-04-15 21:01:00 - DEBUG - [trading_loop] [N/A] ⏱ Skipping SMA_Cross_sma50, not yet time (every 5m)
2025-04-15 21:01:00 - INFO - [trading_loop] [N/A] 📊 Updating SL/TP for active orders
2025-04-15 21:01:01 - INFO - [_wait_until_next_iteration] [N/A] ⏳ Sleeping for 58.96 seconds before the next cycle
2025-04-15 21:02:00 - DEBUG - [trading_loop] [N/A] ⏱ Skipping EMA_Cross_candle, not yet time (every 5m)
2025-04-15 21:02:00 - DEBUG - [trading_loop] [N/A] ⏱ Skipping VWAP_diff_signal_1700, not yet time (every 5m)
2025-04-15 21:02:00 - DEBUG - [trading_loop] [N/A] ⏱ Skipping SMA_Cross_candle, not yet time (every 5m)
2025-04-15 21:02:00 - DEBUG - [trading_loop] [N/A] ⏱ Skipping VWAP_diff_signal_rsi_1700, not yet time (every 5m)
2025-04-15 21:02:00 - DEBUG - [trading_loop] [N/A] ⏱ Skipping EMA_Cross_ema50, not yet time (every 5m)
2025-04-15 21:02:00 - DEBUG - [trading_loop] [N/A] ⏱ Skipping SMA_Cross_sma50, not yet time (every 5m)
2025-04-15 21:02:00 - INFO - [trading_loop] [N/A] 📊 Updating SL/TP for active orders
2025-04-15 21:02:01 - INFO - [_wait_until_next_iteration] [N/A] ⏳ Sleeping for 58.94 seconds before the next cycle
2025-04-15 21:03:00 - DEBUG - [trading_loop] [N/A] ⏱ Skipping EMA_Cross_candle, not yet time (every 5m)
2025-04-15 21:03:00 - DEBUG - [trading_loop] [N/A] ⏱ Skipping VWAP_diff_signal_1700, not yet time (every 5m)
2025-04-15 21:03:00 - DEBUG - [trading_loop] [N/A] ⏱ Skipping SMA_Cross_candle, not yet time (every 5m)
2025-04-15 21:03:00 - DEBUG - [trading_loop] [N/A] ⏱ Skipping VWAP_diff_signal_rsi_1700, not yet time (every 5m)
2025-04-15 21:03:00 - DEBUG - [trading_loop] [N/A] ⏱ Skipping EMA_Cross_ema50, not yet time (every 5m)
2025-04-15 21:03:00 - DEBUG - [trading_loop] [N/A] ⏱ Skipping SMA_Cross_sma50, not yet time (every 5m)
2025-04-15 21:03:00 - INFO - [trading_loop] [N/A] 📊 Updating SL/TP for active orders
2025-04-15 21:03:01 - INFO - [_wait_until_next_iteration] [N/A] ⏳ Sleeping for 58.95 seconds before the next cycle
2025-04-15 21:04:00 - DEBUG - [trading_loop] [N/A] ⏱ Skipping EMA_Cross_candle, not yet time (every 5m)
2025-04-15 21:04:00 - DEBUG - [trading_loop] [N/A] ⏱ Skipping VWAP_diff_signal_1700, not yet time (every 5m)
2025-04-15 21:04:00 - DEBUG - [trading_loop] [N/A] ⏱ Skipping SMA_Cross_candle, not yet time (every 5m)
2025-04-15 21:04:00 - DEBUG - [trading_loop] [N/A] ⏱ Skipping VWAP_diff_signal_rsi_1700, not yet time (every 5m)
2025-04-15 21:04:00 - DEBUG - [trading_loop] [N/A] ⏱ Skipping EMA_Cross_ema50, not yet time (every 5m)
2025-04-15 21:04:00 - DEBUG - [trading_loop] [N/A] ⏱ Skipping SMA_Cross_sma50, not yet time (every 5m)
2025-04-15 21:04:00 - INFO - [trading_loop] [N/A] 📊 Updating SL/TP for active orders
2025-04-15 21:04:01 - INFO - [_wait_until_next_iteration] [N/A] ⏳ Sleeping for 58.94 seconds before the next cycle
2025-04-15 21:05:00 - INFO - [_run_strategy_if_applicable] [N/A] ⏰ Strategy 'EMA_Cross_candle' not executed because it's outside the time window: 16:35:00 - 16:50:00
2025-04-15 21:05:00 - INFO - [_run_strategy_if_applicable] [N/A] ⏰ Strategy 'VWAP_diff_signal_1700' not executed because it's outside the time window: 17:30:00 - 19:00:00
2025-04-15 21:05:00 - INFO - [_run_strategy_if_applicable] [N/A] ⏰ Strategy 'SMA_Cross_candle' not executed because it's outside the time window: 16:35:00 - 16:50:00
2025-04-15 21:05:00 - INFO - [_run_strategy_if_applicable] [N/A] ⏰ Strategy 'VWAP_diff_signal_rsi_1700' not executed because it's outside the time window: 17:30:00 - 19:00:00
2025-04-15 21:05:00 - INFO - [_run_strategy_if_applicable] [N/A] ⏰ Strategy 'EMA_Cross_ema50' not executed because it's outside the time window: 16:35:00 - 16:50:00
2025-04-15 21:05:00 - INFO - [_run_strategy_if_applicable] [N/A] ⏰ Strategy 'SMA_Cross_sma50' not executed because it's outside the time window: 16:35:00 - 16:50:00
2025-04-15 21:05:00 - INFO - [trading_loop] [N/A] 📊 Updating SL/TP for active orders
2025-04-15 21:05:01 - INFO - [_wait_until_next_iteration] [N/A] ⏳ Sleeping for 58.93 seconds before the next cycle
2025-04-15 21:06:00 - DEBUG - [trading_loop] [N/A] ⏱ Skipping EMA_Cross_candle, not yet time (every 5m)
2025-04-15 21:06:00 - DEBUG - [trading_loop] [N/A] ⏱ Skipping VWAP_diff_signal_1700, not yet time (every 5m)
2025-04-15 21:06:00 - DEBUG - [trading_loop] [N/A] ⏱ Skipping SMA_Cross_candle, not yet time (every 5m)
2025-04-15 21:06:00 - DEBUG - [trading_loop] [N/A] ⏱ Skipping VWAP_diff_signal_rsi_1700, not yet time (every 5m)
2025-04-15 21:06:00 - DEBUG - [trading_loop] [N/A] ⏱ Skipping EMA_Cross_ema50, not yet time (every 5m)
2025-04-15 21:06:00 - DEBUG - [trading_loop] [N/A] ⏱ Skipping SMA_Cross_sma50, not yet time (every 5m)
2025-04-15 21:06:00 - INFO - [trading_loop] [N/A] 📊 Updating SL/TP for active orders
2025-04-15 21:06:01 - INFO - [_wait_until_next_iteration] [N/A] ⏳ Sleeping for 58.93 seconds before the next cycle
2025-04-15 21:07:00 - DEBUG - [trading_loop] [N/A] ⏱ Skipping EMA_Cross_candle, not yet time (every 5m)
2025-04-15 21:07:00 - DEBUG - [trading_loop] [N/A] ⏱ Skipping VWAP_diff_signal_1700, not yet time (every 5m)
2025-04-15 21:07:00 - DEBUG - [trading_loop] [N/A] ⏱ Skipping SMA_Cross_candle, not yet time (every 5m)
2025-04-15 21:07:00 - DEBUG - [trading_loop] [N/A] ⏱ Skipping VWAP_diff_signal_rsi_1700, not yet time (every 5m)
2025-04-15 21:07:00 - DEBUG - [trading_loop] [N/A] ⏱ Skipping EMA_Cross_ema50, not yet time (every 5m)
2025-04-15 21:07:00 - DEBUG - [trading_loop] [N/A] ⏱ Skipping SMA_Cross_sma50, not yet time (every 5m)
2025-04-15 21:07:00 - INFO - [trading_loop] [N/A] 📊 Updating SL/TP for active orders
2025-04-15 21:07:01 - INFO - [_wait_until_next_iteration] [N/A] ⏳ Sleeping for 58.93 seconds before the next cycle
2025-04-15 21:08:00 - DEBUG - [trading_loop] [N/A] ⏱ Skipping EMA_Cross_candle, not yet time (every 5m)
2025-04-15 21:08:00 - DEBUG - [trading_loop] [N/A] ⏱ Skipping VWAP_diff_signal_1700, not yet time (every 5m)
2025-04-15 21:08:00 - DEBUG - [trading_loop] [N/A] ⏱ Skipping SMA_Cross_candle, not yet time (every 5m)
2025-04-15 21:08:00 - DEBUG - [trading_loop] [N/A] ⏱ Skipping VWAP_diff_signal_rsi_1700, not yet time (every 5m)
2025-04-15 21:08:00 - DEBUG - [trading_loop] [N/A] ⏱ Skipping EMA_Cross_ema50, not yet time (every 5m)
2025-04-15 21:08:00 - DEBUG - [trading_loop] [N/A] ⏱ Skipping SMA_Cross_sma50, not yet time (every 5m)
2025-04-15 21:08:00 - INFO - [trading_loop] [N/A] 📊 Updating SL/TP for active orders
2025-04-15 21:08:01 - INFO - [_wait_until_next_iteration] [N/A] ⏳ Sleeping for 58.93 seconds before the next cycle
2025-04-15 21:09:00 - DEBUG - [trading_loop] [N/A] ⏱ Skipping EMA_Cross_candle, not yet time (every 5m)
2025-04-15 21:09:00 - DEBUG - [trading_loop] [N/A] ⏱ Skipping VWAP_diff_signal_1700, not yet time (every 5m)
2025-04-15 21:09:00 - DEBUG - [trading_loop] [N/A] ⏱ Skipping SMA_Cross_candle, not yet time (every 5m)
2025-04-15 21:09:00 - DEBUG - [trading_loop] [N/A] ⏱ Skipping VWAP_diff_signal_rsi_1700, not yet time (every 5m)
2025-04-15 21:09:00 - DEBUG - [trading_loop] [N/A] ⏱ Skipping EMA_Cross_ema50, not yet time (every 5m)
2025-04-15 21:09:00 - DEBUG - [trading_loop] [N/A] ⏱ Skipping SMA_Cross_sma50, not yet time (every 5m)
2025-04-15 21:09:00 - INFO - [trading_loop] [N/A] 📊 Updating SL/TP for active orders
2025-04-15 21:09:01 - INFO - [_wait_until_next_iteration] [N/A] ⏳ Sleeping for 58.93 seconds before the next cycle
2025-04-15 21:10:00 - INFO - [_run_strategy_if_applicable] [N/A] ⏰ Strategy 'EMA_Cross_candle' not executed because it's outside the time window: 16:35:00 - 16:50:00
2025-04-15 21:10:00 - INFO - [_run_strategy_if_applicable] [N/A] ⏰ Strategy 'VWAP_diff_signal_1700' not executed because it's outside the time window: 17:30:00 - 19:00:00
2025-04-15 21:10:00 - INFO - [_run_strategy_if_applicable] [N/A] ⏰ Strategy 'SMA_Cross_candle' not executed because it's outside the time window: 16:35:00 - 16:50:00
2025-04-15 21:10:00 - INFO - [_run_strategy_if_applicable] [N/A] ⏰ Strategy 'VWAP_diff_signal_rsi_1700' not executed because it's outside the time window: 17:30:00 - 19:00:00
2025-04-15 21:10:00 - INFO - [_run_strategy_if_applicable] [N/A] ⏰ Strategy 'EMA_Cross_ema50' not executed because it's outside the time window: 16:35:00 - 16:50:00
2025-04-15 21:10:00 - INFO - [_run_strategy_if_applicable] [N/A] ⏰ Strategy 'SMA_Cross_sma50' not executed because it's outside the time window: 16:35:00 - 16:50:00
2025-04-15 21:10:00 - INFO - [trading_loop] [N/A] 📊 Updating SL/TP for active orders
2025-04-15 21:10:01 - INFO - [_wait_until_next_iteration] [N/A] ⏳ Sleeping for 58.93 seconds before the next cycle
2025-04-15 21:11:00 - DEBUG - [trading_loop] [N/A] ⏱ Skipping EMA_Cross_candle, not yet time (every 5m)
2025-04-15 21:11:00 - DEBUG - [trading_loop] [N/A] ⏱ Skipping VWAP_diff_signal_1700, not yet time (every 5m)
2025-04-15 21:11:00 - DEBUG - [trading_loop] [N/A] ⏱ Skipping SMA_Cross_candle, not yet time (every 5m)
2025-04-15 21:11:00 - DEBUG - [trading_loop] [N/A] ⏱ Skipping VWAP_diff_signal_rsi_1700, not yet time (every 5m)
2025-04-15 21:11:00 - DEBUG - [trading_loop] [N/A] ⏱ Skipping EMA_Cross_ema50, not yet time (every 5m)
2025-04-15 21:11:00 - DEBUG - [trading_loop] [N/A] ⏱ Skipping SMA_Cross_sma50, not yet time (every 5m)
2025-04-15 21:11:00 - INFO - [trading_loop] [N/A] 📊 Updating SL/TP for active orders
2025-04-15 21:11:01 - INFO - [_wait_until_next_iteration] [N/A] ⏳ Sleeping for 58.93 seconds before the next cycle
2025-04-15 21:12:00 - DEBUG - [trading_loop] [N/A] ⏱ Skipping EMA_Cross_candle, not yet time (every 5m)
2025-04-15 21:12:00 - DEBUG - [trading_loop] [N/A] ⏱ Skipping VWAP_diff_signal_1700, not yet time (every 5m)
2025-04-15 21:12:00 - DEBUG - [trading_loop] [N/A] ⏱ Skipping SMA_Cross_candle, not yet time (every 5m)
2025-04-15 21:12:00 - DEBUG - [trading_loop] [N/A] ⏱ Skipping VWAP_diff_signal_rsi_1700, not yet time (every 5m)
2025-04-15 21:12:00 - DEBUG - [trading_loop] [N/A] ⏱ Skipping EMA_Cross_ema50, not yet time (every 5m)
2025-04-15 21:12:00 - DEBUG - [trading_loop] [N/A] ⏱ Skipping SMA_Cross_sma50, not yet time (every 5m)
2025-04-15 21:12:00 - INFO - [trading_loop] [N/A] 📊 Updating SL/TP for active orders
2025-04-15 21:12:01 - INFO - [_wait_until_next_iteration] [N/A] ⏳ Sleeping for 58.93 seconds before the next cycle
2025-04-15 21:13:00 - DEBUG - [trading_loop] [N/A] ⏱ Skipping EMA_Cross_candle, not yet time (every 5m)
2025-04-15 21:13:00 - DEBUG - [trading_loop] [N/A] ⏱ Skipping VWAP_diff_signal_1700, not yet time (every 5m)
2025-04-15 21:13:00 - DEBUG - [trading_loop] [N/A] ⏱ Skipping SMA_Cross_candle, not yet time (every 5m)
2025-04-15 21:13:00 - DEBUG - [trading_loop] [N/A] ⏱ Skipping VWAP_diff_signal_rsi_1700, not yet time (every 5m)
2025-04-15 21:13:00 - DEBUG - [trading_loop] [N/A] ⏱ Skipping EMA_Cross_ema50, not yet time (every 5m)
2025-04-15 21:13:00 - DEBUG - [trading_loop] [N/A] ⏱ Skipping SMA_Cross_sma50, not yet time (every 5m)
2025-04-15 21:13:00 - INFO - [trading_loop] [N/A] 📊 Updating SL/TP for active orders
2025-04-15 21:13:01 - INFO - [_wait_until_next_iteration] [N/A] ⏳ Sleeping for 58.93 seconds before the next cycle
2025-04-15 21:14:00 - DEBUG - [trading_loop] [N/A] ⏱ Skipping EMA_Cross_candle, not yet time (every 5m)
2025-04-15 21:14:00 - DEBUG - [trading_loop] [N/A] ⏱ Skipping VWAP_diff_signal_1700, not yet time (every 5m)
2025-04-15 21:14:00 - DEBUG - [trading_loop] [N/A] ⏱ Skipping SMA_Cross_candle, not yet time (every 5m)
2025-04-15 21:14:00 - DEBUG - [trading_loop] [N/A] ⏱ Skipping VWAP_diff_signal_rsi_1700, not yet time (every 5m)
2025-04-15 21:14:00 - DEBUG - [trading_loop] [N/A] ⏱ Skipping EMA_Cross_ema50, not yet time (every 5m)
2025-04-15 21:14:00 - DEBUG - [trading_loop] [N/A] ⏱ Skipping SMA_Cross_sma50, not yet time (every 5m)
2025-04-15 21:14:00 - INFO - [trading_loop] [N/A] 📊 Updating SL/TP for active orders
2025-04-15 21:14:01 - INFO - [_wait_until_next_iteration] [N/A] ⏳ Sleeping for 58.93 seconds before the next cycle
2025-04-15 21:15:00 - INFO - [_run_strategy_if_applicable] [N/A] ⏰ Strategy 'EMA_Cross_candle' not executed because it's outside the time window: 16:35:00 - 16:50:00
2025-04-15 21:15:00 - INFO - [_run_strategy_if_applicable] [N/A] ⏰ Strategy 'VWAP_diff_signal_1700' not executed because it's outside the time window: 17:30:00 - 19:00:00
2025-04-15 21:15:00 - INFO - [_run_strategy_if_applicable] [N/A] ⏰ Strategy 'SMA_Cross_candle' not executed because it's outside the time window: 16:35:00 - 16:50:00
2025-04-15 21:15:00 - INFO - [_run_strategy_if_applicable] [N/A] ⏰ Strategy 'VWAP_diff_signal_rsi_1700' not executed because it's outside the time window: 17:30:00 - 19:00:00
2025-04-15 21:15:00 - INFO - [_run_strategy_if_applicable] [N/A] ⏰ Strategy 'EMA_Cross_ema50' not executed because it's outside the time window: 16:35:00 - 16:50:00
2025-04-15 21:15:00 - INFO - [_run_strategy_if_applicable] [N/A] ⏰ Strategy 'SMA_Cross_sma50' not executed because it's outside the time window: 16:35:00 - 16:50:00
2025-04-15 21:15:00 - INFO - [trading_loop] [N/A] 📊 Updating SL/TP for active orders
2025-04-15 21:15:01 - INFO - [_wait_until_next_iteration] [N/A] ⏳ Sleeping for 58.93 seconds before the next cycle
2025-04-15 21:16:00 - DEBUG - [trading_loop] [N/A] ⏱ Skipping EMA_Cross_candle, not yet time (every 5m)
2025-04-15 21:16:00 - DEBUG - [trading_loop] [N/A] ⏱ Skipping VWAP_diff_signal_1700, not yet time (every 5m)
2025-04-15 21:16:00 - DEBUG - [trading_loop] [N/A] ⏱ Skipping SMA_Cross_candle, not yet time (every 5m)
2025-04-15 21:16:00 - DEBUG - [trading_loop] [N/A] ⏱ Skipping VWAP_diff_signal_rsi_1700, not yet time (every 5m)
2025-04-15 21:16:00 - DEBUG - [trading_loop] [N/A] ⏱ Skipping EMA_Cross_ema50, not yet time (every 5m)
2025-04-15 21:16:00 - DEBUG - [trading_loop] [N/A] ⏱ Skipping SMA_Cross_sma50, not yet time (every 5m)
2025-04-15 21:16:00 - INFO - [trading_loop] [N/A] 📊 Updating SL/TP for active orders
2025-04-15 21:16:01 - INFO - [_wait_until_next_iteration] [N/A] ⏳ Sleeping for 58.93 seconds before the next cycle
2025-04-15 21:17:00 - DEBUG - [trading_loop] [N/A] ⏱ Skipping EMA_Cross_candle, not yet time (every 5m)
2025-04-15 21:17:00 - DEBUG - [trading_loop] [N/A] ⏱ Skipping VWAP_diff_signal_1700, not yet time (every 5m)
2025-04-15 21:17:00 - DEBUG - [trading_loop] [N/A] ⏱ Skipping SMA_Cross_candle, not yet time (every 5m)
2025-04-15 21:17:00 - DEBUG - [trading_loop] [N/A] ⏱ Skipping VWAP_diff_signal_rsi_1700, not yet time (every 5m)
2025-04-15 21:17:00 - DEBUG - [trading_loop] [N/A] ⏱ Skipping EMA_Cross_ema50, not yet time (every 5m)
2025-04-15 21:17:00 - DEBUG - [trading_loop] [N/A] ⏱ Skipping SMA_Cross_sma50, not yet time (every 5m)
2025-04-15 21:17:00 - INFO - [trading_loop] [N/A] 📊 Updating SL/TP for active orders
2025-04-15 21:17:01 - INFO - [_wait_until_next_iteration] [N/A] ⏳ Sleeping for 58.93 seconds before the next cycle
2025-04-15 21:18:00 - DEBUG - [trading_loop] [N/A] ⏱ Skipping EMA_Cross_candle, not yet time (every 5m)
2025-04-15 21:18:00 - DEBUG - [trading_loop] [N/A] ⏱ Skipping VWAP_diff_signal_1700, not yet time (every 5m)
2025-04-15 21:18:00 - DEBUG - [trading_loop] [N/A] ⏱ Skipping SMA_Cross_candle, not yet time (every 5m)
2025-04-15 21:18:00 - DEBUG - [trading_loop] [N/A] ⏱ Skipping VWAP_diff_signal_rsi_1700, not yet time (every 5m)
2025-04-15 21:18:00 - DEBUG - [trading_loop] [N/A] ⏱ Skipping EMA_Cross_ema50, not yet time (every 5m)
2025-04-15 21:18:00 - DEBUG - [trading_loop] [N/A] ⏱ Skipping SMA_Cross_sma50, not yet time (every 5m)
2025-04-15 21:18:00 - INFO - [trading_loop] [N/A] 📊 Updating SL/TP for active orders
2025-04-15 21:18:01 - INFO - [_wait_until_next_iteration] [N/A] ⏳ Sleeping for 58.93 seconds before the next cycle
2025-04-15 21:19:00 - DEBUG - [trading_loop] [N/A] ⏱ Skipping EMA_Cross_candle, not yet time (every 5m)
2025-04-15 21:19:00 - DEBUG - [trading_loop] [N/A] ⏱ Skipping VWAP_diff_signal_1700, not yet time (every 5m)
2025-04-15 21:19:00 - DEBUG - [trading_loop] [N/A] ⏱ Skipping SMA_Cross_candle, not yet time (every 5m)
2025-04-15 21:19:00 - DEBUG - [trading_loop] [N/A] ⏱ Skipping VWAP_diff_signal_rsi_1700, not yet time (every 5m)
2025-04-15 21:19:00 - DEBUG - [trading_loop] [N/A] ⏱ Skipping EMA_Cross_ema50, not yet time (every 5m)
2025-04-15 21:19:00 - DEBUG - [trading_loop] [N/A] ⏱ Skipping SMA_Cross_sma50, not yet time (every 5m)
2025-04-15 21:19:00 - INFO - [trading_loop] [N/A] 📊 Updating SL/TP for active orders
2025-04-15 21:19:01 - INFO - [_wait_until_next_iteration] [N/A] ⏳ Sleeping for 58.93 seconds before the next cycle
2025-04-15 21:20:00 - INFO - [_run_strategy_if_applicable] [N/A] ⏰ Strategy 'EMA_Cross_candle' not executed because it's outside the time window: 16:35:00 - 16:50:00
2025-04-15 21:20:00 - INFO - [_run_strategy_if_applicable] [N/A] ⏰ Strategy 'VWAP_diff_signal_1700' not executed because it's outside the time window: 17:30:00 - 19:00:00
2025-04-15 21:20:00 - INFO - [_run_strategy_if_applicable] [N/A] ⏰ Strategy 'SMA_Cross_candle' not executed because it's outside the time window: 16:35:00 - 16:50:00
2025-04-15 21:20:00 - INFO - [_run_strategy_if_applicable] [N/A] ⏰ Strategy 'VWAP_diff_signal_rsi_1700' not executed because it's outside the time window: 17:30:00 - 19:00:00
2025-04-15 21:20:00 - INFO - [_run_strategy_if_applicable] [N/A] ⏰ Strategy 'EMA_Cross_ema50' not executed because it's outside the time window: 16:35:00 - 16:50:00
2025-04-15 21:20:00 - INFO - [_run_strategy_if_applicable] [N/A] ⏰ Strategy 'SMA_Cross_sma50' not executed because it's outside the time window: 16:35:00 - 16:50:00
2025-04-15 21:20:00 - INFO - [trading_loop] [N/A] 📊 Updating SL/TP for active orders
2025-04-15 21:20:01 - INFO - [_wait_until_next_iteration] [N/A] ⏳ Sleeping for 58.93 seconds before the next cycle
2025-04-15 21:21:00 - DEBUG - [trading_loop] [N/A] ⏱ Skipping EMA_Cross_candle, not yet time (every 5m)
2025-04-15 21:21:00 - DEBUG - [trading_loop] [N/A] ⏱ Skipping VWAP_diff_signal_1700, not yet time (every 5m)
2025-04-15 21:21:00 - DEBUG - [trading_loop] [N/A] ⏱ Skipping SMA_Cross_candle, not yet time (every 5m)
2025-04-15 21:21:00 - DEBUG - [trading_loop] [N/A] ⏱ Skipping VWAP_diff_signal_rsi_1700, not yet time (every 5m)
2025-04-15 21:21:00 - DEBUG - [trading_loop] [N/A] ⏱ Skipping EMA_Cross_ema50, not yet time (every 5m)
2025-04-15 21:21:00 - DEBUG - [trading_loop] [N/A] ⏱ Skipping SMA_Cross_sma50, not yet time (every 5m)
2025-04-15 21:21:00 - INFO - [trading_loop] [N/A] 📊 Updating SL/TP for active orders
2025-04-15 21:21:01 - INFO - [_wait_until_next_iteration] [N/A] ⏳ Sleeping for 58.93 seconds before the next cycle
2025-04-15 21:22:00 - DEBUG - [trading_loop] [N/A] ⏱ Skipping EMA_Cross_candle, not yet time (every 5m)
2025-04-15 21:22:00 - DEBUG - [trading_loop] [N/A] ⏱ Skipping VWAP_diff_signal_1700, not yet time (every 5m)
2025-04-15 21:22:00 - DEBUG - [trading_loop] [N/A] ⏱ Skipping SMA_Cross_candle, not yet time (every 5m)
2025-04-15 21:22:00 - DEBUG - [trading_loop] [N/A] ⏱ Skipping VWAP_diff_signal_rsi_1700, not yet time (every 5m)
2025-04-15 21:22:00 - DEBUG - [trading_loop] [N/A] ⏱ Skipping EMA_Cross_ema50, not yet time (every 5m)
2025-04-15 21:22:00 - DEBUG - [trading_loop] [N/A] ⏱ Skipping SMA_Cross_sma50, not yet time (every 5m)
2025-04-15 21:22:00 - INFO - [trading_loop] [N/A] 📊 Updating SL/TP for active orders
2025-04-15 21:22:01 - INFO - [_wait_until_next_iteration] [N/A] ⏳ Sleeping for 58.93 seconds before the next cycle
2025-04-15 21:23:00 - DEBUG - [trading_loop] [N/A] ⏱ Skipping EMA_Cross_candle, not yet time (every 5m)
2025-04-15 21:23:00 - DEBUG - [trading_loop] [N/A] ⏱ Skipping VWAP_diff_signal_1700, not yet time (every 5m)
2025-04-15 21:23:00 - DEBUG - [trading_loop] [N/A] ⏱ Skipping SMA_Cross_candle, not yet time (every 5m)
2025-04-15 21:23:00 - DEBUG - [trading_loop] [N/A] ⏱ Skipping VWAP_diff_signal_rsi_1700, not yet time (every 5m)
2025-04-15 21:23:00 - DEBUG - [trading_loop] [N/A] ⏱ Skipping EMA_Cross_ema50, not yet time (every 5m)
2025-04-15 21:23:00 - DEBUG - [trading_loop] [N/A] ⏱ Skipping SMA_Cross_sma50, not yet time (every 5m)
2025-04-15 21:23:00 - INFO - [trading_loop] [N/A] 📊 Updating SL/TP for active orders
2025-04-15 21:23:01 - INFO - [_wait_until_next_iteration] [N/A] ⏳ Sleeping for 58.93 seconds before the next cycle
2025-04-15 21:24:00 - DEBUG - [trading_loop] [N/A] ⏱ Skipping EMA_Cross_candle, not yet time (every 5m)
2025-04-15 21:24:00 - DEBUG - [trading_loop] [N/A] ⏱ Skipping VWAP_diff_signal_1700, not yet time (every 5m)
2025-04-15 21:24:00 - DEBUG - [trading_loop] [N/A] ⏱ Skipping SMA_Cross_candle, not yet time (every 5m)
2025-04-15 21:24:00 - DEBUG - [trading_loop] [N/A] ⏱ Skipping VWAP_diff_signal_rsi_1700, not yet time (every 5m)
2025-04-15 21:24:00 - DEBUG - [trading_loop] [N/A] ⏱ Skipping EMA_Cross_ema50, not yet time (every 5m)
2025-04-15 21:24:00 - DEBUG - [trading_loop] [N/A] ⏱ Skipping SMA_Cross_sma50, not yet time (every 5m)
2025-04-15 21:24:00 - INFO - [trading_loop] [N/A] 📊 Updating SL/TP for active orders
2025-04-15 21:24:01 - INFO - [_wait_until_next_iteration] [N/A] ⏳ Sleeping for 58.93 seconds before the next cycle
2025-04-15 21:25:00 - INFO - [_run_strategy_if_applicable] [N/A] ⏰ Strategy 'EMA_Cross_candle' not executed because it's outside the time window: 16:35:00 - 16:50:00
2025-04-15 21:25:00 - INFO - [_run_strategy_if_applicable] [N/A] ⏰ Strategy 'VWAP_diff_signal_1700' not executed because it's outside the time window: 17:30:00 - 19:00:00
2025-04-15 21:25:00 - INFO - [_run_strategy_if_applicable] [N/A] ⏰ Strategy 'SMA_Cross_candle' not executed because it's outside the time window: 16:35:00 - 16:50:00
2025-04-15 21:25:00 - INFO - [_run_strategy_if_applicable] [N/A] ⏰ Strategy 'VWAP_diff_signal_rsi_1700' not executed because it's outside the time window: 17:30:00 - 19:00:00
2025-04-15 21:25:00 - INFO - [_run_strategy_if_applicable] [N/A] ⏰ Strategy 'EMA_Cross_ema50' not executed because it's outside the time window: 16:35:00 - 16:50:00
2025-04-15 21:25:00 - INFO - [_run_strategy_if_applicable] [N/A] ⏰ Strategy 'SMA_Cross_sma50' not executed because it's outside the time window: 16:35:00 - 16:50:00
2025-04-15 21:25:00 - INFO - [trading_loop] [N/A] 📊 Updating SL/TP for active orders
2025-04-15 21:25:01 - INFO - [_wait_until_next_iteration] [N/A] ⏳ Sleeping for 58.92 seconds before the next cycle
2025-04-15 21:26:00 - DEBUG - [trading_loop] [N/A] ⏱ Skipping EMA_Cross_candle, not yet time (every 5m)
2025-04-15 21:26:00 - DEBUG - [trading_loop] [N/A] ⏱ Skipping VWAP_diff_signal_1700, not yet time (every 5m)
2025-04-15 21:26:00 - DEBUG - [trading_loop] [N/A] ⏱ Skipping SMA_Cross_candle, not yet time (every 5m)
2025-04-15 21:26:00 - DEBUG - [trading_loop] [N/A] ⏱ Skipping VWAP_diff_signal_rsi_1700, not yet time (every 5m)
2025-04-15 21:26:00 - DEBUG - [trading_loop] [N/A] ⏱ Skipping EMA_Cross_ema50, not yet time (every 5m)
2025-04-15 21:26:00 - DEBUG - [trading_loop] [N/A] ⏱ Skipping SMA_Cross_sma50, not yet time (every 5m)
2025-04-15 21:26:00 - INFO - [trading_loop] [N/A] 📊 Updating SL/TP for active orders
2025-04-15 21:26:01 - INFO - [_wait_until_next_iteration] [N/A] ⏳ Sleeping for 58.93 seconds before the next cycle
2025-04-15 21:27:00 - DEBUG - [trading_loop] [N/A] ⏱ Skipping EMA_Cross_candle, not yet time (every 5m)
2025-04-15 21:27:00 - DEBUG - [trading_loop] [N/A] ⏱ Skipping VWAP_diff_signal_1700, not yet time (every 5m)
2025-04-15 21:27:00 - DEBUG - [trading_loop] [N/A] ⏱ Skipping SMA_Cross_candle, not yet time (every 5m)
2025-04-15 21:27:00 - DEBUG - [trading_loop] [N/A] ⏱ Skipping VWAP_diff_signal_rsi_1700, not yet time (every 5m)
2025-04-15 21:27:00 - DEBUG - [trading_loop] [N/A] ⏱ Skipping EMA_Cross_ema50, not yet time (every 5m)
2025-04-15 21:27:00 - DEBUG - [trading_loop] [N/A] ⏱ Skipping SMA_Cross_sma50, not yet time (every 5m)
2025-04-15 21:27:00 - INFO - [trading_loop] [N/A] 📊 Updating SL/TP for active orders
2025-04-15 21:27:01 - INFO - [_wait_until_next_iteration] [N/A] ⏳ Sleeping for 58.93 seconds before the next cycle
2025-04-15 21:28:00 - DEBUG - [trading_loop] [N/A] ⏱ Skipping EMA_Cross_candle, not yet time (every 5m)
2025-04-15 21:28:00 - DEBUG - [trading_loop] [N/A] ⏱ Skipping VWAP_diff_signal_1700, not yet time (every 5m)
2025-04-15 21:28:00 - DEBUG - [trading_loop] [N/A] ⏱ Skipping SMA_Cross_candle, not yet time (every 5m)
2025-04-15 21:28:00 - DEBUG - [trading_loop] [N/A] ⏱ Skipping VWAP_diff_signal_rsi_1700, not yet time (every 5m)
2025-04-15 21:28:00 - DEBUG - [trading_loop] [N/A] ⏱ Skipping EMA_Cross_ema50, not yet time (every 5m)
2025-04-15 21:28:00 - DEBUG - [trading_loop] [N/A] ⏱ Skipping SMA_Cross_sma50, not yet time (every 5m)
2025-04-15 21:28:00 - INFO - [trading_loop] [N/A] 📊 Updating SL/TP for active orders
2025-04-15 21:28:01 - INFO - [_wait_until_next_iteration] [N/A] ⏳ Sleeping for 58.93 seconds before the next cycle
2025-04-15 21:29:00 - DEBUG - [trading_loop] [N/A] ⏱ Skipping EMA_Cross_candle, not yet time (every 5m)
2025-04-15 21:29:00 - DEBUG - [trading_loop] [N/A] ⏱ Skipping VWAP_diff_signal_1700, not yet time (every 5m)
2025-04-15 21:29:00 - DEBUG - [trading_loop] [N/A] ⏱ Skipping SMA_Cross_candle, not yet time (every 5m)
2025-04-15 21:29:00 - DEBUG - [trading_loop] [N/A] ⏱ Skipping VWAP_diff_signal_rsi_1700, not yet time (every 5m)
2025-04-15 21:29:00 - DEBUG - [trading_loop] [N/A] ⏱ Skipping EMA_Cross_ema50, not yet time (every 5m)
2025-04-15 21:29:00 - DEBUG - [trading_loop] [N/A] ⏱ Skipping SMA_Cross_sma50, not yet time (every 5m)
2025-04-15 21:29:00 - INFO - [trading_loop] [N/A] 📊 Updating SL/TP for active orders
2025-04-15 21:29:01 - INFO - [_wait_until_next_iteration] [N/A] ⏳ Sleeping for 58.93 seconds before the next cycle
2025-04-15 21:30:00 - INFO - [_run_strategy_if_applicable] [N/A] ⏰ Strategy 'EMA_Cross_candle' not executed because it's outside the time window: 16:35:00 - 16:50:00
2025-04-15 21:30:00 - INFO - [_run_strategy_if_applicable] [N/A] ⏰ Strategy 'VWAP_diff_signal_1700' not executed because it's outside the time window: 17:30:00 - 19:00:00
2025-04-15 21:30:00 - INFO - [_run_strategy_if_applicable] [N/A] ⏰ Strategy 'SMA_Cross_candle' not executed because it's outside the time window: 16:35:00 - 16:50:00
2025-04-15 21:30:00 - INFO - [_run_strategy_if_applicable] [N/A] ⏰ Strategy 'VWAP_diff_signal_rsi_1700' not executed because it's outside the time window: 17:30:00 - 19:00:00
2025-04-15 21:30:00 - INFO - [_run_strategy_if_applicable] [N/A] ⏰ Strategy 'EMA_Cross_ema50' not executed because it's outside the time window: 16:35:00 - 16:50:00
2025-04-15 21:30:00 - INFO - [_run_strategy_if_applicable] [N/A] ⏰ Strategy 'SMA_Cross_sma50' not executed because it's outside the time window: 16:35:00 - 16:50:00
2025-04-15 21:30:00 - INFO - [trading_loop] [N/A] 📊 Updating SL/TP for active orders
2025-04-15 21:30:01 - INFO - [_wait_until_next_iteration] [N/A] ⏳ Sleeping for 58.93 seconds before the next cycle
2025-04-15 21:31:00 - DEBUG - [trading_loop] [N/A] ⏱ Skipping EMA_Cross_candle, not yet time (every 5m)
2025-04-15 21:31:00 - DEBUG - [trading_loop] [N/A] ⏱ Skipping VWAP_diff_signal_1700, not yet time (every 5m)
2025-04-15 21:31:00 - DEBUG - [trading_loop] [N/A] ⏱ Skipping SMA_Cross_candle, not yet time (every 5m)
2025-04-15 21:31:00 - DEBUG - [trading_loop] [N/A] ⏱ Skipping VWAP_diff_signal_rsi_1700, not yet time (every 5m)
2025-04-15 21:31:00 - DEBUG - [trading_loop] [N/A] ⏱ Skipping EMA_Cross_ema50, not yet time (every 5m)
2025-04-15 21:31:00 - DEBUG - [trading_loop] [N/A] ⏱ Skipping SMA_Cross_sma50, not yet time (every 5m)
2025-04-15 21:31:00 - INFO - [trading_loop] [N/A] 📊 Updating SL/TP for active orders
2025-04-15 21:31:01 - INFO - [_wait_until_next_iteration] [N/A] ⏳ Sleeping for 58.93 seconds before the next cycle
2025-04-15 21:32:00 - DEBUG - [trading_loop] [N/A] ⏱ Skipping EMA_Cross_candle, not yet time (every 5m)
2025-04-15 21:32:00 - DEBUG - [trading_loop] [N/A] ⏱ Skipping VWAP_diff_signal_1700, not yet time (every 5m)
2025-04-15 21:32:00 - DEBUG - [trading_loop] [N/A] ⏱ Skipping SMA_Cross_candle, not yet time (every 5m)
2025-04-15 21:32:00 - DEBUG - [trading_loop] [N/A] ⏱ Skipping VWAP_diff_signal_rsi_1700, not yet time (every 5m)
2025-04-15 21:32:00 - DEBUG - [trading_loop] [N/A] ⏱ Skipping EMA_Cross_ema50, not yet time (every 5m)
2025-04-15 21:32:00 - DEBUG - [trading_loop] [N/A] ⏱ Skipping SMA_Cross_sma50, not yet time (every 5m)
2025-04-15 21:32:00 - INFO - [trading_loop] [N/A] 📊 Updating SL/TP for active orders
2025-04-15 21:32:01 - INFO - [_wait_until_next_iteration] [N/A] ⏳ Sleeping for 58.93 seconds before the next cycle
2025-04-15 21:33:00 - DEBUG - [trading_loop] [N/A] ⏱ Skipping EMA_Cross_candle, not yet time (every 5m)
2025-04-15 21:33:00 - DEBUG - [trading_loop] [N/A] ⏱ Skipping VWAP_diff_signal_1700, not yet time (every 5m)
2025-04-15 21:33:00 - DEBUG - [trading_loop] [N/A] ⏱ Skipping SMA_Cross_candle, not yet time (every 5m)
2025-04-15 21:33:00 - DEBUG - [trading_loop] [N/A] ⏱ Skipping VWAP_diff_signal_rsi_1700, not yet time (every 5m)
2025-04-15 21:33:00 - DEBUG - [trading_loop] [N/A] ⏱ Skipping EMA_Cross_ema50, not yet time (every 5m)
2025-04-15 21:33:00 - DEBUG - [trading_loop] [N/A] ⏱ Skipping SMA_Cross_sma50, not yet time (every 5m)
2025-04-15 21:33:00 - INFO - [trading_loop] [N/A] 📊 Updating SL/TP for active orders
2025-04-15 21:33:01 - INFO - [_wait_until_next_iteration] [N/A] ⏳ Sleeping for 58.93 seconds before the next cycle
2025-04-15 21:34:00 - DEBUG - [trading_loop] [N/A] ⏱ Skipping EMA_Cross_candle, not yet time (every 5m)
2025-04-15 21:34:00 - DEBUG - [trading_loop] [N/A] ⏱ Skipping VWAP_diff_signal_1700, not yet time (every 5m)
2025-04-15 21:34:00 - DEBUG - [trading_loop] [N/A] ⏱ Skipping SMA_Cross_candle, not yet time (every 5m)
2025-04-15 21:34:00 - DEBUG - [trading_loop] [N/A] ⏱ Skipping VWAP_diff_signal_rsi_1700, not yet time (every 5m)
2025-04-15 21:34:00 - DEBUG - [trading_loop] [N/A] ⏱ Skipping EMA_Cross_ema50, not yet time (every 5m)
2025-04-15 21:34:00 - DEBUG - [trading_loop] [N/A] ⏱ Skipping SMA_Cross_sma50, not yet time (every 5m)
2025-04-15 21:34:00 - INFO - [trading_loop] [N/A] 📊 Updating SL/TP for active orders
2025-04-15 21:34:01 - INFO - [_wait_until_next_iteration] [N/A] ⏳ Sleeping for 58.94 seconds before the next cycle
2025-04-15 21:35:00 - INFO - [_run_strategy_if_applicable] [N/A] ⏰ Strategy 'EMA_Cross_candle' not executed because it's outside the time window: 16:35:00 - 16:50:00
2025-04-15 21:35:00 - INFO - [_run_strategy_if_applicable] [N/A] ⏰ Strategy 'VWAP_diff_signal_1700' not executed because it's outside the time window: 17:30:00 - 19:00:00
2025-04-15 21:35:00 - INFO - [_run_strategy_if_applicable] [N/A] ⏰ Strategy 'SMA_Cross_candle' not executed because it's outside the time window: 16:35:00 - 16:50:00
2025-04-15 21:35:00 - INFO - [_run_strategy_if_applicable] [N/A] ⏰ Strategy 'VWAP_diff_signal_rsi_1700' not executed because it's outside the time window: 17:30:00 - 19:00:00
2025-04-15 21:35:00 - INFO - [_run_strategy_if_applicable] [N/A] ⏰ Strategy 'EMA_Cross_ema50' not executed because it's outside the time window: 16:35:00 - 16:50:00
2025-04-15 21:35:00 - INFO - [_run_strategy_if_applicable] [N/A] ⏰ Strategy 'SMA_Cross_sma50' not executed because it's outside the time window: 16:35:00 - 16:50:00
2025-04-15 21:35:00 - INFO - [trading_loop] [N/A] 📊 Updating SL/TP for active orders
2025-04-15 21:35:01 - INFO - [_wait_until_next_iteration] [N/A] ⏳ Sleeping for 58.92 seconds before the next cycle
2025-04-15 21:36:00 - DEBUG - [trading_loop] [N/A] ⏱ Skipping EMA_Cross_candle, not yet time (every 5m)
2025-04-15 21:36:00 - DEBUG - [trading_loop] [N/A] ⏱ Skipping VWAP_diff_signal_1700, not yet time (every 5m)
2025-04-15 21:36:00 - DEBUG - [trading_loop] [N/A] ⏱ Skipping SMA_Cross_candle, not yet time (every 5m)
2025-04-15 21:36:00 - DEBUG - [trading_loop] [N/A] ⏱ Skipping VWAP_diff_signal_rsi_1700, not yet time (every 5m)
2025-04-15 21:36:00 - DEBUG - [trading_loop] [N/A] ⏱ Skipping EMA_Cross_ema50, not yet time (every 5m)
2025-04-15 21:36:00 - DEBUG - [trading_loop] [N/A] ⏱ Skipping SMA_Cross_sma50, not yet time (every 5m)
2025-04-15 21:36:00 - INFO - [trading_loop] [N/A] 📊 Updating SL/TP for active orders
2025-04-15 21:36:01 - INFO - [_wait_until_next_iteration] [N/A] ⏳ Sleeping for 58.93 seconds before the next cycle
2025-04-15 21:37:00 - DEBUG - [trading_loop] [N/A] ⏱ Skipping EMA_Cross_candle, not yet time (every 5m)
2025-04-15 21:37:00 - DEBUG - [trading_loop] [N/A] ⏱ Skipping VWAP_diff_signal_1700, not yet time (every 5m)
2025-04-15 21:37:00 - DEBUG - [trading_loop] [N/A] ⏱ Skipping SMA_Cross_candle, not yet time (every 5m)
2025-04-15 21:37:00 - DEBUG - [trading_loop] [N/A] ⏱ Skipping VWAP_diff_signal_rsi_1700, not yet time (every 5m)
2025-04-15 21:37:00 - DEBUG - [trading_loop] [N/A] ⏱ Skipping EMA_Cross_ema50, not yet time (every 5m)
2025-04-15 21:37:00 - DEBUG - [trading_loop] [N/A] ⏱ Skipping SMA_Cross_sma50, not yet time (every 5m)
2025-04-15 21:37:00 - INFO - [trading_loop] [N/A] 📊 Updating SL/TP for active orders
2025-04-15 21:37:01 - INFO - [_wait_until_next_iteration] [N/A] ⏳ Sleeping for 58.94 seconds before the next cycle
2025-04-15 21:38:00 - DEBUG - [trading_loop] [N/A] ⏱ Skipping EMA_Cross_candle, not yet time (every 5m)
2025-04-15 21:38:00 - DEBUG - [trading_loop] [N/A] ⏱ Skipping VWAP_diff_signal_1700, not yet time (every 5m)
2025-04-15 21:38:00 - DEBUG - [trading_loop] [N/A] ⏱ Skipping SMA_Cross_candle, not yet time (every 5m)
2025-04-15 21:38:00 - DEBUG - [trading_loop] [N/A] ⏱ Skipping VWAP_diff_signal_rsi_1700, not yet time (every 5m)
2025-04-15 21:38:00 - DEBUG - [trading_loop] [N/A] ⏱ Skipping EMA_Cross_ema50, not yet time (every 5m)
2025-04-15 21:38:00 - DEBUG - [trading_loop] [N/A] ⏱ Skipping SMA_Cross_sma50, not yet time (every 5m)
2025-04-15 21:38:00 - INFO - [trading_loop] [N/A] 📊 Updating SL/TP for active orders
2025-04-15 21:38:01 - INFO - [_wait_until_next_iteration] [N/A] ⏳ Sleeping for 58.93 seconds before the next cycle
2025-04-15 21:39:00 - DEBUG - [trading_loop] [N/A] ⏱ Skipping EMA_Cross_candle, not yet time (every 5m)
2025-04-15 21:39:00 - DEBUG - [trading_loop] [N/A] ⏱ Skipping VWAP_diff_signal_1700, not yet time (every 5m)
2025-04-15 21:39:00 - DEBUG - [trading_loop] [N/A] ⏱ Skipping SMA_Cross_candle, not yet time (every 5m)
2025-04-15 21:39:00 - DEBUG - [trading_loop] [N/A] ⏱ Skipping VWAP_diff_signal_rsi_1700, not yet time (every 5m)
2025-04-15 21:39:00 - DEBUG - [trading_loop] [N/A] ⏱ Skipping EMA_Cross_ema50, not yet time (every 5m)
2025-04-15 21:39:00 - DEBUG - [trading_loop] [N/A] ⏱ Skipping SMA_Cross_sma50, not yet time (every 5m)
2025-04-15 21:39:00 - INFO - [trading_loop] [N/A] 📊 Updating SL/TP for active orders
2025-04-15 21:39:01 - INFO - [_wait_until_next_iteration] [N/A] ⏳ Sleeping for 58.93 seconds before the next cycle
2025-04-15 21:40:00 - INFO - [_run_strategy_if_applicable] [N/A] ⏰ Strategy 'EMA_Cross_candle' not executed because it's outside the time window: 16:35:00 - 16:50:00
2025-04-15 21:40:00 - INFO - [_run_strategy_if_applicable] [N/A] ⏰ Strategy 'VWAP_diff_signal_1700' not executed because it's outside the time window: 17:30:00 - 19:00:00
2025-04-15 21:40:00 - INFO - [_run_strategy_if_applicable] [N/A] ⏰ Strategy 'SMA_Cross_candle' not executed because it's outside the time window: 16:35:00 - 16:50:00
2025-04-15 21:40:00 - INFO - [_run_strategy_if_applicable] [N/A] ⏰ Strategy 'VWAP_diff_signal_rsi_1700' not executed because it's outside the time window: 17:30:00 - 19:00:00
2025-04-15 21:40:00 - INFO - [_run_strategy_if_applicable] [N/A] ⏰ Strategy 'EMA_Cross_ema50' not executed because it's outside the time window: 16:35:00 - 16:50:00
2025-04-15 21:40:00 - INFO - [_run_strategy_if_applicable] [N/A] ⏰ Strategy 'SMA_Cross_sma50' not executed because it's outside the time window: 16:35:00 - 16:50:00
2025-04-15 21:40:00 - INFO - [trading_loop] [N/A] 📊 Updating SL/TP for active orders
2025-04-15 21:40:01 - INFO - [_wait_until_next_iteration] [N/A] ⏳ Sleeping for 58.93 seconds before the next cycle
2025-04-15 21:41:00 - DEBUG - [trading_loop] [N/A] ⏱ Skipping EMA_Cross_candle, not yet time (every 5m)
2025-04-15 21:41:00 - DEBUG - [trading_loop] [N/A] ⏱ Skipping VWAP_diff_signal_1700, not yet time (every 5m)
2025-04-15 21:41:00 - DEBUG - [trading_loop] [N/A] ⏱ Skipping SMA_Cross_candle, not yet time (every 5m)
2025-04-15 21:41:00 - DEBUG - [trading_loop] [N/A] ⏱ Skipping VWAP_diff_signal_rsi_1700, not yet time (every 5m)
2025-04-15 21:41:00 - DEBUG - [trading_loop] [N/A] ⏱ Skipping EMA_Cross_ema50, not yet time (every 5m)
2025-04-15 21:41:00 - DEBUG - [trading_loop] [N/A] ⏱ Skipping SMA_Cross_sma50, not yet time (every 5m)
2025-04-15 21:41:00 - INFO - [trading_loop] [N/A] 📊 Updating SL/TP for active orders
2025-04-15 21:41:01 - INFO - [_wait_until_next_iteration] [N/A] ⏳ Sleeping for 58.93 seconds before the next cycle
2025-04-15 21:42:00 - DEBUG - [trading_loop] [N/A] ⏱ Skipping EMA_Cross_candle, not yet time (every 5m)
2025-04-15 21:42:00 - DEBUG - [trading_loop] [N/A] ⏱ Skipping VWAP_diff_signal_1700, not yet time (every 5m)
2025-04-15 21:42:00 - DEBUG - [trading_loop] [N/A] ⏱ Skipping SMA_Cross_candle, not yet time (every 5m)
2025-04-15 21:42:00 - DEBUG - [trading_loop] [N/A] ⏱ Skipping VWAP_diff_signal_rsi_1700, not yet time (every 5m)
2025-04-15 21:42:00 - DEBUG - [trading_loop] [N/A] ⏱ Skipping EMA_Cross_ema50, not yet time (every 5m)
2025-04-15 21:42:00 - DEBUG - [trading_loop] [N/A] ⏱ Skipping SMA_Cross_sma50, not yet time (every 5m)
2025-04-15 21:42:00 - INFO - [trading_loop] [N/A] 📊 Updating SL/TP for active orders
2025-04-15 21:42:01 - INFO - [_wait_until_next_iteration] [N/A] ⏳ Sleeping for 58.93 seconds before the next cycle
2025-04-15 21:43:00 - DEBUG - [trading_loop] [N/A] ⏱ Skipping EMA_Cross_candle, not yet time (every 5m)
2025-04-15 21:43:00 - DEBUG - [trading_loop] [N/A] ⏱ Skipping VWAP_diff_signal_1700, not yet time (every 5m)
2025-04-15 21:43:00 - DEBUG - [trading_loop] [N/A] ⏱ Skipping SMA_Cross_candle, not yet time (every 5m)
2025-04-15 21:43:00 - DEBUG - [trading_loop] [N/A] ⏱ Skipping VWAP_diff_signal_rsi_1700, not yet time (every 5m)
2025-04-15 21:43:00 - DEBUG - [trading_loop] [N/A] ⏱ Skipping EMA_Cross_ema50, not yet time (every 5m)
2025-04-15 21:43:00 - DEBUG - [trading_loop] [N/A] ⏱ Skipping SMA_Cross_sma50, not yet time (every 5m)
2025-04-15 21:43:00 - INFO - [trading_loop] [N/A] 📊 Updating SL/TP for active orders
2025-04-15 21:43:01 - INFO - [_wait_until_next_iteration] [N/A] ⏳ Sleeping for 58.94 seconds before the next cycle
2025-04-15 21:44:00 - DEBUG - [trading_loop] [N/A] ⏱ Skipping EMA_Cross_candle, not yet time (every 5m)
2025-04-15 21:44:00 - DEBUG - [trading_loop] [N/A] ⏱ Skipping VWAP_diff_signal_1700, not yet time (every 5m)
2025-04-15 21:44:00 - DEBUG - [trading_loop] [N/A] ⏱ Skipping SMA_Cross_candle, not yet time (every 5m)
2025-04-15 21:44:00 - DEBUG - [trading_loop] [N/A] ⏱ Skipping VWAP_diff_signal_rsi_1700, not yet time (every 5m)
2025-04-15 21:44:00 - DEBUG - [trading_loop] [N/A] ⏱ Skipping EMA_Cross_ema50, not yet time (every 5m)
2025-04-15 21:44:00 - DEBUG - [trading_loop] [N/A] ⏱ Skipping SMA_Cross_sma50, not yet time (every 5m)
2025-04-15 21:44:00 - INFO - [trading_loop] [N/A] 📊 Updating SL/TP for active orders
2025-04-15 21:44:01 - INFO - [_wait_until_next_iteration] [N/A] ⏳ Sleeping for 58.93 seconds before the next cycle
2025-04-15 21:45:00 - INFO - [_run_strategy_if_applicable] [N/A] ⏰ Strategy 'EMA_Cross_candle' not executed because it's outside the time window: 16:35:00 - 16:50:00
2025-04-15 21:45:00 - INFO - [_run_strategy_if_applicable] [N/A] ⏰ Strategy 'VWAP_diff_signal_1700' not executed because it's outside the time window: 17:30:00 - 19:00:00
2025-04-15 21:45:00 - INFO - [_run_strategy_if_applicable] [N/A] ⏰ Strategy 'SMA_Cross_candle' not executed because it's outside the time window: 16:35:00 - 16:50:00
2025-04-15 21:45:00 - INFO - [_run_strategy_if_applicable] [N/A] ⏰ Strategy 'VWAP_diff_signal_rsi_1700' not executed because it's outside the time window: 17:30:00 - 19:00:00
2025-04-15 21:45:00 - INFO - [_run_strategy_if_applicable] [N/A] ⏰ Strategy 'EMA_Cross_ema50' not executed because it's outside the time window: 16:35:00 - 16:50:00
2025-04-15 21:45:00 - INFO - [_run_strategy_if_applicable] [N/A] ⏰ Strategy 'SMA_Cross_sma50' not executed because it's outside the time window: 16:35:00 - 16:50:00
2025-04-15 21:45:00 - INFO - [trading_loop] [N/A] 📊 Updating SL/TP for active orders
2025-04-15 21:45:01 - INFO - [_wait_until_next_iteration] [N/A] ⏳ Sleeping for 58.93 seconds before the next cycle
2025-04-15 21:46:00 - DEBUG - [trading_loop] [N/A] ⏱ Skipping EMA_Cross_candle, not yet time (every 5m)
2025-04-15 21:46:00 - DEBUG - [trading_loop] [N/A] ⏱ Skipping VWAP_diff_signal_1700, not yet time (every 5m)
2025-04-15 21:46:00 - DEBUG - [trading_loop] [N/A] ⏱ Skipping SMA_Cross_candle, not yet time (every 5m)
2025-04-15 21:46:00 - DEBUG - [trading_loop] [N/A] ⏱ Skipping VWAP_diff_signal_rsi_1700, not yet time (every 5m)
2025-04-15 21:46:00 - DEBUG - [trading_loop] [N/A] ⏱ Skipping EMA_Cross_ema50, not yet time (every 5m)
2025-04-15 21:46:00 - DEBUG - [trading_loop] [N/A] ⏱ Skipping SMA_Cross_sma50, not yet time (every 5m)
2025-04-15 21:46:00 - INFO - [trading_loop] [N/A] 📊 Updating SL/TP for active orders
2025-04-15 21:46:01 - INFO - [_wait_until_next_iteration] [N/A] ⏳ Sleeping for 58.94 seconds before the next cycle
2025-04-15 21:47:00 - DEBUG - [trading_loop] [N/A] ⏱ Skipping EMA_Cross_candle, not yet time (every 5m)
2025-04-15 21:47:00 - DEBUG - [trading_loop] [N/A] ⏱ Skipping VWAP_diff_signal_1700, not yet time (every 5m)
2025-04-15 21:47:00 - DEBUG - [trading_loop] [N/A] ⏱ Skipping SMA_Cross_candle, not yet time (every 5m)
2025-04-15 21:47:00 - DEBUG - [trading_loop] [N/A] ⏱ Skipping VWAP_diff_signal_rsi_1700, not yet time (every 5m)
2025-04-15 21:47:00 - DEBUG - [trading_loop] [N/A] ⏱ Skipping EMA_Cross_ema50, not yet time (every 5m)
2025-04-15 21:47:00 - DEBUG - [trading_loop] [N/A] ⏱ Skipping SMA_Cross_sma50, not yet time (every 5m)
2025-04-15 21:47:00 - INFO - [trading_loop] [N/A] 📊 Updating SL/TP for active orders
2025-04-15 21:47:01 - INFO - [_wait_until_next_iteration] [N/A] ⏳ Sleeping for 58.93 seconds before the next cycle
2025-04-15 21:48:00 - DEBUG - [trading_loop] [N/A] ⏱ Skipping EMA_Cross_candle, not yet time (every 5m)
2025-04-15 21:48:00 - DEBUG - [trading_loop] [N/A] ⏱ Skipping VWAP_diff_signal_1700, not yet time (every 5m)
2025-04-15 21:48:00 - DEBUG - [trading_loop] [N/A] ⏱ Skipping SMA_Cross_candle, not yet time (every 5m)
2025-04-15 21:48:00 - DEBUG - [trading_loop] [N/A] ⏱ Skipping VWAP_diff_signal_rsi_1700, not yet time (every 5m)
2025-04-15 21:48:00 - DEBUG - [trading_loop] [N/A] ⏱ Skipping EMA_Cross_ema50, not yet time (every 5m)
2025-04-15 21:48:00 - DEBUG - [trading_loop] [N/A] ⏱ Skipping SMA_Cross_sma50, not yet time (every 5m)
2025-04-15 21:48:00 - INFO - [trading_loop] [N/A] 📊 Updating SL/TP for active orders
2025-04-15 21:48:01 - INFO - [_wait_until_next_iteration] [N/A] ⏳ Sleeping for 58.94 seconds before the next cycle
2025-04-15 21:49:00 - DEBUG - [trading_loop] [N/A] ⏱ Skipping EMA_Cross_candle, not yet time (every 5m)
2025-04-15 21:49:00 - DEBUG - [trading_loop] [N/A] ⏱ Skipping VWAP_diff_signal_1700, not yet time (every 5m)
2025-04-15 21:49:00 - DEBUG - [trading_loop] [N/A] ⏱ Skipping SMA_Cross_candle, not yet time (every 5m)
2025-04-15 21:49:00 - DEBUG - [trading_loop] [N/A] ⏱ Skipping VWAP_diff_signal_rsi_1700, not yet time (every 5m)
2025-04-15 21:49:00 - DEBUG - [trading_loop] [N/A] ⏱ Skipping EMA_Cross_ema50, not yet time (every 5m)
2025-04-15 21:49:00 - DEBUG - [trading_loop] [N/A] ⏱ Skipping SMA_Cross_sma50, not yet time (every 5m)
2025-04-15 21:49:00 - INFO - [trading_loop] [N/A] 📊 Updating SL/TP for active orders
2025-04-15 21:49:01 - INFO - [_wait_until_next_iteration] [N/A] ⏳ Sleeping for 58.98 seconds before the next cycle
2025-04-15 21:50:00 - INFO - [start_trading] [N/A] 🛑 Closing all positions before end of session
2025-04-15 21:50:00 - WARNING - [close_position] [FITB] ⚠️ No open position found for FITB
2025-04-15 21:50:00 - WARNING - [close_position] [TFC] ⚠️ No open position found for TFC
2025-04-15 21:50:00 - WARNING - [close_position] [WBD] ⚠️ No open position found for WBD
2025-04-15 21:50:00 - WARNING - [close_position] [MRNA] ⚠️ No open position found for MRNA
2025-04-15 21:50:00 - INFO - [_run_strategy_if_applicable] [N/A] ⏰ Strategy 'EMA_Cross_candle' not executed because it's outside the time window: 16:35:00 - 16:50:00
2025-04-15 21:50:00 - INFO - [_run_strategy_if_applicable] [N/A] ⏰ Strategy 'VWAP_diff_signal_1700' not executed because it's outside the time window: 17:30:00 - 19:00:00
2025-04-15 21:50:00 - INFO - [_run_strategy_if_applicable] [N/A] ⏰ Strategy 'SMA_Cross_candle' not executed because it's outside the time window: 16:35:00 - 16:50:00
2025-04-15 21:50:00 - INFO - [_run_strategy_if_applicable] [N/A] ⏰ Strategy 'VWAP_diff_signal_rsi_1700' not executed because it's outside the time window: 17:30:00 - 19:00:00
2025-04-15 21:50:00 - INFO - [_run_strategy_if_applicable] [N/A] ⏰ Strategy 'EMA_Cross_ema50' not executed because it's outside the time window: 16:35:00 - 16:50:00
2025-04-15 21:50:00 - INFO - [_run_strategy_if_applicable] [N/A] ⏰ Strategy 'SMA_Cross_sma50' not executed because it's outside the time window: 16:35:00 - 16:50:00
2025-04-15 21:50:00 - INFO - [trading_loop] [N/A] 📊 Updating SL/TP for active orders
2025-04-15 21:50:01 - INFO - [_wait_until_next_iteration] [N/A] ⏳ Sleeping for 58.15 seconds before the next cycle
2025-04-15 21:51:00 - DEBUG - [trading_loop] [N/A] ⏱ Skipping EMA_Cross_candle, not yet time (every 5m)
2025-04-15 21:51:00 - DEBUG - [trading_loop] [N/A] ⏱ Skipping VWAP_diff_signal_1700, not yet time (every 5m)
2025-04-15 21:51:00 - DEBUG - [trading_loop] [N/A] ⏱ Skipping SMA_Cross_candle, not yet time (every 5m)
2025-04-15 21:51:00 - DEBUG - [trading_loop] [N/A] ⏱ Skipping VWAP_diff_signal_rsi_1700, not yet time (every 5m)
2025-04-15 21:51:00 - DEBUG - [trading_loop] [N/A] ⏱ Skipping EMA_Cross_ema50, not yet time (every 5m)
2025-04-15 21:51:00 - DEBUG - [trading_loop] [N/A] ⏱ Skipping SMA_Cross_sma50, not yet time (every 5m)
2025-04-15 21:51:00 - INFO - [trading_loop] [N/A] 📊 Updating SL/TP for active orders
2025-04-15 21:51:01 - INFO - [_wait_until_next_iteration] [N/A] ⏳ Sleeping for 58.93 seconds before the next cycle
2025-04-15 21:52:00 - DEBUG - [trading_loop] [N/A] ⏱ Skipping EMA_Cross_candle, not yet time (every 5m)
2025-04-15 21:52:00 - DEBUG - [trading_loop] [N/A] ⏱ Skipping VWAP_diff_signal_1700, not yet time (every 5m)
2025-04-15 21:52:00 - DEBUG - [trading_loop] [N/A] ⏱ Skipping SMA_Cross_candle, not yet time (every 5m)
2025-04-15 21:52:00 - DEBUG - [trading_loop] [N/A] ⏱ Skipping VWAP_diff_signal_rsi_1700, not yet time (every 5m)
2025-04-15 21:52:00 - DEBUG - [trading_loop] [N/A] ⏱ Skipping EMA_Cross_ema50, not yet time (every 5m)
2025-04-15 21:52:00 - DEBUG - [trading_loop] [N/A] ⏱ Skipping SMA_Cross_sma50, not yet time (every 5m)
2025-04-15 21:52:00 - INFO - [trading_loop] [N/A] 📊 Updating SL/TP for active orders
2025-04-15 21:52:01 - INFO - [_wait_until_next_iteration] [N/A] ⏳ Sleeping for 58.93 seconds before the next cycle
2025-04-15 21:53:00 - DEBUG - [trading_loop] [N/A] ⏱ Skipping EMA_Cross_candle, not yet time (every 5m)
2025-04-15 21:53:00 - DEBUG - [trading_loop] [N/A] ⏱ Skipping VWAP_diff_signal_1700, not yet time (every 5m)
2025-04-15 21:53:00 - DEBUG - [trading_loop] [N/A] ⏱ Skipping SMA_Cross_candle, not yet time (every 5m)
2025-04-15 21:53:00 - DEBUG - [trading_loop] [N/A] ⏱ Skipping VWAP_diff_signal_rsi_1700, not yet time (every 5m)
2025-04-15 21:53:00 - DEBUG - [trading_loop] [N/A] ⏱ Skipping EMA_Cross_ema50, not yet time (every 5m)
2025-04-15 21:53:00 - DEBUG - [trading_loop] [N/A] ⏱ Skipping SMA_Cross_sma50, not yet time (every 5m)
2025-04-15 21:53:00 - INFO - [trading_loop] [N/A] 📊 Updating SL/TP for active orders
2025-04-15 21:53:01 - INFO - [_wait_until_next_iteration] [N/A] ⏳ Sleeping for 58.93 seconds before the next cycle
2025-04-15 21:54:00 - DEBUG - [trading_loop] [N/A] ⏱ Skipping EMA_Cross_candle, not yet time (every 5m)
2025-04-15 21:54:00 - DEBUG - [trading_loop] [N/A] ⏱ Skipping VWAP_diff_signal_1700, not yet time (every 5m)
2025-04-15 21:54:00 - DEBUG - [trading_loop] [N/A] ⏱ Skipping SMA_Cross_candle, not yet time (every 5m)
2025-04-15 21:54:00 - DEBUG - [trading_loop] [N/A] ⏱ Skipping VWAP_diff_signal_rsi_1700, not yet time (every 5m)
2025-04-15 21:54:00 - DEBUG - [trading_loop] [N/A] ⏱ Skipping EMA_Cross_ema50, not yet time (every 5m)
2025-04-15 21:54:00 - DEBUG - [trading_loop] [N/A] ⏱ Skipping SMA_Cross_sma50, not yet time (every 5m)
2025-04-15 21:54:00 - INFO - [trading_loop] [N/A] 📊 Updating SL/TP for active orders
2025-04-15 21:54:01 - INFO - [_wait_until_next_iteration] [N/A] ⏳ Sleeping for 58.93 seconds before the next cycle
2025-04-15 21:55:00 - INFO - [_run_strategy_if_applicable] [N/A] ⏰ Strategy 'EMA_Cross_candle' not executed because it's outside the time window: 16:35:00 - 16:50:00
2025-04-15 21:55:00 - INFO - [_run_strategy_if_applicable] [N/A] ⏰ Strategy 'VWAP_diff_signal_1700' not executed because it's outside the time window: 17:30:00 - 19:00:00
2025-04-15 21:55:00 - INFO - [_run_strategy_if_applicable] [N/A] ⏰ Strategy 'SMA_Cross_candle' not executed because it's outside the time window: 16:35:00 - 16:50:00
2025-04-15 21:55:00 - INFO - [_run_strategy_if_applicable] [N/A] ⏰ Strategy 'VWAP_diff_signal_rsi_1700' not executed because it's outside the time window: 17:30:00 - 19:00:00
2025-04-15 21:55:00 - INFO - [_run_strategy_if_applicable] [N/A] ⏰ Strategy 'EMA_Cross_ema50' not executed because it's outside the time window: 16:35:00 - 16:50:00
2025-04-15 21:55:00 - INFO - [_run_strategy_if_applicable] [N/A] ⏰ Strategy 'SMA_Cross_sma50' not executed because it's outside the time window: 16:35:00 - 16:50:00
2025-04-15 21:55:00 - INFO - [trading_loop] [N/A] 📊 Updating SL/TP for active orders
2025-04-15 21:55:01 - INFO - [_wait_until_next_iteration] [N/A] ⏳ Sleeping for 58.93 seconds before the next cycle
2025-04-15 21:56:00 - DEBUG - [trading_loop] [N/A] ⏱ Skipping EMA_Cross_candle, not yet time (every 5m)
2025-04-15 21:56:00 - DEBUG - [trading_loop] [N/A] ⏱ Skipping VWAP_diff_signal_1700, not yet time (every 5m)
2025-04-15 21:56:00 - DEBUG - [trading_loop] [N/A] ⏱ Skipping SMA_Cross_candle, not yet time (every 5m)
2025-04-15 21:56:00 - DEBUG - [trading_loop] [N/A] ⏱ Skipping VWAP_diff_signal_rsi_1700, not yet time (every 5m)
2025-04-15 21:56:00 - DEBUG - [trading_loop] [N/A] ⏱ Skipping EMA_Cross_ema50, not yet time (every 5m)
2025-04-15 21:56:00 - DEBUG - [trading_loop] [N/A] ⏱ Skipping SMA_Cross_sma50, not yet time (every 5m)
2025-04-15 21:56:00 - INFO - [trading_loop] [N/A] 📊 Updating SL/TP for active orders
2025-04-15 21:56:01 - INFO - [_wait_until_next_iteration] [N/A] ⏳ Sleeping for 58.93 seconds before the next cycle
2025-04-15 21:57:00 - DEBUG - [trading_loop] [N/A] ⏱ Skipping EMA_Cross_candle, not yet time (every 5m)
2025-04-15 21:57:00 - DEBUG - [trading_loop] [N/A] ⏱ Skipping VWAP_diff_signal_1700, not yet time (every 5m)
2025-04-15 21:57:00 - DEBUG - [trading_loop] [N/A] ⏱ Skipping SMA_Cross_candle, not yet time (every 5m)
2025-04-15 21:57:00 - DEBUG - [trading_loop] [N/A] ⏱ Skipping VWAP_diff_signal_rsi_1700, not yet time (every 5m)
2025-04-15 21:57:00 - DEBUG - [trading_loop] [N/A] ⏱ Skipping EMA_Cross_ema50, not yet time (every 5m)
2025-04-15 21:57:00 - DEBUG - [trading_loop] [N/A] ⏱ Skipping SMA_Cross_sma50, not yet time (every 5m)
2025-04-15 21:57:00 - INFO - [trading_loop] [N/A] 📊 Updating SL/TP for active orders
2025-04-15 21:57:01 - INFO - [_wait_until_next_iteration] [N/A] ⏳ Sleeping for 58.94 seconds before the next cycle
2025-04-15 21:58:00 - DEBUG - [trading_loop] [N/A] ⏱ Skipping EMA_Cross_candle, not yet time (every 5m)
2025-04-15 21:58:00 - DEBUG - [trading_loop] [N/A] ⏱ Skipping VWAP_diff_signal_1700, not yet time (every 5m)
2025-04-15 21:58:00 - DEBUG - [trading_loop] [N/A] ⏱ Skipping SMA_Cross_candle, not yet time (every 5m)
2025-04-15 21:58:00 - DEBUG - [trading_loop] [N/A] ⏱ Skipping VWAP_diff_signal_rsi_1700, not yet time (every 5m)
2025-04-15 21:58:00 - DEBUG - [trading_loop] [N/A] ⏱ Skipping EMA_Cross_ema50, not yet time (every 5m)
2025-04-15 21:58:00 - DEBUG - [trading_loop] [N/A] ⏱ Skipping SMA_Cross_sma50, not yet time (every 5m)
2025-04-15 21:58:00 - INFO - [trading_loop] [N/A] 📊 Updating SL/TP for active orders
2025-04-15 21:58:01 - INFO - [_wait_until_next_iteration] [N/A] ⏳ Sleeping for 58.93 seconds before the next cycle
2025-04-15 21:59:00 - DEBUG - [trading_loop] [N/A] ⏱ Skipping EMA_Cross_candle, not yet time (every 5m)
2025-04-15 21:59:00 - DEBUG - [trading_loop] [N/A] ⏱ Skipping VWAP_diff_signal_1700, not yet time (every 5m)
2025-04-15 21:59:00 - DEBUG - [trading_loop] [N/A] ⏱ Skipping SMA_Cross_candle, not yet time (every 5m)
2025-04-15 21:59:00 - DEBUG - [trading_loop] [N/A] ⏱ Skipping VWAP_diff_signal_rsi_1700, not yet time (every 5m)
2025-04-15 21:59:00 - DEBUG - [trading_loop] [N/A] ⏱ Skipping EMA_Cross_ema50, not yet time (every 5m)
2025-04-15 21:59:00 - DEBUG - [trading_loop] [N/A] ⏱ Skipping SMA_Cross_sma50, not yet time (every 5m)
2025-04-15 21:59:00 - INFO - [trading_loop] [N/A] 📊 Updating SL/TP for active orders
2025-04-15 21:59:01 - INFO - [_wait_until_next_iteration] [N/A] ⏳ Sleeping for 58.93 seconds before the next cycle
2025-04-15 22:00:00 - ERROR - [safe_main_trading] [N/A] Error in thread: too many values to unpack (expected 2)
2025-04-16 06:34:04 - INFO - [wait_for_precise_time] [N/A] 🌅 Troppo presto, attendo l'inizio della sessione alle 16:30:00
