2025-04-17 13:23:42 - INFO - [start_tws] [N/A] Avvio di TWS...
2025-04-17 13:23:52 - INFO - [start_tws] [N/A] TWS avviato con successo!
2025-04-17 13:23:52 - INFO - [login] [N/A] Attesa della finestra di login...
2025-04-17 13:24:07 - INFO - [login] [N/A] Login effettuato con successo!
2025-04-17 13:24:07 - INFO - [wait_until_tws_ready] [N/A] ⌛ Verifico connessione API TWS tramite ib_insync...
2025-04-17 13:24:07 - DEBUG - [wait_until_tws_ready] [N/A] ⏳ TWS non ancora pronto: ConnectionRefusedError: [Errno 111] Connect call failed ('127.0.0.1', 7497)
2025-04-17 13:24:12 - DEBUG - [wait_until_tws_ready] [N/A] ⏳ TWS non ancora pronto: ConnectionRefusedError: [Errno 111] Connect call failed ('127.0.0.1', 7497)
2025-04-17 13:24:27 - DEBUG - [wait_until_tws_ready] [N/A] ⏳ TWS non ancora pronto: TimeoutError: 
2025-04-17 13:24:42 - DEBUG - [wait_until_tws_ready] [N/A] ⏳ TWS non ancora pronto: TimeoutError: 
2025-04-17 13:24:48 - INFO - [wait_until_tws_ready] [N/A] ✅ Connessione API a TWS riuscita!
2025-04-17 13:24:48 - INFO - [__init__] [N/A] ✅ Connected to IBKR successfully
2025-04-17 13:24:49 - INFO - [start] [N/A] Starting bot
2025-04-17 13:24:59 - INFO - [start_daily_session] [N/A] Starting daily session
2025-04-17 13:25:00 - INFO - [__init__] [N/A] ✅ Connected to IBKR successfully
2025-04-17 13:25:00 - INFO - [wait_for_precise_time] [N/A] 🌅 Troppo presto, attendo l'inizio della sessione alle 16:30:00
2025-04-17 16:30:00 - INFO - [wait_for_precise_time] [N/A] 🎯 Orario valido raggiunto. Avvio operazioni.
2025-04-17 16:30:00 - INFO - [_run_strategy_if_applicable] [N/A] ⏰ Strategy 'EMA_Cross_ema50' not executed because it's outside the time window: 16:35:00 - 16:50:00
2025-04-17 16:30:00 - INFO - [_run_strategy_if_applicable] [N/A] ⏰ Strategy 'EMA_Cross_candle' not executed because it's outside the time window: 16:35:00 - 16:50:00
2025-04-17 16:30:00 - INFO - [_run_strategy_if_applicable] [N/A] ⏰ Strategy 'VWAP_diff_signal_1700' not executed because it's outside the time window: 17:30:00 - 19:00:00
2025-04-17 16:30:00 - INFO - [_run_strategy_if_applicable] [N/A] ⏰ Strategy 'SMA_Cross_sma50' not executed because it's outside the time window: 16:35:00 - 16:50:00
2025-04-17 16:30:00 - INFO - [_run_strategy_if_applicable] [N/A] ⏰ Strategy 'SMA_Cross_candle' not executed because it's outside the time window: 16:35:00 - 16:50:00
2025-04-17 16:30:00 - INFO - [_run_strategy_if_applicable] [N/A] ⏰ Strategy 'VWAP_diff_signal_1700_volume' not executed because it's outside the time window: 17:30:00 - 19:00:00
2025-04-17 16:30:00 - INFO - [_run_strategy_if_applicable] [N/A] ⏰ Strategy 'VWAP_diff_signal_rsi_1700' not executed because it's outside the time window: 17:30:00 - 19:00:00
2025-04-17 16:30:00 - INFO - [trading_loop] [N/A] 📊 Updating SL/TP for active orders
2025-04-17 16:30:01 - INFO - [_wait_until_next_iteration] [N/A] ⏳ Sleeping for 58.88 seconds before the next cycle
2025-04-17 16:31:00 - DEBUG - [trading_loop] [N/A] ⏱ Skipping EMA_Cross_ema50, not yet time (every 5m)
2025-04-17 16:31:00 - DEBUG - [trading_loop] [N/A] ⏱ Skipping EMA_Cross_candle, not yet time (every 5m)
2025-04-17 16:31:00 - DEBUG - [trading_loop] [N/A] ⏱ Skipping VWAP_diff_signal_1700, not yet time (every 5m)
2025-04-17 16:31:00 - DEBUG - [trading_loop] [N/A] ⏱ Skipping SMA_Cross_sma50, not yet time (every 5m)
2025-04-17 16:31:00 - DEBUG - [trading_loop] [N/A] ⏱ Skipping SMA_Cross_candle, not yet time (every 5m)
2025-04-17 16:31:00 - DEBUG - [trading_loop] [N/A] ⏱ Skipping VWAP_diff_signal_1700_volume, not yet time (every 5m)
2025-04-17 16:31:00 - DEBUG - [trading_loop] [N/A] ⏱ Skipping VWAP_diff_signal_rsi_1700, not yet time (every 5m)
2025-04-17 16:31:00 - INFO - [trading_loop] [N/A] 📊 Updating SL/TP for active orders
2025-04-17 16:31:01 - INFO - [_wait_until_next_iteration] [N/A] ⏳ Sleeping for 58.94 seconds before the next cycle
2025-04-17 16:32:00 - DEBUG - [trading_loop] [N/A] ⏱ Skipping EMA_Cross_ema50, not yet time (every 5m)
2025-04-17 16:32:00 - DEBUG - [trading_loop] [N/A] ⏱ Skipping EMA_Cross_candle, not yet time (every 5m)
2025-04-17 16:32:00 - DEBUG - [trading_loop] [N/A] ⏱ Skipping VWAP_diff_signal_1700, not yet time (every 5m)
2025-04-17 16:32:00 - DEBUG - [trading_loop] [N/A] ⏱ Skipping SMA_Cross_sma50, not yet time (every 5m)
2025-04-17 16:32:00 - DEBUG - [trading_loop] [N/A] ⏱ Skipping SMA_Cross_candle, not yet time (every 5m)
2025-04-17 16:32:00 - DEBUG - [trading_loop] [N/A] ⏱ Skipping VWAP_diff_signal_1700_volume, not yet time (every 5m)
2025-04-17 16:32:00 - DEBUG - [trading_loop] [N/A] ⏱ Skipping VWAP_diff_signal_rsi_1700, not yet time (every 5m)
2025-04-17 16:32:00 - INFO - [trading_loop] [N/A] 📊 Updating SL/TP for active orders
2025-04-17 16:32:01 - INFO - [_wait_until_next_iteration] [N/A] ⏳ Sleeping for 58.94 seconds before the next cycle
2025-04-17 16:33:00 - DEBUG - [trading_loop] [N/A] ⏱ Skipping EMA_Cross_ema50, not yet time (every 5m)
2025-04-17 16:33:00 - DEBUG - [trading_loop] [N/A] ⏱ Skipping EMA_Cross_candle, not yet time (every 5m)
2025-04-17 16:33:00 - DEBUG - [trading_loop] [N/A] ⏱ Skipping VWAP_diff_signal_1700, not yet time (every 5m)
2025-04-17 16:33:00 - DEBUG - [trading_loop] [N/A] ⏱ Skipping SMA_Cross_sma50, not yet time (every 5m)
2025-04-17 16:33:00 - DEBUG - [trading_loop] [N/A] ⏱ Skipping SMA_Cross_candle, not yet time (every 5m)
2025-04-17 16:33:00 - DEBUG - [trading_loop] [N/A] ⏱ Skipping VWAP_diff_signal_1700_volume, not yet time (every 5m)
2025-04-17 16:33:00 - DEBUG - [trading_loop] [N/A] ⏱ Skipping VWAP_diff_signal_rsi_1700, not yet time (every 5m)
2025-04-17 16:33:00 - INFO - [trading_loop] [N/A] 📊 Updating SL/TP for active orders
2025-04-17 16:33:01 - INFO - [_wait_until_next_iteration] [N/A] ⏳ Sleeping for 58.93 seconds before the next cycle
2025-04-17 16:34:00 - DEBUG - [trading_loop] [N/A] ⏱ Skipping EMA_Cross_ema50, not yet time (every 5m)
2025-04-17 16:34:00 - DEBUG - [trading_loop] [N/A] ⏱ Skipping EMA_Cross_candle, not yet time (every 5m)
2025-04-17 16:34:00 - DEBUG - [trading_loop] [N/A] ⏱ Skipping VWAP_diff_signal_1700, not yet time (every 5m)
2025-04-17 16:34:00 - DEBUG - [trading_loop] [N/A] ⏱ Skipping SMA_Cross_sma50, not yet time (every 5m)
2025-04-17 16:34:00 - DEBUG - [trading_loop] [N/A] ⏱ Skipping SMA_Cross_candle, not yet time (every 5m)
2025-04-17 16:34:00 - DEBUG - [trading_loop] [N/A] ⏱ Skipping VWAP_diff_signal_1700_volume, not yet time (every 5m)
2025-04-17 16:34:00 - DEBUG - [trading_loop] [N/A] ⏱ Skipping VWAP_diff_signal_rsi_1700, not yet time (every 5m)
2025-04-17 16:34:00 - INFO - [trading_loop] [N/A] 📊 Updating SL/TP for active orders
2025-04-17 16:34:01 - INFO - [_wait_until_next_iteration] [N/A] ⏳ Sleeping for 58.93 seconds before the next cycle
2025-04-17 16:35:00 - INFO - [_run_strategy_if_applicable] [N/A] 🔄 Starting trading loop for strategy: EMA_Cross_ema50
2025-04-17 16:35:00 - INFO - [get_stock_data] [CFG] Requesting data for CFG
2025-04-17 16:35:01 - INFO - [get_stock_data] [CFG] Data received for CFG: 79 rows
2025-04-17 16:35:01 - INFO - [check_ema_cross_ema50] [CFG] Analyzing EMA signals for CFG
2025-04-17 16:35:01 - INFO - [check_ema_cross_ema50] [CFG] EMA9: 35.17270364910182, EMA21: 35.21645563373967, EMA50: 35.42966747897004 | Prev EMA9: 35.103379561377274, EMA21: 35.193101197113634
2025-04-17 16:35:01 - DEBUG - [check_ema_cross_ema50] [CFG] No signal detected
2025-04-17 16:35:01 - DEBUG - [_run_single_trading_iteration] [CFG] 🔍 Signal for CFG: None
2025-04-17 16:35:01 - INFO - [_run_single_trading_iteration] [CFG] ℹ️ No valid signal for CFG
2025-04-17 16:35:01 - INFO - [get_stock_data] [CZR] Requesting data for CZR
2025-04-17 16:35:02 - INFO - [get_stock_data] [CZR] Data received for CZR: 79 rows
2025-04-17 16:35:02 - INFO - [check_ema_cross_ema50] [CZR] Analyzing EMA signals for CZR
2025-04-17 16:35:02 - INFO - [check_ema_cross_ema50] [CZR] EMA9: 24.583101655021938, EMA21: 24.5656135564629, EMA50: 24.67815732048505 | Prev EMA9: 24.53887706877742, EMA21: 24.54617491210919
2025-04-17 16:35:02 - INFO - [check_ema_cross_ema50] [CZR] ✅ BUY signal at 24.75, SL: 24.57675, TP: 25.0965
2025-04-17 16:35:02 - DEBUG - [_run_single_trading_iteration] [CZR] 🔍 Signal for CZR: BUY
2025-04-17 16:35:02 - INFO - [place_order] [CZR] Placing MARKET order for CZR: 200 shares
2025-04-17 16:35:02 - INFO - [_run_single_trading_iteration] [CZR] ✅ Order BUY for CZR placed with ID 8
2025-04-17 16:35:02 - INFO - [get_stock_data] [GEN] Requesting data for GEN
2025-04-17 16:35:04 - INFO - [get_stock_data] [GEN] Data received for GEN: 79 rows
2025-04-17 16:35:04 - INFO - [check_ema_cross_ema50] [GEN] Analyzing EMA signals for GEN
2025-04-17 16:35:04 - INFO - [check_ema_cross_ema50] [GEN] EMA9: 24.258176854437046, EMA21: 24.284718961161747, EMA50: 24.402028606348306 | Prev EMA9: 24.247721068046307, EMA21: 24.283190857277923
2025-04-17 16:35:04 - DEBUG - [check_ema_cross_ema50] [GEN] No signal detected
2025-04-17 16:35:04 - DEBUG - [_run_single_trading_iteration] [GEN] 🔍 Signal for GEN: None
2025-04-17 16:35:04 - INFO - [_run_single_trading_iteration] [GEN] ℹ️ No valid signal for GEN
2025-04-17 16:35:04 - INFO - [get_stock_data] [PARA] Requesting data for PARA
2025-04-17 16:35:05 - INFO - [get_stock_data] [PARA] Data received for PARA: 79 rows
2025-04-17 16:35:05 - INFO - [check_ema_cross_ema50] [PARA] Analyzing EMA signals for PARA
2025-04-17 16:35:05 - INFO - [check_ema_cross_ema50] [PARA] EMA9: 10.69509703005037, EMA21: 10.684704556518296, EMA50: 10.698466536126505 | Prev EMA9: 10.683871287562962, EMA21: 10.679175012170125
2025-04-17 16:35:05 - DEBUG - [check_ema_cross_ema50] [PARA] No signal detected
2025-04-17 16:35:05 - DEBUG - [_run_single_trading_iteration] [PARA] 🔍 Signal for PARA: None
2025-04-17 16:35:05 - INFO - [_run_single_trading_iteration] [PARA] ℹ️ No valid signal for PARA
2025-04-17 16:35:05 - INFO - [get_stock_data] [PPL] Requesting data for PPL
2025-04-17 16:35:06 - INFO - [get_stock_data] [PPL] Data received for PPL: 80 rows
2025-04-17 16:35:06 - INFO - [check_ema_cross_ema50] [PPL] Analyzing EMA signals for PPL
2025-04-17 16:35:06 - INFO - [check_ema_cross_ema50] [PPL] EMA9: 35.280764320615404, EMA21: 35.304406377086764, EMA50: 35.37802224221883 | Prev EMA9: 35.24595540076925, EMA21: 35.29284701479544
2025-04-17 16:35:06 - DEBUG - [check_ema_cross_ema50] [PPL] No signal detected
2025-04-17 16:35:06 - DEBUG - [_run_single_trading_iteration] [PPL] 🔍 Signal for PPL: None
2025-04-17 16:35:06 - INFO - [_run_single_trading_iteration] [PPL] ℹ️ No valid signal for PPL
2025-04-17 16:35:06 - INFO - [get_stock_data] [TFC] Requesting data for TFC
2025-04-17 16:35:07 - INFO - [get_stock_data] [TFC] Data received for TFC: 80 rows
2025-04-17 16:35:07 - INFO - [check_ema_cross_ema50] [TFC] Analyzing EMA signals for TFC
2025-04-17 16:35:07 - INFO - [check_ema_cross_ema50] [TFC] EMA9: 35.771166418396234, EMA21: 35.79869838852039, EMA50: 35.957108875421696 | Prev EMA9: 35.78895802299529, EMA21: 35.80856822737243
2025-04-17 16:35:07 - DEBUG - [check_ema_cross_ema50] [TFC] No signal detected
2025-04-17 16:35:07 - DEBUG - [_run_single_trading_iteration] [TFC] 🔍 Signal for TFC: None
2025-04-17 16:35:07 - INFO - [_run_single_trading_iteration] [TFC] ℹ️ No valid signal for TFC
2025-04-17 16:35:07 - INFO - [get_stock_data] [WBD] Requesting data for WBD
2025-04-17 16:35:09 - INFO - [get_stock_data] [WBD] Data received for WBD: 80 rows
2025-04-17 16:35:09 - INFO - [check_ema_cross_ema50] [WBD] Analyzing EMA signals for WBD
2025-04-17 16:35:09 - INFO - [check_ema_cross_ema50] [WBD] EMA9: 7.921434728949087, EMA21: 7.890769201921368, EMA50: 7.93210576327634 | Prev EMA9: 7.881793411186358, EMA21: 7.871846122113506
2025-04-17 16:35:09 - DEBUG - [check_ema_cross_ema50] [WBD] No signal detected
2025-04-17 16:35:09 - DEBUG - [_run_single_trading_iteration] [WBD] 🔍 Signal for WBD: None
2025-04-17 16:35:09 - INFO - [_run_single_trading_iteration] [WBD] ℹ️ No valid signal for WBD
2025-04-17 16:35:09 - INFO - [_run_strategy_if_applicable] [N/A] 🔄 Starting trading loop for strategy: EMA_Cross_candle
2025-04-17 16:35:09 - INFO - [get_stock_data] [BAX] Requesting data for BAX
2025-04-17 16:35:10 - INFO - [get_stock_data] [BAX] Data received for BAX: 80 rows
2025-04-17 16:35:10 - INFO - [check_ema_cross_candle] [BAX] Analyzing EMA signals for BAX
2025-04-17 16:35:10 - INFO - [check_ema_cross_candle] [BAX] EMA9: 27.964978484702076, EMA21: 27.878925939013733 | Prev EMA9: 27.86622310587759, EMA21: 27.830818532915107 | Candle: bearish
2025-04-17 16:35:10 - DEBUG - [check_ema_cross_candle] [BAX] No signal detected
2025-04-17 16:35:10 - DEBUG - [_run_single_trading_iteration] [BAX] 🔍 Signal for BAX: None
2025-04-17 16:35:10 - INFO - [_run_single_trading_iteration] [BAX] ℹ️ No valid signal for BAX
2025-04-17 16:35:10 - INFO - [get_stock_data] [CTRA] Requesting data for CTRA
2025-04-17 16:35:11 - INFO - [get_stock_data] [CTRA] Data received for CTRA: 80 rows
2025-04-17 16:35:11 - INFO - [check_ema_cross_candle] [CTRA] Analyzing EMA signals for CTRA
2025-04-17 16:35:11 - INFO - [check_ema_cross_candle] [CTRA] EMA9: 25.82228377422377, EMA21: 25.77736161890993 | Prev EMA9: 25.74035471777971, EMA21: 25.74009778080092 | Candle: bearish
2025-04-17 16:35:11 - DEBUG - [check_ema_cross_candle] [CTRA] No signal detected
2025-04-17 16:35:11 - DEBUG - [_run_single_trading_iteration] [CTRA] 🔍 Signal for CTRA: None
2025-04-17 16:35:11 - INFO - [_run_single_trading_iteration] [CTRA] ℹ️ No valid signal for CTRA
2025-04-17 16:35:11 - INFO - [get_stock_data] [EXC] Requesting data for EXC
2025-04-17 16:35:12 - INFO - [get_stock_data] [EXC] Data received for EXC: 80 rows
2025-04-17 16:35:12 - INFO - [check_ema_cross_candle] [EXC] Analyzing EMA signals for EXC
2025-04-17 16:35:12 - INFO - [check_ema_cross_candle] [EXC] EMA9: 46.65906697921418, EMA21: 46.664071454722354 | Prev EMA9: 46.588833724017725, EMA21: 46.63647860019459 | Candle: bearish
2025-04-17 16:35:12 - DEBUG - [check_ema_cross_candle] [EXC] No signal detected
2025-04-17 16:35:12 - DEBUG - [_run_single_trading_iteration] [EXC] 🔍 Signal for EXC: None
2025-04-17 16:35:12 - INFO - [_run_single_trading_iteration] [EXC] ℹ️ No valid signal for EXC
2025-04-17 16:35:12 - INFO - [get_stock_data] [FITB] Requesting data for FITB
2025-04-17 16:35:13 - INFO - [get_stock_data] [FITB] Data received for FITB: 80 rows
2025-04-17 16:35:13 - INFO - [check_ema_cross_candle] [FITB] Analyzing EMA signals for FITB
2025-04-17 16:35:13 - INFO - [check_ema_cross_candle] [FITB] EMA9: 34.12643091039747, EMA21: 34.22695157579757 | Prev EMA9: 34.185538637996835, EMA21: 34.26064673337733 | Candle: bearish
2025-04-17 16:35:13 - DEBUG - [check_ema_cross_candle] [FITB] No signal detected
2025-04-17 16:35:13 - DEBUG - [_run_single_trading_iteration] [FITB] 🔍 Signal for FITB: None
2025-04-17 16:35:13 - INFO - [_run_single_trading_iteration] [FITB] ℹ️ No valid signal for FITB
2025-04-17 16:35:13 - INFO - [get_stock_data] [KMI] Requesting data for KMI
2025-04-17 16:35:15 - INFO - [get_stock_data] [KMI] Data received for KMI: 80 rows
2025-04-17 16:35:15 - INFO - [check_ema_cross_candle] [KMI] Analyzing EMA signals for KMI
2025-04-17 16:35:15 - INFO - [check_ema_cross_candle] [KMI] EMA9: 26.959416356024565, EMA21: 26.98409320832931 | Prev EMA9: 26.936770445030703, EMA21: 26.97750252916224 | Candle: bullish
2025-04-17 16:35:15 - DEBUG - [check_ema_cross_candle] [KMI] No signal detected
2025-04-17 16:35:15 - DEBUG - [_run_single_trading_iteration] [KMI] 🔍 Signal for KMI: None
2025-04-17 16:35:15 - INFO - [_run_single_trading_iteration] [KMI] ℹ️ No valid signal for KMI
2025-04-17 16:35:15 - INFO - [get_stock_data] [UDR] Requesting data for UDR
2025-04-17 16:35:16 - INFO - [get_stock_data] [UDR] Data received for UDR: 80 rows
2025-04-17 16:35:16 - INFO - [check_ema_cross_candle] [UDR] Analyzing EMA signals for UDR
2025-04-17 16:35:16 - INFO - [check_ema_cross_candle] [UDR] EMA9: 41.04698448423427, EMA21: 40.96999864456896 | Prev EMA9: 40.93873060529284, EMA21: 40.918998509025855 | Candle: bearish
2025-04-17 16:35:16 - DEBUG - [check_ema_cross_candle] [UDR] No signal detected
2025-04-17 16:35:16 - DEBUG - [_run_single_trading_iteration] [UDR] 🔍 Signal for UDR: None
2025-04-17 16:35:16 - INFO - [_run_single_trading_iteration] [UDR] ℹ️ No valid signal for UDR
2025-04-17 16:35:16 - INFO - [_run_strategy_if_applicable] [N/A] ⏰ Strategy 'VWAP_diff_signal_1700' not executed because it's outside the time window: 17:30:00 - 19:00:00
2025-04-17 16:35:16 - INFO - [_run_strategy_if_applicable] [N/A] 🔄 Starting trading loop for strategy: SMA_Cross_sma50
2025-04-17 16:35:16 - INFO - [get_stock_data] [FITB] Requesting data for FITB
2025-04-17 16:35:16 - INFO - [get_stock_data] [FITB] Data received for FITB: 80 rows
2025-04-17 16:35:16 - INFO - [check_sma_cross_sma50] [FITB] Analyzing SMA signals for FITB
2025-04-17 16:35:16 - INFO - [check_sma_cross_sma50] [FITB] SMA5: 34.148, SMA20: 34.2025, SMA50: 34.492000000000004 | Prev SMA5: 34.214, SMA20: 34.231500000000004
2025-04-17 16:35:16 - DEBUG - [check_sma_cross_sma50] [FITB] No signal detected
2025-04-17 16:35:16 - DEBUG - [_run_single_trading_iteration] [FITB] 🔍 Signal for FITB: None
2025-04-17 16:35:16 - INFO - [_run_single_trading_iteration] [FITB] ℹ️ No valid signal for FITB
2025-04-17 16:35:16 - INFO - [get_stock_data] [HPQ] Requesting data for HPQ
2025-04-17 16:35:18 - INFO - [get_stock_data] [HPQ] Data received for HPQ: 80 rows
2025-04-17 16:35:18 - INFO - [check_sma_cross_sma50] [HPQ] Analyzing SMA signals for HPQ
2025-04-17 16:35:18 - INFO - [check_sma_cross_sma50] [HPQ] SMA5: 23.518, SMA20: 23.288500000000003, SMA50: 23.4058 | Prev SMA5: 23.444, SMA20: 23.2745
2025-04-17 16:35:18 - DEBUG - [check_sma_cross_sma50] [HPQ] No signal detected
2025-04-17 16:35:18 - DEBUG - [_run_single_trading_iteration] [HPQ] 🔍 Signal for HPQ: None
2025-04-17 16:35:18 - INFO - [_run_single_trading_iteration] [HPQ] ℹ️ No valid signal for HPQ
2025-04-17 16:35:18 - INFO - [get_stock_data] [IPG] Requesting data for IPG
2025-04-17 16:35:19 - INFO - [get_stock_data] [IPG] Data received for IPG: 80 rows
2025-04-17 16:35:19 - INFO - [check_sma_cross_sma50] [IPG] Analyzing SMA signals for IPG
2025-04-17 16:35:19 - INFO - [check_sma_cross_sma50] [IPG] SMA5: 23.401999999999997, SMA20: 23.3245, SMA50: 23.5052 | Prev SMA5: 23.306, SMA20: 23.317500000000003
2025-04-17 16:35:19 - INFO - [check_sma_cross_sma50] [IPG] ✅ BUY signal at 23.62, SL: 23.45466, TP: 23.950680000000002
2025-04-17 16:35:19 - DEBUG - [_run_single_trading_iteration] [IPG] 🔍 Signal for IPG: BUY
2025-04-17 16:35:19 - INFO - [place_order] [IPG] Placing MARKET order for IPG: 211 shares
2025-04-17 16:35:19 - INFO - [_run_single_trading_iteration] [IPG] ✅ Order BUY for IPG placed with ID 38
2025-04-17 16:35:19 - INFO - [get_stock_data] [LVS] Requesting data for LVS
2025-04-17 16:35:20 - INFO - [get_stock_data] [LVS] Data received for LVS: 80 rows
2025-04-17 16:35:20 - INFO - [check_sma_cross_sma50] [LVS] Analyzing SMA signals for LVS
2025-04-17 16:35:20 - INFO - [check_sma_cross_sma50] [LVS] SMA5: 32.062, SMA20: 31.857, SMA50: 32.07939999999999 | Prev SMA5: 31.97, SMA20: 31.841999999999995
2025-04-17 16:35:20 - DEBUG - [check_sma_cross_sma50] [LVS] No signal detected
2025-04-17 16:35:20 - DEBUG - [_run_single_trading_iteration] [LVS] 🔍 Signal for LVS: None
2025-04-17 16:35:20 - INFO - [_run_single_trading_iteration] [LVS] ℹ️ No valid signal for LVS
2025-04-17 16:35:20 - INFO - [get_stock_data] [NCLH] Requesting data for NCLH
2025-04-17 16:35:22 - INFO - [get_stock_data] [NCLH] Data received for NCLH: 80 rows
2025-04-17 16:35:22 - INFO - [check_sma_cross_sma50] [NCLH] Analyzing SMA signals for NCLH
2025-04-17 16:35:22 - INFO - [check_sma_cross_sma50] [NCLH] SMA5: 16.088, SMA20: 16.0015, SMA50: 16.1904 | Prev SMA5: 16.066, SMA20: 16.004
2025-04-17 16:35:22 - DEBUG - [check_sma_cross_sma50] [NCLH] No signal detected
2025-04-17 16:35:22 - DEBUG - [_run_single_trading_iteration] [NCLH] 🔍 Signal for NCLH: None
2025-04-17 16:35:22 - INFO - [_run_single_trading_iteration] [NCLH] ℹ️ No valid signal for NCLH
2025-04-17 16:35:22 - INFO - [get_stock_data] [NWSA] Requesting data for NWSA
2025-04-17 16:35:23 - INFO - [get_stock_data] [NWSA] Data received for NWSA: 80 rows
2025-04-17 16:35:23 - INFO - [check_sma_cross_sma50] [NWSA] Analyzing SMA signals for NWSA
2025-04-17 16:35:23 - INFO - [check_sma_cross_sma50] [NWSA] SMA5: 25.694, SMA20: 25.59, SMA50: 25.795400000000004 | Prev SMA5: 25.651999999999997, SMA20: 25.5875
2025-04-17 16:35:23 - DEBUG - [check_sma_cross_sma50] [NWSA] No signal detected
2025-04-17 16:35:23 - DEBUG - [_run_single_trading_iteration] [NWSA] 🔍 Signal for NWSA: None
2025-04-17 16:35:23 - INFO - [_run_single_trading_iteration] [NWSA] ℹ️ No valid signal for NWSA
2025-04-17 16:35:23 - INFO - [_run_strategy_if_applicable] [N/A] 🔄 Starting trading loop for strategy: SMA_Cross_candle
2025-04-17 16:35:23 - INFO - [get_stock_data] [DVN] Requesting data for DVN
2025-04-17 16:35:24 - INFO - [get_stock_data] [DVN] Data received for DVN: 80 rows
2025-04-17 16:35:24 - INFO - [check_sma_cross_candle] [DVN] Analyzing SMA signals for DVN
2025-04-17 16:35:24 - INFO - [check_sma_cross_candle] [DVN] SMA5: 29.552, SMA20: 29.299500000000002 | Prev SMA5: 29.377999999999997, SMA20: 29.261000000000003 | Candle direction: bearish
2025-04-17 16:35:24 - DEBUG - [check_sma_cross_candle] [DVN] No signal detected
2025-04-17 16:35:24 - DEBUG - [_run_single_trading_iteration] [DVN] 🔍 Signal for DVN: None
2025-04-17 16:35:24 - INFO - [_run_single_trading_iteration] [DVN] ℹ️ No valid signal for DVN
2025-04-17 16:35:24 - INFO - [get_stock_data] [LUV] Requesting data for LUV
2025-04-17 16:35:26 - INFO - [get_stock_data] [LUV] Data received for LUV: 80 rows
2025-04-17 16:35:26 - INFO - [check_sma_cross_candle] [LUV] Analyzing SMA signals for LUV
2025-04-17 16:35:26 - INFO - [check_sma_cross_candle] [LUV] SMA5: 24.773999999999997, SMA20: 24.735 | Prev SMA5: 24.784, SMA20: 24.75 | Candle direction: bearish
2025-04-17 16:35:26 - DEBUG - [check_sma_cross_candle] [LUV] No signal detected
2025-04-17 16:35:26 - DEBUG - [_run_single_trading_iteration] [LUV] 🔍 Signal for LUV: None
2025-04-17 16:35:26 - INFO - [_run_single_trading_iteration] [LUV] ℹ️ No valid signal for LUV
2025-04-17 16:35:26 - INFO - [get_stock_data] [NI] Requesting data for NI
2025-04-17 16:35:27 - INFO - [get_stock_data] [NI] Data received for NI: 80 rows
2025-04-17 16:35:27 - INFO - [check_sma_cross_candle] [NI] Analyzing SMA signals for NI
2025-04-17 16:35:27 - INFO - [check_sma_cross_candle] [NI] SMA5: 39.032, SMA20: 38.899 | Prev SMA5: 38.891999999999996, SMA20: 38.8805 | Candle direction: bullish
2025-04-17 16:35:27 - DEBUG - [check_sma_cross_candle] [NI] No signal detected
2025-04-17 16:35:27 - DEBUG - [_run_single_trading_iteration] [NI] 🔍 Signal for NI: None
2025-04-17 16:35:27 - INFO - [_run_single_trading_iteration] [NI] ℹ️ No valid signal for NI
2025-04-17 16:35:27 - INFO - [get_stock_data] [WBD] Requesting data for WBD
2025-04-17 16:35:27 - INFO - [get_stock_data] [WBD] Data received for WBD: 80 rows
2025-04-17 16:35:27 - INFO - [check_sma_cross_candle] [WBD] Analyzing SMA signals for WBD
2025-04-17 16:35:27 - INFO - [check_sma_cross_candle] [WBD] SMA5: 7.986, SMA20: 7.874 | Prev SMA5: 7.946000000000001, SMA20: 7.866 | Candle direction: bearish
2025-04-17 16:35:27 - DEBUG - [check_sma_cross_candle] [WBD] No signal detected
2025-04-17 16:35:27 - DEBUG - [_run_single_trading_iteration] [WBD] 🔍 Signal for WBD: None
2025-04-17 16:35:27 - INFO - [_run_single_trading_iteration] [WBD] ℹ️ No valid signal for WBD
2025-04-17 16:35:27 - INFO - [_run_strategy_if_applicable] [N/A] ⏰ Strategy 'VWAP_diff_signal_1700_volume' not executed because it's outside the time window: 17:30:00 - 19:00:00
2025-04-17 16:35:27 - INFO - [_run_strategy_if_applicable] [N/A] ⏰ Strategy 'VWAP_diff_signal_rsi_1700' not executed because it's outside the time window: 17:30:00 - 19:00:00
2025-04-17 16:35:27 - INFO - [trading_loop] [N/A] 📊 Updating SL/TP for active orders
2025-04-17 16:35:28 - INFO - [update_orders] [N/A] ✅ Order 8 filled at 25.07
2025-04-17 16:35:28 - INFO - [set_tp_sl_direct] [N/A] 🔹 Setting TP (LMT) 25.1 and SL 24.58 for CZR
2025-04-17 16:35:28 - INFO - [set_tp_sl_direct] [N/A] ✅ TP (MIT) Order Status: PendingSubmit (Trigger: 25.1)
2025-04-17 16:35:28 - INFO - [set_tp_sl_direct] [N/A] ✅ SL (Stop) Order Status: PendingSubmit (Trigger: 24.58)
2025-04-17 16:35:28 - INFO - [update_orders] [N/A] ✅ Order 38 filled at 23.64
2025-04-17 16:35:28 - INFO - [set_tp_sl_direct] [N/A] 🔹 Setting TP (LMT) 23.95 and SL 23.45 for IPG
2025-04-17 16:35:28 - INFO - [set_tp_sl_direct] [N/A] ✅ TP (MIT) Order Status: PendingSubmit (Trigger: 23.95)
2025-04-17 16:35:28 - INFO - [set_tp_sl_direct] [N/A] ✅ SL (Stop) Order Status: PendingSubmit (Trigger: 23.45)
2025-04-17 16:35:29 - INFO - [_wait_until_next_iteration] [N/A] ⏳ Sleeping for 30.58 seconds before the next cycle
2025-04-17 16:36:00 - DEBUG - [trading_loop] [N/A] ⏱ Skipping EMA_Cross_ema50, not yet time (every 5m)
2025-04-17 16:36:00 - DEBUG - [trading_loop] [N/A] ⏱ Skipping EMA_Cross_candle, not yet time (every 5m)
2025-04-17 16:36:00 - DEBUG - [trading_loop] [N/A] ⏱ Skipping VWAP_diff_signal_1700, not yet time (every 5m)
2025-04-17 16:36:00 - DEBUG - [trading_loop] [N/A] ⏱ Skipping SMA_Cross_sma50, not yet time (every 5m)
2025-04-17 16:36:00 - DEBUG - [trading_loop] [N/A] ⏱ Skipping SMA_Cross_candle, not yet time (every 5m)
2025-04-17 16:36:00 - DEBUG - [trading_loop] [N/A] ⏱ Skipping VWAP_diff_signal_1700_volume, not yet time (every 5m)
2025-04-17 16:36:00 - DEBUG - [trading_loop] [N/A] ⏱ Skipping VWAP_diff_signal_rsi_1700, not yet time (every 5m)
2025-04-17 16:36:00 - INFO - [trading_loop] [N/A] 📊 Updating SL/TP for active orders
2025-04-17 16:36:01 - INFO - [_wait_until_next_iteration] [N/A] ⏳ Sleeping for 58.96 seconds before the next cycle
2025-04-17 16:37:00 - DEBUG - [trading_loop] [N/A] ⏱ Skipping EMA_Cross_ema50, not yet time (every 5m)
2025-04-17 16:37:00 - DEBUG - [trading_loop] [N/A] ⏱ Skipping EMA_Cross_candle, not yet time (every 5m)
2025-04-17 16:37:00 - DEBUG - [trading_loop] [N/A] ⏱ Skipping VWAP_diff_signal_1700, not yet time (every 5m)
2025-04-17 16:37:00 - DEBUG - [trading_loop] [N/A] ⏱ Skipping SMA_Cross_sma50, not yet time (every 5m)
2025-04-17 16:37:00 - DEBUG - [trading_loop] [N/A] ⏱ Skipping SMA_Cross_candle, not yet time (every 5m)
2025-04-17 16:37:00 - DEBUG - [trading_loop] [N/A] ⏱ Skipping VWAP_diff_signal_1700_volume, not yet time (every 5m)
2025-04-17 16:37:00 - DEBUG - [trading_loop] [N/A] ⏱ Skipping VWAP_diff_signal_rsi_1700, not yet time (every 5m)
2025-04-17 16:37:00 - INFO - [trading_loop] [N/A] 📊 Updating SL/TP for active orders
2025-04-17 16:37:01 - INFO - [_wait_until_next_iteration] [N/A] ⏳ Sleeping for 58.93 seconds before the next cycle
2025-04-17 16:38:00 - DEBUG - [trading_loop] [N/A] ⏱ Skipping EMA_Cross_ema50, not yet time (every 5m)
2025-04-17 16:38:00 - DEBUG - [trading_loop] [N/A] ⏱ Skipping EMA_Cross_candle, not yet time (every 5m)
2025-04-17 16:38:00 - DEBUG - [trading_loop] [N/A] ⏱ Skipping VWAP_diff_signal_1700, not yet time (every 5m)
2025-04-17 16:38:00 - DEBUG - [trading_loop] [N/A] ⏱ Skipping SMA_Cross_sma50, not yet time (every 5m)
2025-04-17 16:38:00 - DEBUG - [trading_loop] [N/A] ⏱ Skipping SMA_Cross_candle, not yet time (every 5m)
2025-04-17 16:38:00 - DEBUG - [trading_loop] [N/A] ⏱ Skipping VWAP_diff_signal_1700_volume, not yet time (every 5m)
2025-04-17 16:38:00 - DEBUG - [trading_loop] [N/A] ⏱ Skipping VWAP_diff_signal_rsi_1700, not yet time (every 5m)
2025-04-17 16:38:00 - INFO - [trading_loop] [N/A] 📊 Updating SL/TP for active orders
2025-04-17 16:38:01 - INFO - [_wait_until_next_iteration] [N/A] ⏳ Sleeping for 58.93 seconds before the next cycle
2025-04-17 16:39:00 - DEBUG - [trading_loop] [N/A] ⏱ Skipping EMA_Cross_ema50, not yet time (every 5m)
2025-04-17 16:39:00 - DEBUG - [trading_loop] [N/A] ⏱ Skipping EMA_Cross_candle, not yet time (every 5m)
2025-04-17 16:39:00 - DEBUG - [trading_loop] [N/A] ⏱ Skipping VWAP_diff_signal_1700, not yet time (every 5m)
2025-04-17 16:39:00 - DEBUG - [trading_loop] [N/A] ⏱ Skipping SMA_Cross_sma50, not yet time (every 5m)
2025-04-17 16:39:00 - DEBUG - [trading_loop] [N/A] ⏱ Skipping SMA_Cross_candle, not yet time (every 5m)
2025-04-17 16:39:00 - DEBUG - [trading_loop] [N/A] ⏱ Skipping VWAP_diff_signal_1700_volume, not yet time (every 5m)
2025-04-17 16:39:00 - DEBUG - [trading_loop] [N/A] ⏱ Skipping VWAP_diff_signal_rsi_1700, not yet time (every 5m)
2025-04-17 16:39:00 - INFO - [trading_loop] [N/A] 📊 Updating SL/TP for active orders
2025-04-17 16:39:01 - INFO - [_wait_until_next_iteration] [N/A] ⏳ Sleeping for 58.94 seconds before the next cycle
2025-04-17 16:40:00 - INFO - [_run_strategy_if_applicable] [N/A] 🔄 Starting trading loop for strategy: EMA_Cross_ema50
2025-04-17 16:40:00 - INFO - [get_stock_data] [CFG] Requesting data for CFG
2025-04-17 16:40:00 - INFO - [get_stock_data] [CFG] Data received for CFG: 80 rows
2025-04-17 16:40:00 - INFO - [check_ema_cross_ema50] [CFG] Analyzing EMA signals for CFG
2025-04-17 16:40:00 - INFO - [check_ema_cross_ema50] [CFG] EMA9: 35.294162919281455, EMA21: 35.26768693976333, EMA50: 35.44340600920651 | Prev EMA9: 35.17270364910182, EMA21: 35.21645563373967
2025-04-17 16:40:00 - INFO - [check_ema_cross_ema50] [CFG] ✅ BUY signal at 35.78, SL: 35.529540000000004, TP: 36.28092
2025-04-17 16:40:00 - DEBUG - [_run_single_trading_iteration] [CFG] 🔍 Signal for CFG: BUY
2025-04-17 16:40:00 - INFO - [place_order] [CFG] Placing MARKET order for CFG: 140 shares
2025-04-17 16:40:00 - INFO - [_run_single_trading_iteration] [CFG] ✅ Order BUY for CFG placed with ID 60
2025-04-17 16:40:00 - DEBUG - [_run_single_trading_iteration] [CZR] 🚫 Trade not allowed for CZR (limit reached)
2025-04-17 16:40:00 - INFO - [get_stock_data] [GEN] Requesting data for GEN
2025-04-17 16:40:01 - INFO - [get_stock_data] [GEN] Data received for GEN: 80 rows
2025-04-17 16:40:01 - INFO - [check_ema_cross_ema50] [GEN] Analyzing EMA signals for GEN
2025-04-17 16:40:01 - INFO - [check_ema_cross_ema50] [GEN] EMA9: 24.306541483549637, EMA21: 24.304289964692497, EMA50: 24.405870621785628 | Prev EMA9: 24.258176854437046, EMA21: 24.284718961161747
2025-04-17 16:40:01 - DEBUG - [check_ema_cross_ema50] [GEN] No signal detected
2025-04-17 16:40:01 - DEBUG - [_run_single_trading_iteration] [GEN] 🔍 Signal for GEN: None
2025-04-17 16:40:01 - INFO - [_run_single_trading_iteration] [GEN] ℹ️ No valid signal for GEN
2025-04-17 16:40:01 - INFO - [get_stock_data] [PARA] Requesting data for PARA
2025-04-17 16:40:02 - INFO - [get_stock_data] [PARA] Data received for PARA: 80 rows
2025-04-17 16:40:02 - INFO - [check_ema_cross_ema50] [PARA] Analyzing EMA signals for PARA
2025-04-17 16:40:02 - INFO - [check_ema_cross_ema50] [PARA] EMA9: 10.718077624040298, EMA21: 10.696095051380269, EMA50: 10.702840397454878 | Prev EMA9: 10.69509703005037, EMA21: 10.684704556518296
2025-04-17 16:40:02 - DEBUG - [check_ema_cross_ema50] [PARA] No signal detected
2025-04-17 16:40:02 - DEBUG - [_run_single_trading_iteration] [PARA] 🔍 Signal for PARA: None
2025-04-17 16:40:02 - INFO - [_run_single_trading_iteration] [PARA] ℹ️ No valid signal for PARA
2025-04-17 16:40:02 - INFO - [get_stock_data] [PPL] Requesting data for PPL
2025-04-17 16:40:02 - INFO - [get_stock_data] [PPL] Data received for PPL: 80 rows
2025-04-17 16:40:02 - INFO - [check_ema_cross_ema50] [PPL] Analyzing EMA signals for PPL
2025-04-17 16:40:02 - INFO - [check_ema_cross_ema50] [PPL] EMA9: 35.280764320615404, EMA21: 35.304406377086764, EMA50: 35.37802224221883 | Prev EMA9: 35.24595540076925, EMA21: 35.29284701479544
2025-04-17 16:40:02 - DEBUG - [check_ema_cross_ema50] [PPL] No signal detected
2025-04-17 16:40:02 - DEBUG - [_run_single_trading_iteration] [PPL] 🔍 Signal for PPL: None
2025-04-17 16:40:02 - INFO - [_run_single_trading_iteration] [PPL] ℹ️ No valid signal for PPL
2025-04-17 16:40:02 - INFO - [get_stock_data] [TFC] Requesting data for TFC
2025-04-17 16:40:03 - INFO - [get_stock_data] [TFC] Data received for TFC: 80 rows
2025-04-17 16:40:03 - INFO - [check_ema_cross_ema50] [TFC] Analyzing EMA signals for TFC
2025-04-17 16:40:03 - INFO - [check_ema_cross_ema50] [TFC] EMA9: 35.771166418396234, EMA21: 35.79869838852039, EMA50: 35.957108875421696 | Prev EMA9: 35.78895802299529, EMA21: 35.80856822737243
2025-04-17 16:40:03 - DEBUG - [check_ema_cross_ema50] [TFC] No signal detected
2025-04-17 16:40:03 - DEBUG - [_run_single_trading_iteration] [TFC] 🔍 Signal for TFC: None
2025-04-17 16:40:03 - INFO - [_run_single_trading_iteration] [TFC] ℹ️ No valid signal for TFC
2025-04-17 16:40:03 - INFO - [get_stock_data] [WBD] Requesting data for WBD
2025-04-17 16:40:03 - INFO - [get_stock_data] [WBD] Data received for WBD: 80 rows
2025-04-17 16:40:03 - INFO - [check_ema_cross_ema50] [WBD] Analyzing EMA signals for WBD
2025-04-17 16:40:03 - INFO - [check_ema_cross_ema50] [WBD] EMA9: 7.921434728949087, EMA21: 7.890769201921368, EMA50: 7.93210576327634 | Prev EMA9: 7.881793411186358, EMA21: 7.871846122113506
2025-04-17 16:40:03 - DEBUG - [check_ema_cross_ema50] [WBD] No signal detected
2025-04-17 16:40:03 - DEBUG - [_run_single_trading_iteration] [WBD] 🔍 Signal for WBD: None
2025-04-17 16:40:03 - INFO - [_run_single_trading_iteration] [WBD] ℹ️ No valid signal for WBD
2025-04-17 16:40:03 - INFO - [_run_strategy_if_applicable] [N/A] 🔄 Starting trading loop for strategy: EMA_Cross_candle
2025-04-17 16:40:03 - INFO - [get_stock_data] [BAX] Requesting data for BAX
2025-04-17 16:40:04 - INFO - [get_stock_data] [BAX] Data received for BAX: 80 rows
2025-04-17 16:40:04 - INFO - [check_ema_cross_candle] [BAX] Analyzing EMA signals for BAX
2025-04-17 16:40:04 - INFO - [check_ema_cross_candle] [BAX] EMA9: 27.956978484702077, EMA21: 27.87528957537737 | Prev EMA9: 27.86622310587759, EMA21: 27.830818532915107 | Candle: bearish
2025-04-17 16:40:04 - DEBUG - [check_ema_cross_candle] [BAX] No signal detected
2025-04-17 16:40:04 - DEBUG - [_run_single_trading_iteration] [BAX] 🔍 Signal for BAX: None
2025-04-17 16:40:04 - INFO - [_run_single_trading_iteration] [BAX] ℹ️ No valid signal for BAX
2025-04-17 16:40:04 - INFO - [get_stock_data] [CTRA] Requesting data for CTRA
2025-04-17 16:40:04 - INFO - [get_stock_data] [CTRA] Data received for CTRA: 80 rows
2025-04-17 16:40:04 - INFO - [check_ema_cross_candle] [CTRA] Analyzing EMA signals for CTRA
2025-04-17 16:40:04 - INFO - [check_ema_cross_candle] [CTRA] EMA9: 25.78828377422377, EMA21: 25.761907073455383 | Prev EMA9: 25.74035471777971, EMA21: 25.74009778080092 | Candle: bearish
2025-04-17 16:40:04 - DEBUG - [check_ema_cross_candle] [CTRA] No signal detected
2025-04-17 16:40:04 - DEBUG - [_run_single_trading_iteration] [CTRA] 🔍 Signal for CTRA: None
2025-04-17 16:40:04 - INFO - [_run_single_trading_iteration] [CTRA] ℹ️ No valid signal for CTRA
2025-04-17 16:40:04 - INFO - [get_stock_data] [EXC] Requesting data for EXC
2025-04-17 16:40:05 - INFO - [get_stock_data] [EXC] Data received for EXC: 80 rows
2025-04-17 16:40:05 - INFO - [check_ema_cross_candle] [EXC] Analyzing EMA signals for EXC
2025-04-17 16:40:05 - INFO - [check_ema_cross_candle] [EXC] EMA9: 46.673066979214184, EMA21: 46.67043509108599 | Prev EMA9: 46.588833724017725, EMA21: 46.63647860019459 | Candle: bullish
2025-04-17 16:40:05 - INFO - [check_ema_cross_candle] [EXC] ✅ BUY signal at 47.01, SL: 46.68093, TP: 47.66814
2025-04-17 16:40:05 - DEBUG - [_run_single_trading_iteration] [EXC] 🔍 Signal for EXC: BUY
2025-04-17 16:40:05 - INFO - [place_order] [EXC] Placing MARKET order for EXC: 106 shares
2025-04-17 16:40:05 - INFO - [_run_single_trading_iteration] [EXC] ✅ Order BUY for EXC placed with ID 78
2025-04-17 16:40:05 - INFO - [get_stock_data] [FITB] Requesting data for FITB
2025-04-17 16:40:06 - INFO - [get_stock_data] [FITB] Data received for FITB: 81 rows
2025-04-17 16:40:06 - INFO - [check_ema_cross_candle] [FITB] Analyzing EMA signals for FITB
2025-04-17 16:40:06 - INFO - [check_ema_cross_candle] [FITB] EMA9: 34.055544728317976, EMA21: 34.18499730031184 | Prev EMA9: 34.114430910397466, EMA21: 34.22149703034302 | Candle: bearish
2025-04-17 16:40:06 - DEBUG - [check_ema_cross_candle] [FITB] No signal detected
2025-04-17 16:40:06 - DEBUG - [_run_single_trading_iteration] [FITB] 🔍 Signal for FITB: None
2025-04-17 16:40:06 - INFO - [_run_single_trading_iteration] [FITB] ℹ️ No valid signal for FITB
2025-04-17 16:40:06 - INFO - [get_stock_data] [KMI] Requesting data for KMI
2025-04-17 16:40:06 - INFO - [get_stock_data] [KMI] Data received for KMI: 81 rows
2025-04-17 16:40:06 - INFO - [check_ema_cross_candle] [KMI] Analyzing EMA signals for KMI
2025-04-17 16:40:06 - INFO - [check_ema_cross_candle] [KMI] EMA9: 27.07633308481965, EMA21: 27.037770685258046 | Prev EMA9: 27.015416356024566, EMA21: 27.009547753783853 | Candle: bearish
2025-04-17 16:40:06 - DEBUG - [check_ema_cross_candle] [KMI] No signal detected
2025-04-17 16:40:06 - DEBUG - [_run_single_trading_iteration] [KMI] 🔍 Signal for KMI: None
2025-04-17 16:40:06 - INFO - [_run_single_trading_iteration] [KMI] ℹ️ No valid signal for KMI
2025-04-17 16:40:06 - INFO - [get_stock_data] [UDR] Requesting data for UDR
2025-04-17 16:40:07 - INFO - [get_stock_data] [UDR] Data received for UDR: 81 rows
2025-04-17 16:40:07 - INFO - [check_ema_cross_candle] [UDR] Analyzing EMA signals for UDR
2025-04-17 16:40:07 - INFO - [check_ema_cross_candle] [UDR] EMA9: 41.057987587387416, EMA21: 40.97991612316186 | Prev EMA9: 41.00498448423427, EMA21: 40.95090773547805 | Candle: bearish
2025-04-17 16:40:07 - DEBUG - [check_ema_cross_candle] [UDR] No signal detected
2025-04-17 16:40:07 - DEBUG - [_run_single_trading_iteration] [UDR] 🔍 Signal for UDR: None
2025-04-17 16:40:07 - INFO - [_run_single_trading_iteration] [UDR] ℹ️ No valid signal for UDR
2025-04-17 16:40:07 - INFO - [_run_strategy_if_applicable] [N/A] ⏰ Strategy 'VWAP_diff_signal_1700' not executed because it's outside the time window: 17:30:00 - 19:00:00
2025-04-17 16:40:07 - INFO - [_run_strategy_if_applicable] [N/A] 🔄 Starting trading loop for strategy: SMA_Cross_sma50
2025-04-17 16:40:07 - INFO - [get_stock_data] [FITB] Requesting data for FITB
2025-04-17 16:40:07 - INFO - [get_stock_data] [FITB] Data received for FITB: 81 rows
2025-04-17 16:40:07 - INFO - [check_sma_cross_sma50] [FITB] Analyzing SMA signals for FITB
2025-04-17 16:40:07 - INFO - [check_sma_cross_sma50] [FITB] SMA5: 34.056, SMA20: 34.170500000000004, SMA50: 34.471399999999996 | Prev SMA5: 34.138, SMA20: 34.2
2025-04-17 16:40:07 - DEBUG - [check_sma_cross_sma50] [FITB] No signal detected
2025-04-17 16:40:07 - DEBUG - [_run_single_trading_iteration] [FITB] 🔍 Signal for FITB: None
2025-04-17 16:40:07 - INFO - [_run_single_trading_iteration] [FITB] ℹ️ No valid signal for FITB
2025-04-17 16:40:07 - INFO - [get_stock_data] [HPQ] Requesting data for HPQ
2025-04-17 16:40:08 - INFO - [get_stock_data] [HPQ] Data received for HPQ: 81 rows
2025-04-17 16:40:08 - INFO - [check_sma_cross_sma50] [HPQ] Analyzing SMA signals for HPQ
2025-04-17 16:40:08 - INFO - [check_sma_cross_sma50] [HPQ] SMA5: 23.574, SMA20: 23.3005, SMA50: 23.406000000000002 | Prev SMA5: 23.514000000000003, SMA20: 23.2875
2025-04-17 16:40:08 - DEBUG - [check_sma_cross_sma50] [HPQ] No signal detected
2025-04-17 16:40:08 - DEBUG - [_run_single_trading_iteration] [HPQ] 🔍 Signal for HPQ: None
2025-04-17 16:40:08 - INFO - [_run_single_trading_iteration] [HPQ] ℹ️ No valid signal for HPQ
2025-04-17 16:40:08 - DEBUG - [_run_single_trading_iteration] [IPG] 🚫 Trade not allowed for IPG (limit reached)
2025-04-17 16:40:08 - INFO - [get_stock_data] [LVS] Requesting data for LVS
2025-04-17 16:40:08 - INFO - [get_stock_data] [LVS] Data received for LVS: 81 rows
2025-04-17 16:40:08 - INFO - [check_sma_cross_sma50] [LVS] Analyzing SMA signals for LVS
2025-04-17 16:40:08 - INFO - [check_sma_cross_sma50] [LVS] SMA5: 32.128, SMA20: 31.867499999999996, SMA50: 32.0766 | Prev SMA5: 32.05, SMA20: 31.853999999999996
2025-04-17 16:40:08 - DEBUG - [check_sma_cross_sma50] [LVS] No signal detected
2025-04-17 16:40:08 - DEBUG - [_run_single_trading_iteration] [LVS] 🔍 Signal for LVS: None
2025-04-17 16:40:08 - INFO - [_run_single_trading_iteration] [LVS] ℹ️ No valid signal for LVS
2025-04-17 16:40:08 - INFO - [get_stock_data] [NCLH] Requesting data for NCLH
2025-04-17 16:40:09 - INFO - [get_stock_data] [NCLH] Data received for NCLH: 81 rows
2025-04-17 16:40:09 - INFO - [check_sma_cross_sma50] [NCLH] Analyzing SMA signals for NCLH
2025-04-17 16:40:09 - INFO - [check_sma_cross_sma50] [NCLH] SMA5: 16.14, SMA20: 16.009999999999998, SMA50: 16.1874 | Prev SMA5: 16.107999999999997, SMA20: 16.0065
2025-04-17 16:40:09 - DEBUG - [check_sma_cross_sma50] [NCLH] No signal detected
2025-04-17 16:40:09 - DEBUG - [_run_single_trading_iteration] [NCLH] 🔍 Signal for NCLH: None
2025-04-17 16:40:09 - INFO - [_run_single_trading_iteration] [NCLH] ℹ️ No valid signal for NCLH
2025-04-17 16:40:09 - INFO - [get_stock_data] [NWSA] Requesting data for NWSA
2025-04-17 16:40:09 - INFO - [get_stock_data] [NWSA] Data received for NWSA: 81 rows
2025-04-17 16:40:09 - INFO - [check_sma_cross_sma50] [NWSA] Analyzing SMA signals for NWSA
2025-04-17 16:40:09 - INFO - [check_sma_cross_sma50] [NWSA] SMA5: 25.744, SMA20: 25.595999999999997, SMA50: 25.7896 | Prev SMA5: 25.7, SMA20: 25.591500000000003
2025-04-17 16:40:09 - DEBUG - [check_sma_cross_sma50] [NWSA] No signal detected
2025-04-17 16:40:09 - DEBUG - [_run_single_trading_iteration] [NWSA] 🔍 Signal for NWSA: None
2025-04-17 16:40:09 - INFO - [_run_single_trading_iteration] [NWSA] ℹ️ No valid signal for NWSA
2025-04-17 16:40:09 - INFO - [_run_strategy_if_applicable] [N/A] 🔄 Starting trading loop for strategy: SMA_Cross_candle
2025-04-17 16:40:09 - INFO - [get_stock_data] [DVN] Requesting data for DVN
2025-04-17 16:40:10 - INFO - [get_stock_data] [DVN] Data received for DVN: 81 rows
2025-04-17 16:40:10 - INFO - [check_sma_cross_candle] [DVN] Analyzing SMA signals for DVN
2025-04-17 16:40:10 - INFO - [check_sma_cross_candle] [DVN] SMA5: 29.695999999999998, SMA20: 29.325 | Prev SMA5: 29.540000000000003, SMA20: 29.296499999999998 | Candle direction: bearish
2025-04-17 16:40:10 - DEBUG - [check_sma_cross_candle] [DVN] No signal detected
2025-04-17 16:40:10 - DEBUG - [_run_single_trading_iteration] [DVN] 🔍 Signal for DVN: None
2025-04-17 16:40:10 - INFO - [_run_single_trading_iteration] [DVN] ℹ️ No valid signal for DVN
2025-04-17 16:40:10 - INFO - [get_stock_data] [LUV] Requesting data for LUV
2025-04-17 16:40:11 - INFO - [get_stock_data] [LUV] Data received for LUV: 81 rows
2025-04-17 16:40:11 - INFO - [check_sma_cross_candle] [LUV] Analyzing SMA signals for LUV
2025-04-17 16:40:11 - INFO - [check_sma_cross_candle] [LUV] SMA5: 24.722, SMA20: 24.713 | Prev SMA5: 24.753999999999998, SMA20: 24.73 | Candle direction: bearish
2025-04-17 16:40:11 - DEBUG - [check_sma_cross_candle] [LUV] No signal detected
2025-04-17 16:40:11 - DEBUG - [_run_single_trading_iteration] [LUV] 🔍 Signal for LUV: None
2025-04-17 16:40:11 - INFO - [_run_single_trading_iteration] [LUV] ℹ️ No valid signal for LUV
2025-04-17 16:40:11 - INFO - [get_stock_data] [NI] Requesting data for NI
2025-04-17 16:40:11 - INFO - [get_stock_data] [NI] Data received for NI: 81 rows
2025-04-17 16:40:11 - INFO - [check_sma_cross_candle] [NI] Analyzing SMA signals for NI
2025-04-17 16:40:11 - INFO - [check_sma_cross_candle] [NI] SMA5: 39.16799999999999, SMA20: 38.9185 | Prev SMA5: 39.029999999999994, SMA20: 38.8985 | Candle direction: bearish
2025-04-17 16:40:11 - DEBUG - [check_sma_cross_candle] [NI] No signal detected
2025-04-17 16:40:11 - DEBUG - [_run_single_trading_iteration] [NI] 🔍 Signal for NI: None
2025-04-17 16:40:11 - INFO - [_run_single_trading_iteration] [NI] ℹ️ No valid signal for NI
2025-04-17 16:40:11 - INFO - [get_stock_data] [WBD] Requesting data for WBD
2025-04-17 16:40:12 - INFO - [get_stock_data] [WBD] Data received for WBD: 81 rows
2025-04-17 16:40:12 - INFO - [check_sma_cross_candle] [WBD] Analyzing SMA signals for WBD
2025-04-17 16:40:12 - INFO - [check_sma_cross_candle] [WBD] SMA5: 7.998, SMA20: 7.8765 | Prev SMA5: 7.9799999999999995, SMA20: 7.8725 | Candle direction: bearish
2025-04-17 16:40:12 - DEBUG - [check_sma_cross_candle] [WBD] No signal detected
2025-04-17 16:40:12 - DEBUG - [_run_single_trading_iteration] [WBD] 🔍 Signal for WBD: None
2025-04-17 16:40:12 - INFO - [_run_single_trading_iteration] [WBD] ℹ️ No valid signal for WBD
2025-04-17 16:40:12 - INFO - [_run_strategy_if_applicable] [N/A] ⏰ Strategy 'VWAP_diff_signal_1700_volume' not executed because it's outside the time window: 17:30:00 - 19:00:00
2025-04-17 16:40:12 - INFO - [_run_strategy_if_applicable] [N/A] ⏰ Strategy 'VWAP_diff_signal_rsi_1700' not executed because it's outside the time window: 17:30:00 - 19:00:00
2025-04-17 16:40:12 - INFO - [trading_loop] [N/A] 📊 Updating SL/TP for active orders
2025-04-17 16:40:13 - INFO - [update_orders] [N/A] ✅ Order 60 filled at 35.72
2025-04-17 16:40:13 - INFO - [set_tp_sl_direct] [N/A] 🔹 Setting TP (LMT) 36.28 and SL 35.53 for CFG
2025-04-17 16:40:13 - INFO - [set_tp_sl_direct] [N/A] ✅ TP (MIT) Order Status: PendingSubmit (Trigger: 36.28)
2025-04-17 16:40:13 - INFO - [set_tp_sl_direct] [N/A] ✅ SL (Stop) Order Status: PendingSubmit (Trigger: 35.53)
2025-04-17 16:40:13 - INFO - [update_orders] [N/A] ✅ Order 78 filled at 47.03
2025-04-17 16:40:13 - INFO - [set_tp_sl_direct] [N/A] 🔹 Setting TP (LMT) 47.67 and SL 46.68 for EXC
2025-04-17 16:40:13 - INFO - [set_tp_sl_direct] [N/A] ✅ TP (MIT) Order Status: PendingSubmit (Trigger: 47.67)
2025-04-17 16:40:13 - INFO - [set_tp_sl_direct] [N/A] ✅ SL (Stop) Order Status: PendingSubmit (Trigger: 46.68)
2025-04-17 16:40:13 - INFO - [_wait_until_next_iteration] [N/A] ⏳ Sleeping for 46.13 seconds before the next cycle
2025-04-17 16:41:00 - DEBUG - [trading_loop] [N/A] ⏱ Skipping EMA_Cross_ema50, not yet time (every 5m)
2025-04-17 16:41:00 - DEBUG - [trading_loop] [N/A] ⏱ Skipping EMA_Cross_candle, not yet time (every 5m)
2025-04-17 16:41:00 - DEBUG - [trading_loop] [N/A] ⏱ Skipping VWAP_diff_signal_1700, not yet time (every 5m)
2025-04-17 16:41:00 - DEBUG - [trading_loop] [N/A] ⏱ Skipping SMA_Cross_sma50, not yet time (every 5m)
2025-04-17 16:41:00 - DEBUG - [trading_loop] [N/A] ⏱ Skipping SMA_Cross_candle, not yet time (every 5m)
2025-04-17 16:41:00 - DEBUG - [trading_loop] [N/A] ⏱ Skipping VWAP_diff_signal_1700_volume, not yet time (every 5m)
2025-04-17 16:41:00 - DEBUG - [trading_loop] [N/A] ⏱ Skipping VWAP_diff_signal_rsi_1700, not yet time (every 5m)
2025-04-17 16:41:00 - INFO - [trading_loop] [N/A] 📊 Updating SL/TP for active orders
2025-04-17 16:41:01 - INFO - [_wait_until_next_iteration] [N/A] ⏳ Sleeping for 58.94 seconds before the next cycle
2025-04-17 16:42:00 - DEBUG - [trading_loop] [N/A] ⏱ Skipping EMA_Cross_ema50, not yet time (every 5m)
2025-04-17 16:42:00 - DEBUG - [trading_loop] [N/A] ⏱ Skipping EMA_Cross_candle, not yet time (every 5m)
2025-04-17 16:42:00 - DEBUG - [trading_loop] [N/A] ⏱ Skipping VWAP_diff_signal_1700, not yet time (every 5m)
2025-04-17 16:42:00 - DEBUG - [trading_loop] [N/A] ⏱ Skipping SMA_Cross_sma50, not yet time (every 5m)
2025-04-17 16:42:00 - DEBUG - [trading_loop] [N/A] ⏱ Skipping SMA_Cross_candle, not yet time (every 5m)
2025-04-17 16:42:00 - DEBUG - [trading_loop] [N/A] ⏱ Skipping VWAP_diff_signal_1700_volume, not yet time (every 5m)
2025-04-17 16:42:00 - DEBUG - [trading_loop] [N/A] ⏱ Skipping VWAP_diff_signal_rsi_1700, not yet time (every 5m)
2025-04-17 16:42:00 - INFO - [trading_loop] [N/A] 📊 Updating SL/TP for active orders
2025-04-17 16:42:01 - INFO - [_wait_until_next_iteration] [N/A] ⏳ Sleeping for 58.91 seconds before the next cycle
2025-04-17 16:43:00 - DEBUG - [trading_loop] [N/A] ⏱ Skipping EMA_Cross_ema50, not yet time (every 5m)
2025-04-17 16:43:00 - DEBUG - [trading_loop] [N/A] ⏱ Skipping EMA_Cross_candle, not yet time (every 5m)
2025-04-17 16:43:00 - DEBUG - [trading_loop] [N/A] ⏱ Skipping VWAP_diff_signal_1700, not yet time (every 5m)
2025-04-17 16:43:00 - DEBUG - [trading_loop] [N/A] ⏱ Skipping SMA_Cross_sma50, not yet time (every 5m)
2025-04-17 16:43:00 - DEBUG - [trading_loop] [N/A] ⏱ Skipping SMA_Cross_candle, not yet time (every 5m)
2025-04-17 16:43:00 - DEBUG - [trading_loop] [N/A] ⏱ Skipping VWAP_diff_signal_1700_volume, not yet time (every 5m)
2025-04-17 16:43:00 - DEBUG - [trading_loop] [N/A] ⏱ Skipping VWAP_diff_signal_rsi_1700, not yet time (every 5m)
2025-04-17 16:43:00 - INFO - [trading_loop] [N/A] 📊 Updating SL/TP for active orders
2025-04-17 16:43:01 - INFO - [_wait_until_next_iteration] [N/A] ⏳ Sleeping for 58.93 seconds before the next cycle
2025-04-17 16:44:00 - DEBUG - [trading_loop] [N/A] ⏱ Skipping EMA_Cross_ema50, not yet time (every 5m)
2025-04-17 16:44:00 - DEBUG - [trading_loop] [N/A] ⏱ Skipping EMA_Cross_candle, not yet time (every 5m)
2025-04-17 16:44:00 - DEBUG - [trading_loop] [N/A] ⏱ Skipping VWAP_diff_signal_1700, not yet time (every 5m)
2025-04-17 16:44:00 - DEBUG - [trading_loop] [N/A] ⏱ Skipping SMA_Cross_sma50, not yet time (every 5m)
2025-04-17 16:44:00 - DEBUG - [trading_loop] [N/A] ⏱ Skipping SMA_Cross_candle, not yet time (every 5m)
2025-04-17 16:44:00 - DEBUG - [trading_loop] [N/A] ⏱ Skipping VWAP_diff_signal_1700_volume, not yet time (every 5m)
2025-04-17 16:44:00 - DEBUG - [trading_loop] [N/A] ⏱ Skipping VWAP_diff_signal_rsi_1700, not yet time (every 5m)
2025-04-17 16:44:00 - INFO - [trading_loop] [N/A] 📊 Updating SL/TP for active orders
2025-04-17 16:44:01 - INFO - [_wait_until_next_iteration] [N/A] ⏳ Sleeping for 58.92 seconds before the next cycle
2025-04-17 16:45:00 - INFO - [_run_strategy_if_applicable] [N/A] 🔄 Starting trading loop for strategy: EMA_Cross_ema50
2025-04-17 16:45:00 - DEBUG - [_run_single_trading_iteration] [CFG] 🚫 Trade not allowed for CFG (limit reached)
2025-04-17 16:45:00 - DEBUG - [_run_single_trading_iteration] [CZR] 🚫 Trade not allowed for CZR (limit reached)
2025-04-17 16:45:00 - INFO - [get_stock_data] [GEN] Requesting data for GEN
2025-04-17 16:45:00 - INFO - [get_stock_data] [GEN] Data received for GEN: 81 rows
2025-04-17 16:45:00 - INFO - [check_ema_cross_ema50] [GEN] Analyzing EMA signals for GEN
2025-04-17 16:45:00 - INFO - [check_ema_cross_ema50] [GEN] EMA9: 24.31923318683971, EMA21: 24.310263604265906, EMA50: 24.40446393073521 | Prev EMA9: 24.306541483549637, EMA21: 24.304289964692497
2025-04-17 16:45:00 - DEBUG - [check_ema_cross_ema50] [GEN] No signal detected
2025-04-17 16:45:00 - DEBUG - [_run_single_trading_iteration] [GEN] 🔍 Signal for GEN: None
2025-04-17 16:45:00 - INFO - [_run_single_trading_iteration] [GEN] ℹ️ No valid signal for GEN
2025-04-17 16:45:00 - INFO - [get_stock_data] [PARA] Requesting data for PARA
2025-04-17 16:45:01 - INFO - [get_stock_data] [PARA] Data received for PARA: 81 rows
2025-04-17 16:45:01 - INFO - [check_ema_cross_ema50] [PARA] Analyzing EMA signals for PARA
2025-04-17 16:45:01 - INFO - [check_ema_cross_ema50] [PARA] EMA9: 10.72446209923224, EMA21: 10.70099550125479, EMA50: 10.704689793633118 | Prev EMA9: 10.718077624040298, EMA21: 10.696095051380269
2025-04-17 16:45:01 - DEBUG - [check_ema_cross_ema50] [PARA] No signal detected
2025-04-17 16:45:01 - DEBUG - [_run_single_trading_iteration] [PARA] 🔍 Signal for PARA: None
2025-04-17 16:45:01 - INFO - [_run_single_trading_iteration] [PARA] ℹ️ No valid signal for PARA
2025-04-17 16:45:01 - INFO - [get_stock_data] [PPL] Requesting data for PPL
2025-04-17 16:45:02 - INFO - [get_stock_data] [PPL] Data received for PPL: 81 rows
2025-04-17 16:45:02 - INFO - [check_ema_cross_ema50] [PPL] Analyzing EMA signals for PPL
2025-04-17 16:45:02 - INFO - [check_ema_cross_ema50] [PPL] EMA9: 35.32461145649233, EMA21: 35.32218761553342, EMA50: 35.38280568370045 | Prev EMA9: 35.280764320615404, EMA21: 35.304406377086764
2025-04-17 16:45:02 - INFO - [check_ema_cross_ema50] [PPL] ✅ BUY signal at 35.5, SL: 35.2515, TP: 35.997
2025-04-17 16:45:02 - DEBUG - [_run_single_trading_iteration] [PPL] 🔍 Signal for PPL: BUY
2025-04-17 16:45:02 - INFO - [place_order] [PPL] Placing MARKET order for PPL: 140 shares
2025-04-17 16:45:02 - INFO - [_run_single_trading_iteration] [PPL] ✅ Order BUY for PPL placed with ID 114
2025-04-17 16:45:02 - INFO - [get_stock_data] [TFC] Requesting data for TFC
2025-04-17 16:45:03 - INFO - [get_stock_data] [TFC] Data received for TFC: 81 rows
2025-04-17 16:45:03 - INFO - [check_ema_cross_ema50] [TFC] Analyzing EMA signals for TFC
2025-04-17 16:45:03 - INFO - [check_ema_cross_ema50] [TFC] EMA9: 35.788933134716984, EMA21: 35.804271262291266, EMA50: 35.95330068422869 | Prev EMA9: 35.771166418396234, EMA21: 35.79869838852039
2025-04-17 16:45:03 - DEBUG - [check_ema_cross_ema50] [TFC] No signal detected
2025-04-17 16:45:03 - DEBUG - [_run_single_trading_iteration] [TFC] 🔍 Signal for TFC: None
2025-04-17 16:45:03 - INFO - [_run_single_trading_iteration] [TFC] ℹ️ No valid signal for TFC
2025-04-17 16:45:03 - INFO - [get_stock_data] [WBD] Requesting data for WBD
2025-04-17 16:45:04 - INFO - [get_stock_data] [WBD] Data received for WBD: 81 rows
2025-04-17 16:45:04 - INFO - [check_ema_cross_ema50] [WBD] Analyzing EMA signals for WBD
2025-04-17 16:45:04 - INFO - [check_ema_cross_ema50] [WBD] EMA9: 7.941147783159271, EMA21: 7.902517456292153, EMA50: 7.935552596089033 | Prev EMA9: 7.921434728949087, EMA21: 7.890769201921368
2025-04-17 16:45:04 - DEBUG - [check_ema_cross_ema50] [WBD] No signal detected
2025-04-17 16:45:04 - DEBUG - [_run_single_trading_iteration] [WBD] 🔍 Signal for WBD: None
2025-04-17 16:45:04 - INFO - [_run_single_trading_iteration] [WBD] ℹ️ No valid signal for WBD
2025-04-17 16:45:04 - INFO - [_run_strategy_if_applicable] [N/A] 🔄 Starting trading loop for strategy: EMA_Cross_candle
2025-04-17 16:45:04 - INFO - [get_stock_data] [BAX] Requesting data for BAX
2025-04-17 16:45:04 - INFO - [get_stock_data] [BAX] Data received for BAX: 81 rows
2025-04-17 16:45:04 - INFO - [check_ema_cross_candle] [BAX] Analyzing EMA signals for BAX
2025-04-17 16:45:04 - INFO - [check_ema_cross_candle] [BAX] EMA9: 28.053582787761663, EMA21: 27.9266268867067 | Prev EMA9: 27.956978484702077, EMA21: 27.87528957537737 | Candle: bullish
2025-04-17 16:45:04 - DEBUG - [check_ema_cross_candle] [BAX] No signal detected
2025-04-17 16:45:04 - DEBUG - [_run_single_trading_iteration] [BAX] 🔍 Signal for BAX: None
2025-04-17 16:45:04 - INFO - [_run_single_trading_iteration] [BAX] ℹ️ No valid signal for BAX
2025-04-17 16:45:04 - INFO - [get_stock_data] [CTRA] Requesting data for CTRA
2025-04-17 16:45:05 - INFO - [get_stock_data] [CTRA] Data received for CTRA: 81 rows
2025-04-17 16:45:05 - INFO - [check_ema_cross_candle] [CTRA] Analyzing EMA signals for CTRA
2025-04-17 16:45:05 - INFO - [check_ema_cross_candle] [CTRA] EMA9: 25.84462701937902, EMA21: 25.789915521323074 | Prev EMA9: 25.78828377422377, EMA21: 25.761907073455383 | Candle: bullish
2025-04-17 16:45:05 - DEBUG - [check_ema_cross_candle] [CTRA] No signal detected
2025-04-17 16:45:05 - DEBUG - [_run_single_trading_iteration] [CTRA] 🔍 Signal for CTRA: None
2025-04-17 16:45:05 - INFO - [_run_single_trading_iteration] [CTRA] ℹ️ No valid signal for CTRA
2025-04-17 16:45:05 - DEBUG - [_run_single_trading_iteration] [EXC] 🚫 Trade not allowed for EXC (limit reached)
2025-04-17 16:45:05 - INFO - [get_stock_data] [FITB] Requesting data for FITB
2025-04-17 16:45:05 - INFO - [get_stock_data] [FITB] Data received for FITB: 82 rows
2025-04-17 16:45:05 - INFO - [check_ema_cross_candle] [FITB] Analyzing EMA signals for FITB
2025-04-17 16:45:05 - INFO - [check_ema_cross_candle] [FITB] EMA9: 34.05763578265437, EMA21: 34.17536944656448 | Prev EMA9: 34.07954472831797, EMA21: 34.19590639122093 | Candle: bullish
2025-04-17 16:45:05 - DEBUG - [check_ema_cross_candle] [FITB] No signal detected
2025-04-17 16:45:05 - DEBUG - [_run_single_trading_iteration] [FITB] 🔍 Signal for FITB: None
2025-04-17 16:45:05 - INFO - [_run_single_trading_iteration] [FITB] ℹ️ No valid signal for FITB
2025-04-17 16:45:05 - INFO - [get_stock_data] [KMI] Requesting data for KMI
2025-04-17 16:45:06 - INFO - [get_stock_data] [KMI] Data received for KMI: 82 rows
2025-04-17 16:45:06 - INFO - [check_ema_cross_candle] [KMI] Analyzing EMA signals for KMI
2025-04-17 16:45:06 - INFO - [check_ema_cross_candle] [KMI] EMA9: 27.147866467855724, EMA21: 27.074584920482522 | Prev EMA9: 27.092333084819654, EMA21: 27.045043412530774 | Candle: bearish
2025-04-17 16:45:06 - DEBUG - [check_ema_cross_candle] [KMI] No signal detected
2025-04-17 16:45:06 - DEBUG - [_run_single_trading_iteration] [KMI] 🔍 Signal for KMI: None
2025-04-17 16:45:06 - INFO - [_run_single_trading_iteration] [KMI] ℹ️ No valid signal for KMI
2025-04-17 16:45:06 - INFO - [get_stock_data] [UDR] Requesting data for UDR
2025-04-17 16:45:07 - INFO - [get_stock_data] [UDR] Data received for UDR: 82 rows
2025-04-17 16:45:07 - INFO - [check_ema_cross_candle] [UDR] Analyzing EMA signals for UDR
2025-04-17 16:45:07 - INFO - [check_ema_cross_candle] [UDR] EMA9: 41.22279006990994, EMA21: 41.0652956491554 | Prev EMA9: 41.12598758738742, EMA21: 41.01082521407095 | Candle: bearish
2025-04-17 16:45:07 - DEBUG - [check_ema_cross_candle] [UDR] No signal detected
2025-04-17 16:45:07 - DEBUG - [_run_single_trading_iteration] [UDR] 🔍 Signal for UDR: None
2025-04-17 16:45:07 - INFO - [_run_single_trading_iteration] [UDR] ℹ️ No valid signal for UDR
2025-04-17 16:45:07 - INFO - [_run_strategy_if_applicable] [N/A] ⏰ Strategy 'VWAP_diff_signal_1700' not executed because it's outside the time window: 17:30:00 - 19:00:00
2025-04-17 16:45:07 - INFO - [_run_strategy_if_applicable] [N/A] 🔄 Starting trading loop for strategy: SMA_Cross_sma50
2025-04-17 16:45:07 - INFO - [get_stock_data] [FITB] Requesting data for FITB
2025-04-17 16:45:07 - INFO - [get_stock_data] [FITB] Data received for FITB: 82 rows
2025-04-17 16:45:07 - INFO - [check_sma_cross_sma50] [FITB] Analyzing SMA signals for FITB
2025-04-17 16:45:07 - INFO - [check_sma_cross_sma50] [FITB] SMA5: 34.012, SMA20: 34.158, SMA50: 34.4578 | Prev SMA5: 34.08, SMA20: 34.176500000000004
2025-04-17 16:45:07 - DEBUG - [check_sma_cross_sma50] [FITB] No signal detected
2025-04-17 16:45:07 - DEBUG - [_run_single_trading_iteration] [FITB] 🔍 Signal for FITB: None
2025-04-17 16:45:07 - INFO - [_run_single_trading_iteration] [FITB] ℹ️ No valid signal for FITB
2025-04-17 16:45:07 - INFO - [get_stock_data] [HPQ] Requesting data for HPQ
2025-04-17 16:45:08 - INFO - [get_stock_data] [HPQ] Data received for HPQ: 82 rows
2025-04-17 16:45:08 - INFO - [check_sma_cross_sma50] [HPQ] Analyzing SMA signals for HPQ
2025-04-17 16:45:08 - INFO - [check_sma_cross_sma50] [HPQ] SMA5: 23.644, SMA20: 23.325, SMA50: 23.4108 | Prev SMA5: 23.589999999999996, SMA20: 23.3045
2025-04-17 16:45:08 - DEBUG - [check_sma_cross_sma50] [HPQ] No signal detected
2025-04-17 16:45:08 - DEBUG - [_run_single_trading_iteration] [HPQ] 🔍 Signal for HPQ: None
2025-04-17 16:45:08 - INFO - [_run_single_trading_iteration] [HPQ] ℹ️ No valid signal for HPQ
2025-04-17 16:45:08 - DEBUG - [_run_single_trading_iteration] [IPG] 🚫 Trade not allowed for IPG (limit reached)
2025-04-17 16:45:08 - INFO - [get_stock_data] [LVS] Requesting data for LVS
2025-04-17 16:45:08 - INFO - [get_stock_data] [LVS] Data received for LVS: 82 rows
2025-04-17 16:45:08 - INFO - [check_sma_cross_sma50] [LVS] Analyzing SMA signals for LVS
2025-04-17 16:45:08 - INFO - [check_sma_cross_sma50] [LVS] SMA5: 32.194, SMA20: 31.882500000000004, SMA50: 32.0748 | Prev SMA5: 32.126, SMA20: 31.866999999999997
2025-04-17 16:45:08 - DEBUG - [check_sma_cross_sma50] [LVS] No signal detected
2025-04-17 16:45:08 - DEBUG - [_run_single_trading_iteration] [LVS] 🔍 Signal for LVS: None
2025-04-17 16:45:08 - INFO - [_run_single_trading_iteration] [LVS] ℹ️ No valid signal for LVS
2025-04-17 16:45:08 - INFO - [get_stock_data] [NCLH] Requesting data for NCLH
2025-04-17 16:45:09 - INFO - [get_stock_data] [NCLH] Data received for NCLH: 82 rows
2025-04-17 16:45:09 - INFO - [check_sma_cross_sma50] [NCLH] Analyzing SMA signals for NCLH
2025-04-17 16:45:09 - INFO - [check_sma_cross_sma50] [NCLH] SMA5: 16.18, SMA20: 16.021, SMA50: 16.1836 | Prev SMA5: 16.15, SMA20: 16.0125
2025-04-17 16:45:09 - DEBUG - [check_sma_cross_sma50] [NCLH] No signal detected
2025-04-17 16:45:09 - DEBUG - [_run_single_trading_iteration] [NCLH] 🔍 Signal for NCLH: None
2025-04-17 16:45:09 - INFO - [_run_single_trading_iteration] [NCLH] ℹ️ No valid signal for NCLH
2025-04-17 16:45:09 - INFO - [get_stock_data] [NWSA] Requesting data for NWSA
2025-04-17 16:45:09 - INFO - [get_stock_data] [NWSA] Data received for NWSA: 82 rows
2025-04-17 16:45:09 - INFO - [check_sma_cross_sma50] [NWSA] Analyzing SMA signals for NWSA
2025-04-17 16:45:09 - INFO - [check_sma_cross_sma50] [NWSA] SMA5: 25.792, SMA20: 25.608999999999998, SMA50: 25.7854 | Prev SMA5: 25.756, SMA20: 25.598999999999997
2025-04-17 16:45:09 - DEBUG - [check_sma_cross_sma50] [NWSA] No signal detected
2025-04-17 16:45:09 - DEBUG - [_run_single_trading_iteration] [NWSA] 🔍 Signal for NWSA: None
2025-04-17 16:45:09 - INFO - [_run_single_trading_iteration] [NWSA] ℹ️ No valid signal for NWSA
2025-04-17 16:45:09 - INFO - [_run_strategy_if_applicable] [N/A] 🔄 Starting trading loop for strategy: SMA_Cross_candle
2025-04-17 16:45:09 - INFO - [get_stock_data] [DVN] Requesting data for DVN
2025-04-17 16:45:10 - INFO - [get_stock_data] [DVN] Data received for DVN: 82 rows
2025-04-17 16:45:10 - INFO - [check_sma_cross_candle] [DVN] Analyzing SMA signals for DVN
2025-04-17 16:45:10 - INFO - [check_sma_cross_candle] [DVN] SMA5: 29.910000000000004, SMA20: 29.3795 | Prev SMA5: 29.736, SMA20: 29.335 | Candle direction: bearish
2025-04-17 16:45:10 - DEBUG - [check_sma_cross_candle] [DVN] No signal detected
2025-04-17 16:45:10 - DEBUG - [_run_single_trading_iteration] [DVN] 🔍 Signal for DVN: None
2025-04-17 16:45:10 - INFO - [_run_single_trading_iteration] [DVN] ℹ️ No valid signal for DVN
2025-04-17 16:45:10 - INFO - [get_stock_data] [LUV] Requesting data for LUV
2025-04-17 16:45:10 - INFO - [get_stock_data] [LUV] Data received for LUV: 82 rows
2025-04-17 16:45:10 - INFO - [check_sma_cross_candle] [LUV] Analyzing SMA signals for LUV
2025-04-17 16:45:10 - INFO - [check_sma_cross_candle] [LUV] SMA5: 24.768, SMA20: 24.722 | Prev SMA5: 24.766, SMA20: 24.724 | Candle direction: bearish
2025-04-17 16:45:10 - DEBUG - [check_sma_cross_candle] [LUV] No signal detected
2025-04-17 16:45:10 - DEBUG - [_run_single_trading_iteration] [LUV] 🔍 Signal for LUV: None
2025-04-17 16:45:10 - INFO - [_run_single_trading_iteration] [LUV] ℹ️ No valid signal for LUV
2025-04-17 16:45:10 - INFO - [get_stock_data] [NI] Requesting data for NI
2025-04-17 16:45:11 - INFO - [get_stock_data] [NI] Data received for NI: 82 rows
2025-04-17 16:45:11 - INFO - [check_sma_cross_candle] [NI] Analyzing SMA signals for NI
2025-04-17 16:45:11 - INFO - [check_sma_cross_candle] [NI] SMA5: 39.33, SMA20: 38.949 | Prev SMA5: 39.184, SMA20: 38.9225 | Candle direction: bullish
2025-04-17 16:45:11 - DEBUG - [check_sma_cross_candle] [NI] No signal detected
2025-04-17 16:45:11 - DEBUG - [_run_single_trading_iteration] [NI] 🔍 Signal for NI: None
2025-04-17 16:45:11 - INFO - [_run_single_trading_iteration] [NI] ℹ️ No valid signal for NI
2025-04-17 16:45:11 - INFO - [get_stock_data] [WBD] Requesting data for WBD
2025-04-17 16:45:11 - INFO - [get_stock_data] [WBD] Data received for WBD: 82 rows
2025-04-17 16:45:11 - INFO - [check_sma_cross_candle] [WBD] Analyzing SMA signals for WBD
2025-04-17 16:45:11 - INFO - [check_sma_cross_candle] [WBD] SMA5: 8.03, SMA20: 7.886999999999999 | Prev SMA5: 8.008000000000001, SMA20: 7.8790000000000004 | Candle direction: bearish
2025-04-17 16:45:11 - DEBUG - [check_sma_cross_candle] [WBD] No signal detected
2025-04-17 16:45:11 - DEBUG - [_run_single_trading_iteration] [WBD] 🔍 Signal for WBD: None
2025-04-17 16:45:11 - INFO - [_run_single_trading_iteration] [WBD] ℹ️ No valid signal for WBD
2025-04-17 16:45:11 - INFO - [_run_strategy_if_applicable] [N/A] ⏰ Strategy 'VWAP_diff_signal_1700_volume' not executed because it's outside the time window: 17:30:00 - 19:00:00
2025-04-17 16:45:11 - INFO - [_run_strategy_if_applicable] [N/A] ⏰ Strategy 'VWAP_diff_signal_rsi_1700' not executed because it's outside the time window: 17:30:00 - 19:00:00
2025-04-17 16:45:11 - INFO - [trading_loop] [N/A] 📊 Updating SL/TP for active orders
2025-04-17 16:45:12 - INFO - [update_orders] [N/A] ✅ Order 114 filled at 35.6
2025-04-17 16:45:12 - INFO - [set_tp_sl_direct] [N/A] 🔹 Setting TP (LMT) 36.0 and SL 35.25 for PPL
2025-04-17 16:45:12 - INFO - [set_tp_sl_direct] [N/A] ✅ TP (MIT) Order Status: PendingSubmit (Trigger: 36.0)
2025-04-17 16:45:12 - INFO - [set_tp_sl_direct] [N/A] ✅ SL (Stop) Order Status: PendingSubmit (Trigger: 35.25)
2025-04-17 16:45:13 - INFO - [_wait_until_next_iteration] [N/A] ⏳ Sleeping for 46.63 seconds before the next cycle
2025-04-17 16:46:00 - DEBUG - [trading_loop] [N/A] ⏱ Skipping EMA_Cross_ema50, not yet time (every 5m)
2025-04-17 16:46:00 - DEBUG - [trading_loop] [N/A] ⏱ Skipping EMA_Cross_candle, not yet time (every 5m)
2025-04-17 16:46:00 - DEBUG - [trading_loop] [N/A] ⏱ Skipping VWAP_diff_signal_1700, not yet time (every 5m)
2025-04-17 16:46:00 - DEBUG - [trading_loop] [N/A] ⏱ Skipping SMA_Cross_sma50, not yet time (every 5m)
2025-04-17 16:46:00 - DEBUG - [trading_loop] [N/A] ⏱ Skipping SMA_Cross_candle, not yet time (every 5m)
2025-04-17 16:46:00 - DEBUG - [trading_loop] [N/A] ⏱ Skipping VWAP_diff_signal_1700_volume, not yet time (every 5m)
2025-04-17 16:46:00 - DEBUG - [trading_loop] [N/A] ⏱ Skipping VWAP_diff_signal_rsi_1700, not yet time (every 5m)
2025-04-17 16:46:00 - INFO - [trading_loop] [N/A] 📊 Updating SL/TP for active orders
2025-04-17 16:46:01 - INFO - [_wait_until_next_iteration] [N/A] ⏳ Sleeping for 58.93 seconds before the next cycle
2025-04-17 16:47:00 - DEBUG - [trading_loop] [N/A] ⏱ Skipping EMA_Cross_ema50, not yet time (every 5m)
2025-04-17 16:47:00 - DEBUG - [trading_loop] [N/A] ⏱ Skipping EMA_Cross_candle, not yet time (every 5m)
2025-04-17 16:47:00 - DEBUG - [trading_loop] [N/A] ⏱ Skipping VWAP_diff_signal_1700, not yet time (every 5m)
2025-04-17 16:47:00 - DEBUG - [trading_loop] [N/A] ⏱ Skipping SMA_Cross_sma50, not yet time (every 5m)
2025-04-17 16:47:00 - DEBUG - [trading_loop] [N/A] ⏱ Skipping SMA_Cross_candle, not yet time (every 5m)
2025-04-17 16:47:00 - DEBUG - [trading_loop] [N/A] ⏱ Skipping VWAP_diff_signal_1700_volume, not yet time (every 5m)
2025-04-17 16:47:00 - DEBUG - [trading_loop] [N/A] ⏱ Skipping VWAP_diff_signal_rsi_1700, not yet time (every 5m)
2025-04-17 16:47:00 - INFO - [trading_loop] [N/A] 📊 Updating SL/TP for active orders
2025-04-17 16:47:01 - INFO - [_wait_until_next_iteration] [N/A] ⏳ Sleeping for 58.92 seconds before the next cycle
2025-04-17 16:48:00 - DEBUG - [trading_loop] [N/A] ⏱ Skipping EMA_Cross_ema50, not yet time (every 5m)
2025-04-17 16:48:00 - DEBUG - [trading_loop] [N/A] ⏱ Skipping EMA_Cross_candle, not yet time (every 5m)
2025-04-17 16:48:00 - DEBUG - [trading_loop] [N/A] ⏱ Skipping VWAP_diff_signal_1700, not yet time (every 5m)
2025-04-17 16:48:00 - DEBUG - [trading_loop] [N/A] ⏱ Skipping SMA_Cross_sma50, not yet time (every 5m)
2025-04-17 16:48:00 - DEBUG - [trading_loop] [N/A] ⏱ Skipping SMA_Cross_candle, not yet time (every 5m)
2025-04-17 16:48:00 - DEBUG - [trading_loop] [N/A] ⏱ Skipping VWAP_diff_signal_1700_volume, not yet time (every 5m)
2025-04-17 16:48:00 - DEBUG - [trading_loop] [N/A] ⏱ Skipping VWAP_diff_signal_rsi_1700, not yet time (every 5m)
2025-04-17 16:48:00 - INFO - [trading_loop] [N/A] 📊 Updating SL/TP for active orders
2025-04-17 16:48:01 - INFO - [_wait_until_next_iteration] [N/A] ⏳ Sleeping for 58.93 seconds before the next cycle
2025-04-17 16:49:00 - DEBUG - [trading_loop] [N/A] ⏱ Skipping EMA_Cross_ema50, not yet time (every 5m)
2025-04-17 16:49:00 - DEBUG - [trading_loop] [N/A] ⏱ Skipping EMA_Cross_candle, not yet time (every 5m)
2025-04-17 16:49:00 - DEBUG - [trading_loop] [N/A] ⏱ Skipping VWAP_diff_signal_1700, not yet time (every 5m)
2025-04-17 16:49:00 - DEBUG - [trading_loop] [N/A] ⏱ Skipping SMA_Cross_sma50, not yet time (every 5m)
2025-04-17 16:49:00 - DEBUG - [trading_loop] [N/A] ⏱ Skipping SMA_Cross_candle, not yet time (every 5m)
2025-04-17 16:49:00 - DEBUG - [trading_loop] [N/A] ⏱ Skipping VWAP_diff_signal_1700_volume, not yet time (every 5m)
2025-04-17 16:49:00 - DEBUG - [trading_loop] [N/A] ⏱ Skipping VWAP_diff_signal_rsi_1700, not yet time (every 5m)
2025-04-17 16:49:00 - INFO - [trading_loop] [N/A] 📊 Updating SL/TP for active orders
2025-04-17 16:49:01 - INFO - [_wait_until_next_iteration] [N/A] ⏳ Sleeping for 58.93 seconds before the next cycle
2025-04-17 16:50:00 - INFO - [_run_strategy_if_applicable] [N/A] ⏰ Strategy 'EMA_Cross_ema50' not executed because it's outside the time window: 16:35:00 - 16:50:00
2025-04-17 16:50:00 - INFO - [_run_strategy_if_applicable] [N/A] ⏰ Strategy 'EMA_Cross_candle' not executed because it's outside the time window: 16:35:00 - 16:50:00
2025-04-17 16:50:00 - INFO - [_run_strategy_if_applicable] [N/A] ⏰ Strategy 'VWAP_diff_signal_1700' not executed because it's outside the time window: 17:30:00 - 19:00:00
2025-04-17 16:50:00 - INFO - [_run_strategy_if_applicable] [N/A] ⏰ Strategy 'SMA_Cross_sma50' not executed because it's outside the time window: 16:35:00 - 16:50:00
2025-04-17 16:50:00 - INFO - [_run_strategy_if_applicable] [N/A] ⏰ Strategy 'SMA_Cross_candle' not executed because it's outside the time window: 16:35:00 - 16:50:00
2025-04-17 16:50:00 - INFO - [_run_strategy_if_applicable] [N/A] ⏰ Strategy 'VWAP_diff_signal_1700_volume' not executed because it's outside the time window: 17:30:00 - 19:00:00
2025-04-17 16:50:00 - INFO - [_run_strategy_if_applicable] [N/A] ⏰ Strategy 'VWAP_diff_signal_rsi_1700' not executed because it's outside the time window: 17:30:00 - 19:00:00
2025-04-17 16:50:00 - INFO - [trading_loop] [N/A] 📊 Updating SL/TP for active orders
2025-04-17 16:50:01 - INFO - [_wait_until_next_iteration] [N/A] ⏳ Sleeping for 58.92 seconds before the next cycle
2025-04-17 16:51:00 - DEBUG - [trading_loop] [N/A] ⏱ Skipping EMA_Cross_ema50, not yet time (every 5m)
2025-04-17 16:51:00 - DEBUG - [trading_loop] [N/A] ⏱ Skipping EMA_Cross_candle, not yet time (every 5m)
2025-04-17 16:51:00 - DEBUG - [trading_loop] [N/A] ⏱ Skipping VWAP_diff_signal_1700, not yet time (every 5m)
2025-04-17 16:51:00 - DEBUG - [trading_loop] [N/A] ⏱ Skipping SMA_Cross_sma50, not yet time (every 5m)
2025-04-17 16:51:00 - DEBUG - [trading_loop] [N/A] ⏱ Skipping SMA_Cross_candle, not yet time (every 5m)
2025-04-17 16:51:00 - DEBUG - [trading_loop] [N/A] ⏱ Skipping VWAP_diff_signal_1700_volume, not yet time (every 5m)
2025-04-17 16:51:00 - DEBUG - [trading_loop] [N/A] ⏱ Skipping VWAP_diff_signal_rsi_1700, not yet time (every 5m)
2025-04-17 16:51:00 - INFO - [trading_loop] [N/A] 📊 Updating SL/TP for active orders
2025-04-17 16:51:01 - INFO - [_wait_until_next_iteration] [N/A] ⏳ Sleeping for 58.93 seconds before the next cycle
2025-04-17 16:52:00 - DEBUG - [trading_loop] [N/A] ⏱ Skipping EMA_Cross_ema50, not yet time (every 5m)
2025-04-17 16:52:00 - DEBUG - [trading_loop] [N/A] ⏱ Skipping EMA_Cross_candle, not yet time (every 5m)
2025-04-17 16:52:00 - DEBUG - [trading_loop] [N/A] ⏱ Skipping VWAP_diff_signal_1700, not yet time (every 5m)
2025-04-17 16:52:00 - DEBUG - [trading_loop] [N/A] ⏱ Skipping SMA_Cross_sma50, not yet time (every 5m)
2025-04-17 16:52:00 - DEBUG - [trading_loop] [N/A] ⏱ Skipping SMA_Cross_candle, not yet time (every 5m)
2025-04-17 16:52:00 - DEBUG - [trading_loop] [N/A] ⏱ Skipping VWAP_diff_signal_1700_volume, not yet time (every 5m)
2025-04-17 16:52:00 - DEBUG - [trading_loop] [N/A] ⏱ Skipping VWAP_diff_signal_rsi_1700, not yet time (every 5m)
2025-04-17 16:52:00 - INFO - [trading_loop] [N/A] 📊 Updating SL/TP for active orders
2025-04-17 16:52:01 - INFO - [_wait_until_next_iteration] [N/A] ⏳ Sleeping for 58.94 seconds before the next cycle
2025-04-17 16:53:00 - DEBUG - [trading_loop] [N/A] ⏱ Skipping EMA_Cross_ema50, not yet time (every 5m)
2025-04-17 16:53:00 - DEBUG - [trading_loop] [N/A] ⏱ Skipping EMA_Cross_candle, not yet time (every 5m)
2025-04-17 16:53:00 - DEBUG - [trading_loop] [N/A] ⏱ Skipping VWAP_diff_signal_1700, not yet time (every 5m)
2025-04-17 16:53:00 - DEBUG - [trading_loop] [N/A] ⏱ Skipping SMA_Cross_sma50, not yet time (every 5m)
2025-04-17 16:53:00 - DEBUG - [trading_loop] [N/A] ⏱ Skipping SMA_Cross_candle, not yet time (every 5m)
2025-04-17 16:53:00 - DEBUG - [trading_loop] [N/A] ⏱ Skipping VWAP_diff_signal_1700_volume, not yet time (every 5m)
2025-04-17 16:53:00 - DEBUG - [trading_loop] [N/A] ⏱ Skipping VWAP_diff_signal_rsi_1700, not yet time (every 5m)
2025-04-17 16:53:00 - INFO - [trading_loop] [N/A] 📊 Updating SL/TP for active orders
2025-04-17 16:53:01 - INFO - [_wait_until_next_iteration] [N/A] ⏳ Sleeping for 58.93 seconds before the next cycle
2025-04-17 16:54:00 - DEBUG - [trading_loop] [N/A] ⏱ Skipping EMA_Cross_ema50, not yet time (every 5m)
2025-04-17 16:54:00 - DEBUG - [trading_loop] [N/A] ⏱ Skipping EMA_Cross_candle, not yet time (every 5m)
2025-04-17 16:54:00 - DEBUG - [trading_loop] [N/A] ⏱ Skipping VWAP_diff_signal_1700, not yet time (every 5m)
2025-04-17 16:54:00 - DEBUG - [trading_loop] [N/A] ⏱ Skipping SMA_Cross_sma50, not yet time (every 5m)
2025-04-17 16:54:00 - DEBUG - [trading_loop] [N/A] ⏱ Skipping SMA_Cross_candle, not yet time (every 5m)
2025-04-17 16:54:00 - DEBUG - [trading_loop] [N/A] ⏱ Skipping VWAP_diff_signal_1700_volume, not yet time (every 5m)
2025-04-17 16:54:00 - DEBUG - [trading_loop] [N/A] ⏱ Skipping VWAP_diff_signal_rsi_1700, not yet time (every 5m)
2025-04-17 16:54:00 - INFO - [trading_loop] [N/A] 📊 Updating SL/TP for active orders
2025-04-17 16:54:01 - INFO - [_wait_until_next_iteration] [N/A] ⏳ Sleeping for 58.93 seconds before the next cycle
2025-04-17 16:55:00 - INFO - [_run_strategy_if_applicable] [N/A] ⏰ Strategy 'EMA_Cross_ema50' not executed because it's outside the time window: 16:35:00 - 16:50:00
2025-04-17 16:55:00 - INFO - [_run_strategy_if_applicable] [N/A] ⏰ Strategy 'EMA_Cross_candle' not executed because it's outside the time window: 16:35:00 - 16:50:00
2025-04-17 16:55:00 - INFO - [_run_strategy_if_applicable] [N/A] ⏰ Strategy 'VWAP_diff_signal_1700' not executed because it's outside the time window: 17:30:00 - 19:00:00
2025-04-17 16:55:00 - INFO - [_run_strategy_if_applicable] [N/A] ⏰ Strategy 'SMA_Cross_sma50' not executed because it's outside the time window: 16:35:00 - 16:50:00
2025-04-17 16:55:00 - INFO - [_run_strategy_if_applicable] [N/A] ⏰ Strategy 'SMA_Cross_candle' not executed because it's outside the time window: 16:35:00 - 16:50:00
2025-04-17 16:55:00 - INFO - [_run_strategy_if_applicable] [N/A] ⏰ Strategy 'VWAP_diff_signal_1700_volume' not executed because it's outside the time window: 17:30:00 - 19:00:00
2025-04-17 16:55:00 - INFO - [_run_strategy_if_applicable] [N/A] ⏰ Strategy 'VWAP_diff_signal_rsi_1700' not executed because it's outside the time window: 17:30:00 - 19:00:00
2025-04-17 16:55:00 - INFO - [trading_loop] [N/A] 📊 Updating SL/TP for active orders
2025-04-17 16:55:01 - INFO - [_wait_until_next_iteration] [N/A] ⏳ Sleeping for 58.91 seconds before the next cycle
2025-04-17 16:56:00 - DEBUG - [trading_loop] [N/A] ⏱ Skipping EMA_Cross_ema50, not yet time (every 5m)
2025-04-17 16:56:00 - DEBUG - [trading_loop] [N/A] ⏱ Skipping EMA_Cross_candle, not yet time (every 5m)
2025-04-17 16:56:00 - DEBUG - [trading_loop] [N/A] ⏱ Skipping VWAP_diff_signal_1700, not yet time (every 5m)
2025-04-17 16:56:00 - DEBUG - [trading_loop] [N/A] ⏱ Skipping SMA_Cross_sma50, not yet time (every 5m)
2025-04-17 16:56:00 - DEBUG - [trading_loop] [N/A] ⏱ Skipping SMA_Cross_candle, not yet time (every 5m)
2025-04-17 16:56:00 - DEBUG - [trading_loop] [N/A] ⏱ Skipping VWAP_diff_signal_1700_volume, not yet time (every 5m)
2025-04-17 16:56:00 - DEBUG - [trading_loop] [N/A] ⏱ Skipping VWAP_diff_signal_rsi_1700, not yet time (every 5m)
2025-04-17 16:56:00 - INFO - [trading_loop] [N/A] 📊 Updating SL/TP for active orders
2025-04-17 16:56:01 - INFO - [_wait_until_next_iteration] [N/A] ⏳ Sleeping for 58.93 seconds before the next cycle
2025-04-17 16:57:00 - DEBUG - [trading_loop] [N/A] ⏱ Skipping EMA_Cross_ema50, not yet time (every 5m)
2025-04-17 16:57:00 - DEBUG - [trading_loop] [N/A] ⏱ Skipping EMA_Cross_candle, not yet time (every 5m)
2025-04-17 16:57:00 - DEBUG - [trading_loop] [N/A] ⏱ Skipping VWAP_diff_signal_1700, not yet time (every 5m)
2025-04-17 16:57:00 - DEBUG - [trading_loop] [N/A] ⏱ Skipping SMA_Cross_sma50, not yet time (every 5m)
2025-04-17 16:57:00 - DEBUG - [trading_loop] [N/A] ⏱ Skipping SMA_Cross_candle, not yet time (every 5m)
2025-04-17 16:57:00 - DEBUG - [trading_loop] [N/A] ⏱ Skipping VWAP_diff_signal_1700_volume, not yet time (every 5m)
2025-04-17 16:57:00 - DEBUG - [trading_loop] [N/A] ⏱ Skipping VWAP_diff_signal_rsi_1700, not yet time (every 5m)
2025-04-17 16:57:00 - INFO - [trading_loop] [N/A] 📊 Updating SL/TP for active orders
2025-04-17 16:57:01 - INFO - [_wait_until_next_iteration] [N/A] ⏳ Sleeping for 58.93 seconds before the next cycle
2025-04-17 16:58:00 - DEBUG - [trading_loop] [N/A] ⏱ Skipping EMA_Cross_ema50, not yet time (every 5m)
2025-04-17 16:58:00 - DEBUG - [trading_loop] [N/A] ⏱ Skipping EMA_Cross_candle, not yet time (every 5m)
2025-04-17 16:58:00 - DEBUG - [trading_loop] [N/A] ⏱ Skipping VWAP_diff_signal_1700, not yet time (every 5m)
2025-04-17 16:58:00 - DEBUG - [trading_loop] [N/A] ⏱ Skipping SMA_Cross_sma50, not yet time (every 5m)
2025-04-17 16:58:00 - DEBUG - [trading_loop] [N/A] ⏱ Skipping SMA_Cross_candle, not yet time (every 5m)
2025-04-17 16:58:00 - DEBUG - [trading_loop] [N/A] ⏱ Skipping VWAP_diff_signal_1700_volume, not yet time (every 5m)
2025-04-17 16:58:00 - DEBUG - [trading_loop] [N/A] ⏱ Skipping VWAP_diff_signal_rsi_1700, not yet time (every 5m)
2025-04-17 16:58:00 - INFO - [trading_loop] [N/A] 📊 Updating SL/TP for active orders
2025-04-17 16:58:01 - INFO - [_wait_until_next_iteration] [N/A] ⏳ Sleeping for 58.92 seconds before the next cycle
2025-04-17 16:59:00 - DEBUG - [trading_loop] [N/A] ⏱ Skipping EMA_Cross_ema50, not yet time (every 5m)
2025-04-17 16:59:00 - DEBUG - [trading_loop] [N/A] ⏱ Skipping EMA_Cross_candle, not yet time (every 5m)
2025-04-17 16:59:00 - DEBUG - [trading_loop] [N/A] ⏱ Skipping VWAP_diff_signal_1700, not yet time (every 5m)
2025-04-17 16:59:00 - DEBUG - [trading_loop] [N/A] ⏱ Skipping SMA_Cross_sma50, not yet time (every 5m)
2025-04-17 16:59:00 - DEBUG - [trading_loop] [N/A] ⏱ Skipping SMA_Cross_candle, not yet time (every 5m)
2025-04-17 16:59:00 - DEBUG - [trading_loop] [N/A] ⏱ Skipping VWAP_diff_signal_1700_volume, not yet time (every 5m)
2025-04-17 16:59:00 - DEBUG - [trading_loop] [N/A] ⏱ Skipping VWAP_diff_signal_rsi_1700, not yet time (every 5m)
2025-04-17 16:59:00 - INFO - [trading_loop] [N/A] 📊 Updating SL/TP for active orders
2025-04-17 16:59:01 - INFO - [_wait_until_next_iteration] [N/A] ⏳ Sleeping for 58.92 seconds before the next cycle
2025-04-17 17:00:00 - INFO - [_run_strategy_if_applicable] [N/A] ⏰ Strategy 'EMA_Cross_ema50' not executed because it's outside the time window: 16:35:00 - 16:50:00
2025-04-17 17:00:00 - INFO - [_run_strategy_if_applicable] [N/A] ⏰ Strategy 'EMA_Cross_candle' not executed because it's outside the time window: 16:35:00 - 16:50:00
2025-04-17 17:00:00 - INFO - [_run_strategy_if_applicable] [N/A] ⏰ Strategy 'VWAP_diff_signal_1700' not executed because it's outside the time window: 17:30:00 - 19:00:00
2025-04-17 17:00:00 - INFO - [_run_strategy_if_applicable] [N/A] ⏰ Strategy 'SMA_Cross_sma50' not executed because it's outside the time window: 16:35:00 - 16:50:00
2025-04-17 17:00:00 - INFO - [_run_strategy_if_applicable] [N/A] ⏰ Strategy 'SMA_Cross_candle' not executed because it's outside the time window: 16:35:00 - 16:50:00
2025-04-17 17:00:00 - INFO - [_run_strategy_if_applicable] [N/A] ⏰ Strategy 'VWAP_diff_signal_1700_volume' not executed because it's outside the time window: 17:30:00 - 19:00:00
2025-04-17 17:00:00 - INFO - [_run_strategy_if_applicable] [N/A] ⏰ Strategy 'VWAP_diff_signal_rsi_1700' not executed because it's outside the time window: 17:30:00 - 19:00:00
2025-04-17 17:00:00 - INFO - [trading_loop] [N/A] 📊 Updating SL/TP for active orders
2025-04-17 17:00:01 - INFO - [_wait_until_next_iteration] [N/A] ⏳ Sleeping for 58.93 seconds before the next cycle
2025-04-17 17:01:00 - DEBUG - [trading_loop] [N/A] ⏱ Skipping EMA_Cross_ema50, not yet time (every 5m)
2025-04-17 17:01:00 - DEBUG - [trading_loop] [N/A] ⏱ Skipping EMA_Cross_candle, not yet time (every 5m)
2025-04-17 17:01:00 - DEBUG - [trading_loop] [N/A] ⏱ Skipping VWAP_diff_signal_1700, not yet time (every 5m)
2025-04-17 17:01:00 - DEBUG - [trading_loop] [N/A] ⏱ Skipping SMA_Cross_sma50, not yet time (every 5m)
2025-04-17 17:01:00 - DEBUG - [trading_loop] [N/A] ⏱ Skipping SMA_Cross_candle, not yet time (every 5m)
2025-04-17 17:01:00 - DEBUG - [trading_loop] [N/A] ⏱ Skipping VWAP_diff_signal_1700_volume, not yet time (every 5m)
2025-04-17 17:01:00 - DEBUG - [trading_loop] [N/A] ⏱ Skipping VWAP_diff_signal_rsi_1700, not yet time (every 5m)
2025-04-17 17:01:00 - INFO - [trading_loop] [N/A] 📊 Updating SL/TP for active orders
2025-04-17 17:01:01 - INFO - [_wait_until_next_iteration] [N/A] ⏳ Sleeping for 58.91 seconds before the next cycle
2025-04-17 17:02:00 - DEBUG - [trading_loop] [N/A] ⏱ Skipping EMA_Cross_ema50, not yet time (every 5m)
2025-04-17 17:02:00 - DEBUG - [trading_loop] [N/A] ⏱ Skipping EMA_Cross_candle, not yet time (every 5m)
2025-04-17 17:02:00 - DEBUG - [trading_loop] [N/A] ⏱ Skipping VWAP_diff_signal_1700, not yet time (every 5m)
2025-04-17 17:02:00 - DEBUG - [trading_loop] [N/A] ⏱ Skipping SMA_Cross_sma50, not yet time (every 5m)
2025-04-17 17:02:00 - DEBUG - [trading_loop] [N/A] ⏱ Skipping SMA_Cross_candle, not yet time (every 5m)
2025-04-17 17:02:00 - DEBUG - [trading_loop] [N/A] ⏱ Skipping VWAP_diff_signal_1700_volume, not yet time (every 5m)
2025-04-17 17:02:00 - DEBUG - [trading_loop] [N/A] ⏱ Skipping VWAP_diff_signal_rsi_1700, not yet time (every 5m)
2025-04-17 17:02:00 - INFO - [trading_loop] [N/A] 📊 Updating SL/TP for active orders
2025-04-17 17:02:01 - INFO - [_wait_until_next_iteration] [N/A] ⏳ Sleeping for 58.93 seconds before the next cycle
2025-04-17 17:03:00 - DEBUG - [trading_loop] [N/A] ⏱ Skipping EMA_Cross_ema50, not yet time (every 5m)
2025-04-17 17:03:00 - DEBUG - [trading_loop] [N/A] ⏱ Skipping EMA_Cross_candle, not yet time (every 5m)
2025-04-17 17:03:00 - DEBUG - [trading_loop] [N/A] ⏱ Skipping VWAP_diff_signal_1700, not yet time (every 5m)
2025-04-17 17:03:00 - DEBUG - [trading_loop] [N/A] ⏱ Skipping SMA_Cross_sma50, not yet time (every 5m)
2025-04-17 17:03:00 - DEBUG - [trading_loop] [N/A] ⏱ Skipping SMA_Cross_candle, not yet time (every 5m)
2025-04-17 17:03:00 - DEBUG - [trading_loop] [N/A] ⏱ Skipping VWAP_diff_signal_1700_volume, not yet time (every 5m)
2025-04-17 17:03:00 - DEBUG - [trading_loop] [N/A] ⏱ Skipping VWAP_diff_signal_rsi_1700, not yet time (every 5m)
2025-04-17 17:03:00 - INFO - [trading_loop] [N/A] 📊 Updating SL/TP for active orders
2025-04-17 17:03:01 - INFO - [_wait_until_next_iteration] [N/A] ⏳ Sleeping for 58.93 seconds before the next cycle
2025-04-17 17:04:00 - DEBUG - [trading_loop] [N/A] ⏱ Skipping EMA_Cross_ema50, not yet time (every 5m)
2025-04-17 17:04:00 - DEBUG - [trading_loop] [N/A] ⏱ Skipping EMA_Cross_candle, not yet time (every 5m)
2025-04-17 17:04:00 - DEBUG - [trading_loop] [N/A] ⏱ Skipping VWAP_diff_signal_1700, not yet time (every 5m)
2025-04-17 17:04:00 - DEBUG - [trading_loop] [N/A] ⏱ Skipping SMA_Cross_sma50, not yet time (every 5m)
2025-04-17 17:04:00 - DEBUG - [trading_loop] [N/A] ⏱ Skipping SMA_Cross_candle, not yet time (every 5m)
2025-04-17 17:04:00 - DEBUG - [trading_loop] [N/A] ⏱ Skipping VWAP_diff_signal_1700_volume, not yet time (every 5m)
2025-04-17 17:04:00 - DEBUG - [trading_loop] [N/A] ⏱ Skipping VWAP_diff_signal_rsi_1700, not yet time (every 5m)
2025-04-17 17:04:00 - INFO - [trading_loop] [N/A] 📊 Updating SL/TP for active orders
2025-04-17 17:04:01 - INFO - [_wait_until_next_iteration] [N/A] ⏳ Sleeping for 58.92 seconds before the next cycle
2025-04-17 17:05:00 - INFO - [_run_strategy_if_applicable] [N/A] ⏰ Strategy 'EMA_Cross_ema50' not executed because it's outside the time window: 16:35:00 - 16:50:00
2025-04-17 17:05:00 - INFO - [_run_strategy_if_applicable] [N/A] ⏰ Strategy 'EMA_Cross_candle' not executed because it's outside the time window: 16:35:00 - 16:50:00
2025-04-17 17:05:00 - INFO - [_run_strategy_if_applicable] [N/A] ⏰ Strategy 'VWAP_diff_signal_1700' not executed because it's outside the time window: 17:30:00 - 19:00:00
2025-04-17 17:05:00 - INFO - [_run_strategy_if_applicable] [N/A] ⏰ Strategy 'SMA_Cross_sma50' not executed because it's outside the time window: 16:35:00 - 16:50:00
2025-04-17 17:05:00 - INFO - [_run_strategy_if_applicable] [N/A] ⏰ Strategy 'SMA_Cross_candle' not executed because it's outside the time window: 16:35:00 - 16:50:00
2025-04-17 17:05:00 - INFO - [_run_strategy_if_applicable] [N/A] ⏰ Strategy 'VWAP_diff_signal_1700_volume' not executed because it's outside the time window: 17:30:00 - 19:00:00
2025-04-17 17:05:00 - INFO - [_run_strategy_if_applicable] [N/A] ⏰ Strategy 'VWAP_diff_signal_rsi_1700' not executed because it's outside the time window: 17:30:00 - 19:00:00
2025-04-17 17:05:00 - INFO - [trading_loop] [N/A] 📊 Updating SL/TP for active orders
2025-04-17 17:05:01 - INFO - [_wait_until_next_iteration] [N/A] ⏳ Sleeping for 58.93 seconds before the next cycle
2025-04-17 17:06:00 - DEBUG - [trading_loop] [N/A] ⏱ Skipping EMA_Cross_ema50, not yet time (every 5m)
2025-04-17 17:06:00 - DEBUG - [trading_loop] [N/A] ⏱ Skipping EMA_Cross_candle, not yet time (every 5m)
2025-04-17 17:06:00 - DEBUG - [trading_loop] [N/A] ⏱ Skipping VWAP_diff_signal_1700, not yet time (every 5m)
2025-04-17 17:06:00 - DEBUG - [trading_loop] [N/A] ⏱ Skipping SMA_Cross_sma50, not yet time (every 5m)
2025-04-17 17:06:00 - DEBUG - [trading_loop] [N/A] ⏱ Skipping SMA_Cross_candle, not yet time (every 5m)
2025-04-17 17:06:00 - DEBUG - [trading_loop] [N/A] ⏱ Skipping VWAP_diff_signal_1700_volume, not yet time (every 5m)
2025-04-17 17:06:00 - DEBUG - [trading_loop] [N/A] ⏱ Skipping VWAP_diff_signal_rsi_1700, not yet time (every 5m)
2025-04-17 17:06:00 - INFO - [trading_loop] [N/A] 📊 Updating SL/TP for active orders
2025-04-17 17:06:01 - INFO - [_wait_until_next_iteration] [N/A] ⏳ Sleeping for 58.93 seconds before the next cycle
2025-04-17 17:07:00 - DEBUG - [trading_loop] [N/A] ⏱ Skipping EMA_Cross_ema50, not yet time (every 5m)
2025-04-17 17:07:00 - DEBUG - [trading_loop] [N/A] ⏱ Skipping EMA_Cross_candle, not yet time (every 5m)
2025-04-17 17:07:00 - DEBUG - [trading_loop] [N/A] ⏱ Skipping VWAP_diff_signal_1700, not yet time (every 5m)
2025-04-17 17:07:00 - DEBUG - [trading_loop] [N/A] ⏱ Skipping SMA_Cross_sma50, not yet time (every 5m)
2025-04-17 17:07:00 - DEBUG - [trading_loop] [N/A] ⏱ Skipping SMA_Cross_candle, not yet time (every 5m)
2025-04-17 17:07:00 - DEBUG - [trading_loop] [N/A] ⏱ Skipping VWAP_diff_signal_1700_volume, not yet time (every 5m)
2025-04-17 17:07:00 - DEBUG - [trading_loop] [N/A] ⏱ Skipping VWAP_diff_signal_rsi_1700, not yet time (every 5m)
2025-04-17 17:07:00 - INFO - [trading_loop] [N/A] 📊 Updating SL/TP for active orders
2025-04-17 17:07:01 - INFO - [_wait_until_next_iteration] [N/A] ⏳ Sleeping for 58.93 seconds before the next cycle
2025-04-17 17:08:00 - DEBUG - [trading_loop] [N/A] ⏱ Skipping EMA_Cross_ema50, not yet time (every 5m)
2025-04-17 17:08:00 - DEBUG - [trading_loop] [N/A] ⏱ Skipping EMA_Cross_candle, not yet time (every 5m)
2025-04-17 17:08:00 - DEBUG - [trading_loop] [N/A] ⏱ Skipping VWAP_diff_signal_1700, not yet time (every 5m)
2025-04-17 17:08:00 - DEBUG - [trading_loop] [N/A] ⏱ Skipping SMA_Cross_sma50, not yet time (every 5m)
2025-04-17 17:08:00 - DEBUG - [trading_loop] [N/A] ⏱ Skipping SMA_Cross_candle, not yet time (every 5m)
2025-04-17 17:08:00 - DEBUG - [trading_loop] [N/A] ⏱ Skipping VWAP_diff_signal_1700_volume, not yet time (every 5m)
2025-04-17 17:08:00 - DEBUG - [trading_loop] [N/A] ⏱ Skipping VWAP_diff_signal_rsi_1700, not yet time (every 5m)
2025-04-17 17:08:00 - INFO - [trading_loop] [N/A] 📊 Updating SL/TP for active orders
2025-04-17 17:08:01 - INFO - [_wait_until_next_iteration] [N/A] ⏳ Sleeping for 58.93 seconds before the next cycle
2025-04-17 17:09:00 - DEBUG - [trading_loop] [N/A] ⏱ Skipping EMA_Cross_ema50, not yet time (every 5m)
2025-04-17 17:09:00 - DEBUG - [trading_loop] [N/A] ⏱ Skipping EMA_Cross_candle, not yet time (every 5m)
2025-04-17 17:09:00 - DEBUG - [trading_loop] [N/A] ⏱ Skipping VWAP_diff_signal_1700, not yet time (every 5m)
2025-04-17 17:09:00 - DEBUG - [trading_loop] [N/A] ⏱ Skipping SMA_Cross_sma50, not yet time (every 5m)
2025-04-17 17:09:00 - DEBUG - [trading_loop] [N/A] ⏱ Skipping SMA_Cross_candle, not yet time (every 5m)
2025-04-17 17:09:00 - DEBUG - [trading_loop] [N/A] ⏱ Skipping VWAP_diff_signal_1700_volume, not yet time (every 5m)
2025-04-17 17:09:00 - DEBUG - [trading_loop] [N/A] ⏱ Skipping VWAP_diff_signal_rsi_1700, not yet time (every 5m)
2025-04-17 17:09:00 - INFO - [trading_loop] [N/A] 📊 Updating SL/TP for active orders
2025-04-17 17:09:01 - INFO - [_wait_until_next_iteration] [N/A] ⏳ Sleeping for 58.91 seconds before the next cycle
2025-04-17 17:10:00 - INFO - [_run_strategy_if_applicable] [N/A] ⏰ Strategy 'EMA_Cross_ema50' not executed because it's outside the time window: 16:35:00 - 16:50:00
2025-04-17 17:10:00 - INFO - [_run_strategy_if_applicable] [N/A] ⏰ Strategy 'EMA_Cross_candle' not executed because it's outside the time window: 16:35:00 - 16:50:00
2025-04-17 17:10:00 - INFO - [_run_strategy_if_applicable] [N/A] ⏰ Strategy 'VWAP_diff_signal_1700' not executed because it's outside the time window: 17:30:00 - 19:00:00
2025-04-17 17:10:00 - INFO - [_run_strategy_if_applicable] [N/A] ⏰ Strategy 'SMA_Cross_sma50' not executed because it's outside the time window: 16:35:00 - 16:50:00
2025-04-17 17:10:00 - INFO - [_run_strategy_if_applicable] [N/A] ⏰ Strategy 'SMA_Cross_candle' not executed because it's outside the time window: 16:35:00 - 16:50:00
2025-04-17 17:10:00 - INFO - [_run_strategy_if_applicable] [N/A] ⏰ Strategy 'VWAP_diff_signal_1700_volume' not executed because it's outside the time window: 17:30:00 - 19:00:00
2025-04-17 17:10:00 - INFO - [_run_strategy_if_applicable] [N/A] ⏰ Strategy 'VWAP_diff_signal_rsi_1700' not executed because it's outside the time window: 17:30:00 - 19:00:00
2025-04-17 17:10:00 - INFO - [trading_loop] [N/A] 📊 Updating SL/TP for active orders
2025-04-17 17:10:01 - INFO - [_wait_until_next_iteration] [N/A] ⏳ Sleeping for 58.93 seconds before the next cycle
2025-04-17 17:11:00 - DEBUG - [trading_loop] [N/A] ⏱ Skipping EMA_Cross_ema50, not yet time (every 5m)
2025-04-17 17:11:00 - DEBUG - [trading_loop] [N/A] ⏱ Skipping EMA_Cross_candle, not yet time (every 5m)
2025-04-17 17:11:00 - DEBUG - [trading_loop] [N/A] ⏱ Skipping VWAP_diff_signal_1700, not yet time (every 5m)
2025-04-17 17:11:00 - DEBUG - [trading_loop] [N/A] ⏱ Skipping SMA_Cross_sma50, not yet time (every 5m)
2025-04-17 17:11:00 - DEBUG - [trading_loop] [N/A] ⏱ Skipping SMA_Cross_candle, not yet time (every 5m)
2025-04-17 17:11:00 - DEBUG - [trading_loop] [N/A] ⏱ Skipping VWAP_diff_signal_1700_volume, not yet time (every 5m)
2025-04-17 17:11:00 - DEBUG - [trading_loop] [N/A] ⏱ Skipping VWAP_diff_signal_rsi_1700, not yet time (every 5m)
2025-04-17 17:11:00 - INFO - [trading_loop] [N/A] 📊 Updating SL/TP for active orders
2025-04-17 17:11:01 - INFO - [_wait_until_next_iteration] [N/A] ⏳ Sleeping for 58.93 seconds before the next cycle
2025-04-17 17:12:00 - DEBUG - [trading_loop] [N/A] ⏱ Skipping EMA_Cross_ema50, not yet time (every 5m)
2025-04-17 17:12:00 - DEBUG - [trading_loop] [N/A] ⏱ Skipping EMA_Cross_candle, not yet time (every 5m)
2025-04-17 17:12:00 - DEBUG - [trading_loop] [N/A] ⏱ Skipping VWAP_diff_signal_1700, not yet time (every 5m)
2025-04-17 17:12:00 - DEBUG - [trading_loop] [N/A] ⏱ Skipping SMA_Cross_sma50, not yet time (every 5m)
2025-04-17 17:12:00 - DEBUG - [trading_loop] [N/A] ⏱ Skipping SMA_Cross_candle, not yet time (every 5m)
2025-04-17 17:12:00 - DEBUG - [trading_loop] [N/A] ⏱ Skipping VWAP_diff_signal_1700_volume, not yet time (every 5m)
2025-04-17 17:12:00 - DEBUG - [trading_loop] [N/A] ⏱ Skipping VWAP_diff_signal_rsi_1700, not yet time (every 5m)
2025-04-17 17:12:00 - INFO - [trading_loop] [N/A] 📊 Updating SL/TP for active orders
2025-04-17 17:12:01 - INFO - [_wait_until_next_iteration] [N/A] ⏳ Sleeping for 58.93 seconds before the next cycle
2025-04-17 17:13:00 - DEBUG - [trading_loop] [N/A] ⏱ Skipping EMA_Cross_ema50, not yet time (every 5m)
2025-04-17 17:13:00 - DEBUG - [trading_loop] [N/A] ⏱ Skipping EMA_Cross_candle, not yet time (every 5m)
2025-04-17 17:13:00 - DEBUG - [trading_loop] [N/A] ⏱ Skipping VWAP_diff_signal_1700, not yet time (every 5m)
2025-04-17 17:13:00 - DEBUG - [trading_loop] [N/A] ⏱ Skipping SMA_Cross_sma50, not yet time (every 5m)
2025-04-17 17:13:00 - DEBUG - [trading_loop] [N/A] ⏱ Skipping SMA_Cross_candle, not yet time (every 5m)
2025-04-17 17:13:00 - DEBUG - [trading_loop] [N/A] ⏱ Skipping VWAP_diff_signal_1700_volume, not yet time (every 5m)
2025-04-17 17:13:00 - DEBUG - [trading_loop] [N/A] ⏱ Skipping VWAP_diff_signal_rsi_1700, not yet time (every 5m)
2025-04-17 17:13:00 - INFO - [trading_loop] [N/A] 📊 Updating SL/TP for active orders
2025-04-17 17:13:01 - INFO - [_wait_until_next_iteration] [N/A] ⏳ Sleeping for 58.92 seconds before the next cycle
2025-04-17 17:14:00 - DEBUG - [trading_loop] [N/A] ⏱ Skipping EMA_Cross_ema50, not yet time (every 5m)
2025-04-17 17:14:00 - DEBUG - [trading_loop] [N/A] ⏱ Skipping EMA_Cross_candle, not yet time (every 5m)
2025-04-17 17:14:00 - DEBUG - [trading_loop] [N/A] ⏱ Skipping VWAP_diff_signal_1700, not yet time (every 5m)
2025-04-17 17:14:00 - DEBUG - [trading_loop] [N/A] ⏱ Skipping SMA_Cross_sma50, not yet time (every 5m)
2025-04-17 17:14:00 - DEBUG - [trading_loop] [N/A] ⏱ Skipping SMA_Cross_candle, not yet time (every 5m)
2025-04-17 17:14:00 - DEBUG - [trading_loop] [N/A] ⏱ Skipping VWAP_diff_signal_1700_volume, not yet time (every 5m)
2025-04-17 17:14:00 - DEBUG - [trading_loop] [N/A] ⏱ Skipping VWAP_diff_signal_rsi_1700, not yet time (every 5m)
2025-04-17 17:14:00 - INFO - [trading_loop] [N/A] 📊 Updating SL/TP for active orders
2025-04-17 17:14:01 - INFO - [_wait_until_next_iteration] [N/A] ⏳ Sleeping for 58.92 seconds before the next cycle
2025-04-17 17:15:00 - INFO - [_run_strategy_if_applicable] [N/A] ⏰ Strategy 'EMA_Cross_ema50' not executed because it's outside the time window: 16:35:00 - 16:50:00
2025-04-17 17:15:00 - INFO - [_run_strategy_if_applicable] [N/A] ⏰ Strategy 'EMA_Cross_candle' not executed because it's outside the time window: 16:35:00 - 16:50:00
2025-04-17 17:15:00 - INFO - [_run_strategy_if_applicable] [N/A] ⏰ Strategy 'VWAP_diff_signal_1700' not executed because it's outside the time window: 17:30:00 - 19:00:00
2025-04-17 17:15:00 - INFO - [_run_strategy_if_applicable] [N/A] ⏰ Strategy 'SMA_Cross_sma50' not executed because it's outside the time window: 16:35:00 - 16:50:00
2025-04-17 17:15:00 - INFO - [_run_strategy_if_applicable] [N/A] ⏰ Strategy 'SMA_Cross_candle' not executed because it's outside the time window: 16:35:00 - 16:50:00
2025-04-17 17:15:00 - INFO - [_run_strategy_if_applicable] [N/A] ⏰ Strategy 'VWAP_diff_signal_1700_volume' not executed because it's outside the time window: 17:30:00 - 19:00:00
2025-04-17 17:15:00 - INFO - [_run_strategy_if_applicable] [N/A] ⏰ Strategy 'VWAP_diff_signal_rsi_1700' not executed because it's outside the time window: 17:30:00 - 19:00:00
2025-04-17 17:15:00 - INFO - [trading_loop] [N/A] 📊 Updating SL/TP for active orders
2025-04-17 17:15:01 - INFO - [_wait_until_next_iteration] [N/A] ⏳ Sleeping for 58.93 seconds before the next cycle
2025-04-17 17:16:00 - DEBUG - [trading_loop] [N/A] ⏱ Skipping EMA_Cross_ema50, not yet time (every 5m)
2025-04-17 17:16:00 - DEBUG - [trading_loop] [N/A] ⏱ Skipping EMA_Cross_candle, not yet time (every 5m)
2025-04-17 17:16:00 - DEBUG - [trading_loop] [N/A] ⏱ Skipping VWAP_diff_signal_1700, not yet time (every 5m)
2025-04-17 17:16:00 - DEBUG - [trading_loop] [N/A] ⏱ Skipping SMA_Cross_sma50, not yet time (every 5m)
2025-04-17 17:16:00 - DEBUG - [trading_loop] [N/A] ⏱ Skipping SMA_Cross_candle, not yet time (every 5m)
2025-04-17 17:16:00 - DEBUG - [trading_loop] [N/A] ⏱ Skipping VWAP_diff_signal_1700_volume, not yet time (every 5m)
2025-04-17 17:16:00 - DEBUG - [trading_loop] [N/A] ⏱ Skipping VWAP_diff_signal_rsi_1700, not yet time (every 5m)
2025-04-17 17:16:00 - INFO - [trading_loop] [N/A] 📊 Updating SL/TP for active orders
2025-04-17 17:16:01 - INFO - [_wait_until_next_iteration] [N/A] ⏳ Sleeping for 58.93 seconds before the next cycle
2025-04-17 17:17:00 - DEBUG - [trading_loop] [N/A] ⏱ Skipping EMA_Cross_ema50, not yet time (every 5m)
2025-04-17 17:17:00 - DEBUG - [trading_loop] [N/A] ⏱ Skipping EMA_Cross_candle, not yet time (every 5m)
2025-04-17 17:17:00 - DEBUG - [trading_loop] [N/A] ⏱ Skipping VWAP_diff_signal_1700, not yet time (every 5m)
2025-04-17 17:17:00 - DEBUG - [trading_loop] [N/A] ⏱ Skipping SMA_Cross_sma50, not yet time (every 5m)
2025-04-17 17:17:00 - DEBUG - [trading_loop] [N/A] ⏱ Skipping SMA_Cross_candle, not yet time (every 5m)
2025-04-17 17:17:00 - DEBUG - [trading_loop] [N/A] ⏱ Skipping VWAP_diff_signal_1700_volume, not yet time (every 5m)
2025-04-17 17:17:00 - DEBUG - [trading_loop] [N/A] ⏱ Skipping VWAP_diff_signal_rsi_1700, not yet time (every 5m)
2025-04-17 17:17:00 - INFO - [trading_loop] [N/A] 📊 Updating SL/TP for active orders
2025-04-17 17:17:01 - INFO - [_wait_until_next_iteration] [N/A] ⏳ Sleeping for 58.93 seconds before the next cycle
2025-04-17 17:18:00 - DEBUG - [trading_loop] [N/A] ⏱ Skipping EMA_Cross_ema50, not yet time (every 5m)
2025-04-17 17:18:00 - DEBUG - [trading_loop] [N/A] ⏱ Skipping EMA_Cross_candle, not yet time (every 5m)
2025-04-17 17:18:00 - DEBUG - [trading_loop] [N/A] ⏱ Skipping VWAP_diff_signal_1700, not yet time (every 5m)
2025-04-17 17:18:00 - DEBUG - [trading_loop] [N/A] ⏱ Skipping SMA_Cross_sma50, not yet time (every 5m)
2025-04-17 17:18:00 - DEBUG - [trading_loop] [N/A] ⏱ Skipping SMA_Cross_candle, not yet time (every 5m)
2025-04-17 17:18:00 - DEBUG - [trading_loop] [N/A] ⏱ Skipping VWAP_diff_signal_1700_volume, not yet time (every 5m)
2025-04-17 17:18:00 - DEBUG - [trading_loop] [N/A] ⏱ Skipping VWAP_diff_signal_rsi_1700, not yet time (every 5m)
2025-04-17 17:18:00 - INFO - [trading_loop] [N/A] 📊 Updating SL/TP for active orders
2025-04-17 17:18:01 - INFO - [_wait_until_next_iteration] [N/A] ⏳ Sleeping for 58.92 seconds before the next cycle
2025-04-17 17:19:00 - DEBUG - [trading_loop] [N/A] ⏱ Skipping EMA_Cross_ema50, not yet time (every 5m)
2025-04-17 17:19:00 - DEBUG - [trading_loop] [N/A] ⏱ Skipping EMA_Cross_candle, not yet time (every 5m)
2025-04-17 17:19:00 - DEBUG - [trading_loop] [N/A] ⏱ Skipping VWAP_diff_signal_1700, not yet time (every 5m)
2025-04-17 17:19:00 - DEBUG - [trading_loop] [N/A] ⏱ Skipping SMA_Cross_sma50, not yet time (every 5m)
2025-04-17 17:19:00 - DEBUG - [trading_loop] [N/A] ⏱ Skipping SMA_Cross_candle, not yet time (every 5m)
2025-04-17 17:19:00 - DEBUG - [trading_loop] [N/A] ⏱ Skipping VWAP_diff_signal_1700_volume, not yet time (every 5m)
2025-04-17 17:19:00 - DEBUG - [trading_loop] [N/A] ⏱ Skipping VWAP_diff_signal_rsi_1700, not yet time (every 5m)
2025-04-17 17:19:00 - INFO - [trading_loop] [N/A] 📊 Updating SL/TP for active orders
2025-04-17 17:19:01 - INFO - [_wait_until_next_iteration] [N/A] ⏳ Sleeping for 58.93 seconds before the next cycle
2025-04-17 17:20:00 - INFO - [_run_strategy_if_applicable] [N/A] ⏰ Strategy 'EMA_Cross_ema50' not executed because it's outside the time window: 16:35:00 - 16:50:00
2025-04-17 17:20:00 - INFO - [_run_strategy_if_applicable] [N/A] ⏰ Strategy 'EMA_Cross_candle' not executed because it's outside the time window: 16:35:00 - 16:50:00
2025-04-17 17:20:00 - INFO - [_run_strategy_if_applicable] [N/A] ⏰ Strategy 'VWAP_diff_signal_1700' not executed because it's outside the time window: 17:30:00 - 19:00:00
2025-04-17 17:20:00 - INFO - [_run_strategy_if_applicable] [N/A] ⏰ Strategy 'SMA_Cross_sma50' not executed because it's outside the time window: 16:35:00 - 16:50:00
2025-04-17 17:20:00 - INFO - [_run_strategy_if_applicable] [N/A] ⏰ Strategy 'SMA_Cross_candle' not executed because it's outside the time window: 16:35:00 - 16:50:00
2025-04-17 17:20:00 - INFO - [_run_strategy_if_applicable] [N/A] ⏰ Strategy 'VWAP_diff_signal_1700_volume' not executed because it's outside the time window: 17:30:00 - 19:00:00
2025-04-17 17:20:00 - INFO - [_run_strategy_if_applicable] [N/A] ⏰ Strategy 'VWAP_diff_signal_rsi_1700' not executed because it's outside the time window: 17:30:00 - 19:00:00
2025-04-17 17:20:00 - INFO - [trading_loop] [N/A] 📊 Updating SL/TP for active orders
2025-04-17 17:20:01 - INFO - [_wait_until_next_iteration] [N/A] ⏳ Sleeping for 58.93 seconds before the next cycle
2025-04-17 17:21:00 - DEBUG - [trading_loop] [N/A] ⏱ Skipping EMA_Cross_ema50, not yet time (every 5m)
2025-04-17 17:21:00 - DEBUG - [trading_loop] [N/A] ⏱ Skipping EMA_Cross_candle, not yet time (every 5m)
2025-04-17 17:21:00 - DEBUG - [trading_loop] [N/A] ⏱ Skipping VWAP_diff_signal_1700, not yet time (every 5m)
2025-04-17 17:21:00 - DEBUG - [trading_loop] [N/A] ⏱ Skipping SMA_Cross_sma50, not yet time (every 5m)
2025-04-17 17:21:00 - DEBUG - [trading_loop] [N/A] ⏱ Skipping SMA_Cross_candle, not yet time (every 5m)
2025-04-17 17:21:00 - DEBUG - [trading_loop] [N/A] ⏱ Skipping VWAP_diff_signal_1700_volume, not yet time (every 5m)
2025-04-17 17:21:00 - DEBUG - [trading_loop] [N/A] ⏱ Skipping VWAP_diff_signal_rsi_1700, not yet time (every 5m)
2025-04-17 17:21:00 - INFO - [trading_loop] [N/A] 📊 Updating SL/TP for active orders
2025-04-17 17:21:01 - INFO - [_wait_until_next_iteration] [N/A] ⏳ Sleeping for 58.92 seconds before the next cycle
2025-04-17 17:22:00 - DEBUG - [trading_loop] [N/A] ⏱ Skipping EMA_Cross_ema50, not yet time (every 5m)
2025-04-17 17:22:00 - DEBUG - [trading_loop] [N/A] ⏱ Skipping EMA_Cross_candle, not yet time (every 5m)
2025-04-17 17:22:00 - DEBUG - [trading_loop] [N/A] ⏱ Skipping VWAP_diff_signal_1700, not yet time (every 5m)
2025-04-17 17:22:00 - DEBUG - [trading_loop] [N/A] ⏱ Skipping SMA_Cross_sma50, not yet time (every 5m)
2025-04-17 17:22:00 - DEBUG - [trading_loop] [N/A] ⏱ Skipping SMA_Cross_candle, not yet time (every 5m)
2025-04-17 17:22:00 - DEBUG - [trading_loop] [N/A] ⏱ Skipping VWAP_diff_signal_1700_volume, not yet time (every 5m)
2025-04-17 17:22:00 - DEBUG - [trading_loop] [N/A] ⏱ Skipping VWAP_diff_signal_rsi_1700, not yet time (every 5m)
2025-04-17 17:22:00 - INFO - [trading_loop] [N/A] 📊 Updating SL/TP for active orders
2025-04-17 17:22:01 - INFO - [_wait_until_next_iteration] [N/A] ⏳ Sleeping for 58.92 seconds before the next cycle
2025-04-17 17:23:00 - DEBUG - [trading_loop] [N/A] ⏱ Skipping EMA_Cross_ema50, not yet time (every 5m)
2025-04-17 17:23:00 - DEBUG - [trading_loop] [N/A] ⏱ Skipping EMA_Cross_candle, not yet time (every 5m)
2025-04-17 17:23:00 - DEBUG - [trading_loop] [N/A] ⏱ Skipping VWAP_diff_signal_1700, not yet time (every 5m)
2025-04-17 17:23:00 - DEBUG - [trading_loop] [N/A] ⏱ Skipping SMA_Cross_sma50, not yet time (every 5m)
2025-04-17 17:23:00 - DEBUG - [trading_loop] [N/A] ⏱ Skipping SMA_Cross_candle, not yet time (every 5m)
2025-04-17 17:23:00 - DEBUG - [trading_loop] [N/A] ⏱ Skipping VWAP_diff_signal_1700_volume, not yet time (every 5m)
2025-04-17 17:23:00 - DEBUG - [trading_loop] [N/A] ⏱ Skipping VWAP_diff_signal_rsi_1700, not yet time (every 5m)
2025-04-17 17:23:00 - INFO - [trading_loop] [N/A] 📊 Updating SL/TP for active orders
2025-04-17 17:23:01 - INFO - [_wait_until_next_iteration] [N/A] ⏳ Sleeping for 58.93 seconds before the next cycle
2025-04-17 17:24:00 - DEBUG - [trading_loop] [N/A] ⏱ Skipping EMA_Cross_ema50, not yet time (every 5m)
2025-04-17 17:24:00 - DEBUG - [trading_loop] [N/A] ⏱ Skipping EMA_Cross_candle, not yet time (every 5m)
2025-04-17 17:24:00 - DEBUG - [trading_loop] [N/A] ⏱ Skipping VWAP_diff_signal_1700, not yet time (every 5m)
2025-04-17 17:24:00 - DEBUG - [trading_loop] [N/A] ⏱ Skipping SMA_Cross_sma50, not yet time (every 5m)
2025-04-17 17:24:00 - DEBUG - [trading_loop] [N/A] ⏱ Skipping SMA_Cross_candle, not yet time (every 5m)
2025-04-17 17:24:00 - DEBUG - [trading_loop] [N/A] ⏱ Skipping VWAP_diff_signal_1700_volume, not yet time (every 5m)
2025-04-17 17:24:00 - DEBUG - [trading_loop] [N/A] ⏱ Skipping VWAP_diff_signal_rsi_1700, not yet time (every 5m)
2025-04-17 17:24:00 - INFO - [trading_loop] [N/A] 📊 Updating SL/TP for active orders
2025-04-17 17:24:01 - INFO - [_wait_until_next_iteration] [N/A] ⏳ Sleeping for 58.93 seconds before the next cycle
2025-04-17 17:25:00 - INFO - [_run_strategy_if_applicable] [N/A] ⏰ Strategy 'EMA_Cross_ema50' not executed because it's outside the time window: 16:35:00 - 16:50:00
2025-04-17 17:25:00 - INFO - [_run_strategy_if_applicable] [N/A] ⏰ Strategy 'EMA_Cross_candle' not executed because it's outside the time window: 16:35:00 - 16:50:00
2025-04-17 17:25:00 - INFO - [_run_strategy_if_applicable] [N/A] ⏰ Strategy 'VWAP_diff_signal_1700' not executed because it's outside the time window: 17:30:00 - 19:00:00
2025-04-17 17:25:00 - INFO - [_run_strategy_if_applicable] [N/A] ⏰ Strategy 'SMA_Cross_sma50' not executed because it's outside the time window: 16:35:00 - 16:50:00
2025-04-17 17:25:00 - INFO - [_run_strategy_if_applicable] [N/A] ⏰ Strategy 'SMA_Cross_candle' not executed because it's outside the time window: 16:35:00 - 16:50:00
2025-04-17 17:25:00 - INFO - [_run_strategy_if_applicable] [N/A] ⏰ Strategy 'VWAP_diff_signal_1700_volume' not executed because it's outside the time window: 17:30:00 - 19:00:00
2025-04-17 17:25:00 - INFO - [_run_strategy_if_applicable] [N/A] ⏰ Strategy 'VWAP_diff_signal_rsi_1700' not executed because it's outside the time window: 17:30:00 - 19:00:00
2025-04-17 17:25:00 - INFO - [trading_loop] [N/A] 📊 Updating SL/TP for active orders
2025-04-17 17:25:01 - INFO - [_wait_until_next_iteration] [N/A] ⏳ Sleeping for 58.93 seconds before the next cycle
2025-04-17 17:26:00 - DEBUG - [trading_loop] [N/A] ⏱ Skipping EMA_Cross_ema50, not yet time (every 5m)
2025-04-17 17:26:00 - DEBUG - [trading_loop] [N/A] ⏱ Skipping EMA_Cross_candle, not yet time (every 5m)
2025-04-17 17:26:00 - DEBUG - [trading_loop] [N/A] ⏱ Skipping VWAP_diff_signal_1700, not yet time (every 5m)
2025-04-17 17:26:00 - DEBUG - [trading_loop] [N/A] ⏱ Skipping SMA_Cross_sma50, not yet time (every 5m)
2025-04-17 17:26:00 - DEBUG - [trading_loop] [N/A] ⏱ Skipping SMA_Cross_candle, not yet time (every 5m)
2025-04-17 17:26:00 - DEBUG - [trading_loop] [N/A] ⏱ Skipping VWAP_diff_signal_1700_volume, not yet time (every 5m)
2025-04-17 17:26:00 - DEBUG - [trading_loop] [N/A] ⏱ Skipping VWAP_diff_signal_rsi_1700, not yet time (every 5m)
2025-04-17 17:26:00 - INFO - [trading_loop] [N/A] 📊 Updating SL/TP for active orders
2025-04-17 17:26:01 - INFO - [_wait_until_next_iteration] [N/A] ⏳ Sleeping for 58.93 seconds before the next cycle
2025-04-17 17:27:00 - DEBUG - [trading_loop] [N/A] ⏱ Skipping EMA_Cross_ema50, not yet time (every 5m)
2025-04-17 17:27:00 - DEBUG - [trading_loop] [N/A] ⏱ Skipping EMA_Cross_candle, not yet time (every 5m)
2025-04-17 17:27:00 - DEBUG - [trading_loop] [N/A] ⏱ Skipping VWAP_diff_signal_1700, not yet time (every 5m)
2025-04-17 17:27:00 - DEBUG - [trading_loop] [N/A] ⏱ Skipping SMA_Cross_sma50, not yet time (every 5m)
2025-04-17 17:27:00 - DEBUG - [trading_loop] [N/A] ⏱ Skipping SMA_Cross_candle, not yet time (every 5m)
2025-04-17 17:27:00 - DEBUG - [trading_loop] [N/A] ⏱ Skipping VWAP_diff_signal_1700_volume, not yet time (every 5m)
2025-04-17 17:27:00 - DEBUG - [trading_loop] [N/A] ⏱ Skipping VWAP_diff_signal_rsi_1700, not yet time (every 5m)
2025-04-17 17:27:00 - INFO - [trading_loop] [N/A] 📊 Updating SL/TP for active orders
2025-04-17 17:27:01 - INFO - [_wait_until_next_iteration] [N/A] ⏳ Sleeping for 58.93 seconds before the next cycle
2025-04-17 17:28:00 - DEBUG - [trading_loop] [N/A] ⏱ Skipping EMA_Cross_ema50, not yet time (every 5m)
2025-04-17 17:28:00 - DEBUG - [trading_loop] [N/A] ⏱ Skipping EMA_Cross_candle, not yet time (every 5m)
2025-04-17 17:28:00 - DEBUG - [trading_loop] [N/A] ⏱ Skipping VWAP_diff_signal_1700, not yet time (every 5m)
2025-04-17 17:28:00 - DEBUG - [trading_loop] [N/A] ⏱ Skipping SMA_Cross_sma50, not yet time (every 5m)
2025-04-17 17:28:00 - DEBUG - [trading_loop] [N/A] ⏱ Skipping SMA_Cross_candle, not yet time (every 5m)
2025-04-17 17:28:00 - DEBUG - [trading_loop] [N/A] ⏱ Skipping VWAP_diff_signal_1700_volume, not yet time (every 5m)
2025-04-17 17:28:00 - DEBUG - [trading_loop] [N/A] ⏱ Skipping VWAP_diff_signal_rsi_1700, not yet time (every 5m)
2025-04-17 17:28:00 - INFO - [trading_loop] [N/A] 📊 Updating SL/TP for active orders
2025-04-17 17:28:01 - INFO - [_wait_until_next_iteration] [N/A] ⏳ Sleeping for 58.92 seconds before the next cycle
2025-04-17 17:29:00 - DEBUG - [trading_loop] [N/A] ⏱ Skipping EMA_Cross_ema50, not yet time (every 5m)
2025-04-17 17:29:00 - DEBUG - [trading_loop] [N/A] ⏱ Skipping EMA_Cross_candle, not yet time (every 5m)
2025-04-17 17:29:00 - DEBUG - [trading_loop] [N/A] ⏱ Skipping VWAP_diff_signal_1700, not yet time (every 5m)
2025-04-17 17:29:00 - DEBUG - [trading_loop] [N/A] ⏱ Skipping SMA_Cross_sma50, not yet time (every 5m)
2025-04-17 17:29:00 - DEBUG - [trading_loop] [N/A] ⏱ Skipping SMA_Cross_candle, not yet time (every 5m)
2025-04-17 17:29:00 - DEBUG - [trading_loop] [N/A] ⏱ Skipping VWAP_diff_signal_1700_volume, not yet time (every 5m)
2025-04-17 17:29:00 - DEBUG - [trading_loop] [N/A] ⏱ Skipping VWAP_diff_signal_rsi_1700, not yet time (every 5m)
2025-04-17 17:29:00 - INFO - [trading_loop] [N/A] 📊 Updating SL/TP for active orders
2025-04-17 17:29:01 - INFO - [_wait_until_next_iteration] [N/A] ⏳ Sleeping for 58.93 seconds before the next cycle
2025-04-17 17:30:00 - INFO - [_run_strategy_if_applicable] [N/A] ⏰ Strategy 'EMA_Cross_ema50' not executed because it's outside the time window: 16:35:00 - 16:50:00
2025-04-17 17:30:00 - INFO - [_run_strategy_if_applicable] [N/A] ⏰ Strategy 'EMA_Cross_candle' not executed because it's outside the time window: 16:35:00 - 16:50:00
2025-04-17 17:30:00 - INFO - [_run_strategy_if_applicable] [N/A] 🔄 Starting trading loop for strategy: VWAP_diff_signal_1700
2025-04-17 17:30:00 - DEBUG - [_run_single_trading_iteration] [CZR] 🚫 Trade not allowed for CZR (limit reached)
2025-04-17 17:30:00 - INFO - [get_stock_data] [MTCH] Requesting data for MTCH
2025-04-17 17:30:01 - INFO - [get_stock_data] [MTCH] Data received for MTCH: 90 rows
2025-04-17 17:30:01 - INFO - [check_vwap_diff_signal] [MTCH] Analyzing VWAP reversal signal for MTCH
2025-04-17 17:30:01 - INFO - [check_vwap_diff_signal] [MTCH] Close: 28.82 | Low: 28.79 | High: 28.87 | VWAP: 28.865173213070975
2025-04-17 17:30:01 - DEBUG - [check_vwap_diff_signal] [MTCH] [MTCH] Last Candela: VWAP-Low=0.26%, High-VWAP=0.02%
2025-04-17 17:30:01 - DEBUG - [check_vwap_diff_signal] [MTCH] No VWAP signal detected
2025-04-17 17:30:01 - DEBUG - [_run_single_trading_iteration] [MTCH] 🔍 Signal for MTCH: None
2025-04-17 17:30:01 - INFO - [_run_single_trading_iteration] [MTCH] ℹ️ No valid signal for MTCH
2025-04-17 17:30:01 - INFO - [get_stock_data] [NCHL] Requesting data for NCHL
2025-04-17 17:30:01 - ERROR - [get_stock_data] [NCHL] Error retrieving data: 'NoneType' object has no attribute 'empty'
2025-04-17 17:30:01 - INFO - [get_stock_data] [HBAN] Requesting data for HBAN
2025-04-17 17:30:02 - INFO - [get_stock_data] [HBAN] Data received for HBAN: 90 rows
2025-04-17 17:30:02 - INFO - [check_vwap_diff_signal] [HBAN] Analyzing VWAP reversal signal for HBAN
2025-04-17 17:30:02 - INFO - [check_vwap_diff_signal] [HBAN] Close: 13.63 | Low: 13.63 | High: 13.72 | VWAP: 13.723952051335202
2025-04-17 17:30:02 - DEBUG - [check_vwap_diff_signal] [HBAN] [HBAN] Last Candela: VWAP-Low=0.68%, High-VWAP=-0.03%
2025-04-17 17:30:02 - DEBUG - [check_vwap_diff_signal] [HBAN] No VWAP signal detected
2025-04-17 17:30:02 - DEBUG - [_run_single_trading_iteration] [HBAN] 🔍 Signal for HBAN: None
2025-04-17 17:30:02 - INFO - [_run_single_trading_iteration] [HBAN] ℹ️ No valid signal for HBAN
2025-04-17 17:30:02 - INFO - [get_stock_data] [MRNA] Requesting data for MRNA
2025-04-17 17:30:03 - INFO - [get_stock_data] [MRNA] Data received for MRNA: 90 rows
2025-04-17 17:30:03 - INFO - [check_vwap_diff_signal] [MRNA] Analyzing VWAP reversal signal for MRNA
2025-04-17 17:30:03 - INFO - [check_vwap_diff_signal] [MRNA] Close: 24.84 | Low: 24.83 | High: 24.97 | VWAP: 25.0293176144031
2025-04-17 17:30:03 - DEBUG - [check_vwap_diff_signal] [MRNA] [MRNA] Last Candela: VWAP-Low=0.80%, High-VWAP=-0.24%
2025-04-17 17:30:03 - DEBUG - [check_vwap_diff_signal] [MRNA] No VWAP signal detected
2025-04-17 17:30:03 - DEBUG - [_run_single_trading_iteration] [MRNA] 🔍 Signal for MRNA: None
2025-04-17 17:30:03 - INFO - [_run_single_trading_iteration] [MRNA] ℹ️ No valid signal for MRNA
2025-04-17 17:30:03 - INFO - [get_stock_data] [WBD] Requesting data for WBD
2025-04-17 17:30:04 - INFO - [get_stock_data] [WBD] Data received for WBD: 90 rows
2025-04-17 17:30:04 - INFO - [check_vwap_diff_signal] [WBD] Analyzing VWAP reversal signal for WBD
2025-04-17 17:30:04 - INFO - [check_vwap_diff_signal] [WBD] Close: 8.02 | Low: 8.01 | High: 8.06 | VWAP: 8.049808618699469
2025-04-17 17:30:04 - DEBUG - [check_vwap_diff_signal] [WBD] [WBD] Last Candela: VWAP-Low=0.49%, High-VWAP=0.13%
2025-04-17 17:30:04 - DEBUG - [check_vwap_diff_signal] [WBD] No VWAP signal detected
2025-04-17 17:30:04 - DEBUG - [_run_single_trading_iteration] [WBD] 🔍 Signal for WBD: None
2025-04-17 17:30:04 - INFO - [_run_single_trading_iteration] [WBD] ℹ️ No valid signal for WBD
2025-04-17 17:30:04 - INFO - [get_stock_data] [CMCSA] Requesting data for CMCSA
2025-04-17 17:30:05 - INFO - [get_stock_data] [CMCSA] Data received for CMCSA: 90 rows
2025-04-17 17:30:05 - INFO - [check_vwap_diff_signal] [CMCSA] Analyzing VWAP reversal signal for CMCSA
2025-04-17 17:30:05 - INFO - [check_vwap_diff_signal] [CMCSA] Close: 33.95 | Low: 33.91 | High: 33.99 | VWAP: 33.903800977679765
2025-04-17 17:30:05 - DEBUG - [check_vwap_diff_signal] [CMCSA] [CMCSA] Last Candela: VWAP-Low=-0.02%, High-VWAP=0.25%
2025-04-17 17:30:05 - DEBUG - [check_vwap_diff_signal] [CMCSA] No VWAP signal detected
2025-04-17 17:30:05 - DEBUG - [_run_single_trading_iteration] [CMCSA] 🔍 Signal for CMCSA: None
2025-04-17 17:30:05 - INFO - [_run_single_trading_iteration] [CMCSA] ℹ️ No valid signal for CMCSA
2025-04-17 17:30:05 - INFO - [_run_strategy_if_applicable] [N/A] ⏰ Strategy 'SMA_Cross_sma50' not executed because it's outside the time window: 16:35:00 - 16:50:00
2025-04-17 17:30:05 - INFO - [_run_strategy_if_applicable] [N/A] ⏰ Strategy 'SMA_Cross_candle' not executed because it's outside the time window: 16:35:00 - 16:50:00
2025-04-17 17:30:05 - INFO - [_run_strategy_if_applicable] [N/A] 🔄 Starting trading loop for strategy: VWAP_diff_signal_1700_volume
2025-04-17 17:30:05 - INFO - [get_stock_data] [GEN] Requesting data for GEN
2025-04-17 17:30:05 - INFO - [get_stock_data] [GEN] Data received for GEN: 91 rows
2025-04-17 17:30:05 - INFO - [check_vwap_diff_signal_with_volume] [GEN] Analyzing VWAP reversal signal for GEN
2025-04-17 17:30:05 - DEBUG - [_run_single_trading_iteration] [GEN] 🔍 Signal for GEN: None
2025-04-17 17:30:05 - INFO - [_run_single_trading_iteration] [GEN] ℹ️ No valid signal for GEN
2025-04-17 17:30:05 - INFO - [get_stock_data] [HPQ] Requesting data for HPQ
2025-04-17 17:30:06 - INFO - [get_stock_data] [HPQ] Data received for HPQ: 91 rows
2025-04-17 17:30:06 - INFO - [check_vwap_diff_signal_with_volume] [HPQ] Analyzing VWAP reversal signal for HPQ
2025-04-17 17:30:06 - DEBUG - [_run_single_trading_iteration] [HPQ] 🔍 Signal for HPQ: None
2025-04-17 17:30:06 - INFO - [_run_single_trading_iteration] [HPQ] ℹ️ No valid signal for HPQ
2025-04-17 17:30:06 - INFO - [get_stock_data] [INTC] Requesting data for INTC
2025-04-17 17:30:07 - INFO - [get_stock_data] [INTC] Data received for INTC: 91 rows
2025-04-17 17:30:07 - INFO - [check_vwap_diff_signal_with_volume] [INTC] Analyzing VWAP reversal signal for INTC
2025-04-17 17:30:07 - DEBUG - [_run_single_trading_iteration] [INTC] 🔍 Signal for INTC: None
2025-04-17 17:30:07 - INFO - [_run_single_trading_iteration] [INTC] ℹ️ No valid signal for INTC
2025-04-17 17:30:07 - INFO - [get_stock_data] [RF] Requesting data for RF
2025-04-17 17:30:08 - INFO - [get_stock_data] [RF] Data received for RF: 91 rows
2025-04-17 17:30:08 - INFO - [check_vwap_diff_signal_with_volume] [RF] Analyzing VWAP reversal signal for RF
2025-04-17 17:30:08 - DEBUG - [_run_single_trading_iteration] [RF] 🔍 Signal for RF: None
2025-04-17 17:30:08 - INFO - [_run_single_trading_iteration] [RF] ℹ️ No valid signal for RF
2025-04-17 17:30:08 - INFO - [_run_strategy_if_applicable] [N/A] 🔄 Starting trading loop for strategy: VWAP_diff_signal_rsi_1700
2025-04-17 17:30:08 - INFO - [get_stock_data] [IVZ] Requesting data for IVZ
2025-04-17 17:30:09 - INFO - [get_stock_data] [IVZ] Data received for IVZ: 91 rows
2025-04-17 17:30:09 - INFO - [check_vwap_diff_signal_with_rsi] [IVZ] Analyzing VWAP reversal signal for IVZ
2025-04-17 17:30:09 - INFO - [check_vwap_diff_signal_with_rsi] [IVZ] Close: 12.79 | Low: 12.79 | High: 12.8 | VWAP: 12.831561122882071 | RSI: 56.15
2025-04-17 17:30:09 - DEBUG - [check_vwap_diff_signal_with_rsi] [IVZ] [IVZ] Last Candela: VWAP-Low=0.32%, High-VWAP=-0.25%
2025-04-17 17:30:09 - DEBUG - [check_vwap_diff_signal_with_rsi] [IVZ] No VWAP+RSI signal detected
2025-04-17 17:30:09 - DEBUG - [_run_single_trading_iteration] [IVZ] 🔍 Signal for IVZ: None
2025-04-17 17:30:09 - INFO - [_run_single_trading_iteration] [IVZ] ℹ️ No valid signal for IVZ
2025-04-17 17:30:09 - INFO - [get_stock_data] [FCX] Requesting data for FCX
2025-04-17 17:30:10 - INFO - [get_stock_data] [FCX] Data received for FCX: 91 rows
2025-04-17 17:30:10 - INFO - [check_vwap_diff_signal_with_rsi] [FCX] Analyzing VWAP reversal signal for FCX
2025-04-17 17:30:10 - INFO - [check_vwap_diff_signal_with_rsi] [FCX] Close: 32.63 | Low: 32.61 | High: 32.64 | VWAP: 33.21555599572317 | RSI: 31.57
2025-04-17 17:30:10 - DEBUG - [check_vwap_diff_signal_with_rsi] [FCX] [FCX] Last Candela: VWAP-Low=1.82%, High-VWAP=-1.73%
2025-04-17 17:30:10 - DEBUG - [check_vwap_diff_signal_with_rsi] [FCX] No VWAP+RSI signal detected
2025-04-17 17:30:10 - DEBUG - [_run_single_trading_iteration] [FCX] 🔍 Signal for FCX: None
2025-04-17 17:30:10 - INFO - [_run_single_trading_iteration] [FCX] ℹ️ No valid signal for FCX
2025-04-17 17:30:10 - INFO - [get_stock_data] [HST] Requesting data for HST
2025-04-17 17:30:11 - INFO - [get_stock_data] [HST] Data received for HST: 91 rows
2025-04-17 17:30:11 - INFO - [check_vwap_diff_signal_with_rsi] [HST] Analyzing VWAP reversal signal for HST
2025-04-17 17:30:11 - INFO - [check_vwap_diff_signal_with_rsi] [HST] Close: 13.62 | Low: 13.62 | High: 13.62 | VWAP: 13.691397130673437 | RSI: 57.21
2025-04-17 17:30:11 - DEBUG - [check_vwap_diff_signal_with_rsi] [HST] [HST] Last Candela: VWAP-Low=0.52%, High-VWAP=-0.52%
2025-04-17 17:30:11 - DEBUG - [check_vwap_diff_signal_with_rsi] [HST] No VWAP+RSI signal detected
2025-04-17 17:30:11 - DEBUG - [_run_single_trading_iteration] [HST] 🔍 Signal for HST: None
2025-04-17 17:30:11 - INFO - [_run_single_trading_iteration] [HST] ℹ️ No valid signal for HST
2025-04-17 17:30:11 - INFO - [get_stock_data] [IVZ] Requesting data for IVZ
2025-04-17 17:30:12 - INFO - [get_stock_data] [IVZ] Data received for IVZ: 91 rows
2025-04-17 17:30:12 - INFO - [check_vwap_diff_signal_with_rsi] [IVZ] Analyzing VWAP reversal signal for IVZ
2025-04-17 17:30:12 - INFO - [check_vwap_diff_signal_with_rsi] [IVZ] Close: 12.79 | Low: 12.79 | High: 12.8 | VWAP: 12.831525985444904 | RSI: 56.15
2025-04-17 17:30:12 - DEBUG - [check_vwap_diff_signal_with_rsi] [IVZ] [IVZ] Last Candela: VWAP-Low=0.32%, High-VWAP=-0.25%
2025-04-17 17:30:12 - DEBUG - [check_vwap_diff_signal_with_rsi] [IVZ] No VWAP+RSI signal detected
2025-04-17 17:30:12 - DEBUG - [_run_single_trading_iteration] [IVZ] 🔍 Signal for IVZ: None
2025-04-17 17:30:12 - INFO - [_run_single_trading_iteration] [IVZ] ℹ️ No valid signal for IVZ
2025-04-17 17:30:12 - INFO - [get_stock_data] [NEM] Requesting data for NEM
2025-04-17 17:30:13 - INFO - [get_stock_data] [NEM] Data received for NEM: 91 rows
2025-04-17 17:30:13 - INFO - [check_vwap_diff_signal_with_rsi] [NEM] Analyzing VWAP reversal signal for NEM
2025-04-17 17:30:13 - INFO - [check_vwap_diff_signal_with_rsi] [NEM] Close: 55.14 | Low: 55.11 | High: 55.14 | VWAP: 55.75153666453863 | RSI: 31.90
2025-04-17 17:30:13 - DEBUG - [check_vwap_diff_signal_with_rsi] [NEM] [NEM] Last Candela: VWAP-Low=1.15%, High-VWAP=-1.10%
2025-04-17 17:30:13 - DEBUG - [check_vwap_diff_signal_with_rsi] [NEM] No VWAP+RSI signal detected
2025-04-17 17:30:13 - DEBUG - [_run_single_trading_iteration] [NEM] 🔍 Signal for NEM: None
2025-04-17 17:30:13 - INFO - [_run_single_trading_iteration] [NEM] ℹ️ No valid signal for NEM
2025-04-17 17:30:13 - INFO - [get_stock_data] [LUV] Requesting data for LUV
2025-04-17 17:30:14 - INFO - [get_stock_data] [LUV] Data received for LUV: 91 rows
2025-04-17 17:30:14 - INFO - [check_vwap_diff_signal_with_rsi] [LUV] Analyzing VWAP reversal signal for LUV
2025-04-17 17:30:14 - INFO - [check_vwap_diff_signal_with_rsi] [LUV] Close: 24.33 | Low: 24.29 | High: 24.33 | VWAP: 24.6310223143653 | RSI: 30.86
2025-04-17 17:30:14 - DEBUG - [check_vwap_diff_signal_with_rsi] [LUV] [LUV] Last Candela: VWAP-Low=1.38%, High-VWAP=-1.22%
2025-04-17 17:30:14 - DEBUG - [check_vwap_diff_signal_with_rsi] [LUV] No VWAP+RSI signal detected
2025-04-17 17:30:14 - DEBUG - [_run_single_trading_iteration] [LUV] 🔍 Signal for LUV: None
2025-04-17 17:30:14 - INFO - [_run_single_trading_iteration] [LUV] ℹ️ No valid signal for LUV
2025-04-17 17:30:14 - INFO - [trading_loop] [N/A] 📊 Updating SL/TP for active orders
2025-04-17 17:30:15 - INFO - [_wait_until_next_iteration] [N/A] ⏳ Sleeping for 44.62 seconds before the next cycle
2025-04-17 17:31:00 - DEBUG - [trading_loop] [N/A] ⏱ Skipping EMA_Cross_ema50, not yet time (every 5m)
2025-04-17 17:31:00 - DEBUG - [trading_loop] [N/A] ⏱ Skipping EMA_Cross_candle, not yet time (every 5m)
2025-04-17 17:31:00 - DEBUG - [trading_loop] [N/A] ⏱ Skipping VWAP_diff_signal_1700, not yet time (every 5m)
2025-04-17 17:31:00 - DEBUG - [trading_loop] [N/A] ⏱ Skipping SMA_Cross_sma50, not yet time (every 5m)
2025-04-17 17:31:00 - DEBUG - [trading_loop] [N/A] ⏱ Skipping SMA_Cross_candle, not yet time (every 5m)
2025-04-17 17:31:00 - DEBUG - [trading_loop] [N/A] ⏱ Skipping VWAP_diff_signal_1700_volume, not yet time (every 5m)
2025-04-17 17:31:00 - DEBUG - [trading_loop] [N/A] ⏱ Skipping VWAP_diff_signal_rsi_1700, not yet time (every 5m)
2025-04-17 17:31:00 - INFO - [trading_loop] [N/A] 📊 Updating SL/TP for active orders
2025-04-17 17:31:01 - INFO - [_wait_until_next_iteration] [N/A] ⏳ Sleeping for 58.94 seconds before the next cycle
2025-04-17 17:32:00 - DEBUG - [trading_loop] [N/A] ⏱ Skipping EMA_Cross_ema50, not yet time (every 5m)
2025-04-17 17:32:00 - DEBUG - [trading_loop] [N/A] ⏱ Skipping EMA_Cross_candle, not yet time (every 5m)
2025-04-17 17:32:00 - DEBUG - [trading_loop] [N/A] ⏱ Skipping VWAP_diff_signal_1700, not yet time (every 5m)
2025-04-17 17:32:00 - DEBUG - [trading_loop] [N/A] ⏱ Skipping SMA_Cross_sma50, not yet time (every 5m)
2025-04-17 17:32:00 - DEBUG - [trading_loop] [N/A] ⏱ Skipping SMA_Cross_candle, not yet time (every 5m)
2025-04-17 17:32:00 - DEBUG - [trading_loop] [N/A] ⏱ Skipping VWAP_diff_signal_1700_volume, not yet time (every 5m)
2025-04-17 17:32:00 - DEBUG - [trading_loop] [N/A] ⏱ Skipping VWAP_diff_signal_rsi_1700, not yet time (every 5m)
2025-04-17 17:32:00 - INFO - [trading_loop] [N/A] 📊 Updating SL/TP for active orders
2025-04-17 17:32:01 - INFO - [_wait_until_next_iteration] [N/A] ⏳ Sleeping for 58.92 seconds before the next cycle
2025-04-17 17:33:00 - DEBUG - [trading_loop] [N/A] ⏱ Skipping EMA_Cross_ema50, not yet time (every 5m)
2025-04-17 17:33:00 - DEBUG - [trading_loop] [N/A] ⏱ Skipping EMA_Cross_candle, not yet time (every 5m)
2025-04-17 17:33:00 - DEBUG - [trading_loop] [N/A] ⏱ Skipping VWAP_diff_signal_1700, not yet time (every 5m)
2025-04-17 17:33:00 - DEBUG - [trading_loop] [N/A] ⏱ Skipping SMA_Cross_sma50, not yet time (every 5m)
2025-04-17 17:33:00 - DEBUG - [trading_loop] [N/A] ⏱ Skipping SMA_Cross_candle, not yet time (every 5m)
2025-04-17 17:33:00 - DEBUG - [trading_loop] [N/A] ⏱ Skipping VWAP_diff_signal_1700_volume, not yet time (every 5m)
2025-04-17 17:33:00 - DEBUG - [trading_loop] [N/A] ⏱ Skipping VWAP_diff_signal_rsi_1700, not yet time (every 5m)
2025-04-17 17:33:00 - INFO - [trading_loop] [N/A] 📊 Updating SL/TP for active orders
2025-04-17 17:33:01 - INFO - [_wait_until_next_iteration] [N/A] ⏳ Sleeping for 58.93 seconds before the next cycle
2025-04-17 17:34:00 - DEBUG - [trading_loop] [N/A] ⏱ Skipping EMA_Cross_ema50, not yet time (every 5m)
2025-04-17 17:34:00 - DEBUG - [trading_loop] [N/A] ⏱ Skipping EMA_Cross_candle, not yet time (every 5m)
2025-04-17 17:34:00 - DEBUG - [trading_loop] [N/A] ⏱ Skipping VWAP_diff_signal_1700, not yet time (every 5m)
2025-04-17 17:34:00 - DEBUG - [trading_loop] [N/A] ⏱ Skipping SMA_Cross_sma50, not yet time (every 5m)
2025-04-17 17:34:00 - DEBUG - [trading_loop] [N/A] ⏱ Skipping SMA_Cross_candle, not yet time (every 5m)
2025-04-17 17:34:00 - DEBUG - [trading_loop] [N/A] ⏱ Skipping VWAP_diff_signal_1700_volume, not yet time (every 5m)
2025-04-17 17:34:00 - DEBUG - [trading_loop] [N/A] ⏱ Skipping VWAP_diff_signal_rsi_1700, not yet time (every 5m)
2025-04-17 17:34:00 - INFO - [trading_loop] [N/A] 📊 Updating SL/TP for active orders
2025-04-17 17:34:01 - INFO - [_wait_until_next_iteration] [N/A] ⏳ Sleeping for 58.93 seconds before the next cycle
2025-04-17 17:35:00 - INFO - [_run_strategy_if_applicable] [N/A] ⏰ Strategy 'EMA_Cross_ema50' not executed because it's outside the time window: 16:35:00 - 16:50:00
2025-04-17 17:35:00 - INFO - [_run_strategy_if_applicable] [N/A] ⏰ Strategy 'EMA_Cross_candle' not executed because it's outside the time window: 16:35:00 - 16:50:00
2025-04-17 17:35:00 - INFO - [_run_strategy_if_applicable] [N/A] 🔄 Starting trading loop for strategy: VWAP_diff_signal_1700
2025-04-17 17:35:00 - DEBUG - [_run_single_trading_iteration] [CZR] 🚫 Trade not allowed for CZR (limit reached)
2025-04-17 17:35:00 - INFO - [get_stock_data] [MTCH] Requesting data for MTCH
2025-04-17 17:35:00 - INFO - [get_stock_data] [MTCH] Data received for MTCH: 91 rows
2025-04-17 17:35:00 - INFO - [check_vwap_diff_signal] [MTCH] Analyzing VWAP reversal signal for MTCH
2025-04-17 17:35:00 - INFO - [check_vwap_diff_signal] [MTCH] Close: 28.82 | Low: 28.75 | High: 28.84 | VWAP: 28.860508415860224
2025-04-17 17:35:00 - DEBUG - [check_vwap_diff_signal] [MTCH] [MTCH] Last Candela: VWAP-Low=0.38%, High-VWAP=-0.07%
2025-04-17 17:35:00 - DEBUG - [check_vwap_diff_signal] [MTCH] No VWAP signal detected
2025-04-17 17:35:00 - DEBUG - [_run_single_trading_iteration] [MTCH] 🔍 Signal for MTCH: None
2025-04-17 17:35:00 - INFO - [_run_single_trading_iteration] [MTCH] ℹ️ No valid signal for MTCH
2025-04-17 17:35:00 - INFO - [get_stock_data] [NCHL] Requesting data for NCHL
2025-04-17 17:35:00 - ERROR - [get_stock_data] [NCHL] Error retrieving data: 'NoneType' object has no attribute 'empty'
2025-04-17 17:35:00 - INFO - [get_stock_data] [HBAN] Requesting data for HBAN
2025-04-17 17:35:01 - INFO - [get_stock_data] [HBAN] Data received for HBAN: 91 rows
2025-04-17 17:35:01 - INFO - [check_vwap_diff_signal] [HBAN] Analyzing VWAP reversal signal for HBAN
2025-04-17 17:35:01 - INFO - [check_vwap_diff_signal] [HBAN] Close: 13.65 | Low: 13.63 | High: 13.69 | VWAP: 13.72143112070029
2025-04-17 17:35:01 - DEBUG - [check_vwap_diff_signal] [HBAN] [HBAN] Last Candela: VWAP-Low=0.67%, High-VWAP=-0.23%
2025-04-17 17:35:01 - DEBUG - [check_vwap_diff_signal] [HBAN] No VWAP signal detected
2025-04-17 17:35:01 - DEBUG - [_run_single_trading_iteration] [HBAN] 🔍 Signal for HBAN: None
2025-04-17 17:35:01 - INFO - [_run_single_trading_iteration] [HBAN] ℹ️ No valid signal for HBAN
2025-04-17 17:35:01 - INFO - [get_stock_data] [MRNA] Requesting data for MRNA
2025-04-17 17:35:02 - INFO - [get_stock_data] [MRNA] Data received for MRNA: 91 rows
2025-04-17 17:35:02 - INFO - [check_vwap_diff_signal] [MRNA] Analyzing VWAP reversal signal for MRNA
2025-04-17 17:35:02 - INFO - [check_vwap_diff_signal] [MRNA] Close: 24.81 | Low: 24.77 | High: 24.9 | VWAP: 25.008838418661448
2025-04-17 17:35:02 - DEBUG - [check_vwap_diff_signal] [MRNA] [MRNA] Last Candela: VWAP-Low=0.96%, High-VWAP=-0.44%
2025-04-17 17:35:02 - DEBUG - [check_vwap_diff_signal] [MRNA] No VWAP signal detected
2025-04-17 17:35:02 - DEBUG - [_run_single_trading_iteration] [MRNA] 🔍 Signal for MRNA: None
2025-04-17 17:35:02 - INFO - [_run_single_trading_iteration] [MRNA] ℹ️ No valid signal for MRNA
2025-04-17 17:35:02 - INFO - [get_stock_data] [WBD] Requesting data for WBD
2025-04-17 17:35:02 - INFO - [get_stock_data] [WBD] Data received for WBD: 91 rows
2025-04-17 17:35:02 - INFO - [check_vwap_diff_signal] [WBD] Analyzing VWAP reversal signal for WBD
2025-04-17 17:35:02 - INFO - [check_vwap_diff_signal] [WBD] Close: 8.04 | Low: 7.99 | High: 8.04 | VWAP: 8.048589451545846
2025-04-17 17:35:02 - DEBUG - [check_vwap_diff_signal] [WBD] [WBD] Last Candela: VWAP-Low=0.73%, High-VWAP=-0.11%
2025-04-17 17:35:02 - DEBUG - [check_vwap_diff_signal] [WBD] No VWAP signal detected
2025-04-17 17:35:02 - DEBUG - [_run_single_trading_iteration] [WBD] 🔍 Signal for WBD: None
2025-04-17 17:35:02 - INFO - [_run_single_trading_iteration] [WBD] ℹ️ No valid signal for WBD
2025-04-17 17:35:02 - INFO - [get_stock_data] [CMCSA] Requesting data for CMCSA
2025-04-17 17:35:03 - INFO - [get_stock_data] [CMCSA] Data received for CMCSA: 91 rows
2025-04-17 17:35:03 - INFO - [check_vwap_diff_signal] [CMCSA] Analyzing VWAP reversal signal for CMCSA
2025-04-17 17:35:03 - INFO - [check_vwap_diff_signal] [CMCSA] Close: 33.9 | Low: 33.86 | High: 33.96 | VWAP: 33.90367823364238
2025-04-17 17:35:03 - DEBUG - [check_vwap_diff_signal] [CMCSA] [CMCSA] Last Candela: VWAP-Low=0.13%, High-VWAP=0.17%
2025-04-17 17:35:03 - DEBUG - [check_vwap_diff_signal] [CMCSA] No VWAP signal detected
2025-04-17 17:35:03 - DEBUG - [_run_single_trading_iteration] [CMCSA] 🔍 Signal for CMCSA: None
2025-04-17 17:35:03 - INFO - [_run_single_trading_iteration] [CMCSA] ℹ️ No valid signal for CMCSA
2025-04-17 17:35:03 - INFO - [_run_strategy_if_applicable] [N/A] ⏰ Strategy 'SMA_Cross_sma50' not executed because it's outside the time window: 16:35:00 - 16:50:00
2025-04-17 17:35:03 - INFO - [_run_strategy_if_applicable] [N/A] ⏰ Strategy 'SMA_Cross_candle' not executed because it's outside the time window: 16:35:00 - 16:50:00
2025-04-17 17:35:03 - INFO - [_run_strategy_if_applicable] [N/A] 🔄 Starting trading loop for strategy: VWAP_diff_signal_1700_volume
2025-04-17 17:35:03 - INFO - [get_stock_data] [GEN] Requesting data for GEN
2025-04-17 17:35:03 - INFO - [get_stock_data] [GEN] Data received for GEN: 91 rows
2025-04-17 17:35:03 - INFO - [check_vwap_diff_signal_with_volume] [GEN] Analyzing VWAP reversal signal for GEN
2025-04-17 17:35:03 - DEBUG - [_run_single_trading_iteration] [GEN] 🔍 Signal for GEN: None
2025-04-17 17:35:03 - INFO - [_run_single_trading_iteration] [GEN] ℹ️ No valid signal for GEN
2025-04-17 17:35:03 - INFO - [get_stock_data] [HPQ] Requesting data for HPQ
2025-04-17 17:35:04 - INFO - [get_stock_data] [HPQ] Data received for HPQ: 91 rows
2025-04-17 17:35:04 - INFO - [check_vwap_diff_signal_with_volume] [HPQ] Analyzing VWAP reversal signal for HPQ
2025-04-17 17:35:04 - DEBUG - [_run_single_trading_iteration] [HPQ] 🔍 Signal for HPQ: None
2025-04-17 17:35:04 - INFO - [_run_single_trading_iteration] [HPQ] ℹ️ No valid signal for HPQ
2025-04-17 17:35:04 - INFO - [get_stock_data] [INTC] Requesting data for INTC
2025-04-17 17:35:05 - INFO - [get_stock_data] [INTC] Data received for INTC: 91 rows
2025-04-17 17:35:05 - INFO - [check_vwap_diff_signal_with_volume] [INTC] Analyzing VWAP reversal signal for INTC
2025-04-17 17:35:05 - DEBUG - [_run_single_trading_iteration] [INTC] 🔍 Signal for INTC: None
2025-04-17 17:35:05 - INFO - [_run_single_trading_iteration] [INTC] ℹ️ No valid signal for INTC
2025-04-17 17:35:05 - INFO - [get_stock_data] [RF] Requesting data for RF
2025-04-17 17:35:05 - INFO - [get_stock_data] [RF] Data received for RF: 91 rows
2025-04-17 17:35:05 - INFO - [check_vwap_diff_signal_with_volume] [RF] Analyzing VWAP reversal signal for RF
2025-04-17 17:35:05 - DEBUG - [_run_single_trading_iteration] [RF] 🔍 Signal for RF: None
2025-04-17 17:35:05 - INFO - [_run_single_trading_iteration] [RF] ℹ️ No valid signal for RF
2025-04-17 17:35:05 - INFO - [_run_strategy_if_applicable] [N/A] 🔄 Starting trading loop for strategy: VWAP_diff_signal_rsi_1700
2025-04-17 17:35:05 - INFO - [get_stock_data] [IVZ] Requesting data for IVZ
2025-04-17 17:35:06 - INFO - [get_stock_data] [IVZ] Data received for IVZ: 92 rows
2025-04-17 17:35:06 - INFO - [check_vwap_diff_signal_with_rsi] [IVZ] Analyzing VWAP reversal signal for IVZ
2025-04-17 17:35:06 - INFO - [check_vwap_diff_signal_with_rsi] [IVZ] Close: 12.82 | Low: 12.82 | High: 12.82 | VWAP: 12.831129210354183 | RSI: 59.77
2025-04-17 17:35:06 - DEBUG - [check_vwap_diff_signal_with_rsi] [IVZ] [IVZ] Last Candela: VWAP-Low=0.09%, High-VWAP=-0.09%
2025-04-17 17:35:06 - DEBUG - [check_vwap_diff_signal_with_rsi] [IVZ] No VWAP+RSI signal detected
2025-04-17 17:35:06 - DEBUG - [_run_single_trading_iteration] [IVZ] 🔍 Signal for IVZ: None
2025-04-17 17:35:06 - INFO - [_run_single_trading_iteration] [IVZ] ℹ️ No valid signal for IVZ
2025-04-17 17:35:06 - INFO - [get_stock_data] [FCX] Requesting data for FCX
2025-04-17 17:35:07 - INFO - [get_stock_data] [FCX] Data received for FCX: 92 rows
2025-04-17 17:35:07 - INFO - [check_vwap_diff_signal_with_rsi] [FCX] Analyzing VWAP reversal signal for FCX
2025-04-17 17:35:07 - INFO - [check_vwap_diff_signal_with_rsi] [FCX] Close: 32.59 | Low: 32.58 | High: 32.59 | VWAP: 33.16919184754886 | RSI: 30.72
2025-04-17 17:35:07 - DEBUG - [check_vwap_diff_signal_with_rsi] [FCX] [FCX] Last Candela: VWAP-Low=1.78%, High-VWAP=-1.75%
2025-04-17 17:35:07 - DEBUG - [check_vwap_diff_signal_with_rsi] [FCX] No VWAP+RSI signal detected
2025-04-17 17:35:07 - DEBUG - [_run_single_trading_iteration] [FCX] 🔍 Signal for FCX: None
2025-04-17 17:35:07 - INFO - [_run_single_trading_iteration] [FCX] ℹ️ No valid signal for FCX
2025-04-17 17:35:07 - INFO - [get_stock_data] [HST] Requesting data for HST
2025-04-17 17:35:07 - INFO - [get_stock_data] [HST] Data received for HST: 92 rows
2025-04-17 17:35:07 - INFO - [check_vwap_diff_signal_with_rsi] [HST] Analyzing VWAP reversal signal for HST
2025-04-17 17:35:07 - INFO - [check_vwap_diff_signal_with_rsi] [HST] Close: 13.63 | Low: 13.63 | High: 13.63 | VWAP: 13.689406443641627 | RSI: 58.50
2025-04-17 17:35:07 - DEBUG - [check_vwap_diff_signal_with_rsi] [HST] [HST] Last Candela: VWAP-Low=0.43%, High-VWAP=-0.43%
2025-04-17 17:35:07 - DEBUG - [check_vwap_diff_signal_with_rsi] [HST] No VWAP+RSI signal detected
2025-04-17 17:35:07 - DEBUG - [_run_single_trading_iteration] [HST] 🔍 Signal for HST: None
2025-04-17 17:35:07 - INFO - [_run_single_trading_iteration] [HST] ℹ️ No valid signal for HST
2025-04-17 17:35:07 - INFO - [get_stock_data] [IVZ] Requesting data for IVZ
2025-04-17 17:35:08 - INFO - [get_stock_data] [IVZ] Data received for IVZ: 92 rows
2025-04-17 17:35:08 - INFO - [check_vwap_diff_signal_with_rsi] [IVZ] Analyzing VWAP reversal signal for IVZ
2025-04-17 17:35:08 - INFO - [check_vwap_diff_signal_with_rsi] [IVZ] Close: 12.82 | Low: 12.82 | High: 12.82 | VWAP: 12.831129210354183 | RSI: 59.77
2025-04-17 17:35:08 - DEBUG - [check_vwap_diff_signal_with_rsi] [IVZ] [IVZ] Last Candela: VWAP-Low=0.09%, High-VWAP=-0.09%
2025-04-17 17:35:08 - DEBUG - [check_vwap_diff_signal_with_rsi] [IVZ] No VWAP+RSI signal detected
2025-04-17 17:35:08 - DEBUG - [_run_single_trading_iteration] [IVZ] 🔍 Signal for IVZ: None
2025-04-17 17:35:08 - INFO - [_run_single_trading_iteration] [IVZ] ℹ️ No valid signal for IVZ
2025-04-17 17:35:08 - INFO - [get_stock_data] [NEM] Requesting data for NEM
2025-04-17 17:35:08 - INFO - [get_stock_data] [NEM] Data received for NEM: 92 rows
2025-04-17 17:35:08 - INFO - [check_vwap_diff_signal_with_rsi] [NEM] Analyzing VWAP reversal signal for NEM
2025-04-17 17:35:08 - INFO - [check_vwap_diff_signal_with_rsi] [NEM] Close: 55.19 | Low: 55.19 | High: 55.19 | VWAP: 55.71571210787871 | RSI: 33.78
2025-04-17 17:35:08 - DEBUG - [check_vwap_diff_signal_with_rsi] [NEM] [NEM] Last Candela: VWAP-Low=0.94%, High-VWAP=-0.94%
2025-04-17 17:35:08 - DEBUG - [check_vwap_diff_signal_with_rsi] [NEM] No VWAP+RSI signal detected
2025-04-17 17:35:08 - DEBUG - [_run_single_trading_iteration] [NEM] 🔍 Signal for NEM: None
2025-04-17 17:35:08 - INFO - [_run_single_trading_iteration] [NEM] ℹ️ No valid signal for NEM
2025-04-17 17:35:08 - INFO - [get_stock_data] [LUV] Requesting data for LUV
2025-04-17 17:35:09 - INFO - [get_stock_data] [LUV] Data received for LUV: 92 rows
2025-04-17 17:35:09 - INFO - [check_vwap_diff_signal_with_rsi] [LUV] Analyzing VWAP reversal signal for LUV
2025-04-17 17:35:09 - INFO - [check_vwap_diff_signal_with_rsi] [LUV] Close: 24.51 | Low: 24.5 | High: 24.51 | VWAP: 24.619682361741525 | RSI: 41.41
2025-04-17 17:35:09 - DEBUG - [check_vwap_diff_signal_with_rsi] [LUV] [LUV] Last Candela: VWAP-Low=0.49%, High-VWAP=-0.45%
2025-04-17 17:35:09 - DEBUG - [check_vwap_diff_signal_with_rsi] [LUV] No VWAP+RSI signal detected
2025-04-17 17:35:09 - DEBUG - [_run_single_trading_iteration] [LUV] 🔍 Signal for LUV: None
2025-04-17 17:35:09 - INFO - [_run_single_trading_iteration] [LUV] ℹ️ No valid signal for LUV
2025-04-17 17:35:09 - INFO - [trading_loop] [N/A] 📊 Updating SL/TP for active orders
2025-04-17 17:35:10 - INFO - [_wait_until_next_iteration] [N/A] ⏳ Sleeping for 49.45 seconds before the next cycle
2025-04-17 17:36:00 - DEBUG - [trading_loop] [N/A] ⏱ Skipping EMA_Cross_ema50, not yet time (every 5m)
2025-04-17 17:36:00 - DEBUG - [trading_loop] [N/A] ⏱ Skipping EMA_Cross_candle, not yet time (every 5m)
2025-04-17 17:36:00 - DEBUG - [trading_loop] [N/A] ⏱ Skipping VWAP_diff_signal_1700, not yet time (every 5m)
2025-04-17 17:36:00 - DEBUG - [trading_loop] [N/A] ⏱ Skipping SMA_Cross_sma50, not yet time (every 5m)
2025-04-17 17:36:00 - DEBUG - [trading_loop] [N/A] ⏱ Skipping SMA_Cross_candle, not yet time (every 5m)
2025-04-17 17:36:00 - DEBUG - [trading_loop] [N/A] ⏱ Skipping VWAP_diff_signal_1700_volume, not yet time (every 5m)
2025-04-17 17:36:00 - DEBUG - [trading_loop] [N/A] ⏱ Skipping VWAP_diff_signal_rsi_1700, not yet time (every 5m)
2025-04-17 17:36:00 - INFO - [trading_loop] [N/A] 📊 Updating SL/TP for active orders
2025-04-17 17:36:01 - INFO - [_wait_until_next_iteration] [N/A] ⏳ Sleeping for 58.94 seconds before the next cycle
2025-04-17 17:37:00 - DEBUG - [trading_loop] [N/A] ⏱ Skipping EMA_Cross_ema50, not yet time (every 5m)
2025-04-17 17:37:00 - DEBUG - [trading_loop] [N/A] ⏱ Skipping EMA_Cross_candle, not yet time (every 5m)
2025-04-17 17:37:00 - DEBUG - [trading_loop] [N/A] ⏱ Skipping VWAP_diff_signal_1700, not yet time (every 5m)
2025-04-17 17:37:00 - DEBUG - [trading_loop] [N/A] ⏱ Skipping SMA_Cross_sma50, not yet time (every 5m)
2025-04-17 17:37:00 - DEBUG - [trading_loop] [N/A] ⏱ Skipping SMA_Cross_candle, not yet time (every 5m)
2025-04-17 17:37:00 - DEBUG - [trading_loop] [N/A] ⏱ Skipping VWAP_diff_signal_1700_volume, not yet time (every 5m)
2025-04-17 17:37:00 - DEBUG - [trading_loop] [N/A] ⏱ Skipping VWAP_diff_signal_rsi_1700, not yet time (every 5m)
2025-04-17 17:37:00 - INFO - [trading_loop] [N/A] 📊 Updating SL/TP for active orders
2025-04-17 17:37:01 - INFO - [_wait_until_next_iteration] [N/A] ⏳ Sleeping for 58.93 seconds before the next cycle
2025-04-17 17:38:00 - DEBUG - [trading_loop] [N/A] ⏱ Skipping EMA_Cross_ema50, not yet time (every 5m)
2025-04-17 17:38:00 - DEBUG - [trading_loop] [N/A] ⏱ Skipping EMA_Cross_candle, not yet time (every 5m)
2025-04-17 17:38:00 - DEBUG - [trading_loop] [N/A] ⏱ Skipping VWAP_diff_signal_1700, not yet time (every 5m)
2025-04-17 17:38:00 - DEBUG - [trading_loop] [N/A] ⏱ Skipping SMA_Cross_sma50, not yet time (every 5m)
2025-04-17 17:38:00 - DEBUG - [trading_loop] [N/A] ⏱ Skipping SMA_Cross_candle, not yet time (every 5m)
2025-04-17 17:38:00 - DEBUG - [trading_loop] [N/A] ⏱ Skipping VWAP_diff_signal_1700_volume, not yet time (every 5m)
2025-04-17 17:38:00 - DEBUG - [trading_loop] [N/A] ⏱ Skipping VWAP_diff_signal_rsi_1700, not yet time (every 5m)
2025-04-17 17:38:00 - INFO - [trading_loop] [N/A] 📊 Updating SL/TP for active orders
2025-04-17 17:38:01 - INFO - [_wait_until_next_iteration] [N/A] ⏳ Sleeping for 58.93 seconds before the next cycle
2025-04-17 17:39:00 - DEBUG - [trading_loop] [N/A] ⏱ Skipping EMA_Cross_ema50, not yet time (every 5m)
2025-04-17 17:39:00 - DEBUG - [trading_loop] [N/A] ⏱ Skipping EMA_Cross_candle, not yet time (every 5m)
2025-04-17 17:39:00 - DEBUG - [trading_loop] [N/A] ⏱ Skipping VWAP_diff_signal_1700, not yet time (every 5m)
2025-04-17 17:39:00 - DEBUG - [trading_loop] [N/A] ⏱ Skipping SMA_Cross_sma50, not yet time (every 5m)
2025-04-17 17:39:00 - DEBUG - [trading_loop] [N/A] ⏱ Skipping SMA_Cross_candle, not yet time (every 5m)
2025-04-17 17:39:00 - DEBUG - [trading_loop] [N/A] ⏱ Skipping VWAP_diff_signal_1700_volume, not yet time (every 5m)
2025-04-17 17:39:00 - DEBUG - [trading_loop] [N/A] ⏱ Skipping VWAP_diff_signal_rsi_1700, not yet time (every 5m)
2025-04-17 17:39:00 - INFO - [trading_loop] [N/A] 📊 Updating SL/TP for active orders
2025-04-17 17:39:01 - INFO - [_wait_until_next_iteration] [N/A] ⏳ Sleeping for 58.93 seconds before the next cycle
2025-04-17 17:40:00 - INFO - [_run_strategy_if_applicable] [N/A] ⏰ Strategy 'EMA_Cross_ema50' not executed because it's outside the time window: 16:35:00 - 16:50:00
2025-04-17 17:40:00 - INFO - [_run_strategy_if_applicable] [N/A] ⏰ Strategy 'EMA_Cross_candle' not executed because it's outside the time window: 16:35:00 - 16:50:00
2025-04-17 17:40:00 - INFO - [_run_strategy_if_applicable] [N/A] 🔄 Starting trading loop for strategy: VWAP_diff_signal_1700
2025-04-17 17:40:00 - DEBUG - [_run_single_trading_iteration] [CZR] 🚫 Trade not allowed for CZR (limit reached)
2025-04-17 17:40:00 - INFO - [get_stock_data] [MTCH] Requesting data for MTCH
2025-04-17 17:40:00 - INFO - [get_stock_data] [MTCH] Data received for MTCH: 92 rows
2025-04-17 17:40:00 - INFO - [check_vwap_diff_signal] [MTCH] Analyzing VWAP reversal signal for MTCH
2025-04-17 17:40:00 - INFO - [check_vwap_diff_signal] [MTCH] Close: 28.79 | Low: 28.75 | High: 28.81 | VWAP: 28.856067605991544
2025-04-17 17:40:00 - DEBUG - [check_vwap_diff_signal] [MTCH] [MTCH] Last Candela: VWAP-Low=0.37%, High-VWAP=-0.16%
2025-04-17 17:40:00 - DEBUG - [check_vwap_diff_signal] [MTCH] No VWAP signal detected
2025-04-17 17:40:00 - DEBUG - [_run_single_trading_iteration] [MTCH] 🔍 Signal for MTCH: None
2025-04-17 17:40:00 - INFO - [_run_single_trading_iteration] [MTCH] ℹ️ No valid signal for MTCH
2025-04-17 17:40:00 - INFO - [get_stock_data] [NCHL] Requesting data for NCHL
2025-04-17 17:40:00 - ERROR - [get_stock_data] [NCHL] Error retrieving data: 'NoneType' object has no attribute 'empty'
2025-04-17 17:40:00 - INFO - [get_stock_data] [HBAN] Requesting data for HBAN
2025-04-17 17:40:01 - INFO - [get_stock_data] [HBAN] Data received for HBAN: 92 rows
2025-04-17 17:40:01 - INFO - [check_vwap_diff_signal] [HBAN] Analyzing VWAP reversal signal for HBAN
2025-04-17 17:40:01 - INFO - [check_vwap_diff_signal] [HBAN] Close: 13.71 | Low: 13.62 | High: 13.71 | VWAP: 13.720843472700503
2025-04-17 17:40:01 - DEBUG - [check_vwap_diff_signal] [HBAN] [HBAN] Last Candela: VWAP-Low=0.73%, High-VWAP=-0.08%
2025-04-17 17:40:01 - DEBUG - [check_vwap_diff_signal] [HBAN] No VWAP signal detected
2025-04-17 17:40:01 - DEBUG - [_run_single_trading_iteration] [HBAN] 🔍 Signal for HBAN: None
2025-04-17 17:40:01 - INFO - [_run_single_trading_iteration] [HBAN] ℹ️ No valid signal for HBAN
2025-04-17 17:40:01 - INFO - [get_stock_data] [MRNA] Requesting data for MRNA
2025-04-17 17:40:02 - INFO - [get_stock_data] [MRNA] Data received for MRNA: 92 rows
2025-04-17 17:40:02 - INFO - [check_vwap_diff_signal] [MRNA] Analyzing VWAP reversal signal for MRNA
2025-04-17 17:40:02 - INFO - [check_vwap_diff_signal] [MRNA] Close: 24.73 | Low: 24.68 | High: 24.82 | VWAP: 24.99843741828495
2025-04-17 17:40:02 - DEBUG - [check_vwap_diff_signal] [MRNA] [MRNA] Last Candela: VWAP-Low=1.27%, High-VWAP=-0.71%
2025-04-17 17:40:02 - DEBUG - [check_vwap_diff_signal] [MRNA] No VWAP signal detected
2025-04-17 17:40:02 - DEBUG - [_run_single_trading_iteration] [MRNA] 🔍 Signal for MRNA: None
2025-04-17 17:40:02 - INFO - [_run_single_trading_iteration] [MRNA] ℹ️ No valid signal for MRNA
2025-04-17 17:40:02 - INFO - [get_stock_data] [WBD] Requesting data for WBD
2025-04-17 17:40:02 - INFO - [get_stock_data] [WBD] Data received for WBD: 92 rows
2025-04-17 17:40:02 - INFO - [check_vwap_diff_signal] [WBD] Analyzing VWAP reversal signal for WBD
2025-04-17 17:40:02 - INFO - [check_vwap_diff_signal] [WBD] Close: 8.01 | Low: 7.99 | High: 8.04 | VWAP: 8.046810171695522
2025-04-17 17:40:02 - DEBUG - [check_vwap_diff_signal] [WBD] [WBD] Last Candela: VWAP-Low=0.71%, High-VWAP=-0.08%
2025-04-17 17:40:02 - DEBUG - [check_vwap_diff_signal] [WBD] No VWAP signal detected
2025-04-17 17:40:02 - DEBUG - [_run_single_trading_iteration] [WBD] 🔍 Signal for WBD: None
2025-04-17 17:40:02 - INFO - [_run_single_trading_iteration] [WBD] ℹ️ No valid signal for WBD
2025-04-17 17:40:02 - INFO - [get_stock_data] [CMCSA] Requesting data for CMCSA
2025-04-17 17:40:03 - INFO - [get_stock_data] [CMCSA] Data received for CMCSA: 92 rows
2025-04-17 17:40:03 - INFO - [check_vwap_diff_signal] [CMCSA] Analyzing VWAP reversal signal for CMCSA
2025-04-17 17:40:03 - INFO - [check_vwap_diff_signal] [CMCSA] Close: 33.89 | Low: 33.86 | High: 33.9 | VWAP: 33.903381793958935
2025-04-17 17:40:03 - DEBUG - [check_vwap_diff_signal] [CMCSA] [CMCSA] Last Candela: VWAP-Low=0.13%, High-VWAP=-0.01%
2025-04-17 17:40:03 - DEBUG - [check_vwap_diff_signal] [CMCSA] No VWAP signal detected
2025-04-17 17:40:03 - DEBUG - [_run_single_trading_iteration] [CMCSA] 🔍 Signal for CMCSA: None
2025-04-17 17:40:03 - INFO - [_run_single_trading_iteration] [CMCSA] ℹ️ No valid signal for CMCSA
2025-04-17 17:40:03 - INFO - [_run_strategy_if_applicable] [N/A] ⏰ Strategy 'SMA_Cross_sma50' not executed because it's outside the time window: 16:35:00 - 16:50:00
2025-04-17 17:40:03 - INFO - [_run_strategy_if_applicable] [N/A] ⏰ Strategy 'SMA_Cross_candle' not executed because it's outside the time window: 16:35:00 - 16:50:00
2025-04-17 17:40:03 - INFO - [_run_strategy_if_applicable] [N/A] 🔄 Starting trading loop for strategy: VWAP_diff_signal_1700_volume
2025-04-17 17:40:03 - INFO - [get_stock_data] [GEN] Requesting data for GEN
2025-04-17 17:40:03 - INFO - [get_stock_data] [GEN] Data received for GEN: 92 rows
2025-04-17 17:40:03 - INFO - [check_vwap_diff_signal_with_volume] [GEN] Analyzing VWAP reversal signal for GEN
2025-04-17 17:40:04 - DEBUG - [_run_single_trading_iteration] [GEN] 🔍 Signal for GEN: None
2025-04-17 17:40:04 - INFO - [_run_single_trading_iteration] [GEN] ℹ️ No valid signal for GEN
2025-04-17 17:40:04 - INFO - [get_stock_data] [HPQ] Requesting data for HPQ
2025-04-17 17:40:04 - INFO - [get_stock_data] [HPQ] Data received for HPQ: 92 rows
2025-04-17 17:40:04 - INFO - [check_vwap_diff_signal_with_volume] [HPQ] Analyzing VWAP reversal signal for HPQ
2025-04-17 17:40:04 - DEBUG - [_run_single_trading_iteration] [HPQ] 🔍 Signal for HPQ: None
2025-04-17 17:40:04 - INFO - [_run_single_trading_iteration] [HPQ] ℹ️ No valid signal for HPQ
2025-04-17 17:40:04 - INFO - [get_stock_data] [INTC] Requesting data for INTC
2025-04-17 17:40:05 - INFO - [get_stock_data] [INTC] Data received for INTC: 92 rows
2025-04-17 17:40:05 - INFO - [check_vwap_diff_signal_with_volume] [INTC] Analyzing VWAP reversal signal for INTC
2025-04-17 17:40:05 - DEBUG - [_run_single_trading_iteration] [INTC] 🔍 Signal for INTC: None
2025-04-17 17:40:05 - INFO - [_run_single_trading_iteration] [INTC] ℹ️ No valid signal for INTC
2025-04-17 17:40:05 - INFO - [get_stock_data] [RF] Requesting data for RF
2025-04-17 17:40:05 - INFO - [get_stock_data] [RF] Data received for RF: 93 rows
2025-04-17 17:40:05 - INFO - [check_vwap_diff_signal_with_volume] [RF] Analyzing VWAP reversal signal for RF
2025-04-17 17:40:05 - DEBUG - [_run_single_trading_iteration] [RF] 🔍 Signal for RF: None
2025-04-17 17:40:05 - INFO - [_run_single_trading_iteration] [RF] ℹ️ No valid signal for RF
2025-04-17 17:40:05 - INFO - [_run_strategy_if_applicable] [N/A] 🔄 Starting trading loop for strategy: VWAP_diff_signal_rsi_1700
2025-04-17 17:40:05 - INFO - [get_stock_data] [IVZ] Requesting data for IVZ
2025-04-17 17:40:06 - INFO - [get_stock_data] [IVZ] Data received for IVZ: 93 rows
2025-04-17 17:40:06 - INFO - [check_vwap_diff_signal_with_rsi] [IVZ] Analyzing VWAP reversal signal for IVZ
2025-04-17 17:40:06 - INFO - [check_vwap_diff_signal_with_rsi] [IVZ] Close: 12.81 | Low: 12.8 | High: 12.81 | VWAP: 12.830462343184799 | RSI: 58.05
2025-04-17 17:40:06 - DEBUG - [check_vwap_diff_signal_with_rsi] [IVZ] [IVZ] Last Candela: VWAP-Low=0.24%, High-VWAP=-0.16%
2025-04-17 17:40:06 - DEBUG - [check_vwap_diff_signal_with_rsi] [IVZ] No VWAP+RSI signal detected
2025-04-17 17:40:06 - DEBUG - [_run_single_trading_iteration] [IVZ] 🔍 Signal for IVZ: None
2025-04-17 17:40:06 - INFO - [_run_single_trading_iteration] [IVZ] ℹ️ No valid signal for IVZ
2025-04-17 17:40:06 - INFO - [get_stock_data] [FCX] Requesting data for FCX
2025-04-17 17:40:06 - INFO - [get_stock_data] [FCX] Data received for FCX: 93 rows
2025-04-17 17:40:06 - INFO - [check_vwap_diff_signal_with_rsi] [FCX] Analyzing VWAP reversal signal for FCX
2025-04-17 17:40:06 - INFO - [check_vwap_diff_signal_with_rsi] [FCX] Close: 32.64 | Low: 32.62 | High: 32.64 | VWAP: 33.13375439629161 | RSI: 33.20
2025-04-17 17:40:06 - DEBUG - [check_vwap_diff_signal_with_rsi] [FCX] [FCX] Last Candela: VWAP-Low=1.55%, High-VWAP=-1.49%
2025-04-17 17:40:06 - DEBUG - [check_vwap_diff_signal_with_rsi] [FCX] No VWAP+RSI signal detected
2025-04-17 17:40:06 - DEBUG - [_run_single_trading_iteration] [FCX] 🔍 Signal for FCX: None
2025-04-17 17:40:06 - INFO - [_run_single_trading_iteration] [FCX] ℹ️ No valid signal for FCX
2025-04-17 17:40:06 - INFO - [get_stock_data] [HST] Requesting data for HST
2025-04-17 17:40:07 - INFO - [get_stock_data] [HST] Data received for HST: 93 rows
2025-04-17 17:40:07 - INFO - [check_vwap_diff_signal_with_rsi] [HST] Analyzing VWAP reversal signal for HST
2025-04-17 17:40:07 - INFO - [check_vwap_diff_signal_with_rsi] [HST] Close: 13.61 | Low: 13.6 | High: 13.61 | VWAP: 13.68710597227546 | RSI: 55.61
2025-04-17 17:40:07 - DEBUG - [check_vwap_diff_signal_with_rsi] [HST] [HST] Last Candela: VWAP-Low=0.64%, High-VWAP=-0.56%
2025-04-17 17:40:07 - DEBUG - [check_vwap_diff_signal_with_rsi] [HST] No VWAP+RSI signal detected
2025-04-17 17:40:07 - DEBUG - [_run_single_trading_iteration] [HST] 🔍 Signal for HST: None
2025-04-17 17:40:07 - INFO - [_run_single_trading_iteration] [HST] ℹ️ No valid signal for HST
2025-04-17 17:40:07 - INFO - [get_stock_data] [IVZ] Requesting data for IVZ
2025-04-17 17:40:07 - INFO - [get_stock_data] [IVZ] Data received for IVZ: 93 rows
2025-04-17 17:40:07 - INFO - [check_vwap_diff_signal_with_rsi] [IVZ] Analyzing VWAP reversal signal for IVZ
2025-04-17 17:40:07 - INFO - [check_vwap_diff_signal_with_rsi] [IVZ] Close: 12.81 | Low: 12.8 | High: 12.81 | VWAP: 12.830462343184799 | RSI: 58.05
2025-04-17 17:40:07 - DEBUG - [check_vwap_diff_signal_with_rsi] [IVZ] [IVZ] Last Candela: VWAP-Low=0.24%, High-VWAP=-0.16%
2025-04-17 17:40:07 - DEBUG - [check_vwap_diff_signal_with_rsi] [IVZ] No VWAP+RSI signal detected
2025-04-17 17:40:07 - DEBUG - [_run_single_trading_iteration] [IVZ] 🔍 Signal for IVZ: None
2025-04-17 17:40:07 - INFO - [_run_single_trading_iteration] [IVZ] ℹ️ No valid signal for IVZ
2025-04-17 17:40:07 - INFO - [get_stock_data] [NEM] Requesting data for NEM
2025-04-17 17:40:08 - INFO - [get_stock_data] [NEM] Data received for NEM: 93 rows
2025-04-17 17:40:08 - INFO - [check_vwap_diff_signal_with_rsi] [NEM] Analyzing VWAP reversal signal for NEM
2025-04-17 17:40:08 - INFO - [check_vwap_diff_signal_with_rsi] [NEM] Close: 55.01 | Low: 54.99 | High: 55.01 | VWAP: 55.65435601728546 | RSI: 31.21
2025-04-17 17:40:08 - DEBUG - [check_vwap_diff_signal_with_rsi] [NEM] [NEM] Last Candela: VWAP-Low=1.19%, High-VWAP=-1.16%
2025-04-17 17:40:08 - DEBUG - [check_vwap_diff_signal_with_rsi] [NEM] No VWAP+RSI signal detected
2025-04-17 17:40:08 - DEBUG - [_run_single_trading_iteration] [NEM] 🔍 Signal for NEM: None
2025-04-17 17:40:08 - INFO - [_run_single_trading_iteration] [NEM] ℹ️ No valid signal for NEM
2025-04-17 17:40:08 - INFO - [get_stock_data] [LUV] Requesting data for LUV
2025-04-17 17:40:08 - INFO - [get_stock_data] [LUV] Data received for LUV: 93 rows
2025-04-17 17:40:08 - INFO - [check_vwap_diff_signal_with_rsi] [LUV] Analyzing VWAP reversal signal for LUV
2025-04-17 17:40:08 - INFO - [check_vwap_diff_signal_with_rsi] [LUV] Close: 24.5 | Low: 24.49 | High: 24.5 | VWAP: 24.610068243684108 | RSI: 41.24
2025-04-17 17:40:08 - DEBUG - [check_vwap_diff_signal_with_rsi] [LUV] [LUV] Last Candela: VWAP-Low=0.49%, High-VWAP=-0.45%
2025-04-17 17:40:08 - DEBUG - [check_vwap_diff_signal_with_rsi] [LUV] No VWAP+RSI signal detected
2025-04-17 17:40:08 - DEBUG - [_run_single_trading_iteration] [LUV] 🔍 Signal for LUV: None
2025-04-17 17:40:08 - INFO - [_run_single_trading_iteration] [LUV] ℹ️ No valid signal for LUV
2025-04-17 17:40:08 - INFO - [trading_loop] [N/A] 📊 Updating SL/TP for active orders
2025-04-17 17:40:10 - INFO - [_wait_until_next_iteration] [N/A] ⏳ Sleeping for 49.97 seconds before the next cycle
2025-04-17 17:41:00 - DEBUG - [trading_loop] [N/A] ⏱ Skipping EMA_Cross_ema50, not yet time (every 5m)
2025-04-17 17:41:00 - DEBUG - [trading_loop] [N/A] ⏱ Skipping EMA_Cross_candle, not yet time (every 5m)
2025-04-17 17:41:00 - DEBUG - [trading_loop] [N/A] ⏱ Skipping VWAP_diff_signal_1700, not yet time (every 5m)
2025-04-17 17:41:00 - DEBUG - [trading_loop] [N/A] ⏱ Skipping SMA_Cross_sma50, not yet time (every 5m)
2025-04-17 17:41:00 - DEBUG - [trading_loop] [N/A] ⏱ Skipping SMA_Cross_candle, not yet time (every 5m)
2025-04-17 17:41:00 - DEBUG - [trading_loop] [N/A] ⏱ Skipping VWAP_diff_signal_1700_volume, not yet time (every 5m)
2025-04-17 17:41:00 - DEBUG - [trading_loop] [N/A] ⏱ Skipping VWAP_diff_signal_rsi_1700, not yet time (every 5m)
2025-04-17 17:41:00 - INFO - [trading_loop] [N/A] 📊 Updating SL/TP for active orders
2025-04-17 17:41:01 - INFO - [_wait_until_next_iteration] [N/A] ⏳ Sleeping for 58.94 seconds before the next cycle
2025-04-17 17:42:00 - DEBUG - [trading_loop] [N/A] ⏱ Skipping EMA_Cross_ema50, not yet time (every 5m)
2025-04-17 17:42:00 - DEBUG - [trading_loop] [N/A] ⏱ Skipping EMA_Cross_candle, not yet time (every 5m)
2025-04-17 17:42:00 - DEBUG - [trading_loop] [N/A] ⏱ Skipping VWAP_diff_signal_1700, not yet time (every 5m)
2025-04-17 17:42:00 - DEBUG - [trading_loop] [N/A] ⏱ Skipping SMA_Cross_sma50, not yet time (every 5m)
2025-04-17 17:42:00 - DEBUG - [trading_loop] [N/A] ⏱ Skipping SMA_Cross_candle, not yet time (every 5m)
2025-04-17 17:42:00 - DEBUG - [trading_loop] [N/A] ⏱ Skipping VWAP_diff_signal_1700_volume, not yet time (every 5m)
2025-04-17 17:42:00 - DEBUG - [trading_loop] [N/A] ⏱ Skipping VWAP_diff_signal_rsi_1700, not yet time (every 5m)
2025-04-17 17:42:00 - INFO - [trading_loop] [N/A] 📊 Updating SL/TP for active orders
2025-04-17 17:42:01 - INFO - [_wait_until_next_iteration] [N/A] ⏳ Sleeping for 58.93 seconds before the next cycle
2025-04-17 17:43:00 - DEBUG - [trading_loop] [N/A] ⏱ Skipping EMA_Cross_ema50, not yet time (every 5m)
2025-04-17 17:43:00 - DEBUG - [trading_loop] [N/A] ⏱ Skipping EMA_Cross_candle, not yet time (every 5m)
2025-04-17 17:43:00 - DEBUG - [trading_loop] [N/A] ⏱ Skipping VWAP_diff_signal_1700, not yet time (every 5m)
2025-04-17 17:43:00 - DEBUG - [trading_loop] [N/A] ⏱ Skipping SMA_Cross_sma50, not yet time (every 5m)
2025-04-17 17:43:00 - DEBUG - [trading_loop] [N/A] ⏱ Skipping SMA_Cross_candle, not yet time (every 5m)
2025-04-17 17:43:00 - DEBUG - [trading_loop] [N/A] ⏱ Skipping VWAP_diff_signal_1700_volume, not yet time (every 5m)
2025-04-17 17:43:00 - DEBUG - [trading_loop] [N/A] ⏱ Skipping VWAP_diff_signal_rsi_1700, not yet time (every 5m)
2025-04-17 17:43:00 - INFO - [trading_loop] [N/A] 📊 Updating SL/TP for active orders
2025-04-17 17:43:01 - INFO - [_wait_until_next_iteration] [N/A] ⏳ Sleeping for 58.94 seconds before the next cycle
2025-04-17 17:44:00 - DEBUG - [trading_loop] [N/A] ⏱ Skipping EMA_Cross_ema50, not yet time (every 5m)
2025-04-17 17:44:00 - DEBUG - [trading_loop] [N/A] ⏱ Skipping EMA_Cross_candle, not yet time (every 5m)
2025-04-17 17:44:00 - DEBUG - [trading_loop] [N/A] ⏱ Skipping VWAP_diff_signal_1700, not yet time (every 5m)
2025-04-17 17:44:00 - DEBUG - [trading_loop] [N/A] ⏱ Skipping SMA_Cross_sma50, not yet time (every 5m)
2025-04-17 17:44:00 - DEBUG - [trading_loop] [N/A] ⏱ Skipping SMA_Cross_candle, not yet time (every 5m)
2025-04-17 17:44:00 - DEBUG - [trading_loop] [N/A] ⏱ Skipping VWAP_diff_signal_1700_volume, not yet time (every 5m)
2025-04-17 17:44:00 - DEBUG - [trading_loop] [N/A] ⏱ Skipping VWAP_diff_signal_rsi_1700, not yet time (every 5m)
2025-04-17 17:44:00 - INFO - [trading_loop] [N/A] 📊 Updating SL/TP for active orders
2025-04-17 17:44:01 - INFO - [_wait_until_next_iteration] [N/A] ⏳ Sleeping for 58.93 seconds before the next cycle
2025-04-17 17:45:00 - INFO - [_run_strategy_if_applicable] [N/A] ⏰ Strategy 'EMA_Cross_ema50' not executed because it's outside the time window: 16:35:00 - 16:50:00
2025-04-17 17:45:00 - INFO - [_run_strategy_if_applicable] [N/A] ⏰ Strategy 'EMA_Cross_candle' not executed because it's outside the time window: 16:35:00 - 16:50:00
2025-04-17 17:45:00 - INFO - [_run_strategy_if_applicable] [N/A] 🔄 Starting trading loop for strategy: VWAP_diff_signal_1700
2025-04-17 17:45:00 - DEBUG - [_run_single_trading_iteration] [CZR] 🚫 Trade not allowed for CZR (limit reached)
2025-04-17 17:45:00 - INFO - [get_stock_data] [MTCH] Requesting data for MTCH
2025-04-17 17:45:00 - INFO - [get_stock_data] [MTCH] Data received for MTCH: 93 rows
2025-04-17 17:45:00 - INFO - [check_vwap_diff_signal] [MTCH] Analyzing VWAP reversal signal for MTCH
2025-04-17 17:45:00 - INFO - [check_vwap_diff_signal] [MTCH] Close: 28.88 | Low: 28.78 | High: 28.96 | VWAP: 28.859237921169736
2025-04-17 17:45:00 - DEBUG - [check_vwap_diff_signal] [MTCH] [MTCH] Last Candela: VWAP-Low=0.27%, High-VWAP=0.35%
2025-04-17 17:45:00 - DEBUG - [check_vwap_diff_signal] [MTCH] No VWAP signal detected
2025-04-17 17:45:00 - DEBUG - [_run_single_trading_iteration] [MTCH] 🔍 Signal for MTCH: None
2025-04-17 17:45:00 - INFO - [_run_single_trading_iteration] [MTCH] ℹ️ No valid signal for MTCH
2025-04-17 17:45:00 - INFO - [get_stock_data] [NCHL] Requesting data for NCHL
2025-04-17 17:45:00 - ERROR - [get_stock_data] [NCHL] Error retrieving data: 'NoneType' object has no attribute 'empty'
2025-04-17 17:45:00 - INFO - [get_stock_data] [HBAN] Requesting data for HBAN
2025-04-17 17:45:01 - INFO - [get_stock_data] [HBAN] Data received for HBAN: 93 rows
2025-04-17 17:45:01 - INFO - [check_vwap_diff_signal] [HBAN] Analyzing VWAP reversal signal for HBAN
2025-04-17 17:45:01 - INFO - [check_vwap_diff_signal] [HBAN] Close: 13.69 | Low: 13.69 | High: 13.76 | VWAP: 13.719645164209334
2025-04-17 17:45:01 - DEBUG - [check_vwap_diff_signal] [HBAN] [HBAN] Last Candela: VWAP-Low=0.22%, High-VWAP=0.29%
2025-04-17 17:45:01 - DEBUG - [check_vwap_diff_signal] [HBAN] No VWAP signal detected
2025-04-17 17:45:01 - DEBUG - [_run_single_trading_iteration] [HBAN] 🔍 Signal for HBAN: None
2025-04-17 17:45:01 - INFO - [_run_single_trading_iteration] [HBAN] ℹ️ No valid signal for HBAN
2025-04-17 17:45:01 - INFO - [get_stock_data] [MRNA] Requesting data for MRNA
2025-04-17 17:45:01 - INFO - [get_stock_data] [MRNA] Data received for MRNA: 93 rows
2025-04-17 17:45:01 - INFO - [check_vwap_diff_signal] [MRNA] Analyzing VWAP reversal signal for MRNA
2025-04-17 17:45:01 - INFO - [check_vwap_diff_signal] [MRNA] Close: 24.79 | Low: 24.69 | High: 24.85 | VWAP: 24.991932937318598
2025-04-17 17:45:01 - DEBUG - [check_vwap_diff_signal] [MRNA] [MRNA] Last Candela: VWAP-Low=1.21%, High-VWAP=-0.57%
2025-04-17 17:45:01 - DEBUG - [check_vwap_diff_signal] [MRNA] No VWAP signal detected
2025-04-17 17:45:01 - DEBUG - [_run_single_trading_iteration] [MRNA] 🔍 Signal for MRNA: None
2025-04-17 17:45:01 - INFO - [_run_single_trading_iteration] [MRNA] ℹ️ No valid signal for MRNA
2025-04-17 17:45:01 - INFO - [get_stock_data] [WBD] Requesting data for WBD
2025-04-17 17:45:02 - INFO - [get_stock_data] [WBD] Data received for WBD: 93 rows
2025-04-17 17:45:02 - INFO - [check_vwap_diff_signal] [WBD] Analyzing VWAP reversal signal for WBD
2025-04-17 17:45:02 - INFO - [check_vwap_diff_signal] [WBD] Close: 8.05 | Low: 8.01 | High: 8.06 | VWAP: 8.046940446541427
2025-04-17 17:45:02 - DEBUG - [check_vwap_diff_signal] [WBD] [WBD] Last Candela: VWAP-Low=0.46%, High-VWAP=0.16%
2025-04-17 17:45:02 - DEBUG - [check_vwap_diff_signal] [WBD] No VWAP signal detected
2025-04-17 17:45:02 - DEBUG - [_run_single_trading_iteration] [WBD] 🔍 Signal for WBD: None
2025-04-17 17:45:02 - INFO - [_run_single_trading_iteration] [WBD] ℹ️ No valid signal for WBD
2025-04-17 17:45:02 - INFO - [get_stock_data] [CMCSA] Requesting data for CMCSA
2025-04-17 17:45:03 - INFO - [get_stock_data] [CMCSA] Data received for CMCSA: 93 rows
2025-04-17 17:45:03 - INFO - [check_vwap_diff_signal] [CMCSA] Analyzing VWAP reversal signal for CMCSA
2025-04-17 17:45:03 - INFO - [check_vwap_diff_signal] [CMCSA] Close: 33.91 | Low: 33.86 | High: 33.93 | VWAP: 33.903696138437226
2025-04-17 17:45:03 - DEBUG - [check_vwap_diff_signal] [CMCSA] [CMCSA] Last Candela: VWAP-Low=0.13%, High-VWAP=0.08%
2025-04-17 17:45:03 - DEBUG - [check_vwap_diff_signal] [CMCSA] No VWAP signal detected
2025-04-17 17:45:03 - DEBUG - [_run_single_trading_iteration] [CMCSA] 🔍 Signal for CMCSA: None
2025-04-17 17:45:03 - INFO - [_run_single_trading_iteration] [CMCSA] ℹ️ No valid signal for CMCSA
2025-04-17 17:45:03 - INFO - [_run_strategy_if_applicable] [N/A] ⏰ Strategy 'SMA_Cross_sma50' not executed because it's outside the time window: 16:35:00 - 16:50:00
2025-04-17 17:45:03 - INFO - [_run_strategy_if_applicable] [N/A] ⏰ Strategy 'SMA_Cross_candle' not executed because it's outside the time window: 16:35:00 - 16:50:00
2025-04-17 17:45:03 - INFO - [_run_strategy_if_applicable] [N/A] 🔄 Starting trading loop for strategy: VWAP_diff_signal_1700_volume
2025-04-17 17:45:03 - INFO - [get_stock_data] [GEN] Requesting data for GEN
2025-04-17 17:45:03 - INFO - [get_stock_data] [GEN] Data received for GEN: 93 rows
2025-04-17 17:45:03 - INFO - [check_vwap_diff_signal_with_volume] [GEN] Analyzing VWAP reversal signal for GEN
2025-04-17 17:45:03 - DEBUG - [_run_single_trading_iteration] [GEN] 🔍 Signal for GEN: None
2025-04-17 17:45:03 - INFO - [_run_single_trading_iteration] [GEN] ℹ️ No valid signal for GEN
2025-04-17 17:45:03 - INFO - [get_stock_data] [HPQ] Requesting data for HPQ
2025-04-17 17:45:04 - INFO - [get_stock_data] [HPQ] Data received for HPQ: 93 rows
2025-04-17 17:45:04 - INFO - [check_vwap_diff_signal_with_volume] [HPQ] Analyzing VWAP reversal signal for HPQ
2025-04-17 17:45:04 - DEBUG - [_run_single_trading_iteration] [HPQ] 🔍 Signal for HPQ: None
2025-04-17 17:45:04 - INFO - [_run_single_trading_iteration] [HPQ] ℹ️ No valid signal for HPQ
2025-04-17 17:45:04 - INFO - [get_stock_data] [INTC] Requesting data for INTC
2025-04-17 17:45:04 - INFO - [get_stock_data] [INTC] Data received for INTC: 93 rows
2025-04-17 17:45:04 - INFO - [check_vwap_diff_signal_with_volume] [INTC] Analyzing VWAP reversal signal for INTC
2025-04-17 17:45:04 - DEBUG - [_run_single_trading_iteration] [INTC] 🔍 Signal for INTC: None
2025-04-17 17:45:04 - INFO - [_run_single_trading_iteration] [INTC] ℹ️ No valid signal for INTC
2025-04-17 17:45:04 - INFO - [get_stock_data] [RF] Requesting data for RF
2025-04-17 17:45:05 - INFO - [get_stock_data] [RF] Data received for RF: 93 rows
2025-04-17 17:45:05 - INFO - [check_vwap_diff_signal_with_volume] [RF] Analyzing VWAP reversal signal for RF
2025-04-17 17:45:05 - DEBUG - [_run_single_trading_iteration] [RF] 🔍 Signal for RF: None
2025-04-17 17:45:05 - INFO - [_run_single_trading_iteration] [RF] ℹ️ No valid signal for RF
2025-04-17 17:45:05 - INFO - [_run_strategy_if_applicable] [N/A] 🔄 Starting trading loop for strategy: VWAP_diff_signal_rsi_1700
2025-04-17 17:45:05 - INFO - [get_stock_data] [IVZ] Requesting data for IVZ
2025-04-17 17:45:05 - INFO - [get_stock_data] [IVZ] Data received for IVZ: 93 rows
2025-04-17 17:45:05 - INFO - [check_vwap_diff_signal_with_rsi] [IVZ] Analyzing VWAP reversal signal for IVZ
2025-04-17 17:45:05 - INFO - [check_vwap_diff_signal_with_rsi] [IVZ] Close: 12.83 | Low: 12.8 | High: 12.84 | VWAP: 12.83045971760226 | RSI: 60.50
2025-04-17 17:45:05 - DEBUG - [check_vwap_diff_signal_with_rsi] [IVZ] [IVZ] Last Candela: VWAP-Low=0.24%, High-VWAP=0.07%
2025-04-17 17:45:05 - DEBUG - [check_vwap_diff_signal_with_rsi] [IVZ] No VWAP+RSI signal detected
2025-04-17 17:45:05 - DEBUG - [_run_single_trading_iteration] [IVZ] 🔍 Signal for IVZ: None
2025-04-17 17:45:05 - INFO - [_run_single_trading_iteration] [IVZ] ℹ️ No valid signal for IVZ
2025-04-17 17:45:05 - INFO - [get_stock_data] [FCX] Requesting data for FCX
2025-04-17 17:45:06 - INFO - [get_stock_data] [FCX] Data received for FCX: 94 rows
2025-04-17 17:45:06 - INFO - [check_vwap_diff_signal_with_rsi] [FCX] Analyzing VWAP reversal signal for FCX
2025-04-17 17:45:06 - INFO - [check_vwap_diff_signal_with_rsi] [FCX] Close: 32.79 | Low: 32.79 | High: 32.82 | VWAP: 33.10425894962858 | RSI: 40.17
2025-04-17 17:45:06 - DEBUG - [check_vwap_diff_signal_with_rsi] [FCX] [FCX] Last Candela: VWAP-Low=0.95%, High-VWAP=-0.86%
2025-04-17 17:45:06 - DEBUG - [check_vwap_diff_signal_with_rsi] [FCX] No VWAP+RSI signal detected
2025-04-17 17:45:06 - DEBUG - [_run_single_trading_iteration] [FCX] 🔍 Signal for FCX: None
2025-04-17 17:45:06 - INFO - [_run_single_trading_iteration] [FCX] ℹ️ No valid signal for FCX
2025-04-17 17:45:06 - INFO - [get_stock_data] [HST] Requesting data for HST
2025-04-17 17:45:06 - INFO - [get_stock_data] [HST] Data received for HST: 94 rows
2025-04-17 17:45:06 - INFO - [check_vwap_diff_signal_with_rsi] [HST] Analyzing VWAP reversal signal for HST
2025-04-17 17:45:06 - INFO - [check_vwap_diff_signal_with_rsi] [HST] Close: 13.62 | Low: 13.62 | High: 13.62 | VWAP: 13.68572030470163 | RSI: 56.64
2025-04-17 17:45:06 - DEBUG - [check_vwap_diff_signal_with_rsi] [HST] [HST] Last Candela: VWAP-Low=0.48%, High-VWAP=-0.48%
2025-04-17 17:45:06 - DEBUG - [check_vwap_diff_signal_with_rsi] [HST] No VWAP+RSI signal detected
2025-04-17 17:45:06 - DEBUG - [_run_single_trading_iteration] [HST] 🔍 Signal for HST: None
2025-04-17 17:45:06 - INFO - [_run_single_trading_iteration] [HST] ℹ️ No valid signal for HST
2025-04-17 17:45:06 - INFO - [get_stock_data] [IVZ] Requesting data for IVZ
2025-04-17 17:45:07 - INFO - [get_stock_data] [IVZ] Data received for IVZ: 94 rows
2025-04-17 17:45:07 - INFO - [check_vwap_diff_signal_with_rsi] [IVZ] Analyzing VWAP reversal signal for IVZ
2025-04-17 17:45:07 - INFO - [check_vwap_diff_signal_with_rsi] [IVZ] Close: 12.82 | Low: 12.82 | High: 12.82 | VWAP: 12.83045971760226 | RSI: 58.65
2025-04-17 17:45:07 - DEBUG - [check_vwap_diff_signal_with_rsi] [IVZ] [IVZ] Last Candela: VWAP-Low=0.08%, High-VWAP=-0.08%
2025-04-17 17:45:07 - DEBUG - [check_vwap_diff_signal_with_rsi] [IVZ] No VWAP+RSI signal detected
2025-04-17 17:45:07 - DEBUG - [_run_single_trading_iteration] [IVZ] 🔍 Signal for IVZ: None
2025-04-17 17:45:07 - INFO - [_run_single_trading_iteration] [IVZ] ℹ️ No valid signal for IVZ
2025-04-17 17:45:07 - INFO - [get_stock_data] [NEM] Requesting data for NEM
2025-04-17 17:45:07 - INFO - [get_stock_data] [NEM] Data received for NEM: 94 rows
2025-04-17 17:45:07 - INFO - [check_vwap_diff_signal_with_rsi] [NEM] Analyzing VWAP reversal signal for NEM
2025-04-17 17:45:07 - INFO - [check_vwap_diff_signal_with_rsi] [NEM] Close: 55.16 | Low: 55.15 | High: 55.17 | VWAP: 55.62831346814274 | RSI: 36.88
2025-04-17 17:45:07 - DEBUG - [check_vwap_diff_signal_with_rsi] [NEM] [NEM] Last Candela: VWAP-Low=0.86%, High-VWAP=-0.82%
2025-04-17 17:45:07 - DEBUG - [check_vwap_diff_signal_with_rsi] [NEM] No VWAP+RSI signal detected
2025-04-17 17:45:07 - DEBUG - [_run_single_trading_iteration] [NEM] 🔍 Signal for NEM: None
2025-04-17 17:45:08 - INFO - [_run_single_trading_iteration] [NEM] ℹ️ No valid signal for NEM
2025-04-17 17:45:08 - INFO - [get_stock_data] [LUV] Requesting data for LUV
2025-04-17 17:45:08 - INFO - [get_stock_data] [LUV] Data received for LUV: 94 rows
2025-04-17 17:45:08 - INFO - [check_vwap_diff_signal_with_rsi] [LUV] Analyzing VWAP reversal signal for LUV
2025-04-17 17:45:08 - INFO - [check_vwap_diff_signal_with_rsi] [LUV] Close: 24.5 | Low: 24.5 | High: 24.5 | VWAP: 24.604999196749876 | RSI: 41.37
2025-04-17 17:45:08 - DEBUG - [check_vwap_diff_signal_with_rsi] [LUV] [LUV] Last Candela: VWAP-Low=0.43%, High-VWAP=-0.43%
2025-04-17 17:45:08 - DEBUG - [check_vwap_diff_signal_with_rsi] [LUV] No VWAP+RSI signal detected
2025-04-17 17:45:08 - DEBUG - [_run_single_trading_iteration] [LUV] 🔍 Signal for LUV: None
2025-04-17 17:45:08 - INFO - [_run_single_trading_iteration] [LUV] ℹ️ No valid signal for LUV
2025-04-17 17:45:08 - INFO - [trading_loop] [N/A] 📊 Updating SL/TP for active orders
2025-04-17 17:45:09 - INFO - [_wait_until_next_iteration] [N/A] ⏳ Sleeping for 50.41 seconds before the next cycle
2025-04-17 17:46:00 - DEBUG - [trading_loop] [N/A] ⏱ Skipping EMA_Cross_ema50, not yet time (every 5m)
2025-04-17 17:46:00 - DEBUG - [trading_loop] [N/A] ⏱ Skipping EMA_Cross_candle, not yet time (every 5m)
2025-04-17 17:46:00 - DEBUG - [trading_loop] [N/A] ⏱ Skipping VWAP_diff_signal_1700, not yet time (every 5m)
2025-04-17 17:46:00 - DEBUG - [trading_loop] [N/A] ⏱ Skipping SMA_Cross_sma50, not yet time (every 5m)
2025-04-17 17:46:00 - DEBUG - [trading_loop] [N/A] ⏱ Skipping SMA_Cross_candle, not yet time (every 5m)
2025-04-17 17:46:00 - DEBUG - [trading_loop] [N/A] ⏱ Skipping VWAP_diff_signal_1700_volume, not yet time (every 5m)
2025-04-17 17:46:00 - DEBUG - [trading_loop] [N/A] ⏱ Skipping VWAP_diff_signal_rsi_1700, not yet time (every 5m)
2025-04-17 17:46:00 - INFO - [trading_loop] [N/A] 📊 Updating SL/TP for active orders
2025-04-17 17:46:01 - INFO - [_wait_until_next_iteration] [N/A] ⏳ Sleeping for 58.93 seconds before the next cycle
2025-04-17 17:47:00 - DEBUG - [trading_loop] [N/A] ⏱ Skipping EMA_Cross_ema50, not yet time (every 5m)
2025-04-17 17:47:00 - DEBUG - [trading_loop] [N/A] ⏱ Skipping EMA_Cross_candle, not yet time (every 5m)
2025-04-17 17:47:00 - DEBUG - [trading_loop] [N/A] ⏱ Skipping VWAP_diff_signal_1700, not yet time (every 5m)
2025-04-17 17:47:00 - DEBUG - [trading_loop] [N/A] ⏱ Skipping SMA_Cross_sma50, not yet time (every 5m)
2025-04-17 17:47:00 - DEBUG - [trading_loop] [N/A] ⏱ Skipping SMA_Cross_candle, not yet time (every 5m)
2025-04-17 17:47:00 - DEBUG - [trading_loop] [N/A] ⏱ Skipping VWAP_diff_signal_1700_volume, not yet time (every 5m)
2025-04-17 17:47:00 - DEBUG - [trading_loop] [N/A] ⏱ Skipping VWAP_diff_signal_rsi_1700, not yet time (every 5m)
2025-04-17 17:47:00 - INFO - [trading_loop] [N/A] 📊 Updating SL/TP for active orders
2025-04-17 17:47:01 - INFO - [_wait_until_next_iteration] [N/A] ⏳ Sleeping for 58.93 seconds before the next cycle
2025-04-17 17:48:00 - DEBUG - [trading_loop] [N/A] ⏱ Skipping EMA_Cross_ema50, not yet time (every 5m)
2025-04-17 17:48:00 - DEBUG - [trading_loop] [N/A] ⏱ Skipping EMA_Cross_candle, not yet time (every 5m)
2025-04-17 17:48:00 - DEBUG - [trading_loop] [N/A] ⏱ Skipping VWAP_diff_signal_1700, not yet time (every 5m)
2025-04-17 17:48:00 - DEBUG - [trading_loop] [N/A] ⏱ Skipping SMA_Cross_sma50, not yet time (every 5m)
2025-04-17 17:48:00 - DEBUG - [trading_loop] [N/A] ⏱ Skipping SMA_Cross_candle, not yet time (every 5m)
2025-04-17 17:48:00 - DEBUG - [trading_loop] [N/A] ⏱ Skipping VWAP_diff_signal_1700_volume, not yet time (every 5m)
2025-04-17 17:48:00 - DEBUG - [trading_loop] [N/A] ⏱ Skipping VWAP_diff_signal_rsi_1700, not yet time (every 5m)
2025-04-17 17:48:00 - INFO - [trading_loop] [N/A] 📊 Updating SL/TP for active orders
2025-04-17 17:48:01 - INFO - [_wait_until_next_iteration] [N/A] ⏳ Sleeping for 58.93 seconds before the next cycle
2025-04-17 17:49:00 - DEBUG - [trading_loop] [N/A] ⏱ Skipping EMA_Cross_ema50, not yet time (every 5m)
2025-04-17 17:49:00 - DEBUG - [trading_loop] [N/A] ⏱ Skipping EMA_Cross_candle, not yet time (every 5m)
2025-04-17 17:49:00 - DEBUG - [trading_loop] [N/A] ⏱ Skipping VWAP_diff_signal_1700, not yet time (every 5m)
2025-04-17 17:49:00 - DEBUG - [trading_loop] [N/A] ⏱ Skipping SMA_Cross_sma50, not yet time (every 5m)
2025-04-17 17:49:00 - DEBUG - [trading_loop] [N/A] ⏱ Skipping SMA_Cross_candle, not yet time (every 5m)
2025-04-17 17:49:00 - DEBUG - [trading_loop] [N/A] ⏱ Skipping VWAP_diff_signal_1700_volume, not yet time (every 5m)
2025-04-17 17:49:00 - DEBUG - [trading_loop] [N/A] ⏱ Skipping VWAP_diff_signal_rsi_1700, not yet time (every 5m)
2025-04-17 17:49:00 - INFO - [trading_loop] [N/A] 📊 Updating SL/TP for active orders
2025-04-17 17:49:01 - INFO - [_wait_until_next_iteration] [N/A] ⏳ Sleeping for 58.93 seconds before the next cycle
2025-04-17 17:50:00 - INFO - [_run_strategy_if_applicable] [N/A] ⏰ Strategy 'EMA_Cross_ema50' not executed because it's outside the time window: 16:35:00 - 16:50:00
2025-04-17 17:50:00 - INFO - [_run_strategy_if_applicable] [N/A] ⏰ Strategy 'EMA_Cross_candle' not executed because it's outside the time window: 16:35:00 - 16:50:00
2025-04-17 17:50:00 - INFO - [_run_strategy_if_applicable] [N/A] 🔄 Starting trading loop for strategy: VWAP_diff_signal_1700
2025-04-17 17:50:00 - DEBUG - [_run_single_trading_iteration] [CZR] 🚫 Trade not allowed for CZR (limit reached)
2025-04-17 17:50:00 - INFO - [get_stock_data] [MTCH] Requesting data for MTCH
2025-04-17 17:50:00 - INFO - [get_stock_data] [MTCH] Data received for MTCH: 94 rows
2025-04-17 17:50:00 - INFO - [check_vwap_diff_signal] [MTCH] Analyzing VWAP reversal signal for MTCH
2025-04-17 17:50:00 - INFO - [check_vwap_diff_signal] [MTCH] Close: 28.85 | Low: 28.82 | High: 28.89 | VWAP: 28.85878067061373
2025-04-17 17:50:00 - DEBUG - [check_vwap_diff_signal] [MTCH] [MTCH] Last Candela: VWAP-Low=0.13%, High-VWAP=0.11%
2025-04-17 17:50:00 - DEBUG - [check_vwap_diff_signal] [MTCH] No VWAP signal detected
2025-04-17 17:50:00 - DEBUG - [_run_single_trading_iteration] [MTCH] 🔍 Signal for MTCH: None
2025-04-17 17:50:00 - INFO - [_run_single_trading_iteration] [MTCH] ℹ️ No valid signal for MTCH
2025-04-17 17:50:00 - INFO - [get_stock_data] [NCHL] Requesting data for NCHL
2025-04-17 17:50:00 - ERROR - [get_stock_data] [NCHL] Error retrieving data: 'NoneType' object has no attribute 'empty'
2025-04-17 17:50:00 - INFO - [get_stock_data] [HBAN] Requesting data for HBAN
2025-04-17 17:50:01 - INFO - [get_stock_data] [HBAN] Data received for HBAN: 94 rows
2025-04-17 17:50:01 - INFO - [check_vwap_diff_signal] [HBAN] Analyzing VWAP reversal signal for HBAN
2025-04-17 17:50:01 - INFO - [check_vwap_diff_signal] [HBAN] Close: 13.74 | Low: 13.67 | High: 13.76 | VWAP: 13.720525999646009
2025-04-17 17:50:01 - DEBUG - [check_vwap_diff_signal] [HBAN] [HBAN] Last Candela: VWAP-Low=0.37%, High-VWAP=0.29%
2025-04-17 17:50:01 - DEBUG - [check_vwap_diff_signal] [HBAN] No VWAP signal detected
2025-04-17 17:50:01 - DEBUG - [_run_single_trading_iteration] [HBAN] 🔍 Signal for HBAN: None
2025-04-17 17:50:01 - INFO - [_run_single_trading_iteration] [HBAN] ℹ️ No valid signal for HBAN
2025-04-17 17:50:01 - INFO - [get_stock_data] [MRNA] Requesting data for MRNA
2025-04-17 17:50:01 - INFO - [get_stock_data] [MRNA] Data received for MRNA: 94 rows
2025-04-17 17:50:01 - INFO - [check_vwap_diff_signal] [MRNA] Analyzing VWAP reversal signal for MRNA
2025-04-17 17:50:01 - INFO - [check_vwap_diff_signal] [MRNA] Close: 24.83 | Low: 24.76 | High: 24.84 | VWAP: 24.985578606866856
2025-04-17 17:50:01 - DEBUG - [check_vwap_diff_signal] [MRNA] [MRNA] Last Candela: VWAP-Low=0.90%, High-VWAP=-0.58%
2025-04-17 17:50:01 - DEBUG - [check_vwap_diff_signal] [MRNA] No VWAP signal detected
2025-04-17 17:50:01 - DEBUG - [_run_single_trading_iteration] [MRNA] 🔍 Signal for MRNA: None
2025-04-17 17:50:01 - INFO - [_run_single_trading_iteration] [MRNA] ℹ️ No valid signal for MRNA
2025-04-17 17:50:01 - INFO - [get_stock_data] [WBD] Requesting data for WBD
2025-04-17 17:50:02 - INFO - [get_stock_data] [WBD] Data received for WBD: 94 rows
2025-04-17 17:50:02 - INFO - [check_vwap_diff_signal] [WBD] Analyzing VWAP reversal signal for WBD
2025-04-17 17:50:02 - INFO - [check_vwap_diff_signal] [WBD] Close: 8.02 | Low: 8.02 | High: 8.06 | VWAP: 8.04627253510034
2025-04-17 17:50:02 - DEBUG - [check_vwap_diff_signal] [WBD] [WBD] Last Candela: VWAP-Low=0.33%, High-VWAP=0.17%
2025-04-17 17:50:02 - DEBUG - [check_vwap_diff_signal] [WBD] No VWAP signal detected
2025-04-17 17:50:02 - DEBUG - [_run_single_trading_iteration] [WBD] 🔍 Signal for WBD: None
2025-04-17 17:50:02 - INFO - [_run_single_trading_iteration] [WBD] ℹ️ No valid signal for WBD
2025-04-17 17:50:02 - INFO - [get_stock_data] [CMCSA] Requesting data for CMCSA
2025-04-17 17:50:03 - INFO - [get_stock_data] [CMCSA] Data received for CMCSA: 94 rows
2025-04-17 17:50:03 - INFO - [check_vwap_diff_signal] [CMCSA] Analyzing VWAP reversal signal for CMCSA
2025-04-17 17:50:03 - INFO - [check_vwap_diff_signal] [CMCSA] Close: 33.9 | Low: 33.87 | High: 33.93 | VWAP: 33.903596396833336
2025-04-17 17:50:03 - DEBUG - [check_vwap_diff_signal] [CMCSA] [CMCSA] Last Candela: VWAP-Low=0.10%, High-VWAP=0.08%
2025-04-17 17:50:03 - DEBUG - [check_vwap_diff_signal] [CMCSA] No VWAP signal detected
2025-04-17 17:50:03 - DEBUG - [_run_single_trading_iteration] [CMCSA] 🔍 Signal for CMCSA: None
2025-04-17 17:50:03 - INFO - [_run_single_trading_iteration] [CMCSA] ℹ️ No valid signal for CMCSA
2025-04-17 17:50:03 - INFO - [_run_strategy_if_applicable] [N/A] ⏰ Strategy 'SMA_Cross_sma50' not executed because it's outside the time window: 16:35:00 - 16:50:00
2025-04-17 17:50:03 - INFO - [_run_strategy_if_applicable] [N/A] ⏰ Strategy 'SMA_Cross_candle' not executed because it's outside the time window: 16:35:00 - 16:50:00
2025-04-17 17:50:03 - INFO - [_run_strategy_if_applicable] [N/A] 🔄 Starting trading loop for strategy: VWAP_diff_signal_1700_volume
2025-04-17 17:50:03 - INFO - [get_stock_data] [GEN] Requesting data for GEN
2025-04-17 17:50:03 - INFO - [get_stock_data] [GEN] Data received for GEN: 94 rows
2025-04-17 17:50:03 - INFO - [check_vwap_diff_signal_with_volume] [GEN] Analyzing VWAP reversal signal for GEN
2025-04-17 17:50:03 - DEBUG - [_run_single_trading_iteration] [GEN] 🔍 Signal for GEN: None
2025-04-17 17:50:03 - INFO - [_run_single_trading_iteration] [GEN] ℹ️ No valid signal for GEN
2025-04-17 17:50:03 - INFO - [get_stock_data] [HPQ] Requesting data for HPQ
2025-04-17 17:50:04 - INFO - [get_stock_data] [HPQ] Data received for HPQ: 94 rows
2025-04-17 17:50:04 - INFO - [check_vwap_diff_signal_with_volume] [HPQ] Analyzing VWAP reversal signal for HPQ
2025-04-17 17:50:04 - DEBUG - [_run_single_trading_iteration] [HPQ] 🔍 Signal for HPQ: None
2025-04-17 17:50:04 - INFO - [_run_single_trading_iteration] [HPQ] ℹ️ No valid signal for HPQ
2025-04-17 17:50:04 - INFO - [get_stock_data] [INTC] Requesting data for INTC
2025-04-17 17:50:05 - INFO - [get_stock_data] [INTC] Data received for INTC: 94 rows
2025-04-17 17:50:05 - INFO - [check_vwap_diff_signal_with_volume] [INTC] Analyzing VWAP reversal signal for INTC
2025-04-17 17:50:05 - DEBUG - [_run_single_trading_iteration] [INTC] 🔍 Signal for INTC: None
2025-04-17 17:50:05 - INFO - [_run_single_trading_iteration] [INTC] ℹ️ No valid signal for INTC
2025-04-17 17:50:05 - INFO - [get_stock_data] [RF] Requesting data for RF
2025-04-17 17:50:05 - INFO - [get_stock_data] [RF] Data received for RF: 95 rows
2025-04-17 17:50:05 - INFO - [check_vwap_diff_signal_with_volume] [RF] Analyzing VWAP reversal signal for RF
2025-04-17 17:50:05 - DEBUG - [_run_single_trading_iteration] [RF] 🔍 Signal for RF: None
2025-04-17 17:50:05 - INFO - [_run_single_trading_iteration] [RF] ℹ️ No valid signal for RF
2025-04-17 17:50:05 - INFO - [_run_strategy_if_applicable] [N/A] 🔄 Starting trading loop for strategy: VWAP_diff_signal_rsi_1700
2025-04-17 17:50:05 - INFO - [get_stock_data] [IVZ] Requesting data for IVZ
2025-04-17 17:50:06 - INFO - [get_stock_data] [IVZ] Data received for IVZ: 95 rows
2025-04-17 17:50:06 - INFO - [check_vwap_diff_signal_with_rsi] [IVZ] Analyzing VWAP reversal signal for IVZ
2025-04-17 17:50:06 - INFO - [check_vwap_diff_signal_with_rsi] [IVZ] Close: 12.81 | Low: 12.81 | High: 12.81 | VWAP: 12.829874299623745 | RSI: 56.92
2025-04-17 17:50:06 - DEBUG - [check_vwap_diff_signal_with_rsi] [IVZ] [IVZ] Last Candela: VWAP-Low=0.15%, High-VWAP=-0.15%
2025-04-17 17:50:06 - DEBUG - [check_vwap_diff_signal_with_rsi] [IVZ] No VWAP+RSI signal detected
2025-04-17 17:50:06 - DEBUG - [_run_single_trading_iteration] [IVZ] 🔍 Signal for IVZ: None
2025-04-17 17:50:06 - INFO - [_run_single_trading_iteration] [IVZ] ℹ️ No valid signal for IVZ
2025-04-17 17:50:06 - INFO - [get_stock_data] [FCX] Requesting data for FCX
2025-04-17 17:50:06 - INFO - [get_stock_data] [FCX] Data received for FCX: 95 rows
2025-04-17 17:50:06 - INFO - [check_vwap_diff_signal_with_rsi] [FCX] Analyzing VWAP reversal signal for FCX
2025-04-17 17:50:06 - INFO - [check_vwap_diff_signal_with_rsi] [FCX] Close: 32.75 | Low: 32.72 | High: 32.75 | VWAP: 33.08678730380728 | RSI: 39.42
2025-04-17 17:50:06 - DEBUG - [check_vwap_diff_signal_with_rsi] [FCX] [FCX] Last Candela: VWAP-Low=1.11%, High-VWAP=-1.02%
2025-04-17 17:50:06 - DEBUG - [check_vwap_diff_signal_with_rsi] [FCX] No VWAP+RSI signal detected
2025-04-17 17:50:06 - DEBUG - [_run_single_trading_iteration] [FCX] 🔍 Signal for FCX: None
2025-04-17 17:50:06 - INFO - [_run_single_trading_iteration] [FCX] ℹ️ No valid signal for FCX
2025-04-17 17:50:06 - INFO - [get_stock_data] [HST] Requesting data for HST
2025-04-17 17:50:07 - INFO - [get_stock_data] [HST] Data received for HST: 95 rows
2025-04-17 17:50:07 - INFO - [check_vwap_diff_signal_with_rsi] [HST] Analyzing VWAP reversal signal for HST
2025-04-17 17:50:07 - INFO - [check_vwap_diff_signal_with_rsi] [HST] Close: 13.62 | Low: 13.61 | High: 13.62 | VWAP: 13.68456844098492 | RSI: 56.41
2025-04-17 17:50:07 - DEBUG - [check_vwap_diff_signal_with_rsi] [HST] [HST] Last Candela: VWAP-Low=0.54%, High-VWAP=-0.47%
2025-04-17 17:50:07 - DEBUG - [check_vwap_diff_signal_with_rsi] [HST] No VWAP+RSI signal detected
2025-04-17 17:50:07 - DEBUG - [_run_single_trading_iteration] [HST] 🔍 Signal for HST: None
2025-04-17 17:50:07 - INFO - [_run_single_trading_iteration] [HST] ℹ️ No valid signal for HST
2025-04-17 17:50:07 - INFO - [get_stock_data] [IVZ] Requesting data for IVZ
2025-04-17 17:50:08 - INFO - [get_stock_data] [IVZ] Data received for IVZ: 95 rows
2025-04-17 17:50:08 - INFO - [check_vwap_diff_signal_with_rsi] [IVZ] Analyzing VWAP reversal signal for IVZ
2025-04-17 17:50:08 - INFO - [check_vwap_diff_signal_with_rsi] [IVZ] Close: 12.81 | Low: 12.81 | High: 12.81 | VWAP: 12.829874299623745 | RSI: 56.92
2025-04-17 17:50:08 - DEBUG - [check_vwap_diff_signal_with_rsi] [IVZ] [IVZ] Last Candela: VWAP-Low=0.15%, High-VWAP=-0.15%
2025-04-17 17:50:08 - DEBUG - [check_vwap_diff_signal_with_rsi] [IVZ] No VWAP+RSI signal detected
2025-04-17 17:50:08 - DEBUG - [_run_single_trading_iteration] [IVZ] 🔍 Signal for IVZ: None
2025-04-17 17:50:08 - INFO - [_run_single_trading_iteration] [IVZ] ℹ️ No valid signal for IVZ
2025-04-17 17:50:08 - INFO - [get_stock_data] [NEM] Requesting data for NEM
2025-04-17 17:50:08 - INFO - [get_stock_data] [NEM] Data received for NEM: 95 rows
2025-04-17 17:50:08 - INFO - [check_vwap_diff_signal_with_rsi] [NEM] Analyzing VWAP reversal signal for NEM
2025-04-17 17:50:08 - INFO - [check_vwap_diff_signal_with_rsi] [NEM] Close: 55.16 | Low: 55.16 | High: 55.2 | VWAP: 55.61519972324844 | RSI: 36.85
2025-04-17 17:50:08 - DEBUG - [check_vwap_diff_signal_with_rsi] [NEM] [NEM] Last Candela: VWAP-Low=0.82%, High-VWAP=-0.75%
2025-04-17 17:50:08 - DEBUG - [check_vwap_diff_signal_with_rsi] [NEM] No VWAP+RSI signal detected
2025-04-17 17:50:08 - DEBUG - [_run_single_trading_iteration] [NEM] 🔍 Signal for NEM: None
2025-04-17 17:50:08 - INFO - [_run_single_trading_iteration] [NEM] ℹ️ No valid signal for NEM
2025-04-17 17:50:08 - INFO - [get_stock_data] [LUV] Requesting data for LUV
2025-04-17 17:50:09 - INFO - [get_stock_data] [LUV] Data received for LUV: 95 rows
2025-04-17 17:50:09 - INFO - [check_vwap_diff_signal_with_rsi] [LUV] Analyzing VWAP reversal signal for LUV
2025-04-17 17:50:09 - INFO - [check_vwap_diff_signal_with_rsi] [LUV] Close: 24.52 | Low: 24.52 | High: 24.53 | VWAP: 24.60185180350521 | RSI: 42.50
2025-04-17 17:50:09 - DEBUG - [check_vwap_diff_signal_with_rsi] [LUV] [LUV] Last Candela: VWAP-Low=0.33%, High-VWAP=-0.29%
2025-04-17 17:50:09 - DEBUG - [check_vwap_diff_signal_with_rsi] [LUV] No VWAP+RSI signal detected
2025-04-17 17:50:09 - DEBUG - [_run_single_trading_iteration] [LUV] 🔍 Signal for LUV: None
2025-04-17 17:50:09 - INFO - [_run_single_trading_iteration] [LUV] ℹ️ No valid signal for LUV
2025-04-17 17:50:09 - INFO - [trading_loop] [N/A] 📊 Updating SL/TP for active orders
2025-04-17 17:50:10 - INFO - [_wait_until_next_iteration] [N/A] ⏳ Sleeping for 49.69 seconds before the next cycle
2025-04-17 17:51:00 - DEBUG - [trading_loop] [N/A] ⏱ Skipping EMA_Cross_ema50, not yet time (every 5m)
2025-04-17 17:51:00 - DEBUG - [trading_loop] [N/A] ⏱ Skipping EMA_Cross_candle, not yet time (every 5m)
2025-04-17 17:51:00 - DEBUG - [trading_loop] [N/A] ⏱ Skipping VWAP_diff_signal_1700, not yet time (every 5m)
2025-04-17 17:51:00 - DEBUG - [trading_loop] [N/A] ⏱ Skipping SMA_Cross_sma50, not yet time (every 5m)
2025-04-17 17:51:00 - DEBUG - [trading_loop] [N/A] ⏱ Skipping SMA_Cross_candle, not yet time (every 5m)
2025-04-17 17:51:00 - DEBUG - [trading_loop] [N/A] ⏱ Skipping VWAP_diff_signal_1700_volume, not yet time (every 5m)
2025-04-17 17:51:00 - DEBUG - [trading_loop] [N/A] ⏱ Skipping VWAP_diff_signal_rsi_1700, not yet time (every 5m)
2025-04-17 17:51:00 - INFO - [trading_loop] [N/A] 📊 Updating SL/TP for active orders
2025-04-17 17:51:01 - INFO - [_wait_until_next_iteration] [N/A] ⏳ Sleeping for 58.93 seconds before the next cycle
2025-04-17 17:52:00 - DEBUG - [trading_loop] [N/A] ⏱ Skipping EMA_Cross_ema50, not yet time (every 5m)
2025-04-17 17:52:00 - DEBUG - [trading_loop] [N/A] ⏱ Skipping EMA_Cross_candle, not yet time (every 5m)
2025-04-17 17:52:00 - DEBUG - [trading_loop] [N/A] ⏱ Skipping VWAP_diff_signal_1700, not yet time (every 5m)
2025-04-17 17:52:00 - DEBUG - [trading_loop] [N/A] ⏱ Skipping SMA_Cross_sma50, not yet time (every 5m)
2025-04-17 17:52:00 - DEBUG - [trading_loop] [N/A] ⏱ Skipping SMA_Cross_candle, not yet time (every 5m)
2025-04-17 17:52:00 - DEBUG - [trading_loop] [N/A] ⏱ Skipping VWAP_diff_signal_1700_volume, not yet time (every 5m)
2025-04-17 17:52:00 - DEBUG - [trading_loop] [N/A] ⏱ Skipping VWAP_diff_signal_rsi_1700, not yet time (every 5m)
2025-04-17 17:52:00 - INFO - [trading_loop] [N/A] 📊 Updating SL/TP for active orders
2025-04-17 17:52:01 - INFO - [_wait_until_next_iteration] [N/A] ⏳ Sleeping for 58.95 seconds before the next cycle
2025-04-17 17:53:00 - DEBUG - [trading_loop] [N/A] ⏱ Skipping EMA_Cross_ema50, not yet time (every 5m)
2025-04-17 17:53:00 - DEBUG - [trading_loop] [N/A] ⏱ Skipping EMA_Cross_candle, not yet time (every 5m)
2025-04-17 17:53:00 - DEBUG - [trading_loop] [N/A] ⏱ Skipping VWAP_diff_signal_1700, not yet time (every 5m)
2025-04-17 17:53:00 - DEBUG - [trading_loop] [N/A] ⏱ Skipping SMA_Cross_sma50, not yet time (every 5m)
2025-04-17 17:53:00 - DEBUG - [trading_loop] [N/A] ⏱ Skipping SMA_Cross_candle, not yet time (every 5m)
2025-04-17 17:53:00 - DEBUG - [trading_loop] [N/A] ⏱ Skipping VWAP_diff_signal_1700_volume, not yet time (every 5m)
2025-04-17 17:53:00 - DEBUG - [trading_loop] [N/A] ⏱ Skipping VWAP_diff_signal_rsi_1700, not yet time (every 5m)
2025-04-17 17:53:00 - INFO - [trading_loop] [N/A] 📊 Updating SL/TP for active orders
2025-04-17 17:53:01 - INFO - [_wait_until_next_iteration] [N/A] ⏳ Sleeping for 58.93 seconds before the next cycle
2025-04-17 17:54:00 - DEBUG - [trading_loop] [N/A] ⏱ Skipping EMA_Cross_ema50, not yet time (every 5m)
2025-04-17 17:54:00 - DEBUG - [trading_loop] [N/A] ⏱ Skipping EMA_Cross_candle, not yet time (every 5m)
2025-04-17 17:54:00 - DEBUG - [trading_loop] [N/A] ⏱ Skipping VWAP_diff_signal_1700, not yet time (every 5m)
2025-04-17 17:54:00 - DEBUG - [trading_loop] [N/A] ⏱ Skipping SMA_Cross_sma50, not yet time (every 5m)
2025-04-17 17:54:00 - DEBUG - [trading_loop] [N/A] ⏱ Skipping SMA_Cross_candle, not yet time (every 5m)
2025-04-17 17:54:00 - DEBUG - [trading_loop] [N/A] ⏱ Skipping VWAP_diff_signal_1700_volume, not yet time (every 5m)
2025-04-17 17:54:00 - DEBUG - [trading_loop] [N/A] ⏱ Skipping VWAP_diff_signal_rsi_1700, not yet time (every 5m)
2025-04-17 17:54:00 - INFO - [trading_loop] [N/A] 📊 Updating SL/TP for active orders
2025-04-17 17:54:01 - INFO - [_wait_until_next_iteration] [N/A] ⏳ Sleeping for 58.93 seconds before the next cycle
2025-04-17 17:55:00 - INFO - [_run_strategy_if_applicable] [N/A] ⏰ Strategy 'EMA_Cross_ema50' not executed because it's outside the time window: 16:35:00 - 16:50:00
2025-04-17 17:55:00 - INFO - [_run_strategy_if_applicable] [N/A] ⏰ Strategy 'EMA_Cross_candle' not executed because it's outside the time window: 16:35:00 - 16:50:00
2025-04-17 17:55:00 - INFO - [_run_strategy_if_applicable] [N/A] 🔄 Starting trading loop for strategy: VWAP_diff_signal_1700
2025-04-17 17:55:00 - DEBUG - [_run_single_trading_iteration] [CZR] 🚫 Trade not allowed for CZR (limit reached)
2025-04-17 17:55:00 - INFO - [get_stock_data] [MTCH] Requesting data for MTCH
2025-04-17 17:55:00 - INFO - [get_stock_data] [MTCH] Data received for MTCH: 95 rows
2025-04-17 17:55:00 - INFO - [check_vwap_diff_signal] [MTCH] Analyzing VWAP reversal signal for MTCH
2025-04-17 17:55:00 - INFO - [check_vwap_diff_signal] [MTCH] Close: 28.82 | Low: 28.77 | High: 28.86 | VWAP: 28.856689341281818
2025-04-17 17:55:00 - DEBUG - [check_vwap_diff_signal] [MTCH] [MTCH] Last Candela: VWAP-Low=0.30%, High-VWAP=0.01%
2025-04-17 17:55:00 - DEBUG - [check_vwap_diff_signal] [MTCH] No VWAP signal detected
2025-04-17 17:55:00 - DEBUG - [_run_single_trading_iteration] [MTCH] 🔍 Signal for MTCH: None
2025-04-17 17:55:00 - INFO - [_run_single_trading_iteration] [MTCH] ℹ️ No valid signal for MTCH
2025-04-17 17:55:00 - INFO - [get_stock_data] [NCHL] Requesting data for NCHL
2025-04-17 17:55:00 - ERROR - [get_stock_data] [NCHL] Error retrieving data: 'NoneType' object has no attribute 'empty'
2025-04-17 17:55:00 - INFO - [get_stock_data] [HBAN] Requesting data for HBAN
2025-04-17 17:55:01 - INFO - [get_stock_data] [HBAN] Data received for HBAN: 95 rows
2025-04-17 17:55:01 - INFO - [check_vwap_diff_signal] [HBAN] Analyzing VWAP reversal signal for HBAN
2025-04-17 17:55:01 - INFO - [check_vwap_diff_signal] [HBAN] Close: 13.71 | Low: 13.69 | High: 13.75 | VWAP: 13.720262260889113
2025-04-17 17:55:01 - DEBUG - [check_vwap_diff_signal] [HBAN] [HBAN] Last Candela: VWAP-Low=0.22%, High-VWAP=0.22%
2025-04-17 17:55:01 - DEBUG - [check_vwap_diff_signal] [HBAN] No VWAP signal detected
2025-04-17 17:55:01 - DEBUG - [_run_single_trading_iteration] [HBAN] 🔍 Signal for HBAN: None
2025-04-17 17:55:01 - INFO - [_run_single_trading_iteration] [HBAN] ℹ️ No valid signal for HBAN
2025-04-17 17:55:01 - INFO - [get_stock_data] [MRNA] Requesting data for MRNA
2025-04-17 17:55:01 - INFO - [get_stock_data] [MRNA] Data received for MRNA: 95 rows
2025-04-17 17:55:01 - INFO - [check_vwap_diff_signal] [MRNA] Analyzing VWAP reversal signal for MRNA
2025-04-17 17:55:01 - INFO - [check_vwap_diff_signal] [MRNA] Close: 24.76 | Low: 24.73 | High: 24.9 | VWAP: 24.977731766255484
2025-04-17 17:55:01 - DEBUG - [check_vwap_diff_signal] [MRNA] [MRNA] Last Candela: VWAP-Low=0.99%, High-VWAP=-0.31%
2025-04-17 17:55:01 - DEBUG - [check_vwap_diff_signal] [MRNA] No VWAP signal detected
2025-04-17 17:55:01 - DEBUG - [_run_single_trading_iteration] [MRNA] 🔍 Signal for MRNA: None
2025-04-17 17:55:01 - INFO - [_run_single_trading_iteration] [MRNA] ℹ️ No valid signal for MRNA
2025-04-17 17:55:01 - INFO - [get_stock_data] [WBD] Requesting data for WBD
2025-04-17 17:55:02 - INFO - [get_stock_data] [WBD] Data received for WBD: 95 rows
2025-04-17 17:55:02 - INFO - [check_vwap_diff_signal] [WBD] Analyzing VWAP reversal signal for WBD
2025-04-17 17:55:02 - INFO - [check_vwap_diff_signal] [WBD] Close: 8.01 | Low: 7.99 | High: 8.04 | VWAP: 8.045340604944093
2025-04-17 17:55:02 - DEBUG - [check_vwap_diff_signal] [WBD] [WBD] Last Candela: VWAP-Low=0.69%, High-VWAP=-0.07%
2025-04-17 17:55:02 - DEBUG - [check_vwap_diff_signal] [WBD] No VWAP signal detected
2025-04-17 17:55:02 - DEBUG - [_run_single_trading_iteration] [WBD] 🔍 Signal for WBD: None
2025-04-17 17:55:02 - INFO - [_run_single_trading_iteration] [WBD] ℹ️ No valid signal for WBD
2025-04-17 17:55:02 - INFO - [get_stock_data] [CMCSA] Requesting data for CMCSA
2025-04-17 17:55:02 - INFO - [get_stock_data] [CMCSA] Data received for CMCSA: 95 rows
2025-04-17 17:55:02 - INFO - [check_vwap_diff_signal] [CMCSA] Analyzing VWAP reversal signal for CMCSA
2025-04-17 17:55:02 - INFO - [check_vwap_diff_signal] [CMCSA] Close: 33.9 | Low: 33.86 | High: 33.91 | VWAP: 33.90355313442349
2025-04-17 17:55:02 - DEBUG - [check_vwap_diff_signal] [CMCSA] [CMCSA] Last Candela: VWAP-Low=0.13%, High-VWAP=0.02%
2025-04-17 17:55:02 - DEBUG - [check_vwap_diff_signal] [CMCSA] No VWAP signal detected
2025-04-17 17:55:02 - DEBUG - [_run_single_trading_iteration] [CMCSA] 🔍 Signal for CMCSA: None
2025-04-17 17:55:02 - INFO - [_run_single_trading_iteration] [CMCSA] ℹ️ No valid signal for CMCSA
2025-04-17 17:55:02 - INFO - [_run_strategy_if_applicable] [N/A] ⏰ Strategy 'SMA_Cross_sma50' not executed because it's outside the time window: 16:35:00 - 16:50:00
2025-04-17 17:55:02 - INFO - [_run_strategy_if_applicable] [N/A] ⏰ Strategy 'SMA_Cross_candle' not executed because it's outside the time window: 16:35:00 - 16:50:00
2025-04-17 17:55:02 - INFO - [_run_strategy_if_applicable] [N/A] 🔄 Starting trading loop for strategy: VWAP_diff_signal_1700_volume
2025-04-17 17:55:02 - INFO - [get_stock_data] [GEN] Requesting data for GEN
2025-04-17 17:55:03 - INFO - [get_stock_data] [GEN] Data received for GEN: 95 rows
2025-04-17 17:55:03 - INFO - [check_vwap_diff_signal_with_volume] [GEN] Analyzing VWAP reversal signal for GEN
2025-04-17 17:55:03 - DEBUG - [_run_single_trading_iteration] [GEN] 🔍 Signal for GEN: None
2025-04-17 17:55:03 - INFO - [_run_single_trading_iteration] [GEN] ℹ️ No valid signal for GEN
2025-04-17 17:55:03 - INFO - [get_stock_data] [HPQ] Requesting data for HPQ
2025-04-17 17:55:04 - INFO - [get_stock_data] [HPQ] Data received for HPQ: 95 rows
2025-04-17 17:55:04 - INFO - [check_vwap_diff_signal_with_volume] [HPQ] Analyzing VWAP reversal signal for HPQ
2025-04-17 17:55:04 - DEBUG - [_run_single_trading_iteration] [HPQ] 🔍 Signal for HPQ: None
2025-04-17 17:55:04 - INFO - [_run_single_trading_iteration] [HPQ] ℹ️ No valid signal for HPQ
2025-04-17 17:55:04 - INFO - [get_stock_data] [INTC] Requesting data for INTC
2025-04-17 17:55:04 - INFO - [get_stock_data] [INTC] Data received for INTC: 95 rows
2025-04-17 17:55:04 - INFO - [check_vwap_diff_signal_with_volume] [INTC] Analyzing VWAP reversal signal for INTC
2025-04-17 17:55:04 - DEBUG - [_run_single_trading_iteration] [INTC] 🔍 Signal for INTC: None
2025-04-17 17:55:04 - INFO - [_run_single_trading_iteration] [INTC] ℹ️ No valid signal for INTC
2025-04-17 17:55:04 - INFO - [get_stock_data] [RF] Requesting data for RF
2025-04-17 17:55:05 - INFO - [get_stock_data] [RF] Data received for RF: 95 rows
2025-04-17 17:55:05 - INFO - [check_vwap_diff_signal_with_volume] [RF] Analyzing VWAP reversal signal for RF
2025-04-17 17:55:05 - DEBUG - [_run_single_trading_iteration] [RF] 🔍 Signal for RF: None
2025-04-17 17:55:05 - INFO - [_run_single_trading_iteration] [RF] ℹ️ No valid signal for RF
2025-04-17 17:55:05 - INFO - [_run_strategy_if_applicable] [N/A] 🔄 Starting trading loop for strategy: VWAP_diff_signal_rsi_1700
2025-04-17 17:55:05 - INFO - [get_stock_data] [IVZ] Requesting data for IVZ
2025-04-17 17:55:05 - INFO - [get_stock_data] [IVZ] Data received for IVZ: 95 rows
2025-04-17 17:55:05 - INFO - [check_vwap_diff_signal_with_rsi] [IVZ] Analyzing VWAP reversal signal for IVZ
2025-04-17 17:55:05 - INFO - [check_vwap_diff_signal_with_rsi] [IVZ] Close: 12.79 | Low: 12.77 | High: 12.82 | VWAP: 12.82871189291572 | RSI: 53.51
2025-04-17 17:55:05 - DEBUG - [check_vwap_diff_signal_with_rsi] [IVZ] [IVZ] Last Candela: VWAP-Low=0.46%, High-VWAP=-0.07%
2025-04-17 17:55:05 - DEBUG - [check_vwap_diff_signal_with_rsi] [IVZ] No VWAP+RSI signal detected
2025-04-17 17:55:05 - DEBUG - [_run_single_trading_iteration] [IVZ] 🔍 Signal for IVZ: None
2025-04-17 17:55:05 - INFO - [_run_single_trading_iteration] [IVZ] ℹ️ No valid signal for IVZ
2025-04-17 17:55:05 - INFO - [get_stock_data] [FCX] Requesting data for FCX
2025-04-17 17:55:06 - INFO - [get_stock_data] [FCX] Data received for FCX: 96 rows
2025-04-17 17:55:06 - INFO - [check_vwap_diff_signal_with_rsi] [FCX] Analyzing VWAP reversal signal for FCX
2025-04-17 17:55:06 - INFO - [check_vwap_diff_signal_with_rsi] [FCX] Close: 32.62 | Low: 32.61 | High: 32.64 | VWAP: 33.070894067750665 | RSI: 35.66
2025-04-17 17:55:06 - DEBUG - [check_vwap_diff_signal_with_rsi] [FCX] [FCX] Last Candela: VWAP-Low=1.39%, High-VWAP=-1.30%
2025-04-17 17:55:06 - DEBUG - [check_vwap_diff_signal_with_rsi] [FCX] No VWAP+RSI signal detected
2025-04-17 17:55:06 - DEBUG - [_run_single_trading_iteration] [FCX] 🔍 Signal for FCX: None
2025-04-17 17:55:06 - INFO - [_run_single_trading_iteration] [FCX] ℹ️ No valid signal for FCX
2025-04-17 17:55:06 - INFO - [get_stock_data] [HST] Requesting data for HST
2025-04-17 17:55:06 - INFO - [get_stock_data] [HST] Data received for HST: 96 rows
2025-04-17 17:55:06 - INFO - [check_vwap_diff_signal_with_rsi] [HST] Analyzing VWAP reversal signal for HST
2025-04-17 17:55:06 - INFO - [check_vwap_diff_signal_with_rsi] [HST] Close: 13.61 | Low: 13.61 | High: 13.61 | VWAP: 13.683139459599447 | RSI: 54.89
2025-04-17 17:55:06 - DEBUG - [check_vwap_diff_signal_with_rsi] [HST] [HST] Last Candela: VWAP-Low=0.53%, High-VWAP=-0.53%
2025-04-17 17:55:06 - DEBUG - [check_vwap_diff_signal_with_rsi] [HST] No VWAP+RSI signal detected
2025-04-17 17:55:06 - DEBUG - [_run_single_trading_iteration] [HST] 🔍 Signal for HST: None
2025-04-17 17:55:06 - INFO - [_run_single_trading_iteration] [HST] ℹ️ No valid signal for HST
2025-04-17 17:55:06 - INFO - [get_stock_data] [IVZ] Requesting data for IVZ
2025-04-17 17:55:07 - INFO - [get_stock_data] [IVZ] Data received for IVZ: 96 rows
2025-04-17 17:55:07 - INFO - [check_vwap_diff_signal_with_rsi] [IVZ] Analyzing VWAP reversal signal for IVZ
2025-04-17 17:55:07 - INFO - [check_vwap_diff_signal_with_rsi] [IVZ] Close: 12.79 | Low: 12.79 | High: 12.79 | VWAP: 12.828688731391267 | RSI: 53.51
2025-04-17 17:55:07 - DEBUG - [check_vwap_diff_signal_with_rsi] [IVZ] [IVZ] Last Candela: VWAP-Low=0.30%, High-VWAP=-0.30%
2025-04-17 17:55:07 - DEBUG - [check_vwap_diff_signal_with_rsi] [IVZ] No VWAP+RSI signal detected
2025-04-17 17:55:07 - DEBUG - [_run_single_trading_iteration] [IVZ] 🔍 Signal for IVZ: None
2025-04-17 17:55:07 - INFO - [_run_single_trading_iteration] [IVZ] ℹ️ No valid signal for IVZ
2025-04-17 17:55:07 - INFO - [get_stock_data] [NEM] Requesting data for NEM
2025-04-17 17:55:07 - INFO - [get_stock_data] [NEM] Data received for NEM: 96 rows
2025-04-17 17:55:07 - INFO - [check_vwap_diff_signal_with_rsi] [NEM] Analyzing VWAP reversal signal for NEM
2025-04-17 17:55:07 - INFO - [check_vwap_diff_signal_with_rsi] [NEM] Close: 54.92 | Low: 54.9 | High: 54.92 | VWAP: 55.572123439146125 | RSI: 32.36
2025-04-17 17:55:07 - DEBUG - [check_vwap_diff_signal_with_rsi] [NEM] [NEM] Last Candela: VWAP-Low=1.21%, High-VWAP=-1.17%
2025-04-17 17:55:07 - DEBUG - [check_vwap_diff_signal_with_rsi] [NEM] No VWAP+RSI signal detected
2025-04-17 17:55:07 - DEBUG - [_run_single_trading_iteration] [NEM] 🔍 Signal for NEM: None
2025-04-17 17:55:07 - INFO - [_run_single_trading_iteration] [NEM] ℹ️ No valid signal for NEM
2025-04-17 17:55:07 - INFO - [get_stock_data] [LUV] Requesting data for LUV
2025-04-17 17:55:08 - INFO - [get_stock_data] [LUV] Data received for LUV: 96 rows
2025-04-17 17:55:08 - INFO - [check_vwap_diff_signal_with_rsi] [LUV] Analyzing VWAP reversal signal for LUV
2025-04-17 17:55:08 - INFO - [check_vwap_diff_signal_with_rsi] [LUV] Close: 24.48 | Low: 24.47 | High: 24.48 | VWAP: 24.594092872274743 | RSI: 40.99
2025-04-17 17:55:08 - DEBUG - [check_vwap_diff_signal_with_rsi] [LUV] [LUV] Last Candela: VWAP-Low=0.50%, High-VWAP=-0.46%
2025-04-17 17:55:08 - DEBUG - [check_vwap_diff_signal_with_rsi] [LUV] No VWAP+RSI signal detected
2025-04-17 17:55:08 - DEBUG - [_run_single_trading_iteration] [LUV] 🔍 Signal for LUV: None
2025-04-17 17:55:08 - INFO - [_run_single_trading_iteration] [LUV] ℹ️ No valid signal for LUV
2025-04-17 17:55:08 - INFO - [trading_loop] [N/A] 📊 Updating SL/TP for active orders
2025-04-17 17:55:09 - INFO - [_wait_until_next_iteration] [N/A] ⏳ Sleeping for 50.54 seconds before the next cycle
2025-04-17 17:56:00 - DEBUG - [trading_loop] [N/A] ⏱ Skipping EMA_Cross_ema50, not yet time (every 5m)
2025-04-17 17:56:00 - DEBUG - [trading_loop] [N/A] ⏱ Skipping EMA_Cross_candle, not yet time (every 5m)
2025-04-17 17:56:00 - DEBUG - [trading_loop] [N/A] ⏱ Skipping VWAP_diff_signal_1700, not yet time (every 5m)
2025-04-17 17:56:00 - DEBUG - [trading_loop] [N/A] ⏱ Skipping SMA_Cross_sma50, not yet time (every 5m)
2025-04-17 17:56:00 - DEBUG - [trading_loop] [N/A] ⏱ Skipping SMA_Cross_candle, not yet time (every 5m)
2025-04-17 17:56:00 - DEBUG - [trading_loop] [N/A] ⏱ Skipping VWAP_diff_signal_1700_volume, not yet time (every 5m)
2025-04-17 17:56:00 - DEBUG - [trading_loop] [N/A] ⏱ Skipping VWAP_diff_signal_rsi_1700, not yet time (every 5m)
2025-04-17 17:56:00 - INFO - [trading_loop] [N/A] 📊 Updating SL/TP for active orders
2025-04-17 17:56:01 - INFO - [_wait_until_next_iteration] [N/A] ⏳ Sleeping for 58.93 seconds before the next cycle
2025-04-17 17:57:00 - DEBUG - [trading_loop] [N/A] ⏱ Skipping EMA_Cross_ema50, not yet time (every 5m)
2025-04-17 17:57:00 - DEBUG - [trading_loop] [N/A] ⏱ Skipping EMA_Cross_candle, not yet time (every 5m)
2025-04-17 17:57:00 - DEBUG - [trading_loop] [N/A] ⏱ Skipping VWAP_diff_signal_1700, not yet time (every 5m)
2025-04-17 17:57:00 - DEBUG - [trading_loop] [N/A] ⏱ Skipping SMA_Cross_sma50, not yet time (every 5m)
2025-04-17 17:57:00 - DEBUG - [trading_loop] [N/A] ⏱ Skipping SMA_Cross_candle, not yet time (every 5m)
2025-04-17 17:57:00 - DEBUG - [trading_loop] [N/A] ⏱ Skipping VWAP_diff_signal_1700_volume, not yet time (every 5m)
2025-04-17 17:57:00 - DEBUG - [trading_loop] [N/A] ⏱ Skipping VWAP_diff_signal_rsi_1700, not yet time (every 5m)
2025-04-17 17:57:00 - INFO - [trading_loop] [N/A] 📊 Updating SL/TP for active orders
2025-04-17 17:57:01 - INFO - [_wait_until_next_iteration] [N/A] ⏳ Sleeping for 58.93 seconds before the next cycle
2025-04-17 17:58:00 - DEBUG - [trading_loop] [N/A] ⏱ Skipping EMA_Cross_ema50, not yet time (every 5m)
2025-04-17 17:58:00 - DEBUG - [trading_loop] [N/A] ⏱ Skipping EMA_Cross_candle, not yet time (every 5m)
2025-04-17 17:58:00 - DEBUG - [trading_loop] [N/A] ⏱ Skipping VWAP_diff_signal_1700, not yet time (every 5m)
2025-04-17 17:58:00 - DEBUG - [trading_loop] [N/A] ⏱ Skipping SMA_Cross_sma50, not yet time (every 5m)
2025-04-17 17:58:00 - DEBUG - [trading_loop] [N/A] ⏱ Skipping SMA_Cross_candle, not yet time (every 5m)
2025-04-17 17:58:00 - DEBUG - [trading_loop] [N/A] ⏱ Skipping VWAP_diff_signal_1700_volume, not yet time (every 5m)
2025-04-17 17:58:00 - DEBUG - [trading_loop] [N/A] ⏱ Skipping VWAP_diff_signal_rsi_1700, not yet time (every 5m)
2025-04-17 17:58:00 - INFO - [trading_loop] [N/A] 📊 Updating SL/TP for active orders
2025-04-17 17:58:01 - INFO - [_wait_until_next_iteration] [N/A] ⏳ Sleeping for 58.92 seconds before the next cycle
2025-04-17 17:59:00 - DEBUG - [trading_loop] [N/A] ⏱ Skipping EMA_Cross_ema50, not yet time (every 5m)
2025-04-17 17:59:00 - DEBUG - [trading_loop] [N/A] ⏱ Skipping EMA_Cross_candle, not yet time (every 5m)
2025-04-17 17:59:00 - DEBUG - [trading_loop] [N/A] ⏱ Skipping VWAP_diff_signal_1700, not yet time (every 5m)
2025-04-17 17:59:00 - DEBUG - [trading_loop] [N/A] ⏱ Skipping SMA_Cross_sma50, not yet time (every 5m)
2025-04-17 17:59:00 - DEBUG - [trading_loop] [N/A] ⏱ Skipping SMA_Cross_candle, not yet time (every 5m)
2025-04-17 17:59:00 - DEBUG - [trading_loop] [N/A] ⏱ Skipping VWAP_diff_signal_1700_volume, not yet time (every 5m)
2025-04-17 17:59:00 - DEBUG - [trading_loop] [N/A] ⏱ Skipping VWAP_diff_signal_rsi_1700, not yet time (every 5m)
2025-04-17 17:59:00 - INFO - [trading_loop] [N/A] 📊 Updating SL/TP for active orders
2025-04-17 17:59:01 - INFO - [_wait_until_next_iteration] [N/A] ⏳ Sleeping for 58.92 seconds before the next cycle
2025-04-17 18:00:00 - INFO - [_run_strategy_if_applicable] [N/A] ⏰ Strategy 'EMA_Cross_ema50' not executed because it's outside the time window: 16:35:00 - 16:50:00
2025-04-17 18:00:00 - INFO - [_run_strategy_if_applicable] [N/A] ⏰ Strategy 'EMA_Cross_candle' not executed because it's outside the time window: 16:35:00 - 16:50:00
2025-04-17 18:00:00 - INFO - [_run_strategy_if_applicable] [N/A] 🔄 Starting trading loop for strategy: VWAP_diff_signal_1700
2025-04-17 18:00:00 - DEBUG - [_run_single_trading_iteration] [CZR] 🚫 Trade not allowed for CZR (limit reached)
2025-04-17 18:00:00 - INFO - [get_stock_data] [MTCH] Requesting data for MTCH
2025-04-17 18:00:00 - INFO - [get_stock_data] [MTCH] Data received for MTCH: 96 rows
2025-04-17 18:00:00 - INFO - [check_vwap_diff_signal] [MTCH] Analyzing VWAP reversal signal for MTCH
2025-04-17 18:00:00 - INFO - [check_vwap_diff_signal] [MTCH] Close: 28.77 | Low: 28.77 | High: 28.83 | VWAP: 28.8536657276547
2025-04-17 18:00:00 - DEBUG - [check_vwap_diff_signal] [MTCH] [MTCH] Last Candela: VWAP-Low=0.29%, High-VWAP=-0.08%
2025-04-17 18:00:00 - DEBUG - [check_vwap_diff_signal] [MTCH] No VWAP signal detected
2025-04-17 18:00:00 - DEBUG - [_run_single_trading_iteration] [MTCH] 🔍 Signal for MTCH: None
2025-04-17 18:00:00 - INFO - [_run_single_trading_iteration] [MTCH] ℹ️ No valid signal for MTCH
2025-04-17 18:00:00 - INFO - [get_stock_data] [NCHL] Requesting data for NCHL
2025-04-17 18:00:00 - ERROR - [get_stock_data] [NCHL] Error retrieving data: 'NoneType' object has no attribute 'empty'
2025-04-17 18:00:00 - INFO - [get_stock_data] [HBAN] Requesting data for HBAN
2025-04-17 18:00:01 - INFO - [get_stock_data] [HBAN] Data received for HBAN: 96 rows
2025-04-17 18:00:01 - INFO - [check_vwap_diff_signal] [HBAN] Analyzing VWAP reversal signal for HBAN
2025-04-17 18:00:01 - INFO - [check_vwap_diff_signal] [HBAN] Close: 13.67 | Low: 13.66 | High: 13.73 | VWAP: 13.718965412287062
2025-04-17 18:00:01 - DEBUG - [check_vwap_diff_signal] [HBAN] [HBAN] Last Candela: VWAP-Low=0.43%, High-VWAP=0.08%
2025-04-17 18:00:01 - DEBUG - [check_vwap_diff_signal] [HBAN] No VWAP signal detected
2025-04-17 18:00:01 - DEBUG - [_run_single_trading_iteration] [HBAN] 🔍 Signal for HBAN: None
2025-04-17 18:00:01 - INFO - [_run_single_trading_iteration] [HBAN] ℹ️ No valid signal for HBAN
2025-04-17 18:00:01 - INFO - [get_stock_data] [MRNA] Requesting data for MRNA
2025-04-17 18:00:01 - INFO - [get_stock_data] [MRNA] Data received for MRNA: 96 rows
2025-04-17 18:00:01 - INFO - [check_vwap_diff_signal] [MRNA] Analyzing VWAP reversal signal for MRNA
2025-04-17 18:00:01 - INFO - [check_vwap_diff_signal] [MRNA] Close: 24.74 | Low: 24.72 | High: 24.8 | VWAP: 24.970857351765552
2025-04-17 18:00:01 - DEBUG - [check_vwap_diff_signal] [MRNA] [MRNA] Last Candela: VWAP-Low=1.00%, High-VWAP=-0.68%
2025-04-17 18:00:01 - DEBUG - [check_vwap_diff_signal] [MRNA] No VWAP signal detected
2025-04-17 18:00:01 - DEBUG - [_run_single_trading_iteration] [MRNA] 🔍 Signal for MRNA: None
2025-04-17 18:00:01 - INFO - [_run_single_trading_iteration] [MRNA] ℹ️ No valid signal for MRNA
2025-04-17 18:00:01 - INFO - [get_stock_data] [WBD] Requesting data for WBD
2025-04-17 18:00:02 - INFO - [get_stock_data] [WBD] Data received for WBD: 96 rows
2025-04-17 18:00:02 - INFO - [check_vwap_diff_signal] [WBD] Analyzing VWAP reversal signal for WBD
2025-04-17 18:00:02 - INFO - [check_vwap_diff_signal] [WBD] Close: 7.97 | Low: 7.96 | High: 8.01 | VWAP: 8.043617536215573
2025-04-17 18:00:02 - DEBUG - [check_vwap_diff_signal] [WBD] [WBD] Last Candela: VWAP-Low=1.04%, High-VWAP=-0.42%
2025-04-17 18:00:02 - DEBUG - [check_vwap_diff_signal] [WBD] No VWAP signal detected
2025-04-17 18:00:02 - DEBUG - [_run_single_trading_iteration] [WBD] 🔍 Signal for WBD: None
2025-04-17 18:00:02 - INFO - [_run_single_trading_iteration] [WBD] ℹ️ No valid signal for WBD
2025-04-17 18:00:02 - INFO - [get_stock_data] [CMCSA] Requesting data for CMCSA
2025-04-17 18:00:02 - INFO - [get_stock_data] [CMCSA] Data received for CMCSA: 96 rows
2025-04-17 18:00:02 - INFO - [check_vwap_diff_signal] [CMCSA] Analyzing VWAP reversal signal for CMCSA
2025-04-17 18:00:03 - INFO - [check_vwap_diff_signal] [CMCSA] Close: 33.89 | Low: 33.88 | High: 33.93 | VWAP: 33.90334293760491
2025-04-17 18:00:03 - DEBUG - [check_vwap_diff_signal] [CMCSA] [CMCSA] Last Candela: VWAP-Low=0.07%, High-VWAP=0.08%
2025-04-17 18:00:03 - DEBUG - [check_vwap_diff_signal] [CMCSA] No VWAP signal detected
2025-04-17 18:00:03 - DEBUG - [_run_single_trading_iteration] [CMCSA] 🔍 Signal for CMCSA: None
2025-04-17 18:00:03 - INFO - [_run_single_trading_iteration] [CMCSA] ℹ️ No valid signal for CMCSA
2025-04-17 18:00:03 - INFO - [_run_strategy_if_applicable] [N/A] ⏰ Strategy 'SMA_Cross_sma50' not executed because it's outside the time window: 16:35:00 - 16:50:00
2025-04-17 18:00:03 - INFO - [_run_strategy_if_applicable] [N/A] ⏰ Strategy 'SMA_Cross_candle' not executed because it's outside the time window: 16:35:00 - 16:50:00
2025-04-17 18:00:03 - INFO - [_run_strategy_if_applicable] [N/A] 🔄 Starting trading loop for strategy: VWAP_diff_signal_1700_volume
2025-04-17 18:00:03 - INFO - [get_stock_data] [GEN] Requesting data for GEN
2025-04-17 18:00:03 - INFO - [get_stock_data] [GEN] Data received for GEN: 96 rows
2025-04-17 18:00:03 - INFO - [check_vwap_diff_signal_with_volume] [GEN] Analyzing VWAP reversal signal for GEN
2025-04-17 18:00:03 - DEBUG - [_run_single_trading_iteration] [GEN] 🔍 Signal for GEN: None
2025-04-17 18:00:03 - INFO - [_run_single_trading_iteration] [GEN] ℹ️ No valid signal for GEN
2025-04-17 18:00:03 - INFO - [get_stock_data] [HPQ] Requesting data for HPQ
2025-04-17 18:00:04 - INFO - [get_stock_data] [HPQ] Data received for HPQ: 96 rows
2025-04-17 18:00:04 - INFO - [check_vwap_diff_signal_with_volume] [HPQ] Analyzing VWAP reversal signal for HPQ
2025-04-17 18:00:04 - DEBUG - [_run_single_trading_iteration] [HPQ] 🔍 Signal for HPQ: None
2025-04-17 18:00:04 - INFO - [_run_single_trading_iteration] [HPQ] ℹ️ No valid signal for HPQ
2025-04-17 18:00:04 - INFO - [get_stock_data] [INTC] Requesting data for INTC
2025-04-17 18:00:04 - INFO - [get_stock_data] [INTC] Data received for INTC: 96 rows
2025-04-17 18:00:04 - INFO - [check_vwap_diff_signal_with_volume] [INTC] Analyzing VWAP reversal signal for INTC
2025-04-17 18:00:04 - DEBUG - [_run_single_trading_iteration] [INTC] 🔍 Signal for INTC: None
2025-04-17 18:00:04 - INFO - [_run_single_trading_iteration] [INTC] ℹ️ No valid signal for INTC
2025-04-17 18:00:04 - INFO - [get_stock_data] [RF] Requesting data for RF
2025-04-17 18:00:05 - INFO - [get_stock_data] [RF] Data received for RF: 96 rows
2025-04-17 18:00:05 - INFO - [check_vwap_diff_signal_with_volume] [RF] Analyzing VWAP reversal signal for RF
2025-04-17 18:00:05 - DEBUG - [_run_single_trading_iteration] [RF] 🔍 Signal for RF: None
2025-04-17 18:00:05 - INFO - [_run_single_trading_iteration] [RF] ℹ️ No valid signal for RF
2025-04-17 18:00:05 - INFO - [_run_strategy_if_applicable] [N/A] 🔄 Starting trading loop for strategy: VWAP_diff_signal_rsi_1700
2025-04-17 18:00:05 - INFO - [get_stock_data] [IVZ] Requesting data for IVZ
2025-04-17 18:00:05 - INFO - [get_stock_data] [IVZ] Data received for IVZ: 96 rows
2025-04-17 18:00:05 - INFO - [check_vwap_diff_signal_with_rsi] [IVZ] Analyzing VWAP reversal signal for IVZ
2025-04-17 18:00:05 - INFO - [check_vwap_diff_signal_with_rsi] [IVZ] Close: 12.75 | Low: 12.74 | High: 12.8 | VWAP: 12.826172803140503 | RSI: 47.40
2025-04-17 18:00:05 - DEBUG - [check_vwap_diff_signal_with_rsi] [IVZ] [IVZ] Last Candela: VWAP-Low=0.67%, High-VWAP=-0.20%
2025-04-17 18:00:05 - DEBUG - [check_vwap_diff_signal_with_rsi] [IVZ] No VWAP+RSI signal detected
2025-04-17 18:00:05 - DEBUG - [_run_single_trading_iteration] [IVZ] 🔍 Signal for IVZ: None
2025-04-17 18:00:05 - INFO - [_run_single_trading_iteration] [IVZ] ℹ️ No valid signal for IVZ
2025-04-17 18:00:05 - INFO - [get_stock_data] [FCX] Requesting data for FCX
2025-04-17 18:00:06 - INFO - [get_stock_data] [FCX] Data received for FCX: 97 rows
2025-04-17 18:00:06 - INFO - [check_vwap_diff_signal_with_rsi] [FCX] Analyzing VWAP reversal signal for FCX
2025-04-17 18:00:06 - INFO - [check_vwap_diff_signal_with_rsi] [FCX] Close: 32.46 | Low: 32.44 | High: 32.46 | VWAP: 33.033030811305174 | RSI: 32.22
2025-04-17 18:00:06 - DEBUG - [check_vwap_diff_signal_with_rsi] [FCX] [FCX] Last Candela: VWAP-Low=1.80%, High-VWAP=-1.73%
2025-04-17 18:00:06 - DEBUG - [check_vwap_diff_signal_with_rsi] [FCX] No VWAP+RSI signal detected
2025-04-17 18:00:06 - DEBUG - [_run_single_trading_iteration] [FCX] 🔍 Signal for FCX: None
2025-04-17 18:00:06 - INFO - [_run_single_trading_iteration] [FCX] ℹ️ No valid signal for FCX
2025-04-17 18:00:06 - INFO - [get_stock_data] [HST] Requesting data for HST
2025-04-17 18:00:06 - INFO - [get_stock_data] [HST] Data received for HST: 97 rows
2025-04-17 18:00:06 - INFO - [check_vwap_diff_signal_with_rsi] [HST] Analyzing VWAP reversal signal for HST
2025-04-17 18:00:06 - INFO - [check_vwap_diff_signal_with_rsi] [HST] Close: 13.61 | Low: 13.6 | High: 13.61 | VWAP: 13.68079012516554 | RSI: 54.73
2025-04-17 18:00:06 - DEBUG - [check_vwap_diff_signal_with_rsi] [HST] [HST] Last Candela: VWAP-Low=0.59%, High-VWAP=-0.52%
2025-04-17 18:00:06 - DEBUG - [check_vwap_diff_signal_with_rsi] [HST] No VWAP+RSI signal detected
2025-04-17 18:00:06 - DEBUG - [_run_single_trading_iteration] [HST] 🔍 Signal for HST: None
2025-04-17 18:00:06 - INFO - [_run_single_trading_iteration] [HST] ℹ️ No valid signal for HST
2025-04-17 18:00:06 - INFO - [get_stock_data] [IVZ] Requesting data for IVZ
2025-04-17 18:00:07 - INFO - [get_stock_data] [IVZ] Data received for IVZ: 97 rows
2025-04-17 18:00:07 - INFO - [check_vwap_diff_signal_with_rsi] [IVZ] Analyzing VWAP reversal signal for IVZ
2025-04-17 18:00:07 - INFO - [check_vwap_diff_signal_with_rsi] [IVZ] Close: 12.77 | Low: 12.75 | High: 12.77 | VWAP: 12.826004707238178 | RSI: 50.45
2025-04-17 18:00:07 - DEBUG - [check_vwap_diff_signal_with_rsi] [IVZ] [IVZ] Last Candela: VWAP-Low=0.59%, High-VWAP=-0.44%
2025-04-17 18:00:07 - DEBUG - [check_vwap_diff_signal_with_rsi] [IVZ] No VWAP+RSI signal detected
2025-04-17 18:00:07 - DEBUG - [_run_single_trading_iteration] [IVZ] 🔍 Signal for IVZ: None
2025-04-17 18:00:07 - INFO - [_run_single_trading_iteration] [IVZ] ℹ️ No valid signal for IVZ
2025-04-17 18:00:07 - INFO - [get_stock_data] [NEM] Requesting data for NEM
2025-04-17 18:00:07 - INFO - [get_stock_data] [NEM] Data received for NEM: 97 rows
2025-04-17 18:00:07 - INFO - [check_vwap_diff_signal_with_rsi] [NEM] Analyzing VWAP reversal signal for NEM
2025-04-17 18:00:07 - INFO - [check_vwap_diff_signal_with_rsi] [NEM] Close: 54.89 | Low: 54.83 | High: 54.89 | VWAP: 55.53439495324676 | RSI: 32.70
2025-04-17 18:00:07 - DEBUG - [check_vwap_diff_signal_with_rsi] [NEM] [NEM] Last Candela: VWAP-Low=1.27%, High-VWAP=-1.16%
2025-04-17 18:00:07 - DEBUG - [check_vwap_diff_signal_with_rsi] [NEM] No VWAP+RSI signal detected
2025-04-17 18:00:07 - DEBUG - [_run_single_trading_iteration] [NEM] 🔍 Signal for NEM: None
2025-04-17 18:00:07 - INFO - [_run_single_trading_iteration] [NEM] ℹ️ No valid signal for NEM
2025-04-17 18:00:07 - INFO - [get_stock_data] [LUV] Requesting data for LUV
2025-04-17 18:00:08 - INFO - [get_stock_data] [LUV] Data received for LUV: 97 rows
2025-04-17 18:00:08 - INFO - [check_vwap_diff_signal_with_rsi] [LUV] Analyzing VWAP reversal signal for LUV
2025-04-17 18:00:08 - INFO - [check_vwap_diff_signal_with_rsi] [LUV] Close: 24.43 | Low: 24.4 | High: 24.43 | VWAP: 24.583435204610375 | RSI: 39.21
2025-04-17 18:00:08 - DEBUG - [check_vwap_diff_signal_with_rsi] [LUV] [LUV] Last Candela: VWAP-Low=0.75%, High-VWAP=-0.62%
2025-04-17 18:00:08 - DEBUG - [check_vwap_diff_signal_with_rsi] [LUV] No VWAP+RSI signal detected
2025-04-17 18:00:08 - DEBUG - [_run_single_trading_iteration] [LUV] 🔍 Signal for LUV: None
2025-04-17 18:00:08 - INFO - [_run_single_trading_iteration] [LUV] ℹ️ No valid signal for LUV
2025-04-17 18:00:08 - INFO - [trading_loop] [N/A] 📊 Updating SL/TP for active orders
2025-04-17 18:00:09 - INFO - [_wait_until_next_iteration] [N/A] ⏳ Sleeping for 50.50 seconds before the next cycle
2025-04-17 18:01:00 - DEBUG - [trading_loop] [N/A] ⏱ Skipping EMA_Cross_ema50, not yet time (every 5m)
2025-04-17 18:01:00 - DEBUG - [trading_loop] [N/A] ⏱ Skipping EMA_Cross_candle, not yet time (every 5m)
2025-04-17 18:01:00 - DEBUG - [trading_loop] [N/A] ⏱ Skipping VWAP_diff_signal_1700, not yet time (every 5m)
2025-04-17 18:01:00 - DEBUG - [trading_loop] [N/A] ⏱ Skipping SMA_Cross_sma50, not yet time (every 5m)
2025-04-17 18:01:00 - DEBUG - [trading_loop] [N/A] ⏱ Skipping SMA_Cross_candle, not yet time (every 5m)
2025-04-17 18:01:00 - DEBUG - [trading_loop] [N/A] ⏱ Skipping VWAP_diff_signal_1700_volume, not yet time (every 5m)
2025-04-17 18:01:00 - DEBUG - [trading_loop] [N/A] ⏱ Skipping VWAP_diff_signal_rsi_1700, not yet time (every 5m)
2025-04-17 18:01:00 - INFO - [trading_loop] [N/A] 📊 Updating SL/TP for active orders
2025-04-17 18:01:01 - INFO - [_wait_until_next_iteration] [N/A] ⏳ Sleeping for 58.94 seconds before the next cycle
2025-04-17 18:02:00 - DEBUG - [trading_loop] [N/A] ⏱ Skipping EMA_Cross_ema50, not yet time (every 5m)
2025-04-17 18:02:00 - DEBUG - [trading_loop] [N/A] ⏱ Skipping EMA_Cross_candle, not yet time (every 5m)
2025-04-17 18:02:00 - DEBUG - [trading_loop] [N/A] ⏱ Skipping VWAP_diff_signal_1700, not yet time (every 5m)
2025-04-17 18:02:00 - DEBUG - [trading_loop] [N/A] ⏱ Skipping SMA_Cross_sma50, not yet time (every 5m)
2025-04-17 18:02:00 - DEBUG - [trading_loop] [N/A] ⏱ Skipping SMA_Cross_candle, not yet time (every 5m)
2025-04-17 18:02:00 - DEBUG - [trading_loop] [N/A] ⏱ Skipping VWAP_diff_signal_1700_volume, not yet time (every 5m)
2025-04-17 18:02:00 - DEBUG - [trading_loop] [N/A] ⏱ Skipping VWAP_diff_signal_rsi_1700, not yet time (every 5m)
2025-04-17 18:02:00 - INFO - [trading_loop] [N/A] 📊 Updating SL/TP for active orders
2025-04-17 18:02:01 - INFO - [_wait_until_next_iteration] [N/A] ⏳ Sleeping for 58.93 seconds before the next cycle
2025-04-17 18:03:00 - DEBUG - [trading_loop] [N/A] ⏱ Skipping EMA_Cross_ema50, not yet time (every 5m)
2025-04-17 18:03:00 - DEBUG - [trading_loop] [N/A] ⏱ Skipping EMA_Cross_candle, not yet time (every 5m)
2025-04-17 18:03:00 - DEBUG - [trading_loop] [N/A] ⏱ Skipping VWAP_diff_signal_1700, not yet time (every 5m)
2025-04-17 18:03:00 - DEBUG - [trading_loop] [N/A] ⏱ Skipping SMA_Cross_sma50, not yet time (every 5m)
2025-04-17 18:03:00 - DEBUG - [trading_loop] [N/A] ⏱ Skipping SMA_Cross_candle, not yet time (every 5m)
2025-04-17 18:03:00 - DEBUG - [trading_loop] [N/A] ⏱ Skipping VWAP_diff_signal_1700_volume, not yet time (every 5m)
2025-04-17 18:03:00 - DEBUG - [trading_loop] [N/A] ⏱ Skipping VWAP_diff_signal_rsi_1700, not yet time (every 5m)
2025-04-17 18:03:00 - INFO - [trading_loop] [N/A] 📊 Updating SL/TP for active orders
2025-04-17 18:03:01 - INFO - [_wait_until_next_iteration] [N/A] ⏳ Sleeping for 58.93 seconds before the next cycle
2025-04-17 18:04:00 - DEBUG - [trading_loop] [N/A] ⏱ Skipping EMA_Cross_ema50, not yet time (every 5m)
2025-04-17 18:04:00 - DEBUG - [trading_loop] [N/A] ⏱ Skipping EMA_Cross_candle, not yet time (every 5m)
2025-04-17 18:04:00 - DEBUG - [trading_loop] [N/A] ⏱ Skipping VWAP_diff_signal_1700, not yet time (every 5m)
2025-04-17 18:04:00 - DEBUG - [trading_loop] [N/A] ⏱ Skipping SMA_Cross_sma50, not yet time (every 5m)
2025-04-17 18:04:00 - DEBUG - [trading_loop] [N/A] ⏱ Skipping SMA_Cross_candle, not yet time (every 5m)
2025-04-17 18:04:00 - DEBUG - [trading_loop] [N/A] ⏱ Skipping VWAP_diff_signal_1700_volume, not yet time (every 5m)
2025-04-17 18:04:00 - DEBUG - [trading_loop] [N/A] ⏱ Skipping VWAP_diff_signal_rsi_1700, not yet time (every 5m)
2025-04-17 18:04:00 - INFO - [trading_loop] [N/A] 📊 Updating SL/TP for active orders
2025-04-17 18:04:01 - INFO - [_wait_until_next_iteration] [N/A] ⏳ Sleeping for 58.93 seconds before the next cycle
2025-04-17 18:05:00 - INFO - [_run_strategy_if_applicable] [N/A] ⏰ Strategy 'EMA_Cross_ema50' not executed because it's outside the time window: 16:35:00 - 16:50:00
2025-04-17 18:05:00 - INFO - [_run_strategy_if_applicable] [N/A] ⏰ Strategy 'EMA_Cross_candle' not executed because it's outside the time window: 16:35:00 - 16:50:00
2025-04-17 18:05:00 - INFO - [_run_strategy_if_applicable] [N/A] 🔄 Starting trading loop for strategy: VWAP_diff_signal_1700
2025-04-17 18:05:00 - DEBUG - [_run_single_trading_iteration] [CZR] 🚫 Trade not allowed for CZR (limit reached)
2025-04-17 18:05:00 - INFO - [get_stock_data] [MTCH] Requesting data for MTCH
2025-04-17 18:05:00 - INFO - [get_stock_data] [MTCH] Data received for MTCH: 97 rows
2025-04-17 18:05:00 - INFO - [check_vwap_diff_signal] [MTCH] Analyzing VWAP reversal signal for MTCH
2025-04-17 18:05:00 - INFO - [check_vwap_diff_signal] [MTCH] Close: 28.83 | Low: 28.78 | High: 28.84 | VWAP: 28.852701640195217
2025-04-17 18:05:00 - DEBUG - [check_vwap_diff_signal] [MTCH] [MTCH] Last Candela: VWAP-Low=0.25%, High-VWAP=-0.04%
2025-04-17 18:05:00 - DEBUG - [check_vwap_diff_signal] [MTCH] No VWAP signal detected
2025-04-17 18:05:00 - DEBUG - [_run_single_trading_iteration] [MTCH] 🔍 Signal for MTCH: None
2025-04-17 18:05:00 - INFO - [_run_single_trading_iteration] [MTCH] ℹ️ No valid signal for MTCH
2025-04-17 18:05:00 - INFO - [get_stock_data] [NCHL] Requesting data for NCHL
2025-04-17 18:05:00 - ERROR - [get_stock_data] [NCHL] Error retrieving data: 'NoneType' object has no attribute 'empty'
2025-04-17 18:05:00 - INFO - [get_stock_data] [HBAN] Requesting data for HBAN
2025-04-17 18:05:01 - INFO - [get_stock_data] [HBAN] Data received for HBAN: 97 rows
2025-04-17 18:05:01 - INFO - [check_vwap_diff_signal] [HBAN] Analyzing VWAP reversal signal for HBAN
2025-04-17 18:05:01 - INFO - [check_vwap_diff_signal] [HBAN] Close: 13.67 | Low: 13.66 | High: 13.72 | VWAP: 13.716998872416372
2025-04-17 18:05:01 - DEBUG - [check_vwap_diff_signal] [HBAN] [HBAN] Last Candela: VWAP-Low=0.42%, High-VWAP=0.02%
2025-04-17 18:05:01 - DEBUG - [check_vwap_diff_signal] [HBAN] No VWAP signal detected
2025-04-17 18:05:01 - DEBUG - [_run_single_trading_iteration] [HBAN] 🔍 Signal for HBAN: None
2025-04-17 18:05:01 - INFO - [_run_single_trading_iteration] [HBAN] ℹ️ No valid signal for HBAN
2025-04-17 18:05:01 - INFO - [get_stock_data] [MRNA] Requesting data for MRNA
2025-04-17 18:05:02 - INFO - [get_stock_data] [MRNA] Data received for MRNA: 97 rows
2025-04-17 18:05:02 - INFO - [check_vwap_diff_signal] [MRNA] Analyzing VWAP reversal signal for MRNA
2025-04-17 18:05:02 - INFO - [check_vwap_diff_signal] [MRNA] Close: 24.82 | Low: 24.72 | High: 24.84 | VWAP: 24.965484137251508
2025-04-17 18:05:02 - DEBUG - [check_vwap_diff_signal] [MRNA] [MRNA] Last Candela: VWAP-Low=0.98%, High-VWAP=-0.50%
2025-04-17 18:05:02 - DEBUG - [check_vwap_diff_signal] [MRNA] No VWAP signal detected
2025-04-17 18:05:02 - DEBUG - [_run_single_trading_iteration] [MRNA] 🔍 Signal for MRNA: None
2025-04-17 18:05:02 - INFO - [_run_single_trading_iteration] [MRNA] ℹ️ No valid signal for MRNA
2025-04-17 18:05:02 - INFO - [get_stock_data] [WBD] Requesting data for WBD
2025-04-17 18:05:02 - INFO - [get_stock_data] [WBD] Data received for WBD: 97 rows
2025-04-17 18:05:02 - INFO - [check_vwap_diff_signal] [WBD] Analyzing VWAP reversal signal for WBD
2025-04-17 18:05:02 - INFO - [check_vwap_diff_signal] [WBD] Close: 7.99 | Low: 7.96 | High: 8.0 | VWAP: 8.041979391535449
2025-04-17 18:05:02 - DEBUG - [check_vwap_diff_signal] [WBD] [WBD] Last Candela: VWAP-Low=1.02%, High-VWAP=-0.52%
2025-04-17 18:05:02 - DEBUG - [check_vwap_diff_signal] [WBD] No VWAP signal detected
2025-04-17 18:05:02 - DEBUG - [_run_single_trading_iteration] [WBD] 🔍 Signal for WBD: None
2025-04-17 18:05:02 - INFO - [_run_single_trading_iteration] [WBD] ℹ️ No valid signal for WBD
2025-04-17 18:05:02 - INFO - [get_stock_data] [CMCSA] Requesting data for CMCSA
2025-04-17 18:05:03 - INFO - [get_stock_data] [CMCSA] Data received for CMCSA: 97 rows
2025-04-17 18:05:03 - INFO - [check_vwap_diff_signal] [CMCSA] Analyzing VWAP reversal signal for CMCSA
2025-04-17 18:05:03 - INFO - [check_vwap_diff_signal] [CMCSA] Close: 33.95 | Low: 33.88 | High: 33.96 | VWAP: 33.9043964088149
2025-04-17 18:05:03 - DEBUG - [check_vwap_diff_signal] [CMCSA] [CMCSA] Last Candela: VWAP-Low=0.07%, High-VWAP=0.16%
2025-04-17 18:05:03 - DEBUG - [check_vwap_diff_signal] [CMCSA] No VWAP signal detected
2025-04-17 18:05:03 - DEBUG - [_run_single_trading_iteration] [CMCSA] 🔍 Signal for CMCSA: None
2025-04-17 18:05:03 - INFO - [_run_single_trading_iteration] [CMCSA] ℹ️ No valid signal for CMCSA
2025-04-17 18:05:03 - INFO - [_run_strategy_if_applicable] [N/A] ⏰ Strategy 'SMA_Cross_sma50' not executed because it's outside the time window: 16:35:00 - 16:50:00
2025-04-17 18:05:03 - INFO - [_run_strategy_if_applicable] [N/A] ⏰ Strategy 'SMA_Cross_candle' not executed because it's outside the time window: 16:35:00 - 16:50:00
2025-04-17 18:05:03 - INFO - [_run_strategy_if_applicable] [N/A] 🔄 Starting trading loop for strategy: VWAP_diff_signal_1700_volume
2025-04-17 18:05:03 - INFO - [get_stock_data] [GEN] Requesting data for GEN
2025-04-17 18:05:03 - INFO - [get_stock_data] [GEN] Data received for GEN: 97 rows
2025-04-17 18:05:03 - INFO - [check_vwap_diff_signal_with_volume] [GEN] Analyzing VWAP reversal signal for GEN
2025-04-17 18:05:03 - DEBUG - [_run_single_trading_iteration] [GEN] 🔍 Signal for GEN: None
2025-04-17 18:05:03 - INFO - [_run_single_trading_iteration] [GEN] ℹ️ No valid signal for GEN
2025-04-17 18:05:03 - INFO - [get_stock_data] [HPQ] Requesting data for HPQ
2025-04-17 18:05:04 - INFO - [get_stock_data] [HPQ] Data received for HPQ: 97 rows
2025-04-17 18:05:04 - INFO - [check_vwap_diff_signal_with_volume] [HPQ] Analyzing VWAP reversal signal for HPQ
2025-04-17 18:05:04 - DEBUG - [_run_single_trading_iteration] [HPQ] 🔍 Signal for HPQ: None
2025-04-17 18:05:04 - INFO - [_run_single_trading_iteration] [HPQ] ℹ️ No valid signal for HPQ
2025-04-17 18:05:04 - INFO - [get_stock_data] [INTC] Requesting data for INTC
2025-04-17 18:05:04 - INFO - [get_stock_data] [INTC] Data received for INTC: 97 rows
2025-04-17 18:05:04 - INFO - [check_vwap_diff_signal_with_volume] [INTC] Analyzing VWAP reversal signal for INTC
2025-04-17 18:05:04 - DEBUG - [_run_single_trading_iteration] [INTC] 🔍 Signal for INTC: None
2025-04-17 18:05:04 - INFO - [_run_single_trading_iteration] [INTC] ℹ️ No valid signal for INTC
2025-04-17 18:05:04 - INFO - [get_stock_data] [RF] Requesting data for RF
2025-04-17 18:05:05 - INFO - [get_stock_data] [RF] Data received for RF: 97 rows
2025-04-17 18:05:05 - INFO - [check_vwap_diff_signal_with_volume] [RF] Analyzing VWAP reversal signal for RF
2025-04-17 18:05:05 - DEBUG - [_run_single_trading_iteration] [RF] 🔍 Signal for RF: None
2025-04-17 18:05:05 - INFO - [_run_single_trading_iteration] [RF] ℹ️ No valid signal for RF
2025-04-17 18:05:05 - INFO - [_run_strategy_if_applicable] [N/A] 🔄 Starting trading loop for strategy: VWAP_diff_signal_rsi_1700
2025-04-17 18:05:05 - INFO - [get_stock_data] [IVZ] Requesting data for IVZ
2025-04-17 18:05:05 - INFO - [get_stock_data] [IVZ] Data received for IVZ: 97 rows
2025-04-17 18:05:05 - INFO - [check_vwap_diff_signal_with_rsi] [IVZ] Analyzing VWAP reversal signal for IVZ
2025-04-17 18:05:05 - INFO - [check_vwap_diff_signal_with_rsi] [IVZ] Close: 12.78 | Low: 12.75 | High: 12.79 | VWAP: 12.825189299748054 | RSI: 51.84
2025-04-17 18:05:05 - DEBUG - [check_vwap_diff_signal_with_rsi] [IVZ] [IVZ] Last Candela: VWAP-Low=0.59%, High-VWAP=-0.27%
2025-04-17 18:05:05 - DEBUG - [check_vwap_diff_signal_with_rsi] [IVZ] No VWAP+RSI signal detected
2025-04-17 18:05:05 - DEBUG - [_run_single_trading_iteration] [IVZ] 🔍 Signal for IVZ: None
2025-04-17 18:05:05 - INFO - [_run_single_trading_iteration] [IVZ] ℹ️ No valid signal for IVZ
2025-04-17 18:05:05 - INFO - [get_stock_data] [FCX] Requesting data for FCX
2025-04-17 18:05:06 - INFO - [get_stock_data] [FCX] Data received for FCX: 98 rows
2025-04-17 18:05:06 - INFO - [check_vwap_diff_signal_with_rsi] [FCX] Analyzing VWAP reversal signal for FCX
2025-04-17 18:05:06 - INFO - [check_vwap_diff_signal_with_rsi] [FCX] Close: 32.51 | Low: 32.5 | High: 32.53 | VWAP: 32.993383041767935 | RSI: 34.67
2025-04-17 18:05:06 - DEBUG - [check_vwap_diff_signal_with_rsi] [FCX] [FCX] Last Candela: VWAP-Low=1.50%, High-VWAP=-1.40%
2025-04-17 18:05:06 - DEBUG - [check_vwap_diff_signal_with_rsi] [FCX] No VWAP+RSI signal detected
2025-04-17 18:05:06 - DEBUG - [_run_single_trading_iteration] [FCX] 🔍 Signal for FCX: None
2025-04-17 18:05:06 - INFO - [_run_single_trading_iteration] [FCX] ℹ️ No valid signal for FCX
2025-04-17 18:05:06 - INFO - [get_stock_data] [HST] Requesting data for HST
2025-04-17 18:05:06 - INFO - [get_stock_data] [HST] Data received for HST: 98 rows
2025-04-17 18:05:06 - INFO - [check_vwap_diff_signal_with_rsi] [HST] Analyzing VWAP reversal signal for HST
2025-04-17 18:05:06 - INFO - [check_vwap_diff_signal_with_rsi] [HST] Close: 13.62 | Low: 13.62 | High: 13.62 | VWAP: 13.68018006614717 | RSI: 55.53
2025-04-17 18:05:06 - DEBUG - [check_vwap_diff_signal_with_rsi] [HST] [HST] Last Candela: VWAP-Low=0.44%, High-VWAP=-0.44%
2025-04-17 18:05:06 - DEBUG - [check_vwap_diff_signal_with_rsi] [HST] No VWAP+RSI signal detected
2025-04-17 18:05:06 - DEBUG - [_run_single_trading_iteration] [HST] 🔍 Signal for HST: None
2025-04-17 18:05:06 - INFO - [_run_single_trading_iteration] [HST] ℹ️ No valid signal for HST
2025-04-17 18:05:06 - INFO - [get_stock_data] [IVZ] Requesting data for IVZ
2025-04-17 18:05:07 - INFO - [get_stock_data] [IVZ] Data received for IVZ: 98 rows
2025-04-17 18:05:07 - INFO - [check_vwap_diff_signal_with_rsi] [IVZ] Analyzing VWAP reversal signal for IVZ
2025-04-17 18:05:07 - INFO - [check_vwap_diff_signal_with_rsi] [IVZ] Close: 12.78 | Low: 12.77 | High: 12.78 | VWAP: 12.825176954766235 | RSI: 51.84
2025-04-17 18:05:07 - DEBUG - [check_vwap_diff_signal_with_rsi] [IVZ] [IVZ] Last Candela: VWAP-Low=0.43%, High-VWAP=-0.35%
2025-04-17 18:05:07 - DEBUG - [check_vwap_diff_signal_with_rsi] [IVZ] No VWAP+RSI signal detected
2025-04-17 18:05:07 - DEBUG - [_run_single_trading_iteration] [IVZ] 🔍 Signal for IVZ: None
2025-04-17 18:05:07 - INFO - [_run_single_trading_iteration] [IVZ] ℹ️ No valid signal for IVZ
2025-04-17 18:05:07 - INFO - [get_stock_data] [NEM] Requesting data for NEM
2025-04-17 18:05:07 - INFO - [get_stock_data] [NEM] Data received for NEM: 98 rows
2025-04-17 18:05:07 - INFO - [check_vwap_diff_signal_with_rsi] [NEM] Analyzing VWAP reversal signal for NEM
2025-04-17 18:05:07 - INFO - [check_vwap_diff_signal_with_rsi] [NEM] Close: 54.95 | Low: 54.92 | High: 54.95 | VWAP: 55.50034418295992 | RSI: 34.89
2025-04-17 18:05:07 - DEBUG - [check_vwap_diff_signal_with_rsi] [NEM] [NEM] Last Candela: VWAP-Low=1.05%, High-VWAP=-0.99%
2025-04-17 18:05:07 - DEBUG - [check_vwap_diff_signal_with_rsi] [NEM] No VWAP+RSI signal detected
2025-04-17 18:05:07 - DEBUG - [_run_single_trading_iteration] [NEM] 🔍 Signal for NEM: None
2025-04-17 18:05:07 - INFO - [_run_single_trading_iteration] [NEM] ℹ️ No valid signal for NEM
2025-04-17 18:05:07 - INFO - [get_stock_data] [LUV] Requesting data for LUV
2025-04-17 18:05:08 - INFO - [get_stock_data] [LUV] Data received for LUV: 98 rows
2025-04-17 18:05:08 - INFO - [check_vwap_diff_signal_with_rsi] [LUV] Analyzing VWAP reversal signal for LUV
2025-04-17 18:05:08 - INFO - [check_vwap_diff_signal_with_rsi] [LUV] Close: 24.51 | Low: 24.5 | High: 24.51 | VWAP: 24.57902713165794 | RSI: 44.04
2025-04-17 18:05:08 - DEBUG - [check_vwap_diff_signal_with_rsi] [LUV] [LUV] Last Candela: VWAP-Low=0.32%, High-VWAP=-0.28%
2025-04-17 18:05:08 - DEBUG - [check_vwap_diff_signal_with_rsi] [LUV] No VWAP+RSI signal detected
2025-04-17 18:05:08 - DEBUG - [_run_single_trading_iteration] [LUV] 🔍 Signal for LUV: None
2025-04-17 18:05:08 - INFO - [_run_single_trading_iteration] [LUV] ℹ️ No valid signal for LUV
2025-04-17 18:05:08 - INFO - [trading_loop] [N/A] 📊 Updating SL/TP for active orders
2025-04-17 18:05:09 - INFO - [_wait_until_next_iteration] [N/A] ⏳ Sleeping for 50.43 seconds before the next cycle
2025-04-17 18:06:00 - DEBUG - [trading_loop] [N/A] ⏱ Skipping EMA_Cross_ema50, not yet time (every 5m)
2025-04-17 18:06:00 - DEBUG - [trading_loop] [N/A] ⏱ Skipping EMA_Cross_candle, not yet time (every 5m)
2025-04-17 18:06:00 - DEBUG - [trading_loop] [N/A] ⏱ Skipping VWAP_diff_signal_1700, not yet time (every 5m)
2025-04-17 18:06:00 - DEBUG - [trading_loop] [N/A] ⏱ Skipping SMA_Cross_sma50, not yet time (every 5m)
2025-04-17 18:06:00 - DEBUG - [trading_loop] [N/A] ⏱ Skipping SMA_Cross_candle, not yet time (every 5m)
2025-04-17 18:06:00 - DEBUG - [trading_loop] [N/A] ⏱ Skipping VWAP_diff_signal_1700_volume, not yet time (every 5m)
2025-04-17 18:06:00 - DEBUG - [trading_loop] [N/A] ⏱ Skipping VWAP_diff_signal_rsi_1700, not yet time (every 5m)
2025-04-17 18:06:00 - INFO - [trading_loop] [N/A] 📊 Updating SL/TP for active orders
2025-04-17 18:06:01 - INFO - [_wait_until_next_iteration] [N/A] ⏳ Sleeping for 58.94 seconds before the next cycle
2025-04-17 18:07:00 - DEBUG - [trading_loop] [N/A] ⏱ Skipping EMA_Cross_ema50, not yet time (every 5m)
2025-04-17 18:07:00 - DEBUG - [trading_loop] [N/A] ⏱ Skipping EMA_Cross_candle, not yet time (every 5m)
2025-04-17 18:07:00 - DEBUG - [trading_loop] [N/A] ⏱ Skipping VWAP_diff_signal_1700, not yet time (every 5m)
2025-04-17 18:07:00 - DEBUG - [trading_loop] [N/A] ⏱ Skipping SMA_Cross_sma50, not yet time (every 5m)
2025-04-17 18:07:00 - DEBUG - [trading_loop] [N/A] ⏱ Skipping SMA_Cross_candle, not yet time (every 5m)
2025-04-17 18:07:00 - DEBUG - [trading_loop] [N/A] ⏱ Skipping VWAP_diff_signal_1700_volume, not yet time (every 5m)
2025-04-17 18:07:00 - DEBUG - [trading_loop] [N/A] ⏱ Skipping VWAP_diff_signal_rsi_1700, not yet time (every 5m)
2025-04-17 18:07:00 - INFO - [trading_loop] [N/A] 📊 Updating SL/TP for active orders
2025-04-17 18:07:01 - INFO - [_wait_until_next_iteration] [N/A] ⏳ Sleeping for 58.93 seconds before the next cycle
2025-04-17 18:08:00 - DEBUG - [trading_loop] [N/A] ⏱ Skipping EMA_Cross_ema50, not yet time (every 5m)
2025-04-17 18:08:00 - DEBUG - [trading_loop] [N/A] ⏱ Skipping EMA_Cross_candle, not yet time (every 5m)
2025-04-17 18:08:00 - DEBUG - [trading_loop] [N/A] ⏱ Skipping VWAP_diff_signal_1700, not yet time (every 5m)
2025-04-17 18:08:00 - DEBUG - [trading_loop] [N/A] ⏱ Skipping SMA_Cross_sma50, not yet time (every 5m)
2025-04-17 18:08:00 - DEBUG - [trading_loop] [N/A] ⏱ Skipping SMA_Cross_candle, not yet time (every 5m)
2025-04-17 18:08:00 - DEBUG - [trading_loop] [N/A] ⏱ Skipping VWAP_diff_signal_1700_volume, not yet time (every 5m)
2025-04-17 18:08:00 - DEBUG - [trading_loop] [N/A] ⏱ Skipping VWAP_diff_signal_rsi_1700, not yet time (every 5m)
2025-04-17 18:08:00 - INFO - [trading_loop] [N/A] 📊 Updating SL/TP for active orders
2025-04-17 18:08:01 - INFO - [_wait_until_next_iteration] [N/A] ⏳ Sleeping for 58.92 seconds before the next cycle
2025-04-17 18:09:00 - DEBUG - [trading_loop] [N/A] ⏱ Skipping EMA_Cross_ema50, not yet time (every 5m)
2025-04-17 18:09:00 - DEBUG - [trading_loop] [N/A] ⏱ Skipping EMA_Cross_candle, not yet time (every 5m)
2025-04-17 18:09:00 - DEBUG - [trading_loop] [N/A] ⏱ Skipping VWAP_diff_signal_1700, not yet time (every 5m)
2025-04-17 18:09:00 - DEBUG - [trading_loop] [N/A] ⏱ Skipping SMA_Cross_sma50, not yet time (every 5m)
2025-04-17 18:09:00 - DEBUG - [trading_loop] [N/A] ⏱ Skipping SMA_Cross_candle, not yet time (every 5m)
2025-04-17 18:09:00 - DEBUG - [trading_loop] [N/A] ⏱ Skipping VWAP_diff_signal_1700_volume, not yet time (every 5m)
2025-04-17 18:09:00 - DEBUG - [trading_loop] [N/A] ⏱ Skipping VWAP_diff_signal_rsi_1700, not yet time (every 5m)
2025-04-17 18:09:00 - INFO - [trading_loop] [N/A] 📊 Updating SL/TP for active orders
2025-04-17 18:09:01 - INFO - [_wait_until_next_iteration] [N/A] ⏳ Sleeping for 58.93 seconds before the next cycle
2025-04-17 18:10:00 - INFO - [_run_strategy_if_applicable] [N/A] ⏰ Strategy 'EMA_Cross_ema50' not executed because it's outside the time window: 16:35:00 - 16:50:00
2025-04-17 18:10:00 - INFO - [_run_strategy_if_applicable] [N/A] ⏰ Strategy 'EMA_Cross_candle' not executed because it's outside the time window: 16:35:00 - 16:50:00
2025-04-17 18:10:00 - INFO - [_run_strategy_if_applicable] [N/A] 🔄 Starting trading loop for strategy: VWAP_diff_signal_1700
2025-04-17 18:10:00 - DEBUG - [_run_single_trading_iteration] [CZR] 🚫 Trade not allowed for CZR (limit reached)
2025-04-17 18:10:00 - INFO - [get_stock_data] [MTCH] Requesting data for MTCH
2025-04-17 18:10:00 - INFO - [get_stock_data] [MTCH] Data received for MTCH: 98 rows
2025-04-17 18:10:00 - INFO - [check_vwap_diff_signal] [MTCH] Analyzing VWAP reversal signal for MTCH
2025-04-17 18:10:00 - INFO - [check_vwap_diff_signal] [MTCH] Close: 28.93 | Low: 28.83 | High: 28.98 | VWAP: 28.85526891560456
2025-04-17 18:10:00 - DEBUG - [check_vwap_diff_signal] [MTCH] [MTCH] Last Candela: VWAP-Low=0.09%, High-VWAP=0.43%
2025-04-17 18:10:00 - DEBUG - [check_vwap_diff_signal] [MTCH] No VWAP signal detected
2025-04-17 18:10:00 - DEBUG - [_run_single_trading_iteration] [MTCH] 🔍 Signal for MTCH: None
2025-04-17 18:10:00 - INFO - [_run_single_trading_iteration] [MTCH] ℹ️ No valid signal for MTCH
2025-04-17 18:10:00 - INFO - [get_stock_data] [NCHL] Requesting data for NCHL
2025-04-17 18:10:00 - ERROR - [get_stock_data] [NCHL] Error retrieving data: 'NoneType' object has no attribute 'empty'
2025-04-17 18:10:00 - INFO - [get_stock_data] [HBAN] Requesting data for HBAN
2025-04-17 18:10:01 - INFO - [get_stock_data] [HBAN] Data received for HBAN: 98 rows
2025-04-17 18:10:01 - INFO - [check_vwap_diff_signal] [HBAN] Analyzing VWAP reversal signal for HBAN
2025-04-17 18:10:01 - INFO - [check_vwap_diff_signal] [HBAN] Close: 13.73 | Low: 13.67 | High: 13.77 | VWAP: 13.717900437882117
2025-04-17 18:10:01 - DEBUG - [check_vwap_diff_signal] [HBAN] [HBAN] Last Candela: VWAP-Low=0.35%, High-VWAP=0.38%
2025-04-17 18:10:01 - DEBUG - [check_vwap_diff_signal] [HBAN] No VWAP signal detected
2025-04-17 18:10:01 - DEBUG - [_run_single_trading_iteration] [HBAN] 🔍 Signal for HBAN: None
2025-04-17 18:10:01 - INFO - [_run_single_trading_iteration] [HBAN] ℹ️ No valid signal for HBAN
2025-04-17 18:10:01 - INFO - [get_stock_data] [MRNA] Requesting data for MRNA
2025-04-17 18:10:01 - INFO - [get_stock_data] [MRNA] Data received for MRNA: 98 rows
2025-04-17 18:10:01 - INFO - [check_vwap_diff_signal] [MRNA] Analyzing VWAP reversal signal for MRNA
2025-04-17 18:10:01 - INFO - [check_vwap_diff_signal] [MRNA] Close: 24.88 | Low: 24.81 | High: 24.96 | VWAP: 24.961916727330387
2025-04-17 18:10:01 - DEBUG - [check_vwap_diff_signal] [MRNA] [MRNA] Last Candela: VWAP-Low=0.61%, High-VWAP=-0.01%
2025-04-17 18:10:01 - DEBUG - [check_vwap_diff_signal] [MRNA] No VWAP signal detected
2025-04-17 18:10:01 - DEBUG - [_run_single_trading_iteration] [MRNA] 🔍 Signal for MRNA: None
2025-04-17 18:10:01 - INFO - [_run_single_trading_iteration] [MRNA] ℹ️ No valid signal for MRNA
2025-04-17 18:10:01 - INFO - [get_stock_data] [WBD] Requesting data for WBD
2025-04-17 18:10:02 - INFO - [get_stock_data] [WBD] Data received for WBD: 98 rows
2025-04-17 18:10:02 - INFO - [check_vwap_diff_signal] [WBD] Analyzing VWAP reversal signal for WBD
2025-04-17 18:10:02 - INFO - [check_vwap_diff_signal] [WBD] Close: 8.02 | Low: 7.99 | High: 8.07 | VWAP: 8.041162621096873
2025-04-17 18:10:02 - DEBUG - [check_vwap_diff_signal] [WBD] [WBD] Last Candela: VWAP-Low=0.64%, High-VWAP=0.36%
2025-04-17 18:10:02 - DEBUG - [check_vwap_diff_signal] [WBD] No VWAP signal detected
2025-04-17 18:10:02 - DEBUG - [_run_single_trading_iteration] [WBD] 🔍 Signal for WBD: None
2025-04-17 18:10:02 - INFO - [_run_single_trading_iteration] [WBD] ℹ️ No valid signal for WBD
2025-04-17 18:10:02 - INFO - [get_stock_data] [CMCSA] Requesting data for CMCSA
2025-04-17 18:10:03 - INFO - [get_stock_data] [CMCSA] Data received for CMCSA: 98 rows
2025-04-17 18:10:03 - INFO - [check_vwap_diff_signal] [CMCSA] Analyzing VWAP reversal signal for CMCSA
2025-04-17 18:10:03 - INFO - [check_vwap_diff_signal] [CMCSA] Close: 33.98 | Low: 33.95 | High: 34.03 | VWAP: 33.909216824832086
2025-04-17 18:10:03 - DEBUG - [check_vwap_diff_signal] [CMCSA] [CMCSA] Last Candela: VWAP-Low=-0.12%, High-VWAP=0.36%
2025-04-17 18:10:03 - DEBUG - [check_vwap_diff_signal] [CMCSA] No VWAP signal detected
2025-04-17 18:10:03 - DEBUG - [_run_single_trading_iteration] [CMCSA] 🔍 Signal for CMCSA: None
2025-04-17 18:10:03 - INFO - [_run_single_trading_iteration] [CMCSA] ℹ️ No valid signal for CMCSA
2025-04-17 18:10:03 - INFO - [_run_strategy_if_applicable] [N/A] ⏰ Strategy 'SMA_Cross_sma50' not executed because it's outside the time window: 16:35:00 - 16:50:00
2025-04-17 18:10:03 - INFO - [_run_strategy_if_applicable] [N/A] ⏰ Strategy 'SMA_Cross_candle' not executed because it's outside the time window: 16:35:00 - 16:50:00
2025-04-17 18:10:03 - INFO - [_run_strategy_if_applicable] [N/A] 🔄 Starting trading loop for strategy: VWAP_diff_signal_1700_volume
2025-04-17 18:10:03 - INFO - [get_stock_data] [GEN] Requesting data for GEN
2025-04-17 18:10:03 - INFO - [get_stock_data] [GEN] Data received for GEN: 98 rows
2025-04-17 18:10:03 - INFO - [check_vwap_diff_signal_with_volume] [GEN] Analyzing VWAP reversal signal for GEN
2025-04-17 18:10:03 - INFO - [check_vwap_diff_signal_with_volume] [GEN] Close: 24.42 | Low: 24.36 | High: 24.45 | VWAP: 24.398240094079803 | Volume Ratio: 0.53
2025-04-17 18:10:03 - DEBUG - [check_vwap_diff_signal_with_volume] [GEN] [GEN] Last Candle: VWAP-Low=0.16%, High-VWAP=0.21%
2025-04-17 18:10:03 - DEBUG - [check_vwap_diff_signal_with_volume] [GEN] No VWAP+VolumeRatio signal detected
2025-04-17 18:10:03 - DEBUG - [_run_single_trading_iteration] [GEN] 🔍 Signal for GEN: None
2025-04-17 18:10:03 - INFO - [_run_single_trading_iteration] [GEN] ℹ️ No valid signal for GEN
2025-04-17 18:10:03 - INFO - [get_stock_data] [HPQ] Requesting data for HPQ
2025-04-17 18:10:04 - INFO - [get_stock_data] [HPQ] Data received for HPQ: 98 rows
2025-04-17 18:10:04 - INFO - [check_vwap_diff_signal_with_volume] [HPQ] Analyzing VWAP reversal signal for HPQ
2025-04-17 18:10:04 - INFO - [check_vwap_diff_signal_with_volume] [HPQ] Close: 23.76 | Low: 23.67 | High: 23.8 | VWAP: 23.700727149068438 | Volume Ratio: 0.50
2025-04-17 18:10:04 - DEBUG - [check_vwap_diff_signal_with_volume] [HPQ] [HPQ] Last Candle: VWAP-Low=0.13%, High-VWAP=0.42%
2025-04-17 18:10:04 - DEBUG - [check_vwap_diff_signal_with_volume] [HPQ] No VWAP+VolumeRatio signal detected
2025-04-17 18:10:04 - DEBUG - [_run_single_trading_iteration] [HPQ] 🔍 Signal for HPQ: None
2025-04-17 18:10:04 - INFO - [_run_single_trading_iteration] [HPQ] ℹ️ No valid signal for HPQ
2025-04-17 18:10:04 - INFO - [get_stock_data] [INTC] Requesting data for INTC
2025-04-17 18:10:04 - INFO - [get_stock_data] [INTC] Data received for INTC: 98 rows
2025-04-17 18:10:04 - INFO - [check_vwap_diff_signal_with_volume] [INTC] Analyzing VWAP reversal signal for INTC
2025-04-17 18:10:04 - INFO - [check_vwap_diff_signal_with_volume] [INTC] Close: 18.7 | Low: 18.56 | High: 18.81 | VWAP: 18.81401423785543 | Volume Ratio: 1.52
2025-04-17 18:10:04 - DEBUG - [check_vwap_diff_signal_with_volume] [INTC] [INTC] Last Candle: VWAP-Low=1.35%, High-VWAP=-0.02%
2025-04-17 18:10:04 - DEBUG - [check_vwap_diff_signal_with_volume] [INTC] No VWAP+VolumeRatio signal detected
2025-04-17 18:10:04 - DEBUG - [_run_single_trading_iteration] [INTC] 🔍 Signal for INTC: None
2025-04-17 18:10:04 - INFO - [_run_single_trading_iteration] [INTC] ℹ️ No valid signal for INTC
2025-04-17 18:10:04 - INFO - [get_stock_data] [RF] Requesting data for RF
2025-04-17 18:10:05 - INFO - [get_stock_data] [RF] Data received for RF: 98 rows
2025-04-17 18:10:05 - INFO - [check_vwap_diff_signal_with_volume] [RF] Analyzing VWAP reversal signal for RF
2025-04-17 18:10:05 - INFO - [check_vwap_diff_signal_with_volume] [RF] Close: 19.28 | Low: 19.27 | High: 19.38 | VWAP: 19.308811722129064 | Volume Ratio: 1.06
2025-04-17 18:10:05 - DEBUG - [check_vwap_diff_signal_with_volume] [RF] [RF] Last Candle: VWAP-Low=0.20%, High-VWAP=0.37%
2025-04-17 18:10:05 - DEBUG - [check_vwap_diff_signal_with_volume] [RF] No VWAP+VolumeRatio signal detected
2025-04-17 18:10:05 - DEBUG - [_run_single_trading_iteration] [RF] 🔍 Signal for RF: None
2025-04-17 18:10:05 - INFO - [_run_single_trading_iteration] [RF] ℹ️ No valid signal for RF
2025-04-17 18:10:05 - INFO - [_run_strategy_if_applicable] [N/A] 🔄 Starting trading loop for strategy: VWAP_diff_signal_rsi_1700
2025-04-17 18:10:05 - INFO - [get_stock_data] [IVZ] Requesting data for IVZ
2025-04-17 18:10:05 - INFO - [get_stock_data] [IVZ] Data received for IVZ: 99 rows
2025-04-17 18:10:05 - INFO - [check_vwap_diff_signal_with_rsi] [IVZ] Analyzing VWAP reversal signal for IVZ
2025-04-17 18:10:05 - INFO - [check_vwap_diff_signal_with_rsi] [IVZ] Close: 12.82 | Low: 12.82 | High: 12.82 | VWAP: 12.825366020899686 | RSI: 56.58
2025-04-17 18:10:05 - DEBUG - [check_vwap_diff_signal_with_rsi] [IVZ] [IVZ] Last Candela: VWAP-Low=0.04%, High-VWAP=-0.04%
2025-04-17 18:10:05 - DEBUG - [check_vwap_diff_signal_with_rsi] [IVZ] No VWAP+RSI signal detected
2025-04-17 18:10:05 - DEBUG - [_run_single_trading_iteration] [IVZ] 🔍 Signal for IVZ: None
2025-04-17 18:10:05 - INFO - [_run_single_trading_iteration] [IVZ] ℹ️ No valid signal for IVZ
2025-04-17 18:10:05 - INFO - [get_stock_data] [FCX] Requesting data for FCX
2025-04-17 18:10:06 - INFO - [get_stock_data] [FCX] Data received for FCX: 99 rows
2025-04-17 18:10:06 - INFO - [check_vwap_diff_signal_with_rsi] [FCX] Analyzing VWAP reversal signal for FCX
2025-04-17 18:10:06 - INFO - [check_vwap_diff_signal_with_rsi] [FCX] Close: 32.72 | Low: 32.71 | High: 32.72 | VWAP: 32.980738376793504 | RSI: 43.08
2025-04-17 18:10:06 - DEBUG - [check_vwap_diff_signal_with_rsi] [FCX] [FCX] Last Candela: VWAP-Low=0.82%, High-VWAP=-0.79%
2025-04-17 18:10:06 - DEBUG - [check_vwap_diff_signal_with_rsi] [FCX] No VWAP+RSI signal detected
2025-04-17 18:10:06 - DEBUG - [_run_single_trading_iteration] [FCX] 🔍 Signal for FCX: None
2025-04-17 18:10:06 - INFO - [_run_single_trading_iteration] [FCX] ℹ️ No valid signal for FCX
2025-04-17 18:10:06 - INFO - [get_stock_data] [HST] Requesting data for HST
2025-04-17 18:10:06 - INFO - [get_stock_data] [HST] Data received for HST: 99 rows
2025-04-17 18:10:06 - INFO - [check_vwap_diff_signal_with_rsi] [HST] Analyzing VWAP reversal signal for HST
2025-04-17 18:10:06 - INFO - [check_vwap_diff_signal_with_rsi] [HST] Close: 13.65 | Low: 13.65 | High: 13.65 | VWAP: 13.679319896633544 | RSI: 59.36
2025-04-17 18:10:06 - DEBUG - [check_vwap_diff_signal_with_rsi] [HST] [HST] Last Candela: VWAP-Low=0.21%, High-VWAP=-0.21%
2025-04-17 18:10:06 - DEBUG - [check_vwap_diff_signal_with_rsi] [HST] No VWAP+RSI signal detected
2025-04-17 18:10:06 - DEBUG - [_run_single_trading_iteration] [HST] 🔍 Signal for HST: None
2025-04-17 18:10:06 - INFO - [_run_single_trading_iteration] [HST] ℹ️ No valid signal for HST
2025-04-17 18:10:06 - INFO - [get_stock_data] [IVZ] Requesting data for IVZ
2025-04-17 18:10:07 - INFO - [get_stock_data] [IVZ] Data received for IVZ: 99 rows
2025-04-17 18:10:07 - INFO - [check_vwap_diff_signal_with_rsi] [IVZ] Analyzing VWAP reversal signal for IVZ
2025-04-17 18:10:07 - INFO - [check_vwap_diff_signal_with_rsi] [IVZ] Close: 12.82 | Low: 12.82 | High: 12.82 | VWAP: 12.825366020899686 | RSI: 56.58
2025-04-17 18:10:07 - DEBUG - [check_vwap_diff_signal_with_rsi] [IVZ] [IVZ] Last Candela: VWAP-Low=0.04%, High-VWAP=-0.04%
2025-04-17 18:10:07 - DEBUG - [check_vwap_diff_signal_with_rsi] [IVZ] No VWAP+RSI signal detected
2025-04-17 18:10:07 - DEBUG - [_run_single_trading_iteration] [IVZ] 🔍 Signal for IVZ: None
2025-04-17 18:10:07 - INFO - [_run_single_trading_iteration] [IVZ] ℹ️ No valid signal for IVZ
2025-04-17 18:10:07 - INFO - [get_stock_data] [NEM] Requesting data for NEM
2025-04-17 18:10:08 - INFO - [get_stock_data] [NEM] Data received for NEM: 99 rows
2025-04-17 18:10:08 - INFO - [check_vwap_diff_signal_with_rsi] [NEM] Analyzing VWAP reversal signal for NEM
2025-04-17 18:10:08 - INFO - [check_vwap_diff_signal_with_rsi] [NEM] Close: 55.08 | Low: 55.06 | High: 55.08 | VWAP: 55.47750642060604 | RSI: 39.49
2025-04-17 18:10:08 - DEBUG - [check_vwap_diff_signal_with_rsi] [NEM] [NEM] Last Candela: VWAP-Low=0.75%, High-VWAP=-0.72%
2025-04-17 18:10:08 - DEBUG - [check_vwap_diff_signal_with_rsi] [NEM] No VWAP+RSI signal detected
2025-04-17 18:10:08 - DEBUG - [_run_single_trading_iteration] [NEM] 🔍 Signal for NEM: None
2025-04-17 18:10:08 - INFO - [_run_single_trading_iteration] [NEM] ℹ️ No valid signal for NEM
2025-04-17 18:10:08 - INFO - [get_stock_data] [LUV] Requesting data for LUV
2025-04-17 18:10:08 - INFO - [get_stock_data] [LUV] Data received for LUV: 99 rows
2025-04-17 18:10:08 - INFO - [check_vwap_diff_signal_with_rsi] [LUV] Analyzing VWAP reversal signal for LUV
2025-04-17 18:10:08 - INFO - [check_vwap_diff_signal_with_rsi] [LUV] Close: 24.55 | Low: 24.55 | High: 24.57 | VWAP: 24.57849427126239 | RSI: 46.40
2025-04-17 18:10:08 - DEBUG - [check_vwap_diff_signal_with_rsi] [LUV] [LUV] Last Candela: VWAP-Low=0.12%, High-VWAP=-0.03%
2025-04-17 18:10:08 - DEBUG - [check_vwap_diff_signal_with_rsi] [LUV] No VWAP+RSI signal detected
2025-04-17 18:10:08 - DEBUG - [_run_single_trading_iteration] [LUV] 🔍 Signal for LUV: None
2025-04-17 18:10:08 - INFO - [_run_single_trading_iteration] [LUV] ℹ️ No valid signal for LUV
2025-04-17 18:10:08 - INFO - [trading_loop] [N/A] 📊 Updating SL/TP for active orders
2025-04-17 18:10:09 - INFO - [_wait_until_next_iteration] [N/A] ⏳ Sleeping for 50.28 seconds before the next cycle
2025-04-17 18:11:00 - DEBUG - [trading_loop] [N/A] ⏱ Skipping EMA_Cross_ema50, not yet time (every 5m)
2025-04-17 18:11:00 - DEBUG - [trading_loop] [N/A] ⏱ Skipping EMA_Cross_candle, not yet time (every 5m)
2025-04-17 18:11:00 - DEBUG - [trading_loop] [N/A] ⏱ Skipping VWAP_diff_signal_1700, not yet time (every 5m)
2025-04-17 18:11:00 - DEBUG - [trading_loop] [N/A] ⏱ Skipping SMA_Cross_sma50, not yet time (every 5m)
2025-04-17 18:11:00 - DEBUG - [trading_loop] [N/A] ⏱ Skipping SMA_Cross_candle, not yet time (every 5m)
2025-04-17 18:11:00 - DEBUG - [trading_loop] [N/A] ⏱ Skipping VWAP_diff_signal_1700_volume, not yet time (every 5m)
2025-04-17 18:11:00 - DEBUG - [trading_loop] [N/A] ⏱ Skipping VWAP_diff_signal_rsi_1700, not yet time (every 5m)
2025-04-17 18:11:00 - INFO - [trading_loop] [N/A] 📊 Updating SL/TP for active orders
2025-04-17 18:11:01 - INFO - [_wait_until_next_iteration] [N/A] ⏳ Sleeping for 58.94 seconds before the next cycle
2025-04-17 18:12:00 - DEBUG - [trading_loop] [N/A] ⏱ Skipping EMA_Cross_ema50, not yet time (every 5m)
2025-04-17 18:12:00 - DEBUG - [trading_loop] [N/A] ⏱ Skipping EMA_Cross_candle, not yet time (every 5m)
2025-04-17 18:12:00 - DEBUG - [trading_loop] [N/A] ⏱ Skipping VWAP_diff_signal_1700, not yet time (every 5m)
2025-04-17 18:12:00 - DEBUG - [trading_loop] [N/A] ⏱ Skipping SMA_Cross_sma50, not yet time (every 5m)
2025-04-17 18:12:00 - DEBUG - [trading_loop] [N/A] ⏱ Skipping SMA_Cross_candle, not yet time (every 5m)
2025-04-17 18:12:00 - DEBUG - [trading_loop] [N/A] ⏱ Skipping VWAP_diff_signal_1700_volume, not yet time (every 5m)
2025-04-17 18:12:00 - DEBUG - [trading_loop] [N/A] ⏱ Skipping VWAP_diff_signal_rsi_1700, not yet time (every 5m)
2025-04-17 18:12:00 - INFO - [trading_loop] [N/A] 📊 Updating SL/TP for active orders
2025-04-17 18:12:01 - INFO - [_wait_until_next_iteration] [N/A] ⏳ Sleeping for 58.93 seconds before the next cycle
2025-04-17 18:13:00 - DEBUG - [trading_loop] [N/A] ⏱ Skipping EMA_Cross_ema50, not yet time (every 5m)
2025-04-17 18:13:00 - DEBUG - [trading_loop] [N/A] ⏱ Skipping EMA_Cross_candle, not yet time (every 5m)
2025-04-17 18:13:00 - DEBUG - [trading_loop] [N/A] ⏱ Skipping VWAP_diff_signal_1700, not yet time (every 5m)
2025-04-17 18:13:00 - DEBUG - [trading_loop] [N/A] ⏱ Skipping SMA_Cross_sma50, not yet time (every 5m)
2025-04-17 18:13:00 - DEBUG - [trading_loop] [N/A] ⏱ Skipping SMA_Cross_candle, not yet time (every 5m)
2025-04-17 18:13:00 - DEBUG - [trading_loop] [N/A] ⏱ Skipping VWAP_diff_signal_1700_volume, not yet time (every 5m)
2025-04-17 18:13:00 - DEBUG - [trading_loop] [N/A] ⏱ Skipping VWAP_diff_signal_rsi_1700, not yet time (every 5m)
2025-04-17 18:13:00 - INFO - [trading_loop] [N/A] 📊 Updating SL/TP for active orders
2025-04-17 18:13:01 - INFO - [_wait_until_next_iteration] [N/A] ⏳ Sleeping for 58.93 seconds before the next cycle
2025-04-17 18:14:00 - DEBUG - [trading_loop] [N/A] ⏱ Skipping EMA_Cross_ema50, not yet time (every 5m)
2025-04-17 18:14:00 - DEBUG - [trading_loop] [N/A] ⏱ Skipping EMA_Cross_candle, not yet time (every 5m)
2025-04-17 18:14:00 - DEBUG - [trading_loop] [N/A] ⏱ Skipping VWAP_diff_signal_1700, not yet time (every 5m)
2025-04-17 18:14:00 - DEBUG - [trading_loop] [N/A] ⏱ Skipping SMA_Cross_sma50, not yet time (every 5m)
2025-04-17 18:14:00 - DEBUG - [trading_loop] [N/A] ⏱ Skipping SMA_Cross_candle, not yet time (every 5m)
2025-04-17 18:14:00 - DEBUG - [trading_loop] [N/A] ⏱ Skipping VWAP_diff_signal_1700_volume, not yet time (every 5m)
2025-04-17 18:14:00 - DEBUG - [trading_loop] [N/A] ⏱ Skipping VWAP_diff_signal_rsi_1700, not yet time (every 5m)
2025-04-17 18:14:00 - INFO - [trading_loop] [N/A] 📊 Updating SL/TP for active orders
2025-04-17 18:14:01 - INFO - [_wait_until_next_iteration] [N/A] ⏳ Sleeping for 58.94 seconds before the next cycle
2025-04-17 18:15:00 - INFO - [_run_strategy_if_applicable] [N/A] ⏰ Strategy 'EMA_Cross_ema50' not executed because it's outside the time window: 16:35:00 - 16:50:00
2025-04-17 18:15:00 - INFO - [_run_strategy_if_applicable] [N/A] ⏰ Strategy 'EMA_Cross_candle' not executed because it's outside the time window: 16:35:00 - 16:50:00
2025-04-17 18:15:00 - INFO - [_run_strategy_if_applicable] [N/A] 🔄 Starting trading loop for strategy: VWAP_diff_signal_1700
2025-04-17 18:15:00 - DEBUG - [_run_single_trading_iteration] [CZR] 🚫 Trade not allowed for CZR (limit reached)
2025-04-17 18:15:00 - INFO - [get_stock_data] [MTCH] Requesting data for MTCH
2025-04-17 18:15:00 - INFO - [get_stock_data] [MTCH] Data received for MTCH: 99 rows
2025-04-17 18:15:00 - INFO - [check_vwap_diff_signal] [MTCH] Analyzing VWAP reversal signal for MTCH
2025-04-17 18:15:00 - INFO - [check_vwap_diff_signal] [MTCH] Close: 28.96 | Low: 28.91 | High: 28.97 | VWAP: 28.8579972306113
2025-04-17 18:15:00 - DEBUG - [check_vwap_diff_signal] [MTCH] [MTCH] Last Candela: VWAP-Low=-0.18%, High-VWAP=0.39%
2025-04-17 18:15:00 - DEBUG - [check_vwap_diff_signal] [MTCH] No VWAP signal detected
2025-04-17 18:15:00 - DEBUG - [_run_single_trading_iteration] [MTCH] 🔍 Signal for MTCH: None
2025-04-17 18:15:00 - INFO - [_run_single_trading_iteration] [MTCH] ℹ️ No valid signal for MTCH
2025-04-17 18:15:00 - INFO - [get_stock_data] [NCHL] Requesting data for NCHL
2025-04-17 18:15:00 - ERROR - [get_stock_data] [NCHL] Error retrieving data: 'NoneType' object has no attribute 'empty'
2025-04-17 18:15:00 - INFO - [get_stock_data] [HBAN] Requesting data for HBAN
2025-04-17 18:15:01 - INFO - [get_stock_data] [HBAN] Data received for HBAN: 99 rows
2025-04-17 18:15:01 - INFO - [check_vwap_diff_signal] [HBAN] Analyzing VWAP reversal signal for HBAN
2025-04-17 18:15:01 - INFO - [check_vwap_diff_signal] [HBAN] Close: 13.66 | Low: 13.63 | High: 13.74 | VWAP: 13.709407482837088
2025-04-17 18:15:01 - DEBUG - [check_vwap_diff_signal] [HBAN] [HBAN] Last Candela: VWAP-Low=0.58%, High-VWAP=0.22%
2025-04-17 18:15:01 - DEBUG - [check_vwap_diff_signal] [HBAN] No VWAP signal detected
2025-04-17 18:15:01 - DEBUG - [_run_single_trading_iteration] [HBAN] 🔍 Signal for HBAN: None
2025-04-17 18:15:01 - INFO - [_run_single_trading_iteration] [HBAN] ℹ️ No valid signal for HBAN
2025-04-17 18:15:01 - INFO - [get_stock_data] [MRNA] Requesting data for MRNA
2025-04-17 18:15:02 - INFO - [get_stock_data] [MRNA] Data received for MRNA: 99 rows
2025-04-17 18:15:02 - INFO - [check_vwap_diff_signal] [MRNA] Analyzing VWAP reversal signal for MRNA
2025-04-17 18:15:02 - INFO - [check_vwap_diff_signal] [MRNA] Close: 24.88 | Low: 24.84 | High: 24.92 | VWAP: 24.96018889457252
2025-04-17 18:15:02 - DEBUG - [check_vwap_diff_signal] [MRNA] [MRNA] Last Candela: VWAP-Low=0.48%, High-VWAP=-0.16%
2025-04-17 18:15:02 - DEBUG - [check_vwap_diff_signal] [MRNA] No VWAP signal detected
2025-04-17 18:15:02 - DEBUG - [_run_single_trading_iteration] [MRNA] 🔍 Signal for MRNA: None
2025-04-17 18:15:02 - INFO - [_run_single_trading_iteration] [MRNA] ℹ️ No valid signal for MRNA
2025-04-17 18:15:02 - INFO - [get_stock_data] [WBD] Requesting data for WBD
2025-04-17 18:15:02 - INFO - [get_stock_data] [WBD] Data received for WBD: 99 rows
2025-04-17 18:15:02 - INFO - [check_vwap_diff_signal] [WBD] Analyzing VWAP reversal signal for WBD
2025-04-17 18:15:02 - INFO - [check_vwap_diff_signal] [WBD] Close: 8.04 | Low: 8.02 | High: 8.06 | VWAP: 8.041133634311695
2025-04-17 18:15:02 - DEBUG - [check_vwap_diff_signal] [WBD] [WBD] Last Candela: VWAP-Low=0.26%, High-VWAP=0.23%
2025-04-17 18:15:02 - DEBUG - [check_vwap_diff_signal] [WBD] No VWAP signal detected
2025-04-17 18:15:02 - DEBUG - [_run_single_trading_iteration] [WBD] 🔍 Signal for WBD: None
2025-04-17 18:15:02 - INFO - [_run_single_trading_iteration] [WBD] ℹ️ No valid signal for WBD
2025-04-17 18:15:02 - INFO - [get_stock_data] [CMCSA] Requesting data for CMCSA
2025-04-17 18:15:03 - INFO - [get_stock_data] [CMCSA] Data received for CMCSA: 99 rows
2025-04-17 18:15:03 - INFO - [check_vwap_diff_signal] [CMCSA] Analyzing VWAP reversal signal for CMCSA
2025-04-17 18:15:03 - INFO - [check_vwap_diff_signal] [CMCSA] Close: 34.05 | Low: 33.97 | High: 34.06 | VWAP: 33.91303558151931
2025-04-17 18:15:03 - DEBUG - [check_vwap_diff_signal] [CMCSA] [CMCSA] Last Candela: VWAP-Low=-0.17%, High-VWAP=0.43%
2025-04-17 18:15:03 - DEBUG - [check_vwap_diff_signal] [CMCSA] No VWAP signal detected
2025-04-17 18:15:03 - DEBUG - [_run_single_trading_iteration] [CMCSA] 🔍 Signal for CMCSA: None
2025-04-17 18:15:03 - INFO - [_run_single_trading_iteration] [CMCSA] ℹ️ No valid signal for CMCSA
2025-04-17 18:15:03 - INFO - [_run_strategy_if_applicable] [N/A] ⏰ Strategy 'SMA_Cross_sma50' not executed because it's outside the time window: 16:35:00 - 16:50:00
2025-04-17 18:15:03 - INFO - [_run_strategy_if_applicable] [N/A] ⏰ Strategy 'SMA_Cross_candle' not executed because it's outside the time window: 16:35:00 - 16:50:00
2025-04-17 18:15:03 - INFO - [_run_strategy_if_applicable] [N/A] 🔄 Starting trading loop for strategy: VWAP_diff_signal_1700_volume
2025-04-17 18:15:03 - INFO - [get_stock_data] [GEN] Requesting data for GEN
2025-04-17 18:15:03 - INFO - [get_stock_data] [GEN] Data received for GEN: 99 rows
2025-04-17 18:15:03 - INFO - [check_vwap_diff_signal_with_volume] [GEN] Analyzing VWAP reversal signal for GEN
2025-04-17 18:15:03 - INFO - [check_vwap_diff_signal_with_volume] [GEN] Close: 24.43 | Low: 24.41 | High: 24.44 | VWAP: 24.398656264191967 | Volume Ratio: 0.41
2025-04-17 18:15:03 - DEBUG - [check_vwap_diff_signal_with_volume] [GEN] [GEN] Last Candle: VWAP-Low=-0.05%, High-VWAP=0.17%
2025-04-17 18:15:03 - DEBUG - [check_vwap_diff_signal_with_volume] [GEN] No VWAP+VolumeRatio signal detected
2025-04-17 18:15:03 - DEBUG - [_run_single_trading_iteration] [GEN] 🔍 Signal for GEN: None
2025-04-17 18:15:03 - INFO - [_run_single_trading_iteration] [GEN] ℹ️ No valid signal for GEN
2025-04-17 18:15:03 - INFO - [get_stock_data] [HPQ] Requesting data for HPQ
2025-04-17 18:15:04 - INFO - [get_stock_data] [HPQ] Data received for HPQ: 99 rows
2025-04-17 18:15:04 - INFO - [check_vwap_diff_signal_with_volume] [HPQ] Analyzing VWAP reversal signal for HPQ
2025-04-17 18:15:04 - INFO - [check_vwap_diff_signal_with_volume] [HPQ] Close: 23.82 | Low: 23.74 | High: 23.83 | VWAP: 23.70214699098409 | Volume Ratio: 0.32
2025-04-17 18:15:04 - DEBUG - [check_vwap_diff_signal_with_volume] [HPQ] [HPQ] Last Candle: VWAP-Low=-0.16%, High-VWAP=0.54%
2025-04-17 18:15:04 - DEBUG - [check_vwap_diff_signal_with_volume] [HPQ] No VWAP+VolumeRatio signal detected
2025-04-17 18:15:04 - DEBUG - [_run_single_trading_iteration] [HPQ] 🔍 Signal for HPQ: None
2025-04-17 18:15:04 - INFO - [_run_single_trading_iteration] [HPQ] ℹ️ No valid signal for HPQ
2025-04-17 18:15:04 - INFO - [get_stock_data] [INTC] Requesting data for INTC
2025-04-17 18:15:04 - INFO - [get_stock_data] [INTC] Data received for INTC: 99 rows
2025-04-17 18:15:04 - INFO - [check_vwap_diff_signal_with_volume] [INTC] Analyzing VWAP reversal signal for INTC
2025-04-17 18:15:04 - INFO - [check_vwap_diff_signal_with_volume] [INTC] Close: 18.75 | Low: 18.68 | High: 18.76 | VWAP: 18.812547487959133 | Volume Ratio: 0.56
2025-04-17 18:15:04 - DEBUG - [check_vwap_diff_signal_with_volume] [INTC] [INTC] Last Candle: VWAP-Low=0.70%, High-VWAP=-0.28%
2025-04-17 18:15:04 - DEBUG - [check_vwap_diff_signal_with_volume] [INTC] No VWAP+VolumeRatio signal detected
2025-04-17 18:15:04 - DEBUG - [_run_single_trading_iteration] [INTC] 🔍 Signal for INTC: None
2025-04-17 18:15:04 - INFO - [_run_single_trading_iteration] [INTC] ℹ️ No valid signal for INTC
2025-04-17 18:15:04 - INFO - [get_stock_data] [RF] Requesting data for RF
2025-04-17 18:15:05 - INFO - [get_stock_data] [RF] Data received for RF: 99 rows
2025-04-17 18:15:05 - INFO - [check_vwap_diff_signal_with_volume] [RF] Analyzing VWAP reversal signal for RF
2025-04-17 18:15:05 - INFO - [check_vwap_diff_signal_with_volume] [RF] Close: 19.25 | Low: 19.19 | High: 19.31 | VWAP: 19.307742357644887 | Volume Ratio: 0.51
2025-04-17 18:15:05 - DEBUG - [check_vwap_diff_signal_with_volume] [RF] [RF] Last Candle: VWAP-Low=0.61%, High-VWAP=0.01%
2025-04-17 18:15:05 - DEBUG - [check_vwap_diff_signal_with_volume] [RF] No VWAP+VolumeRatio signal detected
2025-04-17 18:15:05 - DEBUG - [_run_single_trading_iteration] [RF] 🔍 Signal for RF: None
2025-04-17 18:15:05 - INFO - [_run_single_trading_iteration] [RF] ℹ️ No valid signal for RF
2025-04-17 18:15:05 - INFO - [_run_strategy_if_applicable] [N/A] 🔄 Starting trading loop for strategy: VWAP_diff_signal_rsi_1700
2025-04-17 18:15:05 - INFO - [get_stock_data] [IVZ] Requesting data for IVZ
2025-04-17 18:15:05 - INFO - [get_stock_data] [IVZ] Data received for IVZ: 99 rows
2025-04-17 18:15:05 - INFO - [check_vwap_diff_signal_with_rsi] [IVZ] Analyzing VWAP reversal signal for IVZ
2025-04-17 18:15:05 - INFO - [check_vwap_diff_signal_with_rsi] [IVZ] Close: 12.83 | Low: 12.81 | High: 12.86 | VWAP: 12.825483779526751 | RSI: 58.18
2025-04-17 18:15:05 - DEBUG - [check_vwap_diff_signal_with_rsi] [IVZ] [IVZ] Last Candela: VWAP-Low=0.12%, High-VWAP=0.27%
2025-04-17 18:15:05 - DEBUG - [check_vwap_diff_signal_with_rsi] [IVZ] No VWAP+RSI signal detected
2025-04-17 18:15:05 - DEBUG - [_run_single_trading_iteration] [IVZ] 🔍 Signal for IVZ: None
2025-04-17 18:15:05 - INFO - [_run_single_trading_iteration] [IVZ] ℹ️ No valid signal for IVZ
2025-04-17 18:15:05 - INFO - [get_stock_data] [FCX] Requesting data for FCX
2025-04-17 18:15:06 - INFO - [get_stock_data] [FCX] Data received for FCX: 100 rows
2025-04-17 18:15:06 - INFO - [check_vwap_diff_signal_with_rsi] [FCX] Analyzing VWAP reversal signal for FCX
2025-04-17 18:15:06 - INFO - [check_vwap_diff_signal_with_rsi] [FCX] Close: 32.89 | Low: 32.88 | High: 32.89 | VWAP: 32.97753519932343 | RSI: 48.92
2025-04-17 18:15:06 - DEBUG - [check_vwap_diff_signal_with_rsi] [FCX] [FCX] Last Candela: VWAP-Low=0.30%, High-VWAP=-0.27%
2025-04-17 18:15:06 - DEBUG - [check_vwap_diff_signal_with_rsi] [FCX] No VWAP+RSI signal detected
2025-04-17 18:15:06 - DEBUG - [_run_single_trading_iteration] [FCX] 🔍 Signal for FCX: None
2025-04-17 18:15:06 - INFO - [_run_single_trading_iteration] [FCX] ℹ️ No valid signal for FCX
2025-04-17 18:15:06 - INFO - [get_stock_data] [HST] Requesting data for HST
2025-04-17 18:15:06 - INFO - [get_stock_data] [HST] Data received for HST: 100 rows
2025-04-17 18:15:06 - INFO - [check_vwap_diff_signal_with_rsi] [HST] Analyzing VWAP reversal signal for HST
2025-04-17 18:15:06 - INFO - [check_vwap_diff_signal_with_rsi] [HST] Close: 13.67 | Low: 13.67 | High: 13.67 | VWAP: 13.679198124544392 | RSI: 61.55
2025-04-17 18:15:06 - DEBUG - [check_vwap_diff_signal_with_rsi] [HST] [HST] Last Candela: VWAP-Low=0.07%, High-VWAP=-0.07%
2025-04-17 18:15:06 - DEBUG - [check_vwap_diff_signal_with_rsi] [HST] No VWAP+RSI signal detected
2025-04-17 18:15:06 - DEBUG - [_run_single_trading_iteration] [HST] 🔍 Signal for HST: None
2025-04-17 18:15:06 - INFO - [_run_single_trading_iteration] [HST] ℹ️ No valid signal for HST
2025-04-17 18:15:06 - INFO - [get_stock_data] [IVZ] Requesting data for IVZ
2025-04-17 18:15:07 - INFO - [get_stock_data] [IVZ] Data received for IVZ: 100 rows
2025-04-17 18:15:07 - INFO - [check_vwap_diff_signal_with_rsi] [IVZ] Analyzing VWAP reversal signal for IVZ
2025-04-17 18:15:07 - INFO - [check_vwap_diff_signal_with_rsi] [IVZ] Close: 12.84 | Low: 12.83 | High: 12.84 | VWAP: 12.825534044617374 | RSI: 59.42
2025-04-17 18:15:07 - DEBUG - [check_vwap_diff_signal_with_rsi] [IVZ] [IVZ] Last Candela: VWAP-Low=-0.03%, High-VWAP=0.11%
2025-04-17 18:15:07 - DEBUG - [check_vwap_diff_signal_with_rsi] [IVZ] No VWAP+RSI signal detected
2025-04-17 18:15:07 - DEBUG - [_run_single_trading_iteration] [IVZ] 🔍 Signal for IVZ: None
2025-04-17 18:15:07 - INFO - [_run_single_trading_iteration] [IVZ] ℹ️ No valid signal for IVZ
2025-04-17 18:15:07 - INFO - [get_stock_data] [NEM] Requesting data for NEM
2025-04-17 18:15:08 - INFO - [get_stock_data] [NEM] Data received for NEM: 100 rows
2025-04-17 18:15:08 - INFO - [check_vwap_diff_signal_with_rsi] [NEM] Analyzing VWAP reversal signal for NEM
2025-04-17 18:15:08 - INFO - [check_vwap_diff_signal_with_rsi] [NEM] Close: 55.14 | Low: 55.13 | High: 55.14 | VWAP: 55.45932620455755 | RSI: 41.54
2025-04-17 18:15:08 - DEBUG - [check_vwap_diff_signal_with_rsi] [NEM] [NEM] Last Candela: VWAP-Low=0.59%, High-VWAP=-0.58%
2025-04-17 18:15:08 - DEBUG - [check_vwap_diff_signal_with_rsi] [NEM] No VWAP+RSI signal detected
2025-04-17 18:15:08 - DEBUG - [_run_single_trading_iteration] [NEM] 🔍 Signal for NEM: None
2025-04-17 18:15:08 - INFO - [_run_single_trading_iteration] [NEM] ℹ️ No valid signal for NEM
2025-04-17 18:15:08 - INFO - [get_stock_data] [LUV] Requesting data for LUV
2025-04-17 18:15:08 - INFO - [get_stock_data] [LUV] Data received for LUV: 100 rows
2025-04-17 18:15:08 - INFO - [check_vwap_diff_signal_with_rsi] [LUV] Analyzing VWAP reversal signal for LUV
2025-04-17 18:15:08 - INFO - [check_vwap_diff_signal_with_rsi] [LUV] Close: 24.63 | Low: 24.61 | High: 24.63 | VWAP: 24.579296463231312 | RSI: 50.69
2025-04-17 18:15:08 - DEBUG - [check_vwap_diff_signal_with_rsi] [LUV] [LUV] Last Candela: VWAP-Low=-0.12%, High-VWAP=0.21%
2025-04-17 18:15:08 - DEBUG - [check_vwap_diff_signal_with_rsi] [LUV] No VWAP+RSI signal detected
2025-04-17 18:15:08 - DEBUG - [_run_single_trading_iteration] [LUV] 🔍 Signal for LUV: None
2025-04-17 18:15:08 - INFO - [_run_single_trading_iteration] [LUV] ℹ️ No valid signal for LUV
2025-04-17 18:15:08 - INFO - [trading_loop] [N/A] 📊 Updating SL/TP for active orders
2025-04-17 18:15:09 - INFO - [_wait_until_next_iteration] [N/A] ⏳ Sleeping for 50.36 seconds before the next cycle
2025-04-17 18:16:00 - DEBUG - [trading_loop] [N/A] ⏱ Skipping EMA_Cross_ema50, not yet time (every 5m)
2025-04-17 18:16:00 - DEBUG - [trading_loop] [N/A] ⏱ Skipping EMA_Cross_candle, not yet time (every 5m)
2025-04-17 18:16:00 - DEBUG - [trading_loop] [N/A] ⏱ Skipping VWAP_diff_signal_1700, not yet time (every 5m)
2025-04-17 18:16:00 - DEBUG - [trading_loop] [N/A] ⏱ Skipping SMA_Cross_sma50, not yet time (every 5m)
2025-04-17 18:16:00 - DEBUG - [trading_loop] [N/A] ⏱ Skipping SMA_Cross_candle, not yet time (every 5m)
2025-04-17 18:16:00 - DEBUG - [trading_loop] [N/A] ⏱ Skipping VWAP_diff_signal_1700_volume, not yet time (every 5m)
2025-04-17 18:16:00 - DEBUG - [trading_loop] [N/A] ⏱ Skipping VWAP_diff_signal_rsi_1700, not yet time (every 5m)
2025-04-17 18:16:00 - INFO - [trading_loop] [N/A] 📊 Updating SL/TP for active orders
2025-04-17 18:16:01 - INFO - [_wait_until_next_iteration] [N/A] ⏳ Sleeping for 58.94 seconds before the next cycle
2025-04-17 18:17:00 - DEBUG - [trading_loop] [N/A] ⏱ Skipping EMA_Cross_ema50, not yet time (every 5m)
2025-04-17 18:17:00 - DEBUG - [trading_loop] [N/A] ⏱ Skipping EMA_Cross_candle, not yet time (every 5m)
2025-04-17 18:17:00 - DEBUG - [trading_loop] [N/A] ⏱ Skipping VWAP_diff_signal_1700, not yet time (every 5m)
2025-04-17 18:17:00 - DEBUG - [trading_loop] [N/A] ⏱ Skipping SMA_Cross_sma50, not yet time (every 5m)
2025-04-17 18:17:00 - DEBUG - [trading_loop] [N/A] ⏱ Skipping SMA_Cross_candle, not yet time (every 5m)
2025-04-17 18:17:00 - DEBUG - [trading_loop] [N/A] ⏱ Skipping VWAP_diff_signal_1700_volume, not yet time (every 5m)
2025-04-17 18:17:00 - DEBUG - [trading_loop] [N/A] ⏱ Skipping VWAP_diff_signal_rsi_1700, not yet time (every 5m)
2025-04-17 18:17:00 - INFO - [trading_loop] [N/A] 📊 Updating SL/TP for active orders
2025-04-17 18:17:01 - INFO - [_wait_until_next_iteration] [N/A] ⏳ Sleeping for 58.93 seconds before the next cycle
2025-04-17 18:18:00 - DEBUG - [trading_loop] [N/A] ⏱ Skipping EMA_Cross_ema50, not yet time (every 5m)
2025-04-17 18:18:00 - DEBUG - [trading_loop] [N/A] ⏱ Skipping EMA_Cross_candle, not yet time (every 5m)
2025-04-17 18:18:00 - DEBUG - [trading_loop] [N/A] ⏱ Skipping VWAP_diff_signal_1700, not yet time (every 5m)
2025-04-17 18:18:00 - DEBUG - [trading_loop] [N/A] ⏱ Skipping SMA_Cross_sma50, not yet time (every 5m)
2025-04-17 18:18:00 - DEBUG - [trading_loop] [N/A] ⏱ Skipping SMA_Cross_candle, not yet time (every 5m)
2025-04-17 18:18:00 - DEBUG - [trading_loop] [N/A] ⏱ Skipping VWAP_diff_signal_1700_volume, not yet time (every 5m)
2025-04-17 18:18:00 - DEBUG - [trading_loop] [N/A] ⏱ Skipping VWAP_diff_signal_rsi_1700, not yet time (every 5m)
2025-04-17 18:18:00 - INFO - [trading_loop] [N/A] 📊 Updating SL/TP for active orders
2025-04-17 18:18:01 - INFO - [_wait_until_next_iteration] [N/A] ⏳ Sleeping for 58.92 seconds before the next cycle
2025-04-17 18:19:00 - DEBUG - [trading_loop] [N/A] ⏱ Skipping EMA_Cross_ema50, not yet time (every 5m)
2025-04-17 18:19:00 - DEBUG - [trading_loop] [N/A] ⏱ Skipping EMA_Cross_candle, not yet time (every 5m)
2025-04-17 18:19:00 - DEBUG - [trading_loop] [N/A] ⏱ Skipping VWAP_diff_signal_1700, not yet time (every 5m)
2025-04-17 18:19:00 - DEBUG - [trading_loop] [N/A] ⏱ Skipping SMA_Cross_sma50, not yet time (every 5m)
2025-04-17 18:19:00 - DEBUG - [trading_loop] [N/A] ⏱ Skipping SMA_Cross_candle, not yet time (every 5m)
2025-04-17 18:19:00 - DEBUG - [trading_loop] [N/A] ⏱ Skipping VWAP_diff_signal_1700_volume, not yet time (every 5m)
2025-04-17 18:19:00 - DEBUG - [trading_loop] [N/A] ⏱ Skipping VWAP_diff_signal_rsi_1700, not yet time (every 5m)
2025-04-17 18:19:00 - INFO - [trading_loop] [N/A] 📊 Updating SL/TP for active orders
2025-04-17 18:19:01 - INFO - [_wait_until_next_iteration] [N/A] ⏳ Sleeping for 58.93 seconds before the next cycle
2025-04-17 18:20:00 - INFO - [_run_strategy_if_applicable] [N/A] ⏰ Strategy 'EMA_Cross_ema50' not executed because it's outside the time window: 16:35:00 - 16:50:00
2025-04-17 18:20:00 - INFO - [_run_strategy_if_applicable] [N/A] ⏰ Strategy 'EMA_Cross_candle' not executed because it's outside the time window: 16:35:00 - 16:50:00
2025-04-17 18:20:00 - INFO - [_run_strategy_if_applicable] [N/A] 🔄 Starting trading loop for strategy: VWAP_diff_signal_1700
2025-04-17 18:20:00 - DEBUG - [_run_single_trading_iteration] [CZR] 🚫 Trade not allowed for CZR (limit reached)
2025-04-17 18:20:00 - INFO - [get_stock_data] [MTCH] Requesting data for MTCH
2025-04-17 18:20:00 - INFO - [get_stock_data] [MTCH] Data received for MTCH: 100 rows
2025-04-17 18:20:00 - INFO - [check_vwap_diff_signal] [MTCH] Analyzing VWAP reversal signal for MTCH
2025-04-17 18:20:00 - INFO - [check_vwap_diff_signal] [MTCH] Close: 28.97 | Low: 28.92 | High: 28.99 | VWAP: 28.860811246101573
2025-04-17 18:20:00 - DEBUG - [check_vwap_diff_signal] [MTCH] [MTCH] Last Candela: VWAP-Low=-0.21%, High-VWAP=0.45%
2025-04-17 18:20:00 - DEBUG - [check_vwap_diff_signal] [MTCH] No VWAP signal detected
2025-04-17 18:20:00 - DEBUG - [_run_single_trading_iteration] [MTCH] 🔍 Signal for MTCH: None
2025-04-17 18:20:00 - INFO - [_run_single_trading_iteration] [MTCH] ℹ️ No valid signal for MTCH
2025-04-17 18:20:00 - INFO - [get_stock_data] [NCHL] Requesting data for NCHL
2025-04-17 18:20:00 - ERROR - [get_stock_data] [NCHL] Error retrieving data: 'NoneType' object has no attribute 'empty'
2025-04-17 18:20:00 - INFO - [get_stock_data] [HBAN] Requesting data for HBAN
2025-04-17 18:20:01 - INFO - [get_stock_data] [HBAN] Data received for HBAN: 100 rows
2025-04-17 18:20:01 - INFO - [check_vwap_diff_signal] [HBAN] Analyzing VWAP reversal signal for HBAN
2025-04-17 18:20:01 - INFO - [check_vwap_diff_signal] [HBAN] Close: 13.68 | Low: 13.64 | High: 13.72 | VWAP: 13.70599409384041
2025-04-17 18:20:01 - DEBUG - [check_vwap_diff_signal] [HBAN] [HBAN] Last Candela: VWAP-Low=0.48%, High-VWAP=0.10%
2025-04-17 18:20:01 - DEBUG - [check_vwap_diff_signal] [HBAN] No VWAP signal detected
2025-04-17 18:20:01 - DEBUG - [_run_single_trading_iteration] [HBAN] 🔍 Signal for HBAN: None
2025-04-17 18:20:01 - INFO - [_run_single_trading_iteration] [HBAN] ℹ️ No valid signal for HBAN
2025-04-17 18:20:01 - INFO - [get_stock_data] [MRNA] Requesting data for MRNA
2025-04-17 18:20:01 - INFO - [get_stock_data] [MRNA] Data received for MRNA: 100 rows
2025-04-17 18:20:01 - INFO - [check_vwap_diff_signal] [MRNA] Analyzing VWAP reversal signal for MRNA
2025-04-17 18:20:01 - INFO - [check_vwap_diff_signal] [MRNA] Close: 24.92 | Low: 24.84 | High: 24.94 | VWAP: 24.959168488197083
2025-04-17 18:20:01 - DEBUG - [check_vwap_diff_signal] [MRNA] [MRNA] Last Candela: VWAP-Low=0.48%, High-VWAP=-0.08%
2025-04-17 18:20:01 - DEBUG - [check_vwap_diff_signal] [MRNA] No VWAP signal detected
2025-04-17 18:20:01 - DEBUG - [_run_single_trading_iteration] [MRNA] 🔍 Signal for MRNA: None
2025-04-17 18:20:01 - INFO - [_run_single_trading_iteration] [MRNA] ℹ️ No valid signal for MRNA
2025-04-17 18:20:01 - INFO - [get_stock_data] [WBD] Requesting data for WBD
2025-04-17 18:20:02 - INFO - [get_stock_data] [WBD] Data received for WBD: 100 rows
2025-04-17 18:20:02 - INFO - [check_vwap_diff_signal] [WBD] Analyzing VWAP reversal signal for WBD
2025-04-17 18:20:02 - INFO - [check_vwap_diff_signal] [WBD] Close: 8.05 | Low: 8.03 | High: 8.07 | VWAP: 8.041273156639978
2025-04-17 18:20:02 - DEBUG - [check_vwap_diff_signal] [WBD] [WBD] Last Candela: VWAP-Low=0.14%, High-VWAP=0.36%
2025-04-17 18:20:02 - DEBUG - [check_vwap_diff_signal] [WBD] No VWAP signal detected
2025-04-17 18:20:02 - DEBUG - [_run_single_trading_iteration] [WBD] 🔍 Signal for WBD: None
2025-04-17 18:20:02 - INFO - [_run_single_trading_iteration] [WBD] ℹ️ No valid signal for WBD
2025-04-17 18:20:02 - INFO - [get_stock_data] [CMCSA] Requesting data for CMCSA
2025-04-17 18:20:02 - INFO - [get_stock_data] [CMCSA] Data received for CMCSA: 100 rows
2025-04-17 18:20:02 - INFO - [check_vwap_diff_signal] [CMCSA] Analyzing VWAP reversal signal for CMCSA
2025-04-17 18:20:02 - INFO - [check_vwap_diff_signal] [CMCSA] Close: 34.07 | Low: 34.02 | High: 34.08 | VWAP: 33.91761894164566
2025-04-17 18:20:02 - DEBUG - [check_vwap_diff_signal] [CMCSA] [CMCSA] Last Candela: VWAP-Low=-0.30%, High-VWAP=0.48%
2025-04-17 18:20:02 - DEBUG - [check_vwap_diff_signal] [CMCSA] No VWAP signal detected
2025-04-17 18:20:02 - DEBUG - [_run_single_trading_iteration] [CMCSA] 🔍 Signal for CMCSA: None
2025-04-17 18:20:02 - INFO - [_run_single_trading_iteration] [CMCSA] ℹ️ No valid signal for CMCSA
2025-04-17 18:20:02 - INFO - [_run_strategy_if_applicable] [N/A] ⏰ Strategy 'SMA_Cross_sma50' not executed because it's outside the time window: 16:35:00 - 16:50:00
2025-04-17 18:20:02 - INFO - [_run_strategy_if_applicable] [N/A] ⏰ Strategy 'SMA_Cross_candle' not executed because it's outside the time window: 16:35:00 - 16:50:00
2025-04-17 18:20:02 - INFO - [_run_strategy_if_applicable] [N/A] 🔄 Starting trading loop for strategy: VWAP_diff_signal_1700_volume
2025-04-17 18:20:02 - INFO - [get_stock_data] [GEN] Requesting data for GEN
2025-04-17 18:20:03 - INFO - [get_stock_data] [GEN] Data received for GEN: 100 rows
2025-04-17 18:20:03 - INFO - [check_vwap_diff_signal_with_volume] [GEN] Analyzing VWAP reversal signal for GEN
2025-04-17 18:20:03 - INFO - [check_vwap_diff_signal_with_volume] [GEN] Close: 24.45 | Low: 24.41 | High: 24.46 | VWAP: 24.40107840951806 | Volume Ratio: 1.76
2025-04-17 18:20:03 - DEBUG - [check_vwap_diff_signal_with_volume] [GEN] [GEN] Last Candle: VWAP-Low=-0.04%, High-VWAP=0.24%
2025-04-17 18:20:03 - DEBUG - [check_vwap_diff_signal_with_volume] [GEN] No VWAP+VolumeRatio signal detected
2025-04-17 18:20:03 - DEBUG - [_run_single_trading_iteration] [GEN] 🔍 Signal for GEN: None
2025-04-17 18:20:03 - INFO - [_run_single_trading_iteration] [GEN] ℹ️ No valid signal for GEN
2025-04-17 18:20:03 - INFO - [get_stock_data] [HPQ] Requesting data for HPQ
2025-04-17 18:20:04 - INFO - [get_stock_data] [HPQ] Data received for HPQ: 100 rows
2025-04-17 18:20:04 - INFO - [check_vwap_diff_signal_with_volume] [HPQ] Analyzing VWAP reversal signal for HPQ
2025-04-17 18:20:04 - INFO - [check_vwap_diff_signal_with_volume] [HPQ] Close: 23.82 | Low: 23.77 | High: 23.84 | VWAP: 23.703798565139213 | Volume Ratio: 0.38
2025-04-17 18:20:04 - DEBUG - [check_vwap_diff_signal_with_volume] [HPQ] [HPQ] Last Candle: VWAP-Low=-0.28%, High-VWAP=0.57%
2025-04-17 18:20:04 - DEBUG - [check_vwap_diff_signal_with_volume] [HPQ] No VWAP+VolumeRatio signal detected
2025-04-17 18:20:04 - DEBUG - [_run_single_trading_iteration] [HPQ] 🔍 Signal for HPQ: None
2025-04-17 18:20:04 - INFO - [_run_single_trading_iteration] [HPQ] ℹ️ No valid signal for HPQ
2025-04-17 18:20:04 - INFO - [get_stock_data] [INTC] Requesting data for INTC
2025-04-17 18:20:04 - INFO - [get_stock_data] [INTC] Data received for INTC: 100 rows
2025-04-17 18:20:04 - INFO - [check_vwap_diff_signal_with_volume] [INTC] Analyzing VWAP reversal signal for INTC
2025-04-17 18:20:04 - INFO - [check_vwap_diff_signal_with_volume] [INTC] Close: 18.77 | Low: 18.7 | High: 18.78 | VWAP: 18.81172055104353 | Volume Ratio: 0.55
2025-04-17 18:20:04 - DEBUG - [check_vwap_diff_signal_with_volume] [INTC] [INTC] Last Candle: VWAP-Low=0.59%, High-VWAP=-0.17%
2025-04-17 18:20:04 - DEBUG - [check_vwap_diff_signal_with_volume] [INTC] No VWAP+VolumeRatio signal detected
2025-04-17 18:20:04 - DEBUG - [_run_single_trading_iteration] [INTC] 🔍 Signal for INTC: None
2025-04-17 18:20:04 - INFO - [_run_single_trading_iteration] [INTC] ℹ️ No valid signal for INTC
2025-04-17 18:20:04 - INFO - [get_stock_data] [RF] Requesting data for RF
2025-04-17 18:20:05 - INFO - [get_stock_data] [RF] Data received for RF: 100 rows
2025-04-17 18:20:05 - INFO - [check_vwap_diff_signal_with_volume] [RF] Analyzing VWAP reversal signal for RF
2025-04-17 18:20:05 - INFO - [check_vwap_diff_signal_with_volume] [RF] Close: 19.37 | Low: 19.22 | High: 19.37 | VWAP: 19.308402520313788 | Volume Ratio: 0.32
2025-04-17 18:20:05 - DEBUG - [check_vwap_diff_signal_with_volume] [RF] [RF] Last Candle: VWAP-Low=0.46%, High-VWAP=0.32%
2025-04-17 18:20:05 - DEBUG - [check_vwap_diff_signal_with_volume] [RF] No VWAP+VolumeRatio signal detected
2025-04-17 18:20:05 - DEBUG - [_run_single_trading_iteration] [RF] 🔍 Signal for RF: None
2025-04-17 18:20:05 - INFO - [_run_single_trading_iteration] [RF] ℹ️ No valid signal for RF
2025-04-17 18:20:05 - INFO - [_run_strategy_if_applicable] [N/A] 🔄 Starting trading loop for strategy: VWAP_diff_signal_rsi_1700
2025-04-17 18:20:05 - INFO - [get_stock_data] [IVZ] Requesting data for IVZ
2025-04-17 18:20:05 - INFO - [get_stock_data] [IVZ] Data received for IVZ: 100 rows
2025-04-17 18:20:05 - INFO - [check_vwap_diff_signal_with_rsi] [IVZ] Analyzing VWAP reversal signal for IVZ
2025-04-17 18:20:05 - INFO - [check_vwap_diff_signal_with_rsi] [IVZ] Close: 12.86 | Low: 12.81 | High: 12.87 | VWAP: 12.826367817528512 | RSI: 61.69
2025-04-17 18:20:05 - DEBUG - [check_vwap_diff_signal_with_rsi] [IVZ] [IVZ] Last Candela: VWAP-Low=0.13%, High-VWAP=0.34%
2025-04-17 18:20:05 - DEBUG - [check_vwap_diff_signal_with_rsi] [IVZ] No VWAP+RSI signal detected
2025-04-17 18:20:05 - DEBUG - [_run_single_trading_iteration] [IVZ] 🔍 Signal for IVZ: None
2025-04-17 18:20:05 - INFO - [_run_single_trading_iteration] [IVZ] ℹ️ No valid signal for IVZ
2025-04-17 18:20:05 - INFO - [get_stock_data] [FCX] Requesting data for FCX
2025-04-17 18:20:06 - INFO - [get_stock_data] [FCX] Data received for FCX: 101 rows
2025-04-17 18:20:06 - INFO - [check_vwap_diff_signal_with_rsi] [FCX] Analyzing VWAP reversal signal for FCX
2025-04-17 18:20:06 - INFO - [check_vwap_diff_signal_with_rsi] [FCX] Close: 33.02 | Low: 33.0 | High: 33.03 | VWAP: 32.98050614485843 | RSI: 52.90
2025-04-17 18:20:06 - DEBUG - [check_vwap_diff_signal_with_rsi] [FCX] [FCX] Last Candela: VWAP-Low=-0.06%, High-VWAP=0.15%
2025-04-17 18:20:06 - DEBUG - [check_vwap_diff_signal_with_rsi] [FCX] No VWAP+RSI signal detected
2025-04-17 18:20:06 - DEBUG - [_run_single_trading_iteration] [FCX] 🔍 Signal for FCX: None
2025-04-17 18:20:06 - INFO - [_run_single_trading_iteration] [FCX] ℹ️ No valid signal for FCX
2025-04-17 18:20:06 - INFO - [get_stock_data] [HST] Requesting data for HST
2025-04-17 18:20:06 - INFO - [get_stock_data] [HST] Data received for HST: 101 rows
2025-04-17 18:20:06 - INFO - [check_vwap_diff_signal_with_rsi] [HST] Analyzing VWAP reversal signal for HST
2025-04-17 18:20:06 - INFO - [check_vwap_diff_signal_with_rsi] [HST] Close: 13.69 | Low: 13.69 | High: 13.69 | VWAP: 13.679576692285039 | RSI: 62.83
2025-04-17 18:20:06 - DEBUG - [check_vwap_diff_signal_with_rsi] [HST] [HST] Last Candela: VWAP-Low=-0.08%, High-VWAP=0.08%
2025-04-17 18:20:06 - DEBUG - [check_vwap_diff_signal_with_rsi] [HST] No VWAP+RSI signal detected
2025-04-17 18:20:06 - DEBUG - [_run_single_trading_iteration] [HST] 🔍 Signal for HST: None
2025-04-17 18:20:06 - INFO - [_run_single_trading_iteration] [HST] ℹ️ No valid signal for HST
2025-04-17 18:20:06 - INFO - [get_stock_data] [IVZ] Requesting data for IVZ
2025-04-17 18:20:07 - INFO - [get_stock_data] [IVZ] Data received for IVZ: 101 rows
2025-04-17 18:20:07 - INFO - [check_vwap_diff_signal_with_rsi] [IVZ] Analyzing VWAP reversal signal for IVZ
2025-04-17 18:20:07 - INFO - [check_vwap_diff_signal_with_rsi] [IVZ] Close: 12.86 | Low: 12.86 | High: 12.86 | VWAP: 12.826367817528512 | RSI: 61.69
2025-04-17 18:20:07 - DEBUG - [check_vwap_diff_signal_with_rsi] [IVZ] [IVZ] Last Candela: VWAP-Low=-0.26%, High-VWAP=0.26%
2025-04-17 18:20:07 - DEBUG - [check_vwap_diff_signal_with_rsi] [IVZ] No VWAP+RSI signal detected
2025-04-17 18:20:07 - DEBUG - [_run_single_trading_iteration] [IVZ] 🔍 Signal for IVZ: None
2025-04-17 18:20:07 - INFO - [_run_single_trading_iteration] [IVZ] ℹ️ No valid signal for IVZ
2025-04-17 18:20:07 - INFO - [get_stock_data] [NEM] Requesting data for NEM
2025-04-17 18:20:07 - INFO - [get_stock_data] [NEM] Data received for NEM: 101 rows
2025-04-17 18:20:07 - INFO - [check_vwap_diff_signal_with_rsi] [NEM] Analyzing VWAP reversal signal for NEM
2025-04-17 18:20:07 - INFO - [check_vwap_diff_signal_with_rsi] [NEM] Close: 55.17 | Low: 55.16 | High: 55.18 | VWAP: 55.44664771960348 | RSI: 42.61
2025-04-17 18:20:07 - DEBUG - [check_vwap_diff_signal_with_rsi] [NEM] [NEM] Last Candela: VWAP-Low=0.52%, High-VWAP=-0.48%
2025-04-17 18:20:07 - DEBUG - [check_vwap_diff_signal_with_rsi] [NEM] No VWAP+RSI signal detected
2025-04-17 18:20:07 - DEBUG - [_run_single_trading_iteration] [NEM] 🔍 Signal for NEM: None
2025-04-17 18:20:07 - INFO - [_run_single_trading_iteration] [NEM] ℹ️ No valid signal for NEM
2025-04-17 18:20:07 - INFO - [get_stock_data] [LUV] Requesting data for LUV
2025-04-17 18:20:08 - INFO - [get_stock_data] [LUV] Data received for LUV: 101 rows
2025-04-17 18:20:08 - INFO - [check_vwap_diff_signal_with_rsi] [LUV] Analyzing VWAP reversal signal for LUV
2025-04-17 18:20:08 - INFO - [check_vwap_diff_signal_with_rsi] [LUV] Close: 24.65 | Low: 24.65 | High: 24.65 | VWAP: 24.58085120804339 | RSI: 51.78
2025-04-17 18:20:08 - DEBUG - [check_vwap_diff_signal_with_rsi] [LUV] [LUV] Last Candela: VWAP-Low=-0.28%, High-VWAP=0.28%
2025-04-17 18:20:08 - DEBUG - [check_vwap_diff_signal_with_rsi] [LUV] No VWAP+RSI signal detected
2025-04-17 18:20:08 - DEBUG - [_run_single_trading_iteration] [LUV] 🔍 Signal for LUV: None
2025-04-17 18:20:08 - INFO - [_run_single_trading_iteration] [LUV] ℹ️ No valid signal for LUV
2025-04-17 18:20:08 - INFO - [trading_loop] [N/A] 📊 Updating SL/TP for active orders
2025-04-17 18:20:09 - INFO - [_wait_until_next_iteration] [N/A] ⏳ Sleeping for 50.45 seconds before the next cycle
2025-04-17 18:21:00 - DEBUG - [trading_loop] [N/A] ⏱ Skipping EMA_Cross_ema50, not yet time (every 5m)
2025-04-17 18:21:00 - DEBUG - [trading_loop] [N/A] ⏱ Skipping EMA_Cross_candle, not yet time (every 5m)
2025-04-17 18:21:00 - DEBUG - [trading_loop] [N/A] ⏱ Skipping VWAP_diff_signal_1700, not yet time (every 5m)
2025-04-17 18:21:00 - DEBUG - [trading_loop] [N/A] ⏱ Skipping SMA_Cross_sma50, not yet time (every 5m)
2025-04-17 18:21:00 - DEBUG - [trading_loop] [N/A] ⏱ Skipping SMA_Cross_candle, not yet time (every 5m)
2025-04-17 18:21:00 - DEBUG - [trading_loop] [N/A] ⏱ Skipping VWAP_diff_signal_1700_volume, not yet time (every 5m)
2025-04-17 18:21:00 - DEBUG - [trading_loop] [N/A] ⏱ Skipping VWAP_diff_signal_rsi_1700, not yet time (every 5m)
2025-04-17 18:21:00 - INFO - [trading_loop] [N/A] 📊 Updating SL/TP for active orders
2025-04-17 18:21:01 - INFO - [_wait_until_next_iteration] [N/A] ⏳ Sleeping for 58.94 seconds before the next cycle
2025-04-17 18:22:00 - DEBUG - [trading_loop] [N/A] ⏱ Skipping EMA_Cross_ema50, not yet time (every 5m)
2025-04-17 18:22:00 - DEBUG - [trading_loop] [N/A] ⏱ Skipping EMA_Cross_candle, not yet time (every 5m)
2025-04-17 18:22:00 - DEBUG - [trading_loop] [N/A] ⏱ Skipping VWAP_diff_signal_1700, not yet time (every 5m)
2025-04-17 18:22:00 - DEBUG - [trading_loop] [N/A] ⏱ Skipping SMA_Cross_sma50, not yet time (every 5m)
2025-04-17 18:22:00 - DEBUG - [trading_loop] [N/A] ⏱ Skipping SMA_Cross_candle, not yet time (every 5m)
2025-04-17 18:22:00 - DEBUG - [trading_loop] [N/A] ⏱ Skipping VWAP_diff_signal_1700_volume, not yet time (every 5m)
2025-04-17 18:22:00 - DEBUG - [trading_loop] [N/A] ⏱ Skipping VWAP_diff_signal_rsi_1700, not yet time (every 5m)
2025-04-17 18:22:00 - INFO - [trading_loop] [N/A] 📊 Updating SL/TP for active orders
2025-04-17 18:22:01 - INFO - [_wait_until_next_iteration] [N/A] ⏳ Sleeping for 58.93 seconds before the next cycle
2025-04-17 18:23:00 - DEBUG - [trading_loop] [N/A] ⏱ Skipping EMA_Cross_ema50, not yet time (every 5m)
2025-04-17 18:23:00 - DEBUG - [trading_loop] [N/A] ⏱ Skipping EMA_Cross_candle, not yet time (every 5m)
2025-04-17 18:23:00 - DEBUG - [trading_loop] [N/A] ⏱ Skipping VWAP_diff_signal_1700, not yet time (every 5m)
2025-04-17 18:23:00 - DEBUG - [trading_loop] [N/A] ⏱ Skipping SMA_Cross_sma50, not yet time (every 5m)
2025-04-17 18:23:00 - DEBUG - [trading_loop] [N/A] ⏱ Skipping SMA_Cross_candle, not yet time (every 5m)
2025-04-17 18:23:00 - DEBUG - [trading_loop] [N/A] ⏱ Skipping VWAP_diff_signal_1700_volume, not yet time (every 5m)
2025-04-17 18:23:00 - DEBUG - [trading_loop] [N/A] ⏱ Skipping VWAP_diff_signal_rsi_1700, not yet time (every 5m)
2025-04-17 18:23:00 - INFO - [trading_loop] [N/A] 📊 Updating SL/TP for active orders
2025-04-17 18:23:01 - INFO - [_wait_until_next_iteration] [N/A] ⏳ Sleeping for 58.94 seconds before the next cycle
2025-04-17 18:24:00 - DEBUG - [trading_loop] [N/A] ⏱ Skipping EMA_Cross_ema50, not yet time (every 5m)
2025-04-17 18:24:00 - DEBUG - [trading_loop] [N/A] ⏱ Skipping EMA_Cross_candle, not yet time (every 5m)
2025-04-17 18:24:00 - DEBUG - [trading_loop] [N/A] ⏱ Skipping VWAP_diff_signal_1700, not yet time (every 5m)
2025-04-17 18:24:00 - DEBUG - [trading_loop] [N/A] ⏱ Skipping SMA_Cross_sma50, not yet time (every 5m)
2025-04-17 18:24:00 - DEBUG - [trading_loop] [N/A] ⏱ Skipping SMA_Cross_candle, not yet time (every 5m)
2025-04-17 18:24:00 - DEBUG - [trading_loop] [N/A] ⏱ Skipping VWAP_diff_signal_1700_volume, not yet time (every 5m)
2025-04-17 18:24:00 - DEBUG - [trading_loop] [N/A] ⏱ Skipping VWAP_diff_signal_rsi_1700, not yet time (every 5m)
2025-04-17 18:24:00 - INFO - [trading_loop] [N/A] 📊 Updating SL/TP for active orders
2025-04-17 18:24:01 - INFO - [_wait_until_next_iteration] [N/A] ⏳ Sleeping for 58.94 seconds before the next cycle
2025-04-17 18:25:00 - INFO - [_run_strategy_if_applicable] [N/A] ⏰ Strategy 'EMA_Cross_ema50' not executed because it's outside the time window: 16:35:00 - 16:50:00
2025-04-17 18:25:00 - INFO - [_run_strategy_if_applicable] [N/A] ⏰ Strategy 'EMA_Cross_candle' not executed because it's outside the time window: 16:35:00 - 16:50:00
2025-04-17 18:25:00 - INFO - [_run_strategy_if_applicable] [N/A] 🔄 Starting trading loop for strategy: VWAP_diff_signal_1700
2025-04-17 18:25:00 - DEBUG - [_run_single_trading_iteration] [CZR] 🚫 Trade not allowed for CZR (limit reached)
2025-04-17 18:25:00 - INFO - [get_stock_data] [MTCH] Requesting data for MTCH
2025-04-17 18:25:00 - INFO - [get_stock_data] [MTCH] Data received for MTCH: 101 rows
2025-04-17 18:25:00 - INFO - [check_vwap_diff_signal] [MTCH] Analyzing VWAP reversal signal for MTCH
2025-04-17 18:25:00 - INFO - [check_vwap_diff_signal] [MTCH] Close: 28.95 | Low: 28.94 | High: 28.99 | VWAP: 28.862941016105108
2025-04-17 18:25:00 - DEBUG - [check_vwap_diff_signal] [MTCH] [MTCH] Last Candela: VWAP-Low=-0.27%, High-VWAP=0.44%
2025-04-17 18:25:00 - DEBUG - [check_vwap_diff_signal] [MTCH] No VWAP signal detected
2025-04-17 18:25:00 - DEBUG - [_run_single_trading_iteration] [MTCH] 🔍 Signal for MTCH: None
2025-04-17 18:25:00 - INFO - [_run_single_trading_iteration] [MTCH] ℹ️ No valid signal for MTCH
2025-04-17 18:25:00 - INFO - [get_stock_data] [NCHL] Requesting data for NCHL
2025-04-17 18:25:00 - ERROR - [get_stock_data] [NCHL] Error retrieving data: 'NoneType' object has no attribute 'empty'
2025-04-17 18:25:00 - INFO - [get_stock_data] [HBAN] Requesting data for HBAN
2025-04-17 18:25:01 - INFO - [get_stock_data] [HBAN] Data received for HBAN: 101 rows
2025-04-17 18:25:01 - INFO - [check_vwap_diff_signal] [HBAN] Analyzing VWAP reversal signal for HBAN
2025-04-17 18:25:01 - INFO - [check_vwap_diff_signal] [HBAN] Close: 13.73 | Low: 13.67 | High: 13.75 | VWAP: 13.709012154581107
2025-04-17 18:25:01 - DEBUG - [check_vwap_diff_signal] [HBAN] [HBAN] Last Candela: VWAP-Low=0.28%, High-VWAP=0.30%
2025-04-17 18:25:01 - DEBUG - [check_vwap_diff_signal] [HBAN] No VWAP signal detected
2025-04-17 18:25:01 - DEBUG - [_run_single_trading_iteration] [HBAN] 🔍 Signal for HBAN: None
2025-04-17 18:25:01 - INFO - [_run_single_trading_iteration] [HBAN] ℹ️ No valid signal for HBAN
2025-04-17 18:25:01 - INFO - [get_stock_data] [MRNA] Requesting data for MRNA
2025-04-17 18:25:01 - INFO - [get_stock_data] [MRNA] Data received for MRNA: 101 rows
2025-04-17 18:25:01 - INFO - [check_vwap_diff_signal] [MRNA] Analyzing VWAP reversal signal for MRNA
2025-04-17 18:25:01 - INFO - [check_vwap_diff_signal] [MRNA] Close: 24.92 | Low: 24.88 | High: 24.95 | VWAP: 24.958425152099025
2025-04-17 18:25:01 - DEBUG - [check_vwap_diff_signal] [MRNA] [MRNA] Last Candela: VWAP-Low=0.31%, High-VWAP=-0.03%
2025-04-17 18:25:01 - DEBUG - [check_vwap_diff_signal] [MRNA] No VWAP signal detected
2025-04-17 18:25:01 - DEBUG - [_run_single_trading_iteration] [MRNA] 🔍 Signal for MRNA: None
2025-04-17 18:25:01 - INFO - [_run_single_trading_iteration] [MRNA] ℹ️ No valid signal for MRNA
2025-04-17 18:25:01 - INFO - [get_stock_data] [WBD] Requesting data for WBD
2025-04-17 18:25:02 - INFO - [get_stock_data] [WBD] Data received for WBD: 101 rows
2025-04-17 18:25:02 - INFO - [check_vwap_diff_signal] [WBD] Analyzing VWAP reversal signal for WBD
2025-04-17 18:25:02 - INFO - [check_vwap_diff_signal] [WBD] Close: 8.03 | Low: 8.03 | High: 8.06 | VWAP: 8.041123930335628
2025-04-17 18:25:02 - DEBUG - [check_vwap_diff_signal] [WBD] [WBD] Last Candela: VWAP-Low=0.14%, High-VWAP=0.23%
2025-04-17 18:25:02 - DEBUG - [check_vwap_diff_signal] [WBD] No VWAP signal detected
2025-04-17 18:25:02 - DEBUG - [_run_single_trading_iteration] [WBD] 🔍 Signal for WBD: None
2025-04-17 18:25:02 - INFO - [_run_single_trading_iteration] [WBD] ℹ️ No valid signal for WBD
2025-04-17 18:25:02 - INFO - [get_stock_data] [CMCSA] Requesting data for CMCSA
2025-04-17 18:25:03 - INFO - [get_stock_data] [CMCSA] Data received for CMCSA: 101 rows
2025-04-17 18:25:03 - INFO - [check_vwap_diff_signal] [CMCSA] Analyzing VWAP reversal signal for CMCSA
2025-04-17 18:25:03 - INFO - [check_vwap_diff_signal] [CMCSA] Close: 34.02 | Low: 34.0 | High: 34.07 | VWAP: 33.91899095229475
2025-04-17 18:25:03 - DEBUG - [check_vwap_diff_signal] [CMCSA] [CMCSA] Last Candela: VWAP-Low=-0.24%, High-VWAP=0.45%
2025-04-17 18:25:03 - DEBUG - [check_vwap_diff_signal] [CMCSA] No VWAP signal detected
2025-04-17 18:25:03 - DEBUG - [_run_single_trading_iteration] [CMCSA] 🔍 Signal for CMCSA: None
2025-04-17 18:25:03 - INFO - [_run_single_trading_iteration] [CMCSA] ℹ️ No valid signal for CMCSA
2025-04-17 18:25:03 - INFO - [_run_strategy_if_applicable] [N/A] ⏰ Strategy 'SMA_Cross_sma50' not executed because it's outside the time window: 16:35:00 - 16:50:00
2025-04-17 18:25:03 - INFO - [_run_strategy_if_applicable] [N/A] ⏰ Strategy 'SMA_Cross_candle' not executed because it's outside the time window: 16:35:00 - 16:50:00
2025-04-17 18:25:03 - INFO - [_run_strategy_if_applicable] [N/A] 🔄 Starting trading loop for strategy: VWAP_diff_signal_1700_volume
2025-04-17 18:25:03 - INFO - [get_stock_data] [GEN] Requesting data for GEN
2025-04-17 18:25:03 - INFO - [get_stock_data] [GEN] Data received for GEN: 101 rows
2025-04-17 18:25:03 - INFO - [check_vwap_diff_signal_with_volume] [GEN] Analyzing VWAP reversal signal for GEN
2025-04-17 18:25:03 - INFO - [check_vwap_diff_signal_with_volume] [GEN] Close: 24.42 | Low: 24.41 | High: 24.45 | VWAP: 24.401262682006262 | Volume Ratio: 0.37
2025-04-17 18:25:03 - DEBUG - [check_vwap_diff_signal_with_volume] [GEN] [GEN] Last Candle: VWAP-Low=-0.04%, High-VWAP=0.20%
2025-04-17 18:25:03 - DEBUG - [check_vwap_diff_signal_with_volume] [GEN] No VWAP+VolumeRatio signal detected
2025-04-17 18:25:03 - DEBUG - [_run_single_trading_iteration] [GEN] 🔍 Signal for GEN: None
2025-04-17 18:25:03 - INFO - [_run_single_trading_iteration] [GEN] ℹ️ No valid signal for GEN
2025-04-17 18:25:03 - INFO - [get_stock_data] [HPQ] Requesting data for HPQ
2025-04-17 18:25:04 - INFO - [get_stock_data] [HPQ] Data received for HPQ: 101 rows
2025-04-17 18:25:04 - INFO - [check_vwap_diff_signal_with_volume] [HPQ] Analyzing VWAP reversal signal for HPQ
2025-04-17 18:25:04 - INFO - [check_vwap_diff_signal_with_volume] [HPQ] Close: 23.8 | Low: 23.76 | High: 23.83 | VWAP: 23.70551840915021 | Volume Ratio: 0.50
2025-04-17 18:25:04 - DEBUG - [check_vwap_diff_signal_with_volume] [HPQ] [HPQ] Last Candle: VWAP-Low=-0.23%, High-VWAP=0.53%
2025-04-17 18:25:04 - DEBUG - [check_vwap_diff_signal_with_volume] [HPQ] No VWAP+VolumeRatio signal detected
2025-04-17 18:25:04 - DEBUG - [_run_single_trading_iteration] [HPQ] 🔍 Signal for HPQ: None
2025-04-17 18:25:04 - INFO - [_run_single_trading_iteration] [HPQ] ℹ️ No valid signal for HPQ
2025-04-17 18:25:04 - INFO - [get_stock_data] [INTC] Requesting data for INTC
2025-04-17 18:25:04 - INFO - [get_stock_data] [INTC] Data received for INTC: 101 rows
2025-04-17 18:25:04 - INFO - [check_vwap_diff_signal_with_volume] [INTC] Analyzing VWAP reversal signal for INTC
2025-04-17 18:25:04 - INFO - [check_vwap_diff_signal_with_volume] [INTC] Close: 18.76 | Low: 18.71 | High: 18.78 | VWAP: 18.811085121880684 | Volume Ratio: 0.39
2025-04-17 18:25:04 - DEBUG - [check_vwap_diff_signal_with_volume] [INTC] [INTC] Last Candle: VWAP-Low=0.54%, High-VWAP=-0.17%
2025-04-17 18:25:04 - DEBUG - [check_vwap_diff_signal_with_volume] [INTC] No VWAP+VolumeRatio signal detected
2025-04-17 18:25:04 - DEBUG - [_run_single_trading_iteration] [INTC] 🔍 Signal for INTC: None
2025-04-17 18:25:04 - INFO - [_run_single_trading_iteration] [INTC] ℹ️ No valid signal for INTC
2025-04-17 18:25:04 - INFO - [get_stock_data] [RF] Requesting data for RF
2025-04-17 18:25:05 - INFO - [get_stock_data] [RF] Data received for RF: 101 rows
2025-04-17 18:25:05 - INFO - [check_vwap_diff_signal_with_volume] [RF] Analyzing VWAP reversal signal for RF
2025-04-17 18:25:05 - INFO - [check_vwap_diff_signal_with_volume] [RF] Close: 19.29 | Low: 19.28 | High: 19.39 | VWAP: 19.30816419319466 | Volume Ratio: 0.43
2025-04-17 18:25:05 - DEBUG - [check_vwap_diff_signal_with_volume] [RF] [RF] Last Candle: VWAP-Low=0.15%, High-VWAP=0.42%
2025-04-17 18:25:05 - DEBUG - [check_vwap_diff_signal_with_volume] [RF] No VWAP+VolumeRatio signal detected
2025-04-17 18:25:05 - DEBUG - [_run_single_trading_iteration] [RF] 🔍 Signal for RF: None
2025-04-17 18:25:05 - INFO - [_run_single_trading_iteration] [RF] ℹ️ No valid signal for RF
2025-04-17 18:25:05 - INFO - [_run_strategy_if_applicable] [N/A] 🔄 Starting trading loop for strategy: VWAP_diff_signal_rsi_1700
2025-04-17 18:25:05 - INFO - [get_stock_data] [IVZ] Requesting data for IVZ
2025-04-17 18:25:05 - INFO - [get_stock_data] [IVZ] Data received for IVZ: 101 rows
2025-04-17 18:25:05 - INFO - [check_vwap_diff_signal_with_rsi] [IVZ] Analyzing VWAP reversal signal for IVZ
2025-04-17 18:25:05 - INFO - [check_vwap_diff_signal_with_rsi] [IVZ] Close: 12.84 | Low: 12.83 | High: 12.87 | VWAP: 12.826616625766873 | RSI: 58.19
2025-04-17 18:25:05 - DEBUG - [check_vwap_diff_signal_with_rsi] [IVZ] [IVZ] Last Candela: VWAP-Low=-0.03%, High-VWAP=0.34%
2025-04-17 18:25:05 - DEBUG - [check_vwap_diff_signal_with_rsi] [IVZ] No VWAP+RSI signal detected
2025-04-17 18:25:05 - DEBUG - [_run_single_trading_iteration] [IVZ] 🔍 Signal for IVZ: None
2025-04-17 18:25:05 - INFO - [_run_single_trading_iteration] [IVZ] ℹ️ No valid signal for IVZ
2025-04-17 18:25:05 - INFO - [get_stock_data] [FCX] Requesting data for FCX
2025-04-17 18:25:06 - INFO - [get_stock_data] [FCX] Data received for FCX: 102 rows
2025-04-17 18:25:06 - INFO - [check_vwap_diff_signal_with_rsi] [FCX] Analyzing VWAP reversal signal for FCX
2025-04-17 18:25:06 - INFO - [check_vwap_diff_signal_with_rsi] [FCX] Close: 33.0 | Low: 32.99 | High: 33.0 | VWAP: 32.981286602702575 | RSI: 52.23
2025-04-17 18:25:06 - DEBUG - [check_vwap_diff_signal_with_rsi] [FCX] [FCX] Last Candela: VWAP-Low=-0.03%, High-VWAP=0.06%
2025-04-17 18:25:06 - DEBUG - [check_vwap_diff_signal_with_rsi] [FCX] No VWAP+RSI signal detected
2025-04-17 18:25:06 - DEBUG - [_run_single_trading_iteration] [FCX] 🔍 Signal for FCX: None
2025-04-17 18:25:06 - INFO - [_run_single_trading_iteration] [FCX] ℹ️ No valid signal for FCX
2025-04-17 18:25:06 - INFO - [get_stock_data] [HST] Requesting data for HST
2025-04-17 18:25:06 - INFO - [get_stock_data] [HST] Data received for HST: 102 rows
2025-04-17 18:25:06 - INFO - [check_vwap_diff_signal_with_rsi] [HST] Analyzing VWAP reversal signal for HST
2025-04-17 18:25:06 - INFO - [check_vwap_diff_signal_with_rsi] [HST] Close: 13.67 | Low: 13.67 | High: 13.67 | VWAP: 13.679436628785112 | RSI: 59.50
2025-04-17 18:25:06 - DEBUG - [check_vwap_diff_signal_with_rsi] [HST] [HST] Last Candela: VWAP-Low=0.07%, High-VWAP=-0.07%
2025-04-17 18:25:06 - DEBUG - [check_vwap_diff_signal_with_rsi] [HST] No VWAP+RSI signal detected
2025-04-17 18:25:06 - DEBUG - [_run_single_trading_iteration] [HST] 🔍 Signal for HST: None
2025-04-17 18:25:06 - INFO - [_run_single_trading_iteration] [HST] ℹ️ No valid signal for HST
2025-04-17 18:25:06 - INFO - [get_stock_data] [IVZ] Requesting data for IVZ
2025-04-17 18:25:07 - INFO - [get_stock_data] [IVZ] Data received for IVZ: 102 rows
2025-04-17 18:25:07 - INFO - [check_vwap_diff_signal_with_rsi] [IVZ] Analyzing VWAP reversal signal for IVZ
2025-04-17 18:25:07 - INFO - [check_vwap_diff_signal_with_rsi] [IVZ] Close: 12.84 | Low: 12.84 | High: 12.84 | VWAP: 12.826616625766873 | RSI: 58.19
2025-04-17 18:25:07 - DEBUG - [check_vwap_diff_signal_with_rsi] [IVZ] [IVZ] Last Candela: VWAP-Low=-0.10%, High-VWAP=0.10%
2025-04-17 18:25:07 - DEBUG - [check_vwap_diff_signal_with_rsi] [IVZ] No VWAP+RSI signal detected
2025-04-17 18:25:07 - DEBUG - [_run_single_trading_iteration] [IVZ] 🔍 Signal for IVZ: None
2025-04-17 18:25:07 - INFO - [_run_single_trading_iteration] [IVZ] ℹ️ No valid signal for IVZ
2025-04-17 18:25:07 - INFO - [get_stock_data] [NEM] Requesting data for NEM
2025-04-17 18:25:08 - INFO - [get_stock_data] [NEM] Data received for NEM: 102 rows
2025-04-17 18:25:08 - INFO - [check_vwap_diff_signal_with_rsi] [NEM] Analyzing VWAP reversal signal for NEM
2025-04-17 18:25:08 - INFO - [check_vwap_diff_signal_with_rsi] [NEM] Close: 55.13 | Low: 55.13 | High: 55.13 | VWAP: 55.432089607853264 | RSI: 41.44
2025-04-17 18:25:08 - DEBUG - [check_vwap_diff_signal_with_rsi] [NEM] [NEM] Last Candela: VWAP-Low=0.54%, High-VWAP=-0.54%
2025-04-17 18:25:08 - DEBUG - [check_vwap_diff_signal_with_rsi] [NEM] No VWAP+RSI signal detected
2025-04-17 18:25:08 - DEBUG - [_run_single_trading_iteration] [NEM] 🔍 Signal for NEM: None
2025-04-17 18:25:08 - INFO - [_run_single_trading_iteration] [NEM] ℹ️ No valid signal for NEM
2025-04-17 18:25:08 - INFO - [get_stock_data] [LUV] Requesting data for LUV
2025-04-17 18:25:08 - INFO - [get_stock_data] [LUV] Data received for LUV: 102 rows
2025-04-17 18:25:08 - INFO - [check_vwap_diff_signal_with_rsi] [LUV] Analyzing VWAP reversal signal for LUV
2025-04-17 18:25:08 - INFO - [check_vwap_diff_signal_with_rsi] [LUV] Close: 24.6 | Low: 24.59 | High: 24.6 | VWAP: 24.58107902519098 | RSI: 49.01
2025-04-17 18:25:08 - DEBUG - [check_vwap_diff_signal_with_rsi] [LUV] [LUV] Last Candela: VWAP-Low=-0.04%, High-VWAP=0.08%
2025-04-17 18:25:08 - DEBUG - [check_vwap_diff_signal_with_rsi] [LUV] No VWAP+RSI signal detected
2025-04-17 18:25:08 - DEBUG - [_run_single_trading_iteration] [LUV] 🔍 Signal for LUV: None
2025-04-17 18:25:08 - INFO - [_run_single_trading_iteration] [LUV] ℹ️ No valid signal for LUV
2025-04-17 18:25:08 - INFO - [trading_loop] [N/A] 📊 Updating SL/TP for active orders
2025-04-17 18:25:09 - INFO - [_wait_until_next_iteration] [N/A] ⏳ Sleeping for 50.28 seconds before the next cycle
2025-04-17 18:26:00 - DEBUG - [trading_loop] [N/A] ⏱ Skipping EMA_Cross_ema50, not yet time (every 5m)
2025-04-17 18:26:00 - DEBUG - [trading_loop] [N/A] ⏱ Skipping EMA_Cross_candle, not yet time (every 5m)
2025-04-17 18:26:00 - DEBUG - [trading_loop] [N/A] ⏱ Skipping VWAP_diff_signal_1700, not yet time (every 5m)
2025-04-17 18:26:00 - DEBUG - [trading_loop] [N/A] ⏱ Skipping SMA_Cross_sma50, not yet time (every 5m)
2025-04-17 18:26:00 - DEBUG - [trading_loop] [N/A] ⏱ Skipping SMA_Cross_candle, not yet time (every 5m)
2025-04-17 18:26:00 - DEBUG - [trading_loop] [N/A] ⏱ Skipping VWAP_diff_signal_1700_volume, not yet time (every 5m)
2025-04-17 18:26:00 - DEBUG - [trading_loop] [N/A] ⏱ Skipping VWAP_diff_signal_rsi_1700, not yet time (every 5m)
2025-04-17 18:26:00 - INFO - [trading_loop] [N/A] 📊 Updating SL/TP for active orders
2025-04-17 18:26:01 - INFO - [_wait_until_next_iteration] [N/A] ⏳ Sleeping for 58.94 seconds before the next cycle
2025-04-17 18:27:00 - DEBUG - [trading_loop] [N/A] ⏱ Skipping EMA_Cross_ema50, not yet time (every 5m)
2025-04-17 18:27:00 - DEBUG - [trading_loop] [N/A] ⏱ Skipping EMA_Cross_candle, not yet time (every 5m)
2025-04-17 18:27:00 - DEBUG - [trading_loop] [N/A] ⏱ Skipping VWAP_diff_signal_1700, not yet time (every 5m)
2025-04-17 18:27:00 - DEBUG - [trading_loop] [N/A] ⏱ Skipping SMA_Cross_sma50, not yet time (every 5m)
2025-04-17 18:27:00 - DEBUG - [trading_loop] [N/A] ⏱ Skipping SMA_Cross_candle, not yet time (every 5m)
2025-04-17 18:27:00 - DEBUG - [trading_loop] [N/A] ⏱ Skipping VWAP_diff_signal_1700_volume, not yet time (every 5m)
2025-04-17 18:27:00 - DEBUG - [trading_loop] [N/A] ⏱ Skipping VWAP_diff_signal_rsi_1700, not yet time (every 5m)
2025-04-17 18:27:00 - INFO - [trading_loop] [N/A] 📊 Updating SL/TP for active orders
2025-04-17 18:27:01 - INFO - [_wait_until_next_iteration] [N/A] ⏳ Sleeping for 58.92 seconds before the next cycle
2025-04-17 18:28:00 - DEBUG - [trading_loop] [N/A] ⏱ Skipping EMA_Cross_ema50, not yet time (every 5m)
2025-04-17 18:28:00 - DEBUG - [trading_loop] [N/A] ⏱ Skipping EMA_Cross_candle, not yet time (every 5m)
2025-04-17 18:28:00 - DEBUG - [trading_loop] [N/A] ⏱ Skipping VWAP_diff_signal_1700, not yet time (every 5m)
2025-04-17 18:28:00 - DEBUG - [trading_loop] [N/A] ⏱ Skipping SMA_Cross_sma50, not yet time (every 5m)
2025-04-17 18:28:00 - DEBUG - [trading_loop] [N/A] ⏱ Skipping SMA_Cross_candle, not yet time (every 5m)
2025-04-17 18:28:00 - DEBUG - [trading_loop] [N/A] ⏱ Skipping VWAP_diff_signal_1700_volume, not yet time (every 5m)
2025-04-17 18:28:00 - DEBUG - [trading_loop] [N/A] ⏱ Skipping VWAP_diff_signal_rsi_1700, not yet time (every 5m)
2025-04-17 18:28:00 - INFO - [trading_loop] [N/A] 📊 Updating SL/TP for active orders
2025-04-17 18:28:01 - INFO - [_wait_until_next_iteration] [N/A] ⏳ Sleeping for 58.93 seconds before the next cycle
2025-04-17 18:29:00 - DEBUG - [trading_loop] [N/A] ⏱ Skipping EMA_Cross_ema50, not yet time (every 5m)
2025-04-17 18:29:00 - DEBUG - [trading_loop] [N/A] ⏱ Skipping EMA_Cross_candle, not yet time (every 5m)
2025-04-17 18:29:00 - DEBUG - [trading_loop] [N/A] ⏱ Skipping VWAP_diff_signal_1700, not yet time (every 5m)
2025-04-17 18:29:00 - DEBUG - [trading_loop] [N/A] ⏱ Skipping SMA_Cross_sma50, not yet time (every 5m)
2025-04-17 18:29:00 - DEBUG - [trading_loop] [N/A] ⏱ Skipping SMA_Cross_candle, not yet time (every 5m)
2025-04-17 18:29:00 - DEBUG - [trading_loop] [N/A] ⏱ Skipping VWAP_diff_signal_1700_volume, not yet time (every 5m)
2025-04-17 18:29:00 - DEBUG - [trading_loop] [N/A] ⏱ Skipping VWAP_diff_signal_rsi_1700, not yet time (every 5m)
2025-04-17 18:29:00 - INFO - [trading_loop] [N/A] 📊 Updating SL/TP for active orders
2025-04-17 18:29:01 - INFO - [_wait_until_next_iteration] [N/A] ⏳ Sleeping for 58.93 seconds before the next cycle
2025-04-17 18:30:00 - INFO - [_run_strategy_if_applicable] [N/A] ⏰ Strategy 'EMA_Cross_ema50' not executed because it's outside the time window: 16:35:00 - 16:50:00
2025-04-17 18:30:00 - INFO - [_run_strategy_if_applicable] [N/A] ⏰ Strategy 'EMA_Cross_candle' not executed because it's outside the time window: 16:35:00 - 16:50:00
2025-04-17 18:30:00 - INFO - [_run_strategy_if_applicable] [N/A] 🔄 Starting trading loop for strategy: VWAP_diff_signal_1700
2025-04-17 18:30:00 - DEBUG - [_run_single_trading_iteration] [CZR] 🚫 Trade not allowed for CZR (limit reached)
2025-04-17 18:30:00 - INFO - [get_stock_data] [MTCH] Requesting data for MTCH
2025-04-17 18:30:00 - INFO - [get_stock_data] [MTCH] Data received for MTCH: 102 rows
2025-04-17 18:30:00 - INFO - [check_vwap_diff_signal] [MTCH] Analyzing VWAP reversal signal for MTCH
2025-04-17 18:30:00 - INFO - [check_vwap_diff_signal] [MTCH] Close: 28.89 | Low: 28.87 | High: 28.94 | VWAP: 28.86350469755683
2025-04-17 18:30:00 - DEBUG - [check_vwap_diff_signal] [MTCH] [MTCH] Last Candela: VWAP-Low=-0.02%, High-VWAP=0.27%
2025-04-17 18:30:00 - DEBUG - [check_vwap_diff_signal] [MTCH] No VWAP signal detected
2025-04-17 18:30:00 - DEBUG - [_run_single_trading_iteration] [MTCH] 🔍 Signal for MTCH: None
2025-04-17 18:30:00 - INFO - [_run_single_trading_iteration] [MTCH] ℹ️ No valid signal for MTCH
2025-04-17 18:30:00 - INFO - [get_stock_data] [NCHL] Requesting data for NCHL
2025-04-17 18:30:00 - ERROR - [get_stock_data] [NCHL] Error retrieving data: 'NoneType' object has no attribute 'empty'
2025-04-17 18:30:00 - INFO - [get_stock_data] [HBAN] Requesting data for HBAN
2025-04-17 18:30:01 - INFO - [get_stock_data] [HBAN] Data received for HBAN: 102 rows
2025-04-17 18:30:01 - INFO - [check_vwap_diff_signal] [HBAN] Analyzing VWAP reversal signal for HBAN
2025-04-17 18:30:01 - INFO - [check_vwap_diff_signal] [HBAN] Close: 13.73 | Low: 13.69 | High: 13.75 | VWAP: 13.709362129247118
2025-04-17 18:30:01 - DEBUG - [check_vwap_diff_signal] [HBAN] [HBAN] Last Candela: VWAP-Low=0.14%, High-VWAP=0.30%
2025-04-17 18:30:01 - DEBUG - [check_vwap_diff_signal] [HBAN] No VWAP signal detected
2025-04-17 18:30:01 - DEBUG - [_run_single_trading_iteration] [HBAN] 🔍 Signal for HBAN: None
2025-04-17 18:30:01 - INFO - [_run_single_trading_iteration] [HBAN] ℹ️ No valid signal for HBAN
2025-04-17 18:30:01 - INFO - [get_stock_data] [MRNA] Requesting data for MRNA
2025-04-17 18:30:01 - INFO - [get_stock_data] [MRNA] Data received for MRNA: 102 rows
2025-04-17 18:30:01 - INFO - [check_vwap_diff_signal] [MRNA] Analyzing VWAP reversal signal for MRNA
2025-04-17 18:30:01 - INFO - [check_vwap_diff_signal] [MRNA] Close: 24.86 | Low: 24.84 | High: 24.95 | VWAP: 24.956695020561263
2025-04-17 18:30:01 - DEBUG - [check_vwap_diff_signal] [MRNA] [MRNA] Last Candela: VWAP-Low=0.47%, High-VWAP=-0.03%
2025-04-17 18:30:01 - DEBUG - [check_vwap_diff_signal] [MRNA] No VWAP signal detected
2025-04-17 18:30:01 - DEBUG - [_run_single_trading_iteration] [MRNA] 🔍 Signal for MRNA: None
2025-04-17 18:30:01 - INFO - [_run_single_trading_iteration] [MRNA] ℹ️ No valid signal for MRNA
2025-04-17 18:30:01 - INFO - [get_stock_data] [WBD] Requesting data for WBD
2025-04-17 18:30:02 - INFO - [get_stock_data] [WBD] Data received for WBD: 102 rows
2025-04-17 18:30:02 - INFO - [check_vwap_diff_signal] [WBD] Analyzing VWAP reversal signal for WBD
2025-04-17 18:30:02 - INFO - [check_vwap_diff_signal] [WBD] Close: 8.01 | Low: 8.0 | High: 8.04 | VWAP: 8.04081989192503
2025-04-17 18:30:02 - DEBUG - [check_vwap_diff_signal] [WBD] [WBD] Last Candela: VWAP-Low=0.51%, High-VWAP=-0.01%
2025-04-17 18:30:02 - DEBUG - [check_vwap_diff_signal] [WBD] No VWAP signal detected
2025-04-17 18:30:02 - DEBUG - [_run_single_trading_iteration] [WBD] 🔍 Signal for WBD: None
2025-04-17 18:30:02 - INFO - [_run_single_trading_iteration] [WBD] ℹ️ No valid signal for WBD
2025-04-17 18:30:02 - INFO - [get_stock_data] [CMCSA] Requesting data for CMCSA
2025-04-17 18:30:03 - INFO - [get_stock_data] [CMCSA] Data received for CMCSA: 102 rows
2025-04-17 18:30:03 - INFO - [check_vwap_diff_signal] [CMCSA] Analyzing VWAP reversal signal for CMCSA
2025-04-17 18:30:03 - INFO - [check_vwap_diff_signal] [CMCSA] Close: 33.98 | Low: 33.97 | High: 34.04 | VWAP: 33.92079958031847
2025-04-17 18:30:03 - DEBUG - [check_vwap_diff_signal] [CMCSA] [CMCSA] Last Candela: VWAP-Low=-0.15%, High-VWAP=0.35%
2025-04-17 18:30:03 - DEBUG - [check_vwap_diff_signal] [CMCSA] No VWAP signal detected
2025-04-17 18:30:03 - DEBUG - [_run_single_trading_iteration] [CMCSA] 🔍 Signal for CMCSA: None
2025-04-17 18:30:03 - INFO - [_run_single_trading_iteration] [CMCSA] ℹ️ No valid signal for CMCSA
2025-04-17 18:30:03 - INFO - [_run_strategy_if_applicable] [N/A] ⏰ Strategy 'SMA_Cross_sma50' not executed because it's outside the time window: 16:35:00 - 16:50:00
2025-04-17 18:30:03 - INFO - [_run_strategy_if_applicable] [N/A] ⏰ Strategy 'SMA_Cross_candle' not executed because it's outside the time window: 16:35:00 - 16:50:00
2025-04-17 18:30:03 - INFO - [_run_strategy_if_applicable] [N/A] 🔄 Starting trading loop for strategy: VWAP_diff_signal_1700_volume
2025-04-17 18:30:03 - INFO - [get_stock_data] [GEN] Requesting data for GEN
2025-04-17 18:30:03 - INFO - [get_stock_data] [GEN] Data received for GEN: 102 rows
2025-04-17 18:30:03 - INFO - [check_vwap_diff_signal_with_volume] [GEN] Analyzing VWAP reversal signal for GEN
2025-04-17 18:30:03 - INFO - [check_vwap_diff_signal_with_volume] [GEN] Close: 24.41 | Low: 24.4 | High: 24.43 | VWAP: 24.40135723261554 | Volume Ratio: 0.43
2025-04-17 18:30:03 - DEBUG - [check_vwap_diff_signal_with_volume] [GEN] [GEN] Last Candle: VWAP-Low=0.01%, High-VWAP=0.12%
2025-04-17 18:30:03 - DEBUG - [check_vwap_diff_signal_with_volume] [GEN] No VWAP+VolumeRatio signal detected
2025-04-17 18:30:03 - DEBUG - [_run_single_trading_iteration] [GEN] 🔍 Signal for GEN: None
2025-04-17 18:30:03 - INFO - [_run_single_trading_iteration] [GEN] ℹ️ No valid signal for GEN
2025-04-17 18:30:03 - INFO - [get_stock_data] [HPQ] Requesting data for HPQ
2025-04-17 18:30:04 - INFO - [get_stock_data] [HPQ] Data received for HPQ: 102 rows
2025-04-17 18:30:04 - INFO - [check_vwap_diff_signal_with_volume] [HPQ] Analyzing VWAP reversal signal for HPQ
2025-04-17 18:30:04 - INFO - [check_vwap_diff_signal_with_volume] [HPQ] Close: 23.73 | Low: 23.71 | High: 23.8 | VWAP: 23.706094410740995 | Volume Ratio: 0.66
2025-04-17 18:30:04 - DEBUG - [check_vwap_diff_signal_with_volume] [HPQ] [HPQ] Last Candle: VWAP-Low=-0.02%, High-VWAP=0.40%
2025-04-17 18:30:04 - DEBUG - [check_vwap_diff_signal_with_volume] [HPQ] No VWAP+VolumeRatio signal detected
2025-04-17 18:30:04 - DEBUG - [_run_single_trading_iteration] [HPQ] 🔍 Signal for HPQ: None
2025-04-17 18:30:04 - INFO - [_run_single_trading_iteration] [HPQ] ℹ️ No valid signal for HPQ
2025-04-17 18:30:04 - INFO - [get_stock_data] [INTC] Requesting data for INTC
2025-04-17 18:30:04 - INFO - [get_stock_data] [INTC] Data received for INTC: 102 rows
2025-04-17 18:30:04 - INFO - [check_vwap_diff_signal_with_volume] [INTC] Analyzing VWAP reversal signal for INTC
2025-04-17 18:30:04 - INFO - [check_vwap_diff_signal_with_volume] [INTC] Close: 18.66 | Low: 18.64 | High: 18.76 | VWAP: 18.807965225820542 | Volume Ratio: 0.67
2025-04-17 18:30:04 - DEBUG - [check_vwap_diff_signal_with_volume] [INTC] [INTC] Last Candle: VWAP-Low=0.89%, High-VWAP=-0.26%
2025-04-17 18:30:04 - DEBUG - [check_vwap_diff_signal_with_volume] [INTC] No VWAP+VolumeRatio signal detected
2025-04-17 18:30:04 - DEBUG - [_run_single_trading_iteration] [INTC] 🔍 Signal for INTC: None
2025-04-17 18:30:04 - INFO - [_run_single_trading_iteration] [INTC] ℹ️ No valid signal for INTC
2025-04-17 18:30:04 - INFO - [get_stock_data] [RF] Requesting data for RF
2025-04-17 18:30:05 - INFO - [get_stock_data] [RF] Data received for RF: 102 rows
2025-04-17 18:30:05 - INFO - [check_vwap_diff_signal_with_volume] [RF] Analyzing VWAP reversal signal for RF
2025-04-17 18:30:05 - INFO - [check_vwap_diff_signal_with_volume] [RF] Close: 19.29 | Low: 19.23 | High: 19.32 | VWAP: 19.30790296512295 | Volume Ratio: 0.50
2025-04-17 18:30:05 - DEBUG - [check_vwap_diff_signal_with_volume] [RF] [RF] Last Candle: VWAP-Low=0.40%, High-VWAP=0.06%
2025-04-17 18:30:05 - DEBUG - [check_vwap_diff_signal_with_volume] [RF] No VWAP+VolumeRatio signal detected
2025-04-17 18:30:05 - DEBUG - [_run_single_trading_iteration] [RF] 🔍 Signal for RF: None
2025-04-17 18:30:05 - INFO - [_run_single_trading_iteration] [RF] ℹ️ No valid signal for RF
2025-04-17 18:30:05 - INFO - [_run_strategy_if_applicable] [N/A] 🔄 Starting trading loop for strategy: VWAP_diff_signal_rsi_1700
2025-04-17 18:30:05 - INFO - [get_stock_data] [IVZ] Requesting data for IVZ
2025-04-17 18:30:05 - INFO - [get_stock_data] [IVZ] Data received for IVZ: 102 rows
2025-04-17 18:30:05 - INFO - [check_vwap_diff_signal_with_rsi] [IVZ] Analyzing VWAP reversal signal for IVZ
2025-04-17 18:30:05 - INFO - [check_vwap_diff_signal_with_rsi] [IVZ] Close: 12.82 | Low: 12.8 | High: 12.86 | VWAP: 12.826396681941063 | RSI: 54.83
2025-04-17 18:30:05 - DEBUG - [check_vwap_diff_signal_with_rsi] [IVZ] [IVZ] Last Candela: VWAP-Low=0.21%, High-VWAP=0.26%
2025-04-17 18:30:05 - DEBUG - [check_vwap_diff_signal_with_rsi] [IVZ] No VWAP+RSI signal detected
2025-04-17 18:30:05 - DEBUG - [_run_single_trading_iteration] [IVZ] 🔍 Signal for IVZ: None
2025-04-17 18:30:05 - INFO - [_run_single_trading_iteration] [IVZ] ℹ️ No valid signal for IVZ
2025-04-17 18:30:05 - INFO - [get_stock_data] [FCX] Requesting data for FCX
2025-04-17 18:30:06 - INFO - [get_stock_data] [FCX] Data received for FCX: 103 rows
2025-04-17 18:30:06 - INFO - [check_vwap_diff_signal_with_rsi] [FCX] Analyzing VWAP reversal signal for FCX
2025-04-17 18:30:06 - INFO - [check_vwap_diff_signal_with_rsi] [FCX] Close: 32.86 | Low: 32.85 | High: 32.87 | VWAP: 32.977737094825976 | RSI: 47.65
2025-04-17 18:30:06 - DEBUG - [check_vwap_diff_signal_with_rsi] [FCX] [FCX] Last Candela: VWAP-Low=0.39%, High-VWAP=-0.33%
2025-04-17 18:30:06 - DEBUG - [check_vwap_diff_signal_with_rsi] [FCX] No VWAP+RSI signal detected
2025-04-17 18:30:06 - DEBUG - [_run_single_trading_iteration] [FCX] 🔍 Signal for FCX: None
2025-04-17 18:30:06 - INFO - [_run_single_trading_iteration] [FCX] ℹ️ No valid signal for FCX
2025-04-17 18:30:06 - INFO - [get_stock_data] [HST] Requesting data for HST
2025-04-17 18:30:06 - INFO - [get_stock_data] [HST] Data received for HST: 103 rows
2025-04-17 18:30:06 - INFO - [check_vwap_diff_signal_with_rsi] [HST] Analyzing VWAP reversal signal for HST
2025-04-17 18:30:06 - INFO - [check_vwap_diff_signal_with_rsi] [HST] Close: 13.64 | Low: 13.64 | High: 13.64 | VWAP: 13.678947234652073 | RSI: 54.69
2025-04-17 18:30:06 - DEBUG - [check_vwap_diff_signal_with_rsi] [HST] [HST] Last Candela: VWAP-Low=0.28%, High-VWAP=-0.28%
2025-04-17 18:30:06 - DEBUG - [check_vwap_diff_signal_with_rsi] [HST] No VWAP+RSI signal detected
2025-04-17 18:30:06 - DEBUG - [_run_single_trading_iteration] [HST] 🔍 Signal for HST: None
2025-04-17 18:30:06 - INFO - [_run_single_trading_iteration] [HST] ℹ️ No valid signal for HST
2025-04-17 18:30:06 - INFO - [get_stock_data] [IVZ] Requesting data for IVZ
2025-04-17 18:30:07 - INFO - [get_stock_data] [IVZ] Data received for IVZ: 103 rows
2025-04-17 18:30:07 - INFO - [check_vwap_diff_signal_with_rsi] [IVZ] Analyzing VWAP reversal signal for IVZ
2025-04-17 18:30:07 - INFO - [check_vwap_diff_signal_with_rsi] [IVZ] Close: 12.82 | Low: 12.82 | High: 12.82 | VWAP: 12.826395164742898 | RSI: 54.83
2025-04-17 18:30:07 - DEBUG - [check_vwap_diff_signal_with_rsi] [IVZ] [IVZ] Last Candela: VWAP-Low=0.05%, High-VWAP=-0.05%
2025-04-17 18:30:07 - DEBUG - [check_vwap_diff_signal_with_rsi] [IVZ] No VWAP+RSI signal detected
2025-04-17 18:30:07 - DEBUG - [_run_single_trading_iteration] [IVZ] 🔍 Signal for IVZ: None
2025-04-17 18:30:07 - INFO - [_run_single_trading_iteration] [IVZ] ℹ️ No valid signal for IVZ
2025-04-17 18:30:07 - INFO - [get_stock_data] [NEM] Requesting data for NEM
2025-04-17 18:30:07 - INFO - [get_stock_data] [NEM] Data received for NEM: 103 rows
2025-04-17 18:30:07 - INFO - [check_vwap_diff_signal_with_rsi] [NEM] Analyzing VWAP reversal signal for NEM
2025-04-17 18:30:07 - INFO - [check_vwap_diff_signal_with_rsi] [NEM] Close: 55.0 | Low: 54.99 | High: 55.0 | VWAP: 55.4212776710697 | RSI: 38.07
2025-04-17 18:30:07 - DEBUG - [check_vwap_diff_signal_with_rsi] [NEM] [NEM] Last Candela: VWAP-Low=0.78%, High-VWAP=-0.76%
2025-04-17 18:30:07 - DEBUG - [check_vwap_diff_signal_with_rsi] [NEM] No VWAP+RSI signal detected
2025-04-17 18:30:07 - DEBUG - [_run_single_trading_iteration] [NEM] 🔍 Signal for NEM: None
2025-04-17 18:30:07 - INFO - [_run_single_trading_iteration] [NEM] ℹ️ No valid signal for NEM
2025-04-17 18:30:07 - INFO - [get_stock_data] [LUV] Requesting data for LUV
2025-04-17 18:30:08 - INFO - [get_stock_data] [LUV] Data received for LUV: 103 rows
2025-04-17 18:30:08 - INFO - [check_vwap_diff_signal_with_rsi] [LUV] Analyzing VWAP reversal signal for LUV
2025-04-17 18:30:08 - INFO - [check_vwap_diff_signal_with_rsi] [LUV] Close: 24.53 | Low: 24.51 | High: 24.53 | VWAP: 24.579004626244558 | RSI: 45.49
2025-04-17 18:30:08 - DEBUG - [check_vwap_diff_signal_with_rsi] [LUV] [LUV] Last Candela: VWAP-Low=0.28%, High-VWAP=-0.20%
2025-04-17 18:30:08 - DEBUG - [check_vwap_diff_signal_with_rsi] [LUV] No VWAP+RSI signal detected
2025-04-17 18:30:08 - DEBUG - [_run_single_trading_iteration] [LUV] 🔍 Signal for LUV: None
2025-04-17 18:30:08 - INFO - [_run_single_trading_iteration] [LUV] ℹ️ No valid signal for LUV
2025-04-17 18:30:08 - INFO - [trading_loop] [N/A] 📊 Updating SL/TP for active orders
2025-04-17 18:30:09 - INFO - [_wait_until_next_iteration] [N/A] ⏳ Sleeping for 50.48 seconds before the next cycle
2025-04-17 18:31:00 - DEBUG - [trading_loop] [N/A] ⏱ Skipping EMA_Cross_ema50, not yet time (every 5m)
2025-04-17 18:31:00 - DEBUG - [trading_loop] [N/A] ⏱ Skipping EMA_Cross_candle, not yet time (every 5m)
2025-04-17 18:31:00 - DEBUG - [trading_loop] [N/A] ⏱ Skipping VWAP_diff_signal_1700, not yet time (every 5m)
2025-04-17 18:31:00 - DEBUG - [trading_loop] [N/A] ⏱ Skipping SMA_Cross_sma50, not yet time (every 5m)
2025-04-17 18:31:00 - DEBUG - [trading_loop] [N/A] ⏱ Skipping SMA_Cross_candle, not yet time (every 5m)
2025-04-17 18:31:00 - DEBUG - [trading_loop] [N/A] ⏱ Skipping VWAP_diff_signal_1700_volume, not yet time (every 5m)
2025-04-17 18:31:00 - DEBUG - [trading_loop] [N/A] ⏱ Skipping VWAP_diff_signal_rsi_1700, not yet time (every 5m)
2025-04-17 18:31:00 - INFO - [trading_loop] [N/A] 📊 Updating SL/TP for active orders
2025-04-17 18:31:01 - INFO - [_wait_until_next_iteration] [N/A] ⏳ Sleeping for 58.94 seconds before the next cycle
2025-04-17 18:32:00 - DEBUG - [trading_loop] [N/A] ⏱ Skipping EMA_Cross_ema50, not yet time (every 5m)
2025-04-17 18:32:00 - DEBUG - [trading_loop] [N/A] ⏱ Skipping EMA_Cross_candle, not yet time (every 5m)
2025-04-17 18:32:00 - DEBUG - [trading_loop] [N/A] ⏱ Skipping VWAP_diff_signal_1700, not yet time (every 5m)
2025-04-17 18:32:00 - DEBUG - [trading_loop] [N/A] ⏱ Skipping SMA_Cross_sma50, not yet time (every 5m)
2025-04-17 18:32:00 - DEBUG - [trading_loop] [N/A] ⏱ Skipping SMA_Cross_candle, not yet time (every 5m)
2025-04-17 18:32:00 - DEBUG - [trading_loop] [N/A] ⏱ Skipping VWAP_diff_signal_1700_volume, not yet time (every 5m)
2025-04-17 18:32:00 - DEBUG - [trading_loop] [N/A] ⏱ Skipping VWAP_diff_signal_rsi_1700, not yet time (every 5m)
2025-04-17 18:32:00 - INFO - [trading_loop] [N/A] 📊 Updating SL/TP for active orders
2025-04-17 18:32:01 - INFO - [_wait_until_next_iteration] [N/A] ⏳ Sleeping for 58.93 seconds before the next cycle
2025-04-17 18:33:00 - DEBUG - [trading_loop] [N/A] ⏱ Skipping EMA_Cross_ema50, not yet time (every 5m)
2025-04-17 18:33:00 - DEBUG - [trading_loop] [N/A] ⏱ Skipping EMA_Cross_candle, not yet time (every 5m)
2025-04-17 18:33:00 - DEBUG - [trading_loop] [N/A] ⏱ Skipping VWAP_diff_signal_1700, not yet time (every 5m)
2025-04-17 18:33:00 - DEBUG - [trading_loop] [N/A] ⏱ Skipping SMA_Cross_sma50, not yet time (every 5m)
2025-04-17 18:33:00 - DEBUG - [trading_loop] [N/A] ⏱ Skipping SMA_Cross_candle, not yet time (every 5m)
2025-04-17 18:33:00 - DEBUG - [trading_loop] [N/A] ⏱ Skipping VWAP_diff_signal_1700_volume, not yet time (every 5m)
2025-04-17 18:33:00 - DEBUG - [trading_loop] [N/A] ⏱ Skipping VWAP_diff_signal_rsi_1700, not yet time (every 5m)
2025-04-17 18:33:00 - INFO - [trading_loop] [N/A] 📊 Updating SL/TP for active orders
2025-04-17 18:33:01 - INFO - [_wait_until_next_iteration] [N/A] ⏳ Sleeping for 58.93 seconds before the next cycle
2025-04-17 18:34:00 - DEBUG - [trading_loop] [N/A] ⏱ Skipping EMA_Cross_ema50, not yet time (every 5m)
2025-04-17 18:34:00 - DEBUG - [trading_loop] [N/A] ⏱ Skipping EMA_Cross_candle, not yet time (every 5m)
2025-04-17 18:34:00 - DEBUG - [trading_loop] [N/A] ⏱ Skipping VWAP_diff_signal_1700, not yet time (every 5m)
2025-04-17 18:34:00 - DEBUG - [trading_loop] [N/A] ⏱ Skipping SMA_Cross_sma50, not yet time (every 5m)
2025-04-17 18:34:00 - DEBUG - [trading_loop] [N/A] ⏱ Skipping SMA_Cross_candle, not yet time (every 5m)
2025-04-17 18:34:00 - DEBUG - [trading_loop] [N/A] ⏱ Skipping VWAP_diff_signal_1700_volume, not yet time (every 5m)
2025-04-17 18:34:00 - DEBUG - [trading_loop] [N/A] ⏱ Skipping VWAP_diff_signal_rsi_1700, not yet time (every 5m)
2025-04-17 18:34:00 - INFO - [trading_loop] [N/A] 📊 Updating SL/TP for active orders
2025-04-17 18:34:01 - INFO - [_wait_until_next_iteration] [N/A] ⏳ Sleeping for 58.93 seconds before the next cycle
2025-04-17 18:35:00 - INFO - [_run_strategy_if_applicable] [N/A] ⏰ Strategy 'EMA_Cross_ema50' not executed because it's outside the time window: 16:35:00 - 16:50:00
2025-04-17 18:35:00 - INFO - [_run_strategy_if_applicable] [N/A] ⏰ Strategy 'EMA_Cross_candle' not executed because it's outside the time window: 16:35:00 - 16:50:00
2025-04-17 18:35:00 - INFO - [_run_strategy_if_applicable] [N/A] 🔄 Starting trading loop for strategy: VWAP_diff_signal_1700
2025-04-17 18:35:00 - DEBUG - [_run_single_trading_iteration] [CZR] 🚫 Trade not allowed for CZR (limit reached)
2025-04-17 18:35:00 - INFO - [get_stock_data] [MTCH] Requesting data for MTCH
2025-04-17 18:35:00 - INFO - [get_stock_data] [MTCH] Data received for MTCH: 103 rows
2025-04-17 18:35:00 - INFO - [check_vwap_diff_signal] [MTCH] Analyzing VWAP reversal signal for MTCH
2025-04-17 18:35:00 - INFO - [check_vwap_diff_signal] [MTCH] Close: 28.96 | Low: 28.88 | High: 28.97 | VWAP: 28.866435813478937
2025-04-17 18:35:00 - DEBUG - [check_vwap_diff_signal] [MTCH] [MTCH] Last Candela: VWAP-Low=-0.05%, High-VWAP=0.36%
2025-04-17 18:35:00 - DEBUG - [check_vwap_diff_signal] [MTCH] No VWAP signal detected
2025-04-17 18:35:00 - DEBUG - [_run_single_trading_iteration] [MTCH] 🔍 Signal for MTCH: None
2025-04-17 18:35:00 - INFO - [_run_single_trading_iteration] [MTCH] ℹ️ No valid signal for MTCH
2025-04-17 18:35:00 - INFO - [get_stock_data] [NCHL] Requesting data for NCHL
2025-04-17 18:35:00 - ERROR - [get_stock_data] [NCHL] Error retrieving data: 'NoneType' object has no attribute 'empty'
2025-04-17 18:35:00 - INFO - [get_stock_data] [HBAN] Requesting data for HBAN
2025-04-17 18:35:01 - INFO - [get_stock_data] [HBAN] Data received for HBAN: 103 rows
2025-04-17 18:35:01 - INFO - [check_vwap_diff_signal] [HBAN] Analyzing VWAP reversal signal for HBAN
2025-04-17 18:35:01 - INFO - [check_vwap_diff_signal] [HBAN] Close: 13.79 | Low: 13.72 | High: 13.8 | VWAP: 13.710288475340636
2025-04-17 18:35:01 - DEBUG - [check_vwap_diff_signal] [HBAN] [HBAN] Last Candela: VWAP-Low=-0.07%, High-VWAP=0.65%
2025-04-17 18:35:01 - DEBUG - [check_vwap_diff_signal] [HBAN] No VWAP signal detected
2025-04-17 18:35:01 - DEBUG - [_run_single_trading_iteration] [HBAN] 🔍 Signal for HBAN: None
2025-04-17 18:35:01 - INFO - [_run_single_trading_iteration] [HBAN] ℹ️ No valid signal for HBAN
2025-04-17 18:35:01 - INFO - [get_stock_data] [MRNA] Requesting data for MRNA
2025-04-17 18:35:01 - INFO - [get_stock_data] [MRNA] Data received for MRNA: 103 rows
2025-04-17 18:35:01 - INFO - [check_vwap_diff_signal] [MRNA] Analyzing VWAP reversal signal for MRNA
2025-04-17 18:35:01 - INFO - [check_vwap_diff_signal] [MRNA] Close: 24.92 | Low: 24.85 | High: 24.96 | VWAP: 24.95606442110645
2025-04-17 18:35:01 - DEBUG - [check_vwap_diff_signal] [MRNA] [MRNA] Last Candela: VWAP-Low=0.43%, High-VWAP=0.02%
2025-04-17 18:35:01 - DEBUG - [check_vwap_diff_signal] [MRNA] No VWAP signal detected
2025-04-17 18:35:01 - DEBUG - [_run_single_trading_iteration] [MRNA] 🔍 Signal for MRNA: None
2025-04-17 18:35:01 - INFO - [_run_single_trading_iteration] [MRNA] ℹ️ No valid signal for MRNA
2025-04-17 18:35:01 - INFO - [get_stock_data] [WBD] Requesting data for WBD
2025-04-17 18:35:02 - INFO - [get_stock_data] [WBD] Data received for WBD: 103 rows
2025-04-17 18:35:02 - INFO - [check_vwap_diff_signal] [WBD] Analyzing VWAP reversal signal for WBD
2025-04-17 18:35:02 - INFO - [check_vwap_diff_signal] [WBD] Close: 8.02 | Low: 8.0 | High: 8.03 | VWAP: 8.040619437043016
2025-04-17 18:35:02 - DEBUG - [check_vwap_diff_signal] [WBD] [WBD] Last Candela: VWAP-Low=0.51%, High-VWAP=-0.13%
2025-04-17 18:35:02 - DEBUG - [check_vwap_diff_signal] [WBD] No VWAP signal detected
2025-04-17 18:35:02 - DEBUG - [_run_single_trading_iteration] [WBD] 🔍 Signal for WBD: None
2025-04-17 18:35:02 - INFO - [_run_single_trading_iteration] [WBD] ℹ️ No valid signal for WBD
2025-04-17 18:35:02 - INFO - [get_stock_data] [CMCSA] Requesting data for CMCSA
2025-04-17 18:35:02 - INFO - [get_stock_data] [CMCSA] Data received for CMCSA: 103 rows
2025-04-17 18:35:02 - INFO - [check_vwap_diff_signal] [CMCSA] Analyzing VWAP reversal signal for CMCSA
2025-04-17 18:35:02 - INFO - [check_vwap_diff_signal] [CMCSA] Close: 34.04 | Low: 33.97 | High: 34.05 | VWAP: 33.92286593019258
2025-04-17 18:35:02 - DEBUG - [check_vwap_diff_signal] [CMCSA] [CMCSA] Last Candela: VWAP-Low=-0.14%, High-VWAP=0.37%
2025-04-17 18:35:02 - DEBUG - [check_vwap_diff_signal] [CMCSA] No VWAP signal detected
2025-04-17 18:35:02 - DEBUG - [_run_single_trading_iteration] [CMCSA] 🔍 Signal for CMCSA: None
2025-04-17 18:35:02 - INFO - [_run_single_trading_iteration] [CMCSA] ℹ️ No valid signal for CMCSA
2025-04-17 18:35:02 - INFO - [_run_strategy_if_applicable] [N/A] ⏰ Strategy 'SMA_Cross_sma50' not executed because it's outside the time window: 16:35:00 - 16:50:00
2025-04-17 18:35:02 - INFO - [_run_strategy_if_applicable] [N/A] ⏰ Strategy 'SMA_Cross_candle' not executed because it's outside the time window: 16:35:00 - 16:50:00
2025-04-17 18:35:02 - INFO - [_run_strategy_if_applicable] [N/A] 🔄 Starting trading loop for strategy: VWAP_diff_signal_1700_volume
2025-04-17 18:35:02 - INFO - [get_stock_data] [GEN] Requesting data for GEN
2025-04-17 18:35:03 - INFO - [get_stock_data] [GEN] Data received for GEN: 103 rows
2025-04-17 18:35:03 - INFO - [check_vwap_diff_signal_with_volume] [GEN] Analyzing VWAP reversal signal for GEN
2025-04-17 18:35:03 - INFO - [check_vwap_diff_signal_with_volume] [GEN] Close: 24.44 | Low: 24.41 | High: 24.48 | VWAP: 24.40230846327957 | Volume Ratio: 1.02
2025-04-17 18:35:03 - DEBUG - [check_vwap_diff_signal_with_volume] [GEN] [GEN] Last Candle: VWAP-Low=-0.03%, High-VWAP=0.32%
2025-04-17 18:35:03 - DEBUG - [check_vwap_diff_signal_with_volume] [GEN] No VWAP+VolumeRatio signal detected
2025-04-17 18:35:03 - DEBUG - [_run_single_trading_iteration] [GEN] 🔍 Signal for GEN: None
2025-04-17 18:35:03 - INFO - [_run_single_trading_iteration] [GEN] ℹ️ No valid signal for GEN
2025-04-17 18:35:03 - INFO - [get_stock_data] [HPQ] Requesting data for HPQ
2025-04-17 18:35:04 - INFO - [get_stock_data] [HPQ] Data received for HPQ: 103 rows
2025-04-17 18:35:04 - INFO - [check_vwap_diff_signal_with_volume] [HPQ] Analyzing VWAP reversal signal for HPQ
2025-04-17 18:35:04 - INFO - [check_vwap_diff_signal_with_volume] [HPQ] Close: 23.77 | Low: 23.72 | High: 23.81 | VWAP: 23.706780516977393 | Volume Ratio: 0.31
2025-04-17 18:35:04 - DEBUG - [check_vwap_diff_signal_with_volume] [HPQ] [HPQ] Last Candle: VWAP-Low=-0.06%, High-VWAP=0.44%
2025-04-17 18:35:04 - DEBUG - [check_vwap_diff_signal_with_volume] [HPQ] No VWAP+VolumeRatio signal detected
2025-04-17 18:35:04 - DEBUG - [_run_single_trading_iteration] [HPQ] 🔍 Signal for HPQ: None
2025-04-17 18:35:04 - INFO - [_run_single_trading_iteration] [HPQ] ℹ️ No valid signal for HPQ
2025-04-17 18:35:04 - INFO - [get_stock_data] [INTC] Requesting data for INTC
2025-04-17 18:35:04 - INFO - [get_stock_data] [INTC] Data received for INTC: 103 rows
2025-04-17 18:35:04 - INFO - [check_vwap_diff_signal_with_volume] [INTC] Analyzing VWAP reversal signal for INTC
2025-04-17 18:35:04 - INFO - [check_vwap_diff_signal_with_volume] [INTC] Close: 18.7 | Low: 18.63 | High: 18.75 | VWAP: 18.804997846214537 | Volume Ratio: 0.91
2025-04-17 18:35:04 - DEBUG - [check_vwap_diff_signal_with_volume] [INTC] [INTC] Last Candle: VWAP-Low=0.93%, High-VWAP=-0.29%
2025-04-17 18:35:04 - DEBUG - [check_vwap_diff_signal_with_volume] [INTC] No VWAP+VolumeRatio signal detected
2025-04-17 18:35:04 - DEBUG - [_run_single_trading_iteration] [INTC] 🔍 Signal for INTC: None
2025-04-17 18:35:04 - INFO - [_run_single_trading_iteration] [INTC] ℹ️ No valid signal for INTC
2025-04-17 18:35:04 - INFO - [get_stock_data] [RF] Requesting data for RF
2025-04-17 18:35:05 - INFO - [get_stock_data] [RF] Data received for RF: 103 rows
2025-04-17 18:35:05 - INFO - [check_vwap_diff_signal_with_volume] [RF] Analyzing VWAP reversal signal for RF
2025-04-17 18:35:05 - INFO - [check_vwap_diff_signal_with_volume] [RF] Close: 19.3 | Low: 19.29 | High: 19.33 | VWAP: 19.307857278421338 | Volume Ratio: 0.23
2025-04-17 18:35:05 - DEBUG - [check_vwap_diff_signal_with_volume] [RF] [RF] Last Candle: VWAP-Low=0.09%, High-VWAP=0.11%
2025-04-17 18:35:05 - DEBUG - [check_vwap_diff_signal_with_volume] [RF] No VWAP+VolumeRatio signal detected
2025-04-17 18:35:05 - DEBUG - [_run_single_trading_iteration] [RF] 🔍 Signal for RF: None
2025-04-17 18:35:05 - INFO - [_run_single_trading_iteration] [RF] ℹ️ No valid signal for RF
2025-04-17 18:35:05 - INFO - [_run_strategy_if_applicable] [N/A] 🔄 Starting trading loop for strategy: VWAP_diff_signal_rsi_1700
2025-04-17 18:35:05 - INFO - [get_stock_data] [IVZ] Requesting data for IVZ
2025-04-17 18:35:05 - INFO - [get_stock_data] [IVZ] Data received for IVZ: 103 rows
2025-04-17 18:35:05 - INFO - [check_vwap_diff_signal_with_rsi] [IVZ] Analyzing VWAP reversal signal for IVZ
2025-04-17 18:35:05 - INFO - [check_vwap_diff_signal_with_rsi] [IVZ] Close: 12.84 | Low: 12.82 | High: 12.87 | VWAP: 12.826636691821143 | RSI: 57.47
2025-04-17 18:35:05 - DEBUG - [check_vwap_diff_signal_with_rsi] [IVZ] [IVZ] Last Candela: VWAP-Low=0.05%, High-VWAP=0.34%
2025-04-17 18:35:05 - DEBUG - [check_vwap_diff_signal_with_rsi] [IVZ] No VWAP+RSI signal detected
2025-04-17 18:35:05 - DEBUG - [_run_single_trading_iteration] [IVZ] 🔍 Signal for IVZ: None
2025-04-17 18:35:05 - INFO - [_run_single_trading_iteration] [IVZ] ℹ️ No valid signal for IVZ
2025-04-17 18:35:05 - INFO - [get_stock_data] [FCX] Requesting data for FCX
2025-04-17 18:35:06 - INFO - [get_stock_data] [FCX] Data received for FCX: 104 rows
2025-04-17 18:35:06 - INFO - [check_vwap_diff_signal_with_rsi] [FCX] Analyzing VWAP reversal signal for FCX
2025-04-17 18:35:06 - INFO - [check_vwap_diff_signal_with_rsi] [FCX] Close: 32.9 | Low: 32.9 | High: 32.91 | VWAP: 32.97626605187039 | RSI: 49.02
2025-04-17 18:35:06 - DEBUG - [check_vwap_diff_signal_with_rsi] [FCX] [FCX] Last Candela: VWAP-Low=0.23%, High-VWAP=-0.20%
2025-04-17 18:35:06 - DEBUG - [check_vwap_diff_signal_with_rsi] [FCX] No VWAP+RSI signal detected
2025-04-17 18:35:06 - DEBUG - [_run_single_trading_iteration] [FCX] 🔍 Signal for FCX: None
2025-04-17 18:35:06 - INFO - [_run_single_trading_iteration] [FCX] ℹ️ No valid signal for FCX
2025-04-17 18:35:06 - INFO - [get_stock_data] [HST] Requesting data for HST
2025-04-17 18:35:07 - INFO - [get_stock_data] [HST] Data received for HST: 104 rows
2025-04-17 18:35:07 - INFO - [check_vwap_diff_signal_with_rsi] [HST] Analyzing VWAP reversal signal for HST
2025-04-17 18:35:07 - INFO - [check_vwap_diff_signal_with_rsi] [HST] Close: 13.67 | Low: 13.67 | High: 13.67 | VWAP: 13.678968084840369 | RSI: 58.12
2025-04-17 18:35:07 - DEBUG - [check_vwap_diff_signal_with_rsi] [HST] [HST] Last Candela: VWAP-Low=0.07%, High-VWAP=-0.07%
2025-04-17 18:35:07 - DEBUG - [check_vwap_diff_signal_with_rsi] [HST] No VWAP+RSI signal detected
2025-04-17 18:35:07 - DEBUG - [_run_single_trading_iteration] [HST] 🔍 Signal for HST: None
2025-04-17 18:35:07 - INFO - [_run_single_trading_iteration] [HST] ℹ️ No valid signal for HST
2025-04-17 18:35:07 - INFO - [get_stock_data] [IVZ] Requesting data for IVZ
2025-04-17 18:35:07 - INFO - [get_stock_data] [IVZ] Data received for IVZ: 104 rows
2025-04-17 18:35:07 - INFO - [check_vwap_diff_signal_with_rsi] [IVZ] Analyzing VWAP reversal signal for IVZ
2025-04-17 18:35:07 - INFO - [check_vwap_diff_signal_with_rsi] [IVZ] Close: 12.84 | Low: 12.84 | High: 12.84 | VWAP: 12.826636691821143 | RSI: 57.47
2025-04-17 18:35:07 - DEBUG - [check_vwap_diff_signal_with_rsi] [IVZ] [IVZ] Last Candela: VWAP-Low=-0.10%, High-VWAP=0.10%
2025-04-17 18:35:07 - DEBUG - [check_vwap_diff_signal_with_rsi] [IVZ] No VWAP+RSI signal detected
2025-04-17 18:35:07 - DEBUG - [_run_single_trading_iteration] [IVZ] 🔍 Signal for IVZ: None
2025-04-17 18:35:07 - INFO - [_run_single_trading_iteration] [IVZ] ℹ️ No valid signal for IVZ
2025-04-17 18:35:07 - INFO - [get_stock_data] [NEM] Requesting data for NEM
2025-04-17 18:35:08 - INFO - [get_stock_data] [NEM] Data received for NEM: 104 rows
2025-04-17 18:35:08 - INFO - [check_vwap_diff_signal_with_rsi] [NEM] Analyzing VWAP reversal signal for NEM
2025-04-17 18:35:08 - INFO - [check_vwap_diff_signal_with_rsi] [NEM] Close: 54.88 | Low: 54.88 | High: 54.88 | VWAP: 55.40310195954033 | RSI: 35.23
2025-04-17 18:35:08 - DEBUG - [check_vwap_diff_signal_with_rsi] [NEM] [NEM] Last Candela: VWAP-Low=0.94%, High-VWAP=-0.94%
2025-04-17 18:35:08 - DEBUG - [check_vwap_diff_signal_with_rsi] [NEM] No VWAP+RSI signal detected
2025-04-17 18:35:08 - DEBUG - [_run_single_trading_iteration] [NEM] 🔍 Signal for NEM: None
2025-04-17 18:35:08 - INFO - [_run_single_trading_iteration] [NEM] ℹ️ No valid signal for NEM
2025-04-17 18:35:08 - INFO - [get_stock_data] [LUV] Requesting data for LUV
2025-04-17 18:35:08 - INFO - [get_stock_data] [LUV] Data received for LUV: 104 rows
2025-04-17 18:35:08 - INFO - [check_vwap_diff_signal_with_rsi] [LUV] Analyzing VWAP reversal signal for LUV
2025-04-17 18:35:08 - INFO - [check_vwap_diff_signal_with_rsi] [LUV] Close: 24.65 | Low: 24.65 | High: 24.65 | VWAP: 24.581108091479003 | RSI: 52.04
2025-04-17 18:35:08 - DEBUG - [check_vwap_diff_signal_with_rsi] [LUV] [LUV] Last Candela: VWAP-Low=-0.28%, High-VWAP=0.28%
2025-04-17 18:35:08 - DEBUG - [check_vwap_diff_signal_with_rsi] [LUV] No VWAP+RSI signal detected
2025-04-17 18:35:08 - DEBUG - [_run_single_trading_iteration] [LUV] 🔍 Signal for LUV: None
2025-04-17 18:35:08 - INFO - [_run_single_trading_iteration] [LUV] ℹ️ No valid signal for LUV
2025-04-17 18:35:08 - INFO - [trading_loop] [N/A] 📊 Updating SL/TP for active orders
2025-04-17 18:35:09 - INFO - [_wait_until_next_iteration] [N/A] ⏳ Sleeping for 50.33 seconds before the next cycle
2025-04-17 18:36:00 - DEBUG - [trading_loop] [N/A] ⏱ Skipping EMA_Cross_ema50, not yet time (every 5m)
2025-04-17 18:36:00 - DEBUG - [trading_loop] [N/A] ⏱ Skipping EMA_Cross_candle, not yet time (every 5m)
2025-04-17 18:36:00 - DEBUG - [trading_loop] [N/A] ⏱ Skipping VWAP_diff_signal_1700, not yet time (every 5m)
2025-04-17 18:36:00 - DEBUG - [trading_loop] [N/A] ⏱ Skipping SMA_Cross_sma50, not yet time (every 5m)
2025-04-17 18:36:00 - DEBUG - [trading_loop] [N/A] ⏱ Skipping SMA_Cross_candle, not yet time (every 5m)
2025-04-17 18:36:00 - DEBUG - [trading_loop] [N/A] ⏱ Skipping VWAP_diff_signal_1700_volume, not yet time (every 5m)
2025-04-17 18:36:00 - DEBUG - [trading_loop] [N/A] ⏱ Skipping VWAP_diff_signal_rsi_1700, not yet time (every 5m)
2025-04-17 18:36:00 - INFO - [trading_loop] [N/A] 📊 Updating SL/TP for active orders
2025-04-17 18:36:01 - INFO - [_wait_until_next_iteration] [N/A] ⏳ Sleeping for 58.94 seconds before the next cycle
2025-04-17 18:37:00 - DEBUG - [trading_loop] [N/A] ⏱ Skipping EMA_Cross_ema50, not yet time (every 5m)
2025-04-17 18:37:00 - DEBUG - [trading_loop] [N/A] ⏱ Skipping EMA_Cross_candle, not yet time (every 5m)
2025-04-17 18:37:00 - DEBUG - [trading_loop] [N/A] ⏱ Skipping VWAP_diff_signal_1700, not yet time (every 5m)
2025-04-17 18:37:00 - DEBUG - [trading_loop] [N/A] ⏱ Skipping SMA_Cross_sma50, not yet time (every 5m)
2025-04-17 18:37:00 - DEBUG - [trading_loop] [N/A] ⏱ Skipping SMA_Cross_candle, not yet time (every 5m)
2025-04-17 18:37:00 - DEBUG - [trading_loop] [N/A] ⏱ Skipping VWAP_diff_signal_1700_volume, not yet time (every 5m)
2025-04-17 18:37:00 - DEBUG - [trading_loop] [N/A] ⏱ Skipping VWAP_diff_signal_rsi_1700, not yet time (every 5m)
2025-04-17 18:37:00 - INFO - [trading_loop] [N/A] 📊 Updating SL/TP for active orders
2025-04-17 18:37:01 - INFO - [_wait_until_next_iteration] [N/A] ⏳ Sleeping for 58.93 seconds before the next cycle
2025-04-17 18:38:00 - DEBUG - [trading_loop] [N/A] ⏱ Skipping EMA_Cross_ema50, not yet time (every 5m)
2025-04-17 18:38:00 - DEBUG - [trading_loop] [N/A] ⏱ Skipping EMA_Cross_candle, not yet time (every 5m)
2025-04-17 18:38:00 - DEBUG - [trading_loop] [N/A] ⏱ Skipping VWAP_diff_signal_1700, not yet time (every 5m)
2025-04-17 18:38:00 - DEBUG - [trading_loop] [N/A] ⏱ Skipping SMA_Cross_sma50, not yet time (every 5m)
2025-04-17 18:38:00 - DEBUG - [trading_loop] [N/A] ⏱ Skipping SMA_Cross_candle, not yet time (every 5m)
2025-04-17 18:38:00 - DEBUG - [trading_loop] [N/A] ⏱ Skipping VWAP_diff_signal_1700_volume, not yet time (every 5m)
2025-04-17 18:38:00 - DEBUG - [trading_loop] [N/A] ⏱ Skipping VWAP_diff_signal_rsi_1700, not yet time (every 5m)
2025-04-17 18:38:00 - INFO - [trading_loop] [N/A] 📊 Updating SL/TP for active orders
2025-04-17 18:38:01 - INFO - [_wait_until_next_iteration] [N/A] ⏳ Sleeping for 58.93 seconds before the next cycle
2025-04-17 18:39:00 - DEBUG - [trading_loop] [N/A] ⏱ Skipping EMA_Cross_ema50, not yet time (every 5m)
2025-04-17 18:39:00 - DEBUG - [trading_loop] [N/A] ⏱ Skipping EMA_Cross_candle, not yet time (every 5m)
2025-04-17 18:39:00 - DEBUG - [trading_loop] [N/A] ⏱ Skipping VWAP_diff_signal_1700, not yet time (every 5m)
2025-04-17 18:39:00 - DEBUG - [trading_loop] [N/A] ⏱ Skipping SMA_Cross_sma50, not yet time (every 5m)
2025-04-17 18:39:00 - DEBUG - [trading_loop] [N/A] ⏱ Skipping SMA_Cross_candle, not yet time (every 5m)
2025-04-17 18:39:00 - DEBUG - [trading_loop] [N/A] ⏱ Skipping VWAP_diff_signal_1700_volume, not yet time (every 5m)
2025-04-17 18:39:00 - DEBUG - [trading_loop] [N/A] ⏱ Skipping VWAP_diff_signal_rsi_1700, not yet time (every 5m)
2025-04-17 18:39:00 - INFO - [trading_loop] [N/A] 📊 Updating SL/TP for active orders
2025-04-17 18:39:01 - INFO - [_wait_until_next_iteration] [N/A] ⏳ Sleeping for 58.93 seconds before the next cycle
2025-04-17 18:40:00 - INFO - [_run_strategy_if_applicable] [N/A] ⏰ Strategy 'EMA_Cross_ema50' not executed because it's outside the time window: 16:35:00 - 16:50:00
2025-04-17 18:40:00 - INFO - [_run_strategy_if_applicable] [N/A] ⏰ Strategy 'EMA_Cross_candle' not executed because it's outside the time window: 16:35:00 - 16:50:00
2025-04-17 18:40:00 - INFO - [_run_strategy_if_applicable] [N/A] 🔄 Starting trading loop for strategy: VWAP_diff_signal_1700
2025-04-17 18:40:00 - DEBUG - [_run_single_trading_iteration] [CZR] 🚫 Trade not allowed for CZR (limit reached)
2025-04-17 18:40:00 - INFO - [get_stock_data] [MTCH] Requesting data for MTCH
2025-04-17 18:40:00 - INFO - [get_stock_data] [MTCH] Data received for MTCH: 104 rows
2025-04-17 18:40:00 - INFO - [check_vwap_diff_signal] [MTCH] Analyzing VWAP reversal signal for MTCH
2025-04-17 18:40:00 - INFO - [check_vwap_diff_signal] [MTCH] Close: 28.99 | Low: 28.92 | High: 29.03 | VWAP: 28.871645741203025
2025-04-17 18:40:00 - DEBUG - [check_vwap_diff_signal] [MTCH] [MTCH] Last Candela: VWAP-Low=-0.17%, High-VWAP=0.55%
2025-04-17 18:40:00 - DEBUG - [check_vwap_diff_signal] [MTCH] No VWAP signal detected
2025-04-17 18:40:00 - DEBUG - [_run_single_trading_iteration] [MTCH] 🔍 Signal for MTCH: None
2025-04-17 18:40:00 - INFO - [_run_single_trading_iteration] [MTCH] ℹ️ No valid signal for MTCH
2025-04-17 18:40:00 - INFO - [get_stock_data] [NCHL] Requesting data for NCHL
2025-04-17 18:40:00 - ERROR - [get_stock_data] [NCHL] Error retrieving data: 'NoneType' object has no attribute 'empty'
2025-04-17 18:40:00 - INFO - [get_stock_data] [HBAN] Requesting data for HBAN
2025-04-17 18:40:01 - INFO - [get_stock_data] [HBAN] Data received for HBAN: 104 rows
2025-04-17 18:40:01 - INFO - [check_vwap_diff_signal] [HBAN] Analyzing VWAP reversal signal for HBAN
2025-04-17 18:40:01 - INFO - [check_vwap_diff_signal] [HBAN] Close: 13.75 | Low: 13.72 | High: 13.79 | VWAP: 13.711286610291097
2025-04-17 18:40:01 - DEBUG - [check_vwap_diff_signal] [HBAN] [HBAN] Last Candela: VWAP-Low=-0.06%, High-VWAP=0.57%
2025-04-17 18:40:01 - DEBUG - [check_vwap_diff_signal] [HBAN] No VWAP signal detected
2025-04-17 18:40:01 - DEBUG - [_run_single_trading_iteration] [HBAN] 🔍 Signal for HBAN: None
2025-04-17 18:40:01 - INFO - [_run_single_trading_iteration] [HBAN] ℹ️ No valid signal for HBAN
2025-04-17 18:40:01 - INFO - [get_stock_data] [MRNA] Requesting data for MRNA
2025-04-17 18:40:01 - INFO - [get_stock_data] [MRNA] Data received for MRNA: 104 rows
2025-04-17 18:40:01 - INFO - [check_vwap_diff_signal] [MRNA] Analyzing VWAP reversal signal for MRNA
2025-04-17 18:40:01 - INFO - [check_vwap_diff_signal] [MRNA] Close: 24.94 | Low: 24.84 | High: 24.97 | VWAP: 24.955794853157197
2025-04-17 18:40:01 - DEBUG - [check_vwap_diff_signal] [MRNA] [MRNA] Last Candela: VWAP-Low=0.46%, High-VWAP=0.06%
2025-04-17 18:40:01 - DEBUG - [check_vwap_diff_signal] [MRNA] No VWAP signal detected
2025-04-17 18:40:01 - DEBUG - [_run_single_trading_iteration] [MRNA] 🔍 Signal for MRNA: None
2025-04-17 18:40:01 - INFO - [_run_single_trading_iteration] [MRNA] ℹ️ No valid signal for MRNA
2025-04-17 18:40:01 - INFO - [get_stock_data] [WBD] Requesting data for WBD
2025-04-17 18:40:02 - INFO - [get_stock_data] [WBD] Data received for WBD: 104 rows
2025-04-17 18:40:02 - INFO - [check_vwap_diff_signal] [WBD] Analyzing VWAP reversal signal for WBD
2025-04-17 18:40:02 - INFO - [check_vwap_diff_signal] [WBD] Close: 8.02 | Low: 8.0 | High: 8.04 | VWAP: 8.040174557675622
2025-04-17 18:40:02 - DEBUG - [check_vwap_diff_signal] [WBD] [WBD] Last Candela: VWAP-Low=0.50%, High-VWAP=-0.00%
2025-04-17 18:40:02 - DEBUG - [check_vwap_diff_signal] [WBD] No VWAP signal detected
2025-04-17 18:40:02 - DEBUG - [_run_single_trading_iteration] [WBD] 🔍 Signal for WBD: None
2025-04-17 18:40:02 - INFO - [_run_single_trading_iteration] [WBD] ℹ️ No valid signal for WBD
2025-04-17 18:40:02 - INFO - [get_stock_data] [CMCSA] Requesting data for CMCSA
2025-04-17 18:40:03 - INFO - [get_stock_data] [CMCSA] Data received for CMCSA: 104 rows
2025-04-17 18:40:03 - INFO - [check_vwap_diff_signal] [CMCSA] Analyzing VWAP reversal signal for CMCSA
2025-04-17 18:40:03 - INFO - [check_vwap_diff_signal] [CMCSA] Close: 34.05 | Low: 34.01 | High: 34.1 | VWAP: 33.925636890479055
2025-04-17 18:40:03 - DEBUG - [check_vwap_diff_signal] [CMCSA] [CMCSA] Last Candela: VWAP-Low=-0.25%, High-VWAP=0.51%
2025-04-17 18:40:03 - DEBUG - [check_vwap_diff_signal] [CMCSA] No VWAP signal detected
2025-04-17 18:40:03 - DEBUG - [_run_single_trading_iteration] [CMCSA] 🔍 Signal for CMCSA: None
2025-04-17 18:40:03 - INFO - [_run_single_trading_iteration] [CMCSA] ℹ️ No valid signal for CMCSA
2025-04-17 18:40:03 - INFO - [_run_strategy_if_applicable] [N/A] ⏰ Strategy 'SMA_Cross_sma50' not executed because it's outside the time window: 16:35:00 - 16:50:00
2025-04-17 18:40:03 - INFO - [_run_strategy_if_applicable] [N/A] ⏰ Strategy 'SMA_Cross_candle' not executed because it's outside the time window: 16:35:00 - 16:50:00
2025-04-17 18:40:03 - INFO - [_run_strategy_if_applicable] [N/A] 🔄 Starting trading loop for strategy: VWAP_diff_signal_1700_volume
2025-04-17 18:40:03 - INFO - [get_stock_data] [GEN] Requesting data for GEN
2025-04-17 18:40:03 - INFO - [get_stock_data] [GEN] Data received for GEN: 104 rows
2025-04-17 18:40:03 - INFO - [check_vwap_diff_signal_with_volume] [GEN] Analyzing VWAP reversal signal for GEN
2025-04-17 18:40:03 - INFO - [check_vwap_diff_signal_with_volume] [GEN] Close: 24.44 | Low: 24.41 | High: 24.49 | VWAP: 24.403702267819007 | Volume Ratio: 1.57
2025-04-17 18:40:03 - DEBUG - [check_vwap_diff_signal_with_volume] [GEN] [GEN] Last Candle: VWAP-Low=-0.03%, High-VWAP=0.35%
2025-04-17 18:40:03 - DEBUG - [check_vwap_diff_signal_with_volume] [GEN] No VWAP+VolumeRatio signal detected
2025-04-17 18:40:03 - DEBUG - [_run_single_trading_iteration] [GEN] 🔍 Signal for GEN: None
2025-04-17 18:40:03 - INFO - [_run_single_trading_iteration] [GEN] ℹ️ No valid signal for GEN
2025-04-17 18:40:03 - INFO - [get_stock_data] [HPQ] Requesting data for HPQ
2025-04-17 18:40:04 - INFO - [get_stock_data] [HPQ] Data received for HPQ: 104 rows
2025-04-17 18:40:04 - INFO - [check_vwap_diff_signal_with_volume] [HPQ] Analyzing VWAP reversal signal for HPQ
2025-04-17 18:40:04 - INFO - [check_vwap_diff_signal_with_volume] [HPQ] Close: 23.78 | Low: 23.73 | High: 23.82 | VWAP: 23.708695187378215 | Volume Ratio: 0.77
2025-04-17 18:40:04 - DEBUG - [check_vwap_diff_signal_with_volume] [HPQ] [HPQ] Last Candle: VWAP-Low=-0.09%, High-VWAP=0.47%
2025-04-17 18:40:04 - DEBUG - [check_vwap_diff_signal_with_volume] [HPQ] No VWAP+VolumeRatio signal detected
2025-04-17 18:40:04 - DEBUG - [_run_single_trading_iteration] [HPQ] 🔍 Signal for HPQ: None
2025-04-17 18:40:04 - INFO - [_run_single_trading_iteration] [HPQ] ℹ️ No valid signal for HPQ
2025-04-17 18:40:04 - INFO - [get_stock_data] [INTC] Requesting data for INTC
2025-04-17 18:40:04 - INFO - [get_stock_data] [INTC] Data received for INTC: 104 rows
2025-04-17 18:40:04 - INFO - [check_vwap_diff_signal_with_volume] [INTC] Analyzing VWAP reversal signal for INTC
2025-04-17 18:40:04 - INFO - [check_vwap_diff_signal_with_volume] [INTC] Close: 18.71 | Low: 18.66 | High: 18.74 | VWAP: 18.802974618070706 | Volume Ratio: 0.75
2025-04-17 18:40:04 - DEBUG - [check_vwap_diff_signal_with_volume] [INTC] [INTC] Last Candle: VWAP-Low=0.76%, High-VWAP=-0.33%
2025-04-17 18:40:04 - DEBUG - [check_vwap_diff_signal_with_volume] [INTC] No VWAP+VolumeRatio signal detected
2025-04-17 18:40:04 - DEBUG - [_run_single_trading_iteration] [INTC] 🔍 Signal for INTC: None
2025-04-17 18:40:04 - INFO - [_run_single_trading_iteration] [INTC] ℹ️ No valid signal for INTC
2025-04-17 18:40:04 - INFO - [get_stock_data] [RF] Requesting data for RF
2025-04-17 18:40:05 - INFO - [get_stock_data] [RF] Data received for RF: 104 rows
2025-04-17 18:40:05 - INFO - [check_vwap_diff_signal_with_volume] [RF] Analyzing VWAP reversal signal for RF
2025-04-17 18:40:05 - INFO - [check_vwap_diff_signal_with_volume] [RF] Close: 19.25 | Low: 19.19 | High: 19.3 | VWAP: 19.306511556339284 | Volume Ratio: 0.93
2025-04-17 18:40:05 - DEBUG - [check_vwap_diff_signal_with_volume] [RF] [RF] Last Candle: VWAP-Low=0.60%, High-VWAP=-0.03%
2025-04-17 18:40:05 - DEBUG - [check_vwap_diff_signal_with_volume] [RF] No VWAP+VolumeRatio signal detected
2025-04-17 18:40:05 - DEBUG - [_run_single_trading_iteration] [RF] 🔍 Signal for RF: None
2025-04-17 18:40:05 - INFO - [_run_single_trading_iteration] [RF] ℹ️ No valid signal for RF
2025-04-17 18:40:05 - INFO - [_run_strategy_if_applicable] [N/A] 🔄 Starting trading loop for strategy: VWAP_diff_signal_rsi_1700
2025-04-17 18:40:05 - INFO - [get_stock_data] [IVZ] Requesting data for IVZ
2025-04-17 18:40:05 - INFO - [get_stock_data] [IVZ] Data received for IVZ: 104 rows
2025-04-17 18:40:05 - INFO - [check_vwap_diff_signal_with_rsi] [IVZ] Analyzing VWAP reversal signal for IVZ
2025-04-17 18:40:05 - INFO - [check_vwap_diff_signal_with_rsi] [IVZ] Close: 12.88 | Low: 12.83 | High: 12.9 | VWAP: 12.828070648322127 | RSI: 62.23
2025-04-17 18:40:05 - DEBUG - [check_vwap_diff_signal_with_rsi] [IVZ] [IVZ] Last Candela: VWAP-Low=-0.02%, High-VWAP=0.56%
2025-04-17 18:40:05 - DEBUG - [check_vwap_diff_signal_with_rsi] [IVZ] No VWAP+RSI signal detected
2025-04-17 18:40:05 - DEBUG - [_run_single_trading_iteration] [IVZ] 🔍 Signal for IVZ: None
2025-04-17 18:40:05 - INFO - [_run_single_trading_iteration] [IVZ] ℹ️ No valid signal for IVZ
2025-04-17 18:40:05 - INFO - [get_stock_data] [FCX] Requesting data for FCX
2025-04-17 18:40:06 - INFO - [get_stock_data] [FCX] Data received for FCX: 105 rows
2025-04-17 18:40:06 - INFO - [check_vwap_diff_signal_with_rsi] [FCX] Analyzing VWAP reversal signal for FCX
2025-04-17 18:40:06 - INFO - [check_vwap_diff_signal_with_rsi] [FCX] Close: 32.94 | Low: 32.92 | High: 32.94 | VWAP: 32.97505707795704 | RSI: 50.45
2025-04-17 18:40:06 - DEBUG - [check_vwap_diff_signal_with_rsi] [FCX] [FCX] Last Candela: VWAP-Low=0.17%, High-VWAP=-0.11%
2025-04-17 18:40:06 - DEBUG - [check_vwap_diff_signal_with_rsi] [FCX] No VWAP+RSI signal detected
2025-04-17 18:40:06 - DEBUG - [_run_single_trading_iteration] [FCX] 🔍 Signal for FCX: None
2025-04-17 18:40:06 - INFO - [_run_single_trading_iteration] [FCX] ℹ️ No valid signal for FCX
2025-04-17 18:40:06 - INFO - [get_stock_data] [HST] Requesting data for HST
2025-04-17 18:40:06 - INFO - [get_stock_data] [HST] Data received for HST: 105 rows
2025-04-17 18:40:06 - INFO - [check_vwap_diff_signal_with_rsi] [HST] Analyzing VWAP reversal signal for HST
2025-04-17 18:40:06 - INFO - [check_vwap_diff_signal_with_rsi] [HST] Close: 13.69 | Low: 13.69 | High: 13.69 | VWAP: 13.67927040613659 | RSI: 60.92
2025-04-17 18:40:06 - DEBUG - [check_vwap_diff_signal_with_rsi] [HST] [HST] Last Candela: VWAP-Low=-0.08%, High-VWAP=0.08%
2025-04-17 18:40:06 - DEBUG - [check_vwap_diff_signal_with_rsi] [HST] No VWAP+RSI signal detected
2025-04-17 18:40:06 - DEBUG - [_run_single_trading_iteration] [HST] 🔍 Signal for HST: None
2025-04-17 18:40:06 - INFO - [_run_single_trading_iteration] [HST] ℹ️ No valid signal for HST
2025-04-17 18:40:06 - INFO - [get_stock_data] [IVZ] Requesting data for IVZ
2025-04-17 18:40:07 - INFO - [get_stock_data] [IVZ] Data received for IVZ: 105 rows
2025-04-17 18:40:07 - INFO - [check_vwap_diff_signal_with_rsi] [IVZ] Analyzing VWAP reversal signal for IVZ
2025-04-17 18:40:07 - INFO - [check_vwap_diff_signal_with_rsi] [IVZ] Close: 12.88 | Low: 12.88 | High: 12.88 | VWAP: 12.828070648322127 | RSI: 62.23
2025-04-17 18:40:07 - DEBUG - [check_vwap_diff_signal_with_rsi] [IVZ] [IVZ] Last Candela: VWAP-Low=-0.40%, High-VWAP=0.40%
2025-04-17 18:40:07 - DEBUG - [check_vwap_diff_signal_with_rsi] [IVZ] No VWAP+RSI signal detected
2025-04-17 18:40:07 - DEBUG - [_run_single_trading_iteration] [IVZ] 🔍 Signal for IVZ: None
2025-04-17 18:40:07 - INFO - [_run_single_trading_iteration] [IVZ] ℹ️ No valid signal for IVZ
2025-04-17 18:40:07 - INFO - [get_stock_data] [NEM] Requesting data for NEM
2025-04-17 18:40:07 - INFO - [get_stock_data] [NEM] Data received for NEM: 105 rows
2025-04-17 18:40:07 - INFO - [check_vwap_diff_signal_with_rsi] [NEM] Analyzing VWAP reversal signal for NEM
2025-04-17 18:40:07 - INFO - [check_vwap_diff_signal_with_rsi] [NEM] Close: 54.87 | Low: 54.87 | High: 54.9 | VWAP: 55.387176329651055 | RSI: 34.96
2025-04-17 18:40:07 - DEBUG - [check_vwap_diff_signal_with_rsi] [NEM] [NEM] Last Candela: VWAP-Low=0.93%, High-VWAP=-0.88%
2025-04-17 18:40:07 - DEBUG - [check_vwap_diff_signal_with_rsi] [NEM] No VWAP+RSI signal detected
2025-04-17 18:40:07 - DEBUG - [_run_single_trading_iteration] [NEM] 🔍 Signal for NEM: None
2025-04-17 18:40:07 - INFO - [_run_single_trading_iteration] [NEM] ℹ️ No valid signal for NEM
2025-04-17 18:40:07 - INFO - [get_stock_data] [LUV] Requesting data for LUV
2025-04-17 18:40:08 - INFO - [get_stock_data] [LUV] Data received for LUV: 105 rows
2025-04-17 18:40:08 - INFO - [check_vwap_diff_signal_with_rsi] [LUV] Analyzing VWAP reversal signal for LUV
2025-04-17 18:40:08 - INFO - [check_vwap_diff_signal_with_rsi] [LUV] Close: 24.65 | Low: 24.64 | High: 24.65 | VWAP: 24.58318884789638 | RSI: 52.03
2025-04-17 18:40:08 - DEBUG - [check_vwap_diff_signal_with_rsi] [LUV] [LUV] Last Candela: VWAP-Low=-0.23%, High-VWAP=0.27%
2025-04-17 18:40:08 - DEBUG - [check_vwap_diff_signal_with_rsi] [LUV] No VWAP+RSI signal detected
2025-04-17 18:40:08 - DEBUG - [_run_single_trading_iteration] [LUV] 🔍 Signal for LUV: None
2025-04-17 18:40:08 - INFO - [_run_single_trading_iteration] [LUV] ℹ️ No valid signal for LUV
2025-04-17 18:40:08 - INFO - [trading_loop] [N/A] 📊 Updating SL/TP for active orders
2025-04-17 18:40:09 - INFO - [_wait_until_next_iteration] [N/A] ⏳ Sleeping for 50.47 seconds before the next cycle
2025-04-17 18:41:00 - DEBUG - [trading_loop] [N/A] ⏱ Skipping EMA_Cross_ema50, not yet time (every 5m)
2025-04-17 18:41:00 - DEBUG - [trading_loop] [N/A] ⏱ Skipping EMA_Cross_candle, not yet time (every 5m)
2025-04-17 18:41:00 - DEBUG - [trading_loop] [N/A] ⏱ Skipping VWAP_diff_signal_1700, not yet time (every 5m)
2025-04-17 18:41:00 - DEBUG - [trading_loop] [N/A] ⏱ Skipping SMA_Cross_sma50, not yet time (every 5m)
2025-04-17 18:41:00 - DEBUG - [trading_loop] [N/A] ⏱ Skipping SMA_Cross_candle, not yet time (every 5m)
2025-04-17 18:41:00 - DEBUG - [trading_loop] [N/A] ⏱ Skipping VWAP_diff_signal_1700_volume, not yet time (every 5m)
2025-04-17 18:41:00 - DEBUG - [trading_loop] [N/A] ⏱ Skipping VWAP_diff_signal_rsi_1700, not yet time (every 5m)
2025-04-17 18:41:00 - INFO - [trading_loop] [N/A] 📊 Updating SL/TP for active orders
2025-04-17 18:41:01 - INFO - [_wait_until_next_iteration] [N/A] ⏳ Sleeping for 58.94 seconds before the next cycle
2025-04-17 18:42:00 - DEBUG - [trading_loop] [N/A] ⏱ Skipping EMA_Cross_ema50, not yet time (every 5m)
2025-04-17 18:42:00 - DEBUG - [trading_loop] [N/A] ⏱ Skipping EMA_Cross_candle, not yet time (every 5m)
2025-04-17 18:42:00 - DEBUG - [trading_loop] [N/A] ⏱ Skipping VWAP_diff_signal_1700, not yet time (every 5m)
2025-04-17 18:42:00 - DEBUG - [trading_loop] [N/A] ⏱ Skipping SMA_Cross_sma50, not yet time (every 5m)
2025-04-17 18:42:00 - DEBUG - [trading_loop] [N/A] ⏱ Skipping SMA_Cross_candle, not yet time (every 5m)
2025-04-17 18:42:00 - DEBUG - [trading_loop] [N/A] ⏱ Skipping VWAP_diff_signal_1700_volume, not yet time (every 5m)
2025-04-17 18:42:00 - DEBUG - [trading_loop] [N/A] ⏱ Skipping VWAP_diff_signal_rsi_1700, not yet time (every 5m)
2025-04-17 18:42:00 - INFO - [trading_loop] [N/A] 📊 Updating SL/TP for active orders
2025-04-17 18:42:01 - INFO - [_wait_until_next_iteration] [N/A] ⏳ Sleeping for 58.93 seconds before the next cycle
2025-04-17 18:43:00 - DEBUG - [trading_loop] [N/A] ⏱ Skipping EMA_Cross_ema50, not yet time (every 5m)
2025-04-17 18:43:00 - DEBUG - [trading_loop] [N/A] ⏱ Skipping EMA_Cross_candle, not yet time (every 5m)
2025-04-17 18:43:00 - DEBUG - [trading_loop] [N/A] ⏱ Skipping VWAP_diff_signal_1700, not yet time (every 5m)
2025-04-17 18:43:00 - DEBUG - [trading_loop] [N/A] ⏱ Skipping SMA_Cross_sma50, not yet time (every 5m)
2025-04-17 18:43:00 - DEBUG - [trading_loop] [N/A] ⏱ Skipping SMA_Cross_candle, not yet time (every 5m)
2025-04-17 18:43:00 - DEBUG - [trading_loop] [N/A] ⏱ Skipping VWAP_diff_signal_1700_volume, not yet time (every 5m)
2025-04-17 18:43:00 - DEBUG - [trading_loop] [N/A] ⏱ Skipping VWAP_diff_signal_rsi_1700, not yet time (every 5m)
2025-04-17 18:43:00 - INFO - [trading_loop] [N/A] 📊 Updating SL/TP for active orders
2025-04-17 18:43:01 - INFO - [_wait_until_next_iteration] [N/A] ⏳ Sleeping for 58.93 seconds before the next cycle
2025-04-17 18:44:00 - DEBUG - [trading_loop] [N/A] ⏱ Skipping EMA_Cross_ema50, not yet time (every 5m)
2025-04-17 18:44:00 - DEBUG - [trading_loop] [N/A] ⏱ Skipping EMA_Cross_candle, not yet time (every 5m)
2025-04-17 18:44:00 - DEBUG - [trading_loop] [N/A] ⏱ Skipping VWAP_diff_signal_1700, not yet time (every 5m)
2025-04-17 18:44:00 - DEBUG - [trading_loop] [N/A] ⏱ Skipping SMA_Cross_sma50, not yet time (every 5m)
2025-04-17 18:44:00 - DEBUG - [trading_loop] [N/A] ⏱ Skipping SMA_Cross_candle, not yet time (every 5m)
2025-04-17 18:44:00 - DEBUG - [trading_loop] [N/A] ⏱ Skipping VWAP_diff_signal_1700_volume, not yet time (every 5m)
2025-04-17 18:44:00 - DEBUG - [trading_loop] [N/A] ⏱ Skipping VWAP_diff_signal_rsi_1700, not yet time (every 5m)
2025-04-17 18:44:00 - INFO - [trading_loop] [N/A] 📊 Updating SL/TP for active orders
2025-04-17 18:44:01 - INFO - [_wait_until_next_iteration] [N/A] ⏳ Sleeping for 58.94 seconds before the next cycle
2025-04-17 18:45:00 - INFO - [_run_strategy_if_applicable] [N/A] ⏰ Strategy 'EMA_Cross_ema50' not executed because it's outside the time window: 16:35:00 - 16:50:00
2025-04-17 18:45:00 - INFO - [_run_strategy_if_applicable] [N/A] ⏰ Strategy 'EMA_Cross_candle' not executed because it's outside the time window: 16:35:00 - 16:50:00
2025-04-17 18:45:00 - INFO - [_run_strategy_if_applicable] [N/A] 🔄 Starting trading loop for strategy: VWAP_diff_signal_1700
2025-04-17 18:45:00 - DEBUG - [_run_single_trading_iteration] [CZR] 🚫 Trade not allowed for CZR (limit reached)
2025-04-17 18:45:00 - INFO - [get_stock_data] [MTCH] Requesting data for MTCH
2025-04-17 18:45:00 - INFO - [get_stock_data] [MTCH] Data received for MTCH: 105 rows
2025-04-17 18:45:00 - INFO - [check_vwap_diff_signal] [MTCH] Analyzing VWAP reversal signal for MTCH
2025-04-17 18:45:00 - INFO - [check_vwap_diff_signal] [MTCH] Close: 28.96 | Low: 28.94 | High: 29.03 | VWAP: 28.873578993059045
2025-04-17 18:45:00 - DEBUG - [check_vwap_diff_signal] [MTCH] [MTCH] Last Candela: VWAP-Low=-0.23%, High-VWAP=0.54%
2025-04-17 18:45:00 - DEBUG - [check_vwap_diff_signal] [MTCH] No VWAP signal detected
2025-04-17 18:45:00 - DEBUG - [_run_single_trading_iteration] [MTCH] 🔍 Signal for MTCH: None
2025-04-17 18:45:00 - INFO - [_run_single_trading_iteration] [MTCH] ℹ️ No valid signal for MTCH
2025-04-17 18:45:00 - INFO - [get_stock_data] [NCHL] Requesting data for NCHL
2025-04-17 18:45:00 - ERROR - [get_stock_data] [NCHL] Error retrieving data: 'NoneType' object has no attribute 'empty'
2025-04-17 18:45:00 - INFO - [get_stock_data] [HBAN] Requesting data for HBAN
2025-04-17 18:45:01 - INFO - [get_stock_data] [HBAN] Data received for HBAN: 105 rows
2025-04-17 18:45:01 - INFO - [check_vwap_diff_signal] [HBAN] Analyzing VWAP reversal signal for HBAN
2025-04-17 18:45:01 - INFO - [check_vwap_diff_signal] [HBAN] Close: 13.76 | Low: 13.74 | High: 13.78 | VWAP: 13.711877532505587
2025-04-17 18:45:01 - DEBUG - [check_vwap_diff_signal] [HBAN] [HBAN] Last Candela: VWAP-Low=-0.21%, High-VWAP=0.50%
2025-04-17 18:45:01 - DEBUG - [check_vwap_diff_signal] [HBAN] No VWAP signal detected
2025-04-17 18:45:01 - DEBUG - [_run_single_trading_iteration] [HBAN] 🔍 Signal for HBAN: None
2025-04-17 18:45:01 - INFO - [_run_single_trading_iteration] [HBAN] ℹ️ No valid signal for HBAN
2025-04-17 18:45:01 - INFO - [get_stock_data] [MRNA] Requesting data for MRNA
2025-04-17 18:45:02 - INFO - [get_stock_data] [MRNA] Data received for MRNA: 105 rows
2025-04-17 18:45:02 - INFO - [check_vwap_diff_signal] [MRNA] Analyzing VWAP reversal signal for MRNA
2025-04-17 18:45:02 - INFO - [check_vwap_diff_signal] [MRNA] Close: 24.85 | Low: 24.83 | High: 24.96 | VWAP: 24.953814945126418
2025-04-17 18:45:02 - DEBUG - [check_vwap_diff_signal] [MRNA] [MRNA] Last Candela: VWAP-Low=0.50%, High-VWAP=0.02%
2025-04-17 18:45:02 - DEBUG - [check_vwap_diff_signal] [MRNA] No VWAP signal detected
2025-04-17 18:45:02 - DEBUG - [_run_single_trading_iteration] [MRNA] 🔍 Signal for MRNA: None
2025-04-17 18:45:02 - INFO - [_run_single_trading_iteration] [MRNA] ℹ️ No valid signal for MRNA
2025-04-17 18:45:02 - INFO - [get_stock_data] [WBD] Requesting data for WBD
2025-04-17 18:45:02 - INFO - [get_stock_data] [WBD] Data received for WBD: 105 rows
2025-04-17 18:45:02 - INFO - [check_vwap_diff_signal] [WBD] Analyzing VWAP reversal signal for WBD
2025-04-17 18:45:02 - INFO - [check_vwap_diff_signal] [WBD] Close: 8.01 | Low: 8.0 | High: 8.04 | VWAP: 8.039906413931028
2025-04-17 18:45:02 - DEBUG - [check_vwap_diff_signal] [WBD] [WBD] Last Candela: VWAP-Low=0.50%, High-VWAP=0.00%
2025-04-17 18:45:02 - DEBUG - [check_vwap_diff_signal] [WBD] No VWAP signal detected
2025-04-17 18:45:02 - DEBUG - [_run_single_trading_iteration] [WBD] 🔍 Signal for WBD: None
2025-04-17 18:45:02 - INFO - [_run_single_trading_iteration] [WBD] ℹ️ No valid signal for WBD
2025-04-17 18:45:02 - INFO - [get_stock_data] [CMCSA] Requesting data for CMCSA
2025-04-17 18:45:03 - INFO - [get_stock_data] [CMCSA] Data received for CMCSA: 105 rows
2025-04-17 18:45:03 - INFO - [check_vwap_diff_signal] [CMCSA] Analyzing VWAP reversal signal for CMCSA
2025-04-17 18:45:03 - INFO - [check_vwap_diff_signal] [CMCSA] Close: 34.01 | Low: 34.0 | High: 34.08 | VWAP: 33.92692521854522
2025-04-17 18:45:03 - DEBUG - [check_vwap_diff_signal] [CMCSA] [CMCSA] Last Candela: VWAP-Low=-0.22%, High-VWAP=0.45%
2025-04-17 18:45:03 - DEBUG - [check_vwap_diff_signal] [CMCSA] No VWAP signal detected
2025-04-17 18:45:03 - DEBUG - [_run_single_trading_iteration] [CMCSA] 🔍 Signal for CMCSA: None
2025-04-17 18:45:03 - INFO - [_run_single_trading_iteration] [CMCSA] ℹ️ No valid signal for CMCSA
2025-04-17 18:45:03 - INFO - [_run_strategy_if_applicable] [N/A] ⏰ Strategy 'SMA_Cross_sma50' not executed because it's outside the time window: 16:35:00 - 16:50:00
2025-04-17 18:45:03 - INFO - [_run_strategy_if_applicable] [N/A] ⏰ Strategy 'SMA_Cross_candle' not executed because it's outside the time window: 16:35:00 - 16:50:00
2025-04-17 18:45:03 - INFO - [_run_strategy_if_applicable] [N/A] 🔄 Starting trading loop for strategy: VWAP_diff_signal_1700_volume
2025-04-17 18:45:03 - INFO - [get_stock_data] [GEN] Requesting data for GEN
2025-04-17 18:45:03 - INFO - [get_stock_data] [GEN] Data received for GEN: 105 rows
2025-04-17 18:45:03 - INFO - [check_vwap_diff_signal_with_volume] [GEN] Analyzing VWAP reversal signal for GEN
2025-04-17 18:45:03 - INFO - [check_vwap_diff_signal_with_volume] [GEN] Close: 24.45 | Low: 24.44 | High: 24.46 | VWAP: 24.40507265720279 | Volume Ratio: 1.36
2025-04-17 18:45:03 - DEBUG - [check_vwap_diff_signal_with_volume] [GEN] [GEN] Last Candle: VWAP-Low=-0.14%, High-VWAP=0.23%
2025-04-17 18:45:03 - DEBUG - [check_vwap_diff_signal_with_volume] [GEN] No VWAP+VolumeRatio signal detected
2025-04-17 18:45:03 - DEBUG - [_run_single_trading_iteration] [GEN] 🔍 Signal for GEN: None
2025-04-17 18:45:03 - INFO - [_run_single_trading_iteration] [GEN] ℹ️ No valid signal for GEN
2025-04-17 18:45:03 - INFO - [get_stock_data] [HPQ] Requesting data for HPQ
2025-04-17 18:45:04 - INFO - [get_stock_data] [HPQ] Data received for HPQ: 105 rows
2025-04-17 18:45:04 - INFO - [check_vwap_diff_signal_with_volume] [HPQ] Analyzing VWAP reversal signal for HPQ
2025-04-17 18:45:04 - INFO - [check_vwap_diff_signal_with_volume] [HPQ] Close: 23.72 | Low: 23.71 | High: 23.79 | VWAP: 23.708826736012277 | Volume Ratio: 0.45
2025-04-17 18:45:04 - DEBUG - [check_vwap_diff_signal_with_volume] [HPQ] [HPQ] Last Candle: VWAP-Low=-0.00%, High-VWAP=0.34%
2025-04-17 18:45:04 - DEBUG - [check_vwap_diff_signal_with_volume] [HPQ] No VWAP+VolumeRatio signal detected
2025-04-17 18:45:04 - DEBUG - [_run_single_trading_iteration] [HPQ] 🔍 Signal for HPQ: None
2025-04-17 18:45:04 - INFO - [_run_single_trading_iteration] [HPQ] ℹ️ No valid signal for HPQ
2025-04-17 18:45:04 - INFO - [get_stock_data] [INTC] Requesting data for INTC
2025-04-17 18:45:04 - INFO - [get_stock_data] [INTC] Data received for INTC: 105 rows
2025-04-17 18:45:04 - INFO - [check_vwap_diff_signal_with_volume] [INTC] Analyzing VWAP reversal signal for INTC
2025-04-17 18:45:04 - INFO - [check_vwap_diff_signal_with_volume] [INTC] Close: 18.67 | Low: 18.67 | High: 18.73 | VWAP: 18.800917058136786 | Volume Ratio: 0.57
2025-04-17 18:45:04 - DEBUG - [check_vwap_diff_signal_with_volume] [INTC] [INTC] Last Candle: VWAP-Low=0.70%, High-VWAP=-0.38%
2025-04-17 18:45:04 - DEBUG - [check_vwap_diff_signal_with_volume] [INTC] No VWAP+VolumeRatio signal detected
2025-04-17 18:45:04 - DEBUG - [_run_single_trading_iteration] [INTC] 🔍 Signal for INTC: None
2025-04-17 18:45:04 - INFO - [_run_single_trading_iteration] [INTC] ℹ️ No valid signal for INTC
2025-04-17 18:45:04 - INFO - [get_stock_data] [RF] Requesting data for RF
2025-04-17 18:45:05 - INFO - [get_stock_data] [RF] Data received for RF: 105 rows
2025-04-17 18:45:05 - INFO - [check_vwap_diff_signal_with_volume] [RF] Analyzing VWAP reversal signal for RF
2025-04-17 18:45:05 - INFO - [check_vwap_diff_signal_with_volume] [RF] Close: 19.25 | Low: 19.23 | High: 19.29 | VWAP: 19.30604116652224 | Volume Ratio: 0.35
2025-04-17 18:45:05 - DEBUG - [check_vwap_diff_signal_with_volume] [RF] [RF] Last Candle: VWAP-Low=0.39%, High-VWAP=-0.08%
2025-04-17 18:45:05 - DEBUG - [check_vwap_diff_signal_with_volume] [RF] No VWAP+VolumeRatio signal detected
2025-04-17 18:45:05 - DEBUG - [_run_single_trading_iteration] [RF] 🔍 Signal for RF: None
2025-04-17 18:45:05 - INFO - [_run_single_trading_iteration] [RF] ℹ️ No valid signal for RF
2025-04-17 18:45:05 - INFO - [_run_strategy_if_applicable] [N/A] 🔄 Starting trading loop for strategy: VWAP_diff_signal_rsi_1700
2025-04-17 18:45:05 - INFO - [get_stock_data] [IVZ] Requesting data for IVZ
2025-04-17 18:45:05 - INFO - [get_stock_data] [IVZ] Data received for IVZ: 106 rows
2025-04-17 18:45:05 - INFO - [check_vwap_diff_signal_with_rsi] [IVZ] Analyzing VWAP reversal signal for IVZ
2025-04-17 18:45:05 - INFO - [check_vwap_diff_signal_with_rsi] [IVZ] Close: 12.85 | Low: 12.85 | High: 12.85 | VWAP: 12.82848845758958 | RSI: 57.07
2025-04-17 18:45:05 - DEBUG - [check_vwap_diff_signal_with_rsi] [IVZ] [IVZ] Last Candela: VWAP-Low=-0.17%, High-VWAP=0.17%
2025-04-17 18:45:05 - DEBUG - [check_vwap_diff_signal_with_rsi] [IVZ] No VWAP+RSI signal detected
2025-04-17 18:45:05 - DEBUG - [_run_single_trading_iteration] [IVZ] 🔍 Signal for IVZ: None
2025-04-17 18:45:05 - INFO - [_run_single_trading_iteration] [IVZ] ℹ️ No valid signal for IVZ
2025-04-17 18:45:05 - INFO - [get_stock_data] [FCX] Requesting data for FCX
2025-04-17 18:45:06 - INFO - [get_stock_data] [FCX] Data received for FCX: 106 rows
2025-04-17 18:45:06 - INFO - [check_vwap_diff_signal_with_rsi] [FCX] Analyzing VWAP reversal signal for FCX
2025-04-17 18:45:06 - INFO - [check_vwap_diff_signal_with_rsi] [FCX] Close: 32.89 | Low: 32.87 | High: 32.89 | VWAP: 32.97255081401881 | RSI: 48.68
2025-04-17 18:45:06 - DEBUG - [check_vwap_diff_signal_with_rsi] [FCX] [FCX] Last Candela: VWAP-Low=0.31%, High-VWAP=-0.25%
2025-04-17 18:45:06 - DEBUG - [check_vwap_diff_signal_with_rsi] [FCX] No VWAP+RSI signal detected
2025-04-17 18:45:06 - DEBUG - [_run_single_trading_iteration] [FCX] 🔍 Signal for FCX: None
2025-04-17 18:45:06 - INFO - [_run_single_trading_iteration] [FCX] ℹ️ No valid signal for FCX
2025-04-17 18:45:06 - INFO - [get_stock_data] [HST] Requesting data for HST
2025-04-17 18:45:06 - INFO - [get_stock_data] [HST] Data received for HST: 106 rows
2025-04-17 18:45:06 - INFO - [check_vwap_diff_signal_with_rsi] [HST] Analyzing VWAP reversal signal for HST
2025-04-17 18:45:06 - INFO - [check_vwap_diff_signal_with_rsi] [HST] Close: 13.67 | Low: 13.67 | High: 13.67 | VWAP: 13.679183707347724 | RSI: 57.45
2025-04-17 18:45:06 - DEBUG - [check_vwap_diff_signal_with_rsi] [HST] [HST] Last Candela: VWAP-Low=0.07%, High-VWAP=-0.07%
2025-04-17 18:45:06 - DEBUG - [check_vwap_diff_signal_with_rsi] [HST] No VWAP+RSI signal detected
2025-04-17 18:45:06 - DEBUG - [_run_single_trading_iteration] [HST] 🔍 Signal for HST: None
2025-04-17 18:45:06 - INFO - [_run_single_trading_iteration] [HST] ℹ️ No valid signal for HST
2025-04-17 18:45:06 - INFO - [get_stock_data] [IVZ] Requesting data for IVZ
2025-04-17 18:45:07 - INFO - [get_stock_data] [IVZ] Data received for IVZ: 106 rows
2025-04-17 18:45:07 - INFO - [check_vwap_diff_signal_with_rsi] [IVZ] Analyzing VWAP reversal signal for IVZ
2025-04-17 18:45:07 - INFO - [check_vwap_diff_signal_with_rsi] [IVZ] Close: 12.85 | Low: 12.85 | High: 12.85 | VWAP: 12.82848845758958 | RSI: 57.07
2025-04-17 18:45:07 - DEBUG - [check_vwap_diff_signal_with_rsi] [IVZ] [IVZ] Last Candela: VWAP-Low=-0.17%, High-VWAP=0.17%
2025-04-17 18:45:07 - DEBUG - [check_vwap_diff_signal_with_rsi] [IVZ] No VWAP+RSI signal detected
2025-04-17 18:45:07 - DEBUG - [_run_single_trading_iteration] [IVZ] 🔍 Signal for IVZ: None
2025-04-17 18:45:07 - INFO - [_run_single_trading_iteration] [IVZ] ℹ️ No valid signal for IVZ
2025-04-17 18:45:07 - INFO - [get_stock_data] [NEM] Requesting data for NEM
2025-04-17 18:45:08 - INFO - [get_stock_data] [NEM] Data received for NEM: 106 rows
2025-04-17 18:45:08 - INFO - [check_vwap_diff_signal_with_rsi] [NEM] Analyzing VWAP reversal signal for NEM
2025-04-17 18:45:08 - INFO - [check_vwap_diff_signal_with_rsi] [NEM] Close: 54.82 | Low: 54.81 | High: 54.82 | VWAP: 55.37921131024005 | RSI: 33.76
2025-04-17 18:45:08 - DEBUG - [check_vwap_diff_signal_with_rsi] [NEM] [NEM] Last Candela: VWAP-Low=1.03%, High-VWAP=-1.01%
2025-04-17 18:45:08 - DEBUG - [check_vwap_diff_signal_with_rsi] [NEM] No VWAP+RSI signal detected
2025-04-17 18:45:08 - DEBUG - [_run_single_trading_iteration] [NEM] 🔍 Signal for NEM: None
2025-04-17 18:45:08 - INFO - [_run_single_trading_iteration] [NEM] ℹ️ No valid signal for NEM
2025-04-17 18:45:08 - INFO - [get_stock_data] [LUV] Requesting data for LUV
2025-04-17 18:45:08 - INFO - [get_stock_data] [LUV] Data received for LUV: 106 rows
2025-04-17 18:45:08 - INFO - [check_vwap_diff_signal_with_rsi] [LUV] Analyzing VWAP reversal signal for LUV
2025-04-17 18:45:08 - INFO - [check_vwap_diff_signal_with_rsi] [LUV] Close: 24.62 | Low: 24.61 | High: 24.63 | VWAP: 24.583710298346094 | RSI: 50.36
2025-04-17 18:45:08 - DEBUG - [check_vwap_diff_signal_with_rsi] [LUV] [LUV] Last Candela: VWAP-Low=-0.11%, High-VWAP=0.19%
2025-04-17 18:45:08 - DEBUG - [check_vwap_diff_signal_with_rsi] [LUV] No VWAP+RSI signal detected
2025-04-17 18:45:08 - DEBUG - [_run_single_trading_iteration] [LUV] 🔍 Signal for LUV: None
2025-04-17 18:45:08 - INFO - [_run_single_trading_iteration] [LUV] ℹ️ No valid signal for LUV
2025-04-17 18:45:08 - INFO - [trading_loop] [N/A] 📊 Updating SL/TP for active orders
2025-04-17 18:45:09 - INFO - [_wait_until_next_iteration] [N/A] ⏳ Sleeping for 50.33 seconds before the next cycle
2025-04-17 18:46:00 - DEBUG - [trading_loop] [N/A] ⏱ Skipping EMA_Cross_ema50, not yet time (every 5m)
2025-04-17 18:46:00 - DEBUG - [trading_loop] [N/A] ⏱ Skipping EMA_Cross_candle, not yet time (every 5m)
2025-04-17 18:46:00 - DEBUG - [trading_loop] [N/A] ⏱ Skipping VWAP_diff_signal_1700, not yet time (every 5m)
2025-04-17 18:46:00 - DEBUG - [trading_loop] [N/A] ⏱ Skipping SMA_Cross_sma50, not yet time (every 5m)
2025-04-17 18:46:00 - DEBUG - [trading_loop] [N/A] ⏱ Skipping SMA_Cross_candle, not yet time (every 5m)
2025-04-17 18:46:00 - DEBUG - [trading_loop] [N/A] ⏱ Skipping VWAP_diff_signal_1700_volume, not yet time (every 5m)
2025-04-17 18:46:00 - DEBUG - [trading_loop] [N/A] ⏱ Skipping VWAP_diff_signal_rsi_1700, not yet time (every 5m)
2025-04-17 18:46:00 - INFO - [trading_loop] [N/A] 📊 Updating SL/TP for active orders
2025-04-17 18:46:01 - INFO - [_wait_until_next_iteration] [N/A] ⏳ Sleeping for 58.93 seconds before the next cycle
2025-04-17 18:47:00 - DEBUG - [trading_loop] [N/A] ⏱ Skipping EMA_Cross_ema50, not yet time (every 5m)
2025-04-17 18:47:00 - DEBUG - [trading_loop] [N/A] ⏱ Skipping EMA_Cross_candle, not yet time (every 5m)
2025-04-17 18:47:00 - DEBUG - [trading_loop] [N/A] ⏱ Skipping VWAP_diff_signal_1700, not yet time (every 5m)
2025-04-17 18:47:00 - DEBUG - [trading_loop] [N/A] ⏱ Skipping SMA_Cross_sma50, not yet time (every 5m)
2025-04-17 18:47:00 - DEBUG - [trading_loop] [N/A] ⏱ Skipping SMA_Cross_candle, not yet time (every 5m)
2025-04-17 18:47:00 - DEBUG - [trading_loop] [N/A] ⏱ Skipping VWAP_diff_signal_1700_volume, not yet time (every 5m)
2025-04-17 18:47:00 - DEBUG - [trading_loop] [N/A] ⏱ Skipping VWAP_diff_signal_rsi_1700, not yet time (every 5m)
2025-04-17 18:47:00 - INFO - [trading_loop] [N/A] 📊 Updating SL/TP for active orders
2025-04-17 18:47:01 - INFO - [_wait_until_next_iteration] [N/A] ⏳ Sleeping for 58.93 seconds before the next cycle
2025-04-17 18:48:00 - DEBUG - [trading_loop] [N/A] ⏱ Skipping EMA_Cross_ema50, not yet time (every 5m)
2025-04-17 18:48:00 - DEBUG - [trading_loop] [N/A] ⏱ Skipping EMA_Cross_candle, not yet time (every 5m)
2025-04-17 18:48:00 - DEBUG - [trading_loop] [N/A] ⏱ Skipping VWAP_diff_signal_1700, not yet time (every 5m)
2025-04-17 18:48:00 - DEBUG - [trading_loop] [N/A] ⏱ Skipping SMA_Cross_sma50, not yet time (every 5m)
2025-04-17 18:48:00 - DEBUG - [trading_loop] [N/A] ⏱ Skipping SMA_Cross_candle, not yet time (every 5m)
2025-04-17 18:48:00 - DEBUG - [trading_loop] [N/A] ⏱ Skipping VWAP_diff_signal_1700_volume, not yet time (every 5m)
2025-04-17 18:48:00 - DEBUG - [trading_loop] [N/A] ⏱ Skipping VWAP_diff_signal_rsi_1700, not yet time (every 5m)
2025-04-17 18:48:00 - INFO - [trading_loop] [N/A] 📊 Updating SL/TP for active orders
2025-04-17 18:48:01 - INFO - [_wait_until_next_iteration] [N/A] ⏳ Sleeping for 58.93 seconds before the next cycle
2025-04-17 18:49:00 - DEBUG - [trading_loop] [N/A] ⏱ Skipping EMA_Cross_ema50, not yet time (every 5m)
2025-04-17 18:49:00 - DEBUG - [trading_loop] [N/A] ⏱ Skipping EMA_Cross_candle, not yet time (every 5m)
2025-04-17 18:49:00 - DEBUG - [trading_loop] [N/A] ⏱ Skipping VWAP_diff_signal_1700, not yet time (every 5m)
2025-04-17 18:49:00 - DEBUG - [trading_loop] [N/A] ⏱ Skipping SMA_Cross_sma50, not yet time (every 5m)
2025-04-17 18:49:00 - DEBUG - [trading_loop] [N/A] ⏱ Skipping SMA_Cross_candle, not yet time (every 5m)
2025-04-17 18:49:00 - DEBUG - [trading_loop] [N/A] ⏱ Skipping VWAP_diff_signal_1700_volume, not yet time (every 5m)
2025-04-17 18:49:00 - DEBUG - [trading_loop] [N/A] ⏱ Skipping VWAP_diff_signal_rsi_1700, not yet time (every 5m)
2025-04-17 18:49:00 - INFO - [trading_loop] [N/A] 📊 Updating SL/TP for active orders
2025-04-17 18:49:01 - INFO - [_wait_until_next_iteration] [N/A] ⏳ Sleeping for 58.93 seconds before the next cycle
2025-04-17 18:50:00 - INFO - [_run_strategy_if_applicable] [N/A] ⏰ Strategy 'EMA_Cross_ema50' not executed because it's outside the time window: 16:35:00 - 16:50:00
2025-04-17 18:50:00 - INFO - [_run_strategy_if_applicable] [N/A] ⏰ Strategy 'EMA_Cross_candle' not executed because it's outside the time window: 16:35:00 - 16:50:00
2025-04-17 18:50:00 - INFO - [_run_strategy_if_applicable] [N/A] 🔄 Starting trading loop for strategy: VWAP_diff_signal_1700
2025-04-17 18:50:00 - DEBUG - [_run_single_trading_iteration] [CZR] 🚫 Trade not allowed for CZR (limit reached)
2025-04-17 18:50:00 - INFO - [get_stock_data] [MTCH] Requesting data for MTCH
2025-04-17 18:50:00 - INFO - [get_stock_data] [MTCH] Data received for MTCH: 106 rows
2025-04-17 18:50:00 - INFO - [check_vwap_diff_signal] [MTCH] Analyzing VWAP reversal signal for MTCH
2025-04-17 18:50:00 - INFO - [check_vwap_diff_signal] [MTCH] Close: 28.95 | Low: 28.93 | High: 29.0 | VWAP: 28.87577272984563
2025-04-17 18:50:00 - DEBUG - [check_vwap_diff_signal] [MTCH] [MTCH] Last Candela: VWAP-Low=-0.19%, High-VWAP=0.43%
2025-04-17 18:50:00 - DEBUG - [check_vwap_diff_signal] [MTCH] No VWAP signal detected
2025-04-17 18:50:00 - DEBUG - [_run_single_trading_iteration] [MTCH] 🔍 Signal for MTCH: None
2025-04-17 18:50:00 - INFO - [_run_single_trading_iteration] [MTCH] ℹ️ No valid signal for MTCH
2025-04-17 18:50:00 - INFO - [get_stock_data] [NCHL] Requesting data for NCHL
2025-04-17 18:50:00 - ERROR - [get_stock_data] [NCHL] Error retrieving data: 'NoneType' object has no attribute 'empty'
2025-04-17 18:50:00 - INFO - [get_stock_data] [HBAN] Requesting data for HBAN
2025-04-17 18:50:01 - INFO - [get_stock_data] [HBAN] Data received for HBAN: 106 rows
2025-04-17 18:50:01 - INFO - [check_vwap_diff_signal] [HBAN] Analyzing VWAP reversal signal for HBAN
2025-04-17 18:50:01 - INFO - [check_vwap_diff_signal] [HBAN] Close: 13.75 | Low: 13.74 | High: 13.8 | VWAP: 13.712297444531695
2025-04-17 18:50:01 - DEBUG - [check_vwap_diff_signal] [HBAN] [HBAN] Last Candela: VWAP-Low=-0.20%, High-VWAP=0.64%
2025-04-17 18:50:01 - DEBUG - [check_vwap_diff_signal] [HBAN] No VWAP signal detected
2025-04-17 18:50:01 - DEBUG - [_run_single_trading_iteration] [HBAN] 🔍 Signal for HBAN: None
2025-04-17 18:50:01 - INFO - [_run_single_trading_iteration] [HBAN] ℹ️ No valid signal for HBAN
2025-04-17 18:50:01 - INFO - [get_stock_data] [MRNA] Requesting data for MRNA
2025-04-17 18:50:01 - INFO - [get_stock_data] [MRNA] Data received for MRNA: 106 rows
2025-04-17 18:50:01 - INFO - [check_vwap_diff_signal] [MRNA] Analyzing VWAP reversal signal for MRNA
2025-04-17 18:50:01 - INFO - [check_vwap_diff_signal] [MRNA] Close: 24.73 | Low: 24.72 | High: 24.84 | VWAP: 24.941673401251226
2025-04-17 18:50:01 - DEBUG - [check_vwap_diff_signal] [MRNA] [MRNA] Last Candela: VWAP-Low=0.89%, High-VWAP=-0.41%
2025-04-17 18:50:01 - DEBUG - [check_vwap_diff_signal] [MRNA] No VWAP signal detected
2025-04-17 18:50:01 - DEBUG - [_run_single_trading_iteration] [MRNA] 🔍 Signal for MRNA: None
2025-04-17 18:50:01 - INFO - [_run_single_trading_iteration] [MRNA] ℹ️ No valid signal for MRNA
2025-04-17 18:50:01 - INFO - [get_stock_data] [WBD] Requesting data for WBD
2025-04-17 18:50:02 - INFO - [get_stock_data] [WBD] Data received for WBD: 106 rows
2025-04-17 18:50:02 - INFO - [check_vwap_diff_signal] [WBD] Analyzing VWAP reversal signal for WBD
2025-04-17 18:50:02 - INFO - [check_vwap_diff_signal] [WBD] Close: 8.01 | Low: 8.0 | High: 8.03 | VWAP: 8.03883661518016
2025-04-17 18:50:02 - DEBUG - [check_vwap_diff_signal] [WBD] [WBD] Last Candela: VWAP-Low=0.48%, High-VWAP=-0.11%
2025-04-17 18:50:02 - DEBUG - [check_vwap_diff_signal] [WBD] No VWAP signal detected
2025-04-17 18:50:02 - DEBUG - [_run_single_trading_iteration] [WBD] 🔍 Signal for WBD: None
2025-04-17 18:50:02 - INFO - [_run_single_trading_iteration] [WBD] ℹ️ No valid signal for WBD
2025-04-17 18:50:02 - INFO - [get_stock_data] [CMCSA] Requesting data for CMCSA
2025-04-17 18:50:02 - INFO - [get_stock_data] [CMCSA] Data received for CMCSA: 106 rows
2025-04-17 18:50:02 - INFO - [check_vwap_diff_signal] [CMCSA] Analyzing VWAP reversal signal for CMCSA
2025-04-17 18:50:02 - INFO - [check_vwap_diff_signal] [CMCSA] Close: 34.04 | Low: 34.0 | High: 34.08 | VWAP: 33.92896889378826
2025-04-17 18:50:02 - DEBUG - [check_vwap_diff_signal] [CMCSA] [CMCSA] Last Candela: VWAP-Low=-0.21%, High-VWAP=0.45%
2025-04-17 18:50:02 - DEBUG - [check_vwap_diff_signal] [CMCSA] No VWAP signal detected
2025-04-17 18:50:02 - DEBUG - [_run_single_trading_iteration] [CMCSA] 🔍 Signal for CMCSA: None
2025-04-17 18:50:02 - INFO - [_run_single_trading_iteration] [CMCSA] ℹ️ No valid signal for CMCSA
2025-04-17 18:50:02 - INFO - [_run_strategy_if_applicable] [N/A] ⏰ Strategy 'SMA_Cross_sma50' not executed because it's outside the time window: 16:35:00 - 16:50:00
2025-04-17 18:50:02 - INFO - [_run_strategy_if_applicable] [N/A] ⏰ Strategy 'SMA_Cross_candle' not executed because it's outside the time window: 16:35:00 - 16:50:00
2025-04-17 18:50:02 - INFO - [_run_strategy_if_applicable] [N/A] 🔄 Starting trading loop for strategy: VWAP_diff_signal_1700_volume
2025-04-17 18:50:02 - INFO - [get_stock_data] [GEN] Requesting data for GEN
2025-04-17 18:50:03 - INFO - [get_stock_data] [GEN] Data received for GEN: 106 rows
2025-04-17 18:50:03 - INFO - [check_vwap_diff_signal_with_volume] [GEN] Analyzing VWAP reversal signal for GEN
2025-04-17 18:50:03 - INFO - [check_vwap_diff_signal_with_volume] [GEN] Close: 24.44 | Low: 24.42 | High: 24.47 | VWAP: 24.40644189469145 | Volume Ratio: 1.99
2025-04-17 18:50:03 - DEBUG - [check_vwap_diff_signal_with_volume] [GEN] [GEN] Last Candle: VWAP-Low=-0.06%, High-VWAP=0.26%
2025-04-17 18:50:03 - DEBUG - [check_vwap_diff_signal_with_volume] [GEN] No VWAP+VolumeRatio signal detected
2025-04-17 18:50:03 - DEBUG - [_run_single_trading_iteration] [GEN] 🔍 Signal for GEN: None
2025-04-17 18:50:03 - INFO - [_run_single_trading_iteration] [GEN] ℹ️ No valid signal for GEN
2025-04-17 18:50:03 - INFO - [get_stock_data] [HPQ] Requesting data for HPQ
2025-04-17 18:50:04 - INFO - [get_stock_data] [HPQ] Data received for HPQ: 106 rows
2025-04-17 18:50:04 - INFO - [check_vwap_diff_signal_with_volume] [HPQ] Analyzing VWAP reversal signal for HPQ
2025-04-17 18:50:04 - INFO - [check_vwap_diff_signal_with_volume] [HPQ] Close: 23.73 | Low: 23.7 | High: 23.77 | VWAP: 23.709059095271382 | Volume Ratio: 0.44
2025-04-17 18:50:04 - DEBUG - [check_vwap_diff_signal_with_volume] [HPQ] [HPQ] Last Candle: VWAP-Low=0.04%, High-VWAP=0.26%
2025-04-17 18:50:04 - DEBUG - [check_vwap_diff_signal_with_volume] [HPQ] No VWAP+VolumeRatio signal detected
2025-04-17 18:50:04 - DEBUG - [_run_single_trading_iteration] [HPQ] 🔍 Signal for HPQ: None
2025-04-17 18:50:04 - INFO - [_run_single_trading_iteration] [HPQ] ℹ️ No valid signal for HPQ
2025-04-17 18:50:04 - INFO - [get_stock_data] [INTC] Requesting data for INTC
2025-04-17 18:50:04 - INFO - [get_stock_data] [INTC] Data received for INTC: 106 rows
2025-04-17 18:50:04 - INFO - [check_vwap_diff_signal_with_volume] [INTC] Analyzing VWAP reversal signal for INTC
2025-04-17 18:50:04 - INFO - [check_vwap_diff_signal_with_volume] [INTC] Close: 18.64 | Low: 18.62 | High: 18.7 | VWAP: 18.798367417183883 | Volume Ratio: 0.61
2025-04-17 18:50:04 - DEBUG - [check_vwap_diff_signal_with_volume] [INTC] [INTC] Last Candle: VWAP-Low=0.95%, High-VWAP=-0.52%
2025-04-17 18:50:04 - DEBUG - [check_vwap_diff_signal_with_volume] [INTC] No VWAP+VolumeRatio signal detected
2025-04-17 18:50:04 - DEBUG - [_run_single_trading_iteration] [INTC] 🔍 Signal for INTC: None
2025-04-17 18:50:04 - INFO - [_run_single_trading_iteration] [INTC] ℹ️ No valid signal for INTC
2025-04-17 18:50:04 - INFO - [get_stock_data] [RF] Requesting data for RF
2025-04-17 18:50:05 - INFO - [get_stock_data] [RF] Data received for RF: 106 rows
2025-04-17 18:50:05 - INFO - [check_vwap_diff_signal_with_volume] [RF] Analyzing VWAP reversal signal for RF
2025-04-17 18:50:05 - INFO - [check_vwap_diff_signal_with_volume] [RF] Close: 19.24 | Low: 19.22 | High: 19.29 | VWAP: 19.305387457427724 | Volume Ratio: 0.44
2025-04-17 18:50:05 - DEBUG - [check_vwap_diff_signal_with_volume] [RF] [RF] Last Candle: VWAP-Low=0.44%, High-VWAP=-0.08%
2025-04-17 18:50:05 - DEBUG - [check_vwap_diff_signal_with_volume] [RF] No VWAP+VolumeRatio signal detected
2025-04-17 18:50:05 - DEBUG - [_run_single_trading_iteration] [RF] 🔍 Signal for RF: None
2025-04-17 18:50:05 - INFO - [_run_single_trading_iteration] [RF] ℹ️ No valid signal for RF
2025-04-17 18:50:05 - INFO - [_run_strategy_if_applicable] [N/A] 🔄 Starting trading loop for strategy: VWAP_diff_signal_rsi_1700
2025-04-17 18:50:05 - INFO - [get_stock_data] [IVZ] Requesting data for IVZ
2025-04-17 18:50:05 - INFO - [get_stock_data] [IVZ] Data received for IVZ: 107 rows
2025-04-17 18:50:05 - INFO - [check_vwap_diff_signal_with_rsi] [IVZ] Analyzing VWAP reversal signal for IVZ
2025-04-17 18:50:05 - INFO - [check_vwap_diff_signal_with_rsi] [IVZ] Close: 12.83 | Low: 12.83 | High: 12.83 | VWAP: 12.828534969219323 | RSI: 53.87
2025-04-17 18:50:05 - DEBUG - [check_vwap_diff_signal_with_rsi] [IVZ] [IVZ] Last Candela: VWAP-Low=-0.01%, High-VWAP=0.01%
2025-04-17 18:50:05 - DEBUG - [check_vwap_diff_signal_with_rsi] [IVZ] No VWAP+RSI signal detected
2025-04-17 18:50:05 - DEBUG - [_run_single_trading_iteration] [IVZ] 🔍 Signal for IVZ: None
2025-04-17 18:50:05 - INFO - [_run_single_trading_iteration] [IVZ] ℹ️ No valid signal for IVZ
2025-04-17 18:50:05 - INFO - [get_stock_data] [FCX] Requesting data for FCX
2025-04-17 18:50:06 - INFO - [get_stock_data] [FCX] Data received for FCX: 107 rows
2025-04-17 18:50:06 - INFO - [check_vwap_diff_signal_with_rsi] [FCX] Analyzing VWAP reversal signal for FCX
2025-04-17 18:50:06 - INFO - [check_vwap_diff_signal_with_rsi] [FCX] Close: 32.85 | Low: 32.85 | High: 32.87 | VWAP: 32.969442282122465 | RSI: 47.19
2025-04-17 18:50:06 - DEBUG - [check_vwap_diff_signal_with_rsi] [FCX] [FCX] Last Candela: VWAP-Low=0.36%, High-VWAP=-0.30%
2025-04-17 18:50:06 - DEBUG - [check_vwap_diff_signal_with_rsi] [FCX] No VWAP+RSI signal detected
2025-04-17 18:50:06 - DEBUG - [_run_single_trading_iteration] [FCX] 🔍 Signal for FCX: None
2025-04-17 18:50:06 - INFO - [_run_single_trading_iteration] [FCX] ℹ️ No valid signal for FCX
2025-04-17 18:50:06 - INFO - [get_stock_data] [HST] Requesting data for HST
2025-04-17 18:50:06 - INFO - [get_stock_data] [HST] Data received for HST: 107 rows
2025-04-17 18:50:06 - INFO - [check_vwap_diff_signal_with_rsi] [HST] Analyzing VWAP reversal signal for HST
2025-04-17 18:50:06 - INFO - [check_vwap_diff_signal_with_rsi] [HST] Close: 13.65 | Low: 13.65 | High: 13.65 | VWAP: 13.678161423610232 | RSI: 54.01
2025-04-17 18:50:06 - DEBUG - [check_vwap_diff_signal_with_rsi] [HST] [HST] Last Candela: VWAP-Low=0.21%, High-VWAP=-0.21%
2025-04-17 18:50:06 - DEBUG - [check_vwap_diff_signal_with_rsi] [HST] No VWAP+RSI signal detected
2025-04-17 18:50:06 - DEBUG - [_run_single_trading_iteration] [HST] 🔍 Signal for HST: None
2025-04-17 18:50:06 - INFO - [_run_single_trading_iteration] [HST] ℹ️ No valid signal for HST
2025-04-17 18:50:06 - INFO - [get_stock_data] [IVZ] Requesting data for IVZ
2025-04-17 18:50:07 - INFO - [get_stock_data] [IVZ] Data received for IVZ: 107 rows
2025-04-17 18:50:07 - INFO - [check_vwap_diff_signal_with_rsi] [IVZ] Analyzing VWAP reversal signal for IVZ
2025-04-17 18:50:07 - INFO - [check_vwap_diff_signal_with_rsi] [IVZ] Close: 12.83 | Low: 12.83 | High: 12.83 | VWAP: 12.828534969219323 | RSI: 53.87
2025-04-17 18:50:07 - DEBUG - [check_vwap_diff_signal_with_rsi] [IVZ] [IVZ] Last Candela: VWAP-Low=-0.01%, High-VWAP=0.01%
2025-04-17 18:50:07 - DEBUG - [check_vwap_diff_signal_with_rsi] [IVZ] No VWAP+RSI signal detected
2025-04-17 18:50:07 - DEBUG - [_run_single_trading_iteration] [IVZ] 🔍 Signal for IVZ: None
2025-04-17 18:50:07 - INFO - [_run_single_trading_iteration] [IVZ] ℹ️ No valid signal for IVZ
2025-04-17 18:50:07 - INFO - [get_stock_data] [NEM] Requesting data for NEM
2025-04-17 18:50:07 - INFO - [get_stock_data] [NEM] Data received for NEM: 107 rows
2025-04-17 18:50:07 - INFO - [check_vwap_diff_signal_with_rsi] [NEM] Analyzing VWAP reversal signal for NEM
2025-04-17 18:50:07 - INFO - [check_vwap_diff_signal_with_rsi] [NEM] Close: 54.85 | Low: 54.83 | High: 54.86 | VWAP: 55.361070007377386 | RSI: 35.23
2025-04-17 18:50:07 - DEBUG - [check_vwap_diff_signal_with_rsi] [NEM] [NEM] Last Candela: VWAP-Low=0.96%, High-VWAP=-0.91%
2025-04-17 18:50:07 - DEBUG - [check_vwap_diff_signal_with_rsi] [NEM] No VWAP+RSI signal detected
2025-04-17 18:50:07 - DEBUG - [_run_single_trading_iteration] [NEM] 🔍 Signal for NEM: None
2025-04-17 18:50:07 - INFO - [_run_single_trading_iteration] [NEM] ℹ️ No valid signal for NEM
2025-04-17 18:50:07 - INFO - [get_stock_data] [LUV] Requesting data for LUV
2025-04-17 18:50:08 - INFO - [get_stock_data] [LUV] Data received for LUV: 107 rows
2025-04-17 18:50:08 - INFO - [check_vwap_diff_signal_with_rsi] [LUV] Analyzing VWAP reversal signal for LUV
2025-04-17 18:50:08 - INFO - [check_vwap_diff_signal_with_rsi] [LUV] Close: 24.58 | Low: 24.57 | High: 24.58 | VWAP: 24.58381790313332 | RSI: 48.00
2025-04-17 18:50:08 - DEBUG - [check_vwap_diff_signal_with_rsi] [LUV] [LUV] Last Candela: VWAP-Low=0.06%, High-VWAP=-0.02%
2025-04-17 18:50:08 - DEBUG - [check_vwap_diff_signal_with_rsi] [LUV] No VWAP+RSI signal detected
2025-04-17 18:50:08 - DEBUG - [_run_single_trading_iteration] [LUV] 🔍 Signal for LUV: None
2025-04-17 18:50:08 - INFO - [_run_single_trading_iteration] [LUV] ℹ️ No valid signal for LUV
2025-04-17 18:50:08 - INFO - [trading_loop] [N/A] 📊 Updating SL/TP for active orders
2025-04-17 18:50:09 - INFO - [_wait_until_next_iteration] [N/A] ⏳ Sleeping for 50.50 seconds before the next cycle
2025-04-17 18:51:00 - DEBUG - [trading_loop] [N/A] ⏱ Skipping EMA_Cross_ema50, not yet time (every 5m)
2025-04-17 18:51:00 - DEBUG - [trading_loop] [N/A] ⏱ Skipping EMA_Cross_candle, not yet time (every 5m)
2025-04-17 18:51:00 - DEBUG - [trading_loop] [N/A] ⏱ Skipping VWAP_diff_signal_1700, not yet time (every 5m)
2025-04-17 18:51:00 - DEBUG - [trading_loop] [N/A] ⏱ Skipping SMA_Cross_sma50, not yet time (every 5m)
2025-04-17 18:51:00 - DEBUG - [trading_loop] [N/A] ⏱ Skipping SMA_Cross_candle, not yet time (every 5m)
2025-04-17 18:51:00 - DEBUG - [trading_loop] [N/A] ⏱ Skipping VWAP_diff_signal_1700_volume, not yet time (every 5m)
2025-04-17 18:51:00 - DEBUG - [trading_loop] [N/A] ⏱ Skipping VWAP_diff_signal_rsi_1700, not yet time (every 5m)
2025-04-17 18:51:00 - INFO - [trading_loop] [N/A] 📊 Updating SL/TP for active orders
2025-04-17 18:51:01 - INFO - [_wait_until_next_iteration] [N/A] ⏳ Sleeping for 58.94 seconds before the next cycle
2025-04-17 18:52:00 - DEBUG - [trading_loop] [N/A] ⏱ Skipping EMA_Cross_ema50, not yet time (every 5m)
2025-04-17 18:52:00 - DEBUG - [trading_loop] [N/A] ⏱ Skipping EMA_Cross_candle, not yet time (every 5m)
2025-04-17 18:52:00 - DEBUG - [trading_loop] [N/A] ⏱ Skipping VWAP_diff_signal_1700, not yet time (every 5m)
2025-04-17 18:52:00 - DEBUG - [trading_loop] [N/A] ⏱ Skipping SMA_Cross_sma50, not yet time (every 5m)
2025-04-17 18:52:00 - DEBUG - [trading_loop] [N/A] ⏱ Skipping SMA_Cross_candle, not yet time (every 5m)
2025-04-17 18:52:00 - DEBUG - [trading_loop] [N/A] ⏱ Skipping VWAP_diff_signal_1700_volume, not yet time (every 5m)
2025-04-17 18:52:00 - DEBUG - [trading_loop] [N/A] ⏱ Skipping VWAP_diff_signal_rsi_1700, not yet time (every 5m)
2025-04-17 18:52:00 - INFO - [trading_loop] [N/A] 📊 Updating SL/TP for active orders
2025-04-17 18:52:01 - INFO - [_wait_until_next_iteration] [N/A] ⏳ Sleeping for 58.95 seconds before the next cycle
2025-04-17 18:53:00 - DEBUG - [trading_loop] [N/A] ⏱ Skipping EMA_Cross_ema50, not yet time (every 5m)
2025-04-17 18:53:00 - DEBUG - [trading_loop] [N/A] ⏱ Skipping EMA_Cross_candle, not yet time (every 5m)
2025-04-17 18:53:00 - DEBUG - [trading_loop] [N/A] ⏱ Skipping VWAP_diff_signal_1700, not yet time (every 5m)
2025-04-17 18:53:00 - DEBUG - [trading_loop] [N/A] ⏱ Skipping SMA_Cross_sma50, not yet time (every 5m)
2025-04-17 18:53:00 - DEBUG - [trading_loop] [N/A] ⏱ Skipping SMA_Cross_candle, not yet time (every 5m)
2025-04-17 18:53:00 - DEBUG - [trading_loop] [N/A] ⏱ Skipping VWAP_diff_signal_1700_volume, not yet time (every 5m)
2025-04-17 18:53:00 - DEBUG - [trading_loop] [N/A] ⏱ Skipping VWAP_diff_signal_rsi_1700, not yet time (every 5m)
2025-04-17 18:53:00 - INFO - [trading_loop] [N/A] 📊 Updating SL/TP for active orders
2025-04-17 18:53:01 - INFO - [_wait_until_next_iteration] [N/A] ⏳ Sleeping for 58.93 seconds before the next cycle
2025-04-17 18:54:00 - DEBUG - [trading_loop] [N/A] ⏱ Skipping EMA_Cross_ema50, not yet time (every 5m)
2025-04-17 18:54:00 - DEBUG - [trading_loop] [N/A] ⏱ Skipping EMA_Cross_candle, not yet time (every 5m)
2025-04-17 18:54:00 - DEBUG - [trading_loop] [N/A] ⏱ Skipping VWAP_diff_signal_1700, not yet time (every 5m)
2025-04-17 18:54:00 - DEBUG - [trading_loop] [N/A] ⏱ Skipping SMA_Cross_sma50, not yet time (every 5m)
2025-04-17 18:54:00 - DEBUG - [trading_loop] [N/A] ⏱ Skipping SMA_Cross_candle, not yet time (every 5m)
2025-04-17 18:54:00 - DEBUG - [trading_loop] [N/A] ⏱ Skipping VWAP_diff_signal_1700_volume, not yet time (every 5m)
2025-04-17 18:54:00 - DEBUG - [trading_loop] [N/A] ⏱ Skipping VWAP_diff_signal_rsi_1700, not yet time (every 5m)
2025-04-17 18:54:00 - INFO - [trading_loop] [N/A] 📊 Updating SL/TP for active orders
2025-04-17 18:54:01 - INFO - [_wait_until_next_iteration] [N/A] ⏳ Sleeping for 58.93 seconds before the next cycle
2025-04-17 18:55:00 - INFO - [_run_strategy_if_applicable] [N/A] ⏰ Strategy 'EMA_Cross_ema50' not executed because it's outside the time window: 16:35:00 - 16:50:00
2025-04-17 18:55:00 - INFO - [_run_strategy_if_applicable] [N/A] ⏰ Strategy 'EMA_Cross_candle' not executed because it's outside the time window: 16:35:00 - 16:50:00
2025-04-17 18:55:00 - INFO - [_run_strategy_if_applicable] [N/A] 🔄 Starting trading loop for strategy: VWAP_diff_signal_1700
2025-04-17 18:55:00 - DEBUG - [_run_single_trading_iteration] [CZR] 🚫 Trade not allowed for CZR (limit reached)
2025-04-17 18:55:00 - INFO - [get_stock_data] [MTCH] Requesting data for MTCH
2025-04-17 18:55:00 - INFO - [get_stock_data] [MTCH] Data received for MTCH: 107 rows
2025-04-17 18:55:00 - INFO - [check_vwap_diff_signal] [MTCH] Analyzing VWAP reversal signal for MTCH
2025-04-17 18:55:00 - INFO - [check_vwap_diff_signal] [MTCH] Close: 28.94 | Low: 28.94 | High: 29.01 | VWAP: 28.87718394633507
2025-04-17 18:55:00 - DEBUG - [check_vwap_diff_signal] [MTCH] [MTCH] Last Candela: VWAP-Low=-0.22%, High-VWAP=0.46%
2025-04-17 18:55:00 - DEBUG - [check_vwap_diff_signal] [MTCH] No VWAP signal detected
2025-04-17 18:55:00 - DEBUG - [_run_single_trading_iteration] [MTCH] 🔍 Signal for MTCH: None
2025-04-17 18:55:00 - INFO - [_run_single_trading_iteration] [MTCH] ℹ️ No valid signal for MTCH
2025-04-17 18:55:00 - INFO - [get_stock_data] [NCHL] Requesting data for NCHL
2025-04-17 18:55:00 - ERROR - [get_stock_data] [NCHL] Error retrieving data: 'NoneType' object has no attribute 'empty'
2025-04-17 18:55:00 - INFO - [get_stock_data] [HBAN] Requesting data for HBAN
2025-04-17 18:55:01 - INFO - [get_stock_data] [HBAN] Data received for HBAN: 107 rows
2025-04-17 18:55:01 - INFO - [check_vwap_diff_signal] [HBAN] Analyzing VWAP reversal signal for HBAN
2025-04-17 18:55:01 - INFO - [check_vwap_diff_signal] [HBAN] Close: 13.78 | Low: 13.73 | High: 13.8 | VWAP: 13.71434362530021
2025-04-17 18:55:01 - DEBUG - [check_vwap_diff_signal] [HBAN] [HBAN] Last Candela: VWAP-Low=-0.11%, High-VWAP=0.62%
2025-04-17 18:55:01 - DEBUG - [check_vwap_diff_signal] [HBAN] No VWAP signal detected
2025-04-17 18:55:01 - DEBUG - [_run_single_trading_iteration] [HBAN] 🔍 Signal for HBAN: None
2025-04-17 18:55:01 - INFO - [_run_single_trading_iteration] [HBAN] ℹ️ No valid signal for HBAN
2025-04-17 18:55:01 - INFO - [get_stock_data] [MRNA] Requesting data for MRNA
2025-04-17 18:55:01 - INFO - [get_stock_data] [MRNA] Data received for MRNA: 107 rows
2025-04-17 18:55:01 - INFO - [check_vwap_diff_signal] [MRNA] Analyzing VWAP reversal signal for MRNA
2025-04-17 18:55:01 - INFO - [check_vwap_diff_signal] [MRNA] Close: 24.69 | Low: 24.68 | High: 24.83 | VWAP: 24.93747544324881
2025-04-17 18:55:01 - DEBUG - [check_vwap_diff_signal] [MRNA] [MRNA] Last Candela: VWAP-Low=1.03%, High-VWAP=-0.43%
2025-04-17 18:55:01 - DEBUG - [check_vwap_diff_signal] [MRNA] No VWAP signal detected
2025-04-17 18:55:01 - DEBUG - [_run_single_trading_iteration] [MRNA] 🔍 Signal for MRNA: None
2025-04-17 18:55:01 - INFO - [_run_single_trading_iteration] [MRNA] ℹ️ No valid signal for MRNA
2025-04-17 18:55:01 - INFO - [get_stock_data] [WBD] Requesting data for WBD
2025-04-17 18:55:02 - INFO - [get_stock_data] [WBD] Data received for WBD: 107 rows
2025-04-17 18:55:02 - INFO - [check_vwap_diff_signal] [WBD] Analyzing VWAP reversal signal for WBD
2025-04-17 18:55:02 - INFO - [check_vwap_diff_signal] [WBD] Close: 8.02 | Low: 7.99 | High: 8.04 | VWAP: 8.038114370153265
2025-04-17 18:55:02 - DEBUG - [check_vwap_diff_signal] [WBD] [WBD] Last Candela: VWAP-Low=0.60%, High-VWAP=0.02%
2025-04-17 18:55:02 - DEBUG - [check_vwap_diff_signal] [WBD] No VWAP signal detected
2025-04-17 18:55:02 - DEBUG - [_run_single_trading_iteration] [WBD] 🔍 Signal for WBD: None
2025-04-17 18:55:02 - INFO - [_run_single_trading_iteration] [WBD] ℹ️ No valid signal for WBD
2025-04-17 18:55:02 - INFO - [get_stock_data] [CMCSA] Requesting data for CMCSA
2025-04-17 18:55:02 - INFO - [get_stock_data] [CMCSA] Data received for CMCSA: 107 rows
2025-04-17 18:55:02 - INFO - [check_vwap_diff_signal] [CMCSA] Analyzing VWAP reversal signal for CMCSA
2025-04-17 18:55:03 - INFO - [check_vwap_diff_signal] [CMCSA] Close: 34.01 | Low: 34.0 | High: 34.1 | VWAP: 33.93028472696618
2025-04-17 18:55:03 - DEBUG - [check_vwap_diff_signal] [CMCSA] [CMCSA] Last Candela: VWAP-Low=-0.21%, High-VWAP=0.50%
2025-04-17 18:55:03 - DEBUG - [check_vwap_diff_signal] [CMCSA] No VWAP signal detected
2025-04-17 18:55:03 - DEBUG - [_run_single_trading_iteration] [CMCSA] 🔍 Signal for CMCSA: None
2025-04-17 18:55:03 - INFO - [_run_single_trading_iteration] [CMCSA] ℹ️ No valid signal for CMCSA
2025-04-17 18:55:03 - INFO - [_run_strategy_if_applicable] [N/A] ⏰ Strategy 'SMA_Cross_sma50' not executed because it's outside the time window: 16:35:00 - 16:50:00
2025-04-17 18:55:03 - INFO - [_run_strategy_if_applicable] [N/A] ⏰ Strategy 'SMA_Cross_candle' not executed because it's outside the time window: 16:35:00 - 16:50:00
2025-04-17 18:55:03 - INFO - [_run_strategy_if_applicable] [N/A] 🔄 Starting trading loop for strategy: VWAP_diff_signal_1700_volume
2025-04-17 18:55:03 - INFO - [get_stock_data] [GEN] Requesting data for GEN
2025-04-17 18:55:03 - INFO - [get_stock_data] [GEN] Data received for GEN: 107 rows
2025-04-17 18:55:03 - INFO - [check_vwap_diff_signal_with_volume] [GEN] Analyzing VWAP reversal signal for GEN
2025-04-17 18:55:03 - INFO - [check_vwap_diff_signal_with_volume] [GEN] Close: 24.43 | Low: 24.41 | High: 24.47 | VWAP: 24.40676739550862 | Volume Ratio: 0.70
2025-04-17 18:55:03 - DEBUG - [check_vwap_diff_signal_with_volume] [GEN] [GEN] Last Candle: VWAP-Low=-0.01%, High-VWAP=0.26%
2025-04-17 18:55:03 - DEBUG - [check_vwap_diff_signal_with_volume] [GEN] No VWAP+VolumeRatio signal detected
2025-04-17 18:55:03 - DEBUG - [_run_single_trading_iteration] [GEN] 🔍 Signal for GEN: None
2025-04-17 18:55:03 - INFO - [_run_single_trading_iteration] [GEN] ℹ️ No valid signal for GEN
2025-04-17 18:55:03 - INFO - [get_stock_data] [HPQ] Requesting data for HPQ
2025-04-17 18:55:04 - INFO - [get_stock_data] [HPQ] Data received for HPQ: 107 rows
2025-04-17 18:55:04 - INFO - [check_vwap_diff_signal_with_volume] [HPQ] Analyzing VWAP reversal signal for HPQ
2025-04-17 18:55:04 - INFO - [check_vwap_diff_signal_with_volume] [HPQ] Close: 23.71 | Low: 23.69 | High: 23.78 | VWAP: 23.709068439863845 | Volume Ratio: 0.43
2025-04-17 18:55:04 - DEBUG - [check_vwap_diff_signal_with_volume] [HPQ] [HPQ] Last Candle: VWAP-Low=0.08%, High-VWAP=0.30%
2025-04-17 18:55:04 - DEBUG - [check_vwap_diff_signal_with_volume] [HPQ] No VWAP+VolumeRatio signal detected
2025-04-17 18:55:04 - DEBUG - [_run_single_trading_iteration] [HPQ] 🔍 Signal for HPQ: None
2025-04-17 18:55:04 - INFO - [_run_single_trading_iteration] [HPQ] ℹ️ No valid signal for HPQ
2025-04-17 18:55:04 - INFO - [get_stock_data] [INTC] Requesting data for INTC
2025-04-17 18:55:04 - INFO - [get_stock_data] [INTC] Data received for INTC: 107 rows
2025-04-17 18:55:04 - INFO - [check_vwap_diff_signal_with_volume] [INTC] Analyzing VWAP reversal signal for INTC
2025-04-17 18:55:04 - INFO - [check_vwap_diff_signal_with_volume] [INTC] Close: 18.64 | Low: 18.63 | High: 18.71 | VWAP: 18.794624044391078 | Volume Ratio: 0.92
2025-04-17 18:55:04 - DEBUG - [check_vwap_diff_signal_with_volume] [INTC] [INTC] Last Candle: VWAP-Low=0.88%, High-VWAP=-0.45%
2025-04-17 18:55:04 - DEBUG - [check_vwap_diff_signal_with_volume] [INTC] No VWAP+VolumeRatio signal detected
2025-04-17 18:55:04 - DEBUG - [_run_single_trading_iteration] [INTC] 🔍 Signal for INTC: None
2025-04-17 18:55:04 - INFO - [_run_single_trading_iteration] [INTC] ℹ️ No valid signal for INTC
2025-04-17 18:55:04 - INFO - [get_stock_data] [RF] Requesting data for RF
2025-04-17 18:55:05 - INFO - [get_stock_data] [RF] Data received for RF: 107 rows
2025-04-17 18:55:05 - INFO - [check_vwap_diff_signal_with_volume] [RF] Analyzing VWAP reversal signal for RF
2025-04-17 18:55:05 - INFO - [check_vwap_diff_signal_with_volume] [RF] Close: 19.22 | Low: 19.22 | High: 19.29 | VWAP: 19.30384874097135 | Volume Ratio: 0.83
2025-04-17 18:55:05 - DEBUG - [check_vwap_diff_signal_with_volume] [RF] [RF] Last Candle: VWAP-Low=0.43%, High-VWAP=-0.07%
2025-04-17 18:55:05 - DEBUG - [check_vwap_diff_signal_with_volume] [RF] No VWAP+VolumeRatio signal detected
2025-04-17 18:55:05 - DEBUG - [_run_single_trading_iteration] [RF] 🔍 Signal for RF: None
2025-04-17 18:55:05 - INFO - [_run_single_trading_iteration] [RF] ℹ️ No valid signal for RF
2025-04-17 18:55:05 - INFO - [_run_strategy_if_applicable] [N/A] 🔄 Starting trading loop for strategy: VWAP_diff_signal_rsi_1700
2025-04-17 18:55:05 - INFO - [get_stock_data] [IVZ] Requesting data for IVZ
2025-04-17 18:55:05 - INFO - [get_stock_data] [IVZ] Data received for IVZ: 107 rows
2025-04-17 18:55:05 - INFO - [check_vwap_diff_signal_with_rsi] [IVZ] Analyzing VWAP reversal signal for IVZ
2025-04-17 18:55:05 - INFO - [check_vwap_diff_signal_with_rsi] [IVZ] Close: 12.84 | Low: 12.81 | High: 12.86 | VWAP: 12.828839734404115 | RSI: 55.22
2025-04-17 18:55:05 - DEBUG - [check_vwap_diff_signal_with_rsi] [IVZ] [IVZ] Last Candela: VWAP-Low=0.15%, High-VWAP=0.24%
2025-04-17 18:55:05 - DEBUG - [check_vwap_diff_signal_with_rsi] [IVZ] No VWAP+RSI signal detected
2025-04-17 18:55:05 - DEBUG - [_run_single_trading_iteration] [IVZ] 🔍 Signal for IVZ: None
2025-04-17 18:55:05 - INFO - [_run_single_trading_iteration] [IVZ] ℹ️ No valid signal for IVZ
2025-04-17 18:55:05 - INFO - [get_stock_data] [FCX] Requesting data for FCX
2025-04-17 18:55:06 - INFO - [get_stock_data] [FCX] Data received for FCX: 108 rows
2025-04-17 18:55:06 - INFO - [check_vwap_diff_signal_with_rsi] [FCX] Analyzing VWAP reversal signal for FCX
2025-04-17 18:55:06 - INFO - [check_vwap_diff_signal_with_rsi] [FCX] Close: 32.82 | Low: 32.81 | High: 32.82 | VWAP: 32.966636210793574 | RSI: 46.15
2025-04-17 18:55:06 - DEBUG - [check_vwap_diff_signal_with_rsi] [FCX] [FCX] Last Candela: VWAP-Low=0.48%, High-VWAP=-0.44%
2025-04-17 18:55:06 - DEBUG - [check_vwap_diff_signal_with_rsi] [FCX] No VWAP+RSI signal detected
2025-04-17 18:55:06 - DEBUG - [_run_single_trading_iteration] [FCX] 🔍 Signal for FCX: None
2025-04-17 18:55:06 - INFO - [_run_single_trading_iteration] [FCX] ℹ️ No valid signal for FCX
2025-04-17 18:55:06 - INFO - [get_stock_data] [HST] Requesting data for HST
2025-04-17 18:55:06 - INFO - [get_stock_data] [HST] Data received for HST: 108 rows
2025-04-17 18:55:06 - INFO - [check_vwap_diff_signal_with_rsi] [HST] Analyzing VWAP reversal signal for HST
2025-04-17 18:55:06 - INFO - [check_vwap_diff_signal_with_rsi] [HST] Close: 13.65 | Low: 13.64 | High: 13.65 | VWAP: 13.677218959073803 | RSI: 54.01
2025-04-17 18:55:06 - DEBUG - [check_vwap_diff_signal_with_rsi] [HST] [HST] Last Candela: VWAP-Low=0.27%, High-VWAP=-0.20%
2025-04-17 18:55:06 - DEBUG - [check_vwap_diff_signal_with_rsi] [HST] No VWAP+RSI signal detected
2025-04-17 18:55:06 - DEBUG - [_run_single_trading_iteration] [HST] 🔍 Signal for HST: None
2025-04-17 18:55:06 - INFO - [_run_single_trading_iteration] [HST] ℹ️ No valid signal for HST
2025-04-17 18:55:06 - INFO - [get_stock_data] [IVZ] Requesting data for IVZ
2025-04-17 18:55:07 - INFO - [get_stock_data] [IVZ] Data received for IVZ: 108 rows
2025-04-17 18:55:07 - INFO - [check_vwap_diff_signal_with_rsi] [IVZ] Analyzing VWAP reversal signal for IVZ
2025-04-17 18:55:07 - INFO - [check_vwap_diff_signal_with_rsi] [IVZ] Close: 12.84 | Low: 12.84 | High: 12.84 | VWAP: 12.828839734404115 | RSI: 55.22
2025-04-17 18:55:07 - DEBUG - [check_vwap_diff_signal_with_rsi] [IVZ] [IVZ] Last Candela: VWAP-Low=-0.09%, High-VWAP=0.09%
2025-04-17 18:55:07 - DEBUG - [check_vwap_diff_signal_with_rsi] [IVZ] No VWAP+RSI signal detected
2025-04-17 18:55:07 - DEBUG - [_run_single_trading_iteration] [IVZ] 🔍 Signal for IVZ: None
2025-04-17 18:55:07 - INFO - [_run_single_trading_iteration] [IVZ] ℹ️ No valid signal for IVZ
2025-04-17 18:55:07 - INFO - [get_stock_data] [NEM] Requesting data for NEM
2025-04-17 18:55:07 - INFO - [get_stock_data] [NEM] Data received for NEM: 108 rows
2025-04-17 18:55:07 - INFO - [check_vwap_diff_signal_with_rsi] [NEM] Analyzing VWAP reversal signal for NEM
2025-04-17 18:55:07 - INFO - [check_vwap_diff_signal_with_rsi] [NEM] Close: 54.97 | Low: 54.95 | High: 54.97 | VWAP: 55.33976177206078 | RSI: 40.84
2025-04-17 18:55:07 - DEBUG - [check_vwap_diff_signal_with_rsi] [NEM] [NEM] Last Candela: VWAP-Low=0.70%, High-VWAP=-0.67%
2025-04-17 18:55:07 - DEBUG - [check_vwap_diff_signal_with_rsi] [NEM] No VWAP+RSI signal detected
2025-04-17 18:55:07 - DEBUG - [_run_single_trading_iteration] [NEM] 🔍 Signal for NEM: None
2025-04-17 18:55:07 - INFO - [_run_single_trading_iteration] [NEM] ℹ️ No valid signal for NEM
2025-04-17 18:55:07 - INFO - [get_stock_data] [LUV] Requesting data for LUV
2025-04-17 18:55:08 - INFO - [get_stock_data] [LUV] Data received for LUV: 108 rows
2025-04-17 18:55:08 - INFO - [check_vwap_diff_signal_with_rsi] [LUV] Analyzing VWAP reversal signal for LUV
2025-04-17 18:55:08 - INFO - [check_vwap_diff_signal_with_rsi] [LUV] Close: 24.53 | Low: 24.53 | High: 24.53 | VWAP: 24.582662885000353 | RSI: 45.15
2025-04-17 18:55:08 - DEBUG - [check_vwap_diff_signal_with_rsi] [LUV] [LUV] Last Candela: VWAP-Low=0.21%, High-VWAP=-0.21%
2025-04-17 18:55:08 - DEBUG - [check_vwap_diff_signal_with_rsi] [LUV] No VWAP+RSI signal detected
2025-04-17 18:55:08 - DEBUG - [_run_single_trading_iteration] [LUV] 🔍 Signal for LUV: None
2025-04-17 18:55:08 - INFO - [_run_single_trading_iteration] [LUV] ℹ️ No valid signal for LUV
2025-04-17 18:55:08 - INFO - [trading_loop] [N/A] 📊 Updating SL/TP for active orders
2025-04-17 18:55:09 - INFO - [_wait_until_next_iteration] [N/A] ⏳ Sleeping for 50.56 seconds before the next cycle
2025-04-17 18:56:00 - DEBUG - [trading_loop] [N/A] ⏱ Skipping EMA_Cross_ema50, not yet time (every 5m)
2025-04-17 18:56:00 - DEBUG - [trading_loop] [N/A] ⏱ Skipping EMA_Cross_candle, not yet time (every 5m)
2025-04-17 18:56:00 - DEBUG - [trading_loop] [N/A] ⏱ Skipping VWAP_diff_signal_1700, not yet time (every 5m)
2025-04-17 18:56:00 - DEBUG - [trading_loop] [N/A] ⏱ Skipping SMA_Cross_sma50, not yet time (every 5m)
2025-04-17 18:56:00 - DEBUG - [trading_loop] [N/A] ⏱ Skipping SMA_Cross_candle, not yet time (every 5m)
2025-04-17 18:56:00 - DEBUG - [trading_loop] [N/A] ⏱ Skipping VWAP_diff_signal_1700_volume, not yet time (every 5m)
2025-04-17 18:56:00 - DEBUG - [trading_loop] [N/A] ⏱ Skipping VWAP_diff_signal_rsi_1700, not yet time (every 5m)
2025-04-17 18:56:00 - INFO - [trading_loop] [N/A] 📊 Updating SL/TP for active orders
2025-04-17 18:56:01 - INFO - [_wait_until_next_iteration] [N/A] ⏳ Sleeping for 58.93 seconds before the next cycle
2025-04-17 18:57:00 - DEBUG - [trading_loop] [N/A] ⏱ Skipping EMA_Cross_ema50, not yet time (every 5m)
2025-04-17 18:57:00 - DEBUG - [trading_loop] [N/A] ⏱ Skipping EMA_Cross_candle, not yet time (every 5m)
2025-04-17 18:57:00 - DEBUG - [trading_loop] [N/A] ⏱ Skipping VWAP_diff_signal_1700, not yet time (every 5m)
2025-04-17 18:57:00 - DEBUG - [trading_loop] [N/A] ⏱ Skipping SMA_Cross_sma50, not yet time (every 5m)
2025-04-17 18:57:00 - DEBUG - [trading_loop] [N/A] ⏱ Skipping SMA_Cross_candle, not yet time (every 5m)
2025-04-17 18:57:00 - DEBUG - [trading_loop] [N/A] ⏱ Skipping VWAP_diff_signal_1700_volume, not yet time (every 5m)
2025-04-17 18:57:00 - DEBUG - [trading_loop] [N/A] ⏱ Skipping VWAP_diff_signal_rsi_1700, not yet time (every 5m)
2025-04-17 18:57:00 - INFO - [trading_loop] [N/A] 📊 Updating SL/TP for active orders
2025-04-17 18:57:01 - INFO - [_wait_until_next_iteration] [N/A] ⏳ Sleeping for 58.93 seconds before the next cycle
2025-04-17 18:58:00 - DEBUG - [trading_loop] [N/A] ⏱ Skipping EMA_Cross_ema50, not yet time (every 5m)
2025-04-17 18:58:00 - DEBUG - [trading_loop] [N/A] ⏱ Skipping EMA_Cross_candle, not yet time (every 5m)
2025-04-17 18:58:00 - DEBUG - [trading_loop] [N/A] ⏱ Skipping VWAP_diff_signal_1700, not yet time (every 5m)
2025-04-17 18:58:00 - DEBUG - [trading_loop] [N/A] ⏱ Skipping SMA_Cross_sma50, not yet time (every 5m)
2025-04-17 18:58:00 - DEBUG - [trading_loop] [N/A] ⏱ Skipping SMA_Cross_candle, not yet time (every 5m)
2025-04-17 18:58:00 - DEBUG - [trading_loop] [N/A] ⏱ Skipping VWAP_diff_signal_1700_volume, not yet time (every 5m)
2025-04-17 18:58:00 - DEBUG - [trading_loop] [N/A] ⏱ Skipping VWAP_diff_signal_rsi_1700, not yet time (every 5m)
2025-04-17 18:58:00 - INFO - [trading_loop] [N/A] 📊 Updating SL/TP for active orders
2025-04-17 18:58:01 - INFO - [_wait_until_next_iteration] [N/A] ⏳ Sleeping for 58.93 seconds before the next cycle
2025-04-17 18:59:00 - DEBUG - [trading_loop] [N/A] ⏱ Skipping EMA_Cross_ema50, not yet time (every 5m)
2025-04-17 18:59:00 - DEBUG - [trading_loop] [N/A] ⏱ Skipping EMA_Cross_candle, not yet time (every 5m)
2025-04-17 18:59:00 - DEBUG - [trading_loop] [N/A] ⏱ Skipping VWAP_diff_signal_1700, not yet time (every 5m)
2025-04-17 18:59:00 - DEBUG - [trading_loop] [N/A] ⏱ Skipping SMA_Cross_sma50, not yet time (every 5m)
2025-04-17 18:59:00 - DEBUG - [trading_loop] [N/A] ⏱ Skipping SMA_Cross_candle, not yet time (every 5m)
2025-04-17 18:59:00 - DEBUG - [trading_loop] [N/A] ⏱ Skipping VWAP_diff_signal_1700_volume, not yet time (every 5m)
2025-04-17 18:59:00 - DEBUG - [trading_loop] [N/A] ⏱ Skipping VWAP_diff_signal_rsi_1700, not yet time (every 5m)
2025-04-17 18:59:00 - INFO - [trading_loop] [N/A] 📊 Updating SL/TP for active orders
2025-04-17 18:59:01 - INFO - [_wait_until_next_iteration] [N/A] ⏳ Sleeping for 58.92 seconds before the next cycle
2025-04-17 19:00:00 - INFO - [_run_strategy_if_applicable] [N/A] ⏰ Strategy 'EMA_Cross_ema50' not executed because it's outside the time window: 16:35:00 - 16:50:00
2025-04-17 19:00:00 - INFO - [_run_strategy_if_applicable] [N/A] ⏰ Strategy 'EMA_Cross_candle' not executed because it's outside the time window: 16:35:00 - 16:50:00
2025-04-17 19:00:00 - INFO - [_run_strategy_if_applicable] [N/A] ⏰ Strategy 'VWAP_diff_signal_1700' not executed because it's outside the time window: 17:30:00 - 19:00:00
2025-04-17 19:00:00 - INFO - [_run_strategy_if_applicable] [N/A] ⏰ Strategy 'SMA_Cross_sma50' not executed because it's outside the time window: 16:35:00 - 16:50:00
2025-04-17 19:00:00 - INFO - [_run_strategy_if_applicable] [N/A] ⏰ Strategy 'SMA_Cross_candle' not executed because it's outside the time window: 16:35:00 - 16:50:00
2025-04-17 19:00:00 - INFO - [_run_strategy_if_applicable] [N/A] ⏰ Strategy 'VWAP_diff_signal_1700_volume' not executed because it's outside the time window: 17:30:00 - 19:00:00
2025-04-17 19:00:00 - INFO - [_run_strategy_if_applicable] [N/A] ⏰ Strategy 'VWAP_diff_signal_rsi_1700' not executed because it's outside the time window: 17:30:00 - 19:00:00
2025-04-17 19:00:00 - INFO - [trading_loop] [N/A] 📊 Updating SL/TP for active orders
2025-04-17 19:00:01 - INFO - [_wait_until_next_iteration] [N/A] ⏳ Sleeping for 58.93 seconds before the next cycle
2025-04-17 19:01:00 - DEBUG - [trading_loop] [N/A] ⏱ Skipping EMA_Cross_ema50, not yet time (every 5m)
2025-04-17 19:01:00 - DEBUG - [trading_loop] [N/A] ⏱ Skipping EMA_Cross_candle, not yet time (every 5m)
2025-04-17 19:01:00 - DEBUG - [trading_loop] [N/A] ⏱ Skipping VWAP_diff_signal_1700, not yet time (every 5m)
2025-04-17 19:01:00 - DEBUG - [trading_loop] [N/A] ⏱ Skipping SMA_Cross_sma50, not yet time (every 5m)
2025-04-17 19:01:00 - DEBUG - [trading_loop] [N/A] ⏱ Skipping SMA_Cross_candle, not yet time (every 5m)
2025-04-17 19:01:00 - DEBUG - [trading_loop] [N/A] ⏱ Skipping VWAP_diff_signal_1700_volume, not yet time (every 5m)
2025-04-17 19:01:00 - DEBUG - [trading_loop] [N/A] ⏱ Skipping VWAP_diff_signal_rsi_1700, not yet time (every 5m)
2025-04-17 19:01:00 - INFO - [trading_loop] [N/A] 📊 Updating SL/TP for active orders
2025-04-17 19:01:01 - INFO - [_wait_until_next_iteration] [N/A] ⏳ Sleeping for 58.89 seconds before the next cycle
2025-04-17 19:02:00 - DEBUG - [trading_loop] [N/A] ⏱ Skipping EMA_Cross_ema50, not yet time (every 5m)
2025-04-17 19:02:00 - DEBUG - [trading_loop] [N/A] ⏱ Skipping EMA_Cross_candle, not yet time (every 5m)
2025-04-17 19:02:00 - DEBUG - [trading_loop] [N/A] ⏱ Skipping VWAP_diff_signal_1700, not yet time (every 5m)
2025-04-17 19:02:00 - DEBUG - [trading_loop] [N/A] ⏱ Skipping SMA_Cross_sma50, not yet time (every 5m)
2025-04-17 19:02:00 - DEBUG - [trading_loop] [N/A] ⏱ Skipping SMA_Cross_candle, not yet time (every 5m)
2025-04-17 19:02:00 - DEBUG - [trading_loop] [N/A] ⏱ Skipping VWAP_diff_signal_1700_volume, not yet time (every 5m)
2025-04-17 19:02:00 - DEBUG - [trading_loop] [N/A] ⏱ Skipping VWAP_diff_signal_rsi_1700, not yet time (every 5m)
2025-04-17 19:02:00 - INFO - [trading_loop] [N/A] 📊 Updating SL/TP for active orders
2025-04-17 19:02:01 - INFO - [_wait_until_next_iteration] [N/A] ⏳ Sleeping for 58.99 seconds before the next cycle
2025-04-17 19:03:00 - DEBUG - [trading_loop] [N/A] ⏱ Skipping EMA_Cross_ema50, not yet time (every 5m)
2025-04-17 19:03:00 - DEBUG - [trading_loop] [N/A] ⏱ Skipping EMA_Cross_candle, not yet time (every 5m)
2025-04-17 19:03:00 - DEBUG - [trading_loop] [N/A] ⏱ Skipping VWAP_diff_signal_1700, not yet time (every 5m)
2025-04-17 19:03:00 - DEBUG - [trading_loop] [N/A] ⏱ Skipping SMA_Cross_sma50, not yet time (every 5m)
2025-04-17 19:03:00 - DEBUG - [trading_loop] [N/A] ⏱ Skipping SMA_Cross_candle, not yet time (every 5m)
2025-04-17 19:03:00 - DEBUG - [trading_loop] [N/A] ⏱ Skipping VWAP_diff_signal_1700_volume, not yet time (every 5m)
2025-04-17 19:03:00 - DEBUG - [trading_loop] [N/A] ⏱ Skipping VWAP_diff_signal_rsi_1700, not yet time (every 5m)
2025-04-17 19:03:00 - INFO - [trading_loop] [N/A] 📊 Updating SL/TP for active orders
2025-04-17 19:03:01 - INFO - [_wait_until_next_iteration] [N/A] ⏳ Sleeping for 58.93 seconds before the next cycle
2025-04-17 19:04:00 - DEBUG - [trading_loop] [N/A] ⏱ Skipping EMA_Cross_ema50, not yet time (every 5m)
2025-04-17 19:04:00 - DEBUG - [trading_loop] [N/A] ⏱ Skipping EMA_Cross_candle, not yet time (every 5m)
2025-04-17 19:04:00 - DEBUG - [trading_loop] [N/A] ⏱ Skipping VWAP_diff_signal_1700, not yet time (every 5m)
2025-04-17 19:04:00 - DEBUG - [trading_loop] [N/A] ⏱ Skipping SMA_Cross_sma50, not yet time (every 5m)
2025-04-17 19:04:00 - DEBUG - [trading_loop] [N/A] ⏱ Skipping SMA_Cross_candle, not yet time (every 5m)
2025-04-17 19:04:00 - DEBUG - [trading_loop] [N/A] ⏱ Skipping VWAP_diff_signal_1700_volume, not yet time (every 5m)
2025-04-17 19:04:00 - DEBUG - [trading_loop] [N/A] ⏱ Skipping VWAP_diff_signal_rsi_1700, not yet time (every 5m)
2025-04-17 19:04:00 - INFO - [trading_loop] [N/A] 📊 Updating SL/TP for active orders
2025-04-17 19:04:01 - INFO - [_wait_until_next_iteration] [N/A] ⏳ Sleeping for 58.94 seconds before the next cycle
2025-04-17 19:05:00 - INFO - [_run_strategy_if_applicable] [N/A] ⏰ Strategy 'EMA_Cross_ema50' not executed because it's outside the time window: 16:35:00 - 16:50:00
2025-04-17 19:05:00 - INFO - [_run_strategy_if_applicable] [N/A] ⏰ Strategy 'EMA_Cross_candle' not executed because it's outside the time window: 16:35:00 - 16:50:00
2025-04-17 19:05:00 - INFO - [_run_strategy_if_applicable] [N/A] ⏰ Strategy 'VWAP_diff_signal_1700' not executed because it's outside the time window: 17:30:00 - 19:00:00
2025-04-17 19:05:00 - INFO - [_run_strategy_if_applicable] [N/A] ⏰ Strategy 'SMA_Cross_sma50' not executed because it's outside the time window: 16:35:00 - 16:50:00
2025-04-17 19:05:00 - INFO - [_run_strategy_if_applicable] [N/A] ⏰ Strategy 'SMA_Cross_candle' not executed because it's outside the time window: 16:35:00 - 16:50:00
2025-04-17 19:05:00 - INFO - [_run_strategy_if_applicable] [N/A] ⏰ Strategy 'VWAP_diff_signal_1700_volume' not executed because it's outside the time window: 17:30:00 - 19:00:00
2025-04-17 19:05:00 - INFO - [_run_strategy_if_applicable] [N/A] ⏰ Strategy 'VWAP_diff_signal_rsi_1700' not executed because it's outside the time window: 17:30:00 - 19:00:00
2025-04-17 19:05:00 - INFO - [trading_loop] [N/A] 📊 Updating SL/TP for active orders
2025-04-17 19:05:01 - INFO - [_wait_until_next_iteration] [N/A] ⏳ Sleeping for 58.93 seconds before the next cycle
2025-04-17 19:06:00 - DEBUG - [trading_loop] [N/A] ⏱ Skipping EMA_Cross_ema50, not yet time (every 5m)
2025-04-17 19:06:00 - DEBUG - [trading_loop] [N/A] ⏱ Skipping EMA_Cross_candle, not yet time (every 5m)
2025-04-17 19:06:00 - DEBUG - [trading_loop] [N/A] ⏱ Skipping VWAP_diff_signal_1700, not yet time (every 5m)
2025-04-17 19:06:00 - DEBUG - [trading_loop] [N/A] ⏱ Skipping SMA_Cross_sma50, not yet time (every 5m)
2025-04-17 19:06:00 - DEBUG - [trading_loop] [N/A] ⏱ Skipping SMA_Cross_candle, not yet time (every 5m)
2025-04-17 19:06:00 - DEBUG - [trading_loop] [N/A] ⏱ Skipping VWAP_diff_signal_1700_volume, not yet time (every 5m)
2025-04-17 19:06:00 - DEBUG - [trading_loop] [N/A] ⏱ Skipping VWAP_diff_signal_rsi_1700, not yet time (every 5m)
2025-04-17 19:06:00 - INFO - [trading_loop] [N/A] 📊 Updating SL/TP for active orders
2025-04-17 19:06:01 - INFO - [_wait_until_next_iteration] [N/A] ⏳ Sleeping for 58.92 seconds before the next cycle
2025-04-17 19:07:00 - DEBUG - [trading_loop] [N/A] ⏱ Skipping EMA_Cross_ema50, not yet time (every 5m)
2025-04-17 19:07:00 - DEBUG - [trading_loop] [N/A] ⏱ Skipping EMA_Cross_candle, not yet time (every 5m)
2025-04-17 19:07:00 - DEBUG - [trading_loop] [N/A] ⏱ Skipping VWAP_diff_signal_1700, not yet time (every 5m)
2025-04-17 19:07:00 - DEBUG - [trading_loop] [N/A] ⏱ Skipping SMA_Cross_sma50, not yet time (every 5m)
2025-04-17 19:07:00 - DEBUG - [trading_loop] [N/A] ⏱ Skipping SMA_Cross_candle, not yet time (every 5m)
2025-04-17 19:07:00 - DEBUG - [trading_loop] [N/A] ⏱ Skipping VWAP_diff_signal_1700_volume, not yet time (every 5m)
2025-04-17 19:07:00 - DEBUG - [trading_loop] [N/A] ⏱ Skipping VWAP_diff_signal_rsi_1700, not yet time (every 5m)
2025-04-17 19:07:00 - INFO - [trading_loop] [N/A] 📊 Updating SL/TP for active orders
2025-04-17 19:07:01 - INFO - [_wait_until_next_iteration] [N/A] ⏳ Sleeping for 58.93 seconds before the next cycle
2025-04-17 19:08:00 - DEBUG - [trading_loop] [N/A] ⏱ Skipping EMA_Cross_ema50, not yet time (every 5m)
2025-04-17 19:08:00 - DEBUG - [trading_loop] [N/A] ⏱ Skipping EMA_Cross_candle, not yet time (every 5m)
2025-04-17 19:08:00 - DEBUG - [trading_loop] [N/A] ⏱ Skipping VWAP_diff_signal_1700, not yet time (every 5m)
2025-04-17 19:08:00 - DEBUG - [trading_loop] [N/A] ⏱ Skipping SMA_Cross_sma50, not yet time (every 5m)
2025-04-17 19:08:00 - DEBUG - [trading_loop] [N/A] ⏱ Skipping SMA_Cross_candle, not yet time (every 5m)
2025-04-17 19:08:00 - DEBUG - [trading_loop] [N/A] ⏱ Skipping VWAP_diff_signal_1700_volume, not yet time (every 5m)
2025-04-17 19:08:00 - DEBUG - [trading_loop] [N/A] ⏱ Skipping VWAP_diff_signal_rsi_1700, not yet time (every 5m)
2025-04-17 19:08:00 - INFO - [trading_loop] [N/A] 📊 Updating SL/TP for active orders
2025-04-17 19:08:01 - INFO - [_wait_until_next_iteration] [N/A] ⏳ Sleeping for 58.93 seconds before the next cycle
2025-04-17 19:09:00 - DEBUG - [trading_loop] [N/A] ⏱ Skipping EMA_Cross_ema50, not yet time (every 5m)
2025-04-17 19:09:00 - DEBUG - [trading_loop] [N/A] ⏱ Skipping EMA_Cross_candle, not yet time (every 5m)
2025-04-17 19:09:00 - DEBUG - [trading_loop] [N/A] ⏱ Skipping VWAP_diff_signal_1700, not yet time (every 5m)
2025-04-17 19:09:00 - DEBUG - [trading_loop] [N/A] ⏱ Skipping SMA_Cross_sma50, not yet time (every 5m)
2025-04-17 19:09:00 - DEBUG - [trading_loop] [N/A] ⏱ Skipping SMA_Cross_candle, not yet time (every 5m)
2025-04-17 19:09:00 - DEBUG - [trading_loop] [N/A] ⏱ Skipping VWAP_diff_signal_1700_volume, not yet time (every 5m)
2025-04-17 19:09:00 - DEBUG - [trading_loop] [N/A] ⏱ Skipping VWAP_diff_signal_rsi_1700, not yet time (every 5m)
2025-04-17 19:09:00 - INFO - [trading_loop] [N/A] 📊 Updating SL/TP for active orders
2025-04-17 19:09:01 - INFO - [_wait_until_next_iteration] [N/A] ⏳ Sleeping for 58.93 seconds before the next cycle
2025-04-17 19:10:00 - INFO - [_run_strategy_if_applicable] [N/A] ⏰ Strategy 'EMA_Cross_ema50' not executed because it's outside the time window: 16:35:00 - 16:50:00
2025-04-17 19:10:00 - INFO - [_run_strategy_if_applicable] [N/A] ⏰ Strategy 'EMA_Cross_candle' not executed because it's outside the time window: 16:35:00 - 16:50:00
2025-04-17 19:10:00 - INFO - [_run_strategy_if_applicable] [N/A] ⏰ Strategy 'VWAP_diff_signal_1700' not executed because it's outside the time window: 17:30:00 - 19:00:00
2025-04-17 19:10:00 - INFO - [_run_strategy_if_applicable] [N/A] ⏰ Strategy 'SMA_Cross_sma50' not executed because it's outside the time window: 16:35:00 - 16:50:00
2025-04-17 19:10:00 - INFO - [_run_strategy_if_applicable] [N/A] ⏰ Strategy 'SMA_Cross_candle' not executed because it's outside the time window: 16:35:00 - 16:50:00
2025-04-17 19:10:00 - INFO - [_run_strategy_if_applicable] [N/A] ⏰ Strategy 'VWAP_diff_signal_1700_volume' not executed because it's outside the time window: 17:30:00 - 19:00:00
2025-04-17 19:10:00 - INFO - [_run_strategy_if_applicable] [N/A] ⏰ Strategy 'VWAP_diff_signal_rsi_1700' not executed because it's outside the time window: 17:30:00 - 19:00:00
2025-04-17 19:10:00 - INFO - [trading_loop] [N/A] 📊 Updating SL/TP for active orders
2025-04-17 19:10:01 - INFO - [_wait_until_next_iteration] [N/A] ⏳ Sleeping for 58.93 seconds before the next cycle
2025-04-17 19:11:00 - DEBUG - [trading_loop] [N/A] ⏱ Skipping EMA_Cross_ema50, not yet time (every 5m)
2025-04-17 19:11:00 - DEBUG - [trading_loop] [N/A] ⏱ Skipping EMA_Cross_candle, not yet time (every 5m)
2025-04-17 19:11:00 - DEBUG - [trading_loop] [N/A] ⏱ Skipping VWAP_diff_signal_1700, not yet time (every 5m)
2025-04-17 19:11:00 - DEBUG - [trading_loop] [N/A] ⏱ Skipping SMA_Cross_sma50, not yet time (every 5m)
2025-04-17 19:11:00 - DEBUG - [trading_loop] [N/A] ⏱ Skipping SMA_Cross_candle, not yet time (every 5m)
2025-04-17 19:11:00 - DEBUG - [trading_loop] [N/A] ⏱ Skipping VWAP_diff_signal_1700_volume, not yet time (every 5m)
2025-04-17 19:11:00 - DEBUG - [trading_loop] [N/A] ⏱ Skipping VWAP_diff_signal_rsi_1700, not yet time (every 5m)
2025-04-17 19:11:00 - INFO - [trading_loop] [N/A] 📊 Updating SL/TP for active orders
2025-04-17 19:11:01 - INFO - [_wait_until_next_iteration] [N/A] ⏳ Sleeping for 58.93 seconds before the next cycle
2025-04-17 19:12:00 - DEBUG - [trading_loop] [N/A] ⏱ Skipping EMA_Cross_ema50, not yet time (every 5m)
2025-04-17 19:12:00 - DEBUG - [trading_loop] [N/A] ⏱ Skipping EMA_Cross_candle, not yet time (every 5m)
2025-04-17 19:12:00 - DEBUG - [trading_loop] [N/A] ⏱ Skipping VWAP_diff_signal_1700, not yet time (every 5m)
2025-04-17 19:12:00 - DEBUG - [trading_loop] [N/A] ⏱ Skipping SMA_Cross_sma50, not yet time (every 5m)
2025-04-17 19:12:00 - DEBUG - [trading_loop] [N/A] ⏱ Skipping SMA_Cross_candle, not yet time (every 5m)
2025-04-17 19:12:00 - DEBUG - [trading_loop] [N/A] ⏱ Skipping VWAP_diff_signal_1700_volume, not yet time (every 5m)
2025-04-17 19:12:00 - DEBUG - [trading_loop] [N/A] ⏱ Skipping VWAP_diff_signal_rsi_1700, not yet time (every 5m)
2025-04-17 19:12:00 - INFO - [trading_loop] [N/A] 📊 Updating SL/TP for active orders
2025-04-17 19:12:01 - INFO - [_wait_until_next_iteration] [N/A] ⏳ Sleeping for 58.93 seconds before the next cycle
2025-04-17 19:13:00 - DEBUG - [trading_loop] [N/A] ⏱ Skipping EMA_Cross_ema50, not yet time (every 5m)
2025-04-17 19:13:00 - DEBUG - [trading_loop] [N/A] ⏱ Skipping EMA_Cross_candle, not yet time (every 5m)
2025-04-17 19:13:00 - DEBUG - [trading_loop] [N/A] ⏱ Skipping VWAP_diff_signal_1700, not yet time (every 5m)
2025-04-17 19:13:00 - DEBUG - [trading_loop] [N/A] ⏱ Skipping SMA_Cross_sma50, not yet time (every 5m)
2025-04-17 19:13:00 - DEBUG - [trading_loop] [N/A] ⏱ Skipping SMA_Cross_candle, not yet time (every 5m)
2025-04-17 19:13:00 - DEBUG - [trading_loop] [N/A] ⏱ Skipping VWAP_diff_signal_1700_volume, not yet time (every 5m)
2025-04-17 19:13:00 - DEBUG - [trading_loop] [N/A] ⏱ Skipping VWAP_diff_signal_rsi_1700, not yet time (every 5m)
2025-04-17 19:13:00 - INFO - [trading_loop] [N/A] 📊 Updating SL/TP for active orders
2025-04-17 19:13:01 - INFO - [_wait_until_next_iteration] [N/A] ⏳ Sleeping for 58.94 seconds before the next cycle
2025-04-17 19:14:00 - DEBUG - [trading_loop] [N/A] ⏱ Skipping EMA_Cross_ema50, not yet time (every 5m)
2025-04-17 19:14:00 - DEBUG - [trading_loop] [N/A] ⏱ Skipping EMA_Cross_candle, not yet time (every 5m)
2025-04-17 19:14:00 - DEBUG - [trading_loop] [N/A] ⏱ Skipping VWAP_diff_signal_1700, not yet time (every 5m)
2025-04-17 19:14:00 - DEBUG - [trading_loop] [N/A] ⏱ Skipping SMA_Cross_sma50, not yet time (every 5m)
2025-04-17 19:14:00 - DEBUG - [trading_loop] [N/A] ⏱ Skipping SMA_Cross_candle, not yet time (every 5m)
2025-04-17 19:14:00 - DEBUG - [trading_loop] [N/A] ⏱ Skipping VWAP_diff_signal_1700_volume, not yet time (every 5m)
2025-04-17 19:14:00 - DEBUG - [trading_loop] [N/A] ⏱ Skipping VWAP_diff_signal_rsi_1700, not yet time (every 5m)
2025-04-17 19:14:00 - INFO - [trading_loop] [N/A] 📊 Updating SL/TP for active orders
2025-04-17 19:14:01 - INFO - [_wait_until_next_iteration] [N/A] ⏳ Sleeping for 58.93 seconds before the next cycle
2025-04-17 19:15:00 - INFO - [_run_strategy_if_applicable] [N/A] ⏰ Strategy 'EMA_Cross_ema50' not executed because it's outside the time window: 16:35:00 - 16:50:00
2025-04-17 19:15:00 - INFO - [_run_strategy_if_applicable] [N/A] ⏰ Strategy 'EMA_Cross_candle' not executed because it's outside the time window: 16:35:00 - 16:50:00
2025-04-17 19:15:00 - INFO - [_run_strategy_if_applicable] [N/A] ⏰ Strategy 'VWAP_diff_signal_1700' not executed because it's outside the time window: 17:30:00 - 19:00:00
2025-04-17 19:15:00 - INFO - [_run_strategy_if_applicable] [N/A] ⏰ Strategy 'SMA_Cross_sma50' not executed because it's outside the time window: 16:35:00 - 16:50:00
2025-04-17 19:15:00 - INFO - [_run_strategy_if_applicable] [N/A] ⏰ Strategy 'SMA_Cross_candle' not executed because it's outside the time window: 16:35:00 - 16:50:00
2025-04-17 19:15:00 - INFO - [_run_strategy_if_applicable] [N/A] ⏰ Strategy 'VWAP_diff_signal_1700_volume' not executed because it's outside the time window: 17:30:00 - 19:00:00
2025-04-17 19:15:00 - INFO - [_run_strategy_if_applicable] [N/A] ⏰ Strategy 'VWAP_diff_signal_rsi_1700' not executed because it's outside the time window: 17:30:00 - 19:00:00
2025-04-17 19:15:00 - INFO - [trading_loop] [N/A] 📊 Updating SL/TP for active orders
2025-04-17 19:15:01 - INFO - [_wait_until_next_iteration] [N/A] ⏳ Sleeping for 58.93 seconds before the next cycle
2025-04-17 19:16:00 - DEBUG - [trading_loop] [N/A] ⏱ Skipping EMA_Cross_ema50, not yet time (every 5m)
2025-04-17 19:16:00 - DEBUG - [trading_loop] [N/A] ⏱ Skipping EMA_Cross_candle, not yet time (every 5m)
2025-04-17 19:16:00 - DEBUG - [trading_loop] [N/A] ⏱ Skipping VWAP_diff_signal_1700, not yet time (every 5m)
2025-04-17 19:16:00 - DEBUG - [trading_loop] [N/A] ⏱ Skipping SMA_Cross_sma50, not yet time (every 5m)
2025-04-17 19:16:00 - DEBUG - [trading_loop] [N/A] ⏱ Skipping SMA_Cross_candle, not yet time (every 5m)
2025-04-17 19:16:00 - DEBUG - [trading_loop] [N/A] ⏱ Skipping VWAP_diff_signal_1700_volume, not yet time (every 5m)
2025-04-17 19:16:00 - DEBUG - [trading_loop] [N/A] ⏱ Skipping VWAP_diff_signal_rsi_1700, not yet time (every 5m)
2025-04-17 19:16:00 - INFO - [trading_loop] [N/A] 📊 Updating SL/TP for active orders
2025-04-17 19:16:01 - INFO - [_wait_until_next_iteration] [N/A] ⏳ Sleeping for 58.93 seconds before the next cycle
2025-04-17 19:17:00 - DEBUG - [trading_loop] [N/A] ⏱ Skipping EMA_Cross_ema50, not yet time (every 5m)
2025-04-17 19:17:00 - DEBUG - [trading_loop] [N/A] ⏱ Skipping EMA_Cross_candle, not yet time (every 5m)
2025-04-17 19:17:00 - DEBUG - [trading_loop] [N/A] ⏱ Skipping VWAP_diff_signal_1700, not yet time (every 5m)
2025-04-17 19:17:00 - DEBUG - [trading_loop] [N/A] ⏱ Skipping SMA_Cross_sma50, not yet time (every 5m)
2025-04-17 19:17:00 - DEBUG - [trading_loop] [N/A] ⏱ Skipping SMA_Cross_candle, not yet time (every 5m)
2025-04-17 19:17:00 - DEBUG - [trading_loop] [N/A] ⏱ Skipping VWAP_diff_signal_1700_volume, not yet time (every 5m)
2025-04-17 19:17:00 - DEBUG - [trading_loop] [N/A] ⏱ Skipping VWAP_diff_signal_rsi_1700, not yet time (every 5m)
2025-04-17 19:17:00 - INFO - [trading_loop] [N/A] 📊 Updating SL/TP for active orders
2025-04-17 19:17:01 - INFO - [_wait_until_next_iteration] [N/A] ⏳ Sleeping for 58.93 seconds before the next cycle
2025-04-17 19:18:00 - DEBUG - [trading_loop] [N/A] ⏱ Skipping EMA_Cross_ema50, not yet time (every 5m)
2025-04-17 19:18:00 - DEBUG - [trading_loop] [N/A] ⏱ Skipping EMA_Cross_candle, not yet time (every 5m)
2025-04-17 19:18:00 - DEBUG - [trading_loop] [N/A] ⏱ Skipping VWAP_diff_signal_1700, not yet time (every 5m)
2025-04-17 19:18:00 - DEBUG - [trading_loop] [N/A] ⏱ Skipping SMA_Cross_sma50, not yet time (every 5m)
2025-04-17 19:18:00 - DEBUG - [trading_loop] [N/A] ⏱ Skipping SMA_Cross_candle, not yet time (every 5m)
2025-04-17 19:18:00 - DEBUG - [trading_loop] [N/A] ⏱ Skipping VWAP_diff_signal_1700_volume, not yet time (every 5m)
2025-04-17 19:18:00 - DEBUG - [trading_loop] [N/A] ⏱ Skipping VWAP_diff_signal_rsi_1700, not yet time (every 5m)
2025-04-17 19:18:00 - INFO - [trading_loop] [N/A] 📊 Updating SL/TP for active orders
2025-04-17 19:18:01 - INFO - [_wait_until_next_iteration] [N/A] ⏳ Sleeping for 58.93 seconds before the next cycle
2025-04-17 19:19:00 - DEBUG - [trading_loop] [N/A] ⏱ Skipping EMA_Cross_ema50, not yet time (every 5m)
2025-04-17 19:19:00 - DEBUG - [trading_loop] [N/A] ⏱ Skipping EMA_Cross_candle, not yet time (every 5m)
2025-04-17 19:19:00 - DEBUG - [trading_loop] [N/A] ⏱ Skipping VWAP_diff_signal_1700, not yet time (every 5m)
2025-04-17 19:19:00 - DEBUG - [trading_loop] [N/A] ⏱ Skipping SMA_Cross_sma50, not yet time (every 5m)
2025-04-17 19:19:00 - DEBUG - [trading_loop] [N/A] ⏱ Skipping SMA_Cross_candle, not yet time (every 5m)
2025-04-17 19:19:00 - DEBUG - [trading_loop] [N/A] ⏱ Skipping VWAP_diff_signal_1700_volume, not yet time (every 5m)
2025-04-17 19:19:00 - DEBUG - [trading_loop] [N/A] ⏱ Skipping VWAP_diff_signal_rsi_1700, not yet time (every 5m)
2025-04-17 19:19:00 - INFO - [trading_loop] [N/A] 📊 Updating SL/TP for active orders
2025-04-17 19:19:01 - INFO - [_wait_until_next_iteration] [N/A] ⏳ Sleeping for 58.93 seconds before the next cycle
2025-04-17 19:20:00 - INFO - [_run_strategy_if_applicable] [N/A] ⏰ Strategy 'EMA_Cross_ema50' not executed because it's outside the time window: 16:35:00 - 16:50:00
2025-04-17 19:20:00 - INFO - [_run_strategy_if_applicable] [N/A] ⏰ Strategy 'EMA_Cross_candle' not executed because it's outside the time window: 16:35:00 - 16:50:00
2025-04-17 19:20:00 - INFO - [_run_strategy_if_applicable] [N/A] ⏰ Strategy 'VWAP_diff_signal_1700' not executed because it's outside the time window: 17:30:00 - 19:00:00
2025-04-17 19:20:00 - INFO - [_run_strategy_if_applicable] [N/A] ⏰ Strategy 'SMA_Cross_sma50' not executed because it's outside the time window: 16:35:00 - 16:50:00
2025-04-17 19:20:00 - INFO - [_run_strategy_if_applicable] [N/A] ⏰ Strategy 'SMA_Cross_candle' not executed because it's outside the time window: 16:35:00 - 16:50:00
2025-04-17 19:20:00 - INFO - [_run_strategy_if_applicable] [N/A] ⏰ Strategy 'VWAP_diff_signal_1700_volume' not executed because it's outside the time window: 17:30:00 - 19:00:00
2025-04-17 19:20:00 - INFO - [_run_strategy_if_applicable] [N/A] ⏰ Strategy 'VWAP_diff_signal_rsi_1700' not executed because it's outside the time window: 17:30:00 - 19:00:00
2025-04-17 19:20:00 - INFO - [trading_loop] [N/A] 📊 Updating SL/TP for active orders
2025-04-17 19:20:01 - INFO - [_wait_until_next_iteration] [N/A] ⏳ Sleeping for 58.93 seconds before the next cycle
2025-04-17 19:21:00 - DEBUG - [trading_loop] [N/A] ⏱ Skipping EMA_Cross_ema50, not yet time (every 5m)
2025-04-17 19:21:00 - DEBUG - [trading_loop] [N/A] ⏱ Skipping EMA_Cross_candle, not yet time (every 5m)
2025-04-17 19:21:00 - DEBUG - [trading_loop] [N/A] ⏱ Skipping VWAP_diff_signal_1700, not yet time (every 5m)
2025-04-17 19:21:00 - DEBUG - [trading_loop] [N/A] ⏱ Skipping SMA_Cross_sma50, not yet time (every 5m)
2025-04-17 19:21:00 - DEBUG - [trading_loop] [N/A] ⏱ Skipping SMA_Cross_candle, not yet time (every 5m)
2025-04-17 19:21:00 - DEBUG - [trading_loop] [N/A] ⏱ Skipping VWAP_diff_signal_1700_volume, not yet time (every 5m)
2025-04-17 19:21:00 - DEBUG - [trading_loop] [N/A] ⏱ Skipping VWAP_diff_signal_rsi_1700, not yet time (every 5m)
2025-04-17 19:21:00 - INFO - [trading_loop] [N/A] 📊 Updating SL/TP for active orders
2025-04-17 19:21:01 - INFO - [_wait_until_next_iteration] [N/A] ⏳ Sleeping for 58.93 seconds before the next cycle
2025-04-17 19:22:00 - DEBUG - [trading_loop] [N/A] ⏱ Skipping EMA_Cross_ema50, not yet time (every 5m)
2025-04-17 19:22:00 - DEBUG - [trading_loop] [N/A] ⏱ Skipping EMA_Cross_candle, not yet time (every 5m)
2025-04-17 19:22:00 - DEBUG - [trading_loop] [N/A] ⏱ Skipping VWAP_diff_signal_1700, not yet time (every 5m)
2025-04-17 19:22:00 - DEBUG - [trading_loop] [N/A] ⏱ Skipping SMA_Cross_sma50, not yet time (every 5m)
2025-04-17 19:22:00 - DEBUG - [trading_loop] [N/A] ⏱ Skipping SMA_Cross_candle, not yet time (every 5m)
2025-04-17 19:22:00 - DEBUG - [trading_loop] [N/A] ⏱ Skipping VWAP_diff_signal_1700_volume, not yet time (every 5m)
2025-04-17 19:22:00 - DEBUG - [trading_loop] [N/A] ⏱ Skipping VWAP_diff_signal_rsi_1700, not yet time (every 5m)
2025-04-17 19:22:00 - INFO - [trading_loop] [N/A] 📊 Updating SL/TP for active orders
2025-04-17 19:22:01 - INFO - [_wait_until_next_iteration] [N/A] ⏳ Sleeping for 58.92 seconds before the next cycle
2025-04-17 19:23:00 - DEBUG - [trading_loop] [N/A] ⏱ Skipping EMA_Cross_ema50, not yet time (every 5m)
2025-04-17 19:23:00 - DEBUG - [trading_loop] [N/A] ⏱ Skipping EMA_Cross_candle, not yet time (every 5m)
2025-04-17 19:23:00 - DEBUG - [trading_loop] [N/A] ⏱ Skipping VWAP_diff_signal_1700, not yet time (every 5m)
2025-04-17 19:23:00 - DEBUG - [trading_loop] [N/A] ⏱ Skipping SMA_Cross_sma50, not yet time (every 5m)
2025-04-17 19:23:00 - DEBUG - [trading_loop] [N/A] ⏱ Skipping SMA_Cross_candle, not yet time (every 5m)
2025-04-17 19:23:00 - DEBUG - [trading_loop] [N/A] ⏱ Skipping VWAP_diff_signal_1700_volume, not yet time (every 5m)
2025-04-17 19:23:00 - DEBUG - [trading_loop] [N/A] ⏱ Skipping VWAP_diff_signal_rsi_1700, not yet time (every 5m)
2025-04-17 19:23:00 - INFO - [trading_loop] [N/A] 📊 Updating SL/TP for active orders
2025-04-17 19:23:01 - INFO - [_wait_until_next_iteration] [N/A] ⏳ Sleeping for 58.93 seconds before the next cycle
2025-04-17 19:24:00 - DEBUG - [trading_loop] [N/A] ⏱ Skipping EMA_Cross_ema50, not yet time (every 5m)
2025-04-17 19:24:00 - DEBUG - [trading_loop] [N/A] ⏱ Skipping EMA_Cross_candle, not yet time (every 5m)
2025-04-17 19:24:00 - DEBUG - [trading_loop] [N/A] ⏱ Skipping VWAP_diff_signal_1700, not yet time (every 5m)
2025-04-17 19:24:00 - DEBUG - [trading_loop] [N/A] ⏱ Skipping SMA_Cross_sma50, not yet time (every 5m)
2025-04-17 19:24:00 - DEBUG - [trading_loop] [N/A] ⏱ Skipping SMA_Cross_candle, not yet time (every 5m)
2025-04-17 19:24:00 - DEBUG - [trading_loop] [N/A] ⏱ Skipping VWAP_diff_signal_1700_volume, not yet time (every 5m)
2025-04-17 19:24:00 - DEBUG - [trading_loop] [N/A] ⏱ Skipping VWAP_diff_signal_rsi_1700, not yet time (every 5m)
2025-04-17 19:24:00 - INFO - [trading_loop] [N/A] 📊 Updating SL/TP for active orders
2025-04-17 19:24:01 - INFO - [_wait_until_next_iteration] [N/A] ⏳ Sleeping for 58.93 seconds before the next cycle
2025-04-17 19:25:00 - INFO - [_run_strategy_if_applicable] [N/A] ⏰ Strategy 'EMA_Cross_ema50' not executed because it's outside the time window: 16:35:00 - 16:50:00
2025-04-17 19:25:00 - INFO - [_run_strategy_if_applicable] [N/A] ⏰ Strategy 'EMA_Cross_candle' not executed because it's outside the time window: 16:35:00 - 16:50:00
2025-04-17 19:25:00 - INFO - [_run_strategy_if_applicable] [N/A] ⏰ Strategy 'VWAP_diff_signal_1700' not executed because it's outside the time window: 17:30:00 - 19:00:00
2025-04-17 19:25:00 - INFO - [_run_strategy_if_applicable] [N/A] ⏰ Strategy 'SMA_Cross_sma50' not executed because it's outside the time window: 16:35:00 - 16:50:00
2025-04-17 19:25:00 - INFO - [_run_strategy_if_applicable] [N/A] ⏰ Strategy 'SMA_Cross_candle' not executed because it's outside the time window: 16:35:00 - 16:50:00
2025-04-17 19:25:00 - INFO - [_run_strategy_if_applicable] [N/A] ⏰ Strategy 'VWAP_diff_signal_1700_volume' not executed because it's outside the time window: 17:30:00 - 19:00:00
2025-04-17 19:25:00 - INFO - [_run_strategy_if_applicable] [N/A] ⏰ Strategy 'VWAP_diff_signal_rsi_1700' not executed because it's outside the time window: 17:30:00 - 19:00:00
2025-04-17 19:25:00 - INFO - [trading_loop] [N/A] 📊 Updating SL/TP for active orders
2025-04-17 19:25:01 - INFO - [_wait_until_next_iteration] [N/A] ⏳ Sleeping for 58.93 seconds before the next cycle
2025-04-17 19:26:00 - DEBUG - [trading_loop] [N/A] ⏱ Skipping EMA_Cross_ema50, not yet time (every 5m)
2025-04-17 19:26:00 - DEBUG - [trading_loop] [N/A] ⏱ Skipping EMA_Cross_candle, not yet time (every 5m)
2025-04-17 19:26:00 - DEBUG - [trading_loop] [N/A] ⏱ Skipping VWAP_diff_signal_1700, not yet time (every 5m)
2025-04-17 19:26:00 - DEBUG - [trading_loop] [N/A] ⏱ Skipping SMA_Cross_sma50, not yet time (every 5m)
2025-04-17 19:26:00 - DEBUG - [trading_loop] [N/A] ⏱ Skipping SMA_Cross_candle, not yet time (every 5m)
2025-04-17 19:26:00 - DEBUG - [trading_loop] [N/A] ⏱ Skipping VWAP_diff_signal_1700_volume, not yet time (every 5m)
2025-04-17 19:26:00 - DEBUG - [trading_loop] [N/A] ⏱ Skipping VWAP_diff_signal_rsi_1700, not yet time (every 5m)
2025-04-17 19:26:00 - INFO - [trading_loop] [N/A] 📊 Updating SL/TP for active orders
2025-04-17 19:26:01 - INFO - [_wait_until_next_iteration] [N/A] ⏳ Sleeping for 58.96 seconds before the next cycle
2025-04-17 19:27:00 - DEBUG - [trading_loop] [N/A] ⏱ Skipping EMA_Cross_ema50, not yet time (every 5m)
2025-04-17 19:27:00 - DEBUG - [trading_loop] [N/A] ⏱ Skipping EMA_Cross_candle, not yet time (every 5m)
2025-04-17 19:27:00 - DEBUG - [trading_loop] [N/A] ⏱ Skipping VWAP_diff_signal_1700, not yet time (every 5m)
2025-04-17 19:27:00 - DEBUG - [trading_loop] [N/A] ⏱ Skipping SMA_Cross_sma50, not yet time (every 5m)
2025-04-17 19:27:00 - DEBUG - [trading_loop] [N/A] ⏱ Skipping SMA_Cross_candle, not yet time (every 5m)
2025-04-17 19:27:00 - DEBUG - [trading_loop] [N/A] ⏱ Skipping VWAP_diff_signal_1700_volume, not yet time (every 5m)
2025-04-17 19:27:00 - DEBUG - [trading_loop] [N/A] ⏱ Skipping VWAP_diff_signal_rsi_1700, not yet time (every 5m)
2025-04-17 19:27:00 - INFO - [trading_loop] [N/A] 📊 Updating SL/TP for active orders
2025-04-17 19:27:01 - INFO - [_wait_until_next_iteration] [N/A] ⏳ Sleeping for 58.93 seconds before the next cycle
2025-04-17 19:28:00 - DEBUG - [trading_loop] [N/A] ⏱ Skipping EMA_Cross_ema50, not yet time (every 5m)
2025-04-17 19:28:00 - DEBUG - [trading_loop] [N/A] ⏱ Skipping EMA_Cross_candle, not yet time (every 5m)
2025-04-17 19:28:00 - DEBUG - [trading_loop] [N/A] ⏱ Skipping VWAP_diff_signal_1700, not yet time (every 5m)
2025-04-17 19:28:00 - DEBUG - [trading_loop] [N/A] ⏱ Skipping SMA_Cross_sma50, not yet time (every 5m)
2025-04-17 19:28:00 - DEBUG - [trading_loop] [N/A] ⏱ Skipping SMA_Cross_candle, not yet time (every 5m)
2025-04-17 19:28:00 - DEBUG - [trading_loop] [N/A] ⏱ Skipping VWAP_diff_signal_1700_volume, not yet time (every 5m)
2025-04-17 19:28:00 - DEBUG - [trading_loop] [N/A] ⏱ Skipping VWAP_diff_signal_rsi_1700, not yet time (every 5m)
2025-04-17 19:28:00 - INFO - [trading_loop] [N/A] 📊 Updating SL/TP for active orders
2025-04-17 19:28:01 - INFO - [_wait_until_next_iteration] [N/A] ⏳ Sleeping for 58.93 seconds before the next cycle
2025-04-17 19:29:00 - DEBUG - [trading_loop] [N/A] ⏱ Skipping EMA_Cross_ema50, not yet time (every 5m)
2025-04-17 19:29:00 - DEBUG - [trading_loop] [N/A] ⏱ Skipping EMA_Cross_candle, not yet time (every 5m)
2025-04-17 19:29:00 - DEBUG - [trading_loop] [N/A] ⏱ Skipping VWAP_diff_signal_1700, not yet time (every 5m)
2025-04-17 19:29:00 - DEBUG - [trading_loop] [N/A] ⏱ Skipping SMA_Cross_sma50, not yet time (every 5m)
2025-04-17 19:29:00 - DEBUG - [trading_loop] [N/A] ⏱ Skipping SMA_Cross_candle, not yet time (every 5m)
2025-04-17 19:29:00 - DEBUG - [trading_loop] [N/A] ⏱ Skipping VWAP_diff_signal_1700_volume, not yet time (every 5m)
2025-04-17 19:29:00 - DEBUG - [trading_loop] [N/A] ⏱ Skipping VWAP_diff_signal_rsi_1700, not yet time (every 5m)
2025-04-17 19:29:00 - INFO - [trading_loop] [N/A] 📊 Updating SL/TP for active orders
2025-04-17 19:29:01 - INFO - [_wait_until_next_iteration] [N/A] ⏳ Sleeping for 58.91 seconds before the next cycle
2025-04-17 19:30:00 - INFO - [_run_strategy_if_applicable] [N/A] ⏰ Strategy 'EMA_Cross_ema50' not executed because it's outside the time window: 16:35:00 - 16:50:00
2025-04-17 19:30:00 - INFO - [_run_strategy_if_applicable] [N/A] ⏰ Strategy 'EMA_Cross_candle' not executed because it's outside the time window: 16:35:00 - 16:50:00
2025-04-17 19:30:00 - INFO - [_run_strategy_if_applicable] [N/A] ⏰ Strategy 'VWAP_diff_signal_1700' not executed because it's outside the time window: 17:30:00 - 19:00:00
2025-04-17 19:30:00 - INFO - [_run_strategy_if_applicable] [N/A] ⏰ Strategy 'SMA_Cross_sma50' not executed because it's outside the time window: 16:35:00 - 16:50:00
2025-04-17 19:30:00 - INFO - [_run_strategy_if_applicable] [N/A] ⏰ Strategy 'SMA_Cross_candle' not executed because it's outside the time window: 16:35:00 - 16:50:00
2025-04-17 19:30:00 - INFO - [_run_strategy_if_applicable] [N/A] ⏰ Strategy 'VWAP_diff_signal_1700_volume' not executed because it's outside the time window: 17:30:00 - 19:00:00
2025-04-17 19:30:00 - INFO - [_run_strategy_if_applicable] [N/A] ⏰ Strategy 'VWAP_diff_signal_rsi_1700' not executed because it's outside the time window: 17:30:00 - 19:00:00
2025-04-17 19:30:00 - INFO - [trading_loop] [N/A] 📊 Updating SL/TP for active orders
2025-04-17 19:30:01 - INFO - [_wait_until_next_iteration] [N/A] ⏳ Sleeping for 58.93 seconds before the next cycle
2025-04-17 19:31:00 - DEBUG - [trading_loop] [N/A] ⏱ Skipping EMA_Cross_ema50, not yet time (every 5m)
2025-04-17 19:31:00 - DEBUG - [trading_loop] [N/A] ⏱ Skipping EMA_Cross_candle, not yet time (every 5m)
2025-04-17 19:31:00 - DEBUG - [trading_loop] [N/A] ⏱ Skipping VWAP_diff_signal_1700, not yet time (every 5m)
2025-04-17 19:31:00 - DEBUG - [trading_loop] [N/A] ⏱ Skipping SMA_Cross_sma50, not yet time (every 5m)
2025-04-17 19:31:00 - DEBUG - [trading_loop] [N/A] ⏱ Skipping SMA_Cross_candle, not yet time (every 5m)
2025-04-17 19:31:00 - DEBUG - [trading_loop] [N/A] ⏱ Skipping VWAP_diff_signal_1700_volume, not yet time (every 5m)
2025-04-17 19:31:00 - DEBUG - [trading_loop] [N/A] ⏱ Skipping VWAP_diff_signal_rsi_1700, not yet time (every 5m)
2025-04-17 19:31:00 - INFO - [trading_loop] [N/A] 📊 Updating SL/TP for active orders
2025-04-17 19:31:01 - INFO - [_wait_until_next_iteration] [N/A] ⏳ Sleeping for 58.93 seconds before the next cycle
2025-04-17 19:32:00 - DEBUG - [trading_loop] [N/A] ⏱ Skipping EMA_Cross_ema50, not yet time (every 5m)
2025-04-17 19:32:00 - DEBUG - [trading_loop] [N/A] ⏱ Skipping EMA_Cross_candle, not yet time (every 5m)
2025-04-17 19:32:00 - DEBUG - [trading_loop] [N/A] ⏱ Skipping VWAP_diff_signal_1700, not yet time (every 5m)
2025-04-17 19:32:00 - DEBUG - [trading_loop] [N/A] ⏱ Skipping SMA_Cross_sma50, not yet time (every 5m)
2025-04-17 19:32:00 - DEBUG - [trading_loop] [N/A] ⏱ Skipping SMA_Cross_candle, not yet time (every 5m)
2025-04-17 19:32:00 - DEBUG - [trading_loop] [N/A] ⏱ Skipping VWAP_diff_signal_1700_volume, not yet time (every 5m)
2025-04-17 19:32:00 - DEBUG - [trading_loop] [N/A] ⏱ Skipping VWAP_diff_signal_rsi_1700, not yet time (every 5m)
2025-04-17 19:32:00 - INFO - [trading_loop] [N/A] 📊 Updating SL/TP for active orders
2025-04-17 19:32:01 - INFO - [_wait_until_next_iteration] [N/A] ⏳ Sleeping for 58.93 seconds before the next cycle
2025-04-17 19:33:00 - DEBUG - [trading_loop] [N/A] ⏱ Skipping EMA_Cross_ema50, not yet time (every 5m)
2025-04-17 19:33:00 - DEBUG - [trading_loop] [N/A] ⏱ Skipping EMA_Cross_candle, not yet time (every 5m)
2025-04-17 19:33:00 - DEBUG - [trading_loop] [N/A] ⏱ Skipping VWAP_diff_signal_1700, not yet time (every 5m)
2025-04-17 19:33:00 - DEBUG - [trading_loop] [N/A] ⏱ Skipping SMA_Cross_sma50, not yet time (every 5m)
2025-04-17 19:33:00 - DEBUG - [trading_loop] [N/A] ⏱ Skipping SMA_Cross_candle, not yet time (every 5m)
2025-04-17 19:33:00 - DEBUG - [trading_loop] [N/A] ⏱ Skipping VWAP_diff_signal_1700_volume, not yet time (every 5m)
2025-04-17 19:33:00 - DEBUG - [trading_loop] [N/A] ⏱ Skipping VWAP_diff_signal_rsi_1700, not yet time (every 5m)
2025-04-17 19:33:00 - INFO - [trading_loop] [N/A] 📊 Updating SL/TP for active orders
2025-04-17 19:33:01 - INFO - [_wait_until_next_iteration] [N/A] ⏳ Sleeping for 58.93 seconds before the next cycle
2025-04-17 19:34:00 - DEBUG - [trading_loop] [N/A] ⏱ Skipping EMA_Cross_ema50, not yet time (every 5m)
2025-04-17 19:34:00 - DEBUG - [trading_loop] [N/A] ⏱ Skipping EMA_Cross_candle, not yet time (every 5m)
2025-04-17 19:34:00 - DEBUG - [trading_loop] [N/A] ⏱ Skipping VWAP_diff_signal_1700, not yet time (every 5m)
2025-04-17 19:34:00 - DEBUG - [trading_loop] [N/A] ⏱ Skipping SMA_Cross_sma50, not yet time (every 5m)
2025-04-17 19:34:00 - DEBUG - [trading_loop] [N/A] ⏱ Skipping SMA_Cross_candle, not yet time (every 5m)
2025-04-17 19:34:00 - DEBUG - [trading_loop] [N/A] ⏱ Skipping VWAP_diff_signal_1700_volume, not yet time (every 5m)
2025-04-17 19:34:00 - DEBUG - [trading_loop] [N/A] ⏱ Skipping VWAP_diff_signal_rsi_1700, not yet time (every 5m)
2025-04-17 19:34:00 - INFO - [trading_loop] [N/A] 📊 Updating SL/TP for active orders
2025-04-17 19:34:01 - INFO - [_wait_until_next_iteration] [N/A] ⏳ Sleeping for 58.93 seconds before the next cycle
2025-04-17 19:35:00 - INFO - [_run_strategy_if_applicable] [N/A] ⏰ Strategy 'EMA_Cross_ema50' not executed because it's outside the time window: 16:35:00 - 16:50:00
2025-04-17 19:35:00 - INFO - [_run_strategy_if_applicable] [N/A] ⏰ Strategy 'EMA_Cross_candle' not executed because it's outside the time window: 16:35:00 - 16:50:00
2025-04-17 19:35:00 - INFO - [_run_strategy_if_applicable] [N/A] ⏰ Strategy 'VWAP_diff_signal_1700' not executed because it's outside the time window: 17:30:00 - 19:00:00
2025-04-17 19:35:00 - INFO - [_run_strategy_if_applicable] [N/A] ⏰ Strategy 'SMA_Cross_sma50' not executed because it's outside the time window: 16:35:00 - 16:50:00
2025-04-17 19:35:00 - INFO - [_run_strategy_if_applicable] [N/A] ⏰ Strategy 'SMA_Cross_candle' not executed because it's outside the time window: 16:35:00 - 16:50:00
2025-04-17 19:35:00 - INFO - [_run_strategy_if_applicable] [N/A] ⏰ Strategy 'VWAP_diff_signal_1700_volume' not executed because it's outside the time window: 17:30:00 - 19:00:00
2025-04-17 19:35:00 - INFO - [_run_strategy_if_applicable] [N/A] ⏰ Strategy 'VWAP_diff_signal_rsi_1700' not executed because it's outside the time window: 17:30:00 - 19:00:00
2025-04-17 19:35:00 - INFO - [trading_loop] [N/A] 📊 Updating SL/TP for active orders
2025-04-17 19:35:01 - INFO - [_wait_until_next_iteration] [N/A] ⏳ Sleeping for 58.93 seconds before the next cycle
2025-04-17 19:36:00 - DEBUG - [trading_loop] [N/A] ⏱ Skipping EMA_Cross_ema50, not yet time (every 5m)
2025-04-17 19:36:00 - DEBUG - [trading_loop] [N/A] ⏱ Skipping EMA_Cross_candle, not yet time (every 5m)
2025-04-17 19:36:00 - DEBUG - [trading_loop] [N/A] ⏱ Skipping VWAP_diff_signal_1700, not yet time (every 5m)
2025-04-17 19:36:00 - DEBUG - [trading_loop] [N/A] ⏱ Skipping SMA_Cross_sma50, not yet time (every 5m)
2025-04-17 19:36:00 - DEBUG - [trading_loop] [N/A] ⏱ Skipping SMA_Cross_candle, not yet time (every 5m)
2025-04-17 19:36:00 - DEBUG - [trading_loop] [N/A] ⏱ Skipping VWAP_diff_signal_1700_volume, not yet time (every 5m)
2025-04-17 19:36:00 - DEBUG - [trading_loop] [N/A] ⏱ Skipping VWAP_diff_signal_rsi_1700, not yet time (every 5m)
2025-04-17 19:36:00 - INFO - [trading_loop] [N/A] 📊 Updating SL/TP for active orders
2025-04-17 19:36:01 - INFO - [_wait_until_next_iteration] [N/A] ⏳ Sleeping for 58.93 seconds before the next cycle
2025-04-17 19:37:00 - DEBUG - [trading_loop] [N/A] ⏱ Skipping EMA_Cross_ema50, not yet time (every 5m)
2025-04-17 19:37:00 - DEBUG - [trading_loop] [N/A] ⏱ Skipping EMA_Cross_candle, not yet time (every 5m)
2025-04-17 19:37:00 - DEBUG - [trading_loop] [N/A] ⏱ Skipping VWAP_diff_signal_1700, not yet time (every 5m)
2025-04-17 19:37:00 - DEBUG - [trading_loop] [N/A] ⏱ Skipping SMA_Cross_sma50, not yet time (every 5m)
2025-04-17 19:37:00 - DEBUG - [trading_loop] [N/A] ⏱ Skipping SMA_Cross_candle, not yet time (every 5m)
2025-04-17 19:37:00 - DEBUG - [trading_loop] [N/A] ⏱ Skipping VWAP_diff_signal_1700_volume, not yet time (every 5m)
2025-04-17 19:37:00 - DEBUG - [trading_loop] [N/A] ⏱ Skipping VWAP_diff_signal_rsi_1700, not yet time (every 5m)
2025-04-17 19:37:00 - INFO - [trading_loop] [N/A] 📊 Updating SL/TP for active orders
2025-04-17 19:37:01 - INFO - [_wait_until_next_iteration] [N/A] ⏳ Sleeping for 58.94 seconds before the next cycle
2025-04-17 19:38:00 - DEBUG - [trading_loop] [N/A] ⏱ Skipping EMA_Cross_ema50, not yet time (every 5m)
2025-04-17 19:38:00 - DEBUG - [trading_loop] [N/A] ⏱ Skipping EMA_Cross_candle, not yet time (every 5m)
2025-04-17 19:38:00 - DEBUG - [trading_loop] [N/A] ⏱ Skipping VWAP_diff_signal_1700, not yet time (every 5m)
2025-04-17 19:38:00 - DEBUG - [trading_loop] [N/A] ⏱ Skipping SMA_Cross_sma50, not yet time (every 5m)
2025-04-17 19:38:00 - DEBUG - [trading_loop] [N/A] ⏱ Skipping SMA_Cross_candle, not yet time (every 5m)
2025-04-17 19:38:00 - DEBUG - [trading_loop] [N/A] ⏱ Skipping VWAP_diff_signal_1700_volume, not yet time (every 5m)
2025-04-17 19:38:00 - DEBUG - [trading_loop] [N/A] ⏱ Skipping VWAP_diff_signal_rsi_1700, not yet time (every 5m)
2025-04-17 19:38:00 - INFO - [trading_loop] [N/A] 📊 Updating SL/TP for active orders
2025-04-17 19:38:01 - INFO - [_wait_until_next_iteration] [N/A] ⏳ Sleeping for 58.93 seconds before the next cycle
2025-04-17 19:39:00 - DEBUG - [trading_loop] [N/A] ⏱ Skipping EMA_Cross_ema50, not yet time (every 5m)
2025-04-17 19:39:00 - DEBUG - [trading_loop] [N/A] ⏱ Skipping EMA_Cross_candle, not yet time (every 5m)
2025-04-17 19:39:00 - DEBUG - [trading_loop] [N/A] ⏱ Skipping VWAP_diff_signal_1700, not yet time (every 5m)
2025-04-17 19:39:00 - DEBUG - [trading_loop] [N/A] ⏱ Skipping SMA_Cross_sma50, not yet time (every 5m)
2025-04-17 19:39:00 - DEBUG - [trading_loop] [N/A] ⏱ Skipping SMA_Cross_candle, not yet time (every 5m)
2025-04-17 19:39:00 - DEBUG - [trading_loop] [N/A] ⏱ Skipping VWAP_diff_signal_1700_volume, not yet time (every 5m)
2025-04-17 19:39:00 - DEBUG - [trading_loop] [N/A] ⏱ Skipping VWAP_diff_signal_rsi_1700, not yet time (every 5m)
2025-04-17 19:39:00 - INFO - [trading_loop] [N/A] 📊 Updating SL/TP for active orders
2025-04-17 19:39:01 - INFO - [_wait_until_next_iteration] [N/A] ⏳ Sleeping for 58.93 seconds before the next cycle
2025-04-17 19:40:00 - INFO - [_run_strategy_if_applicable] [N/A] ⏰ Strategy 'EMA_Cross_ema50' not executed because it's outside the time window: 16:35:00 - 16:50:00
2025-04-17 19:40:00 - INFO - [_run_strategy_if_applicable] [N/A] ⏰ Strategy 'EMA_Cross_candle' not executed because it's outside the time window: 16:35:00 - 16:50:00
2025-04-17 19:40:00 - INFO - [_run_strategy_if_applicable] [N/A] ⏰ Strategy 'VWAP_diff_signal_1700' not executed because it's outside the time window: 17:30:00 - 19:00:00
2025-04-17 19:40:00 - INFO - [_run_strategy_if_applicable] [N/A] ⏰ Strategy 'SMA_Cross_sma50' not executed because it's outside the time window: 16:35:00 - 16:50:00
2025-04-17 19:40:00 - INFO - [_run_strategy_if_applicable] [N/A] ⏰ Strategy 'SMA_Cross_candle' not executed because it's outside the time window: 16:35:00 - 16:50:00
2025-04-17 19:40:00 - INFO - [_run_strategy_if_applicable] [N/A] ⏰ Strategy 'VWAP_diff_signal_1700_volume' not executed because it's outside the time window: 17:30:00 - 19:00:00
2025-04-17 19:40:00 - INFO - [_run_strategy_if_applicable] [N/A] ⏰ Strategy 'VWAP_diff_signal_rsi_1700' not executed because it's outside the time window: 17:30:00 - 19:00:00
2025-04-17 19:40:00 - INFO - [trading_loop] [N/A] 📊 Updating SL/TP for active orders
2025-04-17 19:40:01 - INFO - [_wait_until_next_iteration] [N/A] ⏳ Sleeping for 58.93 seconds before the next cycle
2025-04-17 19:41:00 - DEBUG - [trading_loop] [N/A] ⏱ Skipping EMA_Cross_ema50, not yet time (every 5m)
2025-04-17 19:41:00 - DEBUG - [trading_loop] [N/A] ⏱ Skipping EMA_Cross_candle, not yet time (every 5m)
2025-04-17 19:41:00 - DEBUG - [trading_loop] [N/A] ⏱ Skipping VWAP_diff_signal_1700, not yet time (every 5m)
2025-04-17 19:41:00 - DEBUG - [trading_loop] [N/A] ⏱ Skipping SMA_Cross_sma50, not yet time (every 5m)
2025-04-17 19:41:00 - DEBUG - [trading_loop] [N/A] ⏱ Skipping SMA_Cross_candle, not yet time (every 5m)
2025-04-17 19:41:00 - DEBUG - [trading_loop] [N/A] ⏱ Skipping VWAP_diff_signal_1700_volume, not yet time (every 5m)
2025-04-17 19:41:00 - DEBUG - [trading_loop] [N/A] ⏱ Skipping VWAP_diff_signal_rsi_1700, not yet time (every 5m)
2025-04-17 19:41:00 - INFO - [trading_loop] [N/A] 📊 Updating SL/TP for active orders
2025-04-17 19:41:01 - INFO - [_wait_until_next_iteration] [N/A] ⏳ Sleeping for 58.93 seconds before the next cycle
2025-04-17 19:42:00 - DEBUG - [trading_loop] [N/A] ⏱ Skipping EMA_Cross_ema50, not yet time (every 5m)
2025-04-17 19:42:00 - DEBUG - [trading_loop] [N/A] ⏱ Skipping EMA_Cross_candle, not yet time (every 5m)
2025-04-17 19:42:00 - DEBUG - [trading_loop] [N/A] ⏱ Skipping VWAP_diff_signal_1700, not yet time (every 5m)
2025-04-17 19:42:00 - DEBUG - [trading_loop] [N/A] ⏱ Skipping SMA_Cross_sma50, not yet time (every 5m)
2025-04-17 19:42:00 - DEBUG - [trading_loop] [N/A] ⏱ Skipping SMA_Cross_candle, not yet time (every 5m)
2025-04-17 19:42:00 - DEBUG - [trading_loop] [N/A] ⏱ Skipping VWAP_diff_signal_1700_volume, not yet time (every 5m)
2025-04-17 19:42:00 - DEBUG - [trading_loop] [N/A] ⏱ Skipping VWAP_diff_signal_rsi_1700, not yet time (every 5m)
2025-04-17 19:42:00 - INFO - [trading_loop] [N/A] 📊 Updating SL/TP for active orders
2025-04-17 19:42:01 - INFO - [_wait_until_next_iteration] [N/A] ⏳ Sleeping for 58.93 seconds before the next cycle
2025-04-17 19:43:00 - DEBUG - [trading_loop] [N/A] ⏱ Skipping EMA_Cross_ema50, not yet time (every 5m)
2025-04-17 19:43:00 - DEBUG - [trading_loop] [N/A] ⏱ Skipping EMA_Cross_candle, not yet time (every 5m)
2025-04-17 19:43:00 - DEBUG - [trading_loop] [N/A] ⏱ Skipping VWAP_diff_signal_1700, not yet time (every 5m)
2025-04-17 19:43:00 - DEBUG - [trading_loop] [N/A] ⏱ Skipping SMA_Cross_sma50, not yet time (every 5m)
2025-04-17 19:43:00 - DEBUG - [trading_loop] [N/A] ⏱ Skipping SMA_Cross_candle, not yet time (every 5m)
2025-04-17 19:43:00 - DEBUG - [trading_loop] [N/A] ⏱ Skipping VWAP_diff_signal_1700_volume, not yet time (every 5m)
2025-04-17 19:43:00 - DEBUG - [trading_loop] [N/A] ⏱ Skipping VWAP_diff_signal_rsi_1700, not yet time (every 5m)
2025-04-17 19:43:00 - INFO - [trading_loop] [N/A] 📊 Updating SL/TP for active orders
2025-04-17 19:43:01 - INFO - [_wait_until_next_iteration] [N/A] ⏳ Sleeping for 58.94 seconds before the next cycle
2025-04-17 19:44:00 - DEBUG - [trading_loop] [N/A] ⏱ Skipping EMA_Cross_ema50, not yet time (every 5m)
2025-04-17 19:44:00 - DEBUG - [trading_loop] [N/A] ⏱ Skipping EMA_Cross_candle, not yet time (every 5m)
2025-04-17 19:44:00 - DEBUG - [trading_loop] [N/A] ⏱ Skipping VWAP_diff_signal_1700, not yet time (every 5m)
2025-04-17 19:44:00 - DEBUG - [trading_loop] [N/A] ⏱ Skipping SMA_Cross_sma50, not yet time (every 5m)
2025-04-17 19:44:00 - DEBUG - [trading_loop] [N/A] ⏱ Skipping SMA_Cross_candle, not yet time (every 5m)
2025-04-17 19:44:00 - DEBUG - [trading_loop] [N/A] ⏱ Skipping VWAP_diff_signal_1700_volume, not yet time (every 5m)
2025-04-17 19:44:00 - DEBUG - [trading_loop] [N/A] ⏱ Skipping VWAP_diff_signal_rsi_1700, not yet time (every 5m)
2025-04-17 19:44:00 - INFO - [trading_loop] [N/A] 📊 Updating SL/TP for active orders
2025-04-17 19:44:01 - INFO - [_wait_until_next_iteration] [N/A] ⏳ Sleeping for 58.94 seconds before the next cycle
2025-04-17 19:45:00 - INFO - [_run_strategy_if_applicable] [N/A] ⏰ Strategy 'EMA_Cross_ema50' not executed because it's outside the time window: 16:35:00 - 16:50:00
2025-04-17 19:45:00 - INFO - [_run_strategy_if_applicable] [N/A] ⏰ Strategy 'EMA_Cross_candle' not executed because it's outside the time window: 16:35:00 - 16:50:00
2025-04-17 19:45:00 - INFO - [_run_strategy_if_applicable] [N/A] ⏰ Strategy 'VWAP_diff_signal_1700' not executed because it's outside the time window: 17:30:00 - 19:00:00
2025-04-17 19:45:00 - INFO - [_run_strategy_if_applicable] [N/A] ⏰ Strategy 'SMA_Cross_sma50' not executed because it's outside the time window: 16:35:00 - 16:50:00
2025-04-17 19:45:00 - INFO - [_run_strategy_if_applicable] [N/A] ⏰ Strategy 'SMA_Cross_candle' not executed because it's outside the time window: 16:35:00 - 16:50:00
2025-04-17 19:45:00 - INFO - [_run_strategy_if_applicable] [N/A] ⏰ Strategy 'VWAP_diff_signal_1700_volume' not executed because it's outside the time window: 17:30:00 - 19:00:00
2025-04-17 19:45:00 - INFO - [_run_strategy_if_applicable] [N/A] ⏰ Strategy 'VWAP_diff_signal_rsi_1700' not executed because it's outside the time window: 17:30:00 - 19:00:00
2025-04-17 19:45:00 - INFO - [trading_loop] [N/A] 📊 Updating SL/TP for active orders
2025-04-17 19:45:01 - INFO - [_wait_until_next_iteration] [N/A] ⏳ Sleeping for 58.93 seconds before the next cycle
2025-04-17 19:46:00 - DEBUG - [trading_loop] [N/A] ⏱ Skipping EMA_Cross_ema50, not yet time (every 5m)
2025-04-17 19:46:00 - DEBUG - [trading_loop] [N/A] ⏱ Skipping EMA_Cross_candle, not yet time (every 5m)
2025-04-17 19:46:00 - DEBUG - [trading_loop] [N/A] ⏱ Skipping VWAP_diff_signal_1700, not yet time (every 5m)
2025-04-17 19:46:00 - DEBUG - [trading_loop] [N/A] ⏱ Skipping SMA_Cross_sma50, not yet time (every 5m)
2025-04-17 19:46:00 - DEBUG - [trading_loop] [N/A] ⏱ Skipping SMA_Cross_candle, not yet time (every 5m)
2025-04-17 19:46:00 - DEBUG - [trading_loop] [N/A] ⏱ Skipping VWAP_diff_signal_1700_volume, not yet time (every 5m)
2025-04-17 19:46:00 - DEBUG - [trading_loop] [N/A] ⏱ Skipping VWAP_diff_signal_rsi_1700, not yet time (every 5m)
2025-04-17 19:46:00 - INFO - [trading_loop] [N/A] 📊 Updating SL/TP for active orders
2025-04-17 19:46:01 - INFO - [_wait_until_next_iteration] [N/A] ⏳ Sleeping for 58.93 seconds before the next cycle
2025-04-17 19:47:00 - DEBUG - [trading_loop] [N/A] ⏱ Skipping EMA_Cross_ema50, not yet time (every 5m)
2025-04-17 19:47:00 - DEBUG - [trading_loop] [N/A] ⏱ Skipping EMA_Cross_candle, not yet time (every 5m)
2025-04-17 19:47:00 - DEBUG - [trading_loop] [N/A] ⏱ Skipping VWAP_diff_signal_1700, not yet time (every 5m)
2025-04-17 19:47:00 - DEBUG - [trading_loop] [N/A] ⏱ Skipping SMA_Cross_sma50, not yet time (every 5m)
2025-04-17 19:47:00 - DEBUG - [trading_loop] [N/A] ⏱ Skipping SMA_Cross_candle, not yet time (every 5m)
2025-04-17 19:47:00 - DEBUG - [trading_loop] [N/A] ⏱ Skipping VWAP_diff_signal_1700_volume, not yet time (every 5m)
2025-04-17 19:47:00 - DEBUG - [trading_loop] [N/A] ⏱ Skipping VWAP_diff_signal_rsi_1700, not yet time (every 5m)
2025-04-17 19:47:00 - INFO - [trading_loop] [N/A] 📊 Updating SL/TP for active orders
2025-04-17 19:47:01 - INFO - [_wait_until_next_iteration] [N/A] ⏳ Sleeping for 58.93 seconds before the next cycle
2025-04-17 19:48:00 - DEBUG - [trading_loop] [N/A] ⏱ Skipping EMA_Cross_ema50, not yet time (every 5m)
2025-04-17 19:48:00 - DEBUG - [trading_loop] [N/A] ⏱ Skipping EMA_Cross_candle, not yet time (every 5m)
2025-04-17 19:48:00 - DEBUG - [trading_loop] [N/A] ⏱ Skipping VWAP_diff_signal_1700, not yet time (every 5m)
2025-04-17 19:48:00 - DEBUG - [trading_loop] [N/A] ⏱ Skipping SMA_Cross_sma50, not yet time (every 5m)
2025-04-17 19:48:00 - DEBUG - [trading_loop] [N/A] ⏱ Skipping SMA_Cross_candle, not yet time (every 5m)
2025-04-17 19:48:00 - DEBUG - [trading_loop] [N/A] ⏱ Skipping VWAP_diff_signal_1700_volume, not yet time (every 5m)
2025-04-17 19:48:00 - DEBUG - [trading_loop] [N/A] ⏱ Skipping VWAP_diff_signal_rsi_1700, not yet time (every 5m)
2025-04-17 19:48:00 - INFO - [trading_loop] [N/A] 📊 Updating SL/TP for active orders
2025-04-17 19:48:01 - INFO - [_wait_until_next_iteration] [N/A] ⏳ Sleeping for 58.93 seconds before the next cycle
2025-04-17 19:49:00 - DEBUG - [trading_loop] [N/A] ⏱ Skipping EMA_Cross_ema50, not yet time (every 5m)
2025-04-17 19:49:00 - DEBUG - [trading_loop] [N/A] ⏱ Skipping EMA_Cross_candle, not yet time (every 5m)
2025-04-17 19:49:00 - DEBUG - [trading_loop] [N/A] ⏱ Skipping VWAP_diff_signal_1700, not yet time (every 5m)
2025-04-17 19:49:00 - DEBUG - [trading_loop] [N/A] ⏱ Skipping SMA_Cross_sma50, not yet time (every 5m)
2025-04-17 19:49:00 - DEBUG - [trading_loop] [N/A] ⏱ Skipping SMA_Cross_candle, not yet time (every 5m)
2025-04-17 19:49:00 - DEBUG - [trading_loop] [N/A] ⏱ Skipping VWAP_diff_signal_1700_volume, not yet time (every 5m)
2025-04-17 19:49:00 - DEBUG - [trading_loop] [N/A] ⏱ Skipping VWAP_diff_signal_rsi_1700, not yet time (every 5m)
2025-04-17 19:49:00 - INFO - [trading_loop] [N/A] 📊 Updating SL/TP for active orders
2025-04-17 19:49:01 - INFO - [_wait_until_next_iteration] [N/A] ⏳ Sleeping for 58.96 seconds before the next cycle
2025-04-17 19:50:00 - INFO - [_run_strategy_if_applicable] [N/A] ⏰ Strategy 'EMA_Cross_ema50' not executed because it's outside the time window: 16:35:00 - 16:50:00
2025-04-17 19:50:00 - INFO - [_run_strategy_if_applicable] [N/A] ⏰ Strategy 'EMA_Cross_candle' not executed because it's outside the time window: 16:35:00 - 16:50:00
2025-04-17 19:50:00 - INFO - [_run_strategy_if_applicable] [N/A] ⏰ Strategy 'VWAP_diff_signal_1700' not executed because it's outside the time window: 17:30:00 - 19:00:00
2025-04-17 19:50:00 - INFO - [_run_strategy_if_applicable] [N/A] ⏰ Strategy 'SMA_Cross_sma50' not executed because it's outside the time window: 16:35:00 - 16:50:00
2025-04-17 19:50:00 - INFO - [_run_strategy_if_applicable] [N/A] ⏰ Strategy 'SMA_Cross_candle' not executed because it's outside the time window: 16:35:00 - 16:50:00
2025-04-17 19:50:00 - INFO - [_run_strategy_if_applicable] [N/A] ⏰ Strategy 'VWAP_diff_signal_1700_volume' not executed because it's outside the time window: 17:30:00 - 19:00:00
2025-04-17 19:50:00 - INFO - [_run_strategy_if_applicable] [N/A] ⏰ Strategy 'VWAP_diff_signal_rsi_1700' not executed because it's outside the time window: 17:30:00 - 19:00:00
2025-04-17 19:50:00 - INFO - [trading_loop] [N/A] 📊 Updating SL/TP for active orders
2025-04-17 19:50:01 - INFO - [_wait_until_next_iteration] [N/A] ⏳ Sleeping for 58.93 seconds before the next cycle
2025-04-17 19:51:00 - DEBUG - [trading_loop] [N/A] ⏱ Skipping EMA_Cross_ema50, not yet time (every 5m)
2025-04-17 19:51:00 - DEBUG - [trading_loop] [N/A] ⏱ Skipping EMA_Cross_candle, not yet time (every 5m)
2025-04-17 19:51:00 - DEBUG - [trading_loop] [N/A] ⏱ Skipping VWAP_diff_signal_1700, not yet time (every 5m)
2025-04-17 19:51:00 - DEBUG - [trading_loop] [N/A] ⏱ Skipping SMA_Cross_sma50, not yet time (every 5m)
2025-04-17 19:51:00 - DEBUG - [trading_loop] [N/A] ⏱ Skipping SMA_Cross_candle, not yet time (every 5m)
2025-04-17 19:51:00 - DEBUG - [trading_loop] [N/A] ⏱ Skipping VWAP_diff_signal_1700_volume, not yet time (every 5m)
2025-04-17 19:51:00 - DEBUG - [trading_loop] [N/A] ⏱ Skipping VWAP_diff_signal_rsi_1700, not yet time (every 5m)
2025-04-17 19:51:00 - INFO - [trading_loop] [N/A] 📊 Updating SL/TP for active orders
2025-04-17 19:51:01 - INFO - [_wait_until_next_iteration] [N/A] ⏳ Sleeping for 58.93 seconds before the next cycle
2025-04-17 19:52:00 - DEBUG - [trading_loop] [N/A] ⏱ Skipping EMA_Cross_ema50, not yet time (every 5m)
2025-04-17 19:52:00 - DEBUG - [trading_loop] [N/A] ⏱ Skipping EMA_Cross_candle, not yet time (every 5m)
2025-04-17 19:52:00 - DEBUG - [trading_loop] [N/A] ⏱ Skipping VWAP_diff_signal_1700, not yet time (every 5m)
2025-04-17 19:52:00 - DEBUG - [trading_loop] [N/A] ⏱ Skipping SMA_Cross_sma50, not yet time (every 5m)
2025-04-17 19:52:00 - DEBUG - [trading_loop] [N/A] ⏱ Skipping SMA_Cross_candle, not yet time (every 5m)
2025-04-17 19:52:00 - DEBUG - [trading_loop] [N/A] ⏱ Skipping VWAP_diff_signal_1700_volume, not yet time (every 5m)
2025-04-17 19:52:00 - DEBUG - [trading_loop] [N/A] ⏱ Skipping VWAP_diff_signal_rsi_1700, not yet time (every 5m)
2025-04-17 19:52:00 - INFO - [trading_loop] [N/A] 📊 Updating SL/TP for active orders
2025-04-17 19:52:01 - INFO - [_wait_until_next_iteration] [N/A] ⏳ Sleeping for 58.94 seconds before the next cycle
2025-04-17 19:53:00 - DEBUG - [trading_loop] [N/A] ⏱ Skipping EMA_Cross_ema50, not yet time (every 5m)
2025-04-17 19:53:00 - DEBUG - [trading_loop] [N/A] ⏱ Skipping EMA_Cross_candle, not yet time (every 5m)
2025-04-17 19:53:00 - DEBUG - [trading_loop] [N/A] ⏱ Skipping VWAP_diff_signal_1700, not yet time (every 5m)
2025-04-17 19:53:00 - DEBUG - [trading_loop] [N/A] ⏱ Skipping SMA_Cross_sma50, not yet time (every 5m)
2025-04-17 19:53:00 - DEBUG - [trading_loop] [N/A] ⏱ Skipping SMA_Cross_candle, not yet time (every 5m)
2025-04-17 19:53:00 - DEBUG - [trading_loop] [N/A] ⏱ Skipping VWAP_diff_signal_1700_volume, not yet time (every 5m)
2025-04-17 19:53:00 - DEBUG - [trading_loop] [N/A] ⏱ Skipping VWAP_diff_signal_rsi_1700, not yet time (every 5m)
2025-04-17 19:53:00 - INFO - [trading_loop] [N/A] 📊 Updating SL/TP for active orders
2025-04-17 19:53:01 - INFO - [_wait_until_next_iteration] [N/A] ⏳ Sleeping for 58.94 seconds before the next cycle
2025-04-17 19:54:00 - DEBUG - [trading_loop] [N/A] ⏱ Skipping EMA_Cross_ema50, not yet time (every 5m)
2025-04-17 19:54:00 - DEBUG - [trading_loop] [N/A] ⏱ Skipping EMA_Cross_candle, not yet time (every 5m)
2025-04-17 19:54:00 - DEBUG - [trading_loop] [N/A] ⏱ Skipping VWAP_diff_signal_1700, not yet time (every 5m)
2025-04-17 19:54:00 - DEBUG - [trading_loop] [N/A] ⏱ Skipping SMA_Cross_sma50, not yet time (every 5m)
2025-04-17 19:54:00 - DEBUG - [trading_loop] [N/A] ⏱ Skipping SMA_Cross_candle, not yet time (every 5m)
2025-04-17 19:54:00 - DEBUG - [trading_loop] [N/A] ⏱ Skipping VWAP_diff_signal_1700_volume, not yet time (every 5m)
2025-04-17 19:54:00 - DEBUG - [trading_loop] [N/A] ⏱ Skipping VWAP_diff_signal_rsi_1700, not yet time (every 5m)
2025-04-17 19:54:00 - INFO - [trading_loop] [N/A] 📊 Updating SL/TP for active orders
2025-04-17 19:54:01 - INFO - [_wait_until_next_iteration] [N/A] ⏳ Sleeping for 58.93 seconds before the next cycle
2025-04-17 19:55:00 - INFO - [_run_strategy_if_applicable] [N/A] ⏰ Strategy 'EMA_Cross_ema50' not executed because it's outside the time window: 16:35:00 - 16:50:00
2025-04-17 19:55:00 - INFO - [_run_strategy_if_applicable] [N/A] ⏰ Strategy 'EMA_Cross_candle' not executed because it's outside the time window: 16:35:00 - 16:50:00
2025-04-17 19:55:00 - INFO - [_run_strategy_if_applicable] [N/A] ⏰ Strategy 'VWAP_diff_signal_1700' not executed because it's outside the time window: 17:30:00 - 19:00:00
2025-04-17 19:55:00 - INFO - [_run_strategy_if_applicable] [N/A] ⏰ Strategy 'SMA_Cross_sma50' not executed because it's outside the time window: 16:35:00 - 16:50:00
2025-04-17 19:55:00 - INFO - [_run_strategy_if_applicable] [N/A] ⏰ Strategy 'SMA_Cross_candle' not executed because it's outside the time window: 16:35:00 - 16:50:00
2025-04-17 19:55:00 - INFO - [_run_strategy_if_applicable] [N/A] ⏰ Strategy 'VWAP_diff_signal_1700_volume' not executed because it's outside the time window: 17:30:00 - 19:00:00
2025-04-17 19:55:00 - INFO - [_run_strategy_if_applicable] [N/A] ⏰ Strategy 'VWAP_diff_signal_rsi_1700' not executed because it's outside the time window: 17:30:00 - 19:00:00
2025-04-17 19:55:00 - INFO - [trading_loop] [N/A] 📊 Updating SL/TP for active orders
2025-04-17 19:55:01 - INFO - [_wait_until_next_iteration] [N/A] ⏳ Sleeping for 58.93 seconds before the next cycle
2025-04-17 19:56:00 - DEBUG - [trading_loop] [N/A] ⏱ Skipping EMA_Cross_ema50, not yet time (every 5m)
2025-04-17 19:56:00 - DEBUG - [trading_loop] [N/A] ⏱ Skipping EMA_Cross_candle, not yet time (every 5m)
2025-04-17 19:56:00 - DEBUG - [trading_loop] [N/A] ⏱ Skipping VWAP_diff_signal_1700, not yet time (every 5m)
2025-04-17 19:56:00 - DEBUG - [trading_loop] [N/A] ⏱ Skipping SMA_Cross_sma50, not yet time (every 5m)
2025-04-17 19:56:00 - DEBUG - [trading_loop] [N/A] ⏱ Skipping SMA_Cross_candle, not yet time (every 5m)
2025-04-17 19:56:00 - DEBUG - [trading_loop] [N/A] ⏱ Skipping VWAP_diff_signal_1700_volume, not yet time (every 5m)
2025-04-17 19:56:00 - DEBUG - [trading_loop] [N/A] ⏱ Skipping VWAP_diff_signal_rsi_1700, not yet time (every 5m)
2025-04-17 19:56:00 - INFO - [trading_loop] [N/A] 📊 Updating SL/TP for active orders
2025-04-17 19:56:01 - INFO - [_wait_until_next_iteration] [N/A] ⏳ Sleeping for 58.93 seconds before the next cycle
2025-04-17 19:57:00 - DEBUG - [trading_loop] [N/A] ⏱ Skipping EMA_Cross_ema50, not yet time (every 5m)
2025-04-17 19:57:00 - DEBUG - [trading_loop] [N/A] ⏱ Skipping EMA_Cross_candle, not yet time (every 5m)
2025-04-17 19:57:00 - DEBUG - [trading_loop] [N/A] ⏱ Skipping VWAP_diff_signal_1700, not yet time (every 5m)
2025-04-17 19:57:00 - DEBUG - [trading_loop] [N/A] ⏱ Skipping SMA_Cross_sma50, not yet time (every 5m)
2025-04-17 19:57:00 - DEBUG - [trading_loop] [N/A] ⏱ Skipping SMA_Cross_candle, not yet time (every 5m)
2025-04-17 19:57:00 - DEBUG - [trading_loop] [N/A] ⏱ Skipping VWAP_diff_signal_1700_volume, not yet time (every 5m)
2025-04-17 19:57:00 - DEBUG - [trading_loop] [N/A] ⏱ Skipping VWAP_diff_signal_rsi_1700, not yet time (every 5m)
2025-04-17 19:57:00 - INFO - [trading_loop] [N/A] 📊 Updating SL/TP for active orders
2025-04-17 19:57:01 - INFO - [_wait_until_next_iteration] [N/A] ⏳ Sleeping for 58.94 seconds before the next cycle
2025-04-17 19:58:00 - DEBUG - [trading_loop] [N/A] ⏱ Skipping EMA_Cross_ema50, not yet time (every 5m)
2025-04-17 19:58:00 - DEBUG - [trading_loop] [N/A] ⏱ Skipping EMA_Cross_candle, not yet time (every 5m)
2025-04-17 19:58:00 - DEBUG - [trading_loop] [N/A] ⏱ Skipping VWAP_diff_signal_1700, not yet time (every 5m)
2025-04-17 19:58:00 - DEBUG - [trading_loop] [N/A] ⏱ Skipping SMA_Cross_sma50, not yet time (every 5m)
2025-04-17 19:58:00 - DEBUG - [trading_loop] [N/A] ⏱ Skipping SMA_Cross_candle, not yet time (every 5m)
2025-04-17 19:58:00 - DEBUG - [trading_loop] [N/A] ⏱ Skipping VWAP_diff_signal_1700_volume, not yet time (every 5m)
2025-04-17 19:58:00 - DEBUG - [trading_loop] [N/A] ⏱ Skipping VWAP_diff_signal_rsi_1700, not yet time (every 5m)
2025-04-17 19:58:00 - INFO - [trading_loop] [N/A] 📊 Updating SL/TP for active orders
2025-04-17 19:58:01 - INFO - [_wait_until_next_iteration] [N/A] ⏳ Sleeping for 58.94 seconds before the next cycle
2025-04-17 19:59:00 - DEBUG - [trading_loop] [N/A] ⏱ Skipping EMA_Cross_ema50, not yet time (every 5m)
2025-04-17 19:59:00 - DEBUG - [trading_loop] [N/A] ⏱ Skipping EMA_Cross_candle, not yet time (every 5m)
2025-04-17 19:59:00 - DEBUG - [trading_loop] [N/A] ⏱ Skipping VWAP_diff_signal_1700, not yet time (every 5m)
2025-04-17 19:59:00 - DEBUG - [trading_loop] [N/A] ⏱ Skipping SMA_Cross_sma50, not yet time (every 5m)
2025-04-17 19:59:00 - DEBUG - [trading_loop] [N/A] ⏱ Skipping SMA_Cross_candle, not yet time (every 5m)
2025-04-17 19:59:00 - DEBUG - [trading_loop] [N/A] ⏱ Skipping VWAP_diff_signal_1700_volume, not yet time (every 5m)
2025-04-17 19:59:00 - DEBUG - [trading_loop] [N/A] ⏱ Skipping VWAP_diff_signal_rsi_1700, not yet time (every 5m)
2025-04-17 19:59:00 - INFO - [trading_loop] [N/A] 📊 Updating SL/TP for active orders
2025-04-17 19:59:01 - INFO - [_wait_until_next_iteration] [N/A] ⏳ Sleeping for 58.93 seconds before the next cycle
2025-04-17 20:00:00 - INFO - [_run_strategy_if_applicable] [N/A] ⏰ Strategy 'EMA_Cross_ema50' not executed because it's outside the time window: 16:35:00 - 16:50:00
2025-04-17 20:00:00 - INFO - [_run_strategy_if_applicable] [N/A] ⏰ Strategy 'EMA_Cross_candle' not executed because it's outside the time window: 16:35:00 - 16:50:00
2025-04-17 20:00:00 - INFO - [_run_strategy_if_applicable] [N/A] ⏰ Strategy 'VWAP_diff_signal_1700' not executed because it's outside the time window: 17:30:00 - 19:00:00
2025-04-17 20:00:00 - INFO - [_run_strategy_if_applicable] [N/A] ⏰ Strategy 'SMA_Cross_sma50' not executed because it's outside the time window: 16:35:00 - 16:50:00
2025-04-17 20:00:00 - INFO - [_run_strategy_if_applicable] [N/A] ⏰ Strategy 'SMA_Cross_candle' not executed because it's outside the time window: 16:35:00 - 16:50:00
2025-04-17 20:00:00 - INFO - [_run_strategy_if_applicable] [N/A] ⏰ Strategy 'VWAP_diff_signal_1700_volume' not executed because it's outside the time window: 17:30:00 - 19:00:00
2025-04-17 20:00:00 - INFO - [_run_strategy_if_applicable] [N/A] ⏰ Strategy 'VWAP_diff_signal_rsi_1700' not executed because it's outside the time window: 17:30:00 - 19:00:00
2025-04-17 20:00:00 - INFO - [trading_loop] [N/A] 📊 Updating SL/TP for active orders
2025-04-17 20:00:01 - INFO - [_wait_until_next_iteration] [N/A] ⏳ Sleeping for 58.93 seconds before the next cycle
2025-04-17 20:01:00 - DEBUG - [trading_loop] [N/A] ⏱ Skipping EMA_Cross_ema50, not yet time (every 5m)
2025-04-17 20:01:00 - DEBUG - [trading_loop] [N/A] ⏱ Skipping EMA_Cross_candle, not yet time (every 5m)
2025-04-17 20:01:00 - DEBUG - [trading_loop] [N/A] ⏱ Skipping VWAP_diff_signal_1700, not yet time (every 5m)
2025-04-17 20:01:00 - DEBUG - [trading_loop] [N/A] ⏱ Skipping SMA_Cross_sma50, not yet time (every 5m)
2025-04-17 20:01:00 - DEBUG - [trading_loop] [N/A] ⏱ Skipping SMA_Cross_candle, not yet time (every 5m)
2025-04-17 20:01:00 - DEBUG - [trading_loop] [N/A] ⏱ Skipping VWAP_diff_signal_1700_volume, not yet time (every 5m)
2025-04-17 20:01:00 - DEBUG - [trading_loop] [N/A] ⏱ Skipping VWAP_diff_signal_rsi_1700, not yet time (every 5m)
2025-04-17 20:01:00 - INFO - [trading_loop] [N/A] 📊 Updating SL/TP for active orders
2025-04-17 20:01:01 - INFO - [_wait_until_next_iteration] [N/A] ⏳ Sleeping for 58.93 seconds before the next cycle
2025-04-17 20:02:00 - DEBUG - [trading_loop] [N/A] ⏱ Skipping EMA_Cross_ema50, not yet time (every 5m)
2025-04-17 20:02:00 - DEBUG - [trading_loop] [N/A] ⏱ Skipping EMA_Cross_candle, not yet time (every 5m)
2025-04-17 20:02:00 - DEBUG - [trading_loop] [N/A] ⏱ Skipping VWAP_diff_signal_1700, not yet time (every 5m)
2025-04-17 20:02:00 - DEBUG - [trading_loop] [N/A] ⏱ Skipping SMA_Cross_sma50, not yet time (every 5m)
2025-04-17 20:02:00 - DEBUG - [trading_loop] [N/A] ⏱ Skipping SMA_Cross_candle, not yet time (every 5m)
2025-04-17 20:02:00 - DEBUG - [trading_loop] [N/A] ⏱ Skipping VWAP_diff_signal_1700_volume, not yet time (every 5m)
2025-04-17 20:02:00 - DEBUG - [trading_loop] [N/A] ⏱ Skipping VWAP_diff_signal_rsi_1700, not yet time (every 5m)
2025-04-17 20:02:00 - INFO - [trading_loop] [N/A] 📊 Updating SL/TP for active orders
2025-04-17 20:02:01 - INFO - [_wait_until_next_iteration] [N/A] ⏳ Sleeping for 58.93 seconds before the next cycle
2025-04-17 20:03:00 - DEBUG - [trading_loop] [N/A] ⏱ Skipping EMA_Cross_ema50, not yet time (every 5m)
2025-04-17 20:03:00 - DEBUG - [trading_loop] [N/A] ⏱ Skipping EMA_Cross_candle, not yet time (every 5m)
2025-04-17 20:03:00 - DEBUG - [trading_loop] [N/A] ⏱ Skipping VWAP_diff_signal_1700, not yet time (every 5m)
2025-04-17 20:03:00 - DEBUG - [trading_loop] [N/A] ⏱ Skipping SMA_Cross_sma50, not yet time (every 5m)
2025-04-17 20:03:00 - DEBUG - [trading_loop] [N/A] ⏱ Skipping SMA_Cross_candle, not yet time (every 5m)
2025-04-17 20:03:00 - DEBUG - [trading_loop] [N/A] ⏱ Skipping VWAP_diff_signal_1700_volume, not yet time (every 5m)
2025-04-17 20:03:00 - DEBUG - [trading_loop] [N/A] ⏱ Skipping VWAP_diff_signal_rsi_1700, not yet time (every 5m)
2025-04-17 20:03:00 - INFO - [trading_loop] [N/A] 📊 Updating SL/TP for active orders
2025-04-17 20:03:01 - INFO - [_wait_until_next_iteration] [N/A] ⏳ Sleeping for 58.93 seconds before the next cycle
2025-04-17 20:04:00 - DEBUG - [trading_loop] [N/A] ⏱ Skipping EMA_Cross_ema50, not yet time (every 5m)
2025-04-17 20:04:00 - DEBUG - [trading_loop] [N/A] ⏱ Skipping EMA_Cross_candle, not yet time (every 5m)
2025-04-17 20:04:00 - DEBUG - [trading_loop] [N/A] ⏱ Skipping VWAP_diff_signal_1700, not yet time (every 5m)
2025-04-17 20:04:00 - DEBUG - [trading_loop] [N/A] ⏱ Skipping SMA_Cross_sma50, not yet time (every 5m)
2025-04-17 20:04:00 - DEBUG - [trading_loop] [N/A] ⏱ Skipping SMA_Cross_candle, not yet time (every 5m)
2025-04-17 20:04:00 - DEBUG - [trading_loop] [N/A] ⏱ Skipping VWAP_diff_signal_1700_volume, not yet time (every 5m)
2025-04-17 20:04:00 - DEBUG - [trading_loop] [N/A] ⏱ Skipping VWAP_diff_signal_rsi_1700, not yet time (every 5m)
2025-04-17 20:04:00 - INFO - [trading_loop] [N/A] 📊 Updating SL/TP for active orders
2025-04-17 20:04:01 - INFO - [_wait_until_next_iteration] [N/A] ⏳ Sleeping for 58.93 seconds before the next cycle
2025-04-17 20:05:00 - INFO - [_run_strategy_if_applicable] [N/A] ⏰ Strategy 'EMA_Cross_ema50' not executed because it's outside the time window: 16:35:00 - 16:50:00
2025-04-17 20:05:00 - INFO - [_run_strategy_if_applicable] [N/A] ⏰ Strategy 'EMA_Cross_candle' not executed because it's outside the time window: 16:35:00 - 16:50:00
2025-04-17 20:05:00 - INFO - [_run_strategy_if_applicable] [N/A] ⏰ Strategy 'VWAP_diff_signal_1700' not executed because it's outside the time window: 17:30:00 - 19:00:00
2025-04-17 20:05:00 - INFO - [_run_strategy_if_applicable] [N/A] ⏰ Strategy 'SMA_Cross_sma50' not executed because it's outside the time window: 16:35:00 - 16:50:00
2025-04-17 20:05:00 - INFO - [_run_strategy_if_applicable] [N/A] ⏰ Strategy 'SMA_Cross_candle' not executed because it's outside the time window: 16:35:00 - 16:50:00
2025-04-17 20:05:00 - INFO - [_run_strategy_if_applicable] [N/A] ⏰ Strategy 'VWAP_diff_signal_1700_volume' not executed because it's outside the time window: 17:30:00 - 19:00:00
2025-04-17 20:05:00 - INFO - [_run_strategy_if_applicable] [N/A] ⏰ Strategy 'VWAP_diff_signal_rsi_1700' not executed because it's outside the time window: 17:30:00 - 19:00:00
2025-04-17 20:05:00 - INFO - [trading_loop] [N/A] 📊 Updating SL/TP for active orders
2025-04-17 20:05:01 - INFO - [_wait_until_next_iteration] [N/A] ⏳ Sleeping for 58.93 seconds before the next cycle
2025-04-17 20:06:00 - DEBUG - [trading_loop] [N/A] ⏱ Skipping EMA_Cross_ema50, not yet time (every 5m)
2025-04-17 20:06:00 - DEBUG - [trading_loop] [N/A] ⏱ Skipping EMA_Cross_candle, not yet time (every 5m)
2025-04-17 20:06:00 - DEBUG - [trading_loop] [N/A] ⏱ Skipping VWAP_diff_signal_1700, not yet time (every 5m)
2025-04-17 20:06:00 - DEBUG - [trading_loop] [N/A] ⏱ Skipping SMA_Cross_sma50, not yet time (every 5m)
2025-04-17 20:06:00 - DEBUG - [trading_loop] [N/A] ⏱ Skipping SMA_Cross_candle, not yet time (every 5m)
2025-04-17 20:06:00 - DEBUG - [trading_loop] [N/A] ⏱ Skipping VWAP_diff_signal_1700_volume, not yet time (every 5m)
2025-04-17 20:06:00 - DEBUG - [trading_loop] [N/A] ⏱ Skipping VWAP_diff_signal_rsi_1700, not yet time (every 5m)
2025-04-17 20:06:00 - INFO - [trading_loop] [N/A] 📊 Updating SL/TP for active orders
2025-04-17 20:06:01 - INFO - [_wait_until_next_iteration] [N/A] ⏳ Sleeping for 58.93 seconds before the next cycle
2025-04-17 20:07:00 - DEBUG - [trading_loop] [N/A] ⏱ Skipping EMA_Cross_ema50, not yet time (every 5m)
2025-04-17 20:07:00 - DEBUG - [trading_loop] [N/A] ⏱ Skipping EMA_Cross_candle, not yet time (every 5m)
2025-04-17 20:07:00 - DEBUG - [trading_loop] [N/A] ⏱ Skipping VWAP_diff_signal_1700, not yet time (every 5m)
2025-04-17 20:07:00 - DEBUG - [trading_loop] [N/A] ⏱ Skipping SMA_Cross_sma50, not yet time (every 5m)
2025-04-17 20:07:00 - DEBUG - [trading_loop] [N/A] ⏱ Skipping SMA_Cross_candle, not yet time (every 5m)
2025-04-17 20:07:00 - DEBUG - [trading_loop] [N/A] ⏱ Skipping VWAP_diff_signal_1700_volume, not yet time (every 5m)
2025-04-17 20:07:00 - DEBUG - [trading_loop] [N/A] ⏱ Skipping VWAP_diff_signal_rsi_1700, not yet time (every 5m)
2025-04-17 20:07:00 - INFO - [trading_loop] [N/A] 📊 Updating SL/TP for active orders
2025-04-17 20:07:01 - INFO - [_wait_until_next_iteration] [N/A] ⏳ Sleeping for 58.93 seconds before the next cycle
2025-04-17 20:08:00 - DEBUG - [trading_loop] [N/A] ⏱ Skipping EMA_Cross_ema50, not yet time (every 5m)
2025-04-17 20:08:00 - DEBUG - [trading_loop] [N/A] ⏱ Skipping EMA_Cross_candle, not yet time (every 5m)
2025-04-17 20:08:00 - DEBUG - [trading_loop] [N/A] ⏱ Skipping VWAP_diff_signal_1700, not yet time (every 5m)
2025-04-17 20:08:00 - DEBUG - [trading_loop] [N/A] ⏱ Skipping SMA_Cross_sma50, not yet time (every 5m)
2025-04-17 20:08:00 - DEBUG - [trading_loop] [N/A] ⏱ Skipping SMA_Cross_candle, not yet time (every 5m)
2025-04-17 20:08:00 - DEBUG - [trading_loop] [N/A] ⏱ Skipping VWAP_diff_signal_1700_volume, not yet time (every 5m)
2025-04-17 20:08:00 - DEBUG - [trading_loop] [N/A] ⏱ Skipping VWAP_diff_signal_rsi_1700, not yet time (every 5m)
2025-04-17 20:08:00 - INFO - [trading_loop] [N/A] 📊 Updating SL/TP for active orders
2025-04-17 20:08:01 - INFO - [_wait_until_next_iteration] [N/A] ⏳ Sleeping for 58.94 seconds before the next cycle
2025-04-17 20:09:00 - DEBUG - [trading_loop] [N/A] ⏱ Skipping EMA_Cross_ema50, not yet time (every 5m)
2025-04-17 20:09:00 - DEBUG - [trading_loop] [N/A] ⏱ Skipping EMA_Cross_candle, not yet time (every 5m)
2025-04-17 20:09:00 - DEBUG - [trading_loop] [N/A] ⏱ Skipping VWAP_diff_signal_1700, not yet time (every 5m)
2025-04-17 20:09:00 - DEBUG - [trading_loop] [N/A] ⏱ Skipping SMA_Cross_sma50, not yet time (every 5m)
2025-04-17 20:09:00 - DEBUG - [trading_loop] [N/A] ⏱ Skipping SMA_Cross_candle, not yet time (every 5m)
2025-04-17 20:09:00 - DEBUG - [trading_loop] [N/A] ⏱ Skipping VWAP_diff_signal_1700_volume, not yet time (every 5m)
2025-04-17 20:09:00 - DEBUG - [trading_loop] [N/A] ⏱ Skipping VWAP_diff_signal_rsi_1700, not yet time (every 5m)
2025-04-17 20:09:00 - INFO - [trading_loop] [N/A] 📊 Updating SL/TP for active orders
2025-04-17 20:09:01 - INFO - [_wait_until_next_iteration] [N/A] ⏳ Sleeping for 58.93 seconds before the next cycle
2025-04-17 20:10:00 - INFO - [_run_strategy_if_applicable] [N/A] ⏰ Strategy 'EMA_Cross_ema50' not executed because it's outside the time window: 16:35:00 - 16:50:00
2025-04-17 20:10:00 - INFO - [_run_strategy_if_applicable] [N/A] ⏰ Strategy 'EMA_Cross_candle' not executed because it's outside the time window: 16:35:00 - 16:50:00
2025-04-17 20:10:00 - INFO - [_run_strategy_if_applicable] [N/A] ⏰ Strategy 'VWAP_diff_signal_1700' not executed because it's outside the time window: 17:30:00 - 19:00:00
2025-04-17 20:10:00 - INFO - [_run_strategy_if_applicable] [N/A] ⏰ Strategy 'SMA_Cross_sma50' not executed because it's outside the time window: 16:35:00 - 16:50:00
2025-04-17 20:10:00 - INFO - [_run_strategy_if_applicable] [N/A] ⏰ Strategy 'SMA_Cross_candle' not executed because it's outside the time window: 16:35:00 - 16:50:00
2025-04-17 20:10:00 - INFO - [_run_strategy_if_applicable] [N/A] ⏰ Strategy 'VWAP_diff_signal_1700_volume' not executed because it's outside the time window: 17:30:00 - 19:00:00
2025-04-17 20:10:00 - INFO - [_run_strategy_if_applicable] [N/A] ⏰ Strategy 'VWAP_diff_signal_rsi_1700' not executed because it's outside the time window: 17:30:00 - 19:00:00
2025-04-17 20:10:00 - INFO - [trading_loop] [N/A] 📊 Updating SL/TP for active orders
2025-04-17 20:10:01 - INFO - [_wait_until_next_iteration] [N/A] ⏳ Sleeping for 58.94 seconds before the next cycle
2025-04-17 20:11:00 - DEBUG - [trading_loop] [N/A] ⏱ Skipping EMA_Cross_ema50, not yet time (every 5m)
2025-04-17 20:11:00 - DEBUG - [trading_loop] [N/A] ⏱ Skipping EMA_Cross_candle, not yet time (every 5m)
2025-04-17 20:11:00 - DEBUG - [trading_loop] [N/A] ⏱ Skipping VWAP_diff_signal_1700, not yet time (every 5m)
2025-04-17 20:11:00 - DEBUG - [trading_loop] [N/A] ⏱ Skipping SMA_Cross_sma50, not yet time (every 5m)
2025-04-17 20:11:00 - DEBUG - [trading_loop] [N/A] ⏱ Skipping SMA_Cross_candle, not yet time (every 5m)
2025-04-17 20:11:00 - DEBUG - [trading_loop] [N/A] ⏱ Skipping VWAP_diff_signal_1700_volume, not yet time (every 5m)
2025-04-17 20:11:00 - DEBUG - [trading_loop] [N/A] ⏱ Skipping VWAP_diff_signal_rsi_1700, not yet time (every 5m)
2025-04-17 20:11:00 - INFO - [trading_loop] [N/A] 📊 Updating SL/TP for active orders
2025-04-17 20:11:01 - INFO - [_wait_until_next_iteration] [N/A] ⏳ Sleeping for 58.91 seconds before the next cycle
2025-04-17 20:12:00 - DEBUG - [trading_loop] [N/A] ⏱ Skipping EMA_Cross_ema50, not yet time (every 5m)
2025-04-17 20:12:00 - DEBUG - [trading_loop] [N/A] ⏱ Skipping EMA_Cross_candle, not yet time (every 5m)
2025-04-17 20:12:00 - DEBUG - [trading_loop] [N/A] ⏱ Skipping VWAP_diff_signal_1700, not yet time (every 5m)
2025-04-17 20:12:00 - DEBUG - [trading_loop] [N/A] ⏱ Skipping SMA_Cross_sma50, not yet time (every 5m)
2025-04-17 20:12:00 - DEBUG - [trading_loop] [N/A] ⏱ Skipping SMA_Cross_candle, not yet time (every 5m)
2025-04-17 20:12:00 - DEBUG - [trading_loop] [N/A] ⏱ Skipping VWAP_diff_signal_1700_volume, not yet time (every 5m)
2025-04-17 20:12:00 - DEBUG - [trading_loop] [N/A] ⏱ Skipping VWAP_diff_signal_rsi_1700, not yet time (every 5m)
2025-04-17 20:12:00 - INFO - [trading_loop] [N/A] 📊 Updating SL/TP for active orders
2025-04-17 20:12:01 - INFO - [_wait_until_next_iteration] [N/A] ⏳ Sleeping for 58.93 seconds before the next cycle
2025-04-17 20:13:00 - DEBUG - [trading_loop] [N/A] ⏱ Skipping EMA_Cross_ema50, not yet time (every 5m)
2025-04-17 20:13:00 - DEBUG - [trading_loop] [N/A] ⏱ Skipping EMA_Cross_candle, not yet time (every 5m)
2025-04-17 20:13:00 - DEBUG - [trading_loop] [N/A] ⏱ Skipping VWAP_diff_signal_1700, not yet time (every 5m)
2025-04-17 20:13:00 - DEBUG - [trading_loop] [N/A] ⏱ Skipping SMA_Cross_sma50, not yet time (every 5m)
2025-04-17 20:13:00 - DEBUG - [trading_loop] [N/A] ⏱ Skipping SMA_Cross_candle, not yet time (every 5m)
2025-04-17 20:13:00 - DEBUG - [trading_loop] [N/A] ⏱ Skipping VWAP_diff_signal_1700_volume, not yet time (every 5m)
2025-04-17 20:13:00 - DEBUG - [trading_loop] [N/A] ⏱ Skipping VWAP_diff_signal_rsi_1700, not yet time (every 5m)
2025-04-17 20:13:00 - INFO - [trading_loop] [N/A] 📊 Updating SL/TP for active orders
2025-04-17 20:13:01 - INFO - [_wait_until_next_iteration] [N/A] ⏳ Sleeping for 58.93 seconds before the next cycle
2025-04-17 20:14:00 - DEBUG - [trading_loop] [N/A] ⏱ Skipping EMA_Cross_ema50, not yet time (every 5m)
2025-04-17 20:14:00 - DEBUG - [trading_loop] [N/A] ⏱ Skipping EMA_Cross_candle, not yet time (every 5m)
2025-04-17 20:14:00 - DEBUG - [trading_loop] [N/A] ⏱ Skipping VWAP_diff_signal_1700, not yet time (every 5m)
2025-04-17 20:14:00 - DEBUG - [trading_loop] [N/A] ⏱ Skipping SMA_Cross_sma50, not yet time (every 5m)
2025-04-17 20:14:00 - DEBUG - [trading_loop] [N/A] ⏱ Skipping SMA_Cross_candle, not yet time (every 5m)
2025-04-17 20:14:00 - DEBUG - [trading_loop] [N/A] ⏱ Skipping VWAP_diff_signal_1700_volume, not yet time (every 5m)
2025-04-17 20:14:00 - DEBUG - [trading_loop] [N/A] ⏱ Skipping VWAP_diff_signal_rsi_1700, not yet time (every 5m)
2025-04-17 20:14:00 - INFO - [trading_loop] [N/A] 📊 Updating SL/TP for active orders
2025-04-17 20:14:01 - INFO - [_wait_until_next_iteration] [N/A] ⏳ Sleeping for 58.93 seconds before the next cycle
2025-04-17 20:15:00 - INFO - [_run_strategy_if_applicable] [N/A] ⏰ Strategy 'EMA_Cross_ema50' not executed because it's outside the time window: 16:35:00 - 16:50:00
2025-04-17 20:15:00 - INFO - [_run_strategy_if_applicable] [N/A] ⏰ Strategy 'EMA_Cross_candle' not executed because it's outside the time window: 16:35:00 - 16:50:00
2025-04-17 20:15:00 - INFO - [_run_strategy_if_applicable] [N/A] ⏰ Strategy 'VWAP_diff_signal_1700' not executed because it's outside the time window: 17:30:00 - 19:00:00
2025-04-17 20:15:00 - INFO - [_run_strategy_if_applicable] [N/A] ⏰ Strategy 'SMA_Cross_sma50' not executed because it's outside the time window: 16:35:00 - 16:50:00
2025-04-17 20:15:00 - INFO - [_run_strategy_if_applicable] [N/A] ⏰ Strategy 'SMA_Cross_candle' not executed because it's outside the time window: 16:35:00 - 16:50:00
2025-04-17 20:15:00 - INFO - [_run_strategy_if_applicable] [N/A] ⏰ Strategy 'VWAP_diff_signal_1700_volume' not executed because it's outside the time window: 17:30:00 - 19:00:00
2025-04-17 20:15:00 - INFO - [_run_strategy_if_applicable] [N/A] ⏰ Strategy 'VWAP_diff_signal_rsi_1700' not executed because it's outside the time window: 17:30:00 - 19:00:00
2025-04-17 20:15:00 - INFO - [trading_loop] [N/A] 📊 Updating SL/TP for active orders
2025-04-17 20:15:01 - INFO - [_wait_until_next_iteration] [N/A] ⏳ Sleeping for 58.95 seconds before the next cycle
2025-04-17 20:16:00 - DEBUG - [trading_loop] [N/A] ⏱ Skipping EMA_Cross_ema50, not yet time (every 5m)
2025-04-17 20:16:00 - DEBUG - [trading_loop] [N/A] ⏱ Skipping EMA_Cross_candle, not yet time (every 5m)
2025-04-17 20:16:00 - DEBUG - [trading_loop] [N/A] ⏱ Skipping VWAP_diff_signal_1700, not yet time (every 5m)
2025-04-17 20:16:00 - DEBUG - [trading_loop] [N/A] ⏱ Skipping SMA_Cross_sma50, not yet time (every 5m)
2025-04-17 20:16:00 - DEBUG - [trading_loop] [N/A] ⏱ Skipping SMA_Cross_candle, not yet time (every 5m)
2025-04-17 20:16:00 - DEBUG - [trading_loop] [N/A] ⏱ Skipping VWAP_diff_signal_1700_volume, not yet time (every 5m)
2025-04-17 20:16:00 - DEBUG - [trading_loop] [N/A] ⏱ Skipping VWAP_diff_signal_rsi_1700, not yet time (every 5m)
2025-04-17 20:16:00 - INFO - [trading_loop] [N/A] 📊 Updating SL/TP for active orders
2025-04-17 20:16:01 - INFO - [_wait_until_next_iteration] [N/A] ⏳ Sleeping for 58.93 seconds before the next cycle
2025-04-17 20:17:00 - DEBUG - [trading_loop] [N/A] ⏱ Skipping EMA_Cross_ema50, not yet time (every 5m)
2025-04-17 20:17:00 - DEBUG - [trading_loop] [N/A] ⏱ Skipping EMA_Cross_candle, not yet time (every 5m)
2025-04-17 20:17:00 - DEBUG - [trading_loop] [N/A] ⏱ Skipping VWAP_diff_signal_1700, not yet time (every 5m)
2025-04-17 20:17:00 - DEBUG - [trading_loop] [N/A] ⏱ Skipping SMA_Cross_sma50, not yet time (every 5m)
2025-04-17 20:17:00 - DEBUG - [trading_loop] [N/A] ⏱ Skipping SMA_Cross_candle, not yet time (every 5m)
2025-04-17 20:17:00 - DEBUG - [trading_loop] [N/A] ⏱ Skipping VWAP_diff_signal_1700_volume, not yet time (every 5m)
2025-04-17 20:17:00 - DEBUG - [trading_loop] [N/A] ⏱ Skipping VWAP_diff_signal_rsi_1700, not yet time (every 5m)
2025-04-17 20:17:00 - INFO - [trading_loop] [N/A] 📊 Updating SL/TP for active orders
2025-04-17 20:17:01 - INFO - [_wait_until_next_iteration] [N/A] ⏳ Sleeping for 58.94 seconds before the next cycle
2025-04-17 20:18:00 - DEBUG - [trading_loop] [N/A] ⏱ Skipping EMA_Cross_ema50, not yet time (every 5m)
2025-04-17 20:18:00 - DEBUG - [trading_loop] [N/A] ⏱ Skipping EMA_Cross_candle, not yet time (every 5m)
2025-04-17 20:18:00 - DEBUG - [trading_loop] [N/A] ⏱ Skipping VWAP_diff_signal_1700, not yet time (every 5m)
2025-04-17 20:18:00 - DEBUG - [trading_loop] [N/A] ⏱ Skipping SMA_Cross_sma50, not yet time (every 5m)
2025-04-17 20:18:00 - DEBUG - [trading_loop] [N/A] ⏱ Skipping SMA_Cross_candle, not yet time (every 5m)
2025-04-17 20:18:00 - DEBUG - [trading_loop] [N/A] ⏱ Skipping VWAP_diff_signal_1700_volume, not yet time (every 5m)
2025-04-17 20:18:00 - DEBUG - [trading_loop] [N/A] ⏱ Skipping VWAP_diff_signal_rsi_1700, not yet time (every 5m)
2025-04-17 20:18:00 - INFO - [trading_loop] [N/A] 📊 Updating SL/TP for active orders
2025-04-17 20:18:01 - INFO - [_wait_until_next_iteration] [N/A] ⏳ Sleeping for 58.93 seconds before the next cycle
2025-04-17 20:19:00 - DEBUG - [trading_loop] [N/A] ⏱ Skipping EMA_Cross_ema50, not yet time (every 5m)
2025-04-17 20:19:00 - DEBUG - [trading_loop] [N/A] ⏱ Skipping EMA_Cross_candle, not yet time (every 5m)
2025-04-17 20:19:00 - DEBUG - [trading_loop] [N/A] ⏱ Skipping VWAP_diff_signal_1700, not yet time (every 5m)
2025-04-17 20:19:00 - DEBUG - [trading_loop] [N/A] ⏱ Skipping SMA_Cross_sma50, not yet time (every 5m)
2025-04-17 20:19:00 - DEBUG - [trading_loop] [N/A] ⏱ Skipping SMA_Cross_candle, not yet time (every 5m)
2025-04-17 20:19:00 - DEBUG - [trading_loop] [N/A] ⏱ Skipping VWAP_diff_signal_1700_volume, not yet time (every 5m)
2025-04-17 20:19:00 - DEBUG - [trading_loop] [N/A] ⏱ Skipping VWAP_diff_signal_rsi_1700, not yet time (every 5m)
2025-04-17 20:19:00 - INFO - [trading_loop] [N/A] 📊 Updating SL/TP for active orders
2025-04-17 20:19:01 - INFO - [_wait_until_next_iteration] [N/A] ⏳ Sleeping for 58.92 seconds before the next cycle
2025-04-17 20:20:00 - INFO - [_run_strategy_if_applicable] [N/A] ⏰ Strategy 'EMA_Cross_ema50' not executed because it's outside the time window: 16:35:00 - 16:50:00
2025-04-17 20:20:00 - INFO - [_run_strategy_if_applicable] [N/A] ⏰ Strategy 'EMA_Cross_candle' not executed because it's outside the time window: 16:35:00 - 16:50:00
2025-04-17 20:20:00 - INFO - [_run_strategy_if_applicable] [N/A] ⏰ Strategy 'VWAP_diff_signal_1700' not executed because it's outside the time window: 17:30:00 - 19:00:00
2025-04-17 20:20:00 - INFO - [_run_strategy_if_applicable] [N/A] ⏰ Strategy 'SMA_Cross_sma50' not executed because it's outside the time window: 16:35:00 - 16:50:00
2025-04-17 20:20:00 - INFO - [_run_strategy_if_applicable] [N/A] ⏰ Strategy 'SMA_Cross_candle' not executed because it's outside the time window: 16:35:00 - 16:50:00
2025-04-17 20:20:00 - INFO - [_run_strategy_if_applicable] [N/A] ⏰ Strategy 'VWAP_diff_signal_1700_volume' not executed because it's outside the time window: 17:30:00 - 19:00:00
2025-04-17 20:20:00 - INFO - [_run_strategy_if_applicable] [N/A] ⏰ Strategy 'VWAP_diff_signal_rsi_1700' not executed because it's outside the time window: 17:30:00 - 19:00:00
2025-04-17 20:20:00 - INFO - [trading_loop] [N/A] 📊 Updating SL/TP for active orders
2025-04-17 20:20:01 - INFO - [_wait_until_next_iteration] [N/A] ⏳ Sleeping for 58.93 seconds before the next cycle
2025-04-17 20:21:00 - DEBUG - [trading_loop] [N/A] ⏱ Skipping EMA_Cross_ema50, not yet time (every 5m)
2025-04-17 20:21:00 - DEBUG - [trading_loop] [N/A] ⏱ Skipping EMA_Cross_candle, not yet time (every 5m)
2025-04-17 20:21:00 - DEBUG - [trading_loop] [N/A] ⏱ Skipping VWAP_diff_signal_1700, not yet time (every 5m)
2025-04-17 20:21:00 - DEBUG - [trading_loop] [N/A] ⏱ Skipping SMA_Cross_sma50, not yet time (every 5m)
2025-04-17 20:21:00 - DEBUG - [trading_loop] [N/A] ⏱ Skipping SMA_Cross_candle, not yet time (every 5m)
2025-04-17 20:21:00 - DEBUG - [trading_loop] [N/A] ⏱ Skipping VWAP_diff_signal_1700_volume, not yet time (every 5m)
2025-04-17 20:21:00 - DEBUG - [trading_loop] [N/A] ⏱ Skipping VWAP_diff_signal_rsi_1700, not yet time (every 5m)
2025-04-17 20:21:00 - INFO - [trading_loop] [N/A] 📊 Updating SL/TP for active orders
2025-04-17 20:21:01 - INFO - [_wait_until_next_iteration] [N/A] ⏳ Sleeping for 58.93 seconds before the next cycle
2025-04-17 20:22:00 - DEBUG - [trading_loop] [N/A] ⏱ Skipping EMA_Cross_ema50, not yet time (every 5m)
2025-04-17 20:22:00 - DEBUG - [trading_loop] [N/A] ⏱ Skipping EMA_Cross_candle, not yet time (every 5m)
2025-04-17 20:22:00 - DEBUG - [trading_loop] [N/A] ⏱ Skipping VWAP_diff_signal_1700, not yet time (every 5m)
2025-04-17 20:22:00 - DEBUG - [trading_loop] [N/A] ⏱ Skipping SMA_Cross_sma50, not yet time (every 5m)
2025-04-17 20:22:00 - DEBUG - [trading_loop] [N/A] ⏱ Skipping SMA_Cross_candle, not yet time (every 5m)
2025-04-17 20:22:00 - DEBUG - [trading_loop] [N/A] ⏱ Skipping VWAP_diff_signal_1700_volume, not yet time (every 5m)
2025-04-17 20:22:00 - DEBUG - [trading_loop] [N/A] ⏱ Skipping VWAP_diff_signal_rsi_1700, not yet time (every 5m)
2025-04-17 20:22:00 - INFO - [trading_loop] [N/A] 📊 Updating SL/TP for active orders
2025-04-17 20:22:01 - INFO - [_wait_until_next_iteration] [N/A] ⏳ Sleeping for 58.93 seconds before the next cycle
2025-04-17 20:23:00 - DEBUG - [trading_loop] [N/A] ⏱ Skipping EMA_Cross_ema50, not yet time (every 5m)
2025-04-17 20:23:00 - DEBUG - [trading_loop] [N/A] ⏱ Skipping EMA_Cross_candle, not yet time (every 5m)
2025-04-17 20:23:00 - DEBUG - [trading_loop] [N/A] ⏱ Skipping VWAP_diff_signal_1700, not yet time (every 5m)
2025-04-17 20:23:00 - DEBUG - [trading_loop] [N/A] ⏱ Skipping SMA_Cross_sma50, not yet time (every 5m)
2025-04-17 20:23:00 - DEBUG - [trading_loop] [N/A] ⏱ Skipping SMA_Cross_candle, not yet time (every 5m)
2025-04-17 20:23:00 - DEBUG - [trading_loop] [N/A] ⏱ Skipping VWAP_diff_signal_1700_volume, not yet time (every 5m)
2025-04-17 20:23:00 - DEBUG - [trading_loop] [N/A] ⏱ Skipping VWAP_diff_signal_rsi_1700, not yet time (every 5m)
2025-04-17 20:23:00 - INFO - [trading_loop] [N/A] 📊 Updating SL/TP for active orders
2025-04-17 20:23:01 - INFO - [_wait_until_next_iteration] [N/A] ⏳ Sleeping for 58.93 seconds before the next cycle
2025-04-17 20:24:00 - DEBUG - [trading_loop] [N/A] ⏱ Skipping EMA_Cross_ema50, not yet time (every 5m)
2025-04-17 20:24:00 - DEBUG - [trading_loop] [N/A] ⏱ Skipping EMA_Cross_candle, not yet time (every 5m)
2025-04-17 20:24:00 - DEBUG - [trading_loop] [N/A] ⏱ Skipping VWAP_diff_signal_1700, not yet time (every 5m)
2025-04-17 20:24:00 - DEBUG - [trading_loop] [N/A] ⏱ Skipping SMA_Cross_sma50, not yet time (every 5m)
2025-04-17 20:24:00 - DEBUG - [trading_loop] [N/A] ⏱ Skipping SMA_Cross_candle, not yet time (every 5m)
2025-04-17 20:24:00 - DEBUG - [trading_loop] [N/A] ⏱ Skipping VWAP_diff_signal_1700_volume, not yet time (every 5m)
2025-04-17 20:24:00 - DEBUG - [trading_loop] [N/A] ⏱ Skipping VWAP_diff_signal_rsi_1700, not yet time (every 5m)
2025-04-17 20:24:00 - INFO - [trading_loop] [N/A] 📊 Updating SL/TP for active orders
2025-04-17 20:24:01 - INFO - [_wait_until_next_iteration] [N/A] ⏳ Sleeping for 58.93 seconds before the next cycle
2025-04-17 20:25:00 - INFO - [_run_strategy_if_applicable] [N/A] ⏰ Strategy 'EMA_Cross_ema50' not executed because it's outside the time window: 16:35:00 - 16:50:00
2025-04-17 20:25:00 - INFO - [_run_strategy_if_applicable] [N/A] ⏰ Strategy 'EMA_Cross_candle' not executed because it's outside the time window: 16:35:00 - 16:50:00
2025-04-17 20:25:00 - INFO - [_run_strategy_if_applicable] [N/A] ⏰ Strategy 'VWAP_diff_signal_1700' not executed because it's outside the time window: 17:30:00 - 19:00:00
2025-04-17 20:25:00 - INFO - [_run_strategy_if_applicable] [N/A] ⏰ Strategy 'SMA_Cross_sma50' not executed because it's outside the time window: 16:35:00 - 16:50:00
2025-04-17 20:25:00 - INFO - [_run_strategy_if_applicable] [N/A] ⏰ Strategy 'SMA_Cross_candle' not executed because it's outside the time window: 16:35:00 - 16:50:00
2025-04-17 20:25:00 - INFO - [_run_strategy_if_applicable] [N/A] ⏰ Strategy 'VWAP_diff_signal_1700_volume' not executed because it's outside the time window: 17:30:00 - 19:00:00
2025-04-17 20:25:00 - INFO - [_run_strategy_if_applicable] [N/A] ⏰ Strategy 'VWAP_diff_signal_rsi_1700' not executed because it's outside the time window: 17:30:00 - 19:00:00
2025-04-17 20:25:00 - INFO - [trading_loop] [N/A] 📊 Updating SL/TP for active orders
2025-04-17 20:25:01 - INFO - [_wait_until_next_iteration] [N/A] ⏳ Sleeping for 58.93 seconds before the next cycle
2025-04-17 20:26:00 - DEBUG - [trading_loop] [N/A] ⏱ Skipping EMA_Cross_ema50, not yet time (every 5m)
2025-04-17 20:26:00 - DEBUG - [trading_loop] [N/A] ⏱ Skipping EMA_Cross_candle, not yet time (every 5m)
2025-04-17 20:26:00 - DEBUG - [trading_loop] [N/A] ⏱ Skipping VWAP_diff_signal_1700, not yet time (every 5m)
2025-04-17 20:26:00 - DEBUG - [trading_loop] [N/A] ⏱ Skipping SMA_Cross_sma50, not yet time (every 5m)
2025-04-17 20:26:00 - DEBUG - [trading_loop] [N/A] ⏱ Skipping SMA_Cross_candle, not yet time (every 5m)
2025-04-17 20:26:00 - DEBUG - [trading_loop] [N/A] ⏱ Skipping VWAP_diff_signal_1700_volume, not yet time (every 5m)
2025-04-17 20:26:00 - DEBUG - [trading_loop] [N/A] ⏱ Skipping VWAP_diff_signal_rsi_1700, not yet time (every 5m)
2025-04-17 20:26:00 - INFO - [trading_loop] [N/A] 📊 Updating SL/TP for active orders
2025-04-17 20:26:01 - INFO - [_wait_until_next_iteration] [N/A] ⏳ Sleeping for 58.95 seconds before the next cycle
2025-04-17 20:27:00 - DEBUG - [trading_loop] [N/A] ⏱ Skipping EMA_Cross_ema50, not yet time (every 5m)
2025-04-17 20:27:00 - DEBUG - [trading_loop] [N/A] ⏱ Skipping EMA_Cross_candle, not yet time (every 5m)
2025-04-17 20:27:00 - DEBUG - [trading_loop] [N/A] ⏱ Skipping VWAP_diff_signal_1700, not yet time (every 5m)
2025-04-17 20:27:00 - DEBUG - [trading_loop] [N/A] ⏱ Skipping SMA_Cross_sma50, not yet time (every 5m)
2025-04-17 20:27:00 - DEBUG - [trading_loop] [N/A] ⏱ Skipping SMA_Cross_candle, not yet time (every 5m)
2025-04-17 20:27:00 - DEBUG - [trading_loop] [N/A] ⏱ Skipping VWAP_diff_signal_1700_volume, not yet time (every 5m)
2025-04-17 20:27:00 - DEBUG - [trading_loop] [N/A] ⏱ Skipping VWAP_diff_signal_rsi_1700, not yet time (every 5m)
2025-04-17 20:27:00 - INFO - [trading_loop] [N/A] 📊 Updating SL/TP for active orders
2025-04-17 20:27:01 - INFO - [_wait_until_next_iteration] [N/A] ⏳ Sleeping for 58.93 seconds before the next cycle
2025-04-17 20:28:00 - DEBUG - [trading_loop] [N/A] ⏱ Skipping EMA_Cross_ema50, not yet time (every 5m)
2025-04-17 20:28:00 - DEBUG - [trading_loop] [N/A] ⏱ Skipping EMA_Cross_candle, not yet time (every 5m)
2025-04-17 20:28:00 - DEBUG - [trading_loop] [N/A] ⏱ Skipping VWAP_diff_signal_1700, not yet time (every 5m)
2025-04-17 20:28:00 - DEBUG - [trading_loop] [N/A] ⏱ Skipping SMA_Cross_sma50, not yet time (every 5m)
2025-04-17 20:28:00 - DEBUG - [trading_loop] [N/A] ⏱ Skipping SMA_Cross_candle, not yet time (every 5m)
2025-04-17 20:28:00 - DEBUG - [trading_loop] [N/A] ⏱ Skipping VWAP_diff_signal_1700_volume, not yet time (every 5m)
2025-04-17 20:28:00 - DEBUG - [trading_loop] [N/A] ⏱ Skipping VWAP_diff_signal_rsi_1700, not yet time (every 5m)
2025-04-17 20:28:00 - INFO - [trading_loop] [N/A] 📊 Updating SL/TP for active orders
2025-04-17 20:28:01 - INFO - [_wait_until_next_iteration] [N/A] ⏳ Sleeping for 58.93 seconds before the next cycle
2025-04-17 20:29:00 - DEBUG - [trading_loop] [N/A] ⏱ Skipping EMA_Cross_ema50, not yet time (every 5m)
2025-04-17 20:29:00 - DEBUG - [trading_loop] [N/A] ⏱ Skipping EMA_Cross_candle, not yet time (every 5m)
2025-04-17 20:29:00 - DEBUG - [trading_loop] [N/A] ⏱ Skipping VWAP_diff_signal_1700, not yet time (every 5m)
2025-04-17 20:29:00 - DEBUG - [trading_loop] [N/A] ⏱ Skipping SMA_Cross_sma50, not yet time (every 5m)
2025-04-17 20:29:00 - DEBUG - [trading_loop] [N/A] ⏱ Skipping SMA_Cross_candle, not yet time (every 5m)
2025-04-17 20:29:00 - DEBUG - [trading_loop] [N/A] ⏱ Skipping VWAP_diff_signal_1700_volume, not yet time (every 5m)
2025-04-17 20:29:00 - DEBUG - [trading_loop] [N/A] ⏱ Skipping VWAP_diff_signal_rsi_1700, not yet time (every 5m)
2025-04-17 20:29:00 - INFO - [trading_loop] [N/A] 📊 Updating SL/TP for active orders
2025-04-17 20:29:01 - INFO - [_wait_until_next_iteration] [N/A] ⏳ Sleeping for 58.94 seconds before the next cycle
2025-04-17 20:30:00 - INFO - [_run_strategy_if_applicable] [N/A] ⏰ Strategy 'EMA_Cross_ema50' not executed because it's outside the time window: 16:35:00 - 16:50:00
2025-04-17 20:30:00 - INFO - [_run_strategy_if_applicable] [N/A] ⏰ Strategy 'EMA_Cross_candle' not executed because it's outside the time window: 16:35:00 - 16:50:00
2025-04-17 20:30:00 - INFO - [_run_strategy_if_applicable] [N/A] ⏰ Strategy 'VWAP_diff_signal_1700' not executed because it's outside the time window: 17:30:00 - 19:00:00
2025-04-17 20:30:00 - INFO - [_run_strategy_if_applicable] [N/A] ⏰ Strategy 'SMA_Cross_sma50' not executed because it's outside the time window: 16:35:00 - 16:50:00
2025-04-17 20:30:00 - INFO - [_run_strategy_if_applicable] [N/A] ⏰ Strategy 'SMA_Cross_candle' not executed because it's outside the time window: 16:35:00 - 16:50:00
2025-04-17 20:30:00 - INFO - [_run_strategy_if_applicable] [N/A] ⏰ Strategy 'VWAP_diff_signal_1700_volume' not executed because it's outside the time window: 17:30:00 - 19:00:00
2025-04-17 20:30:00 - INFO - [_run_strategy_if_applicable] [N/A] ⏰ Strategy 'VWAP_diff_signal_rsi_1700' not executed because it's outside the time window: 17:30:00 - 19:00:00
2025-04-17 20:30:00 - INFO - [trading_loop] [N/A] 📊 Updating SL/TP for active orders
2025-04-17 20:30:01 - INFO - [_wait_until_next_iteration] [N/A] ⏳ Sleeping for 58.93 seconds before the next cycle
2025-04-17 20:31:00 - DEBUG - [trading_loop] [N/A] ⏱ Skipping EMA_Cross_ema50, not yet time (every 5m)
2025-04-17 20:31:00 - DEBUG - [trading_loop] [N/A] ⏱ Skipping EMA_Cross_candle, not yet time (every 5m)
2025-04-17 20:31:00 - DEBUG - [trading_loop] [N/A] ⏱ Skipping VWAP_diff_signal_1700, not yet time (every 5m)
2025-04-17 20:31:00 - DEBUG - [trading_loop] [N/A] ⏱ Skipping SMA_Cross_sma50, not yet time (every 5m)
2025-04-17 20:31:00 - DEBUG - [trading_loop] [N/A] ⏱ Skipping SMA_Cross_candle, not yet time (every 5m)
2025-04-17 20:31:00 - DEBUG - [trading_loop] [N/A] ⏱ Skipping VWAP_diff_signal_1700_volume, not yet time (every 5m)
2025-04-17 20:31:00 - DEBUG - [trading_loop] [N/A] ⏱ Skipping VWAP_diff_signal_rsi_1700, not yet time (every 5m)
2025-04-17 20:31:00 - INFO - [trading_loop] [N/A] 📊 Updating SL/TP for active orders
2025-04-17 20:31:01 - INFO - [_wait_until_next_iteration] [N/A] ⏳ Sleeping for 58.93 seconds before the next cycle
2025-04-17 20:32:00 - DEBUG - [trading_loop] [N/A] ⏱ Skipping EMA_Cross_ema50, not yet time (every 5m)
2025-04-17 20:32:00 - DEBUG - [trading_loop] [N/A] ⏱ Skipping EMA_Cross_candle, not yet time (every 5m)
2025-04-17 20:32:00 - DEBUG - [trading_loop] [N/A] ⏱ Skipping VWAP_diff_signal_1700, not yet time (every 5m)
2025-04-17 20:32:00 - DEBUG - [trading_loop] [N/A] ⏱ Skipping SMA_Cross_sma50, not yet time (every 5m)
2025-04-17 20:32:00 - DEBUG - [trading_loop] [N/A] ⏱ Skipping SMA_Cross_candle, not yet time (every 5m)
2025-04-17 20:32:00 - DEBUG - [trading_loop] [N/A] ⏱ Skipping VWAP_diff_signal_1700_volume, not yet time (every 5m)
2025-04-17 20:32:00 - DEBUG - [trading_loop] [N/A] ⏱ Skipping VWAP_diff_signal_rsi_1700, not yet time (every 5m)
2025-04-17 20:32:00 - INFO - [trading_loop] [N/A] 📊 Updating SL/TP for active orders
2025-04-17 20:32:01 - INFO - [_wait_until_next_iteration] [N/A] ⏳ Sleeping for 58.93 seconds before the next cycle
2025-04-17 20:33:00 - DEBUG - [trading_loop] [N/A] ⏱ Skipping EMA_Cross_ema50, not yet time (every 5m)
2025-04-17 20:33:00 - DEBUG - [trading_loop] [N/A] ⏱ Skipping EMA_Cross_candle, not yet time (every 5m)
2025-04-17 20:33:00 - DEBUG - [trading_loop] [N/A] ⏱ Skipping VWAP_diff_signal_1700, not yet time (every 5m)
2025-04-17 20:33:00 - DEBUG - [trading_loop] [N/A] ⏱ Skipping SMA_Cross_sma50, not yet time (every 5m)
2025-04-17 20:33:00 - DEBUG - [trading_loop] [N/A] ⏱ Skipping SMA_Cross_candle, not yet time (every 5m)
2025-04-17 20:33:00 - DEBUG - [trading_loop] [N/A] ⏱ Skipping VWAP_diff_signal_1700_volume, not yet time (every 5m)
2025-04-17 20:33:00 - DEBUG - [trading_loop] [N/A] ⏱ Skipping VWAP_diff_signal_rsi_1700, not yet time (every 5m)
2025-04-17 20:33:00 - INFO - [trading_loop] [N/A] 📊 Updating SL/TP for active orders
2025-04-17 20:33:01 - INFO - [_wait_until_next_iteration] [N/A] ⏳ Sleeping for 58.93 seconds before the next cycle
2025-04-17 20:34:00 - DEBUG - [trading_loop] [N/A] ⏱ Skipping EMA_Cross_ema50, not yet time (every 5m)
2025-04-17 20:34:00 - DEBUG - [trading_loop] [N/A] ⏱ Skipping EMA_Cross_candle, not yet time (every 5m)
2025-04-17 20:34:00 - DEBUG - [trading_loop] [N/A] ⏱ Skipping VWAP_diff_signal_1700, not yet time (every 5m)
2025-04-17 20:34:00 - DEBUG - [trading_loop] [N/A] ⏱ Skipping SMA_Cross_sma50, not yet time (every 5m)
2025-04-17 20:34:00 - DEBUG - [trading_loop] [N/A] ⏱ Skipping SMA_Cross_candle, not yet time (every 5m)
2025-04-17 20:34:00 - DEBUG - [trading_loop] [N/A] ⏱ Skipping VWAP_diff_signal_1700_volume, not yet time (every 5m)
2025-04-17 20:34:00 - DEBUG - [trading_loop] [N/A] ⏱ Skipping VWAP_diff_signal_rsi_1700, not yet time (every 5m)
2025-04-17 20:34:00 - INFO - [trading_loop] [N/A] 📊 Updating SL/TP for active orders
2025-04-17 20:34:01 - INFO - [_wait_until_next_iteration] [N/A] ⏳ Sleeping for 58.94 seconds before the next cycle
2025-04-17 20:35:00 - INFO - [_run_strategy_if_applicable] [N/A] ⏰ Strategy 'EMA_Cross_ema50' not executed because it's outside the time window: 16:35:00 - 16:50:00
2025-04-17 20:35:00 - INFO - [_run_strategy_if_applicable] [N/A] ⏰ Strategy 'EMA_Cross_candle' not executed because it's outside the time window: 16:35:00 - 16:50:00
2025-04-17 20:35:00 - INFO - [_run_strategy_if_applicable] [N/A] ⏰ Strategy 'VWAP_diff_signal_1700' not executed because it's outside the time window: 17:30:00 - 19:00:00
2025-04-17 20:35:00 - INFO - [_run_strategy_if_applicable] [N/A] ⏰ Strategy 'SMA_Cross_sma50' not executed because it's outside the time window: 16:35:00 - 16:50:00
2025-04-17 20:35:00 - INFO - [_run_strategy_if_applicable] [N/A] ⏰ Strategy 'SMA_Cross_candle' not executed because it's outside the time window: 16:35:00 - 16:50:00
2025-04-17 20:35:00 - INFO - [_run_strategy_if_applicable] [N/A] ⏰ Strategy 'VWAP_diff_signal_1700_volume' not executed because it's outside the time window: 17:30:00 - 19:00:00
2025-04-17 20:35:00 - INFO - [_run_strategy_if_applicable] [N/A] ⏰ Strategy 'VWAP_diff_signal_rsi_1700' not executed because it's outside the time window: 17:30:00 - 19:00:00
2025-04-17 20:35:00 - INFO - [trading_loop] [N/A] 📊 Updating SL/TP for active orders
2025-04-17 20:35:01 - INFO - [_wait_until_next_iteration] [N/A] ⏳ Sleeping for 58.93 seconds before the next cycle
2025-04-17 20:36:00 - DEBUG - [trading_loop] [N/A] ⏱ Skipping EMA_Cross_ema50, not yet time (every 5m)
2025-04-17 20:36:00 - DEBUG - [trading_loop] [N/A] ⏱ Skipping EMA_Cross_candle, not yet time (every 5m)
2025-04-17 20:36:00 - DEBUG - [trading_loop] [N/A] ⏱ Skipping VWAP_diff_signal_1700, not yet time (every 5m)
2025-04-17 20:36:00 - DEBUG - [trading_loop] [N/A] ⏱ Skipping SMA_Cross_sma50, not yet time (every 5m)
2025-04-17 20:36:00 - DEBUG - [trading_loop] [N/A] ⏱ Skipping SMA_Cross_candle, not yet time (every 5m)
2025-04-17 20:36:00 - DEBUG - [trading_loop] [N/A] ⏱ Skipping VWAP_diff_signal_1700_volume, not yet time (every 5m)
2025-04-17 20:36:00 - DEBUG - [trading_loop] [N/A] ⏱ Skipping VWAP_diff_signal_rsi_1700, not yet time (every 5m)
2025-04-17 20:36:00 - INFO - [trading_loop] [N/A] 📊 Updating SL/TP for active orders
2025-04-17 20:36:01 - INFO - [_wait_until_next_iteration] [N/A] ⏳ Sleeping for 58.93 seconds before the next cycle
2025-04-17 20:37:00 - DEBUG - [trading_loop] [N/A] ⏱ Skipping EMA_Cross_ema50, not yet time (every 5m)
2025-04-17 20:37:00 - DEBUG - [trading_loop] [N/A] ⏱ Skipping EMA_Cross_candle, not yet time (every 5m)
2025-04-17 20:37:00 - DEBUG - [trading_loop] [N/A] ⏱ Skipping VWAP_diff_signal_1700, not yet time (every 5m)
2025-04-17 20:37:00 - DEBUG - [trading_loop] [N/A] ⏱ Skipping SMA_Cross_sma50, not yet time (every 5m)
2025-04-17 20:37:00 - DEBUG - [trading_loop] [N/A] ⏱ Skipping SMA_Cross_candle, not yet time (every 5m)
2025-04-17 20:37:00 - DEBUG - [trading_loop] [N/A] ⏱ Skipping VWAP_diff_signal_1700_volume, not yet time (every 5m)
2025-04-17 20:37:00 - DEBUG - [trading_loop] [N/A] ⏱ Skipping VWAP_diff_signal_rsi_1700, not yet time (every 5m)
2025-04-17 20:37:00 - INFO - [trading_loop] [N/A] 📊 Updating SL/TP for active orders
2025-04-17 20:37:01 - INFO - [_wait_until_next_iteration] [N/A] ⏳ Sleeping for 58.93 seconds before the next cycle
2025-04-17 20:38:00 - DEBUG - [trading_loop] [N/A] ⏱ Skipping EMA_Cross_ema50, not yet time (every 5m)
2025-04-17 20:38:00 - DEBUG - [trading_loop] [N/A] ⏱ Skipping EMA_Cross_candle, not yet time (every 5m)
2025-04-17 20:38:00 - DEBUG - [trading_loop] [N/A] ⏱ Skipping VWAP_diff_signal_1700, not yet time (every 5m)
2025-04-17 20:38:00 - DEBUG - [trading_loop] [N/A] ⏱ Skipping SMA_Cross_sma50, not yet time (every 5m)
2025-04-17 20:38:00 - DEBUG - [trading_loop] [N/A] ⏱ Skipping SMA_Cross_candle, not yet time (every 5m)
2025-04-17 20:38:00 - DEBUG - [trading_loop] [N/A] ⏱ Skipping VWAP_diff_signal_1700_volume, not yet time (every 5m)
2025-04-17 20:38:00 - DEBUG - [trading_loop] [N/A] ⏱ Skipping VWAP_diff_signal_rsi_1700, not yet time (every 5m)
2025-04-17 20:38:00 - INFO - [trading_loop] [N/A] 📊 Updating SL/TP for active orders
2025-04-17 20:38:01 - INFO - [_wait_until_next_iteration] [N/A] ⏳ Sleeping for 58.93 seconds before the next cycle
2025-04-17 20:39:00 - DEBUG - [trading_loop] [N/A] ⏱ Skipping EMA_Cross_ema50, not yet time (every 5m)
2025-04-17 20:39:00 - DEBUG - [trading_loop] [N/A] ⏱ Skipping EMA_Cross_candle, not yet time (every 5m)
2025-04-17 20:39:00 - DEBUG - [trading_loop] [N/A] ⏱ Skipping VWAP_diff_signal_1700, not yet time (every 5m)
2025-04-17 20:39:00 - DEBUG - [trading_loop] [N/A] ⏱ Skipping SMA_Cross_sma50, not yet time (every 5m)
2025-04-17 20:39:00 - DEBUG - [trading_loop] [N/A] ⏱ Skipping SMA_Cross_candle, not yet time (every 5m)
2025-04-17 20:39:00 - DEBUG - [trading_loop] [N/A] ⏱ Skipping VWAP_diff_signal_1700_volume, not yet time (every 5m)
2025-04-17 20:39:00 - DEBUG - [trading_loop] [N/A] ⏱ Skipping VWAP_diff_signal_rsi_1700, not yet time (every 5m)
2025-04-17 20:39:00 - INFO - [trading_loop] [N/A] 📊 Updating SL/TP for active orders
2025-04-17 20:39:01 - INFO - [_wait_until_next_iteration] [N/A] ⏳ Sleeping for 58.93 seconds before the next cycle
2025-04-17 20:40:00 - INFO - [_run_strategy_if_applicable] [N/A] ⏰ Strategy 'EMA_Cross_ema50' not executed because it's outside the time window: 16:35:00 - 16:50:00
2025-04-17 20:40:00 - INFO - [_run_strategy_if_applicable] [N/A] ⏰ Strategy 'EMA_Cross_candle' not executed because it's outside the time window: 16:35:00 - 16:50:00
2025-04-17 20:40:00 - INFO - [_run_strategy_if_applicable] [N/A] ⏰ Strategy 'VWAP_diff_signal_1700' not executed because it's outside the time window: 17:30:00 - 19:00:00
2025-04-17 20:40:00 - INFO - [_run_strategy_if_applicable] [N/A] ⏰ Strategy 'SMA_Cross_sma50' not executed because it's outside the time window: 16:35:00 - 16:50:00
2025-04-17 20:40:00 - INFO - [_run_strategy_if_applicable] [N/A] ⏰ Strategy 'SMA_Cross_candle' not executed because it's outside the time window: 16:35:00 - 16:50:00
2025-04-17 20:40:00 - INFO - [_run_strategy_if_applicable] [N/A] ⏰ Strategy 'VWAP_diff_signal_1700_volume' not executed because it's outside the time window: 17:30:00 - 19:00:00
2025-04-17 20:40:00 - INFO - [_run_strategy_if_applicable] [N/A] ⏰ Strategy 'VWAP_diff_signal_rsi_1700' not executed because it's outside the time window: 17:30:00 - 19:00:00
2025-04-17 20:40:00 - INFO - [trading_loop] [N/A] 📊 Updating SL/TP for active orders
2025-04-17 20:40:01 - INFO - [_wait_until_next_iteration] [N/A] ⏳ Sleeping for 58.94 seconds before the next cycle
2025-04-17 20:41:00 - DEBUG - [trading_loop] [N/A] ⏱ Skipping EMA_Cross_ema50, not yet time (every 5m)
2025-04-17 20:41:00 - DEBUG - [trading_loop] [N/A] ⏱ Skipping EMA_Cross_candle, not yet time (every 5m)
2025-04-17 20:41:00 - DEBUG - [trading_loop] [N/A] ⏱ Skipping VWAP_diff_signal_1700, not yet time (every 5m)
2025-04-17 20:41:00 - DEBUG - [trading_loop] [N/A] ⏱ Skipping SMA_Cross_sma50, not yet time (every 5m)
2025-04-17 20:41:00 - DEBUG - [trading_loop] [N/A] ⏱ Skipping SMA_Cross_candle, not yet time (every 5m)
2025-04-17 20:41:00 - DEBUG - [trading_loop] [N/A] ⏱ Skipping VWAP_diff_signal_1700_volume, not yet time (every 5m)
2025-04-17 20:41:00 - DEBUG - [trading_loop] [N/A] ⏱ Skipping VWAP_diff_signal_rsi_1700, not yet time (every 5m)
2025-04-17 20:41:00 - INFO - [trading_loop] [N/A] 📊 Updating SL/TP for active orders
2025-04-17 20:41:01 - INFO - [_wait_until_next_iteration] [N/A] ⏳ Sleeping for 58.93 seconds before the next cycle
2025-04-17 20:42:00 - DEBUG - [trading_loop] [N/A] ⏱ Skipping EMA_Cross_ema50, not yet time (every 5m)
2025-04-17 20:42:00 - DEBUG - [trading_loop] [N/A] ⏱ Skipping EMA_Cross_candle, not yet time (every 5m)
2025-04-17 20:42:00 - DEBUG - [trading_loop] [N/A] ⏱ Skipping VWAP_diff_signal_1700, not yet time (every 5m)
2025-04-17 20:42:00 - DEBUG - [trading_loop] [N/A] ⏱ Skipping SMA_Cross_sma50, not yet time (every 5m)
2025-04-17 20:42:00 - DEBUG - [trading_loop] [N/A] ⏱ Skipping SMA_Cross_candle, not yet time (every 5m)
2025-04-17 20:42:00 - DEBUG - [trading_loop] [N/A] ⏱ Skipping VWAP_diff_signal_1700_volume, not yet time (every 5m)
2025-04-17 20:42:00 - DEBUG - [trading_loop] [N/A] ⏱ Skipping VWAP_diff_signal_rsi_1700, not yet time (every 5m)
2025-04-17 20:42:00 - INFO - [trading_loop] [N/A] 📊 Updating SL/TP for active orders
2025-04-17 20:42:01 - INFO - [_wait_until_next_iteration] [N/A] ⏳ Sleeping for 58.93 seconds before the next cycle
2025-04-17 20:43:00 - DEBUG - [trading_loop] [N/A] ⏱ Skipping EMA_Cross_ema50, not yet time (every 5m)
2025-04-17 20:43:00 - DEBUG - [trading_loop] [N/A] ⏱ Skipping EMA_Cross_candle, not yet time (every 5m)
2025-04-17 20:43:00 - DEBUG - [trading_loop] [N/A] ⏱ Skipping VWAP_diff_signal_1700, not yet time (every 5m)
2025-04-17 20:43:00 - DEBUG - [trading_loop] [N/A] ⏱ Skipping SMA_Cross_sma50, not yet time (every 5m)
2025-04-17 20:43:00 - DEBUG - [trading_loop] [N/A] ⏱ Skipping SMA_Cross_candle, not yet time (every 5m)
2025-04-17 20:43:00 - DEBUG - [trading_loop] [N/A] ⏱ Skipping VWAP_diff_signal_1700_volume, not yet time (every 5m)
2025-04-17 20:43:00 - DEBUG - [trading_loop] [N/A] ⏱ Skipping VWAP_diff_signal_rsi_1700, not yet time (every 5m)
2025-04-17 20:43:00 - INFO - [trading_loop] [N/A] 📊 Updating SL/TP for active orders
2025-04-17 20:43:01 - INFO - [_wait_until_next_iteration] [N/A] ⏳ Sleeping for 58.93 seconds before the next cycle
2025-04-17 20:44:00 - DEBUG - [trading_loop] [N/A] ⏱ Skipping EMA_Cross_ema50, not yet time (every 5m)
2025-04-17 20:44:00 - DEBUG - [trading_loop] [N/A] ⏱ Skipping EMA_Cross_candle, not yet time (every 5m)
2025-04-17 20:44:00 - DEBUG - [trading_loop] [N/A] ⏱ Skipping VWAP_diff_signal_1700, not yet time (every 5m)
2025-04-17 20:44:00 - DEBUG - [trading_loop] [N/A] ⏱ Skipping SMA_Cross_sma50, not yet time (every 5m)
2025-04-17 20:44:00 - DEBUG - [trading_loop] [N/A] ⏱ Skipping SMA_Cross_candle, not yet time (every 5m)
2025-04-17 20:44:00 - DEBUG - [trading_loop] [N/A] ⏱ Skipping VWAP_diff_signal_1700_volume, not yet time (every 5m)
2025-04-17 20:44:00 - DEBUG - [trading_loop] [N/A] ⏱ Skipping VWAP_diff_signal_rsi_1700, not yet time (every 5m)
2025-04-17 20:44:00 - INFO - [trading_loop] [N/A] 📊 Updating SL/TP for active orders
2025-04-17 20:44:01 - INFO - [_wait_until_next_iteration] [N/A] ⏳ Sleeping for 58.93 seconds before the next cycle
2025-04-17 20:45:00 - INFO - [_run_strategy_if_applicable] [N/A] ⏰ Strategy 'EMA_Cross_ema50' not executed because it's outside the time window: 16:35:00 - 16:50:00
2025-04-17 20:45:00 - INFO - [_run_strategy_if_applicable] [N/A] ⏰ Strategy 'EMA_Cross_candle' not executed because it's outside the time window: 16:35:00 - 16:50:00
2025-04-17 20:45:00 - INFO - [_run_strategy_if_applicable] [N/A] ⏰ Strategy 'VWAP_diff_signal_1700' not executed because it's outside the time window: 17:30:00 - 19:00:00
2025-04-17 20:45:00 - INFO - [_run_strategy_if_applicable] [N/A] ⏰ Strategy 'SMA_Cross_sma50' not executed because it's outside the time window: 16:35:00 - 16:50:00
2025-04-17 20:45:00 - INFO - [_run_strategy_if_applicable] [N/A] ⏰ Strategy 'SMA_Cross_candle' not executed because it's outside the time window: 16:35:00 - 16:50:00
2025-04-17 20:45:00 - INFO - [_run_strategy_if_applicable] [N/A] ⏰ Strategy 'VWAP_diff_signal_1700_volume' not executed because it's outside the time window: 17:30:00 - 19:00:00
2025-04-17 20:45:00 - INFO - [_run_strategy_if_applicable] [N/A] ⏰ Strategy 'VWAP_diff_signal_rsi_1700' not executed because it's outside the time window: 17:30:00 - 19:00:00
2025-04-17 20:45:00 - INFO - [trading_loop] [N/A] 📊 Updating SL/TP for active orders
2025-04-17 20:45:01 - INFO - [_wait_until_next_iteration] [N/A] ⏳ Sleeping for 58.98 seconds before the next cycle
2025-04-17 20:46:00 - DEBUG - [trading_loop] [N/A] ⏱ Skipping EMA_Cross_ema50, not yet time (every 5m)
2025-04-17 20:46:00 - DEBUG - [trading_loop] [N/A] ⏱ Skipping EMA_Cross_candle, not yet time (every 5m)
2025-04-17 20:46:00 - DEBUG - [trading_loop] [N/A] ⏱ Skipping VWAP_diff_signal_1700, not yet time (every 5m)
2025-04-17 20:46:00 - DEBUG - [trading_loop] [N/A] ⏱ Skipping SMA_Cross_sma50, not yet time (every 5m)
2025-04-17 20:46:00 - DEBUG - [trading_loop] [N/A] ⏱ Skipping SMA_Cross_candle, not yet time (every 5m)
2025-04-17 20:46:00 - DEBUG - [trading_loop] [N/A] ⏱ Skipping VWAP_diff_signal_1700_volume, not yet time (every 5m)
2025-04-17 20:46:00 - DEBUG - [trading_loop] [N/A] ⏱ Skipping VWAP_diff_signal_rsi_1700, not yet time (every 5m)
2025-04-17 20:46:00 - INFO - [trading_loop] [N/A] 📊 Updating SL/TP for active orders
2025-04-17 20:46:01 - INFO - [_wait_until_next_iteration] [N/A] ⏳ Sleeping for 58.93 seconds before the next cycle
2025-04-17 20:47:00 - DEBUG - [trading_loop] [N/A] ⏱ Skipping EMA_Cross_ema50, not yet time (every 5m)
2025-04-17 20:47:00 - DEBUG - [trading_loop] [N/A] ⏱ Skipping EMA_Cross_candle, not yet time (every 5m)
2025-04-17 20:47:00 - DEBUG - [trading_loop] [N/A] ⏱ Skipping VWAP_diff_signal_1700, not yet time (every 5m)
2025-04-17 20:47:00 - DEBUG - [trading_loop] [N/A] ⏱ Skipping SMA_Cross_sma50, not yet time (every 5m)
2025-04-17 20:47:00 - DEBUG - [trading_loop] [N/A] ⏱ Skipping SMA_Cross_candle, not yet time (every 5m)
2025-04-17 20:47:00 - DEBUG - [trading_loop] [N/A] ⏱ Skipping VWAP_diff_signal_1700_volume, not yet time (every 5m)
2025-04-17 20:47:00 - DEBUG - [trading_loop] [N/A] ⏱ Skipping VWAP_diff_signal_rsi_1700, not yet time (every 5m)
2025-04-17 20:47:00 - INFO - [trading_loop] [N/A] 📊 Updating SL/TP for active orders
2025-04-17 20:47:01 - INFO - [_wait_until_next_iteration] [N/A] ⏳ Sleeping for 58.93 seconds before the next cycle
2025-04-17 20:48:00 - DEBUG - [trading_loop] [N/A] ⏱ Skipping EMA_Cross_ema50, not yet time (every 5m)
2025-04-17 20:48:00 - DEBUG - [trading_loop] [N/A] ⏱ Skipping EMA_Cross_candle, not yet time (every 5m)
2025-04-17 20:48:00 - DEBUG - [trading_loop] [N/A] ⏱ Skipping VWAP_diff_signal_1700, not yet time (every 5m)
2025-04-17 20:48:00 - DEBUG - [trading_loop] [N/A] ⏱ Skipping SMA_Cross_sma50, not yet time (every 5m)
2025-04-17 20:48:00 - DEBUG - [trading_loop] [N/A] ⏱ Skipping SMA_Cross_candle, not yet time (every 5m)
2025-04-17 20:48:00 - DEBUG - [trading_loop] [N/A] ⏱ Skipping VWAP_diff_signal_1700_volume, not yet time (every 5m)
2025-04-17 20:48:00 - DEBUG - [trading_loop] [N/A] ⏱ Skipping VWAP_diff_signal_rsi_1700, not yet time (every 5m)
2025-04-17 20:48:00 - INFO - [trading_loop] [N/A] 📊 Updating SL/TP for active orders
2025-04-17 20:48:01 - INFO - [_wait_until_next_iteration] [N/A] ⏳ Sleeping for 58.93 seconds before the next cycle
2025-04-17 20:49:00 - DEBUG - [trading_loop] [N/A] ⏱ Skipping EMA_Cross_ema50, not yet time (every 5m)
2025-04-17 20:49:00 - DEBUG - [trading_loop] [N/A] ⏱ Skipping EMA_Cross_candle, not yet time (every 5m)
2025-04-17 20:49:00 - DEBUG - [trading_loop] [N/A] ⏱ Skipping VWAP_diff_signal_1700, not yet time (every 5m)
2025-04-17 20:49:00 - DEBUG - [trading_loop] [N/A] ⏱ Skipping SMA_Cross_sma50, not yet time (every 5m)
2025-04-17 20:49:00 - DEBUG - [trading_loop] [N/A] ⏱ Skipping SMA_Cross_candle, not yet time (every 5m)
2025-04-17 20:49:00 - DEBUG - [trading_loop] [N/A] ⏱ Skipping VWAP_diff_signal_1700_volume, not yet time (every 5m)
2025-04-17 20:49:00 - DEBUG - [trading_loop] [N/A] ⏱ Skipping VWAP_diff_signal_rsi_1700, not yet time (every 5m)
2025-04-17 20:49:00 - INFO - [trading_loop] [N/A] 📊 Updating SL/TP for active orders
2025-04-17 20:49:01 - INFO - [_wait_until_next_iteration] [N/A] ⏳ Sleeping for 58.93 seconds before the next cycle
2025-04-17 20:50:00 - INFO - [_run_strategy_if_applicable] [N/A] ⏰ Strategy 'EMA_Cross_ema50' not executed because it's outside the time window: 16:35:00 - 16:50:00
2025-04-17 20:50:00 - INFO - [_run_strategy_if_applicable] [N/A] ⏰ Strategy 'EMA_Cross_candle' not executed because it's outside the time window: 16:35:00 - 16:50:00
2025-04-17 20:50:00 - INFO - [_run_strategy_if_applicable] [N/A] ⏰ Strategy 'VWAP_diff_signal_1700' not executed because it's outside the time window: 17:30:00 - 19:00:00
2025-04-17 20:50:00 - INFO - [_run_strategy_if_applicable] [N/A] ⏰ Strategy 'SMA_Cross_sma50' not executed because it's outside the time window: 16:35:00 - 16:50:00
2025-04-17 20:50:00 - INFO - [_run_strategy_if_applicable] [N/A] ⏰ Strategy 'SMA_Cross_candle' not executed because it's outside the time window: 16:35:00 - 16:50:00
2025-04-17 20:50:00 - INFO - [_run_strategy_if_applicable] [N/A] ⏰ Strategy 'VWAP_diff_signal_1700_volume' not executed because it's outside the time window: 17:30:00 - 19:00:00
2025-04-17 20:50:00 - INFO - [_run_strategy_if_applicable] [N/A] ⏰ Strategy 'VWAP_diff_signal_rsi_1700' not executed because it's outside the time window: 17:30:00 - 19:00:00
2025-04-17 20:50:00 - INFO - [trading_loop] [N/A] 📊 Updating SL/TP for active orders
2025-04-17 20:50:01 - INFO - [_wait_until_next_iteration] [N/A] ⏳ Sleeping for 58.94 seconds before the next cycle
2025-04-17 20:51:00 - DEBUG - [trading_loop] [N/A] ⏱ Skipping EMA_Cross_ema50, not yet time (every 5m)
2025-04-17 20:51:00 - DEBUG - [trading_loop] [N/A] ⏱ Skipping EMA_Cross_candle, not yet time (every 5m)
2025-04-17 20:51:00 - DEBUG - [trading_loop] [N/A] ⏱ Skipping VWAP_diff_signal_1700, not yet time (every 5m)
2025-04-17 20:51:00 - DEBUG - [trading_loop] [N/A] ⏱ Skipping SMA_Cross_sma50, not yet time (every 5m)
2025-04-17 20:51:00 - DEBUG - [trading_loop] [N/A] ⏱ Skipping SMA_Cross_candle, not yet time (every 5m)
2025-04-17 20:51:00 - DEBUG - [trading_loop] [N/A] ⏱ Skipping VWAP_diff_signal_1700_volume, not yet time (every 5m)
2025-04-17 20:51:00 - DEBUG - [trading_loop] [N/A] ⏱ Skipping VWAP_diff_signal_rsi_1700, not yet time (every 5m)
2025-04-17 20:51:00 - INFO - [trading_loop] [N/A] 📊 Updating SL/TP for active orders
2025-04-17 20:51:01 - INFO - [_wait_until_next_iteration] [N/A] ⏳ Sleeping for 58.94 seconds before the next cycle
2025-04-17 20:52:00 - DEBUG - [trading_loop] [N/A] ⏱ Skipping EMA_Cross_ema50, not yet time (every 5m)
2025-04-17 20:52:00 - DEBUG - [trading_loop] [N/A] ⏱ Skipping EMA_Cross_candle, not yet time (every 5m)
2025-04-17 20:52:00 - DEBUG - [trading_loop] [N/A] ⏱ Skipping VWAP_diff_signal_1700, not yet time (every 5m)
2025-04-17 20:52:00 - DEBUG - [trading_loop] [N/A] ⏱ Skipping SMA_Cross_sma50, not yet time (every 5m)
2025-04-17 20:52:00 - DEBUG - [trading_loop] [N/A] ⏱ Skipping SMA_Cross_candle, not yet time (every 5m)
2025-04-17 20:52:00 - DEBUG - [trading_loop] [N/A] ⏱ Skipping VWAP_diff_signal_1700_volume, not yet time (every 5m)
2025-04-17 20:52:00 - DEBUG - [trading_loop] [N/A] ⏱ Skipping VWAP_diff_signal_rsi_1700, not yet time (every 5m)
2025-04-17 20:52:00 - INFO - [trading_loop] [N/A] 📊 Updating SL/TP for active orders
2025-04-17 20:52:01 - INFO - [_wait_until_next_iteration] [N/A] ⏳ Sleeping for 58.97 seconds before the next cycle
2025-04-17 20:53:00 - DEBUG - [trading_loop] [N/A] ⏱ Skipping EMA_Cross_ema50, not yet time (every 5m)
2025-04-17 20:53:00 - DEBUG - [trading_loop] [N/A] ⏱ Skipping EMA_Cross_candle, not yet time (every 5m)
2025-04-17 20:53:00 - DEBUG - [trading_loop] [N/A] ⏱ Skipping VWAP_diff_signal_1700, not yet time (every 5m)
2025-04-17 20:53:00 - DEBUG - [trading_loop] [N/A] ⏱ Skipping SMA_Cross_sma50, not yet time (every 5m)
2025-04-17 20:53:00 - DEBUG - [trading_loop] [N/A] ⏱ Skipping SMA_Cross_candle, not yet time (every 5m)
2025-04-17 20:53:00 - DEBUG - [trading_loop] [N/A] ⏱ Skipping VWAP_diff_signal_1700_volume, not yet time (every 5m)
2025-04-17 20:53:00 - DEBUG - [trading_loop] [N/A] ⏱ Skipping VWAP_diff_signal_rsi_1700, not yet time (every 5m)
2025-04-17 20:53:00 - INFO - [trading_loop] [N/A] 📊 Updating SL/TP for active orders
2025-04-17 20:53:01 - INFO - [_wait_until_next_iteration] [N/A] ⏳ Sleeping for 58.93 seconds before the next cycle
2025-04-17 20:54:00 - DEBUG - [trading_loop] [N/A] ⏱ Skipping EMA_Cross_ema50, not yet time (every 5m)
2025-04-17 20:54:00 - DEBUG - [trading_loop] [N/A] ⏱ Skipping EMA_Cross_candle, not yet time (every 5m)
2025-04-17 20:54:00 - DEBUG - [trading_loop] [N/A] ⏱ Skipping VWAP_diff_signal_1700, not yet time (every 5m)
2025-04-17 20:54:00 - DEBUG - [trading_loop] [N/A] ⏱ Skipping SMA_Cross_sma50, not yet time (every 5m)
2025-04-17 20:54:00 - DEBUG - [trading_loop] [N/A] ⏱ Skipping SMA_Cross_candle, not yet time (every 5m)
2025-04-17 20:54:00 - DEBUG - [trading_loop] [N/A] ⏱ Skipping VWAP_diff_signal_1700_volume, not yet time (every 5m)
2025-04-17 20:54:00 - DEBUG - [trading_loop] [N/A] ⏱ Skipping VWAP_diff_signal_rsi_1700, not yet time (every 5m)
2025-04-17 20:54:00 - INFO - [trading_loop] [N/A] 📊 Updating SL/TP for active orders
2025-04-17 20:54:01 - INFO - [_wait_until_next_iteration] [N/A] ⏳ Sleeping for 58.93 seconds before the next cycle
2025-04-17 20:55:00 - INFO - [_run_strategy_if_applicable] [N/A] ⏰ Strategy 'EMA_Cross_ema50' not executed because it's outside the time window: 16:35:00 - 16:50:00
2025-04-17 20:55:00 - INFO - [_run_strategy_if_applicable] [N/A] ⏰ Strategy 'EMA_Cross_candle' not executed because it's outside the time window: 16:35:00 - 16:50:00
2025-04-17 20:55:00 - INFO - [_run_strategy_if_applicable] [N/A] ⏰ Strategy 'VWAP_diff_signal_1700' not executed because it's outside the time window: 17:30:00 - 19:00:00
2025-04-17 20:55:00 - INFO - [_run_strategy_if_applicable] [N/A] ⏰ Strategy 'SMA_Cross_sma50' not executed because it's outside the time window: 16:35:00 - 16:50:00
2025-04-17 20:55:00 - INFO - [_run_strategy_if_applicable] [N/A] ⏰ Strategy 'SMA_Cross_candle' not executed because it's outside the time window: 16:35:00 - 16:50:00
2025-04-17 20:55:00 - INFO - [_run_strategy_if_applicable] [N/A] ⏰ Strategy 'VWAP_diff_signal_1700_volume' not executed because it's outside the time window: 17:30:00 - 19:00:00
2025-04-17 20:55:00 - INFO - [_run_strategy_if_applicable] [N/A] ⏰ Strategy 'VWAP_diff_signal_rsi_1700' not executed because it's outside the time window: 17:30:00 - 19:00:00
2025-04-17 20:55:00 - INFO - [trading_loop] [N/A] 📊 Updating SL/TP for active orders
2025-04-17 20:55:01 - INFO - [_wait_until_next_iteration] [N/A] ⏳ Sleeping for 58.93 seconds before the next cycle
2025-04-17 20:56:00 - DEBUG - [trading_loop] [N/A] ⏱ Skipping EMA_Cross_ema50, not yet time (every 5m)
2025-04-17 20:56:00 - DEBUG - [trading_loop] [N/A] ⏱ Skipping EMA_Cross_candle, not yet time (every 5m)
2025-04-17 20:56:00 - DEBUG - [trading_loop] [N/A] ⏱ Skipping VWAP_diff_signal_1700, not yet time (every 5m)
2025-04-17 20:56:00 - DEBUG - [trading_loop] [N/A] ⏱ Skipping SMA_Cross_sma50, not yet time (every 5m)
2025-04-17 20:56:00 - DEBUG - [trading_loop] [N/A] ⏱ Skipping SMA_Cross_candle, not yet time (every 5m)
2025-04-17 20:56:00 - DEBUG - [trading_loop] [N/A] ⏱ Skipping VWAP_diff_signal_1700_volume, not yet time (every 5m)
2025-04-17 20:56:00 - DEBUG - [trading_loop] [N/A] ⏱ Skipping VWAP_diff_signal_rsi_1700, not yet time (every 5m)
2025-04-17 20:56:00 - INFO - [trading_loop] [N/A] 📊 Updating SL/TP for active orders
2025-04-17 20:56:01 - INFO - [_wait_until_next_iteration] [N/A] ⏳ Sleeping for 58.93 seconds before the next cycle
2025-04-17 20:57:00 - DEBUG - [trading_loop] [N/A] ⏱ Skipping EMA_Cross_ema50, not yet time (every 5m)
2025-04-17 20:57:00 - DEBUG - [trading_loop] [N/A] ⏱ Skipping EMA_Cross_candle, not yet time (every 5m)
2025-04-17 20:57:00 - DEBUG - [trading_loop] [N/A] ⏱ Skipping VWAP_diff_signal_1700, not yet time (every 5m)
2025-04-17 20:57:00 - DEBUG - [trading_loop] [N/A] ⏱ Skipping SMA_Cross_sma50, not yet time (every 5m)
2025-04-17 20:57:00 - DEBUG - [trading_loop] [N/A] ⏱ Skipping SMA_Cross_candle, not yet time (every 5m)
2025-04-17 20:57:00 - DEBUG - [trading_loop] [N/A] ⏱ Skipping VWAP_diff_signal_1700_volume, not yet time (every 5m)
2025-04-17 20:57:00 - DEBUG - [trading_loop] [N/A] ⏱ Skipping VWAP_diff_signal_rsi_1700, not yet time (every 5m)
2025-04-17 20:57:00 - INFO - [trading_loop] [N/A] 📊 Updating SL/TP for active orders
2025-04-17 20:57:01 - INFO - [_wait_until_next_iteration] [N/A] ⏳ Sleeping for 58.93 seconds before the next cycle
2025-04-17 20:58:00 - DEBUG - [trading_loop] [N/A] ⏱ Skipping EMA_Cross_ema50, not yet time (every 5m)
2025-04-17 20:58:00 - DEBUG - [trading_loop] [N/A] ⏱ Skipping EMA_Cross_candle, not yet time (every 5m)
2025-04-17 20:58:00 - DEBUG - [trading_loop] [N/A] ⏱ Skipping VWAP_diff_signal_1700, not yet time (every 5m)
2025-04-17 20:58:00 - DEBUG - [trading_loop] [N/A] ⏱ Skipping SMA_Cross_sma50, not yet time (every 5m)
2025-04-17 20:58:00 - DEBUG - [trading_loop] [N/A] ⏱ Skipping SMA_Cross_candle, not yet time (every 5m)
2025-04-17 20:58:00 - DEBUG - [trading_loop] [N/A] ⏱ Skipping VWAP_diff_signal_1700_volume, not yet time (every 5m)
2025-04-17 20:58:00 - DEBUG - [trading_loop] [N/A] ⏱ Skipping VWAP_diff_signal_rsi_1700, not yet time (every 5m)
2025-04-17 20:58:00 - INFO - [trading_loop] [N/A] 📊 Updating SL/TP for active orders
2025-04-17 20:58:01 - INFO - [_wait_until_next_iteration] [N/A] ⏳ Sleeping for 58.93 seconds before the next cycle
2025-04-17 20:59:00 - DEBUG - [trading_loop] [N/A] ⏱ Skipping EMA_Cross_ema50, not yet time (every 5m)
2025-04-17 20:59:00 - DEBUG - [trading_loop] [N/A] ⏱ Skipping EMA_Cross_candle, not yet time (every 5m)
2025-04-17 20:59:00 - DEBUG - [trading_loop] [N/A] ⏱ Skipping VWAP_diff_signal_1700, not yet time (every 5m)
2025-04-17 20:59:00 - DEBUG - [trading_loop] [N/A] ⏱ Skipping SMA_Cross_sma50, not yet time (every 5m)
2025-04-17 20:59:00 - DEBUG - [trading_loop] [N/A] ⏱ Skipping SMA_Cross_candle, not yet time (every 5m)
2025-04-17 20:59:00 - DEBUG - [trading_loop] [N/A] ⏱ Skipping VWAP_diff_signal_1700_volume, not yet time (every 5m)
2025-04-17 20:59:00 - DEBUG - [trading_loop] [N/A] ⏱ Skipping VWAP_diff_signal_rsi_1700, not yet time (every 5m)
2025-04-17 20:59:00 - INFO - [trading_loop] [N/A] 📊 Updating SL/TP for active orders
2025-04-17 20:59:01 - INFO - [_wait_until_next_iteration] [N/A] ⏳ Sleeping for 58.97 seconds before the next cycle
2025-04-17 21:00:00 - INFO - [_run_strategy_if_applicable] [N/A] ⏰ Strategy 'EMA_Cross_ema50' not executed because it's outside the time window: 16:35:00 - 16:50:00
2025-04-17 21:00:00 - INFO - [_run_strategy_if_applicable] [N/A] ⏰ Strategy 'EMA_Cross_candle' not executed because it's outside the time window: 16:35:00 - 16:50:00
2025-04-17 21:00:00 - INFO - [_run_strategy_if_applicable] [N/A] ⏰ Strategy 'VWAP_diff_signal_1700' not executed because it's outside the time window: 17:30:00 - 19:00:00
2025-04-17 21:00:00 - INFO - [_run_strategy_if_applicable] [N/A] ⏰ Strategy 'SMA_Cross_sma50' not executed because it's outside the time window: 16:35:00 - 16:50:00
2025-04-17 21:00:00 - INFO - [_run_strategy_if_applicable] [N/A] ⏰ Strategy 'SMA_Cross_candle' not executed because it's outside the time window: 16:35:00 - 16:50:00
2025-04-17 21:00:00 - INFO - [_run_strategy_if_applicable] [N/A] ⏰ Strategy 'VWAP_diff_signal_1700_volume' not executed because it's outside the time window: 17:30:00 - 19:00:00
2025-04-17 21:00:00 - INFO - [_run_strategy_if_applicable] [N/A] ⏰ Strategy 'VWAP_diff_signal_rsi_1700' not executed because it's outside the time window: 17:30:00 - 19:00:00
2025-04-17 21:00:00 - INFO - [trading_loop] [N/A] 📊 Updating SL/TP for active orders
2025-04-17 21:00:01 - INFO - [_wait_until_next_iteration] [N/A] ⏳ Sleeping for 58.92 seconds before the next cycle
2025-04-17 21:01:00 - DEBUG - [trading_loop] [N/A] ⏱ Skipping EMA_Cross_ema50, not yet time (every 5m)
2025-04-17 21:01:00 - DEBUG - [trading_loop] [N/A] ⏱ Skipping EMA_Cross_candle, not yet time (every 5m)
2025-04-17 21:01:00 - DEBUG - [trading_loop] [N/A] ⏱ Skipping VWAP_diff_signal_1700, not yet time (every 5m)
2025-04-17 21:01:00 - DEBUG - [trading_loop] [N/A] ⏱ Skipping SMA_Cross_sma50, not yet time (every 5m)
2025-04-17 21:01:00 - DEBUG - [trading_loop] [N/A] ⏱ Skipping SMA_Cross_candle, not yet time (every 5m)
2025-04-17 21:01:00 - DEBUG - [trading_loop] [N/A] ⏱ Skipping VWAP_diff_signal_1700_volume, not yet time (every 5m)
2025-04-17 21:01:00 - DEBUG - [trading_loop] [N/A] ⏱ Skipping VWAP_diff_signal_rsi_1700, not yet time (every 5m)
2025-04-17 21:01:00 - INFO - [trading_loop] [N/A] 📊 Updating SL/TP for active orders
2025-04-17 21:01:01 - INFO - [_wait_until_next_iteration] [N/A] ⏳ Sleeping for 58.93 seconds before the next cycle
2025-04-17 21:02:00 - DEBUG - [trading_loop] [N/A] ⏱ Skipping EMA_Cross_ema50, not yet time (every 5m)
2025-04-17 21:02:00 - DEBUG - [trading_loop] [N/A] ⏱ Skipping EMA_Cross_candle, not yet time (every 5m)
2025-04-17 21:02:00 - DEBUG - [trading_loop] [N/A] ⏱ Skipping VWAP_diff_signal_1700, not yet time (every 5m)
2025-04-17 21:02:00 - DEBUG - [trading_loop] [N/A] ⏱ Skipping SMA_Cross_sma50, not yet time (every 5m)
2025-04-17 21:02:00 - DEBUG - [trading_loop] [N/A] ⏱ Skipping SMA_Cross_candle, not yet time (every 5m)
2025-04-17 21:02:00 - DEBUG - [trading_loop] [N/A] ⏱ Skipping VWAP_diff_signal_1700_volume, not yet time (every 5m)
2025-04-17 21:02:00 - DEBUG - [trading_loop] [N/A] ⏱ Skipping VWAP_diff_signal_rsi_1700, not yet time (every 5m)
2025-04-17 21:02:00 - INFO - [trading_loop] [N/A] 📊 Updating SL/TP for active orders
2025-04-17 21:02:01 - INFO - [_wait_until_next_iteration] [N/A] ⏳ Sleeping for 58.93 seconds before the next cycle
2025-04-17 21:03:00 - DEBUG - [trading_loop] [N/A] ⏱ Skipping EMA_Cross_ema50, not yet time (every 5m)
2025-04-17 21:03:00 - DEBUG - [trading_loop] [N/A] ⏱ Skipping EMA_Cross_candle, not yet time (every 5m)
2025-04-17 21:03:00 - DEBUG - [trading_loop] [N/A] ⏱ Skipping VWAP_diff_signal_1700, not yet time (every 5m)
2025-04-17 21:03:00 - DEBUG - [trading_loop] [N/A] ⏱ Skipping SMA_Cross_sma50, not yet time (every 5m)
2025-04-17 21:03:00 - DEBUG - [trading_loop] [N/A] ⏱ Skipping SMA_Cross_candle, not yet time (every 5m)
2025-04-17 21:03:00 - DEBUG - [trading_loop] [N/A] ⏱ Skipping VWAP_diff_signal_1700_volume, not yet time (every 5m)
2025-04-17 21:03:00 - DEBUG - [trading_loop] [N/A] ⏱ Skipping VWAP_diff_signal_rsi_1700, not yet time (every 5m)
2025-04-17 21:03:00 - INFO - [trading_loop] [N/A] 📊 Updating SL/TP for active orders
2025-04-17 21:03:01 - INFO - [_wait_until_next_iteration] [N/A] ⏳ Sleeping for 58.93 seconds before the next cycle
2025-04-17 21:04:00 - DEBUG - [trading_loop] [N/A] ⏱ Skipping EMA_Cross_ema50, not yet time (every 5m)
2025-04-17 21:04:00 - DEBUG - [trading_loop] [N/A] ⏱ Skipping EMA_Cross_candle, not yet time (every 5m)
2025-04-17 21:04:00 - DEBUG - [trading_loop] [N/A] ⏱ Skipping VWAP_diff_signal_1700, not yet time (every 5m)
2025-04-17 21:04:00 - DEBUG - [trading_loop] [N/A] ⏱ Skipping SMA_Cross_sma50, not yet time (every 5m)
2025-04-17 21:04:00 - DEBUG - [trading_loop] [N/A] ⏱ Skipping SMA_Cross_candle, not yet time (every 5m)
2025-04-17 21:04:00 - DEBUG - [trading_loop] [N/A] ⏱ Skipping VWAP_diff_signal_1700_volume, not yet time (every 5m)
2025-04-17 21:04:00 - DEBUG - [trading_loop] [N/A] ⏱ Skipping VWAP_diff_signal_rsi_1700, not yet time (every 5m)
2025-04-17 21:04:00 - INFO - [trading_loop] [N/A] 📊 Updating SL/TP for active orders
2025-04-17 21:04:01 - INFO - [_wait_until_next_iteration] [N/A] ⏳ Sleeping for 58.93 seconds before the next cycle
2025-04-17 21:05:00 - INFO - [_run_strategy_if_applicable] [N/A] ⏰ Strategy 'EMA_Cross_ema50' not executed because it's outside the time window: 16:35:00 - 16:50:00
2025-04-17 21:05:00 - INFO - [_run_strategy_if_applicable] [N/A] ⏰ Strategy 'EMA_Cross_candle' not executed because it's outside the time window: 16:35:00 - 16:50:00
2025-04-17 21:05:00 - INFO - [_run_strategy_if_applicable] [N/A] ⏰ Strategy 'VWAP_diff_signal_1700' not executed because it's outside the time window: 17:30:00 - 19:00:00
2025-04-17 21:05:00 - INFO - [_run_strategy_if_applicable] [N/A] ⏰ Strategy 'SMA_Cross_sma50' not executed because it's outside the time window: 16:35:00 - 16:50:00
2025-04-17 21:05:00 - INFO - [_run_strategy_if_applicable] [N/A] ⏰ Strategy 'SMA_Cross_candle' not executed because it's outside the time window: 16:35:00 - 16:50:00
2025-04-17 21:05:00 - INFO - [_run_strategy_if_applicable] [N/A] ⏰ Strategy 'VWAP_diff_signal_1700_volume' not executed because it's outside the time window: 17:30:00 - 19:00:00
2025-04-17 21:05:00 - INFO - [_run_strategy_if_applicable] [N/A] ⏰ Strategy 'VWAP_diff_signal_rsi_1700' not executed because it's outside the time window: 17:30:00 - 19:00:00
2025-04-17 21:05:00 - INFO - [trading_loop] [N/A] 📊 Updating SL/TP for active orders
2025-04-17 21:05:01 - INFO - [_wait_until_next_iteration] [N/A] ⏳ Sleeping for 58.93 seconds before the next cycle
2025-04-17 21:06:00 - DEBUG - [trading_loop] [N/A] ⏱ Skipping EMA_Cross_ema50, not yet time (every 5m)
2025-04-17 21:06:00 - DEBUG - [trading_loop] [N/A] ⏱ Skipping EMA_Cross_candle, not yet time (every 5m)
2025-04-17 21:06:00 - DEBUG - [trading_loop] [N/A] ⏱ Skipping VWAP_diff_signal_1700, not yet time (every 5m)
2025-04-17 21:06:00 - DEBUG - [trading_loop] [N/A] ⏱ Skipping SMA_Cross_sma50, not yet time (every 5m)
2025-04-17 21:06:00 - DEBUG - [trading_loop] [N/A] ⏱ Skipping SMA_Cross_candle, not yet time (every 5m)
2025-04-17 21:06:00 - DEBUG - [trading_loop] [N/A] ⏱ Skipping VWAP_diff_signal_1700_volume, not yet time (every 5m)
2025-04-17 21:06:00 - DEBUG - [trading_loop] [N/A] ⏱ Skipping VWAP_diff_signal_rsi_1700, not yet time (every 5m)
2025-04-17 21:06:00 - INFO - [trading_loop] [N/A] 📊 Updating SL/TP for active orders
2025-04-17 21:06:01 - INFO - [_wait_until_next_iteration] [N/A] ⏳ Sleeping for 58.92 seconds before the next cycle
2025-04-17 21:07:00 - DEBUG - [trading_loop] [N/A] ⏱ Skipping EMA_Cross_ema50, not yet time (every 5m)
2025-04-17 21:07:00 - DEBUG - [trading_loop] [N/A] ⏱ Skipping EMA_Cross_candle, not yet time (every 5m)
2025-04-17 21:07:00 - DEBUG - [trading_loop] [N/A] ⏱ Skipping VWAP_diff_signal_1700, not yet time (every 5m)
2025-04-17 21:07:00 - DEBUG - [trading_loop] [N/A] ⏱ Skipping SMA_Cross_sma50, not yet time (every 5m)
2025-04-17 21:07:00 - DEBUG - [trading_loop] [N/A] ⏱ Skipping SMA_Cross_candle, not yet time (every 5m)
2025-04-17 21:07:00 - DEBUG - [trading_loop] [N/A] ⏱ Skipping VWAP_diff_signal_1700_volume, not yet time (every 5m)
2025-04-17 21:07:00 - DEBUG - [trading_loop] [N/A] ⏱ Skipping VWAP_diff_signal_rsi_1700, not yet time (every 5m)
2025-04-17 21:07:00 - INFO - [trading_loop] [N/A] 📊 Updating SL/TP for active orders
2025-04-17 21:07:01 - INFO - [_wait_until_next_iteration] [N/A] ⏳ Sleeping for 58.93 seconds before the next cycle
2025-04-17 21:08:00 - DEBUG - [trading_loop] [N/A] ⏱ Skipping EMA_Cross_ema50, not yet time (every 5m)
2025-04-17 21:08:00 - DEBUG - [trading_loop] [N/A] ⏱ Skipping EMA_Cross_candle, not yet time (every 5m)
2025-04-17 21:08:00 - DEBUG - [trading_loop] [N/A] ⏱ Skipping VWAP_diff_signal_1700, not yet time (every 5m)
2025-04-17 21:08:00 - DEBUG - [trading_loop] [N/A] ⏱ Skipping SMA_Cross_sma50, not yet time (every 5m)
2025-04-17 21:08:00 - DEBUG - [trading_loop] [N/A] ⏱ Skipping SMA_Cross_candle, not yet time (every 5m)
2025-04-17 21:08:00 - DEBUG - [trading_loop] [N/A] ⏱ Skipping VWAP_diff_signal_1700_volume, not yet time (every 5m)
2025-04-17 21:08:00 - DEBUG - [trading_loop] [N/A] ⏱ Skipping VWAP_diff_signal_rsi_1700, not yet time (every 5m)
2025-04-17 21:08:00 - INFO - [trading_loop] [N/A] 📊 Updating SL/TP for active orders
2025-04-17 21:08:01 - INFO - [_wait_until_next_iteration] [N/A] ⏳ Sleeping for 58.93 seconds before the next cycle
2025-04-17 21:09:00 - DEBUG - [trading_loop] [N/A] ⏱ Skipping EMA_Cross_ema50, not yet time (every 5m)
2025-04-17 21:09:00 - DEBUG - [trading_loop] [N/A] ⏱ Skipping EMA_Cross_candle, not yet time (every 5m)
2025-04-17 21:09:00 - DEBUG - [trading_loop] [N/A] ⏱ Skipping VWAP_diff_signal_1700, not yet time (every 5m)
2025-04-17 21:09:00 - DEBUG - [trading_loop] [N/A] ⏱ Skipping SMA_Cross_sma50, not yet time (every 5m)
2025-04-17 21:09:00 - DEBUG - [trading_loop] [N/A] ⏱ Skipping SMA_Cross_candle, not yet time (every 5m)
2025-04-17 21:09:00 - DEBUG - [trading_loop] [N/A] ⏱ Skipping VWAP_diff_signal_1700_volume, not yet time (every 5m)
2025-04-17 21:09:00 - DEBUG - [trading_loop] [N/A] ⏱ Skipping VWAP_diff_signal_rsi_1700, not yet time (every 5m)
2025-04-17 21:09:00 - INFO - [trading_loop] [N/A] 📊 Updating SL/TP for active orders
2025-04-17 21:09:01 - INFO - [_wait_until_next_iteration] [N/A] ⏳ Sleeping for 58.94 seconds before the next cycle
2025-04-17 21:10:00 - INFO - [_run_strategy_if_applicable] [N/A] ⏰ Strategy 'EMA_Cross_ema50' not executed because it's outside the time window: 16:35:00 - 16:50:00
2025-04-17 21:10:00 - INFO - [_run_strategy_if_applicable] [N/A] ⏰ Strategy 'EMA_Cross_candle' not executed because it's outside the time window: 16:35:00 - 16:50:00
2025-04-17 21:10:00 - INFO - [_run_strategy_if_applicable] [N/A] ⏰ Strategy 'VWAP_diff_signal_1700' not executed because it's outside the time window: 17:30:00 - 19:00:00
2025-04-17 21:10:00 - INFO - [_run_strategy_if_applicable] [N/A] ⏰ Strategy 'SMA_Cross_sma50' not executed because it's outside the time window: 16:35:00 - 16:50:00
2025-04-17 21:10:00 - INFO - [_run_strategy_if_applicable] [N/A] ⏰ Strategy 'SMA_Cross_candle' not executed because it's outside the time window: 16:35:00 - 16:50:00
2025-04-17 21:10:00 - INFO - [_run_strategy_if_applicable] [N/A] ⏰ Strategy 'VWAP_diff_signal_1700_volume' not executed because it's outside the time window: 17:30:00 - 19:00:00
2025-04-17 21:10:00 - INFO - [_run_strategy_if_applicable] [N/A] ⏰ Strategy 'VWAP_diff_signal_rsi_1700' not executed because it's outside the time window: 17:30:00 - 19:00:00
2025-04-17 21:10:00 - INFO - [trading_loop] [N/A] 📊 Updating SL/TP for active orders
2025-04-17 21:10:01 - INFO - [_wait_until_next_iteration] [N/A] ⏳ Sleeping for 58.92 seconds before the next cycle
2025-04-17 21:11:00 - DEBUG - [trading_loop] [N/A] ⏱ Skipping EMA_Cross_ema50, not yet time (every 5m)
2025-04-17 21:11:00 - DEBUG - [trading_loop] [N/A] ⏱ Skipping EMA_Cross_candle, not yet time (every 5m)
2025-04-17 21:11:00 - DEBUG - [trading_loop] [N/A] ⏱ Skipping VWAP_diff_signal_1700, not yet time (every 5m)
2025-04-17 21:11:00 - DEBUG - [trading_loop] [N/A] ⏱ Skipping SMA_Cross_sma50, not yet time (every 5m)
2025-04-17 21:11:00 - DEBUG - [trading_loop] [N/A] ⏱ Skipping SMA_Cross_candle, not yet time (every 5m)
2025-04-17 21:11:00 - DEBUG - [trading_loop] [N/A] ⏱ Skipping VWAP_diff_signal_1700_volume, not yet time (every 5m)
2025-04-17 21:11:00 - DEBUG - [trading_loop] [N/A] ⏱ Skipping VWAP_diff_signal_rsi_1700, not yet time (every 5m)
2025-04-17 21:11:00 - INFO - [trading_loop] [N/A] 📊 Updating SL/TP for active orders
2025-04-17 21:11:01 - INFO - [_wait_until_next_iteration] [N/A] ⏳ Sleeping for 58.93 seconds before the next cycle
2025-04-17 21:12:00 - DEBUG - [trading_loop] [N/A] ⏱ Skipping EMA_Cross_ema50, not yet time (every 5m)
2025-04-17 21:12:00 - DEBUG - [trading_loop] [N/A] ⏱ Skipping EMA_Cross_candle, not yet time (every 5m)
2025-04-17 21:12:00 - DEBUG - [trading_loop] [N/A] ⏱ Skipping VWAP_diff_signal_1700, not yet time (every 5m)
2025-04-17 21:12:00 - DEBUG - [trading_loop] [N/A] ⏱ Skipping SMA_Cross_sma50, not yet time (every 5m)
2025-04-17 21:12:00 - DEBUG - [trading_loop] [N/A] ⏱ Skipping SMA_Cross_candle, not yet time (every 5m)
2025-04-17 21:12:00 - DEBUG - [trading_loop] [N/A] ⏱ Skipping VWAP_diff_signal_1700_volume, not yet time (every 5m)
2025-04-17 21:12:00 - DEBUG - [trading_loop] [N/A] ⏱ Skipping VWAP_diff_signal_rsi_1700, not yet time (every 5m)
2025-04-17 21:12:00 - INFO - [trading_loop] [N/A] 📊 Updating SL/TP for active orders
2025-04-17 21:12:01 - INFO - [_wait_until_next_iteration] [N/A] ⏳ Sleeping for 58.93 seconds before the next cycle
2025-04-17 21:13:00 - DEBUG - [trading_loop] [N/A] ⏱ Skipping EMA_Cross_ema50, not yet time (every 5m)
2025-04-17 21:13:00 - DEBUG - [trading_loop] [N/A] ⏱ Skipping EMA_Cross_candle, not yet time (every 5m)
2025-04-17 21:13:00 - DEBUG - [trading_loop] [N/A] ⏱ Skipping VWAP_diff_signal_1700, not yet time (every 5m)
2025-04-17 21:13:00 - DEBUG - [trading_loop] [N/A] ⏱ Skipping SMA_Cross_sma50, not yet time (every 5m)
2025-04-17 21:13:00 - DEBUG - [trading_loop] [N/A] ⏱ Skipping SMA_Cross_candle, not yet time (every 5m)
2025-04-17 21:13:00 - DEBUG - [trading_loop] [N/A] ⏱ Skipping VWAP_diff_signal_1700_volume, not yet time (every 5m)
2025-04-17 21:13:00 - DEBUG - [trading_loop] [N/A] ⏱ Skipping VWAP_diff_signal_rsi_1700, not yet time (every 5m)
2025-04-17 21:13:00 - INFO - [trading_loop] [N/A] 📊 Updating SL/TP for active orders
2025-04-17 21:13:01 - INFO - [_wait_until_next_iteration] [N/A] ⏳ Sleeping for 58.93 seconds before the next cycle
2025-04-17 21:14:00 - DEBUG - [trading_loop] [N/A] ⏱ Skipping EMA_Cross_ema50, not yet time (every 5m)
2025-04-17 21:14:00 - DEBUG - [trading_loop] [N/A] ⏱ Skipping EMA_Cross_candle, not yet time (every 5m)
2025-04-17 21:14:00 - DEBUG - [trading_loop] [N/A] ⏱ Skipping VWAP_diff_signal_1700, not yet time (every 5m)
2025-04-17 21:14:00 - DEBUG - [trading_loop] [N/A] ⏱ Skipping SMA_Cross_sma50, not yet time (every 5m)
2025-04-17 21:14:00 - DEBUG - [trading_loop] [N/A] ⏱ Skipping SMA_Cross_candle, not yet time (every 5m)
2025-04-17 21:14:00 - DEBUG - [trading_loop] [N/A] ⏱ Skipping VWAP_diff_signal_1700_volume, not yet time (every 5m)
2025-04-17 21:14:00 - DEBUG - [trading_loop] [N/A] ⏱ Skipping VWAP_diff_signal_rsi_1700, not yet time (every 5m)
2025-04-17 21:14:00 - INFO - [trading_loop] [N/A] 📊 Updating SL/TP for active orders
2025-04-17 21:14:01 - INFO - [_wait_until_next_iteration] [N/A] ⏳ Sleeping for 58.93 seconds before the next cycle
2025-04-17 21:15:00 - INFO - [_run_strategy_if_applicable] [N/A] ⏰ Strategy 'EMA_Cross_ema50' not executed because it's outside the time window: 16:35:00 - 16:50:00
2025-04-17 21:15:00 - INFO - [_run_strategy_if_applicable] [N/A] ⏰ Strategy 'EMA_Cross_candle' not executed because it's outside the time window: 16:35:00 - 16:50:00
2025-04-17 21:15:00 - INFO - [_run_strategy_if_applicable] [N/A] ⏰ Strategy 'VWAP_diff_signal_1700' not executed because it's outside the time window: 17:30:00 - 19:00:00
2025-04-17 21:15:00 - INFO - [_run_strategy_if_applicable] [N/A] ⏰ Strategy 'SMA_Cross_sma50' not executed because it's outside the time window: 16:35:00 - 16:50:00
2025-04-17 21:15:00 - INFO - [_run_strategy_if_applicable] [N/A] ⏰ Strategy 'SMA_Cross_candle' not executed because it's outside the time window: 16:35:00 - 16:50:00
2025-04-17 21:15:00 - INFO - [_run_strategy_if_applicable] [N/A] ⏰ Strategy 'VWAP_diff_signal_1700_volume' not executed because it's outside the time window: 17:30:00 - 19:00:00
2025-04-17 21:15:00 - INFO - [_run_strategy_if_applicable] [N/A] ⏰ Strategy 'VWAP_diff_signal_rsi_1700' not executed because it's outside the time window: 17:30:00 - 19:00:00
2025-04-17 21:15:00 - INFO - [trading_loop] [N/A] 📊 Updating SL/TP for active orders
2025-04-17 21:15:01 - INFO - [_wait_until_next_iteration] [N/A] ⏳ Sleeping for 58.92 seconds before the next cycle
2025-04-17 21:16:00 - DEBUG - [trading_loop] [N/A] ⏱ Skipping EMA_Cross_ema50, not yet time (every 5m)
2025-04-17 21:16:00 - DEBUG - [trading_loop] [N/A] ⏱ Skipping EMA_Cross_candle, not yet time (every 5m)
2025-04-17 21:16:00 - DEBUG - [trading_loop] [N/A] ⏱ Skipping VWAP_diff_signal_1700, not yet time (every 5m)
2025-04-17 21:16:00 - DEBUG - [trading_loop] [N/A] ⏱ Skipping SMA_Cross_sma50, not yet time (every 5m)
2025-04-17 21:16:00 - DEBUG - [trading_loop] [N/A] ⏱ Skipping SMA_Cross_candle, not yet time (every 5m)
2025-04-17 21:16:00 - DEBUG - [trading_loop] [N/A] ⏱ Skipping VWAP_diff_signal_1700_volume, not yet time (every 5m)
2025-04-17 21:16:00 - DEBUG - [trading_loop] [N/A] ⏱ Skipping VWAP_diff_signal_rsi_1700, not yet time (every 5m)
2025-04-17 21:16:00 - INFO - [trading_loop] [N/A] 📊 Updating SL/TP for active orders
2025-04-17 21:16:01 - INFO - [_wait_until_next_iteration] [N/A] ⏳ Sleeping for 58.93 seconds before the next cycle
2025-04-17 21:17:00 - DEBUG - [trading_loop] [N/A] ⏱ Skipping EMA_Cross_ema50, not yet time (every 5m)
2025-04-17 21:17:00 - DEBUG - [trading_loop] [N/A] ⏱ Skipping EMA_Cross_candle, not yet time (every 5m)
2025-04-17 21:17:00 - DEBUG - [trading_loop] [N/A] ⏱ Skipping VWAP_diff_signal_1700, not yet time (every 5m)
2025-04-17 21:17:00 - DEBUG - [trading_loop] [N/A] ⏱ Skipping SMA_Cross_sma50, not yet time (every 5m)
2025-04-17 21:17:00 - DEBUG - [trading_loop] [N/A] ⏱ Skipping SMA_Cross_candle, not yet time (every 5m)
2025-04-17 21:17:00 - DEBUG - [trading_loop] [N/A] ⏱ Skipping VWAP_diff_signal_1700_volume, not yet time (every 5m)
2025-04-17 21:17:00 - DEBUG - [trading_loop] [N/A] ⏱ Skipping VWAP_diff_signal_rsi_1700, not yet time (every 5m)
2025-04-17 21:17:00 - INFO - [trading_loop] [N/A] 📊 Updating SL/TP for active orders
2025-04-17 21:17:01 - INFO - [_wait_until_next_iteration] [N/A] ⏳ Sleeping for 58.93 seconds before the next cycle
2025-04-17 21:18:00 - DEBUG - [trading_loop] [N/A] ⏱ Skipping EMA_Cross_ema50, not yet time (every 5m)
2025-04-17 21:18:00 - DEBUG - [trading_loop] [N/A] ⏱ Skipping EMA_Cross_candle, not yet time (every 5m)
2025-04-17 21:18:00 - DEBUG - [trading_loop] [N/A] ⏱ Skipping VWAP_diff_signal_1700, not yet time (every 5m)
2025-04-17 21:18:00 - DEBUG - [trading_loop] [N/A] ⏱ Skipping SMA_Cross_sma50, not yet time (every 5m)
2025-04-17 21:18:00 - DEBUG - [trading_loop] [N/A] ⏱ Skipping SMA_Cross_candle, not yet time (every 5m)
2025-04-17 21:18:00 - DEBUG - [trading_loop] [N/A] ⏱ Skipping VWAP_diff_signal_1700_volume, not yet time (every 5m)
2025-04-17 21:18:00 - DEBUG - [trading_loop] [N/A] ⏱ Skipping VWAP_diff_signal_rsi_1700, not yet time (every 5m)
2025-04-17 21:18:00 - INFO - [trading_loop] [N/A] 📊 Updating SL/TP for active orders
2025-04-17 21:18:01 - INFO - [_wait_until_next_iteration] [N/A] ⏳ Sleeping for 58.93 seconds before the next cycle
2025-04-17 21:19:00 - DEBUG - [trading_loop] [N/A] ⏱ Skipping EMA_Cross_ema50, not yet time (every 5m)
2025-04-17 21:19:00 - DEBUG - [trading_loop] [N/A] ⏱ Skipping EMA_Cross_candle, not yet time (every 5m)
2025-04-17 21:19:00 - DEBUG - [trading_loop] [N/A] ⏱ Skipping VWAP_diff_signal_1700, not yet time (every 5m)
2025-04-17 21:19:00 - DEBUG - [trading_loop] [N/A] ⏱ Skipping SMA_Cross_sma50, not yet time (every 5m)
2025-04-17 21:19:00 - DEBUG - [trading_loop] [N/A] ⏱ Skipping SMA_Cross_candle, not yet time (every 5m)
2025-04-17 21:19:00 - DEBUG - [trading_loop] [N/A] ⏱ Skipping VWAP_diff_signal_1700_volume, not yet time (every 5m)
2025-04-17 21:19:00 - DEBUG - [trading_loop] [N/A] ⏱ Skipping VWAP_diff_signal_rsi_1700, not yet time (every 5m)
2025-04-17 21:19:00 - INFO - [trading_loop] [N/A] 📊 Updating SL/TP for active orders
2025-04-17 21:19:01 - INFO - [_wait_until_next_iteration] [N/A] ⏳ Sleeping for 58.93 seconds before the next cycle
2025-04-17 21:20:00 - INFO - [_run_strategy_if_applicable] [N/A] ⏰ Strategy 'EMA_Cross_ema50' not executed because it's outside the time window: 16:35:00 - 16:50:00
2025-04-17 21:20:00 - INFO - [_run_strategy_if_applicable] [N/A] ⏰ Strategy 'EMA_Cross_candle' not executed because it's outside the time window: 16:35:00 - 16:50:00
2025-04-17 21:20:00 - INFO - [_run_strategy_if_applicable] [N/A] ⏰ Strategy 'VWAP_diff_signal_1700' not executed because it's outside the time window: 17:30:00 - 19:00:00
2025-04-17 21:20:00 - INFO - [_run_strategy_if_applicable] [N/A] ⏰ Strategy 'SMA_Cross_sma50' not executed because it's outside the time window: 16:35:00 - 16:50:00
2025-04-17 21:20:00 - INFO - [_run_strategy_if_applicable] [N/A] ⏰ Strategy 'SMA_Cross_candle' not executed because it's outside the time window: 16:35:00 - 16:50:00
2025-04-17 21:20:00 - INFO - [_run_strategy_if_applicable] [N/A] ⏰ Strategy 'VWAP_diff_signal_1700_volume' not executed because it's outside the time window: 17:30:00 - 19:00:00
2025-04-17 21:20:00 - INFO - [_run_strategy_if_applicable] [N/A] ⏰ Strategy 'VWAP_diff_signal_rsi_1700' not executed because it's outside the time window: 17:30:00 - 19:00:00
2025-04-17 21:20:00 - INFO - [trading_loop] [N/A] 📊 Updating SL/TP for active orders
2025-04-17 21:20:01 - INFO - [_wait_until_next_iteration] [N/A] ⏳ Sleeping for 58.93 seconds before the next cycle
2025-04-17 21:21:00 - DEBUG - [trading_loop] [N/A] ⏱ Skipping EMA_Cross_ema50, not yet time (every 5m)
2025-04-17 21:21:00 - DEBUG - [trading_loop] [N/A] ⏱ Skipping EMA_Cross_candle, not yet time (every 5m)
2025-04-17 21:21:00 - DEBUG - [trading_loop] [N/A] ⏱ Skipping VWAP_diff_signal_1700, not yet time (every 5m)
2025-04-17 21:21:00 - DEBUG - [trading_loop] [N/A] ⏱ Skipping SMA_Cross_sma50, not yet time (every 5m)
2025-04-17 21:21:00 - DEBUG - [trading_loop] [N/A] ⏱ Skipping SMA_Cross_candle, not yet time (every 5m)
2025-04-17 21:21:00 - DEBUG - [trading_loop] [N/A] ⏱ Skipping VWAP_diff_signal_1700_volume, not yet time (every 5m)
2025-04-17 21:21:00 - DEBUG - [trading_loop] [N/A] ⏱ Skipping VWAP_diff_signal_rsi_1700, not yet time (every 5m)
2025-04-17 21:21:00 - INFO - [trading_loop] [N/A] 📊 Updating SL/TP for active orders
2025-04-17 21:21:01 - INFO - [_wait_until_next_iteration] [N/A] ⏳ Sleeping for 58.93 seconds before the next cycle
2025-04-17 21:22:00 - DEBUG - [trading_loop] [N/A] ⏱ Skipping EMA_Cross_ema50, not yet time (every 5m)
2025-04-17 21:22:00 - DEBUG - [trading_loop] [N/A] ⏱ Skipping EMA_Cross_candle, not yet time (every 5m)
2025-04-17 21:22:00 - DEBUG - [trading_loop] [N/A] ⏱ Skipping VWAP_diff_signal_1700, not yet time (every 5m)
2025-04-17 21:22:00 - DEBUG - [trading_loop] [N/A] ⏱ Skipping SMA_Cross_sma50, not yet time (every 5m)
2025-04-17 21:22:00 - DEBUG - [trading_loop] [N/A] ⏱ Skipping SMA_Cross_candle, not yet time (every 5m)
2025-04-17 21:22:00 - DEBUG - [trading_loop] [N/A] ⏱ Skipping VWAP_diff_signal_1700_volume, not yet time (every 5m)
2025-04-17 21:22:00 - DEBUG - [trading_loop] [N/A] ⏱ Skipping VWAP_diff_signal_rsi_1700, not yet time (every 5m)
2025-04-17 21:22:00 - INFO - [trading_loop] [N/A] 📊 Updating SL/TP for active orders
2025-04-17 21:22:01 - INFO - [_wait_until_next_iteration] [N/A] ⏳ Sleeping for 58.94 seconds before the next cycle
2025-04-17 21:23:00 - DEBUG - [trading_loop] [N/A] ⏱ Skipping EMA_Cross_ema50, not yet time (every 5m)
2025-04-17 21:23:00 - DEBUG - [trading_loop] [N/A] ⏱ Skipping EMA_Cross_candle, not yet time (every 5m)
2025-04-17 21:23:00 - DEBUG - [trading_loop] [N/A] ⏱ Skipping VWAP_diff_signal_1700, not yet time (every 5m)
2025-04-17 21:23:00 - DEBUG - [trading_loop] [N/A] ⏱ Skipping SMA_Cross_sma50, not yet time (every 5m)
2025-04-17 21:23:00 - DEBUG - [trading_loop] [N/A] ⏱ Skipping SMA_Cross_candle, not yet time (every 5m)
2025-04-17 21:23:00 - DEBUG - [trading_loop] [N/A] ⏱ Skipping VWAP_diff_signal_1700_volume, not yet time (every 5m)
2025-04-17 21:23:00 - DEBUG - [trading_loop] [N/A] ⏱ Skipping VWAP_diff_signal_rsi_1700, not yet time (every 5m)
2025-04-17 21:23:00 - INFO - [trading_loop] [N/A] 📊 Updating SL/TP for active orders
2025-04-17 21:23:01 - INFO - [_wait_until_next_iteration] [N/A] ⏳ Sleeping for 58.93 seconds before the next cycle
2025-04-17 21:24:00 - DEBUG - [trading_loop] [N/A] ⏱ Skipping EMA_Cross_ema50, not yet time (every 5m)
2025-04-17 21:24:00 - DEBUG - [trading_loop] [N/A] ⏱ Skipping EMA_Cross_candle, not yet time (every 5m)
2025-04-17 21:24:00 - DEBUG - [trading_loop] [N/A] ⏱ Skipping VWAP_diff_signal_1700, not yet time (every 5m)
2025-04-17 21:24:00 - DEBUG - [trading_loop] [N/A] ⏱ Skipping SMA_Cross_sma50, not yet time (every 5m)
2025-04-17 21:24:00 - DEBUG - [trading_loop] [N/A] ⏱ Skipping SMA_Cross_candle, not yet time (every 5m)
2025-04-17 21:24:00 - DEBUG - [trading_loop] [N/A] ⏱ Skipping VWAP_diff_signal_1700_volume, not yet time (every 5m)
2025-04-17 21:24:00 - DEBUG - [trading_loop] [N/A] ⏱ Skipping VWAP_diff_signal_rsi_1700, not yet time (every 5m)
2025-04-17 21:24:00 - INFO - [trading_loop] [N/A] 📊 Updating SL/TP for active orders
2025-04-17 21:24:01 - INFO - [_wait_until_next_iteration] [N/A] ⏳ Sleeping for 58.93 seconds before the next cycle
2025-04-17 21:25:00 - INFO - [_run_strategy_if_applicable] [N/A] ⏰ Strategy 'EMA_Cross_ema50' not executed because it's outside the time window: 16:35:00 - 16:50:00
2025-04-17 21:25:00 - INFO - [_run_strategy_if_applicable] [N/A] ⏰ Strategy 'EMA_Cross_candle' not executed because it's outside the time window: 16:35:00 - 16:50:00
2025-04-17 21:25:00 - INFO - [_run_strategy_if_applicable] [N/A] ⏰ Strategy 'VWAP_diff_signal_1700' not executed because it's outside the time window: 17:30:00 - 19:00:00
2025-04-17 21:25:00 - INFO - [_run_strategy_if_applicable] [N/A] ⏰ Strategy 'SMA_Cross_sma50' not executed because it's outside the time window: 16:35:00 - 16:50:00
2025-04-17 21:25:00 - INFO - [_run_strategy_if_applicable] [N/A] ⏰ Strategy 'SMA_Cross_candle' not executed because it's outside the time window: 16:35:00 - 16:50:00
2025-04-17 21:25:00 - INFO - [_run_strategy_if_applicable] [N/A] ⏰ Strategy 'VWAP_diff_signal_1700_volume' not executed because it's outside the time window: 17:30:00 - 19:00:00
2025-04-17 21:25:00 - INFO - [_run_strategy_if_applicable] [N/A] ⏰ Strategy 'VWAP_diff_signal_rsi_1700' not executed because it's outside the time window: 17:30:00 - 19:00:00
2025-04-17 21:25:00 - INFO - [trading_loop] [N/A] 📊 Updating SL/TP for active orders
2025-04-17 21:25:01 - INFO - [_wait_until_next_iteration] [N/A] ⏳ Sleeping for 58.93 seconds before the next cycle
2025-04-17 21:26:00 - DEBUG - [trading_loop] [N/A] ⏱ Skipping EMA_Cross_ema50, not yet time (every 5m)
2025-04-17 21:26:00 - DEBUG - [trading_loop] [N/A] ⏱ Skipping EMA_Cross_candle, not yet time (every 5m)
2025-04-17 21:26:00 - DEBUG - [trading_loop] [N/A] ⏱ Skipping VWAP_diff_signal_1700, not yet time (every 5m)
2025-04-17 21:26:00 - DEBUG - [trading_loop] [N/A] ⏱ Skipping SMA_Cross_sma50, not yet time (every 5m)
2025-04-17 21:26:00 - DEBUG - [trading_loop] [N/A] ⏱ Skipping SMA_Cross_candle, not yet time (every 5m)
2025-04-17 21:26:00 - DEBUG - [trading_loop] [N/A] ⏱ Skipping VWAP_diff_signal_1700_volume, not yet time (every 5m)
2025-04-17 21:26:00 - DEBUG - [trading_loop] [N/A] ⏱ Skipping VWAP_diff_signal_rsi_1700, not yet time (every 5m)
2025-04-17 21:26:00 - INFO - [trading_loop] [N/A] 📊 Updating SL/TP for active orders
2025-04-17 21:26:01 - INFO - [_wait_until_next_iteration] [N/A] ⏳ Sleeping for 58.93 seconds before the next cycle
2025-04-17 21:27:00 - DEBUG - [trading_loop] [N/A] ⏱ Skipping EMA_Cross_ema50, not yet time (every 5m)
2025-04-17 21:27:00 - DEBUG - [trading_loop] [N/A] ⏱ Skipping EMA_Cross_candle, not yet time (every 5m)
2025-04-17 21:27:00 - DEBUG - [trading_loop] [N/A] ⏱ Skipping VWAP_diff_signal_1700, not yet time (every 5m)
2025-04-17 21:27:00 - DEBUG - [trading_loop] [N/A] ⏱ Skipping SMA_Cross_sma50, not yet time (every 5m)
2025-04-17 21:27:00 - DEBUG - [trading_loop] [N/A] ⏱ Skipping SMA_Cross_candle, not yet time (every 5m)
2025-04-17 21:27:00 - DEBUG - [trading_loop] [N/A] ⏱ Skipping VWAP_diff_signal_1700_volume, not yet time (every 5m)
2025-04-17 21:27:00 - DEBUG - [trading_loop] [N/A] ⏱ Skipping VWAP_diff_signal_rsi_1700, not yet time (every 5m)
2025-04-17 21:27:00 - INFO - [trading_loop] [N/A] 📊 Updating SL/TP for active orders
2025-04-17 21:27:01 - INFO - [_wait_until_next_iteration] [N/A] ⏳ Sleeping for 58.92 seconds before the next cycle
2025-04-17 21:28:00 - DEBUG - [trading_loop] [N/A] ⏱ Skipping EMA_Cross_ema50, not yet time (every 5m)
2025-04-17 21:28:00 - DEBUG - [trading_loop] [N/A] ⏱ Skipping EMA_Cross_candle, not yet time (every 5m)
2025-04-17 21:28:00 - DEBUG - [trading_loop] [N/A] ⏱ Skipping VWAP_diff_signal_1700, not yet time (every 5m)
2025-04-17 21:28:00 - DEBUG - [trading_loop] [N/A] ⏱ Skipping SMA_Cross_sma50, not yet time (every 5m)
2025-04-17 21:28:00 - DEBUG - [trading_loop] [N/A] ⏱ Skipping SMA_Cross_candle, not yet time (every 5m)
2025-04-17 21:28:00 - DEBUG - [trading_loop] [N/A] ⏱ Skipping VWAP_diff_signal_1700_volume, not yet time (every 5m)
2025-04-17 21:28:00 - DEBUG - [trading_loop] [N/A] ⏱ Skipping VWAP_diff_signal_rsi_1700, not yet time (every 5m)
2025-04-17 21:28:00 - INFO - [trading_loop] [N/A] 📊 Updating SL/TP for active orders
2025-04-17 21:28:01 - INFO - [_wait_until_next_iteration] [N/A] ⏳ Sleeping for 58.93 seconds before the next cycle
2025-04-17 21:29:00 - DEBUG - [trading_loop] [N/A] ⏱ Skipping EMA_Cross_ema50, not yet time (every 5m)
2025-04-17 21:29:00 - DEBUG - [trading_loop] [N/A] ⏱ Skipping EMA_Cross_candle, not yet time (every 5m)
2025-04-17 21:29:00 - DEBUG - [trading_loop] [N/A] ⏱ Skipping VWAP_diff_signal_1700, not yet time (every 5m)
2025-04-17 21:29:00 - DEBUG - [trading_loop] [N/A] ⏱ Skipping SMA_Cross_sma50, not yet time (every 5m)
2025-04-17 21:29:00 - DEBUG - [trading_loop] [N/A] ⏱ Skipping SMA_Cross_candle, not yet time (every 5m)
2025-04-17 21:29:00 - DEBUG - [trading_loop] [N/A] ⏱ Skipping VWAP_diff_signal_1700_volume, not yet time (every 5m)
2025-04-17 21:29:00 - DEBUG - [trading_loop] [N/A] ⏱ Skipping VWAP_diff_signal_rsi_1700, not yet time (every 5m)
2025-04-17 21:29:00 - INFO - [trading_loop] [N/A] 📊 Updating SL/TP for active orders
2025-04-17 21:29:01 - INFO - [_wait_until_next_iteration] [N/A] ⏳ Sleeping for 58.93 seconds before the next cycle
2025-04-17 21:30:00 - INFO - [_run_strategy_if_applicable] [N/A] ⏰ Strategy 'EMA_Cross_ema50' not executed because it's outside the time window: 16:35:00 - 16:50:00
2025-04-17 21:30:00 - INFO - [_run_strategy_if_applicable] [N/A] ⏰ Strategy 'EMA_Cross_candle' not executed because it's outside the time window: 16:35:00 - 16:50:00
2025-04-17 21:30:00 - INFO - [_run_strategy_if_applicable] [N/A] ⏰ Strategy 'VWAP_diff_signal_1700' not executed because it's outside the time window: 17:30:00 - 19:00:00
2025-04-17 21:30:00 - INFO - [_run_strategy_if_applicable] [N/A] ⏰ Strategy 'SMA_Cross_sma50' not executed because it's outside the time window: 16:35:00 - 16:50:00
2025-04-17 21:30:00 - INFO - [_run_strategy_if_applicable] [N/A] ⏰ Strategy 'SMA_Cross_candle' not executed because it's outside the time window: 16:35:00 - 16:50:00
2025-04-17 21:30:00 - INFO - [_run_strategy_if_applicable] [N/A] ⏰ Strategy 'VWAP_diff_signal_1700_volume' not executed because it's outside the time window: 17:30:00 - 19:00:00
2025-04-17 21:30:00 - INFO - [_run_strategy_if_applicable] [N/A] ⏰ Strategy 'VWAP_diff_signal_rsi_1700' not executed because it's outside the time window: 17:30:00 - 19:00:00
2025-04-17 21:30:00 - INFO - [trading_loop] [N/A] 📊 Updating SL/TP for active orders
2025-04-17 21:30:01 - INFO - [_wait_until_next_iteration] [N/A] ⏳ Sleeping for 58.93 seconds before the next cycle
2025-04-17 21:31:00 - DEBUG - [trading_loop] [N/A] ⏱ Skipping EMA_Cross_ema50, not yet time (every 5m)
2025-04-17 21:31:00 - DEBUG - [trading_loop] [N/A] ⏱ Skipping EMA_Cross_candle, not yet time (every 5m)
2025-04-17 21:31:00 - DEBUG - [trading_loop] [N/A] ⏱ Skipping VWAP_diff_signal_1700, not yet time (every 5m)
2025-04-17 21:31:00 - DEBUG - [trading_loop] [N/A] ⏱ Skipping SMA_Cross_sma50, not yet time (every 5m)
2025-04-17 21:31:00 - DEBUG - [trading_loop] [N/A] ⏱ Skipping SMA_Cross_candle, not yet time (every 5m)
2025-04-17 21:31:00 - DEBUG - [trading_loop] [N/A] ⏱ Skipping VWAP_diff_signal_1700_volume, not yet time (every 5m)
2025-04-17 21:31:00 - DEBUG - [trading_loop] [N/A] ⏱ Skipping VWAP_diff_signal_rsi_1700, not yet time (every 5m)
2025-04-17 21:31:00 - INFO - [trading_loop] [N/A] 📊 Updating SL/TP for active orders
2025-04-17 21:31:01 - INFO - [_wait_until_next_iteration] [N/A] ⏳ Sleeping for 58.96 seconds before the next cycle
2025-04-17 21:32:00 - DEBUG - [trading_loop] [N/A] ⏱ Skipping EMA_Cross_ema50, not yet time (every 5m)
2025-04-17 21:32:00 - DEBUG - [trading_loop] [N/A] ⏱ Skipping EMA_Cross_candle, not yet time (every 5m)
2025-04-17 21:32:00 - DEBUG - [trading_loop] [N/A] ⏱ Skipping VWAP_diff_signal_1700, not yet time (every 5m)
2025-04-17 21:32:00 - DEBUG - [trading_loop] [N/A] ⏱ Skipping SMA_Cross_sma50, not yet time (every 5m)
2025-04-17 21:32:00 - DEBUG - [trading_loop] [N/A] ⏱ Skipping SMA_Cross_candle, not yet time (every 5m)
2025-04-17 21:32:00 - DEBUG - [trading_loop] [N/A] ⏱ Skipping VWAP_diff_signal_1700_volume, not yet time (every 5m)
2025-04-17 21:32:00 - DEBUG - [trading_loop] [N/A] ⏱ Skipping VWAP_diff_signal_rsi_1700, not yet time (every 5m)
2025-04-17 21:32:00 - INFO - [trading_loop] [N/A] 📊 Updating SL/TP for active orders
2025-04-17 21:32:01 - INFO - [_wait_until_next_iteration] [N/A] ⏳ Sleeping for 58.97 seconds before the next cycle
2025-04-17 21:33:00 - DEBUG - [trading_loop] [N/A] ⏱ Skipping EMA_Cross_ema50, not yet time (every 5m)
2025-04-17 21:33:00 - DEBUG - [trading_loop] [N/A] ⏱ Skipping EMA_Cross_candle, not yet time (every 5m)
2025-04-17 21:33:00 - DEBUG - [trading_loop] [N/A] ⏱ Skipping VWAP_diff_signal_1700, not yet time (every 5m)
2025-04-17 21:33:00 - DEBUG - [trading_loop] [N/A] ⏱ Skipping SMA_Cross_sma50, not yet time (every 5m)
2025-04-17 21:33:00 - DEBUG - [trading_loop] [N/A] ⏱ Skipping SMA_Cross_candle, not yet time (every 5m)
2025-04-17 21:33:00 - DEBUG - [trading_loop] [N/A] ⏱ Skipping VWAP_diff_signal_1700_volume, not yet time (every 5m)
2025-04-17 21:33:00 - DEBUG - [trading_loop] [N/A] ⏱ Skipping VWAP_diff_signal_rsi_1700, not yet time (every 5m)
2025-04-17 21:33:00 - INFO - [trading_loop] [N/A] 📊 Updating SL/TP for active orders
2025-04-17 21:33:01 - INFO - [_wait_until_next_iteration] [N/A] ⏳ Sleeping for 58.93 seconds before the next cycle
2025-04-17 21:34:00 - DEBUG - [trading_loop] [N/A] ⏱ Skipping EMA_Cross_ema50, not yet time (every 5m)
2025-04-17 21:34:00 - DEBUG - [trading_loop] [N/A] ⏱ Skipping EMA_Cross_candle, not yet time (every 5m)
2025-04-17 21:34:00 - DEBUG - [trading_loop] [N/A] ⏱ Skipping VWAP_diff_signal_1700, not yet time (every 5m)
2025-04-17 21:34:00 - DEBUG - [trading_loop] [N/A] ⏱ Skipping SMA_Cross_sma50, not yet time (every 5m)
2025-04-17 21:34:00 - DEBUG - [trading_loop] [N/A] ⏱ Skipping SMA_Cross_candle, not yet time (every 5m)
2025-04-17 21:34:00 - DEBUG - [trading_loop] [N/A] ⏱ Skipping VWAP_diff_signal_1700_volume, not yet time (every 5m)
2025-04-17 21:34:00 - DEBUG - [trading_loop] [N/A] ⏱ Skipping VWAP_diff_signal_rsi_1700, not yet time (every 5m)
2025-04-17 21:34:00 - INFO - [trading_loop] [N/A] 📊 Updating SL/TP for active orders
2025-04-17 21:34:01 - INFO - [_wait_until_next_iteration] [N/A] ⏳ Sleeping for 58.94 seconds before the next cycle
2025-04-17 21:35:00 - INFO - [_run_strategy_if_applicable] [N/A] ⏰ Strategy 'EMA_Cross_ema50' not executed because it's outside the time window: 16:35:00 - 16:50:00
2025-04-17 21:35:00 - INFO - [_run_strategy_if_applicable] [N/A] ⏰ Strategy 'EMA_Cross_candle' not executed because it's outside the time window: 16:35:00 - 16:50:00
2025-04-17 21:35:00 - INFO - [_run_strategy_if_applicable] [N/A] ⏰ Strategy 'VWAP_diff_signal_1700' not executed because it's outside the time window: 17:30:00 - 19:00:00
2025-04-17 21:35:00 - INFO - [_run_strategy_if_applicable] [N/A] ⏰ Strategy 'SMA_Cross_sma50' not executed because it's outside the time window: 16:35:00 - 16:50:00
2025-04-17 21:35:00 - INFO - [_run_strategy_if_applicable] [N/A] ⏰ Strategy 'SMA_Cross_candle' not executed because it's outside the time window: 16:35:00 - 16:50:00
2025-04-17 21:35:00 - INFO - [_run_strategy_if_applicable] [N/A] ⏰ Strategy 'VWAP_diff_signal_1700_volume' not executed because it's outside the time window: 17:30:00 - 19:00:00
2025-04-17 21:35:00 - INFO - [_run_strategy_if_applicable] [N/A] ⏰ Strategy 'VWAP_diff_signal_rsi_1700' not executed because it's outside the time window: 17:30:00 - 19:00:00
2025-04-17 21:35:00 - INFO - [trading_loop] [N/A] 📊 Updating SL/TP for active orders
2025-04-17 21:35:01 - INFO - [_wait_until_next_iteration] [N/A] ⏳ Sleeping for 58.95 seconds before the next cycle
2025-04-17 21:36:00 - DEBUG - [trading_loop] [N/A] ⏱ Skipping EMA_Cross_ema50, not yet time (every 5m)
2025-04-17 21:36:00 - DEBUG - [trading_loop] [N/A] ⏱ Skipping EMA_Cross_candle, not yet time (every 5m)
2025-04-17 21:36:00 - DEBUG - [trading_loop] [N/A] ⏱ Skipping VWAP_diff_signal_1700, not yet time (every 5m)
2025-04-17 21:36:00 - DEBUG - [trading_loop] [N/A] ⏱ Skipping SMA_Cross_sma50, not yet time (every 5m)
2025-04-17 21:36:00 - DEBUG - [trading_loop] [N/A] ⏱ Skipping SMA_Cross_candle, not yet time (every 5m)
2025-04-17 21:36:00 - DEBUG - [trading_loop] [N/A] ⏱ Skipping VWAP_diff_signal_1700_volume, not yet time (every 5m)
2025-04-17 21:36:00 - DEBUG - [trading_loop] [N/A] ⏱ Skipping VWAP_diff_signal_rsi_1700, not yet time (every 5m)
2025-04-17 21:36:00 - INFO - [trading_loop] [N/A] 📊 Updating SL/TP for active orders
2025-04-17 21:36:01 - INFO - [_wait_until_next_iteration] [N/A] ⏳ Sleeping for 58.92 seconds before the next cycle
2025-04-17 21:37:00 - DEBUG - [trading_loop] [N/A] ⏱ Skipping EMA_Cross_ema50, not yet time (every 5m)
2025-04-17 21:37:00 - DEBUG - [trading_loop] [N/A] ⏱ Skipping EMA_Cross_candle, not yet time (every 5m)
2025-04-17 21:37:00 - DEBUG - [trading_loop] [N/A] ⏱ Skipping VWAP_diff_signal_1700, not yet time (every 5m)
2025-04-17 21:37:00 - DEBUG - [trading_loop] [N/A] ⏱ Skipping SMA_Cross_sma50, not yet time (every 5m)
2025-04-17 21:37:00 - DEBUG - [trading_loop] [N/A] ⏱ Skipping SMA_Cross_candle, not yet time (every 5m)
2025-04-17 21:37:00 - DEBUG - [trading_loop] [N/A] ⏱ Skipping VWAP_diff_signal_1700_volume, not yet time (every 5m)
2025-04-17 21:37:00 - DEBUG - [trading_loop] [N/A] ⏱ Skipping VWAP_diff_signal_rsi_1700, not yet time (every 5m)
2025-04-17 21:37:00 - INFO - [trading_loop] [N/A] 📊 Updating SL/TP for active orders
2025-04-17 21:37:01 - INFO - [_wait_until_next_iteration] [N/A] ⏳ Sleeping for 58.93 seconds before the next cycle
2025-04-17 21:38:00 - DEBUG - [trading_loop] [N/A] ⏱ Skipping EMA_Cross_ema50, not yet time (every 5m)
2025-04-17 21:38:00 - DEBUG - [trading_loop] [N/A] ⏱ Skipping EMA_Cross_candle, not yet time (every 5m)
2025-04-17 21:38:00 - DEBUG - [trading_loop] [N/A] ⏱ Skipping VWAP_diff_signal_1700, not yet time (every 5m)
2025-04-17 21:38:00 - DEBUG - [trading_loop] [N/A] ⏱ Skipping SMA_Cross_sma50, not yet time (every 5m)
2025-04-17 21:38:00 - DEBUG - [trading_loop] [N/A] ⏱ Skipping SMA_Cross_candle, not yet time (every 5m)
2025-04-17 21:38:00 - DEBUG - [trading_loop] [N/A] ⏱ Skipping VWAP_diff_signal_1700_volume, not yet time (every 5m)
2025-04-17 21:38:00 - DEBUG - [trading_loop] [N/A] ⏱ Skipping VWAP_diff_signal_rsi_1700, not yet time (every 5m)
2025-04-17 21:38:00 - INFO - [trading_loop] [N/A] 📊 Updating SL/TP for active orders
2025-04-17 21:38:01 - INFO - [_wait_until_next_iteration] [N/A] ⏳ Sleeping for 58.94 seconds before the next cycle
2025-04-17 21:39:00 - DEBUG - [trading_loop] [N/A] ⏱ Skipping EMA_Cross_ema50, not yet time (every 5m)
2025-04-17 21:39:00 - DEBUG - [trading_loop] [N/A] ⏱ Skipping EMA_Cross_candle, not yet time (every 5m)
2025-04-17 21:39:00 - DEBUG - [trading_loop] [N/A] ⏱ Skipping VWAP_diff_signal_1700, not yet time (every 5m)
2025-04-17 21:39:00 - DEBUG - [trading_loop] [N/A] ⏱ Skipping SMA_Cross_sma50, not yet time (every 5m)
2025-04-17 21:39:00 - DEBUG - [trading_loop] [N/A] ⏱ Skipping SMA_Cross_candle, not yet time (every 5m)
2025-04-17 21:39:00 - DEBUG - [trading_loop] [N/A] ⏱ Skipping VWAP_diff_signal_1700_volume, not yet time (every 5m)
2025-04-17 21:39:00 - DEBUG - [trading_loop] [N/A] ⏱ Skipping VWAP_diff_signal_rsi_1700, not yet time (every 5m)
2025-04-17 21:39:00 - INFO - [trading_loop] [N/A] 📊 Updating SL/TP for active orders
2025-04-17 21:39:01 - INFO - [_wait_until_next_iteration] [N/A] ⏳ Sleeping for 58.93 seconds before the next cycle
2025-04-17 21:40:00 - INFO - [_run_strategy_if_applicable] [N/A] ⏰ Strategy 'EMA_Cross_ema50' not executed because it's outside the time window: 16:35:00 - 16:50:00
2025-04-17 21:40:00 - INFO - [_run_strategy_if_applicable] [N/A] ⏰ Strategy 'EMA_Cross_candle' not executed because it's outside the time window: 16:35:00 - 16:50:00
2025-04-17 21:40:00 - INFO - [_run_strategy_if_applicable] [N/A] ⏰ Strategy 'VWAP_diff_signal_1700' not executed because it's outside the time window: 17:30:00 - 19:00:00
2025-04-17 21:40:00 - INFO - [_run_strategy_if_applicable] [N/A] ⏰ Strategy 'SMA_Cross_sma50' not executed because it's outside the time window: 16:35:00 - 16:50:00
2025-04-17 21:40:00 - INFO - [_run_strategy_if_applicable] [N/A] ⏰ Strategy 'SMA_Cross_candle' not executed because it's outside the time window: 16:35:00 - 16:50:00
2025-04-17 21:40:00 - INFO - [_run_strategy_if_applicable] [N/A] ⏰ Strategy 'VWAP_diff_signal_1700_volume' not executed because it's outside the time window: 17:30:00 - 19:00:00
2025-04-17 21:40:00 - INFO - [_run_strategy_if_applicable] [N/A] ⏰ Strategy 'VWAP_diff_signal_rsi_1700' not executed because it's outside the time window: 17:30:00 - 19:00:00
2025-04-17 21:40:00 - INFO - [trading_loop] [N/A] 📊 Updating SL/TP for active orders
2025-04-17 21:40:01 - INFO - [_wait_until_next_iteration] [N/A] ⏳ Sleeping for 58.92 seconds before the next cycle
2025-04-17 21:41:00 - DEBUG - [trading_loop] [N/A] ⏱ Skipping EMA_Cross_ema50, not yet time (every 5m)
2025-04-17 21:41:00 - DEBUG - [trading_loop] [N/A] ⏱ Skipping EMA_Cross_candle, not yet time (every 5m)
2025-04-17 21:41:00 - DEBUG - [trading_loop] [N/A] ⏱ Skipping VWAP_diff_signal_1700, not yet time (every 5m)
2025-04-17 21:41:00 - DEBUG - [trading_loop] [N/A] ⏱ Skipping SMA_Cross_sma50, not yet time (every 5m)
2025-04-17 21:41:00 - DEBUG - [trading_loop] [N/A] ⏱ Skipping SMA_Cross_candle, not yet time (every 5m)
2025-04-17 21:41:00 - DEBUG - [trading_loop] [N/A] ⏱ Skipping VWAP_diff_signal_1700_volume, not yet time (every 5m)
2025-04-17 21:41:00 - DEBUG - [trading_loop] [N/A] ⏱ Skipping VWAP_diff_signal_rsi_1700, not yet time (every 5m)
2025-04-17 21:41:00 - INFO - [trading_loop] [N/A] 📊 Updating SL/TP for active orders
2025-04-17 21:41:01 - INFO - [_wait_until_next_iteration] [N/A] ⏳ Sleeping for 58.93 seconds before the next cycle
2025-04-17 21:42:00 - DEBUG - [trading_loop] [N/A] ⏱ Skipping EMA_Cross_ema50, not yet time (every 5m)
2025-04-17 21:42:00 - DEBUG - [trading_loop] [N/A] ⏱ Skipping EMA_Cross_candle, not yet time (every 5m)
2025-04-17 21:42:00 - DEBUG - [trading_loop] [N/A] ⏱ Skipping VWAP_diff_signal_1700, not yet time (every 5m)
2025-04-17 21:42:00 - DEBUG - [trading_loop] [N/A] ⏱ Skipping SMA_Cross_sma50, not yet time (every 5m)
2025-04-17 21:42:00 - DEBUG - [trading_loop] [N/A] ⏱ Skipping SMA_Cross_candle, not yet time (every 5m)
2025-04-17 21:42:00 - DEBUG - [trading_loop] [N/A] ⏱ Skipping VWAP_diff_signal_1700_volume, not yet time (every 5m)
2025-04-17 21:42:00 - DEBUG - [trading_loop] [N/A] ⏱ Skipping VWAP_diff_signal_rsi_1700, not yet time (every 5m)
2025-04-17 21:42:00 - INFO - [trading_loop] [N/A] 📊 Updating SL/TP for active orders
2025-04-17 21:42:01 - INFO - [_wait_until_next_iteration] [N/A] ⏳ Sleeping for 58.93 seconds before the next cycle
2025-04-17 21:43:00 - DEBUG - [trading_loop] [N/A] ⏱ Skipping EMA_Cross_ema50, not yet time (every 5m)
2025-04-17 21:43:00 - DEBUG - [trading_loop] [N/A] ⏱ Skipping EMA_Cross_candle, not yet time (every 5m)
2025-04-17 21:43:00 - DEBUG - [trading_loop] [N/A] ⏱ Skipping VWAP_diff_signal_1700, not yet time (every 5m)
2025-04-17 21:43:00 - DEBUG - [trading_loop] [N/A] ⏱ Skipping SMA_Cross_sma50, not yet time (every 5m)
2025-04-17 21:43:00 - DEBUG - [trading_loop] [N/A] ⏱ Skipping SMA_Cross_candle, not yet time (every 5m)
2025-04-17 21:43:00 - DEBUG - [trading_loop] [N/A] ⏱ Skipping VWAP_diff_signal_1700_volume, not yet time (every 5m)
2025-04-17 21:43:00 - DEBUG - [trading_loop] [N/A] ⏱ Skipping VWAP_diff_signal_rsi_1700, not yet time (every 5m)
2025-04-17 21:43:00 - INFO - [trading_loop] [N/A] 📊 Updating SL/TP for active orders
2025-04-17 21:43:01 - INFO - [_wait_until_next_iteration] [N/A] ⏳ Sleeping for 58.93 seconds before the next cycle
2025-04-17 21:44:00 - DEBUG - [trading_loop] [N/A] ⏱ Skipping EMA_Cross_ema50, not yet time (every 5m)
2025-04-17 21:44:00 - DEBUG - [trading_loop] [N/A] ⏱ Skipping EMA_Cross_candle, not yet time (every 5m)
2025-04-17 21:44:00 - DEBUG - [trading_loop] [N/A] ⏱ Skipping VWAP_diff_signal_1700, not yet time (every 5m)
2025-04-17 21:44:00 - DEBUG - [trading_loop] [N/A] ⏱ Skipping SMA_Cross_sma50, not yet time (every 5m)
2025-04-17 21:44:00 - DEBUG - [trading_loop] [N/A] ⏱ Skipping SMA_Cross_candle, not yet time (every 5m)
2025-04-17 21:44:00 - DEBUG - [trading_loop] [N/A] ⏱ Skipping VWAP_diff_signal_1700_volume, not yet time (every 5m)
2025-04-17 21:44:00 - DEBUG - [trading_loop] [N/A] ⏱ Skipping VWAP_diff_signal_rsi_1700, not yet time (every 5m)
2025-04-17 21:44:00 - INFO - [trading_loop] [N/A] 📊 Updating SL/TP for active orders
2025-04-17 21:44:01 - INFO - [_wait_until_next_iteration] [N/A] ⏳ Sleeping for 58.93 seconds before the next cycle
2025-04-17 21:45:00 - INFO - [_run_strategy_if_applicable] [N/A] ⏰ Strategy 'EMA_Cross_ema50' not executed because it's outside the time window: 16:35:00 - 16:50:00
2025-04-17 21:45:00 - INFO - [_run_strategy_if_applicable] [N/A] ⏰ Strategy 'EMA_Cross_candle' not executed because it's outside the time window: 16:35:00 - 16:50:00
2025-04-17 21:45:00 - INFO - [_run_strategy_if_applicable] [N/A] ⏰ Strategy 'VWAP_diff_signal_1700' not executed because it's outside the time window: 17:30:00 - 19:00:00
2025-04-17 21:45:00 - INFO - [_run_strategy_if_applicable] [N/A] ⏰ Strategy 'SMA_Cross_sma50' not executed because it's outside the time window: 16:35:00 - 16:50:00
2025-04-17 21:45:00 - INFO - [_run_strategy_if_applicable] [N/A] ⏰ Strategy 'SMA_Cross_candle' not executed because it's outside the time window: 16:35:00 - 16:50:00
2025-04-17 21:45:00 - INFO - [_run_strategy_if_applicable] [N/A] ⏰ Strategy 'VWAP_diff_signal_1700_volume' not executed because it's outside the time window: 17:30:00 - 19:00:00
2025-04-17 21:45:00 - INFO - [_run_strategy_if_applicable] [N/A] ⏰ Strategy 'VWAP_diff_signal_rsi_1700' not executed because it's outside the time window: 17:30:00 - 19:00:00
2025-04-17 21:45:00 - INFO - [trading_loop] [N/A] 📊 Updating SL/TP for active orders
2025-04-17 21:45:01 - INFO - [_wait_until_next_iteration] [N/A] ⏳ Sleeping for 58.93 seconds before the next cycle
2025-04-17 21:46:00 - DEBUG - [trading_loop] [N/A] ⏱ Skipping EMA_Cross_ema50, not yet time (every 5m)
2025-04-17 21:46:00 - DEBUG - [trading_loop] [N/A] ⏱ Skipping EMA_Cross_candle, not yet time (every 5m)
2025-04-17 21:46:00 - DEBUG - [trading_loop] [N/A] ⏱ Skipping VWAP_diff_signal_1700, not yet time (every 5m)
2025-04-17 21:46:00 - DEBUG - [trading_loop] [N/A] ⏱ Skipping SMA_Cross_sma50, not yet time (every 5m)
2025-04-17 21:46:00 - DEBUG - [trading_loop] [N/A] ⏱ Skipping SMA_Cross_candle, not yet time (every 5m)
2025-04-17 21:46:00 - DEBUG - [trading_loop] [N/A] ⏱ Skipping VWAP_diff_signal_1700_volume, not yet time (every 5m)
2025-04-17 21:46:00 - DEBUG - [trading_loop] [N/A] ⏱ Skipping VWAP_diff_signal_rsi_1700, not yet time (every 5m)
2025-04-17 21:46:00 - INFO - [trading_loop] [N/A] 📊 Updating SL/TP for active orders
2025-04-17 21:46:01 - INFO - [_wait_until_next_iteration] [N/A] ⏳ Sleeping for 58.93 seconds before the next cycle
2025-04-17 21:47:00 - DEBUG - [trading_loop] [N/A] ⏱ Skipping EMA_Cross_ema50, not yet time (every 5m)
2025-04-17 21:47:00 - DEBUG - [trading_loop] [N/A] ⏱ Skipping EMA_Cross_candle, not yet time (every 5m)
2025-04-17 21:47:00 - DEBUG - [trading_loop] [N/A] ⏱ Skipping VWAP_diff_signal_1700, not yet time (every 5m)
2025-04-17 21:47:00 - DEBUG - [trading_loop] [N/A] ⏱ Skipping SMA_Cross_sma50, not yet time (every 5m)
2025-04-17 21:47:00 - DEBUG - [trading_loop] [N/A] ⏱ Skipping SMA_Cross_candle, not yet time (every 5m)
2025-04-17 21:47:00 - DEBUG - [trading_loop] [N/A] ⏱ Skipping VWAP_diff_signal_1700_volume, not yet time (every 5m)
2025-04-17 21:47:00 - DEBUG - [trading_loop] [N/A] ⏱ Skipping VWAP_diff_signal_rsi_1700, not yet time (every 5m)
2025-04-17 21:47:00 - INFO - [trading_loop] [N/A] 📊 Updating SL/TP for active orders
2025-04-17 21:47:01 - INFO - [_wait_until_next_iteration] [N/A] ⏳ Sleeping for 58.93 seconds before the next cycle
2025-04-17 21:48:00 - DEBUG - [trading_loop] [N/A] ⏱ Skipping EMA_Cross_ema50, not yet time (every 5m)
2025-04-17 21:48:00 - DEBUG - [trading_loop] [N/A] ⏱ Skipping EMA_Cross_candle, not yet time (every 5m)
2025-04-17 21:48:00 - DEBUG - [trading_loop] [N/A] ⏱ Skipping VWAP_diff_signal_1700, not yet time (every 5m)
2025-04-17 21:48:00 - DEBUG - [trading_loop] [N/A] ⏱ Skipping SMA_Cross_sma50, not yet time (every 5m)
2025-04-17 21:48:00 - DEBUG - [trading_loop] [N/A] ⏱ Skipping SMA_Cross_candle, not yet time (every 5m)
2025-04-17 21:48:00 - DEBUG - [trading_loop] [N/A] ⏱ Skipping VWAP_diff_signal_1700_volume, not yet time (every 5m)
2025-04-17 21:48:00 - DEBUG - [trading_loop] [N/A] ⏱ Skipping VWAP_diff_signal_rsi_1700, not yet time (every 5m)
2025-04-17 21:48:00 - INFO - [trading_loop] [N/A] 📊 Updating SL/TP for active orders
2025-04-17 21:48:01 - INFO - [_wait_until_next_iteration] [N/A] ⏳ Sleeping for 58.93 seconds before the next cycle
2025-04-17 21:49:00 - DEBUG - [trading_loop] [N/A] ⏱ Skipping EMA_Cross_ema50, not yet time (every 5m)
2025-04-17 21:49:00 - DEBUG - [trading_loop] [N/A] ⏱ Skipping EMA_Cross_candle, not yet time (every 5m)
2025-04-17 21:49:00 - DEBUG - [trading_loop] [N/A] ⏱ Skipping VWAP_diff_signal_1700, not yet time (every 5m)
2025-04-17 21:49:00 - DEBUG - [trading_loop] [N/A] ⏱ Skipping SMA_Cross_sma50, not yet time (every 5m)
2025-04-17 21:49:00 - DEBUG - [trading_loop] [N/A] ⏱ Skipping SMA_Cross_candle, not yet time (every 5m)
2025-04-17 21:49:00 - DEBUG - [trading_loop] [N/A] ⏱ Skipping VWAP_diff_signal_1700_volume, not yet time (every 5m)
2025-04-17 21:49:00 - DEBUG - [trading_loop] [N/A] ⏱ Skipping VWAP_diff_signal_rsi_1700, not yet time (every 5m)
2025-04-17 21:49:00 - INFO - [trading_loop] [N/A] 📊 Updating SL/TP for active orders
2025-04-17 21:49:01 - INFO - [_wait_until_next_iteration] [N/A] ⏳ Sleeping for 58.95 seconds before the next cycle
2025-04-17 21:50:00 - INFO - [_run_strategy_if_applicable] [N/A] ⏰ Strategy 'EMA_Cross_ema50' not executed because it's outside the time window: 16:35:00 - 16:50:00
2025-04-17 21:50:00 - INFO - [_run_strategy_if_applicable] [N/A] ⏰ Strategy 'EMA_Cross_candle' not executed because it's outside the time window: 16:35:00 - 16:50:00
2025-04-17 21:50:00 - INFO - [_run_strategy_if_applicable] [N/A] ⏰ Strategy 'VWAP_diff_signal_1700' not executed because it's outside the time window: 17:30:00 - 19:00:00
2025-04-17 21:50:00 - INFO - [_run_strategy_if_applicable] [N/A] ⏰ Strategy 'SMA_Cross_sma50' not executed because it's outside the time window: 16:35:00 - 16:50:00
2025-04-17 21:50:00 - INFO - [_run_strategy_if_applicable] [N/A] ⏰ Strategy 'SMA_Cross_candle' not executed because it's outside the time window: 16:35:00 - 16:50:00
2025-04-17 21:50:00 - INFO - [_run_strategy_if_applicable] [N/A] ⏰ Strategy 'VWAP_diff_signal_1700_volume' not executed because it's outside the time window: 17:30:00 - 19:00:00
2025-04-17 21:50:00 - INFO - [_run_strategy_if_applicable] [N/A] ⏰ Strategy 'VWAP_diff_signal_rsi_1700' not executed because it's outside the time window: 17:30:00 - 19:00:00
2025-04-17 21:50:00 - INFO - [trading_loop] [N/A] 📊 Updating SL/TP for active orders
2025-04-17 21:50:01 - INFO - [_wait_until_next_iteration] [N/A] ⏳ Sleeping for 58.94 seconds before the next cycle
2025-04-17 21:51:00 - DEBUG - [trading_loop] [N/A] ⏱ Skipping EMA_Cross_ema50, not yet time (every 5m)
2025-04-17 21:51:00 - DEBUG - [trading_loop] [N/A] ⏱ Skipping EMA_Cross_candle, not yet time (every 5m)
2025-04-17 21:51:00 - DEBUG - [trading_loop] [N/A] ⏱ Skipping VWAP_diff_signal_1700, not yet time (every 5m)
2025-04-17 21:51:00 - DEBUG - [trading_loop] [N/A] ⏱ Skipping SMA_Cross_sma50, not yet time (every 5m)
2025-04-17 21:51:00 - DEBUG - [trading_loop] [N/A] ⏱ Skipping SMA_Cross_candle, not yet time (every 5m)
2025-04-17 21:51:00 - DEBUG - [trading_loop] [N/A] ⏱ Skipping VWAP_diff_signal_1700_volume, not yet time (every 5m)
2025-04-17 21:51:00 - DEBUG - [trading_loop] [N/A] ⏱ Skipping VWAP_diff_signal_rsi_1700, not yet time (every 5m)
2025-04-17 21:51:00 - INFO - [trading_loop] [N/A] 📊 Updating SL/TP for active orders
2025-04-17 21:51:01 - INFO - [_wait_until_next_iteration] [N/A] ⏳ Sleeping for 58.93 seconds before the next cycle
2025-04-17 21:52:00 - DEBUG - [trading_loop] [N/A] ⏱ Skipping EMA_Cross_ema50, not yet time (every 5m)
2025-04-17 21:52:00 - DEBUG - [trading_loop] [N/A] ⏱ Skipping EMA_Cross_candle, not yet time (every 5m)
2025-04-17 21:52:00 - DEBUG - [trading_loop] [N/A] ⏱ Skipping VWAP_diff_signal_1700, not yet time (every 5m)
2025-04-17 21:52:00 - DEBUG - [trading_loop] [N/A] ⏱ Skipping SMA_Cross_sma50, not yet time (every 5m)
2025-04-17 21:52:00 - DEBUG - [trading_loop] [N/A] ⏱ Skipping SMA_Cross_candle, not yet time (every 5m)
2025-04-17 21:52:00 - DEBUG - [trading_loop] [N/A] ⏱ Skipping VWAP_diff_signal_1700_volume, not yet time (every 5m)
2025-04-17 21:52:00 - DEBUG - [trading_loop] [N/A] ⏱ Skipping VWAP_diff_signal_rsi_1700, not yet time (every 5m)
2025-04-17 21:52:00 - INFO - [trading_loop] [N/A] 📊 Updating SL/TP for active orders
2025-04-17 21:52:01 - INFO - [_wait_until_next_iteration] [N/A] ⏳ Sleeping for 58.95 seconds before the next cycle
2025-04-17 21:53:00 - DEBUG - [trading_loop] [N/A] ⏱ Skipping EMA_Cross_ema50, not yet time (every 5m)
2025-04-17 21:53:00 - DEBUG - [trading_loop] [N/A] ⏱ Skipping EMA_Cross_candle, not yet time (every 5m)
2025-04-17 21:53:00 - DEBUG - [trading_loop] [N/A] ⏱ Skipping VWAP_diff_signal_1700, not yet time (every 5m)
2025-04-17 21:53:00 - DEBUG - [trading_loop] [N/A] ⏱ Skipping SMA_Cross_sma50, not yet time (every 5m)
2025-04-17 21:53:00 - DEBUG - [trading_loop] [N/A] ⏱ Skipping SMA_Cross_candle, not yet time (every 5m)
2025-04-17 21:53:00 - DEBUG - [trading_loop] [N/A] ⏱ Skipping VWAP_diff_signal_1700_volume, not yet time (every 5m)
2025-04-17 21:53:00 - DEBUG - [trading_loop] [N/A] ⏱ Skipping VWAP_diff_signal_rsi_1700, not yet time (every 5m)
2025-04-17 21:53:00 - INFO - [trading_loop] [N/A] 📊 Updating SL/TP for active orders
2025-04-17 21:53:01 - INFO - [_wait_until_next_iteration] [N/A] ⏳ Sleeping for 58.93 seconds before the next cycle
2025-04-17 21:54:00 - DEBUG - [trading_loop] [N/A] ⏱ Skipping EMA_Cross_ema50, not yet time (every 5m)
2025-04-17 21:54:00 - DEBUG - [trading_loop] [N/A] ⏱ Skipping EMA_Cross_candle, not yet time (every 5m)
2025-04-17 21:54:00 - DEBUG - [trading_loop] [N/A] ⏱ Skipping VWAP_diff_signal_1700, not yet time (every 5m)
2025-04-17 21:54:00 - DEBUG - [trading_loop] [N/A] ⏱ Skipping SMA_Cross_sma50, not yet time (every 5m)
2025-04-17 21:54:00 - DEBUG - [trading_loop] [N/A] ⏱ Skipping SMA_Cross_candle, not yet time (every 5m)
2025-04-17 21:54:00 - DEBUG - [trading_loop] [N/A] ⏱ Skipping VWAP_diff_signal_1700_volume, not yet time (every 5m)
2025-04-17 21:54:00 - DEBUG - [trading_loop] [N/A] ⏱ Skipping VWAP_diff_signal_rsi_1700, not yet time (every 5m)
2025-04-17 21:54:00 - INFO - [trading_loop] [N/A] 📊 Updating SL/TP for active orders
2025-04-17 21:54:01 - INFO - [_wait_until_next_iteration] [N/A] ⏳ Sleeping for 58.93 seconds before the next cycle
2025-04-17 21:55:00 - INFO - [_run_strategy_if_applicable] [N/A] ⏰ Strategy 'EMA_Cross_ema50' not executed because it's outside the time window: 16:35:00 - 16:50:00
2025-04-17 21:55:00 - INFO - [_run_strategy_if_applicable] [N/A] ⏰ Strategy 'EMA_Cross_candle' not executed because it's outside the time window: 16:35:00 - 16:50:00
2025-04-17 21:55:00 - INFO - [_run_strategy_if_applicable] [N/A] ⏰ Strategy 'VWAP_diff_signal_1700' not executed because it's outside the time window: 17:30:00 - 19:00:00
2025-04-17 21:55:00 - INFO - [_run_strategy_if_applicable] [N/A] ⏰ Strategy 'SMA_Cross_sma50' not executed because it's outside the time window: 16:35:00 - 16:50:00
2025-04-17 21:55:00 - INFO - [_run_strategy_if_applicable] [N/A] ⏰ Strategy 'SMA_Cross_candle' not executed because it's outside the time window: 16:35:00 - 16:50:00
2025-04-17 21:55:00 - INFO - [_run_strategy_if_applicable] [N/A] ⏰ Strategy 'VWAP_diff_signal_1700_volume' not executed because it's outside the time window: 17:30:00 - 19:00:00
2025-04-17 21:55:00 - INFO - [_run_strategy_if_applicable] [N/A] ⏰ Strategy 'VWAP_diff_signal_rsi_1700' not executed because it's outside the time window: 17:30:00 - 19:00:00
2025-04-17 21:55:00 - INFO - [trading_loop] [N/A] 📊 Updating SL/TP for active orders
2025-04-17 21:55:01 - INFO - [_wait_until_next_iteration] [N/A] ⏳ Sleeping for 58.93 seconds before the next cycle
2025-04-17 21:56:00 - DEBUG - [trading_loop] [N/A] ⏱ Skipping EMA_Cross_ema50, not yet time (every 5m)
2025-04-17 21:56:00 - DEBUG - [trading_loop] [N/A] ⏱ Skipping EMA_Cross_candle, not yet time (every 5m)
2025-04-17 21:56:00 - DEBUG - [trading_loop] [N/A] ⏱ Skipping VWAP_diff_signal_1700, not yet time (every 5m)
2025-04-17 21:56:00 - DEBUG - [trading_loop] [N/A] ⏱ Skipping SMA_Cross_sma50, not yet time (every 5m)
2025-04-17 21:56:00 - DEBUG - [trading_loop] [N/A] ⏱ Skipping SMA_Cross_candle, not yet time (every 5m)
2025-04-17 21:56:00 - DEBUG - [trading_loop] [N/A] ⏱ Skipping VWAP_diff_signal_1700_volume, not yet time (every 5m)
2025-04-17 21:56:00 - DEBUG - [trading_loop] [N/A] ⏱ Skipping VWAP_diff_signal_rsi_1700, not yet time (every 5m)
2025-04-17 21:56:00 - INFO - [trading_loop] [N/A] 📊 Updating SL/TP for active orders
2025-04-17 21:56:01 - INFO - [_wait_until_next_iteration] [N/A] ⏳ Sleeping for 58.93 seconds before the next cycle
2025-04-17 21:57:00 - DEBUG - [trading_loop] [N/A] ⏱ Skipping EMA_Cross_ema50, not yet time (every 5m)
2025-04-17 21:57:00 - DEBUG - [trading_loop] [N/A] ⏱ Skipping EMA_Cross_candle, not yet time (every 5m)
2025-04-17 21:57:00 - DEBUG - [trading_loop] [N/A] ⏱ Skipping VWAP_diff_signal_1700, not yet time (every 5m)
2025-04-17 21:57:00 - DEBUG - [trading_loop] [N/A] ⏱ Skipping SMA_Cross_sma50, not yet time (every 5m)
2025-04-17 21:57:00 - DEBUG - [trading_loop] [N/A] ⏱ Skipping SMA_Cross_candle, not yet time (every 5m)
2025-04-17 21:57:00 - DEBUG - [trading_loop] [N/A] ⏱ Skipping VWAP_diff_signal_1700_volume, not yet time (every 5m)
2025-04-17 21:57:00 - DEBUG - [trading_loop] [N/A] ⏱ Skipping VWAP_diff_signal_rsi_1700, not yet time (every 5m)
2025-04-17 21:57:00 - INFO - [trading_loop] [N/A] 📊 Updating SL/TP for active orders
2025-04-17 21:57:01 - INFO - [_wait_until_next_iteration] [N/A] ⏳ Sleeping for 58.96 seconds before the next cycle
2025-04-17 21:58:00 - DEBUG - [trading_loop] [N/A] ⏱ Skipping EMA_Cross_ema50, not yet time (every 5m)
2025-04-17 21:58:00 - DEBUG - [trading_loop] [N/A] ⏱ Skipping EMA_Cross_candle, not yet time (every 5m)
2025-04-17 21:58:00 - DEBUG - [trading_loop] [N/A] ⏱ Skipping VWAP_diff_signal_1700, not yet time (every 5m)
2025-04-17 21:58:00 - DEBUG - [trading_loop] [N/A] ⏱ Skipping SMA_Cross_sma50, not yet time (every 5m)
2025-04-17 21:58:00 - DEBUG - [trading_loop] [N/A] ⏱ Skipping SMA_Cross_candle, not yet time (every 5m)
2025-04-17 21:58:00 - DEBUG - [trading_loop] [N/A] ⏱ Skipping VWAP_diff_signal_1700_volume, not yet time (every 5m)
2025-04-17 21:58:00 - DEBUG - [trading_loop] [N/A] ⏱ Skipping VWAP_diff_signal_rsi_1700, not yet time (every 5m)
2025-04-17 21:58:00 - INFO - [trading_loop] [N/A] 📊 Updating SL/TP for active orders
2025-04-17 21:58:01 - INFO - [_wait_until_next_iteration] [N/A] ⏳ Sleeping for 58.94 seconds before the next cycle
2025-04-17 21:59:00 - DEBUG - [trading_loop] [N/A] ⏱ Skipping EMA_Cross_ema50, not yet time (every 5m)
2025-04-17 21:59:00 - DEBUG - [trading_loop] [N/A] ⏱ Skipping EMA_Cross_candle, not yet time (every 5m)
2025-04-17 21:59:00 - DEBUG - [trading_loop] [N/A] ⏱ Skipping VWAP_diff_signal_1700, not yet time (every 5m)
2025-04-17 21:59:00 - DEBUG - [trading_loop] [N/A] ⏱ Skipping SMA_Cross_sma50, not yet time (every 5m)
2025-04-17 21:59:00 - DEBUG - [trading_loop] [N/A] ⏱ Skipping SMA_Cross_candle, not yet time (every 5m)
2025-04-17 21:59:00 - DEBUG - [trading_loop] [N/A] ⏱ Skipping VWAP_diff_signal_1700_volume, not yet time (every 5m)
2025-04-17 21:59:00 - DEBUG - [trading_loop] [N/A] ⏱ Skipping VWAP_diff_signal_rsi_1700, not yet time (every 5m)
2025-04-17 21:59:00 - INFO - [trading_loop] [N/A] 📊 Updating SL/TP for active orders
2025-04-17 21:59:01 - INFO - [_wait_until_next_iteration] [N/A] ⏳ Sleeping for 58.93 seconds before the next cycle
2025-04-17 22:00:00 - INFO - [_run_strategy_if_applicable] [N/A] ⏰ Strategy 'EMA_Cross_ema50' not executed because it's outside the time window: 16:35:00 - 16:50:00
2025-04-17 22:00:00 - INFO - [_run_strategy_if_applicable] [N/A] ⏰ Strategy 'EMA_Cross_candle' not executed because it's outside the time window: 16:35:00 - 16:50:00
2025-04-17 22:00:00 - INFO - [_run_strategy_if_applicable] [N/A] ⏰ Strategy 'VWAP_diff_signal_1700' not executed because it's outside the time window: 17:30:00 - 19:00:00
2025-04-17 22:00:00 - INFO - [_run_strategy_if_applicable] [N/A] ⏰ Strategy 'SMA_Cross_sma50' not executed because it's outside the time window: 16:35:00 - 16:50:00
2025-04-17 22:00:00 - INFO - [_run_strategy_if_applicable] [N/A] ⏰ Strategy 'SMA_Cross_candle' not executed because it's outside the time window: 16:35:00 - 16:50:00
2025-04-17 22:00:00 - INFO - [_run_strategy_if_applicable] [N/A] ⏰ Strategy 'VWAP_diff_signal_1700_volume' not executed because it's outside the time window: 17:30:00 - 19:00:00
2025-04-17 22:00:00 - INFO - [_run_strategy_if_applicable] [N/A] ⏰ Strategy 'VWAP_diff_signal_rsi_1700' not executed because it's outside the time window: 17:30:00 - 19:00:00
2025-04-17 22:00:00 - INFO - [trading_loop] [N/A] 📊 Updating SL/TP for active orders
2025-04-17 22:00:01 - INFO - [_wait_until_next_iteration] [N/A] ⏳ Sleeping for 58.93 seconds before the next cycle
2025-04-17 22:01:00 - DEBUG - [trading_loop] [N/A] ⏱ Skipping EMA_Cross_ema50, not yet time (every 5m)
2025-04-17 22:01:00 - DEBUG - [trading_loop] [N/A] ⏱ Skipping EMA_Cross_candle, not yet time (every 5m)
2025-04-17 22:01:00 - DEBUG - [trading_loop] [N/A] ⏱ Skipping VWAP_diff_signal_1700, not yet time (every 5m)
2025-04-17 22:01:00 - DEBUG - [trading_loop] [N/A] ⏱ Skipping SMA_Cross_sma50, not yet time (every 5m)
2025-04-17 22:01:00 - DEBUG - [trading_loop] [N/A] ⏱ Skipping SMA_Cross_candle, not yet time (every 5m)
2025-04-17 22:01:00 - DEBUG - [trading_loop] [N/A] ⏱ Skipping VWAP_diff_signal_1700_volume, not yet time (every 5m)
2025-04-17 22:01:00 - DEBUG - [trading_loop] [N/A] ⏱ Skipping VWAP_diff_signal_rsi_1700, not yet time (every 5m)
2025-04-17 22:01:00 - INFO - [trading_loop] [N/A] 📊 Updating SL/TP for active orders
2025-04-17 22:01:01 - INFO - [_wait_until_next_iteration] [N/A] ⏳ Sleeping for 58.93 seconds before the next cycle
2025-04-17 22:02:00 - DEBUG - [trading_loop] [N/A] ⏱ Skipping EMA_Cross_ema50, not yet time (every 5m)
2025-04-17 22:02:00 - DEBUG - [trading_loop] [N/A] ⏱ Skipping EMA_Cross_candle, not yet time (every 5m)
2025-04-17 22:02:00 - DEBUG - [trading_loop] [N/A] ⏱ Skipping VWAP_diff_signal_1700, not yet time (every 5m)
2025-04-17 22:02:00 - DEBUG - [trading_loop] [N/A] ⏱ Skipping SMA_Cross_sma50, not yet time (every 5m)
2025-04-17 22:02:00 - DEBUG - [trading_loop] [N/A] ⏱ Skipping SMA_Cross_candle, not yet time (every 5m)
2025-04-17 22:02:00 - DEBUG - [trading_loop] [N/A] ⏱ Skipping VWAP_diff_signal_1700_volume, not yet time (every 5m)
2025-04-17 22:02:00 - DEBUG - [trading_loop] [N/A] ⏱ Skipping VWAP_diff_signal_rsi_1700, not yet time (every 5m)
2025-04-17 22:02:00 - INFO - [trading_loop] [N/A] 📊 Updating SL/TP for active orders
2025-04-17 22:02:01 - INFO - [_wait_until_next_iteration] [N/A] ⏳ Sleeping for 58.93 seconds before the next cycle
2025-04-17 22:03:00 - DEBUG - [trading_loop] [N/A] ⏱ Skipping EMA_Cross_ema50, not yet time (every 5m)
2025-04-17 22:03:00 - DEBUG - [trading_loop] [N/A] ⏱ Skipping EMA_Cross_candle, not yet time (every 5m)
2025-04-17 22:03:00 - DEBUG - [trading_loop] [N/A] ⏱ Skipping VWAP_diff_signal_1700, not yet time (every 5m)
2025-04-17 22:03:00 - DEBUG - [trading_loop] [N/A] ⏱ Skipping SMA_Cross_sma50, not yet time (every 5m)
2025-04-17 22:03:00 - DEBUG - [trading_loop] [N/A] ⏱ Skipping SMA_Cross_candle, not yet time (every 5m)
2025-04-17 22:03:00 - DEBUG - [trading_loop] [N/A] ⏱ Skipping VWAP_diff_signal_1700_volume, not yet time (every 5m)
2025-04-17 22:03:00 - DEBUG - [trading_loop] [N/A] ⏱ Skipping VWAP_diff_signal_rsi_1700, not yet time (every 5m)
2025-04-17 22:03:00 - INFO - [trading_loop] [N/A] 📊 Updating SL/TP for active orders
2025-04-17 22:03:01 - INFO - [_wait_until_next_iteration] [N/A] ⏳ Sleeping for 58.93 seconds before the next cycle
2025-04-17 22:04:00 - DEBUG - [trading_loop] [N/A] ⏱ Skipping EMA_Cross_ema50, not yet time (every 5m)
2025-04-17 22:04:00 - DEBUG - [trading_loop] [N/A] ⏱ Skipping EMA_Cross_candle, not yet time (every 5m)
2025-04-17 22:04:00 - DEBUG - [trading_loop] [N/A] ⏱ Skipping VWAP_diff_signal_1700, not yet time (every 5m)
2025-04-17 22:04:00 - DEBUG - [trading_loop] [N/A] ⏱ Skipping SMA_Cross_sma50, not yet time (every 5m)
2025-04-17 22:04:00 - DEBUG - [trading_loop] [N/A] ⏱ Skipping SMA_Cross_candle, not yet time (every 5m)
2025-04-17 22:04:00 - DEBUG - [trading_loop] [N/A] ⏱ Skipping VWAP_diff_signal_1700_volume, not yet time (every 5m)
2025-04-17 22:04:00 - DEBUG - [trading_loop] [N/A] ⏱ Skipping VWAP_diff_signal_rsi_1700, not yet time (every 5m)
2025-04-17 22:04:00 - INFO - [trading_loop] [N/A] 📊 Updating SL/TP for active orders
2025-04-17 22:04:01 - INFO - [_wait_until_next_iteration] [N/A] ⏳ Sleeping for 58.93 seconds before the next cycle
2025-04-17 22:05:00 - INFO - [_run_strategy_if_applicable] [N/A] ⏰ Strategy 'EMA_Cross_ema50' not executed because it's outside the time window: 16:35:00 - 16:50:00
2025-04-17 22:05:00 - INFO - [_run_strategy_if_applicable] [N/A] ⏰ Strategy 'EMA_Cross_candle' not executed because it's outside the time window: 16:35:00 - 16:50:00
2025-04-17 22:05:00 - INFO - [_run_strategy_if_applicable] [N/A] ⏰ Strategy 'VWAP_diff_signal_1700' not executed because it's outside the time window: 17:30:00 - 19:00:00
2025-04-17 22:05:00 - INFO - [_run_strategy_if_applicable] [N/A] ⏰ Strategy 'SMA_Cross_sma50' not executed because it's outside the time window: 16:35:00 - 16:50:00
2025-04-17 22:05:00 - INFO - [_run_strategy_if_applicable] [N/A] ⏰ Strategy 'SMA_Cross_candle' not executed because it's outside the time window: 16:35:00 - 16:50:00
2025-04-17 22:05:00 - INFO - [_run_strategy_if_applicable] [N/A] ⏰ Strategy 'VWAP_diff_signal_1700_volume' not executed because it's outside the time window: 17:30:00 - 19:00:00
2025-04-17 22:05:00 - INFO - [_run_strategy_if_applicable] [N/A] ⏰ Strategy 'VWAP_diff_signal_rsi_1700' not executed because it's outside the time window: 17:30:00 - 19:00:00
2025-04-17 22:05:00 - INFO - [trading_loop] [N/A] 📊 Updating SL/TP for active orders
2025-04-17 22:05:01 - INFO - [_wait_until_next_iteration] [N/A] ⏳ Sleeping for 58.93 seconds before the next cycle
2025-04-17 22:06:00 - DEBUG - [trading_loop] [N/A] ⏱ Skipping EMA_Cross_ema50, not yet time (every 5m)
2025-04-17 22:06:00 - DEBUG - [trading_loop] [N/A] ⏱ Skipping EMA_Cross_candle, not yet time (every 5m)
2025-04-17 22:06:00 - DEBUG - [trading_loop] [N/A] ⏱ Skipping VWAP_diff_signal_1700, not yet time (every 5m)
2025-04-17 22:06:00 - DEBUG - [trading_loop] [N/A] ⏱ Skipping SMA_Cross_sma50, not yet time (every 5m)
2025-04-17 22:06:00 - DEBUG - [trading_loop] [N/A] ⏱ Skipping SMA_Cross_candle, not yet time (every 5m)
2025-04-17 22:06:00 - DEBUG - [trading_loop] [N/A] ⏱ Skipping VWAP_diff_signal_1700_volume, not yet time (every 5m)
2025-04-17 22:06:00 - DEBUG - [trading_loop] [N/A] ⏱ Skipping VWAP_diff_signal_rsi_1700, not yet time (every 5m)
2025-04-17 22:06:00 - INFO - [trading_loop] [N/A] 📊 Updating SL/TP for active orders
2025-04-17 22:06:01 - INFO - [_wait_until_next_iteration] [N/A] ⏳ Sleeping for 58.95 seconds before the next cycle
2025-04-17 22:07:00 - DEBUG - [trading_loop] [N/A] ⏱ Skipping EMA_Cross_ema50, not yet time (every 5m)
2025-04-17 22:07:00 - DEBUG - [trading_loop] [N/A] ⏱ Skipping EMA_Cross_candle, not yet time (every 5m)
2025-04-17 22:07:00 - DEBUG - [trading_loop] [N/A] ⏱ Skipping VWAP_diff_signal_1700, not yet time (every 5m)
2025-04-17 22:07:00 - DEBUG - [trading_loop] [N/A] ⏱ Skipping SMA_Cross_sma50, not yet time (every 5m)
2025-04-17 22:07:00 - DEBUG - [trading_loop] [N/A] ⏱ Skipping SMA_Cross_candle, not yet time (every 5m)
2025-04-17 22:07:00 - DEBUG - [trading_loop] [N/A] ⏱ Skipping VWAP_diff_signal_1700_volume, not yet time (every 5m)
2025-04-17 22:07:00 - DEBUG - [trading_loop] [N/A] ⏱ Skipping VWAP_diff_signal_rsi_1700, not yet time (every 5m)
2025-04-17 22:07:00 - INFO - [trading_loop] [N/A] 📊 Updating SL/TP for active orders
2025-04-17 22:07:01 - INFO - [_wait_until_next_iteration] [N/A] ⏳ Sleeping for 58.93 seconds before the next cycle
2025-04-17 22:08:00 - DEBUG - [trading_loop] [N/A] ⏱ Skipping EMA_Cross_ema50, not yet time (every 5m)
2025-04-17 22:08:00 - DEBUG - [trading_loop] [N/A] ⏱ Skipping EMA_Cross_candle, not yet time (every 5m)
2025-04-17 22:08:00 - DEBUG - [trading_loop] [N/A] ⏱ Skipping VWAP_diff_signal_1700, not yet time (every 5m)
2025-04-17 22:08:00 - DEBUG - [trading_loop] [N/A] ⏱ Skipping SMA_Cross_sma50, not yet time (every 5m)
2025-04-17 22:08:00 - DEBUG - [trading_loop] [N/A] ⏱ Skipping SMA_Cross_candle, not yet time (every 5m)
2025-04-17 22:08:00 - DEBUG - [trading_loop] [N/A] ⏱ Skipping VWAP_diff_signal_1700_volume, not yet time (every 5m)
2025-04-17 22:08:00 - DEBUG - [trading_loop] [N/A] ⏱ Skipping VWAP_diff_signal_rsi_1700, not yet time (every 5m)
2025-04-17 22:08:00 - INFO - [trading_loop] [N/A] 📊 Updating SL/TP for active orders
2025-04-17 22:08:01 - INFO - [_wait_until_next_iteration] [N/A] ⏳ Sleeping for 58.93 seconds before the next cycle
2025-04-17 22:09:00 - DEBUG - [trading_loop] [N/A] ⏱ Skipping EMA_Cross_ema50, not yet time (every 5m)
2025-04-17 22:09:00 - DEBUG - [trading_loop] [N/A] ⏱ Skipping EMA_Cross_candle, not yet time (every 5m)
2025-04-17 22:09:00 - DEBUG - [trading_loop] [N/A] ⏱ Skipping VWAP_diff_signal_1700, not yet time (every 5m)
2025-04-17 22:09:00 - DEBUG - [trading_loop] [N/A] ⏱ Skipping SMA_Cross_sma50, not yet time (every 5m)
2025-04-17 22:09:00 - DEBUG - [trading_loop] [N/A] ⏱ Skipping SMA_Cross_candle, not yet time (every 5m)
2025-04-17 22:09:00 - DEBUG - [trading_loop] [N/A] ⏱ Skipping VWAP_diff_signal_1700_volume, not yet time (every 5m)
2025-04-17 22:09:00 - DEBUG - [trading_loop] [N/A] ⏱ Skipping VWAP_diff_signal_rsi_1700, not yet time (every 5m)
2025-04-17 22:09:00 - INFO - [trading_loop] [N/A] 📊 Updating SL/TP for active orders
2025-04-17 22:09:01 - INFO - [_wait_until_next_iteration] [N/A] ⏳ Sleeping for 58.93 seconds before the next cycle
2025-04-17 22:10:00 - INFO - [_run_strategy_if_applicable] [N/A] ⏰ Strategy 'EMA_Cross_ema50' not executed because it's outside the time window: 16:35:00 - 16:50:00
2025-04-17 22:10:00 - INFO - [_run_strategy_if_applicable] [N/A] ⏰ Strategy 'EMA_Cross_candle' not executed because it's outside the time window: 16:35:00 - 16:50:00
2025-04-17 22:10:00 - INFO - [_run_strategy_if_applicable] [N/A] ⏰ Strategy 'VWAP_diff_signal_1700' not executed because it's outside the time window: 17:30:00 - 19:00:00
2025-04-17 22:10:00 - INFO - [_run_strategy_if_applicable] [N/A] ⏰ Strategy 'SMA_Cross_sma50' not executed because it's outside the time window: 16:35:00 - 16:50:00
2025-04-17 22:10:00 - INFO - [_run_strategy_if_applicable] [N/A] ⏰ Strategy 'SMA_Cross_candle' not executed because it's outside the time window: 16:35:00 - 16:50:00
2025-04-17 22:10:00 - INFO - [_run_strategy_if_applicable] [N/A] ⏰ Strategy 'VWAP_diff_signal_1700_volume' not executed because it's outside the time window: 17:30:00 - 19:00:00
2025-04-17 22:10:00 - INFO - [_run_strategy_if_applicable] [N/A] ⏰ Strategy 'VWAP_diff_signal_rsi_1700' not executed because it's outside the time window: 17:30:00 - 19:00:00
2025-04-17 22:10:00 - INFO - [trading_loop] [N/A] 📊 Updating SL/TP for active orders
2025-04-17 22:10:01 - INFO - [_wait_until_next_iteration] [N/A] ⏳ Sleeping for 58.93 seconds before the next cycle
2025-04-17 22:11:00 - DEBUG - [trading_loop] [N/A] ⏱ Skipping EMA_Cross_ema50, not yet time (every 5m)
2025-04-17 22:11:00 - DEBUG - [trading_loop] [N/A] ⏱ Skipping EMA_Cross_candle, not yet time (every 5m)
2025-04-17 22:11:00 - DEBUG - [trading_loop] [N/A] ⏱ Skipping VWAP_diff_signal_1700, not yet time (every 5m)
2025-04-17 22:11:00 - DEBUG - [trading_loop] [N/A] ⏱ Skipping SMA_Cross_sma50, not yet time (every 5m)
2025-04-17 22:11:00 - DEBUG - [trading_loop] [N/A] ⏱ Skipping SMA_Cross_candle, not yet time (every 5m)
2025-04-17 22:11:00 - DEBUG - [trading_loop] [N/A] ⏱ Skipping VWAP_diff_signal_1700_volume, not yet time (every 5m)
2025-04-17 22:11:00 - DEBUG - [trading_loop] [N/A] ⏱ Skipping VWAP_diff_signal_rsi_1700, not yet time (every 5m)
2025-04-17 22:11:00 - INFO - [trading_loop] [N/A] 📊 Updating SL/TP for active orders
2025-04-17 22:11:01 - INFO - [_wait_until_next_iteration] [N/A] ⏳ Sleeping for 58.95 seconds before the next cycle
2025-04-17 22:12:00 - DEBUG - [trading_loop] [N/A] ⏱ Skipping EMA_Cross_ema50, not yet time (every 5m)
2025-04-17 22:12:00 - DEBUG - [trading_loop] [N/A] ⏱ Skipping EMA_Cross_candle, not yet time (every 5m)
2025-04-17 22:12:00 - DEBUG - [trading_loop] [N/A] ⏱ Skipping VWAP_diff_signal_1700, not yet time (every 5m)
2025-04-17 22:12:00 - DEBUG - [trading_loop] [N/A] ⏱ Skipping SMA_Cross_sma50, not yet time (every 5m)
2025-04-17 22:12:00 - DEBUG - [trading_loop] [N/A] ⏱ Skipping SMA_Cross_candle, not yet time (every 5m)
2025-04-17 22:12:00 - DEBUG - [trading_loop] [N/A] ⏱ Skipping VWAP_diff_signal_1700_volume, not yet time (every 5m)
2025-04-17 22:12:00 - DEBUG - [trading_loop] [N/A] ⏱ Skipping VWAP_diff_signal_rsi_1700, not yet time (every 5m)
2025-04-17 22:12:00 - INFO - [trading_loop] [N/A] 📊 Updating SL/TP for active orders
2025-04-17 22:12:01 - INFO - [_wait_until_next_iteration] [N/A] ⏳ Sleeping for 58.94 seconds before the next cycle
2025-04-17 22:13:00 - DEBUG - [trading_loop] [N/A] ⏱ Skipping EMA_Cross_ema50, not yet time (every 5m)
2025-04-17 22:13:00 - DEBUG - [trading_loop] [N/A] ⏱ Skipping EMA_Cross_candle, not yet time (every 5m)
2025-04-17 22:13:00 - DEBUG - [trading_loop] [N/A] ⏱ Skipping VWAP_diff_signal_1700, not yet time (every 5m)
2025-04-17 22:13:00 - DEBUG - [trading_loop] [N/A] ⏱ Skipping SMA_Cross_sma50, not yet time (every 5m)
2025-04-17 22:13:00 - DEBUG - [trading_loop] [N/A] ⏱ Skipping SMA_Cross_candle, not yet time (every 5m)
2025-04-17 22:13:00 - DEBUG - [trading_loop] [N/A] ⏱ Skipping VWAP_diff_signal_1700_volume, not yet time (every 5m)
2025-04-17 22:13:00 - DEBUG - [trading_loop] [N/A] ⏱ Skipping VWAP_diff_signal_rsi_1700, not yet time (every 5m)
2025-04-17 22:13:00 - INFO - [trading_loop] [N/A] 📊 Updating SL/TP for active orders
2025-04-17 22:13:01 - INFO - [_wait_until_next_iteration] [N/A] ⏳ Sleeping for 58.93 seconds before the next cycle
2025-04-17 22:14:00 - DEBUG - [trading_loop] [N/A] ⏱ Skipping EMA_Cross_ema50, not yet time (every 5m)
2025-04-17 22:14:00 - DEBUG - [trading_loop] [N/A] ⏱ Skipping EMA_Cross_candle, not yet time (every 5m)
2025-04-17 22:14:00 - DEBUG - [trading_loop] [N/A] ⏱ Skipping VWAP_diff_signal_1700, not yet time (every 5m)
2025-04-17 22:14:00 - DEBUG - [trading_loop] [N/A] ⏱ Skipping SMA_Cross_sma50, not yet time (every 5m)
2025-04-17 22:14:00 - DEBUG - [trading_loop] [N/A] ⏱ Skipping SMA_Cross_candle, not yet time (every 5m)
2025-04-17 22:14:00 - DEBUG - [trading_loop] [N/A] ⏱ Skipping VWAP_diff_signal_1700_volume, not yet time (every 5m)
2025-04-17 22:14:00 - DEBUG - [trading_loop] [N/A] ⏱ Skipping VWAP_diff_signal_rsi_1700, not yet time (every 5m)
2025-04-17 22:14:00 - INFO - [trading_loop] [N/A] 📊 Updating SL/TP for active orders
2025-04-17 22:14:01 - INFO - [_wait_until_next_iteration] [N/A] ⏳ Sleeping for 58.93 seconds before the next cycle
2025-04-17 22:15:00 - INFO - [_run_strategy_if_applicable] [N/A] ⏰ Strategy 'EMA_Cross_ema50' not executed because it's outside the time window: 16:35:00 - 16:50:00
2025-04-17 22:15:00 - INFO - [_run_strategy_if_applicable] [N/A] ⏰ Strategy 'EMA_Cross_candle' not executed because it's outside the time window: 16:35:00 - 16:50:00
2025-04-17 22:15:00 - INFO - [_run_strategy_if_applicable] [N/A] ⏰ Strategy 'VWAP_diff_signal_1700' not executed because it's outside the time window: 17:30:00 - 19:00:00
2025-04-17 22:15:00 - INFO - [_run_strategy_if_applicable] [N/A] ⏰ Strategy 'SMA_Cross_sma50' not executed because it's outside the time window: 16:35:00 - 16:50:00
2025-04-17 22:15:00 - INFO - [_run_strategy_if_applicable] [N/A] ⏰ Strategy 'SMA_Cross_candle' not executed because it's outside the time window: 16:35:00 - 16:50:00
2025-04-17 22:15:00 - INFO - [_run_strategy_if_applicable] [N/A] ⏰ Strategy 'VWAP_diff_signal_1700_volume' not executed because it's outside the time window: 17:30:00 - 19:00:00
2025-04-17 22:15:00 - INFO - [_run_strategy_if_applicable] [N/A] ⏰ Strategy 'VWAP_diff_signal_rsi_1700' not executed because it's outside the time window: 17:30:00 - 19:00:00
2025-04-17 22:15:00 - INFO - [trading_loop] [N/A] 📊 Updating SL/TP for active orders
2025-04-17 22:15:01 - INFO - [_wait_until_next_iteration] [N/A] ⏳ Sleeping for 58.92 seconds before the next cycle
2025-04-17 22:16:00 - DEBUG - [trading_loop] [N/A] ⏱ Skipping EMA_Cross_ema50, not yet time (every 5m)
2025-04-17 22:16:00 - DEBUG - [trading_loop] [N/A] ⏱ Skipping EMA_Cross_candle, not yet time (every 5m)
2025-04-17 22:16:00 - DEBUG - [trading_loop] [N/A] ⏱ Skipping VWAP_diff_signal_1700, not yet time (every 5m)
2025-04-17 22:16:00 - DEBUG - [trading_loop] [N/A] ⏱ Skipping SMA_Cross_sma50, not yet time (every 5m)
2025-04-17 22:16:00 - DEBUG - [trading_loop] [N/A] ⏱ Skipping SMA_Cross_candle, not yet time (every 5m)
2025-04-17 22:16:00 - DEBUG - [trading_loop] [N/A] ⏱ Skipping VWAP_diff_signal_1700_volume, not yet time (every 5m)
2025-04-17 22:16:00 - DEBUG - [trading_loop] [N/A] ⏱ Skipping VWAP_diff_signal_rsi_1700, not yet time (every 5m)
2025-04-17 22:16:00 - INFO - [trading_loop] [N/A] 📊 Updating SL/TP for active orders
2025-04-17 22:16:01 - INFO - [_wait_until_next_iteration] [N/A] ⏳ Sleeping for 58.92 seconds before the next cycle
2025-04-17 22:17:00 - DEBUG - [trading_loop] [N/A] ⏱ Skipping EMA_Cross_ema50, not yet time (every 5m)
2025-04-17 22:17:00 - DEBUG - [trading_loop] [N/A] ⏱ Skipping EMA_Cross_candle, not yet time (every 5m)
2025-04-17 22:17:00 - DEBUG - [trading_loop] [N/A] ⏱ Skipping VWAP_diff_signal_1700, not yet time (every 5m)
2025-04-17 22:17:00 - DEBUG - [trading_loop] [N/A] ⏱ Skipping SMA_Cross_sma50, not yet time (every 5m)
2025-04-17 22:17:00 - DEBUG - [trading_loop] [N/A] ⏱ Skipping SMA_Cross_candle, not yet time (every 5m)
2025-04-17 22:17:00 - DEBUG - [trading_loop] [N/A] ⏱ Skipping VWAP_diff_signal_1700_volume, not yet time (every 5m)
2025-04-17 22:17:00 - DEBUG - [trading_loop] [N/A] ⏱ Skipping VWAP_diff_signal_rsi_1700, not yet time (every 5m)
2025-04-17 22:17:00 - INFO - [trading_loop] [N/A] 📊 Updating SL/TP for active orders
2025-04-17 22:17:01 - INFO - [_wait_until_next_iteration] [N/A] ⏳ Sleeping for 58.93 seconds before the next cycle
2025-04-17 22:18:00 - DEBUG - [trading_loop] [N/A] ⏱ Skipping EMA_Cross_ema50, not yet time (every 5m)
2025-04-17 22:18:00 - DEBUG - [trading_loop] [N/A] ⏱ Skipping EMA_Cross_candle, not yet time (every 5m)
2025-04-17 22:18:00 - DEBUG - [trading_loop] [N/A] ⏱ Skipping VWAP_diff_signal_1700, not yet time (every 5m)
2025-04-17 22:18:00 - DEBUG - [trading_loop] [N/A] ⏱ Skipping SMA_Cross_sma50, not yet time (every 5m)
2025-04-17 22:18:00 - DEBUG - [trading_loop] [N/A] ⏱ Skipping SMA_Cross_candle, not yet time (every 5m)
2025-04-17 22:18:00 - DEBUG - [trading_loop] [N/A] ⏱ Skipping VWAP_diff_signal_1700_volume, not yet time (every 5m)
2025-04-17 22:18:00 - DEBUG - [trading_loop] [N/A] ⏱ Skipping VWAP_diff_signal_rsi_1700, not yet time (every 5m)
2025-04-17 22:18:00 - INFO - [trading_loop] [N/A] 📊 Updating SL/TP for active orders
2025-04-17 22:18:01 - INFO - [_wait_until_next_iteration] [N/A] ⏳ Sleeping for 58.93 seconds before the next cycle
2025-04-17 22:19:00 - DEBUG - [trading_loop] [N/A] ⏱ Skipping EMA_Cross_ema50, not yet time (every 5m)
2025-04-17 22:19:00 - DEBUG - [trading_loop] [N/A] ⏱ Skipping EMA_Cross_candle, not yet time (every 5m)
2025-04-17 22:19:00 - DEBUG - [trading_loop] [N/A] ⏱ Skipping VWAP_diff_signal_1700, not yet time (every 5m)
2025-04-17 22:19:00 - DEBUG - [trading_loop] [N/A] ⏱ Skipping SMA_Cross_sma50, not yet time (every 5m)
2025-04-17 22:19:00 - DEBUG - [trading_loop] [N/A] ⏱ Skipping SMA_Cross_candle, not yet time (every 5m)
2025-04-17 22:19:00 - DEBUG - [trading_loop] [N/A] ⏱ Skipping VWAP_diff_signal_1700_volume, not yet time (every 5m)
2025-04-17 22:19:00 - DEBUG - [trading_loop] [N/A] ⏱ Skipping VWAP_diff_signal_rsi_1700, not yet time (every 5m)
2025-04-17 22:19:00 - INFO - [trading_loop] [N/A] 📊 Updating SL/TP for active orders
2025-04-17 22:19:01 - INFO - [_wait_until_next_iteration] [N/A] ⏳ Sleeping for 58.93 seconds before the next cycle
2025-04-17 22:20:00 - INFO - [_run_strategy_if_applicable] [N/A] ⏰ Strategy 'EMA_Cross_ema50' not executed because it's outside the time window: 16:35:00 - 16:50:00
2025-04-17 22:20:00 - INFO - [_run_strategy_if_applicable] [N/A] ⏰ Strategy 'EMA_Cross_candle' not executed because it's outside the time window: 16:35:00 - 16:50:00
2025-04-17 22:20:00 - INFO - [_run_strategy_if_applicable] [N/A] ⏰ Strategy 'VWAP_diff_signal_1700' not executed because it's outside the time window: 17:30:00 - 19:00:00
2025-04-17 22:20:00 - INFO - [_run_strategy_if_applicable] [N/A] ⏰ Strategy 'SMA_Cross_sma50' not executed because it's outside the time window: 16:35:00 - 16:50:00
2025-04-17 22:20:00 - INFO - [_run_strategy_if_applicable] [N/A] ⏰ Strategy 'SMA_Cross_candle' not executed because it's outside the time window: 16:35:00 - 16:50:00
2025-04-17 22:20:00 - INFO - [_run_strategy_if_applicable] [N/A] ⏰ Strategy 'VWAP_diff_signal_1700_volume' not executed because it's outside the time window: 17:30:00 - 19:00:00
2025-04-17 22:20:00 - INFO - [_run_strategy_if_applicable] [N/A] ⏰ Strategy 'VWAP_diff_signal_rsi_1700' not executed because it's outside the time window: 17:30:00 - 19:00:00
2025-04-17 22:20:00 - INFO - [trading_loop] [N/A] 📊 Updating SL/TP for active orders
2025-04-17 22:20:01 - INFO - [_wait_until_next_iteration] [N/A] ⏳ Sleeping for 58.92 seconds before the next cycle
2025-04-17 22:21:00 - DEBUG - [trading_loop] [N/A] ⏱ Skipping EMA_Cross_ema50, not yet time (every 5m)
2025-04-17 22:21:00 - DEBUG - [trading_loop] [N/A] ⏱ Skipping EMA_Cross_candle, not yet time (every 5m)
2025-04-17 22:21:00 - DEBUG - [trading_loop] [N/A] ⏱ Skipping VWAP_diff_signal_1700, not yet time (every 5m)
2025-04-17 22:21:00 - DEBUG - [trading_loop] [N/A] ⏱ Skipping SMA_Cross_sma50, not yet time (every 5m)
2025-04-17 22:21:00 - DEBUG - [trading_loop] [N/A] ⏱ Skipping SMA_Cross_candle, not yet time (every 5m)
2025-04-17 22:21:00 - DEBUG - [trading_loop] [N/A] ⏱ Skipping VWAP_diff_signal_1700_volume, not yet time (every 5m)
2025-04-17 22:21:00 - DEBUG - [trading_loop] [N/A] ⏱ Skipping VWAP_diff_signal_rsi_1700, not yet time (every 5m)
2025-04-17 22:21:00 - INFO - [trading_loop] [N/A] 📊 Updating SL/TP for active orders
2025-04-17 22:21:01 - INFO - [_wait_until_next_iteration] [N/A] ⏳ Sleeping for 58.95 seconds before the next cycle
2025-04-17 22:22:00 - DEBUG - [trading_loop] [N/A] ⏱ Skipping EMA_Cross_ema50, not yet time (every 5m)
2025-04-17 22:22:00 - DEBUG - [trading_loop] [N/A] ⏱ Skipping EMA_Cross_candle, not yet time (every 5m)
2025-04-17 22:22:00 - DEBUG - [trading_loop] [N/A] ⏱ Skipping VWAP_diff_signal_1700, not yet time (every 5m)
2025-04-17 22:22:00 - DEBUG - [trading_loop] [N/A] ⏱ Skipping SMA_Cross_sma50, not yet time (every 5m)
2025-04-17 22:22:00 - DEBUG - [trading_loop] [N/A] ⏱ Skipping SMA_Cross_candle, not yet time (every 5m)
2025-04-17 22:22:00 - DEBUG - [trading_loop] [N/A] ⏱ Skipping VWAP_diff_signal_1700_volume, not yet time (every 5m)
2025-04-17 22:22:00 - DEBUG - [trading_loop] [N/A] ⏱ Skipping VWAP_diff_signal_rsi_1700, not yet time (every 5m)
2025-04-17 22:22:00 - INFO - [trading_loop] [N/A] 📊 Updating SL/TP for active orders
2025-04-17 22:22:01 - INFO - [_wait_until_next_iteration] [N/A] ⏳ Sleeping for 58.93 seconds before the next cycle
2025-04-17 22:23:00 - DEBUG - [trading_loop] [N/A] ⏱ Skipping EMA_Cross_ema50, not yet time (every 5m)
2025-04-17 22:23:00 - DEBUG - [trading_loop] [N/A] ⏱ Skipping EMA_Cross_candle, not yet time (every 5m)
2025-04-17 22:23:00 - DEBUG - [trading_loop] [N/A] ⏱ Skipping VWAP_diff_signal_1700, not yet time (every 5m)
2025-04-17 22:23:00 - DEBUG - [trading_loop] [N/A] ⏱ Skipping SMA_Cross_sma50, not yet time (every 5m)
2025-04-17 22:23:00 - DEBUG - [trading_loop] [N/A] ⏱ Skipping SMA_Cross_candle, not yet time (every 5m)
2025-04-17 22:23:00 - DEBUG - [trading_loop] [N/A] ⏱ Skipping VWAP_diff_signal_1700_volume, not yet time (every 5m)
2025-04-17 22:23:00 - DEBUG - [trading_loop] [N/A] ⏱ Skipping VWAP_diff_signal_rsi_1700, not yet time (every 5m)
2025-04-17 22:23:00 - INFO - [trading_loop] [N/A] 📊 Updating SL/TP for active orders
2025-04-17 22:23:01 - INFO - [_wait_until_next_iteration] [N/A] ⏳ Sleeping for 58.93 seconds before the next cycle
2025-04-17 22:24:00 - DEBUG - [trading_loop] [N/A] ⏱ Skipping EMA_Cross_ema50, not yet time (every 5m)
2025-04-17 22:24:00 - DEBUG - [trading_loop] [N/A] ⏱ Skipping EMA_Cross_candle, not yet time (every 5m)
2025-04-17 22:24:00 - DEBUG - [trading_loop] [N/A] ⏱ Skipping VWAP_diff_signal_1700, not yet time (every 5m)
2025-04-17 22:24:00 - DEBUG - [trading_loop] [N/A] ⏱ Skipping SMA_Cross_sma50, not yet time (every 5m)
2025-04-17 22:24:00 - DEBUG - [trading_loop] [N/A] ⏱ Skipping SMA_Cross_candle, not yet time (every 5m)
2025-04-17 22:24:00 - DEBUG - [trading_loop] [N/A] ⏱ Skipping VWAP_diff_signal_1700_volume, not yet time (every 5m)
2025-04-17 22:24:00 - DEBUG - [trading_loop] [N/A] ⏱ Skipping VWAP_diff_signal_rsi_1700, not yet time (every 5m)
2025-04-17 22:24:00 - INFO - [trading_loop] [N/A] 📊 Updating SL/TP for active orders
2025-04-17 22:24:01 - INFO - [_wait_until_next_iteration] [N/A] ⏳ Sleeping for 58.93 seconds before the next cycle
2025-04-17 22:25:00 - INFO - [_run_strategy_if_applicable] [N/A] ⏰ Strategy 'EMA_Cross_ema50' not executed because it's outside the time window: 16:35:00 - 16:50:00
2025-04-17 22:25:00 - INFO - [_run_strategy_if_applicable] [N/A] ⏰ Strategy 'EMA_Cross_candle' not executed because it's outside the time window: 16:35:00 - 16:50:00
2025-04-17 22:25:00 - INFO - [_run_strategy_if_applicable] [N/A] ⏰ Strategy 'VWAP_diff_signal_1700' not executed because it's outside the time window: 17:30:00 - 19:00:00
2025-04-17 22:25:00 - INFO - [_run_strategy_if_applicable] [N/A] ⏰ Strategy 'SMA_Cross_sma50' not executed because it's outside the time window: 16:35:00 - 16:50:00
2025-04-17 22:25:00 - INFO - [_run_strategy_if_applicable] [N/A] ⏰ Strategy 'SMA_Cross_candle' not executed because it's outside the time window: 16:35:00 - 16:50:00
2025-04-17 22:25:00 - INFO - [_run_strategy_if_applicable] [N/A] ⏰ Strategy 'VWAP_diff_signal_1700_volume' not executed because it's outside the time window: 17:30:00 - 19:00:00
2025-04-17 22:25:00 - INFO - [_run_strategy_if_applicable] [N/A] ⏰ Strategy 'VWAP_diff_signal_rsi_1700' not executed because it's outside the time window: 17:30:00 - 19:00:00
2025-04-17 22:25:00 - INFO - [trading_loop] [N/A] 📊 Updating SL/TP for active orders
2025-04-17 22:25:01 - INFO - [_wait_until_next_iteration] [N/A] ⏳ Sleeping for 58.93 seconds before the next cycle
2025-04-17 22:26:00 - DEBUG - [trading_loop] [N/A] ⏱ Skipping EMA_Cross_ema50, not yet time (every 5m)
2025-04-17 22:26:00 - DEBUG - [trading_loop] [N/A] ⏱ Skipping EMA_Cross_candle, not yet time (every 5m)
2025-04-17 22:26:00 - DEBUG - [trading_loop] [N/A] ⏱ Skipping VWAP_diff_signal_1700, not yet time (every 5m)
2025-04-17 22:26:00 - DEBUG - [trading_loop] [N/A] ⏱ Skipping SMA_Cross_sma50, not yet time (every 5m)
2025-04-17 22:26:00 - DEBUG - [trading_loop] [N/A] ⏱ Skipping SMA_Cross_candle, not yet time (every 5m)
2025-04-17 22:26:00 - DEBUG - [trading_loop] [N/A] ⏱ Skipping VWAP_diff_signal_1700_volume, not yet time (every 5m)
2025-04-17 22:26:00 - DEBUG - [trading_loop] [N/A] ⏱ Skipping VWAP_diff_signal_rsi_1700, not yet time (every 5m)
2025-04-17 22:26:00 - INFO - [trading_loop] [N/A] 📊 Updating SL/TP for active orders
2025-04-17 22:26:01 - INFO - [_wait_until_next_iteration] [N/A] ⏳ Sleeping for 58.94 seconds before the next cycle
2025-04-17 22:27:00 - DEBUG - [trading_loop] [N/A] ⏱ Skipping EMA_Cross_ema50, not yet time (every 5m)
2025-04-17 22:27:00 - DEBUG - [trading_loop] [N/A] ⏱ Skipping EMA_Cross_candle, not yet time (every 5m)
2025-04-17 22:27:00 - DEBUG - [trading_loop] [N/A] ⏱ Skipping VWAP_diff_signal_1700, not yet time (every 5m)
2025-04-17 22:27:00 - DEBUG - [trading_loop] [N/A] ⏱ Skipping SMA_Cross_sma50, not yet time (every 5m)
2025-04-17 22:27:00 - DEBUG - [trading_loop] [N/A] ⏱ Skipping SMA_Cross_candle, not yet time (every 5m)
2025-04-17 22:27:00 - DEBUG - [trading_loop] [N/A] ⏱ Skipping VWAP_diff_signal_1700_volume, not yet time (every 5m)
2025-04-17 22:27:00 - DEBUG - [trading_loop] [N/A] ⏱ Skipping VWAP_diff_signal_rsi_1700, not yet time (every 5m)
2025-04-17 22:27:00 - INFO - [trading_loop] [N/A] 📊 Updating SL/TP for active orders
2025-04-17 22:27:01 - INFO - [_wait_until_next_iteration] [N/A] ⏳ Sleeping for 58.93 seconds before the next cycle
2025-04-17 22:28:00 - DEBUG - [trading_loop] [N/A] ⏱ Skipping EMA_Cross_ema50, not yet time (every 5m)
2025-04-17 22:28:00 - DEBUG - [trading_loop] [N/A] ⏱ Skipping EMA_Cross_candle, not yet time (every 5m)
2025-04-17 22:28:00 - DEBUG - [trading_loop] [N/A] ⏱ Skipping VWAP_diff_signal_1700, not yet time (every 5m)
2025-04-17 22:28:00 - DEBUG - [trading_loop] [N/A] ⏱ Skipping SMA_Cross_sma50, not yet time (every 5m)
2025-04-17 22:28:00 - DEBUG - [trading_loop] [N/A] ⏱ Skipping SMA_Cross_candle, not yet time (every 5m)
2025-04-17 22:28:00 - DEBUG - [trading_loop] [N/A] ⏱ Skipping VWAP_diff_signal_1700_volume, not yet time (every 5m)
2025-04-17 22:28:00 - DEBUG - [trading_loop] [N/A] ⏱ Skipping VWAP_diff_signal_rsi_1700, not yet time (every 5m)
2025-04-17 22:28:00 - INFO - [trading_loop] [N/A] 📊 Updating SL/TP for active orders
2025-04-17 22:28:01 - INFO - [_wait_until_next_iteration] [N/A] ⏳ Sleeping for 58.93 seconds before the next cycle
2025-04-17 22:29:00 - DEBUG - [trading_loop] [N/A] ⏱ Skipping EMA_Cross_ema50, not yet time (every 5m)
2025-04-17 22:29:00 - DEBUG - [trading_loop] [N/A] ⏱ Skipping EMA_Cross_candle, not yet time (every 5m)
2025-04-17 22:29:00 - DEBUG - [trading_loop] [N/A] ⏱ Skipping VWAP_diff_signal_1700, not yet time (every 5m)
2025-04-17 22:29:00 - DEBUG - [trading_loop] [N/A] ⏱ Skipping SMA_Cross_sma50, not yet time (every 5m)
2025-04-17 22:29:00 - DEBUG - [trading_loop] [N/A] ⏱ Skipping SMA_Cross_candle, not yet time (every 5m)
2025-04-17 22:29:00 - DEBUG - [trading_loop] [N/A] ⏱ Skipping VWAP_diff_signal_1700_volume, not yet time (every 5m)
2025-04-17 22:29:00 - DEBUG - [trading_loop] [N/A] ⏱ Skipping VWAP_diff_signal_rsi_1700, not yet time (every 5m)
2025-04-17 22:29:00 - INFO - [trading_loop] [N/A] 📊 Updating SL/TP for active orders
2025-04-17 22:29:01 - INFO - [_wait_until_next_iteration] [N/A] ⏳ Sleeping for 58.93 seconds before the next cycle
2025-04-17 22:30:00 - INFO - [_run_strategy_if_applicable] [N/A] ⏰ Strategy 'EMA_Cross_ema50' not executed because it's outside the time window: 16:35:00 - 16:50:00
2025-04-17 22:30:00 - INFO - [_run_strategy_if_applicable] [N/A] ⏰ Strategy 'EMA_Cross_candle' not executed because it's outside the time window: 16:35:00 - 16:50:00
2025-04-17 22:30:00 - INFO - [_run_strategy_if_applicable] [N/A] ⏰ Strategy 'VWAP_diff_signal_1700' not executed because it's outside the time window: 17:30:00 - 19:00:00
2025-04-17 22:30:00 - INFO - [_run_strategy_if_applicable] [N/A] ⏰ Strategy 'SMA_Cross_sma50' not executed because it's outside the time window: 16:35:00 - 16:50:00
2025-04-17 22:30:00 - INFO - [_run_strategy_if_applicable] [N/A] ⏰ Strategy 'SMA_Cross_candle' not executed because it's outside the time window: 16:35:00 - 16:50:00
2025-04-17 22:30:00 - INFO - [_run_strategy_if_applicable] [N/A] ⏰ Strategy 'VWAP_diff_signal_1700_volume' not executed because it's outside the time window: 17:30:00 - 19:00:00
2025-04-17 22:30:00 - INFO - [_run_strategy_if_applicable] [N/A] ⏰ Strategy 'VWAP_diff_signal_rsi_1700' not executed because it's outside the time window: 17:30:00 - 19:00:00
2025-04-17 22:30:00 - INFO - [trading_loop] [N/A] 📊 Updating SL/TP for active orders
2025-04-17 22:30:01 - INFO - [_wait_until_next_iteration] [N/A] ⏳ Sleeping for 58.93 seconds before the next cycle
2025-04-17 22:31:00 - DEBUG - [trading_loop] [N/A] ⏱ Skipping EMA_Cross_ema50, not yet time (every 5m)
2025-04-17 22:31:00 - DEBUG - [trading_loop] [N/A] ⏱ Skipping EMA_Cross_candle, not yet time (every 5m)
2025-04-17 22:31:00 - DEBUG - [trading_loop] [N/A] ⏱ Skipping VWAP_diff_signal_1700, not yet time (every 5m)
2025-04-17 22:31:00 - DEBUG - [trading_loop] [N/A] ⏱ Skipping SMA_Cross_sma50, not yet time (every 5m)
2025-04-17 22:31:00 - DEBUG - [trading_loop] [N/A] ⏱ Skipping SMA_Cross_candle, not yet time (every 5m)
2025-04-17 22:31:00 - DEBUG - [trading_loop] [N/A] ⏱ Skipping VWAP_diff_signal_1700_volume, not yet time (every 5m)
2025-04-17 22:31:00 - DEBUG - [trading_loop] [N/A] ⏱ Skipping VWAP_diff_signal_rsi_1700, not yet time (every 5m)
2025-04-17 22:31:00 - INFO - [trading_loop] [N/A] 📊 Updating SL/TP for active orders
2025-04-17 22:31:01 - INFO - [_wait_until_next_iteration] [N/A] ⏳ Sleeping for 58.92 seconds before the next cycle
2025-04-17 22:32:00 - DEBUG - [trading_loop] [N/A] ⏱ Skipping EMA_Cross_ema50, not yet time (every 5m)
2025-04-17 22:32:00 - DEBUG - [trading_loop] [N/A] ⏱ Skipping EMA_Cross_candle, not yet time (every 5m)
2025-04-17 22:32:00 - DEBUG - [trading_loop] [N/A] ⏱ Skipping VWAP_diff_signal_1700, not yet time (every 5m)
2025-04-17 22:32:00 - DEBUG - [trading_loop] [N/A] ⏱ Skipping SMA_Cross_sma50, not yet time (every 5m)
2025-04-17 22:32:00 - DEBUG - [trading_loop] [N/A] ⏱ Skipping SMA_Cross_candle, not yet time (every 5m)
2025-04-17 22:32:00 - DEBUG - [trading_loop] [N/A] ⏱ Skipping VWAP_diff_signal_1700_volume, not yet time (every 5m)
2025-04-17 22:32:00 - DEBUG - [trading_loop] [N/A] ⏱ Skipping VWAP_diff_signal_rsi_1700, not yet time (every 5m)
2025-04-17 22:32:00 - INFO - [trading_loop] [N/A] 📊 Updating SL/TP for active orders
2025-04-17 22:32:01 - INFO - [_wait_until_next_iteration] [N/A] ⏳ Sleeping for 58.93 seconds before the next cycle
2025-04-17 22:33:00 - DEBUG - [trading_loop] [N/A] ⏱ Skipping EMA_Cross_ema50, not yet time (every 5m)
2025-04-17 22:33:00 - DEBUG - [trading_loop] [N/A] ⏱ Skipping EMA_Cross_candle, not yet time (every 5m)
2025-04-17 22:33:00 - DEBUG - [trading_loop] [N/A] ⏱ Skipping VWAP_diff_signal_1700, not yet time (every 5m)
2025-04-17 22:33:00 - DEBUG - [trading_loop] [N/A] ⏱ Skipping SMA_Cross_sma50, not yet time (every 5m)
2025-04-17 22:33:00 - DEBUG - [trading_loop] [N/A] ⏱ Skipping SMA_Cross_candle, not yet time (every 5m)
2025-04-17 22:33:00 - DEBUG - [trading_loop] [N/A] ⏱ Skipping VWAP_diff_signal_1700_volume, not yet time (every 5m)
2025-04-17 22:33:00 - DEBUG - [trading_loop] [N/A] ⏱ Skipping VWAP_diff_signal_rsi_1700, not yet time (every 5m)
2025-04-17 22:33:00 - INFO - [trading_loop] [N/A] 📊 Updating SL/TP for active orders
2025-04-17 22:33:01 - INFO - [_wait_until_next_iteration] [N/A] ⏳ Sleeping for 58.93 seconds before the next cycle
2025-04-17 22:34:00 - DEBUG - [trading_loop] [N/A] ⏱ Skipping EMA_Cross_ema50, not yet time (every 5m)
2025-04-17 22:34:00 - DEBUG - [trading_loop] [N/A] ⏱ Skipping EMA_Cross_candle, not yet time (every 5m)
2025-04-17 22:34:00 - DEBUG - [trading_loop] [N/A] ⏱ Skipping VWAP_diff_signal_1700, not yet time (every 5m)
2025-04-17 22:34:00 - DEBUG - [trading_loop] [N/A] ⏱ Skipping SMA_Cross_sma50, not yet time (every 5m)
2025-04-17 22:34:00 - DEBUG - [trading_loop] [N/A] ⏱ Skipping SMA_Cross_candle, not yet time (every 5m)
2025-04-17 22:34:00 - DEBUG - [trading_loop] [N/A] ⏱ Skipping VWAP_diff_signal_1700_volume, not yet time (every 5m)
2025-04-17 22:34:00 - DEBUG - [trading_loop] [N/A] ⏱ Skipping VWAP_diff_signal_rsi_1700, not yet time (every 5m)
2025-04-17 22:34:00 - INFO - [trading_loop] [N/A] 📊 Updating SL/TP for active orders
2025-04-17 22:34:01 - INFO - [_wait_until_next_iteration] [N/A] ⏳ Sleeping for 58.94 seconds before the next cycle
2025-04-17 22:35:00 - INFO - [_run_strategy_if_applicable] [N/A] ⏰ Strategy 'EMA_Cross_ema50' not executed because it's outside the time window: 16:35:00 - 16:50:00
2025-04-17 22:35:00 - INFO - [_run_strategy_if_applicable] [N/A] ⏰ Strategy 'EMA_Cross_candle' not executed because it's outside the time window: 16:35:00 - 16:50:00
2025-04-17 22:35:00 - INFO - [_run_strategy_if_applicable] [N/A] ⏰ Strategy 'VWAP_diff_signal_1700' not executed because it's outside the time window: 17:30:00 - 19:00:00
2025-04-17 22:35:00 - INFO - [_run_strategy_if_applicable] [N/A] ⏰ Strategy 'SMA_Cross_sma50' not executed because it's outside the time window: 16:35:00 - 16:50:00
2025-04-17 22:35:00 - INFO - [_run_strategy_if_applicable] [N/A] ⏰ Strategy 'SMA_Cross_candle' not executed because it's outside the time window: 16:35:00 - 16:50:00
2025-04-17 22:35:00 - INFO - [_run_strategy_if_applicable] [N/A] ⏰ Strategy 'VWAP_diff_signal_1700_volume' not executed because it's outside the time window: 17:30:00 - 19:00:00
2025-04-17 22:35:00 - INFO - [_run_strategy_if_applicable] [N/A] ⏰ Strategy 'VWAP_diff_signal_rsi_1700' not executed because it's outside the time window: 17:30:00 - 19:00:00
2025-04-17 22:35:00 - INFO - [trading_loop] [N/A] 📊 Updating SL/TP for active orders
2025-04-17 22:35:01 - INFO - [_wait_until_next_iteration] [N/A] ⏳ Sleeping for 58.93 seconds before the next cycle
2025-04-17 22:36:00 - DEBUG - [trading_loop] [N/A] ⏱ Skipping EMA_Cross_ema50, not yet time (every 5m)
2025-04-17 22:36:00 - DEBUG - [trading_loop] [N/A] ⏱ Skipping EMA_Cross_candle, not yet time (every 5m)
2025-04-17 22:36:00 - DEBUG - [trading_loop] [N/A] ⏱ Skipping VWAP_diff_signal_1700, not yet time (every 5m)
2025-04-17 22:36:00 - DEBUG - [trading_loop] [N/A] ⏱ Skipping SMA_Cross_sma50, not yet time (every 5m)
2025-04-17 22:36:00 - DEBUG - [trading_loop] [N/A] ⏱ Skipping SMA_Cross_candle, not yet time (every 5m)
2025-04-17 22:36:00 - DEBUG - [trading_loop] [N/A] ⏱ Skipping VWAP_diff_signal_1700_volume, not yet time (every 5m)
2025-04-17 22:36:00 - DEBUG - [trading_loop] [N/A] ⏱ Skipping VWAP_diff_signal_rsi_1700, not yet time (every 5m)
2025-04-17 22:36:00 - INFO - [trading_loop] [N/A] 📊 Updating SL/TP for active orders
2025-04-17 22:36:01 - INFO - [_wait_until_next_iteration] [N/A] ⏳ Sleeping for 58.93 seconds before the next cycle
2025-04-17 22:37:00 - DEBUG - [trading_loop] [N/A] ⏱ Skipping EMA_Cross_ema50, not yet time (every 5m)
2025-04-17 22:37:00 - DEBUG - [trading_loop] [N/A] ⏱ Skipping EMA_Cross_candle, not yet time (every 5m)
2025-04-17 22:37:00 - DEBUG - [trading_loop] [N/A] ⏱ Skipping VWAP_diff_signal_1700, not yet time (every 5m)
2025-04-17 22:37:00 - DEBUG - [trading_loop] [N/A] ⏱ Skipping SMA_Cross_sma50, not yet time (every 5m)
2025-04-17 22:37:00 - DEBUG - [trading_loop] [N/A] ⏱ Skipping SMA_Cross_candle, not yet time (every 5m)
2025-04-17 22:37:00 - DEBUG - [trading_loop] [N/A] ⏱ Skipping VWAP_diff_signal_1700_volume, not yet time (every 5m)
2025-04-17 22:37:00 - DEBUG - [trading_loop] [N/A] ⏱ Skipping VWAP_diff_signal_rsi_1700, not yet time (every 5m)
2025-04-17 22:37:00 - INFO - [trading_loop] [N/A] 📊 Updating SL/TP for active orders
2025-04-17 22:37:01 - INFO - [_wait_until_next_iteration] [N/A] ⏳ Sleeping for 58.93 seconds before the next cycle
2025-04-17 22:38:00 - DEBUG - [trading_loop] [N/A] ⏱ Skipping EMA_Cross_ema50, not yet time (every 5m)
2025-04-17 22:38:00 - DEBUG - [trading_loop] [N/A] ⏱ Skipping EMA_Cross_candle, not yet time (every 5m)
2025-04-17 22:38:00 - DEBUG - [trading_loop] [N/A] ⏱ Skipping VWAP_diff_signal_1700, not yet time (every 5m)
2025-04-17 22:38:00 - DEBUG - [trading_loop] [N/A] ⏱ Skipping SMA_Cross_sma50, not yet time (every 5m)
2025-04-17 22:38:00 - DEBUG - [trading_loop] [N/A] ⏱ Skipping SMA_Cross_candle, not yet time (every 5m)
2025-04-17 22:38:00 - DEBUG - [trading_loop] [N/A] ⏱ Skipping VWAP_diff_signal_1700_volume, not yet time (every 5m)
2025-04-17 22:38:00 - DEBUG - [trading_loop] [N/A] ⏱ Skipping VWAP_diff_signal_rsi_1700, not yet time (every 5m)
2025-04-17 22:38:00 - INFO - [trading_loop] [N/A] 📊 Updating SL/TP for active orders
2025-04-17 22:38:01 - INFO - [_wait_until_next_iteration] [N/A] ⏳ Sleeping for 58.97 seconds before the next cycle
2025-04-17 22:39:00 - DEBUG - [trading_loop] [N/A] ⏱ Skipping EMA_Cross_ema50, not yet time (every 5m)
2025-04-17 22:39:00 - DEBUG - [trading_loop] [N/A] ⏱ Skipping EMA_Cross_candle, not yet time (every 5m)
2025-04-17 22:39:00 - DEBUG - [trading_loop] [N/A] ⏱ Skipping VWAP_diff_signal_1700, not yet time (every 5m)
2025-04-17 22:39:00 - DEBUG - [trading_loop] [N/A] ⏱ Skipping SMA_Cross_sma50, not yet time (every 5m)
2025-04-17 22:39:00 - DEBUG - [trading_loop] [N/A] ⏱ Skipping SMA_Cross_candle, not yet time (every 5m)
2025-04-17 22:39:00 - DEBUG - [trading_loop] [N/A] ⏱ Skipping VWAP_diff_signal_1700_volume, not yet time (every 5m)
2025-04-17 22:39:00 - DEBUG - [trading_loop] [N/A] ⏱ Skipping VWAP_diff_signal_rsi_1700, not yet time (every 5m)
2025-04-17 22:39:00 - INFO - [trading_loop] [N/A] 📊 Updating SL/TP for active orders
2025-04-17 22:39:01 - INFO - [_wait_until_next_iteration] [N/A] ⏳ Sleeping for 58.93 seconds before the next cycle
2025-04-17 22:40:00 - INFO - [_run_strategy_if_applicable] [N/A] ⏰ Strategy 'EMA_Cross_ema50' not executed because it's outside the time window: 16:35:00 - 16:50:00
2025-04-17 22:40:00 - INFO - [_run_strategy_if_applicable] [N/A] ⏰ Strategy 'EMA_Cross_candle' not executed because it's outside the time window: 16:35:00 - 16:50:00
2025-04-17 22:40:00 - INFO - [_run_strategy_if_applicable] [N/A] ⏰ Strategy 'VWAP_diff_signal_1700' not executed because it's outside the time window: 17:30:00 - 19:00:00
2025-04-17 22:40:00 - INFO - [_run_strategy_if_applicable] [N/A] ⏰ Strategy 'SMA_Cross_sma50' not executed because it's outside the time window: 16:35:00 - 16:50:00
2025-04-17 22:40:00 - INFO - [_run_strategy_if_applicable] [N/A] ⏰ Strategy 'SMA_Cross_candle' not executed because it's outside the time window: 16:35:00 - 16:50:00
2025-04-17 22:40:00 - INFO - [_run_strategy_if_applicable] [N/A] ⏰ Strategy 'VWAP_diff_signal_1700_volume' not executed because it's outside the time window: 17:30:00 - 19:00:00
2025-04-17 22:40:00 - INFO - [_run_strategy_if_applicable] [N/A] ⏰ Strategy 'VWAP_diff_signal_rsi_1700' not executed because it's outside the time window: 17:30:00 - 19:00:00
2025-04-17 22:40:00 - INFO - [trading_loop] [N/A] 📊 Updating SL/TP for active orders
2025-04-17 22:40:01 - INFO - [_wait_until_next_iteration] [N/A] ⏳ Sleeping for 58.93 seconds before the next cycle
2025-04-17 22:41:00 - DEBUG - [trading_loop] [N/A] ⏱ Skipping EMA_Cross_ema50, not yet time (every 5m)
2025-04-17 22:41:00 - DEBUG - [trading_loop] [N/A] ⏱ Skipping EMA_Cross_candle, not yet time (every 5m)
2025-04-17 22:41:00 - DEBUG - [trading_loop] [N/A] ⏱ Skipping VWAP_diff_signal_1700, not yet time (every 5m)
2025-04-17 22:41:00 - DEBUG - [trading_loop] [N/A] ⏱ Skipping SMA_Cross_sma50, not yet time (every 5m)
2025-04-17 22:41:00 - DEBUG - [trading_loop] [N/A] ⏱ Skipping SMA_Cross_candle, not yet time (every 5m)
2025-04-17 22:41:00 - DEBUG - [trading_loop] [N/A] ⏱ Skipping VWAP_diff_signal_1700_volume, not yet time (every 5m)
2025-04-17 22:41:00 - DEBUG - [trading_loop] [N/A] ⏱ Skipping VWAP_diff_signal_rsi_1700, not yet time (every 5m)
2025-04-17 22:41:00 - INFO - [trading_loop] [N/A] 📊 Updating SL/TP for active orders
2025-04-17 22:41:01 - INFO - [_wait_until_next_iteration] [N/A] ⏳ Sleeping for 58.92 seconds before the next cycle
2025-04-17 22:42:00 - DEBUG - [trading_loop] [N/A] ⏱ Skipping EMA_Cross_ema50, not yet time (every 5m)
2025-04-17 22:42:00 - DEBUG - [trading_loop] [N/A] ⏱ Skipping EMA_Cross_candle, not yet time (every 5m)
2025-04-17 22:42:00 - DEBUG - [trading_loop] [N/A] ⏱ Skipping VWAP_diff_signal_1700, not yet time (every 5m)
2025-04-17 22:42:00 - DEBUG - [trading_loop] [N/A] ⏱ Skipping SMA_Cross_sma50, not yet time (every 5m)
2025-04-17 22:42:00 - DEBUG - [trading_loop] [N/A] ⏱ Skipping SMA_Cross_candle, not yet time (every 5m)
2025-04-17 22:42:00 - DEBUG - [trading_loop] [N/A] ⏱ Skipping VWAP_diff_signal_1700_volume, not yet time (every 5m)
2025-04-17 22:42:00 - DEBUG - [trading_loop] [N/A] ⏱ Skipping VWAP_diff_signal_rsi_1700, not yet time (every 5m)
2025-04-17 22:42:00 - INFO - [trading_loop] [N/A] 📊 Updating SL/TP for active orders
2025-04-17 22:42:01 - INFO - [_wait_until_next_iteration] [N/A] ⏳ Sleeping for 58.93 seconds before the next cycle
2025-04-17 22:43:00 - DEBUG - [trading_loop] [N/A] ⏱ Skipping EMA_Cross_ema50, not yet time (every 5m)
2025-04-17 22:43:00 - DEBUG - [trading_loop] [N/A] ⏱ Skipping EMA_Cross_candle, not yet time (every 5m)
2025-04-17 22:43:00 - DEBUG - [trading_loop] [N/A] ⏱ Skipping VWAP_diff_signal_1700, not yet time (every 5m)
2025-04-17 22:43:00 - DEBUG - [trading_loop] [N/A] ⏱ Skipping SMA_Cross_sma50, not yet time (every 5m)
2025-04-17 22:43:00 - DEBUG - [trading_loop] [N/A] ⏱ Skipping SMA_Cross_candle, not yet time (every 5m)
2025-04-17 22:43:00 - DEBUG - [trading_loop] [N/A] ⏱ Skipping VWAP_diff_signal_1700_volume, not yet time (every 5m)
2025-04-17 22:43:00 - DEBUG - [trading_loop] [N/A] ⏱ Skipping VWAP_diff_signal_rsi_1700, not yet time (every 5m)
2025-04-17 22:43:00 - INFO - [trading_loop] [N/A] 📊 Updating SL/TP for active orders
2025-04-17 22:43:01 - INFO - [_wait_until_next_iteration] [N/A] ⏳ Sleeping for 58.93 seconds before the next cycle
2025-04-17 22:44:00 - DEBUG - [trading_loop] [N/A] ⏱ Skipping EMA_Cross_ema50, not yet time (every 5m)
2025-04-17 22:44:00 - DEBUG - [trading_loop] [N/A] ⏱ Skipping EMA_Cross_candle, not yet time (every 5m)
2025-04-17 22:44:00 - DEBUG - [trading_loop] [N/A] ⏱ Skipping VWAP_diff_signal_1700, not yet time (every 5m)
2025-04-17 22:44:00 - DEBUG - [trading_loop] [N/A] ⏱ Skipping SMA_Cross_sma50, not yet time (every 5m)
2025-04-17 22:44:00 - DEBUG - [trading_loop] [N/A] ⏱ Skipping SMA_Cross_candle, not yet time (every 5m)
2025-04-17 22:44:00 - DEBUG - [trading_loop] [N/A] ⏱ Skipping VWAP_diff_signal_1700_volume, not yet time (every 5m)
2025-04-17 22:44:00 - DEBUG - [trading_loop] [N/A] ⏱ Skipping VWAP_diff_signal_rsi_1700, not yet time (every 5m)
2025-04-17 22:44:00 - INFO - [trading_loop] [N/A] 📊 Updating SL/TP for active orders
2025-04-17 22:44:01 - INFO - [_wait_until_next_iteration] [N/A] ⏳ Sleeping for 58.93 seconds before the next cycle
2025-04-17 22:45:00 - INFO - [_run_strategy_if_applicable] [N/A] ⏰ Strategy 'EMA_Cross_ema50' not executed because it's outside the time window: 16:35:00 - 16:50:00
2025-04-17 22:45:00 - INFO - [_run_strategy_if_applicable] [N/A] ⏰ Strategy 'EMA_Cross_candle' not executed because it's outside the time window: 16:35:00 - 16:50:00
2025-04-17 22:45:00 - INFO - [_run_strategy_if_applicable] [N/A] ⏰ Strategy 'VWAP_diff_signal_1700' not executed because it's outside the time window: 17:30:00 - 19:00:00
2025-04-17 22:45:00 - INFO - [_run_strategy_if_applicable] [N/A] ⏰ Strategy 'SMA_Cross_sma50' not executed because it's outside the time window: 16:35:00 - 16:50:00
2025-04-17 22:45:00 - INFO - [_run_strategy_if_applicable] [N/A] ⏰ Strategy 'SMA_Cross_candle' not executed because it's outside the time window: 16:35:00 - 16:50:00
2025-04-17 22:45:00 - INFO - [_run_strategy_if_applicable] [N/A] ⏰ Strategy 'VWAP_diff_signal_1700_volume' not executed because it's outside the time window: 17:30:00 - 19:00:00
2025-04-17 22:45:00 - INFO - [_run_strategy_if_applicable] [N/A] ⏰ Strategy 'VWAP_diff_signal_rsi_1700' not executed because it's outside the time window: 17:30:00 - 19:00:00
2025-04-17 22:45:00 - INFO - [trading_loop] [N/A] 📊 Updating SL/TP for active orders
2025-04-17 22:45:01 - INFO - [_wait_until_next_iteration] [N/A] ⏳ Sleeping for 58.93 seconds before the next cycle
2025-04-17 22:46:00 - DEBUG - [trading_loop] [N/A] ⏱ Skipping EMA_Cross_ema50, not yet time (every 5m)
2025-04-17 22:46:00 - DEBUG - [trading_loop] [N/A] ⏱ Skipping EMA_Cross_candle, not yet time (every 5m)
2025-04-17 22:46:00 - DEBUG - [trading_loop] [N/A] ⏱ Skipping VWAP_diff_signal_1700, not yet time (every 5m)
2025-04-17 22:46:00 - DEBUG - [trading_loop] [N/A] ⏱ Skipping SMA_Cross_sma50, not yet time (every 5m)
2025-04-17 22:46:00 - DEBUG - [trading_loop] [N/A] ⏱ Skipping SMA_Cross_candle, not yet time (every 5m)
2025-04-17 22:46:00 - DEBUG - [trading_loop] [N/A] ⏱ Skipping VWAP_diff_signal_1700_volume, not yet time (every 5m)
2025-04-17 22:46:00 - DEBUG - [trading_loop] [N/A] ⏱ Skipping VWAP_diff_signal_rsi_1700, not yet time (every 5m)
2025-04-17 22:46:00 - INFO - [trading_loop] [N/A] 📊 Updating SL/TP for active orders
2025-04-17 22:46:01 - INFO - [_wait_until_next_iteration] [N/A] ⏳ Sleeping for 58.93 seconds before the next cycle
2025-04-17 22:47:00 - DEBUG - [trading_loop] [N/A] ⏱ Skipping EMA_Cross_ema50, not yet time (every 5m)
2025-04-17 22:47:00 - DEBUG - [trading_loop] [N/A] ⏱ Skipping EMA_Cross_candle, not yet time (every 5m)
2025-04-17 22:47:00 - DEBUG - [trading_loop] [N/A] ⏱ Skipping VWAP_diff_signal_1700, not yet time (every 5m)
2025-04-17 22:47:00 - DEBUG - [trading_loop] [N/A] ⏱ Skipping SMA_Cross_sma50, not yet time (every 5m)
2025-04-17 22:47:00 - DEBUG - [trading_loop] [N/A] ⏱ Skipping SMA_Cross_candle, not yet time (every 5m)
2025-04-17 22:47:00 - DEBUG - [trading_loop] [N/A] ⏱ Skipping VWAP_diff_signal_1700_volume, not yet time (every 5m)
2025-04-17 22:47:00 - DEBUG - [trading_loop] [N/A] ⏱ Skipping VWAP_diff_signal_rsi_1700, not yet time (every 5m)
2025-04-17 22:47:00 - INFO - [trading_loop] [N/A] 📊 Updating SL/TP for active orders
2025-04-17 22:47:01 - INFO - [_wait_until_next_iteration] [N/A] ⏳ Sleeping for 58.93 seconds before the next cycle
2025-04-17 22:48:00 - INFO - [start_trading] [N/A] 🛑 Closing all positions before end of session
2025-04-17 22:48:00 - WARNING - [close_position] [CZR] ⚠️ No open position found for CZR
2025-04-17 22:48:00 - WARNING - [close_position] [IPG] ⚠️ No open position found for IPG
2025-04-17 22:48:00 - WARNING - [close_position] [CFG] ⚠️ No open position found for CFG
2025-04-17 22:48:00 - WARNING - [close_position] [EXC] ⚠️ No open position found for EXC
2025-04-17 22:48:00 - WARNING - [close_position] [PPL] ⚠️ No open position found for PPL
2025-04-17 22:48:00 - DEBUG - [trading_loop] [N/A] ⏱ Skipping EMA_Cross_ema50, not yet time (every 5m)
2025-04-17 22:48:00 - DEBUG - [trading_loop] [N/A] ⏱ Skipping EMA_Cross_candle, not yet time (every 5m)
2025-04-17 22:48:00 - DEBUG - [trading_loop] [N/A] ⏱ Skipping VWAP_diff_signal_1700, not yet time (every 5m)
2025-04-17 22:48:00 - DEBUG - [trading_loop] [N/A] ⏱ Skipping SMA_Cross_sma50, not yet time (every 5m)
2025-04-17 22:48:00 - DEBUG - [trading_loop] [N/A] ⏱ Skipping SMA_Cross_candle, not yet time (every 5m)
2025-04-17 22:48:00 - DEBUG - [trading_loop] [N/A] ⏱ Skipping VWAP_diff_signal_1700_volume, not yet time (every 5m)
2025-04-17 22:48:00 - DEBUG - [trading_loop] [N/A] ⏱ Skipping VWAP_diff_signal_rsi_1700, not yet time (every 5m)
2025-04-17 22:48:00 - INFO - [trading_loop] [N/A] 📊 Updating SL/TP for active orders
2025-04-17 22:48:01 - INFO - [_wait_until_next_iteration] [N/A] ⏳ Sleeping for 58.01 seconds before the next cycle
2025-04-17 22:49:00 - DEBUG - [trading_loop] [N/A] ⏱ Skipping EMA_Cross_ema50, not yet time (every 5m)
2025-04-17 22:49:00 - DEBUG - [trading_loop] [N/A] ⏱ Skipping EMA_Cross_candle, not yet time (every 5m)
2025-04-17 22:49:00 - DEBUG - [trading_loop] [N/A] ⏱ Skipping VWAP_diff_signal_1700, not yet time (every 5m)
2025-04-17 22:49:00 - DEBUG - [trading_loop] [N/A] ⏱ Skipping SMA_Cross_sma50, not yet time (every 5m)
2025-04-17 22:49:00 - DEBUG - [trading_loop] [N/A] ⏱ Skipping SMA_Cross_candle, not yet time (every 5m)
2025-04-17 22:49:00 - DEBUG - [trading_loop] [N/A] ⏱ Skipping VWAP_diff_signal_1700_volume, not yet time (every 5m)
2025-04-17 22:49:00 - DEBUG - [trading_loop] [N/A] ⏱ Skipping VWAP_diff_signal_rsi_1700, not yet time (every 5m)
2025-04-17 22:49:00 - INFO - [trading_loop] [N/A] 📊 Updating SL/TP for active orders
2025-04-17 22:49:01 - INFO - [_wait_until_next_iteration] [N/A] ⏳ Sleeping for 58.93 seconds before the next cycle
2025-04-17 22:50:00 - INFO - [_run_strategy_if_applicable] [N/A] ⏰ Strategy 'EMA_Cross_ema50' not executed because it's outside the time window: 16:35:00 - 16:50:00
2025-04-17 22:50:00 - INFO - [_run_strategy_if_applicable] [N/A] ⏰ Strategy 'EMA_Cross_candle' not executed because it's outside the time window: 16:35:00 - 16:50:00
2025-04-17 22:50:00 - INFO - [_run_strategy_if_applicable] [N/A] ⏰ Strategy 'VWAP_diff_signal_1700' not executed because it's outside the time window: 17:30:00 - 19:00:00
2025-04-17 22:50:00 - INFO - [_run_strategy_if_applicable] [N/A] ⏰ Strategy 'SMA_Cross_sma50' not executed because it's outside the time window: 16:35:00 - 16:50:00
2025-04-17 22:50:00 - INFO - [_run_strategy_if_applicable] [N/A] ⏰ Strategy 'SMA_Cross_candle' not executed because it's outside the time window: 16:35:00 - 16:50:00
2025-04-17 22:50:00 - INFO - [_run_strategy_if_applicable] [N/A] ⏰ Strategy 'VWAP_diff_signal_1700_volume' not executed because it's outside the time window: 17:30:00 - 19:00:00
2025-04-17 22:50:00 - INFO - [_run_strategy_if_applicable] [N/A] ⏰ Strategy 'VWAP_diff_signal_rsi_1700' not executed because it's outside the time window: 17:30:00 - 19:00:00
2025-04-17 22:50:00 - INFO - [trading_loop] [N/A] 📊 Updating SL/TP for active orders
2025-04-17 22:50:01 - INFO - [_wait_until_next_iteration] [N/A] ⏳ Sleeping for 58.92 seconds before the next cycle
2025-04-17 22:51:00 - DEBUG - [trading_loop] [N/A] ⏱ Skipping EMA_Cross_ema50, not yet time (every 5m)
2025-04-17 22:51:00 - DEBUG - [trading_loop] [N/A] ⏱ Skipping EMA_Cross_candle, not yet time (every 5m)
2025-04-17 22:51:00 - DEBUG - [trading_loop] [N/A] ⏱ Skipping VWAP_diff_signal_1700, not yet time (every 5m)
2025-04-17 22:51:00 - DEBUG - [trading_loop] [N/A] ⏱ Skipping SMA_Cross_sma50, not yet time (every 5m)
2025-04-17 22:51:00 - DEBUG - [trading_loop] [N/A] ⏱ Skipping SMA_Cross_candle, not yet time (every 5m)
2025-04-17 22:51:00 - DEBUG - [trading_loop] [N/A] ⏱ Skipping VWAP_diff_signal_1700_volume, not yet time (every 5m)
2025-04-17 22:51:00 - DEBUG - [trading_loop] [N/A] ⏱ Skipping VWAP_diff_signal_rsi_1700, not yet time (every 5m)
2025-04-17 22:51:00 - INFO - [trading_loop] [N/A] 📊 Updating SL/TP for active orders
2025-04-17 22:51:01 - INFO - [_wait_until_next_iteration] [N/A] ⏳ Sleeping for 58.93 seconds before the next cycle
2025-04-17 22:52:00 - DEBUG - [trading_loop] [N/A] ⏱ Skipping EMA_Cross_ema50, not yet time (every 5m)
2025-04-17 22:52:00 - DEBUG - [trading_loop] [N/A] ⏱ Skipping EMA_Cross_candle, not yet time (every 5m)
2025-04-17 22:52:00 - DEBUG - [trading_loop] [N/A] ⏱ Skipping VWAP_diff_signal_1700, not yet time (every 5m)
2025-04-17 22:52:00 - DEBUG - [trading_loop] [N/A] ⏱ Skipping SMA_Cross_sma50, not yet time (every 5m)
2025-04-17 22:52:00 - DEBUG - [trading_loop] [N/A] ⏱ Skipping SMA_Cross_candle, not yet time (every 5m)
2025-04-17 22:52:00 - DEBUG - [trading_loop] [N/A] ⏱ Skipping VWAP_diff_signal_1700_volume, not yet time (every 5m)
2025-04-17 22:52:00 - DEBUG - [trading_loop] [N/A] ⏱ Skipping VWAP_diff_signal_rsi_1700, not yet time (every 5m)
2025-04-17 22:52:00 - INFO - [trading_loop] [N/A] 📊 Updating SL/TP for active orders
2025-04-17 22:52:01 - INFO - [_wait_until_next_iteration] [N/A] ⏳ Sleeping for 58.93 seconds before the next cycle
2025-04-17 22:53:00 - DEBUG - [trading_loop] [N/A] ⏱ Skipping EMA_Cross_ema50, not yet time (every 5m)
2025-04-17 22:53:00 - DEBUG - [trading_loop] [N/A] ⏱ Skipping EMA_Cross_candle, not yet time (every 5m)
2025-04-17 22:53:00 - DEBUG - [trading_loop] [N/A] ⏱ Skipping VWAP_diff_signal_1700, not yet time (every 5m)
2025-04-17 22:53:00 - DEBUG - [trading_loop] [N/A] ⏱ Skipping SMA_Cross_sma50, not yet time (every 5m)
2025-04-17 22:53:00 - DEBUG - [trading_loop] [N/A] ⏱ Skipping SMA_Cross_candle, not yet time (every 5m)
2025-04-17 22:53:00 - DEBUG - [trading_loop] [N/A] ⏱ Skipping VWAP_diff_signal_1700_volume, not yet time (every 5m)
2025-04-17 22:53:00 - DEBUG - [trading_loop] [N/A] ⏱ Skipping VWAP_diff_signal_rsi_1700, not yet time (every 5m)
2025-04-17 22:53:00 - INFO - [trading_loop] [N/A] 📊 Updating SL/TP for active orders
2025-04-17 22:53:01 - INFO - [_wait_until_next_iteration] [N/A] ⏳ Sleeping for 58.93 seconds before the next cycle
2025-04-17 22:54:00 - DEBUG - [trading_loop] [N/A] ⏱ Skipping EMA_Cross_ema50, not yet time (every 5m)
2025-04-17 22:54:00 - DEBUG - [trading_loop] [N/A] ⏱ Skipping EMA_Cross_candle, not yet time (every 5m)
2025-04-17 22:54:00 - DEBUG - [trading_loop] [N/A] ⏱ Skipping VWAP_diff_signal_1700, not yet time (every 5m)
2025-04-17 22:54:00 - DEBUG - [trading_loop] [N/A] ⏱ Skipping SMA_Cross_sma50, not yet time (every 5m)
2025-04-17 22:54:00 - DEBUG - [trading_loop] [N/A] ⏱ Skipping SMA_Cross_candle, not yet time (every 5m)
2025-04-17 22:54:00 - DEBUG - [trading_loop] [N/A] ⏱ Skipping VWAP_diff_signal_1700_volume, not yet time (every 5m)
2025-04-17 22:54:00 - DEBUG - [trading_loop] [N/A] ⏱ Skipping VWAP_diff_signal_rsi_1700, not yet time (every 5m)
2025-04-17 22:54:00 - INFO - [trading_loop] [N/A] 📊 Updating SL/TP for active orders
2025-04-17 22:54:01 - INFO - [_wait_until_next_iteration] [N/A] ⏳ Sleeping for 58.93 seconds before the next cycle
2025-04-17 22:55:00 - INFO - [_run_strategy_if_applicable] [N/A] ⏰ Strategy 'EMA_Cross_ema50' not executed because it's outside the time window: 16:35:00 - 16:50:00
2025-04-17 22:55:00 - INFO - [_run_strategy_if_applicable] [N/A] ⏰ Strategy 'EMA_Cross_candle' not executed because it's outside the time window: 16:35:00 - 16:50:00
2025-04-17 22:55:00 - INFO - [_run_strategy_if_applicable] [N/A] ⏰ Strategy 'VWAP_diff_signal_1700' not executed because it's outside the time window: 17:30:00 - 19:00:00
2025-04-17 22:55:00 - INFO - [_run_strategy_if_applicable] [N/A] ⏰ Strategy 'SMA_Cross_sma50' not executed because it's outside the time window: 16:35:00 - 16:50:00
2025-04-17 22:55:00 - INFO - [_run_strategy_if_applicable] [N/A] ⏰ Strategy 'SMA_Cross_candle' not executed because it's outside the time window: 16:35:00 - 16:50:00
2025-04-17 22:55:00 - INFO - [_run_strategy_if_applicable] [N/A] ⏰ Strategy 'VWAP_diff_signal_1700_volume' not executed because it's outside the time window: 17:30:00 - 19:00:00
2025-04-17 22:55:00 - INFO - [_run_strategy_if_applicable] [N/A] ⏰ Strategy 'VWAP_diff_signal_rsi_1700' not executed because it's outside the time window: 17:30:00 - 19:00:00
2025-04-17 22:55:00 - INFO - [trading_loop] [N/A] 📊 Updating SL/TP for active orders
2025-04-17 22:55:01 - INFO - [_wait_until_next_iteration] [N/A] ⏳ Sleeping for 58.94 seconds before the next cycle
2025-04-17 22:56:00 - DEBUG - [trading_loop] [N/A] ⏱ Skipping EMA_Cross_ema50, not yet time (every 5m)
2025-04-17 22:56:00 - DEBUG - [trading_loop] [N/A] ⏱ Skipping EMA_Cross_candle, not yet time (every 5m)
2025-04-17 22:56:00 - DEBUG - [trading_loop] [N/A] ⏱ Skipping VWAP_diff_signal_1700, not yet time (every 5m)
2025-04-17 22:56:00 - DEBUG - [trading_loop] [N/A] ⏱ Skipping SMA_Cross_sma50, not yet time (every 5m)
2025-04-17 22:56:00 - DEBUG - [trading_loop] [N/A] ⏱ Skipping SMA_Cross_candle, not yet time (every 5m)
2025-04-17 22:56:00 - DEBUG - [trading_loop] [N/A] ⏱ Skipping VWAP_diff_signal_1700_volume, not yet time (every 5m)
2025-04-17 22:56:00 - DEBUG - [trading_loop] [N/A] ⏱ Skipping VWAP_diff_signal_rsi_1700, not yet time (every 5m)
2025-04-17 22:56:00 - INFO - [trading_loop] [N/A] 📊 Updating SL/TP for active orders
2025-04-17 22:56:01 - INFO - [_wait_until_next_iteration] [N/A] ⏳ Sleeping for 58.93 seconds before the next cycle
2025-04-17 22:57:00 - DEBUG - [trading_loop] [N/A] ⏱ Skipping EMA_Cross_ema50, not yet time (every 5m)
2025-04-17 22:57:00 - DEBUG - [trading_loop] [N/A] ⏱ Skipping EMA_Cross_candle, not yet time (every 5m)
2025-04-17 22:57:00 - DEBUG - [trading_loop] [N/A] ⏱ Skipping VWAP_diff_signal_1700, not yet time (every 5m)
2025-04-17 22:57:00 - DEBUG - [trading_loop] [N/A] ⏱ Skipping SMA_Cross_sma50, not yet time (every 5m)
2025-04-17 22:57:00 - DEBUG - [trading_loop] [N/A] ⏱ Skipping SMA_Cross_candle, not yet time (every 5m)
2025-04-17 22:57:00 - DEBUG - [trading_loop] [N/A] ⏱ Skipping VWAP_diff_signal_1700_volume, not yet time (every 5m)
2025-04-17 22:57:00 - DEBUG - [trading_loop] [N/A] ⏱ Skipping VWAP_diff_signal_rsi_1700, not yet time (every 5m)
2025-04-17 22:57:00 - INFO - [trading_loop] [N/A] 📊 Updating SL/TP for active orders
2025-04-17 22:57:01 - INFO - [_wait_until_next_iteration] [N/A] ⏳ Sleeping for 58.93 seconds before the next cycle
2025-04-17 22:58:00 - ERROR - [safe_main_trading] [N/A] Error in thread: IB.reqAccountUpdates() takes from 1 to 2 positional arguments but 3 were given
2025-04-18 09:58:25 - INFO - [wait_for_precise_time] [N/A] 🌅 Troppo presto, attendo l'inizio della sessione alle 16:30:00
