date,open,high,low,close,volume,average,barCount
2024-07-08 09:45:00-04:00,47.4,47.6,47.2,47.6,59196.0,47.415,151
2024-07-08 09:50:00-04:00,47.55,47.55,47.1,47.48,15211.0,47.36,74
2024-07-08 09:55:00-04:00,47.44,47.51,47.24,47.37,17485.0,47.445,102
2024-07-08 10:00:00-04:00,47.39,47.39,47.2,47.29,29843.0,47.276,84
2024-07-08 10:05:00-04:00,47.29,47.35,47.18,47.35,36462.0,47.242,206
2024-07-08 10:10:00-04:00,47.33,47.43,47.1,47.13,53201.0,47.271,248
2024-07-08 10:15:00-04:00,47.13,47.16,46.75,46.76,44785.0,46.952,260
2024-07-08 10:20:00-04:00,46.82,47.0,46.79,46.85,44080.0,46.885,231
2024-07-08 10:25:00-04:00,46.85,47.02,46.63,47.02,103943.0,46.86,419
2024-07-08 10:30:00-04:00,47.0,47.22,46.92,47.07,51043.0,47.057,296
2024-07-08 10:35:00-04:00,47.07,47.08,46.46,46.54,141497.0,46.753,540
2024-07-08 10:40:00-04:00,46.51,46.54,46.08,46.37,87973.0,46.239,470
2024-07-08 10:45:00-04:00,46.37,46.37,46.21,46.32,50755.0,46.324,296
2024-07-08 10:50:00-04:00,46.32,46.42,46.26,46.34,118050.0,46.329,516
2024-07-08 10:55:00-04:00,46.34,46.45,46.31,46.43,122575.0,46.392,457
2024-07-08 11:00:00-04:00,46.43,46.44,46.42,46.43,78501.0,46.428,338
2024-07-08 11:05:00-04:00,46.43,46.43,46.32,46.34,125499.0,46.381,625
2024-07-08 11:10:00-04:00,46.35,46.43,46.27,46.28,76478.0,46.376,421
2024-07-08 11:15:00-04:00,46.27,46.39,46.25,46.34,122816.0,46.332,600
2024-07-08 11:20:00-04:00,46.34,46.35,46.23,46.28,145277.0,46.293,632
2024-07-08 11:25:00-04:00,46.28,46.3,46.12,46.18,102759.0,46.236,480
2024-07-08 11:30:00-04:00,46.18,46.19,45.39,45.8,208145.0,45.692,1060
2024-07-08 11:35:00-04:00,45.87,46.07,45.8,45.99,103868.0,45.898,662
2024-07-08 11:40:00-04:00,45.99,46.08,45.96,46.06,72795.0,46.023,440
2024-07-08 11:45:00-04:00,46.07,46.07,45.96,45.99,96007.0,46.023,577
2024-07-08 11:50:00-04:00,45.98,46.05,45.96,46.01,86308.0,46.008,529
2024-07-08 11:55:00-04:00,46.0,46.16,46.0,46.07,101963.0,46.092,528
2024-07-08 12:00:00-04:00,46.06,46.15,46.05,46.12,95016.0,46.117,490
2024-07-08 12:05:00-04:00,46.12,46.31,46.07,46.23,126922.0,46.205,729
2024-07-08 12:10:00-04:00,46.24,46.26,46.21,46.23,41930.0,46.231,260
2024-07-08 12:15:00-04:00,46.23,46.34,46.18,46.32,139320.0,46.27,630
2024-07-08 12:20:00-04:00,46.33,46.45,46.27,46.41,119489.0,46.365,542
2024-07-08 12:25:00-04:00,46.41,46.62,46.38,46.42,151134.0,46.5,725
2024-07-08 12:30:00-04:00,46.42,46.7,46.42,46.55,114192.0,46.55,662
2024-07-08 12:35:00-04:00,46.57,46.57,46.5,46.56,89566.0,46.53,556
2024-07-08 12:40:00-04:00,46.57,46.93,46.56,46.66,72809.0,46.694,448
2024-07-08 12:45:00-04:00,46.67,46.69,46.46,46.46,112275.0,46.518,501
2024-07-08 12:50:00-04:00,46.48,46.63,46.46,46.57,60798.0,46.562,385
2024-07-08 12:55:00-04:00,46.57,46.57,46.46,46.54,62469.0,46.516,344
2024-07-08 13:00:00-04:00,46.54,46.54,46.11,46.38,96662.0,46.357,477
2024-07-08 13:05:00-04:00,46.39,46.51,46.17,46.47,73554.0,46.396,327
2024-07-08 13:10:00-04:00,46.47,46.51,46.37,46.49,39785.0,46.466,236
2024-07-08 13:15:00-04:00,46.49,46.51,46.28,46.5,72122.0,46.424,507
2024-07-08 13:20:00-04:00,46.51,46.51,46.38,46.51,38030.0,46.49,261
2024-07-08 13:25:00-04:00,46.51,46.77,46.49,46.53,62777.0,46.669,384
2024-07-08 13:30:00-04:00,46.53,46.58,46.5,46.5,40727.0,46.541,243
2024-07-08 13:35:00-04:00,46.5,46.51,46.21,46.5,102051.0,46.4,557
2024-07-08 13:40:00-04:00,46.49,46.52,46.42,46.45,52273.0,46.496,376
2024-07-08 13:45:00-04:00,46.47,46.51,46.24,46.33,105740.0,46.405,483
2024-07-08 13:50:00-04:00,46.33,46.45,46.12,46.44,85740.0,46.301,517
2024-07-08 13:55:00-04:00,46.44,46.45,46.2,46.23,43386.0,46.34,257
2024-07-08 14:00:00-04:00,46.2,46.3,45.75,46.15,151417.0,46.152,677
2024-07-08 14:05:00-04:00,46.11,46.15,46.0,46.09,80711.0,46.048,535
2024-07-08 14:10:00-04:00,46.08,46.22,46.01,46.07,92788.0,46.108,474
2024-07-08 14:15:00-04:00,46.07,46.14,46.0,46.03,82711.0,46.063,448
2024-07-08 14:20:00-04:00,46.05,46.19,45.97,46.04,108362.0,46.058,647
2024-07-08 14:25:00-04:00,46.02,46.06,46.0,46.03,55449.0,46.027,317
2024-07-08 14:30:00-04:00,46.03,46.04,45.98,46.01,63499.0,46.017,369
2024-07-08 14:35:00-04:00,46.01,46.2,46.01,46.08,84173.0,46.082,430
2024-07-08 14:40:00-04:00,46.08,46.09,46.0,46.06,94461.0,46.049,458
2024-07-08 14:45:00-04:00,46.06,46.06,45.57,45.69,219022.0,45.863,1011
2024-07-08 14:50:00-04:00,45.69,45.95,45.58,45.58,67093.0,45.809,447
2024-07-08 14:55:00-04:00,45.57,45.61,45.14,45.45,119185.0,45.391,806
2024-07-08 15:00:00-04:00,45.45,45.47,45.23,45.35,92221.0,45.358,565
2024-07-08 15:05:00-04:00,45.29,45.41,45.05,45.07,83180.0,45.248,584
2024-07-08 15:10:00-04:00,45.07,45.14,44.9,45.1,137424.0,45.027,741
2024-07-08 15:15:00-04:00,45.14,45.18,44.99,45.17,101063.0,45.041,608
2024-07-08 15:20:00-04:00,45.17,45.5,45.15,45.46,106535.0,45.32,674
2024-07-08 15:25:00-04:00,45.46,45.5,45.25,45.43,111118.0,45.372,683
2024-07-08 15:30:00-04:00,45.43,45.69,45.36,45.64,143859.0,45.468,750
2024-07-08 15:35:00-04:00,45.66,45.75,45.53,45.68,142357.0,45.671,851
2024-07-08 15:40:00-04:00,45.67,45.9,45.64,45.67,184254.0,45.753,870
2024-07-08 15:45:00-04:00,45.67,45.94,45.58,45.9,296067.0,45.738,1525
2024-07-08 15:50:00-04:00,45.9,46.16,45.58,46.15,830871.0,45.967,3568
2024-07-08 15:55:00-04:00,46.15,46.25,45.58,46.0,1491493.0,45.828,4963
2024-07-09 09:30:00-04:00,44.76,45.59,44.74,45.53,524583.0,45.239,2026
2024-07-09 09:35:00-04:00,45.52,45.64,45.05,45.18,266627.0,45.388,1150
2024-07-09 09:40:00-04:00,45.16,45.3,45.16,45.28,174953.0,45.232,835
2024-07-09 09:45:00-04:00,45.27,45.36,45.24,45.34,158756.0,45.28,733
2024-07-09 09:50:00-04:00,45.35,45.48,45.3,45.37,91753.0,45.393,569
2024-07-09 09:55:00-04:00,45.37,45.48,45.28,45.48,162629.0,45.376,616
2024-07-09 10:00:00-04:00,45.48,45.81,45.47,45.75,254060.0,45.657,1018
2024-07-09 10:05:00-04:00,45.75,45.75,45.45,45.52,121711.0,45.609,543
2024-07-09 10:10:00-04:00,45.52,45.63,45.5,45.63,67488.0,45.532,377
2024-07-09 10:15:00-04:00,45.62,45.68,45.4,45.5,103071.0,45.532,466
2024-07-09 10:20:00-04:00,45.49,45.5,45.43,45.49,42077.0,45.48,204
2024-07-09 10:25:00-04:00,45.5,45.51,45.31,45.44,85288.0,45.429,395
2024-07-09 10:30:00-04:00,45.43,45.47,45.39,45.45,51942.0,45.439,290
2024-07-09 10:35:00-04:00,45.45,45.52,45.39,45.43,72099.0,45.459,376
2024-07-09 10:40:00-04:00,45.43,45.49,45.41,45.41,54246.0,45.45,286
2024-07-09 10:45:00-04:00,45.42,45.48,45.25,45.3,57758.0,45.417,310
2024-07-09 10:50:00-04:00,45.32,45.41,45.25,45.34,116340.0,45.359,551
2024-07-09 10:55:00-04:00,45.34,45.36,45.29,45.34,81808.0,45.325,412
2024-07-09 11:00:00-04:00,45.33,45.45,45.33,45.45,67194.0,45.389,358
2024-07-09 11:05:00-04:00,45.45,45.48,45.34,45.41,78601.0,45.453,461
2024-07-09 11:10:00-04:00,45.41,45.47,45.41,45.42,80570.0,45.445,466
2024-07-09 11:15:00-04:00,45.43,45.43,45.33,45.34,67271.0,45.373,377
2024-07-09 11:20:00-04:00,45.35,45.36,45.31,45.33,61349.0,45.336,390
2024-07-09 11:25:00-04:00,45.33,45.35,45.11,45.21,123784.0,45.231,692
2024-07-09 11:30:00-04:00,45.19,45.3,44.84,45.0,192990.0,45.038,761
2024-07-09 11:35:00-04:00,45.0,45.04,44.8,44.84,160079.0,44.923,633
2024-07-09 11:40:00-04:00,44.91,44.96,44.84,44.91,108639.0,44.914,409
2024-07-09 11:45:00-04:00,44.92,45.04,44.88,45.02,180192.0,44.97,503
2024-07-09 11:50:00-04:00,45.02,45.18,44.97,45.13,82216.0,45.038,423
2024-07-09 11:55:00-04:00,45.12,45.21,45.0,45.18,92388.0,45.128,419
2024-07-09 12:00:00-04:00,45.16,45.2,45.06,45.09,25080.0,45.144,197
2024-07-09 12:05:00-04:00,45.09,45.19,45.09,45.14,29833.0,45.151,221
2024-07-09 12:10:00-04:00,45.15,45.15,44.96,44.99,65085.0,45.038,328
2024-07-09 12:15:00-04:00,45.0,45.0,44.88,44.91,35897.0,44.954,232
2024-07-09 12:20:00-04:00,44.93,44.95,44.87,44.89,27783.0,44.913,208
2024-07-09 12:25:00-04:00,44.89,44.9,44.53,44.61,103443.0,44.663,548
2024-07-09 12:30:00-04:00,44.59,44.89,44.59,44.78,50367.0,44.752,329
2024-07-09 12:35:00-04:00,44.81,44.84,44.56,44.76,71147.0,44.729,349
2024-07-09 12:40:00-04:00,44.76,44.89,44.74,44.89,19928.0,44.836,162
2024-07-09 12:45:00-04:00,44.89,44.94,44.83,44.92,26234.0,44.89,198
2024-07-09 12:50:00-04:00,44.93,44.93,44.7,44.8,66362.0,44.833,242
2024-07-09 12:55:00-04:00,44.82,45.03,44.79,44.97,34340.0,44.91,215
2024-07-09 13:00:00-04:00,44.98,45.08,44.93,45.08,50072.0,44.995,219
2024-07-09 13:05:00-04:00,45.08,45.08,44.99,45.01,30060.0,45.019,200
2024-07-09 13:10:00-04:00,45.02,45.02,44.73,44.9,69103.0,44.878,295
2024-07-09 13:15:00-04:00,44.9,44.95,44.65,44.76,58409.0,44.805,339
2024-07-09 13:20:00-04:00,44.76,44.89,44.65,44.78,113572.0,44.763,551
2024-07-09 13:25:00-04:00,44.78,44.93,44.77,44.89,78160.0,44.873,308
2024-07-09 13:30:00-04:00,44.89,44.95,44.74,44.87,60131.0,44.879,301
2024-07-09 13:35:00-04:00,44.86,44.93,44.74,44.79,36850.0,44.876,207
2024-07-09 13:40:00-04:00,44.8,44.82,44.65,44.8,19722.0,44.739,150
2024-07-09 13:45:00-04:00,44.8,44.82,44.77,44.8,19983.0,44.791,135
2024-07-09 13:50:00-04:00,44.82,44.83,44.63,44.78,32137.0,44.749,227
2024-07-09 13:55:00-04:00,44.75,44.76,44.69,44.7,19644.0,44.72,157
2024-07-09 14:00:00-04:00,44.71,44.71,44.56,44.62,50987.0,44.62,299
2024-07-09 14:05:00-04:00,44.63,44.78,44.62,44.7,94733.0,44.691,372
2024-07-09 14:10:00-04:00,44.71,44.75,44.54,44.55,45796.0,44.629,212
2024-07-09 14:15:00-04:00,44.57,44.6,44.32,44.37,73877.0,44.479,327
2024-07-09 14:20:00-04:00,44.37,44.58,44.34,44.44,54044.0,44.455,380
2024-07-09 14:25:00-04:00,44.43,44.44,44.32,44.43,22667.0,44.401,185
2024-07-09 14:30:00-04:00,44.43,44.52,44.42,44.48,47748.0,44.48,364
2024-07-09 14:35:00-04:00,44.48,44.61,44.47,44.58,42039.0,44.524,252
2024-07-09 14:40:00-04:00,44.57,44.58,44.45,44.53,34280.0,44.52,214
2024-07-09 14:45:00-04:00,44.53,44.65,44.47,44.63,59044.0,44.547,320
2024-07-09 14:50:00-04:00,44.64,44.78,44.63,44.7,91917.0,44.707,346
2024-07-09 14:55:00-04:00,44.7,44.77,44.67,44.77,46326.0,44.699,254
2024-07-09 15:00:00-04:00,44.77,44.86,44.58,44.68,49772.0,44.782,342
2024-07-09 15:05:00-04:00,44.7,44.82,44.66,44.77,49615.0,44.774,258
2024-07-09 15:10:00-04:00,44.79,44.85,44.77,44.84,55909.0,44.825,328
2024-07-09 15:15:00-04:00,44.84,45.0,44.7,44.91,78618.0,44.856,468
2024-07-09 15:20:00-04:00,44.92,44.99,44.83,44.98,56089.0,44.929,276
2024-07-09 15:25:00-04:00,44.98,45.14,44.97,45.12,188767.0,45.02,615
2024-07-09 15:30:00-04:00,45.13,45.14,44.92,44.96,62401.0,45.081,400
2024-07-09 15:35:00-04:00,44.95,45.17,44.94,45.16,85504.0,45.075,481
2024-07-09 15:40:00-04:00,45.17,45.28,45.13,45.25,187017.0,45.195,820
2024-07-09 15:45:00-04:00,45.25,45.26,45.13,45.23,167724.0,45.224,757
2024-07-09 15:50:00-04:00,45.23,45.24,45.02,45.07,177603.0,45.102,1250
2024-07-09 15:55:00-04:00,45.07,45.18,44.75,44.85,349294.0,44.937,2043
2024-07-10 09:30:00-04:00,45.04,45.09,44.66,44.86,171729.0,44.94,569
2024-07-10 09:35:00-04:00,44.86,44.99,44.85,44.95,42263.0,44.946,197
2024-07-10 09:40:00-04:00,44.93,44.93,44.68,44.73,51597.0,44.765,194
2024-07-10 09:45:00-04:00,44.74,44.77,44.4,44.71,286869.0,44.618,820
2024-07-10 09:50:00-04:00,44.69,44.88,44.69,44.88,64364.0,44.765,307
2024-07-10 09:55:00-04:00,44.88,45.1,44.84,44.95,126173.0,44.99,624
2024-07-10 10:00:00-04:00,44.95,45.0,44.88,44.96,111439.0,44.934,489
2024-07-10 10:05:00-04:00,44.97,45.21,44.93,45.04,83958.0,45.046,483
2024-07-10 10:10:00-04:00,45.04,45.09,44.98,45.09,70259.0,45.06,253
2024-07-10 10:15:00-04:00,45.06,45.12,45.03,45.08,65811.0,45.08,375
2024-07-10 10:20:00-04:00,45.08,45.08,45.04,45.06,36507.0,45.061,231
2024-07-10 10:25:00-04:00,45.06,45.07,44.98,45.05,110217.0,45.007,206
2024-07-10 10:30:00-04:00,45.05,45.07,44.98,44.98,32842.0,45.036,227
2024-07-10 10:35:00-04:00,44.98,45.0,44.94,44.97,19980.0,44.969,146
2024-07-10 10:40:00-04:00,44.95,45.05,44.95,45.04,87956.0,45.007,389
2024-07-10 10:45:00-04:00,45.02,45.06,45.0,45.01,35589.0,45.026,258
2024-07-10 10:50:00-04:00,45.03,45.05,44.97,45.0,33523.0,45.011,219
2024-07-10 10:55:00-04:00,44.98,45.02,44.96,45.01,21257.0,44.992,177
2024-07-10 11:00:00-04:00,45.0,45.02,44.97,44.98,25538.0,44.994,191
2024-07-10 11:05:00-04:00,44.97,45.0,44.94,44.99,59387.0,44.965,204
2024-07-10 11:10:00-04:00,44.97,45.02,44.93,45.0,50396.0,44.979,302
2024-07-10 11:15:00-04:00,45.0,45.05,44.99,45.0,45010.0,45.016,300
2024-07-10 11:20:00-04:00,45.0,45.06,44.99,45.04,112820.0,45.015,380
2024-07-10 11:25:00-04:00,45.02,45.12,45.0,45.09,79575.0,45.069,528
2024-07-10 11:30:00-04:00,45.1,45.28,44.95,44.95,207484.0,45.08,975
2024-07-10 11:35:00-04:00,44.93,45.02,44.88,44.9,101113.0,44.959,432
2024-07-10 11:40:00-04:00,44.9,44.9,44.71,44.84,53851.0,44.823,267
2024-07-10 11:45:00-04:00,44.86,44.87,44.79,44.87,61903.0,44.849,203
2024-07-10 11:50:00-04:00,44.87,45.09,44.86,45.08,48569.0,44.907,244
2024-07-10 11:55:00-04:00,45.07,45.18,45.03,45.07,38347.0,45.099,240
2024-07-10 12:00:00-04:00,45.08,45.15,45.05,45.13,23869.0,45.097,171
2024-07-10 12:05:00-04:00,45.07,45.13,44.93,45.03,19148.0,45.07,147
2024-07-10 12:10:00-04:00,45.05,45.08,44.99,44.99,41379.0,45.046,139
2024-07-10 12:15:00-04:00,44.98,45.08,44.86,45.02,40807.0,44.964,278
2024-07-10 12:20:00-04:00,45.01,45.18,44.98,45.17,74814.0,45.024,192
2024-07-10 12:25:00-04:00,45.14,45.2,45.09,45.17,39801.0,45.162,255
2024-07-10 12:30:00-04:00,45.18,45.22,45.05,45.2,37385.0,45.162,226
2024-07-10 12:35:00-04:00,45.17,45.19,45.1,45.11,22512.0,45.154,165
2024-07-10 12:40:00-04:00,45.11,45.23,45.11,45.21,24656.0,45.16,169
2024-07-10 12:45:00-04:00,45.2,45.24,45.13,45.2,14721.0,45.178,118
2024-07-10 12:50:00-04:00,45.2,45.43,45.18,45.33,64045.0,45.303,429
2024-07-10 12:55:00-04:00,45.31,45.48,45.28,45.44,44243.0,45.4,285
2024-07-10 13:00:00-04:00,45.45,45.48,45.38,45.43,34503.0,45.445,204
2024-07-10 13:05:00-04:00,45.43,45.43,45.27,45.27,21686.0,45.368,149
2024-07-10 13:10:00-04:00,45.26,45.29,45.1,45.14,18870.0,45.173,152
2024-07-10 13:15:00-04:00,45.16,45.16,45.09,45.09,15986.0,45.121,124
2024-07-10 13:20:00-04:00,45.09,45.22,45.07,45.18,20935.0,45.138,139
2024-07-10 13:25:00-04:00,45.18,45.28,45.17,45.27,16243.0,45.216,129
2024-07-10 13:30:00-04:00,45.26,45.36,45.21,45.35,26094.0,45.288,208
2024-07-10 13:35:00-04:00,45.36,45.41,45.27,45.35,36460.0,45.358,267
2024-07-10 13:40:00-04:00,45.38,45.44,45.35,45.44,26324.0,45.402,181
2024-07-10 13:45:00-04:00,45.44,45.44,45.25,45.37,25566.0,45.376,203
2024-07-10 13:50:00-04:00,45.32,45.42,45.32,45.4,14812.0,45.387,127
2024-07-10 13:55:00-04:00,45.4,45.41,45.35,45.35,15113.0,45.384,118
2024-07-10 14:00:00-04:00,45.36,45.41,45.29,45.41,24380.0,45.352,187
2024-07-10 14:05:00-04:00,45.41,45.47,45.34,45.47,28378.0,45.413,198
2024-07-10 14:10:00-04:00,45.47,45.67,45.46,45.67,120379.0,45.517,594
2024-07-10 14:15:00-04:00,45.67,45.94,45.65,45.89,88787.0,45.775,513
2024-07-10 14:20:00-04:00,45.88,46.0,45.79,46.0,56528.0,45.911,373
2024-07-10 14:25:00-04:00,46.0,46.07,45.96,46.02,90181.0,45.998,433
2024-07-10 14:30:00-04:00,46.02,46.2,46.0,46.04,64398.0,46.084,316
2024-07-10 14:35:00-04:00,46.04,46.19,46.01,46.15,41586.0,46.078,263
2024-07-10 14:40:00-04:00,46.19,46.24,46.02,46.05,74603.0,46.114,367
2024-07-10 14:45:00-04:00,46.05,46.09,45.9,46.03,68861.0,45.996,384
2024-07-10 14:50:00-04:00,46.03,46.05,45.95,45.96,71433.0,45.991,438
2024-07-10 14:55:00-04:00,45.98,46.01,45.95,46.0,37989.0,45.984,267
2024-07-10 15:00:00-04:00,46.0,46.01,45.95,45.97,31564.0,45.989,209
2024-07-10 15:05:00-04:00,45.98,45.98,45.95,45.97,37290.0,45.967,273
2024-07-10 15:10:00-04:00,45.96,46.0,45.94,46.0,34309.0,45.965,225
2024-07-10 15:15:00-04:00,46.0,46.0,45.95,45.99,30482.0,45.977,225
2024-07-10 15:20:00-04:00,45.99,45.99,45.95,45.97,43355.0,45.966,262
2024-07-10 15:25:00-04:00,45.97,45.98,45.78,45.86,60244.0,45.908,316
2024-07-10 15:30:00-04:00,45.85,45.88,45.7,45.79,50206.0,45.775,321
2024-07-10 15:35:00-04:00,45.79,45.83,45.62,45.76,48944.0,45.731,360
2024-07-10 15:40:00-04:00,45.75,45.76,45.6,45.69,43982.0,45.672,316
2024-07-10 15:45:00-04:00,45.67,45.77,45.53,45.56,52464.0,45.678,352
2024-07-10 15:50:00-04:00,45.54,45.85,45.37,45.75,202122.0,45.601,1269
2024-07-10 15:55:00-04:00,45.76,46.05,45.75,45.84,501223.0,45.958,2159
2024-07-11 09:30:00-04:00,45.48,45.56,45.41,45.49,132209.0,45.46,412
2024-07-11 09:35:00-04:00,45.5,45.67,45.47,45.57,84532.0,45.596,481
2024-07-11 09:40:00-04:00,45.57,45.58,45.5,45.53,33092.0,45.532,227
2024-07-11 09:45:00-04:00,45.56,45.88,45.54,45.68,67496.0,45.74,426
2024-07-11 09:50:00-04:00,45.69,45.85,45.54,45.8,100976.0,45.696,526
2024-07-11 09:55:00-04:00,45.77,45.78,45.56,45.6,41194.0,45.679,249
2024-07-11 10:00:00-04:00,45.59,45.84,45.56,45.79,55142.0,45.695,371
2024-07-11 10:05:00-04:00,45.79,45.9,45.66,45.76,58924.0,45.841,365
2024-07-11 10:10:00-04:00,45.75,45.78,45.63,45.64,42410.0,45.728,310
2024-07-11 10:15:00-04:00,45.63,45.7,45.58,45.61,30645.0,45.634,226
2024-07-11 10:20:00-04:00,45.58,45.62,45.45,45.45,18209.0,45.548,144
2024-07-11 10:25:00-04:00,45.45,45.59,45.4,45.49,31738.0,45.492,200
2024-07-11 10:30:00-04:00,45.49,45.53,45.39,45.41,31174.0,45.479,224
2024-07-11 10:35:00-04:00,45.4,45.53,45.39,45.52,64113.0,45.469,369
2024-07-11 10:40:00-04:00,45.52,45.53,45.4,45.45,70572.0,45.476,462
2024-07-11 10:45:00-04:00,45.45,45.47,45.35,45.43,87296.0,45.446,256
2024-07-11 10:50:00-04:00,45.43,45.68,45.4,45.42,66426.0,45.541,361
2024-07-11 10:55:00-04:00,45.46,45.54,45.43,45.52,96385.0,45.491,235
2024-07-11 11:00:00-04:00,45.54,45.57,45.5,45.54,61592.0,45.532,391
2024-07-11 11:05:00-04:00,45.52,45.61,45.5,45.52,53173.0,45.534,389
2024-07-11 11:10:00-04:00,45.53,45.67,45.51,45.64,253417.0,45.557,899
2024-07-11 11:15:00-04:00,45.64,45.83,45.6,45.63,86979.0,45.698,469
2024-07-11 11:20:00-04:00,45.63,45.66,45.58,45.6,60696.0,45.61,345
2024-07-11 11:25:00-04:00,45.58,45.6,45.56,45.58,94014.0,45.58,300
2024-07-11 11:30:00-04:00,45.6,45.7,45.55,45.56,108990.0,45.589,868
2024-07-11 11:35:00-04:00,45.56,45.78,45.56,45.76,27756.0,45.67,188
2024-07-11 11:40:00-04:00,45.75,45.83,45.75,45.81,30209.0,45.803,189
2024-07-11 11:45:00-04:00,45.82,46.06,45.82,46.06,116961.0,45.921,303
2024-07-11 11:50:00-04:00,46.04,46.21,46.04,46.16,63911.0,46.145,439
2024-07-11 11:55:00-04:00,46.16,46.28,46.07,46.28,125407.0,46.187,624
2024-07-11 12:00:00-04:00,46.25,46.28,46.12,46.23,62933.0,46.182,228
2024-07-11 12:05:00-04:00,46.24,46.25,46.1,46.2,33238.0,46.168,180
2024-07-11 12:10:00-04:00,46.17,46.23,46.15,46.23,28866.0,46.19,153
2024-07-11 12:15:00-04:00,46.22,46.34,46.2,46.27,52059.0,46.278,336
2024-07-11 12:20:00-04:00,46.27,46.31,46.16,46.3,65702.0,46.221,205
2024-07-11 12:25:00-04:00,46.3,46.32,46.17,46.21,79513.0,46.241,341
2024-07-11 12:30:00-04:00,46.22,46.26,46.19,46.25,14674.0,46.216,107
2024-07-11 12:35:00-04:00,46.26,46.33,46.09,46.16,27680.0,46.198,216
2024-07-11 12:40:00-04:00,46.15,46.15,46.06,46.12,41526.0,46.091,161
2024-07-11 12:45:00-04:00,46.1,46.37,46.08,46.31,32787.0,46.231,237
2024-07-11 12:50:00-04:00,46.29,46.31,46.22,46.23,22344.0,46.269,168
2024-07-11 12:55:00-04:00,46.26,46.29,46.19,46.21,48304.0,46.221,157
2024-07-11 13:00:00-04:00,46.19,46.3,46.12,46.15,31144.0,46.222,203
2024-07-11 13:05:00-04:00,46.15,46.21,46.15,46.2,17425.0,46.182,109
2024-07-11 13:10:00-04:00,46.2,46.34,46.18,46.32,152912.0,46.217,287
2024-07-11 13:15:00-04:00,46.32,46.48,46.29,46.44,43852.0,46.39,259
2024-07-11 13:20:00-04:00,46.44,46.46,46.35,46.36,40449.0,46.405,268
2024-07-11 13:25:00-04:00,46.37,46.37,46.18,46.22,37354.0,46.262,226
2024-07-11 13:30:00-04:00,46.22,46.32,46.21,46.23,31922.0,46.256,208
2024-07-11 13:35:00-04:00,46.21,46.25,46.21,46.23,33214.0,46.227,154
2024-07-11 13:40:00-04:00,46.24,46.4,46.23,46.36,64040.0,46.343,365
2024-07-11 13:45:00-04:00,46.36,46.42,46.33,46.36,79095.0,46.375,387
2024-07-11 13:50:00-04:00,46.36,46.44,46.23,46.43,56979.0,46.33,319
2024-07-11 13:55:00-04:00,46.44,46.46,46.24,46.35,41408.0,46.352,277
2024-07-11 14:00:00-04:00,46.35,46.42,46.22,46.26,38196.0,46.311,260
2024-07-11 14:05:00-04:00,46.26,46.39,46.22,46.39,70170.0,46.275,379
2024-07-11 14:10:00-04:00,46.39,46.39,46.29,46.33,34816.0,46.328,247
2024-07-11 14:15:00-04:00,46.34,46.35,46.25,46.26,25762.0,46.305,180
2024-07-11 14:20:00-04:00,46.26,46.26,46.19,46.22,75984.0,46.22,349
2024-07-11 14:25:00-04:00,46.22,46.26,46.14,46.2,74425.0,46.19,344
2024-07-11 14:30:00-04:00,46.23,46.28,46.23,46.25,103270.0,46.252,243
2024-07-11 14:35:00-04:00,46.26,46.28,46.22,46.28,40261.0,46.249,263
2024-07-11 14:40:00-04:00,46.28,46.28,46.15,46.26,26552.0,46.237,202
2024-07-11 14:45:00-04:00,46.28,46.31,46.27,46.3,29170.0,46.286,207
2024-07-11 14:50:00-04:00,46.29,46.34,46.22,46.28,98362.0,46.3,391
2024-07-11 14:55:00-04:00,46.28,46.32,46.25,46.32,19704.0,46.293,148
2024-07-11 15:00:00-04:00,46.32,46.44,46.32,46.43,46829.0,46.391,334
2024-07-11 15:05:00-04:00,46.43,46.44,46.33,46.39,85629.0,46.398,466
2024-07-11 15:10:00-04:00,46.39,46.45,46.35,46.4,160978.0,46.399,424
2024-07-11 15:15:00-04:00,46.39,46.45,46.39,46.44,53128.0,46.428,380
2024-07-11 15:20:00-04:00,46.42,46.44,46.37,46.39,34596.0,46.411,275
2024-07-11 15:25:00-04:00,46.38,46.49,46.38,46.48,53002.0,46.45,354
2024-07-11 15:30:00-04:00,46.48,46.72,46.37,46.49,156578.0,46.564,884
2024-07-11 15:35:00-04:00,46.48,46.69,46.45,46.45,131585.0,46.608,657
2024-07-11 15:40:00-04:00,46.48,46.52,46.45,46.47,108179.0,46.495,730
2024-07-11 15:45:00-04:00,46.47,46.63,46.44,46.54,274293.0,46.537,1420
2024-07-11 15:50:00-04:00,46.54,46.76,46.52,46.74,265031.0,46.637,1619
2024-07-11 15:55:00-04:00,46.75,46.92,46.7,46.84,763709.0,46.847,4226
2024-07-12 09:30:00-04:00,46.91,47.13,46.86,47.01,196261.0,46.999,810
2024-07-12 09:35:00-04:00,47.01,47.1,46.95,47.01,92727.0,47.038,439
2024-07-12 09:40:00-04:00,47.01,47.16,46.94,47.09,75018.0,47.088,374
2024-07-12 09:45:00-04:00,47.09,47.22,47.07,47.09,75751.0,47.163,374
2024-07-12 09:50:00-04:00,47.11,47.12,46.99,47.08,79427.0,47.084,460
2024-07-12 09:55:00-04:00,47.1,47.26,47.08,47.17,131844.0,47.166,718
2024-07-12 10:00:00-04:00,47.23,47.54,47.18,47.54,240900.0,47.326,1172
2024-07-12 10:05:00-04:00,47.54,47.61,47.36,47.52,172983.0,47.539,989
2024-07-12 10:10:00-04:00,47.51,47.77,47.51,47.76,112699.0,47.6,727
2024-07-12 10:15:00-04:00,47.76,47.84,47.71,47.79,192219.0,47.783,886
2024-07-12 10:20:00-04:00,47.77,47.97,47.65,47.96,278192.0,47.791,1251
2024-07-12 10:25:00-04:00,47.96,48.01,47.79,47.95,263950.0,47.91,1132
2024-07-12 10:30:00-04:00,47.95,48.04,47.81,47.85,230662.0,47.917,1099
2024-07-12 10:35:00-04:00,47.85,47.93,47.78,47.93,160406.0,47.857,868
2024-07-12 10:40:00-04:00,47.92,47.96,47.82,47.84,129933.0,47.897,728
2024-07-12 10:45:00-04:00,47.83,47.88,47.78,47.85,153935.0,47.828,869
2024-07-12 10:50:00-04:00,47.84,47.88,47.75,47.85,137197.0,47.829,697
2024-07-12 10:55:00-04:00,47.87,47.89,47.43,47.59,152189.0,47.661,794
2024-07-12 11:00:00-04:00,47.6,47.81,47.59,47.74,111049.0,47.697,627
2024-07-12 11:05:00-04:00,47.74,47.82,47.66,47.78,121089.0,47.773,676
2024-07-12 11:10:00-04:00,47.79,47.79,47.62,47.65,96341.0,47.675,659
2024-07-12 11:15:00-04:00,47.65,47.91,47.62,47.9,251223.0,47.822,1083
2024-07-12 11:20:00-04:00,47.91,47.91,47.81,47.87,152539.0,47.862,849
2024-07-12 11:25:00-04:00,47.85,47.86,47.77,47.78,133275.0,47.819,796
2024-07-12 11:30:00-04:00,47.8,47.83,47.64,47.75,148027.0,47.741,631
2024-07-12 11:35:00-04:00,47.75,47.78,47.62,47.68,84479.0,47.719,444
2024-07-12 11:40:00-04:00,47.65,47.71,47.63,47.68,121086.0,47.666,615
2024-07-12 11:45:00-04:00,47.67,47.85,47.67,47.74,185200.0,47.753,793
2024-07-12 11:50:00-04:00,47.74,47.84,47.63,47.81,154935.0,47.762,737
2024-07-12 11:55:00-04:00,47.81,47.95,47.77,47.86,160360.0,47.834,753
2024-07-12 12:00:00-04:00,47.85,47.95,47.69,47.93,111357.0,47.882,702
2024-07-12 12:05:00-04:00,47.94,48.02,47.87,47.98,144310.0,47.953,688
2024-07-12 12:10:00-04:00,47.99,48.11,47.97,48.11,123783.0,48.001,727
2024-07-12 12:15:00-04:00,48.07,48.1,47.91,48.04,175714.0,48.019,826
2024-07-12 12:20:00-04:00,48.04,48.18,48.0,48.07,116803.0,48.096,618
2024-07-12 12:25:00-04:00,48.07,48.22,47.97,48.2,117807.0,48.118,613
2024-07-12 12:30:00-04:00,48.18,48.26,48.16,48.23,127104.0,48.227,571
2024-07-12 12:35:00-04:00,48.26,48.3,48.13,48.29,135866.0,48.258,605
2024-07-12 12:40:00-04:00,48.28,48.3,48.21,48.27,123211.0,48.249,596
2024-07-12 12:45:00-04:00,48.27,48.3,48.22,48.24,136481.0,48.282,618
2024-07-12 12:50:00-04:00,48.23,48.5,48.22,48.4,155761.0,48.376,862
2024-07-12 12:55:00-04:00,48.45,48.51,48.36,48.47,106714.0,48.467,536
2024-07-12 13:00:00-04:00,48.48,48.6,48.46,48.59,136365.0,48.516,688
2024-07-12 13:05:00-04:00,48.59,48.79,48.56,48.74,192114.0,48.651,687
2024-07-12 13:10:00-04:00,48.74,48.75,48.61,48.73,115141.0,48.734,570
2024-07-12 13:15:00-04:00,48.73,48.91,48.71,48.89,172564.0,48.826,846
2024-07-12 13:20:00-04:00,48.87,48.9,48.79,48.87,164042.0,48.858,843
2024-07-12 13:25:00-04:00,48.87,48.9,48.62,48.78,168938.0,48.767,870
2024-07-12 13:30:00-04:00,48.75,48.88,48.61,48.61,179998.0,48.747,869
2024-07-12 13:35:00-04:00,48.63,48.72,48.58,48.65,196594.0,48.641,818
2024-07-12 13:40:00-04:00,48.65,48.75,48.64,48.72,159605.0,48.706,706
2024-07-12 13:45:00-04:00,48.74,48.76,48.72,48.74,105071.0,48.744,576
2024-07-12 13:50:00-04:00,48.75,48.76,48.6,48.73,150239.0,48.714,724
2024-07-12 13:55:00-04:00,48.73,48.76,48.67,48.75,157058.0,48.73,710
2024-07-12 14:00:00-04:00,48.75,48.84,48.71,48.81,116251.0,48.741,638
2024-07-12 14:05:00-04:00,48.84,49.02,48.71,48.73,137374.0,48.93,692
2024-07-12 14:10:00-04:00,48.73,49.0,48.73,48.85,150825.0,48.908,748
2024-07-12 14:15:00-04:00,48.82,49.0,48.79,48.82,113461.0,48.935,621
2024-07-12 14:20:00-04:00,48.84,48.95,48.79,48.92,109396.0,48.899,669
2024-07-12 14:25:00-04:00,48.93,48.98,48.88,48.96,146518.0,48.927,691
2024-07-12 14:30:00-04:00,48.96,49.12,48.94,49.02,105646.0,49.022,689
2024-07-12 14:35:00-04:00,49.02,49.08,48.82,48.84,109948.0,48.934,652
2024-07-12 14:40:00-04:00,48.84,48.88,48.78,48.85,138684.0,48.832,760
2024-07-12 14:45:00-04:00,48.85,48.96,48.8,48.86,124617.0,48.875,658
2024-07-12 14:50:00-04:00,48.86,48.94,48.8,48.92,159394.0,48.881,829
2024-07-12 14:55:00-04:00,48.92,49.22,48.9,49.15,161644.0,49.05,856
2024-07-12 15:00:00-04:00,49.17,49.17,48.87,48.95,146620.0,48.976,828
2024-07-12 15:05:00-04:00,48.96,49.1,48.84,48.84,150706.0,49.04,734
2024-07-12 15:10:00-04:00,48.85,48.87,48.55,48.66,159216.0,48.698,879
2024-07-12 15:15:00-04:00,48.67,48.83,48.57,48.57,147876.0,48.655,769
2024-07-12 15:20:00-04:00,48.57,48.79,48.41,48.74,281462.0,48.523,1393
2024-07-12 15:25:00-04:00,48.76,48.78,48.55,48.67,196294.0,48.664,954
2024-07-12 15:30:00-04:00,48.63,49.06,48.6,49.0,340687.0,48.79,1619
2024-07-12 15:35:00-04:00,49.0,49.11,48.79,48.91,313351.0,48.977,1595
2024-07-12 15:40:00-04:00,48.94,49.11,48.87,48.97,326164.0,48.989,1534
2024-07-12 15:45:00-04:00,48.97,49.31,48.93,49.19,451094.0,49.175,2053
2024-07-12 15:50:00-04:00,49.19,49.24,48.62,48.82,508688.0,48.927,2665
2024-07-12 15:55:00-04:00,48.8,49.25,48.8,49.12,1210162.0,49.035,4794
2024-07-15 09:30:00-04:00,48.35,48.78,48.26,48.75,146140.0,48.513,525
2024-07-15 09:35:00-04:00,48.75,48.92,48.7,48.91,126086.0,48.802,525
2024-07-15 09:40:00-04:00,48.92,48.97,48.74,48.76,64960.0,48.872,255
2024-07-15 09:45:00-04:00,48.76,48.78,48.55,48.61,50722.0,48.672,194
2024-07-15 09:50:00-04:00,48.63,48.77,48.61,48.77,94956.0,48.701,444
2024-07-15 09:55:00-04:00,48.75,48.84,48.72,48.82,49939.0,48.79,236
2024-07-15 10:00:00-04:00,48.84,48.89,48.75,48.8,87539.0,48.823,395
2024-07-15 10:05:00-04:00,48.82,48.86,48.74,48.82,83008.0,48.803,427
2024-07-15 10:10:00-04:00,48.79,48.91,48.79,48.91,102088.0,48.85,515
2024-07-15 10:15:00-04:00,48.91,48.98,48.8,48.81,40772.0,48.899,273
2024-07-15 10:20:00-04:00,48.84,49.14,48.84,49.1,35516.0,49.012,232
2024-07-15 10:25:00-04:00,49.1,49.32,49.06,49.25,75773.0,49.179,406
2024-07-15 10:30:00-04:00,49.3,49.3,49.11,49.28,31997.0,49.186,228
2024-07-15 10:35:00-04:00,49.28,49.42,49.25,49.29,43821.0,49.323,295
2024-07-15 10:40:00-04:00,49.33,49.39,49.18,49.37,53875.0,49.318,291
2024-07-15 10:45:00-04:00,49.39,49.4,49.28,49.34,54836.0,49.342,226
2024-07-15 10:50:00-04:00,49.36,49.36,49.14,49.2,61983.0,49.274,374
2024-07-15 10:55:00-04:00,49.2,49.38,49.13,49.38,59698.0,49.222,258
2024-07-15 11:00:00-04:00,49.38,49.39,49.31,49.38,55071.0,49.354,299
2024-07-15 11:05:00-04:00,49.38,49.43,49.23,49.31,72972.0,49.332,273
2024-07-15 11:10:00-04:00,49.33,49.34,49.08,49.12,58624.0,49.18,286
2024-07-15 11:15:00-04:00,49.1,49.13,48.91,49.07,128777.0,49.06,207
2024-07-15 11:20:00-04:00,49.1,49.11,48.89,48.95,59838.0,49.002,268
2024-07-15 11:25:00-04:00,48.95,49.1,48.89,49.05,91544.0,48.96,560
2024-07-15 11:30:00-04:00,49.07,49.07,48.91,48.91,75831.0,49.007,422
2024-07-15 11:35:00-04:00,48.89,48.95,48.8,48.9,74586.0,48.887,303
2024-07-15 11:40:00-04:00,48.9,48.9,48.81,48.82,16637.0,48.867,136
2024-07-15 11:45:00-04:00,48.84,48.95,48.82,48.94,40989.0,48.907,227
2024-07-15 11:50:00-04:00,48.95,48.95,48.84,48.89,21240.0,48.898,169
2024-07-15 11:55:00-04:00,48.88,48.94,48.87,48.94,13065.0,48.909,112
2024-07-15 12:00:00-04:00,48.94,48.99,48.88,48.9,31187.0,48.934,170
2024-07-15 12:05:00-04:00,48.9,48.96,48.88,48.96,20618.0,48.905,127
2024-07-15 12:10:00-04:00,48.95,48.99,48.89,48.98,21556.0,48.954,144
2024-07-15 12:15:00-04:00,48.94,48.97,48.89,48.93,16053.0,48.945,98
2024-07-15 12:20:00-04:00,48.94,49.09,48.93,49.05,36511.0,49.007,201
2024-07-15 12:25:00-04:00,49.05,49.1,48.97,49.0,14133.0,49.053,102
2024-07-15 12:30:00-04:00,49.02,49.07,48.98,48.99,10959.0,49.014,83
2024-07-15 12:35:00-04:00,49.02,49.03,48.96,49.01,10105.0,49.004,75
2024-07-15 12:40:00-04:00,49.0,49.2,48.98,49.13,20846.0,49.099,123
2024-07-15 12:45:00-04:00,49.13,49.27,49.12,49.24,34486.0,49.19,225
2024-07-15 12:50:00-04:00,49.25,49.25,49.14,49.17,9123.0,49.179,76
2024-07-15 12:55:00-04:00,49.16,49.22,49.13,49.22,9881.0,49.169,71
2024-07-15 13:00:00-04:00,49.22,49.32,49.19,49.29,21371.0,49.268,138
2024-07-15 13:05:00-04:00,49.26,49.34,49.2,49.25,23578.0,49.274,142
2024-07-15 13:10:00-04:00,49.25,49.25,49.07,49.21,12204.0,49.129,96
2024-07-15 13:15:00-04:00,49.15,49.21,49.08,49.11,10434.0,49.114,76
2024-07-15 13:20:00-04:00,49.05,49.09,48.99,49.05,14082.0,49.026,96
2024-07-15 13:25:00-04:00,49.06,49.17,49.03,49.13,17799.0,49.108,103
2024-07-15 13:30:00-04:00,49.12,49.18,48.79,48.79,38277.0,48.999,182
2024-07-15 13:35:00-04:00,48.79,49.05,48.79,48.87,32409.0,48.93,130
2024-07-15 13:40:00-04:00,48.94,49.03,48.88,48.92,15604.0,48.925,112
2024-07-15 13:45:00-04:00,48.95,49.0,48.87,48.89,24777.0,48.929,112
2024-07-15 13:50:00-04:00,48.89,48.99,48.87,48.96,24970.0,48.947,120
2024-07-15 13:55:00-04:00,48.97,48.99,48.94,48.97,19175.0,48.964,72
2024-07-15 14:00:00-04:00,48.97,49.12,48.96,49.08,25650.0,49.016,144
2024-07-15 14:05:00-04:00,49.06,49.15,49.01,49.04,36559.0,49.095,121
2024-07-15 14:10:00-04:00,49.02,49.08,49.01,49.08,13907.0,49.042,81
2024-07-15 14:15:00-04:00,49.06,49.17,49.01,49.07,45168.0,49.103,165
2024-07-15 14:20:00-04:00,49.07,49.35,49.07,49.17,52031.0,49.166,255
2024-07-15 14:25:00-04:00,49.16,49.17,49.01,49.05,31075.0,49.059,162
2024-07-15 14:30:00-04:00,49.05,49.19,49.03,49.09,86852.0,49.091,252
2024-07-15 14:35:00-04:00,49.11,49.14,49.03,49.06,33981.0,49.085,160
2024-07-15 14:40:00-04:00,49.08,49.08,49.05,49.07,16576.0,49.065,80
2024-07-15 14:45:00-04:00,49.07,49.1,49.06,49.08,20556.0,49.077,125
2024-07-15 14:50:00-04:00,49.08,49.15,49.06,49.06,29971.0,49.085,143
2024-07-15 14:55:00-04:00,49.07,49.07,48.95,48.99,49617.0,49.038,161
2024-07-15 15:00:00-04:00,48.96,49.05,48.87,48.91,28084.0,48.947,152
2024-07-15 15:05:00-04:00,48.88,48.98,48.86,48.88,27101.0,48.905,170
2024-07-15 15:10:00-04:00,48.9,48.96,48.9,48.94,17906.0,48.932,119
2024-07-15 15:15:00-04:00,48.94,49.13,48.93,49.05,52688.0,49.019,262
2024-07-15 15:20:00-04:00,49.04,49.06,48.99,49.03,29062.0,49.027,175
2024-07-15 15:25:00-04:00,49.01,49.03,48.92,49.02,24318.0,48.98,167
2024-07-15 15:30:00-04:00,49.02,49.02,48.89,48.91,30162.0,48.95,167
2024-07-15 15:35:00-04:00,48.91,48.95,48.87,48.94,46887.0,48.903,233
2024-07-15 15:40:00-04:00,48.94,49.01,48.87,48.89,73919.0,48.954,354
2024-07-15 15:45:00-04:00,48.89,48.93,48.71,48.73,82511.0,48.805,383
2024-07-15 15:50:00-04:00,48.75,48.89,48.75,48.89,123524.0,48.834,762
2024-07-15 15:55:00-04:00,48.89,48.98,48.75,48.8,357744.0,48.885,1600
2024-07-16 09:30:00-04:00,48.42,48.56,48.36,48.56,63283.0,48.444,248
2024-07-16 09:35:00-04:00,48.55,48.6,48.48,48.56,22081.0,48.541,127
2024-07-16 09:40:00-04:00,48.57,48.6,48.49,48.49,28381.0,48.566,124
2024-07-16 09:45:00-04:00,48.49,48.56,48.46,48.53,126838.0,48.519,289
2024-07-16 09:50:00-04:00,48.53,48.62,48.52,48.6,33663.0,48.573,205
2024-07-16 09:55:00-04:00,48.62,48.69,48.56,48.58,90591.0,48.626,385
2024-07-16 10:00:00-04:00,48.57,48.61,48.49,48.54,27959.0,48.548,162
2024-07-16 10:05:00-04:00,48.54,48.6,48.46,48.47,50056.0,48.542,280
2024-07-16 10:10:00-04:00,48.46,48.47,48.43,48.44,23846.0,48.454,166
2024-07-16 10:15:00-04:00,48.44,48.46,48.32,48.33,50606.0,48.368,293
2024-07-16 10:20:00-04:00,48.32,48.37,48.22,48.32,88086.0,48.308,442
2024-07-16 10:25:00-04:00,48.32,48.36,48.18,48.34,165717.0,48.3,487
2024-07-16 10:30:00-04:00,48.34,48.35,48.2,48.24,31710.0,48.293,216
2024-07-16 10:35:00-04:00,48.22,48.23,48.02,48.04,38343.0,48.107,193
2024-07-16 10:40:00-04:00,48.05,48.3,48.05,48.3,51647.0,48.202,229
2024-07-16 10:45:00-04:00,48.3,48.33,48.22,48.32,65012.0,48.296,334
2024-07-16 10:50:00-04:00,48.32,48.33,48.28,48.3,58166.0,48.303,247
2024-07-16 10:55:00-04:00,48.32,48.35,48.17,48.18,65803.0,48.308,358
2024-07-16 11:00:00-04:00,48.19,48.21,48.11,48.2,39439.0,48.161,191
2024-07-16 11:05:00-04:00,48.18,48.25,48.0,48.08,69084.0,48.13,385
2024-07-16 11:10:00-04:00,48.07,48.29,48.07,48.21,49263.0,48.205,312
2024-07-16 11:15:00-04:00,48.16,48.4,48.12,48.35,47575.0,48.311,307
2024-07-16 11:20:00-04:00,48.34,48.38,48.31,48.32,55233.0,48.346,319
2024-07-16 11:25:00-04:00,48.32,48.35,48.2,48.22,80729.0,48.321,398
2024-07-16 11:30:00-04:00,48.22,48.29,48.18,48.18,82137.0,48.235,651
2024-07-16 11:35:00-04:00,48.16,48.29,48.13,48.25,62186.0,48.219,349
2024-07-16 11:40:00-04:00,48.27,48.33,48.23,48.26,22774.0,48.286,121
2024-07-16 11:45:00-04:00,48.26,48.3,48.22,48.27,19382.0,48.27,136
2024-07-16 11:50:00-04:00,48.27,48.28,48.1,48.28,23138.0,48.183,153
2024-07-16 11:55:00-04:00,48.26,48.28,48.14,48.23,12863.0,48.203,100
2024-07-16 12:00:00-04:00,48.2,48.2,48.13,48.17,8239.0,48.171,70
2024-07-16 12:05:00-04:00,48.14,48.19,48.08,48.18,17664.0,48.14,117
2024-07-16 12:10:00-04:00,48.14,48.16,48.08,48.08,13286.0,48.118,115
2024-07-16 12:15:00-04:00,48.09,48.14,48.04,48.1,33136.0,48.079,190
2024-07-16 12:20:00-04:00,48.1,48.16,48.1,48.16,13391.0,48.13,103
2024-07-16 12:25:00-04:00,48.16,48.26,48.15,48.22,28455.0,48.218,181
2024-07-16 12:30:00-04:00,48.23,48.3,48.22,48.29,10664.0,48.276,91
2024-07-16 12:35:00-04:00,48.3,48.33,48.28,48.32,17199.0,48.306,114
2024-07-16 12:40:00-04:00,48.33,48.33,48.3,48.31,11563.0,48.309,90
2024-07-16 12:45:00-04:00,48.31,48.33,48.18,48.3,34740.0,48.282,180
2024-07-16 12:50:00-04:00,48.3,48.3,48.27,48.28,11437.0,48.283,94
2024-07-16 12:55:00-04:00,48.29,48.38,48.27,48.37,18499.0,48.309,134
2024-07-16 13:00:00-04:00,48.38,48.41,48.34,48.35,13795.0,48.379,107
2024-07-16 13:05:00-04:00,48.36,48.49,48.35,48.48,13891.0,48.424,110
2024-07-16 13:10:00-04:00,48.47,48.52,48.44,48.46,55393.0,48.492,187
2024-07-16 13:15:00-04:00,48.46,48.49,48.4,48.4,23678.0,48.467,108
2024-07-16 13:20:00-04:00,48.39,48.43,48.35,48.37,10491.0,48.392,71
2024-07-16 13:25:00-04:00,48.37,48.43,48.37,48.37,12453.0,48.395,88
2024-07-16 13:30:00-04:00,48.38,48.41,48.35,48.36,8948.0,48.373,70
2024-07-16 13:35:00-04:00,48.34,48.41,48.28,48.41,17273.0,48.326,113
2024-07-16 13:40:00-04:00,48.41,48.58,48.41,48.55,53675.0,48.509,214
2024-07-16 13:45:00-04:00,48.57,48.59,48.5,48.53,42374.0,48.555,227
2024-07-16 13:50:00-04:00,48.53,48.59,48.51,48.52,14187.0,48.552,105
2024-07-16 13:55:00-04:00,48.51,48.6,48.49,48.58,22069.0,48.552,161
2024-07-16 14:00:00-04:00,48.58,48.67,48.54,48.54,31340.0,48.614,201
2024-07-16 14:05:00-04:00,48.56,48.7,48.5,48.7,46484.0,48.592,247
2024-07-16 14:10:00-04:00,48.67,48.75,48.62,48.64,43670.0,48.695,243
2024-07-16 14:15:00-04:00,48.67,48.74,48.66,48.73,14871.0,48.7,117
2024-07-16 14:20:00-04:00,48.71,48.75,48.66,48.67,17924.0,48.696,143
2024-07-16 14:25:00-04:00,48.7,48.78,48.68,48.74,15317.0,48.737,111
2024-07-16 14:30:00-04:00,48.73,48.75,48.68,48.75,13378.0,48.711,105
2024-07-16 14:35:00-04:00,48.76,48.87,48.75,48.87,34686.0,48.809,224
2024-07-16 14:40:00-04:00,48.87,48.95,48.85,48.95,26407.0,48.908,135
2024-07-16 14:45:00-04:00,48.96,49.01,48.94,48.96,31011.0,48.98,198
2024-07-16 14:50:00-04:00,48.95,48.99,48.94,48.98,13602.0,48.97,111
2024-07-16 14:55:00-04:00,48.97,49.07,48.96,49.0,34330.0,49.005,197
2024-07-16 15:00:00-04:00,49.01,49.07,49.0,49.07,25038.0,49.034,147
2024-07-16 15:05:00-04:00,49.07,49.17,49.07,49.17,28391.0,49.117,193
2024-07-16 15:10:00-04:00,49.17,49.24,49.09,49.09,37750.0,49.171,251
2024-07-16 15:15:00-04:00,49.09,49.12,49.0,49.02,20186.0,49.056,147
2024-07-16 15:20:00-04:00,49.02,49.16,49.01,49.15,27684.0,49.067,200
2024-07-16 15:25:00-04:00,49.16,49.18,49.06,49.08,30643.0,49.106,186
2024-07-16 15:30:00-04:00,49.09,49.22,49.08,49.22,49172.0,49.127,268
2024-07-16 15:35:00-04:00,49.22,49.35,49.21,49.34,78173.0,49.274,421
2024-07-16 15:40:00-04:00,49.33,49.45,49.28,49.32,99129.0,49.37,550
2024-07-16 15:45:00-04:00,49.32,49.4,49.23,49.24,73634.0,49.329,457
2024-07-16 15:50:00-04:00,49.22,49.37,49.21,49.32,81485.0,49.317,533
2024-07-16 15:55:00-04:00,49.32,49.33,49.21,49.21,247854.0,49.279,1193
2024-07-17 09:30:00-04:00,48.61,48.83,48.59,48.83,95088.0,48.696,348
2024-07-17 09:35:00-04:00,48.83,48.89,48.55,48.6,59213.0,48.672,361
2024-07-17 09:40:00-04:00,48.61,48.86,48.6,48.86,57709.0,48.718,254
2024-07-17 09:45:00-04:00,48.86,48.98,48.79,48.92,80270.0,48.896,317
2024-07-17 09:50:00-04:00,48.9,49.01,48.88,48.99,46239.0,48.968,228
2024-07-17 09:55:00-04:00,49.0,49.0,48.9,48.98,67437.0,48.946,272
2024-07-17 10:00:00-04:00,48.96,48.97,48.89,48.91,62874.0,48.923,249
2024-07-17 10:05:00-04:00,48.92,48.93,48.84,48.87,170420.0,48.881,682
2024-07-17 10:10:00-04:00,48.87,48.94,48.65,48.71,67880.0,48.847,340
2024-07-17 10:15:00-04:00,48.74,48.97,48.74,48.96,43270.0,48.863,162
2024-07-17 10:20:00-04:00,48.97,49.0,48.9,49.0,32059.0,48.952,196
2024-07-17 10:25:00-04:00,48.98,49.0,48.74,48.83,48369.0,48.86,251
2024-07-17 10:30:00-04:00,48.81,48.92,48.79,48.84,60063.0,48.865,242
2024-07-17 10:35:00-04:00,48.82,48.94,48.78,48.83,80665.0,48.86,355
2024-07-17 10:40:00-04:00,48.82,48.92,48.79,48.92,141650.0,48.841,404
2024-07-17 10:45:00-04:00,48.92,48.95,48.8,48.84,62941.0,48.888,294
2024-07-17 10:50:00-04:00,48.84,49.03,48.8,49.0,196759.0,48.936,291
2024-07-17 10:55:00-04:00,49.0,49.09,48.99,49.02,63921.0,49.039,351
2024-07-17 11:00:00-04:00,49.03,49.03,48.89,48.97,23744.0,48.942,175
2024-07-17 11:05:00-04:00,48.97,49.02,48.92,48.95,31132.0,48.974,226
2024-07-17 11:10:00-04:00,48.95,48.98,48.9,48.94,27424.0,48.948,197
2024-07-17 11:15:00-04:00,48.94,48.98,48.93,48.96,62088.0,48.96,437
2024-07-17 11:20:00-04:00,48.95,48.96,48.81,48.85,24364.0,48.873,171
2024-07-17 11:25:00-04:00,48.85,48.85,48.72,48.72,48790.0,48.785,368
2024-07-17 11:30:00-04:00,48.71,48.74,48.6,48.64,69628.0,48.682,535
2024-07-17 11:35:00-04:00,48.61,48.66,48.53,48.66,45811.0,48.596,307
2024-07-17 11:40:00-04:00,48.65,48.67,48.59,48.64,34152.0,48.628,207
2024-07-17 11:45:00-04:00,48.63,48.99,48.63,48.79,117327.0,48.81,665
2024-07-17 11:50:00-04:00,48.79,48.84,48.6,48.6,83553.0,48.756,304
2024-07-17 11:55:00-04:00,48.6,48.74,48.54,48.69,81084.0,48.631,406
2024-07-17 12:00:00-04:00,48.66,48.77,48.61,48.62,40408.0,48.703,210
2024-07-17 12:05:00-04:00,48.62,48.66,48.58,48.58,23073.0,48.605,145
2024-07-17 12:10:00-04:00,48.59,48.71,48.58,48.68,15452.0,48.652,106
2024-07-17 12:15:00-04:00,48.67,48.68,48.59,48.61,10044.0,48.628,73
2024-07-17 12:20:00-04:00,48.6,48.66,48.55,48.55,16472.0,48.613,113
2024-07-17 12:25:00-04:00,48.53,48.58,48.52,48.52,18581.0,48.544,132
2024-07-17 12:30:00-04:00,48.54,48.56,48.26,48.34,49855.0,48.358,265
2024-07-17 12:35:00-04:00,48.34,48.38,48.19,48.23,26395.0,48.278,178
2024-07-17 12:40:00-04:00,48.24,48.37,48.21,48.21,73247.0,48.269,350
2024-07-17 12:45:00-04:00,48.22,48.36,48.21,48.36,22647.0,48.266,115
2024-07-17 12:50:00-04:00,48.36,48.39,48.29,48.37,14751.0,48.333,107
2024-07-17 12:55:00-04:00,48.37,48.38,48.31,48.35,9537.0,48.346,70
2024-07-17 13:00:00-04:00,48.35,48.35,48.27,48.34,8615.0,48.316,66
2024-07-17 13:05:00-04:00,48.33,48.33,48.26,48.32,12137.0,48.295,91
2024-07-17 13:10:00-04:00,48.33,48.33,48.24,48.32,11689.0,48.276,88
2024-07-17 13:15:00-04:00,48.33,48.33,48.13,48.21,25291.0,48.216,143
2024-07-17 13:20:00-04:00,48.21,48.29,48.21,48.29,14870.0,48.251,75
2024-07-17 13:25:00-04:00,48.26,48.44,48.22,48.24,31389.0,48.324,167
2024-07-17 13:30:00-04:00,48.22,48.29,48.22,48.27,9245.0,48.252,64
2024-07-17 13:35:00-04:00,48.25,48.32,48.23,48.29,8997.0,48.279,49
2024-07-17 13:40:00-04:00,48.28,48.34,48.26,48.34,11626.0,48.306,72
2024-07-17 13:45:00-04:00,48.35,48.41,48.34,48.4,15909.0,48.38,95
2024-07-17 13:50:00-04:00,48.41,48.42,48.37,48.38,21696.0,48.39,147
2024-07-17 13:55:00-04:00,48.38,48.39,48.32,48.34,13024.0,48.365,97
2024-07-17 14:00:00-04:00,48.32,48.38,48.31,48.35,16864.0,48.333,69
2024-07-17 14:05:00-04:00,48.37,48.38,48.32,48.38,14750.0,48.358,75
2024-07-17 14:10:00-04:00,48.38,48.39,48.28,48.29,9755.0,48.348,75
2024-07-17 14:15:00-04:00,48.28,48.28,48.21,48.23,10206.0,48.251,90
2024-07-17 14:20:00-04:00,48.22,48.3,48.22,48.27,23162.0,48.256,167
2024-07-17 14:25:00-04:00,48.27,48.27,48.2,48.2,13033.0,48.233,108
2024-07-17 14:30:00-04:00,48.2,48.27,48.2,48.22,20126.0,48.22,131
2024-07-17 14:35:00-04:00,48.21,48.22,48.06,48.08,31587.0,48.133,222
2024-07-17 14:40:00-04:00,48.08,48.09,47.99,47.99,22612.0,48.042,174
2024-07-17 14:45:00-04:00,47.98,48.14,47.98,47.99,83444.0,48.002,120
2024-07-17 14:50:00-04:00,48.01,48.03,47.89,47.94,21548.0,47.951,164
2024-07-17 14:55:00-04:00,47.94,47.94,47.85,47.92,22398.0,47.911,185
2024-07-17 15:00:00-04:00,47.93,47.93,47.85,47.9,21965.0,47.893,159
2024-07-17 15:05:00-04:00,47.9,48.01,47.88,47.94,90705.0,47.931,178
2024-07-17 15:10:00-04:00,47.95,48.06,47.95,47.96,21035.0,47.996,166
2024-07-17 15:15:00-04:00,47.96,47.99,47.93,47.97,16412.0,47.952,124
2024-07-17 15:20:00-04:00,47.97,48.03,47.96,48.0,22518.0,47.987,152
2024-07-17 15:25:00-04:00,48.01,48.04,47.99,48.02,27067.0,48.016,180
2024-07-17 15:30:00-04:00,48.03,48.03,47.99,48.0,22113.0,48.011,156
2024-07-17 15:35:00-04:00,48.0,48.0,47.92,47.92,23869.0,47.952,171
2024-07-17 15:40:00-04:00,47.93,47.98,47.88,47.94,42509.0,47.923,305
2024-07-17 15:45:00-04:00,47.94,47.94,47.83,47.84,50717.0,47.87,361
2024-07-17 15:50:00-04:00,47.85,47.99,47.85,47.91,71686.0,47.915,475
2024-07-17 15:55:00-04:00,47.91,47.93,47.82,47.87,240070.0,47.865,1265
2024-07-18 09:30:00-04:00,46.86,46.94,46.69,46.74,74530.0,46.822,272
2024-07-18 09:35:00-04:00,46.74,46.87,46.63,46.84,38959.0,46.74,210
2024-07-18 09:40:00-04:00,46.84,46.85,46.68,46.74,28685.0,46.75,167
2024-07-18 09:45:00-04:00,46.75,46.98,46.7,46.77,40212.0,46.834,232
2024-07-18 09:50:00-04:00,46.77,46.99,46.76,46.86,50846.0,46.869,279
2024-07-18 09:55:00-04:00,46.87,47.05,46.86,46.94,53536.0,46.978,374
2024-07-18 10:00:00-04:00,46.91,47.22,46.91,47.15,61440.0,47.108,232
2024-07-18 10:05:00-04:00,47.15,47.29,47.14,47.29,27734.0,47.238,181
2024-07-18 10:10:00-04:00,47.28,47.33,47.17,47.18,53742.0,47.266,281
2024-07-18 10:15:00-04:00,47.19,47.23,47.11,47.21,57468.0,47.159,322
2024-07-18 10:20:00-04:00,47.22,47.26,47.1,47.1,39033.0,47.191,149
2024-07-18 10:25:00-04:00,47.11,47.18,47.09,47.12,10908.0,47.129,83
2024-07-18 10:30:00-04:00,47.11,47.21,47.05,47.11,45628.0,47.134,259
2024-07-18 10:35:00-04:00,47.11,47.18,47.1,47.11,35617.0,47.137,200
2024-07-18 10:40:00-04:00,47.11,47.21,47.06,47.09,61559.0,47.133,290
2024-07-18 10:45:00-04:00,47.09,47.14,46.97,47.14,66968.0,47.044,308
2024-07-18 10:50:00-04:00,47.16,47.33,47.15,47.32,42074.0,47.23,227
2024-07-18 10:55:00-04:00,47.33,47.34,47.15,47.21,39461.0,47.248,267
2024-07-18 11:00:00-04:00,47.21,47.27,47.19,47.2,47342.0,47.237,326
2024-07-18 11:05:00-04:00,47.2,47.28,47.13,47.13,48892.0,47.21,274
2024-07-18 11:10:00-04:00,47.13,47.15,46.99,47.1,90157.0,47.045,337
2024-07-18 11:15:00-04:00,47.12,47.16,47.04,47.04,60972.0,47.117,279
2024-07-18 11:20:00-04:00,47.04,47.12,47.02,47.03,58686.0,47.068,370
2024-07-18 11:25:00-04:00,47.06,47.08,46.99,47.02,68399.0,47.016,343
2024-07-18 11:30:00-04:00,47.01,47.04,46.9,46.9,52604.0,46.938,330
2024-07-18 11:35:00-04:00,46.89,46.89,46.73,46.75,39637.0,46.787,251
2024-07-18 11:40:00-04:00,46.8,46.97,46.8,46.92,20823.0,46.876,147
2024-07-18 11:45:00-04:00,46.92,46.97,46.83,46.84,12809.0,46.891,103
2024-07-18 11:50:00-04:00,46.82,46.83,46.74,46.77,17109.0,46.782,135
2024-07-18 11:55:00-04:00,46.76,46.78,46.7,46.75,45496.0,46.741,263
2024-07-18 12:00:00-04:00,46.75,46.83,46.74,46.77,17700.0,46.776,117
2024-07-18 12:05:00-04:00,46.77,46.79,46.68,46.7,20471.0,46.731,144
2024-07-18 12:10:00-04:00,46.7,46.87,46.69,46.75,44001.0,46.779,176
2024-07-18 12:15:00-04:00,46.75,46.86,46.73,46.81,11051.0,46.787,88
2024-07-18 12:20:00-04:00,46.8,46.81,46.72,46.74,15116.0,46.737,107
2024-07-18 12:25:00-04:00,46.75,46.75,46.72,46.73,29459.0,46.733,226
2024-07-18 12:30:00-04:00,46.73,46.74,46.52,46.52,31015.0,46.691,219
2024-07-18 12:35:00-04:00,46.54,46.54,46.47,46.5,31984.0,46.495,213
2024-07-18 12:40:00-04:00,46.49,46.5,46.41,46.45,20023.0,46.434,156
2024-07-18 12:45:00-04:00,46.45,46.47,46.35,46.41,35533.0,46.413,257
2024-07-18 12:50:00-04:00,46.43,46.46,46.36,46.42,19402.0,46.415,127
2024-07-18 12:55:00-04:00,46.41,46.43,46.38,46.38,10841.0,46.414,91
2024-07-18 13:00:00-04:00,46.38,46.46,46.37,46.43,21044.0,46.427,112
2024-07-18 13:05:00-04:00,46.44,46.48,46.42,46.44,20666.0,46.448,141
2024-07-18 13:10:00-04:00,46.43,46.55,46.43,46.54,16671.0,46.498,121
2024-07-18 13:15:00-04:00,46.53,46.69,46.52,46.61,72087.0,46.588,321
2024-07-18 13:20:00-04:00,46.59,46.62,46.52,46.54,19026.0,46.579,135
2024-07-18 13:25:00-04:00,46.53,46.57,46.52,46.55,11382.0,46.549,97
2024-07-18 13:30:00-04:00,46.55,46.61,46.51,46.55,30439.0,46.571,140
2024-07-18 13:35:00-04:00,46.56,46.56,46.45,46.46,8764.0,46.505,79
2024-07-18 13:40:00-04:00,46.45,46.46,46.4,46.41,14824.0,46.423,122
2024-07-18 13:45:00-04:00,46.41,46.41,46.34,46.37,23051.0,46.369,141
2024-07-18 13:50:00-04:00,46.37,46.39,46.29,46.39,17981.0,46.333,126
2024-07-18 13:55:00-04:00,46.39,46.41,46.35,46.36,18724.0,46.385,141
2024-07-18 14:00:00-04:00,46.35,46.35,46.26,46.27,16804.0,46.305,137
2024-07-18 14:05:00-04:00,46.27,46.35,46.25,46.32,34217.0,46.289,209
2024-07-18 14:10:00-04:00,46.31,46.33,46.26,46.29,21357.0,46.296,147
2024-07-18 14:15:00-04:00,46.29,46.48,46.28,46.47,33764.0,46.358,235
2024-07-18 14:20:00-04:00,46.46,46.5,46.43,46.5,29981.0,46.466,207
2024-07-18 14:25:00-04:00,46.5,46.55,46.49,46.51,26950.0,46.523,190
2024-07-18 14:30:00-04:00,46.5,46.56,46.49,46.51,24135.0,46.521,175
2024-07-18 14:35:00-04:00,46.52,46.54,46.5,46.51,12606.0,46.508,86
2024-07-18 14:40:00-04:00,46.5,46.54,46.5,46.51,17675.0,46.515,138
2024-07-18 14:45:00-04:00,46.5,46.51,46.43,46.43,12779.0,46.463,113
2024-07-18 14:50:00-04:00,46.44,46.48,46.42,46.48,22942.0,46.438,187
2024-07-18 14:55:00-04:00,46.49,46.53,46.49,46.49,14290.0,46.502,109
2024-07-18 15:00:00-04:00,46.5,46.63,46.49,46.62,38094.0,46.547,220
2024-07-18 15:05:00-04:00,46.61,46.8,46.61,46.75,55955.0,46.706,286
2024-07-18 15:10:00-04:00,46.74,46.75,46.64,46.66,21459.0,46.695,138
2024-07-18 15:15:00-04:00,46.64,46.76,46.64,46.73,26877.0,46.714,190
2024-07-18 15:20:00-04:00,46.73,46.76,46.69,46.71,20769.0,46.728,156
2024-07-18 15:25:00-04:00,46.71,46.81,46.7,46.7,35676.0,46.749,243
2024-07-18 15:30:00-04:00,46.7,46.73,46.68,46.72,30276.0,46.705,227
2024-07-18 15:35:00-04:00,46.72,46.87,46.71,46.84,42622.0,46.791,268
2024-07-18 15:40:00-04:00,46.83,46.86,46.82,46.84,58444.0,46.835,342
2024-07-18 15:45:00-04:00,46.84,46.85,46.72,46.72,45786.0,46.802,334
2024-07-18 15:50:00-04:00,46.72,46.74,46.6,46.61,73495.0,46.665,495
2024-07-18 15:55:00-04:00,46.61,46.84,46.6,46.82,192521.0,46.769,999
2024-07-19 09:30:00-04:00,46.82,46.82,46.56,46.57,221319.0,46.787,181
2024-07-19 09:35:00-04:00,46.57,46.6,46.36,46.36,17207.0,46.541,68
2024-07-19 09:40:00-04:00,46.36,46.56,46.31,46.54,23414.0,46.415,129
2024-07-19 09:45:00-04:00,46.51,46.57,46.47,46.5,23079.0,46.519,137
2024-07-19 09:50:00-04:00,46.5,46.51,46.4,46.46,16869.0,46.441,101
2024-07-19 09:55:00-04:00,46.44,46.54,46.44,46.54,58287.0,46.503,324
2024-07-19 10:00:00-04:00,46.53,46.7,46.51,46.61,90728.0,46.589,314
2024-07-19 10:05:00-04:00,46.61,46.61,46.51,46.6,22499.0,46.57,98
2024-07-19 10:10:00-04:00,46.57,46.6,46.52,46.56,28588.0,46.564,181
2024-07-19 10:15:00-04:00,46.57,46.6,46.51,46.52,21207.0,46.553,141
2024-07-19 10:20:00-04:00,46.52,46.55,46.51,46.54,10036.0,46.534,76
2024-07-19 10:25:00-04:00,46.54,46.54,46.45,46.46,17441.0,46.496,131
2024-07-19 10:30:00-04:00,46.45,46.55,46.45,46.52,38889.0,46.502,189
2024-07-19 10:35:00-04:00,46.52,46.53,46.48,46.48,12732.0,46.502,89
2024-07-19 10:40:00-04:00,46.5,46.53,46.45,46.48,20554.0,46.485,117
2024-07-19 10:45:00-04:00,46.49,46.51,46.4,46.44,15900.0,46.468,112
2024-07-19 10:50:00-04:00,46.44,46.49,46.4,46.49,53312.0,46.453,223
2024-07-19 10:55:00-04:00,46.49,46.5,46.38,46.41,133830.0,46.446,632
2024-07-19 11:00:00-04:00,46.41,46.5,46.4,46.45,55353.0,46.442,342
2024-07-19 11:05:00-04:00,46.47,46.5,46.41,46.48,83472.0,46.451,428
2024-07-19 11:10:00-04:00,46.5,46.63,46.45,46.45,28819.0,46.546,190
2024-07-19 11:15:00-04:00,46.46,46.56,46.45,46.55,59376.0,46.509,166
2024-07-19 11:20:00-04:00,46.55,46.59,46.45,46.45,16658.0,46.53,107
2024-07-19 11:25:00-04:00,46.48,46.49,46.44,46.45,9946.0,46.461,76
2024-07-19 11:30:00-04:00,46.45,46.49,46.4,46.42,160060.0,46.443,641
2024-07-19 11:35:00-04:00,46.44,46.67,46.42,46.63,26823.0,46.535,172
2024-07-19 11:40:00-04:00,46.63,46.65,46.51,46.53,9131.0,46.597,73
2024-07-19 11:45:00-04:00,46.53,46.57,46.48,46.48,18470.0,46.533,106
2024-07-19 11:50:00-04:00,46.48,46.49,46.45,46.47,14477.0,46.468,87
2024-07-19 11:55:00-04:00,46.48,46.53,46.45,46.52,21573.0,46.499,139
2024-07-19 12:00:00-04:00,46.54,46.56,46.49,46.55,11543.0,46.525,81
2024-07-19 12:05:00-04:00,46.56,46.61,46.52,46.56,24323.0,46.565,120
2024-07-19 12:10:00-04:00,46.56,46.58,46.55,46.57,15980.0,46.562,109
2024-07-19 12:15:00-04:00,46.57,46.63,46.57,46.6,10218.0,46.605,78
2024-07-19 12:20:00-04:00,46.6,46.62,46.59,46.62,6174.0,46.611,53
2024-07-19 12:25:00-04:00,46.62,46.79,46.62,46.77,18508.0,46.708,131
2024-07-19 12:30:00-04:00,46.79,46.84,46.71,46.84,38963.0,46.78,205
2024-07-19 12:35:00-04:00,46.84,46.86,46.7,46.8,17938.0,46.813,108
2024-07-19 12:40:00-04:00,46.8,46.83,46.8,46.82,6912.0,46.813,53
2024-07-19 12:45:00-04:00,46.82,46.85,46.81,46.83,7293.0,46.837,61
2024-07-19 12:50:00-04:00,46.84,46.89,46.8,46.85,34380.0,46.858,156
2024-07-19 12:55:00-04:00,46.82,46.88,46.82,46.88,6728.0,46.861,53
2024-07-19 13:00:00-04:00,46.87,46.91,46.87,46.88,10469.0,46.888,83
2024-07-19 13:05:00-04:00,46.88,46.9,46.86,46.87,7470.0,46.882,60
2024-07-19 13:10:00-04:00,46.87,46.87,46.76,46.76,9115.0,46.846,77
2024-07-19 13:15:00-04:00,46.76,46.79,46.7,46.7,10580.0,46.737,79
2024-07-19 13:20:00-04:00,46.7,46.81,46.7,46.73,16385.0,46.749,130
2024-07-19 13:25:00-04:00,46.73,46.74,46.67,46.67,6257.0,46.713,52
2024-07-19 13:30:00-04:00,46.69,46.71,46.63,46.67,14930.0,46.668,113
2024-07-19 13:35:00-04:00,46.67,46.72,46.66,46.71,9636.0,46.699,73
2024-07-19 13:40:00-04:00,46.71,46.72,46.62,46.64,7820.0,46.655,58
2024-07-19 13:45:00-04:00,46.64,46.69,46.63,46.66,12817.0,46.667,90
2024-07-19 13:50:00-04:00,46.67,46.69,46.64,46.64,7170.0,46.67,61
2024-07-19 13:55:00-04:00,46.63,46.64,46.57,46.61,13339.0,46.61,97
2024-07-19 14:00:00-04:00,46.61,46.78,46.58,46.64,36663.0,46.68,217
2024-07-19 14:05:00-04:00,46.66,46.69,46.65,46.65,5771.0,46.666,45
2024-07-19 14:10:00-04:00,46.65,46.65,46.58,46.59,12151.0,46.608,91
2024-07-19 14:15:00-04:00,46.59,46.6,46.56,46.57,7972.0,46.576,73
2024-07-19 14:20:00-04:00,46.57,46.57,46.53,46.56,12635.0,46.553,102
2024-07-19 14:25:00-04:00,46.57,46.57,46.53,46.53,13442.0,46.552,112
2024-07-19 14:30:00-04:00,46.54,46.62,46.53,46.58,15422.0,46.579,105
2024-07-19 14:35:00-04:00,46.6,46.63,46.57,46.63,8559.0,46.601,66
2024-07-19 14:40:00-04:00,46.63,46.68,46.61,46.66,10703.0,46.655,86
2024-07-19 14:45:00-04:00,46.66,46.72,46.64,46.71,14880.0,46.666,100
2024-07-19 14:50:00-04:00,46.71,46.73,46.64,46.65,11817.0,46.699,96
2024-07-19 14:55:00-04:00,46.65,46.71,46.64,46.71,19894.0,46.669,147
2024-07-19 15:00:00-04:00,46.69,46.71,46.65,46.7,17435.0,46.684,129
2024-07-19 15:05:00-04:00,46.71,46.72,46.68,46.69,11111.0,46.702,98
2024-07-19 15:10:00-04:00,46.69,46.74,46.68,46.73,21024.0,46.711,136
2024-07-19 15:15:00-04:00,46.73,46.75,46.71,46.73,25074.0,46.73,156
2024-07-19 15:20:00-04:00,46.73,46.76,46.65,46.68,27419.0,46.708,188
2024-07-19 15:25:00-04:00,46.68,46.78,46.68,46.78,14559.0,46.746,115
2024-07-19 15:30:00-04:00,46.78,46.81,46.77,46.78,29977.0,46.796,168
2024-07-19 15:35:00-04:00,46.78,46.83,46.76,46.81,33546.0,46.794,177
2024-07-19 15:40:00-04:00,46.82,46.82,46.75,46.75,20787.0,46.784,164
2024-07-19 15:45:00-04:00,46.76,46.76,46.65,46.66,35529.0,46.718,265
2024-07-19 15:50:00-04:00,46.65,46.69,46.51,46.52,55858.0,46.588,404
2024-07-19 15:55:00-04:00,46.52,46.56,46.46,46.54,215331.0,46.51,1124
2024-07-22 09:30:00-04:00,46.51,46.51,46.38,46.47,56144.0,46.491,99
2024-07-22 09:35:00-04:00,46.44,46.5,46.44,46.46,19803.0,46.468,121
2024-07-22 09:40:00-04:00,46.49,46.52,46.47,46.47,47260.0,46.495,230
2024-07-22 09:45:00-04:00,46.48,46.54,46.44,46.54,38243.0,46.474,213
2024-07-22 09:50:00-04:00,46.53,46.71,46.52,46.68,145704.0,46.583,545
2024-07-22 09:55:00-04:00,46.7,46.8,46.7,46.78,113682.0,46.754,534
2024-07-22 10:00:00-04:00,46.78,46.78,46.65,46.74,47962.0,46.718,283
2024-07-22 10:05:00-04:00,46.74,46.77,46.69,46.72,21853.0,46.731,123
2024-07-22 10:10:00-04:00,46.71,46.76,46.69,46.74,33210.0,46.729,197
2024-07-22 10:15:00-04:00,46.71,46.73,46.65,46.71,42989.0,46.701,170
2024-07-22 10:20:00-04:00,46.71,46.72,46.69,46.72,19035.0,46.708,136
2024-07-22 10:25:00-04:00,46.72,46.74,46.71,46.74,17423.0,46.728,135
2024-07-22 10:30:00-04:00,46.73,46.74,46.7,46.71,23297.0,46.724,179
2024-07-22 10:35:00-04:00,46.71,46.76,46.67,46.76,26904.0,46.717,126
2024-07-22 10:40:00-04:00,46.76,46.95,46.74,46.9,77134.0,46.827,375
2024-07-22 10:45:00-04:00,46.88,46.89,46.73,46.73,24274.0,46.817,160
2024-07-22 10:50:00-04:00,46.74,46.79,46.66,46.69,32043.0,46.725,241
2024-07-22 10:55:00-04:00,46.7,46.71,46.67,46.7,39228.0,46.693,268
2024-07-22 11:00:00-04:00,46.7,46.73,46.65,46.68,48210.0,46.689,302
2024-07-22 11:05:00-04:00,46.69,46.71,46.64,46.65,50391.0,46.675,334
2024-07-22 11:10:00-04:00,46.65,46.71,46.64,46.71,43344.0,46.682,227
2024-07-22 11:15:00-04:00,46.71,46.72,46.67,46.71,55527.0,46.701,367
2024-07-22 11:20:00-04:00,46.72,46.72,46.66,46.72,31103.0,46.689,211
2024-07-22 11:25:00-04:00,46.71,46.72,46.68,46.69,34028.0,46.705,235
2024-07-22 11:30:00-04:00,46.69,46.69,46.61,46.65,23880.0,46.665,204
2024-07-22 11:35:00-04:00,46.65,46.66,46.61,46.66,12472.0,46.643,89
2024-07-22 11:40:00-04:00,46.66,46.78,46.65,46.78,12771.0,46.71,74
2024-07-22 11:45:00-04:00,46.78,46.84,46.77,46.83,14646.0,46.794,106
2024-07-22 11:50:00-04:00,46.82,46.91,46.82,46.89,17456.0,46.873,125
2024-07-22 11:55:00-04:00,46.88,46.92,46.88,46.89,23652.0,46.904,144
2024-07-22 12:00:00-04:00,46.9,46.93,46.89,46.91,21541.0,46.907,113
2024-07-22 12:05:00-04:00,46.91,47.08,46.9,47.07,27000.0,46.997,136
2024-07-22 12:10:00-04:00,47.07,47.1,47.02,47.04,52607.0,47.06,237
2024-07-22 12:15:00-04:00,47.05,47.38,47.04,47.32,34538.0,47.229,191
2024-07-22 12:20:00-04:00,47.36,47.43,47.33,47.36,6116.0,47.388,49
2024-07-22 12:25:00-04:00,47.37,47.45,47.36,47.41,14066.0,47.415,109
2024-07-22 12:30:00-04:00,47.4,47.49,47.38,47.49,5399.0,47.434,37
2024-07-22 12:35:00-04:00,47.49,47.67,47.49,47.66,34029.0,47.594,132
2024-07-22 12:40:00-04:00,47.66,47.72,47.66,47.67,17421.0,47.684,134
2024-07-22 12:45:00-04:00,47.66,47.86,47.64,47.85,25064.0,47.714,126
2024-07-22 12:50:00-04:00,47.87,47.95,47.86,47.94,19648.0,47.889,98
2024-07-22 12:55:00-04:00,47.95,47.95,47.89,47.94,23206.0,47.922,134
2024-07-22 13:00:00-04:00,47.94,47.94,47.78,47.78,21526.0,47.849,127
2024-07-22 13:05:00-04:00,47.78,47.82,47.76,47.81,7400.0,47.792,37
2024-07-22 13:10:00-04:00,47.8,47.81,47.75,47.75,19034.0,47.765,97
2024-07-22 13:15:00-04:00,47.75,47.77,47.65,47.67,15085.0,47.71,92
2024-07-22 13:20:00-04:00,47.68,47.78,47.67,47.77,16286.0,47.74,76
2024-07-22 13:25:00-04:00,47.76,47.8,47.72,47.8,16356.0,47.76,67
2024-07-22 13:30:00-04:00,47.8,47.81,47.75,47.79,8728.0,47.783,57
2024-07-22 13:35:00-04:00,47.78,47.78,47.75,47.76,12887.0,47.765,62
2024-07-22 13:40:00-04:00,47.77,47.78,47.6,47.6,25376.0,47.697,150
2024-07-22 13:45:00-04:00,47.6,47.7,47.59,47.69,32079.0,47.668,131
2024-07-22 13:50:00-04:00,47.7,47.77,47.65,47.77,38811.0,47.713,182
2024-07-22 13:55:00-04:00,47.79,47.79,47.75,47.79,10053.0,47.766,65
2024-07-22 14:00:00-04:00,47.78,47.79,47.74,47.75,10844.0,47.771,65
2024-07-22 14:05:00-04:00,47.75,47.77,47.65,47.65,9781.0,47.732,56
2024-07-22 14:10:00-04:00,47.66,47.68,47.58,47.59,20948.0,47.632,106
2024-07-22 14:15:00-04:00,47.58,47.58,47.5,47.52,18134.0,47.531,107
2024-07-22 14:20:00-04:00,47.51,47.54,47.47,47.52,24030.0,47.506,85
2024-07-22 14:25:00-04:00,47.53,47.56,47.52,47.55,8737.0,47.535,70
2024-07-22 14:30:00-04:00,47.55,47.62,47.55,47.6,7470.0,47.582,44
2024-07-22 14:35:00-04:00,47.61,47.63,47.6,47.62,4952.0,47.611,39
2024-07-22 14:40:00-04:00,47.63,47.69,47.63,47.69,5882.0,47.661,47
2024-07-22 14:45:00-04:00,47.68,47.73,47.67,47.73,9218.0,47.699,60
2024-07-22 14:50:00-04:00,47.73,47.74,47.68,47.69,12206.0,47.705,85
2024-07-22 14:55:00-04:00,47.69,47.72,47.69,47.71,7422.0,47.704,58
2024-07-22 15:00:00-04:00,47.71,47.71,47.58,47.69,25029.0,47.625,127
2024-07-22 15:05:00-04:00,47.68,47.68,47.64,47.67,9407.0,47.661,62
2024-07-22 15:10:00-04:00,47.66,47.73,47.62,47.73,11022.0,47.664,79
2024-07-22 15:15:00-04:00,47.73,47.74,47.69,47.72,6550.0,47.718,52
2024-07-22 15:20:00-04:00,47.72,47.75,47.71,47.71,9236.0,47.724,66
2024-07-22 15:25:00-04:00,47.72,47.73,47.69,47.71,16290.0,47.712,112
2024-07-22 15:30:00-04:00,47.71,47.73,47.68,47.71,23435.0,47.704,160
2024-07-22 15:35:00-04:00,47.71,47.78,47.71,47.78,45712.0,47.749,237
2024-07-22 15:40:00-04:00,47.78,47.86,47.77,47.85,44088.0,47.791,254
2024-07-22 15:45:00-04:00,47.85,47.96,47.84,47.92,46714.0,47.9,309
2024-07-22 15:50:00-04:00,47.93,47.96,47.89,47.94,68870.0,47.922,443
2024-07-22 15:55:00-04:00,47.94,48.02,47.91,47.99,199556.0,47.955,1085
2024-07-23 09:30:00-04:00,48.09,48.11,47.82,47.88,31675.0,48.006,120
2024-07-23 09:35:00-04:00,47.83,47.93,47.83,47.83,5490.0,47.878,46
2024-07-23 09:40:00-04:00,47.83,47.89,47.7,47.84,31297.0,47.782,185
2024-07-23 09:45:00-04:00,47.88,47.99,47.85,47.99,26788.0,47.906,207
2024-07-23 09:50:00-04:00,47.97,48.01,47.94,48.0,27555.0,47.976,200
2024-07-23 09:55:00-04:00,47.98,48.34,47.96,48.22,124003.0,48.127,442
2024-07-23 10:00:00-04:00,48.25,48.4,48.21,48.39,49695.0,48.292,238
2024-07-23 10:05:00-04:00,48.39,48.47,48.24,48.47,68340.0,48.357,333
2024-07-23 10:10:00-04:00,48.45,48.53,48.37,48.53,38318.0,48.435,268
2024-07-23 10:15:00-04:00,48.5,48.63,48.49,48.6,38013.0,48.56,264
2024-07-23 10:20:00-04:00,48.61,48.72,48.5,48.5,48337.0,48.649,310
2024-07-23 10:25:00-04:00,48.5,48.54,48.38,48.44,101013.0,48.456,325
2024-07-23 10:30:00-04:00,48.44,48.48,48.41,48.47,20389.0,48.453,139
2024-07-23 10:35:00-04:00,48.46,48.46,48.33,48.34,32560.0,48.38,224
2024-07-23 10:40:00-04:00,48.33,48.39,48.28,48.35,78393.0,48.331,351
2024-07-23 10:45:00-04:00,48.34,48.35,48.25,48.29,30618.0,48.298,113
2024-07-23 10:50:00-04:00,48.3,48.31,48.22,48.24,27907.0,48.284,189
2024-07-23 10:55:00-04:00,48.25,48.26,48.23,48.25,29460.0,48.246,171
2024-07-23 11:00:00-04:00,48.25,48.42,48.24,48.34,106204.0,48.321,498
2024-07-23 11:05:00-04:00,48.35,48.61,48.34,48.45,76989.0,48.438,367
2024-07-23 11:10:00-04:00,48.48,48.57,48.42,48.5,43474.0,48.496,274
2024-07-23 11:15:00-04:00,48.51,48.7,48.51,48.62,49666.0,48.628,280
2024-07-23 11:20:00-04:00,48.62,48.69,48.56,48.68,45438.0,48.635,257
2024-07-23 11:25:00-04:00,48.68,48.68,48.52,48.57,60022.0,48.583,356
2024-07-23 11:30:00-04:00,48.59,48.61,48.44,48.48,56830.0,48.572,445
2024-07-23 11:35:00-04:00,48.46,48.6,48.46,48.56,17817.0,48.55,133
2024-07-23 11:40:00-04:00,48.56,48.65,48.55,48.63,24192.0,48.603,158
2024-07-23 11:45:00-04:00,48.64,48.65,48.55,48.59,31275.0,48.609,195
2024-07-23 11:50:00-04:00,48.59,48.63,48.5,48.57,25312.0,48.569,151
2024-07-23 11:55:00-04:00,48.57,48.63,48.5,48.52,16354.0,48.561,109
2024-07-23 12:00:00-04:00,48.52,48.68,48.51,48.66,107018.0,48.553,203
2024-07-23 12:05:00-04:00,48.68,48.69,48.62,48.69,29385.0,48.665,141
2024-07-23 12:10:00-04:00,48.7,48.81,48.68,48.81,24431.0,48.717,165
2024-07-23 12:15:00-04:00,48.82,48.93,48.79,48.93,23696.0,48.831,141
2024-07-23 12:20:00-04:00,48.93,48.99,48.83,48.87,27509.0,48.934,155
2024-07-23 12:25:00-04:00,48.89,49.02,48.87,48.99,16730.0,48.966,128
2024-07-23 12:30:00-04:00,49.01,49.02,48.84,48.86,21350.0,48.932,152
2024-07-23 12:35:00-04:00,48.87,48.91,48.85,48.87,23908.0,48.883,126
2024-07-23 12:40:00-04:00,48.89,49.01,48.88,48.99,40943.0,48.947,116
2024-07-23 12:45:00-04:00,49.0,49.08,48.98,49.03,30908.0,49.05,159
2024-07-23 12:50:00-04:00,49.03,49.09,49.01,49.06,23238.0,49.055,111
2024-07-23 12:55:00-04:00,49.07,49.25,49.06,49.16,52467.0,49.159,246
2024-07-23 13:00:00-04:00,49.17,49.23,49.14,49.22,23437.0,49.194,82
2024-07-23 13:05:00-04:00,49.22,49.38,49.2,49.32,30895.0,49.302,181
2024-07-23 13:10:00-04:00,49.31,49.33,49.25,49.25,25270.0,49.298,126
2024-07-23 13:15:00-04:00,49.26,49.28,49.2,49.21,11568.0,49.248,72
2024-07-23 13:20:00-04:00,49.21,49.21,49.06,49.09,25674.0,49.142,127
2024-07-23 13:25:00-04:00,49.1,49.21,49.1,49.15,13735.0,49.157,67
2024-07-23 13:30:00-04:00,49.16,49.2,49.12,49.16,11796.0,49.156,88
2024-07-23 13:35:00-04:00,49.17,49.25,49.17,49.23,12364.0,49.205,82
2024-07-23 13:40:00-04:00,49.24,49.33,49.23,49.31,16884.0,49.289,134
2024-07-23 13:45:00-04:00,49.31,49.4,49.24,49.37,39514.0,49.339,190
2024-07-23 13:50:00-04:00,49.37,49.47,49.36,49.45,11051.0,49.409,83
2024-07-23 13:55:00-04:00,49.45,49.48,49.34,49.36,95240.0,49.381,203
2024-07-23 14:00:00-04:00,49.35,49.35,49.28,49.32,21103.0,49.326,111
2024-07-23 14:05:00-04:00,49.33,49.47,49.29,49.46,27776.0,49.353,193
2024-07-23 14:10:00-04:00,49.45,49.45,49.33,49.38,44696.0,49.398,249
2024-07-23 14:15:00-04:00,49.36,49.39,49.27,49.37,15627.0,49.329,117
2024-07-23 14:20:00-04:00,49.37,49.5,49.34,49.43,63923.0,49.404,327
2024-07-23 14:25:00-04:00,49.44,49.45,49.32,49.35,37468.0,49.372,168
2024-07-23 14:30:00-04:00,49.34,49.36,49.29,49.34,28013.0,49.328,195
2024-07-23 14:35:00-04:00,49.34,49.39,49.33,49.38,15702.0,49.36,112
2024-07-23 14:40:00-04:00,49.38,49.4,49.32,49.32,24109.0,49.367,184
2024-07-23 14:45:00-04:00,49.33,49.36,49.32,49.34,20223.0,49.348,156
2024-07-23 14:50:00-04:00,49.33,49.36,49.17,49.19,81084.0,49.258,371
2024-07-23 14:55:00-04:00,49.19,49.19,49.1,49.1,29835.0,49.138,210
2024-07-23 15:00:00-04:00,49.09,49.1,49.0,49.03,16107.0,49.033,126
2024-07-23 15:05:00-04:00,49.03,49.1,49.03,49.09,13279.0,49.068,105
2024-07-23 15:10:00-04:00,49.09,49.12,49.05,49.07,17178.0,49.09,136
2024-07-23 15:15:00-04:00,49.07,49.09,49.05,49.08,13938.0,49.073,100
2024-07-23 15:20:00-04:00,49.07,49.08,49.03,49.08,13944.0,49.059,102
2024-07-23 15:25:00-04:00,49.08,49.13,49.07,49.13,18851.0,49.095,140
2024-07-23 15:30:00-04:00,49.11,49.12,49.0,49.02,14713.0,49.045,105
2024-07-23 15:35:00-04:00,49.02,49.05,49.02,49.04,31428.0,49.036,219
2024-07-23 15:40:00-04:00,49.04,49.19,49.03,49.18,30811.0,49.123,251
2024-07-23 15:45:00-04:00,49.17,49.23,48.91,48.91,38512.0,49.175,282
2024-07-23 15:50:00-04:00,49.03,49.12,49.0,49.06,62066.0,49.073,448
2024-07-23 15:55:00-04:00,49.06,49.13,49.02,49.12,229580.0,49.085,1181
2024-07-24 09:30:00-04:00,48.29,48.47,48.21,48.34,96444.0,48.334,217
2024-07-24 09:35:00-04:00,48.31,48.68,48.31,48.55,34093.0,48.531,181
2024-07-24 09:40:00-04:00,48.56,48.74,48.53,48.67,27045.0,48.625,159
2024-07-24 09:45:00-04:00,48.68,49.01,48.63,48.95,93365.0,48.815,468
2024-07-24 09:50:00-04:00,48.93,49.02,48.84,48.95,115587.0,48.937,479
2024-07-24 09:55:00-04:00,48.93,49.02,48.79,48.98,64385.0,48.902,383
2024-07-24 10:00:00-04:00,48.97,49.03,48.84,49.02,139999.0,48.926,393
2024-07-24 10:05:00-04:00,49.05,49.12,48.86,49.0,71606.0,48.996,372
2024-07-24 10:10:00-04:00,49.0,49.0,48.75,48.76,103311.0,48.887,307
2024-07-24 10:15:00-04:00,48.78,48.82,48.71,48.76,77788.0,48.766,263
2024-07-24 10:20:00-04:00,48.75,49.05,48.75,48.93,72670.0,48.917,324
2024-07-24 10:25:00-04:00,48.93,48.98,48.82,48.82,44194.0,48.894,224
2024-07-24 10:30:00-04:00,48.8,48.98,48.77,48.82,47909.0,48.864,257
2024-07-24 10:35:00-04:00,48.82,48.9,48.79,48.83,34074.0,48.836,229
2024-07-24 10:40:00-04:00,48.84,48.88,48.79,48.85,25773.0,48.848,184
2024-07-24 10:45:00-04:00,48.85,48.88,48.75,48.88,39730.0,48.807,274
2024-07-24 10:50:00-04:00,48.88,48.97,48.86,48.88,53315.0,48.907,308
2024-07-24 10:55:00-04:00,48.86,48.9,48.85,48.88,12041.0,48.879,100
2024-07-24 11:00:00-04:00,48.89,48.91,48.81,48.85,51373.0,48.88,172
2024-07-24 11:05:00-04:00,48.84,48.98,48.84,48.9,35956.0,48.906,187
2024-07-24 11:10:00-04:00,48.91,48.97,48.81,48.81,12195.0,48.899,83
2024-07-24 11:15:00-04:00,48.81,48.87,48.75,48.81,15706.0,48.816,121
2024-07-24 11:20:00-04:00,48.81,48.88,48.8,48.84,17761.0,48.842,103
2024-07-24 11:25:00-04:00,48.84,48.85,48.72,48.73,23247.0,48.778,139
2024-07-24 11:30:00-04:00,48.71,48.8,48.67,48.77,28511.0,48.714,198
2024-07-24 11:35:00-04:00,48.77,48.82,48.72,48.76,20950.0,48.77,106
2024-07-24 11:40:00-04:00,48.76,48.85,48.75,48.82,24705.0,48.818,109
2024-07-24 11:45:00-04:00,48.83,49.0,48.8,48.97,62040.0,48.866,103
2024-07-24 11:50:00-04:00,48.99,49.1,48.92,48.92,9731.0,49.04,60
2024-07-24 11:55:00-04:00,48.92,48.98,48.91,48.92,12422.0,48.939,66
2024-07-24 12:00:00-04:00,48.92,48.95,48.91,48.91,2732.0,48.916,22
2024-07-24 12:05:00-04:00,48.91,48.93,48.9,48.9,6239.0,48.908,35
2024-07-24 12:10:00-04:00,48.91,48.92,48.84,48.84,8524.0,48.893,56
2024-07-24 12:15:00-04:00,48.87,49.08,48.85,49.05,34260.0,48.906,71
2024-07-24 12:20:00-04:00,49.05,49.1,48.96,48.96,10680.0,49.073,72
2024-07-24 12:25:00-04:00,48.96,48.98,48.94,48.97,5288.0,48.96,45
2024-07-24 12:30:00-04:00,48.97,48.98,48.95,48.97,2998.0,48.964,25
2024-07-24 12:35:00-04:00,48.98,48.98,48.94,48.95,4013.0,48.952,32
2024-07-24 12:40:00-04:00,48.97,48.97,48.89,48.9,8608.0,48.944,68
2024-07-24 12:45:00-04:00,48.88,48.93,48.88,48.89,3909.0,48.912,33
2024-07-24 12:50:00-04:00,48.91,48.93,48.82,48.82,10894.0,48.899,68
2024-07-24 12:55:00-04:00,48.82,48.91,48.82,48.91,22830.0,48.841,74
2024-07-24 13:00:00-04:00,48.93,49.05,48.92,49.05,17804.0,48.945,60
2024-07-24 13:05:00-04:00,49.04,49.08,49.03,49.08,5905.0,49.047,48
2024-07-24 13:10:00-04:00,49.07,49.09,49.04,49.04,19345.0,49.063,50
2024-07-24 13:15:00-04:00,49.05,49.11,48.98,49.04,17200.0,49.039,80
2024-07-24 13:20:00-04:00,49.06,49.06,48.96,48.98,11436.0,49.013,71
2024-07-24 13:25:00-04:00,48.98,48.99,48.98,48.98,4319.0,48.983,28
2024-07-24 13:30:00-04:00,48.98,49.02,48.98,49.02,2512.0,48.995,20
2024-07-24 13:35:00-04:00,49.03,49.06,49.0,49.01,9068.0,49.026,54
2024-07-24 13:40:00-04:00,49.01,49.02,49.0,49.01,2977.0,49.009,29
2024-07-24 13:45:00-04:00,49.01,49.01,48.99,49.0,7298.0,49.003,54
2024-07-24 13:50:00-04:00,49.01,49.03,48.99,49.03,8244.0,49.013,63
2024-07-24 13:55:00-04:00,49.03,49.05,49.0,49.0,7751.0,49.025,46
2024-07-24 14:00:00-04:00,49.01,49.03,49.0,49.02,6969.0,49.015,46
2024-07-24 14:05:00-04:00,49.03,49.05,49.02,49.05,13579.0,49.036,81
2024-07-24 14:10:00-04:00,49.05,49.16,49.05,49.09,35866.0,49.121,168
2024-07-24 14:15:00-04:00,49.09,49.1,49.05,49.05,11808.0,49.07,92
2024-07-24 14:20:00-04:00,49.06,49.07,49.04,49.07,9530.0,49.056,71
2024-07-24 14:25:00-04:00,49.07,49.15,49.06,49.12,25990.0,49.113,146
2024-07-24 14:30:00-04:00,49.12,49.13,49.11,49.12,9888.0,49.121,69
2024-07-24 14:35:00-04:00,49.12,49.15,49.11,49.12,13115.0,49.13,109
2024-07-24 14:40:00-04:00,49.12,49.24,49.12,49.21,42042.0,49.175,240
2024-07-24 14:45:00-04:00,49.22,49.24,49.1,49.11,26939.0,49.172,109
2024-07-24 14:50:00-04:00,49.1,49.18,49.1,49.16,14295.0,49.131,113
2024-07-24 14:55:00-04:00,49.17,49.25,49.17,49.21,14584.0,49.223,96
2024-07-24 15:00:00-04:00,49.23,49.24,49.19,49.2,17912.0,49.211,140
2024-07-24 15:05:00-04:00,49.2,49.2,49.02,49.11,41975.0,49.106,147
2024-07-24 15:10:00-04:00,49.13,49.13,49.05,49.08,33284.0,49.103,222
2024-07-24 15:15:00-04:00,49.1,49.11,49.06,49.09,27360.0,49.089,137
2024-07-24 15:20:00-04:00,49.1,49.17,49.09,49.1,16687.0,49.133,132
2024-07-24 15:25:00-04:00,49.12,49.12,49.07,49.11,15724.0,49.101,107
2024-07-24 15:30:00-04:00,49.11,49.17,49.11,49.16,20961.0,49.139,156
2024-07-24 15:35:00-04:00,49.16,49.18,49.1,49.11,40818.0,49.13,224
2024-07-24 15:40:00-04:00,49.11,49.17,49.1,49.12,47121.0,49.133,268
2024-07-24 15:45:00-04:00,49.11,49.15,49.03,49.03,44227.0,49.1,326
2024-07-24 15:50:00-04:00,49.03,49.05,49.02,49.02,86385.0,49.039,599
2024-07-24 15:55:00-04:00,49.01,49.01,48.83,48.86,270751.0,48.9,1219
2024-07-25 09:30:00-04:00,48.42,48.5,47.81,47.93,122228.0,48.255,421
2024-07-25 09:35:00-04:00,47.93,48.11,47.9,47.98,24280.0,48.019,135
2024-07-25 09:40:00-04:00,47.98,48.25,47.98,48.25,26361.0,48.12,146
2024-07-25 09:45:00-04:00,48.25,48.47,48.2,48.47,53259.0,48.299,190
2024-07-25 09:50:00-04:00,48.47,48.51,48.38,48.49,43814.0,48.444,161
2024-07-25 09:55:00-04:00,48.46,48.46,48.19,48.27,16314.0,48.277,93
2024-07-25 10:00:00-04:00,48.29,48.32,48.2,48.23,14905.0,48.275,100
2024-07-25 10:05:00-04:00,48.2,48.2,48.09,48.16,23993.0,48.135,108
2024-07-25 10:10:00-04:00,48.16,48.28,48.16,48.23,81270.0,48.213,289
2024-07-25 10:15:00-04:00,48.23,48.28,48.2,48.24,94324.0,48.246,249
2024-07-25 10:20:00-04:00,48.25,48.25,48.04,48.19,49289.0,48.146,219
2024-07-25 10:25:00-04:00,48.16,48.23,48.08,48.21,82027.0,48.162,135
2024-07-25 10:30:00-04:00,48.22,48.35,48.21,48.34,37166.0,48.299,196
2024-07-25 10:35:00-04:00,48.34,48.34,48.2,48.26,55703.0,48.265,179
2024-07-25 10:40:00-04:00,48.25,48.26,48.18,48.2,16465.0,48.236,101
2024-07-25 10:45:00-04:00,48.22,48.22,48.16,48.18,12296.0,48.183,106
2024-07-25 10:50:00-04:00,48.16,48.19,48.09,48.14,17669.0,48.149,120
2024-07-25 10:55:00-04:00,48.14,48.19,48.11,48.19,16186.0,48.15,78
2024-07-25 11:00:00-04:00,48.18,48.27,48.18,48.26,25334.0,48.241,155
2024-07-25 11:05:00-04:00,48.26,48.26,48.12,48.23,17356.0,48.192,135
2024-07-25 11:10:00-04:00,48.23,48.23,48.13,48.13,21437.0,48.17,136
2024-07-25 11:15:00-04:00,48.15,48.27,48.13,48.23,43631.0,48.232,165
2024-07-25 11:20:00-04:00,48.22,48.32,48.21,48.3,26915.0,48.26,111
2024-07-25 11:25:00-04:00,48.27,48.29,48.16,48.18,18173.0,48.205,137
2024-07-25 11:30:00-04:00,48.15,48.16,48.1,48.15,25774.0,48.131,143
2024-07-25 11:35:00-04:00,48.12,48.19,48.08,48.09,13060.0,48.132,79
2024-07-25 11:40:00-04:00,48.09,48.14,47.99,48.02,10212.0,48.106,76
2024-07-25 11:45:00-04:00,48.01,48.03,47.99,48.0,13504.0,48.004,94
2024-07-25 11:50:00-04:00,48.0,48.02,47.98,47.99,10748.0,47.996,87
2024-07-25 11:55:00-04:00,47.99,48.12,47.95,48.09,16090.0,48.007,100
2024-07-25 12:00:00-04:00,48.09,48.12,48.06,48.12,8717.0,48.08,73
2024-07-25 12:05:00-04:00,48.1,48.15,48.08,48.14,14877.0,48.116,94
2024-07-25 12:10:00-04:00,48.14,48.14,48.0,48.01,11410.0,48.076,92
2024-07-25 12:15:00-04:00,48.01,48.05,48.0,48.05,13767.0,48.02,89
2024-07-25 12:20:00-04:00,48.05,48.09,48.04,48.08,10981.0,48.06,82
2024-07-25 12:25:00-04:00,48.08,48.11,48.07,48.11,11115.0,48.091,77
2024-07-25 12:30:00-04:00,48.11,48.12,48.1,48.12,7473.0,48.11,60
2024-07-25 12:35:00-04:00,48.12,48.12,48.08,48.09,6165.0,48.098,44
2024-07-25 12:40:00-04:00,48.1,48.13,48.1,48.11,6957.0,48.111,59
2024-07-25 12:45:00-04:00,48.1,48.1,48.0,48.02,10450.0,48.04,69
2024-07-25 12:50:00-04:00,48.03,48.04,48.01,48.02,8232.0,48.028,63
2024-07-25 12:55:00-04:00,48.02,48.03,48.0,48.03,6310.0,48.017,54
2024-07-25 13:00:00-04:00,48.04,48.04,47.99,48.02,8959.0,48.009,80
2024-07-25 13:05:00-04:00,48.0,48.03,48.0,48.01,5505.0,48.013,46
2024-07-25 13:10:00-04:00,48.02,48.1,48.02,48.09,11354.0,48.065,76
2024-07-25 13:15:00-04:00,48.07,48.08,47.98,48.05,20285.0,48.028,115
2024-07-25 13:20:00-04:00,48.06,48.06,47.99,48.03,12539.0,48.017,100
2024-07-25 13:25:00-04:00,48.02,48.05,47.97,48.0,15224.0,48.002,117
2024-07-25 13:30:00-04:00,48.0,48.05,47.98,48.05,18725.0,48.014,119
2024-07-25 13:35:00-04:00,48.05,48.09,48.04,48.07,8472.0,48.064,67
2024-07-25 13:40:00-04:00,48.07,48.11,48.07,48.11,10706.0,48.087,80
2024-07-25 13:45:00-04:00,48.11,48.14,48.1,48.14,7349.0,48.115,52
2024-07-25 13:50:00-04:00,48.13,48.15,48.13,48.13,9396.0,48.134,74
2024-07-25 13:55:00-04:00,48.13,48.14,48.04,48.07,13941.0,48.095,103
2024-07-25 14:00:00-04:00,48.07,48.08,48.03,48.04,13210.0,48.055,79
2024-07-25 14:05:00-04:00,48.04,48.1,48.03,48.1,12350.0,48.06,92
2024-07-25 14:10:00-04:00,48.1,48.16,48.1,48.16,13226.0,48.125,103
2024-07-25 14:15:00-04:00,48.16,48.17,48.09,48.11,9845.0,48.15,84
2024-07-25 14:20:00-04:00,48.1,48.12,48.03,48.12,12075.0,48.058,88
2024-07-25 14:25:00-04:00,48.1,48.14,48.07,48.07,8851.0,48.121,70
2024-07-25 14:30:00-04:00,48.04,48.04,47.99,48.03,11964.0,48.02,87
2024-07-25 14:35:00-04:00,48.03,48.04,47.98,47.98,11357.0,48.013,90
2024-07-25 14:40:00-04:00,48.0,48.02,47.96,47.99,18795.0,47.988,135
2024-07-25 14:45:00-04:00,47.99,48.0,47.97,47.99,37740.0,47.985,237
2024-07-25 14:50:00-04:00,47.98,48.01,47.96,48.0,36298.0,47.989,240
2024-07-25 14:55:00-04:00,47.99,48.0,47.97,47.99,14027.0,47.985,119
2024-07-25 15:00:00-04:00,47.98,47.99,47.88,47.88,10053.0,47.924,85
2024-07-25 15:05:00-04:00,47.89,47.9,47.81,47.86,18154.0,47.844,141
2024-07-25 15:10:00-04:00,47.85,47.87,47.82,47.83,15347.0,47.84,118
2024-07-25 15:15:00-04:00,47.82,47.83,47.8,47.81,17368.0,47.814,136
2024-07-25 15:20:00-04:00,47.8,47.81,47.75,47.78,20336.0,47.778,168
2024-07-25 15:25:00-04:00,47.78,47.79,47.76,47.76,11970.0,47.776,108
2024-07-25 15:30:00-04:00,47.77,47.78,47.66,47.68,16134.0,47.734,114
2024-07-25 15:35:00-04:00,47.68,47.68,47.58,47.59,21379.0,47.631,160
2024-07-25 15:40:00-04:00,47.6,47.63,47.58,47.6,27054.0,47.604,192
2024-07-25 15:45:00-04:00,47.6,47.69,47.6,47.69,35215.0,47.653,274
2024-07-25 15:50:00-04:00,47.71,47.76,47.61,47.61,59079.0,47.669,423
2024-07-25 15:55:00-04:00,47.61,47.79,47.59,47.68,273587.0,47.69,1158
2024-07-26 09:30:00-04:00,47.72,47.88,47.71,47.84,47048.0,47.853,140
2024-07-26 09:35:00-04:00,47.88,48.23,47.83,48.03,56240.0,48.008,287
2024-07-26 09:40:00-04:00,48.06,48.15,48.0,48.15,18716.0,48.044,100
2024-07-26 09:45:00-04:00,48.17,48.19,48.12,48.19,14998.0,48.17,89
2024-07-26 09:50:00-04:00,48.2,48.24,48.18,48.22,9277.0,48.219,58
2024-07-26 09:55:00-04:00,48.25,48.28,48.23,48.24,5771.0,48.249,49
2024-07-26 10:00:00-04:00,48.23,48.27,48.2,48.26,8415.0,48.24,54
2024-07-26 10:05:00-04:00,48.26,48.36,48.23,48.27,16240.0,48.277,92
2024-07-26 10:10:00-04:00,48.26,48.43,48.26,48.43,35512.0,48.347,157
2024-07-26 10:15:00-04:00,48.46,48.5,48.24,48.26,24663.0,48.355,120
2024-07-26 10:20:00-04:00,48.24,48.28,48.24,48.27,3689.0,48.259,32
2024-07-26 10:25:00-04:00,48.27,48.41,48.25,48.41,48501.0,48.305,132
2024-07-26 10:30:00-04:00,48.36,48.48,48.33,48.37,84141.0,48.392,224
2024-07-26 10:35:00-04:00,48.37,48.39,48.18,48.22,15934.0,48.263,119
2024-07-26 10:40:00-04:00,48.23,48.32,48.22,48.27,15115.0,48.269,103
2024-07-26 10:45:00-04:00,48.27,48.32,48.23,48.26,14904.0,48.287,103
2024-07-26 10:50:00-04:00,48.24,48.36,48.24,48.33,109408.0,48.309,272
2024-07-26 10:55:00-04:00,48.33,48.38,48.19,48.29,56268.0,48.319,173
2024-07-26 11:00:00-04:00,48.31,48.4,48.3,48.38,14845.0,48.347,120
2024-07-26 11:05:00-04:00,48.36,48.38,48.34,48.36,73537.0,48.365,153
2024-07-26 11:10:00-04:00,48.35,48.45,48.35,48.44,51112.0,48.39,151
2024-07-26 11:15:00-04:00,48.46,48.47,48.35,48.35,14855.0,48.399,110
2024-07-26 11:20:00-04:00,48.36,48.44,48.26,48.32,72538.0,48.375,365
2024-07-26 11:25:00-04:00,48.33,48.38,48.3,48.35,92849.0,48.348,382
2024-07-26 11:30:00-04:00,48.36,48.36,48.18,48.18,92203.0,48.33,538
2024-07-26 11:35:00-04:00,48.17,48.31,48.14,48.23,130972.0,48.219,300
2024-07-26 11:40:00-04:00,48.26,48.28,48.19,48.23,18868.0,48.224,115
2024-07-26 11:45:00-04:00,48.23,48.23,48.2,48.21,15291.0,48.213,118
2024-07-26 11:50:00-04:00,48.2,48.24,48.18,48.24,9180.0,48.214,70
2024-07-26 11:55:00-04:00,48.22,48.22,48.18,48.22,9641.0,48.202,68
2024-07-26 12:00:00-04:00,48.23,48.41,48.22,48.41,71903.0,48.257,144
2024-07-26 12:05:00-04:00,48.42,48.46,48.4,48.44,20296.0,48.421,97
2024-07-26 12:10:00-04:00,48.45,48.6,48.42,48.56,53200.0,48.513,219
2024-07-26 12:15:00-04:00,48.57,48.63,48.56,48.63,9816.0,48.593,52
2024-07-26 12:20:00-04:00,48.63,48.68,48.61,48.66,17477.0,48.643,121
2024-07-26 12:25:00-04:00,48.67,48.73,48.66,48.73,83950.0,48.69,294
2024-07-26 12:30:00-04:00,48.71,48.79,48.69,48.75,14503.0,48.728,96
2024-07-26 12:35:00-04:00,48.73,48.76,48.72,48.75,5835.0,48.737,43
2024-07-26 12:40:00-04:00,48.76,48.85,48.75,48.85,19202.0,48.82,109
2024-07-26 12:45:00-04:00,48.84,48.9,48.8,48.82,13266.0,48.865,82
2024-07-26 12:50:00-04:00,48.83,48.88,48.82,48.86,7710.0,48.851,69
2024-07-26 12:55:00-04:00,48.86,48.88,48.83,48.88,8735.0,48.861,65
2024-07-26 13:00:00-04:00,48.88,48.88,48.84,48.87,7286.0,48.861,55
2024-07-26 13:05:00-04:00,48.87,48.88,48.83,48.84,15236.0,48.857,99
2024-07-26 13:10:00-04:00,48.84,48.96,48.83,48.89,25361.0,48.907,143
2024-07-26 13:15:00-04:00,48.87,48.99,48.87,48.97,30030.0,48.934,184
2024-07-26 13:20:00-04:00,48.96,48.97,48.95,48.96,2703.0,48.963,25
2024-07-26 13:25:00-04:00,48.96,48.98,48.93,48.94,8576.0,48.953,79
2024-07-26 13:30:00-04:00,48.95,48.99,48.89,48.93,44536.0,48.935,232
2024-07-26 13:35:00-04:00,48.93,48.94,48.79,48.81,22136.0,48.876,115
2024-07-26 13:40:00-04:00,48.79,48.83,48.78,48.78,6926.0,48.799,60
2024-07-26 13:45:00-04:00,48.8,48.91,48.79,48.87,25567.0,48.867,132
2024-07-26 13:50:00-04:00,48.87,48.9,48.87,48.9,7594.0,48.881,63
2024-07-26 13:55:00-04:00,48.89,48.94,48.87,48.91,14910.0,48.9,107
2024-07-26 14:00:00-04:00,48.93,48.94,48.91,48.93,6754.0,48.925,54
2024-07-26 14:05:00-04:00,48.93,48.97,48.88,48.89,12399.0,48.92,96
2024-07-26 14:10:00-04:00,48.9,48.94,48.87,48.91,7715.0,48.912,63
2024-07-26 14:15:00-04:00,48.93,48.94,48.79,48.9,29874.0,48.872,181
2024-07-26 14:20:00-04:00,48.9,48.93,48.89,48.93,8533.0,48.917,64
2024-07-26 14:25:00-04:00,48.92,48.95,48.92,48.93,8744.0,48.933,71
2024-07-26 14:30:00-04:00,48.93,48.96,48.91,48.96,25790.0,48.938,148
2024-07-26 14:35:00-04:00,48.96,49.04,48.95,48.97,28232.0,49.002,147
2024-07-26 14:40:00-04:00,48.97,49.0,48.91,48.91,8189.0,48.957,68
2024-07-26 14:45:00-04:00,48.9,49.06,48.88,49.06,33788.0,48.987,195
2024-07-26 14:50:00-04:00,49.05,49.15,49.01,49.14,44682.0,49.066,293
2024-07-26 14:55:00-04:00,49.13,49.17,49.02,49.02,49675.0,49.095,271
2024-07-26 15:00:00-04:00,49.02,49.02,48.84,48.84,15096.0,48.957,106
2024-07-26 15:05:00-04:00,48.86,48.86,48.76,48.84,22276.0,48.809,167
2024-07-26 15:10:00-04:00,48.84,48.89,48.84,48.87,16190.0,48.858,82
2024-07-26 15:15:00-04:00,48.86,48.87,48.8,48.83,16046.0,48.833,121
2024-07-26 15:20:00-04:00,48.83,48.9,48.83,48.89,10999.0,48.886,74
2024-07-26 15:25:00-04:00,48.9,48.92,48.81,48.81,8646.0,48.893,62
2024-07-26 15:30:00-04:00,48.81,48.82,48.72,48.74,21068.0,48.774,159
2024-07-26 15:35:00-04:00,48.75,48.89,48.75,48.89,31047.0,48.807,206
2024-07-26 15:40:00-04:00,48.88,49.0,48.88,48.97,34397.0,48.967,270
2024-07-26 15:45:00-04:00,48.97,48.98,48.93,48.93,29618.0,48.955,245
2024-07-26 15:50:00-04:00,48.93,48.96,48.87,48.88,63991.0,48.926,402
2024-07-26 15:55:00-04:00,48.87,48.89,48.76,48.82,152472.0,48.822,811
2024-07-29 09:30:00-04:00,48.45,48.5,48.29,48.34,47276.0,48.435,144
2024-07-29 09:35:00-04:00,48.3,48.44,48.19,48.44,46952.0,48.345,292
2024-07-29 09:40:00-04:00,48.43,48.51,48.35,48.42,62308.0,48.442,359
2024-07-29 09:45:00-04:00,48.43,48.45,48.37,48.38,22365.0,48.416,161
2024-07-29 09:50:00-04:00,48.37,48.45,48.33,48.36,56209.0,48.402,344
2024-07-29 09:55:00-04:00,48.36,48.46,48.35,48.44,52175.0,48.416,292
2024-07-29 10:00:00-04:00,48.43,48.44,48.37,48.38,28590.0,48.408,204
2024-07-29 10:05:00-04:00,48.4,48.46,48.37,48.44,70388.0,48.418,352
2024-07-29 10:10:00-04:00,48.44,48.5,48.38,48.38,38452.0,48.456,258
2024-07-29 10:15:00-04:00,48.38,48.5,48.36,48.42,68882.0,48.458,358
2024-07-29 10:20:00-04:00,48.42,48.44,48.38,48.42,20008.0,48.417,137
2024-07-29 10:25:00-04:00,48.42,48.48,48.41,48.47,83966.0,48.45,420
2024-07-29 10:30:00-04:00,48.47,48.47,48.42,48.44,32596.0,48.449,179
2024-07-29 10:35:00-04:00,48.44,48.45,48.39,48.45,50130.0,48.425,312
2024-07-29 10:40:00-04:00,48.45,48.45,48.21,48.36,77269.0,48.353,374
2024-07-29 10:45:00-04:00,48.36,48.37,48.19,48.3,106701.0,48.267,588
2024-07-29 10:50:00-04:00,48.28,48.43,48.23,48.41,107991.0,48.332,489
2024-07-29 10:55:00-04:00,48.43,48.5,48.4,48.48,54029.0,48.442,270
2024-07-29 11:00:00-04:00,48.48,48.5,48.44,48.47,26538.0,48.479,166
2024-07-29 11:05:00-04:00,48.47,48.48,48.41,48.42,15139.0,48.445,115
2024-07-29 11:10:00-04:00,48.44,48.45,48.35,48.36,45634.0,48.422,143
2024-07-29 11:15:00-04:00,48.36,48.38,48.2,48.23,37207.0,48.249,237
2024-07-29 11:20:00-04:00,48.23,48.34,48.19,48.31,62964.0,48.25,334
2024-07-29 11:25:00-04:00,48.3,48.3,48.19,48.22,25671.0,48.227,184
2024-07-29 11:30:00-04:00,48.22,48.26,48.15,48.2,116487.0,48.199,681
2024-07-29 11:35:00-04:00,48.22,48.28,48.08,48.22,37774.0,48.19,221
2024-07-29 11:40:00-04:00,48.2,48.25,48.2,48.22,14291.0,48.227,122
2024-07-29 11:45:00-04:00,48.22,48.32,48.2,48.31,18430.0,48.265,116
2024-07-29 11:50:00-04:00,48.32,48.34,48.29,48.3,22103.0,48.318,122
2024-07-29 11:55:00-04:00,48.28,48.35,48.28,48.34,9885.0,48.311,77
2024-07-29 12:00:00-04:00,48.35,48.44,48.34,48.41,52883.0,48.402,178
2024-07-29 12:05:00-04:00,48.41,48.49,48.39,48.48,24966.0,48.428,125
2024-07-29 12:10:00-04:00,48.48,48.56,48.46,48.46,19742.0,48.508,95
2024-07-29 12:15:00-04:00,48.46,48.5,48.46,48.46,9419.0,48.48,61
2024-07-29 12:20:00-04:00,48.46,48.46,48.31,48.41,25127.0,48.375,110
2024-07-29 12:25:00-04:00,48.41,48.45,48.38,48.4,9629.0,48.409,65
2024-07-29 12:30:00-04:00,48.4,48.49,48.4,48.44,22151.0,48.446,147
2024-07-29 12:35:00-04:00,48.45,48.45,48.2,48.32,40355.0,48.348,223
2024-07-29 12:40:00-04:00,48.33,48.33,48.16,48.22,9986.0,48.25,68
2024-07-29 12:45:00-04:00,48.24,48.25,48.17,48.21,9502.0,48.21,79
2024-07-29 12:50:00-04:00,48.22,48.26,48.18,48.26,9023.0,48.216,76
2024-07-29 12:55:00-04:00,48.24,48.25,48.21,48.21,6796.0,48.224,40
2024-07-29 13:00:00-04:00,48.21,48.25,48.08,48.16,15625.0,48.189,128
2024-07-29 13:05:00-04:00,48.16,48.2,48.15,48.18,8755.0,48.17,65
2024-07-29 13:10:00-04:00,48.18,48.2,48.14,48.18,25879.0,48.165,100
2024-07-29 13:15:00-04:00,48.18,48.37,48.16,48.37,18995.0,48.228,117
2024-07-29 13:20:00-04:00,48.37,48.42,48.3,48.3,35577.0,48.363,124
2024-07-29 13:25:00-04:00,48.3,48.33,48.29,48.32,12740.0,48.32,101
2024-07-29 13:30:00-04:00,48.32,48.32,48.1,48.21,21038.0,48.197,189
2024-07-29 13:35:00-04:00,48.22,48.27,48.21,48.22,13073.0,48.238,84
2024-07-29 13:40:00-04:00,48.22,48.23,48.13,48.13,8911.0,48.175,76
2024-07-29 13:45:00-04:00,48.12,48.13,47.97,47.97,8819.0,48.088,76
2024-07-29 13:50:00-04:00,47.97,48.02,47.95,47.98,28503.0,47.987,184
2024-07-29 13:55:00-04:00,47.98,47.98,47.93,47.95,26672.0,47.949,162
2024-07-29 14:00:00-04:00,47.95,47.96,47.75,47.8,21156.0,47.88,149
2024-07-29 14:05:00-04:00,47.8,47.84,47.77,47.82,11703.0,47.803,76
2024-07-29 14:10:00-04:00,47.83,47.83,47.81,47.82,9880.0,47.819,75
2024-07-29 14:15:00-04:00,47.82,47.85,47.65,47.65,42890.0,47.822,155
2024-07-29 14:20:00-04:00,47.65,47.77,47.65,47.76,17102.0,47.705,128
2024-07-29 14:25:00-04:00,47.78,47.89,47.75,47.88,14294.0,47.797,106
2024-07-29 14:30:00-04:00,47.88,47.91,47.85,47.86,20190.0,47.877,142
2024-07-29 14:35:00-04:00,47.87,47.91,47.86,47.9,10272.0,47.887,78
2024-07-29 14:40:00-04:00,47.91,47.91,47.77,47.83,13703.0,47.844,117
2024-07-29 14:45:00-04:00,47.83,47.84,47.77,47.8,14641.0,47.807,125
2024-07-29 14:50:00-04:00,47.8,47.93,47.8,47.85,41058.0,47.874,227
2024-07-29 14:55:00-04:00,47.86,47.94,47.84,47.94,16186.0,47.891,122
2024-07-29 15:00:00-04:00,47.94,48.0,47.91,48.0,17263.0,47.938,133
2024-07-29 15:05:00-04:00,48.0,48.01,47.95,47.96,40800.0,47.979,211
2024-07-29 15:10:00-04:00,47.95,47.96,47.82,47.82,36282.0,47.94,180
2024-07-29 15:15:00-04:00,47.82,47.88,47.81,47.88,27857.0,47.837,189
2024-07-29 15:20:00-04:00,47.88,48.05,47.87,48.04,40509.0,47.956,276
2024-07-29 15:25:00-04:00,48.04,48.05,47.95,47.95,48431.0,48.026,250
2024-07-29 15:30:00-04:00,47.95,47.96,47.87,47.87,31154.0,47.903,221
2024-07-29 15:35:00-04:00,47.86,47.9,47.83,47.9,40941.0,47.875,298
2024-07-29 15:40:00-04:00,47.9,47.9,47.74,47.75,42719.0,47.828,330
2024-07-29 15:45:00-04:00,47.75,47.85,47.74,47.85,57618.0,47.782,376
2024-07-29 15:50:00-04:00,47.84,47.9,47.64,47.7,73859.0,47.72,551
2024-07-29 15:55:00-04:00,47.69,47.71,47.52,47.54,252946.0,47.608,1099
2024-07-30 09:30:00-04:00,47.14,47.35,46.99,47.05,47196.0,47.194,186
2024-07-30 09:35:00-04:00,46.99,46.99,46.79,46.82,20935.0,46.893,119
2024-07-30 09:40:00-04:00,46.84,46.96,46.75,46.95,59028.0,46.877,308
2024-07-30 09:45:00-04:00,46.93,47.06,46.93,46.96,69936.0,46.988,195
2024-07-30 09:50:00-04:00,46.97,46.98,46.87,46.97,28202.0,46.941,225
2024-07-30 09:55:00-04:00,46.97,47.07,46.94,47.05,39773.0,46.999,277
2024-07-30 10:00:00-04:00,47.05,47.06,46.84,46.89,42533.0,46.931,271
2024-07-30 10:05:00-04:00,46.89,46.91,46.79,46.91,88128.0,46.864,307
2024-07-30 10:10:00-04:00,46.9,46.98,46.83,46.84,36519.0,46.92,254
2024-07-30 10:15:00-04:00,46.83,46.97,46.82,46.89,49941.0,46.897,329
2024-07-30 10:20:00-04:00,46.89,46.91,46.81,46.85,28214.0,46.846,173
2024-07-30 10:25:00-04:00,46.85,46.86,46.76,46.76,29311.0,46.806,219
2024-07-30 10:30:00-04:00,46.77,46.78,46.6,46.6,70936.0,46.729,409
2024-07-30 10:35:00-04:00,46.58,46.61,46.53,46.54,52248.0,46.566,286
2024-07-30 10:40:00-04:00,46.53,46.64,46.38,46.44,85659.0,46.535,530
2024-07-30 10:45:00-04:00,46.44,46.44,46.3,46.34,53089.0,46.348,281
2024-07-30 10:50:00-04:00,46.34,46.34,46.1,46.21,37592.0,46.222,252
2024-07-30 10:55:00-04:00,46.21,46.37,46.19,46.3,28582.0,46.272,220
2024-07-30 11:00:00-04:00,46.29,46.4,46.28,46.3,31693.0,46.327,207
2024-07-30 11:05:00-04:00,46.3,46.34,46.27,46.3,23223.0,46.297,189
2024-07-30 11:10:00-04:00,46.3,46.43,46.28,46.4,40175.0,46.347,241
2024-07-30 11:15:00-04:00,46.41,46.43,46.28,46.33,30584.0,46.375,251
2024-07-30 11:20:00-04:00,46.33,46.42,46.33,46.4,33113.0,46.371,246
2024-07-30 11:25:00-04:00,46.42,46.48,46.39,46.41,53129.0,46.418,280
2024-07-30 11:30:00-04:00,46.4,46.41,46.28,46.29,46476.0,46.363,345
2024-07-30 11:35:00-04:00,46.29,46.46,46.29,46.46,34103.0,46.367,227
2024-07-30 11:40:00-04:00,46.46,46.54,46.45,46.53,33079.0,46.508,221
2024-07-30 11:45:00-04:00,46.51,46.59,46.51,46.55,23688.0,46.543,182
2024-07-30 11:50:00-04:00,46.55,46.57,46.54,46.56,30991.0,46.555,236
2024-07-30 11:55:00-04:00,46.56,46.61,46.56,46.6,35827.0,46.582,228
2024-07-30 12:00:00-04:00,46.6,46.75,46.59,46.62,90724.0,46.635,357
2024-07-30 12:05:00-04:00,46.63,46.89,46.63,46.88,54671.0,46.75,280
2024-07-30 12:10:00-04:00,46.87,46.94,46.78,46.91,54151.0,46.892,317
2024-07-30 12:15:00-04:00,46.91,47.02,46.9,47.01,51766.0,46.964,313
2024-07-30 12:20:00-04:00,47.02,47.09,46.92,46.94,63393.0,46.999,381
2024-07-30 12:25:00-04:00,46.94,47.02,46.94,47.01,36115.0,46.976,263
2024-07-30 12:30:00-04:00,47.01,47.23,47.0,47.23,57760.0,47.11,343
2024-07-30 12:35:00-04:00,47.23,47.26,47.12,47.21,34013.0,47.202,239
2024-07-30 12:40:00-04:00,47.21,47.4,47.17,47.4,30300.0,47.267,196
2024-07-30 12:45:00-04:00,47.39,47.49,47.32,47.38,72927.0,47.413,312
2024-07-30 12:50:00-04:00,47.38,47.57,47.21,47.21,79352.0,47.465,356
2024-07-30 12:55:00-04:00,47.21,47.28,47.1,47.1,13989.0,47.227,114
2024-07-30 13:00:00-04:00,47.1,47.1,46.98,47.03,33490.0,47.024,180
2024-07-30 13:05:00-04:00,47.04,47.08,47.03,47.07,7285.0,47.058,57
2024-07-30 13:10:00-04:00,47.07,47.12,47.01,47.05,26863.0,47.078,165
2024-07-30 13:15:00-04:00,47.04,47.09,47.02,47.09,10077.0,47.053,74
2024-07-30 13:20:00-04:00,47.1,47.1,47.05,47.05,17668.0,47.077,104
2024-07-30 13:25:00-04:00,47.05,47.18,47.04,47.09,32172.0,47.107,157
2024-07-30 13:30:00-04:00,47.07,47.11,47.04,47.11,13317.0,47.09,96
2024-07-30 13:35:00-04:00,47.1,47.23,47.09,47.14,39954.0,47.177,253
2024-07-30 13:40:00-04:00,47.14,47.16,47.05,47.09,13982.0,47.095,95
2024-07-30 13:45:00-04:00,47.09,47.09,47.01,47.03,9965.0,47.056,78
2024-07-30 13:50:00-04:00,47.04,47.04,46.93,46.98,19491.0,46.978,123
2024-07-30 13:55:00-04:00,46.98,47.06,46.96,47.05,24934.0,47.011,126
2024-07-30 14:00:00-04:00,47.06,47.09,47.05,47.07,9666.0,47.067,73
2024-07-30 14:05:00-04:00,47.06,47.15,47.06,47.14,22740.0,47.125,153
2024-07-30 14:10:00-04:00,47.14,47.29,47.13,47.29,29600.0,47.214,167
2024-07-30 14:15:00-04:00,47.29,47.4,47.25,47.27,37977.0,47.315,268
2024-07-30 14:20:00-04:00,47.27,47.27,47.17,47.17,16739.0,47.233,121
2024-07-30 14:25:00-04:00,47.14,47.16,47.09,47.11,15636.0,47.13,102
2024-07-30 14:30:00-04:00,47.12,47.12,47.04,47.08,19743.0,47.078,151
2024-07-30 14:35:00-04:00,47.07,47.11,47.05,47.09,13937.0,47.078,105
2024-07-30 14:40:00-04:00,47.09,47.1,47.08,47.08,13493.0,47.088,105
2024-07-30 14:45:00-04:00,47.1,47.1,47.0,47.0,39035.0,47.033,236
2024-07-30 14:50:00-04:00,47.0,47.08,47.0,47.06,23498.0,47.036,163
2024-07-30 14:55:00-04:00,47.07,47.07,47.05,47.06,13866.0,47.06,107
2024-07-30 15:00:00-04:00,47.07,47.07,47.0,47.01,13860.0,47.025,109
2024-07-30 15:05:00-04:00,47.02,47.03,47.0,47.0,16339.0,47.01,125
2024-07-30 15:10:00-04:00,47.01,47.14,47.0,47.11,35962.0,47.071,236
2024-07-30 15:15:00-04:00,47.12,47.14,47.11,47.12,17996.0,47.129,105
2024-07-30 15:20:00-04:00,47.12,47.15,47.11,47.14,8090.0,47.123,67
2024-07-30 15:25:00-04:00,47.13,47.14,47.06,47.11,30065.0,47.092,214
2024-07-30 15:30:00-04:00,47.11,47.12,47.08,47.08,48373.0,47.098,289
2024-07-30 15:35:00-04:00,47.1,47.1,46.97,47.0,60263.0,47.019,413
2024-07-30 15:40:00-04:00,46.99,47.01,46.96,46.99,64437.0,46.993,387
2024-07-30 15:45:00-04:00,46.98,47.03,46.93,46.94,53281.0,46.99,357
2024-07-30 15:50:00-04:00,46.94,46.94,46.73,46.82,100272.0,46.798,719
2024-07-30 15:55:00-04:00,46.82,46.86,46.7,46.74,263105.0,46.8,1420
2024-07-31 09:30:00-04:00,43.29,43.91,43.18,43.72,262495.0,43.472,978
2024-07-31 09:35:00-04:00,43.68,44.22,43.64,44.19,176369.0,43.953,954
2024-07-31 09:40:00-04:00,44.2,44.55,44.17,44.3,466394.0,44.275,1462
2024-07-31 09:45:00-04:00,44.31,44.31,43.94,43.99,283037.0,44.079,1356
2024-07-31 09:50:00-04:00,43.97,43.99,43.54,43.66,133489.0,43.846,706
2024-07-31 09:55:00-04:00,43.66,43.87,43.46,43.65,124137.0,43.666,682
2024-07-31 10:00:00-04:00,43.63,43.68,43.35,43.47,205800.0,43.483,871
2024-07-31 10:05:00-04:00,43.46,44.22,43.46,44.2,339217.0,43.781,1812
2024-07-31 10:10:00-04:00,44.2,44.71,44.15,44.58,367790.0,44.423,1698
2024-07-31 10:15:00-04:00,44.59,44.63,44.3,44.48,248136.0,44.499,1075
2024-07-31 10:20:00-04:00,44.47,44.85,44.35,44.66,158926.0,44.605,893
2024-07-31 10:25:00-04:00,44.65,44.84,44.63,44.76,146997.0,44.736,812
2024-07-31 10:30:00-04:00,44.77,44.95,44.65,44.66,124450.0,44.795,712
2024-07-31 10:35:00-04:00,44.66,44.77,44.61,44.76,57838.0,44.671,294
2024-07-31 10:40:00-04:00,44.77,44.87,44.64,44.64,101073.0,44.769,492
2024-07-31 10:45:00-04:00,44.66,44.7,44.34,44.48,82128.0,44.492,432
2024-07-31 10:50:00-04:00,44.48,44.48,44.2,44.33,66630.0,44.348,318
2024-07-31 10:55:00-04:00,44.33,44.5,44.33,44.45,129498.0,44.413,498
2024-07-31 11:00:00-04:00,44.45,44.53,44.32,44.38,59179.0,44.42,353
2024-07-31 11:05:00-04:00,44.39,44.43,44.2,44.27,58152.0,44.301,320
2024-07-31 11:10:00-04:00,44.27,44.38,44.2,44.3,109885.0,44.29,524
2024-07-31 11:15:00-04:00,44.3,44.46,44.28,44.36,133936.0,44.363,677
2024-07-31 11:20:00-04:00,44.37,44.55,44.35,44.44,203177.0,44.455,1058
2024-07-31 11:25:00-04:00,44.45,44.49,44.38,44.41,93963.0,44.452,490
2024-07-31 11:30:00-04:00,44.41,44.97,44.39,44.4,236150.0,44.614,1599
2024-07-31 11:35:00-04:00,44.4,44.86,44.32,44.71,125097.0,44.644,797
2024-07-31 11:40:00-04:00,44.73,44.85,44.65,44.85,50915.0,44.739,298
2024-07-31 11:45:00-04:00,44.86,44.99,44.86,44.94,47458.0,44.931,312
2024-07-31 11:50:00-04:00,44.94,45.0,44.75,44.98,60384.0,44.906,312
2024-07-31 11:55:00-04:00,44.99,45.06,44.93,44.98,84383.0,44.996,391
2024-07-31 12:00:00-04:00,44.98,45.03,44.88,44.99,62589.0,44.978,293
2024-07-31 12:05:00-04:00,44.99,45.02,44.89,44.99,75600.0,44.971,339
2024-07-31 12:10:00-04:00,44.99,45.02,44.91,44.99,54484.0,44.976,245
2024-07-31 12:15:00-04:00,44.99,45.16,44.99,45.11,62304.0,45.076,276
2024-07-31 12:20:00-04:00,45.12,45.25,45.1,45.16,42418.0,45.182,231
2024-07-31 12:25:00-04:00,45.16,45.16,44.85,44.85,23316.0,45.025,174
2024-07-31 12:30:00-04:00,44.85,45.03,44.75,44.98,27279.0,44.843,168
2024-07-31 12:35:00-04:00,44.98,45.04,44.94,45.04,29005.0,44.972,147
2024-07-31 12:40:00-04:00,45.02,45.09,45.02,45.08,26929.0,45.06,179
2024-07-31 12:45:00-04:00,45.08,45.11,45.07,45.09,21973.0,45.092,137
2024-07-31 12:50:00-04:00,45.09,45.09,44.78,44.78,27236.0,44.957,175
2024-07-31 12:55:00-04:00,44.78,44.85,44.75,44.84,27913.0,44.796,130
2024-07-31 13:00:00-04:00,44.83,44.83,44.59,44.66,35439.0,44.684,190
2024-07-31 13:05:00-04:00,44.66,44.79,44.65,44.77,28012.0,44.722,158
2024-07-31 13:10:00-04:00,44.77,44.82,44.73,44.77,22367.0,44.766,138
2024-07-31 13:15:00-04:00,44.77,44.91,44.74,44.87,54872.0,44.777,217
2024-07-31 13:20:00-04:00,44.87,44.95,44.8,44.91,52427.0,44.895,303
2024-07-31 13:25:00-04:00,44.91,44.99,44.9,44.99,110100.0,44.922,363
2024-07-31 13:30:00-04:00,44.99,44.99,44.91,44.95,34123.0,44.949,176
2024-07-31 13:35:00-04:00,44.95,45.06,44.92,45.06,52096.0,44.982,279
2024-07-31 13:40:00-04:00,45.05,45.07,44.95,44.96,73668.0,45.023,514
2024-07-31 13:45:00-04:00,44.95,45.06,44.95,45.04,39730.0,44.998,237
2024-07-31 13:50:00-04:00,45.04,45.13,45.03,45.13,28384.0,45.061,195
2024-07-31 13:55:00-04:00,45.12,45.14,45.07,45.09,43450.0,45.113,291
2024-07-31 14:00:00-04:00,45.09,45.11,44.98,45.09,36266.0,45.058,281
2024-07-31 14:05:00-04:00,45.1,45.16,45.07,45.09,76961.0,45.108,363
2024-07-31 14:10:00-04:00,45.09,45.22,45.07,45.21,67471.0,45.105,311
2024-07-31 14:15:00-04:00,45.22,45.42,45.22,45.42,55678.0,45.325,327
2024-07-31 14:20:00-04:00,45.41,45.44,45.36,45.43,46195.0,45.403,277
2024-07-31 14:25:00-04:00,45.43,45.47,45.39,45.47,43346.0,45.442,277
2024-07-31 14:30:00-04:00,45.48,45.55,45.43,45.55,36557.0,45.488,237
2024-07-31 14:35:00-04:00,45.54,45.58,45.5,45.56,62186.0,45.543,366
2024-07-31 14:40:00-04:00,45.57,45.74,45.53,45.6,98834.0,45.623,551
2024-07-31 14:45:00-04:00,45.61,45.63,45.54,45.61,35054.0,45.593,234
2024-07-31 14:50:00-04:00,45.63,45.64,45.56,45.6,52025.0,45.61,351
2024-07-31 14:55:00-04:00,45.6,45.61,45.55,45.58,38275.0,45.577,264
2024-07-31 15:00:00-04:00,45.59,45.59,45.2,45.2,51990.0,45.454,359
2024-07-31 15:05:00-04:00,45.2,45.37,45.18,45.34,84777.0,45.26,509
2024-07-31 15:10:00-04:00,45.34,45.34,45.07,45.16,61778.0,45.202,414
2024-07-31 15:15:00-04:00,45.16,45.24,45.13,45.24,86871.0,45.185,440
2024-07-31 15:20:00-04:00,45.24,45.31,45.2,45.26,111498.0,45.254,652
2024-07-31 15:25:00-04:00,45.26,45.28,45.01,45.03,49910.0,45.169,371
2024-07-31 15:30:00-04:00,45.01,45.08,44.97,45.07,93817.0,45.029,548
2024-07-31 15:35:00-04:00,45.05,45.13,45.05,45.08,57300.0,45.092,379
2024-07-31 15:40:00-04:00,45.09,45.19,44.99,45.18,99993.0,45.095,641
2024-07-31 15:45:00-04:00,45.17,45.17,44.8,44.96,147319.0,44.952,914
2024-07-31 15:50:00-04:00,44.97,45.0,44.79,44.9,210251.0,44.899,1157
2024-07-31 15:55:00-04:00,44.9,44.93,44.77,44.85,441187.0,44.855,1990
2024-08-01 09:30:00-04:00,44.8,45.11,44.67,44.87,128341.0,44.851,502
2024-08-01 09:35:00-04:00,44.92,44.92,44.78,44.89,30698.0,44.855,165
2024-08-01 09:40:00-04:00,44.89,44.89,44.78,44.8,33556.0,44.813,203
2024-08-01 09:45:00-04:00,44.78,44.88,44.78,44.8,52226.0,44.829,280
2024-08-01 09:50:00-04:00,44.82,44.86,44.79,44.81,97951.0,44.825,467
2024-08-01 09:55:00-04:00,44.81,44.86,44.78,44.82,38607.0,44.823,206
2024-08-01 10:00:00-04:00,44.81,44.86,44.79,44.83,47607.0,44.823,271
2024-08-01 10:05:00-04:00,44.83,44.89,44.78,44.8,76000.0,44.818,409
2024-08-01 10:10:00-04:00,44.8,44.84,44.79,44.81,47946.0,44.813,234
2024-08-01 10:15:00-04:00,44.82,44.82,44.46,44.46,59498.0,44.734,411
2024-08-01 10:20:00-04:00,44.45,44.48,44.26,44.46,35180.0,44.383,240
2024-08-01 10:25:00-04:00,44.45,44.58,44.43,44.57,37561.0,44.518,297
2024-08-01 10:30:00-04:00,44.57,44.65,44.54,44.57,55532.0,44.593,393
2024-08-01 10:35:00-04:00,44.59,44.6,44.37,44.46,44331.0,44.468,296
2024-08-01 10:40:00-04:00,44.47,44.52,44.38,44.49,80969.0,44.463,424
2024-08-01 10:45:00-04:00,44.48,44.48,44.3,44.41,85771.0,44.39,482
2024-08-01 10:50:00-04:00,44.41,44.5,44.23,44.27,274777.0,44.364,974
2024-08-01 10:55:00-04:00,44.27,44.35,44.13,44.2,102838.0,44.27,543
2024-08-01 11:00:00-04:00,44.2,44.34,44.16,44.2,110739.0,44.254,589
2024-08-01 11:05:00-04:00,44.19,44.33,44.11,44.21,88344.0,44.224,528
2024-08-01 11:10:00-04:00,44.21,44.25,43.98,43.99,74688.0,44.151,457
2024-08-01 11:15:00-04:00,43.98,43.98,43.82,43.83,37974.0,43.899,261
2024-08-01 11:20:00-04:00,43.82,43.83,43.62,43.67,50867.0,43.669,344
2024-08-01 11:25:00-04:00,43.72,43.81,43.68,43.69,33747.0,43.723,249
2024-08-01 11:30:00-04:00,43.7,43.73,43.58,43.61,118519.0,43.654,875
2024-08-01 11:35:00-04:00,43.58,43.76,43.49,43.68,56846.0,43.584,423
2024-08-01 11:40:00-04:00,43.68,43.75,43.61,43.65,20062.0,43.691,152
2024-08-01 11:45:00-04:00,43.66,43.75,43.64,43.75,20829.0,43.688,170
2024-08-01 11:50:00-04:00,43.76,43.76,43.7,43.71,20153.0,43.715,134
2024-08-01 11:55:00-04:00,43.73,43.79,43.69,43.7,15854.0,43.745,131
2024-08-01 12:00:00-04:00,43.68,43.7,43.51,43.53,18810.0,43.578,145
2024-08-01 12:05:00-04:00,43.55,43.56,43.46,43.51,21936.0,43.524,162
2024-08-01 12:10:00-04:00,43.52,43.66,43.52,43.66,26001.0,43.604,183
2024-08-01 12:15:00-04:00,43.66,43.74,43.63,43.65,40751.0,43.692,146
2024-08-01 12:20:00-04:00,43.63,43.7,43.62,43.65,19926.0,43.645,155
2024-08-01 12:25:00-04:00,43.65,43.67,43.63,43.65,18999.0,43.645,135
2024-08-01 12:30:00-04:00,43.64,43.68,43.64,43.67,16138.0,43.66,98
2024-08-01 12:35:00-04:00,43.68,43.8,43.66,43.7,28483.0,43.738,190
2024-08-01 12:40:00-04:00,43.72,43.72,43.63,43.69,18773.0,43.676,136
2024-08-01 12:45:00-04:00,43.69,43.69,43.65,43.69,13569.0,43.669,81
2024-08-01 12:50:00-04:00,43.72,43.81,43.68,43.79,18562.0,43.729,133
2024-08-01 12:55:00-04:00,43.77,43.8,43.67,43.67,29130.0,43.747,156
2024-08-01 13:00:00-04:00,43.67,43.67,43.58,43.59,16661.0,43.623,99
2024-08-01 13:05:00-04:00,43.58,43.6,43.57,43.58,14254.0,43.574,74
2024-08-01 13:10:00-04:00,43.57,43.59,43.56,43.58,82044.0,43.571,435
2024-08-01 13:15:00-04:00,43.58,43.58,43.38,43.38,29827.0,43.475,171
2024-08-01 13:20:00-04:00,43.39,43.39,43.26,43.28,10210.0,43.303,73
2024-08-01 13:25:00-04:00,43.26,43.29,43.21,43.21,29300.0,43.261,209
2024-08-01 13:30:00-04:00,43.16,43.21,43.08,43.18,17168.0,43.148,122
2024-08-01 13:35:00-04:00,43.18,43.19,43.06,43.13,23304.0,43.128,143
2024-08-01 13:40:00-04:00,43.13,43.27,43.12,43.25,22306.0,43.224,150
2024-08-01 13:45:00-04:00,43.23,43.29,43.15,43.16,15434.0,43.204,119
2024-08-01 13:50:00-04:00,43.16,43.18,43.06,43.18,28016.0,43.125,150
2024-08-01 13:55:00-04:00,43.18,43.21,43.14,43.19,23628.0,43.166,161
2024-08-01 14:00:00-04:00,43.21,43.22,43.13,43.15,11712.0,43.179,96
2024-08-01 14:05:00-04:00,43.15,43.18,43.11,43.13,31263.0,43.138,207
2024-08-01 14:10:00-04:00,43.14,43.16,43.11,43.14,27570.0,43.134,198
2024-08-01 14:15:00-04:00,43.14,43.18,43.11,43.12,28141.0,43.14,164
2024-08-01 14:20:00-04:00,43.12,43.14,43.04,43.12,26833.0,43.082,169
2024-08-01 14:25:00-04:00,43.13,43.13,43.1,43.13,17269.0,43.109,141
2024-08-01 14:30:00-04:00,43.13,43.13,43.09,43.11,24672.0,43.105,172
2024-08-01 14:35:00-04:00,43.12,43.15,43.08,43.13,35812.0,43.102,214
2024-08-01 14:40:00-04:00,43.12,43.15,43.09,43.13,19903.0,43.119,139
2024-08-01 14:45:00-04:00,43.13,43.14,43.08,43.12,134063.0,43.132,333
2024-08-01 14:50:00-04:00,43.12,43.12,42.92,42.94,31692.0,43.037,229
2024-08-01 14:55:00-04:00,42.92,43.18,42.92,43.05,37470.0,43.039,239
2024-08-01 15:00:00-04:00,43.03,43.04,42.99,43.02,13634.0,43.013,104
2024-08-01 15:05:00-04:00,43.02,43.09,42.99,43.09,36019.0,43.015,215
2024-08-01 15:10:00-04:00,43.07,43.11,43.05,43.1,21928.0,43.079,159
2024-08-01 15:15:00-04:00,43.1,43.14,43.04,43.08,44824.0,43.103,266
2024-08-01 15:20:00-04:00,43.09,43.1,43.02,43.03,66632.0,43.059,264
2024-08-01 15:25:00-04:00,43.05,43.07,43.03,43.05,46711.0,43.049,291
2024-08-01 15:30:00-04:00,43.05,43.09,42.97,42.99,130824.0,43.007,749
2024-08-01 15:35:00-04:00,43.01,43.05,42.98,43.01,75282.0,43.012,440
2024-08-01 15:40:00-04:00,43.01,43.04,42.99,43.01,67954.0,43.008,395
2024-08-01 15:45:00-04:00,42.99,43.02,42.96,43.01,140541.0,43.001,873
2024-08-01 15:50:00-04:00,43.01,43.15,42.99,43.12,206821.0,43.031,1192
2024-08-01 15:55:00-04:00,43.12,43.35,43.11,43.33,309358.0,43.292,1385
2024-08-02 09:30:00-04:00,42.78,42.78,42.44,42.44,76283.0,42.655,172
2024-08-02 09:35:00-04:00,42.44,42.55,42.38,42.45,25999.0,42.444,158
2024-08-02 09:40:00-04:00,42.47,42.52,42.2,42.2,18512.0,42.356,123
2024-08-02 09:45:00-04:00,42.18,42.21,41.97,41.97,42174.0,42.051,174
2024-08-02 09:50:00-04:00,41.97,42.08,41.86,41.87,105322.0,41.956,237
2024-08-02 09:55:00-04:00,41.84,41.93,41.81,41.88,17596.0,41.874,124
2024-08-02 10:00:00-04:00,41.88,41.9,41.67,41.83,42269.0,41.796,273
2024-08-02 10:05:00-04:00,41.8,41.8,41.67,41.68,18037.0,41.749,124
2024-08-02 10:10:00-04:00,41.66,41.7,41.34,41.34,32811.0,41.503,215
2024-08-02 10:15:00-04:00,41.36,41.55,41.33,41.41,51959.0,41.455,207
2024-08-02 10:20:00-04:00,41.43,41.53,41.36,41.38,38372.0,41.445,231
2024-08-02 10:25:00-04:00,41.37,41.5,41.33,41.39,39060.0,41.42,237
2024-08-02 10:30:00-04:00,41.41,41.48,41.36,41.38,63445.0,41.425,317
2024-08-02 10:35:00-04:00,41.37,41.47,41.3,41.45,54995.0,41.362,294
2024-08-02 10:40:00-04:00,41.45,41.49,41.36,41.46,28396.0,41.431,188
2024-08-02 10:45:00-04:00,41.48,41.62,41.43,41.61,22980.0,41.555,123
2024-08-02 10:50:00-04:00,41.61,41.76,41.59,41.74,47784.0,41.683,226
2024-08-02 10:55:00-04:00,41.75,41.92,41.74,41.8,69601.0,41.833,433
2024-08-02 11:00:00-04:00,41.82,41.84,41.72,41.75,31060.0,41.772,230
2024-08-02 11:05:00-04:00,41.76,41.76,41.61,41.63,18006.0,41.675,126
2024-08-02 11:10:00-04:00,41.61,41.7,41.61,41.65,16634.0,41.654,122
2024-08-02 11:15:00-04:00,41.65,41.86,41.64,41.84,30335.0,41.739,191
2024-08-02 11:20:00-04:00,41.84,41.86,41.65,41.69,22169.0,41.751,149
2024-08-02 11:25:00-04:00,41.68,41.75,41.67,41.75,15826.0,41.716,105
2024-08-02 11:30:00-04:00,41.75,41.9,41.75,41.79,52727.0,41.818,270
2024-08-02 11:35:00-04:00,41.76,41.84,41.73,41.78,42111.0,41.796,190
2024-08-02 11:40:00-04:00,41.78,41.86,41.71,41.85,47760.0,41.764,201
2024-08-02 11:45:00-04:00,41.87,42.02,41.86,42.01,37232.0,41.945,230
2024-08-02 11:50:00-04:00,42.03,42.11,41.97,41.97,41733.0,42.027,240
2024-08-02 11:55:00-04:00,41.98,41.98,41.93,41.94,7176.0,41.956,60
2024-08-02 12:00:00-04:00,41.94,41.94,41.88,41.94,12889.0,41.91,94
2024-08-02 12:05:00-04:00,41.95,42.03,41.92,42.03,6981.0,41.984,49
2024-08-02 12:10:00-04:00,42.03,42.03,41.92,41.93,8759.0,41.963,77
2024-08-02 12:15:00-04:00,41.92,41.95,41.86,41.94,12527.0,41.911,97
2024-08-02 12:20:00-04:00,41.97,41.98,41.82,41.87,14552.0,41.882,82
2024-08-02 12:25:00-04:00,41.85,41.88,41.84,41.86,17134.0,41.859,89
2024-08-02 12:30:00-04:00,41.85,42.12,41.84,42.12,21056.0,41.99,135
2024-08-02 12:35:00-04:00,42.09,42.18,42.07,42.12,32528.0,42.119,241
2024-08-02 12:40:00-04:00,42.15,42.17,42.05,42.07,11726.0,42.108,95
2024-08-02 12:45:00-04:00,42.09,42.14,42.07,42.13,15568.0,42.105,122
2024-08-02 12:50:00-04:00,42.11,42.12,41.89,41.89,24142.0,42.053,144
2024-08-02 12:55:00-04:00,41.88,41.95,41.79,41.8,26982.0,41.864,183
2024-08-02 13:00:00-04:00,41.79,41.79,41.63,41.63,21032.0,41.726,164
2024-08-02 13:05:00-04:00,41.65,41.75,41.6,41.64,22701.0,41.693,125
2024-08-02 13:10:00-04:00,41.64,41.64,41.52,41.55,17019.0,41.554,121
2024-08-02 13:15:00-04:00,41.55,41.64,41.51,41.62,19315.0,41.567,129
2024-08-02 13:20:00-04:00,41.61,41.69,41.6,41.67,31525.0,41.65,222
2024-08-02 13:25:00-04:00,41.68,41.75,41.67,41.73,16601.0,41.705,112
2024-08-02 13:30:00-04:00,41.72,41.76,41.71,41.76,10203.0,41.735,74
2024-08-02 13:35:00-04:00,41.76,41.87,41.68,41.7,45076.0,41.781,255
2024-08-02 13:40:00-04:00,41.71,41.74,41.69,41.72,18503.0,41.717,123
2024-08-02 13:45:00-04:00,41.72,41.8,41.69,41.72,24766.0,41.745,168
2024-08-02 13:50:00-04:00,41.7,41.77,41.7,41.73,12084.0,41.729,89
2024-08-02 13:55:00-04:00,41.76,41.81,41.74,41.81,7515.0,41.765,52
2024-08-02 14:00:00-04:00,41.82,41.82,41.77,41.79,7983.0,41.784,62
2024-08-02 14:05:00-04:00,41.78,41.89,41.77,41.87,17114.0,41.827,134
2024-08-02 14:10:00-04:00,41.85,41.94,41.85,41.94,8273.0,41.886,48
2024-08-02 14:15:00-04:00,41.94,42.0,41.94,41.99,12654.0,41.973,99
2024-08-02 14:20:00-04:00,41.99,42.05,41.98,42.03,12344.0,42.003,80
2024-08-02 14:25:00-04:00,42.03,42.13,42.03,42.11,14825.0,42.083,109
2024-08-02 14:30:00-04:00,42.11,42.13,42.1,42.12,8817.0,42.12,64
2024-08-02 14:35:00-04:00,42.12,42.18,42.11,42.13,21009.0,42.146,121
2024-08-02 14:40:00-04:00,42.13,42.16,42.11,42.16,50886.0,42.133,152
2024-08-02 14:45:00-04:00,42.17,42.22,42.12,42.12,14583.0,42.176,117
2024-08-02 14:50:00-04:00,42.12,42.18,42.12,42.18,15754.0,42.147,62
2024-08-02 14:55:00-04:00,42.2,42.27,42.19,42.22,28109.0,42.231,196
2024-08-02 15:00:00-04:00,42.21,42.28,42.21,42.26,12841.0,42.26,104
2024-08-02 15:05:00-04:00,42.27,42.28,42.2,42.25,32819.0,42.247,163
2024-08-02 15:10:00-04:00,42.26,42.34,42.24,42.33,17206.0,42.273,130
2024-08-02 15:15:00-04:00,42.32,42.32,42.13,42.15,12929.0,42.215,99
2024-08-02 15:20:00-04:00,42.14,42.18,42.09,42.11,14703.0,42.13,93
2024-08-02 15:25:00-04:00,42.11,42.19,42.09,42.12,11786.0,42.139,99
2024-08-02 15:30:00-04:00,42.11,42.12,42.08,42.09,15557.0,42.105,99
2024-08-02 15:35:00-04:00,42.11,42.11,42.07,42.1,26564.0,42.093,192
2024-08-02 15:40:00-04:00,42.11,42.12,42.06,42.11,53483.0,42.091,356
2024-08-02 15:45:00-04:00,42.11,42.23,42.02,42.02,33300.0,42.12,230
2024-08-02 15:50:00-04:00,42.02,42.03,41.86,41.86,62852.0,41.924,434
2024-08-02 15:55:00-04:00,41.87,41.9,41.75,41.79,321121.0,41.823,1146
2024-08-05 09:30:00-04:00,39.74,40.0,39.66,39.81,167448.0,39.902,537
2024-08-05 09:35:00-04:00,39.83,40.03,39.71,39.98,89564.0,39.881,491
2024-08-05 09:40:00-04:00,39.99,40.18,39.97,40.15,65117.0,40.052,346
2024-08-05 09:45:00-04:00,40.14,40.15,39.99,40.01,32806.0,40.048,192
2024-08-05 09:50:00-04:00,40.03,40.06,39.75,39.77,43284.0,39.929,286
2024-08-05 09:55:00-04:00,39.79,39.79,39.54,39.56,17069.0,39.656,148
2024-08-05 10:00:00-04:00,39.59,39.97,39.59,39.86,32954.0,39.837,209
2024-08-05 10:05:00-04:00,39.86,39.95,39.76,39.92,28236.0,39.883,214
2024-08-05 10:10:00-04:00,39.92,39.94,39.83,39.91,22806.0,39.891,172
2024-08-05 10:15:00-04:00,39.91,39.99,39.88,39.98,19206.0,39.951,145
2024-08-05 10:20:00-04:00,39.98,39.99,39.85,39.9,22669.0,39.902,176
2024-08-05 10:25:00-04:00,39.93,39.99,39.67,39.67,24432.0,39.91,188
2024-08-05 10:30:00-04:00,39.7,39.99,39.68,39.99,16944.0,39.766,110
2024-08-05 10:35:00-04:00,39.98,39.99,39.79,39.92,11379.0,39.894,96
2024-08-05 10:40:00-04:00,39.91,40.2,39.86,40.2,31208.0,40.038,225
2024-08-05 10:45:00-04:00,40.2,40.34,40.13,40.13,44337.0,40.24,336
2024-08-05 10:50:00-04:00,40.14,40.27,40.1,40.25,89831.0,40.228,206
2024-08-05 10:55:00-04:00,40.27,40.27,40.11,40.16,48609.0,40.19,294
2024-08-05 11:00:00-04:00,40.16,40.16,39.98,40.0,19947.0,40.094,146
2024-08-05 11:05:00-04:00,39.98,40.22,39.98,40.21,27949.0,40.102,182
2024-08-05 11:10:00-04:00,40.21,40.28,40.13,40.15,25458.0,40.223,183
2024-08-05 11:15:00-04:00,40.17,40.19,40.03,40.1,43670.0,40.102,280
2024-08-05 11:20:00-04:00,40.11,40.13,40.05,40.12,96739.0,40.087,247
2024-08-05 11:25:00-04:00,40.11,40.11,39.95,39.95,22337.0,40.051,160
2024-08-05 11:30:00-04:00,39.93,40.04,39.93,40.02,42981.0,39.981,271
2024-08-05 11:35:00-04:00,40.01,40.3,40.01,40.23,21014.0,40.178,132
2024-08-05 11:40:00-04:00,40.19,40.22,40.13,40.2,7574.0,40.181,40
2024-08-05 11:45:00-04:00,40.22,40.34,40.2,40.28,19564.0,40.269,107
2024-08-05 11:50:00-04:00,40.28,40.32,40.22,40.32,18392.0,40.293,111
2024-08-05 11:55:00-04:00,40.31,40.32,40.25,40.28,26218.0,40.292,160
2024-08-05 12:00:00-04:00,40.27,40.36,40.25,40.34,28217.0,40.287,152
2024-08-05 12:05:00-04:00,40.34,40.34,40.22,40.26,20374.0,40.279,109
2024-08-05 12:10:00-04:00,40.28,40.28,40.24,40.24,10867.0,40.256,90
2024-08-05 12:15:00-04:00,40.24,40.43,40.24,40.34,26298.0,40.357,135
2024-08-05 12:20:00-04:00,40.35,40.41,40.32,40.41,13739.0,40.353,68
2024-08-05 12:25:00-04:00,40.4,40.42,40.38,40.39,16291.0,40.398,95
2024-08-05 12:30:00-04:00,40.38,40.38,40.29,40.33,37368.0,40.304,135
2024-08-05 12:35:00-04:00,40.33,40.4,40.32,40.37,10495.0,40.365,77
2024-08-05 12:40:00-04:00,40.36,40.44,40.36,40.4,25781.0,40.404,131
2024-08-05 12:45:00-04:00,40.4,40.41,40.33,40.38,17373.0,40.366,124
2024-08-05 12:50:00-04:00,40.37,40.37,40.34,40.35,9791.0,40.358,68
2024-08-05 12:55:00-04:00,40.35,40.43,40.34,40.43,15961.0,40.381,125
2024-08-05 13:00:00-04:00,40.44,40.5,40.44,40.46,16146.0,40.465,79
2024-08-05 13:05:00-04:00,40.45,40.54,40.4,40.51,42013.0,40.468,223
2024-08-05 13:10:00-04:00,40.51,40.61,40.5,40.61,39779.0,40.561,219
2024-08-05 13:15:00-04:00,40.62,40.79,40.61,40.78,30733.0,40.692,233
2024-08-05 13:20:00-04:00,40.78,40.85,40.71,40.79,102875.0,40.767,543
2024-08-05 13:25:00-04:00,40.79,40.93,40.72,40.73,30850.0,40.849,222
2024-08-05 13:30:00-04:00,40.73,40.79,40.7,40.79,30590.0,40.722,163
2024-08-05 13:35:00-04:00,40.81,40.93,40.65,40.83,63155.0,40.767,219
2024-08-05 13:40:00-04:00,40.83,40.86,40.65,40.65,28876.0,40.778,200
2024-08-05 13:45:00-04:00,40.64,40.76,40.62,40.75,28665.0,40.659,175
2024-08-05 13:50:00-04:00,40.74,40.76,40.52,40.54,20306.0,40.687,133
2024-08-05 13:55:00-04:00,40.55,40.55,40.38,40.4,35066.0,40.472,181
2024-08-05 14:00:00-04:00,40.4,40.4,40.29,40.34,25273.0,40.339,191
2024-08-05 14:05:00-04:00,40.32,40.34,40.29,40.33,20350.0,40.312,153
2024-08-05 14:10:00-04:00,40.32,40.39,40.29,40.3,27618.0,40.325,193
2024-08-05 14:15:00-04:00,40.3,40.35,40.29,40.33,22060.0,40.323,169
2024-08-05 14:20:00-04:00,40.33,40.39,40.28,40.28,26284.0,40.332,192
2024-08-05 14:25:00-04:00,40.27,40.27,40.16,40.2,34301.0,40.209,226
2024-08-05 14:30:00-04:00,40.19,40.21,40.02,40.03,63895.0,40.126,251
2024-08-05 14:35:00-04:00,40.04,40.08,40.01,40.05,31765.0,40.043,198
2024-08-05 14:40:00-04:00,40.05,40.06,40.02,40.03,20384.0,40.041,108
2024-08-05 14:45:00-04:00,40.04,40.09,40.03,40.05,27848.0,40.06,193
2024-08-05 14:50:00-04:00,40.06,40.16,40.04,40.08,29428.0,40.093,178
2024-08-05 14:55:00-04:00,40.08,40.1,40.05,40.1,18735.0,40.069,127
2024-08-05 15:00:00-04:00,40.09,40.17,40.09,40.11,26458.0,40.126,154
2024-08-05 15:05:00-04:00,40.11,40.12,40.07,40.11,27345.0,40.091,170
2024-08-05 15:10:00-04:00,40.11,40.14,40.09,40.1,24885.0,40.118,172
2024-08-05 15:15:00-04:00,40.09,40.12,40.05,40.05,56198.0,40.102,188
2024-08-05 15:20:00-04:00,40.05,40.12,40.01,40.1,26550.0,40.068,174
2024-08-05 15:25:00-04:00,40.1,40.11,40.09,40.1,23082.0,40.1,152
2024-08-05 15:30:00-04:00,40.1,40.1,40.02,40.04,32000.0,40.058,208
2024-08-05 15:35:00-04:00,40.05,40.08,40.03,40.07,25894.0,40.062,192
2024-08-05 15:40:00-04:00,40.07,40.08,39.99,40.0,35745.0,40.041,217
2024-08-05 15:45:00-04:00,39.99,40.0,39.92,39.93,59597.0,39.97,347
2024-08-05 15:50:00-04:00,39.92,39.94,39.83,39.88,86164.0,39.895,433
2024-08-05 15:55:00-04:00,39.89,40.05,39.89,40.03,158221.0,39.965,911
2024-08-06 09:30:00-04:00,40.2,40.34,40.09,40.15,63657.0,40.204,188
2024-08-06 09:35:00-04:00,40.05,40.36,40.05,40.32,39605.0,40.223,235
2024-08-06 09:40:00-04:00,40.33,40.48,40.32,40.32,54183.0,40.381,343
2024-08-06 09:45:00-04:00,40.32,40.39,40.31,40.33,25827.0,40.358,173
2024-08-06 09:50:00-04:00,40.32,40.37,40.29,40.31,19758.0,40.32,120
2024-08-06 09:55:00-04:00,40.29,40.39,40.29,40.36,27620.0,40.349,150
2024-08-06 10:00:00-04:00,40.35,40.4,40.29,40.39,34686.0,40.346,225
2024-08-06 10:05:00-04:00,40.38,40.42,40.35,40.39,34349.0,40.387,181
2024-08-06 10:10:00-04:00,40.4,40.42,40.36,40.38,19332.0,40.389,143
2024-08-06 10:15:00-04:00,40.38,40.38,40.33,40.36,16467.0,40.356,113
2024-08-06 10:20:00-04:00,40.37,40.44,40.28,40.43,45400.0,40.353,180
2024-08-06 10:25:00-04:00,40.39,40.44,40.29,40.29,22925.0,40.387,165
2024-08-06 10:30:00-04:00,40.28,40.35,40.28,40.32,17444.0,40.311,119
2024-08-06 10:35:00-04:00,40.32,40.41,40.32,40.36,26871.0,40.369,162
2024-08-06 10:40:00-04:00,40.37,40.4,40.35,40.37,20006.0,40.373,100
2024-08-06 10:45:00-04:00,40.37,40.46,40.35,40.42,18766.0,40.408,140
2024-08-06 10:50:00-04:00,40.41,40.41,40.27,40.28,11926.0,40.305,99
2024-08-06 10:55:00-04:00,40.27,40.27,40.14,40.23,17542.0,40.194,118
2024-08-06 11:00:00-04:00,40.23,40.25,40.18,40.19,5984.0,40.214,41
2024-08-06 11:05:00-04:00,40.18,40.2,40.12,40.13,7476.0,40.154,57
2024-08-06 11:10:00-04:00,40.14,40.14,40.1,40.14,9629.0,40.114,53
2024-08-06 11:15:00-04:00,40.15,40.16,40.08,40.13,20707.0,40.132,149
2024-08-06 11:20:00-04:00,40.13,40.14,40.08,40.13,18841.0,40.119,133
2024-08-06 11:25:00-04:00,40.13,40.14,40.02,40.04,6753.0,40.109,59
2024-08-06 11:30:00-04:00,40.03,40.15,40.0,40.13,64020.0,40.071,285
2024-08-06 11:35:00-04:00,40.14,40.21,40.13,40.18,59163.0,40.179,430
2024-08-06 11:40:00-04:00,40.18,40.38,40.15,40.26,33074.0,40.276,186
2024-08-06 11:45:00-04:00,40.27,40.31,40.24,40.29,88007.0,40.279,89
2024-08-06 11:50:00-04:00,40.28,40.31,40.21,40.22,13256.0,40.244,79
2024-08-06 11:55:00-04:00,40.22,40.23,40.14,40.14,11606.0,40.185,63
2024-08-06 12:00:00-04:00,40.14,40.17,40.02,40.08,30412.0,40.089,126
2024-08-06 12:05:00-04:00,40.08,40.17,40.06,40.17,23509.0,40.101,94
2024-08-06 12:10:00-04:00,40.17,40.4,40.17,40.4,10266.0,40.293,63
2024-08-06 12:15:00-04:00,40.4,40.52,40.4,40.5,17579.0,40.475,113
2024-08-06 12:20:00-04:00,40.49,40.49,40.34,40.35,10741.0,40.414,78
2024-08-06 12:25:00-04:00,40.35,40.38,40.34,40.36,17307.0,40.359,80
2024-08-06 12:30:00-04:00,40.37,40.44,40.35,40.36,10258.0,40.383,75
2024-08-06 12:35:00-04:00,40.36,40.5,40.35,40.5,16937.0,40.372,84
2024-08-06 12:40:00-04:00,40.51,40.61,40.51,40.58,6878.0,40.575,56
2024-08-06 12:45:00-04:00,40.59,40.6,40.47,40.47,7119.0,40.557,54
2024-08-06 12:50:00-04:00,40.47,40.64,40.43,40.63,11588.0,40.501,79
2024-08-06 12:55:00-04:00,40.63,40.66,40.61,40.63,2253.0,40.634,19
2024-08-06 13:00:00-04:00,40.64,40.74,40.63,40.72,17592.0,40.684,66
2024-08-06 13:05:00-04:00,40.72,40.73,40.66,40.68,12571.0,40.697,54
2024-08-06 13:10:00-04:00,40.66,40.7,40.65,40.7,4388.0,40.676,32
2024-08-06 13:15:00-04:00,40.71,40.71,40.66,40.66,15592.0,40.678,67
2024-08-06 13:20:00-04:00,40.66,40.68,40.62,40.63,11128.0,40.663,83
2024-08-06 13:25:00-04:00,40.63,40.66,40.62,40.64,28684.0,40.645,121
2024-08-06 13:30:00-04:00,40.65,40.71,40.57,40.57,34585.0,40.66,210
2024-08-06 13:35:00-04:00,40.58,40.67,40.57,40.65,26741.0,40.643,113
2024-08-06 13:40:00-04:00,40.64,40.65,40.57,40.59,6891.0,40.604,63
2024-08-06 13:45:00-04:00,40.58,40.61,40.56,40.58,6431.0,40.587,43
2024-08-06 13:50:00-04:00,40.6,40.6,40.58,40.6,5844.0,40.595,44
2024-08-06 13:55:00-04:00,40.59,40.63,40.59,40.6,13590.0,40.609,64
2024-08-06 14:00:00-04:00,40.61,40.61,40.47,40.5,7735.0,40.562,63
2024-08-06 14:05:00-04:00,40.49,40.53,40.49,40.51,8048.0,40.51,52
2024-08-06 14:10:00-04:00,40.52,40.56,40.52,40.55,4854.0,40.541,37
2024-08-06 14:15:00-04:00,40.55,40.69,40.55,40.69,10448.0,40.619,68
2024-08-06 14:20:00-04:00,40.7,40.79,40.69,40.77,7008.0,40.757,48
2024-08-06 14:25:00-04:00,40.77,40.84,40.76,40.84,9790.0,40.783,66
2024-08-06 14:30:00-04:00,40.83,40.84,40.78,40.84,30339.0,40.809,108
2024-08-06 14:35:00-04:00,40.84,40.9,40.83,40.89,10184.0,40.879,47
2024-08-06 14:40:00-04:00,40.89,40.89,40.87,40.87,6340.0,40.877,52
2024-08-06 14:45:00-04:00,40.87,40.94,40.84,40.86,62995.0,40.902,289
2024-08-06 14:50:00-04:00,40.85,40.95,40.8,40.93,25652.0,40.879,113
2024-08-06 14:55:00-04:00,40.92,40.93,40.83,40.84,9059.0,40.884,64
2024-08-06 15:00:00-04:00,40.83,40.83,40.7,40.7,13215.0,40.777,80
2024-08-06 15:05:00-04:00,40.69,40.71,40.63,40.69,29368.0,40.655,132
2024-08-06 15:10:00-04:00,40.69,40.77,40.67,40.77,38607.0,40.711,137
2024-08-06 15:15:00-04:00,40.77,40.77,40.72,40.76,6078.0,40.746,47
2024-08-06 15:20:00-04:00,40.76,40.87,40.76,40.84,19694.0,40.807,121
2024-08-06 15:25:00-04:00,40.84,40.84,40.76,40.76,10702.0,40.785,82
2024-08-06 15:30:00-04:00,40.76,40.76,40.72,40.74,42734.0,40.74,214
2024-08-06 15:35:00-04:00,40.73,40.74,40.61,40.61,26506.0,40.694,188
2024-08-06 15:40:00-04:00,40.6,40.64,40.55,40.55,25623.0,40.604,165
2024-08-06 15:45:00-04:00,40.54,40.54,40.43,40.45,27913.0,40.474,209
2024-08-06 15:50:00-04:00,40.43,40.47,40.31,40.32,51154.0,40.388,343
2024-08-06 15:55:00-04:00,40.32,40.36,40.24,40.32,139289.0,40.304,675
2024-08-07 09:30:00-04:00,40.81,40.81,40.7,40.74,32344.0,40.784,97
2024-08-07 09:35:00-04:00,40.75,40.82,40.74,40.77,20836.0,40.79,138
2024-08-07 09:40:00-04:00,40.76,40.76,40.64,40.66,32368.0,40.69,140
2024-08-07 09:45:00-04:00,40.65,40.86,40.63,40.84,49187.0,40.751,345
2024-08-07 09:50:00-04:00,40.85,40.87,40.73,40.79,10811.0,40.806,78
2024-08-07 09:55:00-04:00,40.79,40.82,40.73,40.77,13981.0,40.78,98
2024-08-07 10:00:00-04:00,40.77,40.87,40.67,40.67,38611.0,40.804,178
2024-08-07 10:05:00-04:00,40.67,40.7,40.61,40.64,15522.0,40.672,75
2024-08-07 10:10:00-04:00,40.64,40.83,40.63,40.79,27167.0,40.723,148
2024-08-07 10:15:00-04:00,40.81,40.82,40.64,40.64,45130.0,40.731,166
2024-08-07 10:20:00-04:00,40.66,40.76,40.66,40.73,17622.0,40.707,94
2024-08-07 10:25:00-04:00,40.73,40.73,40.65,40.66,28104.0,40.686,139
2024-08-07 10:30:00-04:00,40.67,40.68,40.55,40.57,20729.0,40.624,143
2024-08-07 10:35:00-04:00,40.58,40.72,40.56,40.67,28661.0,40.653,133
2024-08-07 10:40:00-04:00,40.67,40.71,40.63,40.71,26557.0,40.661,140
2024-08-07 10:45:00-04:00,40.7,40.71,40.62,40.64,9675.0,40.688,70
2024-08-07 10:50:00-04:00,40.65,40.68,40.62,40.63,9405.0,40.651,68
2024-08-07 10:55:00-04:00,40.62,40.63,40.49,40.51,13874.0,40.573,101
2024-08-07 11:00:00-04:00,40.51,40.54,40.48,40.52,10413.0,40.514,82
2024-08-07 11:05:00-04:00,40.54,40.55,40.47,40.49,10512.0,40.514,76
2024-08-07 11:10:00-04:00,40.51,40.53,40.46,40.5,16215.0,40.499,95
2024-08-07 11:15:00-04:00,40.5,40.52,40.46,40.51,6050.0,40.488,47
2024-08-07 11:20:00-04:00,40.51,40.52,40.37,40.47,22475.0,40.442,137
2024-08-07 11:25:00-04:00,40.47,40.47,40.42,40.47,12895.0,40.444,82
2024-08-07 11:30:00-04:00,40.48,40.49,40.39,40.42,21931.0,40.429,154
2024-08-07 11:35:00-04:00,40.39,40.44,40.36,40.39,11090.0,40.397,84
2024-08-07 11:40:00-04:00,40.38,40.4,40.26,40.26,8464.0,40.368,68
2024-08-07 11:45:00-04:00,40.26,40.27,40.19,40.23,5396.0,40.237,37
2024-08-07 11:50:00-04:00,40.27,40.28,40.19,40.19,7902.0,40.252,67
2024-08-07 11:55:00-04:00,40.2,40.22,40.2,40.21,2853.0,40.209,20
2024-08-07 12:00:00-04:00,40.2,40.2,40.07,40.07,11256.0,40.136,88
2024-08-07 12:05:00-04:00,40.08,40.1,40.06,40.08,8367.0,40.084,55
2024-08-07 12:10:00-04:00,40.07,40.12,40.05,40.1,8352.0,40.08,68
2024-08-07 12:15:00-04:00,40.11,40.11,40.04,40.07,9166.0,40.076,45
2024-08-07 12:20:00-04:00,40.06,40.09,40.05,40.09,6025.0,40.073,48
2024-08-07 12:25:00-04:00,40.08,40.08,40.04,40.07,10611.0,40.065,79
2024-08-07 12:30:00-04:00,40.06,40.07,39.98,40.0,15226.0,40.012,92
2024-08-07 12:35:00-04:00,40.0,40.0,39.99,39.99,2961.0,39.998,21
2024-08-07 12:40:00-04:00,39.99,40.01,39.94,39.95,7243.0,39.992,55
2024-08-07 12:45:00-04:00,39.94,39.96,39.91,39.91,4112.0,39.943,32
2024-08-07 12:50:00-04:00,39.91,39.92,39.84,39.86,15310.0,39.879,102
2024-08-07 12:55:00-04:00,39.85,39.89,39.85,39.89,9229.0,39.87,69
2024-08-07 13:00:00-04:00,39.89,39.89,39.77,39.78,13574.0,39.82,105
2024-08-07 13:05:00-04:00,39.79,39.86,39.75,39.75,15565.0,39.794,83
2024-08-07 13:10:00-04:00,39.76,39.76,39.72,39.73,7643.0,39.739,61
2024-08-07 13:15:00-04:00,39.71,39.71,39.63,39.64,6715.0,39.663,51
2024-08-07 13:20:00-04:00,39.66,39.69,39.63,39.63,11419.0,39.662,85
2024-08-07 13:25:00-04:00,39.63,39.69,39.57,39.58,13211.0,39.657,103
2024-08-07 13:30:00-04:00,39.57,39.6,39.53,39.55,22299.0,39.56,158
2024-08-07 13:35:00-04:00,39.55,39.57,39.53,39.54,12572.0,39.548,75
2024-08-07 13:40:00-04:00,39.53,39.54,39.47,39.48,10383.0,39.491,95
2024-08-07 13:45:00-04:00,39.47,39.48,39.26,39.32,30704.0,39.319,222
2024-08-07 13:50:00-04:00,39.31,39.36,39.31,39.34,23518.0,39.339,187
2024-08-07 13:55:00-04:00,39.34,39.35,39.26,39.29,33689.0,39.295,249
2024-08-07 14:00:00-04:00,39.29,39.31,39.26,39.26,21485.0,39.283,139
2024-08-07 14:05:00-04:00,39.26,39.28,39.18,39.18,11658.0,39.236,89
2024-08-07 14:10:00-04:00,39.19,39.2,39.02,39.02,68316.0,39.114,303
2024-08-07 14:15:00-04:00,39.01,39.02,38.96,39.0,20198.0,38.991,129
2024-08-07 14:20:00-04:00,39.0,39.12,38.99,39.09,18823.0,39.05,129
2024-08-07 14:25:00-04:00,39.09,39.22,39.09,39.16,16333.0,39.175,131
2024-08-07 14:30:00-04:00,39.15,39.18,39.1,39.13,23320.0,39.145,125
2024-08-07 14:35:00-04:00,39.14,39.15,39.11,39.15,10908.0,39.135,71
2024-08-07 14:40:00-04:00,39.14,39.19,39.13,39.14,20662.0,39.159,148
2024-08-07 14:45:00-04:00,39.13,39.17,39.1,39.15,17138.0,39.139,105
2024-08-07 14:50:00-04:00,39.15,39.17,39.1,39.12,17761.0,39.146,72
2024-08-07 14:55:00-04:00,39.12,39.16,39.11,39.11,15026.0,39.135,112
2024-08-07 15:00:00-04:00,39.13,39.2,39.06,39.2,26972.0,39.131,195
2024-08-07 15:05:00-04:00,39.19,39.32,39.19,39.3,56341.0,39.27,323
2024-08-07 15:10:00-04:00,39.3,39.44,39.3,39.43,26995.0,39.344,195
2024-08-07 15:15:00-04:00,39.43,39.45,39.34,39.39,38394.0,39.385,220
2024-08-07 15:20:00-04:00,39.39,39.41,39.29,39.29,44580.0,39.379,235
2024-08-07 15:25:00-04:00,39.29,39.3,39.14,39.15,38455.0,39.184,204
2024-08-07 15:30:00-04:00,39.14,39.17,39.07,39.11,47533.0,39.123,319
2024-08-07 15:35:00-04:00,39.12,39.26,39.09,39.26,44622.0,39.136,239
2024-08-07 15:40:00-04:00,39.25,39.25,39.03,39.1,37968.0,39.088,265
2024-08-07 15:45:00-04:00,39.09,39.11,39.03,39.03,45648.0,39.061,326
2024-08-07 15:50:00-04:00,39.04,39.13,39.0,39.06,105185.0,39.043,611
2024-08-07 15:55:00-04:00,39.07,39.08,39.02,39.06,223646.0,39.05,1112
2024-08-08 09:30:00-04:00,39.0,39.37,39.0,39.33,60744.0,39.071,163
2024-08-08 09:35:00-04:00,39.31,39.64,39.3,39.61,50982.0,39.474,334
2024-08-08 09:40:00-04:00,39.59,39.79,39.56,39.69,90548.0,39.695,338
2024-08-08 09:45:00-04:00,39.68,39.95,39.68,39.72,58283.0,39.838,307
2024-08-08 09:50:00-04:00,39.71,39.92,39.7,39.92,25220.0,39.823,136
2024-08-08 09:55:00-04:00,39.94,39.98,39.86,39.94,25529.0,39.906,176
2024-08-08 10:00:00-04:00,39.94,40.08,39.92,39.97,29727.0,40.002,192
2024-08-08 10:05:00-04:00,39.98,40.07,39.91,39.91,38891.0,39.985,203
2024-08-08 10:10:00-04:00,39.93,39.94,39.83,39.86,60609.0,39.892,230
2024-08-08 10:15:00-04:00,39.85,39.86,39.79,39.8,21289.0,39.828,143
2024-08-08 10:20:00-04:00,39.79,39.8,39.67,39.69,26523.0,39.744,179
2024-08-08 10:25:00-04:00,39.71,39.8,39.69,39.8,16495.0,39.725,101
2024-08-08 10:30:00-04:00,39.79,39.91,39.78,39.91,16083.0,39.857,105
2024-08-08 10:35:00-04:00,39.9,39.91,39.81,39.82,18011.0,39.876,134
2024-08-08 10:40:00-04:00,39.83,39.95,39.81,39.92,25657.0,39.889,179
2024-08-08 10:45:00-04:00,39.92,39.97,39.91,39.91,16086.0,39.935,130
2024-08-08 10:50:00-04:00,39.91,39.92,39.79,39.84,16389.0,39.839,118
2024-08-08 10:55:00-04:00,39.84,39.89,39.83,39.84,15584.0,39.858,117
2024-08-08 11:00:00-04:00,39.84,39.84,39.76,39.81,9160.0,39.797,69
2024-08-08 11:05:00-04:00,39.82,39.85,39.8,39.81,24276.0,39.825,156
2024-08-08 11:10:00-04:00,39.81,39.82,39.7,39.7,20902.0,39.758,152
2024-08-08 11:15:00-04:00,39.7,39.71,39.64,39.66,15144.0,39.678,114
2024-08-08 11:20:00-04:00,39.64,39.74,39.64,39.74,12721.0,39.69,99
2024-08-08 11:25:00-04:00,39.73,39.8,39.72,39.78,15056.0,39.761,112
2024-08-08 11:30:00-04:00,39.77,39.77,39.58,39.66,29467.0,39.678,194
2024-08-08 11:35:00-04:00,39.68,39.7,39.61,39.62,11766.0,39.654,61
2024-08-08 11:40:00-04:00,39.62,39.65,39.61,39.62,9488.0,39.626,65
2024-08-08 11:45:00-04:00,39.62,39.63,39.58,39.61,13742.0,39.597,97
2024-08-08 11:50:00-04:00,39.61,39.68,39.61,39.67,8649.0,39.659,73
2024-08-08 11:55:00-04:00,39.66,39.69,39.64,39.69,9971.0,39.665,76
2024-08-08 12:00:00-04:00,39.7,39.71,39.66,39.68,9331.0,39.685,59
2024-08-08 12:05:00-04:00,39.69,39.76,39.68,39.73,11443.0,39.733,76
2024-08-08 12:10:00-04:00,39.73,39.74,39.62,39.62,12740.0,39.7,72
2024-08-08 12:15:00-04:00,39.63,39.64,39.61,39.63,10235.0,39.628,69
2024-08-08 12:20:00-04:00,39.64,39.72,39.64,39.71,11339.0,39.689,96
2024-08-08 12:25:00-04:00,39.71,39.73,39.69,39.7,14859.0,39.712,96
2024-08-08 12:30:00-04:00,39.69,39.69,39.62,39.64,8372.0,39.639,56
2024-08-08 12:35:00-04:00,39.63,39.63,39.53,39.53,11768.0,39.583,70
2024-08-08 12:40:00-04:00,39.53,39.59,39.53,39.59,8310.0,39.56,64
2024-08-08 12:45:00-04:00,39.59,39.62,39.56,39.61,15061.0,39.586,98
2024-08-08 12:50:00-04:00,39.6,39.66,39.6,39.66,8565.0,39.622,53
2024-08-08 12:55:00-04:00,39.66,39.67,39.62,39.62,7408.0,39.648,53
2024-08-08 13:00:00-04:00,39.61,39.61,39.52,39.53,8944.0,39.59,59
2024-08-08 13:05:00-04:00,39.53,39.53,39.47,39.53,17278.0,39.51,109
2024-08-08 13:10:00-04:00,39.53,39.56,39.51,39.55,6869.0,39.533,58
2024-08-08 13:15:00-04:00,39.56,39.56,39.5,39.54,10137.0,39.532,76
2024-08-08 13:20:00-04:00,39.54,39.57,39.53,39.55,14320.0,39.551,110
2024-08-08 13:25:00-04:00,39.55,39.64,39.55,39.63,13532.0,39.601,89
2024-08-08 13:30:00-04:00,39.64,39.67,39.63,39.66,12397.0,39.651,91
2024-08-08 13:35:00-04:00,39.64,39.64,39.52,39.52,22278.0,39.579,118
2024-08-08 13:40:00-04:00,39.52,39.56,39.5,39.56,12633.0,39.522,77
2024-08-08 13:45:00-04:00,39.56,39.56,39.48,39.49,10444.0,39.525,69
2024-08-08 13:50:00-04:00,39.5,39.54,39.5,39.51,11262.0,39.517,66
2024-08-08 13:55:00-04:00,39.5,39.5,39.45,39.46,15146.0,39.46,100
2024-08-08 14:00:00-04:00,39.46,39.49,39.42,39.42,18905.0,39.464,108
2024-08-08 14:05:00-04:00,39.42,39.44,39.4,39.44,14647.0,39.427,83
2024-08-08 14:10:00-04:00,39.44,39.45,39.39,39.4,13153.0,39.415,80
2024-08-08 14:15:00-04:00,39.4,39.45,39.4,39.44,30432.0,39.42,171
2024-08-08 14:20:00-04:00,39.44,39.45,39.38,39.4,15746.0,39.413,105
2024-08-08 14:25:00-04:00,39.4,39.41,39.36,39.38,17904.0,39.384,125
2024-08-08 14:30:00-04:00,39.38,39.42,39.37,39.41,31028.0,39.398,168
2024-08-08 14:35:00-04:00,39.41,39.43,39.39,39.41,18661.0,39.411,117
2024-08-08 14:40:00-04:00,39.41,39.41,39.33,39.34,28272.0,39.37,181
2024-08-08 14:45:00-04:00,39.33,39.35,39.3,39.32,28374.0,39.333,114
2024-08-08 14:50:00-04:00,39.32,39.32,39.29,39.3,25461.0,39.307,162
2024-08-08 14:55:00-04:00,39.3,39.31,39.27,39.29,18504.0,39.287,129
2024-08-08 15:00:00-04:00,39.28,39.29,39.22,39.23,17006.0,39.265,115
2024-08-08 15:05:00-04:00,39.22,39.28,39.21,39.28,35997.0,39.233,179
2024-08-08 15:10:00-04:00,39.27,39.3,39.27,39.3,50776.0,39.286,205
2024-08-08 15:15:00-04:00,39.3,39.33,39.29,39.33,27763.0,39.316,142
2024-08-08 15:20:00-04:00,39.33,39.35,39.29,39.32,36603.0,39.327,202
2024-08-08 15:25:00-04:00,39.31,39.32,39.17,39.17,34770.0,39.235,212
2024-08-08 15:30:00-04:00,39.18,39.18,39.1,39.12,35320.0,39.133,212
2024-08-08 15:35:00-04:00,39.13,39.13,39.07,39.1,31285.0,39.097,226
2024-08-08 15:40:00-04:00,39.09,39.19,39.04,39.19,43975.0,39.087,288
2024-08-08 15:45:00-04:00,39.19,39.19,39.14,39.18,30099.0,39.167,210
2024-08-08 15:50:00-04:00,39.18,39.21,39.14,39.21,50677.0,39.177,368
2024-08-08 15:55:00-04:00,39.21,39.34,39.2,39.3,230671.0,39.262,1005
2024-08-09 09:30:00-04:00,38.91,39.12,38.91,39.0,31798.0,38.959,78
2024-08-09 09:35:00-04:00,39.03,39.12,38.96,39.0,41021.0,39.042,197
2024-08-09 09:40:00-04:00,39.02,39.05,38.94,38.99,12905.0,38.999,70
2024-08-09 09:45:00-04:00,38.99,39.05,38.9,38.9,20112.0,38.997,135
2024-08-09 09:50:00-04:00,38.9,38.9,38.84,38.88,18634.0,38.873,110
2024-08-09 09:55:00-04:00,38.88,38.94,38.87,38.94,17198.0,38.903,118
2024-08-09 10:00:00-04:00,38.92,39.26,38.91,39.24,28841.0,39.088,175
2024-08-09 10:05:00-04:00,39.24,39.43,39.24,39.38,76347.0,39.343,449
2024-08-09 10:10:00-04:00,39.38,39.48,39.38,39.47,17674.0,39.43,130
2024-08-09 10:15:00-04:00,39.46,39.47,39.38,39.42,23161.0,39.415,130
2024-08-09 10:20:00-04:00,39.42,39.54,39.39,39.54,17154.0,39.468,123
2024-08-09 10:25:00-04:00,39.54,39.57,39.51,39.51,23440.0,39.541,152
2024-08-09 10:30:00-04:00,39.53,39.53,39.36,39.43,24182.0,39.421,143
2024-08-09 10:35:00-04:00,39.42,39.45,39.39,39.45,11556.0,39.421,96
2024-08-09 10:40:00-04:00,39.44,39.57,39.44,39.49,17819.0,39.527,132
2024-08-09 10:45:00-04:00,39.46,39.55,39.43,39.54,107696.0,39.506,223
2024-08-09 10:50:00-04:00,39.52,39.54,39.46,39.47,22060.0,39.495,164
2024-08-09 10:55:00-04:00,39.48,39.48,39.34,39.35,24207.0,39.415,122
2024-08-09 11:00:00-04:00,39.34,39.37,39.28,39.3,19462.0,39.341,135
2024-08-09 11:05:00-04:00,39.32,39.39,39.32,39.36,29640.0,39.364,159
2024-08-09 11:10:00-04:00,39.35,39.36,39.24,39.28,15464.0,39.276,109
2024-08-09 11:15:00-04:00,39.28,39.28,39.23,39.25,18238.0,39.256,121
2024-08-09 11:20:00-04:00,39.25,39.25,39.2,39.22,8598.0,39.218,67
2024-08-09 11:25:00-04:00,39.2,39.22,38.99,38.99,21059.0,39.13,148
2024-08-09 11:30:00-04:00,38.99,39.03,38.97,39.0,32698.0,39.003,135
2024-08-09 11:35:00-04:00,39.0,39.05,38.93,38.96,15249.0,38.977,102
2024-08-09 11:40:00-04:00,38.96,39.03,38.91,38.97,25550.0,38.974,149
2024-08-09 11:45:00-04:00,38.97,38.98,38.94,38.94,12739.0,38.958,94
2024-08-09 11:50:00-04:00,38.94,38.95,38.86,38.92,17345.0,38.902,122
2024-08-09 11:55:00-04:00,38.92,38.92,38.72,38.74,10276.0,38.775,81
2024-08-09 12:00:00-04:00,38.74,38.76,38.72,38.73,13461.0,38.739,79
2024-08-09 12:05:00-04:00,38.73,38.75,38.68,38.68,17202.0,38.719,124
2024-08-09 12:10:00-04:00,38.68,38.68,38.58,38.58,10208.0,38.611,79
2024-08-09 12:15:00-04:00,38.58,38.62,38.55,38.6,17300.0,38.582,117
2024-08-09 12:20:00-04:00,38.6,38.67,38.6,38.67,15192.0,38.635,99
2024-08-09 12:25:00-04:00,38.69,38.76,38.69,38.76,6690.0,38.742,55
2024-08-09 12:30:00-04:00,38.76,38.81,38.74,38.76,16032.0,38.772,116
2024-08-09 12:35:00-04:00,38.77,38.79,38.74,38.76,10463.0,38.768,75
2024-08-09 12:40:00-04:00,38.76,38.81,38.76,38.81,11467.0,38.777,66
2024-08-09 12:45:00-04:00,38.81,38.89,38.8,38.89,13733.0,38.829,94
2024-08-09 12:50:00-04:00,38.9,38.9,38.86,38.87,15709.0,38.879,87
2024-08-09 12:55:00-04:00,38.87,38.87,38.8,38.86,31961.0,38.846,128
2024-08-09 13:00:00-04:00,38.86,38.97,38.85,38.94,32107.0,38.923,159
2024-08-09 13:05:00-04:00,38.95,39.04,38.95,39.02,27725.0,38.98,175
2024-08-09 13:10:00-04:00,39.02,39.03,38.99,39.0,30621.0,39.005,115
2024-08-09 13:15:00-04:00,39.0,39.06,39.0,39.02,8616.0,39.029,70
2024-08-09 13:20:00-04:00,39.01,39.03,39.01,39.01,5754.0,39.017,38
2024-08-09 13:25:00-04:00,39.01,39.2,39.01,39.18,30336.0,39.106,196
2024-08-09 13:30:00-04:00,39.18,39.19,39.09,39.17,57179.0,39.132,239
2024-08-09 13:35:00-04:00,39.17,39.18,39.06,39.06,20552.0,39.147,138
2024-08-09 13:40:00-04:00,39.06,39.17,39.05,39.17,24968.0,39.11,152
2024-08-09 13:45:00-04:00,39.17,39.17,39.1,39.14,34475.0,39.128,121
2024-08-09 13:50:00-04:00,39.13,39.13,39.07,39.08,17795.0,39.111,118
2024-08-09 13:55:00-04:00,39.07,39.15,39.04,39.04,31906.0,39.088,200
2024-08-09 14:00:00-04:00,39.04,39.04,38.95,38.96,8196.0,38.991,53
2024-08-09 14:05:00-04:00,38.97,38.97,38.85,38.95,20232.0,38.92,146
2024-08-09 14:10:00-04:00,38.97,39.01,38.97,39.01,11489.0,38.995,88
2024-08-09 14:15:00-04:00,39.02,39.02,38.98,38.99,13398.0,38.998,106
2024-08-09 14:20:00-04:00,39.0,39.03,38.98,39.01,15007.0,39.012,101
2024-08-09 14:25:00-04:00,39.02,39.03,38.97,39.01,12910.0,39.0,98
2024-08-09 14:30:00-04:00,39.02,39.05,39.0,39.02,11131.0,39.025,84
2024-08-09 14:35:00-04:00,39.02,39.06,39.02,39.05,16226.0,39.038,107
2024-08-09 14:40:00-04:00,39.06,39.09,39.06,39.07,12021.0,39.066,83
2024-08-09 14:45:00-04:00,39.07,39.1,39.07,39.09,7981.0,39.088,61
2024-08-09 14:50:00-04:00,39.09,39.09,39.04,39.06,15004.0,39.068,117
2024-08-09 14:55:00-04:00,39.06,39.08,39.05,39.08,9171.0,39.061,70
2024-08-09 15:00:00-04:00,39.07,39.08,39.02,39.02,20785.0,39.044,139
2024-08-09 15:05:00-04:00,39.03,39.04,38.98,38.98,21368.0,39.003,137
2024-08-09 15:10:00-04:00,38.98,39.01,38.9,38.92,19203.0,38.962,122
2024-08-09 15:15:00-04:00,38.92,38.96,38.92,38.94,21845.0,38.945,130
2024-08-09 15:20:00-04:00,38.94,38.94,38.87,38.89,34961.0,38.909,230
2024-08-09 15:25:00-04:00,38.9,38.96,38.89,38.91,21561.0,38.925,134
2024-08-09 15:30:00-04:00,38.91,38.94,38.89,38.91,25178.0,38.914,153
2024-08-09 15:35:00-04:00,38.92,38.94,38.9,38.91,25083.0,38.916,162
2024-08-09 15:40:00-04:00,38.91,38.91,38.83,38.83,29872.0,38.887,203
2024-08-09 15:45:00-04:00,38.83,38.85,38.77,38.78,29334.0,38.811,198
2024-08-09 15:50:00-04:00,38.79,38.89,38.78,38.85,57617.0,38.849,328
2024-08-09 15:55:00-04:00,38.84,38.97,38.83,38.94,177894.0,38.928,764
2024-08-12 09:30:00-04:00,39.01,39.1,38.96,38.98,37123.0,39.014,85
2024-08-12 09:35:00-04:00,39.0,39.01,38.92,38.98,9423.0,38.958,56
2024-08-12 09:40:00-04:00,38.96,39.05,38.96,38.98,27138.0,38.998,172
2024-08-12 09:45:00-04:00,38.98,39.02,38.95,38.96,21851.0,38.99,134
2024-08-12 09:50:00-04:00,38.96,39.0,38.94,38.98,39094.0,38.966,202
2024-08-12 09:55:00-04:00,38.97,39.0,38.89,38.9,43748.0,38.98,165
2024-08-12 10:00:00-04:00,38.91,38.97,38.9,38.95,46123.0,38.941,190
2024-08-12 10:05:00-04:00,38.94,38.94,38.89,38.93,15959.0,38.909,110
2024-08-12 10:10:00-04:00,38.94,38.97,38.91,38.94,17631.0,38.946,99
2024-08-12 10:15:00-04:00,38.93,38.96,38.92,38.94,40400.0,38.941,214
2024-08-12 10:20:00-04:00,38.93,39.01,38.92,38.97,74079.0,38.969,269
2024-08-12 10:25:00-04:00,38.97,38.97,38.95,38.97,16243.0,38.96,77
2024-08-12 10:30:00-04:00,38.98,39.06,38.97,39.05,54588.0,39.025,193
2024-08-12 10:35:00-04:00,39.05,39.12,39.05,39.11,17869.0,39.093,99
2024-08-12 10:40:00-04:00,39.11,39.15,39.08,39.09,29369.0,39.109,127
2024-08-12 10:45:00-04:00,39.08,39.16,39.04,39.15,14922.0,39.12,98
2024-08-12 10:50:00-04:00,39.15,39.16,39.11,39.13,13165.0,39.135,102
2024-08-12 10:55:00-04:00,39.13,39.18,39.12,39.14,29753.0,39.157,130
2024-08-12 11:00:00-04:00,39.14,39.16,39.13,39.16,8629.0,39.154,61
2024-08-12 11:05:00-04:00,39.16,39.18,39.12,39.14,22164.0,39.158,138
2024-08-12 11:10:00-04:00,39.12,39.18,39.11,39.18,19830.0,39.135,143
2024-08-12 11:15:00-04:00,39.18,39.25,39.15,39.23,22482.0,39.187,152
2024-08-12 11:20:00-04:00,39.23,39.24,39.1,39.1,46242.0,39.185,221
2024-08-12 11:25:00-04:00,39.11,39.15,39.1,39.1,11503.0,39.121,79
2024-08-12 11:30:00-04:00,39.11,39.11,39.03,39.07,29580.0,39.057,119
2024-08-12 11:35:00-04:00,39.08,39.1,39.08,39.08,4370.0,39.086,38
2024-08-12 11:40:00-04:00,39.08,39.08,39.05,39.05,4235.0,39.063,36
2024-08-12 11:45:00-04:00,39.05,39.07,39.05,39.07,5619.0,39.065,45
2024-08-12 11:50:00-04:00,39.07,39.14,39.07,39.14,4748.0,39.1,37
2024-08-12 11:55:00-04:00,39.16,39.24,39.15,39.23,10030.0,39.214,72
2024-08-12 12:00:00-04:00,39.23,39.24,39.15,39.15,7780.0,39.194,50
2024-08-12 12:05:00-04:00,39.15,39.17,39.09,39.14,30274.0,39.125,158
2024-08-12 12:10:00-04:00,39.14,39.15,39.13,39.13,9170.0,39.138,49
2024-08-12 12:15:00-04:00,39.12,39.12,39.07,39.08,5004.0,39.087,34
2024-08-12 12:20:00-04:00,39.09,39.13,39.08,39.11,5344.0,39.106,41
2024-08-12 12:25:00-04:00,39.11,39.12,39.07,39.08,5503.0,39.1,45
2024-08-12 12:30:00-04:00,39.08,39.09,39.07,39.07,5344.0,39.078,36
2024-08-12 12:35:00-04:00,39.07,39.07,39.01,39.03,12618.0,39.045,76
2024-08-12 12:40:00-04:00,39.02,39.04,39.02,39.04,2998.0,39.03,22
2024-08-12 12:45:00-04:00,39.04,39.05,38.97,38.98,18378.0,39.023,87
2024-08-12 12:50:00-04:00,38.97,38.97,38.92,38.94,5144.0,38.938,34
2024-08-12 12:55:00-04:00,38.94,38.94,38.9,38.9,5522.0,38.919,38
2024-08-12 13:00:00-04:00,38.9,38.99,38.83,38.98,11282.0,38.886,81
2024-08-12 13:05:00-04:00,38.99,38.99,38.92,38.93,9646.0,38.944,45
2024-08-12 13:10:00-04:00,38.93,38.95,38.92,38.95,5687.0,38.937,47
2024-08-12 13:15:00-04:00,38.96,38.96,38.89,38.9,20045.0,38.938,127
2024-08-12 13:20:00-04:00,38.9,39.0,38.89,38.96,12429.0,38.962,86
2024-08-12 13:25:00-04:00,38.97,38.97,38.89,38.94,17367.0,38.913,80
2024-08-12 13:30:00-04:00,38.95,38.97,38.91,38.93,10449.0,38.946,61
2024-08-12 13:35:00-04:00,38.93,38.97,38.93,38.97,8256.0,38.959,40
2024-08-12 13:40:00-04:00,38.97,38.97,38.91,38.91,7737.0,38.949,52
2024-08-12 13:45:00-04:00,38.91,38.93,38.91,38.91,4105.0,38.917,36
2024-08-12 13:50:00-04:00,38.9,38.9,38.86,38.87,9198.0,38.88,63
2024-08-12 13:55:00-04:00,38.87,38.93,38.87,38.93,3868.0,38.899,33
2024-08-12 14:00:00-04:00,38.94,38.99,38.93,38.97,4215.0,38.963,32
2024-08-12 14:05:00-04:00,38.97,38.97,38.88,38.88,7691.0,38.944,56
2024-08-12 14:10:00-04:00,38.88,38.92,38.88,38.92,5118.0,38.905,39
2024-08-12 14:15:00-04:00,38.92,38.92,38.9,38.91,5127.0,38.912,39
2024-08-12 14:20:00-04:00,38.91,38.97,38.91,38.91,9997.0,38.943,79
2024-08-12 14:25:00-04:00,38.91,38.94,38.91,38.93,4542.0,38.928,30
2024-08-12 14:30:00-04:00,38.92,38.93,38.9,38.91,5150.0,38.918,30
2024-08-12 14:35:00-04:00,38.92,38.95,38.91,38.95,4852.0,38.929,41
2024-08-12 14:40:00-04:00,38.95,38.95,38.93,38.95,7029.0,38.941,49
2024-08-12 14:45:00-04:00,38.95,38.97,38.95,38.96,6536.0,38.959,51
2024-08-12 14:50:00-04:00,38.96,38.98,38.95,38.96,11110.0,38.965,75
2024-08-12 14:55:00-04:00,38.96,38.98,38.93,38.96,12057.0,38.954,78
2024-08-12 15:00:00-04:00,38.97,38.97,38.91,38.93,9402.0,38.94,74
2024-08-12 15:05:00-04:00,38.93,38.99,38.92,38.98,4589.0,38.966,33
2024-08-12 15:10:00-04:00,38.98,39.0,38.97,38.99,15234.0,38.99,95
2024-08-12 15:15:00-04:00,38.99,39.01,38.98,39.01,5741.0,38.996,42
2024-08-12 15:20:00-04:00,39.01,39.02,38.96,39.01,20106.0,38.998,100
2024-08-12 15:25:00-04:00,39.01,39.03,38.99,39.0,15914.0,39.004,88
2024-08-12 15:30:00-04:00,39.0,39.01,38.98,39.0,9594.0,38.998,68
2024-08-12 15:35:00-04:00,39.0,39.01,38.98,38.98,14430.0,38.998,115
2024-08-12 15:40:00-04:00,38.98,38.99,38.91,38.92,36285.0,38.96,135
2024-08-12 15:45:00-04:00,38.92,38.93,38.86,38.92,39888.0,38.9,150
2024-08-12 15:50:00-04:00,38.93,39.0,38.91,38.96,56141.0,38.951,260
2024-08-12 15:55:00-04:00,38.97,38.97,38.8,38.88,229112.0,38.862,914
2024-08-13 09:30:00-04:00,39.25,39.37,39.12,39.2,68071.0,39.217,165
2024-08-13 09:35:00-04:00,39.2,39.49,39.13,39.45,102033.0,39.356,605
2024-08-13 09:40:00-04:00,39.43,39.67,39.43,39.66,63237.0,39.595,369
2024-08-13 09:45:00-04:00,39.66,39.72,39.58,39.62,44248.0,39.674,203
2024-08-13 09:50:00-04:00,39.62,39.84,39.6,39.76,34306.0,39.715,173
2024-08-13 09:55:00-04:00,39.75,39.86,39.73,39.83,32420.0,39.789,223
2024-08-13 10:00:00-04:00,39.79,39.84,39.68,39.78,42218.0,39.742,155
2024-08-13 10:05:00-04:00,39.77,39.78,39.6,39.62,18785.0,39.702,111
2024-08-13 10:10:00-04:00,39.62,39.62,39.45,39.48,24036.0,39.514,112
2024-08-13 10:15:00-04:00,39.49,39.51,39.43,39.46,25808.0,39.466,114
2024-08-13 10:20:00-04:00,39.46,39.47,39.38,39.38,28001.0,39.43,157
2024-08-13 10:25:00-04:00,39.39,39.53,39.38,39.52,13569.0,39.455,85
2024-08-13 10:30:00-04:00,39.52,39.59,39.51,39.52,19941.0,39.537,73
2024-08-13 10:35:00-04:00,39.52,39.62,39.47,39.62,12133.0,39.541,83
2024-08-13 10:40:00-04:00,39.62,39.72,39.6,39.68,22413.0,39.645,107
2024-08-13 10:45:00-04:00,39.68,39.68,39.58,39.62,13192.0,39.615,96
2024-08-13 10:50:00-04:00,39.64,39.64,39.57,39.57,12625.0,39.606,83
2024-08-13 10:55:00-04:00,39.57,39.63,39.54,39.57,20223.0,39.566,129
2024-08-13 11:00:00-04:00,39.57,39.59,39.55,39.55,17266.0,39.572,103
2024-08-13 11:05:00-04:00,39.57,39.65,39.55,39.64,17596.0,39.595,130
2024-08-13 11:10:00-04:00,39.63,39.75,39.62,39.73,16305.0,39.696,118
2024-08-13 11:15:00-04:00,39.73,39.74,39.69,39.71,20819.0,39.713,147
2024-08-13 11:20:00-04:00,39.72,39.73,39.67,39.69,22402.0,39.706,158
2024-08-13 11:25:00-04:00,39.69,39.73,39.67,39.69,20395.0,39.694,133
2024-08-13 11:30:00-04:00,39.69,39.73,39.64,39.66,29002.0,39.704,156
2024-08-13 11:35:00-04:00,39.63,39.65,39.56,39.61,16189.0,39.616,102
2024-08-13 11:40:00-04:00,39.61,39.61,39.58,39.59,11233.0,39.604,73
2024-08-13 11:45:00-04:00,39.59,39.6,39.58,39.59,7819.0,39.593,63
2024-08-13 11:50:00-04:00,39.59,39.6,39.57,39.59,5900.0,39.586,46
2024-08-13 11:55:00-04:00,39.58,39.58,39.56,39.58,7113.0,39.567,56
2024-08-13 12:00:00-04:00,39.57,39.62,39.56,39.6,14452.0,39.586,77
2024-08-13 12:05:00-04:00,39.59,39.61,39.58,39.61,9708.0,39.598,66
2024-08-13 12:10:00-04:00,39.61,39.62,39.6,39.61,7287.0,39.609,57
2024-08-13 12:15:00-04:00,39.62,39.64,39.61,39.63,13954.0,39.624,88
2024-08-13 12:20:00-04:00,39.64,39.64,39.62,39.64,11980.0,39.629,78
2024-08-13 12:25:00-04:00,39.65,39.67,39.63,39.65,6956.0,39.651,54
2024-08-13 12:30:00-04:00,39.65,39.65,39.58,39.58,11564.0,39.625,86
2024-08-13 12:35:00-04:00,39.58,39.6,39.57,39.6,3522.0,39.585,28
2024-08-13 12:40:00-04:00,39.59,39.64,39.59,39.63,10800.0,39.617,83
2024-08-13 12:45:00-04:00,39.64,39.65,39.62,39.64,9701.0,39.634,63
2024-08-13 12:50:00-04:00,39.64,39.64,39.61,39.63,9839.0,39.624,76
2024-08-13 12:55:00-04:00,39.63,39.64,39.62,39.62,5445.0,39.627,45
2024-08-13 13:00:00-04:00,39.63,39.64,39.62,39.63,8737.0,39.625,68
2024-08-13 13:05:00-04:00,39.64,39.75,39.63,39.74,10361.0,39.674,62
2024-08-13 13:10:00-04:00,39.75,39.89,39.74,39.88,58986.0,39.808,206
2024-08-13 13:15:00-04:00,39.88,39.99,39.87,39.99,65063.0,39.93,166
2024-08-13 13:20:00-04:00,39.99,40.14,39.92,40.14,90908.0,40.038,282
2024-08-13 13:25:00-04:00,40.15,40.27,40.14,40.25,28634.0,40.191,195
2024-08-13 13:30:00-04:00,40.26,40.51,40.25,40.36,46450.0,40.409,313
2024-08-13 13:35:00-04:00,40.35,40.44,40.34,40.42,15427.0,40.394,95
2024-08-13 13:40:00-04:00,40.41,40.44,40.35,40.38,11339.0,40.398,73
2024-08-13 13:45:00-04:00,40.38,40.44,40.32,40.4,49845.0,40.378,227
2024-08-13 13:50:00-04:00,40.43,40.46,40.39,40.44,40750.0,40.43,206
2024-08-13 13:55:00-04:00,40.45,40.59,40.45,40.52,114533.0,40.521,345
2024-08-13 14:00:00-04:00,40.54,40.54,40.44,40.5,18894.0,40.508,90
2024-08-13 14:05:00-04:00,40.51,40.52,40.32,40.32,11775.0,40.43,93
2024-08-13 14:10:00-04:00,40.32,40.32,40.21,40.23,31965.0,40.232,124
2024-08-13 14:15:00-04:00,40.23,40.25,40.19,40.21,18280.0,40.219,139
2024-08-13 14:20:00-04:00,40.21,40.35,40.21,40.27,76215.0,40.292,332
2024-08-13 14:25:00-04:00,40.25,40.29,40.21,40.22,24819.0,40.255,148
2024-08-13 14:30:00-04:00,40.22,40.3,40.21,40.3,28218.0,40.26,150
2024-08-13 14:35:00-04:00,40.3,40.33,40.27,40.32,22302.0,40.298,142
2024-08-13 14:40:00-04:00,40.32,40.37,40.32,40.36,11207.0,40.346,71
2024-08-13 14:45:00-04:00,40.36,40.39,40.33,40.39,14898.0,40.361,114
2024-08-13 14:50:00-04:00,40.39,40.41,40.38,40.41,9908.0,40.397,77
2024-08-13 14:55:00-04:00,40.41,40.41,40.36,40.37,11201.0,40.381,76
2024-08-13 15:00:00-04:00,40.37,40.41,40.36,40.36,10733.0,40.381,87
2024-08-13 15:05:00-04:00,40.36,40.39,40.33,40.38,8746.0,40.361,69
2024-08-13 15:10:00-04:00,40.37,40.41,40.35,40.4,12910.0,40.38,66
2024-08-13 15:15:00-04:00,40.39,40.41,40.37,40.41,13983.0,40.389,78
2024-08-13 15:20:00-04:00,40.41,40.51,40.41,40.5,38525.0,40.468,208
2024-08-13 15:25:00-04:00,40.5,40.5,40.45,40.48,11451.0,40.477,83
2024-08-13 15:30:00-04:00,40.48,40.54,40.47,40.48,48804.0,40.493,217
2024-08-13 15:35:00-04:00,40.49,40.55,40.48,40.54,26049.0,40.512,183
2024-08-13 15:40:00-04:00,40.54,40.66,40.54,40.65,91530.0,40.622,387
2024-08-13 15:45:00-04:00,40.65,40.71,40.59,40.69,95162.0,40.669,372
2024-08-13 15:50:00-04:00,40.69,40.7,40.53,40.53,103198.0,40.631,606
2024-08-13 15:55:00-04:00,40.53,40.54,40.34,40.35,334079.0,40.431,1556
2024-08-14 09:30:00-04:00,40.63,40.66,40.55,40.58,27038.0,40.613,64
2024-08-14 09:35:00-04:00,40.56,40.77,40.56,40.77,32038.0,40.635,105
2024-08-14 09:40:00-04:00,40.73,40.88,40.7,40.79,66263.0,40.783,365
2024-08-14 09:45:00-04:00,40.77,40.8,40.68,40.71,45122.0,40.729,286
2024-08-14 09:50:00-04:00,40.71,40.78,40.66,40.77,47067.0,40.707,259
2024-08-14 09:55:00-04:00,40.78,40.8,40.69,40.71,55534.0,40.75,324
2024-08-14 10:00:00-04:00,40.69,40.74,40.62,40.65,49548.0,40.702,227
2024-08-14 10:05:00-04:00,40.64,40.72,40.64,40.7,17870.0,40.685,134
2024-08-14 10:10:00-04:00,40.71,40.74,40.69,40.72,18294.0,40.715,134
2024-08-14 10:15:00-04:00,40.71,40.75,40.7,40.75,19871.0,40.727,170
2024-08-14 10:20:00-04:00,40.75,40.87,40.74,40.86,31683.0,40.797,178
2024-08-14 10:25:00-04:00,40.86,40.95,40.82,40.94,33340.0,40.862,235
2024-08-14 10:30:00-04:00,40.93,40.95,40.81,40.83,14358.0,40.87,118
2024-08-14 10:35:00-04:00,40.84,40.85,40.69,40.7,45792.0,40.792,252
2024-08-14 10:40:00-04:00,40.71,40.81,40.71,40.77,25226.0,40.783,149
2024-08-14 10:45:00-04:00,40.77,40.81,40.76,40.78,29044.0,40.786,150
2024-08-14 10:50:00-04:00,40.78,40.81,40.77,40.79,21202.0,40.792,130
2024-08-14 10:55:00-04:00,40.8,40.8,40.77,40.78,20801.0,40.788,141
2024-08-14 11:00:00-04:00,40.79,40.8,40.76,40.78,16968.0,40.779,118
2024-08-14 11:05:00-04:00,40.76,40.8,40.76,40.77,38441.0,40.769,195
2024-08-14 11:10:00-04:00,40.77,40.8,40.76,40.78,24777.0,40.776,155
2024-08-14 11:15:00-04:00,40.78,40.81,40.75,40.79,83134.0,40.791,311
2024-08-14 11:20:00-04:00,40.77,40.79,40.66,40.66,18335.0,40.705,112
2024-08-14 11:25:00-04:00,40.66,40.67,40.63,40.67,23637.0,40.647,158
2024-08-14 11:30:00-04:00,40.67,40.79,40.65,40.71,15106.0,40.72,113
2024-08-14 11:35:00-04:00,40.71,40.73,40.7,40.7,5545.0,40.71,42
2024-08-14 11:40:00-04:00,40.69,40.7,40.62,40.62,7206.0,40.657,60
2024-08-14 11:45:00-04:00,40.61,40.63,40.54,40.54,10478.0,40.598,89
2024-08-14 11:50:00-04:00,40.54,40.55,40.51,40.52,7667.0,40.536,43
2024-08-14 11:55:00-04:00,40.54,40.55,40.52,40.55,7828.0,40.53,61
2024-08-14 12:00:00-04:00,40.57,40.59,40.54,40.58,4376.0,40.57,33
2024-08-14 12:05:00-04:00,40.58,40.64,40.57,40.63,14724.0,40.599,104
2024-08-14 12:10:00-04:00,40.64,40.65,40.62,40.64,9431.0,40.635,85
2024-08-14 12:15:00-04:00,40.65,40.65,40.59,40.61,7638.0,40.626,60
2024-08-14 12:20:00-04:00,40.6,40.61,40.56,40.58,21839.0,40.583,122
2024-08-14 12:25:00-04:00,40.59,40.66,40.58,40.66,16970.0,40.606,123
2024-08-14 12:30:00-04:00,40.66,40.76,40.64,40.72,22401.0,40.703,132
2024-08-14 12:35:00-04:00,40.71,40.72,40.66,40.72,5869.0,40.69,48
2024-08-14 12:40:00-04:00,40.71,40.73,40.66,40.66,9072.0,40.701,64
2024-08-14 12:45:00-04:00,40.65,40.66,40.63,40.64,8528.0,40.642,34
2024-08-14 12:50:00-04:00,40.65,40.66,40.64,40.66,2903.0,40.648,21
2024-08-14 12:55:00-04:00,40.66,40.71,40.65,40.71,5324.0,40.676,36
2024-08-14 13:00:00-04:00,40.68,40.73,40.67,40.73,15436.0,40.691,74
2024-08-14 13:05:00-04:00,40.72,40.74,40.71,40.72,7174.0,40.723,49
2024-08-14 13:10:00-04:00,40.72,40.76,40.7,40.76,39713.0,40.721,208
2024-08-14 13:15:00-04:00,40.77,40.83,40.76,40.82,9182.0,40.795,59
2024-08-14 13:20:00-04:00,40.83,40.83,40.76,40.77,8556.0,40.786,61
2024-08-14 13:25:00-04:00,40.77,40.77,40.72,40.74,14030.0,40.743,96
2024-08-14 13:30:00-04:00,40.75,40.81,40.74,40.8,6894.0,40.774,46
2024-08-14 13:35:00-04:00,40.8,40.85,40.8,40.83,18899.0,40.809,86
2024-08-14 13:40:00-04:00,40.84,40.88,40.82,40.88,20008.0,40.858,129
2024-08-14 13:45:00-04:00,40.88,40.88,40.83,40.86,11628.0,40.856,82
2024-08-14 13:50:00-04:00,40.87,40.89,40.86,40.89,5519.0,40.877,37
2024-08-14 13:55:00-04:00,40.9,41.0,40.89,41.0,79614.0,40.955,292
2024-08-14 14:00:00-04:00,41.0,41.11,40.97,41.08,27195.0,41.021,165
2024-08-14 14:05:00-04:00,41.08,41.15,41.05,41.15,38641.0,41.1,165
2024-08-14 14:10:00-04:00,41.15,41.21,41.1,41.12,49056.0,41.151,225
2024-08-14 14:15:00-04:00,41.12,41.16,41.1,41.16,10895.0,41.123,73
2024-08-14 14:20:00-04:00,41.16,41.26,41.15,41.22,40460.0,41.232,203
2024-08-14 14:25:00-04:00,41.23,41.23,41.2,41.21,9627.0,41.212,68
2024-08-14 14:30:00-04:00,41.21,41.3,41.21,41.3,21874.0,41.265,132
2024-08-14 14:35:00-04:00,41.29,41.3,41.24,41.24,23086.0,41.266,137
2024-08-14 14:40:00-04:00,41.24,41.32,41.23,41.31,26523.0,41.284,141
2024-08-14 14:45:00-04:00,41.31,41.34,41.31,41.31,16053.0,41.322,106
2024-08-14 14:50:00-04:00,41.3,41.41,41.3,41.41,36621.0,41.357,149
2024-08-14 14:55:00-04:00,41.41,41.47,41.4,41.47,25939.0,41.434,179
2024-08-14 15:00:00-04:00,41.48,41.49,41.37,41.38,44833.0,41.46,192
2024-08-14 15:05:00-04:00,41.38,41.48,41.38,41.42,64901.0,41.437,220
2024-08-14 15:10:00-04:00,41.42,41.49,41.41,41.46,67840.0,41.451,294
2024-08-14 15:15:00-04:00,41.45,41.47,41.38,41.41,64530.0,41.435,218
2024-08-14 15:20:00-04:00,41.41,41.46,41.34,41.38,101407.0,41.414,337
2024-08-14 15:25:00-04:00,41.38,41.44,41.35,41.35,64293.0,41.403,256
2024-08-14 15:30:00-04:00,41.35,41.46,41.24,41.24,54838.0,41.346,213
2024-08-14 15:35:00-04:00,41.23,41.23,41.09,41.1,35509.0,41.134,233
2024-08-14 15:40:00-04:00,41.1,41.28,41.1,41.25,57595.0,41.192,272
2024-08-14 15:45:00-04:00,41.25,41.28,41.16,41.22,30828.0,41.221,187
2024-08-14 15:50:00-04:00,41.22,41.27,41.18,41.23,70791.0,41.224,342
2024-08-14 15:55:00-04:00,41.23,41.29,41.18,41.21,209617.0,41.222,916
2024-08-15 09:30:00-04:00,41.18,41.93,41.18,41.92,64708.0,41.361,313
2024-08-15 09:35:00-04:00,41.89,42.03,41.73,41.88,94736.0,41.913,597
2024-08-15 09:40:00-04:00,41.9,41.91,41.56,41.66,90198.0,41.734,495
2024-08-15 09:45:00-04:00,41.65,41.71,41.63,41.65,31532.0,41.661,203
2024-08-15 09:50:00-04:00,41.65,41.69,41.58,41.68,28923.0,41.631,183
2024-08-15 09:55:00-04:00,41.68,41.87,41.67,41.76,125186.0,41.767,705
2024-08-15 10:00:00-04:00,41.77,41.96,41.77,41.96,29320.0,41.901,194
2024-08-15 10:05:00-04:00,41.95,42.01,41.8,41.82,91425.0,41.924,462
2024-08-15 10:10:00-04:00,41.83,41.96,41.8,41.96,69374.0,41.866,244
2024-08-15 10:15:00-04:00,41.95,42.02,41.89,42.02,136834.0,41.941,265
2024-08-15 10:20:00-04:00,42.01,42.03,41.96,42.03,29545.0,42.002,181
2024-08-15 10:25:00-04:00,42.02,42.12,41.99,41.99,45614.0,42.046,230
2024-08-15 10:30:00-04:00,42.02,42.03,41.99,42.02,16880.0,42.014,123
2024-08-15 10:35:00-04:00,42.01,42.01,41.93,41.98,32586.0,41.981,173
2024-08-15 10:40:00-04:00,41.96,42.02,41.92,42.0,19255.0,41.966,130
2024-08-15 10:45:00-04:00,42.0,42.01,41.99,42.0,31090.0,41.999,135
2024-08-15 10:50:00-04:00,41.98,42.02,41.93,42.01,21828.0,41.983,124
2024-08-15 10:55:00-04:00,42.02,42.02,41.98,41.99,15043.0,41.999,93
2024-08-15 11:00:00-04:00,42.0,42.13,41.96,42.09,39451.0,42.035,246
2024-08-15 11:05:00-04:00,42.09,42.14,42.08,42.12,20042.0,42.106,113
2024-08-15 11:10:00-04:00,42.12,42.24,42.11,42.24,58668.0,42.174,279
2024-08-15 11:15:00-04:00,42.25,42.28,42.15,42.2,42123.0,42.213,245
2024-08-15 11:20:00-04:00,42.2,42.3,42.19,42.3,50174.0,42.24,228
2024-08-15 11:25:00-04:00,42.31,42.39,42.27,42.36,76761.0,42.341,373
2024-08-15 11:30:00-04:00,42.36,42.59,42.36,42.54,69813.0,42.47,329
2024-08-15 11:35:00-04:00,42.52,42.54,42.41,42.49,138881.0,42.499,430
2024-08-15 11:40:00-04:00,42.48,42.54,42.46,42.52,35884.0,42.506,227
2024-08-15 11:45:00-04:00,42.51,42.7,42.51,42.64,41510.0,42.637,265
2024-08-15 11:50:00-04:00,42.65,42.65,42.6,42.63,12702.0,42.614,102
2024-08-15 11:55:00-04:00,42.62,42.63,42.52,42.53,24084.0,42.568,141
2024-08-15 12:00:00-04:00,42.53,42.56,42.5,42.55,16430.0,42.531,115
2024-08-15 12:05:00-04:00,42.54,42.59,42.53,42.57,18092.0,42.549,135
2024-08-15 12:10:00-04:00,42.58,42.58,42.54,42.57,9397.0,42.553,84
2024-08-15 12:15:00-04:00,42.57,42.64,42.55,42.58,14399.0,42.6,117
2024-08-15 12:20:00-04:00,42.59,42.63,42.58,42.6,15190.0,42.601,110
2024-08-15 12:25:00-04:00,42.6,42.6,42.58,42.6,12665.0,42.592,96
2024-08-15 12:30:00-04:00,42.59,42.7,42.59,42.69,40496.0,42.659,269
2024-08-15 12:35:00-04:00,42.68,42.78,42.68,42.72,49832.0,42.735,236
2024-08-15 12:40:00-04:00,42.72,42.81,42.68,42.72,33810.0,42.743,218
2024-08-15 12:45:00-04:00,42.73,42.77,42.69,42.71,36104.0,42.735,165
2024-08-15 12:50:00-04:00,42.71,42.75,42.7,42.73,15622.0,42.729,112
2024-08-15 12:55:00-04:00,42.72,42.78,42.68,42.71,51814.0,42.716,263
2024-08-15 13:00:00-04:00,42.71,42.71,42.52,42.55,33686.0,42.616,144
2024-08-15 13:05:00-04:00,42.54,42.58,42.52,42.55,11222.0,42.556,82
2024-08-15 13:10:00-04:00,42.56,42.56,42.5,42.5,7433.0,42.533,64
2024-08-15 13:15:00-04:00,42.51,42.52,42.47,42.48,10595.0,42.496,88
2024-08-15 13:20:00-04:00,42.48,42.48,42.39,42.45,16458.0,42.437,114
2024-08-15 13:25:00-04:00,42.45,42.51,42.43,42.47,11443.0,42.479,84
2024-08-15 13:30:00-04:00,42.46,42.47,42.4,42.4,6703.0,42.439,58
2024-08-15 13:35:00-04:00,42.41,42.42,42.36,42.36,11761.0,42.395,86
2024-08-15 13:40:00-04:00,42.35,42.35,42.26,42.26,8953.0,42.3,66
2024-08-15 13:45:00-04:00,42.27,42.3,42.26,42.28,12644.0,42.277,103
2024-08-15 13:50:00-04:00,42.27,42.32,42.23,42.31,24567.0,42.276,169
2024-08-15 13:55:00-04:00,42.32,42.34,42.31,42.33,14804.0,42.32,110
2024-08-15 14:00:00-04:00,42.32,42.33,42.25,42.26,10873.0,42.28,78
2024-08-15 14:05:00-04:00,42.26,42.34,42.25,42.34,17015.0,42.278,109
2024-08-15 14:10:00-04:00,42.33,42.39,42.3,42.39,21653.0,42.341,143
2024-08-15 14:15:00-04:00,42.37,42.53,42.37,42.49,33449.0,42.463,191
2024-08-15 14:20:00-04:00,42.48,42.54,42.48,42.54,38554.0,42.503,194
2024-08-15 14:25:00-04:00,42.54,42.54,42.48,42.52,16859.0,42.512,120
2024-08-15 14:30:00-04:00,42.53,42.53,42.48,42.5,19807.0,42.504,137
2024-08-15 14:35:00-04:00,42.5,42.51,42.48,42.5,17127.0,42.495,101
2024-08-15 14:40:00-04:00,42.5,42.54,42.5,42.52,13546.0,42.519,100
2024-08-15 14:45:00-04:00,42.53,42.62,42.52,42.61,25946.0,42.565,191
2024-08-15 14:50:00-04:00,42.61,42.74,42.58,42.73,49360.0,42.647,295
2024-08-15 14:55:00-04:00,42.73,42.88,42.72,42.85,52830.0,42.793,330
2024-08-15 15:00:00-04:00,42.84,42.85,42.8,42.83,32883.0,42.827,142
2024-08-15 15:05:00-04:00,42.83,43.01,42.83,42.94,83651.0,42.925,427
2024-08-15 15:10:00-04:00,42.95,43.03,42.93,43.03,76873.0,42.972,354
2024-08-15 15:15:00-04:00,43.03,43.25,43.02,43.12,76336.0,43.139,448
2024-08-15 15:20:00-04:00,43.12,43.19,43.09,43.14,28999.0,43.148,213
2024-08-15 15:25:00-04:00,43.14,43.14,42.98,43.02,35489.0,43.049,230
2024-08-15 15:30:00-04:00,43.01,43.02,42.87,42.89,48102.0,42.945,341
2024-08-15 15:35:00-04:00,42.88,42.99,42.85,42.92,70277.0,42.899,453
2024-08-15 15:40:00-04:00,42.92,42.96,42.8,42.83,80586.0,42.887,438
2024-08-15 15:45:00-04:00,42.83,42.91,42.78,42.83,94858.0,42.832,630
2024-08-15 15:50:00-04:00,42.84,42.87,42.69,42.73,158346.0,42.791,919
2024-08-15 15:55:00-04:00,42.74,42.79,42.61,42.75,516213.0,42.7,2111
2024-08-16 09:30:00-04:00,42.44,42.63,42.34,42.46,130798.0,42.484,276
2024-08-16 09:35:00-04:00,42.49,42.52,42.44,42.47,35362.0,42.465,88
2024-08-16 09:40:00-04:00,42.46,42.57,42.4,42.5,54646.0,42.481,244
2024-08-16 09:45:00-04:00,42.5,42.5,42.4,42.45,32495.0,42.434,143
2024-08-16 09:50:00-04:00,42.43,42.48,42.38,42.48,47422.0,42.421,264
2024-08-16 09:55:00-04:00,42.47,42.47,42.31,42.32,45362.0,42.375,269
2024-08-16 10:00:00-04:00,42.31,42.33,42.26,42.27,30465.0,42.292,163
2024-08-16 10:05:00-04:00,42.27,42.51,42.26,42.49,68025.0,42.396,343
2024-08-16 10:10:00-04:00,42.48,42.53,42.45,42.51,29201.0,42.491,177
2024-08-16 10:15:00-04:00,42.51,42.59,42.5,42.58,19259.0,42.541,122
2024-08-16 10:20:00-04:00,42.59,42.64,42.5,42.58,73593.0,42.584,354
2024-08-16 10:25:00-04:00,42.57,42.64,42.42,42.47,70046.0,42.568,332
2024-08-16 10:30:00-04:00,42.45,42.56,42.44,42.54,54142.0,42.509,242
2024-08-16 10:35:00-04:00,42.52,42.65,42.48,42.61,29186.0,42.558,191
2024-08-16 10:40:00-04:00,42.62,42.69,42.6,42.67,88692.0,42.651,422
2024-08-16 10:45:00-04:00,42.67,42.79,42.66,42.76,107619.0,42.748,488
2024-08-16 10:50:00-04:00,42.76,42.76,42.53,42.7,74871.0,42.67,356
2024-08-16 10:55:00-04:00,42.72,42.73,42.68,42.71,36260.0,42.703,205
2024-08-16 11:00:00-04:00,42.73,42.74,42.65,42.69,58880.0,42.702,301
2024-08-16 11:05:00-04:00,42.67,42.75,42.66,42.71,102100.0,42.712,418
2024-08-16 11:10:00-04:00,42.72,42.76,42.66,42.71,63379.0,42.719,237
2024-08-16 11:15:00-04:00,42.72,42.75,42.67,42.72,33869.0,42.705,194
2024-08-16 11:20:00-04:00,42.71,42.73,42.69,42.7,33806.0,42.71,226
2024-08-16 11:25:00-04:00,42.71,42.81,42.7,42.75,102881.0,42.757,391
2024-08-16 11:30:00-04:00,42.76,42.87,42.73,42.87,42236.0,42.812,256
2024-08-16 11:35:00-04:00,42.87,42.94,42.86,42.93,55995.0,42.904,303
2024-08-16 11:40:00-04:00,42.93,43.0,42.93,42.99,94888.0,42.986,328
2024-08-16 11:45:00-04:00,43.0,43.02,42.94,42.99,41620.0,42.988,190
2024-08-16 11:50:00-04:00,42.99,43.01,42.97,43.01,22852.0,42.991,132
2024-08-16 11:55:00-04:00,42.98,43.02,42.84,42.86,36461.0,42.963,191
2024-08-16 12:00:00-04:00,42.84,42.84,42.66,42.66,17596.0,42.771,114
2024-08-16 12:05:00-04:00,42.64,42.71,42.62,42.66,27387.0,42.667,173
2024-08-16 12:10:00-04:00,42.67,42.74,42.66,42.73,25399.0,42.706,158
2024-08-16 12:15:00-04:00,42.74,42.78,42.67,42.69,18451.0,42.733,133
2024-08-16 12:20:00-04:00,42.69,42.7,42.66,42.7,15365.0,42.686,113
2024-08-16 12:25:00-04:00,42.7,42.71,42.61,42.64,25060.0,42.656,141
2024-08-16 12:30:00-04:00,42.64,42.69,42.63,42.68,23870.0,42.653,129
2024-08-16 12:35:00-04:00,42.67,42.68,42.59,42.67,18445.0,42.648,124
2024-08-16 12:40:00-04:00,42.66,42.71,42.66,42.69,17268.0,42.691,139
2024-08-16 12:45:00-04:00,42.69,42.75,42.68,42.73,19629.0,42.727,142
2024-08-16 12:50:00-04:00,42.74,42.79,42.73,42.79,37307.0,42.766,210
2024-08-16 12:55:00-04:00,42.78,42.82,42.77,42.78,22277.0,42.792,150
2024-08-16 13:00:00-04:00,42.78,42.79,42.6,42.66,15380.0,42.682,102
2024-08-16 13:05:00-04:00,42.66,42.83,42.64,42.82,62546.0,42.769,239
2024-08-16 13:10:00-04:00,42.82,42.83,42.73,42.75,12415.0,42.792,91
2024-08-16 13:15:00-04:00,42.76,42.76,42.69,42.73,27156.0,42.725,181
2024-08-16 13:20:00-04:00,42.71,42.73,42.63,42.63,9536.0,42.682,74
2024-08-16 13:25:00-04:00,42.63,42.64,42.53,42.59,35296.0,42.583,223
2024-08-16 13:30:00-04:00,42.59,42.62,42.58,42.59,15978.0,42.601,104
2024-08-16 13:35:00-04:00,42.6,42.63,42.54,42.54,13319.0,42.601,105
2024-08-16 13:40:00-04:00,42.54,42.54,42.5,42.52,10313.0,42.52,83
2024-08-16 13:45:00-04:00,42.53,42.53,42.4,42.41,13378.0,42.471,105
2024-08-16 13:50:00-04:00,42.41,42.42,42.31,42.31,11378.0,42.357,91
2024-08-16 13:55:00-04:00,42.31,42.4,42.26,42.37,37845.0,42.319,216
2024-08-16 14:00:00-04:00,42.36,42.54,42.36,42.46,47555.0,42.462,240
2024-08-16 14:05:00-04:00,42.45,42.55,42.42,42.52,28726.0,42.505,157
2024-08-16 14:10:00-04:00,42.51,42.57,42.48,42.57,31521.0,42.519,157
2024-08-16 14:15:00-04:00,42.57,42.59,42.49,42.51,49522.0,42.549,246
2024-08-16 14:20:00-04:00,42.51,42.53,42.49,42.5,18807.0,42.512,126
2024-08-16 14:25:00-04:00,42.5,42.52,42.46,42.46,28083.0,42.496,206
2024-08-16 14:30:00-04:00,42.46,42.5,42.44,42.48,39007.0,42.474,236
2024-08-16 14:35:00-04:00,42.48,42.49,42.45,42.45,16908.0,42.47,121
2024-08-16 14:40:00-04:00,42.48,42.6,42.48,42.58,40839.0,42.545,214
2024-08-16 14:45:00-04:00,42.57,42.67,42.55,42.67,79259.0,42.608,309
2024-08-16 14:50:00-04:00,42.67,42.71,42.59,42.7,48966.0,42.663,246
2024-08-16 14:55:00-04:00,42.7,42.74,42.7,42.73,28067.0,42.725,165
2024-08-16 15:00:00-04:00,42.74,42.77,42.7,42.71,29907.0,42.735,157
2024-08-16 15:05:00-04:00,42.72,42.73,42.67,42.67,21076.0,42.698,132
2024-08-16 15:10:00-04:00,42.67,42.69,42.66,42.68,18842.0,42.676,136
2024-08-16 15:15:00-04:00,42.68,42.73,42.65,42.71,39340.0,42.677,221
2024-08-16 15:20:00-04:00,42.71,42.75,42.62,42.68,36511.0,42.688,227
2024-08-16 15:25:00-04:00,42.68,42.73,42.67,42.68,26734.0,42.697,154
2024-08-16 15:30:00-04:00,42.67,42.7,42.62,42.7,29688.0,42.661,172
2024-08-16 15:35:00-04:00,42.7,42.9,42.7,42.86,48774.0,42.817,297
2024-08-16 15:40:00-04:00,42.86,42.99,42.8,42.96,80660.0,42.911,414
2024-08-16 15:45:00-04:00,42.95,42.96,42.74,42.82,70239.0,42.853,409
2024-08-16 15:50:00-04:00,42.82,42.82,42.77,42.82,79099.0,42.795,487
2024-08-16 15:55:00-04:00,42.82,42.97,42.8,42.88,249023.0,42.882,1168
2024-08-19 09:30:00-04:00,42.53,42.84,42.46,42.82,49593.0,42.61,146
2024-08-19 09:35:00-04:00,42.82,42.88,42.74,42.75,13617.0,42.809,87
2024-08-19 09:40:00-04:00,42.75,42.95,42.75,42.94,42375.0,42.874,173
2024-08-19 09:45:00-04:00,42.96,42.99,42.87,42.96,15437.0,42.946,73
2024-08-19 09:50:00-04:00,42.94,42.94,42.84,42.9,29498.0,42.884,153
2024-08-19 09:55:00-04:00,42.89,42.89,42.79,42.87,30043.0,42.831,168
2024-08-19 10:00:00-04:00,42.89,43.04,42.81,43.0,42737.0,42.934,190
2024-08-19 10:05:00-04:00,43.0,43.07,42.96,43.02,31615.0,43.006,133
2024-08-19 10:10:00-04:00,43.03,43.03,42.96,43.01,27391.0,42.998,151
2024-08-19 10:15:00-04:00,43.01,43.06,42.97,43.01,49056.0,43.026,209
2024-08-19 10:20:00-04:00,43.01,43.11,43.01,43.08,40150.0,43.046,166
2024-08-19 10:25:00-04:00,43.09,43.1,43.04,43.08,16289.0,43.075,105
2024-08-19 10:30:00-04:00,43.07,43.13,43.03,43.06,53701.0,43.081,234
2024-08-19 10:35:00-04:00,43.07,43.08,43.05,43.06,20565.0,43.062,132
2024-08-19 10:40:00-04:00,43.07,43.08,43.06,43.07,19236.0,43.069,94
2024-08-19 10:45:00-04:00,43.06,43.15,43.06,43.09,40085.0,43.107,173
2024-08-19 10:50:00-04:00,43.09,43.13,43.04,43.04,58495.0,43.105,277
2024-08-19 10:55:00-04:00,43.02,43.06,42.92,43.05,21263.0,43.013,160
2024-08-19 11:00:00-04:00,43.05,43.07,43.0,43.02,17562.0,43.038,136
2024-08-19 11:05:00-04:00,43.02,43.11,43.01,43.11,18491.0,43.064,124
2024-08-19 11:10:00-04:00,43.11,43.12,43.02,43.03,28035.0,43.053,148
2024-08-19 11:15:00-04:00,43.02,43.09,43.02,43.06,54648.0,43.061,171
2024-08-19 11:20:00-04:00,43.07,43.08,43.02,43.05,48656.0,43.055,220
2024-08-19 11:25:00-04:00,43.05,43.12,43.01,43.04,69403.0,43.072,258
2024-08-19 11:30:00-04:00,43.04,43.21,43.03,43.03,57990.0,43.132,239
2024-08-19 11:35:00-04:00,43.04,43.16,43.04,43.14,75055.0,43.098,298
2024-08-19 11:40:00-04:00,43.13,43.2,43.1,43.15,52941.0,43.174,174
2024-08-19 11:45:00-04:00,43.15,43.19,43.14,43.18,14105.0,43.17,86
2024-08-19 11:50:00-04:00,43.18,43.28,43.17,43.28,18392.0,43.211,122
2024-08-19 11:55:00-04:00,43.28,43.38,43.26,43.35,23467.0,43.317,168
2024-08-19 12:00:00-04:00,43.36,43.37,43.26,43.28,32565.0,43.288,148
2024-08-19 12:05:00-04:00,43.26,43.32,43.21,43.3,10084.0,43.258,66
2024-08-19 12:10:00-04:00,43.3,43.34,43.28,43.3,7352.0,43.304,54
2024-08-19 12:15:00-04:00,43.3,43.3,43.25,43.26,3239.0,43.267,22
2024-08-19 12:20:00-04:00,43.27,43.32,43.25,43.32,7016.0,43.277,50
2024-08-19 12:25:00-04:00,43.32,43.38,43.32,43.33,7739.0,43.346,56
2024-08-19 12:30:00-04:00,43.32,43.32,43.25,43.26,14651.0,43.281,77
2024-08-19 12:35:00-04:00,43.27,43.29,43.27,43.29,7216.0,43.279,50
2024-08-19 12:40:00-04:00,43.29,43.37,43.28,43.36,9172.0,43.333,58
2024-08-19 12:45:00-04:00,43.37,43.4,43.35,43.36,5802.0,43.372,50
2024-08-19 12:50:00-04:00,43.38,43.43,43.37,43.38,10452.0,43.401,79
2024-08-19 12:55:00-04:00,43.38,43.43,43.38,43.42,4114.0,43.407,34
2024-08-19 13:00:00-04:00,43.41,43.5,43.39,43.49,29770.0,43.423,106
2024-08-19 13:05:00-04:00,43.49,43.5,43.39,43.43,19488.0,43.435,138
2024-08-19 13:10:00-04:00,43.43,43.43,43.36,43.43,10068.0,43.409,91
2024-08-19 13:15:00-04:00,43.44,43.5,43.43,43.45,9198.0,43.462,81
2024-08-19 13:20:00-04:00,43.46,43.46,43.41,43.42,8087.0,43.432,72
2024-08-19 13:25:00-04:00,43.43,43.46,43.4,43.41,15843.0,43.437,117
2024-08-19 13:30:00-04:00,43.41,43.42,43.36,43.38,14921.0,43.39,112
2024-08-19 13:35:00-04:00,43.37,43.42,43.36,43.41,6401.0,43.39,59
2024-08-19 13:40:00-04:00,43.41,43.42,43.39,43.42,9005.0,43.411,82
2024-08-19 13:45:00-04:00,43.42,43.48,43.41,43.44,17752.0,43.44,132
2024-08-19 13:50:00-04:00,43.44,43.44,43.38,43.39,13943.0,43.408,112
2024-08-19 13:55:00-04:00,43.39,43.41,43.36,43.38,14869.0,43.387,109
2024-08-19 14:00:00-04:00,43.38,43.38,43.32,43.35,11822.0,43.353,104
2024-08-19 14:05:00-04:00,43.35,43.35,43.31,43.32,10106.0,43.336,80
2024-08-19 14:10:00-04:00,43.33,43.33,43.3,43.3,11406.0,43.311,82
2024-08-19 14:15:00-04:00,43.3,43.31,43.3,43.31,4570.0,43.309,41
2024-08-19 14:20:00-04:00,43.3,43.34,43.3,43.33,15912.0,43.319,125
2024-08-19 14:25:00-04:00,43.32,43.33,43.28,43.3,12205.0,43.302,95
2024-08-19 14:30:00-04:00,43.3,43.3,43.26,43.27,13726.0,43.279,109
2024-08-19 14:35:00-04:00,43.28,43.28,43.27,43.27,7120.0,43.278,61
2024-08-19 14:40:00-04:00,43.28,43.32,43.28,43.32,14682.0,43.299,109
2024-08-19 14:45:00-04:00,43.32,43.32,43.29,43.3,13845.0,43.305,119
2024-08-19 14:50:00-04:00,43.3,43.3,43.28,43.29,13409.0,43.29,91
2024-08-19 14:55:00-04:00,43.29,43.29,43.26,43.27,14745.0,43.278,121
2024-08-19 15:00:00-04:00,43.28,43.28,43.24,43.24,17887.0,43.264,136
2024-08-19 15:05:00-04:00,43.25,43.29,43.24,43.28,17463.0,43.273,120
2024-08-19 15:10:00-04:00,43.28,43.29,43.27,43.29,16164.0,43.284,124
2024-08-19 15:15:00-04:00,43.29,43.32,43.28,43.32,17012.0,43.297,113
2024-08-19 15:20:00-04:00,43.32,43.47,43.3,43.42,101926.0,43.392,369
2024-08-19 15:25:00-04:00,43.43,43.46,43.4,43.44,27400.0,43.438,145
2024-08-19 15:30:00-04:00,43.44,43.49,43.43,43.46,48022.0,43.467,233
2024-08-19 15:35:00-04:00,43.46,43.53,43.46,43.48,92894.0,43.487,361
2024-08-19 15:40:00-04:00,43.48,43.49,43.43,43.46,40340.0,43.459,208
2024-08-19 15:45:00-04:00,43.46,43.52,43.44,43.45,45173.0,43.472,233
2024-08-19 15:50:00-04:00,43.45,43.5,43.43,43.48,84730.0,43.476,415
2024-08-19 15:55:00-04:00,43.48,43.5,43.36,43.49,204799.0,43.443,995
2024-08-20 09:30:00-04:00,43.0,43.02,42.9,42.93,47494.0,42.974,174
2024-08-20 09:35:00-04:00,42.93,43.11,42.91,43.04,55692.0,43.005,278
2024-08-20 09:40:00-04:00,43.07,43.17,43.02,43.15,21444.0,43.083,129
2024-08-20 09:45:00-04:00,43.15,43.21,43.08,43.16,27960.0,43.14,167
2024-08-20 09:50:00-04:00,43.18,43.18,43.06,43.12,27550.0,43.128,186
2024-08-20 09:55:00-04:00,43.11,43.18,43.1,43.18,17878.0,43.148,114
2024-08-20 10:00:00-04:00,43.18,43.33,43.14,43.22,54436.0,43.242,350
2024-08-20 10:05:00-04:00,43.23,43.34,43.21,43.29,27614.0,43.276,181
2024-08-20 10:10:00-04:00,43.28,43.42,43.21,43.41,113722.0,43.319,609
2024-08-20 10:15:00-04:00,43.41,43.52,43.3,43.47,88261.0,43.449,448
2024-08-20 10:20:00-04:00,43.43,43.43,43.34,43.35,14500.0,43.378,98
2024-08-20 10:25:00-04:00,43.33,43.53,43.31,43.51,37251.0,43.435,211
2024-08-20 10:30:00-04:00,43.5,43.55,43.43,43.46,15175.0,43.498,97
2024-08-20 10:35:00-04:00,43.45,43.51,43.4,43.47,97996.0,43.473,369
2024-08-20 10:40:00-04:00,43.49,43.5,43.42,43.49,41681.0,43.472,247
2024-08-20 10:45:00-04:00,43.46,43.48,43.28,43.28,30374.0,43.359,148
2024-08-20 10:50:00-04:00,43.29,43.29,43.15,43.21,26315.0,43.208,153
2024-08-20 10:55:00-04:00,43.21,43.27,43.16,43.25,102692.0,43.214,401
2024-08-20 11:00:00-04:00,43.25,43.25,43.17,43.21,57561.0,43.227,233
2024-08-20 11:05:00-04:00,43.22,43.27,43.17,43.21,159136.0,43.216,755
2024-08-20 11:10:00-04:00,43.21,43.28,43.2,43.21,73116.0,43.224,287
2024-08-20 11:15:00-04:00,43.22,43.26,43.13,43.17,77844.0,43.212,367
2024-08-20 11:20:00-04:00,43.18,43.24,43.18,43.2,33910.0,43.209,178
2024-08-20 11:25:00-04:00,43.19,43.24,43.16,43.17,58081.0,43.201,311
2024-08-20 11:30:00-04:00,43.17,43.24,43.03,43.06,115204.0,43.161,508
2024-08-20 11:35:00-04:00,43.04,43.15,42.99,43.12,21434.0,43.075,98
2024-08-20 11:40:00-04:00,43.09,43.1,42.93,42.96,13029.0,42.968,79
2024-08-20 11:45:00-04:00,42.95,43.01,42.94,43.0,42862.0,42.995,67
2024-08-20 11:50:00-04:00,43.0,43.09,42.98,43.08,87514.0,43.053,127
2024-08-20 11:55:00-04:00,43.05,43.16,43.04,43.16,24501.0,43.112,143
2024-08-20 12:00:00-04:00,43.15,43.21,43.12,43.21,18680.0,43.169,101
2024-08-20 12:05:00-04:00,43.21,43.21,43.03,43.06,21081.0,43.148,90
2024-08-20 12:10:00-04:00,43.05,43.06,43.01,43.02,7203.0,43.029,43
2024-08-20 12:15:00-04:00,43.02,43.02,42.97,42.98,20073.0,42.994,112
2024-08-20 12:20:00-04:00,42.97,43.01,42.96,43.0,13686.0,42.981,77
2024-08-20 12:25:00-04:00,43.01,43.04,42.99,43.03,7887.0,43.018,44
2024-08-20 12:30:00-04:00,43.03,43.03,42.96,43.0,8189.0,42.986,48
2024-08-20 12:35:00-04:00,43.0,43.02,42.98,43.02,4561.0,42.997,23
2024-08-20 12:40:00-04:00,43.0,43.04,42.99,43.01,8782.0,43.014,51
2024-08-20 12:45:00-04:00,43.0,43.0,42.95,42.99,8085.0,42.976,56
2024-08-20 12:50:00-04:00,42.98,43.01,42.95,42.96,8282.0,42.964,52
2024-08-20 12:55:00-04:00,42.98,43.02,42.95,42.98,6331.0,42.98,35
2024-08-20 13:00:00-04:00,42.96,42.96,42.89,42.9,20686.0,42.934,80
2024-08-20 13:05:00-04:00,42.91,42.92,42.86,42.89,19795.0,42.897,103
2024-08-20 13:10:00-04:00,42.89,42.89,42.69,42.71,33311.0,42.821,135
2024-08-20 13:15:00-04:00,42.7,42.71,42.66,42.66,9840.0,42.687,51
2024-08-20 13:20:00-04:00,42.66,42.67,42.61,42.65,10949.0,42.636,75
2024-08-20 13:25:00-04:00,42.65,42.74,42.64,42.68,9246.0,42.687,47
2024-08-20 13:30:00-04:00,42.67,42.73,42.62,42.7,19214.0,42.685,82
2024-08-20 13:35:00-04:00,42.71,42.71,42.6,42.6,9204.0,42.671,50
2024-08-20 13:40:00-04:00,42.61,42.76,42.6,42.7,25682.0,42.64,110
2024-08-20 13:45:00-04:00,42.71,42.75,42.68,42.75,5600.0,42.705,29
2024-08-20 13:50:00-04:00,42.74,42.79,42.71,42.78,8678.0,42.747,64
2024-08-20 13:55:00-04:00,42.78,42.78,42.74,42.75,12407.0,42.764,73
2024-08-20 14:00:00-04:00,42.76,42.81,42.73,42.81,5481.0,42.759,39
2024-08-20 14:05:00-04:00,42.8,42.88,42.79,42.88,18037.0,42.828,106
2024-08-20 14:10:00-04:00,42.86,42.92,42.85,42.89,24496.0,42.879,157
2024-08-20 14:15:00-04:00,42.9,42.97,42.89,42.93,8860.0,42.928,55
2024-08-20 14:20:00-04:00,42.92,42.95,42.9,42.91,12954.0,42.913,85
2024-08-20 14:25:00-04:00,42.91,42.92,42.89,42.91,20433.0,42.903,135
2024-08-20 14:30:00-04:00,42.91,42.93,42.9,42.93,22691.0,42.904,135
2024-08-20 14:35:00-04:00,42.92,42.92,42.89,42.9,13359.0,42.902,90
2024-08-20 14:40:00-04:00,42.91,42.91,42.77,42.8,38816.0,42.869,231
2024-08-20 14:45:00-04:00,42.8,42.87,42.8,42.87,16819.0,42.824,105
2024-08-20 14:50:00-04:00,42.86,42.88,42.86,42.87,8471.0,42.871,65
2024-08-20 14:55:00-04:00,42.88,42.88,42.87,42.88,10733.0,42.875,71
2024-08-20 15:00:00-04:00,42.88,42.89,42.87,42.89,11650.0,42.879,67
2024-08-20 15:05:00-04:00,42.89,42.91,42.88,42.9,22277.0,42.899,115
2024-08-20 15:10:00-04:00,42.91,42.92,42.89,42.91,18498.0,42.905,107
2024-08-20 15:15:00-04:00,42.91,42.93,42.83,42.85,27384.0,42.882,136
2024-08-20 15:20:00-04:00,42.86,42.86,42.85,42.86,9839.0,42.852,58
2024-08-20 15:25:00-04:00,42.86,42.88,42.85,42.86,17390.0,42.863,85
2024-08-20 15:30:00-04:00,42.86,43.01,42.85,43.0,55568.0,42.939,277
2024-08-20 15:35:00-04:00,43.0,43.04,42.96,43.02,24473.0,43.002,163
2024-08-20 15:40:00-04:00,43.01,43.01,42.91,43.01,24477.0,42.982,154
2024-08-20 15:45:00-04:00,43.0,43.01,42.93,43.0,46652.0,42.99,302
2024-08-20 15:50:00-04:00,43.0,43.06,42.96,43.0,67599.0,43.001,387
2024-08-20 15:55:00-04:00,43.0,43.04,42.95,43.01,147271.0,43.011,854
2024-08-21 09:30:00-04:00,42.94,43.27,42.91,43.0,155847.0,43.073,764
2024-08-21 09:35:00-04:00,43.05,43.2,42.96,43.0,48092.0,43.079,275
2024-08-21 09:40:00-04:00,43.0,43.06,42.84,42.84,109896.0,42.949,580
2024-08-21 09:45:00-04:00,42.84,42.92,42.77,42.82,88941.0,42.873,369
2024-08-21 09:50:00-04:00,42.83,42.84,42.64,42.66,82007.0,42.774,237
2024-08-21 09:55:00-04:00,42.68,42.84,42.68,42.8,153382.0,42.788,631
2024-08-21 10:00:00-04:00,42.8,42.96,42.78,42.96,114666.0,42.849,544
2024-08-21 10:05:00-04:00,42.96,43.06,42.93,43.04,61345.0,42.984,235
2024-08-21 10:10:00-04:00,43.04,43.11,43.02,43.1,27659.0,43.074,189
2024-08-21 10:15:00-04:00,43.1,43.18,43.09,43.18,55093.0,43.144,218
2024-08-21 10:20:00-04:00,43.17,43.5,43.14,43.47,61744.0,43.304,399
2024-08-21 10:25:00-04:00,43.46,43.47,43.27,43.37,40585.0,43.387,153
2024-08-21 10:30:00-04:00,43.38,43.43,43.35,43.39,28410.0,43.391,176
2024-08-21 10:35:00-04:00,43.38,43.5,43.37,43.41,30462.0,43.423,206
2024-08-21 10:40:00-04:00,43.4,43.51,43.39,43.42,20445.0,43.449,146
2024-08-21 10:45:00-04:00,43.42,43.43,43.37,43.38,25371.0,43.399,170
2024-08-21 10:50:00-04:00,43.38,43.39,43.23,43.28,23323.0,43.302,183
2024-08-21 10:55:00-04:00,43.27,43.38,43.22,43.37,16494.0,43.307,134
2024-08-21 11:00:00-04:00,43.37,43.39,43.33,43.37,42259.0,43.356,247
2024-08-21 11:05:00-04:00,43.36,43.39,43.32,43.34,19652.0,43.346,145
2024-08-21 11:10:00-04:00,43.34,43.4,43.34,43.37,25457.0,43.361,181
2024-08-21 11:15:00-04:00,43.36,43.49,43.36,43.47,83478.0,43.431,463
2024-08-21 11:20:00-04:00,43.46,43.49,43.41,43.44,14894.0,43.456,126
2024-08-21 11:25:00-04:00,43.42,43.45,43.37,43.44,48435.0,43.413,311
2024-08-21 11:30:00-04:00,43.44,43.45,43.39,43.41,104261.0,43.423,429
2024-08-21 11:35:00-04:00,43.41,43.45,43.37,43.41,45631.0,43.412,210
2024-08-21 11:40:00-04:00,43.4,43.43,43.34,43.38,27404.0,43.397,165
2024-08-21 11:45:00-04:00,43.39,43.43,43.38,43.42,14035.0,43.406,101
2024-08-21 11:50:00-04:00,43.41,43.44,43.16,43.3,244584.0,43.348,337
2024-08-21 11:55:00-04:00,43.3,43.33,43.29,43.3,12089.0,43.311,44
2024-08-21 12:00:00-04:00,43.3,43.34,43.29,43.32,7377.0,43.303,57
2024-08-21 12:05:00-04:00,43.32,43.35,43.29,43.3,13398.0,43.329,65
2024-08-21 12:10:00-04:00,43.3,43.34,43.3,43.34,3047.0,43.306,26
2024-08-21 12:15:00-04:00,43.32,43.33,43.26,43.26,7776.0,43.297,56
2024-08-21 12:20:00-04:00,43.26,43.3,43.26,43.29,8503.0,43.276,56
2024-08-21 12:25:00-04:00,43.29,43.33,43.28,43.29,22351.0,43.299,119
2024-08-21 12:30:00-04:00,43.29,43.51,43.29,43.45,34129.0,43.432,198
2024-08-21 12:35:00-04:00,43.45,43.55,43.43,43.54,16483.0,43.484,79
2024-08-21 12:40:00-04:00,43.54,43.66,43.52,43.66,27755.0,43.574,123
2024-08-21 12:45:00-04:00,43.66,43.75,43.66,43.75,24160.0,43.692,142
2024-08-21 12:50:00-04:00,43.74,43.75,43.67,43.72,17721.0,43.73,62
2024-08-21 12:55:00-04:00,43.72,43.73,43.63,43.66,6097.0,43.673,46
2024-08-21 13:00:00-04:00,43.66,43.66,43.56,43.66,24508.0,43.626,113
2024-08-21 13:05:00-04:00,43.64,43.65,43.63,43.65,2546.0,43.642,16
2024-08-21 13:10:00-04:00,43.66,43.72,43.65,43.66,23429.0,43.669,99
2024-08-21 13:15:00-04:00,43.65,43.68,43.65,43.67,6810.0,43.669,48
2024-08-21 13:20:00-04:00,43.66,43.75,43.66,43.74,12944.0,43.71,75
2024-08-21 13:25:00-04:00,43.74,43.75,43.65,43.68,27238.0,43.7,109
2024-08-21 13:30:00-04:00,43.67,43.69,43.6,43.62,14385.0,43.66,85
2024-08-21 13:35:00-04:00,43.61,43.61,43.51,43.51,5545.0,43.558,49
2024-08-21 13:40:00-04:00,43.52,43.61,43.51,43.58,16396.0,43.547,101
2024-08-21 13:45:00-04:00,43.61,43.66,43.58,43.59,30569.0,43.623,153
2024-08-21 13:50:00-04:00,43.59,43.59,43.47,43.52,28899.0,43.514,126
2024-08-21 13:55:00-04:00,43.53,43.59,43.53,43.54,7491.0,43.556,52
2024-08-21 14:00:00-04:00,43.55,43.61,43.53,43.59,10500.0,43.575,78
2024-08-21 14:05:00-04:00,43.61,43.68,43.59,43.68,9489.0,43.627,70
2024-08-21 14:10:00-04:00,43.68,43.73,43.64,43.71,45482.0,43.692,186
2024-08-21 14:15:00-04:00,43.69,43.72,43.68,43.71,6307.0,43.696,45
2024-08-21 14:20:00-04:00,43.71,43.72,43.69,43.7,4816.0,43.702,39
2024-08-21 14:25:00-04:00,43.69,43.74,43.68,43.73,9471.0,43.7,64
2024-08-21 14:30:00-04:00,43.73,43.75,43.72,43.73,4889.0,43.731,38
2024-08-21 14:35:00-04:00,43.73,43.73,43.65,43.68,40877.0,43.688,121
2024-08-21 14:40:00-04:00,43.66,43.74,43.66,43.74,13265.0,43.684,78
2024-08-21 14:45:00-04:00,43.73,43.74,43.69,43.7,7962.0,43.706,54
2024-08-21 14:50:00-04:00,43.68,43.75,43.67,43.72,11082.0,43.695,72
2024-08-21 14:55:00-04:00,43.71,43.74,43.68,43.72,10939.0,43.705,68
2024-08-21 15:00:00-04:00,43.72,43.73,43.68,43.72,12642.0,43.702,74
2024-08-21 15:05:00-04:00,43.72,43.74,43.68,43.73,19766.0,43.707,137
2024-08-21 15:10:00-04:00,43.73,43.82,43.73,43.77,28705.0,43.776,164
2024-08-21 15:15:00-04:00,43.77,43.79,43.68,43.78,70972.0,43.741,132
2024-08-21 15:20:00-04:00,43.77,43.88,43.76,43.88,41878.0,43.826,225
2024-08-21 15:25:00-04:00,43.89,43.9,43.81,43.89,26262.0,43.862,164
2024-08-21 15:30:00-04:00,43.88,43.89,43.84,43.89,21984.0,43.859,155
2024-08-21 15:35:00-04:00,43.89,43.9,43.85,43.9,39170.0,43.866,239
2024-08-21 15:40:00-04:00,43.89,43.92,43.84,43.91,51046.0,43.881,249
2024-08-21 15:45:00-04:00,43.92,43.96,43.83,43.88,96785.0,43.886,330
2024-08-21 15:50:00-04:00,43.88,43.99,43.88,43.98,57462.0,43.923,354
2024-08-21 15:55:00-04:00,43.98,44.07,43.95,44.04,328258.0,44.023,1298
2024-08-22 09:30:00-04:00,44.13,44.46,44.12,44.12,27769.0,44.221,92
2024-08-22 09:35:00-04:00,44.12,44.22,44.08,44.16,28300.0,44.167,128
2024-08-22 09:40:00-04:00,44.18,44.21,44.01,44.01,16085.0,44.116,100
2024-08-22 09:45:00-04:00,44.05,44.05,43.76,43.86,23288.0,43.886,124
2024-08-22 09:50:00-04:00,43.84,43.97,43.83,43.9,66853.0,43.889,415
2024-08-22 09:55:00-04:00,43.9,43.97,43.85,43.87,47673.0,43.882,344
2024-08-22 10:00:00-04:00,43.87,43.87,43.72,43.72,44195.0,43.812,204
2024-08-22 10:05:00-04:00,43.72,43.72,43.43,43.52,26215.0,43.584,181
2024-08-22 10:10:00-04:00,43.56,43.71,43.53,43.71,39182.0,43.612,238
2024-08-22 10:15:00-04:00,43.7,43.7,43.64,43.67,91921.0,43.671,287
2024-08-22 10:20:00-04:00,43.67,43.72,43.6,43.71,62852.0,43.682,316
2024-08-22 10:25:00-04:00,43.71,43.84,43.7,43.79,171104.0,43.793,468
2024-08-22 10:30:00-04:00,43.78,43.88,43.78,43.88,77107.0,43.848,357
2024-08-22 10:35:00-04:00,43.87,43.9,43.79,43.87,75098.0,43.861,349
2024-08-22 10:40:00-04:00,43.87,43.92,43.8,43.91,52020.0,43.856,308
2024-08-22 10:45:00-04:00,43.91,43.96,43.9,43.95,37203.0,43.921,238
2024-08-22 10:50:00-04:00,43.95,44.0,43.9,43.98,102660.0,43.946,495
2024-08-22 10:55:00-04:00,43.99,44.18,43.98,44.16,243307.0,44.026,616
2024-08-22 11:00:00-04:00,44.16,44.17,43.98,44.0,110240.0,44.102,538
2024-08-22 11:05:00-04:00,43.99,44.0,43.84,43.91,56846.0,43.905,355
2024-08-22 11:10:00-04:00,43.89,43.98,43.88,43.92,104177.0,43.937,475
2024-08-22 11:15:00-04:00,43.92,43.98,43.87,43.97,175804.0,43.932,764
2024-08-22 11:20:00-04:00,43.96,44.1,43.94,44.1,78734.0,44.038,408
2024-08-22 11:25:00-04:00,44.09,44.1,43.91,43.92,30774.0,43.995,204
2024-08-22 11:30:00-04:00,43.94,43.94,43.8,43.86,133313.0,43.87,784
2024-08-22 11:35:00-04:00,43.86,43.91,43.81,43.91,46652.0,43.855,222
2024-08-22 11:40:00-04:00,43.92,43.94,43.87,43.94,6879.0,43.91,55
2024-08-22 11:45:00-04:00,43.98,43.99,43.88,43.89,6707.0,43.952,50
2024-08-22 11:50:00-04:00,43.89,44.01,43.88,44.01,11386.0,43.968,62
2024-08-22 11:55:00-04:00,44.0,44.0,43.96,44.0,6943.0,43.98,55
2024-08-22 12:00:00-04:00,43.99,44.01,43.93,44.01,9734.0,43.98,81
2024-08-22 12:05:00-04:00,44.01,44.05,44.0,44.04,8265.0,44.031,58
2024-08-22 12:10:00-04:00,44.05,44.11,44.05,44.08,11329.0,44.077,78
2024-08-22 12:15:00-04:00,44.08,44.16,44.07,44.16,8189.0,44.12,63
2024-08-22 12:20:00-04:00,44.16,44.23,44.16,44.23,11555.0,44.192,85
2024-08-22 12:25:00-04:00,44.23,44.33,44.22,44.31,12315.0,44.274,92
2024-08-22 12:30:00-04:00,44.32,44.35,44.29,44.34,14946.0,44.324,110
2024-08-22 12:35:00-04:00,44.34,44.35,44.25,44.25,14255.0,44.31,111
2024-08-22 12:40:00-04:00,44.26,44.3,44.18,44.19,30043.0,44.231,198
2024-08-22 12:45:00-04:00,44.19,44.27,44.17,44.24,29931.0,44.212,158
2024-08-22 12:50:00-04:00,44.23,44.23,44.15,44.15,7000.0,44.189,57
2024-08-22 12:55:00-04:00,44.14,44.27,44.13,44.26,30409.0,44.19,171
2024-08-22 13:00:00-04:00,44.26,44.27,44.2,44.2,14848.0,44.229,117
2024-08-22 13:05:00-04:00,44.19,44.2,44.14,44.18,32728.0,44.162,91
2024-08-22 13:10:00-04:00,44.18,44.26,44.12,44.13,24654.0,44.197,130
2024-08-22 13:15:00-04:00,44.14,44.21,44.14,44.21,9380.0,44.192,57
2024-08-22 13:20:00-04:00,44.21,44.22,44.14,44.15,12573.0,44.185,74
2024-08-22 13:25:00-04:00,44.13,44.17,44.09,44.1,30130.0,44.128,136
2024-08-22 13:30:00-04:00,44.08,44.09,43.96,44.04,11867.0,44.017,83
2024-08-22 13:35:00-04:00,44.04,44.11,44.03,44.06,7285.0,44.064,61
2024-08-22 13:40:00-04:00,44.07,44.13,44.07,44.12,6368.0,44.108,40
2024-08-22 13:45:00-04:00,44.12,44.12,44.03,44.04,6865.0,44.091,53
2024-08-22 13:50:00-04:00,44.04,44.06,43.96,43.96,6598.0,44.013,55
2024-08-22 13:55:00-04:00,43.97,43.98,43.92,43.97,6888.0,43.946,57
2024-08-22 14:00:00-04:00,43.98,44.0,43.94,43.99,10169.0,43.976,84
2024-08-22 14:05:00-04:00,43.99,44.06,43.98,44.05,18437.0,44.01,66
2024-08-22 14:10:00-04:00,44.05,44.06,44.0,44.04,8843.0,44.039,67
2024-08-22 14:15:00-04:00,44.04,44.04,44.02,44.04,8320.0,44.026,55
2024-08-22 14:20:00-04:00,44.04,44.05,43.98,43.98,9204.0,44.018,64
2024-08-22 14:25:00-04:00,43.98,44.0,43.97,44.0,6981.0,43.986,55
2024-08-22 14:30:00-04:00,44.01,44.02,43.98,44.02,8503.0,43.997,60
2024-08-22 14:35:00-04:00,44.02,44.02,43.99,44.0,7860.0,44.001,55
2024-08-22 14:40:00-04:00,43.99,44.01,43.98,44.0,12148.0,43.991,88
2024-08-22 14:45:00-04:00,44.01,44.01,43.98,43.98,10707.0,43.993,81
2024-08-22 14:50:00-04:00,43.98,43.99,43.96,43.97,9447.0,43.976,78
2024-08-22 14:55:00-04:00,43.97,43.97,43.91,43.92,12489.0,43.954,101
2024-08-22 15:00:00-04:00,43.91,43.99,43.91,43.95,15680.0,43.951,119
2024-08-22 15:05:00-04:00,43.94,43.95,43.92,43.93,5773.0,43.932,50
2024-08-22 15:10:00-04:00,43.93,43.94,43.91,43.94,9284.0,43.924,71
2024-08-22 15:15:00-04:00,43.94,43.94,43.87,43.89,25674.0,43.913,179
2024-08-22 15:20:00-04:00,43.89,43.89,43.81,43.82,21485.0,43.843,140
2024-08-22 15:25:00-04:00,43.82,43.91,43.81,43.87,51886.0,43.865,202
2024-08-22 15:30:00-04:00,43.87,43.94,43.85,43.9,36807.0,43.894,239
2024-08-22 15:35:00-04:00,43.9,43.93,43.88,43.9,25252.0,43.904,173
2024-08-22 15:40:00-04:00,43.9,43.92,43.85,43.86,58516.0,43.896,295
2024-08-22 15:45:00-04:00,43.86,43.92,43.85,43.9,34282.0,43.882,217
2024-08-22 15:50:00-04:00,43.89,43.95,43.87,43.9,127072.0,43.891,605
2024-08-22 15:55:00-04:00,43.91,43.91,43.68,43.79,259926.0,43.763,1214
2024-08-23 09:30:00-04:00,44.61,44.62,44.48,44.61,34715.0,44.588,65
2024-08-23 09:35:00-04:00,44.61,44.7,44.51,44.52,30977.0,44.581,144
2024-08-23 09:40:00-04:00,44.5,44.65,44.45,44.61,20131.0,44.533,67
2024-08-23 09:45:00-04:00,44.59,44.72,44.59,44.7,26784.0,44.659,101
2024-08-23 09:50:00-04:00,44.71,44.72,44.52,44.62,46145.0,44.64,255
2024-08-23 09:55:00-04:00,44.62,44.72,44.56,44.69,99927.0,44.604,239
2024-08-23 10:00:00-04:00,44.73,44.98,44.69,44.91,37180.0,44.875,276
2024-08-23 10:05:00-04:00,44.91,45.0,44.75,44.89,71341.0,44.866,267
2024-08-23 10:10:00-04:00,44.9,44.97,44.88,44.88,9036.0,44.923,63
2024-08-23 10:15:00-04:00,44.88,44.93,44.76,44.78,41872.0,44.845,155
2024-08-23 10:20:00-04:00,44.79,44.98,44.79,44.95,39712.0,44.893,152
2024-08-23 10:25:00-04:00,44.96,45.18,44.93,45.13,83151.0,45.027,272
2024-08-23 10:30:00-04:00,45.13,45.24,45.08,45.09,72818.0,45.182,280
2024-08-23 10:35:00-04:00,45.08,45.1,44.93,44.97,57300.0,44.985,246
2024-08-23 10:40:00-04:00,44.96,45.03,44.9,44.98,68314.0,44.988,205
2024-08-23 10:45:00-04:00,44.96,44.96,44.69,44.69,23835.0,44.824,145
2024-08-23 10:50:00-04:00,44.72,44.8,44.7,44.8,17940.0,44.766,76
2024-08-23 10:55:00-04:00,44.8,44.92,44.8,44.91,25804.0,44.856,84
2024-08-23 11:00:00-04:00,44.9,44.93,44.83,44.91,12061.0,44.883,80
2024-08-23 11:05:00-04:00,44.93,44.98,44.8,44.93,40588.0,44.872,188
2024-08-23 11:10:00-04:00,44.96,45.0,44.88,45.0,4419.0,44.937,37
2024-08-23 11:15:00-04:00,45.0,45.03,44.93,45.03,40334.0,44.974,145
2024-08-23 11:20:00-04:00,45.0,45.02,44.99,45.01,5831.0,45.008,30
2024-08-23 11:25:00-04:00,45.01,45.04,44.98,45.02,15844.0,45.005,80
2024-08-23 11:30:00-04:00,45.02,45.04,45.0,45.03,8551.0,45.025,58
2024-08-23 11:35:00-04:00,45.03,45.09,44.94,45.06,62239.0,44.998,179
2024-08-23 11:40:00-04:00,45.08,45.09,44.95,45.01,18518.0,45.002,63
2024-08-23 11:45:00-04:00,44.98,45.06,44.95,45.06,15125.0,44.993,61
2024-08-23 11:50:00-04:00,45.04,45.05,44.97,44.99,19172.0,45.0,62
2024-08-23 11:55:00-04:00,45.03,45.03,44.83,44.84,67029.0,44.904,163
2024-08-23 12:00:00-04:00,44.84,44.92,44.7,44.92,67974.0,44.822,137
2024-08-23 12:05:00-04:00,44.94,45.06,44.92,45.04,46515.0,44.969,110
2024-08-23 12:10:00-04:00,45.05,45.1,45.0,45.04,14428.0,45.056,74
2024-08-23 12:15:00-04:00,45.05,45.09,44.99,45.09,7842.0,45.035,40
2024-08-23 12:20:00-04:00,45.08,45.08,44.98,45.0,13728.0,45.029,68
2024-08-23 12:25:00-04:00,44.98,45.06,44.93,45.03,20499.0,45.007,68
2024-08-23 12:30:00-04:00,45.0,45.06,45.0,45.05,7561.0,45.022,41
2024-08-23 12:35:00-04:00,45.06,45.07,45.02,45.05,10464.0,45.047,56
2024-08-23 12:40:00-04:00,45.04,45.05,44.93,44.96,12305.0,44.994,79
2024-08-23 12:45:00-04:00,44.97,45.01,44.91,45.0,16626.0,44.987,41
2024-08-23 12:50:00-04:00,45.0,45.01,44.96,44.97,10509.0,44.985,79
2024-08-23 12:55:00-04:00,44.97,45.06,44.97,45.02,5235.0,45.024,29
2024-08-23 13:00:00-04:00,45.01,45.02,44.98,45.01,3590.0,45.011,30
2024-08-23 13:05:00-04:00,45.02,45.04,44.97,44.97,6019.0,45.016,46
2024-08-23 13:10:00-04:00,44.98,45.02,44.96,45.02,6087.0,44.991,37
2024-08-23 13:15:00-04:00,45.04,45.04,44.96,44.96,18737.0,45.005,70
2024-08-23 13:20:00-04:00,44.96,45.03,44.88,44.9,50736.0,44.933,139
2024-08-23 13:25:00-04:00,44.93,45.02,44.9,44.97,17076.0,44.949,98
2024-08-23 13:30:00-04:00,44.97,45.07,44.96,45.05,6566.0,45.011,48
2024-08-23 13:35:00-04:00,45.03,45.09,45.03,45.09,10526.0,45.066,78
2024-08-23 13:40:00-04:00,45.09,45.13,45.06,45.12,15148.0,45.098,82
2024-08-23 13:45:00-04:00,45.12,45.12,44.92,44.98,49804.0,44.954,142
2024-08-23 13:50:00-04:00,44.99,45.02,44.99,45.02,2391.0,45.009,16
2024-08-23 13:55:00-04:00,45.02,45.04,44.94,45.04,46072.0,44.975,156
2024-08-23 14:00:00-04:00,45.04,45.12,45.04,45.11,5855.0,45.076,44
2024-08-23 14:05:00-04:00,45.09,45.1,45.05,45.09,4269.0,45.082,34
2024-08-23 14:10:00-04:00,45.08,45.09,44.72,45.02,56816.0,44.869,177
2024-08-23 14:15:00-04:00,45.02,45.04,45.0,45.04,6121.0,45.016,43
2024-08-23 14:20:00-04:00,45.03,45.03,44.95,45.03,7013.0,45.009,49
2024-08-23 14:25:00-04:00,45.03,45.04,44.94,45.04,40462.0,44.964,90
2024-08-23 14:30:00-04:00,45.02,45.03,45.01,45.02,6107.0,45.019,55
2024-08-23 14:35:00-04:00,45.02,45.03,44.83,44.95,55122.0,44.898,199
2024-08-23 14:40:00-04:00,44.98,45.05,44.98,45.03,6087.0,45.009,48
2024-08-23 14:45:00-04:00,45.02,45.06,44.93,44.97,41300.0,44.966,125
2024-08-23 14:50:00-04:00,44.97,45.01,44.94,44.95,9859.0,44.974,71
2024-08-23 14:55:00-04:00,44.96,44.98,44.92,44.95,6388.0,44.945,51
2024-08-23 15:00:00-04:00,44.94,44.94,44.67,44.81,83513.0,44.749,341
2024-08-23 15:05:00-04:00,44.8,44.93,44.8,44.91,45315.0,44.844,206
2024-08-23 15:10:00-04:00,44.88,44.98,44.88,44.97,7290.0,44.94,44
2024-08-23 15:15:00-04:00,44.98,45.03,44.97,45.02,11905.0,44.999,89
2024-08-23 15:20:00-04:00,45.02,45.1,45.01,45.08,13280.0,45.061,82
2024-08-23 15:25:00-04:00,45.08,45.18,45.07,45.16,46196.0,45.134,175
2024-08-23 15:30:00-04:00,45.16,45.19,45.11,45.14,27929.0,45.146,178
2024-08-23 15:35:00-04:00,45.14,45.18,45.06,45.18,52148.0,45.138,218
2024-08-23 15:40:00-04:00,45.18,45.24,45.13,45.2,31286.0,45.186,155
2024-08-23 15:45:00-04:00,45.21,45.29,45.2,45.29,46682.0,45.237,262
2024-08-23 15:50:00-04:00,45.29,45.39,45.26,45.32,57341.0,45.312,313
2024-08-23 15:55:00-04:00,45.32,45.36,45.23,45.31,170255.0,45.302,781
2024-08-26 09:30:00-04:00,45.55,46.28,45.43,45.94,34509.0,45.828,142
2024-08-26 09:35:00-04:00,45.89,46.14,45.85,46.04,12834.0,46.006,78
2024-08-26 09:40:00-04:00,46.04,46.23,46.04,46.23,11999.0,46.134,71
2024-08-26 09:45:00-04:00,46.24,46.48,46.24,46.45,25399.0,46.396,164
2024-08-26 09:50:00-04:00,46.44,46.44,46.28,46.32,47513.0,46.341,161
2024-08-26 09:55:00-04:00,46.31,46.36,46.27,46.36,10871.0,46.309,90
2024-08-26 10:00:00-04:00,46.37,46.48,46.28,46.33,25207.0,46.393,171
2024-08-26 10:05:00-04:00,46.35,46.52,46.34,46.45,31730.0,46.423,163
2024-08-26 10:10:00-04:00,46.45,46.45,46.15,46.17,9153.0,46.275,63
2024-08-26 10:15:00-04:00,46.17,46.18,46.07,46.13,9129.0,46.127,60
2024-08-26 10:20:00-04:00,46.12,46.21,46.08,46.16,10140.0,46.136,88
2024-08-26 10:25:00-04:00,46.17,46.18,46.04,46.12,12981.0,46.113,94
2024-08-26 10:30:00-04:00,46.11,46.12,46.05,46.08,8650.0,46.082,55
2024-08-26 10:35:00-04:00,46.07,46.09,45.98,45.99,23333.0,46.025,104
2024-08-26 10:40:00-04:00,45.97,46.05,45.91,45.91,12164.0,45.992,85
2024-08-26 10:45:00-04:00,45.93,45.97,45.88,45.88,8410.0,45.937,65
2024-08-26 10:50:00-04:00,45.88,45.88,45.81,45.84,12484.0,45.844,80
2024-08-26 10:55:00-04:00,45.84,45.88,45.79,45.86,19260.0,45.833,144
2024-08-26 11:00:00-04:00,45.86,45.86,45.76,45.76,9304.0,45.808,76
2024-08-26 11:05:00-04:00,45.77,45.86,45.76,45.78,7278.0,45.808,59
2024-08-26 11:10:00-04:00,45.78,45.78,45.73,45.76,7435.0,45.75,52
2024-08-26 11:15:00-04:00,45.76,45.81,45.66,45.8,22001.0,45.728,144
2024-08-26 11:20:00-04:00,45.78,45.79,45.7,45.78,15105.0,45.736,88
2024-08-26 11:25:00-04:00,45.79,45.81,45.72,45.72,38736.0,45.767,224
2024-08-26 11:30:00-04:00,45.72,45.74,45.68,45.71,20646.0,45.703,148
2024-08-26 11:35:00-04:00,45.71,45.76,45.68,45.71,19386.0,45.716,144
2024-08-26 11:40:00-04:00,45.71,45.79,45.7,45.73,10917.0,45.733,81
2024-08-26 11:45:00-04:00,45.72,45.76,45.6,45.75,21963.0,45.708,144
2024-08-26 11:50:00-04:00,45.74,45.74,45.65,45.66,25411.0,45.689,187
2024-08-26 11:55:00-04:00,45.66,45.88,45.66,45.88,12575.0,45.752,90
2024-08-26 12:00:00-04:00,45.88,45.95,45.82,45.95,10159.0,45.886,53
2024-08-26 12:05:00-04:00,45.96,45.99,45.9,45.96,7886.0,45.96,64
2024-08-26 12:10:00-04:00,45.95,45.98,45.9,45.95,8639.0,45.939,72
2024-08-26 12:15:00-04:00,45.98,45.99,45.91,45.99,6343.0,45.961,47
2024-08-26 12:20:00-04:00,46.0,46.08,46.0,46.0,16602.0,46.032,106
2024-08-26 12:25:00-04:00,45.98,46.0,45.98,45.98,3605.0,45.992,22
2024-08-26 12:30:00-04:00,45.99,46.11,45.96,46.0,18336.0,46.037,136
2024-08-26 12:35:00-04:00,46.0,46.12,45.99,46.12,9612.0,46.057,66
2024-08-26 12:40:00-04:00,46.13,46.13,46.04,46.09,11495.0,46.06,64
2024-08-26 12:45:00-04:00,46.1,46.1,46.05,46.05,8666.0,46.08,73
2024-08-26 12:50:00-04:00,46.07,46.1,46.0,46.07,9964.0,46.055,69
2024-08-26 12:55:00-04:00,46.08,46.14,46.06,46.08,9996.0,46.093,61
2024-08-26 13:00:00-04:00,46.1,46.16,46.09,46.15,13673.0,46.118,93
2024-08-26 13:05:00-04:00,46.14,46.14,46.0,46.06,25041.0,46.076,136
2024-08-26 13:10:00-04:00,46.05,46.11,46.03,46.11,12531.0,46.085,79
2024-08-26 13:15:00-04:00,46.12,46.12,46.1,46.12,4176.0,46.111,32
2024-08-26 13:20:00-04:00,46.12,46.13,46.05,46.13,6540.0,46.095,48
2024-08-26 13:25:00-04:00,46.13,46.22,46.13,46.2,28845.0,46.17,144
2024-08-26 13:30:00-04:00,46.21,46.29,46.2,46.27,19561.0,46.225,123
2024-08-26 13:35:00-04:00,46.27,46.27,46.19,46.19,20464.0,46.242,158
2024-08-26 13:40:00-04:00,46.17,46.26,46.17,46.23,12342.0,46.237,91
2024-08-26 13:45:00-04:00,46.21,46.25,46.17,46.22,21495.0,46.207,130
2024-08-26 13:50:00-04:00,46.23,46.28,46.23,46.24,10780.0,46.257,81
2024-08-26 13:55:00-04:00,46.23,46.28,46.23,46.26,9974.0,46.261,70
2024-08-26 14:00:00-04:00,46.26,46.3,46.26,46.28,7231.0,46.28,58
2024-08-26 14:05:00-04:00,46.28,46.28,46.21,46.27,14364.0,46.251,106
2024-08-26 14:10:00-04:00,46.28,46.34,46.27,46.32,12171.0,46.306,95
2024-08-26 14:15:00-04:00,46.31,46.35,46.3,46.34,8382.0,46.32,57
2024-08-26 14:20:00-04:00,46.34,46.37,46.3,46.3,23074.0,46.328,147
2024-08-26 14:25:00-04:00,46.3,46.38,46.29,46.33,15865.0,46.346,112
2024-08-26 14:30:00-04:00,46.33,46.33,46.26,46.26,29815.0,46.301,183
2024-08-26 14:35:00-04:00,46.28,46.32,46.27,46.29,8721.0,46.303,64
2024-08-26 14:40:00-04:00,46.29,46.43,46.29,46.42,33578.0,46.359,229
2024-08-26 14:45:00-04:00,46.43,46.44,46.31,46.34,16870.0,46.389,122
2024-08-26 14:50:00-04:00,46.33,46.36,46.3,46.3,11473.0,46.333,85
2024-08-26 14:55:00-04:00,46.3,46.33,46.28,46.29,11072.0,46.311,90
2024-08-26 15:00:00-04:00,46.28,46.28,46.17,46.19,14749.0,46.216,111
2024-08-26 15:05:00-04:00,46.2,46.25,46.18,46.25,9296.0,46.218,80
2024-08-26 15:10:00-04:00,46.24,46.24,46.18,46.23,20395.0,46.208,128
2024-08-26 15:15:00-04:00,46.23,46.28,46.21,46.27,7335.0,46.235,66
2024-08-26 15:20:00-04:00,46.27,46.28,46.24,46.26,27252.0,46.255,186
2024-08-26 15:25:00-04:00,46.26,46.33,46.26,46.32,31653.0,46.303,197
2024-08-26 15:30:00-04:00,46.31,46.32,46.19,46.2,30393.0,46.277,166
2024-08-26 15:35:00-04:00,46.2,46.21,46.16,46.16,24546.0,46.193,194
2024-08-26 15:40:00-04:00,46.16,46.28,46.15,46.28,70895.0,46.237,344
2024-08-26 15:45:00-04:00,46.28,46.38,46.26,46.35,52811.0,46.307,402
2024-08-26 15:50:00-04:00,46.35,46.36,46.12,46.13,69976.0,46.239,443
2024-08-26 15:55:00-04:00,46.12,46.22,46.04,46.21,272409.0,46.124,1305
2024-08-27 09:30:00-04:00,46.26,46.56,46.26,46.48,90007.0,46.389,305
2024-08-27 09:35:00-04:00,46.48,46.55,46.36,46.39,41309.0,46.445,189
2024-08-27 09:40:00-04:00,46.39,46.58,46.32,46.57,48756.0,46.418,203
2024-08-27 09:45:00-04:00,46.56,46.56,46.37,46.42,45440.0,46.412,198
2024-08-27 09:50:00-04:00,46.43,46.43,46.32,46.38,25435.0,46.38,159
2024-08-27 09:55:00-04:00,46.38,46.51,46.37,46.46,55522.0,46.443,281
2024-08-27 10:00:00-04:00,46.48,46.48,46.45,46.46,52777.0,46.462,156
2024-08-27 10:05:00-04:00,46.46,46.54,46.37,46.47,17887.0,46.453,112
2024-08-27 10:10:00-04:00,46.48,46.49,46.39,46.4,10437.0,46.423,71
2024-08-27 10:15:00-04:00,46.4,46.46,46.36,46.43,19109.0,46.402,109
2024-08-27 10:20:00-04:00,46.43,46.51,46.43,46.49,12792.0,46.47,70
2024-08-27 10:25:00-04:00,46.5,46.55,46.44,46.55,15773.0,46.488,102
2024-08-27 10:30:00-04:00,46.55,46.57,46.51,46.55,14893.0,46.545,89
2024-08-27 10:35:00-04:00,46.55,46.62,46.53,46.62,23377.0,46.571,140
2024-08-27 10:40:00-04:00,46.62,46.78,46.6,46.78,37097.0,46.698,198
2024-08-27 10:45:00-04:00,46.78,46.79,46.58,46.64,41239.0,46.665,152
2024-08-27 10:50:00-04:00,46.63,46.69,46.6,46.69,12571.0,46.638,93
2024-08-27 10:55:00-04:00,46.69,46.71,46.61,46.65,12153.0,46.675,93
2024-08-27 11:00:00-04:00,46.66,46.74,46.66,46.73,12957.0,46.691,84
2024-08-27 11:05:00-04:00,46.74,46.83,46.73,46.82,52794.0,46.784,296
2024-08-27 11:10:00-04:00,46.82,46.82,46.69,46.7,41058.0,46.769,210
2024-08-27 11:15:00-04:00,46.69,46.74,46.64,46.68,13045.0,46.698,90
2024-08-27 11:20:00-04:00,46.68,46.71,46.59,46.59,19442.0,46.683,125
2024-08-27 11:25:00-04:00,46.58,46.59,46.4,46.45,15191.0,46.49,102
2024-08-27 11:30:00-04:00,46.4,46.43,46.33,46.35,10949.0,46.402,79
2024-08-27 11:35:00-04:00,46.35,46.42,46.34,46.4,18842.0,46.378,98
2024-08-27 11:40:00-04:00,46.39,46.43,46.36,46.37,14569.0,46.388,86
2024-08-27 11:45:00-04:00,46.36,46.4,46.36,46.4,4778.0,46.391,32
2024-08-27 11:50:00-04:00,46.39,46.42,46.36,46.41,16241.0,46.39,110
2024-08-27 11:55:00-04:00,46.41,46.41,46.36,46.36,14828.0,46.385,80
2024-08-27 12:00:00-04:00,46.34,46.34,46.18,46.18,5563.0,46.249,39
2024-08-27 12:05:00-04:00,46.18,46.25,46.17,46.18,33147.0,46.206,138
2024-08-27 12:10:00-04:00,46.18,46.2,46.15,46.2,4594.0,46.176,36
2024-08-27 12:15:00-04:00,46.2,46.2,46.09,46.1,2842.0,46.156,28
2024-08-27 12:20:00-04:00,46.1,46.1,45.93,45.96,22930.0,46.019,107
2024-08-27 12:25:00-04:00,45.95,45.98,45.94,45.97,9892.0,45.962,63
2024-08-27 12:30:00-04:00,45.97,45.98,45.9,45.98,5985.0,45.949,44
2024-08-27 12:35:00-04:00,45.98,46.0,45.9,45.94,5190.0,45.954,44
2024-08-27 12:40:00-04:00,45.95,45.95,45.86,45.88,3142.0,45.893,26
2024-08-27 12:45:00-04:00,45.89,45.99,45.89,45.96,5649.0,45.934,48
2024-08-27 12:50:00-04:00,45.95,45.99,45.95,45.98,2097.0,45.97,17
2024-08-27 12:55:00-04:00,45.98,45.99,45.94,45.94,9678.0,45.954,55
2024-08-27 13:00:00-04:00,45.94,46.0,45.94,46.0,10427.0,45.972,70
2024-08-27 13:05:00-04:00,46.01,46.03,45.95,45.95,7844.0,45.977,53
2024-08-27 13:10:00-04:00,45.95,46.0,45.9,45.99,13232.0,45.947,88
2024-08-27 13:15:00-04:00,46.0,46.0,45.95,45.96,6414.0,45.968,47
2024-08-27 13:20:00-04:00,45.96,45.98,45.95,45.95,7852.0,45.964,55
2024-08-27 13:25:00-04:00,45.96,46.0,45.95,45.99,5477.0,45.97,38
2024-08-27 13:30:00-04:00,46.0,46.12,45.99,46.1,20804.0,46.06,135
2024-08-27 13:35:00-04:00,46.1,46.18,46.1,46.11,48543.0,46.131,212
2024-08-27 13:40:00-04:00,46.16,46.17,46.15,46.17,14794.0,46.159,89
2024-08-27 13:45:00-04:00,46.18,46.2,46.16,46.16,16359.0,46.185,77
2024-08-27 13:50:00-04:00,46.16,46.26,46.16,46.25,43780.0,46.215,220
2024-08-27 13:55:00-04:00,46.26,46.32,46.26,46.27,30182.0,46.291,158
2024-08-27 14:00:00-04:00,46.26,46.28,46.19,46.23,10862.0,46.228,69
2024-08-27 14:05:00-04:00,46.23,46.3,46.23,46.25,38338.0,46.272,166
2024-08-27 14:10:00-04:00,46.28,46.29,46.25,46.26,13137.0,46.276,83
2024-08-27 14:15:00-04:00,46.26,46.28,46.21,46.28,21006.0,46.252,149
2024-08-27 14:20:00-04:00,46.27,46.28,46.24,46.25,10505.0,46.26,71
2024-08-27 14:25:00-04:00,46.25,46.26,46.24,46.25,4541.0,46.25,39
2024-08-27 14:30:00-04:00,46.25,46.26,46.2,46.21,15154.0,46.235,113
2024-08-27 14:35:00-04:00,46.21,46.23,46.17,46.19,12160.0,46.21,90
2024-08-27 14:40:00-04:00,46.19,46.24,46.16,46.23,15182.0,46.19,91
2024-08-27 14:45:00-04:00,46.22,46.27,46.22,46.26,8467.0,46.249,58
2024-08-27 14:50:00-04:00,46.26,46.3,46.25,46.3,14319.0,46.271,88
2024-08-27 14:55:00-04:00,46.3,46.3,46.21,46.24,13167.0,46.265,97
2024-08-27 15:00:00-04:00,46.24,46.34,46.24,46.33,20591.0,46.271,142
2024-08-27 15:05:00-04:00,46.34,46.44,46.31,46.43,53022.0,46.386,272
2024-08-27 15:10:00-04:00,46.43,46.46,46.4,46.4,37964.0,46.428,237
2024-08-27 15:15:00-04:00,46.41,46.53,46.4,46.53,60714.0,46.476,369
2024-08-27 15:20:00-04:00,46.53,46.53,46.46,46.46,43619.0,46.497,260
2024-08-27 15:25:00-04:00,46.47,46.55,46.45,46.5,39057.0,46.485,237
2024-08-27 15:30:00-04:00,46.55,46.56,46.49,46.52,29090.0,46.518,189
2024-08-27 15:35:00-04:00,46.54,46.58,46.5,46.53,83582.0,46.541,418
2024-08-27 15:40:00-04:00,46.53,46.68,46.52,46.68,81710.0,46.621,459
2024-08-27 15:45:00-04:00,46.68,46.74,46.63,46.66,144777.0,46.684,784
2024-08-27 15:50:00-04:00,46.64,46.68,46.55,46.6,178171.0,46.608,1089
2024-08-27 15:55:00-04:00,46.6,46.9,46.59,46.9,410561.0,46.8,1481
2024-08-28 09:30:00-04:00,46.36,46.6,46.36,46.56,116626.0,46.458,528
2024-08-28 09:35:00-04:00,46.54,46.56,46.45,46.51,76912.0,46.503,433
2024-08-28 09:40:00-04:00,46.5,46.52,46.45,46.51,59944.0,46.482,340
2024-08-28 09:45:00-04:00,46.51,46.56,46.48,46.49,39084.0,46.521,251
2024-08-28 09:50:00-04:00,46.49,46.69,46.49,46.69,74309.0,46.594,384
2024-08-28 09:55:00-04:00,46.68,46.77,46.65,46.74,63767.0,46.72,429
2024-08-28 10:00:00-04:00,46.75,46.87,46.69,46.87,89388.0,46.768,531
2024-08-28 10:05:00-04:00,46.86,46.98,46.86,46.94,48999.0,46.926,311
2024-08-28 10:10:00-04:00,46.94,46.96,46.78,46.78,23931.0,46.868,199
2024-08-28 10:15:00-04:00,46.79,46.79,46.59,46.71,79269.0,46.71,530
2024-08-28 10:20:00-04:00,46.71,46.81,46.7,46.78,45035.0,46.768,286
2024-08-28 10:25:00-04:00,46.79,46.86,46.75,46.83,31766.0,46.814,200
2024-08-28 10:30:00-04:00,46.84,46.86,46.8,46.81,24295.0,46.84,166
2024-08-28 10:35:00-04:00,46.82,46.87,46.8,46.86,25137.0,46.842,182
2024-08-28 10:40:00-04:00,46.85,46.85,46.81,46.83,27486.0,46.821,194
2024-08-28 10:45:00-04:00,46.82,46.85,46.79,46.84,40009.0,46.817,269
2024-08-28 10:50:00-04:00,46.84,46.97,46.84,46.87,41348.0,46.887,310
2024-08-28 10:55:00-04:00,46.88,46.89,46.85,46.86,38542.0,46.864,283
2024-08-28 11:00:00-04:00,46.85,46.92,46.85,46.87,66681.0,46.869,394
2024-08-28 11:05:00-04:00,46.87,46.9,46.78,46.87,62590.0,46.85,409
2024-08-28 11:10:00-04:00,46.87,46.9,46.82,46.84,33181.0,46.868,223
2024-08-28 11:15:00-04:00,46.84,46.89,46.8,46.85,69856.0,46.854,468
2024-08-28 11:20:00-04:00,46.85,46.89,46.8,46.86,43346.0,46.853,278
2024-08-28 11:25:00-04:00,46.86,46.89,46.85,46.89,28423.0,46.858,222
2024-08-28 11:30:00-04:00,46.88,46.89,46.78,46.79,61660.0,46.849,472
2024-08-28 11:35:00-04:00,46.78,46.84,46.77,46.79,40049.0,46.799,220
2024-08-28 11:40:00-04:00,46.79,46.79,46.69,46.74,9829.0,46.74,75
2024-08-28 11:45:00-04:00,46.73,46.77,46.72,46.76,13215.0,46.748,109
2024-08-28 11:50:00-04:00,46.76,46.83,46.75,46.81,20505.0,46.786,143
2024-08-28 11:55:00-04:00,46.82,46.84,46.75,46.82,35847.0,46.816,155
2024-08-28 12:00:00-04:00,46.82,46.85,46.8,46.82,39666.0,46.816,145
2024-08-28 12:05:00-04:00,46.82,46.85,46.79,46.81,13438.0,46.827,103
2024-08-28 12:10:00-04:00,46.81,46.81,46.74,46.78,12880.0,46.777,81
2024-08-28 12:15:00-04:00,46.78,46.8,46.68,46.72,51322.0,46.756,163
2024-08-28 12:20:00-04:00,46.72,46.72,46.6,46.64,60555.0,46.694,226
2024-08-28 12:25:00-04:00,46.64,46.77,46.61,46.75,27323.0,46.679,143
2024-08-28 12:30:00-04:00,46.74,46.74,46.7,46.71,7703.0,46.716,64
2024-08-28 12:35:00-04:00,46.71,46.71,46.66,46.67,38590.0,46.696,143
2024-08-28 12:40:00-04:00,46.67,46.85,46.67,46.83,17236.0,46.74,102
2024-08-28 12:45:00-04:00,46.82,46.82,46.76,46.8,8162.0,46.792,57
2024-08-28 12:50:00-04:00,46.79,46.98,46.78,46.96,41531.0,46.9,263
2024-08-28 12:55:00-04:00,46.95,46.95,46.92,46.93,13589.0,46.943,70
2024-08-28 13:00:00-04:00,46.94,46.95,46.89,46.89,14509.0,46.93,79
2024-08-28 13:05:00-04:00,46.86,46.87,46.78,46.85,14758.0,46.839,77
2024-08-28 13:10:00-04:00,46.86,46.93,46.85,46.9,14011.0,46.901,121
2024-08-28 13:15:00-04:00,46.9,46.95,46.9,46.91,26768.0,46.915,152
2024-08-28 13:20:00-04:00,46.9,46.94,46.9,46.91,13643.0,46.926,96
2024-08-28 13:25:00-04:00,46.91,46.95,46.9,46.95,41372.0,46.919,213
2024-08-28 13:30:00-04:00,46.94,47.1,46.94,47.02,54111.0,47.005,237
2024-08-28 13:35:00-04:00,47.02,47.09,47.01,47.02,16383.0,47.038,121
2024-08-28 13:40:00-04:00,47.02,47.06,47.0,47.06,32217.0,47.037,173
2024-08-28 13:45:00-04:00,47.06,47.15,47.06,47.06,21778.0,47.121,159
2024-08-28 13:50:00-04:00,47.06,47.13,47.05,47.05,30265.0,47.093,186
2024-08-28 13:55:00-04:00,47.05,47.06,47.01,47.03,38402.0,47.033,209
2024-08-28 14:00:00-04:00,47.03,47.09,47.03,47.04,36409.0,47.045,221
2024-08-28 14:05:00-04:00,47.04,47.09,47.04,47.07,12838.0,47.058,95
2024-08-28 14:10:00-04:00,47.06,47.09,47.0,47.09,43638.0,47.038,182
2024-08-28 14:15:00-04:00,47.09,47.11,47.03,47.03,18956.0,47.051,98
2024-08-28 14:20:00-04:00,47.03,47.04,47.03,47.03,18614.0,47.033,89
2024-08-28 14:25:00-04:00,47.03,47.06,47.01,47.03,28142.0,47.031,121
2024-08-28 14:30:00-04:00,47.03,47.14,47.0,47.13,90054.0,47.033,470
2024-08-28 14:35:00-04:00,47.13,47.14,47.06,47.11,11753.0,47.094,92
2024-08-28 14:40:00-04:00,47.11,47.16,47.1,47.16,17807.0,47.131,106
2024-08-28 14:45:00-04:00,47.16,47.18,47.12,47.17,16819.0,47.149,133
2024-08-28 14:50:00-04:00,47.17,47.32,47.17,47.32,20388.0,47.243,170
2024-08-28 14:55:00-04:00,47.33,47.33,47.24,47.3,15613.0,47.296,123
2024-08-28 15:00:00-04:00,47.31,47.32,47.26,47.28,17988.0,47.289,139
2024-08-28 15:05:00-04:00,47.26,47.26,47.19,47.23,17864.0,47.214,112
2024-08-28 15:10:00-04:00,47.23,47.33,47.21,47.25,22737.0,47.279,167
2024-08-28 15:15:00-04:00,47.25,47.33,47.24,47.32,29745.0,47.282,155
2024-08-28 15:20:00-04:00,47.33,47.43,47.32,47.41,51875.0,47.364,277
2024-08-28 15:25:00-04:00,47.41,47.48,47.41,47.48,27198.0,47.447,159
2024-08-28 15:30:00-04:00,47.47,47.49,47.45,47.46,67343.0,47.462,352
2024-08-28 15:35:00-04:00,47.46,47.47,47.29,47.35,51804.0,47.42,331
2024-08-28 15:40:00-04:00,47.34,47.34,47.3,47.3,33951.0,47.305,257
2024-08-28 15:45:00-04:00,47.3,47.33,47.12,47.15,50643.0,47.219,366
2024-08-28 15:50:00-04:00,47.15,47.21,47.05,47.09,78696.0,47.145,440
2024-08-28 15:55:00-04:00,47.09,47.09,47.0,47.08,213911.0,47.041,1010
2024-08-29 09:30:00-04:00,47.2,47.2,46.87,46.93,90317.0,47.112,320
2024-08-29 09:35:00-04:00,46.95,46.99,46.84,46.86,53474.0,46.921,320
2024-08-29 09:40:00-04:00,46.87,46.9,46.77,46.84,70266.0,46.841,392
2024-08-29 09:45:00-04:00,46.84,46.86,46.72,46.75,62010.0,46.796,387
2024-08-29 09:50:00-04:00,46.73,46.76,46.67,46.75,77046.0,46.732,450
2024-08-29 09:55:00-04:00,46.75,46.9,46.74,46.81,95570.0,46.81,454
2024-08-29 10:00:00-04:00,46.8,47.05,46.8,47.0,118886.0,46.961,598
2024-08-29 10:05:00-04:00,47.0,47.0,46.89,46.91,40356.0,46.952,258
2024-08-29 10:10:00-04:00,46.9,46.94,46.86,46.91,65675.0,46.896,397
2024-08-29 10:15:00-04:00,46.92,47.05,46.9,47.05,32146.0,46.977,210
2024-08-29 10:20:00-04:00,47.05,47.14,47.01,47.11,25425.0,47.063,156
2024-08-29 10:25:00-04:00,47.12,47.13,46.99,47.04,19816.0,47.052,157
2024-08-29 10:30:00-04:00,47.04,47.07,47.01,47.02,9076.0,47.038,65
2024-08-29 10:35:00-04:00,47.02,47.06,47.0,47.04,10680.0,47.032,80
2024-08-29 10:40:00-04:00,47.05,47.05,46.98,47.01,15379.0,47.005,88
2024-08-29 10:45:00-04:00,47.01,47.04,46.97,47.03,20120.0,47.011,106
2024-08-29 10:50:00-04:00,47.05,47.06,47.0,47.03,13083.0,47.038,56
2024-08-29 10:55:00-04:00,47.02,47.02,46.96,47.0,26754.0,46.998,163
2024-08-29 11:00:00-04:00,47.0,47.02,46.92,46.95,35106.0,46.987,258
2024-08-29 11:05:00-04:00,46.95,47.0,46.91,46.91,13233.0,46.963,92
2024-08-29 11:10:00-04:00,46.93,46.97,46.91,46.93,39777.0,46.938,149
2024-08-29 11:15:00-04:00,46.93,46.99,46.92,46.94,21376.0,46.943,131
2024-08-29 11:20:00-04:00,46.94,46.95,46.87,46.91,23075.0,46.909,152
2024-08-29 11:25:00-04:00,46.91,46.96,46.88,46.96,27024.0,46.901,148
2024-08-29 11:30:00-04:00,46.95,46.98,46.91,46.93,31659.0,46.945,230
2024-08-29 11:35:00-04:00,46.93,46.98,46.91,46.93,10838.0,46.937,91
2024-08-29 11:40:00-04:00,46.93,46.94,46.89,46.9,11079.0,46.908,77
2024-08-29 11:45:00-04:00,46.9,46.99,46.89,46.98,18415.0,46.927,145
2024-08-29 11:50:00-04:00,46.98,47.01,46.97,46.98,17394.0,46.991,92
2024-08-29 11:55:00-04:00,46.99,47.08,46.96,47.03,24617.0,46.991,157
2024-08-29 12:00:00-04:00,47.02,47.12,47.0,47.08,15548.0,47.071,89
2024-08-29 12:05:00-04:00,47.09,47.1,47.02,47.07,12437.0,47.063,73
2024-08-29 12:10:00-04:00,47.07,47.08,47.05,47.05,4539.0,47.07,36
2024-08-29 12:15:00-04:00,47.05,47.05,47.0,47.03,8413.0,47.021,65
2024-08-29 12:20:00-04:00,47.03,47.07,47.02,47.05,5228.0,47.04,44
2024-08-29 12:25:00-04:00,47.05,47.07,47.03,47.04,5535.0,47.05,42
2024-08-29 12:30:00-04:00,47.05,47.07,47.0,47.03,7834.0,47.033,59
2024-08-29 12:35:00-04:00,47.05,47.09,47.02,47.08,7166.0,47.055,53
2024-08-29 12:40:00-04:00,47.08,47.09,47.06,47.08,7957.0,47.075,52
2024-08-29 12:45:00-04:00,47.07,47.1,47.05,47.09,20168.0,47.08,127
2024-08-29 12:50:00-04:00,47.09,47.12,47.08,47.12,11494.0,47.103,61
2024-08-29 12:55:00-04:00,47.12,47.14,47.09,47.13,15371.0,47.118,98
2024-08-29 13:00:00-04:00,47.13,47.13,47.11,47.11,4942.0,47.114,39
2024-08-29 13:05:00-04:00,47.11,47.12,47.1,47.1,20171.0,47.104,97
2024-08-29 13:10:00-04:00,47.11,47.12,47.02,47.08,49550.0,47.079,292
2024-08-29 13:15:00-04:00,47.08,47.14,47.08,47.09,17975.0,47.115,122
2024-08-29 13:20:00-04:00,47.09,47.11,47.06,47.06,34046.0,47.091,178
2024-08-29 13:25:00-04:00,47.07,47.07,47.01,47.01,17476.0,47.04,110
2024-08-29 13:30:00-04:00,47.02,47.04,47.01,47.03,12414.0,47.029,87
2024-08-29 13:35:00-04:00,47.04,47.21,47.03,47.17,16490.0,47.133,121
2024-08-29 13:40:00-04:00,47.17,47.2,47.13,47.14,12774.0,47.171,88
2024-08-29 13:45:00-04:00,47.14,47.17,47.12,47.16,7047.0,47.151,47
2024-08-29 13:50:00-04:00,47.16,47.19,47.14,47.19,11735.0,47.161,81
2024-08-29 13:55:00-04:00,47.19,47.22,47.18,47.22,8034.0,47.195,67
2024-08-29 14:00:00-04:00,47.23,47.24,47.11,47.16,19253.0,47.184,109
2024-08-29 14:05:00-04:00,47.16,47.19,47.15,47.19,7776.0,47.169,43
2024-08-29 14:10:00-04:00,47.19,47.21,47.15,47.16,14650.0,47.186,88
2024-08-29 14:15:00-04:00,47.17,47.2,47.17,47.19,19071.0,47.183,66
2024-08-29 14:20:00-04:00,47.19,47.19,47.15,47.16,14004.0,47.176,69
2024-08-29 14:25:00-04:00,47.15,47.16,47.1,47.11,26269.0,47.129,158
2024-08-29 14:30:00-04:00,47.1,47.14,47.06,47.14,17443.0,47.11,90
2024-08-29 14:35:00-04:00,47.13,47.13,47.01,47.04,18225.0,47.091,101
2024-08-29 14:40:00-04:00,47.04,47.14,46.96,47.01,23112.0,47.061,163
2024-08-29 14:45:00-04:00,47.01,47.07,46.97,47.07,14455.0,47.009,100
2024-08-29 14:50:00-04:00,47.06,47.13,47.01,47.13,19007.0,47.054,145
2024-08-29 14:55:00-04:00,47.11,47.12,47.02,47.04,15699.0,47.071,115
2024-08-29 15:00:00-04:00,47.04,47.11,47.01,47.11,22587.0,47.054,151
2024-08-29 15:05:00-04:00,47.1,47.12,47.08,47.09,18172.0,47.099,114
2024-08-29 15:10:00-04:00,47.09,47.11,47.05,47.07,32730.0,47.083,179
2024-08-29 15:15:00-04:00,47.07,47.17,47.07,47.16,14337.0,47.128,95
2024-08-29 15:20:00-04:00,47.16,47.17,47.14,47.16,12840.0,47.155,89
2024-08-29 15:25:00-04:00,47.16,47.25,47.15,47.17,21866.0,47.209,160
2024-08-29 15:30:00-04:00,47.16,47.19,47.1,47.11,19871.0,47.15,149
2024-08-29 15:35:00-04:00,47.1,47.21,47.09,47.18,29250.0,47.144,188
2024-08-29 15:40:00-04:00,47.18,47.18,47.05,47.06,20859.0,47.103,138
2024-08-29 15:45:00-04:00,47.05,47.11,47.0,47.07,36148.0,47.049,253
2024-08-29 15:50:00-04:00,47.07,47.19,47.05,47.17,82259.0,47.115,452
2024-08-29 15:55:00-04:00,47.17,47.19,47.08,47.15,123448.0,47.138,657
2024-08-30 09:30:00-04:00,46.97,47.11,46.92,46.99,55551.0,47.066,211
2024-08-30 09:35:00-04:00,47.03,47.24,47.03,47.21,29650.0,47.154,212
2024-08-30 09:40:00-04:00,47.22,47.27,47.13,47.2,26146.0,47.208,157
2024-08-30 09:45:00-04:00,47.21,47.27,47.19,47.25,26352.0,47.233,175
2024-08-30 09:50:00-04:00,47.25,47.32,47.22,47.3,20506.0,47.274,137
2024-08-30 09:55:00-04:00,47.29,47.31,47.21,47.3,18718.0,47.262,127
2024-08-30 10:00:00-04:00,47.31,47.34,47.26,47.29,31632.0,47.305,133
2024-08-30 10:05:00-04:00,47.28,47.36,47.23,47.31,35831.0,47.279,223
2024-08-30 10:10:00-04:00,47.32,47.37,47.27,47.29,18255.0,47.325,134
2024-08-30 10:15:00-04:00,47.3,47.39,47.29,47.37,23524.0,47.325,165
2024-08-30 10:20:00-04:00,47.36,47.42,47.32,47.35,13851.0,47.365,103
2024-08-30 10:25:00-04:00,47.35,47.39,47.3,47.39,13884.0,47.34,97
2024-08-30 10:30:00-04:00,47.37,47.43,47.33,47.39,11827.0,47.39,86
2024-08-30 10:35:00-04:00,47.39,47.45,47.39,47.44,18376.0,47.418,139
2024-08-30 10:40:00-04:00,47.43,47.51,47.42,47.48,29609.0,47.468,208
2024-08-30 10:45:00-04:00,47.48,47.52,47.42,47.51,14869.0,47.462,116
2024-08-30 10:50:00-04:00,47.54,47.56,47.45,47.47,11694.0,47.504,94
2024-08-30 10:55:00-04:00,47.47,47.51,47.43,47.45,22774.0,47.478,141
2024-08-30 11:00:00-04:00,47.44,47.49,47.42,47.45,16417.0,47.456,135
2024-08-30 11:05:00-04:00,47.45,47.48,47.43,47.48,16142.0,47.459,129
2024-08-30 11:10:00-04:00,47.46,47.49,47.38,47.39,32461.0,47.439,218
2024-08-30 11:15:00-04:00,47.4,47.43,47.37,47.39,26630.0,47.397,196
2024-08-30 11:20:00-04:00,47.39,47.41,47.37,47.39,16507.0,47.391,133
2024-08-30 11:25:00-04:00,47.38,47.56,47.32,47.56,96916.0,47.436,513
2024-08-30 11:30:00-04:00,47.53,47.59,47.15,47.2,109096.0,47.337,608
2024-08-30 11:35:00-04:00,47.21,47.27,47.19,47.21,58133.0,47.221,374
2024-08-30 11:40:00-04:00,47.21,47.27,47.19,47.19,20240.0,47.216,149
2024-08-30 11:45:00-04:00,47.2,47.25,47.18,47.24,10783.0,47.218,85
2024-08-30 11:50:00-04:00,47.23,47.27,47.21,47.27,15394.0,47.239,103
2024-08-30 11:55:00-04:00,47.27,47.27,47.21,47.23,17686.0,47.241,144
2024-08-30 12:00:00-04:00,47.21,47.3,47.21,47.28,27131.0,47.25,190
2024-08-30 12:05:00-04:00,47.31,47.35,47.25,47.35,9486.0,47.285,73
2024-08-30 12:10:00-04:00,47.35,47.35,47.27,47.31,10871.0,47.296,93
2024-08-30 12:15:00-04:00,47.28,47.31,47.21,47.25,120047.0,47.23,185
2024-08-30 12:20:00-04:00,47.25,47.31,47.22,47.29,15369.0,47.254,121
2024-08-30 12:25:00-04:00,47.27,47.31,47.25,47.27,14407.0,47.275,126
2024-08-30 12:30:00-04:00,47.25,47.29,47.22,47.28,13260.0,47.242,93
2024-08-30 12:35:00-04:00,47.27,47.34,47.25,47.34,13474.0,47.29,106
2024-08-30 12:40:00-04:00,47.32,47.39,47.29,47.31,18267.0,47.324,134
2024-08-30 12:45:00-04:00,47.31,47.32,47.29,47.31,10268.0,47.304,84
2024-08-30 12:50:00-04:00,47.31,47.45,47.3,47.45,15811.0,47.361,116
2024-08-30 12:55:00-04:00,47.43,47.45,47.36,47.37,15344.0,47.415,121
2024-08-30 13:00:00-04:00,47.37,47.45,47.36,47.38,32866.0,47.401,156
2024-08-30 13:05:00-04:00,47.37,47.37,47.24,47.28,10860.0,47.31,56
2024-08-30 13:10:00-04:00,47.3,47.34,47.27,47.32,8952.0,47.295,68
2024-08-30 13:15:00-04:00,47.31,47.33,47.26,47.27,4978.0,47.311,38
2024-08-30 13:20:00-04:00,47.27,47.3,47.26,47.28,10694.0,47.286,91
2024-08-30 13:25:00-04:00,47.28,47.29,47.25,47.28,4661.0,47.272,33
2024-08-30 13:30:00-04:00,47.27,47.27,47.23,47.23,10723.0,47.251,78
2024-08-30 13:35:00-04:00,47.23,47.36,47.23,47.36,8497.0,47.304,71
2024-08-30 13:40:00-04:00,47.36,47.42,47.34,47.36,12518.0,47.373,79
2024-08-30 13:45:00-04:00,47.36,47.37,47.31,47.32,10500.0,47.344,80
2024-08-30 13:50:00-04:00,47.31,47.33,47.28,47.33,39369.0,47.31,177
2024-08-30 13:55:00-04:00,47.36,47.36,47.25,47.27,14049.0,47.283,114
2024-08-30 14:00:00-04:00,47.26,47.32,47.23,47.29,42709.0,47.262,238
2024-08-30 14:05:00-04:00,47.3,47.37,47.28,47.34,23404.0,47.313,169
2024-08-30 14:10:00-04:00,47.33,47.34,47.24,47.28,21852.0,47.289,171
2024-08-30 14:15:00-04:00,47.27,47.37,47.2,47.29,159605.0,47.228,230
2024-08-30 14:20:00-04:00,47.29,47.39,47.26,47.27,26622.0,47.307,193
2024-08-30 14:25:00-04:00,47.27,47.32,47.22,47.24,19161.0,47.265,146
2024-08-30 14:30:00-04:00,47.23,47.3,47.21,47.27,16798.0,47.242,124
2024-08-30 14:35:00-04:00,47.26,47.3,47.22,47.27,17134.0,47.264,135
2024-08-30 14:40:00-04:00,47.27,47.32,47.24,47.31,15236.0,47.283,113
2024-08-30 14:45:00-04:00,47.31,47.35,47.3,47.33,20222.0,47.323,142
2024-08-30 14:50:00-04:00,47.32,47.39,47.32,47.32,25417.0,47.355,196
2024-08-30 14:55:00-04:00,47.3,47.32,47.25,47.25,14281.0,47.291,98
2024-08-30 15:00:00-04:00,47.25,47.28,47.22,47.23,29258.0,47.252,186
2024-08-30 15:05:00-04:00,47.22,47.34,47.22,47.25,35856.0,47.274,171
2024-08-30 15:10:00-04:00,47.24,47.28,47.2,47.2,24360.0,47.246,172
2024-08-30 15:15:00-04:00,47.2,47.28,47.18,47.27,31115.0,47.227,180
2024-08-30 15:20:00-04:00,47.27,47.3,47.24,47.24,41155.0,47.272,214
2024-08-30 15:25:00-04:00,47.24,47.28,47.23,47.28,30582.0,47.252,188
2024-08-30 15:30:00-04:00,47.27,47.29,47.21,47.22,46015.0,47.255,281
2024-08-30 15:35:00-04:00,47.22,47.29,47.21,47.28,45875.0,47.265,238
2024-08-30 15:40:00-04:00,47.28,47.33,47.21,47.27,97249.0,47.245,307
2024-08-30 15:45:00-04:00,47.27,47.3,47.24,47.26,109824.0,47.258,359
2024-08-30 15:50:00-04:00,47.25,47.53,47.25,47.5,113057.0,47.344,653
2024-08-30 15:55:00-04:00,47.5,47.53,47.42,47.42,318508.0,47.49,1903
2024-09-03 09:30:00-04:00,46.32,46.56,46.27,46.48,265449.0,46.456,784
2024-09-03 09:35:00-04:00,46.49,46.5,45.9,45.98,58079.0,46.236,255
2024-09-03 09:40:00-04:00,45.98,46.03,45.93,45.96,56039.0,45.976,244
2024-09-04 09:30:00-04:00,45.06,45.49,45.06,45.34,115371.0,45.319,499
2024-09-04 09:35:00-04:00,45.35,45.59,45.35,45.47,55003.0,45.507,388
2024-09-04 09:40:00-04:00,45.47,45.6,45.44,45.55,45300.0,45.522,269
2024-09-04 09:45:00-04:00,45.57,45.71,45.55,45.6,53904.0,45.615,289
2024-09-04 09:50:00-04:00,45.64,45.75,45.56,45.75,48639.0,45.665,208
2024-09-04 09:55:00-04:00,45.72,45.73,45.61,45.69,89941.0,45.675,538
2024-09-04 10:00:00-04:00,45.73,45.77,45.56,45.71,45136.0,45.667,275
2024-09-04 10:05:00-04:00,45.7,45.78,45.65,45.73,89688.0,45.724,471
2024-09-04 10:10:00-04:00,45.73,45.8,45.66,45.66,44145.0,45.728,254
2024-09-04 10:15:00-04:00,45.7,45.78,45.69,45.77,63082.0,45.734,205
2024-09-04 10:20:00-04:00,45.75,45.87,45.75,45.83,37735.0,45.832,185
2024-09-04 10:25:00-04:00,45.84,45.85,45.79,45.81,28246.0,45.825,131
2024-09-04 10:30:00-04:00,45.82,45.85,45.76,45.84,22885.0,45.819,138
2024-09-04 10:35:00-04:00,45.84,45.96,45.83,45.93,45590.0,45.879,181
2024-09-04 10:40:00-04:00,45.93,45.97,45.89,45.9,86143.0,45.923,413
2024-09-04 10:45:00-04:00,45.9,45.96,45.86,45.89,31987.0,45.911,180
2024-09-04 10:50:00-04:00,45.88,45.95,45.87,45.94,63135.0,45.905,322
2024-09-04 10:55:00-04:00,45.94,45.94,45.88,45.9,98269.0,45.917,599
2024-09-04 11:00:00-04:00,45.9,46.07,45.89,46.01,51560.0,45.962,287
2024-09-04 11:05:00-04:00,46.02,46.16,46.01,46.09,310879.0,46.061,263
2024-09-04 11:10:00-04:00,46.08,46.14,46.05,46.06,20411.0,46.1,116
2024-09-04 11:15:00-04:00,46.04,46.08,45.98,46.07,39705.0,46.029,108
2024-09-04 11:20:00-04:00,46.07,46.1,46.0,46.08,130212.0,46.011,111
2024-09-04 11:25:00-04:00,46.08,46.08,45.99,46.04,13353.0,46.031,88
2024-09-04 11:30:00-04:00,46.04,46.06,45.97,46.04,55752.0,46.007,341
2024-09-04 11:35:00-04:00,46.04,46.06,46.0,46.05,11585.0,46.027,85
2024-09-04 11:40:00-04:00,46.06,46.11,45.99,46.08,143397.0,46.011,151
2024-09-04 11:45:00-04:00,46.09,46.09,46.0,46.02,9826.0,46.04,73
2024-09-04 11:50:00-04:00,46.0,46.05,45.98,46.04,7249.0,46.028,56
2024-09-04 11:55:00-04:00,46.04,46.06,45.94,46.02,63156.0,46.013,138
2024-09-04 12:00:00-04:00,46.02,46.04,46.0,46.0,8518.0,46.019,56
2024-09-04 12:05:00-04:00,46.0,46.04,46.0,46.03,5283.0,46.025,38
2024-09-04 12:10:00-04:00,46.03,46.05,46.02,46.03,5704.0,46.035,45
2024-09-04 12:15:00-04:00,46.03,46.06,46.01,46.02,19525.0,46.034,129
2024-09-04 12:20:00-04:00,46.02,46.04,45.97,46.02,48617.0,46.015,252
2024-09-04 12:25:00-04:00,46.02,46.03,45.97,45.97,34094.0,46.013,217
2024-09-04 12:30:00-04:00,45.97,46.02,45.96,46.02,14541.0,45.996,89
2024-09-04 12:35:00-04:00,46.02,46.04,45.99,46.03,11394.0,46.02,74
2024-09-04 12:40:00-04:00,46.04,46.04,45.94,45.97,8008.0,46.003,60
2024-09-04 12:45:00-04:00,45.99,46.01,45.93,46.0,9484.0,45.984,81
2024-09-04 12:50:00-04:00,45.99,46.03,45.98,46.01,12847.0,46.002,59
2024-09-04 12:55:00-04:00,46.01,46.03,45.99,46.02,9628.0,46.006,67
2024-09-04 13:00:00-04:00,46.02,46.03,45.95,45.95,11747.0,46.003,70
2024-09-04 13:05:00-04:00,45.96,46.0,45.96,45.98,9408.0,45.986,75
2024-09-04 13:10:00-04:00,45.98,45.99,45.93,45.94,10095.0,45.968,72
2024-09-04 13:15:00-04:00,45.94,46.01,45.92,46.01,31629.0,45.968,119
2024-09-04 13:20:00-04:00,46.0,46.01,45.96,45.97,8998.0,45.991,72
2024-09-04 13:25:00-04:00,45.97,45.98,45.94,45.94,7080.0,45.953,61
2024-09-04 13:30:00-04:00,45.95,45.96,45.93,45.95,21982.0,45.941,140
2024-09-04 13:35:00-04:00,45.96,45.97,45.89,45.95,161292.0,45.944,162
2024-09-04 13:40:00-04:00,45.95,46.02,45.89,45.98,55528.0,45.957,239
2024-09-04 13:45:00-04:00,45.98,46.01,45.93,45.93,53382.0,45.992,118
2024-09-04 13:50:00-04:00,45.93,45.99,45.9,45.95,47384.0,45.932,280
2024-09-04 13:55:00-04:00,45.95,46.0,45.94,45.99,10863.0,45.983,61
2024-09-04 14:00:00-04:00,45.99,45.99,45.93,45.94,7031.0,45.96,54
2024-09-04 14:05:00-04:00,45.93,45.95,45.92,45.93,9632.0,45.933,74
2024-09-04 14:10:00-04:00,45.92,45.94,45.9,45.94,8729.0,45.924,62
2024-09-04 14:15:00-04:00,45.94,45.97,45.92,45.93,7476.0,45.944,63
2024-09-04 14:20:00-04:00,45.93,45.97,45.92,45.95,8520.0,45.949,66
2024-09-04 14:25:00-04:00,45.95,45.97,45.89,45.91,61514.0,45.939,244
2024-09-04 14:30:00-04:00,45.92,45.96,45.9,45.92,10814.0,45.932,72
2024-09-04 14:35:00-04:00,45.91,45.93,45.86,45.87,13263.0,45.906,92
2024-09-04 14:40:00-04:00,45.87,45.89,45.84,45.87,13351.0,45.873,92
2024-09-04 14:45:00-04:00,45.86,45.96,45.86,45.94,20255.0,45.911,117
2024-09-04 14:50:00-04:00,45.94,45.98,45.92,45.93,64451.0,45.947,118
2024-09-04 14:55:00-04:00,45.94,45.99,45.93,45.94,14079.0,45.962,87
2024-09-04 15:00:00-04:00,45.93,45.93,45.87,45.88,12012.0,45.891,85
2024-09-04 15:05:00-04:00,45.88,45.88,45.74,45.77,118630.0,45.804,129
2024-09-04 15:10:00-04:00,45.77,45.83,45.71,45.73,15489.0,45.78,93
2024-09-04 15:15:00-04:00,45.73,45.76,45.66,45.68,15193.0,45.701,99
2024-09-04 15:20:00-04:00,45.68,45.7,45.65,45.69,27182.0,45.677,165
2024-09-04 15:25:00-04:00,45.68,45.74,45.64,45.72,31932.0,45.681,195
2024-09-04 15:30:00-04:00,45.73,45.73,45.63,45.65,34008.0,45.669,245
2024-09-04 15:35:00-04:00,45.65,45.71,45.64,45.7,50331.0,45.679,335
2024-09-04 15:40:00-04:00,45.7,45.75,45.67,45.73,62608.0,45.719,216
2024-09-04 15:45:00-04:00,45.72,45.76,45.69,45.71,39735.0,45.719,267
2024-09-04 15:50:00-04:00,45.69,45.71,45.54,45.58,88250.0,45.626,465
2024-09-04 15:55:00-04:00,45.59,45.64,45.55,45.56,208816.0,45.595,946
2024-09-05 09:30:00-04:00,45.82,46.3,45.78,46.01,101702.0,45.971,276
2024-09-05 09:35:00-04:00,46.08,46.16,45.96,46.02,15564.0,46.099,108
2024-09-05 09:40:00-04:00,46.02,46.16,45.96,46.0,13506.0,46.075,83
2024-09-05 09:45:00-04:00,46.05,46.06,45.99,46.03,12726.0,46.021,89
2024-09-05 09:50:00-04:00,46.01,46.05,45.95,46.0,39196.0,45.996,164
2024-09-05 09:55:00-04:00,46.0,46.03,45.92,45.95,21216.0,45.968,170
2024-09-05 10:00:00-04:00,45.95,46.09,45.94,46.06,20031.0,46.019,148
2024-09-05 10:05:00-04:00,46.02,46.06,46.01,46.03,14538.0,46.033,99
2024-09-05 10:10:00-04:00,46.04,46.04,45.81,45.85,43678.0,45.945,323
2024-09-05 10:15:00-04:00,45.85,45.96,45.77,45.94,24400.0,45.879,185
2024-09-05 10:20:00-04:00,45.92,45.92,45.75,45.8,11903.0,45.829,101
2024-09-05 10:25:00-04:00,45.81,45.85,45.73,45.79,12776.0,45.802,108
2024-09-05 10:30:00-04:00,45.79,45.85,45.78,45.84,14780.0,45.823,120
2024-09-05 10:35:00-04:00,45.84,45.89,45.84,45.86,16602.0,45.862,140
2024-09-05 10:40:00-04:00,45.86,45.87,45.77,45.81,23547.0,45.816,192
2024-09-05 10:45:00-04:00,45.79,45.81,45.65,45.66,11953.0,45.707,111
2024-09-05 10:50:00-04:00,45.65,45.69,45.6,45.64,18386.0,45.653,157
2024-09-05 10:55:00-04:00,45.64,45.72,45.64,45.66,23317.0,45.687,173
2024-09-05 11:00:00-04:00,45.67,45.74,45.66,45.73,17637.0,45.701,140
2024-09-05 11:05:00-04:00,45.73,45.81,45.73,45.74,32744.0,45.774,226
2024-09-05 11:10:00-04:00,45.74,45.76,45.62,45.64,28724.0,45.698,236
2024-09-05 11:15:00-04:00,45.62,45.74,45.62,45.71,24934.0,45.699,193
2024-09-05 11:20:00-04:00,45.72,45.72,45.58,45.59,20316.0,45.65,171
2024-09-05 11:25:00-04:00,45.58,45.59,45.42,45.43,19932.0,45.502,162
2024-09-05 11:30:00-04:00,45.43,45.46,45.28,45.31,56462.0,45.368,407
2024-09-05 11:35:00-04:00,45.3,45.42,45.29,45.36,19243.0,45.366,117
2024-09-05 11:40:00-04:00,45.36,45.37,45.26,45.27,9204.0,45.316,76
2024-09-05 11:45:00-04:00,45.26,45.33,45.19,45.2,10544.0,45.277,80
2024-09-05 11:50:00-04:00,45.2,45.22,45.12,45.13,7202.0,45.175,64
2024-09-05 11:55:00-04:00,45.13,45.16,45.13,45.15,10524.0,45.145,93
2024-09-05 12:00:00-04:00,45.13,45.23,45.13,45.22,13373.0,45.183,103
2024-09-05 12:05:00-04:00,45.21,45.3,45.19,45.29,15105.0,45.227,105
2024-09-05 12:10:00-04:00,45.29,45.29,45.18,45.23,12548.0,45.224,67
2024-09-05 12:15:00-04:00,45.23,45.25,45.22,45.23,8803.0,45.235,51
2024-09-05 12:20:00-04:00,45.23,45.28,45.22,45.28,9121.0,45.238,66
2024-09-05 12:25:00-04:00,45.29,45.32,45.27,45.29,9188.0,45.289,72
2024-09-05 12:30:00-04:00,45.29,45.29,45.19,45.2,8701.0,45.239,68
2024-09-05 12:35:00-04:00,45.2,45.22,45.19,45.2,10122.0,45.203,77
2024-09-05 12:40:00-04:00,45.21,45.22,45.14,45.15,15212.0,45.183,97
2024-09-05 12:45:00-04:00,45.16,45.16,45.12,45.13,6205.0,45.13,54
2024-09-05 12:50:00-04:00,45.12,45.13,45.06,45.07,12554.0,45.099,103
2024-09-05 12:55:00-04:00,45.07,45.08,45.01,45.02,10224.0,45.057,82
2024-09-05 13:00:00-04:00,45.01,45.07,45.0,45.05,9351.0,45.035,79
2024-09-05 13:05:00-04:00,45.05,45.14,45.04,45.14,7173.0,45.081,60
2024-09-05 13:10:00-04:00,45.14,45.16,45.11,45.14,11067.0,45.142,66
2024-09-05 13:15:00-04:00,45.14,45.32,45.12,45.31,26869.0,45.183,97
2024-09-05 13:20:00-04:00,45.32,45.32,45.28,45.3,6927.0,45.296,60
2024-09-05 13:25:00-04:00,45.31,45.45,45.3,45.37,47192.0,45.393,245
2024-09-05 13:30:00-04:00,45.37,45.42,45.26,45.27,57208.0,45.391,248
2024-09-05 13:35:00-04:00,45.28,45.37,45.28,45.3,12258.0,45.326,87
2024-09-05 13:40:00-04:00,45.3,45.37,45.29,45.36,6980.0,45.335,57
2024-09-05 13:45:00-04:00,45.36,45.49,45.35,45.44,6518.0,45.434,56
2024-09-05 13:50:00-04:00,45.45,45.47,45.42,45.45,8079.0,45.451,62
2024-09-05 13:55:00-04:00,45.45,45.49,45.44,45.46,11070.0,45.463,81
2024-09-05 14:00:00-04:00,45.47,45.5,45.46,45.5,7675.0,45.481,62
2024-09-05 14:05:00-04:00,45.49,45.5,45.4,45.41,12930.0,45.435,79
2024-09-05 14:10:00-04:00,45.41,45.45,45.41,45.41,9254.0,45.43,77
2024-09-05 14:15:00-04:00,45.41,45.47,45.38,45.38,14585.0,45.432,109
2024-09-05 14:20:00-04:00,45.38,45.42,45.36,45.39,13564.0,45.398,76
2024-09-05 14:25:00-04:00,45.39,45.44,45.35,45.4,19881.0,45.395,131
2024-09-05 14:30:00-04:00,45.4,45.5,45.4,45.5,11174.0,45.469,92
2024-09-05 14:35:00-04:00,45.5,45.51,45.45,45.46,9752.0,45.482,69
2024-09-05 14:40:00-04:00,45.46,45.47,45.43,45.46,9467.0,45.448,74
2024-09-05 14:45:00-04:00,45.46,45.5,45.46,45.49,9488.0,45.478,78
2024-09-05 14:50:00-04:00,45.49,45.53,45.48,45.51,10179.0,45.507,74
2024-09-05 14:55:00-04:00,45.51,45.54,45.47,45.49,10244.0,45.508,59
2024-09-05 15:00:00-04:00,45.48,45.48,45.42,45.44,10224.0,45.449,79
2024-09-05 15:05:00-04:00,45.44,45.44,45.42,45.44,10080.0,45.428,78
2024-09-05 15:10:00-04:00,45.43,45.44,45.4,45.41,13205.0,45.423,97
2024-09-05 15:15:00-04:00,45.4,45.41,45.36,45.4,22384.0,45.387,172
2024-09-05 15:20:00-04:00,45.39,45.4,45.32,45.37,16964.0,45.371,137
2024-09-05 15:25:00-04:00,45.37,45.43,45.35,45.37,23233.0,45.385,183
2024-09-05 15:30:00-04:00,45.37,45.4,45.32,45.4,19638.0,45.363,156
2024-09-05 15:35:00-04:00,45.4,45.4,45.32,45.32,16894.0,45.363,129
2024-09-05 15:40:00-04:00,45.31,45.32,45.26,45.29,26461.0,45.292,199
2024-09-05 15:45:00-04:00,45.27,45.29,45.22,45.27,34749.0,45.258,241
2024-09-05 15:50:00-04:00,45.27,45.34,45.22,45.32,48161.0,45.266,349
2024-09-05 15:55:00-04:00,45.32,45.4,45.27,45.35,192678.0,45.317,938
2024-09-06 09:30:00-04:00,45.13,45.48,45.12,45.46,62541.0,45.313,288
2024-09-06 09:35:00-04:00,45.47,45.54,45.44,45.5,39455.0,45.496,238
2024-09-06 09:40:00-04:00,45.5,45.5,45.39,45.42,28519.0,45.45,191
2024-09-06 09:45:00-04:00,45.43,45.49,45.39,45.43,45073.0,45.443,288
2024-09-06 09:50:00-04:00,45.42,45.58,45.4,45.56,66316.0,45.495,379
2024-09-06 09:55:00-04:00,45.55,45.62,45.48,45.5,35587.0,45.531,169
2024-09-06 10:00:00-04:00,45.49,45.5,45.33,45.44,58596.0,45.409,367
2024-09-06 10:05:00-04:00,45.44,45.51,45.41,45.51,24589.0,45.462,149
2024-09-06 10:10:00-04:00,45.52,45.54,45.47,45.52,32842.0,45.504,229
2024-09-06 10:15:00-04:00,45.51,45.53,45.45,45.48,25426.0,45.485,167
2024-09-06 10:20:00-04:00,45.48,45.5,45.38,45.4,35021.0,45.445,198
2024-09-06 10:25:00-04:00,45.4,45.42,45.18,45.22,48726.0,45.312,262
2024-09-06 10:30:00-04:00,45.22,45.23,45.09,45.1,25574.0,45.153,186
2024-09-06 10:35:00-04:00,45.09,45.12,45.03,45.12,19883.0,45.07,137
2024-09-06 10:40:00-04:00,45.12,45.12,44.94,44.95,21963.0,45.037,166
2024-09-06 10:45:00-04:00,44.95,45.03,44.91,45.01,20196.0,44.975,152
2024-09-06 10:50:00-04:00,44.99,45.01,44.91,44.93,13999.0,44.95,103
2024-09-06 10:55:00-04:00,44.93,44.96,44.9,44.95,20326.0,44.928,159
2024-09-06 11:00:00-04:00,44.96,45.16,44.93,44.93,45193.0,45.069,279
2024-09-06 11:05:00-04:00,44.94,45.02,44.82,44.86,24484.0,44.926,175
2024-09-06 11:10:00-04:00,44.88,44.89,44.79,44.81,13063.0,44.839,117
2024-09-06 11:15:00-04:00,44.84,44.88,44.72,44.79,17302.0,44.81,129
2024-09-06 11:20:00-04:00,44.81,44.81,44.68,44.68,28400.0,44.751,188
2024-09-06 11:25:00-04:00,44.69,44.77,44.66,44.73,16550.0,44.708,130
2024-09-06 11:30:00-04:00,44.72,44.76,44.67,44.71,49423.0,44.715,273
2024-09-06 11:35:00-04:00,44.72,44.75,44.67,44.69,15012.0,44.713,108
2024-09-06 11:40:00-04:00,44.71,44.72,44.68,44.71,8799.0,44.707,67
2024-09-06 11:45:00-04:00,44.7,44.7,44.61,44.66,11372.0,44.649,106
2024-09-06 11:50:00-04:00,44.66,44.67,44.54,44.59,13459.0,44.6,110
2024-09-06 11:55:00-04:00,44.6,44.67,44.6,44.63,10759.0,44.658,77
2024-09-06 12:00:00-04:00,44.64,44.7,44.62,44.7,8255.0,44.654,73
2024-09-06 12:05:00-04:00,44.7,44.73,44.65,44.71,9576.0,44.698,71
2024-09-06 12:10:00-04:00,44.7,44.71,44.66,44.67,8840.0,44.69,81
2024-09-06 12:15:00-04:00,44.66,44.67,44.61,44.63,8940.0,44.65,71
2024-09-06 12:20:00-04:00,44.63,44.67,44.61,44.65,18763.0,44.634,77
2024-09-06 12:25:00-04:00,44.65,44.67,44.62,44.63,6827.0,44.641,59
2024-09-06 12:30:00-04:00,44.63,44.66,44.59,44.66,8768.0,44.626,76
2024-09-06 12:35:00-04:00,44.65,44.69,44.62,44.62,8173.0,44.663,70
2024-09-06 12:40:00-04:00,44.63,44.66,44.62,44.64,9997.0,44.649,83
2024-09-06 12:45:00-04:00,44.64,44.64,44.53,44.54,8178.0,44.591,65
2024-09-06 12:50:00-04:00,44.55,44.58,44.55,44.57,3970.0,44.563,35
2024-09-06 12:55:00-04:00,44.57,44.64,44.56,44.6,94886.0,44.581,104
2024-09-06 13:00:00-04:00,44.62,44.64,44.57,44.64,10769.0,44.593,81
2024-09-06 13:05:00-04:00,44.63,44.72,44.62,44.72,6882.0,44.651,62
2024-09-06 13:10:00-04:00,44.72,44.79,44.72,44.78,10063.0,44.742,92
2024-09-06 13:15:00-04:00,44.78,44.79,44.7,44.72,9725.0,44.749,92
2024-09-06 13:20:00-04:00,44.72,44.76,44.7,44.75,11996.0,44.733,91
2024-09-06 13:25:00-04:00,44.75,44.77,44.68,44.68,15033.0,44.727,123
2024-09-06 13:30:00-04:00,44.68,44.71,44.67,44.68,12169.0,44.688,113
2024-09-06 13:35:00-04:00,44.68,44.68,44.64,44.65,10973.0,44.654,99
2024-09-06 13:40:00-04:00,44.65,44.7,44.64,44.7,10703.0,44.656,96
2024-09-06 13:45:00-04:00,44.7,44.7,44.64,44.66,12125.0,44.671,99
2024-09-06 13:50:00-04:00,44.67,44.69,44.63,44.68,12621.0,44.658,103
2024-09-06 13:55:00-04:00,44.68,44.76,44.68,44.73,15883.0,44.735,130
2024-09-06 14:00:00-04:00,44.73,44.74,44.65,44.65,15168.0,44.685,121
2024-09-06 14:05:00-04:00,44.66,44.69,44.65,44.69,13813.0,44.671,110
2024-09-06 14:10:00-04:00,44.69,44.71,44.65,44.67,20332.0,44.684,143
2024-09-06 14:15:00-04:00,44.65,44.67,44.57,44.58,11514.0,44.619,101
2024-09-06 14:20:00-04:00,44.58,44.62,44.57,44.6,13935.0,44.597,116
2024-09-06 14:25:00-04:00,44.6,44.66,44.6,44.66,12567.0,44.624,100
2024-09-06 14:30:00-04:00,44.67,44.67,44.61,44.64,13719.0,44.641,114
2024-09-06 14:35:00-04:00,44.64,44.65,44.58,44.59,14212.0,44.61,115
2024-09-06 14:40:00-04:00,44.58,44.59,44.53,44.58,16646.0,44.564,120
2024-09-06 14:45:00-04:00,44.58,44.58,44.48,44.48,16511.0,44.528,133
2024-09-06 14:50:00-04:00,44.48,44.49,44.42,44.43,28619.0,44.456,188
2024-09-06 14:55:00-04:00,44.42,44.45,44.38,44.44,268916.0,44.424,320
2024-09-06 15:00:00-04:00,44.44,44.63,44.43,44.63,43468.0,44.539,268
2024-09-06 15:05:00-04:00,44.62,44.71,44.56,44.71,26366.0,44.652,200
2024-09-06 15:10:00-04:00,44.72,44.78,44.7,44.78,27584.0,44.755,185
2024-09-06 15:15:00-04:00,44.79,44.84,44.79,44.82,31148.0,44.811,166
2024-09-06 15:20:00-04:00,44.82,44.9,44.8,44.9,19581.0,44.856,152
2024-09-06 15:25:00-04:00,44.9,44.93,44.81,44.82,34521.0,44.886,246
2024-09-06 15:30:00-04:00,44.81,44.82,44.71,44.75,27806.0,44.764,208
2024-09-06 15:35:00-04:00,44.75,44.76,44.64,44.65,22793.0,44.687,173
2024-09-06 15:40:00-04:00,44.66,44.67,44.6,44.63,31339.0,44.64,245
2024-09-06 15:45:00-04:00,44.64,44.7,44.63,44.7,32712.0,44.658,237
2024-09-06 15:50:00-04:00,44.7,44.75,44.57,44.62,63753.0,44.633,465
2024-09-06 15:55:00-04:00,44.62,44.75,44.6,44.73,195660.0,44.696,1119
2024-09-09 09:30:00-04:00,45.11,45.3,44.96,44.96,39246.0,45.086,125
2024-09-09 09:35:00-04:00,44.95,45.18,44.95,45.14,15481.0,45.069,130
2024-09-09 09:40:00-04:00,45.14,45.23,45.09,45.1,23579.0,45.178,138
2024-09-09 09:45:00-04:00,45.1,45.17,45.07,45.1,52341.0,45.131,168
2024-09-09 09:50:00-04:00,45.08,45.12,44.95,45.12,13324.0,45.041,104
2024-09-09 09:55:00-04:00,45.13,45.18,45.03,45.04,11740.0,45.104,86
2024-09-09 10:00:00-04:00,45.03,45.1,44.99,45.07,24848.0,45.05,134
2024-09-09 10:05:00-04:00,45.07,45.12,45.04,45.11,16026.0,45.074,118
2024-09-09 10:10:00-04:00,45.11,45.21,45.11,45.14,25768.0,45.175,148
2024-09-09 10:15:00-04:00,45.13,45.2,45.01,45.02,45460.0,45.133,155
2024-09-09 10:20:00-04:00,45.02,45.03,44.93,44.97,16995.0,44.975,114
2024-09-09 10:25:00-04:00,44.96,45.04,44.95,44.98,28046.0,45.013,143
2024-09-09 10:30:00-04:00,45.0,45.08,44.96,45.07,102273.0,45.025,231
2024-09-09 10:35:00-04:00,45.07,45.15,45.05,45.07,36822.0,45.091,118
2024-09-09 10:40:00-04:00,45.08,45.08,45.02,45.03,13913.0,45.051,111
2024-09-09 10:45:00-04:00,45.02,45.07,45.01,45.06,12199.0,45.043,91
2024-09-09 10:50:00-04:00,45.06,45.14,45.05,45.11,60933.0,45.094,254
2024-09-09 10:55:00-04:00,45.11,45.12,45.04,45.05,6669.0,45.08,50
2024-09-09 11:00:00-04:00,45.04,45.1,45.0,45.07,124822.0,45.063,461
2024-09-09 11:05:00-04:00,45.06,45.08,44.99,45.01,19631.0,45.037,138
2024-09-09 11:10:00-04:00,45.01,45.09,45.0,45.04,115729.0,45.06,384
2024-09-09 11:15:00-04:00,45.03,45.11,45.0,45.04,92626.0,45.06,369
2024-09-09 11:20:00-04:00,45.05,45.06,45.01,45.02,11635.0,45.035,90
2024-09-09 11:25:00-04:00,45.02,45.08,45.0,45.0,205042.0,45.061,270
2024-09-09 11:30:00-04:00,45.0,45.09,44.99,45.09,20520.0,45.038,150
2024-09-09 11:35:00-04:00,45.07,45.08,44.99,44.99,7717.0,45.05,46
2024-09-09 11:40:00-04:00,44.99,45.0,44.78,44.8,17094.0,44.847,135
2024-09-09 11:45:00-04:00,44.81,44.86,44.8,44.84,16345.0,44.836,120
2024-09-09 11:50:00-04:00,44.85,44.94,44.8,44.94,17015.0,44.871,113
2024-09-09 11:55:00-04:00,44.93,44.99,44.91,44.96,16295.0,44.959,79
2024-09-09 12:00:00-04:00,44.96,45.03,44.95,45.03,9428.0,44.99,77
2024-09-09 12:05:00-04:00,45.03,45.03,44.98,45.02,9574.0,45.013,63
2024-09-09 12:10:00-04:00,45.02,45.04,45.0,45.03,11364.0,45.023,97
2024-09-09 12:15:00-04:00,45.02,45.03,45.0,45.01,13152.0,45.02,62
2024-09-09 12:20:00-04:00,45.01,45.03,45.0,45.03,8594.0,45.02,64
2024-09-09 12:25:00-04:00,45.02,45.03,45.01,45.03,24516.0,45.022,105
2024-09-09 12:30:00-04:00,45.03,45.08,45.02,45.02,42539.0,45.053,173
2024-09-09 12:35:00-04:00,45.01,45.04,44.93,45.03,17390.0,44.989,117
2024-09-09 12:40:00-04:00,45.03,45.04,44.9,44.9,12652.0,45.013,76
2024-09-09 12:45:00-04:00,44.9,44.95,44.89,44.89,9722.0,44.93,80
2024-09-09 12:50:00-04:00,44.89,44.9,44.87,44.88,7556.0,44.888,52
2024-09-09 12:55:00-04:00,44.87,44.97,44.85,44.88,29678.0,44.903,199
2024-09-09 13:00:00-04:00,44.87,44.88,44.79,44.85,25115.0,44.822,161
2024-09-09 13:05:00-04:00,44.84,44.85,44.82,44.84,8783.0,44.828,52
2024-09-09 13:10:00-04:00,44.84,44.84,44.71,44.72,11349.0,44.782,72
2024-09-09 13:15:00-04:00,44.72,44.72,44.64,44.64,11818.0,44.68,72
2024-09-09 13:20:00-04:00,44.65,44.68,44.6,44.61,23061.0,44.649,139
2024-09-09 13:25:00-04:00,44.6,44.71,44.59,44.6,50480.0,44.648,253
2024-09-09 13:30:00-04:00,44.59,44.59,44.48,44.55,36493.0,44.538,224
2024-09-09 13:35:00-04:00,44.55,44.57,44.54,44.55,16319.0,44.554,121
2024-09-09 13:40:00-04:00,44.57,44.57,44.45,44.46,29048.0,44.541,164
2024-09-09 13:45:00-04:00,44.46,44.47,44.43,44.43,20664.0,44.453,148
2024-09-09 13:50:00-04:00,44.42,44.42,44.38,44.41,8568.0,44.402,57
2024-09-09 13:55:00-04:00,44.4,44.45,44.38,44.42,52408.0,44.417,228
2024-09-09 14:00:00-04:00,44.41,44.43,44.38,44.38,24070.0,44.411,118
2024-09-09 14:05:00-04:00,44.37,44.37,44.32,44.33,57550.0,44.353,215
2024-09-09 14:10:00-04:00,44.34,44.34,44.18,44.19,21351.0,44.245,156
2024-09-09 14:15:00-04:00,44.17,44.3,44.16,44.3,34645.0,44.208,223
2024-09-09 14:20:00-04:00,44.31,44.31,44.26,44.26,4972.0,44.281,35
2024-09-09 14:25:00-04:00,44.26,44.28,44.23,44.23,10382.0,44.26,76
2024-09-09 14:30:00-04:00,44.23,44.24,44.2,44.21,13561.0,44.22,90
2024-09-09 14:35:00-04:00,44.21,44.21,44.12,44.14,13886.0,44.161,99
2024-09-09 14:40:00-04:00,44.14,44.24,44.13,44.23,15061.0,44.168,113
2024-09-09 14:45:00-04:00,44.23,44.24,44.22,44.23,8136.0,44.233,54
2024-09-09 14:50:00-04:00,44.24,44.26,44.23,44.24,19581.0,44.246,68
2024-09-09 14:55:00-04:00,44.23,44.23,44.17,44.17,8662.0,44.191,64
2024-09-09 15:00:00-04:00,44.17,44.31,44.16,44.28,47098.0,44.239,179
2024-09-09 15:05:00-04:00,44.27,44.29,44.25,44.28,18615.0,44.275,130
2024-09-09 15:10:00-04:00,44.27,44.27,44.15,44.2,25374.0,44.195,161
2024-09-09 15:15:00-04:00,44.21,44.3,44.21,44.3,20701.0,44.258,112
2024-09-09 15:20:00-04:00,44.3,44.3,44.25,44.27,18960.0,44.273,114
2024-09-09 15:25:00-04:00,44.27,44.42,44.27,44.38,111899.0,44.31,240
2024-09-09 15:30:00-04:00,44.39,44.47,44.37,44.41,48298.0,44.409,254
2024-09-09 15:35:00-04:00,44.41,44.51,44.39,44.44,58537.0,44.45,279
2024-09-09 15:40:00-04:00,44.44,44.52,44.44,44.48,41469.0,44.484,235
2024-09-09 15:45:00-04:00,44.48,44.51,44.35,44.46,103337.0,44.452,562
2024-09-09 15:50:00-04:00,44.44,44.47,44.36,44.41,151180.0,44.413,687
2024-09-09 15:55:00-04:00,44.41,44.48,44.31,44.47,382357.0,44.424,1664
2024-09-10 09:30:00-04:00,44.68,44.72,44.45,44.47,56085.0,44.594,267
2024-09-10 09:35:00-04:00,44.47,44.52,44.41,44.49,30216.0,44.451,182
2024-09-10 09:40:00-04:00,44.47,44.5,44.31,44.32,46255.0,44.408,285
2024-09-10 09:45:00-04:00,44.31,44.35,44.26,44.29,24629.0,44.303,196
2024-09-10 09:50:00-04:00,44.29,44.42,44.28,44.37,18150.0,44.351,136
2024-09-10 09:55:00-04:00,44.36,44.37,44.28,44.3,20748.0,44.305,163
2024-09-10 10:00:00-04:00,44.3,44.3,44.19,44.21,21096.0,44.237,147
2024-09-10 10:05:00-04:00,44.21,44.21,44.12,44.16,24961.0,44.16,199
2024-09-10 10:10:00-04:00,44.16,44.16,44.01,44.02,17301.0,44.08,124
2024-09-10 10:15:00-04:00,44.02,44.12,43.99,44.11,24284.0,44.043,172
2024-09-10 10:20:00-04:00,44.09,44.1,43.97,43.98,25607.0,44.014,171
2024-09-10 10:25:00-04:00,43.99,44.11,43.99,44.11,34756.0,44.038,217
2024-09-10 10:30:00-04:00,44.11,44.13,43.92,43.92,47727.0,44.046,268
2024-09-10 10:35:00-04:00,43.92,43.99,43.91,43.96,45675.0,43.954,306
2024-09-10 10:40:00-04:00,43.96,43.98,43.86,43.88,29187.0,43.906,191
2024-09-10 10:45:00-04:00,43.87,43.88,43.78,43.79,40721.0,43.832,279
2024-09-10 10:50:00-04:00,43.79,43.81,43.74,43.79,36920.0,43.787,179
2024-09-10 10:55:00-04:00,43.79,43.82,43.77,43.81,35952.0,43.797,253
2024-09-10 11:00:00-04:00,43.82,43.87,43.8,43.81,24429.0,43.845,129
2024-09-10 11:05:00-04:00,43.8,43.88,43.78,43.88,31687.0,43.817,227
2024-09-10 11:10:00-04:00,43.89,43.94,43.86,43.91,25675.0,43.898,175
2024-09-10 11:15:00-04:00,43.9,43.92,43.82,43.82,11381.0,43.886,84
2024-09-10 11:20:00-04:00,43.82,43.84,43.8,43.82,16412.0,43.822,109
2024-09-10 11:25:00-04:00,43.81,43.87,43.8,43.82,25499.0,43.833,156
2024-09-10 11:30:00-04:00,43.82,43.82,43.74,43.75,40392.0,43.785,243
2024-09-10 11:35:00-04:00,43.75,43.76,43.61,43.62,33108.0,43.69,215
2024-09-10 11:40:00-04:00,43.6,43.63,43.59,43.63,20979.0,43.606,116
2024-09-10 11:45:00-04:00,43.61,43.63,43.54,43.54,29721.0,43.592,201
2024-09-10 11:50:00-04:00,43.54,43.55,43.43,43.44,21957.0,43.473,127
2024-09-10 11:55:00-04:00,43.44,43.44,43.35,43.39,24830.0,43.396,166
2024-09-10 12:00:00-04:00,43.37,43.42,43.33,43.39,36848.0,43.373,237
2024-09-10 12:05:00-04:00,43.4,43.42,43.36,43.36,21902.0,43.39,121
2024-09-10 12:10:00-04:00,43.37,43.39,43.35,43.39,19001.0,43.376,121
2024-09-10 12:15:00-04:00,43.39,43.39,43.26,43.27,32711.0,43.307,216
2024-09-10 12:20:00-04:00,43.28,43.28,43.17,43.18,20504.0,43.216,161
2024-09-10 12:25:00-04:00,43.18,43.2,43.11,43.2,29548.0,43.16,192
2024-09-10 12:30:00-04:00,43.19,43.22,43.17,43.19,27638.0,43.189,202
2024-09-10 12:35:00-04:00,43.19,43.22,43.16,43.19,27677.0,43.189,189
2024-09-10 12:40:00-04:00,43.2,43.26,43.17,43.23,21556.0,43.212,151
2024-09-10 12:45:00-04:00,43.23,43.27,43.2,43.24,18633.0,43.233,128
2024-09-10 12:50:00-04:00,43.23,43.29,43.23,43.26,32750.0,43.267,166
2024-09-10 12:55:00-04:00,43.26,43.29,43.24,43.27,24553.0,43.259,136
2024-09-10 13:00:00-04:00,43.27,43.31,43.25,43.29,18424.0,43.284,94
2024-09-10 13:05:00-04:00,43.3,43.3,43.24,43.26,21006.0,43.268,135
2024-09-10 13:10:00-04:00,43.26,43.31,43.26,43.31,22532.0,43.278,153
2024-09-10 13:15:00-04:00,43.3,43.38,43.29,43.38,15883.0,43.312,118
2024-09-10 13:20:00-04:00,43.37,43.43,43.35,43.43,24676.0,43.394,149
2024-09-10 13:25:00-04:00,43.42,43.43,43.37,43.37,17971.0,43.402,125
2024-09-10 13:30:00-04:00,43.37,43.39,43.29,43.29,26527.0,43.34,168
2024-09-10 13:35:00-04:00,43.29,43.31,43.25,43.26,14359.0,43.278,113
2024-09-10 13:40:00-04:00,43.26,43.29,43.2,43.22,24407.0,43.249,160
2024-09-10 13:45:00-04:00,43.22,43.24,43.2,43.2,8058.0,43.222,71
2024-09-10 13:50:00-04:00,43.2,43.2,43.15,43.16,20613.0,43.175,143
2024-09-10 13:55:00-04:00,43.16,43.19,43.12,43.17,25902.0,43.157,184
2024-09-10 14:00:00-04:00,43.17,43.24,43.17,43.2,22640.0,43.215,116
2024-09-10 14:05:00-04:00,43.19,43.26,43.19,43.26,15867.0,43.21,104
2024-09-10 14:10:00-04:00,43.26,43.26,43.24,43.25,6966.0,43.249,60
2024-09-10 14:15:00-04:00,43.25,43.33,43.23,43.3,59543.0,43.268,288
2024-09-10 14:20:00-04:00,43.3,43.41,43.3,43.41,17600.0,43.329,117
2024-09-10 14:25:00-04:00,43.42,43.42,43.37,43.4,20430.0,43.393,108
2024-09-10 14:30:00-04:00,43.4,43.4,43.28,43.29,17707.0,43.351,100
2024-09-10 14:35:00-04:00,43.29,43.3,43.24,43.25,14022.0,43.267,96
2024-09-10 14:40:00-04:00,43.25,43.26,43.22,43.23,21195.0,43.243,106
2024-09-10 14:45:00-04:00,43.23,43.3,43.22,43.29,42752.0,43.243,189
2024-09-10 14:50:00-04:00,43.29,43.35,43.29,43.33,15728.0,43.317,102
2024-09-10 14:55:00-04:00,43.32,43.45,43.32,43.38,54309.0,43.362,195
2024-09-10 15:00:00-04:00,43.38,43.57,43.38,43.56,17907.0,43.431,127
2024-09-10 15:05:00-04:00,43.57,43.6,43.52,43.56,50174.0,43.567,278
2024-09-10 15:10:00-04:00,43.56,43.64,43.55,43.59,77537.0,43.593,432
2024-09-10 15:15:00-04:00,43.58,43.58,43.52,43.55,16521.0,43.541,123
2024-09-10 15:20:00-04:00,43.54,43.58,43.54,43.56,28418.0,43.56,194
2024-09-10 15:25:00-04:00,43.57,43.57,43.42,43.42,55049.0,43.51,321
2024-09-10 15:30:00-04:00,43.42,43.44,43.36,43.41,23987.0,43.405,180
2024-09-10 15:35:00-04:00,43.43,43.47,43.37,43.38,28385.0,43.418,188
2024-09-10 15:40:00-04:00,43.37,43.4,43.35,43.36,25551.0,43.371,205
2024-09-10 15:45:00-04:00,43.35,43.47,43.35,43.43,40783.0,43.425,276
2024-09-10 15:50:00-04:00,43.42,43.45,43.3,43.33,139749.0,43.347,767
2024-09-10 15:55:00-04:00,43.33,43.37,43.28,43.32,272394.0,43.315,1121
2024-09-11 09:30:00-04:00,42.86,42.88,42.59,42.59,54657.0,42.754,236
2024-09-11 09:35:00-04:00,42.57,42.62,42.45,42.52,22657.0,42.566,137
2024-09-11 09:40:00-04:00,42.48,42.63,42.43,42.62,26131.0,42.552,170
2024-09-11 09:45:00-04:00,42.61,42.73,42.61,42.69,18786.0,42.671,122
2024-09-11 09:50:00-04:00,42.68,42.75,42.68,42.69,31315.0,42.705,116
2024-09-11 09:55:00-04:00,42.69,42.75,42.63,42.7,37735.0,42.692,224
2024-09-11 10:00:00-04:00,42.71,42.93,42.66,42.77,132822.0,42.819,502
2024-09-11 10:05:00-04:00,42.76,42.8,42.68,42.79,19581.0,42.754,108
2024-09-11 10:10:00-04:00,42.78,42.79,42.66,42.74,30113.0,42.745,201
2024-09-11 10:15:00-04:00,42.71,42.82,42.7,42.75,139530.0,42.781,519
2024-09-11 10:20:00-04:00,42.76,42.82,42.73,42.75,81261.0,42.791,365
2024-09-11 10:25:00-04:00,42.75,42.83,42.75,42.8,96734.0,42.805,410
2024-09-11 10:30:00-04:00,42.8,42.83,42.71,42.8,73960.0,42.777,340
2024-09-11 10:35:00-04:00,42.79,42.97,42.77,42.96,43669.0,42.886,234
2024-09-11 10:40:00-04:00,42.96,43.0,42.9,42.96,60146.0,42.957,265
2024-09-11 10:45:00-04:00,42.95,42.97,42.8,42.83,92036.0,42.916,504
2024-09-11 10:50:00-04:00,42.83,42.84,42.78,42.8,18977.0,42.818,106
2024-09-11 10:55:00-04:00,42.8,42.81,42.72,42.77,18215.0,42.767,133
2024-09-11 11:00:00-04:00,42.76,42.77,42.7,42.73,17085.0,42.734,105
2024-09-11 11:05:00-04:00,42.73,42.81,42.72,42.8,19027.0,42.786,152
2024-09-11 11:10:00-04:00,42.8,42.88,42.75,42.82,29375.0,42.826,223
2024-09-11 11:15:00-04:00,42.82,42.85,42.79,42.79,25655.0,42.832,193
2024-09-11 11:20:00-04:00,42.76,42.77,42.7,42.73,14070.0,42.722,112
2024-09-11 11:25:00-04:00,42.73,42.74,42.68,42.72,24983.0,42.717,181
2024-09-11 11:30:00-04:00,42.71,42.79,42.66,42.66,142105.0,42.739,649
2024-09-11 11:35:00-04:00,42.66,42.88,42.65,42.82,46422.0,42.738,226
2024-09-11 11:40:00-04:00,42.82,42.92,42.78,42.88,26936.0,42.858,115
2024-09-11 11:45:00-04:00,42.89,42.89,42.81,42.83,5656.0,42.844,43
2024-09-11 11:50:00-04:00,42.83,42.93,42.82,42.9,46360.0,42.893,203
2024-09-11 11:55:00-04:00,42.89,42.9,42.79,42.86,9315.0,42.838,69
2024-09-11 12:00:00-04:00,42.84,42.91,42.8,42.91,12802.0,42.832,87
2024-09-11 12:05:00-04:00,42.93,42.94,42.85,42.88,24351.0,42.912,77
2024-09-11 12:10:00-04:00,42.9,42.94,42.88,42.9,54029.0,42.908,161
2024-09-11 12:15:00-04:00,42.88,42.89,42.86,42.86,6044.0,42.87,49
2024-09-11 12:20:00-04:00,42.86,42.92,42.85,42.89,32559.0,42.882,162
2024-09-11 12:25:00-04:00,42.9,42.9,42.8,42.83,19797.0,42.852,109
2024-09-11 12:30:00-04:00,42.82,42.82,42.77,42.78,8048.0,42.797,63
2024-09-11 12:35:00-04:00,42.79,42.83,42.77,42.78,13328.0,42.802,89
2024-09-11 12:40:00-04:00,42.78,42.82,42.78,42.81,11678.0,42.806,58
2024-09-11 12:45:00-04:00,42.83,42.84,42.81,42.84,6379.0,42.826,46
2024-09-11 12:50:00-04:00,42.84,42.92,42.84,42.91,10098.0,42.898,63
2024-09-11 12:55:00-04:00,42.9,43.03,42.89,43.0,107578.0,42.952,265
2024-09-11 13:00:00-04:00,43.0,43.2,42.99,43.19,35888.0,43.044,173
2024-09-11 13:05:00-04:00,43.19,43.2,43.12,43.16,6588.0,43.167,48
2024-09-11 13:10:00-04:00,43.14,43.21,43.11,43.11,7805.0,43.176,60
2024-09-11 13:15:00-04:00,43.11,43.16,43.07,43.16,12925.0,43.127,71
2024-09-11 13:20:00-04:00,43.16,43.21,43.07,43.07,77941.0,43.129,256
2024-09-11 13:25:00-04:00,43.07,43.2,43.07,43.19,13071.0,43.144,88
2024-09-11 13:30:00-04:00,43.2,43.24,43.2,43.22,10567.0,43.219,69
2024-09-11 13:35:00-04:00,43.22,43.25,43.21,43.23,4964.0,43.234,32
2024-09-11 13:40:00-04:00,43.23,43.28,43.21,43.22,10447.0,43.247,73
2024-09-11 13:45:00-04:00,43.23,43.3,43.22,43.27,21237.0,43.271,82
2024-09-11 13:50:00-04:00,43.29,43.33,43.29,43.3,38696.0,43.313,167
2024-09-11 13:55:00-04:00,43.29,43.3,43.24,43.29,14324.0,43.269,99
2024-09-11 14:00:00-04:00,43.28,43.33,43.27,43.33,9159.0,43.307,52
2024-09-11 14:05:00-04:00,43.3,43.34,43.29,43.29,9842.0,43.317,76
2024-09-11 14:10:00-04:00,43.28,43.3,43.26,43.27,11058.0,43.282,76
2024-09-11 14:15:00-04:00,43.27,43.29,43.25,43.27,20415.0,43.265,106
2024-09-11 14:20:00-04:00,43.27,43.32,43.25,43.32,11435.0,43.272,71
2024-09-11 14:25:00-04:00,43.31,43.37,43.29,43.37,14044.0,43.333,109
2024-09-11 14:30:00-04:00,43.36,43.41,43.35,43.38,26694.0,43.373,174
2024-09-11 14:35:00-04:00,43.39,43.45,43.34,43.45,14547.0,43.397,92
2024-09-11 14:40:00-04:00,43.45,43.51,43.43,43.51,20520.0,43.459,93
2024-09-11 14:45:00-04:00,43.5,43.5,43.44,43.46,14606.0,43.46,95
2024-09-11 14:50:00-04:00,43.45,43.45,43.37,43.37,45002.0,43.397,165
2024-09-11 14:55:00-04:00,43.38,43.44,43.36,43.4,9229.0,43.388,61
2024-09-11 15:00:00-04:00,43.41,43.44,43.32,43.36,44768.0,43.382,238
2024-09-11 15:05:00-04:00,43.35,43.37,43.34,43.35,71341.0,43.358,97
2024-09-11 15:10:00-04:00,43.36,43.46,43.36,43.44,35055.0,43.427,169
2024-09-11 15:15:00-04:00,43.43,43.45,43.42,43.44,22484.0,43.437,147
2024-09-11 15:20:00-04:00,43.44,43.47,43.38,43.43,38098.0,43.433,159
2024-09-11 15:25:00-04:00,43.44,43.55,43.43,43.53,21268.0,43.493,131
2024-09-11 15:30:00-04:00,43.52,43.53,43.44,43.52,22712.0,43.483,127
2024-09-11 15:35:00-04:00,43.52,43.55,43.49,43.54,24187.0,43.524,152
2024-09-11 15:40:00-04:00,43.53,43.55,43.47,43.53,59780.0,43.511,273
2024-09-11 15:45:00-04:00,43.52,43.67,43.52,43.63,271341.0,43.574,692
2024-09-11 15:50:00-04:00,43.62,43.67,43.56,43.66,117865.0,43.613,595
2024-09-11 15:55:00-04:00,43.67,43.74,43.53,43.54,349416.0,43.612,1852
2024-09-12 09:30:00-04:00,43.66,43.84,43.64,43.76,73387.0,43.732,180
2024-09-12 09:35:00-04:00,43.75,43.97,43.74,43.96,45473.0,43.88,289
2024-09-12 09:40:00-04:00,43.95,44.02,43.88,44.0,45442.0,43.961,277
2024-09-12 09:45:00-04:00,44.01,44.03,43.82,43.84,83707.0,43.887,229
2024-09-12 09:50:00-04:00,43.82,43.86,43.77,43.84,93963.0,43.815,258
2024-09-12 09:55:00-04:00,43.83,43.86,43.77,43.85,42539.0,43.815,212
2024-09-12 10:00:00-04:00,43.85,43.86,43.75,43.77,59386.0,43.803,282
2024-09-12 10:05:00-04:00,43.77,43.86,43.75,43.86,28668.0,43.792,154
2024-09-12 10:10:00-04:00,43.84,44.06,43.82,44.05,43251.0,43.954,237
2024-09-12 10:15:00-04:00,44.04,44.08,44.0,44.06,51884.0,44.052,260
2024-09-12 10:20:00-04:00,44.07,44.16,44.02,44.15,23579.0,44.106,145
2024-09-12 10:25:00-04:00,44.16,44.18,44.03,44.06,17965.0,44.096,121
2024-09-12 10:30:00-04:00,44.05,44.15,44.05,44.14,15536.0,44.09,103
2024-09-12 10:35:00-04:00,44.12,44.12,44.06,44.1,13163.0,44.1,103
2024-09-12 10:40:00-04:00,44.11,44.12,44.05,44.1,112726.0,44.083,105
2024-09-12 10:45:00-04:00,44.12,44.21,44.07,44.15,40989.0,44.145,247
2024-09-12 10:50:00-04:00,44.15,44.24,44.12,44.19,15553.0,44.186,103
2024-09-12 10:55:00-04:00,44.19,44.25,44.16,44.22,40951.0,44.213,240
2024-09-12 11:00:00-04:00,44.21,44.27,44.14,44.27,16954.0,44.194,99
2024-09-12 11:05:00-04:00,44.25,44.33,44.24,44.26,19260.0,44.273,126
2024-09-12 11:10:00-04:00,44.26,44.26,44.21,44.22,17695.0,44.241,116
2024-09-12 11:15:00-04:00,44.22,44.24,44.17,44.21,35153.0,44.205,184
2024-09-12 11:20:00-04:00,44.2,44.25,44.2,44.2,41284.0,44.223,224
2024-09-12 11:25:00-04:00,44.2,44.2,44.11,44.13,39731.0,44.166,198
2024-09-12 11:30:00-04:00,44.12,44.14,44.07,44.12,39257.0,44.101,195
2024-09-12 11:35:00-04:00,44.13,44.27,44.13,44.23,14618.0,44.229,77
2024-09-12 11:40:00-04:00,44.23,44.28,44.21,44.23,26031.0,44.231,114
2024-09-12 11:45:00-04:00,44.23,44.24,44.21,44.23,4752.0,44.222,39
2024-09-12 11:50:00-04:00,44.23,44.26,44.21,44.26,8764.0,44.234,61
2024-09-12 11:55:00-04:00,44.26,44.31,44.25,44.28,6390.0,44.287,43
2024-09-12 12:00:00-04:00,44.28,44.36,44.27,44.35,6998.0,44.311,48
2024-09-12 12:05:00-04:00,44.35,44.37,44.32,44.34,9834.0,44.341,56
2024-09-12 12:10:00-04:00,44.34,44.36,44.32,44.33,9788.0,44.336,62
2024-09-12 12:15:00-04:00,44.34,44.38,44.33,44.35,8725.0,44.354,57
2024-09-12 12:20:00-04:00,44.35,44.46,44.34,44.39,20302.0,44.407,120
2024-09-12 12:25:00-04:00,44.4,44.43,44.34,44.34,15360.0,44.396,85
2024-09-12 12:30:00-04:00,44.34,44.35,44.2,44.21,19098.0,44.278,93
2024-09-12 12:35:00-04:00,44.21,44.26,44.21,44.25,14969.0,44.234,71
2024-09-12 12:40:00-04:00,44.23,44.34,44.23,44.33,10757.0,44.292,67
2024-09-12 12:45:00-04:00,44.32,44.34,44.31,44.32,6840.0,44.323,48
2024-09-12 12:50:00-04:00,44.32,44.43,44.31,44.4,11020.0,44.386,70
2024-09-12 12:55:00-04:00,44.45,44.5,44.43,44.47,8417.0,44.459,61
2024-09-12 13:00:00-04:00,44.46,44.47,44.43,44.47,3621.0,44.446,28
2024-09-12 13:05:00-04:00,44.47,44.47,44.34,44.34,31207.0,44.396,116
2024-09-12 13:10:00-04:00,44.34,44.34,44.26,44.27,13761.0,44.299,83
2024-09-12 13:15:00-04:00,44.28,44.3,44.21,44.21,27873.0,44.232,126
2024-09-12 13:20:00-04:00,44.21,44.3,44.15,44.3,26889.0,44.192,127
2024-09-12 13:25:00-04:00,44.31,44.32,44.28,44.3,10312.0,44.298,65
2024-09-12 13:30:00-04:00,44.31,44.42,44.3,44.33,36959.0,44.361,170
2024-09-12 13:35:00-04:00,44.34,44.46,44.34,44.46,4071.0,44.383,21
2024-09-12 13:40:00-04:00,44.45,44.49,44.43,44.45,10506.0,44.458,68
2024-09-12 13:45:00-04:00,44.46,44.48,44.44,44.47,11688.0,44.465,61
2024-09-12 13:50:00-04:00,44.48,44.5,44.45,44.46,10843.0,44.479,66
2024-09-12 13:55:00-04:00,44.48,44.49,44.45,44.47,7640.0,44.467,48
2024-09-12 14:00:00-04:00,44.46,44.5,44.45,44.48,5936.0,44.466,37
2024-09-12 14:05:00-04:00,44.48,44.55,44.45,44.45,25139.0,44.508,135
2024-09-12 14:10:00-04:00,44.45,44.52,44.45,44.47,13464.0,44.492,88
2024-09-12 14:15:00-04:00,44.47,44.47,44.4,44.41,13467.0,44.432,80
2024-09-12 14:20:00-04:00,44.41,44.44,44.41,44.44,14132.0,44.421,75
2024-09-12 14:25:00-04:00,44.44,44.44,44.39,44.39,11705.0,44.413,68
2024-09-12 14:30:00-04:00,44.39,44.41,44.35,44.36,19886.0,44.375,119
2024-09-12 14:35:00-04:00,44.36,44.38,44.32,44.33,16395.0,44.352,94
2024-09-12 14:40:00-04:00,44.33,44.36,44.33,44.36,17492.0,44.337,106
2024-09-12 14:45:00-04:00,44.36,44.39,44.32,44.33,28776.0,44.361,153
2024-09-12 14:50:00-04:00,44.32,44.32,44.22,44.29,23479.0,44.253,164
2024-09-12 14:55:00-04:00,44.3,44.34,44.3,44.33,10715.0,44.32,72
2024-09-12 15:00:00-04:00,44.32,44.35,44.28,44.33,16322.0,44.324,106
2024-09-12 15:05:00-04:00,44.33,44.37,44.32,44.36,16479.0,44.348,103
2024-09-12 15:10:00-04:00,44.36,44.37,44.33,44.34,12315.0,44.353,79
2024-09-12 15:15:00-04:00,44.34,44.38,44.34,44.37,28357.0,44.367,133
2024-09-12 15:20:00-04:00,44.37,44.38,44.33,44.38,17993.0,44.364,87
2024-09-12 15:25:00-04:00,44.37,44.38,44.31,44.33,25703.0,44.342,177
2024-09-12 15:30:00-04:00,44.32,44.32,44.28,44.3,45371.0,44.302,217
2024-09-12 15:35:00-04:00,44.31,44.35,44.31,44.34,19732.0,44.328,109
2024-09-12 15:40:00-04:00,44.34,44.5,44.33,44.5,56700.0,44.436,330
2024-09-12 15:45:00-04:00,44.51,44.6,44.5,44.55,94982.0,44.552,618
2024-09-12 15:50:00-04:00,44.56,44.6,44.51,44.57,132653.0,44.559,741
2024-09-12 15:55:00-04:00,44.58,44.65,44.56,44.6,260790.0,44.609,1312
2024-09-13 09:30:00-04:00,44.67,44.84,44.59,44.83,67842.0,44.717,192
2024-09-13 09:35:00-04:00,44.84,45.13,44.84,45.07,63502.0,45.001,189
2024-09-13 09:40:00-04:00,45.07,45.12,45.03,45.08,24914.0,45.064,147
2024-09-13 09:45:00-04:00,45.09,45.24,45.09,45.23,18072.0,45.164,140
2024-09-13 09:50:00-04:00,45.24,45.25,45.13,45.25,26522.0,45.209,167
2024-09-13 09:55:00-04:00,45.27,45.35,45.24,45.33,28865.0,45.297,192
2024-09-13 10:00:00-04:00,45.31,45.31,45.19,45.2,14310.0,45.237,112
2024-09-13 10:05:00-04:00,45.21,45.21,45.13,45.14,12212.0,45.151,79
2024-09-13 10:10:00-04:00,45.16,45.19,45.14,45.18,15803.0,45.164,109
2024-09-13 10:15:00-04:00,45.18,45.2,45.16,45.17,15446.0,45.178,91
2024-09-13 10:20:00-04:00,45.19,45.27,45.19,45.25,61912.0,45.228,362
2024-09-13 10:25:00-04:00,45.25,45.27,45.14,45.17,44075.0,45.221,160
2024-09-13 10:30:00-04:00,45.18,45.26,45.15,45.22,46244.0,45.219,211
2024-09-13 10:35:00-04:00,45.22,45.29,45.21,45.26,22852.0,45.246,156
2024-09-13 10:40:00-04:00,45.27,45.39,45.27,45.39,15396.0,45.321,94
2024-09-13 10:45:00-04:00,45.39,45.45,45.37,45.44,24473.0,45.414,133
2024-09-13 10:50:00-04:00,45.43,45.49,45.43,45.47,52457.0,45.471,214
2024-09-13 10:55:00-04:00,45.47,45.56,45.47,45.55,20859.0,45.518,146
2024-09-13 11:00:00-04:00,45.56,45.67,45.54,45.64,79998.0,45.615,323
2024-09-13 11:05:00-04:00,45.64,45.77,45.64,45.75,29118.0,45.705,162
2024-09-13 11:10:00-04:00,45.76,45.88,45.76,45.83,100010.0,45.837,431
2024-09-13 11:15:00-04:00,45.82,45.83,45.71,45.74,135781.0,45.792,478
2024-09-13 11:20:00-04:00,45.73,45.74,45.67,45.69,42296.0,45.721,187
2024-09-13 11:25:00-04:00,45.69,45.76,45.66,45.72,88250.0,45.714,367
2024-09-13 11:30:00-04:00,45.71,45.73,45.63,45.66,24531.0,45.678,159
2024-09-13 11:35:00-04:00,45.64,45.72,45.51,45.51,65221.0,45.624,334
2024-09-13 11:40:00-04:00,45.5,45.51,45.43,45.47,23947.0,45.473,96
2024-09-13 11:45:00-04:00,45.47,45.59,45.47,45.59,8694.0,45.527,55
2024-09-13 11:50:00-04:00,45.58,45.59,45.53,45.56,10582.0,45.557,80
2024-09-13 11:55:00-04:00,45.54,45.54,45.47,45.47,5242.0,45.502,47
2024-09-13 12:00:00-04:00,45.46,45.51,45.46,45.47,9940.0,45.48,68
2024-09-13 12:05:00-04:00,45.47,45.48,45.43,45.43,12529.0,45.462,83
2024-09-13 12:10:00-04:00,45.43,45.43,45.33,45.34,7184.0,45.358,48
2024-09-13 12:15:00-04:00,45.32,45.34,45.31,45.31,7219.0,45.318,49
2024-09-13 12:20:00-04:00,45.31,45.37,45.3,45.36,10609.0,45.329,87
2024-09-13 12:25:00-04:00,45.37,45.45,45.37,45.45,7888.0,45.415,53
2024-09-13 12:30:00-04:00,45.45,45.45,45.35,45.37,12947.0,45.399,74
2024-09-13 12:35:00-04:00,45.36,45.47,45.36,45.47,19398.0,45.404,101
2024-09-13 12:40:00-04:00,45.48,45.57,45.48,45.57,15199.0,45.516,92
2024-09-13 12:45:00-04:00,45.58,45.65,45.57,45.64,106575.0,45.617,378
2024-09-13 12:50:00-04:00,45.62,45.71,45.56,45.68,41140.0,45.632,142
2024-09-13 12:55:00-04:00,45.68,45.8,45.67,45.73,59621.0,45.758,217
2024-09-13 13:00:00-04:00,45.73,45.8,45.68,45.73,55693.0,45.756,187
2024-09-13 13:05:00-04:00,45.72,45.73,45.64,45.66,6155.0,45.679,57
2024-09-13 13:10:00-04:00,45.66,45.79,45.6,45.6,117194.0,45.718,455
2024-09-13 13:15:00-04:00,45.58,45.58,45.45,45.46,7081.0,45.508,50
2024-09-13 13:20:00-04:00,45.44,45.44,45.35,45.36,3028.0,45.386,27
2024-09-13 13:25:00-04:00,45.37,45.43,45.37,45.41,11978.0,45.404,66
2024-09-13 13:30:00-04:00,45.41,45.42,45.38,45.39,3689.0,45.398,30
2024-09-13 13:35:00-04:00,45.4,45.45,45.4,45.42,5626.0,45.427,50
2024-09-13 13:40:00-04:00,45.42,45.42,45.37,45.4,6149.0,45.399,39
2024-09-13 13:45:00-04:00,45.39,45.4,45.36,45.36,4379.0,45.382,37
2024-09-13 13:50:00-04:00,45.37,45.39,45.32,45.36,15320.0,45.36,69
2024-09-13 13:55:00-04:00,45.34,45.35,45.28,45.29,5791.0,45.306,44
2024-09-13 14:00:00-04:00,45.3,45.3,45.21,45.23,8518.0,45.249,68
2024-09-13 14:05:00-04:00,45.24,45.32,45.24,45.31,18871.0,45.282,83
2024-09-13 14:10:00-04:00,45.3,45.3,45.24,45.27,14093.0,45.256,93
2024-09-13 14:15:00-04:00,45.28,45.28,45.18,45.21,9340.0,45.219,68
2024-09-13 14:20:00-04:00,45.21,45.26,45.21,45.21,15350.0,45.233,107
2024-09-13 14:25:00-04:00,45.2,45.2,45.15,45.16,4702.0,45.18,35
2024-09-13 14:30:00-04:00,45.15,45.16,45.12,45.13,8794.0,45.139,62
2024-09-13 14:35:00-04:00,45.13,45.13,45.09,45.12,11041.0,45.114,75
2024-09-13 14:40:00-04:00,45.12,45.13,45.1,45.11,11708.0,45.125,83
2024-09-13 14:45:00-04:00,45.12,45.13,45.09,45.1,9696.0,45.115,58
2024-09-13 14:50:00-04:00,45.08,45.09,45.03,45.04,9128.0,45.057,81
2024-09-13 14:55:00-04:00,45.03,45.07,45.02,45.03,11264.0,45.047,80
2024-09-13 15:00:00-04:00,45.02,45.06,45.0,45.06,9716.0,45.02,72
2024-09-13 15:05:00-04:00,45.05,45.09,45.02,45.05,9370.0,45.054,61
2024-09-13 15:10:00-04:00,45.03,45.04,44.98,45.01,12438.0,45.014,90
2024-09-13 15:15:00-04:00,45.0,45.02,44.98,45.01,45665.0,44.995,194
2024-09-13 15:20:00-04:00,44.99,45.02,44.98,44.98,15749.0,44.996,122
2024-09-13 15:25:00-04:00,44.99,45.0,44.95,45.0,21363.0,44.981,148
2024-09-13 15:30:00-04:00,45.0,45.0,44.93,44.94,19390.0,44.955,118
2024-09-13 15:35:00-04:00,44.93,44.94,44.83,44.84,23798.0,44.867,174
2024-09-13 15:40:00-04:00,44.86,44.86,44.79,44.79,28503.0,44.814,190
2024-09-13 15:45:00-04:00,44.81,44.82,44.78,44.81,35365.0,44.803,262
2024-09-13 15:50:00-04:00,44.8,44.86,44.79,44.84,51116.0,44.819,339
2024-09-13 15:55:00-04:00,44.84,44.95,44.83,44.92,227766.0,44.869,1222
2024-09-16 09:30:00-04:00,44.71,44.84,44.7,44.82,84446.0,44.755,248
2024-09-16 09:35:00-04:00,44.83,44.93,44.76,44.91,29854.0,44.852,187
2024-09-16 09:40:00-04:00,44.92,45.14,44.9,45.03,61897.0,45.032,298
2024-09-16 09:45:00-04:00,45.01,45.02,44.89,45.0,50848.0,44.947,282
2024-09-16 09:50:00-04:00,45.0,45.26,44.97,45.23,47370.0,45.141,323
2024-09-16 09:55:00-04:00,45.22,45.26,45.15,45.19,23672.0,45.208,165
2024-09-16 10:00:00-04:00,45.2,45.33,45.13,45.33,55081.0,45.216,232
2024-09-16 10:05:00-04:00,45.34,45.46,45.33,45.38,60936.0,45.403,271
2024-09-16 10:10:00-04:00,45.4,45.54,45.39,45.52,86735.0,45.468,334
2024-09-16 10:15:00-04:00,45.52,45.66,45.52,45.63,65855.0,45.614,274
2024-09-16 10:20:00-04:00,45.63,45.65,45.49,45.58,102415.0,45.58,362
2024-09-16 10:25:00-04:00,45.57,45.58,45.5,45.51,141847.0,45.53,471
2024-09-16 10:30:00-04:00,45.51,45.53,45.44,45.47,165695.0,45.473,451
2024-09-16 10:35:00-04:00,45.48,45.55,45.43,45.52,122796.0,45.508,446
2024-09-16 10:40:00-04:00,45.48,45.58,45.46,45.54,127302.0,45.534,467
2024-09-16 10:45:00-04:00,45.55,45.55,45.4,45.48,46098.0,45.47,207
2024-09-16 10:50:00-04:00,45.49,45.53,45.26,45.3,39712.0,45.433,178
2024-09-16 10:55:00-04:00,45.29,45.29,45.18,45.25,12026.0,45.231,83
2024-09-16 11:00:00-04:00,45.24,45.32,45.19,45.32,47055.0,45.245,272
2024-09-16 11:05:00-04:00,45.33,45.49,45.32,45.48,62154.0,45.425,210
2024-09-16 11:10:00-04:00,45.49,45.61,45.49,45.59,59894.0,45.576,233
2024-09-16 11:15:00-04:00,45.6,45.61,45.53,45.55,13600.0,45.577,80
2024-09-16 11:20:00-04:00,45.55,45.66,45.54,45.62,191589.0,45.593,579
2024-09-16 11:25:00-04:00,45.62,45.63,45.45,45.53,105960.0,45.519,382
2024-09-16 11:30:00-04:00,45.52,45.62,45.51,45.54,198173.0,45.556,689
2024-09-16 11:35:00-04:00,45.53,45.55,45.45,45.52,27527.0,45.504,149
2024-09-16 11:40:00-04:00,45.52,45.63,45.52,45.6,43474.0,45.582,151
2024-09-16 11:45:00-04:00,45.6,45.83,45.6,45.78,112716.0,45.788,273
2024-09-16 11:50:00-04:00,45.78,45.93,45.74,45.91,38793.0,45.856,143
2024-09-16 11:55:00-04:00,45.92,46.06,45.89,46.03,51833.0,45.985,202
2024-09-16 12:00:00-04:00,46.02,46.14,45.98,46.09,118975.0,46.082,429
2024-09-16 12:05:00-04:00,46.1,46.2,46.09,46.2,46747.0,46.128,190
2024-09-16 12:10:00-04:00,46.2,46.25,46.12,46.19,163178.0,46.21,419
2024-09-16 12:15:00-04:00,46.19,46.25,45.88,45.89,25157.0,46.042,117
2024-09-16 12:20:00-04:00,45.87,45.89,45.72,45.73,26788.0,45.805,161
2024-09-16 12:25:00-04:00,45.73,45.92,45.73,45.91,22198.0,45.829,76
2024-09-16 12:30:00-04:00,45.91,45.91,45.73,45.76,7942.0,45.811,64
2024-09-16 12:35:00-04:00,45.77,45.82,45.74,45.74,5281.0,45.773,44
2024-09-16 12:40:00-04:00,45.75,45.82,45.72,45.78,10986.0,45.76,61
2024-09-16 12:45:00-04:00,45.77,45.81,45.74,45.75,5046.0,45.766,42
2024-09-16 12:50:00-04:00,45.75,45.79,45.72,45.72,13863.0,45.759,75
2024-09-16 12:55:00-04:00,45.72,45.73,45.68,45.69,6436.0,45.704,50
2024-09-16 13:00:00-04:00,45.69,45.78,45.68,45.74,16453.0,45.741,101
2024-09-16 13:05:00-04:00,45.74,45.75,45.68,45.71,9159.0,45.705,66
2024-09-16 13:10:00-04:00,45.72,45.73,45.65,45.65,11763.0,45.7,74
2024-09-16 13:15:00-04:00,45.66,45.68,45.65,45.68,9847.0,45.669,60
2024-09-16 13:20:00-04:00,45.69,45.72,45.67,45.72,13863.0,45.687,70
2024-09-16 13:25:00-04:00,45.72,45.72,45.68,45.69,6299.0,45.703,52
2024-09-16 13:30:00-04:00,45.7,45.76,45.7,45.76,10145.0,45.726,80
2024-09-16 13:35:00-04:00,45.76,45.78,45.7,45.77,17520.0,45.747,103
2024-09-16 13:40:00-04:00,45.77,45.77,45.7,45.75,12178.0,45.735,75
2024-09-16 13:45:00-04:00,45.73,45.74,45.71,45.73,4362.0,45.722,35
2024-09-16 13:50:00-04:00,45.73,45.76,45.71,45.74,9941.0,45.733,71
2024-09-16 13:55:00-04:00,45.75,45.79,45.74,45.77,11990.0,45.758,86
2024-09-16 14:00:00-04:00,45.76,45.77,45.68,45.7,6488.0,45.726,53
2024-09-16 14:05:00-04:00,45.69,45.69,45.66,45.69,10126.0,45.674,72
2024-09-16 14:10:00-04:00,45.69,45.7,45.67,45.69,5590.0,45.685,38
2024-09-16 14:15:00-04:00,45.68,45.68,45.53,45.55,63608.0,45.568,339
2024-09-16 14:20:00-04:00,45.55,46.14,45.51,46.11,148766.0,45.935,913
2024-09-16 14:25:00-04:00,46.12,46.3,45.96,46.09,114357.0,46.134,635
2024-09-16 14:30:00-04:00,46.1,46.29,45.97,46.29,36984.0,46.068,259
2024-09-16 14:35:00-04:00,46.29,46.43,46.25,46.42,24139.0,46.332,168
2024-09-16 14:40:00-04:00,46.43,46.58,46.41,46.55,57508.0,46.48,411
2024-09-16 14:45:00-04:00,46.56,46.64,46.48,46.51,90478.0,46.564,514
2024-09-16 14:50:00-04:00,46.51,46.52,46.38,46.41,43339.0,46.433,273
2024-09-16 14:55:00-04:00,46.41,46.42,46.34,46.39,17964.0,46.382,129
2024-09-16 15:00:00-04:00,46.38,46.44,46.31,46.36,65439.0,46.381,295
2024-09-16 15:05:00-04:00,46.35,46.47,46.35,46.43,13892.0,46.417,99
2024-09-16 15:10:00-04:00,46.43,46.48,46.21,46.21,25303.0,46.386,153
2024-09-16 15:15:00-04:00,46.2,46.29,46.2,46.29,17870.0,46.249,118
2024-09-16 15:20:00-04:00,46.3,46.33,46.29,46.33,18646.0,46.312,119
2024-09-16 15:25:00-04:00,46.33,46.55,46.32,46.54,68081.0,46.458,394
2024-09-16 15:30:00-04:00,46.54,46.57,46.45,46.51,99197.0,46.512,474
2024-09-16 15:35:00-04:00,46.51,46.56,46.45,46.51,44966.0,46.506,296
2024-09-16 15:40:00-04:00,46.52,46.72,46.51,46.64,59675.0,46.638,426
2024-09-16 15:45:00-04:00,46.64,46.72,46.54,46.54,76375.0,46.669,449
2024-09-16 15:50:00-04:00,46.55,46.8,46.52,46.71,142928.0,46.678,830
2024-09-16 15:55:00-04:00,46.7,46.78,46.65,46.72,309590.0,46.713,1304
2024-09-17 09:30:00-04:00,46.9,46.92,46.69,46.82,48441.0,46.851,116
2024-09-17 09:35:00-04:00,46.84,47.06,46.84,46.99,49632.0,46.967,249
2024-09-17 09:40:00-04:00,46.99,47.0,46.91,46.94,19204.0,46.962,147
2024-09-17 09:45:00-04:00,46.93,47.05,46.89,46.99,40732.0,46.955,190
2024-09-17 09:50:00-04:00,47.01,47.11,46.95,46.98,46833.0,47.032,220
2024-09-17 09:55:00-04:00,46.97,47.02,46.94,46.95,30924.0,46.977,187
2024-09-17 10:00:00-04:00,46.96,47.28,46.94,47.27,87574.0,47.069,589
2024-09-17 10:05:00-04:00,47.26,47.39,47.26,47.34,49624.0,47.343,329
2024-09-17 10:10:00-04:00,47.33,47.41,47.28,47.41,62055.0,47.354,292
2024-09-17 10:15:00-04:00,47.4,47.55,47.4,47.54,67320.0,47.506,338
2024-09-17 10:20:00-04:00,47.54,47.65,47.51,47.57,112750.0,47.573,590
2024-09-17 10:25:00-04:00,47.57,47.75,47.55,47.7,51684.0,47.652,302
2024-09-17 10:30:00-04:00,47.7,47.83,47.7,47.71,181332.0,47.754,633
2024-09-17 10:35:00-04:00,47.69,47.69,47.3,47.32,32426.0,47.478,213
2024-09-17 10:40:00-04:00,47.32,47.33,47.15,47.17,20561.0,47.245,139
2024-09-17 10:45:00-04:00,47.18,47.21,47.12,47.12,13627.0,47.168,97
2024-09-17 10:50:00-04:00,47.14,47.15,46.99,46.99,17349.0,47.069,109
2024-09-17 10:55:00-04:00,46.98,46.98,46.86,46.94,25526.0,46.918,125
2024-09-17 11:00:00-04:00,46.94,47.04,46.92,46.98,17837.0,46.992,107
2024-09-17 11:05:00-04:00,46.98,47.0,46.91,46.97,14723.0,46.961,99
2024-09-17 11:10:00-04:00,46.98,47.0,46.86,46.96,27017.0,46.927,156
2024-09-17 11:15:00-04:00,46.97,47.06,46.96,47.0,18607.0,47.02,117
2024-09-17 11:20:00-04:00,47.0,47.02,46.94,46.97,14759.0,46.977,103
2024-09-17 11:25:00-04:00,46.97,47.12,46.96,47.06,37812.0,47.042,212
2024-09-17 11:30:00-04:00,47.07,47.08,46.95,46.96,47755.0,47.023,198
2024-09-17 11:35:00-04:00,46.95,47.11,46.9,47.0,65933.0,47.022,341
2024-09-17 11:40:00-04:00,47.0,47.0,46.94,46.98,30263.0,46.965,86
2024-09-17 11:45:00-04:00,46.98,46.99,46.93,46.94,20175.0,46.946,70
2024-09-17 11:50:00-04:00,46.94,46.96,46.9,46.92,9916.0,46.931,78
2024-09-17 11:55:00-04:00,46.92,46.96,46.9,46.93,20042.0,46.916,70
2024-09-17 12:00:00-04:00,46.93,46.93,46.84,46.87,26118.0,46.87,112
2024-09-17 12:05:00-04:00,46.88,46.93,46.88,46.93,5699.0,46.913,31
2024-09-17 12:10:00-04:00,46.93,46.96,46.91,46.96,4684.0,46.93,32
2024-09-17 12:15:00-04:00,46.97,46.97,46.91,46.92,9554.0,46.932,73
2024-09-17 12:20:00-04:00,46.93,46.97,46.91,46.96,6991.0,46.938,55
2024-09-17 12:25:00-04:00,46.96,47.0,46.93,46.99,5285.0,46.968,48
2024-09-17 12:30:00-04:00,46.97,47.0,46.94,46.97,3612.0,46.973,31
2024-09-17 12:35:00-04:00,46.99,46.99,46.93,46.94,3335.0,46.954,30
2024-09-17 12:40:00-04:00,46.96,46.96,46.87,46.92,5483.0,46.91,44
2024-09-17 12:45:00-04:00,46.9,46.93,46.86,46.91,21224.0,46.896,123
2024-09-17 12:50:00-04:00,46.91,47.0,46.88,46.99,32915.0,46.928,215
2024-09-17 12:55:00-04:00,46.98,47.11,46.97,47.07,112774.0,47.075,661
2024-09-17 13:00:00-04:00,47.05,47.24,47.05,47.19,98843.0,47.156,473
2024-09-17 13:05:00-04:00,47.19,47.24,47.16,47.23,40389.0,47.19,233
2024-09-17 13:10:00-04:00,47.24,47.35,47.23,47.35,139340.0,47.291,611
2024-09-17 13:15:00-04:00,47.36,47.52,47.32,47.52,101501.0,47.41,417
2024-09-17 13:20:00-04:00,47.52,47.68,47.49,47.62,128237.0,47.561,594
2024-09-17 13:25:00-04:00,47.59,47.61,47.21,47.21,59782.0,47.423,268
2024-09-17 13:30:00-04:00,47.21,47.22,47.11,47.12,25249.0,47.164,163
2024-09-17 13:35:00-04:00,47.14,47.2,47.12,47.12,8706.0,47.154,70
2024-09-17 13:40:00-04:00,47.11,47.11,47.05,47.06,10490.0,47.075,82
2024-09-17 13:45:00-04:00,47.06,47.09,47.02,47.05,13302.0,47.049,112
2024-09-17 13:50:00-04:00,47.04,47.11,47.02,47.1,18539.0,47.052,99
2024-09-17 13:55:00-04:00,47.09,47.13,47.08,47.09,8751.0,47.098,67
2024-09-17 14:00:00-04:00,47.08,47.12,47.05,47.11,10150.0,47.08,73
2024-09-17 14:05:00-04:00,47.09,47.13,47.08,47.1,9269.0,47.102,69
2024-09-17 14:10:00-04:00,47.11,47.11,47.06,47.06,5587.0,47.076,44
2024-09-17 14:15:00-04:00,47.05,47.08,47.05,47.07,7908.0,47.066,58
2024-09-17 14:20:00-04:00,47.07,47.2,47.05,47.18,26552.0,47.155,165
2024-09-17 14:25:00-04:00,47.18,47.18,47.1,47.13,7748.0,47.134,72
2024-09-17 14:30:00-04:00,47.12,47.12,47.07,47.11,5437.0,47.091,44
2024-09-17 14:35:00-04:00,47.11,47.16,47.08,47.13,8447.0,47.115,73
2024-09-17 14:40:00-04:00,47.12,47.13,47.11,47.12,9586.0,47.119,59
2024-09-17 14:45:00-04:00,47.12,47.12,47.02,47.05,14565.0,47.07,93
2024-09-17 14:50:00-04:00,47.04,47.04,46.98,47.0,8300.0,47.004,68
2024-09-17 14:55:00-04:00,47.01,47.04,46.99,47.01,11290.0,47.012,75
2024-09-17 15:00:00-04:00,47.0,47.24,46.99,47.23,39475.0,47.119,219
2024-09-17 15:05:00-04:00,47.23,47.37,47.22,47.37,65106.0,47.279,323
2024-09-17 15:10:00-04:00,47.38,47.51,47.38,47.51,121444.0,47.457,593
2024-09-17 15:15:00-04:00,47.52,47.58,47.31,47.37,77366.0,47.485,372
2024-09-17 15:20:00-04:00,47.36,47.36,47.12,47.13,22273.0,47.209,171
2024-09-17 15:25:00-04:00,47.13,47.16,47.07,47.13,23243.0,47.116,178
2024-09-17 15:30:00-04:00,47.12,47.12,47.03,47.05,17775.0,47.07,140
2024-09-17 15:35:00-04:00,47.05,47.06,47.01,47.03,14961.0,47.031,102
2024-09-17 15:40:00-04:00,47.03,47.15,47.03,47.15,25514.0,47.077,163
2024-09-17 15:45:00-04:00,47.15,47.26,47.11,47.17,109886.0,47.207,489
2024-09-17 15:50:00-04:00,47.11,47.35,47.11,47.34,128433.0,47.277,654
2024-09-17 15:55:00-04:00,47.33,47.38,47.24,47.33,302401.0,47.324,1336
2024-09-18 09:30:00-04:00,47.44,47.54,47.17,47.31,37123.0,47.385,141
2024-09-18 09:35:00-04:00,47.23,47.43,47.23,47.43,12576.0,47.339,77
2024-09-18 09:40:00-04:00,47.43,47.52,47.37,47.5,9187.0,47.441,67
2024-09-18 09:45:00-04:00,47.51,47.56,47.41,47.51,18614.0,47.48,115
2024-09-18 09:50:00-04:00,47.52,47.64,47.5,47.62,36956.0,47.574,229
2024-09-18 09:55:00-04:00,47.61,47.69,47.61,47.66,52340.0,47.655,233
2024-09-18 10:00:00-04:00,47.67,47.83,47.66,47.82,122513.0,47.768,458
2024-09-18 10:05:00-04:00,47.82,47.86,47.67,47.72,160888.0,47.787,493
2024-09-18 10:10:00-04:00,47.72,47.78,47.58,47.6,42012.0,47.703,213
2024-09-18 10:15:00-04:00,47.61,47.66,47.52,47.63,31852.0,47.604,221
2024-09-18 10:20:00-04:00,47.61,47.61,47.52,47.57,17117.0,47.56,130
2024-09-18 10:25:00-04:00,47.55,47.61,47.52,47.57,10114.0,47.56,73
2024-09-18 10:30:00-04:00,47.57,47.6,47.49,47.59,29633.0,47.552,154
2024-09-18 10:35:00-04:00,47.6,47.63,47.51,47.56,28246.0,47.558,203
2024-09-18 10:40:00-04:00,47.58,47.62,47.5,47.62,21213.0,47.563,133
2024-09-18 10:45:00-04:00,47.61,47.61,47.48,47.54,14710.0,47.533,120
2024-09-18 10:50:00-04:00,47.54,47.56,47.46,47.49,15226.0,47.534,99
2024-09-18 10:55:00-04:00,47.47,47.49,47.43,47.48,10373.0,47.457,82
2024-09-18 11:00:00-04:00,47.47,47.5,47.46,47.48,6752.0,47.479,46
2024-09-18 11:05:00-04:00,47.48,47.54,47.48,47.5,13861.0,47.505,108
2024-09-18 11:10:00-04:00,47.52,47.53,47.45,47.53,11827.0,47.492,80
2024-09-18 11:15:00-04:00,47.53,47.55,47.52,47.55,7484.0,47.531,62
2024-09-18 11:20:00-04:00,47.54,47.56,47.52,47.53,21820.0,47.535,155
2024-09-18 11:25:00-04:00,47.52,47.54,47.47,47.52,16151.0,47.5,134
2024-09-18 11:30:00-04:00,47.52,47.52,47.39,47.44,45417.0,47.444,296
2024-09-18 11:35:00-04:00,47.44,47.48,47.39,47.46,22344.0,47.449,112
2024-09-18 11:40:00-04:00,47.47,47.53,47.46,47.48,14239.0,47.492,105
2024-09-18 11:45:00-04:00,47.48,47.5,47.38,47.46,43209.0,47.417,163
2024-09-18 11:50:00-04:00,47.46,47.52,47.42,47.47,77467.0,47.484,301
2024-09-18 11:55:00-04:00,47.49,47.6,47.49,47.55,97089.0,47.566,348
2024-09-18 12:00:00-04:00,47.54,47.61,47.52,47.61,29716.0,47.575,195
2024-09-18 12:05:00-04:00,47.62,47.76,47.61,47.76,67867.0,47.665,216
2024-09-18 12:10:00-04:00,47.76,47.94,47.75,47.92,40047.0,47.849,193
2024-09-18 12:15:00-04:00,47.91,47.98,47.9,47.97,52273.0,47.938,217
2024-09-18 12:20:00-04:00,47.97,47.99,47.91,47.96,62607.0,47.955,191
2024-09-18 12:25:00-04:00,47.95,47.99,47.95,47.98,11502.0,47.979,60
2024-09-18 12:30:00-04:00,47.97,48.1,47.94,48.1,37460.0,47.999,118
2024-09-18 12:35:00-04:00,48.1,48.26,48.07,48.25,32925.0,48.187,142
2024-09-18 12:40:00-04:00,48.26,48.42,48.25,48.41,56801.0,48.329,188
2024-09-18 12:45:00-04:00,48.41,48.44,48.07,48.23,124193.0,48.273,525
2024-09-18 12:50:00-04:00,48.23,48.27,48.15,48.25,32890.0,48.216,150
2024-09-18 12:55:00-04:00,48.25,48.29,48.17,48.25,14186.0,48.215,97
2024-09-18 13:00:00-04:00,48.25,48.27,48.17,48.22,8235.0,48.234,69
2024-09-18 13:05:00-04:00,48.21,48.22,48.13,48.22,14266.0,48.176,112
2024-09-18 13:10:00-04:00,48.21,48.33,48.19,48.25,77421.0,48.237,310
2024-09-18 13:15:00-04:00,48.24,48.3,48.18,48.29,10455.0,48.215,65
2024-09-18 13:20:00-04:00,48.29,48.29,48.2,48.25,25562.0,48.227,93
2024-09-18 13:25:00-04:00,48.26,48.28,48.21,48.23,17508.0,48.247,90
2024-09-18 13:30:00-04:00,48.22,48.26,48.2,48.25,11019.0,48.223,64
2024-09-18 13:35:00-04:00,48.24,48.28,48.11,48.16,19324.0,48.186,103
2024-09-18 13:40:00-04:00,48.15,48.16,48.08,48.1,6879.0,48.12,61
2024-09-18 13:45:00-04:00,48.12,48.14,48.06,48.06,5412.0,48.104,48
2024-09-18 13:50:00-04:00,48.06,48.08,48.03,48.03,5952.0,48.054,44
2024-09-18 13:55:00-04:00,48.03,48.03,48.0,48.02,6055.0,48.018,55
2024-09-18 14:00:00-04:00,48.01,48.57,47.97,48.26,25562.0,48.328,171
2024-09-18 14:05:00-04:00,48.27,48.43,48.22,48.3,7601.0,48.322,58
2024-09-18 14:10:00-04:00,48.31,48.32,48.01,48.23,12921.0,48.166,90
2024-09-18 14:15:00-04:00,48.2,48.33,48.19,48.28,6699.0,48.258,54
2024-09-18 14:20:00-04:00,48.32,48.34,48.24,48.28,4137.0,48.286,38
2024-09-18 14:25:00-04:00,48.29,48.33,48.14,48.33,63855.0,48.258,110
2024-09-18 14:30:00-04:00,48.36,48.49,48.34,48.49,8464.0,48.39,65
2024-09-18 14:35:00-04:00,48.48,48.48,48.2,48.45,12258.0,48.351,102
2024-09-18 14:40:00-04:00,48.45,48.51,48.19,48.22,21456.0,48.348,125
2024-09-18 14:45:00-04:00,48.19,48.39,48.17,48.22,15666.0,48.259,123
2024-09-18 14:50:00-04:00,48.2,48.43,48.2,48.37,15208.0,48.351,127
2024-09-18 14:55:00-04:00,48.36,48.42,48.2,48.26,20785.0,48.349,184
2024-09-18 15:00:00-04:00,48.17,48.19,48.07,48.1,10655.0,48.121,73
2024-09-18 15:05:00-04:00,48.09,48.12,47.96,48.09,14624.0,48.016,123
2024-09-18 15:10:00-04:00,48.08,48.23,48.03,48.22,23773.0,48.111,173
2024-09-18 15:15:00-04:00,48.22,48.23,48.09,48.15,10564.0,48.167,93
2024-09-18 15:20:00-04:00,48.14,48.15,47.94,48.12,23047.0,48.034,183
2024-09-18 15:25:00-04:00,48.14,48.19,48.05,48.1,27867.0,48.131,210
2024-09-18 15:30:00-04:00,48.09,48.1,47.89,47.93,40424.0,48.014,281
2024-09-18 15:35:00-04:00,47.9,47.99,47.85,47.93,22418.0,47.909,180
2024-09-18 15:40:00-04:00,47.91,47.93,47.72,47.73,36869.0,47.831,295
2024-09-18 15:45:00-04:00,47.72,47.81,47.67,47.73,57152.0,47.738,342
2024-09-18 15:50:00-04:00,47.72,47.96,47.71,47.91,57840.0,47.865,437
2024-09-18 15:55:00-04:00,47.91,47.92,47.81,47.85,195089.0,47.861,1078
2024-09-19 09:30:00-04:00,49.0,49.14,48.97,48.99,83515.0,49.017,302
2024-09-19 09:35:00-04:00,48.99,49.01,48.79,48.81,23511.0,48.903,144
2024-09-19 09:40:00-04:00,48.8,48.81,48.57,48.57,15730.0,48.699,95
2024-09-19 09:45:00-04:00,48.54,48.56,48.37,48.48,20553.0,48.437,107
2024-09-19 09:50:00-04:00,48.49,48.49,48.3,48.38,24851.0,48.371,116
2024-09-19 09:55:00-04:00,48.44,48.63,48.44,48.61,5349.0,48.564,40
2024-09-19 10:00:00-04:00,48.62,48.64,48.49,48.52,9193.0,48.56,79
2024-09-19 10:05:00-04:00,48.52,48.54,48.36,48.37,6509.0,48.477,52
2024-09-19 10:10:00-04:00,48.37,48.39,48.28,48.3,8024.0,48.323,56
2024-09-19 10:15:00-04:00,48.33,48.45,48.3,48.42,9844.0,48.358,62
2024-09-19 10:20:00-04:00,48.43,48.43,48.33,48.36,18419.0,48.362,84
2024-09-19 10:25:00-04:00,48.36,48.47,48.36,48.43,12479.0,48.425,105
2024-09-19 10:30:00-04:00,48.43,48.53,48.43,48.52,21151.0,48.495,163
2024-09-19 10:35:00-04:00,48.5,48.57,48.5,48.57,16563.0,48.541,117
2024-09-19 10:40:00-04:00,48.57,48.58,48.49,48.53,10096.0,48.529,81
2024-09-19 10:45:00-04:00,48.52,48.52,48.42,48.47,15717.0,48.464,129
2024-09-19 10:50:00-04:00,48.48,48.55,48.48,48.5,24650.0,48.515,112
2024-09-19 10:55:00-04:00,48.51,48.58,48.51,48.56,13513.0,48.548,104
2024-09-19 11:00:00-04:00,48.55,48.85,48.54,48.84,51127.0,48.72,294
2024-09-19 11:05:00-04:00,48.84,48.84,48.76,48.8,51354.0,48.799,350
2024-09-19 11:10:00-04:00,48.8,48.87,48.79,48.82,18738.0,48.822,156
2024-09-19 11:15:00-04:00,48.83,48.86,48.81,48.84,11253.0,48.842,97
2024-09-19 11:20:00-04:00,48.84,48.93,48.84,48.91,13794.0,48.881,121
2024-09-19 11:25:00-04:00,48.93,48.95,48.8,48.83,32211.0,48.892,226
2024-09-19 11:30:00-04:00,48.82,48.86,48.78,48.85,65551.0,48.803,377
2024-09-19 11:35:00-04:00,48.86,49.09,48.85,49.06,25025.0,49.011,153
2024-09-19 11:40:00-04:00,49.05,49.1,49.05,49.09,19481.0,49.079,113
2024-09-19 11:45:00-04:00,49.11,49.17,49.1,49.14,12828.0,49.141,109
2024-09-19 11:50:00-04:00,49.16,49.22,49.12,49.22,10258.0,49.165,91
2024-09-19 11:55:00-04:00,49.21,49.23,49.18,49.22,10317.0,49.201,81
2024-09-19 12:00:00-04:00,49.22,49.34,49.2,49.34,9745.0,49.269,82
2024-09-19 12:05:00-04:00,49.34,49.35,49.3,49.33,9307.0,49.322,78
2024-09-19 12:10:00-04:00,49.33,49.33,49.19,49.21,9732.0,49.257,84
2024-09-19 12:15:00-04:00,49.2,49.3,49.19,49.26,8849.0,49.257,81
2024-09-19 12:20:00-04:00,49.28,49.28,49.13,49.16,11052.0,49.197,90
2024-09-19 12:25:00-04:00,49.18,49.22,49.17,49.21,8055.0,49.195,56
2024-09-19 12:30:00-04:00,49.19,49.25,49.17,49.24,6557.0,49.203,50
2024-09-19 12:35:00-04:00,49.23,49.24,49.15,49.16,12287.0,49.191,81
2024-09-19 12:40:00-04:00,49.15,49.17,49.11,49.13,9779.0,49.147,81
2024-09-19 12:45:00-04:00,49.14,49.22,49.12,49.22,22991.0,49.16,88
2024-09-19 12:50:00-04:00,49.23,49.29,49.22,49.29,10408.0,49.252,86
2024-09-19 12:55:00-04:00,49.28,49.32,49.24,49.28,17455.0,49.282,132
2024-09-19 13:00:00-04:00,49.28,49.33,49.23,49.33,11273.0,49.27,94
2024-09-19 13:05:00-04:00,49.32,49.32,49.25,49.3,14496.0,49.291,119
2024-09-19 13:10:00-04:00,49.29,49.31,49.21,49.24,13978.0,49.254,95
2024-09-19 13:15:00-04:00,49.25,49.28,49.22,49.27,11386.0,49.249,95
2024-09-19 13:20:00-04:00,49.26,49.33,49.24,49.28,14929.0,49.287,120
2024-09-19 13:25:00-04:00,49.27,49.31,49.25,49.26,11347.0,49.285,98
2024-09-19 13:30:00-04:00,49.26,49.31,49.26,49.3,11264.0,49.281,78
2024-09-19 13:35:00-04:00,49.3,49.37,49.28,49.36,39177.0,49.31,125
2024-09-19 13:40:00-04:00,49.36,49.36,49.32,49.36,10987.0,49.346,95
2024-09-19 13:45:00-04:00,49.38,49.43,49.34,49.36,12723.0,49.384,101
2024-09-19 13:50:00-04:00,49.37,49.39,49.34,49.39,8568.0,49.363,74
2024-09-19 13:55:00-04:00,49.39,49.39,49.33,49.33,11049.0,49.358,93
2024-09-19 14:00:00-04:00,49.33,49.39,49.32,49.34,17947.0,49.356,109
2024-09-19 14:05:00-04:00,49.34,49.35,49.25,49.25,14591.0,49.299,108
2024-09-19 14:10:00-04:00,49.25,49.28,49.23,49.27,11368.0,49.259,79
2024-09-19 14:15:00-04:00,49.27,49.27,49.18,49.2,18566.0,49.211,123
2024-09-19 14:20:00-04:00,49.2,49.2,49.13,49.2,22388.0,49.174,106
2024-09-19 14:25:00-04:00,49.19,49.2,49.15,49.16,11242.0,49.181,86
2024-09-19 14:30:00-04:00,49.17,49.17,49.11,49.14,12800.0,49.14,98
2024-09-19 14:35:00-04:00,49.14,49.18,49.12,49.18,12541.0,49.141,89
2024-09-19 14:40:00-04:00,49.18,49.18,49.12,49.13,11251.0,49.151,85
2024-09-19 14:45:00-04:00,49.12,49.12,49.07,49.1,13924.0,49.097,100
2024-09-19 14:50:00-04:00,49.09,49.1,49.05,49.09,11777.0,49.075,103
2024-09-19 14:55:00-04:00,49.09,49.1,49.05,49.07,14976.0,49.078,117
2024-09-19 15:00:00-04:00,49.08,49.12,49.06,49.11,13856.0,49.083,113
2024-09-19 15:05:00-04:00,49.11,49.13,49.09,49.11,16434.0,49.109,122
2024-09-19 15:10:00-04:00,49.11,49.14,49.06,49.07,19469.0,49.097,129
2024-09-19 15:15:00-04:00,49.06,49.08,49.05,49.07,20764.0,49.064,139
2024-09-19 15:20:00-04:00,49.07,49.07,48.96,49.01,32290.0,49.011,231
2024-09-19 15:25:00-04:00,49.01,49.02,48.95,48.96,28256.0,48.984,181
2024-09-19 15:30:00-04:00,48.95,48.97,48.89,48.96,55143.0,48.93,372
2024-09-19 15:35:00-04:00,48.96,48.96,48.87,48.9,42941.0,48.914,244
2024-09-19 15:40:00-04:00,48.91,48.92,48.8,48.8,40898.0,48.877,259
2024-09-19 15:45:00-04:00,48.8,48.9,48.79,48.89,57867.0,48.851,387
2024-09-19 15:50:00-04:00,48.88,48.89,48.82,48.88,65537.0,48.854,404
2024-09-19 15:55:00-04:00,48.88,49.03,48.86,49.02,235080.0,48.951,1245
2024-09-20 09:30:00-04:00,48.46,48.51,48.19,48.2,684554.0,48.455,211
2024-09-20 09:35:00-04:00,48.22,48.26,47.98,48.0,25837.0,48.106,184
2024-09-20 09:40:00-04:00,47.98,48.0,47.84,47.86,15896.0,47.917,109
2024-09-20 09:45:00-04:00,47.81,47.85,47.69,47.71,15593.0,47.805,125
2024-09-20 09:50:00-04:00,47.75,47.79,47.68,47.69,14820.0,47.739,124
2024-09-20 09:55:00-04:00,47.67,47.78,47.67,47.72,29904.0,47.729,187
2024-09-20 10:00:00-04:00,47.72,47.72,47.45,47.49,25552.0,47.567,199
2024-09-20 10:05:00-04:00,47.5,47.54,47.36,47.38,26036.0,47.457,165
2024-09-20 10:10:00-04:00,47.36,47.41,47.3,47.32,22758.0,47.372,156
2024-09-20 10:15:00-04:00,47.32,47.39,47.31,47.33,26406.0,47.341,172
2024-09-20 10:20:00-04:00,47.34,47.38,47.29,47.3,18753.0,47.342,137
2024-09-20 10:25:00-04:00,47.29,47.54,47.29,47.48,50484.0,47.426,181
2024-09-20 10:30:00-04:00,47.48,47.59,47.46,47.55,60740.0,47.549,155
2024-09-20 10:35:00-04:00,47.55,47.55,47.4,47.43,22233.0,47.499,98
2024-09-20 10:40:00-04:00,47.43,47.53,47.41,47.43,70284.0,47.451,149
2024-09-20 10:45:00-04:00,47.43,47.43,47.34,47.35,28285.0,47.392,114
2024-09-20 10:50:00-04:00,47.34,47.41,47.24,47.24,17305.0,47.348,104
2024-09-20 10:55:00-04:00,47.24,47.35,47.23,47.29,25684.0,47.298,178
2024-09-20 11:00:00-04:00,47.28,47.3,47.18,47.21,9101.0,47.228,66
2024-09-20 11:05:00-04:00,47.22,47.23,47.14,47.14,11019.0,47.191,92
2024-09-20 11:10:00-04:00,47.15,47.18,47.1,47.14,18830.0,47.141,140
2024-09-20 11:15:00-04:00,47.14,47.21,47.1,47.19,23132.0,47.154,173
2024-09-20 11:20:00-04:00,47.2,47.21,47.14,47.18,13858.0,47.18,107
2024-09-20 11:25:00-04:00,47.17,47.19,47.12,47.14,16416.0,47.149,120
2024-09-20 11:30:00-04:00,47.13,47.3,46.97,47.27,98363.0,47.11,610
2024-09-20 11:35:00-04:00,47.27,47.38,47.25,47.32,65408.0,47.311,371
2024-09-20 11:40:00-04:00,47.33,47.39,47.3,47.31,30627.0,47.342,167
2024-09-20 11:45:00-04:00,47.3,47.33,47.25,47.27,12946.0,47.28,103
2024-09-20 11:50:00-04:00,47.27,47.28,47.17,47.17,18758.0,47.232,106
2024-09-20 11:55:00-04:00,47.17,47.24,47.17,47.23,29351.0,47.204,192
2024-09-20 12:00:00-04:00,47.23,47.3,47.22,47.27,14284.0,47.26,99
2024-09-20 12:05:00-04:00,47.27,47.31,47.24,47.26,12186.0,47.273,94
2024-09-20 12:10:00-04:00,47.27,47.28,47.23,47.25,12539.0,47.259,89
2024-09-20 12:15:00-04:00,47.25,47.3,47.25,47.28,13449.0,47.272,97
2024-09-20 12:20:00-04:00,47.28,47.41,47.27,47.4,14237.0,47.346,115
2024-09-20 12:25:00-04:00,47.4,47.43,47.37,47.42,11073.0,47.4,87
2024-09-20 12:30:00-04:00,47.41,47.46,47.37,47.41,30844.0,47.402,95
2024-09-20 12:35:00-04:00,47.42,47.58,47.42,47.56,42959.0,47.516,250
2024-09-20 12:40:00-04:00,47.56,47.58,47.51,47.55,10452.0,47.546,85
2024-09-20 12:45:00-04:00,47.53,47.61,47.5,47.61,9127.0,47.561,70
2024-09-20 12:50:00-04:00,47.61,47.62,47.56,47.61,12948.0,47.584,94
2024-09-20 12:55:00-04:00,47.61,47.62,47.46,47.46,12401.0,47.555,87
2024-09-20 13:00:00-04:00,47.45,47.48,47.4,47.44,17815.0,47.443,114
2024-09-20 13:05:00-04:00,47.43,47.48,47.43,47.45,15597.0,47.454,102
2024-09-20 13:10:00-04:00,47.46,47.47,47.44,47.47,8942.0,47.457,78
2024-09-20 13:15:00-04:00,47.46,47.51,47.46,47.49,7791.0,47.488,66
2024-09-20 13:20:00-04:00,47.5,47.5,47.4,47.41,12329.0,47.446,98
2024-09-20 13:25:00-04:00,47.43,47.47,47.41,47.45,13350.0,47.442,100
2024-09-20 13:30:00-04:00,47.46,47.47,47.44,47.45,8786.0,47.455,65
2024-09-20 13:35:00-04:00,47.44,47.46,47.41,47.42,9670.0,47.434,74
2024-09-20 13:40:00-04:00,47.41,47.51,47.41,47.49,13205.0,47.455,96
2024-09-20 13:45:00-04:00,47.49,47.5,47.46,47.48,7380.0,47.48,58
2024-09-20 13:50:00-04:00,47.47,47.47,47.43,47.44,8028.0,47.449,63
2024-09-20 13:55:00-04:00,47.43,47.49,47.4,47.48,15486.0,47.434,98
2024-09-20 14:00:00-04:00,47.48,47.49,47.39,47.4,24071.0,47.438,188
2024-09-20 14:05:00-04:00,47.41,47.43,47.39,47.4,13223.0,47.403,112
2024-09-20 14:10:00-04:00,47.41,47.45,47.39,47.4,17300.0,47.411,137
2024-09-20 14:15:00-04:00,47.4,47.41,47.37,47.39,30088.0,47.394,114
2024-09-20 14:20:00-04:00,47.39,47.39,47.32,47.32,15938.0,47.344,123
2024-09-20 14:25:00-04:00,47.31,47.34,47.27,47.28,31913.0,47.314,130
2024-09-20 14:30:00-04:00,47.29,47.29,47.23,47.25,10087.0,47.266,74
2024-09-20 14:35:00-04:00,47.25,47.29,47.15,47.15,58433.0,47.214,319
2024-09-20 14:40:00-04:00,47.15,47.21,47.12,47.18,33169.0,47.154,244
2024-09-20 14:45:00-04:00,47.17,47.29,47.17,47.27,13378.0,47.243,99
2024-09-20 14:50:00-04:00,47.27,47.36,47.26,47.34,20519.0,47.314,136
2024-09-20 14:55:00-04:00,47.34,47.37,47.31,47.31,15816.0,47.343,120
2024-09-20 15:00:00-04:00,47.3,47.3,47.2,47.23,11593.0,47.229,90
2024-09-20 15:05:00-04:00,47.23,47.25,47.2,47.21,18228.0,47.221,130
2024-09-20 15:10:00-04:00,47.21,47.22,47.15,47.16,12389.0,47.182,75
2024-09-20 15:15:00-04:00,47.16,47.4,47.16,47.37,26629.0,47.24,190
2024-09-20 15:20:00-04:00,47.36,47.43,47.34,47.42,16119.0,47.394,130
2024-09-20 15:25:00-04:00,47.44,47.49,47.42,47.42,21014.0,47.46,148
2024-09-20 15:30:00-04:00,47.43,47.44,47.38,47.43,20907.0,47.425,151
2024-09-20 15:35:00-04:00,47.43,47.55,47.38,47.4,66177.0,47.466,415
2024-09-20 15:40:00-04:00,47.39,47.39,47.33,47.34,48138.0,47.357,287
2024-09-20 15:45:00-04:00,47.34,47.4,47.32,47.37,87111.0,47.365,550
2024-09-20 15:50:00-04:00,47.39,47.62,47.37,47.52,147570.0,47.511,1022
2024-09-20 15:55:00-04:00,47.51,47.58,47.39,47.4,217636.0,47.491,1298
2024-09-23 09:30:00-04:00,47.19,47.3,46.88,46.96,102928.0,47.07,365
2024-09-23 09:35:00-04:00,46.92,47.01,46.73,46.85,31078.0,46.874,175
2024-09-23 09:40:00-04:00,46.8,46.94,46.76,46.76,21619.0,46.883,160
2024-09-23 09:45:00-04:00,46.74,46.79,46.45,46.59,27068.0,46.635,177
2024-09-23 09:50:00-04:00,46.61,46.64,46.46,46.52,16108.0,46.546,126
2024-09-23 09:55:00-04:00,46.54,46.7,46.54,46.59,12728.0,46.601,97
2024-09-23 10:00:00-04:00,46.57,46.63,46.48,46.63,37452.0,46.57,190
2024-09-23 10:05:00-04:00,46.63,46.7,46.59,46.62,11132.0,46.636,101
2024-09-23 10:10:00-04:00,46.67,46.79,46.55,46.62,20173.0,46.676,152
2024-09-23 10:15:00-04:00,46.63,46.68,46.56,46.57,12502.0,46.618,88
2024-09-23 10:20:00-04:00,46.58,46.67,46.54,46.54,9645.0,46.621,69
2024-09-23 10:25:00-04:00,46.52,46.62,46.48,46.59,9160.0,46.573,74
2024-09-23 10:30:00-04:00,46.59,46.59,46.46,46.53,17634.0,46.501,107
2024-09-23 10:35:00-04:00,46.52,46.54,46.42,46.44,9980.0,46.475,73
2024-09-23 10:40:00-04:00,46.43,46.53,46.42,46.52,5623.0,46.488,48
2024-09-23 10:45:00-04:00,46.51,46.57,46.49,46.55,5369.0,46.533,49
2024-09-23 10:50:00-04:00,46.57,46.65,46.56,46.6,7985.0,46.602,64
2024-09-23 10:55:00-04:00,46.58,46.64,46.55,46.57,9461.0,46.589,74
2024-09-23 11:00:00-04:00,46.55,46.55,46.45,46.52,15248.0,46.51,74
2024-09-23 11:05:00-04:00,46.5,46.5,46.32,46.37,25932.0,46.378,144
2024-09-23 11:10:00-04:00,46.39,46.42,46.29,46.37,43449.0,46.361,175
2024-09-23 11:15:00-04:00,46.35,46.37,46.27,46.28,7034.0,46.319,64
2024-09-23 11:20:00-04:00,46.29,46.39,46.29,46.39,8739.0,46.338,70
2024-09-23 11:25:00-04:00,46.39,46.41,46.34,46.36,9254.0,46.381,73
2024-09-23 11:30:00-04:00,46.37,46.42,46.32,46.35,36593.0,46.374,248
2024-09-23 11:35:00-04:00,46.34,46.41,46.33,46.38,23784.0,46.366,154
2024-09-23 11:40:00-04:00,46.39,46.48,46.38,46.44,11056.0,46.438,71
2024-09-23 11:45:00-04:00,46.44,46.49,46.41,46.43,12005.0,46.45,84
2024-09-23 11:50:00-04:00,46.43,46.47,46.42,46.43,9588.0,46.444,59
2024-09-23 11:55:00-04:00,46.43,46.59,46.43,46.47,12085.0,46.518,99
2024-09-23 12:00:00-04:00,46.48,46.55,46.46,46.49,8293.0,46.491,63
2024-09-23 12:05:00-04:00,46.49,46.58,46.49,46.52,8442.0,46.549,55
2024-09-23 12:10:00-04:00,46.51,46.51,46.42,46.47,7035.0,46.462,54
2024-09-23 12:15:00-04:00,46.46,46.49,46.43,46.44,7193.0,46.456,61
2024-09-23 12:20:00-04:00,46.45,46.48,46.37,46.39,31261.0,46.42,131
2024-09-23 12:25:00-04:00,46.39,46.4,46.33,46.34,8103.0,46.361,59
2024-09-23 12:30:00-04:00,46.34,46.35,46.27,46.32,5960.0,46.32,49
2024-09-23 12:35:00-04:00,46.31,46.35,46.31,46.34,5232.0,46.334,45
2024-09-23 12:40:00-04:00,46.36,46.37,46.29,46.34,9371.0,46.337,61
2024-09-23 12:45:00-04:00,46.33,46.37,46.29,46.36,5324.0,46.324,51
2024-09-23 12:50:00-04:00,46.36,46.42,46.3,46.42,6078.0,46.348,47
2024-09-23 12:55:00-04:00,46.42,46.44,46.37,46.44,6633.0,46.408,48
2024-09-23 13:00:00-04:00,46.44,46.44,46.29,46.31,6721.0,46.367,60
2024-09-23 13:05:00-04:00,46.31,46.42,46.31,46.41,5429.0,46.357,42
2024-09-23 13:10:00-04:00,46.41,46.44,46.39,46.44,12124.0,46.415,74
2024-09-23 13:15:00-04:00,46.43,46.45,46.39,46.44,7406.0,46.427,45
2024-09-23 13:20:00-04:00,46.44,46.46,46.38,46.44,8283.0,46.428,72
2024-09-23 13:25:00-04:00,46.44,46.49,46.42,46.48,4940.0,46.458,38
2024-09-23 13:30:00-04:00,46.48,46.58,46.48,46.55,9209.0,46.543,49
2024-09-23 13:35:00-04:00,46.57,46.59,46.5,46.54,6043.0,46.544,41
2024-09-23 13:40:00-04:00,46.55,46.59,46.49,46.52,9123.0,46.548,66
2024-09-23 13:45:00-04:00,46.51,46.54,46.45,46.46,8001.0,46.502,55
2024-09-23 13:50:00-04:00,46.45,46.5,46.45,46.46,4346.0,46.474,37
2024-09-23 13:55:00-04:00,46.46,46.48,46.42,46.43,6143.0,46.45,54
2024-09-23 14:00:00-04:00,46.46,46.47,46.42,46.43,6509.0,46.441,47
2024-09-23 14:05:00-04:00,46.43,46.51,46.42,46.5,6713.0,46.466,54
2024-09-23 14:10:00-04:00,46.5,46.53,46.47,46.49,8275.0,46.502,58
2024-09-23 14:15:00-04:00,46.48,46.59,46.48,46.59,4143.0,46.523,32
2024-09-23 14:20:00-04:00,46.59,46.61,46.55,46.55,9383.0,46.59,75
2024-09-23 14:25:00-04:00,46.57,46.58,46.53,46.57,8792.0,46.564,57
2024-09-23 14:30:00-04:00,46.57,46.63,46.56,46.63,3848.0,46.59,34
2024-09-23 14:35:00-04:00,46.63,46.66,46.61,46.63,11089.0,46.632,82
2024-09-23 14:40:00-04:00,46.64,46.68,46.62,46.63,6389.0,46.646,49
2024-09-23 14:45:00-04:00,46.63,46.64,46.58,46.63,7867.0,46.616,59
2024-09-23 14:50:00-04:00,46.63,46.63,46.57,46.58,7601.0,46.595,62
2024-09-23 14:55:00-04:00,46.58,46.58,46.47,46.49,11746.0,46.511,77
2024-09-23 15:00:00-04:00,46.5,46.61,46.47,46.6,17080.0,46.525,107
2024-09-23 15:05:00-04:00,46.59,46.6,46.54,46.57,11772.0,46.57,74
2024-09-23 15:10:00-04:00,46.57,46.64,46.55,46.62,13280.0,46.593,90
2024-09-23 15:15:00-04:00,46.63,46.65,46.58,46.59,24273.0,46.611,96
2024-09-23 15:20:00-04:00,46.59,46.81,46.58,46.78,126618.0,46.65,178
2024-09-23 15:25:00-04:00,46.78,46.8,46.72,46.78,15370.0,46.77,109
2024-09-23 15:30:00-04:00,46.78,46.87,46.77,46.8,23422.0,46.84,167
2024-09-23 15:35:00-04:00,46.8,46.82,46.75,46.77,19854.0,46.777,152
2024-09-23 15:40:00-04:00,46.77,46.8,46.69,46.7,20331.0,46.744,152
2024-09-23 15:45:00-04:00,46.7,46.88,46.68,46.84,53421.0,46.768,250
2024-09-23 15:50:00-04:00,46.84,46.9,46.81,46.9,95026.0,46.859,481
2024-09-23 15:55:00-04:00,46.89,46.92,46.74,46.74,285573.0,46.821,1319
2024-09-24 09:30:00-04:00,46.71,46.98,46.62,46.98,71187.0,46.772,296
2024-09-24 09:35:00-04:00,46.98,47.0,46.8,46.92,14413.0,46.91,99
2024-09-24 09:40:00-04:00,46.93,47.0,46.85,47.0,18185.0,46.902,107
2024-09-24 09:45:00-04:00,47.0,47.18,46.98,47.14,23409.0,47.093,153
2024-09-24 09:50:00-04:00,47.13,47.35,47.02,47.23,42479.0,47.219,256
2024-09-24 09:55:00-04:00,47.24,47.37,47.16,47.19,55031.0,47.269,229
2024-09-24 10:00:00-04:00,47.17,47.19,46.93,47.11,66189.0,47.07,207
2024-09-24 10:05:00-04:00,47.1,47.28,47.06,47.27,24777.0,47.126,110
2024-09-24 10:10:00-04:00,47.28,47.28,47.16,47.2,11001.0,47.218,81
2024-09-24 10:15:00-04:00,47.19,47.24,47.15,47.2,13184.0,47.19,100
2024-09-24 10:20:00-04:00,47.21,47.23,47.09,47.15,9739.0,47.156,71
2024-09-24 10:25:00-04:00,47.17,47.2,47.09,47.14,6178.0,47.151,49
2024-09-24 10:30:00-04:00,47.12,47.13,46.91,46.92,10450.0,47.06,79
2024-09-24 10:35:00-04:00,46.93,46.93,46.83,46.88,5826.0,46.876,48
2024-09-24 10:40:00-04:00,46.87,46.91,46.81,46.91,10633.0,46.858,78
2024-09-24 10:45:00-04:00,46.9,47.03,46.89,46.92,14321.0,46.964,95
2024-09-24 10:50:00-04:00,46.94,46.96,46.9,46.94,11210.0,46.933,84
2024-09-24 10:55:00-04:00,46.94,47.0,46.94,46.99,7150.0,46.974,55
2024-09-24 11:00:00-04:00,47.0,47.06,46.99,47.06,15723.0,47.018,139
2024-09-24 11:05:00-04:00,47.06,47.1,47.01,47.09,17093.0,47.064,136
2024-09-24 11:10:00-04:00,47.09,47.14,47.06,47.11,25577.0,47.109,184
2024-09-24 11:15:00-04:00,47.11,47.27,47.11,47.26,21906.0,47.178,168
2024-09-24 11:20:00-04:00,47.28,47.3,47.18,47.19,21436.0,47.239,166
2024-09-24 11:25:00-04:00,47.19,47.27,47.15,47.23,20803.0,47.208,139
2024-09-24 11:30:00-04:00,47.23,47.28,47.16,47.16,37596.0,47.238,227
2024-09-24 11:35:00-04:00,47.17,47.28,47.17,47.27,10860.0,47.229,68
2024-09-24 11:40:00-04:00,47.26,47.27,47.16,47.16,10976.0,47.217,85
2024-09-24 11:45:00-04:00,47.14,47.19,47.13,47.14,10913.0,47.163,91
2024-09-24 11:50:00-04:00,47.13,47.23,47.12,47.23,5939.0,47.173,51
2024-09-24 11:55:00-04:00,47.23,47.24,47.18,47.23,9309.0,47.214,68
2024-09-24 12:00:00-04:00,47.23,47.25,47.15,47.16,11601.0,47.205,83
2024-09-24 12:05:00-04:00,47.14,47.18,47.13,47.15,6603.0,47.155,51
2024-09-24 12:10:00-04:00,47.15,47.22,47.15,47.22,6459.0,47.192,48
2024-09-24 12:15:00-04:00,47.23,47.23,47.18,47.18,9067.0,47.2,73
2024-09-24 12:20:00-04:00,47.19,47.22,47.18,47.19,6648.0,47.198,54
2024-09-24 12:25:00-04:00,47.2,47.2,47.07,47.13,10982.0,47.123,80
2024-09-24 12:30:00-04:00,47.12,47.14,47.06,47.14,7942.0,47.112,70
2024-09-24 12:35:00-04:00,47.15,47.15,47.09,47.11,6329.0,47.119,54
2024-09-24 12:40:00-04:00,47.11,47.14,47.06,47.06,8219.0,47.104,70
2024-09-24 12:45:00-04:00,47.06,47.11,47.05,47.11,3479.0,47.08,31
2024-09-24 12:50:00-04:00,47.1,47.14,47.1,47.1,7646.0,47.119,50
2024-09-24 12:55:00-04:00,47.09,47.11,47.08,47.09,12644.0,47.087,49
2024-09-24 13:00:00-04:00,47.09,47.11,47.07,47.08,4195.0,47.093,38
2024-09-24 13:05:00-04:00,47.07,47.1,47.03,47.08,9320.0,47.062,77
2024-09-24 13:10:00-04:00,47.07,47.08,47.03,47.04,4330.0,47.062,36
2024-09-24 13:15:00-04:00,47.04,47.05,47.02,47.04,3090.0,47.032,26
2024-09-24 13:20:00-04:00,47.04,47.04,46.98,46.98,4221.0,47.021,27
2024-09-24 13:25:00-04:00,46.98,47.02,46.97,47.0,5089.0,46.988,38
2024-09-24 13:30:00-04:00,47.0,47.05,47.0,47.02,6846.0,47.023,57
2024-09-24 13:35:00-04:00,47.05,47.05,46.99,47.0,4546.0,47.01,36
2024-09-24 13:40:00-04:00,47.01,47.02,46.99,47.01,17417.0,47.014,36
2024-09-24 13:45:00-04:00,47.01,47.07,46.99,47.04,7157.0,47.029,54
2024-09-24 13:50:00-04:00,47.05,47.09,47.05,47.09,1287.0,47.067,10
2024-09-24 13:55:00-04:00,47.08,47.09,47.05,47.07,5794.0,47.07,51
2024-09-24 14:00:00-04:00,47.07,47.07,47.01,47.07,22770.0,47.052,88
2024-09-24 14:05:00-04:00,47.06,47.11,47.06,47.08,11515.0,47.093,65
2024-09-24 14:10:00-04:00,47.08,47.13,47.08,47.12,5342.0,47.107,41
2024-09-24 14:15:00-04:00,47.12,47.12,47.1,47.11,5193.0,47.111,42
2024-09-24 14:20:00-04:00,47.11,47.12,47.08,47.09,9231.0,47.099,64
2024-09-24 14:25:00-04:00,47.09,47.11,47.07,47.11,17430.0,47.097,56
2024-09-24 14:30:00-04:00,47.11,47.15,47.05,47.14,12923.0,47.105,109
2024-09-24 14:35:00-04:00,47.15,47.18,47.14,47.16,8570.0,47.161,66
2024-09-24 14:40:00-04:00,47.15,47.19,47.15,47.18,8901.0,47.168,75
2024-09-24 14:45:00-04:00,47.16,47.18,47.15,47.15,11789.0,47.166,78
2024-09-24 14:50:00-04:00,47.16,47.18,47.15,47.15,7299.0,47.165,50
2024-09-24 14:55:00-04:00,47.16,47.17,47.15,47.16,4405.0,47.158,40
2024-09-24 15:00:00-04:00,47.16,47.25,47.16,47.25,24945.0,47.211,114
2024-09-24 15:05:00-04:00,47.26,47.28,47.23,47.26,21474.0,47.259,128
2024-09-24 15:10:00-04:00,47.26,47.28,47.24,47.28,8014.0,47.251,53
2024-09-24 15:15:00-04:00,47.28,47.33,47.27,47.33,9325.0,47.293,62
2024-09-24 15:20:00-04:00,47.34,47.38,47.33,47.34,16173.0,47.351,117
2024-09-24 15:25:00-04:00,47.33,47.37,47.33,47.37,6026.0,47.351,43
2024-09-24 15:30:00-04:00,47.36,47.43,47.33,47.41,128965.0,47.364,210
2024-09-24 15:35:00-04:00,47.41,47.47,47.39,47.47,17258.0,47.424,109
2024-09-24 15:40:00-04:00,47.46,47.51,47.45,47.51,32634.0,47.484,202
2024-09-24 15:45:00-04:00,47.51,47.54,47.49,47.54,22389.0,47.511,185
2024-09-24 15:50:00-04:00,47.53,47.54,47.49,47.52,62585.0,47.51,380
2024-09-24 15:55:00-04:00,47.52,47.55,47.46,47.49,209582.0,47.522,951
2024-09-25 09:30:00-04:00,48.27,48.54,48.2,48.2,112613.0,48.356,279
2024-09-25 09:35:00-04:00,48.2,48.25,47.9,47.93,69568.0,48.092,364
2024-09-25 09:40:00-04:00,47.95,48.05,47.54,47.73,45400.0,47.811,271
2024-09-25 09:45:00-04:00,47.76,47.99,47.76,47.96,12855.0,47.853,105
2024-09-25 09:50:00-04:00,47.95,48.11,47.95,48.08,11085.0,48.032,90
2024-09-25 09:55:00-04:00,48.08,48.23,47.97,48.14,87401.0,48.049,236
2024-09-25 10:00:00-04:00,48.14,48.17,47.97,48.04,33113.0,48.066,200
2024-09-25 10:05:00-04:00,48.02,48.13,47.98,48.1,15680.0,48.035,130
2024-09-25 10:10:00-04:00,48.09,48.1,47.94,47.98,34748.0,48.01,218
2024-09-25 10:15:00-04:00,47.96,47.97,47.61,47.61,59503.0,47.883,190
2024-09-25 10:20:00-04:00,47.61,47.61,47.46,47.49,16139.0,47.534,122
2024-09-25 10:25:00-04:00,47.51,47.52,47.31,47.34,14350.0,47.437,99
2024-09-25 10:30:00-04:00,47.33,47.43,47.27,47.37,14150.0,47.341,104
2024-09-25 10:35:00-04:00,47.38,47.49,47.35,47.48,8942.0,47.419,72
2024-09-25 10:40:00-04:00,47.47,47.49,47.4,47.45,8771.0,47.443,70
2024-09-25 10:45:00-04:00,47.46,47.63,47.43,47.62,11836.0,47.52,77
2024-09-25 10:50:00-04:00,47.62,47.77,47.61,47.73,11420.0,47.688,79
2024-09-25 10:55:00-04:00,47.7,47.77,47.7,47.71,10030.0,47.734,71
2024-09-25 11:00:00-04:00,47.74,47.77,47.69,47.74,9616.0,47.735,60
2024-09-25 11:05:00-04:00,47.75,47.79,47.66,47.74,9687.0,47.723,57
2024-09-25 11:10:00-04:00,47.73,47.77,47.68,47.68,12411.0,47.726,80
2024-09-25 11:15:00-04:00,47.68,47.74,47.6,47.66,13653.0,47.653,99
2024-09-25 11:20:00-04:00,47.66,47.73,47.62,47.68,10635.0,47.677,70
2024-09-25 11:25:00-04:00,47.67,47.73,47.64,47.65,10563.0,47.683,76
2024-09-25 11:30:00-04:00,47.66,47.88,47.66,47.84,49451.0,47.813,359
2024-09-25 11:35:00-04:00,47.84,47.94,47.83,47.87,24258.0,47.871,140
2024-09-25 11:40:00-04:00,47.92,47.95,47.82,47.92,19171.0,47.888,131
2024-09-25 11:45:00-04:00,47.93,47.94,47.88,47.91,12427.0,47.913,86
2024-09-25 11:50:00-04:00,47.91,47.93,47.85,47.93,10303.0,47.886,72
2024-09-25 11:55:00-04:00,47.95,47.98,47.88,47.96,8036.0,47.921,59
2024-09-25 12:00:00-04:00,47.95,47.95,47.87,47.91,11151.0,47.924,62
2024-09-25 12:05:00-04:00,47.89,47.9,47.81,47.88,11566.0,47.862,86
2024-09-25 12:10:00-04:00,47.88,47.91,47.85,47.85,6121.0,47.885,45
2024-09-25 12:15:00-04:00,47.86,47.87,47.82,47.83,12959.0,47.842,78
2024-09-25 12:20:00-04:00,47.84,47.86,47.81,47.82,9721.0,47.829,70
2024-09-25 12:25:00-04:00,47.83,47.83,47.82,47.82,5394.0,47.822,36
2024-09-25 12:30:00-04:00,47.81,47.81,47.66,47.75,23617.0,47.74,163
2024-09-25 12:35:00-04:00,47.74,47.77,47.73,47.75,5708.0,47.749,45
2024-09-25 12:40:00-04:00,47.75,47.76,47.72,47.73,6168.0,47.738,47
2024-09-25 12:45:00-04:00,47.73,47.81,47.72,47.79,7190.0,47.756,56
2024-09-25 12:50:00-04:00,47.79,47.9,47.78,47.82,26854.0,47.868,118
2024-09-25 12:55:00-04:00,47.82,47.91,47.81,47.87,24437.0,47.847,140
2024-09-25 13:00:00-04:00,47.88,47.88,47.76,47.83,12265.0,47.827,90
2024-09-25 13:05:00-04:00,47.84,47.86,47.76,47.78,11994.0,47.826,90
2024-09-25 13:10:00-04:00,47.79,47.84,47.77,47.81,13028.0,47.807,96
2024-09-25 13:15:00-04:00,47.8,47.97,47.79,47.93,24939.0,47.906,171
2024-09-25 13:20:00-04:00,47.93,47.97,47.91,47.95,14485.0,47.95,100
2024-09-25 13:25:00-04:00,47.96,47.98,47.89,47.9,17725.0,47.942,134
2024-09-25 13:30:00-04:00,47.9,48.01,47.9,47.91,22506.0,47.961,168
2024-09-25 13:35:00-04:00,47.91,47.98,47.83,47.83,29021.0,47.906,196
2024-09-25 13:40:00-04:00,47.81,47.82,47.72,47.78,14275.0,47.774,112
2024-09-25 13:45:00-04:00,47.79,47.79,47.66,47.73,20223.0,47.723,145
2024-09-25 13:50:00-04:00,47.72,47.75,47.69,47.73,16746.0,47.724,131
2024-09-25 13:55:00-04:00,47.73,47.79,47.71,47.78,14299.0,47.749,110
2024-09-25 14:00:00-04:00,47.78,47.87,47.78,47.84,10188.0,47.834,69
2024-09-25 14:05:00-04:00,47.83,47.86,47.77,47.83,10575.0,47.831,72
2024-09-25 14:10:00-04:00,47.82,47.85,47.77,47.79,9517.0,47.809,74
2024-09-25 14:15:00-04:00,47.78,47.78,47.72,47.76,10349.0,47.758,75
2024-09-25 14:20:00-04:00,47.78,47.81,47.75,47.78,12201.0,47.774,93
2024-09-25 14:25:00-04:00,47.78,47.82,47.77,47.8,12925.0,47.8,87
2024-09-25 14:30:00-04:00,47.81,47.84,47.76,47.81,10321.0,47.802,64
2024-09-25 14:35:00-04:00,47.82,47.9,47.81,47.83,16648.0,47.856,114
2024-09-25 14:40:00-04:00,47.84,47.86,47.81,47.84,10474.0,47.838,75
2024-09-25 14:45:00-04:00,47.84,47.86,47.8,47.83,14907.0,47.834,110
2024-09-25 14:50:00-04:00,47.83,47.84,47.77,47.78,10283.0,47.802,78
2024-09-25 14:55:00-04:00,47.78,47.78,47.69,47.69,11972.0,47.738,94
2024-09-25 15:00:00-04:00,47.7,47.81,47.68,47.78,18788.0,47.75,113
2024-09-25 15:05:00-04:00,47.82,47.82,47.75,47.77,12420.0,47.785,89
2024-09-25 15:10:00-04:00,47.79,47.82,47.78,47.79,13045.0,47.8,90
2024-09-25 15:15:00-04:00,47.8,47.83,47.78,47.8,20176.0,47.8,153
2024-09-25 15:20:00-04:00,47.8,47.83,47.79,47.8,24183.0,47.802,160
2024-09-25 15:25:00-04:00,47.79,47.84,47.77,47.84,73431.0,47.802,181
2024-09-25 15:30:00-04:00,47.84,47.85,47.63,47.68,33851.0,47.742,218
2024-09-25 15:35:00-04:00,47.68,47.7,47.59,47.62,46287.0,47.638,217
2024-09-25 15:40:00-04:00,47.61,47.61,47.48,47.49,41741.0,47.528,240
2024-09-25 15:45:00-04:00,47.51,47.62,47.49,47.59,58747.0,47.532,363
2024-09-25 15:50:00-04:00,47.59,47.76,47.57,47.74,93251.0,47.657,571
2024-09-25 15:55:00-04:00,47.75,47.83,47.74,47.8,319565.0,47.8,1682
2024-09-26 09:30:00-04:00,48.72,49.04,48.58,48.91,70345.0,48.788,235
2024-09-26 09:35:00-04:00,48.93,49.21,48.78,49.16,67266.0,48.975,257
2024-09-26 09:40:00-04:00,49.14,49.33,49.14,49.23,27018.0,49.249,159
2024-09-26 09:45:00-04:00,49.22,49.58,49.18,49.52,53344.0,49.366,265
2024-09-26 09:50:00-04:00,49.54,49.67,49.32,49.41,35911.0,49.537,221
2024-09-26 09:55:00-04:00,49.42,49.42,49.3,49.31,39208.0,49.382,181
2024-09-26 10:00:00-04:00,49.34,49.42,49.14,49.22,33447.0,49.286,232
2024-09-26 10:05:00-04:00,49.22,49.29,49.14,49.16,26575.0,49.206,178
2024-09-26 10:10:00-04:00,49.15,49.41,49.13,49.39,57573.0,49.312,235
2024-09-26 10:15:00-04:00,49.39,49.39,49.22,49.28,23964.0,49.292,165
2024-09-26 10:20:00-04:00,49.27,49.27,49.18,49.2,67442.0,49.22,422
2024-09-26 10:25:00-04:00,49.2,49.22,49.13,49.16,59234.0,49.189,389
2024-09-26 10:30:00-04:00,49.16,49.32,49.14,49.32,43477.0,49.201,296
2024-09-26 10:35:00-04:00,49.33,49.33,49.19,49.23,22913.0,49.247,155
2024-09-26 10:40:00-04:00,49.23,49.27,49.18,49.21,24740.0,49.227,166
2024-09-26 10:45:00-04:00,49.21,49.28,49.16,49.28,17649.0,49.215,128
2024-09-26 10:50:00-04:00,49.29,49.3,49.22,49.26,14754.0,49.254,115
2024-09-26 10:55:00-04:00,49.27,49.27,49.12,49.16,41813.0,49.187,221
2024-09-26 11:00:00-04:00,49.17,49.21,49.11,49.13,15715.0,49.158,100
2024-09-26 11:05:00-04:00,49.13,49.16,49.05,49.09,22840.0,49.11,140
2024-09-26 11:10:00-04:00,49.09,49.22,48.95,49.22,82533.0,49.041,453
2024-09-26 11:15:00-04:00,49.21,49.4,49.2,49.33,37505.0,49.279,278
2024-09-26 11:20:00-04:00,49.33,49.37,49.25,49.37,30098.0,49.302,239
2024-09-26 11:25:00-04:00,49.37,49.37,49.24,49.29,44224.0,49.292,221
2024-09-26 11:30:00-04:00,49.29,49.42,49.28,49.32,49070.0,49.364,303
2024-09-26 11:35:00-04:00,49.31,49.38,49.29,49.38,26017.0,49.345,183
2024-09-26 11:40:00-04:00,49.38,49.47,49.37,49.46,26763.0,49.443,190
2024-09-26 11:45:00-04:00,49.46,49.54,49.45,49.5,52401.0,49.496,298
2024-09-26 11:50:00-04:00,49.5,49.5,49.39,49.4,27977.0,49.468,204
2024-09-26 11:55:00-04:00,49.4,49.48,49.39,49.42,27679.0,49.431,207
2024-09-26 12:00:00-04:00,49.43,49.44,49.33,49.36,26516.0,49.412,117
2024-09-26 12:05:00-04:00,49.36,49.4,49.33,49.34,14373.0,49.364,112
2024-09-26 12:10:00-04:00,49.34,49.41,49.33,49.4,15712.0,49.367,126
2024-09-26 12:15:00-04:00,49.4,49.43,49.39,49.43,23057.0,49.412,148
2024-09-26 12:20:00-04:00,49.43,49.61,49.42,49.57,38697.0,49.54,251
2024-09-26 12:25:00-04:00,49.56,49.59,49.45,49.45,9949.0,49.542,84
2024-09-26 12:30:00-04:00,49.45,49.53,49.44,49.53,9063.0,49.484,69
2024-09-26 12:35:00-04:00,49.52,49.58,49.5,49.58,12749.0,49.532,86
2024-09-26 12:40:00-04:00,49.58,49.68,49.56,49.67,32134.0,49.634,152
2024-09-26 12:45:00-04:00,49.67,49.75,49.66,49.66,20982.0,49.715,138
2024-09-26 12:50:00-04:00,49.66,49.7,49.58,49.61,10598.0,49.643,81
2024-09-26 12:55:00-04:00,49.61,49.66,49.56,49.66,14679.0,49.597,110
2024-09-26 13:00:00-04:00,49.66,49.7,49.6,49.65,13597.0,49.661,114
2024-09-26 13:05:00-04:00,49.65,49.68,49.61,49.64,11233.0,49.653,84
2024-09-26 13:10:00-04:00,49.64,49.64,49.55,49.6,18824.0,49.6,117
2024-09-26 13:15:00-04:00,49.6,49.61,49.5,49.53,14725.0,49.572,116
2024-09-26 13:20:00-04:00,49.53,49.61,49.52,49.58,17875.0,49.581,104
2024-09-26 13:25:00-04:00,49.58,49.6,49.55,49.59,8898.0,49.572,75
2024-09-26 13:30:00-04:00,49.59,49.6,49.53,49.55,16013.0,49.582,125
2024-09-26 13:35:00-04:00,49.55,49.6,49.52,49.59,12476.0,49.566,87
2024-09-26 13:40:00-04:00,49.59,49.63,49.59,49.6,11708.0,49.61,91
2024-09-26 13:45:00-04:00,49.63,49.7,49.62,49.68,18972.0,49.659,105
2024-09-26 13:50:00-04:00,49.66,49.68,49.59,49.62,14920.0,49.633,113
2024-09-26 13:55:00-04:00,49.62,49.62,49.55,49.62,13417.0,49.585,93
2024-09-26 14:00:00-04:00,49.62,49.63,49.57,49.59,16235.0,49.604,99
2024-09-26 14:05:00-04:00,49.59,49.61,49.58,49.61,8806.0,49.596,64
2024-09-26 14:10:00-04:00,49.61,49.63,49.58,49.59,21261.0,49.606,137
2024-09-26 14:15:00-04:00,49.6,49.64,49.6,49.62,12407.0,49.618,83
2024-09-26 14:20:00-04:00,49.61,49.62,49.54,49.57,15444.0,49.576,98
2024-09-26 14:25:00-04:00,49.57,49.63,49.56,49.63,16370.0,49.592,95
2024-09-26 14:30:00-04:00,49.63,49.64,49.56,49.57,19378.0,49.602,144
2024-09-26 14:35:00-04:00,49.57,49.57,49.55,49.57,8226.0,49.561,60
2024-09-26 14:40:00-04:00,49.57,49.58,49.56,49.57,8789.0,49.571,69
2024-09-26 14:45:00-04:00,49.58,49.58,49.52,49.53,18118.0,49.542,124
2024-09-26 14:50:00-04:00,49.53,49.58,49.52,49.58,12029.0,49.541,86
2024-09-26 14:55:00-04:00,49.59,49.59,49.55,49.57,13045.0,49.575,79
2024-09-26 15:00:00-04:00,49.57,49.63,49.56,49.63,39766.0,49.571,107
2024-09-26 15:05:00-04:00,49.63,49.67,49.6,49.62,39992.0,49.633,216
2024-09-26 15:10:00-04:00,49.62,49.62,49.52,49.59,28194.0,49.57,174
2024-09-26 15:15:00-04:00,49.59,49.6,49.52,49.56,31180.0,49.558,174
2024-09-26 15:20:00-04:00,49.57,49.57,49.55,49.55,10390.0,49.562,73
2024-09-26 15:25:00-04:00,49.55,49.55,49.46,49.47,21702.0,49.486,156
2024-09-26 15:30:00-04:00,49.47,49.47,49.33,49.39,55693.0,49.392,320
2024-09-26 15:35:00-04:00,49.39,49.4,49.35,49.39,16473.0,49.376,127
2024-09-26 15:40:00-04:00,49.39,49.5,49.39,49.48,25170.0,49.439,151
2024-09-26 15:45:00-04:00,49.48,49.49,49.4,49.45,34315.0,49.443,270
2024-09-26 15:50:00-04:00,49.45,49.59,49.44,49.59,73367.0,49.516,516
2024-09-26 15:55:00-04:00,49.59,49.73,49.49,49.51,322789.0,49.64,1464
2024-09-27 09:30:00-04:00,50.0,50.16,49.96,50.05,167140.0,50.019,282
2024-09-27 09:35:00-04:00,50.07,50.07,49.89,49.95,24475.0,49.968,163
2024-09-27 09:40:00-04:00,49.95,50.02,49.91,49.96,14942.0,49.961,83
2024-09-27 09:45:00-04:00,49.95,49.96,49.82,49.84,22718.0,49.902,141
2024-09-27 09:50:00-04:00,49.84,49.84,49.62,49.67,27784.0,49.712,140
2024-09-27 09:55:00-04:00,49.68,49.75,49.61,49.68,89644.0,49.698,112
2024-09-27 10:00:00-04:00,49.68,49.87,49.65,49.87,28059.0,49.744,144
2024-09-27 10:05:00-04:00,49.88,49.93,49.84,49.88,34587.0,49.891,174
2024-09-27 10:10:00-04:00,49.87,49.95,49.83,49.95,15704.0,49.888,90
2024-09-27 10:15:00-04:00,49.98,50.07,49.91,50.06,18994.0,49.998,111
2024-09-27 10:20:00-04:00,50.05,50.21,50.04,50.2,35129.0,50.117,181
2024-09-27 10:25:00-04:00,50.2,50.37,50.19,50.22,48967.0,50.288,316
2024-09-27 10:30:00-04:00,50.22,50.33,50.21,50.28,37781.0,50.269,165
2024-09-27 10:35:00-04:00,50.27,50.35,50.25,50.31,29140.0,50.321,194
2024-09-27 10:40:00-04:00,50.3,50.42,50.29,50.4,55861.0,50.358,252
2024-09-27 10:45:00-04:00,50.41,50.51,50.39,50.45,40805.0,50.452,269
2024-09-27 10:50:00-04:00,50.45,50.5,50.43,50.49,30644.0,50.468,128
2024-09-27 10:55:00-04:00,50.48,50.58,50.44,50.53,56842.0,50.5,369
2024-09-27 11:00:00-04:00,50.53,50.54,50.46,50.5,73753.0,50.508,414
2024-09-27 11:05:00-04:00,50.5,50.54,50.48,50.54,27535.0,50.512,173
2024-09-27 11:10:00-04:00,50.54,50.6,50.46,50.46,67494.0,50.521,313
2024-09-27 11:15:00-04:00,50.45,50.5,50.42,50.42,26456.0,50.446,195
2024-09-27 11:20:00-04:00,50.44,50.5,50.39,50.49,123676.0,50.418,268
2024-09-27 11:25:00-04:00,50.49,50.5,50.28,50.29,14999.0,50.361,110
2024-09-27 11:30:00-04:00,50.3,50.46,50.3,50.46,40275.0,50.377,286
2024-09-27 11:35:00-04:00,50.47,50.48,50.21,50.3,23647.0,50.362,137
2024-09-27 11:40:00-04:00,50.29,50.33,50.26,50.32,6834.0,50.29,50
2024-09-27 11:45:00-04:00,50.32,50.35,50.31,50.31,5941.0,50.331,47
2024-09-27 11:50:00-04:00,50.3,50.31,50.26,50.3,12855.0,50.285,95
2024-09-27 11:55:00-04:00,50.3,50.37,50.29,50.32,11403.0,50.33,75
2024-09-27 12:00:00-04:00,50.31,50.31,50.23,50.26,6833.0,50.267,56
2024-09-27 12:05:00-04:00,50.26,50.29,50.18,50.19,22786.0,50.254,131
2024-09-27 12:10:00-04:00,50.2,50.23,50.16,50.19,9898.0,50.192,65
2024-09-27 12:15:00-04:00,50.18,50.23,50.17,50.23,15178.0,50.205,91
2024-09-27 12:20:00-04:00,50.23,50.26,50.21,50.26,12640.0,50.24,59
2024-09-27 12:25:00-04:00,50.26,50.29,50.23,50.23,10108.0,50.256,61
2024-09-27 12:30:00-04:00,50.22,50.27,50.21,50.25,9527.0,50.25,48
2024-09-27 12:35:00-04:00,50.25,50.26,50.21,50.23,9456.0,50.236,42
2024-09-27 12:40:00-04:00,50.23,50.29,50.23,50.27,9451.0,50.266,45
2024-09-27 12:45:00-04:00,50.27,50.3,50.27,50.27,7826.0,50.286,47
2024-09-27 12:50:00-04:00,50.27,50.27,50.21,50.27,9666.0,50.241,53
2024-09-27 12:55:00-04:00,50.26,50.26,50.22,50.23,11959.0,50.239,60
2024-09-27 13:00:00-04:00,50.24,50.28,50.23,50.26,5703.0,50.256,35
2024-09-27 13:05:00-04:00,50.26,50.26,50.1,50.12,17775.0,50.19,122
2024-09-27 13:10:00-04:00,50.12,50.15,50.08,50.11,11609.0,50.125,70
2024-09-27 13:15:00-04:00,50.11,50.11,50.03,50.09,7580.0,50.081,36
2024-09-27 13:20:00-04:00,50.09,50.1,50.07,50.09,6045.0,50.085,35
2024-09-27 13:25:00-04:00,50.09,50.12,50.06,50.12,14059.0,50.083,44
2024-09-27 13:30:00-04:00,50.12,50.17,50.11,50.17,15480.0,50.134,86
2024-09-27 13:35:00-04:00,50.17,50.17,50.12,50.17,21033.0,50.152,83
2024-09-27 13:40:00-04:00,50.16,50.2,50.06,50.1,114860.0,50.178,99
2024-09-27 13:45:00-04:00,50.1,50.12,50.04,50.07,10912.0,50.077,57
2024-09-27 13:50:00-04:00,50.07,50.15,50.07,50.13,7408.0,50.113,46
2024-09-27 13:55:00-04:00,50.12,50.21,50.1,50.21,17580.0,50.148,92
2024-09-27 14:00:00-04:00,50.21,50.22,50.17,50.18,5491.0,50.204,41
2024-09-27 14:05:00-04:00,50.17,50.17,50.11,50.16,7426.0,50.146,46
2024-09-27 14:10:00-04:00,50.16,50.2,50.15,50.16,10757.0,50.171,66
2024-09-27 14:15:00-04:00,50.15,50.17,50.06,50.07,10735.0,50.125,60
2024-09-27 14:20:00-04:00,50.07,50.12,50.06,50.12,22985.0,50.088,72
2024-09-27 14:25:00-04:00,50.12,50.13,50.09,50.12,18468.0,50.11,83
2024-09-27 14:30:00-04:00,50.12,50.15,50.06,50.15,25187.0,50.122,130
2024-09-27 14:35:00-04:00,50.15,50.16,50.08,50.13,23187.0,50.132,116
2024-09-27 14:40:00-04:00,50.13,50.17,50.11,50.14,15684.0,50.14,79
2024-09-27 14:45:00-04:00,50.16,50.21,50.16,50.21,13050.0,50.192,66
2024-09-27 14:50:00-04:00,50.21,50.25,50.14,50.25,14446.0,50.199,85
2024-09-27 14:55:00-04:00,50.24,50.27,50.22,50.25,10481.0,50.25,86
2024-09-27 15:00:00-04:00,50.26,50.27,50.19,50.21,14435.0,50.236,99
2024-09-27 15:05:00-04:00,50.21,50.21,50.13,50.16,12398.0,50.167,87
2024-09-27 15:10:00-04:00,50.17,50.22,50.17,50.21,8662.0,50.199,59
2024-09-27 15:15:00-04:00,50.21,50.22,50.15,50.17,36795.0,50.183,125
2024-09-27 15:20:00-04:00,50.18,50.18,50.04,50.08,37804.0,50.091,147
2024-09-27 15:25:00-04:00,50.08,50.18,50.04,50.16,33842.0,50.136,137
2024-09-27 15:30:00-04:00,50.15,50.16,50.08,50.11,12751.0,50.115,89
2024-09-27 15:35:00-04:00,50.11,50.12,50.05,50.06,14970.0,50.087,89
2024-09-27 15:40:00-04:00,50.05,50.15,50.01,50.15,37756.0,50.061,148
2024-09-27 15:45:00-04:00,50.15,50.21,50.12,50.16,47930.0,50.159,249
2024-09-27 15:50:00-04:00,50.16,50.2,50.03,50.13,59010.0,50.116,297
2024-09-27 15:55:00-04:00,50.12,50.17,50.05,50.08,275406.0,50.131,1206
2024-09-30 09:30:00-04:00,50.25,50.27,49.75,49.79,159475.0,50.071,437
2024-09-30 09:35:00-04:00,49.78,49.99,49.72,49.87,46256.0,49.817,218
2024-09-30 09:40:00-04:00,49.89,49.98,49.84,49.84,25914.0,49.917,144
2024-09-30 09:45:00-04:00,49.84,50.06,49.76,49.96,93045.0,49.839,247
2024-09-30 09:50:00-04:00,49.97,50.1,49.96,50.04,32240.0,50.032,214
2024-09-30 09:55:00-04:00,50.06,50.09,50.0,50.04,68799.0,50.047,252
2024-09-30 10:00:00-04:00,50.04,50.14,50.04,50.11,22756.0,50.098,163
2024-09-30 10:05:00-04:00,50.1,50.16,50.06,50.11,56659.0,50.099,314
2024-09-30 10:10:00-04:00,50.1,50.11,50.01,50.07,20454.0,50.074,159
2024-09-30 10:15:00-04:00,50.07,50.1,50.01,50.05,40258.0,50.062,268
2024-09-30 10:20:00-04:00,50.05,50.13,50.01,50.08,45498.0,50.072,249
2024-09-30 10:25:00-04:00,50.09,50.11,50.02,50.06,28037.0,50.064,226
2024-09-30 10:30:00-04:00,50.06,50.13,50.02,50.12,32848.0,50.061,215
2024-09-30 10:35:00-04:00,50.13,50.25,50.12,50.25,49853.0,50.185,272
2024-09-30 10:40:00-04:00,50.25,50.36,50.22,50.33,66051.0,50.303,320
2024-09-30 10:45:00-04:00,50.32,50.41,50.32,50.36,58219.0,50.362,270
2024-09-30 10:50:00-04:00,50.36,50.43,50.14,50.25,110228.0,50.322,469
2024-09-30 10:55:00-04:00,50.25,50.27,50.09,50.09,30686.0,50.175,195
2024-09-30 11:00:00-04:00,50.1,50.24,50.08,50.23,25620.0,50.135,170
2024-09-30 11:05:00-04:00,50.22,50.22,50.15,50.16,19397.0,50.181,148
2024-09-30 11:10:00-04:00,50.16,50.25,50.13,50.18,49744.0,50.168,243
2024-09-30 11:15:00-04:00,50.19,50.25,50.14,50.21,25738.0,50.197,163
2024-09-30 11:20:00-04:00,50.21,50.21,50.13,50.16,26411.0,50.161,169
2024-09-30 11:25:00-04:00,50.16,50.17,50.13,50.16,26275.0,50.16,182
2024-09-30 11:30:00-04:00,50.16,50.17,50.08,50.1,90370.0,50.112,470
2024-09-30 11:35:00-04:00,50.09,50.15,50.08,50.09,76617.0,50.121,261
2024-09-30 11:40:00-04:00,50.08,50.19,50.05,50.17,58512.0,50.135,268
2024-09-30 11:45:00-04:00,50.17,50.21,50.12,50.2,40670.0,50.178,217
2024-09-30 11:50:00-04:00,50.2,50.24,50.12,50.13,33571.0,50.176,121
2024-09-30 11:55:00-04:00,50.13,50.2,50.12,50.12,35074.0,50.162,163
2024-09-30 12:00:00-04:00,50.12,50.21,50.06,50.11,59392.0,50.136,237
2024-09-30 12:05:00-04:00,50.1,50.18,50.1,50.12,17690.0,50.131,104
2024-09-30 12:10:00-04:00,50.12,50.19,50.11,50.12,27620.0,50.143,134
2024-09-30 12:15:00-04:00,50.12,50.18,50.09,50.09,133239.0,50.16,206
2024-09-30 12:20:00-04:00,50.09,50.15,49.84,49.87,50902.0,50.044,280
2024-09-30 12:25:00-04:00,49.85,49.85,49.8,49.81,6013.0,49.82,49
2024-09-30 12:30:00-04:00,49.82,49.88,49.78,49.88,7826.0,49.819,46
2024-09-30 12:35:00-04:00,49.88,49.91,49.84,49.89,7290.0,49.882,51
2024-09-30 12:40:00-04:00,49.89,49.89,49.84,49.87,6764.0,49.864,58
2024-09-30 12:45:00-04:00,49.84,49.89,49.79,49.83,11992.0,49.837,82
2024-09-30 12:50:00-04:00,49.82,49.83,49.76,49.83,8911.0,49.803,62
2024-09-30 12:55:00-04:00,49.81,49.88,49.8,49.85,7555.0,49.838,58
2024-09-30 13:00:00-04:00,49.8,49.81,49.62,49.68,52628.0,49.684,219
2024-09-30 13:05:00-04:00,49.68,49.77,49.67,49.75,14947.0,49.722,67
2024-09-30 13:10:00-04:00,49.73,49.73,49.65,49.66,8875.0,49.682,68
2024-09-30 13:15:00-04:00,49.65,49.7,49.61,49.68,24307.0,49.645,117
2024-09-30 13:20:00-04:00,49.69,49.78,49.66,49.66,24541.0,49.741,101
2024-09-30 13:25:00-04:00,49.68,49.79,49.62,49.77,28591.0,49.689,113
2024-09-30 13:30:00-04:00,49.78,49.78,49.7,49.73,17929.0,49.717,109
2024-09-30 13:35:00-04:00,49.73,49.76,49.7,49.76,13861.0,49.733,92
2024-09-30 13:40:00-04:00,49.77,49.9,49.73,49.9,42531.0,49.818,178
2024-09-30 13:45:00-04:00,49.9,49.9,49.81,49.84,13325.0,49.859,65
2024-09-30 13:50:00-04:00,49.84,50.0,49.82,49.83,60285.0,49.914,297
2024-09-30 13:55:00-04:00,49.83,49.87,49.7,49.7,27989.0,49.808,137
2024-09-30 14:00:00-04:00,49.7,49.75,49.68,49.73,10020.0,49.705,66
2024-09-30 14:05:00-04:00,49.72,49.72,49.6,49.62,19665.0,49.631,129
2024-09-30 14:10:00-04:00,49.62,49.65,49.5,49.51,27273.0,49.579,168
2024-09-30 14:15:00-04:00,49.5,49.5,49.34,49.34,19732.0,49.422,125
2024-09-30 14:20:00-04:00,49.34,49.38,49.28,49.3,38445.0,49.314,170
2024-09-30 14:25:00-04:00,49.31,49.32,49.18,49.27,18275.0,49.254,133
2024-09-30 14:30:00-04:00,49.27,49.32,49.16,49.3,17932.0,49.232,113
2024-09-30 14:35:00-04:00,49.29,49.38,49.29,49.34,15430.0,49.347,106
2024-09-30 14:40:00-04:00,49.34,49.37,49.29,49.34,14721.0,49.319,106
2024-09-30 14:45:00-04:00,49.34,49.4,49.32,49.39,16344.0,49.355,74
2024-09-30 14:50:00-04:00,49.4,49.51,49.35,49.48,18266.0,49.419,152
2024-09-30 14:55:00-04:00,49.48,49.49,49.41,49.43,19693.0,49.443,158
2024-09-30 15:00:00-04:00,49.43,49.46,49.38,49.42,26734.0,49.429,188
2024-09-30 15:05:00-04:00,49.43,49.44,49.39,49.41,22559.0,49.416,142
2024-09-30 15:10:00-04:00,49.41,49.44,49.35,49.36,29096.0,49.397,170
2024-09-30 15:15:00-04:00,49.36,49.39,49.29,49.38,16511.0,49.343,125
2024-09-30 15:20:00-04:00,49.38,49.38,49.31,49.36,111901.0,49.351,154
2024-09-30 15:25:00-04:00,49.34,49.34,49.27,49.3,32282.0,49.311,214
2024-09-30 15:30:00-04:00,49.29,49.38,49.25,49.26,37859.0,49.313,256
2024-09-30 15:35:00-04:00,49.26,49.38,49.25,49.37,34705.0,49.325,241
2024-09-30 15:40:00-04:00,49.37,49.43,49.35,49.43,62396.0,49.385,181
2024-09-30 15:45:00-04:00,49.42,49.48,49.36,49.36,54929.0,49.412,349
2024-09-30 15:50:00-04:00,49.35,49.48,49.35,49.46,97272.0,49.422,690
2024-09-30 15:55:00-04:00,49.45,49.51,49.4,49.41,253790.0,49.462,1440
2024-10-01 09:30:00-04:00,49.74,49.85,49.4,49.4,183668.0,49.609,602
2024-10-01 09:35:00-04:00,49.41,49.48,49.18,49.33,51242.0,49.308,238
2024-10-01 09:40:00-04:00,49.33,49.49,49.33,49.34,67172.0,49.423,263
2024-10-01 09:45:00-04:00,49.34,49.5,49.21,49.3,70125.0,49.37,270
2024-10-01 09:50:00-04:00,49.3,49.53,49.27,49.31,185939.0,49.399,388
2024-10-01 09:55:00-04:00,49.31,49.31,49.12,49.16,20504.0,49.235,141
2024-10-01 10:00:00-04:00,49.07,49.23,48.8,48.94,36518.0,48.956,208
2024-10-01 10:05:00-04:00,48.94,49.03,48.65,48.66,18005.0,48.807,125
2024-10-01 10:10:00-04:00,48.68,48.79,48.64,48.74,20828.0,48.708,142
2024-10-01 10:15:00-04:00,48.74,48.97,48.71,48.84,80189.0,48.871,387
2024-10-01 10:20:00-04:00,48.84,49.03,48.84,48.96,25442.0,48.935,151
2024-10-01 10:25:00-04:00,48.96,48.99,48.87,48.96,23914.0,48.927,147
2024-10-01 10:30:00-04:00,48.95,48.96,48.88,48.95,28744.0,48.908,200
2024-10-01 10:35:00-04:00,48.94,49.0,48.9,49.0,67399.0,48.934,295
2024-10-01 10:40:00-04:00,49.01,49.02,48.91,48.95,14688.0,48.952,115
2024-10-01 10:45:00-04:00,48.95,48.95,48.87,48.88,30416.0,48.897,172
2024-10-01 10:50:00-04:00,48.88,48.9,48.84,48.89,24123.0,48.877,176
2024-10-01 10:55:00-04:00,48.89,49.0,48.87,48.96,26993.0,48.934,181
2024-10-01 11:00:00-04:00,48.97,49.08,48.97,49.04,23982.0,49.028,137
2024-10-01 11:05:00-04:00,49.03,49.05,48.91,48.93,56194.0,48.987,276
2024-10-01 11:10:00-04:00,48.94,48.97,48.76,48.86,72704.0,48.847,465
2024-10-01 11:15:00-04:00,48.88,48.91,48.81,48.91,25224.0,48.845,147
2024-10-01 11:20:00-04:00,48.91,48.95,48.85,48.86,12059.0,48.906,91
2024-10-01 11:25:00-04:00,48.86,48.95,48.82,48.94,21595.0,48.874,134
2024-10-01 11:30:00-04:00,48.94,49.04,48.91,49.02,51087.0,48.979,363
2024-10-01 11:35:00-04:00,49.03,49.18,49.02,49.16,26209.0,49.093,161
2024-10-01 11:40:00-04:00,49.2,49.21,49.04,49.09,16805.0,49.171,91
2024-10-01 11:45:00-04:00,49.09,49.14,49.06,49.11,12670.0,49.093,80
2024-10-01 11:50:00-04:00,49.12,49.12,49.06,49.08,5039.0,49.086,35
2024-10-01 11:55:00-04:00,49.08,49.14,49.06,49.09,19380.0,49.1,96
2024-10-01 12:00:00-04:00,49.07,49.11,49.03,49.11,34083.0,49.072,121
2024-10-01 12:05:00-04:00,49.13,49.17,49.11,49.16,14430.0,49.145,67
2024-10-01 12:10:00-04:00,49.17,49.26,49.17,49.23,19693.0,49.223,105
2024-10-01 12:15:00-04:00,49.23,49.31,49.18,49.21,45525.0,49.263,181
2024-10-01 12:20:00-04:00,49.2,49.25,49.16,49.16,39930.0,49.207,188
2024-10-01 12:25:00-04:00,49.17,49.2,49.1,49.17,27223.0,49.137,175
2024-10-01 12:30:00-04:00,49.19,49.24,49.1,49.23,52031.0,49.178,296
2024-10-01 12:35:00-04:00,49.22,49.27,49.16,49.2,27517.0,49.192,174
2024-10-01 12:40:00-04:00,49.2,49.25,49.11,49.11,45437.0,49.185,184
2024-10-01 12:45:00-04:00,49.07,49.19,49.06,49.17,47369.0,49.139,256
2024-10-01 12:50:00-04:00,49.19,49.32,49.19,49.27,33281.0,49.24,190
2024-10-01 12:55:00-04:00,49.29,49.34,49.2,49.29,49849.0,49.255,242
2024-10-01 13:00:00-04:00,49.29,49.29,49.18,49.18,19122.0,49.236,116
2024-10-01 13:05:00-04:00,49.18,49.23,49.15,49.18,42018.0,49.19,205
2024-10-01 13:10:00-04:00,49.19,49.24,49.16,49.16,13162.0,49.195,76
2024-10-01 13:15:00-04:00,49.16,49.17,49.1,49.12,38995.0,49.133,222
2024-10-01 13:20:00-04:00,49.11,49.21,49.11,49.13,31258.0,49.16,186
2024-10-01 13:25:00-04:00,49.14,49.22,49.08,49.18,82050.0,49.159,400
2024-10-01 13:30:00-04:00,49.17,49.29,49.17,49.25,19637.0,49.24,138
2024-10-01 13:35:00-04:00,49.25,49.25,49.17,49.2,18946.0,49.209,105
2024-10-01 13:40:00-04:00,49.2,49.25,49.18,49.24,9746.0,49.209,72
2024-10-01 13:45:00-04:00,49.25,49.28,49.22,49.27,14419.0,49.257,104
2024-10-01 13:50:00-04:00,49.27,49.3,49.26,49.3,6281.0,49.278,46
2024-10-01 13:55:00-04:00,49.3,49.39,49.3,49.38,14220.0,49.359,89
2024-10-01 14:00:00-04:00,49.39,49.47,49.34,49.35,16150.0,49.409,114
2024-10-01 14:05:00-04:00,49.36,49.36,49.31,49.32,7311.0,49.33,61
2024-10-01 14:10:00-04:00,49.3,49.33,49.28,49.32,8346.0,49.307,61
2024-10-01 14:15:00-04:00,49.33,49.35,49.26,49.27,13829.0,49.31,89
2024-10-01 14:20:00-04:00,49.26,49.26,49.22,49.25,6953.0,49.249,55
2024-10-01 14:25:00-04:00,49.25,49.29,49.24,49.28,12057.0,49.263,98
2024-10-01 14:30:00-04:00,49.28,49.32,49.27,49.29,14145.0,49.298,85
2024-10-01 14:35:00-04:00,49.29,49.32,49.25,49.29,11984.0,49.286,88
2024-10-01 14:40:00-04:00,49.29,49.3,49.26,49.29,12360.0,49.288,81
2024-10-01 14:45:00-04:00,49.29,49.31,49.28,49.29,11725.0,49.292,93
2024-10-01 14:50:00-04:00,49.29,49.32,49.22,49.28,20733.0,49.282,143
2024-10-01 14:55:00-04:00,49.29,49.31,49.27,49.3,10153.0,49.299,60
2024-10-01 15:00:00-04:00,49.3,49.35,49.27,49.3,18018.0,49.311,87
2024-10-01 15:05:00-04:00,49.3,49.32,49.25,49.27,28756.0,49.289,103
2024-10-01 15:10:00-04:00,49.27,49.28,49.24,49.28,10081.0,49.262,64
2024-10-01 15:15:00-04:00,49.28,49.29,49.24,49.28,13817.0,49.267,87
2024-10-01 15:20:00-04:00,49.27,49.29,49.22,49.28,31357.0,49.246,135
2024-10-01 15:25:00-04:00,49.28,49.32,49.27,49.3,13039.0,49.294,81
2024-10-01 15:30:00-04:00,49.3,49.3,49.22,49.24,18436.0,49.264,111
2024-10-01 15:35:00-04:00,49.24,49.24,49.1,49.12,34843.0,49.141,214
2024-10-01 15:40:00-04:00,49.12,49.13,49.03,49.08,46399.0,49.075,254
2024-10-01 15:45:00-04:00,49.08,49.08,48.99,49.03,47395.0,49.036,270
2024-10-01 15:50:00-04:00,49.03,49.03,48.87,48.92,76229.0,48.941,494
2024-10-01 15:55:00-04:00,48.93,48.93,48.72,48.76,306938.0,48.783,1546
2024-10-02 09:30:00-04:00,48.41,48.5,48.08,48.11,82822.0,48.391,232
2024-10-02 09:35:00-04:00,48.13,48.39,48.13,48.21,22959.0,48.255,115
2024-10-02 09:40:00-04:00,48.19,48.31,48.07,48.25,28001.0,48.187,182
2024-10-02 09:45:00-04:00,48.27,48.59,48.27,48.53,16080.0,48.465,99
2024-10-02 09:50:00-04:00,48.57,48.57,48.42,48.44,4548.0,48.492,37
2024-10-02 09:55:00-04:00,48.49,48.62,48.48,48.52,23356.0,48.531,142
2024-10-02 10:00:00-04:00,48.54,48.75,48.52,48.68,16917.0,48.611,127
2024-10-02 10:05:00-04:00,48.67,48.67,48.55,48.55,10816.0,48.611,70
2024-10-02 10:10:00-04:00,48.55,48.63,48.47,48.62,21677.0,48.525,125
2024-10-02 10:15:00-04:00,48.61,48.61,48.48,48.55,12584.0,48.513,88
2024-10-02 10:20:00-04:00,48.55,48.68,48.51,48.66,77829.0,48.568,363
2024-10-02 10:25:00-04:00,48.65,48.78,48.64,48.74,48272.0,48.717,256
2024-10-02 10:30:00-04:00,48.73,48.76,48.7,48.73,78528.0,48.729,252
2024-10-02 10:35:00-04:00,48.73,48.74,48.67,48.73,80071.0,48.718,185
2024-10-02 10:40:00-04:00,48.74,48.75,48.7,48.72,26352.0,48.718,116
2024-10-02 10:45:00-04:00,48.7,48.72,48.62,48.71,33891.0,48.665,133
2024-10-02 10:50:00-04:00,48.7,48.7,48.62,48.63,82836.0,48.657,274
2024-10-02 10:55:00-04:00,48.62,48.66,48.49,48.54,69913.0,48.6,260
2024-10-02 11:00:00-04:00,48.52,48.56,48.5,48.56,13831.0,48.531,94
2024-10-02 11:05:00-04:00,48.58,48.58,48.44,48.47,27271.0,48.492,179
2024-10-02 11:10:00-04:00,48.46,48.53,48.46,48.48,29298.0,48.493,182
2024-10-02 11:15:00-04:00,48.48,48.56,48.47,48.53,30863.0,48.52,180
2024-10-02 11:20:00-04:00,48.52,48.56,48.5,48.52,83381.0,48.524,262
2024-10-02 11:25:00-04:00,48.51,48.58,48.5,48.57,28197.0,48.538,143
2024-10-02 11:30:00-04:00,48.57,48.61,48.49,48.54,52010.0,48.529,278
2024-10-02 11:35:00-04:00,48.54,48.54,48.49,48.53,20886.0,48.508,153
2024-10-02 11:40:00-04:00,48.51,48.55,48.5,48.53,12165.0,48.53,84
2024-10-02 11:45:00-04:00,48.54,48.54,48.33,48.38,11287.0,48.409,78
2024-10-02 11:50:00-04:00,48.39,48.4,48.31,48.32,4725.0,48.357,39
2024-10-02 11:55:00-04:00,48.31,48.36,48.3,48.31,7937.0,48.326,60
2024-10-02 12:00:00-04:00,48.28,48.31,48.26,48.27,7731.0,48.283,53
2024-10-02 12:05:00-04:00,48.26,48.28,48.25,48.28,5606.0,48.264,45
2024-10-02 12:10:00-04:00,48.29,48.31,48.25,48.25,5398.0,48.285,43
2024-10-02 12:15:00-04:00,48.26,48.26,48.19,48.19,9817.0,48.231,77
2024-10-02 12:20:00-04:00,48.18,48.25,48.16,48.21,9222.0,48.205,70
2024-10-02 12:25:00-04:00,48.22,48.25,48.21,48.21,10177.0,48.225,43
2024-10-02 12:30:00-04:00,48.21,48.23,48.19,48.23,7709.0,48.211,58
2024-10-02 12:35:00-04:00,48.21,48.21,48.18,48.19,6318.0,48.196,48
2024-10-02 12:40:00-04:00,48.19,48.25,48.19,48.24,14185.0,48.218,62
2024-10-02 12:45:00-04:00,48.24,48.24,48.2,48.21,5783.0,48.212,40
2024-10-02 12:50:00-04:00,48.2,48.22,48.18,48.2,6502.0,48.202,48
2024-10-02 12:55:00-04:00,48.2,48.21,48.11,48.16,15731.0,48.176,118
2024-10-02 13:00:00-04:00,48.16,48.18,48.14,48.16,8803.0,48.159,59
2024-10-02 13:05:00-04:00,48.15,48.16,48.12,48.16,24340.0,48.148,163
2024-10-02 13:10:00-04:00,48.16,48.17,48.04,48.07,10671.0,48.094,81
2024-10-02 13:15:00-04:00,48.07,48.12,48.03,48.11,12056.0,48.081,82
2024-10-02 13:20:00-04:00,48.09,48.11,48.02,48.03,6906.0,48.066,55
2024-10-02 13:25:00-04:00,48.02,48.09,48.01,48.06,7497.0,48.047,61
2024-10-02 13:30:00-04:00,48.04,48.04,47.96,47.97,9280.0,48.001,68
2024-10-02 13:35:00-04:00,47.97,48.06,47.96,48.06,5555.0,48.008,50
2024-10-02 13:40:00-04:00,48.07,48.14,48.05,48.14,8625.0,48.081,66
2024-10-02 13:45:00-04:00,48.14,48.15,48.11,48.13,7605.0,48.133,51
2024-10-02 13:50:00-04:00,48.13,48.14,48.08,48.09,10599.0,48.109,83
2024-10-02 13:55:00-04:00,48.09,48.17,48.08,48.16,24640.0,48.117,80
2024-10-02 14:00:00-04:00,48.16,48.17,48.1,48.13,5160.0,48.133,45
2024-10-02 14:05:00-04:00,48.12,48.12,47.99,48.02,13009.0,48.039,94
2024-10-02 14:10:00-04:00,48.02,48.02,47.93,47.98,11606.0,47.971,85
2024-10-02 14:15:00-04:00,47.97,47.98,47.92,47.95,9890.0,47.942,70
2024-10-02 14:20:00-04:00,47.95,47.98,47.89,47.91,11445.0,47.927,89
2024-10-02 14:25:00-04:00,47.92,47.94,47.84,47.9,14516.0,47.887,107
2024-10-02 14:30:00-04:00,47.9,48.0,47.86,47.99,12808.0,47.916,89
2024-10-02 14:35:00-04:00,47.99,47.99,47.91,47.98,11892.0,47.956,89
2024-10-02 14:40:00-04:00,47.99,48.0,47.96,47.99,14374.0,47.975,80
2024-10-02 14:45:00-04:00,48.01,48.02,47.97,48.02,8897.0,47.993,65
2024-10-02 14:50:00-04:00,48.02,48.03,47.97,47.98,11566.0,47.992,76
2024-10-02 14:55:00-04:00,47.98,48.0,47.94,47.94,9759.0,47.976,63
2024-10-02 15:00:00-04:00,47.94,47.97,47.92,47.96,12346.0,47.947,96
2024-10-02 15:05:00-04:00,47.96,47.98,47.89,47.9,10793.0,47.934,75
2024-10-02 15:10:00-04:00,47.9,47.96,47.89,47.91,13494.0,47.925,102
2024-10-02 15:15:00-04:00,47.91,47.91,47.84,47.87,12728.0,47.878,97
2024-10-02 15:20:00-04:00,47.86,47.87,47.78,47.8,15690.0,47.817,108
2024-10-02 15:25:00-04:00,47.8,47.87,47.8,47.84,13116.0,47.83,91
2024-10-02 15:30:00-04:00,47.83,47.92,47.78,47.92,26202.0,47.835,170
2024-10-02 15:35:00-04:00,47.9,47.93,47.88,47.88,16846.0,47.901,110
2024-10-02 15:40:00-04:00,47.88,47.93,47.86,47.91,15049.0,47.903,95
2024-10-02 15:45:00-04:00,47.91,47.94,47.85,47.91,34295.0,47.895,224
2024-10-02 15:50:00-04:00,47.9,47.9,47.84,47.86,54202.0,47.865,338
2024-10-02 15:55:00-04:00,47.86,47.9,47.8,47.83,163667.0,47.835,959
2024-10-03 09:30:00-04:00,47.33,47.44,47.25,47.43,40587.0,47.367,194
2024-10-03 09:35:00-04:00,47.41,47.42,47.17,47.23,12686.0,47.28,80
2024-10-03 09:40:00-04:00,47.28,47.31,47.07,47.07,13358.0,47.201,106
2024-10-03 09:40:00-04:00,47.28,47.31,47.09,47.14,12511.0,47.207,100
2024-10-03 09:45:00-04:00,47.03,47.14,46.96,46.99,28339.0,47.022,158
2024-10-03 09:50:00-04:00,46.97,47.01,46.91,46.97,9320.0,46.965,73
2024-10-03 09:55:00-04:00,46.99,47.08,46.98,47.07,21593.0,47.021,147
2024-10-03 10:00:00-04:00,47.05,47.19,47.04,47.19,50088.0,47.099,264
2024-10-03 10:05:00-04:00,47.2,47.28,47.13,47.18,24704.0,47.21,154
2024-10-03 10:10:00-04:00,47.17,47.27,47.02,47.09,27278.0,47.138,187
2024-10-03 10:15:00-04:00,47.12,47.24,47.11,47.16,18125.0,47.161,131
2024-10-03 10:20:00-04:00,47.15,47.2,47.03,47.07,27177.0,47.113,164
2024-10-03 10:25:00-04:00,47.07,47.17,47.07,47.16,12090.0,47.131,88
2024-10-03 10:30:00-04:00,47.16,47.27,47.13,47.25,14810.0,47.183,119
2024-10-03 10:35:00-04:00,47.25,47.29,47.16,47.23,21613.0,47.203,160
2024-10-03 10:40:00-04:00,47.25,47.26,47.08,47.19,35575.0,47.156,209
2024-10-03 10:45:00-04:00,47.19,47.28,47.17,47.18,12814.0,47.217,84
2024-10-03 10:50:00-04:00,47.18,47.24,47.18,47.22,6360.0,47.219,45
2024-10-03 10:55:00-04:00,47.22,47.25,47.16,47.17,18737.0,47.209,130
2024-10-03 11:00:00-04:00,47.17,47.19,47.15,47.17,18621.0,47.172,112
2024-10-03 11:05:00-04:00,47.18,47.29,47.17,47.28,27991.0,47.228,155
2024-10-03 11:10:00-04:00,47.29,47.31,47.21,47.27,13385.0,47.269,97
2024-10-03 11:15:00-04:00,47.26,47.26,47.16,47.17,36383.0,47.207,257
2024-10-03 11:20:00-04:00,47.19,47.28,47.18,47.24,40210.0,47.218,280
2024-10-03 11:25:00-04:00,47.23,47.26,47.21,47.25,15625.0,47.242,110
2024-10-03 11:30:00-04:00,47.25,47.3,47.13,47.13,100043.0,47.232,684
2024-10-03 11:35:00-04:00,47.11,47.27,47.08,47.26,52836.0,47.194,314
2024-10-03 11:40:00-04:00,47.26,47.43,47.26,47.38,27731.0,47.377,141
2024-10-03 11:45:00-04:00,47.39,47.43,47.35,47.39,5829.0,47.379,35
2024-10-03 11:50:00-04:00,47.39,47.48,47.35,47.44,16481.0,47.405,104
2024-10-03 11:55:00-04:00,47.44,47.46,47.33,47.33,29685.0,47.391,132
2024-10-03 12:00:00-04:00,47.33,47.39,47.32,47.37,6924.0,47.359,36
2024-10-03 12:05:00-04:00,47.4,47.44,47.4,47.41,4839.0,47.418,40
2024-10-03 12:10:00-04:00,47.43,47.45,47.41,47.45,7301.0,47.434,41
2024-10-03 12:15:00-04:00,47.46,47.46,47.37,47.42,30485.0,47.386,68
2024-10-03 12:20:00-04:00,47.41,47.47,47.41,47.46,6424.0,47.435,53
2024-10-03 12:25:00-04:00,47.46,47.47,47.41,47.43,3469.0,47.451,27
2024-10-03 12:30:00-04:00,47.41,47.41,47.36,47.4,3138.0,47.396,25
2024-10-03 12:35:00-04:00,47.41,47.43,47.34,47.34,6446.0,47.404,44
2024-10-03 12:40:00-04:00,47.32,47.32,47.23,47.24,6930.0,47.274,60
2024-10-03 12:45:00-04:00,47.24,47.25,47.16,47.19,8200.0,47.223,60
2024-10-03 12:50:00-04:00,47.18,47.22,47.15,47.19,12359.0,47.186,94
2024-10-03 12:55:00-04:00,47.19,47.3,47.18,47.25,14364.0,47.239,106
2024-10-03 13:00:00-04:00,47.24,47.24,47.17,47.21,9565.0,47.215,62
2024-10-03 13:05:00-04:00,47.21,47.22,47.15,47.15,9306.0,47.192,72
2024-10-03 13:10:00-04:00,47.12,47.17,47.1,47.12,8089.0,47.126,51
2024-10-03 13:15:00-04:00,47.12,47.12,47.08,47.1,6095.0,47.097,43
2024-10-03 13:20:00-04:00,47.11,47.18,47.1,47.12,15420.0,47.145,97
2024-10-03 13:25:00-04:00,47.11,47.21,47.05,47.06,9961.0,47.136,77
2024-10-03 13:30:00-04:00,47.04,47.12,47.04,47.1,8166.0,47.091,57
2024-10-03 13:35:00-04:00,47.09,47.15,47.08,47.08,12873.0,47.116,75
2024-10-03 13:40:00-04:00,47.06,47.06,46.98,47.02,9655.0,47.014,60
2024-10-03 13:45:00-04:00,47.03,47.07,47.01,47.01,4700.0,47.041,28
2024-10-03 13:50:00-04:00,46.99,47.03,46.99,47.0,4373.0,47.012,29
2024-10-03 13:55:00-04:00,46.99,47.02,46.97,46.98,5729.0,46.989,40
2024-10-03 14:00:00-04:00,46.98,46.98,46.91,46.96,6687.0,46.933,45
2024-10-03 14:05:00-04:00,46.95,47.02,46.95,46.98,4893.0,46.986,37
2024-10-03 14:10:00-04:00,46.98,47.03,46.97,47.01,8573.0,47.006,59
2024-10-03 14:15:00-04:00,47.0,47.03,46.97,47.03,4405.0,47.004,32
2024-10-03 14:20:00-04:00,47.03,47.05,46.94,47.01,13635.0,46.985,103
2024-10-03 14:25:00-04:00,47.01,47.02,46.98,47.01,5114.0,47.006,36
2024-10-03 14:30:00-04:00,47.0,47.0,46.92,46.95,8737.0,46.974,53
2024-10-03 14:35:00-04:00,46.94,46.96,46.91,46.92,5272.0,46.935,37
2024-10-03 14:40:00-04:00,46.94,46.96,46.92,46.92,10200.0,46.943,62
2024-10-03 14:45:00-04:00,46.93,46.94,46.91,46.92,6414.0,46.925,45
2024-10-03 14:50:00-04:00,46.91,46.93,46.9,46.92,7894.0,46.916,49
2024-10-03 14:55:00-04:00,46.93,46.94,46.84,46.86,8928.0,46.889,60
2024-10-03 15:00:00-04:00,46.86,46.9,46.84,46.85,9434.0,46.863,48
2024-10-03 15:05:00-04:00,46.85,46.88,46.8,46.84,19235.0,46.834,93
2024-10-03 15:10:00-04:00,46.83,46.83,46.76,46.78,6503.0,46.783,47
2024-10-03 15:15:00-04:00,46.76,46.78,46.74,46.78,9145.0,46.752,70
2024-10-03 15:20:00-04:00,46.8,46.83,46.78,46.78,7766.0,46.805,59
2024-10-03 15:25:00-04:00,46.77,46.79,46.71,46.73,10876.0,46.748,90
2024-10-03 15:30:00-04:00,46.72,46.73,46.68,46.7,8603.0,46.707,50
2024-10-03 15:35:00-04:00,46.7,46.7,46.65,46.69,10601.0,46.671,79
2024-10-03 15:40:00-04:00,46.69,46.7,46.64,46.64,11712.0,46.659,87
2024-10-03 15:45:00-04:00,46.64,46.64,46.6,46.64,15720.0,46.625,124
2024-10-03 15:50:00-04:00,46.64,46.75,46.64,46.74,36804.0,46.682,262
2024-10-03 15:55:00-04:00,46.74,46.78,46.62,46.63,223948.0,46.704,1114
2024-10-04 09:30:00-04:00,46.93,47.02,46.72,46.78,49661.0,46.906,197
2024-10-04 09:35:00-04:00,46.83,46.87,46.62,46.79,17047.0,46.748,100
2024-10-04 09:40:00-04:00,46.84,46.99,46.8,46.98,13081.0,46.895,87
2024-10-04 09:45:00-04:00,46.93,46.98,46.86,46.88,17244.0,46.921,108
2024-10-04 09:50:00-04:00,46.86,46.92,46.79,46.79,6962.0,46.869,53
2024-10-04 09:55:00-04:00,46.76,46.82,46.6,46.65,20053.0,46.698,124
2024-10-04 10:00:00-04:00,46.65,46.66,46.51,46.54,10948.0,46.576,81
2024-10-04 10:05:00-04:00,46.55,46.67,46.4,46.42,7390.0,46.541,61
2024-10-04 10:10:00-04:00,46.45,46.61,46.44,46.6,7949.0,46.538,58
2024-10-04 10:15:00-04:00,46.6,46.73,46.6,46.68,17382.0,46.682,114
2024-10-04 10:20:00-04:00,46.68,46.72,46.59,46.62,11912.0,46.655,90
2024-10-04 10:25:00-04:00,46.63,46.67,46.5,46.53,9317.0,46.577,80
2024-10-04 10:30:00-04:00,46.51,46.58,46.39,46.47,27769.0,46.465,204
2024-10-04 10:35:00-04:00,46.47,46.47,46.34,46.36,2937.0,46.414,24
2024-10-04 10:40:00-04:00,46.36,46.45,46.36,46.39,5090.0,46.41,43
2024-10-04 10:45:00-04:00,46.41,46.45,46.38,46.45,6152.0,46.415,46
2024-10-04 10:50:00-04:00,46.43,46.52,46.43,46.51,4552.0,46.485,39
2024-10-04 10:55:00-04:00,46.51,46.61,46.51,46.58,5506.0,46.575,47
2024-10-04 11:00:00-04:00,46.59,46.6,46.57,46.57,6379.0,46.585,61
2024-10-04 11:05:00-04:00,46.58,46.66,46.58,46.61,10081.0,46.623,75
2024-10-04 11:10:00-04:00,46.61,46.61,46.48,46.49,9149.0,46.549,73
2024-10-04 11:15:00-04:00,46.5,46.53,46.47,46.49,11669.0,46.503,102
2024-10-04 11:20:00-04:00,46.46,46.47,46.34,46.4,11709.0,46.405,79
2024-10-04 11:25:00-04:00,46.39,46.41,46.28,46.29,12505.0,46.338,103
2024-10-04 11:30:00-04:00,46.28,46.3,46.24,46.3,48853.0,46.268,324
2024-10-04 11:35:00-04:00,46.3,46.38,46.28,46.36,15335.0,46.319,125
2024-10-04 11:40:00-04:00,46.36,46.39,46.27,46.3,8096.0,46.343,70
2024-10-04 11:45:00-04:00,46.29,46.35,46.29,46.34,5584.0,46.321,48
2024-10-04 11:50:00-04:00,46.34,46.41,46.32,46.4,5971.0,46.366,49
2024-10-04 11:55:00-04:00,46.4,46.42,46.39,46.4,4234.0,46.407,34
2024-10-04 12:00:00-04:00,46.4,46.43,46.39,46.41,5019.0,46.413,41
2024-10-04 12:05:00-04:00,46.42,46.43,46.34,46.34,5474.0,46.371,43
2024-10-04 12:10:00-04:00,46.34,46.36,46.32,46.36,5901.0,46.345,41
2024-10-04 12:15:00-04:00,46.37,46.43,46.37,46.41,4245.0,46.41,30
2024-10-04 12:20:00-04:00,46.41,46.42,46.35,46.36,8138.0,46.385,63
2024-10-04 12:25:00-04:00,46.35,46.38,46.33,46.38,7281.0,46.358,54
2024-10-04 12:30:00-04:00,46.38,46.38,46.32,46.35,2846.0,46.347,22
2024-10-04 12:35:00-04:00,46.36,46.49,46.36,46.47,8653.0,46.422,70
2024-10-04 12:40:00-04:00,46.47,46.47,46.41,46.45,5589.0,46.436,43
2024-10-04 12:45:00-04:00,46.44,46.45,46.41,46.41,3049.0,46.432,23
2024-10-04 12:50:00-04:00,46.43,46.43,46.38,46.4,4818.0,46.4,40
2024-10-04 12:55:00-04:00,46.41,46.44,46.4,46.44,3528.0,46.42,27
2024-10-04 13:00:00-04:00,46.41,46.41,46.33,46.36,4910.0,46.367,32
2024-10-04 13:05:00-04:00,46.38,46.4,46.33,46.33,5729.0,46.373,39
2024-10-04 13:10:00-04:00,46.32,46.4,46.32,46.39,22492.0,46.367,59
2024-10-04 13:15:00-04:00,46.39,46.43,46.38,46.43,6685.0,46.408,42
2024-10-04 13:20:00-04:00,46.45,46.46,46.4,46.41,8302.0,46.437,47
2024-10-04 13:25:00-04:00,46.42,46.42,46.35,46.37,6396.0,46.379,45
2024-10-04 13:30:00-04:00,46.36,46.39,46.31,46.34,6805.0,46.348,45
2024-10-04 13:35:00-04:00,46.32,46.34,46.22,46.28,13334.0,46.277,99
2024-10-04 13:40:00-04:00,46.28,46.42,46.27,46.42,12520.0,46.36,83
2024-10-04 13:45:00-04:00,46.43,46.44,46.37,46.38,5670.0,46.416,44
2024-10-04 13:50:00-04:00,46.37,46.37,46.28,46.3,7094.0,46.31,54
2024-10-04 13:55:00-04:00,46.3,46.34,46.29,46.31,9119.0,46.317,59
2024-10-04 14:00:00-04:00,46.3,46.33,46.26,46.3,6811.0,46.297,50
2024-10-04 14:05:00-04:00,46.29,46.38,46.28,46.36,5574.0,46.333,43
2024-10-04 14:10:00-04:00,46.37,46.38,46.34,46.35,6243.0,46.362,47
2024-10-04 14:15:00-04:00,46.35,46.43,46.33,46.42,9323.0,46.392,72
2024-10-04 14:20:00-04:00,46.44,46.47,46.44,46.47,5826.0,46.456,40
2024-10-04 14:25:00-04:00,46.46,46.46,46.41,46.43,3267.0,46.431,30
2024-10-04 14:30:00-04:00,46.43,46.43,46.38,46.43,5288.0,46.405,42
2024-10-04 14:35:00-04:00,46.42,46.42,46.36,46.38,5474.0,46.381,46
2024-10-04 14:40:00-04:00,46.38,46.4,46.35,46.36,7246.0,46.372,61
2024-10-04 14:45:00-04:00,46.35,46.39,46.34,46.39,11389.0,46.368,66
2024-10-04 14:50:00-04:00,46.39,46.42,46.37,46.4,8261.0,46.398,67
2024-10-04 14:55:00-04:00,46.4,46.47,46.39,46.47,8012.0,46.438,64
2024-10-04 15:00:00-04:00,46.47,46.47,46.38,46.41,8709.0,46.416,62
2024-10-04 15:05:00-04:00,46.41,46.42,46.32,46.36,9104.0,46.359,59
2024-10-04 15:10:00-04:00,46.36,46.37,46.32,46.34,10645.0,46.343,84
2024-10-04 15:15:00-04:00,46.34,46.4,46.31,46.39,13291.0,46.35,97
2024-10-04 15:20:00-04:00,46.38,46.53,46.38,46.51,20150.0,46.466,123
2024-10-04 15:25:00-04:00,46.51,46.57,46.49,46.55,13636.0,46.522,107
2024-10-04 15:30:00-04:00,46.54,46.69,46.51,46.69,25207.0,46.619,161
2024-10-04 15:35:00-04:00,46.7,46.7,46.66,46.68,15168.0,46.683,119
2024-10-04 15:40:00-04:00,46.68,46.73,46.67,46.73,14277.0,46.705,113
2024-10-04 15:45:00-04:00,46.73,46.75,46.68,46.73,29777.0,46.722,210
2024-10-04 15:50:00-04:00,46.73,46.88,46.72,46.88,49206.0,46.809,366
2024-10-04 15:55:00-04:00,46.87,46.9,46.75,46.75,143628.0,46.836,804
2024-10-07 09:30:00-04:00,46.34,46.4,45.89,46.12,105332.0,46.162,440
2024-10-07 09:35:00-04:00,46.15,46.17,45.97,46.01,40522.0,46.06,271
2024-10-07 09:40:00-04:00,46.02,46.13,46.0,46.08,31138.0,46.049,215
2024-10-07 09:45:00-04:00,46.1,46.1,45.83,45.83,37659.0,45.959,188
2024-10-07 09:50:00-04:00,45.86,45.97,45.85,45.95,19166.0,45.908,120
2024-10-07 09:55:00-04:00,45.95,45.96,45.62,45.77,35555.0,45.812,198
2024-10-07 10:00:00-04:00,45.77,46.13,45.74,46.04,46807.0,45.952,280
2024-10-07 10:05:00-04:00,46.05,46.09,46.03,46.09,24645.0,46.063,137
2024-10-07 10:10:00-04:00,46.08,46.19,46.08,46.15,25111.0,46.134,157
2024-10-07 10:15:00-04:00,46.14,46.14,46.03,46.06,26034.0,46.076,111
2024-10-07 10:20:00-04:00,46.06,46.08,46.04,46.06,10663.0,46.054,67
2024-10-07 10:25:00-04:00,46.05,46.06,45.98,46.02,47529.0,46.022,202
2024-10-07 10:30:00-04:00,46.01,46.09,45.96,46.07,36205.0,46.016,220
2024-10-07 10:35:00-04:00,46.06,46.19,46.06,46.13,29819.0,46.132,161
2024-10-07 10:40:00-04:00,46.14,46.2,46.13,46.15,55005.0,46.166,339
2024-10-07 10:45:00-04:00,46.16,46.18,46.07,46.16,64527.0,46.123,214
2024-10-07 10:50:00-04:00,46.15,46.18,46.11,46.12,12439.0,46.143,68
2024-10-07 10:55:00-04:00,46.12,46.15,46.09,46.12,26458.0,46.114,112
2024-10-07 11:00:00-04:00,46.1,46.22,46.07,46.19,38744.0,46.171,218
2024-10-07 11:05:00-04:00,46.2,46.22,46.17,46.19,23331.0,46.192,105
2024-10-07 11:10:00-04:00,46.18,46.24,46.13,46.2,20456.0,46.188,122
2024-10-07 11:15:00-04:00,46.2,46.26,46.19,46.24,32013.0,46.233,138
2024-10-07 11:20:00-04:00,46.24,46.24,46.18,46.22,36472.0,46.211,133
2024-10-07 11:25:00-04:00,46.22,46.31,46.21,46.31,37418.0,46.258,173
2024-10-07 11:30:00-04:00,46.31,46.31,46.11,46.12,83181.0,46.232,425
2024-10-07 11:35:00-04:00,46.1,46.23,46.07,46.2,55816.0,46.148,269
2024-10-07 11:40:00-04:00,46.21,46.23,46.15,46.18,13117.0,46.189,76
2024-10-07 11:45:00-04:00,46.19,46.22,46.18,46.19,9169.0,46.204,53
2024-10-07 11:50:00-04:00,46.18,46.29,46.17,46.25,15376.0,46.229,76
2024-10-07 11:55:00-04:00,46.25,46.33,46.25,46.33,3454.0,46.295,32
2024-10-07 12:00:00-04:00,46.33,46.37,46.31,46.36,17977.0,46.333,87
2024-10-07 12:05:00-04:00,46.36,46.36,46.3,46.31,60693.0,46.33,44
2024-10-07 12:10:00-04:00,46.3,46.34,46.25,46.31,105352.0,46.329,38
2024-10-07 12:15:00-04:00,46.3,46.37,46.29,46.34,7200.0,46.333,35
2024-10-07 12:20:00-04:00,46.34,46.4,46.34,46.4,7508.0,46.386,42
2024-10-07 12:25:00-04:00,46.41,46.42,46.36,46.36,3828.0,46.396,34
2024-10-07 12:30:00-04:00,46.36,46.37,46.31,46.32,6257.0,46.352,50
2024-10-07 12:35:00-04:00,46.31,46.32,46.24,46.27,5770.0,46.281,38
2024-10-07 12:40:00-04:00,46.27,46.33,46.27,46.28,82946.0,46.303,310
2024-10-07 12:45:00-04:00,46.29,46.29,46.2,46.2,8629.0,46.218,62
2024-10-07 12:50:00-04:00,46.21,46.25,46.18,46.19,9017.0,46.207,58
2024-10-07 12:55:00-04:00,46.19,46.2,46.12,46.18,19241.0,46.173,86
2024-10-07 13:00:00-04:00,46.18,46.19,46.17,46.18,7015.0,46.176,60
2024-10-07 13:05:00-04:00,46.18,46.26,46.17,46.26,23815.0,46.209,120
2024-10-07 13:10:00-04:00,46.27,46.3,46.1,46.13,44244.0,46.211,256
2024-10-07 13:15:00-04:00,46.13,46.16,46.09,46.13,15770.0,46.123,102
2024-10-07 13:20:00-04:00,46.14,46.27,46.14,46.26,7724.0,46.22,56
2024-10-07 13:25:00-04:00,46.26,46.32,46.24,46.28,6112.0,46.285,51
2024-10-07 13:30:00-04:00,46.22,46.22,46.17,46.2,7019.0,46.199,52
2024-10-07 13:35:00-04:00,46.18,46.18,46.04,46.04,8826.0,46.086,68
2024-10-07 13:40:00-04:00,46.04,46.09,46.02,46.06,15613.0,46.05,107
2024-10-07 13:45:00-04:00,46.05,46.15,46.05,46.13,41624.0,46.127,274
2024-10-07 13:50:00-04:00,46.13,46.23,46.13,46.18,21078.0,46.184,142
2024-10-07 13:55:00-04:00,46.17,46.21,46.1,46.18,30749.0,46.176,123
2024-10-07 14:00:00-04:00,46.18,46.2,46.1,46.1,24753.0,46.143,104
2024-10-07 14:05:00-04:00,46.09,46.18,46.09,46.18,13802.0,46.131,81
2024-10-07 14:10:00-04:00,46.18,46.2,46.13,46.13,12442.0,46.166,71
2024-10-07 14:15:00-04:00,46.11,46.2,46.11,46.18,16178.0,46.164,82
2024-10-07 14:20:00-04:00,46.18,46.22,46.17,46.21,11003.0,46.196,86
2024-10-07 14:25:00-04:00,46.21,46.23,46.19,46.2,8523.0,46.205,53
2024-10-07 14:30:00-04:00,46.19,46.21,45.98,46.19,32753.0,46.119,212
2024-10-07 14:35:00-04:00,46.17,46.22,46.12,46.19,15404.0,46.173,91
2024-10-07 14:40:00-04:00,46.21,46.23,46.13,46.15,19220.0,46.18,111
2024-10-07 14:45:00-04:00,46.15,46.17,46.03,46.09,39963.0,46.104,214
2024-10-07 14:50:00-04:00,46.1,46.19,46.09,46.14,19077.0,46.15,98
2024-10-07 14:55:00-04:00,46.15,46.2,46.14,46.16,21265.0,46.177,111
2024-10-07 15:00:00-04:00,46.16,46.26,46.16,46.24,26207.0,46.223,115
2024-10-07 15:05:00-04:00,46.25,46.34,46.23,46.33,13268.0,46.284,102
2024-10-07 15:10:00-04:00,46.33,46.37,46.3,46.34,15746.0,46.332,103
2024-10-07 15:15:00-04:00,46.34,46.36,46.28,46.31,13379.0,46.307,76
2024-10-07 15:20:00-04:00,46.32,46.38,46.31,46.38,15012.0,46.354,98
2024-10-07 15:25:00-04:00,46.38,46.42,46.38,46.4,14338.0,46.394,111
2024-10-07 15:30:00-04:00,46.4,46.4,46.33,46.34,23235.0,46.366,159
2024-10-07 15:35:00-04:00,46.34,46.35,46.27,46.34,21864.0,46.299,134
2024-10-07 15:40:00-04:00,46.34,46.35,46.3,46.32,23663.0,46.323,179
2024-10-07 15:45:00-04:00,46.32,46.5,46.31,46.5,45107.0,46.42,312
2024-10-07 15:50:00-04:00,46.49,46.56,46.45,46.53,75683.0,46.512,535
2024-10-07 15:55:00-04:00,46.53,46.54,46.42,46.45,208694.0,46.483,1191
2024-10-08 09:30:00-04:00,45.9,46.07,45.73,45.77,63599.0,45.897,242
2024-10-08 09:35:00-04:00,45.76,45.83,45.64,45.66,41567.0,45.735,268
2024-10-08 09:40:00-04:00,45.66,45.68,45.38,45.45,45288.0,45.564,291
2024-10-08 09:45:00-04:00,45.46,45.58,45.46,45.55,25792.0,45.527,156
2024-10-08 09:50:00-04:00,45.56,45.63,45.52,45.6,23349.0,45.579,143
2024-10-08 09:55:00-04:00,45.62,45.65,45.52,45.6,33216.0,45.596,209
2024-10-08 10:00:00-04:00,45.6,45.71,45.51,45.58,34215.0,45.611,199
2024-10-08 10:05:00-04:00,45.58,45.64,45.52,45.62,17034.0,45.585,136
2024-10-08 10:10:00-04:00,45.62,45.66,45.5,45.51,44136.0,45.608,165
2024-10-08 10:15:00-04:00,45.53,45.58,45.47,45.57,15734.0,45.515,97
2024-10-08 10:20:00-04:00,45.55,45.56,45.42,45.44,12818.0,45.479,61
2024-10-08 10:25:00-04:00,45.44,45.54,45.43,45.54,23054.0,45.477,114
2024-10-08 10:30:00-04:00,45.54,45.59,45.41,45.41,10612.0,45.532,81
2024-10-08 10:35:00-04:00,45.43,45.44,45.39,45.41,8809.0,45.419,62
2024-10-08 10:40:00-04:00,45.4,45.55,45.4,45.46,22177.0,45.448,147
2024-10-08 10:45:00-04:00,45.47,45.58,45.46,45.52,12290.0,45.532,82
2024-10-08 10:50:00-04:00,45.51,45.56,45.5,45.52,19632.0,45.524,131
2024-10-08 10:55:00-04:00,45.52,45.57,45.51,45.54,15970.0,45.55,102
2024-10-08 11:00:00-04:00,45.54,45.63,45.54,45.59,25891.0,45.593,182
2024-10-08 11:05:00-04:00,45.57,45.58,45.5,45.58,20015.0,45.541,145
2024-10-08 11:10:00-04:00,45.57,45.58,45.52,45.53,14337.0,45.553,109
2024-10-08 11:15:00-04:00,45.52,45.55,45.48,45.48,32827.0,45.513,101
2024-10-08 11:20:00-04:00,45.48,45.58,45.44,45.5,31046.0,45.501,209
2024-10-08 11:25:00-04:00,45.49,45.53,45.48,45.51,13354.0,45.508,108
2024-10-08 11:30:00-04:00,45.52,45.54,45.4,45.42,66847.0,45.475,449
2024-10-08 11:35:00-04:00,45.42,45.64,45.41,45.62,22623.0,45.554,142
2024-10-08 11:40:00-04:00,45.64,45.67,45.61,45.64,18566.0,45.638,101
2024-10-08 11:45:00-04:00,45.65,45.73,45.65,45.72,7921.0,45.672,51
2024-10-08 11:50:00-04:00,45.73,45.83,45.7,45.83,8291.0,45.757,62
2024-10-08 11:55:00-04:00,45.84,45.9,45.8,45.87,12993.0,45.84,89
2024-10-08 12:00:00-04:00,45.87,45.89,45.82,45.89,9163.0,45.858,77
2024-10-08 12:05:00-04:00,45.89,45.93,45.85,45.9,3417.0,45.891,26
2024-10-08 12:10:00-04:00,45.9,45.97,45.9,45.96,8381.0,45.943,38
2024-10-08 12:15:00-04:00,45.96,45.99,45.92,45.96,5078.0,45.96,40
2024-10-08 12:20:00-04:00,45.97,46.03,45.95,46.01,13620.0,45.994,69
2024-10-08 12:25:00-04:00,46.01,46.09,46.01,46.06,9184.0,46.072,66
2024-10-08 12:30:00-04:00,46.07,46.07,46.05,46.05,2719.0,46.061,20
2024-10-08 12:35:00-04:00,46.06,46.07,46.05,46.06,5091.0,46.058,38
2024-10-08 12:40:00-04:00,46.07,46.07,45.98,45.99,12050.0,46.032,73
2024-10-08 12:45:00-04:00,45.99,46.03,45.99,46.01,8016.0,46.006,65
2024-10-08 12:50:00-04:00,46.03,46.04,46.02,46.02,2350.0,46.027,21
2024-10-08 12:55:00-04:00,46.02,46.03,45.99,46.02,4470.0,46.01,39
2024-10-08 13:00:00-04:00,46.01,46.01,45.98,46.0,7868.0,45.999,45
2024-10-08 13:05:00-04:00,46.0,46.07,45.98,46.0,23788.0,46.008,141
2024-10-08 13:10:00-04:00,46.02,46.04,45.98,46.0,7175.0,46.006,55
2024-10-08 13:15:00-04:00,46.0,46.03,45.98,46.0,13400.0,45.995,87
2024-10-08 13:20:00-04:00,46.0,46.04,45.96,46.04,14425.0,45.982,74
2024-10-08 13:25:00-04:00,46.04,46.12,46.03,46.11,11459.0,46.086,91
2024-10-08 13:30:00-04:00,46.12,46.12,46.09,46.12,6727.0,46.1,50
2024-10-08 13:35:00-04:00,46.13,46.13,46.08,46.11,6724.0,46.107,47
2024-10-08 13:40:00-04:00,46.12,46.12,46.07,46.09,4306.0,46.096,31
2024-10-08 13:45:00-04:00,46.09,46.12,46.08,46.12,5475.0,46.101,39
2024-10-08 13:50:00-04:00,46.12,46.24,46.11,46.23,38841.0,46.175,123
2024-10-08 13:55:00-04:00,46.23,46.3,46.22,46.29,18437.0,46.25,94
2024-10-08 14:00:00-04:00,46.3,46.33,46.29,46.32,9014.0,46.308,55
2024-10-08 14:05:00-04:00,46.32,46.34,46.24,46.28,13499.0,46.299,100
2024-10-08 14:10:00-04:00,46.3,46.33,46.29,46.3,7603.0,46.312,49
2024-10-08 14:15:00-04:00,46.3,46.36,46.29,46.36,11110.0,46.319,80
2024-10-08 14:20:00-04:00,46.35,46.35,46.26,46.28,12023.0,46.3,94
2024-10-08 14:25:00-04:00,46.29,46.31,46.23,46.29,13884.0,46.282,69
2024-10-08 14:30:00-04:00,46.28,46.29,46.26,46.27,6681.0,46.274,45
2024-10-08 14:35:00-04:00,46.28,46.33,46.26,46.28,9163.0,46.291,61
2024-10-08 14:40:00-04:00,46.28,46.28,46.25,46.27,6735.0,46.265,45
2024-10-08 14:45:00-04:00,46.27,46.29,46.25,46.28,12267.0,46.275,65
2024-10-08 14:50:00-04:00,46.28,46.29,46.25,46.28,15286.0,46.276,80
2024-10-08 14:55:00-04:00,46.28,46.35,46.27,46.32,17548.0,46.308,100
2024-10-08 15:00:00-04:00,46.32,46.32,46.21,46.23,18886.0,46.255,115
2024-10-08 15:05:00-04:00,46.22,46.22,46.15,46.21,13572.0,46.186,93
2024-10-08 15:10:00-04:00,46.2,46.24,46.19,46.21,13629.0,46.214,92
2024-10-08 15:15:00-04:00,46.21,46.22,46.16,46.19,14492.0,46.188,99
2024-10-08 15:20:00-04:00,46.19,46.19,46.11,46.18,21715.0,46.16,122
2024-10-08 15:25:00-04:00,46.18,46.18,46.11,46.13,19758.0,46.145,131
2024-10-08 15:30:00-04:00,46.14,46.2,46.1,46.2,32472.0,46.142,203
2024-10-08 15:35:00-04:00,46.19,46.19,46.11,46.15,27153.0,46.172,202
2024-10-08 15:40:00-04:00,46.14,46.18,46.1,46.16,29773.0,46.146,201
2024-10-08 15:45:00-04:00,46.15,46.19,46.11,46.12,50270.0,46.152,270
2024-10-08 15:50:00-04:00,46.11,46.3,46.1,46.21,131616.0,46.214,731
2024-10-08 15:55:00-04:00,46.21,46.25,46.1,46.12,217334.0,46.179,994
2024-10-09 09:30:00-04:00,46.37,46.39,46.12,46.28,127448.0,46.206,215
2024-10-09 09:35:00-04:00,46.25,46.35,46.21,46.34,18462.0,46.272,128
2024-10-09 09:40:00-04:00,46.34,46.5,46.34,46.45,19651.0,46.426,121
2024-10-09 09:45:00-04:00,46.47,46.49,46.35,46.41,20987.0,46.414,146
2024-10-09 09:50:00-04:00,46.4,46.46,46.36,46.44,21944.0,46.404,140
2024-10-09 09:55:00-04:00,46.43,46.71,46.43,46.71,144683.0,46.502,289
2024-10-09 10:00:00-04:00,46.71,46.73,46.57,46.63,32467.0,46.655,167
2024-10-09 10:05:00-04:00,46.61,46.75,46.61,46.65,21944.0,46.669,132
2024-10-09 10:10:00-04:00,46.66,46.68,46.57,46.58,21726.0,46.643,110
2024-10-09 10:15:00-04:00,46.56,46.58,46.46,46.47,6929.0,46.512,56
2024-10-09 10:20:00-04:00,46.46,46.49,46.37,46.44,39333.0,46.403,163
2024-10-09 10:25:00-04:00,46.45,46.45,46.33,46.4,35612.0,46.389,153
2024-10-09 10:30:00-04:00,46.4,46.47,46.28,46.34,38868.0,46.361,193
2024-10-09 10:35:00-04:00,46.37,46.42,46.33,46.41,9886.0,46.372,85
2024-10-09 10:40:00-04:00,46.41,46.46,46.37,46.46,12967.0,46.431,93
2024-10-09 10:45:00-04:00,46.45,46.51,46.43,46.48,19871.0,46.465,150
2024-10-09 10:50:00-04:00,46.49,46.5,46.42,46.43,10041.0,46.469,73
2024-10-09 10:55:00-04:00,46.44,46.47,46.38,46.43,9613.0,46.427,75
2024-10-09 11:00:00-04:00,46.44,46.47,46.43,46.47,5645.0,46.447,45
2024-10-09 11:05:00-04:00,46.45,46.51,46.43,46.5,4656.0,46.468,39
2024-10-09 11:10:00-04:00,46.5,46.53,46.42,46.48,37203.0,46.485,226
2024-10-09 11:15:00-04:00,46.48,46.58,46.45,46.47,11948.0,46.487,94
2024-10-09 11:20:00-04:00,46.48,46.51,46.44,46.44,13072.0,46.488,93
2024-10-09 11:25:00-04:00,46.43,46.49,46.41,46.43,16394.0,46.458,84
2024-10-09 11:30:00-04:00,46.43,46.47,46.37,46.38,34824.0,46.427,184
2024-10-09 11:35:00-04:00,46.33,46.34,46.24,46.3,30310.0,46.304,220
2024-10-09 11:40:00-04:00,46.3,46.39,46.29,46.32,11161.0,46.337,74
2024-10-09 11:45:00-04:00,46.31,46.31,46.25,46.29,11736.0,46.281,42
2024-10-09 11:50:00-04:00,46.29,46.33,46.29,46.32,3862.0,46.316,36
2024-10-09 11:55:00-04:00,46.32,46.36,46.3,46.36,5985.0,46.325,52
2024-10-09 12:00:00-04:00,46.35,46.35,46.29,46.34,5601.0,46.317,46
2024-10-09 12:05:00-04:00,46.34,46.35,46.31,46.33,5230.0,46.325,39
2024-10-09 12:10:00-04:00,46.32,46.34,46.3,46.33,7553.0,46.327,63
2024-10-09 12:15:00-04:00,46.33,46.33,46.2,46.22,12434.0,46.256,93
2024-10-09 12:20:00-04:00,46.22,46.29,46.21,46.27,4955.0,46.246,42
2024-10-09 12:25:00-04:00,46.28,46.28,46.24,46.26,7111.0,46.262,47
2024-10-09 12:30:00-04:00,46.26,46.26,46.21,46.25,5140.0,46.237,44
2024-10-09 12:35:00-04:00,46.25,46.3,46.23,46.28,6825.0,46.267,52
2024-10-09 12:40:00-04:00,46.28,46.28,46.23,46.26,7279.0,46.252,59
2024-10-09 12:45:00-04:00,46.26,46.27,46.22,46.26,9909.0,46.255,65
2024-10-09 12:50:00-04:00,46.24,46.26,46.18,46.2,8989.0,46.218,76
2024-10-09 12:55:00-04:00,46.21,46.24,46.17,46.23,9628.0,46.212,57
2024-10-09 13:00:00-04:00,46.23,46.25,46.19,46.19,40625.0,46.224,57
2024-10-09 13:05:00-04:00,46.19,46.23,46.19,46.22,3492.0,46.201,31
2024-10-09 13:10:00-04:00,46.23,46.27,46.2,46.26,7493.0,46.229,63
2024-10-09 13:15:00-04:00,46.26,46.29,46.26,46.27,6451.0,46.274,49
2024-10-09 13:20:00-04:00,46.26,46.32,46.26,46.29,3684.0,46.292,27
2024-10-09 13:25:00-04:00,46.3,46.3,46.2,46.2,6938.0,46.259,41
2024-10-09 13:30:00-04:00,46.2,46.23,46.14,46.18,7469.0,46.196,56
2024-10-09 13:35:00-04:00,46.18,46.21,46.17,46.18,6944.0,46.183,56
2024-10-09 13:40:00-04:00,46.17,46.22,46.16,46.18,7778.0,46.194,56
2024-10-09 13:45:00-04:00,46.17,46.21,46.15,46.2,5631.0,46.186,48
2024-10-09 13:50:00-04:00,46.2,46.23,46.15,46.23,15973.0,46.178,104
2024-10-09 13:55:00-04:00,46.22,46.26,46.21,46.22,12587.0,46.235,54
2024-10-09 14:00:00-04:00,46.21,46.26,46.19,46.23,8738.0,46.229,50
2024-10-09 14:05:00-04:00,46.24,46.26,46.2,46.23,10013.0,46.234,43
2024-10-09 14:10:00-04:00,46.23,46.25,46.21,46.22,5488.0,46.224,39
2024-10-09 14:15:00-04:00,46.21,46.21,46.15,46.19,10821.0,46.179,62
2024-10-09 14:20:00-04:00,46.2,46.22,46.15,46.21,12952.0,46.176,73
2024-10-09 14:25:00-04:00,46.21,46.23,46.19,46.19,5789.0,46.206,45
2024-10-09 14:30:00-04:00,46.19,46.2,46.16,46.18,5993.0,46.18,52
2024-10-09 14:35:00-04:00,46.18,46.21,46.18,46.21,3768.0,46.193,33
2024-10-09 14:40:00-04:00,46.2,46.23,46.19,46.23,6063.0,46.211,47
2024-10-09 14:45:00-04:00,46.23,46.26,46.21,46.25,9301.0,46.236,44
2024-10-09 14:50:00-04:00,46.24,46.26,46.22,46.24,4338.0,46.238,35
2024-10-09 14:55:00-04:00,46.24,46.28,46.24,46.26,10738.0,46.26,81
2024-10-09 15:00:00-04:00,46.26,46.27,46.2,46.21,13369.0,46.237,95
2024-10-09 15:05:00-04:00,46.21,46.22,46.14,46.15,15999.0,46.176,129
2024-10-09 15:10:00-04:00,46.15,46.16,46.11,46.14,20533.0,46.128,127
2024-10-09 15:15:00-04:00,46.14,46.16,46.12,46.16,15903.0,46.148,87
2024-10-09 15:20:00-04:00,46.16,46.18,46.13,46.15,11381.0,46.151,86
2024-10-09 15:25:00-04:00,46.14,46.21,46.12,46.19,16485.0,46.157,101
2024-10-09 15:30:00-04:00,46.19,46.19,46.11,46.16,21552.0,46.145,153
2024-10-09 15:35:00-04:00,46.15,46.18,46.13,46.16,14535.0,46.152,97
2024-10-09 15:40:00-04:00,46.16,46.18,46.14,46.15,18073.0,46.156,137
2024-10-09 15:45:00-04:00,46.15,46.15,46.08,46.12,29305.0,46.113,221
2024-10-09 15:50:00-04:00,46.11,46.26,46.09,46.22,62549.0,46.184,408
2024-10-09 15:55:00-04:00,46.22,46.22,46.06,46.06,190342.0,46.133,885
2024-10-10 09:30:00-04:00,45.82,45.92,45.48,45.58,64042.0,45.779,191
2024-10-10 09:35:00-04:00,45.6,45.6,45.41,45.49,94707.0,45.495,186
2024-10-10 09:40:00-04:00,45.49,45.59,45.31,45.32,59385.0,45.5,254
2024-10-10 09:45:00-04:00,45.32,45.41,45.2,45.33,84467.0,45.3,268
2024-10-10 09:50:00-04:00,45.35,45.39,45.27,45.37,9892.0,45.325,77
2024-10-10 09:55:00-04:00,45.39,45.44,45.28,45.3,55306.0,45.343,219
2024-10-10 10:00:00-04:00,45.29,45.55,45.29,45.33,40492.0,45.439,221
2024-10-10 10:05:00-04:00,45.33,45.35,45.23,45.33,45243.0,45.291,114
2024-10-10 10:10:00-04:00,45.34,45.42,45.34,45.37,31988.0,45.39,104
2024-10-10 10:15:00-04:00,45.37,45.45,45.28,45.31,31021.0,45.334,126
2024-10-10 10:20:00-04:00,45.33,45.4,45.3,45.37,12144.0,45.34,62
2024-10-10 10:25:00-04:00,45.38,45.44,45.32,45.35,19721.0,45.371,132
2024-10-10 10:30:00-04:00,45.36,45.37,45.25,45.32,12238.0,45.303,79
2024-10-10 10:35:00-04:00,45.32,45.37,45.25,45.3,39009.0,45.305,216
2024-10-10 10:40:00-04:00,45.3,45.39,45.19,45.2,76222.0,45.273,205
2024-10-10 10:45:00-04:00,45.2,45.26,45.16,45.2,33181.0,45.206,162
2024-10-10 10:50:00-04:00,45.2,45.23,45.09,45.1,43360.0,45.179,223
2024-10-10 10:55:00-04:00,45.11,45.18,45.09,45.18,13321.0,45.127,106
2024-10-10 11:00:00-04:00,45.17,45.17,45.1,45.15,11066.0,45.14,92
2024-10-10 11:05:00-04:00,45.16,45.23,45.13,45.17,46763.0,45.191,292
2024-10-10 11:10:00-04:00,45.18,45.21,45.15,45.17,15279.0,45.181,98
2024-10-10 11:15:00-04:00,45.16,45.35,45.15,45.33,86568.0,45.206,200
2024-10-10 11:20:00-04:00,45.33,45.48,45.28,45.48,28075.0,45.389,174
2024-10-10 11:25:00-04:00,45.46,45.49,45.39,45.47,25112.0,45.45,119
2024-10-10 11:30:00-04:00,45.46,45.5,45.37,45.4,91068.0,45.433,328
2024-10-10 11:35:00-04:00,45.39,45.48,45.38,45.47,43136.0,45.417,225
2024-10-10 11:40:00-04:00,45.47,45.49,45.44,45.48,3824.0,45.467,36
2024-10-10 11:45:00-04:00,45.45,45.49,45.43,45.47,5526.0,45.46,44
2024-10-10 11:50:00-04:00,45.48,45.48,45.38,45.45,10796.0,45.431,61
2024-10-10 11:55:00-04:00,45.45,45.47,45.42,45.42,10292.0,45.453,63
2024-10-10 12:00:00-04:00,45.42,45.42,45.32,45.34,9752.0,45.366,65
2024-10-10 12:05:00-04:00,45.33,45.33,45.28,45.29,7398.0,45.309,59
2024-10-10 12:10:00-04:00,45.31,45.32,45.28,45.31,11315.0,45.3,50
2024-10-10 12:15:00-04:00,45.32,45.36,45.26,45.34,26047.0,45.314,84
2024-10-10 12:20:00-04:00,45.36,45.38,45.28,45.28,4830.0,45.335,30
2024-10-10 12:25:00-04:00,45.28,45.36,45.28,45.35,13549.0,45.294,49
2024-10-10 12:30:00-04:00,45.36,45.42,45.33,45.42,8420.0,45.374,55
2024-10-10 12:35:00-04:00,45.41,45.5,45.41,45.46,37241.0,45.452,44
2024-10-10 12:40:00-04:00,45.46,45.46,45.33,45.36,19670.0,45.389,112
2024-10-10 12:45:00-04:00,45.36,45.44,45.34,45.42,17301.0,45.361,112
2024-10-10 12:50:00-04:00,45.42,45.46,45.37,45.38,3309.0,45.409,24
2024-10-10 12:55:00-04:00,45.4,45.4,45.24,45.26,29910.0,45.32,129
2024-10-10 13:00:00-04:00,45.27,45.3,45.24,45.29,56565.0,45.27,118
2024-10-10 13:05:00-04:00,45.28,45.31,45.24,45.26,28075.0,45.268,140
2024-10-10 13:10:00-04:00,45.26,45.27,45.24,45.27,26754.0,45.252,161
2024-10-10 13:15:00-04:00,45.27,45.33,45.27,45.3,25284.0,45.3,148
2024-10-10 13:20:00-04:00,45.32,45.35,45.29,45.34,32998.0,45.321,119
2024-10-10 13:25:00-04:00,45.34,45.36,45.33,45.35,11335.0,45.345,73
2024-10-10 13:30:00-04:00,45.35,45.38,45.33,45.35,35456.0,45.353,180
2024-10-10 13:35:00-04:00,45.36,45.37,45.33,45.35,20560.0,45.351,130
2024-10-10 13:40:00-04:00,45.35,45.42,45.35,45.35,19708.0,45.374,118
2024-10-10 13:45:00-04:00,45.35,45.37,45.3,45.33,17519.0,45.341,116
2024-10-10 13:50:00-04:00,45.33,45.35,45.26,45.34,11040.0,45.316,66
2024-10-10 13:55:00-04:00,45.34,45.39,45.33,45.38,8333.0,45.349,59
2024-10-10 14:00:00-04:00,45.38,45.38,45.32,45.36,8637.0,45.357,61
2024-10-10 14:05:00-04:00,45.36,45.39,45.35,45.37,6056.0,45.366,38
2024-10-10 14:10:00-04:00,45.37,45.41,45.36,45.38,20700.0,45.386,121
2024-10-10 14:15:00-04:00,45.38,45.38,45.28,45.3,14709.0,45.325,84
2024-10-10 14:20:00-04:00,45.3,45.31,45.25,45.27,22860.0,45.276,123
2024-10-10 14:25:00-04:00,45.27,45.34,45.26,45.32,14372.0,45.307,84
2024-10-10 14:30:00-04:00,45.31,45.34,45.29,45.3,10589.0,45.311,72
2024-10-10 14:35:00-04:00,45.3,45.33,45.29,45.31,15452.0,45.303,100
2024-10-10 14:40:00-04:00,45.31,45.32,45.24,45.3,24777.0,45.285,147
2024-10-10 14:45:00-04:00,45.3,45.33,45.24,45.28,69352.0,45.279,184
2024-10-10 14:50:00-04:00,45.28,45.29,45.23,45.25,81730.0,45.26,279
2024-10-10 14:55:00-04:00,45.25,45.26,45.14,45.16,31978.0,45.207,200
2024-10-10 15:00:00-04:00,45.15,45.2,45.11,45.12,13206.0,45.15,105
2024-10-10 15:05:00-04:00,45.12,45.13,45.08,45.08,16880.0,45.102,120
2024-10-10 15:10:00-04:00,45.08,45.1,45.04,45.05,11463.0,45.07,76
2024-10-10 15:15:00-04:00,45.04,45.08,45.02,45.08,18695.0,45.042,114
2024-10-10 15:20:00-04:00,45.08,45.14,45.07,45.12,17476.0,45.105,121
2024-10-10 15:25:00-04:00,45.12,45.13,45.05,45.08,14564.0,45.088,108
2024-10-10 15:30:00-04:00,45.07,45.07,45.04,45.05,23258.0,45.051,148
2024-10-10 15:35:00-04:00,45.06,45.12,45.05,45.12,16017.0,45.088,116
2024-10-10 15:40:00-04:00,45.12,45.21,45.11,45.21,20930.0,45.162,157
2024-10-10 15:45:00-04:00,45.21,45.3,45.2,45.29,36688.0,45.247,215
2024-10-10 15:50:00-04:00,45.31,45.42,45.28,45.41,68835.0,45.365,437
2024-10-10 15:55:00-04:00,45.4,45.46,45.33,45.41,187080.0,45.41,1035
2024-10-11 09:30:00-04:00,45.45,45.71,45.32,45.68,65162.0,45.473,268
2024-10-11 09:35:00-04:00,45.66,45.66,45.48,45.5,22120.0,45.55,134
2024-10-11 09:40:00-04:00,45.53,45.6,45.44,45.5,29778.0,45.512,177
2024-10-11 09:45:00-04:00,45.5,45.54,45.42,45.45,19006.0,45.492,127
2024-10-11 09:50:00-04:00,45.48,45.74,45.46,45.66,79768.0,45.58,139
2024-10-11 09:55:00-04:00,45.66,45.75,45.66,45.75,19819.0,45.716,119
2024-10-11 10:00:00-04:00,45.77,45.87,45.72,45.75,20604.0,45.803,128
2024-10-11 10:05:00-04:00,45.75,45.77,45.65,45.7,22503.0,45.724,136
2024-10-11 10:10:00-04:00,45.69,45.76,45.69,45.7,11380.0,45.708,33
2024-10-11 10:15:00-04:00,45.72,45.76,45.66,45.71,9472.0,45.71,59
2024-10-11 10:20:00-04:00,45.72,45.84,45.67,45.84,9770.0,45.767,46
2024-10-11 10:25:00-04:00,45.85,45.89,45.82,45.82,15146.0,45.85,86
2024-10-11 10:30:00-04:00,45.82,45.83,45.74,45.8,7739.0,45.777,49
2024-10-11 10:35:00-04:00,45.79,45.87,45.78,45.87,9381.0,45.817,73
2024-10-11 10:40:00-04:00,45.88,45.96,45.87,45.93,18156.0,45.914,103
2024-10-11 10:45:00-04:00,45.92,45.97,45.88,45.93,13877.0,45.931,87
2024-10-11 10:50:00-04:00,45.95,46.02,45.93,46.0,10010.0,45.972,73
2024-10-11 10:55:00-04:00,46.0,46.02,45.97,45.97,6979.0,45.993,54
2024-10-11 11:00:00-04:00,45.97,45.97,45.87,45.89,15100.0,45.919,77
2024-10-11 11:05:00-04:00,45.89,45.96,45.85,45.91,17666.0,45.901,143
2024-10-11 11:10:00-04:00,45.91,46.03,45.9,45.99,11741.0,45.95,70
2024-10-11 11:15:00-04:00,45.99,46.05,45.99,46.04,8294.0,46.017,65
2024-10-11 11:20:00-04:00,46.04,46.05,46.0,46.03,11598.0,46.027,84
2024-10-11 11:25:00-04:00,46.03,46.05,45.93,45.94,11229.0,45.994,85
2024-10-11 11:30:00-04:00,45.91,45.93,45.82,45.84,49930.0,45.861,322
2024-10-11 11:35:00-04:00,45.86,45.99,45.81,45.97,15026.0,45.87,93
2024-10-11 11:40:00-04:00,45.98,45.98,45.88,45.9,6523.0,45.908,36
2024-10-11 11:45:00-04:00,45.89,45.89,45.84,45.86,5001.0,45.872,29
2024-10-11 11:50:00-04:00,45.81,45.81,45.76,45.78,16439.0,45.777,66
2024-10-11 11:55:00-04:00,45.79,45.8,45.73,45.79,11237.0,45.775,45
2024-10-11 12:00:00-04:00,45.79,45.86,45.77,45.86,2416.0,45.813,21
2024-10-11 12:05:00-04:00,45.86,45.86,45.73,45.75,5371.0,45.789,43
2024-10-11 12:10:00-04:00,45.74,45.77,45.73,45.77,4424.0,45.751,33
2024-10-11 12:15:00-04:00,45.77,45.81,45.75,45.75,3757.0,45.783,28
2024-10-11 12:20:00-04:00,45.75,45.8,45.75,45.8,8042.0,45.772,46
2024-10-11 12:25:00-04:00,45.78,45.79,45.75,45.79,2904.0,45.765,27
2024-10-11 12:30:00-04:00,45.78,45.84,45.76,45.84,2189.0,45.786,17
2024-10-11 12:35:00-04:00,45.83,45.83,45.76,45.77,6171.0,45.778,31
2024-10-11 12:40:00-04:00,45.77,45.78,45.76,45.77,3529.0,45.775,21
2024-10-11 12:45:00-04:00,45.77,45.86,45.77,45.84,4787.0,45.819,35
2024-10-11 12:50:00-04:00,45.84,45.86,45.81,45.81,3165.0,45.834,22
2024-10-11 12:55:00-04:00,45.81,45.83,45.8,45.83,3419.0,45.817,20
2024-10-11 13:00:00-04:00,45.85,45.87,45.84,45.84,2672.0,45.858,19
2024-10-11 13:05:00-04:00,45.84,45.92,45.83,45.91,3765.0,45.863,25
2024-10-11 13:10:00-04:00,45.92,45.97,45.91,45.93,2899.0,45.937,15
2024-10-11 13:15:00-04:00,45.91,45.91,45.86,45.89,3275.0,45.881,22
2024-10-11 13:20:00-04:00,45.9,45.95,45.89,45.92,4672.0,45.917,32
2024-10-11 13:25:00-04:00,45.93,45.98,45.93,45.96,2775.0,45.958,17
2024-10-11 13:30:00-04:00,45.96,46.0,45.95,46.0,6662.0,45.975,31
2024-10-11 13:35:00-04:00,45.99,46.02,45.98,46.02,9520.0,46.002,51
2024-10-11 13:40:00-04:00,46.02,46.04,46.01,46.03,16848.0,46.023,85
2024-10-11 13:45:00-04:00,46.04,46.04,45.96,45.97,8907.0,46.02,56
2024-10-11 13:50:00-04:00,45.95,45.96,45.92,45.96,3760.0,45.941,24
2024-10-11 13:55:00-04:00,45.95,45.95,45.9,45.91,3378.0,45.91,24
2024-10-11 14:00:00-04:00,45.84,45.86,45.81,45.82,1995.0,45.841,14
2024-10-11 14:05:00-04:00,45.8,45.83,45.8,45.8,2786.0,45.812,20
2024-10-11 14:10:00-04:00,45.8,45.82,45.79,45.81,4404.0,45.807,32
2024-10-11 14:15:00-04:00,45.82,45.85,45.8,45.81,4190.0,45.823,31
2024-10-11 14:20:00-04:00,45.81,45.83,45.77,45.79,3254.0,45.804,25
2024-10-11 14:25:00-04:00,45.78,45.79,45.77,45.77,3473.0,45.779,25
2024-10-11 14:30:00-04:00,45.78,45.83,45.75,45.83,4402.0,45.789,34
2024-10-11 14:35:00-04:00,45.81,45.82,45.76,45.8,4126.0,45.791,30
2024-10-11 14:40:00-04:00,45.79,45.81,45.76,45.79,3230.0,45.785,26
2024-10-11 14:45:00-04:00,45.8,45.85,45.8,45.84,4175.0,45.822,27
2024-10-11 14:50:00-04:00,45.83,45.84,45.79,45.81,6220.0,45.82,37
2024-10-11 14:55:00-04:00,45.81,45.85,45.81,45.81,4945.0,45.825,33
2024-10-11 15:00:00-04:00,45.81,45.81,45.78,45.79,5119.0,45.8,32
2024-10-11 15:05:00-04:00,45.78,45.78,45.75,45.76,7681.0,45.759,61
2024-10-11 15:10:00-04:00,45.77,45.82,45.77,45.78,4656.0,45.789,32
2024-10-11 15:15:00-04:00,45.78,45.82,45.77,45.78,8725.0,45.788,50
2024-10-11 15:20:00-04:00,45.78,45.79,45.77,45.78,5145.0,45.78,42
2024-10-11 15:25:00-04:00,45.77,45.77,45.72,45.76,11037.0,45.75,66
2024-10-11 15:30:00-04:00,45.75,45.75,45.72,45.74,8967.0,45.74,68
2024-10-11 15:35:00-04:00,45.73,45.75,45.69,45.7,10363.0,45.721,85
2024-10-11 15:40:00-04:00,45.7,45.71,45.63,45.66,16374.0,45.666,107
2024-10-11 15:45:00-04:00,45.66,45.68,45.61,45.64,22150.0,45.645,138
2024-10-11 15:50:00-04:00,45.64,45.69,45.6,45.61,55015.0,45.636,328
2024-10-11 15:55:00-04:00,45.61,45.66,45.59,45.62,122339.0,45.625,630
2024-10-14 09:30:00-04:00,45.19,45.3,45.13,45.15,66905.0,45.19,294
2024-10-14 09:35:00-04:00,45.15,45.18,45.0,45.11,57480.0,45.098,330
2024-10-14 09:40:00-04:00,45.1,45.17,44.99,45.13,41684.0,45.086,227
2024-10-14 09:45:00-04:00,45.14,45.27,45.13,45.27,27700.0,45.205,173
2024-10-14 09:50:00-04:00,45.26,45.28,45.19,45.22,39490.0,45.245,263
2024-10-14 09:55:00-04:00,45.21,45.28,45.2,45.22,24871.0,45.244,169
2024-10-14 10:00:00-04:00,45.22,45.3,45.21,45.22,31318.0,45.256,216
2024-10-14 10:05:00-04:00,45.2,45.27,45.15,45.22,33701.0,45.224,216
2024-10-14 10:10:00-04:00,45.22,45.22,45.14,45.15,12543.0,45.172,81
2024-10-14 10:15:00-04:00,45.16,45.17,45.08,45.1,20267.0,45.114,118
2024-10-14 10:20:00-04:00,45.1,45.11,45.03,45.04,17769.0,45.076,102
2024-10-14 10:25:00-04:00,45.05,45.09,44.95,45.06,51033.0,44.998,197
2024-10-14 10:30:00-04:00,45.06,45.28,45.05,45.21,28473.0,45.174,202
2024-10-14 10:35:00-04:00,45.22,45.28,45.19,45.25,26262.0,45.232,164
2024-10-14 10:40:00-04:00,45.26,45.28,45.12,45.16,20263.0,45.203,130
2024-10-14 10:45:00-04:00,45.17,45.18,45.08,45.1,16460.0,45.124,101
2024-10-14 10:50:00-04:00,45.1,45.19,45.09,45.14,25501.0,45.144,177
2024-10-14 10:55:00-04:00,45.15,45.16,45.13,45.15,21649.0,45.145,139
2024-10-14 11:00:00-04:00,45.16,45.25,45.15,45.22,21252.0,45.192,159
2024-10-14 11:05:00-04:00,45.2,45.32,45.16,45.3,32472.0,45.238,214
2024-10-14 11:10:00-04:00,45.3,45.31,45.24,45.27,57261.0,45.285,364
2024-10-14 11:15:00-04:00,45.27,45.3,45.22,45.24,37869.0,45.267,233
2024-10-14 11:20:00-04:00,45.26,45.27,45.13,45.15,21551.0,45.191,149
2024-10-14 11:25:00-04:00,45.14,45.18,45.13,45.13,14466.0,45.156,100
2024-10-14 11:30:00-04:00,45.13,45.14,45.08,45.14,66992.0,45.115,401
2024-10-14 11:35:00-04:00,45.13,45.15,45.11,45.14,8768.0,45.134,61
2024-10-14 11:40:00-04:00,45.13,45.23,45.13,45.16,8341.0,45.182,53
2024-10-14 11:45:00-04:00,45.17,45.17,45.11,45.12,4373.0,45.133,35
2024-10-14 11:50:00-04:00,45.11,45.14,45.1,45.12,6999.0,45.115,53
2024-10-14 11:55:00-04:00,45.12,45.13,45.1,45.11,8238.0,45.115,49
2024-10-14 12:00:00-04:00,45.12,45.25,45.12,45.23,12882.0,45.189,90
2024-10-14 12:05:00-04:00,45.23,45.29,45.19,45.29,4162.0,45.236,33
2024-10-14 12:10:00-04:00,45.3,45.32,45.26,45.29,19261.0,45.287,72
2024-10-14 12:15:00-04:00,45.28,45.29,45.26,45.28,8002.0,45.283,23
2024-10-14 12:20:00-04:00,45.29,45.32,45.28,45.32,11131.0,45.296,52
2024-10-14 12:25:00-04:00,45.32,45.38,45.3,45.37,9374.0,45.342,55
2024-10-14 12:30:00-04:00,45.37,45.4,45.29,45.31,7020.0,45.358,47
2024-10-14 12:35:00-04:00,45.32,45.34,45.31,45.33,4338.0,45.326,27
2024-10-14 12:40:00-04:00,45.33,45.34,45.31,45.31,3054.0,45.325,16
2024-10-14 12:45:00-04:00,45.31,45.32,45.3,45.32,1600.0,45.312,14
2024-10-14 12:50:00-04:00,45.31,45.34,45.31,45.33,6844.0,45.328,44
2024-10-14 12:55:00-04:00,45.33,45.35,45.33,45.33,6145.0,45.337,36
2024-10-14 13:00:00-04:00,45.32,45.32,45.28,45.3,5418.0,45.3,25
2024-10-14 13:05:00-04:00,45.28,45.28,45.24,45.25,3767.0,45.26,28
2024-10-14 13:10:00-04:00,45.26,45.26,45.21,45.22,4079.0,45.227,34
2024-10-14 13:15:00-04:00,45.22,45.22,45.2,45.2,4170.0,45.204,27
2024-10-14 13:20:00-04:00,45.21,45.21,45.16,45.18,3575.0,45.195,32
2024-10-14 13:25:00-04:00,45.18,45.19,45.15,45.19,7940.0,45.175,51
2024-10-14 13:30:00-04:00,45.18,45.22,45.15,45.22,14180.0,45.174,63
2024-10-14 13:35:00-04:00,45.25,45.29,45.23,45.23,7060.0,45.264,49
2024-10-14 13:40:00-04:00,45.23,45.25,45.22,45.25,2335.0,45.242,13
2024-10-14 13:45:00-04:00,45.25,45.28,45.24,45.26,6229.0,45.264,39
2024-10-14 13:50:00-04:00,45.28,45.3,45.26,45.27,7677.0,45.277,42
2024-10-14 13:55:00-04:00,45.27,45.27,45.24,45.27,6307.0,45.258,50
2024-10-14 14:00:00-04:00,45.26,45.29,45.25,45.27,10083.0,45.271,50
2024-10-14 14:05:00-04:00,45.27,45.32,45.26,45.3,7297.0,45.288,51
2024-10-14 14:10:00-04:00,45.29,45.32,45.25,45.31,4065.0,45.289,33
2024-10-14 14:15:00-04:00,45.29,45.3,45.27,45.28,3863.0,45.29,22
2024-10-14 14:20:00-04:00,45.28,45.31,45.27,45.3,4027.0,45.289,32
2024-10-14 14:25:00-04:00,45.3,45.33,45.29,45.3,3990.0,45.308,27
2024-10-14 14:30:00-04:00,45.3,45.33,45.3,45.33,6802.0,45.314,39
2024-10-14 14:35:00-04:00,45.33,45.34,45.29,45.3,8418.0,45.318,53
2024-10-14 14:40:00-04:00,45.29,45.33,45.28,45.31,14304.0,45.303,71
2024-10-14 14:45:00-04:00,45.31,45.32,45.29,45.3,12437.0,45.308,52
2024-10-14 14:50:00-04:00,45.3,45.31,45.28,45.3,13688.0,45.294,66
2024-10-14 14:55:00-04:00,45.29,45.31,45.26,45.27,20837.0,45.281,102
2024-10-14 15:00:00-04:00,45.27,45.28,45.2,45.28,18822.0,45.246,122
2024-10-14 15:05:00-04:00,45.27,45.27,45.23,45.25,18289.0,45.248,80
2024-10-14 15:10:00-04:00,45.25,45.26,45.2,45.2,17339.0,45.237,123
2024-10-14 15:15:00-04:00,45.2,45.21,45.16,45.16,23862.0,45.197,134
2024-10-14 15:20:00-04:00,45.17,45.17,45.14,45.15,10341.0,45.159,69
2024-10-14 15:25:00-04:00,45.15,45.19,45.14,45.19,11364.0,45.172,81
2024-10-14 15:30:00-04:00,45.18,45.22,45.17,45.22,13950.0,45.187,93
2024-10-14 15:35:00-04:00,45.22,45.23,45.19,45.22,8583.0,45.209,64
2024-10-14 15:40:00-04:00,45.22,45.27,45.22,45.26,13853.0,45.246,90
2024-10-14 15:45:00-04:00,45.26,45.31,45.23,45.31,21075.0,45.271,151
2024-10-14 15:50:00-04:00,45.32,45.35,45.26,45.3,72172.0,45.297,414
2024-10-14 15:55:00-04:00,45.3,45.33,45.25,45.3,168256.0,45.3,1082
2024-10-15 09:30:00-04:00,44.2,44.45,43.7,43.81,288832.0,44.188,983
2024-10-15 09:35:00-04:00,43.83,44.1,43.83,43.99,64944.0,43.982,376
2024-10-15 09:40:00-04:00,44.01,44.25,44.01,44.19,64360.0,44.158,427
2024-10-15 09:45:00-04:00,44.19,44.34,44.12,44.3,101400.0,44.238,318
2024-10-15 09:50:00-04:00,44.32,44.37,44.09,44.12,53458.0,44.222,324
2024-10-15 09:55:00-04:00,44.1,44.18,44.0,44.18,36730.0,44.088,235
2024-10-15 10:00:00-04:00,44.18,44.3,44.15,44.23,66813.0,44.238,377
2024-10-15 10:05:00-04:00,44.23,44.27,44.15,44.21,38399.0,44.214,262
2024-10-15 10:10:00-04:00,44.22,44.29,44.22,44.26,41326.0,44.259,258
2024-10-15 10:15:00-04:00,44.26,44.32,44.2,44.32,48107.0,44.258,297
2024-10-15 10:20:00-04:00,44.34,44.4,44.22,44.26,54121.0,44.315,342
2024-10-15 10:25:00-04:00,44.26,44.31,44.17,44.21,41146.0,44.226,233
2024-10-15 10:30:00-04:00,44.21,44.24,44.1,44.21,97759.0,44.166,688
2024-10-15 10:35:00-04:00,44.2,44.22,44.03,44.09,89897.0,44.136,561
2024-10-15 10:40:00-04:00,44.09,44.2,44.08,44.15,33973.0,44.141,242
2024-10-15 10:45:00-04:00,44.14,44.14,43.95,43.97,82174.0,44.03,245
2024-10-15 10:50:00-04:00,43.97,43.98,43.87,43.98,26788.0,43.929,177
2024-10-15 10:55:00-04:00,43.97,44.01,43.84,43.97,71810.0,43.94,271
2024-10-15 11:00:00-04:00,43.96,43.98,43.88,43.89,29228.0,43.931,206
2024-10-15 11:05:00-04:00,43.88,43.97,43.86,43.96,27727.0,43.912,190
2024-10-15 11:10:00-04:00,43.95,43.96,43.85,43.86,28952.0,43.909,185
2024-10-15 11:15:00-04:00,43.87,43.97,43.86,43.97,17088.0,43.93,124
2024-10-15 11:20:00-04:00,43.98,43.98,43.88,43.89,28341.0,43.935,177
2024-10-15 11:25:00-04:00,43.9,43.93,43.83,43.86,25172.0,43.873,161
2024-10-15 11:30:00-04:00,43.86,43.9,43.75,43.87,109508.0,43.833,630
2024-10-15 11:35:00-04:00,43.87,44.04,43.86,43.96,22748.0,43.974,154
2024-10-15 11:40:00-04:00,43.99,44.16,43.96,44.13,43520.0,44.036,138
2024-10-15 11:45:00-04:00,44.11,44.19,44.06,44.16,52733.0,44.099,154
2024-10-15 11:50:00-04:00,44.16,44.27,44.07,44.27,21322.0,44.152,116
2024-10-15 11:55:00-04:00,44.26,44.26,44.12,44.24,34526.0,44.192,220
2024-10-15 12:00:00-04:00,44.24,44.25,44.18,44.21,31548.0,44.201,121
2024-10-15 12:05:00-04:00,44.23,44.26,44.19,44.24,21166.0,44.222,142
2024-10-15 12:10:00-04:00,44.23,44.38,44.22,44.38,67444.0,44.263,130
2024-10-15 12:15:00-04:00,44.38,44.46,44.38,44.39,14074.0,44.413,93
2024-10-15 12:20:00-04:00,44.4,44.4,44.33,44.38,18302.0,44.363,90
2024-10-15 12:25:00-04:00,44.38,44.39,44.34,44.37,14106.0,44.366,89
2024-10-15 12:30:00-04:00,44.37,44.37,44.33,44.34,8926.0,44.348,66
2024-10-15 12:35:00-04:00,44.35,44.44,44.31,44.44,31899.0,44.366,140
2024-10-15 12:40:00-04:00,44.43,44.48,44.43,44.48,15498.0,44.453,100
2024-10-15 12:45:00-04:00,44.48,44.48,44.38,44.39,15026.0,44.427,115
2024-10-15 12:50:00-04:00,44.4,44.41,44.37,44.39,11936.0,44.391,81
2024-10-15 12:55:00-04:00,44.39,44.43,44.39,44.41,9191.0,44.416,56
2024-10-15 13:00:00-04:00,44.41,44.48,44.4,44.41,15971.0,44.44,87
2024-10-15 13:05:00-04:00,44.41,44.44,44.38,44.44,18780.0,44.403,88
2024-10-15 13:10:00-04:00,44.43,44.46,44.31,44.45,86735.0,44.378,161
2024-10-15 13:15:00-04:00,44.46,44.49,44.44,44.46,49048.0,44.467,98
2024-10-15 13:20:00-04:00,44.45,44.46,44.36,44.39,14655.0,44.394,89
2024-10-15 13:25:00-04:00,44.39,44.5,44.38,44.49,39239.0,44.462,170
2024-10-15 13:30:00-04:00,44.49,44.57,44.49,44.57,19016.0,44.544,92
2024-10-15 13:35:00-04:00,44.57,44.65,44.56,44.65,31513.0,44.608,128
2024-10-15 13:40:00-04:00,44.66,44.68,44.57,44.59,13801.0,44.625,86
2024-10-15 13:45:00-04:00,44.58,44.59,44.55,44.56,7814.0,44.572,53
2024-10-15 13:50:00-04:00,44.57,44.57,44.48,44.48,63621.0,44.548,93
2024-10-15 13:55:00-04:00,44.48,44.55,44.47,44.54,18291.0,44.496,91
2024-10-15 14:00:00-04:00,44.53,44.64,44.51,44.59,23791.0,44.558,96
2024-10-15 14:05:00-04:00,44.59,44.61,44.56,44.56,15314.0,44.596,78
2024-10-15 14:10:00-04:00,44.56,44.63,44.56,44.59,13556.0,44.599,79
2024-10-15 14:15:00-04:00,44.59,44.59,44.53,44.55,12481.0,44.553,64
2024-10-15 14:20:00-04:00,44.55,44.64,44.54,44.63,25899.0,44.584,112
2024-10-15 14:25:00-04:00,44.63,44.64,44.6,44.6,26056.0,44.614,111
2024-10-15 14:30:00-04:00,44.6,44.61,44.53,44.59,27234.0,44.574,129
2024-10-15 14:35:00-04:00,44.6,44.61,44.56,44.58,15343.0,44.583,89
2024-10-15 14:40:00-04:00,44.58,44.58,44.54,44.55,20588.0,44.554,102
2024-10-15 14:45:00-04:00,44.55,44.56,44.52,44.54,17525.0,44.542,80
2024-10-15 14:50:00-04:00,44.53,44.54,44.49,44.53,29173.0,44.518,128
2024-10-15 14:55:00-04:00,44.53,44.6,44.52,44.58,24654.0,44.564,162
2024-10-15 15:00:00-04:00,44.58,44.58,44.53,44.55,19323.0,44.56,114
2024-10-15 15:05:00-04:00,44.55,44.56,44.48,44.5,20545.0,44.534,127
2024-10-15 15:10:00-04:00,44.51,44.55,44.46,44.47,28477.0,44.516,140
2024-10-15 15:15:00-04:00,44.47,44.49,44.43,44.45,22595.0,44.465,123
2024-10-15 15:20:00-04:00,44.46,44.46,44.38,44.41,25039.0,44.421,172
2024-10-15 15:25:00-04:00,44.43,44.43,44.36,44.37,23261.0,44.399,141
2024-10-15 15:30:00-04:00,44.38,44.39,44.3,44.35,47898.0,44.354,236
2024-10-15 15:35:00-04:00,44.36,44.47,44.35,44.44,45294.0,44.412,171
2024-10-15 15:40:00-04:00,44.44,44.44,44.39,44.39,29490.0,44.416,173
2024-10-15 15:45:00-04:00,44.39,44.41,44.35,44.36,49921.0,44.386,311
2024-10-15 15:50:00-04:00,44.36,44.51,44.35,44.47,157506.0,44.453,848
2024-10-15 15:55:00-04:00,44.47,44.47,44.37,44.45,296133.0,44.424,1511
2024-10-16 09:30:00-04:00,43.95,44.15,43.85,44.09,192869.0,44.011,516
2024-10-16 09:35:00-04:00,44.09,44.14,43.85,43.94,70256.0,44.003,382
2024-10-16 09:40:00-04:00,43.93,44.01,43.86,43.97,44745.0,43.933,307
2024-10-16 09:45:00-04:00,43.96,44.02,43.88,44.0,37839.0,43.963,253
2024-10-16 09:50:00-04:00,43.99,44.08,43.96,44.04,28446.0,44.016,189
2024-10-16 09:55:00-04:00,44.05,44.06,43.88,44.02,61834.0,43.979,442
2024-10-16 10:00:00-04:00,44.02,44.29,44.01,44.23,48924.0,44.156,312
2024-10-16 10:05:00-04:00,44.25,44.37,44.23,44.37,67295.0,44.29,245
2024-10-16 10:10:00-04:00,44.4,44.55,44.39,44.48,84110.0,44.466,252
2024-10-16 10:15:00-04:00,44.5,44.54,44.4,44.49,48060.0,44.484,261
2024-10-16 10:20:00-04:00,44.49,44.52,44.45,44.51,25648.0,44.477,171
2024-10-16 10:25:00-04:00,44.51,44.71,44.5,44.66,54854.0,44.576,267
2024-10-16 10:30:00-04:00,44.65,44.66,44.57,44.65,25346.0,44.608,164
2024-10-16 10:35:00-04:00,44.65,44.68,44.45,44.48,34342.0,44.566,227
2024-10-16 10:40:00-04:00,44.48,44.54,44.43,44.54,23230.0,44.492,157
2024-10-16 10:45:00-04:00,44.54,44.56,44.43,44.44,23653.0,44.484,189
2024-10-16 10:50:00-04:00,44.44,44.55,44.43,44.51,20008.0,44.503,142
2024-10-16 10:55:00-04:00,44.51,44.56,44.46,44.55,64631.0,44.497,279
2024-10-16 11:00:00-04:00,44.55,44.55,44.46,44.48,20812.0,44.509,159
2024-10-16 11:05:00-04:00,44.48,44.53,44.45,44.52,14728.0,44.473,119
2024-10-16 11:10:00-04:00,44.52,44.55,44.49,44.54,25599.0,44.522,159
2024-10-16 11:15:00-04:00,44.54,44.56,44.5,44.54,15454.0,44.535,129
2024-10-16 11:20:00-04:00,44.54,44.58,44.5,44.55,20998.0,44.537,144
2024-10-16 11:25:00-04:00,44.55,44.56,44.49,44.53,19737.0,44.519,149
2024-10-16 11:30:00-04:00,44.52,44.52,44.38,44.39,104715.0,44.434,506
2024-10-16 11:35:00-04:00,44.4,44.62,44.39,44.57,49895.0,44.51,325
2024-10-16 11:40:00-04:00,44.59,44.75,44.59,44.74,14534.0,44.669,110
2024-10-16 11:45:00-04:00,44.74,44.74,44.67,44.7,15802.0,44.717,103
2024-10-16 11:50:00-04:00,44.7,44.77,44.7,44.76,22160.0,44.74,104
2024-10-16 11:55:00-04:00,44.76,44.78,44.7,44.7,31883.0,44.756,154
2024-10-16 12:00:00-04:00,44.7,44.76,44.69,44.76,19432.0,44.717,99
2024-10-16 12:05:00-04:00,44.76,44.9,44.74,44.87,13831.0,44.821,90
2024-10-16 12:10:00-04:00,44.9,44.98,44.89,44.96,15165.0,44.933,108
2024-10-16 12:15:00-04:00,44.95,45.0,44.93,44.99,43386.0,44.954,136
2024-10-16 12:20:00-04:00,44.99,45.02,44.97,45.01,14821.0,44.992,101
2024-10-16 12:25:00-04:00,45.02,45.02,44.95,44.99,12981.0,44.988,81
2024-10-16 12:30:00-04:00,45.0,45.0,44.96,44.98,9899.0,44.977,70
2024-10-16 12:35:00-04:00,44.98,45.0,44.95,44.97,31671.0,44.975,175
2024-10-16 12:40:00-04:00,44.97,44.98,44.94,44.98,16245.0,44.962,98
2024-10-16 12:45:00-04:00,44.97,44.98,44.87,44.89,16162.0,44.943,109
2024-10-16 12:50:00-04:00,44.89,44.95,44.89,44.94,15335.0,44.923,85
2024-10-16 12:55:00-04:00,44.94,44.95,44.85,44.88,21726.0,44.913,124
2024-10-16 13:00:00-04:00,44.88,44.9,44.85,44.89,21854.0,44.877,100
2024-10-16 13:05:00-04:00,44.9,44.9,44.86,44.86,10516.0,44.878,79
2024-10-16 13:10:00-04:00,44.87,44.93,44.86,44.87,11478.0,44.895,91
2024-10-16 13:15:00-04:00,44.89,44.9,44.78,44.79,29587.0,44.852,118
2024-10-16 13:20:00-04:00,44.82,44.91,44.82,44.9,9720.0,44.88,74
2024-10-16 13:25:00-04:00,44.9,44.98,44.89,44.92,14829.0,44.939,113
2024-10-16 13:30:00-04:00,44.92,44.99,44.91,44.94,37410.0,44.942,133
2024-10-16 13:35:00-04:00,44.95,44.97,44.91,44.94,19891.0,44.94,120
2024-10-16 13:40:00-04:00,44.95,45.02,44.94,45.01,38046.0,44.99,125
2024-10-16 13:45:00-04:00,45.01,45.1,45.01,45.05,33893.0,45.056,119
2024-10-16 13:50:00-04:00,45.05,45.07,45.02,45.04,24897.0,45.041,131
2024-10-16 13:55:00-04:00,45.04,45.26,45.03,45.19,87487.0,45.129,381
2024-10-16 14:00:00-04:00,45.19,45.21,45.1,45.11,25148.0,45.169,145
2024-10-16 14:05:00-04:00,45.1,45.16,45.09,45.16,19234.0,45.121,125
2024-10-16 14:10:00-04:00,45.16,45.26,45.15,45.2,14977.0,45.203,95
2024-10-16 14:15:00-04:00,45.21,45.24,45.19,45.23,15894.0,45.204,89
2024-10-16 14:20:00-04:00,45.23,45.24,45.18,45.2,20316.0,45.209,135
2024-10-16 14:25:00-04:00,45.19,45.2,45.14,45.2,22249.0,45.161,144
2024-10-16 14:30:00-04:00,45.21,45.29,45.2,45.27,35874.0,45.241,172
2024-10-16 14:35:00-04:00,45.27,45.3,45.24,45.29,18806.0,45.266,123
2024-10-16 14:40:00-04:00,45.29,45.32,45.26,45.31,19094.0,45.286,127
2024-10-16 14:45:00-04:00,45.3,45.37,45.3,45.33,17483.0,45.341,120
2024-10-16 14:50:00-04:00,45.33,45.35,45.3,45.33,18325.0,45.323,134
2024-10-16 14:55:00-04:00,45.33,45.33,45.3,45.31,13667.0,45.315,105
2024-10-16 15:00:00-04:00,45.32,45.32,45.24,45.29,23154.0,45.273,146
2024-10-16 15:05:00-04:00,45.28,45.36,45.27,45.36,17571.0,45.298,125
2024-10-16 15:10:00-04:00,45.36,45.36,45.25,45.25,27861.0,45.31,162
2024-10-16 15:15:00-04:00,45.26,45.27,45.22,45.23,26275.0,45.248,162
2024-10-16 15:20:00-04:00,45.24,45.24,45.21,45.23,32379.0,45.228,173
2024-10-16 15:25:00-04:00,45.23,45.26,45.21,45.23,32241.0,45.239,191
2024-10-16 15:30:00-04:00,45.23,45.35,45.23,45.31,49081.0,45.291,328
2024-10-16 15:35:00-04:00,45.3,45.33,45.26,45.29,47308.0,45.293,296
2024-10-16 15:40:00-04:00,45.3,45.42,45.29,45.39,50309.0,45.368,339
2024-10-16 15:45:00-04:00,45.39,45.39,45.3,45.3,42951.0,45.334,296
2024-10-16 15:50:00-04:00,45.3,45.34,45.25,45.3,140756.0,45.3,785
2024-10-16 15:55:00-04:00,45.3,45.42,45.29,45.39,422504.0,45.353,2108
2024-10-17 09:30:00-04:00,43.74,43.92,43.51,43.55,298429.0,43.706,1022
2024-10-17 09:35:00-04:00,43.55,43.8,43.53,43.64,102185.0,43.655,562
2024-10-17 09:40:00-04:00,43.64,43.76,43.56,43.62,125718.0,43.664,579
2024-10-17 09:45:00-04:00,43.62,43.71,43.35,43.41,138701.0,43.569,483
2024-10-17 09:50:00-04:00,43.42,43.48,43.26,43.29,56142.0,43.401,255
2024-10-17 09:55:00-04:00,43.27,43.48,43.27,43.46,42634.0,43.409,231
2024-10-17 10:00:00-04:00,43.47,43.57,43.45,43.5,71792.0,43.517,390
2024-10-17 10:05:00-04:00,43.52,43.74,43.46,43.69,74728.0,43.597,516
2024-10-17 10:10:00-04:00,43.71,43.8,43.58,43.63,97487.0,43.715,498
2024-10-17 10:15:00-04:00,43.61,43.66,43.5,43.6,36810.0,43.564,219
2024-10-17 10:20:00-04:00,43.6,43.65,43.56,43.63,52790.0,43.607,217
2024-10-17 10:25:00-04:00,43.63,43.64,43.47,43.52,44446.0,43.542,212
2024-10-17 10:30:00-04:00,43.51,43.66,43.5,43.64,33126.0,43.602,254
2024-10-17 10:35:00-04:00,43.65,43.65,43.47,43.56,47395.0,43.547,337
2024-10-17 10:40:00-04:00,43.56,43.6,43.49,43.52,54963.0,43.53,339
2024-10-17 10:45:00-04:00,43.52,43.61,43.48,43.53,49284.0,43.54,339
2024-10-17 10:50:00-04:00,43.53,43.57,43.49,43.55,30619.0,43.535,224
2024-10-17 10:55:00-04:00,43.55,43.61,43.54,43.61,25191.0,43.562,195
2024-10-17 11:00:00-04:00,43.6,43.62,43.55,43.61,29724.0,43.584,232
2024-10-17 11:05:00-04:00,43.61,43.72,43.6,43.71,27965.0,43.666,221
2024-10-17 11:10:00-04:00,43.71,43.73,43.67,43.69,26483.0,43.701,205
2024-10-17 11:15:00-04:00,43.7,43.7,43.58,43.58,31227.0,43.634,259
2024-10-17 11:20:00-04:00,43.58,43.59,43.48,43.5,38581.0,43.527,291
2024-10-17 11:25:00-04:00,43.51,43.58,43.43,43.46,33891.0,43.507,267
2024-10-17 11:30:00-04:00,43.46,43.51,43.43,43.48,64395.0,43.472,423
2024-10-17 11:35:00-04:00,43.48,43.55,43.44,43.44,47033.0,43.502,260
2024-10-17 11:40:00-04:00,43.44,43.46,43.28,43.29,26956.0,43.364,174
2024-10-17 11:45:00-04:00,43.28,43.33,43.21,43.24,39167.0,43.263,215
2024-10-17 11:50:00-04:00,43.24,43.34,43.23,43.34,20066.0,43.263,156
2024-10-17 11:55:00-04:00,43.34,43.37,43.31,43.35,18544.0,43.336,142
2024-10-17 12:00:00-04:00,43.35,43.59,43.34,43.54,23763.0,43.491,184
2024-10-17 12:05:00-04:00,43.53,43.53,43.38,43.47,20305.0,43.456,148
2024-10-17 12:10:00-04:00,43.47,43.48,43.44,43.48,21656.0,43.454,159
2024-10-17 12:15:00-04:00,43.48,43.51,43.46,43.46,26764.0,43.49,140
2024-10-17 12:20:00-04:00,43.46,43.5,43.44,43.5,26046.0,43.457,163
2024-10-17 12:25:00-04:00,43.49,43.5,43.41,43.48,33503.0,43.456,226
2024-10-17 12:30:00-04:00,43.48,43.49,43.38,43.45,31323.0,43.436,235
2024-10-17 12:35:00-04:00,43.45,43.55,43.44,43.54,17953.0,43.506,135
2024-10-17 12:40:00-04:00,43.54,43.54,43.44,43.45,23107.0,43.488,165
2024-10-17 12:45:00-04:00,43.43,43.48,43.42,43.45,31840.0,43.452,193
2024-10-17 12:50:00-04:00,43.45,43.45,43.42,43.45,13615.0,43.435,105
2024-10-17 12:55:00-04:00,43.45,43.46,43.28,43.34,29431.0,43.39,211
2024-10-17 13:00:00-04:00,43.34,43.5,43.28,43.28,84881.0,43.444,152
2024-10-17 13:05:00-04:00,43.29,43.31,43.22,43.27,35413.0,43.278,136
2024-10-17 13:10:00-04:00,43.26,43.33,43.23,43.31,20032.0,43.283,153
2024-10-17 13:15:00-04:00,43.3,43.38,43.28,43.38,23523.0,43.302,162
2024-10-17 13:20:00-04:00,43.38,43.4,43.33,43.39,15133.0,43.369,117
2024-10-17 13:25:00-04:00,43.38,43.38,43.3,43.3,21025.0,43.349,104
2024-10-17 13:30:00-04:00,43.3,43.34,43.26,43.29,35666.0,43.299,170
2024-10-17 13:35:00-04:00,43.28,43.29,43.15,43.27,35639.0,43.207,223
2024-10-17 13:40:00-04:00,43.26,43.28,43.16,43.19,49820.0,43.204,174
2024-10-17 13:45:00-04:00,43.19,43.2,43.08,43.11,22334.0,43.137,129
2024-10-17 13:50:00-04:00,43.12,43.29,43.06,43.25,54556.0,43.108,153
2024-10-17 13:55:00-04:00,43.27,43.35,43.23,43.33,16222.0,43.288,132
2024-10-17 14:00:00-04:00,43.34,43.38,43.33,43.35,24773.0,43.349,161
2024-10-17 14:05:00-04:00,43.34,43.37,43.32,43.33,26456.0,43.336,131
2024-10-17 14:10:00-04:00,43.33,43.37,43.27,43.36,20563.0,43.314,130
2024-10-17 14:15:00-04:00,43.35,43.37,43.32,43.34,16740.0,43.342,105
2024-10-17 14:20:00-04:00,43.35,43.37,43.33,43.37,16284.0,43.346,96
2024-10-17 14:25:00-04:00,43.37,43.37,43.32,43.33,25260.0,43.344,178
2024-10-17 14:30:00-04:00,43.33,43.38,43.3,43.34,15325.0,43.334,106
2024-10-17 14:35:00-04:00,43.34,43.38,43.32,43.36,19798.0,43.352,149
2024-10-17 14:40:00-04:00,43.35,43.37,43.34,43.35,25580.0,43.352,196
2024-10-17 14:45:00-04:00,43.36,43.4,43.34,43.36,31880.0,43.363,186
2024-10-17 14:50:00-04:00,43.35,43.38,43.34,43.34,21291.0,43.352,137
2024-10-17 14:55:00-04:00,43.34,43.36,43.31,43.34,16226.0,43.34,118
2024-10-17 15:00:00-04:00,43.34,43.36,43.33,43.34,21904.0,43.339,145
2024-10-17 15:05:00-04:00,43.34,43.37,43.33,43.35,19530.0,43.352,124
2024-10-17 15:10:00-04:00,43.36,43.42,43.35,43.41,17112.0,43.384,97
2024-10-17 15:15:00-04:00,43.4,43.53,43.4,43.49,33758.0,43.483,181
2024-10-17 15:20:00-04:00,43.48,43.53,43.47,43.52,28700.0,43.497,160
2024-10-17 15:25:00-04:00,43.51,43.58,43.49,43.55,26487.0,43.533,167
2024-10-17 15:30:00-04:00,43.55,43.55,43.49,43.51,33907.0,43.513,184
2024-10-17 15:35:00-04:00,43.51,43.55,43.5,43.52,27258.0,43.52,175
2024-10-17 15:40:00-04:00,43.52,43.53,43.5,43.52,33681.0,43.513,207
2024-10-17 15:45:00-04:00,43.52,43.56,43.51,43.55,47150.0,43.528,305
2024-10-17 15:50:00-04:00,43.56,43.69,43.55,43.64,167392.0,43.644,798
2024-10-17 15:55:00-04:00,43.63,43.67,43.41,43.42,433971.0,43.513,1745
2024-10-18 09:30:00-04:00,44.17,44.17,43.62,43.66,326176.0,44.059,535
2024-10-18 09:35:00-04:00,43.62,43.77,43.56,43.69,116758.0,43.689,510
2024-10-18 09:40:00-04:00,43.72,43.9,43.62,43.65,66669.0,43.745,313
2024-10-18 09:45:00-04:00,43.65,43.79,43.58,43.66,42459.0,43.698,229
2024-10-18 09:50:00-04:00,43.65,43.7,43.57,43.63,28809.0,43.636,190
2024-10-18 09:55:00-04:00,43.64,43.69,43.54,43.62,28838.0,43.612,194
2024-10-18 10:00:00-04:00,43.62,43.64,43.49,43.57,42534.0,43.558,204
2024-10-18 10:05:00-04:00,43.57,43.72,43.52,43.7,82631.0,43.593,181
2024-10-18 10:10:00-04:00,43.69,43.76,43.59,43.62,73792.0,43.705,255
2024-10-18 10:15:00-04:00,43.62,43.79,43.6,43.72,33620.0,43.735,219
2024-10-18 10:20:00-04:00,43.74,43.77,43.51,43.67,159682.0,43.682,418
2024-10-18 10:25:00-04:00,43.67,43.74,43.64,43.73,121258.0,43.7,423
2024-10-18 10:30:00-04:00,43.73,43.91,43.73,43.76,139397.0,43.84,509
2024-10-18 10:35:00-04:00,43.76,43.81,43.72,43.76,31774.0,43.757,186
2024-10-18 10:40:00-04:00,43.77,43.82,43.7,43.74,89024.0,43.751,363
2024-10-18 10:45:00-04:00,43.73,43.78,43.66,43.69,62517.0,43.731,281
2024-10-18 10:50:00-04:00,43.7,43.8,43.68,43.8,30451.0,43.759,190
2024-10-18 10:55:00-04:00,43.8,43.81,43.72,43.78,27298.0,43.769,233
2024-10-18 11:00:00-04:00,43.79,43.92,43.78,43.89,43989.0,43.853,280
2024-10-18 11:05:00-04:00,43.88,44.19,43.88,44.05,192821.0,44.028,865
2024-10-18 11:10:00-04:00,44.06,44.19,44.05,44.16,107969.0,44.131,470
2024-10-18 11:15:00-04:00,44.14,44.15,44.0,44.05,30527.0,44.074,221
2024-10-18 11:20:00-04:00,44.06,44.1,43.99,44.05,76535.0,44.036,418
2024-10-18 11:25:00-04:00,44.04,44.11,43.99,44.02,55241.0,44.046,369
2024-10-18 11:30:00-04:00,44.02,44.07,43.98,43.98,195863.0,44.011,1026
2024-10-18 11:35:00-04:00,43.97,44.1,43.92,44.1,26053.0,44.016,171
2024-10-18 11:40:00-04:00,44.1,44.15,44.04,44.15,28444.0,44.112,135
2024-10-18 11:45:00-04:00,44.15,44.15,44.04,44.06,21223.0,44.1,120
2024-10-18 11:50:00-04:00,44.07,44.08,44.04,44.07,13807.0,44.053,107
2024-10-18 11:55:00-04:00,44.07,44.17,44.06,44.17,19216.0,44.107,127
2024-10-18 12:00:00-04:00,44.17,44.3,44.16,44.27,49552.0,44.23,208
2024-10-18 12:05:00-04:00,44.26,44.31,44.22,44.22,14938.0,44.28,84
2024-10-18 12:10:00-04:00,44.21,44.24,44.1,44.14,41533.0,44.209,118
2024-10-18 12:15:00-04:00,44.13,44.25,44.13,44.24,11655.0,44.2,88
2024-10-18 12:20:00-04:00,44.25,44.32,44.25,44.29,27515.0,44.279,159
2024-10-18 12:25:00-04:00,44.29,44.33,44.21,44.22,12779.0,44.264,91
2024-10-18 12:30:00-04:00,44.22,44.37,44.21,44.37,16760.0,44.308,94
2024-10-18 12:35:00-04:00,44.37,44.38,44.35,44.37,28955.0,44.368,154
2024-10-18 12:40:00-04:00,44.37,44.41,44.36,44.39,25644.0,44.392,156
2024-10-18 12:45:00-04:00,44.39,44.39,44.31,44.34,31216.0,44.344,112
2024-10-18 12:50:00-04:00,44.33,44.33,44.22,44.25,39518.0,44.284,200
2024-10-18 12:55:00-04:00,44.24,44.27,44.2,44.21,6883.0,44.233,54
2024-10-18 13:00:00-04:00,44.21,44.27,44.21,44.25,13900.0,44.242,95
2024-10-18 13:05:00-04:00,44.26,44.35,44.26,44.34,19857.0,44.31,133
2024-10-18 13:10:00-04:00,44.34,44.4,44.34,44.39,22009.0,44.381,161
2024-10-18 13:15:00-04:00,44.39,44.42,44.31,44.36,39826.0,44.384,228
2024-10-18 13:20:00-04:00,44.33,44.37,44.32,44.36,15665.0,44.348,117
2024-10-18 13:25:00-04:00,44.37,44.38,44.33,44.35,18815.0,44.36,136
2024-10-18 13:30:00-04:00,44.37,44.41,44.33,44.4,20492.0,44.376,151
2024-10-18 13:35:00-04:00,44.4,44.48,44.39,44.44,37958.0,44.428,247
2024-10-18 13:40:00-04:00,44.43,44.5,44.42,44.48,142573.0,44.484,365
2024-10-18 13:45:00-04:00,44.48,44.51,44.41,44.48,73869.0,44.471,238
2024-10-18 13:50:00-04:00,44.48,44.53,44.46,44.48,26027.0,44.486,165
2024-10-18 13:55:00-04:00,44.48,44.49,44.38,44.43,19818.0,44.426,126
2024-10-18 14:00:00-04:00,44.42,44.43,44.32,44.36,27018.0,44.365,183
2024-10-18 14:05:00-04:00,44.36,44.38,44.34,44.37,12436.0,44.36,97
2024-10-18 14:10:00-04:00,44.37,44.49,44.37,44.43,26756.0,44.442,173
2024-10-18 14:15:00-04:00,44.41,44.44,44.38,44.38,12744.0,44.402,84
2024-10-18 14:20:00-04:00,44.38,44.41,44.37,44.41,18111.0,44.393,111
2024-10-18 14:25:00-04:00,44.41,44.47,44.38,44.46,78842.0,44.432,200
2024-10-18 14:30:00-04:00,44.48,44.49,44.42,44.42,33299.0,44.478,102
2024-10-18 14:35:00-04:00,44.42,44.45,44.34,44.36,17966.0,44.413,127
2024-10-18 14:40:00-04:00,44.36,44.36,44.31,44.35,11236.0,44.336,86
2024-10-18 14:45:00-04:00,44.34,44.36,44.31,44.33,38179.0,44.334,242
2024-10-18 14:50:00-04:00,44.34,44.37,44.33,44.37,14241.0,44.341,107
2024-10-18 14:55:00-04:00,44.37,44.39,44.34,44.35,32609.0,44.365,222
2024-10-18 15:00:00-04:00,44.34,44.39,44.29,44.33,14318.0,44.331,107
2024-10-18 15:05:00-04:00,44.33,44.34,44.28,44.29,19463.0,44.31,138
2024-10-18 15:10:00-04:00,44.3,44.35,44.28,44.34,23874.0,44.306,153
2024-10-18 15:15:00-04:00,44.35,44.36,44.28,44.29,26141.0,44.331,172
2024-10-18 15:20:00-04:00,44.29,44.31,44.26,44.27,35804.0,44.283,213
2024-10-18 15:25:00-04:00,44.27,44.37,44.26,44.37,37067.0,44.319,237
2024-10-18 15:30:00-04:00,44.36,44.37,44.3,44.32,28970.0,44.324,198
2024-10-18 15:35:00-04:00,44.32,44.38,44.31,44.34,31045.0,44.347,199
2024-10-18 15:40:00-04:00,44.34,44.35,44.28,44.3,51225.0,44.323,330
2024-10-18 15:45:00-04:00,44.3,44.32,44.18,44.18,65116.0,44.269,440
2024-10-18 15:50:00-04:00,44.18,44.22,44.1,44.22,92021.0,44.17,638
2024-10-18 15:55:00-04:00,44.23,44.39,44.22,44.36,355888.0,44.31,1853
2024-10-21 09:30:00-04:00,44.39,44.44,44.24,44.37,42896.0,44.319,115
2024-10-21 09:35:00-04:00,44.36,44.36,44.19,44.21,5306.0,44.252,39
2024-10-21 09:40:00-04:00,44.23,44.32,44.21,44.29,6287.0,44.276,43
2024-10-21 09:45:00-04:00,44.29,44.35,44.27,44.29,18413.0,44.303,70
2024-10-21 09:50:00-04:00,44.3,44.33,44.26,44.32,8922.0,44.303,52
2024-10-21 09:55:00-04:00,44.32,44.36,44.27,44.36,18460.0,44.319,83
2024-10-21 10:00:00-04:00,44.35,44.35,44.24,44.28,29130.0,44.312,83
2024-10-21 10:05:00-04:00,44.29,44.34,44.27,44.34,58949.0,44.315,174
2024-10-21 10:10:00-04:00,44.34,44.34,44.25,44.26,10681.0,44.294,95
2024-10-21 10:15:00-04:00,44.27,44.27,44.18,44.24,9513.0,44.229,55
2024-10-21 10:20:00-04:00,44.25,44.26,44.18,44.18,27740.0,44.24,107
2024-10-21 10:25:00-04:00,44.18,44.25,44.13,44.22,29947.0,44.212,163
2024-10-21 10:30:00-04:00,44.21,44.23,44.1,44.1,34340.0,44.182,179
2024-10-21 10:35:00-04:00,44.11,44.12,44.02,44.02,104417.0,44.097,131
2024-10-21 10:40:00-04:00,44.01,44.04,43.92,44.04,18442.0,43.981,97
2024-10-21 10:45:00-04:00,44.04,44.06,43.91,43.91,13325.0,43.985,79
2024-10-21 10:50:00-04:00,43.91,43.97,43.9,43.94,13973.0,43.931,94
2024-10-21 10:55:00-04:00,43.95,44.01,43.93,44.01,44206.0,43.978,106
2024-10-21 11:00:00-04:00,44.02,44.09,44.0,44.05,30052.0,44.052,119
2024-10-21 11:05:00-04:00,44.06,44.09,44.03,44.05,17674.0,44.054,109
2024-10-21 11:10:00-04:00,44.05,44.15,44.03,44.14,18171.0,44.119,101
2024-10-21 11:15:00-04:00,44.12,44.14,44.08,44.13,13113.0,44.121,99
2024-10-21 11:20:00-04:00,44.13,44.14,44.05,44.05,17746.0,44.104,122
2024-10-21 11:25:00-04:00,44.04,44.06,43.98,44.0,6844.0,44.018,44
2024-10-21 11:30:00-04:00,44.0,44.01,43.95,43.95,12019.0,43.979,84
2024-10-21 11:35:00-04:00,43.94,43.99,43.92,43.99,12048.0,43.942,85
2024-10-21 11:40:00-04:00,43.98,44.0,43.96,43.97,5699.0,43.972,45
2024-10-21 11:45:00-04:00,43.97,43.99,43.95,43.97,5928.0,43.969,40
2024-10-21 11:50:00-04:00,43.99,44.02,43.99,44.01,14559.0,44.002,53
2024-10-21 11:55:00-04:00,44.0,44.09,43.99,44.04,6664.0,44.044,51
2024-10-21 12:00:00-04:00,44.05,44.05,43.96,43.96,2389.0,43.998,19
2024-10-21 12:05:00-04:00,43.98,44.0,43.95,44.0,4874.0,43.962,21
2024-10-21 12:10:00-04:00,44.0,44.01,43.98,43.99,2688.0,43.992,24
2024-10-21 12:15:00-04:00,43.98,44.02,43.98,44.02,3662.0,43.995,21
2024-10-21 12:20:00-04:00,44.03,44.04,44.0,44.01,3213.0,44.022,25
2024-10-21 12:25:00-04:00,44.01,44.04,44.0,44.03,3577.0,44.019,28
2024-10-21 12:30:00-04:00,44.04,44.08,44.04,44.07,3518.0,44.058,20
2024-10-21 12:35:00-04:00,44.08,44.08,43.95,43.95,10193.0,44.019,54
2024-10-21 12:40:00-04:00,43.96,43.98,43.95,43.95,4174.0,43.97,28
2024-10-21 12:45:00-04:00,43.96,43.97,43.94,43.95,3135.0,43.957,20
2024-10-21 12:50:00-04:00,43.95,44.01,43.95,44.01,4628.0,43.987,34
2024-10-21 12:55:00-04:00,44.02,44.02,43.99,44.0,3589.0,44.004,21
2024-10-21 13:00:00-04:00,44.0,44.03,43.98,44.02,21424.0,44.013,119
2024-10-21 13:05:00-04:00,44.02,44.03,43.99,43.99,23157.0,44.013,81
2024-10-21 13:10:00-04:00,44.0,44.04,43.99,44.02,4543.0,44.019,32
2024-10-21 13:15:00-04:00,44.02,44.03,43.91,43.93,14758.0,43.968,83
2024-10-21 13:20:00-04:00,43.93,43.97,43.92,43.97,5968.0,43.94,33
2024-10-21 13:25:00-04:00,43.97,43.97,43.93,43.94,5345.0,43.952,35
2024-10-21 13:30:00-04:00,43.94,43.94,43.9,43.93,7673.0,43.917,47
2024-10-21 13:35:00-04:00,43.94,43.95,43.93,43.93,3815.0,43.936,31
2024-10-21 13:40:00-04:00,43.94,43.98,43.93,43.96,6700.0,43.953,39
2024-10-21 13:45:00-04:00,43.96,44.02,43.95,44.01,7692.0,43.983,50
2024-10-21 13:50:00-04:00,44.0,44.03,43.99,44.0,2201.0,44.002,19
2024-10-21 13:55:00-04:00,44.0,44.06,43.99,44.06,12050.0,44.019,51
2024-10-21 14:00:00-04:00,44.06,44.08,44.03,44.06,7119.0,44.052,45
2024-10-21 14:05:00-04:00,44.07,44.07,44.04,44.05,6243.0,44.051,39
2024-10-21 14:10:00-04:00,44.06,44.09,44.04,44.09,5668.0,44.059,29
2024-10-21 14:15:00-04:00,44.08,44.1,44.08,44.1,6322.0,44.091,36
2024-10-21 14:20:00-04:00,44.11,44.15,44.09,44.12,7795.0,44.115,55
2024-10-21 14:25:00-04:00,44.13,44.15,44.12,44.15,5774.0,44.137,42
2024-10-21 14:30:00-04:00,44.15,44.15,44.09,44.1,10589.0,44.132,71
2024-10-21 14:35:00-04:00,44.11,44.13,44.11,44.12,6087.0,44.121,43
2024-10-21 14:40:00-04:00,44.11,44.17,44.11,44.14,5712.0,44.144,39
2024-10-21 14:45:00-04:00,44.14,44.18,44.11,44.16,8208.0,44.135,63
2024-10-21 14:50:00-04:00,44.16,44.16,44.11,44.14,10937.0,44.135,63
2024-10-21 14:55:00-04:00,44.14,44.15,44.12,44.14,17770.0,44.135,126
2024-10-21 15:00:00-04:00,44.13,44.17,44.08,44.09,9390.0,44.132,70
2024-10-21 15:05:00-04:00,44.08,44.11,44.03,44.05,24181.0,44.084,99
2024-10-21 15:10:00-04:00,44.05,44.07,44.04,44.04,8393.0,44.052,57
2024-10-21 15:15:00-04:00,44.04,44.07,44.03,44.05,6176.0,44.051,49
2024-10-21 15:20:00-04:00,44.05,44.07,44.04,44.06,6988.0,44.054,51
2024-10-21 15:25:00-04:00,44.05,44.08,44.03,44.05,9521.0,44.053,62
2024-10-21 15:30:00-04:00,44.05,44.06,44.01,44.04,16528.0,44.029,96
2024-10-21 15:35:00-04:00,44.04,44.05,44.02,44.02,15130.0,44.036,101
2024-10-21 15:40:00-04:00,44.02,44.08,44.02,44.02,22880.0,44.043,135
2024-10-21 15:45:00-04:00,44.02,44.05,44.01,44.02,25838.0,44.031,157
2024-10-21 15:50:00-04:00,44.01,44.13,44.01,44.12,48597.0,44.064,274
2024-10-21 15:55:00-04:00,44.11,44.21,44.1,44.2,209277.0,44.158,1043
2024-10-22 09:30:00-04:00,44.31,44.42,44.14,44.23,41723.0,44.321,144
2024-10-22 09:35:00-04:00,44.22,44.22,44.08,44.12,19238.0,44.113,53
2024-10-22 09:40:00-04:00,44.13,44.21,44.09,44.12,26389.0,44.135,107
2024-10-22 09:45:00-04:00,44.13,44.16,44.08,44.14,17750.0,44.113,108
2024-10-22 09:50:00-04:00,44.12,44.14,44.06,44.13,26326.0,44.111,91
2024-10-22 09:55:00-04:00,44.14,44.22,44.09,44.11,38545.0,44.145,206
2024-10-22 10:00:00-04:00,44.11,44.15,44.05,44.05,9579.0,44.113,68
2024-10-22 10:05:00-04:00,44.05,44.14,43.98,44.08,28422.0,44.065,155
2024-10-22 10:10:00-04:00,44.07,44.21,44.07,44.21,11778.0,44.142,83
2024-10-22 10:15:00-04:00,44.21,44.24,44.1,44.11,10538.0,44.185,59
2024-10-22 10:20:00-04:00,44.09,44.17,44.09,44.11,93180.0,44.146,83
2024-10-22 10:25:00-04:00,44.1,44.2,44.1,44.15,8499.0,44.14,52
2024-10-22 10:30:00-04:00,44.15,44.15,44.08,44.12,19398.0,44.125,56
2024-10-22 10:35:00-04:00,44.13,44.28,44.13,44.28,9646.0,44.194,71
2024-10-22 10:40:00-04:00,44.28,44.37,44.28,44.35,9669.0,44.314,77
2024-10-22 10:45:00-04:00,44.36,44.39,44.33,44.39,16554.0,44.355,89
2024-10-22 10:50:00-04:00,44.39,44.44,44.38,44.43,6408.0,44.412,56
2024-10-22 10:55:00-04:00,44.43,44.43,44.32,44.38,7200.0,44.379,51
2024-10-22 11:00:00-04:00,44.37,44.38,44.32,44.34,7685.0,44.35,53
2024-10-22 11:05:00-04:00,44.36,44.37,44.33,44.37,8690.0,44.347,78
2024-10-22 11:10:00-04:00,44.38,44.4,44.36,44.38,4338.0,44.374,38
2024-10-22 11:15:00-04:00,44.38,44.42,44.35,44.38,8626.0,44.389,74
2024-10-22 11:20:00-04:00,44.39,44.43,44.33,44.35,29149.0,44.395,99
2024-10-22 11:25:00-04:00,44.36,44.4,44.32,44.4,14512.0,44.361,113
2024-10-22 11:30:00-04:00,44.4,44.44,44.36,44.37,18172.0,44.405,141
2024-10-22 11:35:00-04:00,44.37,44.4,44.36,44.39,6210.0,44.384,44
2024-10-22 11:40:00-04:00,44.39,44.52,44.39,44.48,8353.0,44.455,70
2024-10-22 11:45:00-04:00,44.48,44.52,44.46,44.51,2754.0,44.497,22
2024-10-22 11:50:00-04:00,44.51,44.51,44.48,44.48,1967.0,44.493,17
2024-10-22 11:55:00-04:00,44.49,44.53,44.47,44.52,7234.0,44.498,59
2024-10-22 12:00:00-04:00,44.51,44.51,44.47,44.48,1717.0,44.498,14
2024-10-22 12:05:00-04:00,44.48,44.48,44.41,44.44,13987.0,44.438,48
2024-10-22 12:10:00-04:00,44.45,44.5,44.45,44.47,2811.0,44.481,22
2024-10-22 12:15:00-04:00,44.47,44.48,44.42,44.48,15430.0,44.441,43
2024-10-22 12:20:00-04:00,44.49,44.49,44.44,44.44,5111.0,44.467,41
2024-10-22 12:25:00-04:00,44.44,44.53,44.44,44.52,3469.0,44.485,30
2024-10-22 12:30:00-04:00,44.53,44.58,44.52,44.58,4400.0,44.552,28
2024-10-22 12:35:00-04:00,44.57,44.6,44.56,44.6,3516.0,44.583,29
2024-10-22 12:40:00-04:00,44.6,44.64,44.59,44.63,4596.0,44.615,36
2024-10-22 12:45:00-04:00,44.63,44.65,44.6,44.61,4487.0,44.624,34
2024-10-22 12:50:00-04:00,44.62,44.65,44.58,44.6,4514.0,44.616,42
2024-10-22 12:55:00-04:00,44.6,44.64,44.6,44.61,4113.0,44.618,36
2024-10-22 13:00:00-04:00,44.62,44.62,44.59,44.6,5516.0,44.606,32
2024-10-22 13:05:00-04:00,44.61,44.61,44.56,44.56,5061.0,44.589,26
2024-10-22 13:10:00-04:00,44.57,44.61,44.55,44.58,7306.0,44.576,61
2024-10-22 13:15:00-04:00,44.58,44.58,44.52,44.56,14715.0,44.565,45
2024-10-22 13:20:00-04:00,44.56,44.59,44.55,44.57,3335.0,44.578,29
2024-10-22 13:25:00-04:00,44.58,44.62,44.56,44.59,9042.0,44.579,46
2024-10-22 13:30:00-04:00,44.57,44.57,44.5,44.55,8551.0,44.539,61
2024-10-22 13:35:00-04:00,44.55,44.58,44.53,44.55,9444.0,44.563,66
2024-10-22 13:40:00-04:00,44.55,44.59,44.55,44.56,5058.0,44.568,33
2024-10-22 13:45:00-04:00,44.58,44.61,44.57,44.57,3420.0,44.584,32
2024-10-22 13:50:00-04:00,44.56,44.59,44.53,44.58,7235.0,44.56,55
2024-10-22 13:55:00-04:00,44.57,44.57,44.5,44.53,10999.0,44.519,56
2024-10-22 14:00:00-04:00,44.55,44.58,44.53,44.57,17556.0,44.561,52
2024-10-22 14:05:00-04:00,44.57,44.59,44.5,44.5,6351.0,44.541,50
2024-10-22 14:10:00-04:00,44.51,44.55,44.49,44.5,4120.0,44.523,33
2024-10-22 14:15:00-04:00,44.5,44.53,44.49,44.52,8259.0,44.509,49
2024-10-22 14:20:00-04:00,44.52,44.54,44.5,44.52,3445.0,44.518,27
2024-10-22 14:25:00-04:00,44.51,44.52,44.49,44.49,3294.0,44.509,29
2024-10-22 14:30:00-04:00,44.49,44.54,44.49,44.54,6426.0,44.516,50
2024-10-22 14:35:00-04:00,44.54,44.54,44.49,44.5,4955.0,44.507,41
2024-10-22 14:40:00-04:00,44.5,44.5,44.48,44.49,5766.0,44.489,30
2024-10-22 14:45:00-04:00,44.48,44.51,44.48,44.5,6805.0,44.495,44
2024-10-22 14:50:00-04:00,44.51,44.52,44.5,44.5,5235.0,44.509,47
2024-10-22 14:55:00-04:00,44.49,44.51,44.46,44.48,5631.0,44.481,43
2024-10-22 15:00:00-04:00,44.48,44.51,44.46,44.51,15510.0,44.477,57
2024-10-22 15:05:00-04:00,44.52,44.52,44.49,44.51,4185.0,44.508,32
2024-10-22 15:10:00-04:00,44.51,44.54,44.5,44.54,6094.0,44.517,51
2024-10-22 15:15:00-04:00,44.54,44.56,44.52,44.53,9905.0,44.54,63
2024-10-22 15:20:00-04:00,44.53,44.56,44.51,44.52,8695.0,44.545,71
2024-10-22 15:25:00-04:00,44.51,44.53,44.5,44.51,6804.0,44.512,46
2024-10-22 15:30:00-04:00,44.52,44.53,44.48,44.52,7365.0,44.506,57
2024-10-22 15:35:00-04:00,44.52,44.53,44.47,44.48,14024.0,44.504,109
2024-10-22 15:40:00-04:00,44.48,44.52,44.47,44.49,15037.0,44.496,110
2024-10-22 15:45:00-04:00,44.5,44.52,44.45,44.52,31989.0,44.477,209
2024-10-22 15:50:00-04:00,44.51,44.58,44.51,44.55,57640.0,44.545,386
2024-10-22 15:55:00-04:00,44.55,44.57,44.49,44.54,180695.0,44.521,920
2024-10-23 09:30:00-04:00,45.5,45.71,45.37,45.59,85527.0,45.539,265
2024-10-23 09:35:00-04:00,45.59,45.8,45.59,45.78,17272.0,45.7,114
2024-10-23 09:40:00-04:00,45.78,45.8,45.65,45.73,28385.0,45.714,156
2024-10-23 09:45:00-04:00,45.73,45.85,45.65,45.68,58631.0,45.72,186
2024-10-23 09:50:00-04:00,45.69,45.83,45.62,45.82,20049.0,45.72,127
2024-10-23 09:55:00-04:00,45.82,46.03,45.82,46.02,44073.0,45.93,265
2024-10-23 10:00:00-04:00,46.01,46.18,45.99,46.04,95641.0,46.084,289
2024-10-23 10:05:00-04:00,46.04,46.14,45.95,46.12,21667.0,46.046,173
2024-10-23 10:10:00-04:00,46.13,46.16,46.05,46.12,15805.0,46.104,128
2024-10-23 10:15:00-04:00,46.13,46.23,46.11,46.18,31318.0,46.187,226
2024-10-23 10:20:00-04:00,46.17,46.31,46.11,46.24,26638.0,46.213,196
2024-10-23 10:25:00-04:00,46.21,46.31,46.17,46.27,28342.0,46.237,209
2024-10-23 10:30:00-04:00,46.26,46.3,46.14,46.17,20336.0,46.238,161
2024-10-23 10:35:00-04:00,46.15,46.29,46.06,46.29,34523.0,46.16,176
2024-10-23 10:40:00-04:00,46.29,46.38,46.28,46.36,45846.0,46.335,261
2024-10-23 10:45:00-04:00,46.37,46.55,46.34,46.51,49147.0,46.471,326
2024-10-23 10:50:00-04:00,46.51,46.56,46.4,46.52,40776.0,46.483,291
2024-10-23 10:55:00-04:00,46.52,46.57,46.47,46.53,39699.0,46.523,311
2024-10-23 11:00:00-04:00,46.53,46.55,46.47,46.55,20562.0,46.516,179
2024-10-23 11:05:00-04:00,46.54,46.61,46.49,46.61,33036.0,46.557,235
2024-10-23 11:10:00-04:00,46.61,46.62,46.34,46.35,88361.0,46.459,381
2024-10-23 11:15:00-04:00,46.36,46.36,46.24,46.25,25676.0,46.293,176
2024-10-23 11:20:00-04:00,46.26,46.3,46.18,46.28,29305.0,46.243,196
2024-10-23 11:25:00-04:00,46.28,46.35,46.18,46.19,26851.0,46.28,186
2024-10-23 11:30:00-04:00,46.19,46.28,46.18,46.27,41959.0,46.252,279
2024-10-23 11:35:00-04:00,46.28,46.5,46.27,46.5,25774.0,46.44,157
2024-10-23 11:40:00-04:00,46.49,46.53,46.41,46.49,9437.0,46.476,73
2024-10-23 11:45:00-04:00,46.48,46.55,46.47,46.54,14340.0,46.514,123
2024-10-23 11:50:00-04:00,46.55,46.62,46.55,46.59,18194.0,46.583,110
2024-10-23 11:55:00-04:00,46.59,46.67,46.59,46.67,14702.0,46.624,113
2024-10-23 12:00:00-04:00,46.66,46.71,46.58,46.61,15353.0,46.643,95
2024-10-23 12:05:00-04:00,46.61,46.66,46.56,46.56,7159.0,46.608,61
2024-10-23 12:10:00-04:00,46.57,46.58,46.47,46.52,9678.0,46.524,81
2024-10-23 12:15:00-04:00,46.52,46.54,46.49,46.51,13743.0,46.516,99
2024-10-23 12:20:00-04:00,46.48,46.53,46.46,46.47,13968.0,46.496,104
2024-10-23 12:25:00-04:00,46.46,46.51,46.46,46.47,12918.0,46.48,61
2024-10-23 12:30:00-04:00,46.47,46.55,46.45,46.54,8935.0,46.496,60
2024-10-23 12:35:00-04:00,46.54,46.54,46.5,46.51,9807.0,46.526,55
2024-10-23 12:40:00-04:00,46.52,46.52,46.49,46.5,5881.0,46.511,37
2024-10-23 12:45:00-04:00,46.5,46.6,46.5,46.58,12609.0,46.549,77
2024-10-23 12:50:00-04:00,46.59,46.62,46.58,46.6,11088.0,46.595,72
2024-10-23 12:55:00-04:00,46.6,46.63,46.56,46.59,8709.0,46.595,56
2024-10-23 13:00:00-04:00,46.59,46.62,46.52,46.55,9161.0,46.581,72
2024-10-23 13:05:00-04:00,46.56,46.59,46.52,46.53,10249.0,46.562,82
2024-10-23 13:10:00-04:00,46.53,46.55,46.5,46.52,14076.0,46.521,92
2024-10-23 13:15:00-04:00,46.53,46.54,46.44,46.45,11486.0,46.501,69
2024-10-23 13:20:00-04:00,46.46,46.46,46.41,46.42,15157.0,46.434,107
2024-10-23 13:25:00-04:00,46.43,46.52,46.41,46.52,15132.0,46.47,114
2024-10-23 13:30:00-04:00,46.52,46.56,46.51,46.54,14005.0,46.533,97
2024-10-23 13:35:00-04:00,46.54,46.54,46.5,46.53,9320.0,46.521,62
2024-10-23 13:40:00-04:00,46.53,46.55,46.51,46.53,9219.0,46.529,65
2024-10-23 13:45:00-04:00,46.53,46.53,46.47,46.5,16180.0,46.502,94
2024-10-23 13:50:00-04:00,46.49,46.55,46.49,46.49,22331.0,46.517,119
2024-10-23 13:55:00-04:00,46.48,46.51,46.4,46.42,18875.0,46.461,137
2024-10-23 14:00:00-04:00,46.41,46.42,46.25,46.25,22309.0,46.35,133
2024-10-23 14:05:00-04:00,46.26,46.4,46.24,46.39,23745.0,46.323,149
2024-10-23 14:10:00-04:00,46.38,46.4,46.32,46.32,17993.0,46.357,116
2024-10-23 14:15:00-04:00,46.33,46.36,46.3,46.31,12024.0,46.321,88
2024-10-23 14:20:00-04:00,46.31,46.4,46.3,46.36,16030.0,46.365,118
2024-10-23 14:25:00-04:00,46.37,46.4,46.37,46.37,10494.0,46.386,79
2024-10-23 14:30:00-04:00,46.36,46.52,46.34,46.51,22745.0,46.437,120
2024-10-23 14:35:00-04:00,46.52,46.57,46.51,46.55,17259.0,46.55,116
2024-10-23 14:40:00-04:00,46.54,46.58,46.51,46.58,15008.0,46.544,112
2024-10-23 14:45:00-04:00,46.58,46.59,46.55,46.55,21075.0,46.571,144
2024-10-23 14:50:00-04:00,46.55,46.57,46.5,46.53,18830.0,46.544,105
2024-10-23 14:55:00-04:00,46.53,46.54,46.49,46.53,20516.0,46.519,138
2024-10-23 15:00:00-04:00,46.52,46.55,46.48,46.54,18628.0,46.507,113
2024-10-23 15:05:00-04:00,46.55,46.62,46.5,46.6,24326.0,46.561,149
2024-10-23 15:10:00-04:00,46.6,46.65,46.6,46.65,13923.0,46.62,93
2024-10-23 15:15:00-04:00,46.65,46.7,46.63,46.7,26295.0,46.659,171
2024-10-23 15:20:00-04:00,46.7,46.72,46.66,46.66,28662.0,46.69,165
2024-10-23 15:25:00-04:00,46.66,46.67,46.59,46.65,19273.0,46.621,137
2024-10-23 15:30:00-04:00,46.65,46.68,46.6,46.63,20752.0,46.638,123
2024-10-23 15:35:00-04:00,46.62,46.62,46.54,46.59,31889.0,46.573,222
2024-10-23 15:40:00-04:00,46.59,46.62,46.56,46.59,30108.0,46.59,197
2024-10-23 15:45:00-04:00,46.59,46.64,46.56,46.57,42783.0,46.594,313
2024-10-23 15:50:00-04:00,46.57,46.58,46.47,46.58,70923.0,46.528,482
2024-10-23 15:55:00-04:00,46.58,46.7,46.57,46.66,256331.0,46.653,1502
2024-10-24 09:30:00-04:00,46.8,46.85,46.53,46.55,35809.0,46.771,60
2024-10-24 09:35:00-04:00,46.55,46.55,46.32,46.46,37055.0,46.394,192
2024-10-24 09:40:00-04:00,46.49,46.52,46.34,46.46,26216.0,46.436,140
2024-10-24 09:45:00-04:00,46.45,46.47,46.32,46.47,11262.0,46.396,74
2024-10-24 09:50:00-04:00,46.47,46.55,46.4,46.55,13220.0,46.451,79
2024-10-24 09:55:00-04:00,46.54,46.62,46.52,46.52,17253.0,46.578,116
2024-10-24 10:00:00-04:00,46.54,46.55,46.44,46.45,16769.0,46.494,96
2024-10-24 10:05:00-04:00,46.45,46.45,46.31,46.42,16071.0,46.379,100
2024-10-24 10:10:00-04:00,46.43,46.43,46.32,46.33,11796.0,46.362,87
2024-10-24 10:15:00-04:00,46.31,46.37,46.3,46.37,14427.0,46.335,110
2024-10-24 10:20:00-04:00,46.34,46.38,46.31,46.34,13078.0,46.341,68
2024-10-24 10:25:00-04:00,46.34,46.34,46.15,46.15,15030.0,46.251,98
2024-10-24 10:30:00-04:00,46.15,46.16,46.03,46.07,17961.0,46.099,53
2024-10-24 10:35:00-04:00,46.06,46.19,46.05,46.07,23570.0,46.118,101
2024-10-24 10:40:00-04:00,46.07,46.1,46.0,46.02,20355.0,46.072,106
2024-10-24 10:45:00-04:00,46.03,46.03,45.82,45.83,25451.0,45.922,151
2024-10-24 10:50:00-04:00,45.82,45.85,45.67,45.71,61904.0,45.735,275
2024-10-24 10:55:00-04:00,45.71,45.82,45.7,45.81,24046.0,45.76,162
2024-10-24 11:00:00-04:00,45.81,45.84,45.64,45.67,21483.0,45.742,159
2024-10-24 11:05:00-04:00,45.66,45.72,45.6,45.71,16573.0,45.658,124
2024-10-24 11:10:00-04:00,45.73,45.74,45.65,45.74,6063.0,45.694,48
2024-10-24 11:15:00-04:00,45.73,45.83,45.72,45.8,19918.0,45.776,158
2024-10-24 11:20:00-04:00,45.79,45.82,45.73,45.75,14048.0,45.771,112
2024-10-24 11:25:00-04:00,45.75,45.75,45.67,45.7,14204.0,45.708,116
2024-10-24 11:30:00-04:00,45.69,45.69,45.57,45.64,55026.0,45.622,319
2024-10-24 11:35:00-04:00,45.63,45.65,45.58,45.59,18037.0,45.617,123
2024-10-24 11:40:00-04:00,45.61,45.67,45.61,45.66,13749.0,45.639,97
2024-10-24 11:45:00-04:00,45.67,45.7,45.6,45.61,9230.0,45.66,69
2024-10-24 11:50:00-04:00,45.61,45.71,45.6,45.63,10244.0,45.641,86
2024-10-24 11:55:00-04:00,45.64,45.65,45.54,45.57,18859.0,45.595,97
2024-10-24 12:00:00-04:00,45.58,45.67,45.58,45.63,8048.0,45.627,70
2024-10-24 12:05:00-04:00,45.62,45.65,45.6,45.63,7391.0,45.626,65
2024-10-24 12:10:00-04:00,45.63,45.65,45.6,45.64,9707.0,45.62,67
2024-10-24 12:15:00-04:00,45.64,45.7,45.64,45.67,8361.0,45.659,67
2024-10-24 12:20:00-04:00,45.68,45.7,45.65,45.68,7668.0,45.676,57
2024-10-24 12:25:00-04:00,45.69,45.75,45.69,45.73,6041.0,45.727,49
2024-10-24 12:30:00-04:00,45.73,45.83,45.73,45.8,5845.0,45.798,41
2024-10-24 12:35:00-04:00,45.81,45.84,45.8,45.84,8787.0,45.814,67
2024-10-24 12:40:00-04:00,45.84,45.84,45.78,45.8,4233.0,45.813,39
2024-10-24 12:45:00-04:00,45.8,45.83,45.8,45.83,4466.0,45.815,40
2024-10-24 12:50:00-04:00,45.84,45.88,45.81,45.85,10428.0,45.845,58
2024-10-24 12:55:00-04:00,45.84,45.86,45.83,45.84,6643.0,45.845,46
2024-10-24 13:00:00-04:00,45.85,45.88,45.83,45.88,10489.0,45.85,61
2024-10-24 13:05:00-04:00,45.87,45.87,45.84,45.85,5422.0,45.859,47
2024-10-24 13:10:00-04:00,45.86,45.87,45.84,45.84,4547.0,45.855,33
2024-10-24 13:15:00-04:00,45.86,45.87,45.81,45.86,7659.0,45.841,58
2024-10-24 13:20:00-04:00,45.85,45.88,45.85,45.87,3165.0,45.866,26
2024-10-24 13:25:00-04:00,45.87,45.9,45.87,45.89,8162.0,45.886,58
2024-10-24 13:30:00-04:00,45.88,45.88,45.85,45.86,3247.0,45.866,26
2024-10-24 13:35:00-04:00,45.86,45.89,45.85,45.87,7272.0,45.871,63
2024-10-24 13:40:00-04:00,45.87,45.92,45.86,45.91,11836.0,45.885,71
2024-10-24 13:45:00-04:00,45.91,45.91,45.85,45.86,8238.0,45.882,54
2024-10-24 13:50:00-04:00,45.86,45.87,45.83,45.84,6082.0,45.856,40
2024-10-24 13:55:00-04:00,45.84,45.88,45.79,45.8,11506.0,45.83,81
2024-10-24 14:00:00-04:00,45.8,45.82,45.74,45.82,9128.0,45.769,50
2024-10-24 14:05:00-04:00,45.84,45.84,45.81,45.82,4602.0,45.831,39
2024-10-24 14:10:00-04:00,45.83,45.87,45.82,45.87,5666.0,45.844,40
2024-10-24 14:15:00-04:00,45.87,45.9,45.86,45.89,4865.0,45.883,37
2024-10-24 14:20:00-04:00,45.89,45.92,45.88,45.89,6770.0,45.898,45
2024-10-24 14:25:00-04:00,45.89,45.9,45.82,45.82,9215.0,45.879,69
2024-10-24 14:30:00-04:00,45.82,45.82,45.76,45.77,6444.0,45.782,43
2024-10-24 14:35:00-04:00,45.77,45.77,45.74,45.77,6275.0,45.755,50
2024-10-24 14:40:00-04:00,45.76,45.76,45.73,45.74,4453.0,45.749,39
2024-10-24 14:45:00-04:00,45.74,45.76,45.72,45.72,7039.0,45.738,56
2024-10-24 14:50:00-04:00,45.73,45.75,45.72,45.75,7736.0,45.74,54
2024-10-24 14:55:00-04:00,45.74,45.75,45.72,45.73,8585.0,45.735,68
2024-10-24 15:00:00-04:00,45.73,45.73,45.65,45.66,13202.0,45.679,92
2024-10-24 15:05:00-04:00,45.66,45.7,45.66,45.7,6638.0,45.683,47
2024-10-24 15:10:00-04:00,45.7,45.72,45.68,45.71,9429.0,45.701,79
2024-10-24 15:15:00-04:00,45.71,45.72,45.68,45.72,7651.0,45.706,52
2024-10-24 15:20:00-04:00,45.72,45.79,45.72,45.77,10165.0,45.755,68
2024-10-24 15:25:00-04:00,45.78,45.78,45.74,45.75,8776.0,45.763,66
2024-10-24 15:30:00-04:00,45.75,45.79,45.71,45.77,12902.0,45.752,104
2024-10-24 15:35:00-04:00,45.77,45.86,45.72,45.73,26991.0,45.805,205
2024-10-24 15:40:00-04:00,45.73,45.76,45.68,45.7,14704.0,45.728,104
2024-10-24 15:45:00-04:00,45.7,45.75,45.67,45.69,35910.0,45.71,248
2024-10-24 15:50:00-04:00,45.67,45.84,45.64,45.84,62936.0,45.735,423
2024-10-24 15:55:00-04:00,45.84,45.9,45.82,45.87,171369.0,45.872,896
2024-10-25 09:30:00-04:00,46.17,46.21,45.84,45.84,46983.0,46.108,179
2024-10-25 09:35:00-04:00,45.85,45.92,45.8,45.91,10176.0,45.848,77
2024-10-25 09:40:00-04:00,45.94,46.01,45.9,45.91,9824.0,45.956,61
2024-10-25 09:45:00-04:00,45.91,45.96,45.9,45.95,5177.0,45.928,31
2024-10-25 09:50:00-04:00,45.96,46.0,45.94,45.94,6721.0,45.978,52
2024-10-25 09:55:00-04:00,45.96,46.08,45.94,46.06,20062.0,46.019,120
2024-10-25 10:00:00-04:00,46.04,46.15,46.04,46.15,26206.0,46.113,107
2024-10-25 10:05:00-04:00,46.15,46.2,46.1,46.18,23815.0,46.165,163
2024-10-25 10:10:00-04:00,46.18,46.2,46.11,46.18,20183.0,46.149,142
2024-10-25 10:15:00-04:00,46.17,46.17,46.11,46.14,9891.0,46.137,77
2024-10-25 10:20:00-04:00,46.16,46.16,46.07,46.12,19344.0,46.119,107
2024-10-25 10:25:00-04:00,46.13,46.17,46.1,46.1,10739.0,46.142,71
2024-10-25 10:30:00-04:00,46.09,46.14,46.05,46.13,9780.0,46.086,64
2024-10-25 10:35:00-04:00,46.13,46.13,46.05,46.09,15049.0,46.089,83
2024-10-25 10:40:00-04:00,46.1,46.15,46.09,46.12,8171.0,46.129,54
2024-10-25 10:45:00-04:00,46.13,46.13,46.06,46.11,12601.0,46.092,67
2024-10-25 10:50:00-04:00,46.11,46.16,46.11,46.12,8197.0,46.14,46
2024-10-25 10:55:00-04:00,46.12,46.12,46.05,46.07,13636.0,46.081,49
2024-10-25 11:00:00-04:00,46.06,46.16,46.06,46.12,14180.0,46.12,91
2024-10-25 11:05:00-04:00,46.12,46.14,46.06,46.14,28752.0,46.115,105
2024-10-25 11:10:00-04:00,46.13,46.15,46.1,46.11,6234.0,46.119,42
2024-10-25 11:15:00-04:00,46.11,46.11,46.0,46.01,9251.0,46.044,61
2024-10-25 11:20:00-04:00,46.0,46.02,45.96,46.01,12033.0,45.995,77
2024-10-25 11:25:00-04:00,46.01,46.03,45.98,46.0,9069.0,46.001,59
2024-10-25 11:30:00-04:00,46.0,46.04,45.99,45.99,10571.0,46.011,81
2024-10-25 11:35:00-04:00,45.99,46.08,45.97,46.08,27947.0,46.027,197
2024-10-25 11:40:00-04:00,46.08,46.08,46.02,46.05,6066.0,46.042,51
2024-10-25 11:45:00-04:00,46.06,46.07,46.01,46.06,5727.0,46.036,48
2024-10-25 11:50:00-04:00,46.05,46.06,45.88,45.93,31027.0,46.002,95
2024-10-25 11:55:00-04:00,45.93,45.95,45.92,45.93,2099.0,45.926,15
2024-10-25 12:00:00-04:00,45.91,45.93,45.81,45.93,15634.0,45.851,86
2024-10-25 12:05:00-04:00,45.91,45.92,45.84,45.89,17360.0,45.861,59
2024-10-25 12:10:00-04:00,45.89,45.91,45.87,45.89,7492.0,45.897,31
2024-10-25 12:15:00-04:00,45.88,45.93,45.87,45.9,8884.0,45.903,56
2024-10-25 12:20:00-04:00,45.89,45.89,45.82,45.83,11696.0,45.862,60
2024-10-25 12:25:00-04:00,45.83,45.85,45.81,45.85,6852.0,45.826,31
2024-10-25 12:30:00-04:00,45.85,45.87,45.84,45.87,3743.0,45.848,23
2024-10-25 12:35:00-04:00,45.86,45.91,45.84,45.91,8161.0,45.859,46
2024-10-25 12:40:00-04:00,45.91,45.95,45.9,45.95,3666.0,45.93,26
2024-10-25 12:45:00-04:00,45.93,45.95,45.93,45.95,7411.0,45.936,24
2024-10-25 12:50:00-04:00,45.94,45.95,45.87,45.9,5358.0,45.898,40
2024-10-25 12:55:00-04:00,45.9,45.9,45.86,45.87,10700.0,45.882,18
2024-10-25 13:00:00-04:00,45.87,45.88,45.85,45.88,15647.0,45.871,45
2024-10-25 13:05:00-04:00,45.87,45.87,45.81,45.84,9238.0,45.823,51
2024-10-25 13:10:00-04:00,45.87,45.87,45.76,45.78,22853.0,45.828,71
2024-10-25 13:15:00-04:00,45.78,45.8,45.76,45.78,4799.0,45.772,29
2024-10-25 13:20:00-04:00,45.77,45.8,45.73,45.79,7265.0,45.763,51
2024-10-25 13:25:00-04:00,45.78,45.81,45.78,45.78,4760.0,45.788,32
2024-10-25 13:30:00-04:00,45.78,45.78,45.64,45.65,163876.0,45.699,150
2024-10-25 13:35:00-04:00,45.62,45.63,45.56,45.58,12064.0,45.601,58
2024-10-25 13:40:00-04:00,45.58,45.6,45.54,45.55,7560.0,45.569,52
2024-10-25 13:45:00-04:00,45.56,45.66,45.56,45.64,11469.0,45.614,60
2024-10-25 13:50:00-04:00,45.65,45.67,45.61,45.66,4994.0,45.648,38
2024-10-25 13:55:00-04:00,45.67,45.68,45.58,45.61,10153.0,45.628,55
2024-10-25 14:00:00-04:00,45.61,45.62,45.53,45.58,3200.0,45.584,23
2024-10-25 14:05:00-04:00,45.59,45.6,45.55,45.57,2867.0,45.573,24
2024-10-25 14:10:00-04:00,45.56,45.58,45.53,45.58,3838.0,45.554,33
2024-10-25 14:15:00-04:00,45.57,45.59,45.51,45.58,65069.0,45.553,39
2024-10-25 14:20:00-04:00,45.59,45.64,45.55,45.64,7751.0,45.595,58
2024-10-25 14:25:00-04:00,45.63,45.74,45.63,45.73,6596.0,45.686,41
2024-10-25 14:30:00-04:00,45.73,45.73,45.69,45.72,5589.0,45.713,41
2024-10-25 14:35:00-04:00,45.71,45.8,45.71,45.8,12609.0,45.761,55
2024-10-25 14:40:00-04:00,45.8,45.84,45.76,45.82,22711.0,45.809,145
2024-10-25 14:45:00-04:00,45.82,45.9,45.82,45.9,12947.0,45.863,82
2024-10-25 14:50:00-04:00,45.89,45.9,45.84,45.86,10302.0,45.861,66
2024-10-25 14:55:00-04:00,45.85,45.85,45.83,45.84,5998.0,45.843,38
2024-10-25 15:00:00-04:00,45.84,45.88,45.79,45.86,10848.0,45.838,69
2024-10-25 15:05:00-04:00,45.85,45.89,45.81,45.83,16520.0,45.848,101
2024-10-25 15:10:00-04:00,45.82,45.83,45.74,45.76,7026.0,45.795,56
2024-10-25 15:15:00-04:00,45.76,45.82,45.76,45.77,10342.0,45.777,74
2024-10-25 15:20:00-04:00,45.77,45.79,45.72,45.72,8369.0,45.75,55
2024-10-25 15:25:00-04:00,45.72,45.93,45.72,45.93,138371.0,45.804,175
2024-10-25 15:30:00-04:00,45.91,45.92,45.78,45.84,44433.0,45.866,289
2024-10-25 15:35:00-04:00,45.83,45.93,45.83,45.88,32073.0,45.884,197
2024-10-25 15:40:00-04:00,45.88,45.95,45.84,45.84,50712.0,45.903,306
2024-10-25 15:45:00-04:00,45.85,45.87,45.79,45.79,39989.0,45.844,189
2024-10-25 15:50:00-04:00,45.8,45.82,45.71,45.73,37104.0,45.744,240
2024-10-25 15:55:00-04:00,45.72,45.88,45.63,45.83,215616.0,45.789,1199
2024-10-28 09:30:00-04:00,45.45,45.54,45.0,45.54,105530.0,45.346,459
2024-10-28 09:35:00-04:00,45.54,45.7,45.52,45.65,30900.0,45.595,196
2024-10-28 09:40:00-04:00,45.65,45.86,45.61,45.82,52766.0,45.759,335
2024-10-28 09:45:00-04:00,45.81,45.81,45.67,45.72,111958.0,45.769,232
2024-10-28 09:50:00-04:00,45.73,45.92,45.72,45.87,125386.0,45.83,277
2024-10-28 09:55:00-04:00,45.88,45.92,45.77,45.86,16005.0,45.845,111
2024-10-28 10:00:00-04:00,45.86,45.92,45.72,45.79,131695.0,45.802,255
2024-10-28 10:05:00-04:00,45.8,45.81,45.67,45.71,92941.0,45.762,277
2024-10-28 10:10:00-04:00,45.72,45.77,45.61,45.66,39610.0,45.684,199
2024-10-28 10:15:00-04:00,45.67,45.69,45.58,45.66,28936.0,45.641,197
2024-10-28 10:20:00-04:00,45.66,45.67,45.56,45.6,67169.0,45.622,299
2024-10-28 10:25:00-04:00,45.6,45.69,45.54,45.57,37085.0,45.604,202
2024-10-28 10:30:00-04:00,45.57,45.61,45.4,45.52,34051.0,45.526,186
2024-10-28 10:35:00-04:00,45.51,45.58,45.51,45.53,20769.0,45.54,117
2024-10-28 10:40:00-04:00,45.53,45.55,45.46,45.54,42584.0,45.516,234
2024-10-28 10:45:00-04:00,45.54,45.57,45.47,45.52,26961.0,45.522,199
2024-10-28 10:50:00-04:00,45.52,45.58,45.43,45.44,14482.0,45.527,108
2024-10-28 10:55:00-04:00,45.44,45.5,45.42,45.44,27946.0,45.466,174
2024-10-28 11:00:00-04:00,45.45,45.46,45.4,45.41,14468.0,45.42,106
2024-10-28 11:05:00-04:00,45.41,45.49,45.4,45.44,12559.0,45.449,91
2024-10-28 11:10:00-04:00,45.43,45.48,45.43,45.48,12167.0,45.45,86
2024-10-28 11:15:00-04:00,45.47,45.48,45.41,45.41,11059.0,45.449,80
2024-10-28 11:20:00-04:00,45.41,45.49,45.41,45.46,31090.0,45.44,148
2024-10-28 11:25:00-04:00,45.46,45.46,45.4,45.4,22818.0,45.439,147
2024-10-28 11:30:00-04:00,45.41,45.43,45.38,45.4,39798.0,45.405,311
2024-10-28 11:35:00-04:00,45.4,45.41,45.37,45.38,50513.0,45.398,374
2024-10-28 11:40:00-04:00,45.4,45.41,45.3,45.31,60040.0,45.358,379
2024-10-28 11:45:00-04:00,45.31,45.32,45.29,45.3,10591.0,45.303,73
2024-10-28 11:50:00-04:00,45.29,45.29,45.21,45.22,26500.0,45.247,97
2024-10-28 11:55:00-04:00,45.22,45.3,45.21,45.27,17086.0,45.251,107
2024-10-28 12:00:00-04:00,45.25,45.31,45.25,45.28,21765.0,45.28,132
2024-10-28 12:05:00-04:00,45.28,45.33,45.25,45.33,17430.0,45.277,119
2024-10-28 12:10:00-04:00,45.32,45.39,45.31,45.36,13243.0,45.344,81
2024-10-28 12:15:00-04:00,45.36,45.42,45.34,45.36,21352.0,45.372,151
2024-10-28 12:20:00-04:00,45.35,45.4,45.32,45.38,15057.0,45.367,105
2024-10-28 12:25:00-04:00,45.38,45.38,45.32,45.34,25618.0,45.346,182
2024-10-28 12:30:00-04:00,45.35,45.37,45.3,45.36,31488.0,45.335,184
2024-10-28 12:35:00-04:00,45.37,45.43,45.35,45.43,7508.0,45.379,60
2024-10-28 12:40:00-04:00,45.44,45.44,45.36,45.37,7252.0,45.4,52
2024-10-28 12:45:00-04:00,45.39,45.42,45.38,45.41,7593.0,45.4,59
2024-10-28 12:50:00-04:00,45.41,45.46,45.4,45.45,4902.0,45.428,35
2024-10-28 12:55:00-04:00,45.45,45.46,45.43,45.46,8811.0,45.443,60
2024-10-28 13:00:00-04:00,45.45,45.46,45.4,45.43,8424.0,45.424,71
2024-10-28 13:05:00-04:00,45.43,45.45,45.42,45.45,6655.0,45.439,38
2024-10-28 13:10:00-04:00,45.45,45.46,45.35,45.38,14072.0,45.404,82
2024-10-28 13:15:00-04:00,45.38,45.4,45.37,45.4,5118.0,45.383,36
2024-10-28 13:20:00-04:00,45.4,45.43,45.39,45.41,13972.0,45.406,89
2024-10-28 13:25:00-04:00,45.4,45.41,45.36,45.38,5695.0,45.384,42
2024-10-28 13:30:00-04:00,45.37,45.4,45.36,45.4,8938.0,45.383,67
2024-10-28 13:35:00-04:00,45.39,45.39,45.34,45.36,7978.0,45.363,60
2024-10-28 13:40:00-04:00,45.36,45.36,45.29,45.3,4852.0,45.314,39
2024-10-28 13:45:00-04:00,45.3,45.31,45.28,45.29,8033.0,45.3,66
2024-10-28 13:50:00-04:00,45.29,45.4,45.27,45.36,17727.0,45.338,89
2024-10-28 13:55:00-04:00,45.36,45.46,45.35,45.44,16747.0,45.397,102
2024-10-28 14:00:00-04:00,45.43,45.45,45.38,45.45,19885.0,45.404,122
2024-10-28 14:05:00-04:00,45.45,45.47,45.43,45.45,13662.0,45.45,75
2024-10-28 14:10:00-04:00,45.44,45.45,45.42,45.43,5859.0,45.437,38
2024-10-28 14:15:00-04:00,45.43,45.44,45.41,45.41,11220.0,45.424,73
2024-10-28 14:20:00-04:00,45.41,45.41,45.37,45.39,17510.0,45.392,77
2024-10-28 14:25:00-04:00,45.38,45.43,45.38,45.41,10398.0,45.399,65
2024-10-28 14:30:00-04:00,45.41,45.42,45.24,45.24,10361.0,45.363,77
2024-10-28 14:35:00-04:00,45.24,45.27,45.19,45.27,16277.0,45.227,112
2024-10-28 14:40:00-04:00,45.27,45.34,45.27,45.33,13454.0,45.29,91
2024-10-28 14:45:00-04:00,45.33,45.33,45.29,45.32,11841.0,45.301,68
2024-10-28 14:50:00-04:00,45.33,45.34,45.3,45.31,22787.0,45.323,124
2024-10-28 14:55:00-04:00,45.31,45.32,45.26,45.28,43605.0,45.287,146
2024-10-28 15:00:00-04:00,45.27,45.36,45.26,45.33,11481.0,45.319,84
2024-10-28 15:05:00-04:00,45.33,45.34,45.31,45.32,9194.0,45.322,66
2024-10-28 15:10:00-04:00,45.32,45.32,45.29,45.3,14166.0,45.308,99
2024-10-28 15:15:00-04:00,45.3,45.33,45.3,45.32,15648.0,45.315,102
2024-10-28 15:20:00-04:00,45.32,45.35,45.31,45.34,11580.0,45.328,70
2024-10-28 15:25:00-04:00,45.34,45.35,45.32,45.35,11587.0,45.337,80
2024-10-28 15:30:00-04:00,45.34,45.38,45.3,45.38,16298.0,45.332,108
2024-10-28 15:35:00-04:00,45.38,45.38,45.32,45.34,16682.0,45.35,121
2024-10-28 15:40:00-04:00,45.34,45.38,45.3,45.3,19914.0,45.343,126
2024-10-28 15:45:00-04:00,45.3,45.34,45.29,45.32,34698.0,45.319,219
2024-10-28 15:50:00-04:00,45.31,45.33,45.27,45.32,85473.0,45.303,520
2024-10-28 15:55:00-04:00,45.31,45.35,45.28,45.29,269994.0,45.314,1449
2024-10-29 09:30:00-04:00,45.05,45.09,44.88,44.9,69943.0,45.016,375
2024-10-29 09:35:00-04:00,44.89,44.95,44.78,44.92,26108.0,44.864,206
2024-10-29 09:40:00-04:00,44.91,44.98,44.77,44.9,33060.0,44.884,229
2024-10-29 09:45:00-04:00,44.89,45.11,44.89,45.03,38588.0,45.044,284
2024-10-29 09:50:00-04:00,45.04,45.14,44.98,45.05,22139.0,45.066,148
2024-10-29 09:55:00-04:00,45.05,45.05,44.92,44.98,33893.0,44.989,228
2024-10-29 10:00:00-04:00,44.98,45.11,44.94,45.02,37607.0,45.014,241
2024-10-29 10:05:00-04:00,45.02,45.02,44.9,44.94,26010.0,44.981,146
2024-10-29 10:10:00-04:00,44.95,44.97,44.82,44.88,25467.0,44.906,148
2024-10-29 10:15:00-04:00,44.86,44.91,44.78,44.81,21939.0,44.864,126
2024-10-29 10:20:00-04:00,44.8,44.87,44.75,44.87,19025.0,44.797,126
2024-10-29 10:25:00-04:00,44.87,44.9,44.78,44.79,29038.0,44.854,158
2024-10-29 10:30:00-04:00,44.79,44.82,44.71,44.77,27274.0,44.771,140
2024-10-29 10:35:00-04:00,44.78,44.88,44.73,44.87,30515.0,44.789,157
2024-10-29 10:40:00-04:00,44.87,44.9,44.83,44.89,20076.0,44.864,132
2024-10-29 10:45:00-04:00,44.89,44.89,44.73,44.78,10929.0,44.817,89
2024-10-29 10:50:00-04:00,44.77,44.78,44.72,44.76,12429.0,44.748,91
2024-10-29 10:55:00-04:00,44.78,44.87,44.74,44.82,38009.0,44.832,203
2024-10-29 11:00:00-04:00,44.83,44.86,44.8,44.83,15393.0,44.834,127
2024-10-29 11:05:00-04:00,44.83,44.86,44.77,44.81,24979.0,44.815,187
2024-10-29 11:10:00-04:00,44.81,44.92,44.79,44.88,45094.0,44.844,333
2024-10-29 11:15:00-04:00,44.88,44.89,44.8,44.86,16176.0,44.852,126
2024-10-29 11:20:00-04:00,44.87,44.96,44.82,44.87,29750.0,44.882,201
2024-10-29 11:25:00-04:00,44.86,44.87,44.81,44.85,19693.0,44.839,128
2024-10-29 11:30:00-04:00,44.85,44.91,44.83,44.86,17005.0,44.865,117
2024-10-29 11:35:00-04:00,44.85,44.93,44.82,44.88,24169.0,44.882,152
2024-10-29 11:40:00-04:00,44.89,44.9,44.81,44.83,31490.0,44.876,134
2024-10-29 11:45:00-04:00,44.82,44.83,44.69,44.73,16379.0,44.736,119
2024-10-29 11:50:00-04:00,44.74,44.75,44.62,44.64,31175.0,44.684,198
2024-10-29 11:55:00-04:00,44.67,44.69,44.64,44.67,11192.0,44.666,74
2024-10-29 12:00:00-04:00,44.68,44.68,44.61,44.67,23082.0,44.647,129
2024-10-29 12:05:00-04:00,44.67,44.72,44.58,44.72,56446.0,44.649,217
2024-10-29 12:10:00-04:00,44.74,44.77,44.7,44.76,22852.0,44.738,153
2024-10-29 12:15:00-04:00,44.75,44.84,44.7,44.77,33549.0,44.777,236
2024-10-29 12:20:00-04:00,44.78,44.82,44.74,44.75,127933.0,44.78,212
2024-10-29 12:25:00-04:00,44.74,44.8,44.68,44.71,27319.0,44.738,166
2024-10-29 12:30:00-04:00,44.72,44.78,44.64,44.78,30359.0,44.682,205
2024-10-29 12:35:00-04:00,44.78,44.79,44.74,44.75,16447.0,44.77,111
2024-10-29 12:40:00-04:00,44.75,44.76,44.66,44.68,22440.0,44.721,135
2024-10-29 12:45:00-04:00,44.69,44.69,44.55,44.6,29668.0,44.619,102
2024-10-29 12:50:00-04:00,44.59,44.6,44.56,44.56,20847.0,44.583,101
2024-10-29 12:55:00-04:00,44.59,44.69,44.58,44.66,26343.0,44.636,134
2024-10-29 13:00:00-04:00,44.67,44.79,44.67,44.75,7847.0,44.737,56
2024-10-29 13:05:00-04:00,44.75,44.76,44.72,44.76,23542.0,44.731,74
2024-10-29 13:10:00-04:00,44.76,44.83,44.74,44.8,9886.0,44.8,84
2024-10-29 13:15:00-04:00,44.79,44.8,44.75,44.8,4632.0,44.776,44
2024-10-29 13:20:00-04:00,44.8,44.87,44.79,44.86,4872.0,44.82,45
2024-10-29 13:25:00-04:00,44.86,44.87,44.7,44.71,20217.0,44.794,107
2024-10-29 13:30:00-04:00,44.71,44.72,44.62,44.65,10473.0,44.665,76
2024-10-29 13:35:00-04:00,44.64,44.67,44.62,44.62,13728.0,44.648,78
2024-10-29 13:40:00-04:00,44.61,44.65,44.6,44.63,13548.0,44.629,77
2024-10-29 13:45:00-04:00,44.64,44.68,44.59,44.63,10155.0,44.629,82
2024-10-29 13:50:00-04:00,44.63,44.63,44.6,44.63,11676.0,44.612,80
2024-10-29 13:55:00-04:00,44.63,44.7,44.63,44.66,14422.0,44.666,105
2024-10-29 14:00:00-04:00,44.66,44.73,44.64,44.73,9871.0,44.664,76
2024-10-29 14:05:00-04:00,44.73,44.74,44.69,44.71,7823.0,44.711,69
2024-10-29 14:10:00-04:00,44.71,44.72,44.68,44.68,5228.0,44.705,41
2024-10-29 14:15:00-04:00,44.68,44.68,44.64,44.66,9338.0,44.666,71
2024-10-29 14:20:00-04:00,44.66,44.67,44.63,44.65,11542.0,44.648,94
2024-10-29 14:25:00-04:00,44.65,44.67,44.6,44.61,25818.0,44.626,136
2024-10-29 14:30:00-04:00,44.61,44.64,44.58,44.64,19626.0,44.604,130
2024-10-29 14:35:00-04:00,44.64,44.66,44.61,44.66,9456.0,44.632,83
2024-10-29 14:40:00-04:00,44.65,44.67,44.63,44.65,10201.0,44.645,66
2024-10-29 14:45:00-04:00,44.65,44.67,44.64,44.65,6158.0,44.653,48
2024-10-29 14:50:00-04:00,44.65,44.69,44.64,44.66,15391.0,44.667,103
2024-10-29 14:55:00-04:00,44.66,44.7,44.66,44.7,10776.0,44.679,72
2024-10-29 15:00:00-04:00,44.7,44.72,44.68,44.72,7318.0,44.695,62
2024-10-29 15:05:00-04:00,44.72,44.72,44.64,44.69,17710.0,44.675,98
2024-10-29 15:10:00-04:00,44.69,44.71,44.63,44.64,19124.0,44.68,117
2024-10-29 15:15:00-04:00,44.64,44.64,44.58,44.62,21723.0,44.606,159
2024-10-29 15:20:00-04:00,44.62,44.66,44.61,44.64,20468.0,44.632,102
2024-10-29 15:25:00-04:00,44.64,44.68,44.62,44.67,12173.0,44.64,82
2024-10-29 15:30:00-04:00,44.68,44.68,44.62,44.63,29298.0,44.653,184
2024-10-29 15:35:00-04:00,44.62,44.66,44.58,44.58,25844.0,44.608,179
2024-10-29 15:40:00-04:00,44.59,44.61,44.51,44.61,72119.0,44.546,291
2024-10-29 15:45:00-04:00,44.6,44.61,44.52,44.57,51521.0,44.554,358
2024-10-29 15:50:00-04:00,44.56,44.57,44.44,44.53,96872.0,44.518,570
2024-10-29 15:55:00-04:00,44.53,44.72,44.5,44.72,337765.0,44.627,1562
2024-10-30 09:30:00-04:00,47.06,48.2,46.96,47.68,278888.0,47.451,1027
2024-10-30 09:35:00-04:00,47.64,48.28,47.36,48.28,167410.0,47.748,906
2024-10-30 09:40:00-04:00,48.21,48.75,47.98,48.72,112708.0,48.332,689
2024-10-30 09:45:00-04:00,48.72,48.95,48.4,48.86,119052.0,48.741,608
2024-10-30 09:50:00-04:00,48.86,48.86,48.45,48.61,115367.0,48.607,526
2024-10-30 09:55:00-04:00,48.65,48.95,48.65,48.75,115068.0,48.77,435
2024-10-30 10:00:00-04:00,48.79,49.15,48.68,49.15,39555.0,48.897,200
2024-10-30 10:05:00-04:00,49.12,49.12,48.86,48.87,31682.0,48.994,172
2024-10-30 10:10:00-04:00,48.84,49.15,48.75,49.11,136693.0,48.83,321
2024-10-30 10:15:00-04:00,49.11,49.46,49.01,49.34,75691.0,49.225,464
2024-10-30 10:20:00-04:00,49.32,49.61,49.31,49.57,59658.0,49.439,363
2024-10-30 10:25:00-04:00,49.57,49.7,49.54,49.59,59359.0,49.612,367
2024-10-30 10:30:00-04:00,49.57,49.67,49.44,49.62,44180.0,49.564,305
2024-10-30 10:35:00-04:00,49.57,49.75,49.3,49.34,88268.0,49.537,468
2024-10-30 10:40:00-04:00,49.35,49.37,49.06,49.13,55346.0,49.213,344
2024-10-30 10:45:00-04:00,49.13,49.29,49.02,49.2,61533.0,49.098,267
2024-10-30 10:50:00-04:00,49.22,49.29,49.07,49.16,63406.0,49.202,404
2024-10-30 10:55:00-04:00,49.18,49.32,49.17,49.22,59086.0,49.249,352
2024-10-30 11:00:00-04:00,49.23,49.24,49.02,49.03,36138.0,49.137,228
2024-10-30 11:05:00-04:00,49.04,49.27,48.93,49.25,54241.0,49.101,326
2024-10-30 11:10:00-04:00,49.26,49.42,49.22,49.36,86136.0,49.332,417
2024-10-30 11:15:00-04:00,49.36,49.42,49.27,49.31,39898.0,49.358,227
2024-10-30 11:20:00-04:00,49.31,49.32,49.17,49.27,21521.0,49.236,148
2024-10-30 11:25:00-04:00,49.27,49.27,49.14,49.22,49711.0,49.199,218
2024-10-30 11:30:00-04:00,49.21,49.4,49.2,49.4,22958.0,49.303,141
2024-10-30 11:35:00-04:00,49.39,49.44,49.21,49.22,28439.0,49.362,191
2024-10-30 11:40:00-04:00,49.22,49.24,49.05,49.07,36409.0,49.155,244
2024-10-30 11:45:00-04:00,49.08,49.14,49.02,49.09,33801.0,49.082,216
2024-10-30 11:50:00-04:00,49.09,49.14,49.06,49.13,22977.0,49.103,150
2024-10-30 11:55:00-04:00,49.13,49.23,49.08,49.21,44512.0,49.152,269
2024-10-30 12:00:00-04:00,49.18,49.23,49.1,49.14,58669.0,49.155,177
2024-10-30 12:05:00-04:00,49.13,49.14,48.99,49.04,26129.0,49.069,198
2024-10-30 12:10:00-04:00,49.03,49.36,49.0,49.32,48456.0,49.161,290
2024-10-30 12:15:00-04:00,49.33,49.35,49.21,49.25,98626.0,49.258,569
2024-10-30 12:20:00-04:00,49.25,49.35,49.24,49.28,31361.0,49.288,201
2024-10-30 12:25:00-04:00,49.28,49.3,49.1,49.1,26363.0,49.221,212
2024-10-30 12:30:00-04:00,49.07,49.12,49.0,49.12,65731.0,49.063,451
2024-10-30 12:35:00-04:00,49.12,49.39,49.04,49.39,45614.0,49.216,226
2024-10-30 12:40:00-04:00,49.39,49.6,49.36,49.56,31564.0,49.484,159
2024-10-30 12:45:00-04:00,49.56,49.81,49.54,49.77,26059.0,49.649,139
2024-10-30 12:50:00-04:00,49.75,49.9,49.75,49.88,31150.0,49.803,242
2024-10-30 12:55:00-04:00,49.9,49.9,49.77,49.78,17252.0,49.838,132
2024-10-30 13:00:00-04:00,49.77,49.88,49.73,49.81,26518.0,49.808,187
2024-10-30 13:05:00-04:00,49.82,49.86,49.79,49.86,13963.0,49.828,91
2024-10-30 13:10:00-04:00,49.86,50.32,49.86,50.29,135390.0,49.993,421
2024-10-30 13:15:00-04:00,50.29,50.29,50.11,50.15,46426.0,50.238,192
2024-10-30 13:20:00-04:00,50.14,50.32,50.14,50.23,19425.0,50.256,135
2024-10-30 13:25:00-04:00,50.23,50.25,50.1,50.14,21980.0,50.175,193
2024-10-30 13:30:00-04:00,50.14,50.21,50.11,50.15,27431.0,50.152,164
2024-10-30 13:35:00-04:00,50.17,50.39,50.09,50.37,30581.0,50.243,214
2024-10-30 13:40:00-04:00,50.36,50.48,50.35,50.41,40478.0,50.417,236
2024-10-30 13:45:00-04:00,50.41,50.47,50.31,50.39,32988.0,50.41,207
2024-10-30 13:50:00-04:00,50.38,50.89,50.33,50.85,136077.0,50.65,582
2024-10-30 13:55:00-04:00,50.8,50.87,50.73,50.83,44762.0,50.793,258
2024-10-30 14:00:00-04:00,50.82,50.83,50.73,50.73,43659.0,50.782,211
2024-10-30 14:05:00-04:00,50.73,50.81,50.7,50.78,32496.0,50.769,163
2024-10-30 14:10:00-04:00,50.76,50.85,50.68,50.78,59189.0,50.788,318
2024-10-30 14:15:00-04:00,50.78,50.78,50.46,50.48,38103.0,50.622,268
2024-10-30 14:20:00-04:00,50.47,50.53,50.34,50.34,61565.0,50.448,441
2024-10-30 14:25:00-04:00,50.33,50.45,50.24,50.38,105302.0,50.353,374
2024-10-30 14:30:00-04:00,50.38,50.39,50.3,50.34,40613.0,50.349,290
2024-10-30 14:35:00-04:00,50.34,50.48,50.29,50.36,72045.0,50.396,452
2024-10-30 14:40:00-04:00,50.37,50.46,50.36,50.45,34542.0,50.414,247
2024-10-30 14:45:00-04:00,50.45,50.6,50.45,50.46,80835.0,50.512,557
2024-10-30 14:50:00-04:00,50.46,50.59,50.37,50.5,61879.0,50.491,339
2024-10-30 14:55:00-04:00,50.5,50.61,50.48,50.55,59066.0,50.547,355
2024-10-30 15:00:00-04:00,50.53,50.54,50.33,50.34,30159.0,50.429,206
2024-10-30 15:05:00-04:00,50.34,50.63,50.32,50.62,59359.0,50.439,386
2024-10-30 15:10:00-04:00,50.62,50.82,50.61,50.73,49603.0,50.746,368
2024-10-30 15:15:00-04:00,50.74,50.74,50.61,50.63,49647.0,50.65,286
2024-10-30 15:20:00-04:00,50.62,50.62,50.48,50.54,64368.0,50.553,307
2024-10-30 15:25:00-04:00,50.53,50.56,50.49,50.51,54556.0,50.535,304
2024-10-30 15:30:00-04:00,50.5,50.54,50.4,50.41,42437.0,50.49,290
2024-10-30 15:35:00-04:00,50.41,50.41,50.18,50.2,75918.0,50.245,551
2024-10-30 15:40:00-04:00,50.23,50.49,50.2,50.47,78891.0,50.363,527
2024-10-30 15:45:00-04:00,50.47,50.51,50.29,50.32,94938.0,50.404,593
2024-10-30 15:50:00-04:00,50.31,50.39,50.3,50.34,146896.0,50.331,903
2024-10-30 15:55:00-04:00,50.34,50.36,50.04,50.07,510077.0,50.198,2365
2024-10-31 09:30:00-04:00,51.37,52.37,51.24,52.32,248586.0,51.77,939
2024-10-31 09:35:00-04:00,52.33,52.35,51.88,52.08,166916.0,52.04,744
2024-10-31 09:40:00-04:00,52.06,52.45,51.96,52.43,127818.0,52.213,737
2024-10-31 09:45:00-04:00,52.49,52.76,51.88,51.97,169646.0,52.398,828
2024-10-31 09:50:00-04:00,52.01,52.4,51.96,52.31,71173.0,52.225,465
2024-10-31 09:55:00-04:00,52.31,52.49,52.14,52.23,86607.0,52.295,643
2024-10-31 10:00:00-04:00,52.24,52.43,52.12,52.18,66149.0,52.292,484
2024-10-31 10:05:00-04:00,52.11,52.17,51.86,52.12,104479.0,51.973,515
2024-10-31 10:10:00-04:00,52.11,52.35,52.03,52.18,86780.0,52.181,575
2024-10-31 10:15:00-04:00,52.19,52.24,52.05,52.13,50365.0,52.138,373
2024-10-31 10:20:00-04:00,52.14,52.31,52.07,52.12,55652.0,52.157,414
2024-10-31 10:25:00-04:00,52.12,52.14,51.97,52.09,35107.0,52.059,231
2024-10-31 10:30:00-04:00,52.09,52.16,52.0,52.07,53745.0,52.089,440
2024-10-31 10:35:00-04:00,52.08,52.09,51.73,51.78,79258.0,51.879,423
2024-10-31 10:40:00-04:00,51.78,52.0,51.77,51.98,45965.0,51.867,341
2024-10-31 10:45:00-04:00,51.99,52.04,51.88,51.97,38464.0,51.972,274
2024-10-31 10:50:00-04:00,51.96,51.99,51.88,51.9,47021.0,51.934,333
2024-10-31 10:55:00-04:00,51.91,52.05,51.79,51.9,50310.0,51.925,353
2024-10-31 11:00:00-04:00,51.9,51.91,51.76,51.9,37870.0,51.831,299
2024-10-31 11:05:00-04:00,51.91,52.0,51.81,51.83,49934.0,51.921,390
2024-10-31 11:10:00-04:00,51.8,51.83,51.66,51.66,41797.0,51.734,297
2024-10-31 11:15:00-04:00,51.65,51.77,51.62,51.74,38206.0,51.685,283
2024-10-31 11:20:00-04:00,51.74,51.79,51.63,51.66,34666.0,51.719,240
2024-10-31 11:25:00-04:00,51.65,51.89,51.61,51.83,72939.0,51.753,290
2024-10-31 11:30:00-04:00,51.84,51.93,51.8,51.81,109787.0,51.877,421
2024-10-31 11:35:00-04:00,51.81,52.16,51.81,52.16,52232.0,51.999,287
2024-10-31 11:40:00-04:00,52.16,52.17,52.07,52.12,33445.0,52.13,205
2024-10-31 11:45:00-04:00,52.12,52.14,51.92,51.95,27658.0,52.032,187
2024-10-31 11:50:00-04:00,51.94,51.97,51.89,51.94,26939.0,51.939,162
2024-10-31 11:55:00-04:00,51.94,51.95,51.71,51.76,79564.0,51.8,221
2024-10-31 12:00:00-04:00,51.75,51.85,51.68,51.85,29904.0,51.763,179
2024-10-31 12:05:00-04:00,51.85,51.9,51.82,51.85,18240.0,51.857,137
2024-10-31 12:10:00-04:00,51.85,51.85,51.74,51.79,35334.0,51.798,235
2024-10-31 12:15:00-04:00,51.79,51.95,51.75,51.93,33651.0,51.833,204
2024-10-31 12:20:00-04:00,51.91,51.92,51.68,51.69,40913.0,51.836,227
2024-10-31 12:25:00-04:00,51.69,52.06,51.69,52.05,44769.0,51.877,233
2024-10-31 12:30:00-04:00,52.04,52.04,51.74,51.74,40143.0,51.959,273
2024-10-31 12:35:00-04:00,51.72,51.84,51.65,51.73,25634.0,51.762,202
2024-10-31 12:40:00-04:00,51.73,51.83,51.73,51.8,21806.0,51.803,137
2024-10-31 12:45:00-04:00,51.81,51.96,51.81,51.88,23218.0,51.896,170
2024-10-31 12:50:00-04:00,51.88,51.92,51.82,51.86,14772.0,51.881,116
2024-10-31 12:55:00-04:00,51.86,51.88,51.81,51.85,19280.0,51.841,142
2024-10-31 13:00:00-04:00,51.84,51.96,51.84,51.9,18159.0,51.914,141
2024-10-31 13:05:00-04:00,51.9,52.0,51.88,52.0,21969.0,51.935,158
2024-10-31 13:10:00-04:00,51.99,52.0,51.87,51.89,23498.0,51.958,147
2024-10-31 13:15:00-04:00,51.91,51.94,51.82,51.93,15496.0,51.895,105
2024-10-31 13:20:00-04:00,51.93,52.0,51.93,51.98,13936.0,51.968,90
2024-10-31 13:25:00-04:00,51.99,52.04,51.88,51.89,22135.0,51.981,158
2024-10-31 13:30:00-04:00,51.88,51.88,51.8,51.81,21239.0,51.851,124
2024-10-31 13:35:00-04:00,51.8,51.9,51.79,51.89,17820.0,51.851,142
2024-10-31 13:40:00-04:00,51.89,51.89,51.81,51.85,14331.0,51.855,107
2024-10-31 13:45:00-04:00,51.86,51.88,51.82,51.87,14796.0,51.851,101
2024-10-31 13:50:00-04:00,51.87,51.89,51.74,51.76,16330.0,51.8,127
2024-10-31 13:55:00-04:00,51.78,51.85,51.78,51.84,20216.0,51.83,106
2024-10-31 14:00:00-04:00,51.85,51.87,51.76,51.8,23615.0,51.827,143
2024-10-31 14:05:00-04:00,51.82,51.85,51.65,51.66,26536.0,51.741,148
2024-10-31 14:10:00-04:00,51.66,51.76,51.64,51.74,14730.0,51.717,116
2024-10-31 14:15:00-04:00,51.75,51.76,51.71,51.72,10979.0,51.738,90
2024-10-31 14:20:00-04:00,51.73,51.76,51.64,51.65,26316.0,51.706,145
2024-10-31 14:25:00-04:00,51.64,51.67,51.56,51.66,19506.0,51.605,151
2024-10-31 14:30:00-04:00,51.65,51.7,51.58,51.63,20298.0,51.641,157
2024-10-31 14:35:00-04:00,51.63,51.69,51.58,51.68,14181.0,51.627,115
2024-10-31 14:40:00-04:00,51.69,51.71,51.54,51.55,21210.0,51.632,145
2024-10-31 14:45:00-04:00,51.55,51.6,51.53,51.56,17208.0,51.559,123
2024-10-31 14:50:00-04:00,51.56,51.64,51.54,51.61,17335.0,51.592,147
2024-10-31 14:55:00-04:00,51.62,51.63,51.56,51.6,19167.0,51.605,159
2024-10-31 15:00:00-04:00,51.6,51.61,51.45,51.46,23470.0,51.492,149
2024-10-31 15:05:00-04:00,51.46,51.64,51.45,51.61,39832.0,51.518,185
2024-10-31 15:10:00-04:00,51.61,51.63,51.55,51.6,22860.0,51.598,196
2024-10-31 15:15:00-04:00,51.61,51.61,51.45,51.47,13733.0,51.514,100
2024-10-31 15:20:00-04:00,51.49,51.5,51.44,51.46,56000.0,51.458,259
2024-10-31 15:25:00-04:00,51.46,51.54,51.46,51.47,34957.0,51.494,215
2024-10-31 15:30:00-04:00,51.47,51.52,51.39,51.48,137452.0,51.452,520
2024-10-31 15:35:00-04:00,51.48,51.51,51.31,51.34,37075.0,51.418,259
2024-10-31 15:40:00-04:00,51.34,51.51,51.3,51.48,58818.0,51.403,377
2024-10-31 15:45:00-04:00,51.49,51.56,51.46,51.52,93533.0,51.517,507
2024-10-31 15:50:00-04:00,51.53,51.73,51.51,51.65,135810.0,51.639,889
2024-10-31 15:55:00-04:00,51.65,51.65,51.48,51.52,351028.0,51.566,2123
2024-11-01 09:30:00-04:00,50.99,50.99,50.55,50.78,104927.0,50.827,287
2024-11-01 09:35:00-04:00,50.81,51.08,50.78,51.08,33798.0,50.951,160
2024-11-01 09:40:00-04:00,51.07,51.21,51.03,51.06,37876.0,51.099,263
2024-11-01 09:45:00-04:00,51.08,51.24,51.05,51.24,25852.0,51.144,147
2024-11-01 09:50:00-04:00,51.23,51.24,51.06,51.11,15648.0,51.137,110
2024-11-01 09:55:00-04:00,51.11,51.12,50.93,51.12,20014.0,51.022,140
2024-11-01 10:00:00-04:00,51.2,51.24,51.1,51.12,18641.0,51.162,123
2024-11-01 10:05:00-04:00,51.14,51.14,50.99,51.05,16824.0,51.05,107
2024-11-01 10:10:00-04:00,51.05,51.25,51.04,51.12,30106.0,51.145,198
2024-11-01 10:15:00-04:00,51.12,51.22,51.09,51.09,30423.0,51.149,171
2024-11-01 10:20:00-04:00,51.11,51.15,50.95,50.96,16232.0,51.092,127
2024-11-01 10:25:00-04:00,50.96,51.03,50.95,51.01,22810.0,50.992,175
2024-11-01 10:30:00-04:00,51.02,51.02,50.61,50.71,30512.0,50.765,233
2024-11-01 10:35:00-04:00,50.72,50.75,50.54,50.57,16216.0,50.627,125
2024-11-01 10:40:00-04:00,50.57,50.74,50.57,50.72,14642.0,50.653,112
2024-11-01 10:45:00-04:00,50.72,50.74,50.58,50.66,15611.0,50.638,95
2024-11-01 10:50:00-04:00,50.66,50.66,50.53,50.59,16356.0,50.595,136
2024-11-01 10:55:00-04:00,50.59,50.73,50.59,50.72,13320.0,50.664,99
2024-11-01 11:00:00-04:00,50.7,50.83,50.69,50.8,34018.0,50.761,125
2024-11-01 11:05:00-04:00,50.8,50.85,50.78,50.82,11461.0,50.811,96
2024-11-01 11:10:00-04:00,50.82,50.94,50.82,50.92,11105.0,50.896,101
2024-11-01 11:15:00-04:00,50.91,50.94,50.86,50.91,24706.0,50.92,112
2024-11-01 11:20:00-04:00,50.93,51.0,50.87,50.98,12284.0,50.934,105
2024-11-01 11:25:00-04:00,50.98,51.06,50.97,51.05,6048.0,51.015,43
2024-11-01 11:30:00-04:00,51.07,51.11,51.03,51.07,14420.0,51.076,114
2024-11-01 11:35:00-04:00,51.06,51.07,50.93,50.94,13982.0,50.991,104
2024-11-01 11:40:00-04:00,50.94,50.97,50.9,50.94,9433.0,50.936,69
2024-11-01 11:45:00-04:00,50.94,50.97,50.91,50.91,9927.0,50.951,85
2024-11-01 11:50:00-04:00,50.91,51.04,50.88,51.03,19796.0,50.936,118
2024-11-01 11:55:00-04:00,51.04,51.07,50.99,51.07,10790.0,51.016,86
2024-11-01 12:00:00-04:00,51.06,51.11,51.04,51.06,14530.0,51.077,116
2024-11-01 12:05:00-04:00,51.06,51.11,51.02,51.1,12118.0,51.068,90
2024-11-01 12:10:00-04:00,51.09,51.12,51.03,51.11,15743.0,51.082,132
2024-11-01 12:15:00-04:00,51.11,51.11,50.95,51.05,59044.0,51.02,151
2024-11-01 12:20:00-04:00,51.04,51.05,50.95,50.97,11133.0,50.985,89
2024-11-01 12:25:00-04:00,50.97,50.99,50.94,50.97,5896.0,50.97,49
2024-11-01 12:30:00-04:00,50.98,51.0,50.95,50.98,21023.0,50.972,124
2024-11-01 12:35:00-04:00,50.97,50.97,50.89,50.96,23402.0,50.927,203
2024-11-01 12:40:00-04:00,50.95,50.95,50.89,50.91,8759.0,50.921,75
2024-11-01 12:45:00-04:00,50.91,50.95,50.87,50.89,19141.0,50.893,91
2024-11-01 12:50:00-04:00,50.88,50.99,50.87,50.98,10130.0,50.943,73
2024-11-01 12:55:00-04:00,50.99,51.07,50.99,51.06,7795.0,51.019,63
2024-11-01 13:00:00-04:00,51.06,51.15,51.06,51.12,12264.0,51.119,86
2024-11-01 13:05:00-04:00,51.13,51.15,51.03,51.05,11560.0,51.104,98
2024-11-01 13:10:00-04:00,51.05,51.12,51.04,51.11,7460.0,51.067,58
2024-11-01 13:15:00-04:00,51.12,51.14,51.11,51.14,7458.0,51.12,62
2024-11-01 13:20:00-04:00,51.15,51.2,51.15,51.2,6538.0,51.179,52
2024-11-01 13:25:00-04:00,51.2,51.23,51.17,51.19,11208.0,51.204,75
2024-11-01 13:30:00-04:00,51.18,51.18,51.0,51.01,13922.0,51.058,103
2024-11-01 13:35:00-04:00,51.0,51.04,50.98,51.01,24838.0,51.019,100
2024-11-01 13:40:00-04:00,51.01,51.06,50.99,51.06,2789.0,51.029,27
2024-11-01 13:45:00-04:00,51.07,51.07,51.0,51.02,6807.0,51.026,58
2024-11-01 13:50:00-04:00,51.02,51.13,51.01,51.13,8086.0,51.069,63
2024-11-01 13:55:00-04:00,51.12,51.13,51.09,51.09,15564.0,51.119,98
2024-11-01 14:00:00-04:00,51.07,51.18,51.06,51.18,11642.0,51.129,102
2024-11-01 14:05:00-04:00,51.19,51.19,51.05,51.06,10367.0,51.099,91
2024-11-01 14:10:00-04:00,51.05,51.05,51.01,51.03,12378.0,51.029,104
2024-11-01 14:15:00-04:00,51.02,51.08,50.98,51.03,23379.0,51.014,140
2024-11-01 14:20:00-04:00,51.03,51.1,51.02,51.1,9179.0,51.055,82
2024-11-01 14:25:00-04:00,51.11,51.12,51.06,51.12,12030.0,51.088,92
2024-11-01 14:30:00-04:00,51.11,51.15,51.09,51.1,13217.0,51.117,111
2024-11-01 14:35:00-04:00,51.1,51.12,51.08,51.11,8883.0,51.101,77
2024-11-01 14:40:00-04:00,51.1,51.19,51.1,51.17,17355.0,51.144,127
2024-11-01 14:45:00-04:00,51.18,51.21,51.12,51.14,6884.0,51.157,64
2024-11-01 14:50:00-04:00,51.15,51.19,51.15,51.18,12842.0,51.173,93
2024-11-01 14:55:00-04:00,51.19,51.22,51.17,51.21,29719.0,51.189,207
2024-11-01 15:00:00-04:00,51.21,51.23,51.17,51.2,16674.0,51.2,138
2024-11-01 15:05:00-04:00,51.2,51.23,51.18,51.19,30353.0,51.205,146
2024-11-01 15:10:00-04:00,51.19,51.23,51.18,51.23,13783.0,51.205,109
2024-11-01 15:15:00-04:00,51.23,51.3,51.22,51.28,13373.0,51.265,98
2024-11-01 15:20:00-04:00,51.27,51.31,51.22,51.25,17552.0,51.271,130
2024-11-01 15:25:00-04:00,51.26,51.28,51.23,51.26,23093.0,51.261,165
2024-11-01 15:30:00-04:00,51.26,51.3,51.2,51.3,29297.0,51.26,197
2024-11-01 15:35:00-04:00,51.3,51.38,51.27,51.38,65175.0,51.321,316
2024-11-01 15:40:00-04:00,51.38,51.51,51.37,51.46,88329.0,51.463,445
2024-11-01 15:45:00-04:00,51.46,51.51,51.42,51.5,102623.0,51.481,595
2024-11-01 15:50:00-04:00,51.49,51.52,51.41,51.47,242151.0,51.473,1022
2024-11-01 15:55:00-04:00,51.46,51.5,51.36,51.44,349290.0,51.439,1732
2024-11-04 09:30:00-05:00,51.42,51.78,51.31,51.78,70234.0,51.514,195
2024-11-04 09:35:00-05:00,51.8,51.98,51.56,51.61,68582.0,51.746,368
2024-11-04 09:40:00-05:00,51.6,51.64,51.45,51.46,54215.0,51.572,357
2024-11-04 09:45:00-05:00,51.44,51.45,51.32,51.33,32822.0,51.381,188
2024-11-04 09:50:00-05:00,51.34,51.43,51.2,51.43,27888.0,51.297,165
2024-11-04 09:55:00-05:00,51.42,51.7,51.42,51.7,128050.0,51.616,744
2024-11-04 10:00:00-05:00,51.68,51.73,51.51,51.66,57074.0,51.641,322
2024-11-04 10:05:00-05:00,51.66,51.73,51.51,51.66,46644.0,51.633,347
2024-11-04 10:10:00-05:00,51.67,51.67,51.52,51.58,56075.0,51.585,378
2024-11-04 10:15:00-05:00,51.55,51.6,51.43,51.58,88822.0,51.506,369
2024-11-04 10:20:00-05:00,51.57,51.69,51.56,51.68,118962.0,51.655,216
2024-11-04 10:25:00-05:00,51.68,51.69,51.5,51.58,23925.0,51.577,194
2024-11-04 10:30:00-05:00,51.58,51.65,51.5,51.51,29184.0,51.589,230
2024-11-04 10:35:00-05:00,51.51,51.63,51.51,51.55,27982.0,51.567,229
2024-11-04 10:40:00-05:00,51.58,51.65,51.54,51.65,26755.0,51.604,170
2024-11-04 10:45:00-05:00,51.67,51.71,51.6,51.7,62180.0,51.67,333
2024-11-04 10:50:00-05:00,51.71,51.79,51.68,51.69,50158.0,51.729,269
2024-11-04 10:55:00-05:00,51.69,51.7,51.6,51.66,20286.0,51.64,149
2024-11-04 11:00:00-05:00,51.66,51.67,51.52,51.59,19196.0,51.591,142
2024-11-04 11:05:00-05:00,51.59,51.62,51.55,51.6,26105.0,51.586,194
2024-11-04 11:10:00-05:00,51.61,51.65,51.57,51.58,35609.0,51.603,271
2024-11-04 11:15:00-05:00,51.59,51.68,51.55,51.57,56448.0,51.615,390
2024-11-04 11:20:00-05:00,51.59,51.62,51.53,51.61,49972.0,51.584,283
2024-11-04 11:25:00-05:00,51.61,51.63,51.57,51.6,51831.0,51.604,345
2024-11-04 11:30:00-05:00,51.58,51.61,51.55,51.59,68067.0,51.592,422
2024-11-04 11:35:00-05:00,51.58,51.6,51.52,51.56,45274.0,51.571,258
2024-11-04 11:40:00-05:00,51.54,51.55,51.37,51.43,27368.0,51.464,206
2024-11-04 11:45:00-05:00,51.44,51.49,51.41,51.47,18371.0,51.451,115
2024-11-04 11:50:00-05:00,51.45,51.51,51.4,51.45,18164.0,51.477,158
2024-11-04 11:55:00-05:00,51.43,51.5,51.43,51.48,12268.0,51.473,90
2024-11-04 12:00:00-05:00,51.49,51.5,51.48,51.5,10557.0,51.492,94
2024-11-04 12:05:00-05:00,51.49,51.51,51.46,51.5,18052.0,51.495,130
2024-11-04 12:10:00-05:00,51.5,51.61,51.5,51.6,17127.0,51.566,90
2024-11-04 12:15:00-05:00,51.6,51.62,51.57,51.6,14380.0,51.597,102
2024-11-04 12:20:00-05:00,51.64,51.68,51.63,51.67,17305.0,51.659,97
2024-11-04 12:25:00-05:00,51.66,51.74,51.66,51.73,12771.0,51.697,98
2024-11-04 12:30:00-05:00,51.73,51.78,51.72,51.78,8356.0,51.739,64
2024-11-04 12:35:00-05:00,51.78,51.84,51.76,51.84,23136.0,51.811,156
2024-11-04 12:40:00-05:00,51.84,51.85,51.81,51.83,13596.0,51.834,100
2024-11-04 12:45:00-05:00,51.82,51.82,51.69,51.77,8180.0,51.74,63
2024-11-04 12:50:00-05:00,51.77,51.77,51.72,51.73,7536.0,51.743,58
2024-11-04 12:55:00-05:00,51.73,51.74,51.63,51.63,19454.0,51.692,118
2024-11-04 13:00:00-05:00,51.64,51.65,51.59,51.61,18702.0,51.617,119
2024-11-04 13:05:00-05:00,51.61,51.62,51.57,51.62,16360.0,51.594,131
2024-11-04 13:10:00-05:00,51.62,51.63,51.57,51.57,13099.0,51.602,106
2024-11-04 13:15:00-05:00,51.58,51.6,51.57,51.59,15812.0,51.582,122
2024-11-04 13:20:00-05:00,51.58,51.6,51.55,51.58,16336.0,51.571,121
2024-11-04 13:25:00-05:00,51.58,51.71,51.57,51.63,18329.0,51.648,130
2024-11-04 13:30:00-05:00,51.63,51.64,51.58,51.59,11766.0,51.608,91
2024-11-04 13:35:00-05:00,51.6,51.6,51.57,51.59,7352.0,51.585,55
2024-11-04 13:40:00-05:00,51.6,51.63,51.58,51.59,8807.0,51.608,77
2024-11-04 13:45:00-05:00,51.59,51.62,51.58,51.59,6814.0,51.596,58
2024-11-04 13:50:00-05:00,51.59,51.61,51.57,51.58,8962.0,51.594,72
2024-11-04 13:55:00-05:00,51.58,51.6,51.57,51.58,11734.0,51.582,84
2024-11-04 14:00:00-05:00,51.58,51.59,51.56,51.59,19953.0,51.579,138
2024-11-04 14:05:00-05:00,51.59,51.61,51.56,51.59,11822.0,51.586,82
2024-11-04 14:10:00-05:00,51.58,51.63,51.57,51.61,8464.0,51.604,68
2024-11-04 14:15:00-05:00,51.62,51.73,51.6,51.72,14830.0,51.667,113
2024-11-04 14:20:00-05:00,51.72,51.8,51.72,51.76,64211.0,51.762,130
2024-11-04 14:25:00-05:00,51.75,51.78,51.69,51.69,8910.0,51.751,72
2024-11-04 14:30:00-05:00,51.68,51.97,51.65,51.97,69160.0,51.843,267
2024-11-04 14:35:00-05:00,51.94,51.99,51.86,51.92,34694.0,51.934,258
2024-11-04 14:40:00-05:00,51.91,51.92,51.82,51.83,10546.0,51.856,75
2024-11-04 14:45:00-05:00,51.82,51.85,51.79,51.8,9126.0,51.826,79
2024-11-04 14:50:00-05:00,51.8,51.8,51.73,51.77,8886.0,51.78,77
2024-11-04 14:55:00-05:00,51.77,51.78,51.75,51.76,9576.0,51.767,83
2024-11-04 15:00:00-05:00,51.73,51.73,51.68,51.71,15161.0,51.706,116
2024-11-04 15:05:00-05:00,51.7,51.81,51.69,51.8,21123.0,51.766,146
2024-11-04 15:10:00-05:00,51.79,51.8,51.74,51.74,7245.0,51.781,58
2024-11-04 15:15:00-05:00,51.74,51.75,51.7,51.73,14102.0,51.721,119
2024-11-04 15:20:00-05:00,51.74,51.74,51.69,51.69,20876.0,51.709,166
2024-11-04 15:25:00-05:00,51.69,51.7,51.63,51.63,16164.0,51.67,124
2024-11-04 15:30:00-05:00,51.62,51.62,51.56,51.62,22538.0,51.593,166
2024-11-04 15:35:00-05:00,51.62,51.65,51.59,51.63,20956.0,51.61,158
2024-11-04 15:40:00-05:00,51.64,51.72,51.63,51.67,20160.0,51.673,173
2024-11-04 15:45:00-05:00,51.67,51.68,51.56,51.64,50060.0,51.601,380
2024-11-04 15:50:00-05:00,51.63,51.72,51.62,51.68,58862.0,51.67,434
2024-11-04 15:55:00-05:00,51.69,51.76,51.57,51.76,289675.0,51.677,1186
2024-11-05 09:30:00-05:00,51.73,52.02,51.65,51.89,108387.0,51.862,428
2024-11-05 09:35:00-05:00,51.9,51.9,51.78,51.88,29419.0,51.828,200
2024-11-05 09:40:00-05:00,51.88,51.93,51.82,51.91,20454.0,51.879,160
2024-11-05 09:45:00-05:00,51.92,51.98,51.87,51.98,61240.0,51.935,290
2024-11-05 09:50:00-05:00,51.96,52.14,51.88,52.14,37662.0,51.962,255
2024-11-05 09:55:00-05:00,52.15,52.35,52.14,52.33,29414.0,52.237,191
2024-11-05 10:00:00-05:00,52.31,52.51,52.31,52.47,44405.0,52.409,295
2024-11-05 10:05:00-05:00,52.48,52.5,52.35,52.39,52283.0,52.399,279
2024-11-05 10:10:00-05:00,52.39,52.54,52.37,52.51,58332.0,52.43,334
2024-11-05 10:15:00-05:00,52.52,52.62,52.48,52.54,27086.0,52.537,208
2024-11-05 10:20:00-05:00,52.53,52.56,52.44,52.51,17595.0,52.509,143
2024-11-05 10:25:00-05:00,52.52,52.53,52.43,52.44,15526.0,52.469,133
2024-11-05 10:30:00-05:00,52.45,52.5,52.42,52.48,18695.0,52.465,154
2024-11-05 10:35:00-05:00,52.5,52.66,52.5,52.61,18386.0,52.588,144
2024-11-05 10:40:00-05:00,52.6,52.61,52.5,52.54,23665.0,52.554,152
2024-11-05 10:45:00-05:00,52.55,52.61,52.48,52.48,30543.0,52.575,226
2024-11-05 10:50:00-05:00,52.47,52.62,52.45,52.62,49447.0,52.53,255
2024-11-05 10:55:00-05:00,52.6,52.62,52.47,52.52,49699.0,52.527,323
2024-11-05 11:00:00-05:00,52.51,52.6,52.48,52.55,24002.0,52.53,151
2024-11-05 11:05:00-05:00,52.55,52.62,52.53,52.56,18089.0,52.565,152
2024-11-05 11:10:00-05:00,52.55,52.6,52.53,52.55,36778.0,52.557,176
2024-11-05 11:15:00-05:00,52.54,52.56,52.39,52.49,58134.0,52.465,331
2024-11-05 11:20:00-05:00,52.49,52.5,52.29,52.35,60590.0,52.437,427
2024-11-05 11:25:00-05:00,52.33,52.36,52.18,52.29,57465.0,52.256,263
2024-11-05 11:30:00-05:00,52.29,52.34,52.28,52.31,27437.0,52.302,172
2024-11-05 11:35:00-05:00,52.33,52.49,52.3,52.48,53974.0,52.425,234
2024-11-05 11:40:00-05:00,52.48,52.53,52.43,52.52,15545.0,52.475,127
2024-11-05 11:45:00-05:00,52.53,52.58,52.45,52.58,11903.0,52.516,67
2024-11-05 11:50:00-05:00,52.57,52.6,52.55,52.6,8526.0,52.578,79
2024-11-05 11:55:00-05:00,52.59,52.59,52.53,52.54,9451.0,52.556,82
2024-11-05 12:00:00-05:00,52.54,52.54,52.43,52.5,10688.0,52.49,95
2024-11-05 12:05:00-05:00,52.51,52.56,52.49,52.5,15237.0,52.517,135
2024-11-05 12:10:00-05:00,52.48,52.5,52.41,52.5,12254.0,52.46,89
2024-11-05 12:15:00-05:00,52.5,52.52,52.44,52.45,13148.0,52.493,122
2024-11-05 12:20:00-05:00,52.43,52.44,52.38,52.42,8743.0,52.409,82
2024-11-05 12:25:00-05:00,52.42,52.42,52.29,52.33,8583.0,52.345,78
2024-11-05 12:30:00-05:00,52.34,52.36,52.32,52.34,9592.0,52.341,86
2024-11-05 12:35:00-05:00,52.34,52.34,52.31,52.32,5679.0,52.323,45
2024-11-05 12:40:00-05:00,52.32,52.49,52.31,52.44,20687.0,52.399,81
2024-11-05 12:45:00-05:00,52.43,52.45,52.4,52.43,8480.0,52.426,74
2024-11-05 12:50:00-05:00,52.42,52.46,52.4,52.43,9547.0,52.429,70
2024-11-05 12:55:00-05:00,52.42,52.44,52.34,52.37,7883.0,52.387,68
2024-11-05 13:00:00-05:00,52.37,52.44,52.36,52.44,6015.0,52.395,50
2024-11-05 13:05:00-05:00,52.43,52.43,52.29,52.36,16567.0,52.353,128
2024-11-05 13:10:00-05:00,52.36,52.37,52.28,52.34,13404.0,52.325,84
2024-11-05 13:15:00-05:00,52.3,52.36,52.29,52.3,14430.0,52.325,107
2024-11-05 13:20:00-05:00,52.29,52.29,52.23,52.26,25278.0,52.254,93
2024-11-05 13:25:00-05:00,52.27,52.4,52.26,52.37,32848.0,52.338,115
2024-11-05 13:30:00-05:00,52.37,52.37,52.17,52.18,22767.0,52.317,125
2024-11-05 13:35:00-05:00,52.17,52.23,52.12,52.14,8440.0,52.171,72
2024-11-05 13:40:00-05:00,52.18,52.21,52.1,52.11,8408.0,52.177,74
2024-11-05 13:45:00-05:00,52.11,52.14,52.02,52.08,10949.0,52.088,82
2024-11-05 13:50:00-05:00,52.06,52.08,51.96,52.02,11766.0,52.013,103
2024-11-05 13:55:00-05:00,52.03,52.05,52.0,52.01,11500.0,52.027,90
2024-11-05 14:00:00-05:00,52.02,52.08,52.0,52.08,44455.0,52.009,110
2024-11-05 14:05:00-05:00,52.08,52.08,52.0,52.05,10193.0,52.028,66
2024-11-05 14:10:00-05:00,52.06,52.08,52.02,52.02,8195.0,52.057,61
2024-11-05 14:15:00-05:00,52.02,52.03,51.99,52.0,6122.0,52.007,54
2024-11-05 14:20:00-05:00,51.99,52.01,51.9,51.91,7793.0,51.975,70
2024-11-05 14:25:00-05:00,51.89,52.01,51.89,51.92,14032.0,51.948,104
2024-11-05 14:30:00-05:00,51.94,51.94,51.89,51.92,8375.0,51.911,54
2024-11-05 14:35:00-05:00,51.93,51.98,51.9,51.95,11791.0,51.937,92
2024-11-05 14:40:00-05:00,51.95,51.96,51.83,51.87,9123.0,51.88,62
2024-11-05 14:45:00-05:00,51.87,51.93,51.83,51.85,9281.0,51.883,81
2024-11-05 14:50:00-05:00,51.82,51.86,51.8,51.83,7627.0,51.83,63
2024-11-05 14:55:00-05:00,51.84,51.97,51.78,51.92,24620.0,51.881,176
2024-11-05 15:00:00-05:00,51.91,51.97,51.91,51.94,11954.0,51.939,94
2024-11-05 15:05:00-05:00,51.94,51.99,51.92,51.98,11927.0,51.957,94
2024-11-05 15:10:00-05:00,51.98,52.03,51.93,51.98,16314.0,51.978,122
2024-11-05 15:15:00-05:00,51.98,51.98,51.85,51.9,9795.0,51.913,84
2024-11-05 15:20:00-05:00,51.9,51.9,51.82,51.83,8444.0,51.851,75
2024-11-05 15:25:00-05:00,51.84,51.85,51.79,51.85,17134.0,51.821,117
2024-11-05 15:30:00-05:00,51.85,51.92,51.8,51.88,18418.0,51.848,147
2024-11-05 15:35:00-05:00,51.88,51.97,51.85,51.95,15170.0,51.895,134
2024-11-05 15:40:00-05:00,51.95,51.98,51.9,51.98,23398.0,51.937,157
2024-11-05 15:45:00-05:00,51.98,52.01,51.92,51.99,36347.0,51.972,248
2024-11-05 15:50:00-05:00,51.97,51.98,51.78,51.81,80070.0,51.851,510
2024-11-05 15:55:00-05:00,51.82,51.96,51.77,51.83,415919.0,51.861,2006
2024-11-06 09:30:00-05:00,53.6,54.32,53.04,53.13,247023.0,53.649,791
2024-11-06 09:35:00-05:00,53.16,53.26,52.95,53.14,45342.0,53.081,273
2024-11-06 09:40:00-05:00,53.14,53.17,52.58,52.59,21959.0,52.893,154
2024-11-06 09:45:00-05:00,52.55,52.64,52.45,52.47,17923.0,52.535,127
2024-11-06 09:50:00-05:00,52.42,52.61,52.36,52.48,58643.0,52.455,148
2024-11-06 09:55:00-05:00,52.48,52.56,52.37,52.45,19393.0,52.454,145
2024-11-06 10:00:00-05:00,52.5,52.62,52.42,52.55,13695.0,52.533,115
2024-11-06 10:05:00-05:00,52.54,52.72,52.53,52.72,27024.0,52.61,149
2024-11-06 10:10:00-05:00,52.71,52.78,52.51,52.62,36750.0,52.653,265
2024-11-06 10:15:00-05:00,52.64,52.87,52.63,52.73,17108.0,52.767,142
2024-11-06 10:20:00-05:00,52.71,52.82,52.69,52.77,21404.0,52.753,167
2024-11-06 10:25:00-05:00,52.76,52.81,52.69,52.8,16511.0,52.755,137
2024-11-06 10:30:00-05:00,52.78,52.84,52.68,52.81,20372.0,52.774,141
2024-11-06 10:35:00-05:00,52.8,52.8,52.49,52.58,18324.0,52.62,144
2024-11-06 10:40:00-05:00,52.56,52.61,52.51,52.57,20579.0,52.557,151
2024-11-06 10:45:00-05:00,52.6,52.72,52.59,52.7,19071.0,52.674,142
2024-11-06 10:50:00-05:00,52.68,52.71,52.53,52.55,26433.0,52.635,192
2024-11-06 10:55:00-05:00,52.55,52.61,52.35,52.39,77081.0,52.549,134
2024-11-06 11:00:00-05:00,52.37,52.39,52.15,52.16,10884.0,52.253,92
2024-11-06 11:05:00-05:00,52.06,52.17,51.99,52.12,34886.0,52.08,223
2024-11-06 11:10:00-05:00,52.14,52.17,52.0,52.11,18220.0,52.088,142
2024-11-06 11:15:00-05:00,52.12,52.34,52.08,52.22,29657.0,52.234,188
2024-11-06 11:20:00-05:00,52.21,52.27,52.1,52.27,17183.0,52.181,135
2024-11-06 11:25:00-05:00,52.27,52.48,52.26,52.48,12172.0,52.379,85
2024-11-06 11:30:00-05:00,52.46,52.54,52.37,52.5,31838.0,52.433,254
2024-11-06 11:35:00-05:00,52.5,52.63,52.44,52.61,32265.0,52.522,152
2024-11-06 11:40:00-05:00,52.62,52.75,52.61,52.73,36523.0,52.676,126
2024-11-06 11:45:00-05:00,52.73,52.87,52.73,52.78,17691.0,52.779,71
2024-11-06 11:50:00-05:00,52.79,52.82,52.67,52.82,20486.0,52.765,121
2024-11-06 11:55:00-05:00,52.83,52.86,52.77,52.86,8041.0,52.836,57
2024-11-06 12:00:00-05:00,52.89,52.98,52.78,52.98,23076.0,52.837,129
2024-11-06 12:05:00-05:00,52.99,53.01,52.96,52.99,13565.0,52.989,88
2024-11-06 12:10:00-05:00,53.0,53.11,53.0,53.08,13289.0,53.058,105
2024-11-06 12:15:00-05:00,53.06,53.07,52.97,52.99,10147.0,53.025,89
2024-11-06 12:20:00-05:00,52.98,52.99,52.9,52.94,14513.0,52.921,74
2024-11-06 12:25:00-05:00,52.93,52.95,52.8,52.89,12311.0,52.889,91
2024-11-06 12:30:00-05:00,52.87,53.07,52.85,53.07,12772.0,52.982,101
2024-11-06 12:35:00-05:00,53.07,53.09,52.92,52.93,11584.0,53.014,106
2024-11-06 12:40:00-05:00,52.94,52.98,52.87,52.89,9312.0,52.941,80
2024-11-06 12:45:00-05:00,52.89,52.91,52.85,52.86,8184.0,52.879,64
2024-11-06 12:50:00-05:00,52.87,52.99,52.85,52.92,6187.0,52.904,48
2024-11-06 12:55:00-05:00,52.89,52.9,52.8,52.86,15829.0,52.852,87
2024-11-06 13:00:00-05:00,52.86,53.0,52.86,52.97,7168.0,52.927,56
2024-11-06 13:05:00-05:00,52.97,53.03,52.86,52.97,12161.0,52.924,89
2024-11-06 13:10:00-05:00,53.01,53.06,53.0,53.02,7525.0,53.026,70
2024-11-06 13:15:00-05:00,53.0,53.01,52.93,53.0,9046.0,52.967,77
2024-11-06 13:20:00-05:00,53.02,53.02,52.93,52.97,6814.0,52.981,62
2024-11-06 13:25:00-05:00,52.97,53.12,52.96,53.11,16237.0,53.014,113
2024-11-06 13:30:00-05:00,53.12,53.23,53.05,53.05,23260.0,53.146,179
2024-11-06 13:35:00-05:00,53.04,53.04,52.98,53.02,11007.0,53.008,100
2024-11-06 13:40:00-05:00,53.03,53.06,53.0,53.01,12054.0,53.036,93
2024-11-06 13:45:00-05:00,53.0,53.04,52.96,52.99,18607.0,52.99,105
2024-11-06 13:50:00-05:00,52.99,53.0,52.94,52.97,17478.0,52.965,108
2024-11-06 13:55:00-05:00,52.98,52.98,52.87,52.94,19501.0,52.926,117
2024-11-06 14:00:00-05:00,52.93,52.94,52.89,52.9,15731.0,52.916,129
2024-11-06 14:05:00-05:00,52.9,52.9,52.79,52.9,17803.0,52.865,125
2024-11-06 14:10:00-05:00,52.9,52.92,52.84,52.9,16841.0,52.893,134
2024-11-06 14:15:00-05:00,52.89,52.92,52.84,52.91,24089.0,52.878,159
2024-11-06 14:20:00-05:00,52.92,52.94,52.89,52.91,16947.0,52.918,140
2024-11-06 14:25:00-05:00,52.91,52.96,52.9,52.92,28202.0,52.94,186
2024-11-06 14:30:00-05:00,52.91,52.98,52.91,52.94,30115.0,52.946,202
2024-11-06 14:35:00-05:00,52.95,52.96,52.88,52.88,18959.0,52.933,149
2024-11-06 14:40:00-05:00,52.88,52.96,52.88,52.95,23209.0,52.923,164
2024-11-06 14:45:00-05:00,52.95,52.95,52.84,52.85,10224.0,52.906,92
2024-11-06 14:50:00-05:00,52.85,52.87,52.76,52.82,18993.0,52.829,156
2024-11-06 14:55:00-05:00,52.81,52.95,52.81,52.93,20386.0,52.894,166
2024-11-06 15:00:00-05:00,52.94,53.01,52.92,52.93,17812.0,52.962,144
2024-11-06 15:05:00-05:00,52.92,53.02,52.91,53.02,14279.0,52.97,109
2024-11-06 15:10:00-05:00,53.03,53.08,53.0,53.08,14772.0,53.041,120
2024-11-06 15:15:00-05:00,53.08,53.17,53.06,53.11,23097.0,53.121,170
2024-11-06 15:20:00-05:00,53.11,53.19,53.09,53.18,31508.0,53.15,206
2024-11-06 15:25:00-05:00,53.19,53.24,53.19,53.23,24139.0,53.225,132
2024-11-06 15:30:00-05:00,53.23,53.25,53.18,53.22,23352.0,53.225,175
2024-11-06 15:35:00-05:00,53.23,53.27,53.14,53.15,34419.0,53.233,243
2024-11-06 15:40:00-05:00,53.15,53.32,53.15,53.32,42538.0,53.265,301
2024-11-06 15:45:00-05:00,53.31,53.33,53.27,53.31,43982.0,53.296,319
2024-11-06 15:50:00-05:00,53.31,53.32,53.15,53.19,83697.0,53.218,594
2024-11-06 15:55:00-05:00,53.2,53.3,53.1,53.22,311690.0,53.182,1435
2024-11-07 09:30:00-05:00,52.85,53.12,52.8,52.9,131449.0,52.969,264
2024-11-07 09:35:00-05:00,52.9,53.12,52.83,52.96,84201.0,52.984,247
2024-11-07 09:40:00-05:00,52.94,53.2,52.94,53.05,16867.0,53.105,97
2024-11-07 09:45:00-05:00,53.02,53.13,52.98,53.06,10268.0,53.046,76
2024-11-07 09:50:00-05:00,53.07,53.17,52.93,52.99,20302.0,53.07,107
2024-11-07 09:55:00-05:00,52.97,53.0,52.81,52.81,14064.0,52.895,101
2024-11-07 10:00:00-05:00,52.86,53.04,52.86,52.9,13056.0,52.947,90
2024-11-07 10:05:00-05:00,52.9,53.0,52.84,52.98,10127.0,52.925,60
2024-11-07 10:10:00-05:00,53.0,53.04,52.91,52.97,6245.0,52.981,38
2024-11-07 10:15:00-05:00,52.97,53.19,52.96,53.19,72891.0,53.12,191
2024-11-07 10:20:00-05:00,53.17,53.19,53.09,53.14,61312.0,53.122,189
2024-11-07 10:25:00-05:00,53.15,53.17,53.1,53.14,14788.0,53.136,102
2024-11-07 10:30:00-05:00,53.15,53.27,53.13,53.25,20401.0,53.204,113
2024-11-07 10:35:00-05:00,53.24,53.32,53.22,53.27,38808.0,53.292,91
2024-11-07 10:40:00-05:00,53.28,53.4,53.23,53.33,51747.0,53.313,209
2024-11-07 10:45:00-05:00,53.32,53.44,53.32,53.44,12907.0,53.397,84
2024-11-07 10:50:00-05:00,53.46,53.52,53.39,53.47,23010.0,53.461,128
2024-11-07 10:55:00-05:00,53.51,53.51,53.34,53.34,13354.0,53.419,86
2024-11-07 11:00:00-05:00,53.37,53.38,53.19,53.19,12027.0,53.307,69
2024-11-07 11:05:00-05:00,53.21,53.26,53.16,53.21,14925.0,53.207,86
2024-11-07 11:10:00-05:00,53.21,53.27,53.2,53.27,7858.0,53.233,50
2024-11-07 11:15:00-05:00,53.28,53.3,53.21,53.27,14776.0,53.258,105
2024-11-07 11:20:00-05:00,53.28,53.34,53.25,53.3,22975.0,53.295,151
2024-11-07 11:25:00-05:00,53.3,53.33,53.25,53.31,18269.0,53.289,131
2024-11-07 11:30:00-05:00,53.3,53.33,53.13,53.18,57613.0,53.233,389
2024-11-07 11:35:00-05:00,53.18,53.22,53.15,53.2,18526.0,53.188,136
2024-11-07 11:40:00-05:00,53.21,53.21,53.16,53.19,5708.0,53.184,47
2024-11-07 11:45:00-05:00,53.2,53.23,53.13,53.16,10397.0,53.182,71
2024-11-07 11:50:00-05:00,53.17,53.2,53.14,53.19,10598.0,53.173,75
2024-11-07 11:55:00-05:00,53.19,53.19,53.12,53.12,4352.0,53.165,38
2024-11-07 12:00:00-05:00,53.13,53.15,53.09,53.09,10239.0,53.116,90
2024-11-07 12:05:00-05:00,53.1,53.22,53.09,53.22,9464.0,53.135,69
2024-11-07 12:10:00-05:00,53.2,53.31,53.2,53.27,10315.0,53.254,54
2024-11-07 12:15:00-05:00,53.23,53.29,53.23,53.24,7305.0,53.256,44
2024-11-07 12:20:00-05:00,53.24,53.25,53.21,53.23,5815.0,53.232,44
2024-11-07 12:25:00-05:00,53.25,53.26,53.23,53.25,7880.0,53.239,54
2024-11-07 12:30:00-05:00,53.25,53.27,53.18,53.18,9800.0,53.247,63
2024-11-07 12:35:00-05:00,53.19,53.2,53.17,53.18,4036.0,53.181,34
2024-11-07 12:40:00-05:00,53.18,53.2,53.17,53.18,3171.0,53.187,23
2024-11-07 12:45:00-05:00,53.18,53.26,53.17,53.23,4620.0,53.22,39
2024-11-07 12:50:00-05:00,53.23,53.26,53.22,53.26,6047.0,53.241,43
2024-11-07 12:55:00-05:00,53.25,53.4,53.24,53.39,19005.0,53.313,96
2024-11-07 13:00:00-05:00,53.37,53.39,53.36,53.38,2880.0,53.375,28
2024-11-07 13:05:00-05:00,53.39,53.42,53.37,53.4,6451.0,53.397,45
2024-11-07 13:10:00-05:00,53.41,53.41,53.34,53.39,9142.0,53.371,57
2024-11-07 13:15:00-05:00,53.4,53.4,53.24,53.26,7152.0,53.336,54
2024-11-07 13:20:00-05:00,53.26,53.32,53.26,53.32,5910.0,53.294,40
2024-11-07 13:25:00-05:00,53.35,53.37,53.31,53.31,4778.0,53.338,40
2024-11-07 13:30:00-05:00,53.32,53.32,53.27,53.32,5695.0,53.295,44
2024-11-07 13:35:00-05:00,53.3,53.3,53.2,53.25,8601.0,53.245,58
2024-11-07 13:40:00-05:00,53.23,53.34,53.2,53.31,22057.0,53.23,54
2024-11-07 13:45:00-05:00,53.36,53.39,53.23,53.25,6728.0,53.303,48
2024-11-07 13:50:00-05:00,53.26,53.3,53.25,53.28,6957.0,53.269,45
2024-11-07 13:55:00-05:00,53.29,53.34,53.27,53.3,8325.0,53.299,49
2024-11-07 14:00:00-05:00,53.3,53.35,53.19,53.22,5748.0,53.252,51
2024-11-07 14:05:00-05:00,53.21,53.27,53.19,53.25,4959.0,53.236,43
2024-11-07 14:10:00-05:00,53.27,53.27,53.2,53.22,9075.0,53.245,65
2024-11-07 14:15:00-05:00,53.22,53.24,53.18,53.18,6706.0,53.21,46
2024-11-07 14:20:00-05:00,53.19,53.21,53.12,53.2,7677.0,53.165,54
2024-11-07 14:25:00-05:00,53.21,53.29,53.21,53.23,9252.0,53.244,52
2024-11-07 14:30:00-05:00,53.23,53.37,53.23,53.37,16598.0,53.305,91
2024-11-07 14:35:00-05:00,53.37,53.41,53.35,53.35,10121.0,53.371,75
2024-11-07 14:40:00-05:00,53.35,53.41,53.34,53.4,22585.0,53.358,149
2024-11-07 14:45:00-05:00,53.4,53.51,53.35,53.48,29611.0,53.424,149
2024-11-07 14:50:00-05:00,53.48,53.53,53.45,53.5,18248.0,53.498,117
2024-11-07 14:55:00-05:00,53.51,53.58,53.49,53.58,6820.0,53.529,45
2024-11-07 15:00:00-05:00,53.56,53.6,53.53,53.57,8492.0,53.567,66
2024-11-07 15:05:00-05:00,53.57,53.62,53.57,53.6,19223.0,53.594,112
2024-11-07 15:10:00-05:00,53.6,53.66,53.59,53.63,14270.0,53.626,118
2024-11-07 15:15:00-05:00,53.64,53.67,53.61,53.62,8137.0,53.64,67
2024-11-07 15:20:00-05:00,53.61,53.68,53.6,53.68,34264.0,53.632,196
2024-11-07 15:25:00-05:00,53.68,53.7,53.66,53.66,13612.0,53.68,101
2024-11-07 15:30:00-05:00,53.67,53.74,53.67,53.73,19079.0,53.708,129
2024-11-07 15:35:00-05:00,53.73,53.74,53.49,53.49,48985.0,53.668,245
2024-11-07 15:40:00-05:00,53.48,53.55,53.4,53.49,45428.0,53.443,287
2024-11-07 15:45:00-05:00,53.51,53.59,53.49,53.58,21539.0,53.551,156
2024-11-07 15:50:00-05:00,53.55,53.6,53.45,53.57,61950.0,53.528,441
2024-11-07 15:55:00-05:00,53.57,53.64,53.44,53.46,305180.0,53.525,1475
2024-11-08 09:30:00-05:00,52.79,52.98,52.74,52.86,52011.0,52.819,104
2024-11-08 09:35:00-05:00,52.85,53.05,52.76,52.77,18719.0,52.93,100
2024-11-08 09:40:00-05:00,52.79,52.99,52.74,52.91,25471.0,52.829,126
2024-11-08 09:45:00-05:00,52.91,53.13,52.87,53.05,16209.0,53.01,91
2024-11-08 09:50:00-05:00,53.02,53.02,52.79,52.86,16859.0,52.922,114
2024-11-08 09:55:00-05:00,52.84,52.91,52.77,52.8,160834.0,52.793,80
2024-11-08 10:00:00-05:00,52.8,52.83,52.64,52.7,98996.0,52.795,133
2024-11-08 10:05:00-05:00,52.68,52.7,52.53,52.65,8981.0,52.65,44
2024-11-08 10:10:00-05:00,52.65,52.82,52.61,52.73,17384.0,52.719,77
2024-11-08 10:15:00-05:00,52.73,52.77,52.61,52.61,28973.0,52.721,42
2024-11-08 10:20:00-05:00,52.66,52.75,52.66,52.7,27655.0,52.704,87
2024-11-08 10:25:00-05:00,52.72,52.77,52.64,52.77,12852.0,52.695,85
2024-11-08 10:30:00-05:00,52.76,52.82,52.69,52.8,37756.0,52.772,193
2024-11-08 10:35:00-05:00,52.8,52.8,52.7,52.72,12321.0,52.746,86
2024-11-08 10:40:00-05:00,52.73,52.76,52.72,52.73,6728.0,52.74,60
2024-11-08 10:45:00-05:00,52.72,52.76,52.68,52.69,5931.0,52.72,52
2024-11-08 10:50:00-05:00,52.69,52.69,52.55,52.58,38897.0,52.644,103
2024-11-08 10:55:00-05:00,52.58,52.61,52.55,52.58,6521.0,52.587,53
2024-11-08 11:00:00-05:00,52.59,52.59,52.52,52.54,13660.0,52.566,48
2024-11-08 11:05:00-05:00,52.52,52.52,52.45,52.48,10471.0,52.485,73
2024-11-08 11:10:00-05:00,52.47,52.51,52.44,52.48,18761.0,52.483,94
2024-11-08 11:15:00-05:00,52.46,52.46,52.17,52.22,17118.0,52.271,93
2024-11-08 11:20:00-05:00,52.25,52.25,52.11,52.21,125875.0,52.174,163
2024-11-08 11:25:00-05:00,52.2,52.2,52.11,52.17,14277.0,52.164,111
2024-11-08 11:30:00-05:00,52.17,52.18,52.02,52.11,51503.0,52.084,337
2024-11-08 11:35:00-05:00,52.12,52.12,52.0,52.09,12555.0,52.062,91
2024-11-08 11:40:00-05:00,52.1,52.11,52.07,52.08,9555.0,52.093,74
2024-11-08 11:45:00-05:00,52.08,52.22,52.07,52.22,4316.0,52.127,35
2024-11-08 11:50:00-05:00,52.22,52.25,52.17,52.24,7321.0,52.211,62
2024-11-08 11:55:00-05:00,52.24,52.25,52.19,52.23,38223.0,52.22,87
2024-11-08 12:00:00-05:00,52.23,52.26,52.19,52.21,6013.0,52.229,56
2024-11-08 12:05:00-05:00,52.2,52.23,52.18,52.18,5659.0,52.198,42
2024-11-08 12:10:00-05:00,52.19,52.23,52.19,52.2,6188.0,52.205,48
2024-11-08 12:15:00-05:00,52.2,52.25,52.19,52.25,4491.0,52.22,30
2024-11-08 12:20:00-05:00,52.25,52.32,52.25,52.29,5517.0,52.287,50
2024-11-08 12:25:00-05:00,52.3,52.32,52.26,52.27,9799.0,52.283,37
2024-11-08 12:30:00-05:00,52.25,52.36,52.2,52.35,7125.0,52.239,44
2024-11-08 12:35:00-05:00,52.34,52.39,52.34,52.36,10786.0,52.377,42
2024-11-08 12:40:00-05:00,52.35,52.35,52.31,52.32,2397.0,52.329,23
2024-11-08 12:45:00-05:00,52.3,52.36,52.27,52.36,5209.0,52.317,44
2024-11-08 12:50:00-05:00,52.36,52.42,52.34,52.39,57088.0,52.382,71
2024-11-08 12:55:00-05:00,52.4,52.4,52.33,52.35,2866.0,52.354,25
2024-11-08 13:00:00-05:00,52.37,52.37,52.31,52.35,2741.0,52.341,25
2024-11-08 13:05:00-05:00,52.38,52.38,52.33,52.33,2611.0,52.357,22
2024-11-08 13:10:00-05:00,52.34,52.34,52.25,52.26,2714.0,52.273,23
2024-11-08 13:15:00-05:00,52.27,52.27,52.21,52.23,3787.0,52.238,32
2024-11-08 13:20:00-05:00,52.24,52.25,52.22,52.22,10907.0,52.238,44
2024-11-08 13:25:00-05:00,52.23,52.26,52.21,52.25,11462.0,52.229,63
2024-11-08 13:30:00-05:00,52.23,52.3,52.22,52.28,6277.0,52.262,54
2024-11-08 13:35:00-05:00,52.27,52.37,52.24,52.37,5940.0,52.32,43
2024-11-08 13:40:00-05:00,52.37,52.38,52.35,52.36,3298.0,52.363,22
2024-11-08 13:45:00-05:00,52.36,52.41,52.36,52.39,5802.0,52.388,45
2024-11-08 13:50:00-05:00,52.4,52.42,52.38,52.39,5669.0,52.398,47
2024-11-08 13:55:00-05:00,52.4,52.44,52.38,52.44,5068.0,52.409,41
2024-11-08 14:00:00-05:00,52.42,52.42,52.38,52.39,4501.0,52.397,31
2024-11-08 14:05:00-05:00,52.4,52.45,52.32,52.34,103806.0,52.402,84
2024-11-08 14:10:00-05:00,52.33,52.34,52.19,52.23,8036.0,52.236,57
2024-11-08 14:15:00-05:00,52.23,52.28,52.2,52.24,7053.0,52.244,52
2024-11-08 14:20:00-05:00,52.24,52.28,52.23,52.24,4218.0,52.249,28
2024-11-08 14:25:00-05:00,52.25,52.26,52.22,52.25,5515.0,52.241,38
2024-11-08 14:30:00-05:00,52.26,52.34,52.26,52.34,6733.0,52.298,48
2024-11-08 14:35:00-05:00,52.36,52.43,52.35,52.39,54927.0,52.404,72
2024-11-08 14:40:00-05:00,52.37,52.4,52.34,52.4,11065.0,52.378,72
2024-11-08 14:45:00-05:00,52.4,52.43,52.38,52.41,33308.0,52.403,140
2024-11-08 14:50:00-05:00,52.4,52.44,52.38,52.41,13575.0,52.401,106
2024-11-08 14:55:00-05:00,52.4,52.43,52.38,52.39,8949.0,52.402,53
2024-11-08 15:00:00-05:00,52.39,52.39,52.34,52.38,9176.0,52.368,64
2024-11-08 15:05:00-05:00,52.38,52.38,52.21,52.25,11630.0,52.283,77
2024-11-08 15:10:00-05:00,52.2,52.23,52.16,52.19,9786.0,52.188,78
2024-11-08 15:15:00-05:00,52.18,52.2,52.14,52.2,7199.0,52.17,58
2024-11-08 15:20:00-05:00,52.19,52.21,52.16,52.18,6611.0,52.184,55
2024-11-08 15:25:00-05:00,52.19,52.2,52.12,52.14,10916.0,52.166,93
2024-11-08 15:30:00-05:00,52.14,52.17,52.07,52.16,12956.0,52.126,109
2024-11-08 15:35:00-05:00,52.16,52.22,52.15,52.2,17072.0,52.185,138
2024-11-08 15:40:00-05:00,52.2,52.28,52.19,52.26,22113.0,52.234,182
2024-11-08 15:45:00-05:00,52.26,52.3,52.2,52.3,26016.0,52.245,194
2024-11-08 15:50:00-05:00,52.29,52.4,52.26,52.36,50056.0,52.336,408
2024-11-08 15:55:00-05:00,52.34,52.4,52.31,52.4,216163.0,52.365,1207
2024-11-11 09:30:00-05:00,52.83,52.83,52.44,52.45,110165.0,52.725,135
2024-11-11 09:35:00-05:00,52.45,52.47,52.26,52.34,44255.0,52.358,262
2024-11-11 09:40:00-05:00,52.33,52.62,52.3,52.54,35741.0,52.468,227
2024-11-11 09:45:00-05:00,52.54,52.61,52.5,52.58,24418.0,52.556,134
2024-11-11 09:50:00-05:00,52.6,52.6,52.31,52.38,23938.0,52.399,154
2024-11-11 09:55:00-05:00,52.4,52.4,52.3,52.36,12560.0,52.347,78
2024-11-11 10:00:00-05:00,52.35,52.43,52.34,52.38,14406.0,52.395,85
2024-11-11 10:05:00-05:00,52.37,52.52,52.35,52.38,13083.0,52.429,92
2024-11-11 10:10:00-05:00,52.39,52.49,52.37,52.39,17936.0,52.448,85
2024-11-11 10:15:00-05:00,52.38,52.38,52.16,52.19,14754.0,52.262,111
2024-11-11 10:20:00-05:00,52.18,52.2,52.11,52.14,7649.0,52.143,57
2024-11-11 10:25:00-05:00,52.16,52.22,52.14,52.2,7854.0,52.18,61
2024-11-11 10:30:00-05:00,52.21,52.24,52.14,52.23,42422.0,52.172,128
2024-11-11 10:35:00-05:00,52.22,52.32,52.19,52.3,10583.0,52.245,68
2024-11-11 10:40:00-05:00,52.3,52.36,52.28,52.28,8495.0,52.324,52
2024-11-11 10:45:00-05:00,52.26,52.31,52.26,52.29,7066.0,52.284,48
2024-11-11 10:50:00-05:00,52.29,52.3,52.17,52.26,26418.0,52.223,137
2024-11-11 10:55:00-05:00,52.25,52.28,52.23,52.26,8759.0,52.253,55
2024-11-11 11:00:00-05:00,52.26,52.27,52.11,52.15,11682.0,52.199,88
2024-11-11 11:05:00-05:00,52.14,52.16,52.09,52.1,10702.0,52.123,65
2024-11-11 11:10:00-05:00,52.1,52.24,52.07,52.21,11274.0,52.128,63
2024-11-11 11:15:00-05:00,52.22,52.22,52.16,52.18,10210.0,52.186,69
2024-11-11 11:20:00-05:00,52.18,52.18,52.09,52.1,34691.0,52.146,176
2024-11-11 11:25:00-05:00,52.1,52.11,51.99,52.07,21695.0,52.052,115
2024-11-11 11:30:00-05:00,52.06,52.1,52.0,52.1,51718.0,52.054,386
2024-11-11 11:35:00-05:00,52.14,52.25,52.1,52.24,9254.0,52.167,70
2024-11-11 11:40:00-05:00,52.25,52.35,52.25,52.3,6457.0,52.311,47
2024-11-11 11:45:00-05:00,52.32,52.39,52.32,52.37,3003.0,52.36,25
2024-11-11 11:50:00-05:00,52.37,52.4,52.34,52.37,7338.0,52.372,48
2024-11-11 11:55:00-05:00,52.39,52.43,52.36,52.43,13050.0,52.393,79
2024-11-11 12:00:00-05:00,52.42,52.46,52.42,52.45,6909.0,52.438,42
2024-11-11 12:05:00-05:00,52.45,52.45,52.4,52.41,11118.0,52.416,65
2024-11-11 12:10:00-05:00,52.41,52.42,52.34,52.34,3701.0,52.387,28
2024-11-11 12:15:00-05:00,52.34,52.42,52.33,52.38,4713.0,52.375,40
2024-11-11 12:20:00-05:00,52.38,52.38,52.34,52.35,3911.0,52.371,29
2024-11-11 12:25:00-05:00,52.35,52.4,52.34,52.37,4186.0,52.37,34
2024-11-11 12:30:00-05:00,52.37,52.42,52.36,52.41,3984.0,52.386,28
2024-11-11 12:35:00-05:00,52.41,52.44,52.4,52.41,3460.0,52.418,22
2024-11-11 12:40:00-05:00,52.41,52.43,52.4,52.4,3476.0,52.416,25
2024-11-11 12:45:00-05:00,52.4,52.42,52.39,52.41,3754.0,52.407,29
2024-11-11 12:50:00-05:00,52.41,52.42,52.4,52.41,2968.0,52.407,21
2024-11-11 12:55:00-05:00,52.41,52.52,52.41,52.45,43877.0,52.471,86
2024-11-11 13:00:00-05:00,52.45,52.45,52.39,52.39,2750.0,52.415,23
2024-11-11 13:05:00-05:00,52.4,52.49,52.4,52.47,10808.0,52.447,68
2024-11-11 13:10:00-05:00,52.47,52.47,52.4,52.4,4614.0,52.428,32
2024-11-11 13:15:00-05:00,52.41,52.43,52.38,52.39,3807.0,52.407,31
2024-11-11 13:20:00-05:00,52.38,52.39,52.29,52.3,6345.0,52.328,48
2024-11-11 13:25:00-05:00,52.3,52.39,52.28,52.37,6460.0,52.332,48
2024-11-11 13:30:00-05:00,52.36,52.37,52.3,52.3,3572.0,52.334,29
2024-11-11 13:35:00-05:00,52.31,52.37,52.31,52.36,7102.0,52.343,55
2024-11-11 13:40:00-05:00,52.35,52.35,52.33,52.35,2767.0,52.341,22
2024-11-11 13:45:00-05:00,52.35,52.42,52.35,52.4,3971.0,52.397,31
2024-11-11 13:50:00-05:00,52.4,52.45,52.4,52.44,3486.0,52.424,26
2024-11-11 13:55:00-05:00,52.45,52.46,52.43,52.44,7653.0,52.447,45
2024-11-11 14:00:00-05:00,52.44,52.49,52.43,52.48,13213.0,52.465,58
2024-11-11 14:05:00-05:00,52.47,52.49,52.46,52.47,3822.0,52.477,26
2024-11-11 14:10:00-05:00,52.45,52.46,52.42,52.45,3533.0,52.442,25
2024-11-11 14:15:00-05:00,52.45,52.48,52.45,52.48,8904.0,52.476,44
2024-11-11 14:20:00-05:00,52.48,52.48,52.41,52.44,7979.0,52.446,46
2024-11-11 14:25:00-05:00,52.45,52.47,52.43,52.46,7754.0,52.45,40
2024-11-11 14:30:00-05:00,52.45,52.45,52.39,52.42,5489.0,52.417,45
2024-11-11 14:35:00-05:00,52.41,52.43,52.41,52.42,1948.0,52.418,17
2024-11-11 14:40:00-05:00,52.42,52.43,52.39,52.42,2850.0,52.407,26
2024-11-11 14:45:00-05:00,52.42,52.44,52.4,52.44,3703.0,52.415,32
2024-11-11 14:50:00-05:00,52.44,52.46,52.42,52.45,6149.0,52.442,46
2024-11-11 14:55:00-05:00,52.45,52.48,52.43,52.43,8882.0,52.455,42
2024-11-11 15:00:00-05:00,52.44,52.45,52.35,52.36,6254.0,52.392,52
2024-11-11 15:05:00-05:00,52.36,52.37,52.35,52.36,4053.0,52.363,34
2024-11-11 15:10:00-05:00,52.36,52.37,52.31,52.33,5303.0,52.341,39
2024-11-11 15:15:00-05:00,52.34,52.36,52.33,52.34,4536.0,52.344,43
2024-11-11 15:20:00-05:00,52.33,52.35,52.33,52.35,4262.0,52.34,37
2024-11-11 15:25:00-05:00,52.34,52.35,52.31,52.34,5462.0,52.329,45
2024-11-11 15:30:00-05:00,52.32,52.33,52.23,52.24,7293.0,52.255,55
2024-11-11 15:35:00-05:00,52.24,52.26,52.23,52.25,18293.0,52.242,92
2024-11-11 15:40:00-05:00,52.25,52.25,52.17,52.18,14208.0,52.202,127
2024-11-11 15:45:00-05:00,52.17,52.22,52.16,52.16,18418.0,52.19,145
2024-11-11 15:50:00-05:00,52.15,52.32,52.15,52.31,50701.0,52.253,362
2024-11-11 15:55:00-05:00,52.31,52.34,52.17,52.32,145197.0,52.256,855
2024-11-12 09:30:00-05:00,51.39,51.57,51.17,51.46,62219.0,51.38,197
2024-11-12 09:35:00-05:00,51.46,51.52,51.39,51.46,33240.0,51.465,206
2024-11-12 09:40:00-05:00,51.5,51.52,51.31,51.42,25097.0,51.409,151
2024-11-12 09:45:00-05:00,51.42,51.63,51.38,51.45,48923.0,51.495,173
2024-11-12 09:50:00-05:00,51.45,51.47,51.36,51.36,18243.0,51.403,131
2024-11-12 09:55:00-05:00,51.38,51.4,51.24,51.34,22641.0,51.313,147
2024-11-12 10:00:00-05:00,51.31,51.36,51.17,51.19,23249.0,51.288,165
2024-11-12 10:05:00-05:00,51.19,51.32,51.15,51.31,25808.0,51.209,133
2024-11-12 10:10:00-05:00,51.29,51.31,51.24,51.24,8721.0,51.276,67
2024-11-12 10:15:00-05:00,51.25,51.26,51.17,51.2,12612.0,51.217,101
2024-11-12 10:20:00-05:00,51.19,51.2,51.12,51.14,16897.0,51.149,106
2024-11-12 10:25:00-05:00,51.14,51.15,51.05,51.08,19354.0,51.101,124
2024-11-12 10:30:00-05:00,51.08,51.11,51.01,51.09,16649.0,51.063,114
2024-11-12 10:35:00-05:00,51.09,51.11,50.98,51.06,23870.0,51.051,173
2024-11-12 10:40:00-05:00,51.06,51.1,51.05,51.07,36178.0,51.07,128
2024-11-12 10:45:00-05:00,51.07,51.22,51.07,51.14,29567.0,51.139,192
2024-11-12 10:50:00-05:00,51.14,51.16,51.1,51.13,22641.0,51.126,141
2024-11-12 10:55:00-05:00,51.13,51.16,51.11,51.12,14068.0,51.129,101
2024-11-12 11:00:00-05:00,51.11,51.12,51.06,51.08,24575.0,51.09,167
2024-11-12 11:05:00-05:00,51.09,51.11,51.05,51.11,59949.0,51.079,90
2024-11-12 11:10:00-05:00,51.11,51.17,51.07,51.13,18466.0,51.126,137
2024-11-12 11:15:00-05:00,51.12,51.21,51.11,51.2,25432.0,51.141,137
2024-11-12 11:20:00-05:00,51.2,51.2,51.07,51.07,16108.0,51.141,116
2024-11-12 11:25:00-05:00,51.08,51.11,50.88,50.91,32559.0,51.013,208
2024-11-12 11:30:00-05:00,50.93,51.01,50.93,50.97,18989.0,50.965,136
2024-11-12 11:35:00-05:00,50.96,50.99,50.88,50.88,12341.0,50.936,88
2024-11-12 11:40:00-05:00,50.88,50.91,50.87,50.9,6609.0,50.888,52
2024-11-12 11:45:00-05:00,50.92,50.98,50.9,50.94,6019.0,50.947,48
2024-11-12 11:50:00-05:00,50.93,51.08,50.93,51.05,16656.0,51.031,113
2024-11-12 11:55:00-05:00,51.06,51.06,50.91,50.91,18621.0,50.997,102
2024-11-12 12:00:00-05:00,50.91,50.95,50.89,50.95,7128.0,50.913,57
2024-11-12 12:05:00-05:00,50.96,50.99,50.93,50.99,4441.0,50.948,29
2024-11-12 12:10:00-05:00,50.99,51.01,50.98,51.0,6427.0,50.994,44
2024-11-12 12:15:00-05:00,50.98,51.01,50.98,50.98,7575.0,50.99,60
2024-11-12 12:20:00-05:00,50.99,51.0,50.97,50.98,4577.0,50.981,38
2024-11-12 12:25:00-05:00,50.98,51.0,50.97,51.0,7472.0,50.986,56
2024-11-12 12:30:00-05:00,51.03,51.04,51.01,51.01,5098.0,51.021,40
2024-11-12 12:35:00-05:00,51.0,51.06,50.99,51.04,6763.0,51.024,43
2024-11-12 12:40:00-05:00,51.03,51.03,50.97,51.0,6690.0,51.002,49
2024-11-12 12:45:00-05:00,51.0,51.03,50.99,51.0,5920.0,51.016,50
2024-11-12 12:50:00-05:00,50.99,50.99,50.97,50.98,5720.0,50.98,42
2024-11-12 12:55:00-05:00,50.98,50.99,50.87,50.91,11864.0,50.929,85
2024-11-12 13:00:00-05:00,50.9,50.96,50.89,50.96,6268.0,50.921,49
2024-11-12 13:05:00-05:00,50.94,50.97,50.93,50.94,7043.0,50.946,54
2024-11-12 13:10:00-05:00,50.95,50.97,50.93,50.93,7877.0,50.948,59
2024-11-12 13:15:00-05:00,50.93,50.95,50.93,50.95,5938.0,50.937,45
2024-11-12 13:20:00-05:00,50.94,50.94,50.84,50.93,11025.0,50.904,80
2024-11-12 13:25:00-05:00,50.92,50.96,50.91,50.95,6566.0,50.932,44
2024-11-12 13:30:00-05:00,50.95,51.03,50.95,51.03,9976.0,50.975,78
2024-11-12 13:35:00-05:00,51.04,51.14,51.03,51.13,15546.0,51.111,89
2024-11-12 13:40:00-05:00,51.13,51.17,51.12,51.16,6776.0,51.154,45
2024-11-12 13:45:00-05:00,51.16,51.18,51.13,51.18,11005.0,51.153,78
2024-11-12 13:50:00-05:00,51.19,51.25,51.18,51.24,10433.0,51.223,73
2024-11-12 13:55:00-05:00,51.25,51.26,51.23,51.25,10106.0,51.247,77
2024-11-12 14:00:00-05:00,51.24,51.24,51.21,51.22,5079.0,51.228,40
2024-11-12 14:05:00-05:00,51.23,51.23,51.09,51.09,14060.0,51.165,97
2024-11-12 14:10:00-05:00,51.09,51.1,50.99,51.09,11445.0,51.049,80
2024-11-12 14:15:00-05:00,51.09,51.18,51.07,51.13,9303.0,51.119,59
2024-11-12 14:20:00-05:00,51.13,51.19,51.09,51.18,10271.0,51.133,80
2024-11-12 14:25:00-05:00,51.19,51.21,51.17,51.21,10824.0,51.185,83
2024-11-12 14:30:00-05:00,51.22,51.22,51.17,51.17,13534.0,51.188,109
2024-11-12 14:35:00-05:00,51.15,51.2,51.15,51.15,12537.0,51.177,92
2024-11-12 14:40:00-05:00,51.14,51.2,51.13,51.18,7357.0,51.166,56
2024-11-12 14:45:00-05:00,51.18,51.25,51.16,51.25,8816.0,51.207,74
2024-11-12 14:50:00-05:00,51.24,51.25,51.19,51.2,8635.0,51.223,60
2024-11-12 14:55:00-05:00,51.2,51.25,51.18,51.21,10651.0,51.209,83
2024-11-12 15:00:00-05:00,51.22,51.27,51.17,51.27,12730.0,51.205,81
2024-11-12 15:05:00-05:00,51.26,51.27,51.23,51.27,13014.0,51.249,72
2024-11-12 15:10:00-05:00,51.27,51.29,51.23,51.24,14292.0,51.267,80
2024-11-12 15:15:00-05:00,51.23,51.26,51.19,51.21,19104.0,51.224,107
2024-11-12 15:20:00-05:00,51.21,51.22,51.16,51.16,12043.0,51.195,86
2024-11-12 15:25:00-05:00,51.16,51.17,51.07,51.1,20057.0,51.113,148
2024-11-12 15:30:00-05:00,51.1,51.1,51.01,51.03,21312.0,51.056,137
2024-11-12 15:35:00-05:00,51.03,51.07,51.0,51.04,22723.0,51.037,147
2024-11-12 15:40:00-05:00,51.03,51.03,50.9,50.92,31198.0,50.972,189
2024-11-12 15:45:00-05:00,50.93,50.97,50.83,50.83,45718.0,50.9,268
2024-11-12 15:50:00-05:00,50.85,50.85,50.76,50.82,83905.0,50.794,497
2024-11-12 15:55:00-05:00,50.82,50.82,50.64,50.66,265424.0,50.726,1222
2024-11-13 09:30:00-05:00,50.4,50.57,50.24,50.53,67354.0,50.444,198
2024-11-13 09:35:00-05:00,50.51,50.56,50.24,50.47,50018.0,50.401,261
2024-11-13 09:40:00-05:00,50.44,50.61,50.33,50.57,41636.0,50.45,250
2024-11-13 09:45:00-05:00,50.57,50.69,50.55,50.64,21263.0,50.614,154
2024-11-13 09:50:00-05:00,50.64,50.64,50.51,50.57,29463.0,50.561,162
2024-11-13 09:55:00-05:00,50.53,50.59,50.44,50.55,24701.0,50.526,167
2024-11-13 10:00:00-05:00,50.55,50.73,50.52,50.64,45146.0,50.625,238
2024-11-13 10:05:00-05:00,50.64,50.66,50.51,50.65,20174.0,50.581,137
2024-11-13 10:10:00-05:00,50.67,50.7,50.53,50.57,19748.0,50.628,120
2024-11-13 10:15:00-05:00,50.59,50.64,50.59,50.63,9541.0,50.616,82
2024-11-13 10:20:00-05:00,50.61,50.64,50.57,50.64,8110.0,50.598,62
2024-11-13 10:25:00-05:00,50.64,50.85,50.63,50.81,25592.0,50.771,159
2024-11-13 10:30:00-05:00,50.8,50.89,50.73,50.87,46285.0,50.806,317
2024-11-13 10:35:00-05:00,50.86,50.88,50.83,50.85,20454.0,50.856,155
2024-11-13 10:40:00-05:00,50.84,50.85,50.72,50.84,20509.0,50.786,149
2024-11-13 10:45:00-05:00,50.82,50.86,50.77,50.84,15737.0,50.817,117
2024-11-13 10:50:00-05:00,50.84,50.87,50.82,50.84,10912.0,50.842,85
2024-11-13 10:55:00-05:00,50.84,50.87,50.82,50.86,14483.0,50.841,106
2024-11-13 11:00:00-05:00,50.87,50.88,50.73,50.73,14357.0,50.808,109
2024-11-13 11:05:00-05:00,50.73,50.76,50.68,50.76,9823.0,50.716,70
2024-11-13 11:10:00-05:00,50.76,50.84,50.68,50.79,18852.0,50.761,143
2024-11-13 11:15:00-05:00,50.77,50.8,50.66,50.69,33591.0,50.745,168
2024-11-13 11:20:00-05:00,50.7,50.76,50.61,50.61,37257.0,50.718,199
2024-11-13 11:25:00-05:00,50.61,50.65,50.59,50.61,20655.0,50.612,145
2024-11-13 11:30:00-05:00,50.61,50.69,50.56,50.63,29930.0,50.6,193
2024-11-13 11:35:00-05:00,50.63,50.67,50.62,50.66,9491.0,50.638,62
2024-11-13 11:40:00-05:00,50.67,50.82,50.66,50.72,17228.0,50.747,116
2024-11-13 11:45:00-05:00,50.73,50.77,50.73,50.74,8820.0,50.751,67
2024-11-13 11:50:00-05:00,50.73,50.76,50.72,50.76,6589.0,50.73,49
2024-11-13 11:55:00-05:00,50.76,50.77,50.73,50.77,9722.0,50.753,72
2024-11-13 12:00:00-05:00,50.78,50.85,50.74,50.83,16390.0,50.779,84
2024-11-13 12:05:00-05:00,50.85,50.92,50.85,50.88,7642.0,50.885,57
2024-11-13 12:10:00-05:00,50.87,50.95,50.87,50.95,5170.0,50.902,45
2024-11-13 12:15:00-05:00,50.95,50.98,50.93,50.93,8542.0,50.95,62
2024-11-13 12:20:00-05:00,50.94,50.99,50.94,50.98,8266.0,50.966,64
2024-11-13 12:25:00-05:00,50.99,51.05,50.89,50.99,25076.0,50.966,147
2024-11-13 12:30:00-05:00,50.99,50.99,50.93,50.93,3738.0,50.965,34
2024-11-13 12:35:00-05:00,50.93,50.96,50.93,50.95,7223.0,50.943,46
2024-11-13 12:40:00-05:00,50.95,50.98,50.94,50.94,5998.0,50.963,44
2024-11-13 12:45:00-05:00,50.94,50.99,50.94,50.96,10419.0,50.971,65
2024-11-13 12:50:00-05:00,50.95,50.96,50.84,50.88,10600.0,50.9,81
2024-11-13 12:55:00-05:00,50.88,50.88,50.8,50.8,10011.0,50.84,69
2024-11-13 13:00:00-05:00,50.8,50.87,50.78,50.85,8176.0,50.821,63
2024-11-13 13:05:00-05:00,50.85,50.85,50.82,50.83,4668.0,50.835,41
2024-11-13 13:10:00-05:00,50.82,50.86,50.75,50.78,14968.0,50.803,103
2024-11-13 13:15:00-05:00,50.78,50.78,50.75,50.76,4806.0,50.766,37
2024-11-13 13:20:00-05:00,50.75,50.77,50.73,50.76,11109.0,50.748,88
2024-11-13 13:25:00-05:00,50.76,50.79,50.75,50.77,5553.0,50.772,47
2024-11-13 13:30:00-05:00,50.77,50.82,50.73,50.75,19759.0,50.779,114
2024-11-13 13:35:00-05:00,50.75,50.77,50.73,50.76,14594.0,50.748,101
2024-11-13 13:40:00-05:00,50.75,50.76,50.73,50.76,10253.0,50.746,69
2024-11-13 13:45:00-05:00,50.76,50.76,50.73,50.74,4352.0,50.746,29
2024-11-13 13:50:00-05:00,50.74,50.76,50.72,50.75,9710.0,50.743,72
2024-11-13 13:55:00-05:00,50.76,50.76,50.73,50.75,17622.0,50.741,121
2024-11-13 14:00:00-05:00,50.75,50.78,50.74,50.76,13094.0,50.759,83
2024-11-13 14:05:00-05:00,50.77,50.8,50.75,50.75,11867.0,50.772,94
2024-11-13 14:10:00-05:00,50.75,50.76,50.74,50.76,5213.0,50.748,41
2024-11-13 14:15:00-05:00,50.75,50.78,50.69,50.7,11682.0,50.738,91
2024-11-13 14:20:00-05:00,50.7,50.75,50.69,50.73,15123.0,50.718,116
2024-11-13 14:25:00-05:00,50.73,50.73,50.63,50.64,30716.0,50.676,151
2024-11-13 14:30:00-05:00,50.64,50.7,50.63,50.68,17737.0,50.668,127
2024-11-13 14:35:00-05:00,50.68,50.68,50.62,50.68,20599.0,50.648,154
2024-11-13 14:40:00-05:00,50.68,50.68,50.6,50.66,15071.0,50.632,110
2024-11-13 14:45:00-05:00,50.66,50.69,50.65,50.69,21845.0,50.674,155
2024-11-13 14:50:00-05:00,50.7,50.72,50.66,50.7,35604.0,50.699,137
2024-11-13 14:55:00-05:00,50.71,50.71,50.66,50.67,9283.0,50.693,63
2024-11-13 15:00:00-05:00,50.67,50.7,50.66,50.69,13410.0,50.682,95
2024-11-13 15:05:00-05:00,50.7,50.76,50.69,50.75,21450.0,50.72,115
2024-11-13 15:10:00-05:00,50.75,50.76,50.72,50.75,10921.0,50.741,72
2024-11-13 15:15:00-05:00,50.75,50.8,50.74,50.8,11565.0,50.776,84
2024-11-13 15:20:00-05:00,50.81,50.87,50.81,50.84,13228.0,50.843,99
2024-11-13 15:25:00-05:00,50.84,50.85,50.8,50.8,10191.0,50.828,72
2024-11-13 15:30:00-05:00,50.8,50.84,50.76,50.84,21932.0,50.787,157
2024-11-13 15:35:00-05:00,50.86,50.93,50.86,50.93,40597.0,50.889,237
2024-11-13 15:40:00-05:00,50.93,51.04,50.93,50.95,49857.0,50.985,309
2024-11-13 15:45:00-05:00,50.95,50.98,50.85,50.98,27485.0,50.897,184
2024-11-13 15:50:00-05:00,50.98,51.05,50.85,50.85,130023.0,50.977,771
2024-11-13 15:55:00-05:00,50.85,51.02,50.84,50.99,300142.0,50.954,1338
2024-11-14 09:30:00-05:00,50.71,50.71,50.12,50.25,134755.0,50.452,524
2024-11-14 09:35:00-05:00,50.24,50.38,50.17,50.21,68207.0,50.265,350
2024-11-14 09:40:00-05:00,50.19,50.35,50.04,50.14,127329.0,50.168,395
2024-11-14 09:45:00-05:00,50.14,50.2,50.03,50.05,42073.0,50.127,186
2024-11-14 09:50:00-05:00,50.05,50.18,50.02,50.03,33373.0,50.091,225
2024-11-14 09:55:00-05:00,50.04,50.22,49.96,50.19,85199.0,50.07,395
2024-11-14 10:00:00-05:00,50.2,50.27,50.08,50.09,33928.0,50.189,216
2024-11-14 10:05:00-05:00,50.1,50.22,50.06,50.17,16062.0,50.134,113
2024-11-14 10:10:00-05:00,50.15,50.24,49.97,49.99,19403.0,50.14,133
2024-11-14 10:15:00-05:00,49.99,50.04,49.96,50.01,12302.0,50.007,105
2024-11-14 10:20:00-05:00,50.03,50.1,50.0,50.05,6663.0,50.038,46
2024-11-14 10:25:00-05:00,50.05,50.1,50.01,50.1,13148.0,50.053,99
2024-11-14 10:30:00-05:00,50.1,50.14,50.08,50.1,20240.0,50.113,119
2024-11-14 10:35:00-05:00,50.1,50.17,50.06,50.16,19663.0,50.119,131
2024-11-14 10:40:00-05:00,50.15,50.27,50.14,50.25,14783.0,50.198,105
2024-11-14 10:45:00-05:00,50.27,50.3,50.22,50.23,8017.0,50.25,51
2024-11-14 10:50:00-05:00,50.22,50.32,50.21,50.27,73253.0,50.269,152
2024-11-14 10:55:00-05:00,50.28,50.28,50.1,50.17,26870.0,50.159,165
2024-11-14 11:00:00-05:00,50.14,50.16,50.04,50.06,10636.0,50.113,82
2024-11-14 11:05:00-05:00,50.06,50.18,50.04,50.18,54128.0,50.112,146
2024-11-14 11:10:00-05:00,50.18,50.39,50.17,50.28,20715.0,50.288,126
2024-11-14 11:15:00-05:00,50.27,50.38,50.21,50.24,68500.0,50.292,149
2024-11-14 11:20:00-05:00,50.26,50.31,50.22,50.28,27950.0,50.286,85
2024-11-14 11:25:00-05:00,50.29,50.43,50.25,50.41,17330.0,50.325,99
2024-11-14 11:30:00-05:00,50.42,50.44,50.29,50.34,69982.0,50.364,463
2024-11-14 11:35:00-05:00,50.31,50.32,50.18,50.21,13197.0,50.263,95
2024-11-14 11:40:00-05:00,50.23,50.28,50.17,50.17,5395.0,50.234,32
2024-11-14 11:45:00-05:00,50.18,50.23,50.17,50.21,3258.0,50.197,27
2024-11-14 11:50:00-05:00,50.21,50.21,50.13,50.18,4587.0,50.164,33
2024-11-14 11:55:00-05:00,50.19,50.5,50.18,50.38,1562639.0,50.204,247
2024-11-14 12:00:00-05:00,50.34,50.45,50.29,50.43,18325.0,50.365,126
2024-11-14 12:05:00-05:00,50.45,50.49,50.4,50.42,14357.0,50.451,98
2024-11-14 12:10:00-05:00,50.43,50.5,50.39,50.4,11237.0,50.453,87
2024-11-14 12:15:00-05:00,50.38,50.47,50.38,50.39,15319.0,50.419,95
2024-11-14 12:20:00-05:00,50.38,50.38,50.33,50.36,9707.0,50.35,60
2024-11-14 12:25:00-05:00,50.36,50.36,50.33,50.35,4215.0,50.347,30
2024-11-14 12:30:00-05:00,50.34,50.34,50.3,50.33,4254.0,50.324,38
2024-11-14 12:35:00-05:00,50.33,50.36,50.31,50.32,6439.0,50.337,47
2024-11-14 12:40:00-05:00,50.32,50.33,50.31,50.33,7256.0,50.323,44
2024-11-14 12:45:00-05:00,50.33,50.34,50.29,50.32,6371.0,50.318,47
2024-11-14 12:50:00-05:00,50.33,50.44,50.33,50.42,9425.0,50.375,66
2024-11-14 12:55:00-05:00,50.41,50.49,50.41,50.48,6712.0,50.456,44
2024-11-14 13:00:00-05:00,50.48,50.57,50.47,50.56,5944.0,50.522,37
2024-11-14 13:05:00-05:00,50.55,50.63,50.54,50.62,11555.0,50.583,75
2024-11-14 13:10:00-05:00,50.61,50.64,50.61,50.63,25733.0,50.621,53
2024-11-14 13:15:00-05:00,50.62,50.62,50.49,50.53,6526.0,50.55,46
2024-11-14 13:20:00-05:00,50.52,50.56,50.52,50.54,7259.0,50.528,46
2024-11-14 13:25:00-05:00,50.56,50.56,50.39,50.52,582885.0,50.48,141
2024-11-14 13:30:00-05:00,50.52,50.73,50.45,50.49,60768.0,50.626,357
2024-11-14 13:35:00-05:00,50.49,50.55,50.47,50.52,3982.0,50.504,28
2024-11-14 13:40:00-05:00,50.5,50.61,50.5,50.6,4577.0,50.566,37
2024-11-14 13:45:00-05:00,50.62,50.66,50.61,50.64,4728.0,50.637,33
2024-11-14 13:50:00-05:00,50.64,50.66,50.62,50.66,3206.0,50.638,27
2024-11-14 13:55:00-05:00,50.65,50.66,50.61,50.64,6469.0,50.629,50
2024-11-14 14:00:00-05:00,50.63,50.73,50.63,50.73,5024.0,50.671,41
2024-11-14 14:05:00-05:00,50.73,50.75,50.72,50.72,4213.0,50.729,30
2024-11-14 14:10:00-05:00,50.73,50.74,50.68,50.7,6981.0,50.715,48
2024-11-14 14:15:00-05:00,50.72,50.73,50.7,50.73,2168.0,50.715,13
2024-11-14 14:20:00-05:00,50.72,50.76,50.71,50.74,5990.0,50.734,43
2024-11-14 14:25:00-05:00,50.75,50.79,50.68,50.68,159900.0,50.769,79
2024-11-14 14:30:00-05:00,50.65,50.68,50.65,50.66,70478.0,50.67,38
2024-11-14 14:35:00-05:00,50.65,50.7,50.6,50.61,11770.0,50.647,86
2024-11-14 14:40:00-05:00,50.6,50.61,50.51,50.61,6963.0,50.559,47
2024-11-14 14:45:00-05:00,50.59,50.64,50.59,50.64,2900.0,50.61,17
2024-11-14 14:50:00-05:00,50.64,50.69,50.64,50.69,5519.0,50.672,46
2024-11-14 14:55:00-05:00,50.69,50.72,50.66,50.68,68517.0,50.698,105
2024-11-14 15:00:00-05:00,50.67,50.67,50.41,50.43,16020.0,50.564,111
2024-11-14 15:05:00-05:00,50.44,50.48,50.35,50.42,9131.0,50.435,66
2024-11-14 15:10:00-05:00,50.43,50.49,50.4,50.45,6059.0,50.45,46
2024-11-14 15:15:00-05:00,50.44,50.53,50.44,50.52,3249.0,50.482,29
2024-11-14 15:20:00-05:00,50.52,50.56,50.5,50.5,10313.0,50.53,73
2024-11-14 15:25:00-05:00,50.51,50.51,50.38,50.38,257277.0,50.461,54
2024-11-14 15:30:00-05:00,50.4,50.42,50.34,50.34,10364.0,50.368,75
2024-11-14 15:35:00-05:00,50.33,50.36,50.29,50.3,11848.0,50.323,96
2024-11-14 15:40:00-05:00,50.3,50.35,50.3,50.34,11066.0,50.322,91
2024-11-14 15:45:00-05:00,50.33,50.38,50.31,50.35,19241.0,50.34,133
2024-11-14 15:50:00-05:00,50.34,50.4,50.31,50.38,28946.0,50.353,180
2024-11-14 15:55:00-05:00,50.37,50.39,50.32,50.37,138067.0,50.355,667
2024-11-15 09:30:00-05:00,49.76,50.47,49.74,50.43,188656.0,49.943,305
2024-11-15 09:35:00-05:00,50.46,50.47,50.2,50.22,63671.0,50.278,289
2024-11-15 09:40:00-05:00,50.22,50.52,50.22,50.52,42136.0,50.345,221
2024-11-15 09:45:00-05:00,50.53,50.64,50.43,50.52,18180.0,50.516,106
2024-11-15 09:50:00-05:00,50.49,50.51,50.35,50.47,17771.0,50.44,105
2024-11-15 09:55:00-05:00,50.42,50.5,50.34,50.37,18099.0,50.41,130
2024-11-15 10:00:00-05:00,50.37,50.51,50.35,50.47,23447.0,50.441,145
2024-11-15 10:05:00-05:00,50.45,50.5,50.29,50.32,16438.0,50.408,95
2024-11-15 10:10:00-05:00,50.32,50.5,50.29,50.49,8646.0,50.397,66
2024-11-15 10:15:00-05:00,50.5,50.5,50.36,50.4,10669.0,50.422,80
2024-11-15 10:20:00-05:00,50.42,50.57,50.42,50.54,9483.0,50.508,75
2024-11-15 10:25:00-05:00,50.54,50.54,50.43,50.5,14317.0,50.495,101
2024-11-15 10:30:00-05:00,50.48,50.6,50.43,50.54,13495.0,50.52,96
2024-11-15 10:35:00-05:00,50.55,50.79,50.53,50.71,19975.0,50.683,145
2024-11-15 10:40:00-05:00,50.71,50.75,50.68,50.72,7801.0,50.716,66
2024-11-15 10:45:00-05:00,50.74,50.82,50.65,50.7,13553.0,50.728,108
2024-11-15 10:50:00-05:00,50.7,50.84,50.69,50.84,11990.0,50.78,94
2024-11-15 10:55:00-05:00,50.82,50.88,50.74,50.82,10676.0,50.81,88
2024-11-15 11:00:00-05:00,50.8,50.82,50.69,50.71,15021.0,50.727,75
2024-11-15 11:05:00-05:00,50.69,50.78,50.68,50.75,13586.0,50.723,87
2024-11-15 11:10:00-05:00,50.74,50.89,50.72,50.85,20843.0,50.822,128
2024-11-15 11:15:00-05:00,50.84,50.99,50.84,50.98,13475.0,50.914,87
2024-11-15 11:20:00-05:00,50.96,50.97,50.87,50.97,8874.0,50.926,66
2024-11-15 11:25:00-05:00,50.93,50.96,50.86,50.95,7239.0,50.904,57
2024-11-15 11:30:00-05:00,50.95,50.99,50.83,50.94,81117.0,50.919,500
2024-11-15 11:35:00-05:00,50.94,50.99,50.89,50.99,12348.0,50.934,68
2024-11-15 11:40:00-05:00,50.97,51.02,50.96,51.02,4416.0,50.986,31
2024-11-15 11:45:00-05:00,51.03,51.17,51.03,51.13,15740.0,51.126,125
2024-11-15 11:50:00-05:00,51.12,51.16,51.12,51.15,14233.0,51.138,113
2024-11-15 11:55:00-05:00,51.14,51.15,50.94,50.96,24113.0,51.044,182
2024-11-15 12:00:00-05:00,50.96,50.98,50.79,50.8,7300.0,50.869,56
2024-11-15 12:05:00-05:00,50.79,50.81,50.74,50.8,6495.0,50.776,47
2024-11-15 12:10:00-05:00,50.82,50.9,50.8,50.9,5452.0,50.82,48
2024-11-15 12:15:00-05:00,50.9,50.92,50.81,50.87,10770.0,50.866,66
2024-11-15 12:20:00-05:00,50.88,50.96,50.84,50.96,7420.0,50.888,58
2024-11-15 12:25:00-05:00,50.94,50.95,50.85,50.85,10788.0,50.887,79
2024-11-15 12:30:00-05:00,50.86,50.86,50.74,50.79,8869.0,50.789,77
2024-11-15 12:35:00-05:00,50.77,50.92,50.74,50.86,18509.0,50.82,133
2024-11-15 12:40:00-05:00,50.86,50.92,50.8,50.9,11668.0,50.869,91
2024-11-15 12:45:00-05:00,50.93,50.93,50.86,50.9,9204.0,50.9,58
2024-11-15 12:50:00-05:00,50.9,50.9,50.8,50.87,8195.0,50.851,51
2024-11-15 12:55:00-05:00,50.87,50.94,50.85,50.93,12371.0,50.896,90
2024-11-15 13:00:00-05:00,50.9,50.92,50.85,50.88,8554.0,50.884,57
2024-11-15 13:05:00-05:00,50.88,50.94,50.88,50.91,8508.0,50.913,63
2024-11-15 13:10:00-05:00,50.91,51.02,50.91,51.02,8050.0,50.964,62
2024-11-15 13:15:00-05:00,51.01,51.09,51.01,51.08,6734.0,51.055,53
2024-11-15 13:20:00-05:00,51.08,51.18,51.08,51.12,12091.0,51.14,104
2024-11-15 13:25:00-05:00,51.14,51.18,51.07,51.11,25084.0,51.122,95
2024-11-15 13:30:00-05:00,51.08,51.09,51.0,51.01,7197.0,51.043,60
2024-11-15 13:35:00-05:00,51.01,51.01,50.94,50.98,19006.0,50.99,98
2024-11-15 13:40:00-05:00,50.99,51.01,50.96,51.0,13957.0,50.982,74
2024-11-15 13:45:00-05:00,50.98,51.0,50.96,50.99,12384.0,50.982,77
2024-11-15 13:50:00-05:00,50.98,51.0,50.91,50.93,15022.0,50.961,114
2024-11-15 13:55:00-05:00,50.95,51.07,50.95,51.03,12470.0,51.004,75
2024-11-15 14:00:00-05:00,51.05,51.06,50.95,50.98,20875.0,51.043,86
2024-11-15 14:05:00-05:00,50.98,51.04,50.96,51.01,11817.0,51.004,86
2024-11-15 14:10:00-05:00,51.01,51.03,50.95,50.95,10141.0,50.999,81
2024-11-15 14:15:00-05:00,50.93,51.0,50.93,51.0,7862.0,50.983,45
2024-11-15 14:20:00-05:00,51.0,51.02,50.97,50.99,14816.0,50.994,96
2024-11-15 14:25:00-05:00,50.99,51.02,50.99,51.01,3543.0,51.011,25
2024-11-15 14:30:00-05:00,51.01,51.1,51.01,51.1,17635.0,51.052,117
2024-11-15 14:35:00-05:00,51.09,51.18,51.08,51.12,26922.0,51.152,120
2024-11-15 14:40:00-05:00,51.13,51.18,51.13,51.17,16944.0,51.155,113
2024-11-15 14:45:00-05:00,51.19,51.29,51.16,51.24,29780.0,51.216,142
2024-11-15 14:50:00-05:00,51.25,51.28,51.15,51.15,15443.0,51.244,108
2024-11-15 14:55:00-05:00,51.16,51.26,51.16,51.21,17013.0,51.233,85
2024-11-15 15:00:00-05:00,51.21,51.29,51.18,51.28,10775.0,51.229,93
2024-11-15 15:05:00-05:00,51.3,51.4,51.3,51.36,19388.0,51.347,138
2024-11-15 15:10:00-05:00,51.37,51.45,51.34,51.44,35120.0,51.393,237
2024-11-15 15:15:00-05:00,51.45,51.52,51.44,51.52,42078.0,51.473,200
2024-11-15 15:20:00-05:00,51.52,51.54,51.45,51.47,26984.0,51.492,187
2024-11-15 15:25:00-05:00,51.47,51.48,51.41,51.48,16685.0,51.454,116
2024-11-15 15:30:00-05:00,51.46,51.49,51.41,51.46,32451.0,51.45,222
2024-11-15 15:35:00-05:00,51.45,51.51,51.43,51.44,52711.0,51.468,258
2024-11-15 15:40:00-05:00,51.44,51.49,51.44,51.45,28573.0,51.465,217
2024-11-15 15:45:00-05:00,51.44,51.5,51.44,51.47,46697.0,51.467,290
2024-11-15 15:50:00-05:00,51.48,51.54,51.48,51.53,61625.0,51.509,402
2024-11-15 15:55:00-05:00,51.53,51.72,51.53,51.67,260536.0,51.64,1309
2024-11-18 09:30:00-05:00,50.82,51.3,50.41,51.3,162867.0,50.787,576
2024-11-18 09:35:00-05:00,51.36,51.74,51.36,51.73,46495.0,51.568,302
2024-11-18 09:40:00-05:00,51.72,51.76,51.42,51.57,75948.0,51.569,479
2024-11-18 09:45:00-05:00,51.57,51.72,51.4,51.67,49932.0,51.496,318
2024-11-18 09:50:00-05:00,51.67,51.69,51.54,51.6,37332.0,51.608,196
2024-11-18 09:55:00-05:00,51.58,51.66,51.42,51.66,81557.0,51.537,200
2024-11-18 10:00:00-05:00,51.64,51.78,51.55,51.78,34964.0,51.624,142
2024-11-18 10:05:00-05:00,51.78,51.8,51.72,51.8,14438.0,51.761,110
2024-11-18 10:10:00-05:00,51.8,51.85,51.74,51.85,13339.0,51.777,107
2024-11-18 10:15:00-05:00,51.83,51.89,51.79,51.89,13220.0,51.829,106
2024-11-18 10:20:00-05:00,51.89,51.89,51.8,51.82,44472.0,51.842,283
2024-11-18 10:25:00-05:00,51.83,52.0,51.82,51.98,43070.0,51.897,251
2024-11-18 10:30:00-05:00,51.98,52.13,51.86,52.07,30745.0,52.021,223
2024-11-18 10:35:00-05:00,52.06,52.24,51.96,52.12,68717.0,52.121,475
2024-11-18 10:40:00-05:00,52.11,52.2,52.09,52.14,26220.0,52.151,189
2024-11-18 10:45:00-05:00,52.13,52.2,52.1,52.13,30251.0,52.159,204
2024-11-18 10:50:00-05:00,52.14,52.21,52.14,52.19,13521.0,52.174,98
2024-11-18 10:55:00-05:00,52.17,52.2,52.08,52.09,30268.0,52.132,212
2024-11-18 11:00:00-05:00,52.09,52.22,52.08,52.22,12957.0,52.147,85
2024-11-18 11:05:00-05:00,52.18,52.29,52.17,52.26,17582.0,52.214,131
2024-11-18 11:10:00-05:00,52.25,52.28,52.17,52.27,33060.0,52.222,231
2024-11-18 11:15:00-05:00,52.28,52.38,52.27,52.36,22216.0,52.333,154
2024-11-18 11:20:00-05:00,52.36,52.48,52.33,52.48,36145.0,52.375,221
2024-11-18 11:25:00-05:00,52.43,52.46,52.37,52.4,28309.0,52.419,194
2024-11-18 11:30:00-05:00,52.4,52.57,52.4,52.53,28747.0,52.5,222
2024-11-18 11:35:00-05:00,52.49,52.67,52.47,52.67,14317.0,52.532,95
2024-11-18 11:40:00-05:00,52.67,52.77,52.64,52.7,19752.0,52.71,138
2024-11-18 11:45:00-05:00,52.68,52.7,52.64,52.69,9218.0,52.67,69
2024-11-18 11:50:00-05:00,52.68,52.71,52.64,52.71,4944.0,52.67,41
2024-11-18 11:55:00-05:00,52.71,52.75,52.66,52.75,8877.0,52.698,57
2024-11-18 12:00:00-05:00,52.73,52.8,52.71,52.78,15139.0,52.742,100
2024-11-18 12:05:00-05:00,52.76,52.8,52.72,52.8,12143.0,52.75,84
2024-11-18 12:10:00-05:00,52.77,52.8,52.74,52.8,12763.0,52.762,82
2024-11-18 12:15:00-05:00,52.78,52.89,52.76,52.85,25463.0,52.821,120
2024-11-18 12:20:00-05:00,52.84,52.88,52.78,52.88,11853.0,52.826,64
2024-11-18 12:25:00-05:00,52.86,52.88,52.77,52.85,26676.0,52.816,102
2024-11-18 12:30:00-05:00,52.87,52.88,52.82,52.82,11944.0,52.857,76
2024-11-18 12:35:00-05:00,52.81,52.89,52.8,52.87,5714.0,52.83,35
2024-11-18 12:40:00-05:00,52.86,52.88,52.82,52.84,11205.0,52.854,59
2024-11-18 12:45:00-05:00,52.84,52.86,52.83,52.84,4402.0,52.843,32
2024-11-18 12:50:00-05:00,52.85,52.86,52.75,52.78,25913.0,52.831,99
2024-11-18 12:55:00-05:00,52.81,52.89,52.79,52.89,3469.0,52.821,20
2024-11-18 13:00:00-05:00,52.87,52.93,52.86,52.88,8656.0,52.888,52
2024-11-18 13:05:00-05:00,52.89,52.9,52.85,52.86,8447.0,52.874,50
2024-11-18 13:10:00-05:00,52.87,52.9,52.85,52.9,9296.0,52.877,54
2024-11-18 13:15:00-05:00,52.9,52.91,52.79,52.84,13060.0,52.869,70
2024-11-18 13:20:00-05:00,52.81,52.83,52.77,52.8,7427.0,52.797,33
2024-11-18 13:25:00-05:00,52.79,52.9,52.77,52.9,8342.0,52.816,49
2024-11-18 13:30:00-05:00,52.9,52.95,52.87,52.88,20581.0,52.914,118
2024-11-18 13:35:00-05:00,52.87,53.01,52.85,52.99,10505.0,52.944,63
2024-11-18 13:40:00-05:00,53.01,53.04,52.96,52.97,16529.0,53.014,110
2024-11-18 13:45:00-05:00,52.97,53.02,52.94,52.95,33183.0,52.979,223
2024-11-18 13:50:00-05:00,52.96,53.07,52.95,53.03,23122.0,53.036,160
2024-11-18 13:55:00-05:00,53.02,53.06,53.0,53.01,26236.0,53.033,142
2024-11-18 14:00:00-05:00,53.01,53.06,53.0,53.02,17285.0,53.029,118
2024-11-18 14:05:00-05:00,53.02,53.04,52.95,53.01,17407.0,52.98,122
2024-11-18 14:10:00-05:00,53.01,53.05,52.95,52.95,25163.0,53.012,135
2024-11-18 14:15:00-05:00,52.93,52.94,52.82,52.85,17182.0,52.886,104
2024-11-18 14:20:00-05:00,52.85,52.89,52.82,52.87,18105.0,52.853,119
2024-11-18 14:25:00-05:00,52.87,52.92,52.82,52.92,19835.0,52.861,122
2024-11-18 14:30:00-05:00,52.92,52.94,52.87,52.91,18450.0,52.897,90
2024-11-18 14:35:00-05:00,52.91,52.98,52.9,52.95,19124.0,52.943,132
2024-11-18 14:40:00-05:00,52.95,53.04,52.95,53.0,13320.0,52.997,85
2024-11-18 14:45:00-05:00,52.98,53.04,52.96,52.96,15457.0,53.012,94
2024-11-18 14:50:00-05:00,52.96,53.04,52.94,52.99,16161.0,53.007,104
2024-11-18 14:55:00-05:00,52.99,53.01,52.95,52.96,8098.0,52.987,59
2024-11-18 15:00:00-05:00,52.97,52.99,52.94,52.99,21788.0,52.965,128
2024-11-18 15:05:00-05:00,53.0,53.0,52.96,52.97,7759.0,52.977,51
2024-11-18 15:10:00-05:00,52.98,53.08,52.98,53.05,32390.0,53.042,181
2024-11-18 15:15:00-05:00,53.05,53.07,53.02,53.06,27552.0,53.04,171
2024-11-18 15:20:00-05:00,53.07,53.09,53.06,53.09,26115.0,53.072,134
2024-11-18 15:25:00-05:00,53.09,53.12,53.03,53.03,28602.0,53.074,182
2024-11-18 15:30:00-05:00,53.03,53.09,53.02,53.08,39340.0,53.057,230
2024-11-18 15:35:00-05:00,53.08,53.11,53.06,53.09,40643.0,53.086,274
2024-11-18 15:40:00-05:00,53.09,53.19,53.09,53.19,49188.0,53.138,312
2024-11-18 15:45:00-05:00,53.18,53.21,53.15,53.2,63199.0,53.178,379
2024-11-18 15:50:00-05:00,53.2,53.33,53.19,53.33,147317.0,53.241,815
2024-11-18 15:55:00-05:00,53.33,53.49,53.32,53.44,543117.0,53.39,2402
2024-11-19 09:30:00-05:00,52.67,52.99,52.66,52.89,110946.0,52.852,383
2024-11-19 09:35:00-05:00,52.9,52.96,52.8,52.91,31283.0,52.909,185
2024-11-19 09:40:00-05:00,52.91,52.92,52.7,52.73,23557.0,52.806,150
2024-11-19 09:45:00-05:00,52.75,52.85,52.57,52.65,39715.0,52.707,205
2024-11-19 09:50:00-05:00,52.65,52.66,52.46,52.52,40931.0,52.58,188
2024-11-19 09:55:00-05:00,52.55,52.58,52.32,52.32,34403.0,52.424,159
2024-11-19 10:00:00-05:00,52.35,52.48,52.28,52.39,32231.0,52.375,160
2024-11-19 10:05:00-05:00,52.4,52.43,52.3,52.41,12490.0,52.375,86
2024-11-19 10:10:00-05:00,52.41,52.42,52.29,52.32,13519.0,52.349,87
2024-11-19 10:15:00-05:00,52.3,52.31,52.16,52.19,10272.0,52.234,72
2024-11-19 10:20:00-05:00,52.19,52.26,52.11,52.23,19754.0,52.2,133
2024-11-19 10:25:00-05:00,52.21,52.22,52.13,52.18,16455.0,52.189,118
2024-11-19 10:30:00-05:00,52.18,52.33,52.13,52.33,14087.0,52.215,92
2024-11-19 10:35:00-05:00,52.32,52.51,52.32,52.5,15909.0,52.428,102
2024-11-19 10:40:00-05:00,52.5,52.55,52.45,52.49,11402.0,52.5,87
2024-11-19 10:45:00-05:00,52.48,52.5,52.35,52.48,37158.0,52.439,157
2024-11-19 10:50:00-05:00,52.49,52.49,52.39,52.45,19924.0,52.444,143
2024-11-19 10:55:00-05:00,52.45,52.54,52.38,52.52,12572.0,52.452,98
2024-11-19 11:00:00-05:00,52.54,52.56,52.45,52.55,57432.0,52.516,148
2024-11-19 11:05:00-05:00,52.54,52.55,52.44,52.55,13810.0,52.512,99
2024-11-19 11:10:00-05:00,52.54,52.63,52.53,52.57,14538.0,52.583,117
2024-11-19 11:15:00-05:00,52.57,52.63,52.54,52.57,13528.0,52.577,112
2024-11-19 11:20:00-05:00,52.57,52.58,52.47,52.57,23076.0,52.536,193
2024-11-19 11:25:00-05:00,52.57,52.78,52.57,52.77,15876.0,52.724,84
2024-11-19 11:30:00-05:00,52.77,52.77,52.72,52.75,10436.0,52.752,64
2024-11-19 11:35:00-05:00,52.73,52.73,52.58,52.63,6825.0,52.656,53
2024-11-19 11:40:00-05:00,52.64,52.65,52.62,52.65,3479.0,52.636,31
2024-11-19 11:45:00-05:00,52.65,52.68,52.64,52.66,3374.0,52.66,31
2024-11-19 11:50:00-05:00,52.66,52.7,52.65,52.69,4936.0,52.672,43
2024-11-19 11:55:00-05:00,52.69,52.76,52.69,52.73,5195.0,52.729,43
2024-11-19 12:00:00-05:00,52.73,52.74,52.68,52.69,2836.0,52.725,22
2024-11-19 12:05:00-05:00,52.7,52.74,52.67,52.73,24329.0,52.715,57
2024-11-19 12:10:00-05:00,52.72,52.73,52.7,52.71,4448.0,52.712,37
2024-11-19 12:15:00-05:00,52.71,52.71,52.64,52.7,7020.0,52.673,57
2024-11-19 12:20:00-05:00,52.69,52.7,52.65,52.65,6394.0,52.663,47
2024-11-19 12:25:00-05:00,52.66,52.81,52.66,52.8,9510.0,52.726,71
2024-11-19 12:30:00-05:00,52.81,52.9,52.79,52.9,9901.0,52.847,73
2024-11-19 12:35:00-05:00,52.89,52.93,52.87,52.92,8950.0,52.897,58
2024-11-19 12:40:00-05:00,52.93,52.95,52.85,52.86,9888.0,52.924,65
2024-11-19 12:45:00-05:00,52.87,52.9,52.85,52.86,12673.0,52.877,80
2024-11-19 12:50:00-05:00,52.85,52.88,52.84,52.86,9714.0,52.865,58
2024-11-19 12:55:00-05:00,52.87,52.87,52.78,52.79,9740.0,52.817,59
2024-11-19 13:00:00-05:00,52.78,52.78,52.71,52.72,13986.0,52.738,82
2024-11-19 13:05:00-05:00,52.72,52.73,52.68,52.7,11220.0,52.707,82
2024-11-19 13:10:00-05:00,52.69,52.76,52.67,52.76,18752.0,52.697,115
2024-11-19 13:15:00-05:00,52.75,52.91,52.75,52.91,16616.0,52.84,100
2024-11-19 13:20:00-05:00,52.9,52.9,52.82,52.85,14418.0,52.863,117
2024-11-19 13:25:00-05:00,52.85,52.87,52.84,52.86,6063.0,52.857,51
2024-11-19 13:30:00-05:00,52.86,52.86,52.81,52.82,9099.0,52.836,61
2024-11-19 13:35:00-05:00,52.82,52.85,52.76,52.84,12684.0,52.793,80
2024-11-19 13:40:00-05:00,52.84,52.85,52.71,52.73,6809.0,52.768,43
2024-11-19 13:45:00-05:00,52.73,52.85,52.72,52.85,6907.0,52.794,57
2024-11-19 13:50:00-05:00,52.84,52.94,52.83,52.94,8245.0,52.881,63
2024-11-19 13:55:00-05:00,52.95,53.05,52.94,53.03,16101.0,52.987,103
2024-11-19 14:00:00-05:00,53.04,53.05,52.98,52.98,8598.0,53.026,53
2024-11-19 14:05:00-05:00,53.0,53.09,52.99,53.09,5004.0,53.039,37
2024-11-19 14:10:00-05:00,53.07,53.09,53.03,53.09,8634.0,53.068,62
2024-11-19 14:15:00-05:00,53.1,53.1,53.05,53.05,7011.0,53.066,55
2024-11-19 14:20:00-05:00,53.05,53.11,53.05,53.1,16514.0,53.087,67
2024-11-19 14:25:00-05:00,53.1,53.11,53.08,53.09,19106.0,53.096,131
2024-11-19 14:30:00-05:00,53.09,53.1,53.04,53.05,17050.0,53.07,121
2024-11-19 14:35:00-05:00,53.05,53.07,53.0,53.06,16310.0,53.033,109
2024-11-19 14:40:00-05:00,53.06,53.09,53.03,53.09,16380.0,53.054,120
2024-11-19 14:45:00-05:00,53.09,53.1,53.07,53.08,11400.0,53.089,89
2024-11-19 14:50:00-05:00,53.08,53.14,53.08,53.11,10160.0,53.12,70
2024-11-19 14:55:00-05:00,53.12,53.14,53.09,53.1,8617.0,53.112,70
2024-11-19 15:00:00-05:00,53.1,53.11,53.04,53.05,10140.0,53.076,78
2024-11-19 15:05:00-05:00,53.06,53.13,53.06,53.12,9854.0,53.079,73
2024-11-19 15:10:00-05:00,53.12,53.29,53.11,53.24,20695.0,53.196,152
2024-11-19 15:15:00-05:00,53.23,53.29,53.18,53.28,17452.0,53.246,144
2024-11-19 15:20:00-05:00,53.27,53.29,53.21,53.28,14153.0,53.254,99
2024-11-19 15:25:00-05:00,53.29,53.29,53.25,53.27,11444.0,53.269,94
2024-11-19 15:30:00-05:00,53.26,53.27,53.21,53.25,18267.0,53.239,144
2024-11-19 15:35:00-05:00,53.25,53.3,53.24,53.27,20863.0,53.27,179
2024-11-19 15:40:00-05:00,53.27,53.28,53.18,53.22,32292.0,53.234,266
2024-11-19 15:45:00-05:00,53.2,53.2,53.11,53.11,34696.0,53.144,273
2024-11-19 15:50:00-05:00,53.11,53.16,53.02,53.16,70029.0,53.088,435
2024-11-19 15:55:00-05:00,53.16,53.21,53.1,53.16,192776.0,53.163,1149
2024-11-20 09:30:00-05:00,52.99,53.32,52.91,53.02,150361.0,53.071,389
2024-11-20 09:35:00-05:00,53.0,53.0,52.62,52.75,132389.0,52.741,337
2024-11-20 09:40:00-05:00,52.75,52.82,52.57,52.64,41699.0,52.707,178
2024-11-20 09:45:00-05:00,52.62,52.75,52.59,52.7,84428.0,52.642,119
2024-11-20 09:50:00-05:00,52.7,52.76,52.6,52.65,40789.0,52.689,280
2024-11-20 09:55:00-05:00,52.65,52.77,52.64,52.65,46555.0,52.693,131
2024-11-20 10:00:00-05:00,52.66,52.94,52.61,52.93,43159.0,52.79,230
2024-11-20 10:05:00-05:00,52.91,53.04,52.87,52.92,43427.0,52.94,282
2024-11-20 10:10:00-05:00,52.88,53.06,52.83,53.05,22864.0,52.922,145
2024-11-20 10:15:00-05:00,53.03,53.17,52.98,53.15,29631.0,53.077,160
2024-11-20 10:20:00-05:00,53.13,53.15,53.04,53.12,15105.0,53.093,114
2024-11-20 10:25:00-05:00,53.12,53.16,53.02,53.16,20858.0,53.083,150
2024-11-20 10:30:00-05:00,53.16,53.28,53.12,53.27,44113.0,53.217,242
2024-11-20 10:35:00-05:00,53.26,53.26,53.11,53.22,49767.0,53.181,301
2024-11-20 10:40:00-05:00,53.24,53.27,53.18,53.25,33867.0,53.233,178
2024-11-20 10:45:00-05:00,53.25,53.26,53.17,53.22,31824.0,53.226,148
2024-11-20 10:50:00-05:00,53.22,53.23,53.18,53.22,11956.0,53.202,86
2024-11-20 10:55:00-05:00,53.21,53.33,53.19,53.23,15886.0,53.25,133
2024-11-20 11:00:00-05:00,53.23,53.23,53.12,53.16,14970.0,53.155,135
2024-11-20 11:05:00-05:00,53.17,53.18,53.09,53.13,13705.0,53.139,87
2024-11-20 11:10:00-05:00,53.12,53.13,53.02,53.06,17546.0,53.071,132
2024-11-20 11:15:00-05:00,53.06,53.17,53.05,53.17,16452.0,53.085,120
2024-11-20 11:20:00-05:00,53.17,53.17,53.08,53.1,69544.0,53.116,206
2024-11-20 11:25:00-05:00,53.09,53.13,53.08,53.12,42142.0,53.11,124
2024-11-20 11:30:00-05:00,53.12,53.14,53.06,53.07,35404.0,53.099,270
2024-11-20 11:35:00-05:00,53.08,53.19,53.05,53.18,23202.0,53.091,185
2024-11-20 11:40:00-05:00,53.19,53.23,53.17,53.22,26290.0,53.209,98
2024-11-20 11:45:00-05:00,53.23,53.24,53.18,53.22,14529.0,53.211,84
2024-11-20 11:50:00-05:00,53.21,53.34,53.21,53.34,12925.0,53.262,78
2024-11-20 11:55:00-05:00,53.33,53.37,53.31,53.37,21772.0,53.345,101
2024-11-20 12:00:00-05:00,53.38,53.39,53.32,53.38,12749.0,53.366,93
2024-11-20 12:05:00-05:00,53.37,53.45,53.35,53.45,7481.0,53.391,34
2024-11-20 12:10:00-05:00,53.43,53.49,53.43,53.44,20367.0,53.467,91
2024-11-20 12:15:00-05:00,53.44,54.46,53.44,54.27,181002.0,53.971,946
2024-11-20 12:20:00-05:00,54.27,55.2,53.98,55.2,280257.0,54.541,1546
2024-11-20 12:25:00-05:00,55.18,55.4,54.62,54.62,224791.0,55.09,1317
2024-11-20 12:30:00-05:00,54.68,55.1,54.54,54.99,58848.0,54.795,390
2024-11-20 12:35:00-05:00,55.0,55.32,54.99,55.32,64741.0,55.14,454
2024-11-20 12:40:00-05:00,55.33,55.45,55.09,55.44,53421.0,55.242,315
2024-11-20 12:45:00-05:00,55.4,55.54,55.27,55.28,69058.0,55.423,404
2024-11-20 12:50:00-05:00,55.3,55.3,54.96,54.96,45520.0,55.154,275
2024-11-20 12:55:00-05:00,54.93,55.24,54.91,55.23,58478.0,55.042,374
2024-11-20 13:00:00-05:00,55.21,55.21,54.99,55.05,69762.0,55.061,318
2024-11-20 13:05:00-05:00,55.05,55.16,55.01,55.13,30765.0,55.077,208
2024-11-20 13:10:00-05:00,55.11,55.11,54.92,55.0,29740.0,54.998,201
2024-11-20 13:15:00-05:00,55.0,55.11,54.9,54.98,49638.0,55.021,329
2024-11-20 13:20:00-05:00,54.98,55.03,54.87,54.91,38648.0,54.945,241
2024-11-20 13:25:00-05:00,54.91,54.99,54.78,54.83,36623.0,54.868,251
2024-11-20 13:30:00-05:00,54.84,54.84,54.67,54.67,28019.0,54.718,210
2024-11-20 13:35:00-05:00,54.67,54.72,54.38,54.48,76280.0,54.521,381
2024-11-20 13:40:00-05:00,54.47,54.54,54.31,54.38,147138.0,54.367,515
2024-11-20 13:45:00-05:00,54.36,54.45,54.28,54.45,35001.0,54.317,155
2024-11-20 13:50:00-05:00,54.46,54.62,54.44,54.62,16093.0,54.53,119
2024-11-20 13:55:00-05:00,54.62,54.7,54.54,54.62,18112.0,54.617,111
2024-11-20 14:00:00-05:00,54.62,54.67,54.59,54.62,15485.0,54.619,99
2024-11-20 14:05:00-05:00,54.61,54.63,54.51,54.51,16828.0,54.592,111
2024-11-20 14:10:00-05:00,54.5,54.6,54.49,54.58,19711.0,54.558,133
2024-11-20 14:15:00-05:00,54.57,54.67,54.57,54.66,20715.0,54.631,157
2024-11-20 14:20:00-05:00,54.66,54.68,54.59,54.6,23191.0,54.648,152
2024-11-20 14:25:00-05:00,54.6,54.67,54.49,54.66,30282.0,54.559,174
2024-11-20 14:30:00-05:00,54.65,54.72,54.61,54.72,24992.0,54.656,168
2024-11-20 14:35:00-05:00,54.71,54.8,54.64,54.78,24265.0,54.71,172
2024-11-20 14:40:00-05:00,54.79,54.87,54.77,54.84,17302.0,54.805,117
2024-11-20 14:45:00-05:00,54.84,54.88,54.83,54.83,21013.0,54.852,172
2024-11-20 14:50:00-05:00,54.82,54.88,54.79,54.82,27928.0,54.833,197
2024-11-20 14:55:00-05:00,54.82,54.83,54.68,54.69,20199.0,54.756,145
2024-11-20 15:00:00-05:00,54.69,54.78,54.62,54.77,34269.0,54.706,229
2024-11-20 15:05:00-05:00,54.77,54.86,54.76,54.78,41979.0,54.793,262
2024-11-20 15:10:00-05:00,54.78,54.8,54.72,54.72,32395.0,54.761,235
2024-11-20 15:15:00-05:00,54.73,54.92,54.73,54.91,39373.0,54.837,229
2024-11-20 15:20:00-05:00,54.91,55.05,54.91,55.03,43761.0,54.978,266
2024-11-20 15:25:00-05:00,55.03,55.11,55.01,55.08,37836.0,55.065,249
2024-11-20 15:30:00-05:00,55.09,55.18,55.06,55.16,65913.0,55.11,412
2024-11-20 15:35:00-05:00,55.16,55.25,55.12,55.2,76495.0,55.197,501
2024-11-20 15:40:00-05:00,55.2,55.3,55.14,55.29,101731.0,55.218,655
2024-11-20 15:45:00-05:00,55.29,55.37,55.24,55.37,97540.0,55.291,653
2024-11-20 15:50:00-05:00,55.38,55.42,55.06,55.29,190067.0,55.25,1252
2024-11-20 15:55:00-05:00,55.29,55.8,55.26,55.71,772728.0,55.516,3268
2024-11-21 09:30:00-05:00,54.62,55.15,54.4,54.57,131879.0,54.601,386
2024-11-21 09:35:00-05:00,54.63,54.68,54.4,54.59,53102.0,54.542,296
2024-11-21 09:40:00-05:00,54.62,54.8,54.48,54.8,29608.0,54.597,191
2024-11-21 09:45:00-05:00,54.79,55.06,54.75,54.89,83391.0,54.936,490
2024-11-21 09:50:00-05:00,54.91,55.0,54.79,54.93,136269.0,54.882,377
2024-11-21 09:55:00-05:00,54.94,54.96,54.84,54.9,25895.0,54.907,174
2024-11-21 10:00:00-05:00,54.9,55.12,54.88,55.01,86006.0,55.026,388
2024-11-21 10:05:00-05:00,55.03,55.31,54.97,55.31,17308.0,55.101,119
2024-11-21 10:10:00-05:00,55.29,55.35,55.22,55.3,19249.0,55.288,139
2024-11-21 10:15:00-05:00,55.3,55.4,55.27,55.4,33785.0,55.318,163
2024-11-21 10:20:00-05:00,55.4,55.44,55.26,55.28,36884.0,55.386,172
2024-11-21 10:25:00-05:00,55.27,55.29,55.12,55.13,9204.0,55.196,74
2024-11-21 10:30:00-05:00,55.11,55.15,55.04,55.09,16117.0,55.109,112
2024-11-21 10:35:00-05:00,55.1,55.25,55.1,55.11,18847.0,55.167,132
2024-11-21 10:40:00-05:00,55.11,55.12,55.02,55.02,23071.0,55.072,158
2024-11-21 10:45:00-05:00,55.02,55.13,55.01,55.1,46783.0,55.056,257
2024-11-21 10:50:00-05:00,55.1,55.14,54.98,55.14,19925.0,55.028,138
2024-11-21 10:55:00-05:00,55.15,55.32,55.12,55.2,17851.0,55.228,130
2024-11-21 11:00:00-05:00,55.21,55.48,55.2,55.47,34541.0,55.297,181
2024-11-21 11:05:00-05:00,55.47,55.52,55.37,55.38,20095.0,55.444,146
2024-11-21 11:10:00-05:00,55.39,55.47,55.39,55.42,17250.0,55.433,124
2024-11-21 11:15:00-05:00,55.41,55.43,55.34,55.41,27498.0,55.388,183
2024-11-21 11:20:00-05:00,55.43,55.46,55.38,55.44,14056.0,55.415,106
2024-11-21 11:25:00-05:00,55.45,55.58,55.42,55.54,21388.0,55.515,162
2024-11-21 11:30:00-05:00,55.54,55.58,55.48,55.49,36201.0,55.535,277
2024-11-21 11:35:00-05:00,55.49,55.49,55.34,55.41,9596.0,55.421,82
2024-11-21 11:40:00-05:00,55.43,55.57,55.43,55.55,9944.0,55.506,69
2024-11-21 11:45:00-05:00,55.55,55.55,55.41,55.47,6494.0,55.469,56
2024-11-21 11:50:00-05:00,55.46,55.53,55.45,55.53,8028.0,55.495,72
2024-11-21 11:55:00-05:00,55.52,55.6,55.51,55.56,7615.0,55.564,61
2024-11-21 12:00:00-05:00,55.56,55.56,55.4,55.44,8710.0,55.467,71
2024-11-21 12:05:00-05:00,55.44,55.53,55.44,55.48,6069.0,55.489,57
2024-11-21 12:10:00-05:00,55.48,55.49,55.46,55.49,5777.0,55.478,52
2024-11-21 12:15:00-05:00,55.49,55.52,55.44,55.51,5728.0,55.492,44
2024-11-21 12:20:00-05:00,55.51,55.64,55.5,55.64,12090.0,55.574,70
2024-11-21 12:25:00-05:00,55.63,55.69,55.6,55.67,4662.0,55.633,39
2024-11-21 12:30:00-05:00,55.67,55.7,55.65,55.66,5688.0,55.669,44
2024-11-21 12:35:00-05:00,55.65,55.66,55.62,55.64,3838.0,55.643,32
2024-11-21 12:40:00-05:00,55.65,55.65,55.58,55.63,8673.0,55.611,73
2024-11-21 12:45:00-05:00,55.61,55.65,55.59,55.64,3870.0,55.614,35
2024-11-21 12:50:00-05:00,55.63,55.66,55.61,55.61,10350.0,55.643,57
2024-11-21 12:55:00-05:00,55.6,55.63,55.54,55.54,11494.0,55.589,88
2024-11-21 13:00:00-05:00,55.55,55.57,55.42,55.51,8384.0,55.498,54
2024-11-21 13:05:00-05:00,55.52,55.59,55.52,55.59,6769.0,55.552,51
2024-11-21 13:10:00-05:00,55.59,55.61,55.52,55.52,6754.0,55.58,50
2024-11-21 13:15:00-05:00,55.52,55.58,55.49,55.57,5313.0,55.538,37
2024-11-21 13:20:00-05:00,55.56,55.62,55.54,55.6,8061.0,55.562,54
2024-11-21 13:25:00-05:00,55.62,55.62,55.57,55.59,5376.0,55.597,46
2024-11-21 13:30:00-05:00,55.58,55.62,55.57,55.57,7656.0,55.602,62
2024-11-21 13:35:00-05:00,55.58,55.73,55.55,55.69,29672.0,55.618,129
2024-11-21 13:40:00-05:00,55.69,55.7,55.67,55.68,5517.0,55.679,42
2024-11-21 13:45:00-05:00,55.69,55.7,55.67,55.7,5402.0,55.684,40
2024-11-21 13:50:00-05:00,55.7,55.84,55.69,55.84,10970.0,55.769,83
2024-11-21 13:55:00-05:00,55.85,55.86,55.77,55.83,12076.0,55.821,91
2024-11-21 14:00:00-05:00,55.84,55.92,55.84,55.92,15754.0,55.876,100
2024-11-21 14:05:00-05:00,55.9,55.9,55.86,55.87,6400.0,55.878,57
2024-11-21 14:10:00-05:00,55.87,55.9,55.85,55.9,11658.0,55.872,97
2024-11-21 14:15:00-05:00,55.9,56.0,55.9,55.92,22251.0,55.967,163
2024-11-21 14:20:00-05:00,55.91,55.98,55.79,55.95,16309.0,55.876,119
2024-11-21 14:25:00-05:00,55.93,56.0,55.9,56.0,11711.0,55.935,94
2024-11-21 14:30:00-05:00,56.0,56.0,55.94,55.96,13587.0,55.972,99
2024-11-21 14:35:00-05:00,55.95,56.03,55.93,56.03,16789.0,55.969,128
2024-11-21 14:40:00-05:00,56.01,56.04,55.97,56.0,15469.0,56.0,116
2024-11-21 14:45:00-05:00,55.99,56.08,55.94,56.08,62075.0,56.026,201
2024-11-21 14:50:00-05:00,56.09,56.13,56.01,56.02,76273.0,56.09,319
2024-11-21 14:55:00-05:00,56.03,56.12,56.02,56.08,17143.0,56.057,128
2024-11-21 15:00:00-05:00,56.09,56.2,56.08,56.2,22433.0,56.149,164
2024-11-21 15:05:00-05:00,56.21,56.31,56.19,56.31,42832.0,56.263,236
2024-11-21 15:10:00-05:00,56.31,56.32,56.07,56.15,40023.0,56.205,231
2024-11-21 15:15:00-05:00,56.14,56.16,56.08,56.14,18654.0,56.124,114
2024-11-21 15:20:00-05:00,56.14,56.31,56.13,56.3,25981.0,56.233,186
2024-11-21 15:25:00-05:00,56.3,56.31,56.21,56.25,33916.0,56.249,212
2024-11-21 15:30:00-05:00,56.25,56.26,56.16,56.24,47403.0,56.211,303
2024-11-21 15:35:00-05:00,56.24,56.3,56.21,56.26,39239.0,56.261,260
2024-11-21 15:40:00-05:00,56.25,56.34,56.25,56.32,54730.0,56.296,346
2024-11-21 15:45:00-05:00,56.33,56.34,56.22,56.28,55783.0,56.296,339
2024-11-21 15:50:00-05:00,56.28,56.31,56.18,56.24,131762.0,56.261,716
2024-11-21 15:55:00-05:00,56.25,56.39,56.25,56.38,413282.0,56.326,2259
2024-11-22 09:30:00-05:00,56.5,56.78,56.42,56.74,104925.0,56.548,297
2024-11-22 09:35:00-05:00,56.75,56.82,56.57,56.82,61730.0,56.722,249
2024-11-22 09:40:00-05:00,56.8,56.89,56.5,56.72,35665.0,56.727,214
2024-11-22 09:45:00-05:00,56.7,56.81,56.63,56.74,20170.0,56.733,104
2024-11-22 09:50:00-05:00,56.75,56.76,56.48,56.54,36273.0,56.636,173
2024-11-22 09:55:00-05:00,56.55,56.56,56.39,56.52,35977.0,56.465,208
2024-11-22 10:00:00-05:00,56.53,56.62,56.41,56.46,18420.0,56.543,133
2024-11-22 10:05:00-05:00,56.47,56.61,56.47,56.5,23286.0,56.537,158
2024-11-22 10:10:00-05:00,56.51,56.57,56.48,56.51,11085.0,56.522,86
2024-11-22 10:15:00-05:00,56.51,56.64,56.51,56.6,24577.0,56.585,164
2024-11-22 10:20:00-05:00,56.62,56.69,56.57,56.69,28681.0,56.631,199
2024-11-22 10:25:00-05:00,56.68,56.78,56.64,56.73,32020.0,56.705,233
2024-11-22 10:30:00-05:00,56.74,56.84,56.72,56.84,9852.0,56.788,78
2024-11-22 10:35:00-05:00,56.84,56.86,56.79,56.83,34081.0,56.827,205
2024-11-22 10:40:00-05:00,56.81,56.96,56.8,56.94,25226.0,56.885,175
2024-11-22 10:45:00-05:00,56.91,56.99,56.84,56.87,56502.0,56.907,313
2024-11-22 10:50:00-05:00,56.87,56.95,56.82,56.87,43678.0,56.881,253
2024-11-22 10:55:00-05:00,56.85,56.91,56.75,56.9,34963.0,56.83,214
2024-11-22 11:00:00-05:00,56.89,56.93,56.79,56.83,45317.0,56.865,258
2024-11-22 11:05:00-05:00,56.85,56.87,56.73,56.78,35589.0,56.804,207
2024-11-22 11:10:00-05:00,56.79,56.81,56.75,56.8,30898.0,56.783,213
2024-11-22 11:15:00-05:00,56.82,56.82,56.64,56.69,60315.0,56.716,299
2024-11-22 11:20:00-05:00,56.71,56.8,56.69,56.75,34982.0,56.757,206
2024-11-22 11:25:00-05:00,56.75,56.77,56.7,56.74,29687.0,56.742,193
2024-11-22 11:30:00-05:00,56.73,56.76,56.67,56.68,36226.0,56.737,245
2024-11-22 11:35:00-05:00,56.69,56.76,56.68,56.75,19395.0,56.741,130
2024-11-22 11:40:00-05:00,56.75,56.75,56.71,56.74,29481.0,56.731,194
2024-11-22 11:45:00-05:00,56.72,56.75,56.67,56.74,23570.0,56.715,155
2024-11-22 11:50:00-05:00,56.71,56.75,56.65,56.73,14953.0,56.693,73
2024-11-22 11:55:00-05:00,56.71,56.71,56.65,56.68,43643.0,56.696,131
2024-11-22 12:00:00-05:00,56.69,56.71,56.66,56.7,8136.0,56.687,53
2024-11-22 12:05:00-05:00,56.7,56.73,56.67,56.72,16781.0,56.702,128
2024-11-22 12:10:00-05:00,56.71,56.71,56.65,56.7,62990.0,56.68,146
2024-11-22 12:15:00-05:00,56.7,56.71,56.63,56.66,19382.0,56.66,70
2024-11-22 12:20:00-05:00,56.66,56.71,56.65,56.67,15616.0,56.681,83
2024-11-22 12:25:00-05:00,56.68,56.7,56.65,56.7,9877.0,56.674,69
2024-11-22 12:30:00-05:00,56.68,56.69,56.6,56.62,46887.0,56.646,327
2024-11-22 12:35:00-05:00,56.63,56.64,56.52,56.52,8954.0,56.6,50
2024-11-22 12:40:00-05:00,56.53,56.6,56.53,56.6,7209.0,56.56,52
2024-11-22 12:45:00-05:00,56.6,56.63,56.54,56.55,55297.0,56.562,154
2024-11-22 12:50:00-05:00,56.54,56.55,56.47,56.49,17235.0,56.52,94
2024-11-22 12:55:00-05:00,56.49,56.49,56.43,56.48,14055.0,56.459,78
2024-11-22 13:00:00-05:00,56.48,56.54,56.48,56.5,9516.0,56.506,74
2024-11-22 13:05:00-05:00,56.53,56.56,56.5,56.5,9337.0,56.536,53
2024-11-22 13:10:00-05:00,56.49,56.54,56.47,56.53,6660.0,56.5,33
2024-11-22 13:15:00-05:00,56.49,56.51,56.44,56.46,25478.0,56.462,115
2024-11-22 13:20:00-05:00,56.45,56.52,56.44,56.48,13066.0,56.466,65
2024-11-22 13:25:00-05:00,56.47,56.51,56.44,56.48,12437.0,56.462,87
2024-11-22 13:30:00-05:00,56.48,56.5,56.45,56.49,11236.0,56.476,85
2024-11-22 13:35:00-05:00,56.49,56.53,56.48,56.5,5745.0,56.501,42
2024-11-22 13:40:00-05:00,56.49,56.53,56.47,56.49,14405.0,56.498,93
2024-11-22 13:45:00-05:00,56.48,56.66,56.48,56.66,11240.0,56.592,92
2024-11-22 13:50:00-05:00,56.63,56.66,56.58,56.66,24144.0,56.612,130
2024-11-22 13:55:00-05:00,56.64,56.7,56.64,56.69,8802.0,56.678,67
2024-11-22 14:00:00-05:00,56.67,56.71,56.67,56.71,7691.0,56.685,61
2024-11-22 14:05:00-05:00,56.72,56.73,56.67,56.68,11822.0,56.694,78
2024-11-22 14:10:00-05:00,56.66,56.75,56.66,56.75,7021.0,56.71,52
2024-11-22 14:15:00-05:00,56.76,56.78,56.68,56.74,21182.0,56.736,163
2024-11-22 14:20:00-05:00,56.75,56.82,56.74,56.8,9737.0,56.787,68
2024-11-22 14:25:00-05:00,56.8,56.87,56.8,56.86,8299.0,56.844,63
2024-11-22 14:30:00-05:00,56.87,56.88,56.78,56.79,13005.0,56.827,83
2024-11-22 14:35:00-05:00,56.8,56.8,56.73,56.73,4832.0,56.776,34
2024-11-22 14:40:00-05:00,56.73,56.8,56.73,56.78,16953.0,56.774,109
2024-11-22 14:45:00-05:00,56.78,56.87,56.77,56.85,17514.0,56.815,110
2024-11-22 14:50:00-05:00,56.86,56.92,56.82,56.92,22737.0,56.862,120
2024-11-22 14:55:00-05:00,56.92,56.95,56.87,56.89,15043.0,56.916,107
2024-11-22 15:00:00-05:00,56.88,56.88,56.76,56.76,32307.0,56.853,232
2024-11-22 15:05:00-05:00,56.76,56.84,56.75,56.82,15538.0,56.798,125
2024-11-22 15:10:00-05:00,56.81,56.82,56.77,56.78,25803.0,56.804,178
2024-11-22 15:15:00-05:00,56.78,56.84,56.73,56.83,19333.0,56.78,122
2024-11-22 15:20:00-05:00,56.83,56.84,56.76,56.77,14703.0,56.793,69
2024-11-22 15:25:00-05:00,56.77,56.83,56.73,56.77,35041.0,56.771,222
2024-11-22 15:30:00-05:00,56.76,56.81,56.74,56.76,26166.0,56.771,198
2024-11-22 15:35:00-05:00,56.76,56.82,56.65,56.66,20451.0,56.767,147
2024-11-22 15:40:00-05:00,56.67,56.67,56.52,56.53,38054.0,56.581,288
2024-11-22 15:45:00-05:00,56.54,56.68,56.53,56.68,50077.0,56.573,361
2024-11-22 15:50:00-05:00,56.64,56.8,56.48,56.76,156555.0,56.663,986
2024-11-22 15:55:00-05:00,56.75,56.81,56.61,56.63,265130.0,56.711,1504
2024-11-25 09:30:00-05:00,56.42,56.59,55.62,55.94,229403.0,56.094,714
2024-11-25 09:35:00-05:00,55.92,55.92,55.62,55.71,81778.0,55.757,467
2024-11-25 09:40:00-05:00,55.71,55.86,55.68,55.84,56506.0,55.768,366
2024-11-25 09:45:00-05:00,55.82,56.2,55.82,56.17,44511.0,56.067,307
2024-11-25 09:50:00-05:00,56.19,56.36,56.16,56.32,43008.0,56.279,293
2024-11-25 09:55:00-05:00,56.34,56.58,56.29,56.54,38656.0,56.397,264
2024-11-25 10:00:00-05:00,56.54,56.64,56.51,56.55,26409.0,56.576,182
2024-11-25 10:05:00-05:00,56.57,56.72,56.55,56.63,19822.0,56.644,151
2024-11-25 10:10:00-05:00,56.62,56.67,56.49,56.54,25331.0,56.568,196
2024-11-25 10:15:00-05:00,56.53,56.69,56.52,56.67,21228.0,56.607,151
2024-11-25 10:20:00-05:00,56.69,56.73,56.63,56.73,24165.0,56.675,201
2024-11-25 10:25:00-05:00,56.74,56.76,56.63,56.72,19398.0,56.697,148
2024-11-25 10:30:00-05:00,56.71,56.72,56.46,56.49,20746.0,56.57,172
2024-11-25 10:35:00-05:00,56.49,56.51,56.11,56.11,22847.0,56.332,185
2024-11-25 10:40:00-05:00,56.12,56.32,56.09,56.28,23142.0,56.198,189
2024-11-25 10:45:00-05:00,56.28,56.56,56.28,56.56,18087.0,56.461,148
2024-11-25 10:50:00-05:00,56.54,56.59,56.51,56.59,16791.0,56.552,140
2024-11-25 10:55:00-05:00,56.59,56.62,56.5,56.62,25894.0,56.559,199
2024-11-25 11:00:00-05:00,56.61,56.64,56.49,56.55,18717.0,56.567,153
2024-11-25 11:05:00-05:00,56.55,56.6,56.48,56.6,14664.0,56.551,109
2024-11-25 11:10:00-05:00,56.59,56.64,56.54,56.57,22936.0,56.581,171
2024-11-25 11:15:00-05:00,56.55,56.63,56.53,56.62,20109.0,56.598,158
2024-11-25 11:20:00-05:00,56.63,56.64,56.44,56.47,30465.0,56.565,214
2024-11-25 11:25:00-05:00,56.46,56.67,56.42,56.61,40015.0,56.563,258
2024-11-25 11:30:00-05:00,56.61,56.61,56.22,56.39,129630.0,56.406,759
2024-11-25 11:35:00-05:00,56.38,56.39,56.22,56.23,23172.0,56.329,119
2024-11-25 11:40:00-05:00,56.24,56.4,56.23,56.35,7625.0,56.34,53
2024-11-25 11:45:00-05:00,56.35,56.35,56.25,56.31,7999.0,56.296,62
2024-11-25 11:50:00-05:00,56.32,56.36,56.27,56.28,12142.0,56.316,92
2024-11-25 11:55:00-05:00,56.29,56.41,56.28,56.41,16141.0,56.326,131
2024-11-25 12:00:00-05:00,56.41,56.54,56.37,56.54,18203.0,56.438,143
2024-11-25 12:05:00-05:00,56.54,56.6,56.52,56.55,10575.0,56.564,76
2024-11-25 12:10:00-05:00,56.56,56.6,56.47,56.53,9997.0,56.528,91
2024-11-25 12:15:00-05:00,56.52,56.55,56.5,56.55,11937.0,56.521,99
2024-11-25 12:20:00-05:00,56.55,56.55,56.42,56.42,19385.0,56.522,127
2024-11-25 12:25:00-05:00,56.43,56.47,56.37,56.4,11798.0,56.424,100
2024-11-25 12:30:00-05:00,56.39,56.44,56.38,56.41,9896.0,56.414,76
2024-11-25 12:35:00-05:00,56.4,56.42,56.36,56.38,12904.0,56.397,98
2024-11-25 12:40:00-05:00,56.38,56.4,56.27,56.3,15842.0,56.335,110
2024-11-25 12:45:00-05:00,56.28,56.28,56.22,56.26,9291.0,56.247,73
2024-11-25 12:50:00-05:00,56.26,56.33,56.26,56.31,13759.0,56.295,88
2024-11-25 12:55:00-05:00,56.3,56.36,56.3,56.33,13203.0,56.325,102
2024-11-25 13:00:00-05:00,56.31,56.41,56.31,56.37,12703.0,56.369,104
2024-11-25 13:05:00-05:00,56.38,56.43,56.35,56.43,13645.0,56.376,112
2024-11-25 13:10:00-05:00,56.43,56.51,56.43,56.49,13578.0,56.465,100
2024-11-25 13:15:00-05:00,56.49,56.51,56.46,56.49,15316.0,56.48,120
2024-11-25 13:20:00-05:00,56.49,56.49,56.31,56.38,11349.0,56.391,90
2024-11-25 13:25:00-05:00,56.38,56.45,56.37,56.44,11508.0,56.407,85
2024-11-25 13:30:00-05:00,56.44,56.47,56.38,56.47,11437.0,56.416,92
2024-11-25 13:35:00-05:00,56.46,56.49,56.41,56.48,16454.0,56.443,109
2024-11-25 13:40:00-05:00,56.47,56.49,56.42,56.48,14485.0,56.449,102
2024-11-25 13:45:00-05:00,56.48,56.57,56.47,56.57,14437.0,56.503,100
2024-11-25 13:50:00-05:00,56.57,56.59,56.53,56.55,19335.0,56.558,133
2024-11-25 13:55:00-05:00,56.55,56.56,56.47,56.49,11431.0,56.521,80
2024-11-25 14:00:00-05:00,56.49,56.5,56.45,56.47,12467.0,56.471,102
2024-11-25 14:05:00-05:00,56.48,56.49,56.41,56.48,16198.0,56.445,103
2024-11-25 14:10:00-05:00,56.48,56.49,56.45,56.46,9570.0,56.466,72
2024-11-25 14:15:00-05:00,56.45,56.45,56.35,56.38,21430.0,56.397,139
2024-11-25 14:20:00-05:00,56.38,56.4,56.28,56.29,19092.0,56.35,134
2024-11-25 14:25:00-05:00,56.28,56.35,56.27,56.34,11112.0,56.31,76
2024-11-25 14:30:00-05:00,56.33,56.37,56.3,56.34,14918.0,56.33,110
2024-11-25 14:35:00-05:00,56.33,56.46,56.33,56.37,15344.0,56.405,110
2024-11-25 14:40:00-05:00,56.38,56.43,56.37,56.4,15230.0,56.399,103
2024-11-25 14:45:00-05:00,56.39,56.43,56.37,56.39,13431.0,56.4,96
2024-11-25 14:50:00-05:00,56.4,56.42,56.36,56.37,18270.0,56.388,134
2024-11-25 14:55:00-05:00,56.38,56.39,56.33,56.34,13712.0,56.352,102
2024-11-25 15:00:00-05:00,56.34,56.34,56.22,56.29,19306.0,56.285,136
2024-11-25 15:05:00-05:00,56.29,56.39,56.29,56.37,17036.0,56.362,116
2024-11-25 15:10:00-05:00,56.39,56.4,56.31,56.32,18861.0,56.351,142
2024-11-25 15:15:00-05:00,56.31,56.32,56.19,56.22,22576.0,56.264,172
2024-11-25 15:20:00-05:00,56.22,56.24,56.19,56.24,16458.0,56.211,132
2024-11-25 15:25:00-05:00,56.23,56.3,56.21,56.25,18430.0,56.256,144
2024-11-25 15:30:00-05:00,56.24,56.29,56.18,56.27,29173.0,56.228,202
2024-11-25 15:35:00-05:00,56.29,56.43,56.29,56.42,24844.0,56.354,192
2024-11-25 15:40:00-05:00,56.42,56.47,56.41,56.42,30681.0,56.433,226
2024-11-25 15:45:00-05:00,56.42,56.48,56.37,56.45,45950.0,56.421,370
2024-11-25 15:50:00-05:00,56.46,56.63,56.46,56.58,85074.0,56.537,587
2024-11-25 15:55:00-05:00,56.57,56.62,56.18,56.25,392774.0,56.392,2100
2024-11-26 09:30:00-05:00,55.94,56.08,55.56,55.56,101436.0,55.823,485
2024-11-26 09:35:00-05:00,55.54,55.73,55.54,55.69,21880.0,55.655,173
2024-11-26 09:40:00-05:00,55.72,56.02,55.71,56.0,36560.0,55.854,238
2024-11-26 09:45:00-05:00,55.98,56.05,55.86,55.87,33836.0,55.968,212
2024-11-26 09:50:00-05:00,55.87,55.87,55.76,55.8,15780.0,55.801,125
2024-11-26 09:55:00-05:00,55.78,55.87,55.63,55.7,19560.0,55.743,154
2024-11-26 10:00:00-05:00,55.71,55.8,55.48,55.5,14105.0,55.688,105
2024-11-26 10:05:00-05:00,55.5,55.57,55.47,55.52,17068.0,55.528,149
2024-11-26 10:10:00-05:00,55.52,55.64,55.5,55.6,23187.0,55.566,190
2024-11-26 10:15:00-05:00,55.58,55.6,55.46,55.52,14164.0,55.533,108
2024-11-26 10:20:00-05:00,55.52,55.53,55.35,55.35,9946.0,55.428,90
2024-11-26 10:25:00-05:00,55.36,55.41,55.35,55.4,14711.0,55.374,107
2024-11-26 10:30:00-05:00,55.4,55.45,55.34,55.35,31835.0,55.365,179
2024-11-26 10:35:00-05:00,55.36,55.47,55.35,55.44,17176.0,55.424,119
2024-11-26 10:40:00-05:00,55.44,55.54,55.43,55.53,11033.0,55.5,87
2024-11-26 10:45:00-05:00,55.53,55.59,55.49,55.5,10787.0,55.53,78
2024-11-26 10:50:00-05:00,55.51,55.56,55.51,55.51,8076.0,55.537,62
2024-11-26 10:55:00-05:00,55.51,55.51,55.42,55.43,8881.0,55.474,60
2024-11-26 11:00:00-05:00,55.43,55.45,55.37,55.38,9640.0,55.412,75
2024-11-26 11:05:00-05:00,55.37,55.37,55.25,55.27,20144.0,55.34,129
2024-11-26 11:10:00-05:00,55.25,55.25,54.96,54.98,50098.0,55.081,331
2024-11-26 11:15:00-05:00,54.98,55.27,54.98,55.27,53518.0,55.077,213
2024-11-26 11:20:00-05:00,55.29,55.38,55.28,55.38,12120.0,55.325,85
2024-11-26 11:25:00-05:00,55.37,55.46,55.34,55.44,32917.0,55.414,214
2024-11-26 11:30:00-05:00,55.44,55.46,55.42,55.43,14169.0,55.442,105
2024-11-26 11:35:00-05:00,55.43,55.52,55.42,55.52,25452.0,55.471,194
2024-11-26 11:40:00-05:00,55.52,55.53,55.48,55.51,9634.0,55.507,75
2024-11-26 11:45:00-05:00,55.52,55.58,55.43,55.45,19426.0,55.503,152
2024-11-26 11:50:00-05:00,55.43,55.46,55.43,55.44,14364.0,55.448,115
2024-11-26 11:55:00-05:00,55.45,55.45,55.42,55.43,8002.0,55.433,60
2024-11-26 12:00:00-05:00,55.44,55.44,55.39,55.41,5414.0,55.414,38
2024-11-26 12:05:00-05:00,55.41,55.47,55.41,55.47,7947.0,55.443,67
2024-11-26 12:10:00-05:00,55.47,55.48,55.42,55.46,5850.0,55.452,46
2024-11-26 12:15:00-05:00,55.47,55.5,55.43,55.44,8456.0,55.46,54
2024-11-26 12:20:00-05:00,55.43,55.47,55.43,55.44,10981.0,55.449,76
2024-11-26 12:25:00-05:00,55.44,55.44,55.41,55.44,5343.0,55.427,44
2024-11-26 12:30:00-05:00,55.45,55.5,55.44,55.48,7746.0,55.478,48
2024-11-26 12:35:00-05:00,55.47,55.48,55.44,55.48,5143.0,55.466,36
2024-11-26 12:40:00-05:00,55.48,55.51,55.45,55.45,8940.0,55.489,70
2024-11-26 12:45:00-05:00,55.45,55.46,55.41,55.41,7028.0,55.444,53
2024-11-26 12:50:00-05:00,55.41,55.43,55.36,55.41,8071.0,55.393,65
2024-11-26 12:55:00-05:00,55.41,55.42,55.39,55.41,8422.0,55.402,63
2024-11-26 13:00:00-05:00,55.41,55.42,55.36,55.37,7494.0,55.402,49
2024-11-26 13:05:00-05:00,55.37,55.43,55.36,55.42,6357.0,55.399,55
2024-11-26 13:10:00-05:00,55.41,55.43,55.39,55.4,5170.0,55.412,47
2024-11-26 13:15:00-05:00,55.39,55.39,55.28,55.29,7774.0,55.352,61
2024-11-26 13:20:00-05:00,55.28,55.29,55.15,55.25,9861.0,55.219,85
2024-11-26 13:25:00-05:00,55.25,55.25,55.19,55.24,7631.0,55.225,60
2024-11-26 13:30:00-05:00,55.25,55.4,55.25,55.4,10583.0,55.335,82
2024-11-26 13:35:00-05:00,55.4,55.44,55.37,55.42,7547.0,55.406,45
2024-11-26 13:40:00-05:00,55.42,55.5,55.42,55.43,4487.0,55.45,37
2024-11-26 13:45:00-05:00,55.44,55.48,55.38,55.48,7101.0,55.427,62
2024-11-26 13:50:00-05:00,55.46,55.5,55.45,55.47,8397.0,55.475,58
2024-11-26 13:55:00-05:00,55.47,55.47,55.41,55.42,3702.0,55.436,24
2024-11-26 14:00:00-05:00,55.41,55.41,55.36,55.37,7460.0,55.389,59
2024-11-26 14:05:00-05:00,55.37,55.37,55.3,55.3,6478.0,55.336,50
2024-11-26 14:10:00-05:00,55.3,55.36,55.3,55.34,11263.0,55.331,79
2024-11-26 14:15:00-05:00,55.33,55.39,55.31,55.38,12351.0,55.345,82
2024-11-26 14:20:00-05:00,55.37,55.41,55.33,55.37,14699.0,55.37,101
2024-11-26 14:25:00-05:00,55.37,55.4,55.37,55.4,7725.0,55.39,65
2024-11-26 14:30:00-05:00,55.39,55.39,55.32,55.32,7101.0,55.355,62
2024-11-26 14:35:00-05:00,55.32,55.33,55.28,55.29,6903.0,55.312,56
2024-11-26 14:40:00-05:00,55.29,55.33,55.29,55.3,5367.0,55.316,48
2024-11-26 14:45:00-05:00,55.31,55.4,55.3,55.4,8393.0,55.353,66
2024-11-26 14:50:00-05:00,55.39,55.41,55.37,55.37,6671.0,55.393,59
2024-11-26 14:55:00-05:00,55.37,55.48,55.37,55.47,9362.0,55.42,83
2024-11-26 15:00:00-05:00,55.46,55.5,55.43,55.44,9173.0,55.459,69
2024-11-26 15:05:00-05:00,55.43,55.5,55.42,55.49,6022.0,55.456,48
2024-11-26 15:10:00-05:00,55.48,55.52,55.45,55.46,10900.0,55.487,80
2024-11-26 15:15:00-05:00,55.46,55.57,55.44,55.51,22473.0,55.524,120
2024-11-26 15:20:00-05:00,55.52,55.52,55.36,55.44,24214.0,55.449,112
2024-11-26 15:25:00-05:00,55.44,55.51,55.41,55.46,13943.0,55.469,113
2024-11-26 15:30:00-05:00,55.45,55.47,55.39,55.47,11359.0,55.426,103
2024-11-26 15:35:00-05:00,55.46,55.48,55.37,55.44,17965.0,55.427,154
2024-11-26 15:40:00-05:00,55.44,55.54,55.44,55.54,19627.0,55.485,144
2024-11-26 15:45:00-05:00,55.55,55.6,55.5,55.6,25039.0,55.55,211
2024-11-26 15:50:00-05:00,55.61,55.64,55.51,55.55,55092.0,55.571,425
2024-11-26 15:55:00-05:00,55.55,55.62,55.47,55.53,179841.0,55.547,1168
2024-11-27 09:30:00-05:00,54.45,55.28,54.45,55.03,198323.0,54.985,686
2024-11-27 09:35:00-05:00,55.05,55.06,54.65,54.65,25181.0,54.84,174
2024-11-27 09:40:00-05:00,54.66,54.82,54.64,54.8,48575.0,54.753,311
2024-11-27 09:45:00-05:00,54.79,54.81,54.54,54.61,27086.0,54.683,173
2024-11-27 09:50:00-05:00,54.6,54.61,54.46,54.49,32424.0,54.524,198
2024-11-27 09:55:00-05:00,54.47,54.47,54.33,54.36,20864.0,54.38,119
2024-11-27 10:00:00-05:00,54.34,54.5,54.31,54.46,16927.0,54.417,121
2024-11-27 10:05:00-05:00,54.45,54.49,54.39,54.42,26799.0,54.44,179
2024-11-27 10:10:00-05:00,54.4,54.54,54.4,54.53,15420.0,54.447,100
2024-11-27 10:15:00-05:00,54.51,54.55,54.43,54.45,22246.0,54.478,162
2024-11-27 10:20:00-05:00,54.44,54.44,54.27,54.29,19271.0,54.371,129
2024-11-27 10:25:00-05:00,54.28,54.42,54.28,54.4,12504.0,54.338,82
2024-11-27 10:30:00-05:00,54.41,54.41,54.27,54.27,10074.0,54.346,75
2024-11-27 10:35:00-05:00,54.28,54.33,54.23,54.23,16395.0,54.285,131
2024-11-27 10:40:00-05:00,54.23,54.29,54.22,54.24,11204.0,54.258,91
2024-11-27 10:45:00-05:00,54.24,54.27,54.14,54.19,16867.0,54.198,120
2024-11-27 10:50:00-05:00,54.2,54.53,54.19,54.53,49715.0,54.387,293
2024-11-27 10:55:00-05:00,54.53,54.54,54.43,54.51,24762.0,54.491,179
2024-11-27 11:00:00-05:00,54.51,54.54,54.41,54.41,26900.0,54.478,172
2024-11-27 11:05:00-05:00,54.41,54.46,54.38,54.4,20769.0,54.424,136
2024-11-27 11:10:00-05:00,54.4,54.43,54.36,54.4,19957.0,54.39,143
2024-11-27 11:15:00-05:00,54.41,54.43,54.38,54.42,13051.0,54.408,92
2024-11-27 11:20:00-05:00,54.41,54.41,54.26,54.32,11995.0,54.319,84
2024-11-27 11:25:00-05:00,54.32,54.33,54.26,54.27,11678.0,54.302,65
2024-11-27 11:30:00-05:00,54.26,54.33,54.18,54.23,34441.0,54.222,263
2024-11-27 11:35:00-05:00,54.21,54.25,54.18,54.25,14816.0,54.22,103
2024-11-27 11:40:00-05:00,54.25,54.29,54.22,54.22,11788.0,54.266,93
2024-11-27 11:45:00-05:00,54.22,54.25,54.2,54.24,9575.0,54.225,62
2024-11-27 11:50:00-05:00,54.23,54.46,54.23,54.41,22534.0,54.369,99
2024-11-27 11:55:00-05:00,54.4,54.4,54.28,54.28,8320.0,54.331,64
2024-11-27 12:00:00-05:00,54.26,54.36,54.25,54.36,5438.0,54.297,35
2024-11-27 12:05:00-05:00,54.36,54.36,54.28,54.29,7944.0,54.311,55
2024-11-27 12:10:00-05:00,54.28,54.35,54.24,54.35,7742.0,54.269,58
2024-11-27 12:15:00-05:00,54.38,54.42,54.36,54.37,12492.0,54.389,89
2024-11-27 12:20:00-05:00,54.37,54.38,54.35,54.35,4811.0,54.36,36
2024-11-27 12:25:00-05:00,54.37,54.37,54.33,54.36,11105.0,54.35,83
2024-11-27 12:30:00-05:00,54.37,54.39,54.35,54.39,5761.0,54.369,48
2024-11-27 12:35:00-05:00,54.39,54.44,54.39,54.43,8048.0,54.414,64
2024-11-27 12:40:00-05:00,54.44,54.49,54.44,54.47,4211.0,54.47,38
2024-11-27 12:45:00-05:00,54.47,54.53,54.46,54.53,5291.0,54.502,42
2024-11-27 12:50:00-05:00,54.52,54.56,54.5,54.54,10430.0,54.531,74
2024-11-27 12:55:00-05:00,54.55,54.56,54.51,54.51,5351.0,54.544,36
2024-11-27 13:00:00-05:00,54.51,54.53,54.49,54.52,3117.0,54.507,27
2024-11-27 13:05:00-05:00,54.53,54.63,54.52,54.63,8657.0,54.58,79
2024-11-27 13:10:00-05:00,54.63,54.71,54.63,54.7,11081.0,54.684,62
2024-11-27 13:15:00-05:00,54.71,54.74,54.68,54.71,14545.0,54.712,106
2024-11-27 13:20:00-05:00,54.72,54.75,54.71,54.75,5806.0,54.726,46
2024-11-27 13:25:00-05:00,54.75,54.75,54.62,54.64,16159.0,54.672,96
2024-11-27 13:30:00-05:00,54.64,54.64,54.54,54.54,21622.0,54.604,110
2024-11-27 13:35:00-05:00,54.55,54.67,54.54,54.67,16140.0,54.59,109
2024-11-27 13:40:00-05:00,54.66,54.66,54.63,54.66,8222.0,54.64,51
2024-11-27 13:45:00-05:00,54.66,54.68,54.5,54.5,19068.0,54.606,101
2024-11-27 13:50:00-05:00,54.51,54.53,54.46,54.47,6653.0,54.496,49
2024-11-27 13:55:00-05:00,54.48,54.5,54.47,54.49,15651.0,54.481,97
2024-11-27 14:00:00-05:00,54.48,54.53,54.48,54.51,10053.0,54.508,72
2024-11-27 14:05:00-05:00,54.5,54.55,54.49,54.52,7725.0,54.514,50
2024-11-27 14:10:00-05:00,54.53,54.55,54.51,54.55,9664.0,54.524,69
2024-11-27 14:15:00-05:00,54.57,54.7,54.54,54.69,41850.0,54.647,240
2024-11-27 14:20:00-05:00,54.68,54.75,54.65,54.75,5839.0,54.676,49
2024-11-27 14:25:00-05:00,54.75,54.76,54.64,54.67,9865.0,54.704,73
2024-11-27 14:30:00-05:00,54.68,54.76,54.67,54.75,5881.0,54.714,51
2024-11-27 14:35:00-05:00,54.74,54.77,54.68,54.73,9497.0,54.722,68
2024-11-27 14:40:00-05:00,54.71,54.79,54.7,54.79,4656.0,54.745,38
2024-11-27 14:45:00-05:00,54.79,54.79,54.69,54.7,7553.0,54.733,61
2024-11-27 14:50:00-05:00,54.7,54.77,54.67,54.77,7372.0,54.717,58
2024-11-27 14:55:00-05:00,54.77,54.78,54.65,54.65,11159.0,54.731,89
2024-11-27 15:00:00-05:00,54.66,54.67,54.5,54.5,13098.0,54.585,100
2024-11-27 15:05:00-05:00,54.5,54.58,54.49,54.58,9839.0,54.532,72
2024-11-27 15:10:00-05:00,54.58,54.62,54.57,54.59,12431.0,54.594,75
2024-11-27 15:15:00-05:00,54.59,54.66,54.59,54.62,64627.0,54.613,285
2024-11-27 15:20:00-05:00,54.62,54.64,54.59,54.64,14921.0,54.616,97
2024-11-27 15:25:00-05:00,54.64,54.66,54.63,54.63,24124.0,54.644,116
2024-11-27 15:30:00-05:00,54.64,54.66,54.61,54.66,14735.0,54.632,106
2024-11-27 15:35:00-05:00,54.65,54.65,54.58,54.61,29134.0,54.607,169
2024-11-27 15:40:00-05:00,54.61,54.64,54.54,54.56,37141.0,54.59,214
2024-11-27 15:45:00-05:00,54.56,54.59,54.53,54.54,22879.0,54.556,165
2024-11-27 15:50:00-05:00,54.55,54.63,54.54,54.56,78311.0,54.591,516
2024-11-27 15:55:00-05:00,54.57,54.76,54.54,54.76,346865.0,54.641,1671
2024-11-29 09:30:00-05:00,54.21,55.0,54.2,54.85,118218.0,54.492,407
2024-11-29 09:35:00-05:00,54.86,55.01,54.72,54.76,43682.0,54.847,256
2024-11-29 09:40:00-05:00,54.76,54.78,54.42,54.58,38727.0,54.568,210
2024-11-29 09:45:00-05:00,54.58,54.63,54.42,54.59,26487.0,54.56,188
2024-11-29 09:50:00-05:00,54.59,54.66,54.57,54.61,17399.0,54.608,98
2024-11-29 09:55:00-05:00,54.62,54.86,54.62,54.84,20002.0,54.757,129
2024-11-29 10:00:00-05:00,54.82,54.82,54.75,54.8,33406.0,54.781,133
2024-11-29 10:05:00-05:00,54.79,54.79,54.54,54.59,20596.0,54.636,119
2024-11-29 10:10:00-05:00,54.6,54.8,54.59,54.8,16623.0,54.698,109
2024-11-29 10:15:00-05:00,54.78,54.78,54.63,54.7,23990.0,54.709,87
2024-11-29 10:20:00-05:00,54.7,54.74,54.64,54.66,30694.0,54.705,71
2024-11-29 10:25:00-05:00,54.68,54.72,54.63,54.65,16171.0,54.682,62
2024-11-29 10:30:00-05:00,54.65,54.72,54.64,54.69,12876.0,54.677,58
2024-11-29 10:35:00-05:00,54.67,54.69,54.61,54.69,17572.0,54.646,93
2024-11-29 10:40:00-05:00,54.69,54.73,54.63,54.69,29934.0,54.677,156
2024-11-29 10:45:00-05:00,54.68,54.7,54.64,54.69,12373.0,54.675,73
2024-11-29 10:50:00-05:00,54.68,54.74,54.61,54.73,16441.0,54.679,93
2024-11-29 10:55:00-05:00,54.74,54.74,54.68,54.72,9451.0,54.705,53
2024-11-29 11:00:00-05:00,54.71,54.75,54.68,54.75,15907.0,54.707,112
2024-11-29 11:05:00-05:00,54.73,54.86,54.73,54.85,18991.0,54.792,143
2024-11-29 11:10:00-05:00,54.85,54.88,54.81,54.85,14988.0,54.845,89
2024-11-29 11:15:00-05:00,54.85,54.85,54.8,54.84,17214.0,54.831,109
2024-11-29 11:20:00-05:00,54.83,54.9,54.81,54.88,14735.0,54.847,100
2024-11-29 11:25:00-05:00,54.88,54.89,54.8,54.83,12867.0,54.848,78
2024-11-29 11:30:00-05:00,54.84,54.91,54.75,54.9,47057.0,54.804,293
2024-11-29 11:35:00-05:00,54.91,54.94,54.83,54.87,16303.0,54.894,112
2024-11-29 11:40:00-05:00,54.89,54.89,54.85,54.89,5234.0,54.877,41
2024-11-29 11:45:00-05:00,54.9,54.9,54.82,54.83,6449.0,54.845,52
2024-11-29 11:50:00-05:00,54.83,54.9,54.82,54.87,6510.0,54.861,46
2024-11-29 11:55:00-05:00,54.87,54.88,54.81,54.81,6873.0,54.85,42
2024-11-29 12:00:00-05:00,54.83,54.86,54.82,54.82,7236.0,54.839,59
2024-11-29 12:05:00-05:00,54.8,54.82,54.75,54.75,7461.0,54.793,61
2024-11-29 12:10:00-05:00,54.75,54.77,54.66,54.66,10907.0,54.717,84
2024-11-29 12:15:00-05:00,54.67,54.71,54.64,54.65,16824.0,54.676,132
2024-11-29 12:20:00-05:00,54.63,54.69,54.63,54.65,7994.0,54.661,51
2024-11-29 12:25:00-05:00,54.66,54.71,54.65,54.7,8907.0,54.678,61
2024-11-29 12:30:00-05:00,54.68,54.73,54.68,54.71,11002.0,54.699,80
2024-11-29 12:35:00-05:00,54.71,54.9,54.71,54.87,12355.0,54.813,90
2024-11-29 12:40:00-05:00,54.87,55.02,54.86,54.99,19271.0,54.945,128
2024-11-29 12:45:00-05:00,54.99,55.02,54.78,54.87,40853.0,54.887,275
2024-11-29 12:50:00-05:00,54.88,55.05,54.86,54.99,56152.0,54.968,422
2024-11-29 12:55:00-05:00,55.0,55.03,54.96,55.02,205179.0,55.0,1063
2024-12-02 09:30:00-05:00,55.06,55.32,54.67,54.73,77773.0,55.037,290
2024-12-02 09:35:00-05:00,54.72,54.83,54.55,54.56,39384.0,54.642,277
2024-12-02 09:40:00-05:00,54.58,54.91,54.54,54.86,25032.0,54.774,183
2024-12-02 09:40:00-05:00,54.58,54.91,54.54,54.87,30456.0,54.79,217
2024-12-02 09:45:00-05:00,54.86,54.87,54.73,54.76,28300.0,54.813,209
2024-12-02 09:50:00-05:00,54.77,54.79,54.64,54.69,28120.0,54.725,209
2024-12-02 09:55:00-05:00,54.71,54.76,54.64,54.74,31896.0,54.696,229
2024-12-02 10:00:00-05:00,54.73,54.86,54.71,54.76,19850.0,54.768,133
2024-12-02 10:05:00-05:00,54.73,54.76,54.64,54.64,28694.0,54.693,214
2024-12-02 10:10:00-05:00,54.62,54.64,54.42,54.44,35845.0,54.505,214
2024-12-02 10:15:00-05:00,54.42,54.53,54.42,54.48,30801.0,54.475,234
2024-12-02 10:20:00-05:00,54.48,54.56,54.47,54.55,24850.0,54.511,180
2024-12-02 10:25:00-05:00,54.55,54.67,54.52,54.65,25749.0,54.582,171
2024-12-02 10:30:00-05:00,54.65,54.68,54.61,54.61,14138.0,54.637,117
2024-12-02 10:35:00-05:00,54.61,54.71,54.6,54.71,16402.0,54.65,117
2024-12-02 10:40:00-05:00,54.71,54.73,54.64,54.68,11191.0,54.682,82
2024-12-02 10:45:00-05:00,54.68,54.74,54.64,54.74,23638.0,54.698,169
2024-12-02 10:50:00-05:00,54.75,54.76,54.68,54.69,40206.0,54.723,281
2024-12-02 10:55:00-05:00,54.69,54.77,54.69,54.77,15322.0,54.726,116
2024-12-02 11:00:00-05:00,54.76,54.8,54.7,54.76,20472.0,54.757,168
2024-12-02 11:05:00-05:00,54.77,54.83,54.74,54.78,12964.0,54.793,96
2024-12-02 11:10:00-05:00,54.79,54.9,54.78,54.89,13248.0,54.847,101
2024-12-02 11:15:00-05:00,54.9,55.0,54.89,54.98,8986.0,54.946,69
2024-12-02 11:20:00-05:00,54.98,55.02,54.96,55.02,16464.0,54.982,116
2024-12-02 11:25:00-05:00,55.03,55.06,54.97,54.98,13596.0,55.018,88
2024-12-02 11:30:00-05:00,54.97,54.99,54.86,54.99,48875.0,54.911,332
2024-12-02 11:35:00-05:00,54.99,55.01,54.9,55.01,27887.0,54.96,121
2024-12-02 11:40:00-05:00,55.01,55.03,54.97,55.01,9750.0,55.004,76
2024-12-02 11:45:00-05:00,55.01,55.12,55.01,55.12,12787.0,55.068,81
2024-12-02 11:50:00-05:00,55.12,55.15,55.02,55.02,19083.0,55.107,134
2024-12-02 11:55:00-05:00,55.02,55.06,54.99,54.99,10910.0,55.027,70
2024-12-02 12:00:00-05:00,54.98,55.0,54.95,54.99,16530.0,54.974,81
2024-12-02 12:05:00-05:00,54.99,55.02,54.98,55.02,8968.0,55.003,57
2024-12-02 12:10:00-05:00,55.02,55.03,54.98,54.99,7637.0,55.008,58
2024-12-02 12:15:00-05:00,54.99,55.03,54.99,55.0,10788.0,55.007,71
2024-12-02 12:20:00-05:00,55.0,55.01,54.99,55.0,5060.0,55.001,34
2024-12-02 12:25:00-05:00,54.99,55.0,54.83,54.84,13912.0,54.921,64
2024-12-02 12:30:00-05:00,54.83,54.84,54.82,54.84,3955.0,54.829,25
2024-12-02 12:35:00-05:00,54.84,54.88,54.83,54.88,6383.0,54.843,27
2024-12-02 12:40:00-05:00,54.87,55.0,54.87,55.0,9020.0,54.958,65
2024-12-02 12:45:00-05:00,55.0,55.02,54.98,54.98,12112.0,54.995,83
2024-12-02 12:50:00-05:00,54.98,54.98,54.88,54.88,29903.0,54.945,76
2024-12-02 12:55:00-05:00,54.9,54.93,54.88,54.93,13276.0,54.896,86
2024-12-02 13:00:00-05:00,54.93,54.93,54.86,54.91,11992.0,54.907,54
2024-12-02 13:05:00-05:00,54.91,54.97,54.89,54.97,4832.0,54.914,37
2024-12-02 13:10:00-05:00,54.98,55.0,54.95,55.0,5987.0,54.969,31
2024-12-02 13:15:00-05:00,55.01,55.01,54.96,54.98,5811.0,54.985,41
2024-12-02 13:20:00-05:00,54.97,55.01,54.97,54.98,5543.0,54.987,33
2024-12-02 13:25:00-05:00,54.98,55.01,54.98,54.99,6022.0,54.993,41
2024-12-02 13:30:00-05:00,54.99,55.0,54.96,54.96,6460.0,54.978,48
2024-12-02 13:35:00-05:00,54.97,54.97,54.92,54.94,7673.0,54.947,56
2024-12-02 13:40:00-05:00,54.94,54.94,54.87,54.91,8754.0,54.903,69
2024-12-02 13:45:00-05:00,54.92,55.01,54.92,55.0,6554.0,54.978,45
2024-12-02 13:50:00-05:00,55.0,55.02,54.99,55.01,5585.0,55.002,38
2024-12-02 13:55:00-05:00,55.01,55.03,54.99,54.99,12465.0,55.019,79
2024-12-02 14:00:00-05:00,55.0,55.0,54.96,54.97,4538.0,54.979,31
2024-12-02 14:05:00-05:00,54.97,55.01,54.96,55.01,6835.0,54.983,51
2024-12-02 14:10:00-05:00,55.0,55.0,54.96,54.97,7730.0,54.984,53
2024-12-02 14:15:00-05:00,54.97,54.98,54.92,54.93,6405.0,54.947,44
2024-12-02 14:20:00-05:00,54.93,54.97,54.92,54.96,10322.0,54.947,48
2024-12-02 14:25:00-05:00,54.95,55.01,54.93,54.98,16797.0,54.973,83
2024-12-02 14:30:00-05:00,54.97,54.99,54.94,54.98,16409.0,54.978,62
2024-12-02 14:35:00-05:00,54.98,54.99,54.97,54.98,5488.0,54.983,42
2024-12-02 14:40:00-05:00,54.98,54.99,54.97,54.99,4879.0,54.983,32
2024-12-02 14:45:00-05:00,54.99,55.03,54.99,55.0,25377.0,55.012,96
2024-12-02 14:50:00-05:00,55.0,55.0,54.98,54.99,8645.0,54.997,57
2024-12-02 14:55:00-05:00,55.0,55.04,54.99,55.04,10747.0,55.006,79
2024-12-02 15:00:00-05:00,55.03,55.1,55.03,55.1,13496.0,55.065,97
2024-12-02 15:05:00-05:00,55.1,55.15,55.08,55.14,18428.0,55.111,125
2024-12-02 15:10:00-05:00,55.15,55.15,55.06,55.07,15481.0,55.132,95
2024-12-02 15:15:00-05:00,55.08,55.15,55.08,55.14,15041.0,55.131,80
2024-12-02 15:20:00-05:00,55.14,55.15,55.09,55.1,15367.0,55.134,114
2024-12-02 15:25:00-05:00,55.1,55.1,55.04,55.05,18082.0,55.074,125
2024-12-02 15:30:00-05:00,55.05,55.15,54.99,55.15,27292.0,55.089,175
2024-12-02 15:35:00-05:00,55.14,55.25,55.13,55.2,46871.0,55.181,325
2024-12-02 15:40:00-05:00,55.2,55.23,55.16,55.2,31185.0,55.18,236
2024-12-02 15:45:00-05:00,55.2,55.3,55.19,55.21,38932.0,55.238,293
2024-12-02 15:50:00-05:00,55.2,55.23,55.08,55.08,79434.0,55.155,529
2024-12-02 15:55:00-05:00,55.09,55.14,54.97,55.1,264081.0,55.042,1397
2024-12-03 09:30:00-05:00,55.31,55.4,54.86,54.96,77075.0,55.235,328
2024-12-03 09:35:00-05:00,54.89,54.98,54.66,54.66,8150.0,54.819,52
2024-12-03 09:40:00-05:00,54.7,54.88,54.66,54.82,18349.0,54.803,135
2024-12-03 09:45:00-05:00,54.82,54.97,54.81,54.89,15967.0,54.899,115
2024-12-03 09:50:00-05:00,54.89,54.91,54.83,54.86,8378.0,54.875,68
2024-12-03 09:55:00-05:00,54.86,54.86,54.75,54.77,11393.0,54.799,88
2024-12-03 10:00:00-05:00,54.76,54.78,54.6,54.78,12895.0,54.685,77
2024-12-03 10:05:00-05:00,54.78,54.78,54.72,54.75,3559.0,54.758,28
2024-12-03 10:10:00-05:00,54.75,54.82,54.74,54.8,14447.0,54.788,96
2024-12-03 10:15:00-05:00,54.77,54.82,54.77,54.8,26088.0,54.788,166
2024-12-03 10:20:00-05:00,54.8,54.84,54.78,54.84,18961.0,54.81,150
2024-12-03 10:25:00-05:00,54.84,54.88,54.8,54.85,19565.0,54.85,163
2024-12-03 10:30:00-05:00,54.84,54.86,54.69,54.7,17778.0,54.799,107
2024-12-03 10:35:00-05:00,54.71,54.76,54.64,54.76,11809.0,54.7,90
2024-12-03 10:40:00-05:00,54.75,54.81,54.7,54.73,6228.0,54.749,46
2024-12-03 10:45:00-05:00,54.76,54.76,54.7,54.72,6785.0,54.736,53
2024-12-03 10:50:00-05:00,54.76,54.87,54.75,54.86,9474.0,54.796,74
2024-12-03 10:55:00-05:00,54.82,54.82,54.77,54.77,5129.0,54.807,37
2024-12-03 11:00:00-05:00,54.79,54.85,54.73,54.76,7106.0,54.801,57
2024-12-03 11:05:00-05:00,54.76,54.79,54.7,54.73,4794.0,54.736,35
2024-12-03 11:10:00-05:00,54.72,54.75,54.69,54.75,2970.0,54.729,24
2024-12-03 11:15:00-05:00,54.76,54.78,54.73,54.77,4938.0,54.757,41
2024-12-03 11:20:00-05:00,54.76,54.81,54.76,54.78,4216.0,54.788,32
2024-12-03 11:25:00-05:00,54.79,54.89,54.79,54.87,6670.0,54.844,53
2024-12-03 11:30:00-05:00,54.86,54.98,54.85,54.87,27590.0,54.913,203
2024-12-03 11:35:00-05:00,54.87,54.89,54.83,54.87,12373.0,54.858,100
2024-12-03 11:40:00-05:00,54.89,54.93,54.87,54.9,8270.0,54.894,67
2024-12-03 11:45:00-05:00,54.9,54.92,54.82,54.9,8837.0,54.871,70
2024-12-03 11:50:00-05:00,54.92,55.04,54.91,55.04,6302.0,54.989,49
2024-12-03 11:55:00-05:00,55.03,55.04,54.97,55.0,6719.0,55.002,56
2024-12-03 12:00:00-05:00,55.01,55.01,54.99,54.99,3000.0,54.998,29
2024-12-03 12:05:00-05:00,54.99,55.05,54.99,55.02,9634.0,55.005,61
2024-12-03 12:10:00-05:00,55.03,55.03,54.99,55.03,6386.0,55.01,44
2024-12-03 12:15:00-05:00,55.03,55.05,55.02,55.03,8535.0,55.034,55
2024-12-03 12:20:00-05:00,55.03,55.06,55.03,55.06,8113.0,55.046,60
2024-12-03 12:25:00-05:00,55.06,55.21,55.06,55.21,61370.0,55.119,137
2024-12-03 12:30:00-05:00,55.21,55.24,55.18,55.21,13044.0,55.21,96
2024-12-03 12:35:00-05:00,55.2,55.24,55.2,55.24,6217.0,55.225,44
2024-12-03 12:40:00-05:00,55.24,55.29,55.23,55.28,5487.0,55.263,41
2024-12-03 12:45:00-05:00,55.29,55.29,55.25,55.27,10317.0,55.271,79
2024-12-03 12:50:00-05:00,55.25,55.3,55.25,55.27,4800.0,55.28,35
2024-12-03 12:55:00-05:00,55.28,55.28,55.22,55.26,13029.0,55.244,92
2024-12-03 13:00:00-05:00,55.25,55.27,55.24,55.24,7011.0,55.255,38
2024-12-03 13:05:00-05:00,55.24,55.26,55.24,55.25,3678.0,55.251,21
2024-12-03 13:10:00-05:00,55.25,55.29,55.25,55.25,6819.0,55.259,50
2024-12-03 13:15:00-05:00,55.26,55.26,55.23,55.24,8018.0,55.248,53
2024-12-03 13:20:00-05:00,55.23,55.23,55.17,55.17,5111.0,55.199,41
2024-12-03 13:25:00-05:00,55.17,55.2,55.16,55.2,4605.0,55.178,33
2024-12-03 13:30:00-05:00,55.2,55.21,55.17,55.19,8002.0,55.186,57
2024-12-03 13:35:00-05:00,55.17,55.18,55.11,55.14,7842.0,55.155,59
2024-12-03 13:40:00-05:00,55.13,55.15,55.13,55.14,3042.0,55.132,24
2024-12-03 13:45:00-05:00,55.13,55.19,55.13,55.19,6146.0,55.141,47
2024-12-03 13:50:00-05:00,55.21,55.21,55.13,55.14,5484.0,55.166,36
2024-12-03 13:55:00-05:00,55.14,55.15,55.12,55.14,2773.0,55.133,21
2024-12-03 14:00:00-05:00,55.13,55.15,55.05,55.13,13325.0,55.097,93
2024-12-03 14:05:00-05:00,55.15,55.18,55.15,55.15,6169.0,55.158,44
2024-12-03 14:10:00-05:00,55.14,55.15,55.1,55.1,5520.0,55.124,32
2024-12-03 14:15:00-05:00,55.11,55.11,55.08,55.08,7841.0,55.094,61
2024-12-03 14:20:00-05:00,55.1,55.14,55.09,55.14,6183.0,55.105,40
2024-12-03 14:25:00-05:00,55.14,55.15,55.13,55.14,2934.0,55.142,18
2024-12-03 14:30:00-05:00,55.13,55.17,55.12,55.16,7798.0,55.137,52
2024-12-03 14:35:00-05:00,55.15,55.15,55.12,55.13,10168.0,55.127,56
2024-12-03 14:40:00-05:00,55.12,55.16,55.11,55.13,5655.0,55.134,44
2024-12-03 14:45:00-05:00,55.13,55.19,55.13,55.18,6365.0,55.158,42
2024-12-03 14:50:00-05:00,55.18,55.18,55.14,55.15,7652.0,55.165,51
2024-12-03 14:55:00-05:00,55.16,55.19,55.16,55.19,5425.0,55.174,36
2024-12-03 15:00:00-05:00,55.18,55.22,55.16,55.22,10169.0,55.184,76
2024-12-03 15:05:00-05:00,55.21,55.29,55.21,55.23,15256.0,55.253,102
2024-12-03 15:10:00-05:00,55.23,55.32,55.22,55.32,11302.0,55.279,68
2024-12-03 15:15:00-05:00,55.31,55.31,55.26,55.28,13029.0,55.289,76
2024-12-03 15:20:00-05:00,55.3,55.3,55.19,55.23,14041.0,55.267,94
2024-12-03 15:25:00-05:00,55.25,55.26,55.19,55.25,13836.0,55.226,102
2024-12-03 15:30:00-05:00,55.24,55.24,55.13,55.16,12096.0,55.161,94
2024-12-03 15:35:00-05:00,55.16,55.25,55.15,55.22,20192.0,55.187,135
2024-12-03 15:40:00-05:00,55.22,55.24,55.19,55.2,18235.0,55.217,139
2024-12-03 15:45:00-05:00,55.2,55.23,55.15,55.22,22435.0,55.2,164
2024-12-03 15:50:00-05:00,55.23,55.27,55.2,55.22,46058.0,55.237,311
2024-12-03 15:55:00-05:00,55.21,55.25,55.09,55.21,163955.0,55.176,1027
2024-12-04 09:30:00-05:00,55.5,55.5,54.8,54.88,47555.0,55.142,181
2024-12-04 09:35:00-05:00,54.87,54.95,54.74,54.76,27050.0,54.847,135
2024-12-04 09:40:00-05:00,54.76,54.76,54.62,54.67,16093.0,54.683,95
2024-12-04 09:45:00-05:00,54.66,54.76,54.53,54.59,7413.0,54.617,54
2024-12-04 09:50:00-05:00,54.65,54.68,54.54,54.56,19942.0,54.574,138
2024-12-04 09:55:00-05:00,54.56,54.7,54.56,54.62,12118.0,54.636,68
2024-12-04 10:00:00-05:00,54.61,54.69,54.56,54.6,34427.0,54.617,148
2024-12-04 10:05:00-05:00,54.6,54.61,54.5,54.54,39003.0,54.542,286
2024-12-04 10:10:00-05:00,54.54,54.57,54.47,54.55,21908.0,54.521,127
2024-12-04 10:15:00-05:00,54.55,54.55,54.4,54.45,18045.0,54.453,118
2024-12-04 10:20:00-05:00,54.46,54.59,54.44,54.58,43825.0,54.511,149
2024-12-04 10:25:00-05:00,54.58,54.62,54.54,54.59,19701.0,54.586,117
2024-12-04 10:30:00-05:00,54.59,54.7,54.58,54.67,11169.0,54.642,85
2024-12-04 10:35:00-05:00,54.65,54.8,54.65,54.78,11774.0,54.731,78
2024-12-04 10:40:00-05:00,54.79,54.84,54.78,54.82,10800.0,54.808,81
2024-12-04 10:45:00-05:00,54.8,54.84,54.71,54.74,19720.0,54.763,108
2024-12-04 10:50:00-05:00,54.76,54.77,54.73,54.76,11507.0,54.755,69
2024-12-04 10:55:00-05:00,54.76,54.81,54.76,54.8,6034.0,54.782,49
2024-12-04 11:00:00-05:00,54.8,54.82,54.79,54.8,5418.0,54.804,41
2024-12-04 11:05:00-05:00,54.81,54.82,54.67,54.7,12767.0,54.735,82
2024-12-04 11:10:00-05:00,54.71,54.72,54.64,54.7,10837.0,54.679,71
2024-12-04 11:15:00-05:00,54.69,54.76,54.69,54.76,6707.0,54.727,46
2024-12-04 11:20:00-05:00,54.75,54.83,54.75,54.77,8804.0,54.791,71
2024-12-04 11:25:00-05:00,54.77,54.88,54.74,54.86,11976.0,54.833,84
2024-12-04 11:30:00-05:00,54.87,54.98,54.85,54.85,26952.0,54.919,179
2024-12-04 11:35:00-05:00,54.89,54.89,54.73,54.82,14231.0,54.783,93
2024-12-04 11:40:00-05:00,54.83,54.9,54.8,54.86,7355.0,54.848,46
2024-12-04 11:45:00-05:00,54.85,54.86,54.82,54.83,3493.0,54.848,23
2024-12-04 11:50:00-05:00,54.84,54.9,54.75,54.9,10335.0,54.829,58
2024-12-04 11:55:00-05:00,54.9,54.92,54.76,54.77,11677.0,54.824,81
2024-12-04 12:00:00-05:00,54.78,54.8,54.74,54.77,8599.0,54.77,59
2024-12-04 12:05:00-05:00,54.76,54.83,54.75,54.83,6767.0,54.787,42
2024-12-04 12:10:00-05:00,54.83,54.83,54.81,54.81,1439.0,54.826,9
2024-12-04 12:15:00-05:00,54.78,54.8,54.75,54.79,8340.0,54.782,63
2024-12-04 12:20:00-05:00,54.78,54.83,54.72,54.73,8295.0,54.76,58
2024-12-04 12:25:00-05:00,54.73,54.75,54.71,54.74,4464.0,54.733,37
2024-12-04 12:30:00-05:00,54.73,54.78,54.71,54.77,3455.0,54.739,32
2024-12-04 12:35:00-05:00,54.77,54.89,54.77,54.88,6397.0,54.842,50
2024-12-04 12:40:00-05:00,54.88,54.88,54.83,54.84,3201.0,54.844,26
2024-12-04 12:45:00-05:00,54.85,54.88,54.83,54.87,4098.0,54.859,23
2024-12-04 12:50:00-05:00,54.88,54.89,54.75,54.75,5688.0,54.832,48
2024-12-04 12:55:00-05:00,54.75,54.78,54.74,54.74,5939.0,54.761,46
2024-12-04 13:00:00-05:00,54.71,54.76,54.69,54.75,7770.0,54.719,54
2024-12-04 13:05:00-05:00,54.75,54.76,54.73,54.73,4208.0,54.746,32
2024-12-04 13:10:00-05:00,54.73,54.74,54.72,54.72,3544.0,54.727,17
2024-12-04 13:15:00-05:00,54.71,54.71,54.63,54.68,10927.0,54.668,82
2024-12-04 13:20:00-05:00,54.69,54.69,54.58,54.59,3687.0,54.639,33
2024-12-04 13:25:00-05:00,54.59,54.6,54.54,54.56,9930.0,54.578,80
2024-12-04 13:30:00-05:00,54.55,54.55,54.42,54.51,10788.0,54.472,92
2024-12-04 13:35:00-05:00,54.52,54.53,54.49,54.52,4845.0,54.511,37
2024-12-04 13:40:00-05:00,54.52,54.54,54.5,54.52,4198.0,54.516,35
2024-12-04 13:45:00-05:00,54.52,54.57,54.51,54.55,7039.0,54.541,43
2024-12-04 13:50:00-05:00,54.54,54.54,54.46,54.48,7136.0,54.485,38
2024-12-04 13:55:00-05:00,54.48,54.52,54.48,54.49,9970.0,54.503,52
2024-12-04 14:00:00-05:00,54.47,54.52,54.46,54.5,7583.0,54.495,57
2024-12-04 14:05:00-05:00,54.5,54.54,54.5,54.53,3803.0,54.511,30
2024-12-04 14:10:00-05:00,54.54,54.56,54.46,54.53,8391.0,54.501,59
2024-12-04 14:15:00-05:00,54.54,54.55,54.5,54.51,7552.0,54.534,36
2024-12-04 14:20:00-05:00,54.51,54.51,54.45,54.48,6281.0,54.484,46
2024-12-04 14:25:00-05:00,54.48,54.5,54.4,54.49,12072.0,54.446,79
2024-12-04 14:30:00-05:00,54.49,54.57,54.49,54.57,9133.0,54.544,66
2024-12-04 14:35:00-05:00,54.57,54.61,54.57,54.59,4630.0,54.591,31
2024-12-04 14:40:00-05:00,54.57,54.57,54.54,54.55,3332.0,54.561,30
2024-12-04 14:45:00-05:00,54.55,54.59,54.52,54.52,7605.0,54.573,46
2024-12-04 14:50:00-05:00,54.52,54.52,54.4,54.46,27084.0,54.429,155
2024-12-04 14:55:00-05:00,54.47,54.47,54.4,54.42,16170.0,54.433,114
2024-12-04 15:00:00-05:00,54.42,54.48,54.42,54.47,5246.0,54.447,40
2024-12-04 15:05:00-05:00,54.47,54.53,54.46,54.52,11884.0,54.505,96
2024-12-04 15:10:00-05:00,54.51,54.54,54.49,54.54,7263.0,54.519,50
2024-12-04 15:15:00-05:00,54.54,54.58,54.48,54.5,20656.0,54.528,113
2024-12-04 15:20:00-05:00,54.5,54.51,54.47,54.5,12962.0,54.495,84
2024-12-04 15:25:00-05:00,54.49,54.49,54.41,54.44,11924.0,54.44,80
2024-12-04 15:30:00-05:00,54.44,54.44,54.4,54.41,10155.0,54.415,67
2024-12-04 15:35:00-05:00,54.4,54.43,54.4,54.4,21508.0,54.408,130
2024-12-04 15:40:00-05:00,54.41,54.45,54.4,54.41,17619.0,54.421,122
2024-12-04 15:45:00-05:00,54.41,54.44,54.4,54.41,44722.0,54.413,257
2024-12-04 15:50:00-05:00,54.41,54.47,54.33,54.42,80978.0,54.385,507
2024-12-04 15:55:00-05:00,54.42,54.6,54.41,54.57,260427.0,54.528,1335
2024-12-05 09:30:00-05:00,54.69,54.69,54.32,54.47,54764.0,54.606,153
2024-12-05 09:35:00-05:00,54.43,54.48,54.2,54.33,25529.0,54.33,151
2024-12-05 09:40:00-05:00,54.36,54.47,54.34,54.45,12447.0,54.431,56
2024-12-05 09:45:00-05:00,54.43,54.5,54.37,54.49,8571.0,54.429,52
2024-12-05 09:50:00-05:00,54.47,54.52,54.36,54.41,6892.0,54.422,40
2024-12-05 09:55:00-05:00,54.41,54.61,54.41,54.61,8453.0,54.506,50
2024-12-05 10:00:00-05:00,54.59,54.6,54.5,54.56,10101.0,54.557,52
2024-12-05 10:05:00-05:00,54.53,54.54,54.35,54.35,7978.0,54.477,61
2024-12-05 10:10:00-05:00,54.34,54.49,54.33,54.38,9843.0,54.407,62
2024-12-05 10:15:00-05:00,54.4,54.46,54.31,54.35,11589.0,54.374,69
2024-12-05 10:20:00-05:00,54.35,54.36,54.24,54.24,11461.0,54.32,70
2024-12-05 10:25:00-05:00,54.25,54.25,54.17,54.23,9189.0,54.215,51
2024-12-05 10:30:00-05:00,54.21,54.26,54.21,54.26,6620.0,54.241,42
2024-12-05 10:35:00-05:00,54.25,54.28,54.19,54.21,15294.0,54.227,88
2024-12-05 10:40:00-05:00,54.21,54.21,54.08,54.12,15038.0,54.131,89
2024-12-05 10:45:00-05:00,54.12,54.21,54.12,54.21,14579.0,54.161,83
2024-12-05 10:50:00-05:00,54.22,54.25,54.15,54.15,11668.0,54.213,73
2024-12-05 10:55:00-05:00,54.14,54.35,54.11,54.33,25819.0,54.195,128
2024-12-05 11:00:00-05:00,54.31,54.38,54.31,54.32,19822.0,54.347,132
2024-12-05 11:05:00-05:00,54.29,54.37,54.25,54.36,11874.0,54.318,62
2024-12-05 11:10:00-05:00,54.36,54.36,54.25,54.27,10390.0,54.292,56
2024-12-05 11:15:00-05:00,54.26,54.32,54.22,54.3,16413.0,54.274,90
2024-12-05 11:20:00-05:00,54.32,54.38,54.28,54.34,14477.0,54.34,88
2024-12-05 11:25:00-05:00,54.35,54.5,54.35,54.47,15268.0,54.453,90
2024-12-05 11:30:00-05:00,54.47,54.49,54.37,54.38,38575.0,54.423,232
2024-12-05 11:35:00-05:00,54.38,54.46,54.35,54.43,17071.0,54.386,104
2024-12-05 11:40:00-05:00,54.43,54.49,54.4,54.48,13504.0,54.438,88
2024-12-05 11:45:00-05:00,54.47,54.5,54.3,54.33,13821.0,54.422,86
2024-12-05 11:50:00-05:00,54.33,54.36,54.24,54.24,9916.0,54.311,79
2024-12-05 11:55:00-05:00,54.26,54.28,54.16,54.19,13445.0,54.221,78
2024-12-05 12:00:00-05:00,54.18,54.42,54.17,54.41,14126.0,54.272,66
2024-12-05 12:05:00-05:00,54.42,54.43,54.36,54.41,7129.0,54.402,55
2024-12-05 12:10:00-05:00,54.4,54.4,54.36,54.37,9356.0,54.374,40
2024-12-05 12:15:00-05:00,54.37,54.39,54.35,54.39,9194.0,54.365,49
2024-12-05 12:20:00-05:00,54.39,54.47,54.38,54.45,6513.0,54.425,52
2024-12-05 12:25:00-05:00,54.47,54.48,54.43,54.45,7863.0,54.457,70
2024-12-05 12:30:00-05:00,54.46,54.58,54.45,54.55,14185.0,54.513,127
2024-12-05 12:35:00-05:00,54.54,54.58,54.5,54.58,14867.0,54.526,121
2024-12-05 12:40:00-05:00,54.58,54.65,54.57,54.65,7095.0,54.625,58
2024-12-05 12:45:00-05:00,54.65,54.65,54.6,54.62,10679.0,54.631,88
2024-12-05 12:50:00-05:00,54.62,54.65,54.6,54.6,18276.0,54.643,137
2024-12-05 12:55:00-05:00,54.61,54.63,54.59,54.63,6411.0,54.601,53
2024-12-05 13:00:00-05:00,54.63,54.63,54.53,54.58,6829.0,54.577,49
2024-12-05 13:05:00-05:00,54.59,54.6,54.54,54.58,7627.0,54.572,60
2024-12-05 13:10:00-05:00,54.59,54.65,54.57,54.61,8422.0,54.618,71
2024-12-05 13:15:00-05:00,54.6,54.65,54.59,54.62,6695.0,54.622,56
2024-12-05 13:20:00-05:00,54.61,54.64,54.6,54.63,8502.0,54.621,72
2024-12-05 13:25:00-05:00,54.62,54.65,54.61,54.65,8408.0,54.631,68
2024-12-05 13:30:00-05:00,54.63,54.65,54.56,54.64,6978.0,54.613,48
2024-12-05 13:35:00-05:00,54.63,54.65,54.62,54.63,17596.0,54.644,133
2024-12-05 13:40:00-05:00,54.63,54.7,54.63,54.7,30563.0,54.651,227
2024-12-05 13:45:00-05:00,54.69,54.73,54.68,54.7,6252.0,54.714,54
2024-12-05 13:50:00-05:00,54.67,54.73,54.67,54.71,7338.0,54.71,62
2024-12-05 13:55:00-05:00,54.71,54.74,54.68,54.73,9923.0,54.71,58
2024-12-05 14:00:00-05:00,54.73,54.73,54.63,54.7,8873.0,54.681,62
2024-12-05 14:05:00-05:00,54.7,54.79,54.68,54.79,8736.0,54.711,55
2024-12-05 14:10:00-05:00,54.79,54.8,54.73,54.75,7768.0,54.767,56
2024-12-05 14:15:00-05:00,54.75,54.77,54.7,54.77,6841.0,54.746,53
2024-12-05 14:20:00-05:00,54.77,54.83,54.75,54.8,10546.0,54.79,70
2024-12-05 14:25:00-05:00,54.79,54.82,54.63,54.63,9638.0,54.742,59
2024-12-05 14:30:00-05:00,54.61,54.72,54.6,54.72,6929.0,54.685,52
2024-12-05 14:35:00-05:00,54.72,54.79,54.7,54.79,6796.0,54.751,55
2024-12-05 14:40:00-05:00,54.79,54.83,54.7,54.73,9170.0,54.774,73
2024-12-05 14:45:00-05:00,54.71,54.79,54.71,54.76,10038.0,54.76,75
2024-12-05 14:50:00-05:00,54.77,54.8,54.75,54.78,11139.0,54.773,59
2024-12-05 14:55:00-05:00,54.78,54.82,54.78,54.8,9507.0,54.799,73
2024-12-05 15:00:00-05:00,54.79,54.81,54.77,54.79,7666.0,54.792,61
2024-12-05 15:05:00-05:00,54.79,54.83,54.79,54.82,6645.0,54.812,58
2024-12-05 15:10:00-05:00,54.82,54.82,54.74,54.79,14569.0,54.783,90
2024-12-05 15:15:00-05:00,54.79,54.79,54.75,54.76,7459.0,54.779,60
2024-12-05 15:20:00-05:00,54.77,54.84,54.76,54.81,18435.0,54.799,120
2024-12-05 15:25:00-05:00,54.81,54.81,54.79,54.81,13690.0,54.803,99
2024-12-05 15:30:00-05:00,54.8,54.85,54.77,54.85,21011.0,54.802,140
2024-12-05 15:35:00-05:00,54.84,54.85,54.82,54.82,28696.0,54.834,170
2024-12-05 15:40:00-05:00,54.83,54.83,54.71,54.75,31811.0,54.757,199
2024-12-05 15:45:00-05:00,54.76,54.85,54.75,54.8,35604.0,54.8,240
2024-12-05 15:50:00-05:00,54.8,54.84,54.77,54.82,80787.0,54.804,462
2024-12-05 15:55:00-05:00,54.82,54.85,54.7,54.77,245076.0,54.762,1247
2024-12-06 09:30:00-05:00,54.74,54.95,54.69,54.87,57794.0,54.789,186
2024-12-06 09:35:00-05:00,54.85,54.9,54.74,54.9,18071.0,54.812,76
2024-12-06 09:40:00-05:00,54.9,54.9,54.8,54.82,8519.0,54.865,58
2024-12-06 09:45:00-05:00,54.79,54.81,54.76,54.81,16415.0,54.787,102
2024-12-06 09:50:00-05:00,54.81,54.82,54.57,54.58,9911.0,54.686,76
2024-12-06 09:55:00-05:00,54.58,54.61,54.5,54.59,14205.0,54.581,106
2024-12-06 10:00:00-05:00,54.59,54.7,54.56,54.67,8931.0,54.628,68
2024-12-06 10:05:00-05:00,54.66,54.69,54.63,54.67,5978.0,54.663,51
2024-12-06 10:10:00-05:00,54.66,54.69,54.54,54.61,6910.0,54.625,56
2024-12-06 10:15:00-05:00,54.59,54.62,54.59,54.62,7820.0,54.602,63
2024-12-06 10:20:00-05:00,54.63,54.63,54.58,54.61,11033.0,54.605,61
2024-12-06 10:25:00-05:00,54.64,54.7,54.64,54.7,6940.0,54.67,43
2024-12-06 10:30:00-05:00,54.69,54.71,54.62,54.63,14934.0,54.669,115
2024-12-06 10:35:00-05:00,54.63,54.68,54.62,54.64,7463.0,54.648,63
2024-12-06 10:40:00-05:00,54.64,54.74,54.62,54.68,17071.0,54.679,130
2024-12-06 10:45:00-05:00,54.69,54.72,54.64,54.65,8700.0,54.692,78
2024-12-06 10:50:00-05:00,54.65,54.68,54.61,54.66,9697.0,54.645,55
2024-12-06 10:55:00-05:00,54.68,54.71,54.61,54.66,6465.0,54.666,51
2024-12-06 11:00:00-05:00,54.63,54.63,54.48,54.48,3637.0,54.532,32
2024-12-06 11:05:00-05:00,54.49,54.53,54.45,54.47,5210.0,54.489,48
2024-12-06 11:10:00-05:00,54.47,54.52,54.46,54.51,6421.0,54.491,56
2024-12-06 11:15:00-05:00,54.51,54.56,54.5,54.55,7564.0,54.532,67
2024-12-06 11:20:00-05:00,54.54,54.58,54.51,54.57,29863.0,54.554,233
2024-12-06 11:25:00-05:00,54.57,54.66,54.55,54.65,12993.0,54.586,115
2024-12-06 11:30:00-05:00,54.64,54.64,54.58,54.63,3454.0,54.605,31
2024-12-06 11:35:00-05:00,54.62,54.68,54.62,54.65,3441.0,54.656,25
2024-12-06 11:40:00-05:00,54.65,54.65,54.52,54.57,2458.0,54.567,21
2024-12-06 11:45:00-05:00,54.57,54.57,54.51,54.54,3690.0,54.541,34
2024-12-06 11:50:00-05:00,54.55,54.58,54.54,54.57,2567.0,54.553,24
2024-12-06 11:55:00-05:00,54.57,54.61,54.57,54.61,1524.0,54.588,15
2024-12-06 12:00:00-05:00,54.61,54.61,54.55,54.55,1713.0,54.585,15
2024-12-06 12:05:00-05:00,54.56,54.58,54.52,54.55,2759.0,54.549,25
2024-12-06 12:10:00-05:00,54.55,54.56,54.53,54.55,4380.0,54.542,21
2024-12-06 12:15:00-05:00,54.56,54.57,54.55,54.57,1363.0,54.563,12
2024-12-06 12:20:00-05:00,54.57,54.6,54.56,54.58,949.0,54.576,8
2024-12-06 12:25:00-05:00,54.59,54.61,54.57,54.57,2520.0,54.588,23
2024-12-06 12:30:00-05:00,54.56,54.59,54.54,54.55,4059.0,54.55,20
2024-12-06 12:35:00-05:00,54.55,54.55,54.5,54.51,2868.0,54.517,19
2024-12-06 12:40:00-05:00,54.5,54.52,54.45,54.51,6546.0,54.482,35
2024-12-06 12:45:00-05:00,54.52,54.52,54.45,54.46,4740.0,54.478,41
2024-12-06 12:50:00-05:00,54.46,54.53,54.44,54.5,4808.0,54.488,35
2024-12-06 12:55:00-05:00,54.52,54.57,54.52,54.55,2135.0,54.541,19
2024-12-06 13:00:00-05:00,54.55,54.62,54.54,54.59,4003.0,54.575,32
2024-12-06 13:05:00-05:00,54.61,54.7,54.6,54.68,5157.0,54.656,27
2024-12-06 13:10:00-05:00,54.7,54.7,54.62,54.62,2752.0,54.657,23
2024-12-06 13:15:00-05:00,54.62,54.62,54.57,54.62,9268.0,54.594,45
2024-12-06 13:20:00-05:00,54.62,54.65,54.58,54.58,3256.0,54.62,27
2024-12-06 13:25:00-05:00,54.58,54.7,54.58,54.66,6271.0,54.64,53
2024-12-06 13:30:00-05:00,54.65,54.74,54.58,54.59,17742.0,54.671,120
2024-12-06 13:35:00-05:00,54.59,54.66,54.57,54.59,7563.0,54.615,42
2024-12-06 13:40:00-05:00,54.59,54.64,54.57,54.61,17462.0,54.606,74
2024-12-06 13:45:00-05:00,54.6,54.63,54.58,54.6,9514.0,54.608,39
2024-12-06 13:50:00-05:00,54.57,54.61,54.57,54.59,15798.0,54.599,71
2024-12-06 13:55:00-05:00,54.59,54.62,54.55,54.62,14916.0,54.579,88
2024-12-06 14:00:00-05:00,54.62,54.66,54.6,54.63,8450.0,54.636,53
2024-12-06 14:05:00-05:00,54.65,54.66,54.56,54.58,10250.0,54.609,66
2024-12-06 14:10:00-05:00,54.56,54.61,54.52,54.6,27639.0,54.573,134
2024-12-06 14:15:00-05:00,54.61,54.61,54.53,54.54,9392.0,54.582,76
2024-12-06 14:20:00-05:00,54.52,54.58,54.52,54.58,5909.0,54.557,43
2024-12-06 14:25:00-05:00,54.56,54.61,54.55,54.61,6276.0,54.587,48
2024-12-06 14:30:00-05:00,54.61,54.61,54.57,54.61,3385.0,54.597,28
2024-12-06 14:35:00-05:00,54.59,54.63,54.57,54.63,4681.0,54.606,42
2024-12-06 14:40:00-05:00,54.63,54.66,54.61,54.65,3261.0,54.638,25
2024-12-06 14:45:00-05:00,54.67,54.68,54.61,54.63,6236.0,54.643,43
2024-12-06 14:50:00-05:00,54.63,54.68,54.62,54.67,5101.0,54.65,43
2024-12-06 14:55:00-05:00,54.69,54.69,54.63,54.64,6091.0,54.654,46
2024-12-06 15:00:00-05:00,54.62,54.63,54.59,54.62,4218.0,54.613,36
2024-12-06 15:05:00-05:00,54.62,54.65,54.61,54.62,16660.0,54.625,85
2024-12-06 15:10:00-05:00,54.62,54.68,54.58,54.59,14629.0,54.61,95
2024-12-06 15:15:00-05:00,54.59,54.6,54.45,54.54,14165.0,54.51,123
2024-12-06 15:20:00-05:00,54.52,54.55,54.5,54.52,6134.0,54.525,44
2024-12-06 15:25:00-05:00,54.52,54.64,54.52,54.61,12325.0,54.585,99
2024-12-06 15:30:00-05:00,54.61,54.61,54.51,54.6,13791.0,54.563,102
2024-12-06 15:35:00-05:00,54.6,54.65,54.59,54.61,18037.0,54.626,131
2024-12-06 15:40:00-05:00,54.61,54.61,54.49,54.51,12621.0,54.548,94
2024-12-06 15:45:00-05:00,54.52,54.65,54.52,54.63,33677.0,54.598,240
2024-12-06 15:50:00-05:00,54.6,54.65,54.55,54.61,42436.0,54.612,303
2024-12-06 15:55:00-05:00,54.63,54.65,54.55,54.61,157944.0,54.612,849
2024-12-09 09:30:00-05:00,55.01,55.17,54.66,54.88,69153.0,55.066,112
2024-12-09 09:35:00-05:00,54.94,55.18,54.86,55.08,30271.0,54.997,83
2024-12-09 09:40:00-05:00,55.08,55.16,55.0,55.02,10687.0,55.09,66
2024-12-09 09:45:00-05:00,55.01,55.03,54.88,54.95,32540.0,54.958,86
2024-12-09 09:50:00-05:00,54.93,54.94,54.75,54.75,119956.0,54.858,171
2024-12-09 09:55:00-05:00,54.75,54.79,54.65,54.79,40505.0,54.751,92
2024-12-09 10:00:00-05:00,54.76,54.89,54.74,54.78,30793.0,54.817,124
2024-12-09 10:05:00-05:00,54.78,54.78,54.69,54.74,32000.0,54.729,111
2024-12-09 10:10:00-05:00,54.73,54.74,54.65,54.66,24901.0,54.686,85
2024-12-09 10:15:00-05:00,54.66,54.66,54.63,54.65,7485.0,54.652,44
2024-12-09 10:20:00-05:00,54.67,54.74,54.63,54.74,36622.0,54.663,98
2024-12-09 10:25:00-05:00,54.74,54.76,54.58,54.62,9189.0,54.653,68
2024-12-09 10:30:00-05:00,54.64,54.68,54.46,54.47,9279.0,54.547,64
2024-12-09 10:35:00-05:00,54.46,54.57,54.45,54.5,7674.0,54.517,48
2024-12-09 10:40:00-05:00,54.49,54.49,54.4,54.43,4576.0,54.449,35
2024-12-09 10:45:00-05:00,54.41,54.41,54.26,54.32,7633.0,54.327,59
2024-12-09 10:50:00-05:00,54.35,54.36,54.22,54.26,21683.0,54.286,108
2024-12-09 10:55:00-05:00,54.25,54.27,54.18,54.23,20151.0,54.22,85
2024-12-09 11:00:00-05:00,54.26,54.27,54.13,54.2,14860.0,54.2,103
2024-12-09 11:05:00-05:00,54.21,54.27,54.21,54.27,14728.0,54.236,83
2024-12-09 11:10:00-05:00,54.28,54.4,54.27,54.29,9014.0,54.335,53
2024-12-09 11:15:00-05:00,54.3,54.37,54.23,54.35,58437.0,54.278,159
2024-12-09 11:20:00-05:00,54.35,54.39,54.3,54.37,9822.0,54.358,66
2024-12-09 11:25:00-05:00,54.37,54.44,54.36,54.44,7399.0,54.414,60
2024-12-09 11:30:00-05:00,54.39,54.4,54.33,54.38,10493.0,54.362,78
2024-12-09 11:35:00-05:00,54.37,54.37,54.31,54.36,10336.0,54.344,66
2024-12-09 11:40:00-05:00,54.36,54.39,54.32,54.33,3378.0,54.362,21
2024-12-09 11:45:00-05:00,54.35,54.45,54.31,54.42,13286.0,54.358,85
2024-12-09 11:50:00-05:00,54.41,54.42,54.34,54.42,5390.0,54.384,38
2024-12-09 11:55:00-05:00,54.39,54.41,54.35,54.37,5758.0,54.394,46
2024-12-09 12:00:00-05:00,54.36,54.36,54.3,54.31,21476.0,54.332,145
2024-12-09 12:05:00-05:00,54.31,54.34,54.22,54.22,7635.0,54.321,55
2024-12-09 12:10:00-05:00,54.25,54.26,54.21,54.25,6190.0,54.242,33
2024-12-09 12:15:00-05:00,54.26,54.28,54.23,54.28,4148.0,54.265,30
2024-12-09 12:20:00-05:00,54.29,54.3,54.24,54.27,2726.0,54.266,22
2024-12-09 12:25:00-05:00,54.29,54.29,54.24,54.26,4346.0,54.266,32
2024-12-09 12:30:00-05:00,54.25,54.27,54.21,54.21,1295.0,54.242,11
2024-12-09 12:35:00-05:00,54.23,54.27,54.2,54.26,7056.0,54.243,44
2024-12-09 12:40:00-05:00,54.26,54.28,54.25,54.26,1946.0,54.26,16
2024-12-09 12:45:00-05:00,54.26,54.28,54.24,54.27,5795.0,54.273,46
2024-12-09 12:50:00-05:00,54.26,54.27,54.21,54.21,2608.0,54.248,19
2024-12-09 12:55:00-05:00,54.21,54.24,54.17,54.17,5340.0,54.215,43
2024-12-09 13:00:00-05:00,54.17,54.17,54.13,54.15,2295.0,54.157,20
2024-12-09 13:05:00-05:00,54.15,54.21,54.14,54.21,7034.0,54.16,59
2024-12-09 13:10:00-05:00,54.2,54.21,54.17,54.18,5207.0,54.199,46
2024-12-09 13:15:00-05:00,54.18,54.19,54.13,54.14,4484.0,54.169,36
2024-12-09 13:20:00-05:00,54.14,54.14,54.11,54.14,3627.0,54.136,31
2024-12-09 13:25:00-05:00,54.14,54.22,54.13,54.22,8285.0,54.177,60
2024-12-09 13:30:00-05:00,54.22,54.25,54.22,54.23,5838.0,54.235,50
2024-12-09 13:35:00-05:00,54.24,54.28,54.22,54.28,7627.0,54.246,58
2024-12-09 13:40:00-05:00,54.3,54.3,54.12,54.14,51169.0,54.272,56
2024-12-09 13:45:00-05:00,54.14,54.33,54.12,54.25,14565.0,54.191,68
2024-12-09 13:50:00-05:00,54.25,54.26,54.25,54.26,1700.0,54.254,14
2024-12-09 13:55:00-05:00,54.26,54.39,54.25,54.38,4681.0,54.305,38
2024-12-09 14:00:00-05:00,54.35,54.35,54.24,54.3,5695.0,54.288,36
2024-12-09 14:05:00-05:00,54.28,54.28,54.25,54.28,5788.0,54.274,46
2024-12-09 14:10:00-05:00,54.28,54.31,54.21,54.23,20686.0,54.267,85
2024-12-09 14:15:00-05:00,54.22,54.24,54.17,54.21,19606.0,54.21,55
2024-12-09 14:20:00-05:00,54.2,54.24,54.17,54.24,11802.0,54.204,71
2024-12-09 14:25:00-05:00,54.22,54.23,54.2,54.23,8774.0,54.213,71
2024-12-09 14:30:00-05:00,54.23,54.26,54.21,54.26,6322.0,54.23,53
2024-12-09 14:35:00-05:00,54.26,54.32,54.25,54.3,5634.0,54.28,54
2024-12-09 14:40:00-05:00,54.27,54.3,54.26,54.3,5393.0,54.28,41
2024-12-09 14:45:00-05:00,54.3,54.3,54.23,54.3,6083.0,54.275,54
2024-12-09 14:50:00-05:00,54.3,54.3,54.22,54.26,11252.0,54.249,81
2024-12-09 14:55:00-05:00,54.26,54.27,54.24,54.26,3309.0,54.256,31
2024-12-09 15:00:00-05:00,54.26,54.28,54.16,54.2,9261.0,54.213,64
2024-12-09 15:05:00-05:00,54.17,54.31,54.15,54.3,13408.0,54.198,88
2024-12-09 15:10:00-05:00,54.3,54.33,54.26,54.28,4908.0,54.28,44
2024-12-09 15:15:00-05:00,54.3,54.32,54.28,54.3,4773.0,54.3,43
2024-12-09 15:20:00-05:00,54.3,54.37,54.3,54.32,7957.0,54.337,58
2024-12-09 15:25:00-05:00,54.32,54.35,54.3,54.35,11721.0,54.32,87
2024-12-09 15:30:00-05:00,54.36,54.41,54.31,54.34,10338.0,54.357,84
2024-12-09 15:35:00-05:00,54.35,54.36,54.3,54.32,11316.0,54.328,82
2024-12-09 15:40:00-05:00,54.32,54.36,54.27,54.33,19721.0,54.315,138
2024-12-09 15:45:00-05:00,54.32,54.33,54.22,54.23,30495.0,54.266,218
2024-12-09 15:50:00-05:00,54.24,54.31,54.12,54.23,65800.0,54.215,403
2024-12-09 15:55:00-05:00,54.21,54.41,54.11,54.36,367519.0,54.278,1838
2024-12-10 09:30:00-05:00,53.38,53.45,52.96,53.38,126586.0,53.29,524
2024-12-10 09:35:00-05:00,53.4,53.42,53.26,53.33,75666.0,53.34,466
2024-12-10 09:40:00-05:00,53.31,53.34,53.14,53.18,100327.0,53.269,340
2024-12-10 09:45:00-05:00,53.2,53.39,53.15,53.17,26174.0,53.283,158
2024-12-10 09:50:00-05:00,53.15,53.24,53.14,53.15,24464.0,53.184,153
2024-12-10 09:55:00-05:00,53.21,53.33,53.16,53.27,18562.0,53.254,144
2024-12-10 10:00:00-05:00,53.29,53.32,53.15,53.23,22035.0,53.22,132
2024-12-10 10:05:00-05:00,53.23,53.38,53.21,53.27,39379.0,53.251,124
2024-12-10 10:10:00-05:00,53.28,53.37,53.27,53.37,8232.0,53.327,68
2024-12-10 10:15:00-05:00,53.36,53.36,53.21,53.27,24791.0,53.257,193
2024-12-10 10:20:00-05:00,53.26,53.3,53.23,53.23,7862.0,53.271,55
2024-12-10 10:25:00-05:00,53.25,53.35,53.23,53.3,14147.0,53.296,92
2024-12-10 10:30:00-05:00,53.3,53.43,53.3,53.39,24971.0,53.374,167
2024-12-10 10:35:00-05:00,53.4,53.51,53.39,53.48,9274.0,53.447,56
2024-12-10 10:40:00-05:00,53.48,53.63,53.45,53.59,36652.0,53.526,243
2024-12-10 10:45:00-05:00,53.59,53.7,53.59,53.69,19778.0,53.662,118
2024-12-10 10:50:00-05:00,53.69,53.7,53.64,53.69,15121.0,53.675,119
2024-12-10 10:55:00-05:00,53.69,53.74,53.54,53.56,33955.0,53.648,218
2024-12-10 11:00:00-05:00,53.55,53.62,53.49,53.6,13780.0,53.571,111
2024-12-10 11:05:00-05:00,53.6,53.63,53.54,53.6,15340.0,53.587,114
2024-12-10 11:10:00-05:00,53.63,53.66,53.59,53.59,31313.0,53.626,167
2024-12-10 11:15:00-05:00,53.57,53.62,53.56,53.58,15957.0,53.579,131
2024-12-10 11:20:00-05:00,53.6,53.63,53.57,53.6,20776.0,53.603,153
2024-12-10 11:25:00-05:00,53.61,53.64,53.6,53.61,14746.0,53.621,120
2024-12-10 11:30:00-05:00,53.58,53.67,53.57,53.67,24509.0,53.634,149
2024-12-10 11:35:00-05:00,53.67,53.75,53.64,53.75,6962.0,53.679,59
2024-12-10 11:40:00-05:00,53.75,53.91,53.75,53.85,13366.0,53.862,84
2024-12-10 11:45:00-05:00,53.87,53.89,53.82,53.87,21274.0,53.848,153
2024-12-10 11:50:00-05:00,53.88,53.92,53.61,53.61,29185.0,53.797,125
2024-12-10 11:55:00-05:00,53.6,53.62,53.48,53.48,6981.0,53.563,53
2024-12-10 12:00:00-05:00,53.49,53.64,53.48,53.64,6859.0,53.561,55
2024-12-10 12:05:00-05:00,53.62,53.73,53.61,53.72,6949.0,53.684,50
2024-12-10 12:10:00-05:00,53.72,53.78,53.71,53.77,5934.0,53.753,48
2024-12-10 12:15:00-05:00,53.79,53.86,53.72,53.75,6229.0,53.777,54
2024-12-10 12:20:00-05:00,53.72,53.73,53.63,53.7,3842.0,53.67,30
2024-12-10 12:25:00-05:00,53.67,53.67,53.59,53.59,5126.0,53.645,45
2024-12-10 12:30:00-05:00,53.58,53.66,53.58,53.65,4078.0,53.625,36
2024-12-10 12:35:00-05:00,53.63,53.68,53.61,53.63,5091.0,53.639,45
2024-12-10 12:40:00-05:00,53.63,53.71,53.62,53.7,6700.0,53.672,53
2024-12-10 12:45:00-05:00,53.71,53.77,53.67,53.7,4774.0,53.718,39
2024-12-10 12:50:00-05:00,53.73,53.8,53.7,53.73,7215.0,53.75,60
2024-12-10 12:55:00-05:00,53.74,53.74,53.68,53.7,6998.0,53.711,50
2024-12-10 13:00:00-05:00,53.7,53.7,53.62,53.64,7551.0,53.671,69
2024-12-10 13:05:00-05:00,53.64,53.69,53.58,53.59,15617.0,53.647,131
2024-12-10 13:10:00-05:00,53.59,53.61,53.54,53.57,7134.0,53.581,63
2024-12-10 13:15:00-05:00,53.57,53.61,53.54,53.6,10661.0,53.576,89
2024-12-10 13:20:00-05:00,53.6,53.62,53.44,53.47,9435.0,53.508,80
2024-12-10 13:25:00-05:00,53.44,53.44,53.35,53.35,8854.0,53.414,54
2024-12-10 13:30:00-05:00,53.33,53.34,53.25,53.3,9719.0,53.291,81
2024-12-10 13:35:00-05:00,53.26,53.31,53.24,53.31,9284.0,53.27,77
2024-12-10 13:40:00-05:00,53.32,53.32,53.23,53.25,14383.0,53.262,102
2024-12-10 13:45:00-05:00,53.25,53.32,53.23,53.32,6776.0,53.264,59
2024-12-10 13:50:00-05:00,53.29,53.29,53.23,53.23,7827.0,53.269,48
2024-12-10 13:55:00-05:00,53.24,53.29,53.24,53.28,5745.0,53.263,45
2024-12-10 14:00:00-05:00,53.25,53.29,53.24,53.25,6765.0,53.256,58
2024-12-10 14:05:00-05:00,53.26,53.29,53.25,53.29,7378.0,53.272,64
2024-12-10 14:10:00-05:00,53.27,53.33,53.27,53.3,5391.0,53.299,46
2024-12-10 14:15:00-05:00,53.3,53.35,53.29,53.35,6606.0,53.323,49
2024-12-10 14:20:00-05:00,53.35,53.39,53.34,53.38,9948.0,53.366,84
2024-12-10 14:25:00-05:00,53.38,53.38,53.32,53.32,3847.0,53.334,21
2024-12-10 14:30:00-05:00,53.32,53.34,53.28,53.32,9500.0,53.306,85
2024-12-10 14:35:00-05:00,53.32,53.37,53.31,53.36,8263.0,53.349,65
2024-12-10 14:40:00-05:00,53.33,53.44,53.33,53.4,6713.0,53.389,60
2024-12-10 14:45:00-05:00,53.38,53.43,53.37,53.38,5158.0,53.398,45
2024-12-10 14:50:00-05:00,53.41,53.48,53.39,53.47,9510.0,53.444,80
2024-12-10 14:55:00-05:00,53.47,53.47,53.35,53.47,19220.0,53.421,141
2024-12-10 15:00:00-05:00,53.46,53.47,53.41,53.46,7243.0,53.433,64
2024-12-10 15:05:00-05:00,53.47,53.47,53.41,53.42,5195.0,53.435,40
2024-12-10 15:10:00-05:00,53.42,53.45,53.35,53.4,22061.0,53.407,144
2024-12-10 15:15:00-05:00,53.39,53.39,53.34,53.36,10627.0,53.365,92
2024-12-10 15:20:00-05:00,53.36,53.42,53.34,53.42,14414.0,53.373,111
2024-12-10 15:25:00-05:00,53.4,53.44,53.4,53.43,12637.0,53.418,96
2024-12-10 15:30:00-05:00,53.42,53.43,53.33,53.39,20069.0,53.386,156
2024-12-10 15:35:00-05:00,53.38,53.41,53.32,53.34,11350.0,53.364,94
2024-12-10 15:40:00-05:00,53.34,53.39,53.33,53.34,18337.0,53.35,149
2024-12-10 15:45:00-05:00,53.35,53.35,53.31,53.33,20571.0,53.329,165
2024-12-10 15:50:00-05:00,53.32,53.36,53.19,53.25,67264.0,53.28,505
2024-12-10 15:55:00-05:00,53.25,53.46,53.21,53.43,288275.0,53.337,1561
2024-12-11 09:30:00-05:00,53.73,53.73,53.35,53.51,51718.0,53.619,183
2024-12-11 09:35:00-05:00,53.55,53.55,53.38,53.4,12362.0,53.468,86
2024-12-11 09:40:00-05:00,53.39,53.54,53.32,53.4,16499.0,53.44,129
2024-12-11 09:45:00-05:00,53.41,53.46,53.19,53.22,53874.0,53.255,221
2024-12-11 09:50:00-05:00,53.25,53.31,52.97,53.05,20593.0,53.127,156
2024-12-11 09:55:00-05:00,53.02,53.1,52.96,52.98,28388.0,53.024,170
2024-12-11 10:00:00-05:00,53.02,53.03,52.84,52.97,20424.0,52.914,120
2024-12-11 10:05:00-05:00,52.97,53.22,52.9,53.2,15758.0,53.061,102
2024-12-11 10:10:00-05:00,53.22,53.43,53.21,53.41,11089.0,53.321,85
2024-12-11 10:15:00-05:00,53.43,53.5,53.32,53.47,13120.0,53.394,104
2024-12-11 10:20:00-05:00,53.46,53.63,53.45,53.55,17231.0,53.545,93
2024-12-11 10:25:00-05:00,53.57,53.59,53.45,53.56,23526.0,53.508,99
2024-12-11 10:30:00-05:00,53.57,53.57,53.38,53.39,8838.0,53.472,73
2024-12-11 10:35:00-05:00,53.41,53.49,53.36,53.42,11294.0,53.412,60
2024-12-11 10:40:00-05:00,53.43,53.49,53.39,53.46,12819.0,53.437,98
2024-12-11 10:45:00-05:00,53.48,53.48,53.33,53.36,11610.0,53.412,84
2024-12-11 10:50:00-05:00,53.36,53.46,53.36,53.44,18011.0,53.419,116
2024-12-11 10:55:00-05:00,53.44,53.47,53.42,53.44,12322.0,53.445,77
2024-12-11 11:00:00-05:00,53.44,53.48,53.43,53.47,3018.0,53.449,24
2024-12-11 11:05:00-05:00,53.46,53.46,53.36,53.38,13692.0,53.412,91
2024-12-11 11:10:00-05:00,53.38,53.44,53.38,53.42,6450.0,53.411,53
2024-12-11 11:15:00-05:00,53.42,53.52,53.42,53.52,7907.0,53.447,69
2024-12-11 11:20:00-05:00,53.54,53.61,53.51,53.61,9473.0,53.553,74
2024-12-11 11:25:00-05:00,53.61,53.63,53.51,53.51,63500.0,53.601,75
2024-12-11 11:30:00-05:00,53.5,53.52,53.3,53.4,53370.0,53.366,350
2024-12-11 11:35:00-05:00,53.39,53.42,53.28,53.4,24316.0,53.335,152
2024-12-11 11:40:00-05:00,53.41,53.45,53.38,53.43,7226.0,53.417,54
2024-12-11 11:45:00-05:00,53.43,53.45,53.38,53.39,15690.0,53.42,75
2024-12-11 11:50:00-05:00,53.38,53.38,53.28,53.35,15909.0,53.336,82
2024-12-11 11:55:00-05:00,53.36,53.39,53.32,53.32,4297.0,53.349,35
2024-12-11 12:00:00-05:00,53.33,53.38,53.3,53.35,7335.0,53.353,50
2024-12-11 12:05:00-05:00,53.35,53.35,53.3,53.33,6543.0,53.329,55
2024-12-11 12:10:00-05:00,53.31,53.32,53.25,53.26,5284.0,53.299,36
2024-12-11 12:15:00-05:00,53.27,53.3,53.2,53.2,6259.0,53.26,50
2024-12-11 12:20:00-05:00,53.19,53.28,53.19,53.25,3422.0,53.244,29
2024-12-11 12:25:00-05:00,53.27,53.28,53.22,53.23,4200.0,53.257,32
2024-12-11 12:30:00-05:00,53.22,53.28,53.22,53.23,5223.0,53.256,44
2024-12-11 12:35:00-05:00,53.21,53.21,53.15,53.15,1051.0,53.184,9
2024-12-11 12:40:00-05:00,53.14,53.16,53.09,53.12,25735.0,53.113,58
2024-12-11 12:45:00-05:00,53.18,53.25,53.17,53.21,2952.0,53.188,21
2024-12-11 12:50:00-05:00,53.2,53.34,53.2,53.27,6669.0,53.283,57
2024-12-11 12:55:00-05:00,53.25,53.25,53.11,53.11,4878.0,53.168,37
2024-12-11 13:00:00-05:00,53.09,53.2,53.08,53.14,19511.0,53.157,47
2024-12-11 13:05:00-05:00,53.12,53.14,53.1,53.11,5164.0,53.118,35
2024-12-11 13:10:00-05:00,53.11,53.24,53.1,53.23,5967.0,53.176,52
2024-12-11 13:15:00-05:00,53.24,53.24,53.15,53.22,8070.0,53.184,57
2024-12-11 13:20:00-05:00,53.25,53.29,53.25,53.25,3390.0,53.26,25
2024-12-11 13:25:00-05:00,53.25,53.25,53.24,53.25,1570.0,53.249,12
2024-12-11 13:30:00-05:00,53.27,53.3,53.2,53.23,14226.0,53.24,82
2024-12-11 13:35:00-05:00,53.23,53.24,53.21,53.21,5924.0,53.227,45
2024-12-11 13:40:00-05:00,53.23,53.29,53.2,53.28,9166.0,53.24,70
2024-12-11 13:45:00-05:00,53.28,53.31,53.28,53.31,3700.0,53.302,36
2024-12-11 13:50:00-05:00,53.29,53.38,53.29,53.36,5164.0,53.342,45
2024-12-11 13:55:00-05:00,53.37,53.4,53.32,53.36,3250.0,53.355,28
2024-12-11 14:00:00-05:00,53.36,53.43,53.34,53.37,5022.0,53.384,50
2024-12-11 14:05:00-05:00,53.36,53.44,53.35,53.41,4037.0,53.394,36
2024-12-11 14:10:00-05:00,53.42,53.44,53.38,53.44,5972.0,53.419,54
2024-12-11 14:15:00-05:00,53.44,53.52,53.44,53.45,3400.0,53.48,32
2024-12-11 14:20:00-05:00,53.39,53.43,53.39,53.4,1211.0,53.403,9
2024-12-11 14:25:00-05:00,53.44,53.49,53.43,53.43,3636.0,53.454,31
2024-12-11 14:30:00-05:00,53.47,53.53,53.41,53.47,6408.0,53.482,49
2024-12-11 14:35:00-05:00,53.46,53.59,53.46,53.53,6730.0,53.517,49
2024-12-11 14:40:00-05:00,53.54,53.57,53.5,53.55,3430.0,53.538,30
2024-12-11 14:45:00-05:00,53.53,53.59,53.53,53.54,4852.0,53.562,27
2024-12-11 14:50:00-05:00,53.54,53.59,53.5,53.54,5578.0,53.555,47
2024-12-11 14:55:00-05:00,53.54,53.54,53.46,53.46,2302.0,53.506,16
2024-12-11 15:00:00-05:00,53.46,53.46,53.38,53.4,3059.0,53.416,20
2024-12-11 15:05:00-05:00,53.4,53.42,53.38,53.4,2866.0,53.408,26
2024-12-11 15:10:00-05:00,53.43,53.46,53.43,53.45,3184.0,53.439,24
2024-12-11 15:15:00-05:00,53.45,53.59,53.45,53.46,7926.0,53.525,67
2024-12-11 15:20:00-05:00,53.45,53.52,53.43,53.48,7651.0,53.467,50
2024-12-11 15:25:00-05:00,53.46,53.47,53.37,53.37,9153.0,53.419,70
2024-12-11 15:30:00-05:00,53.35,53.4,53.33,53.4,6322.0,53.368,56
2024-12-11 15:35:00-05:00,53.39,53.44,53.38,53.44,7683.0,53.414,66
2024-12-11 15:40:00-05:00,53.43,53.44,53.29,53.29,15835.0,53.385,77
2024-12-11 15:45:00-05:00,53.3,53.38,53.3,53.37,11774.0,53.355,87
2024-12-11 15:50:00-05:00,53.35,53.35,53.28,53.33,26578.0,53.327,212
2024-12-11 15:55:00-05:00,53.33,53.5,53.28,53.47,197772.0,53.417,1234
2024-12-12 09:30:00-05:00,52.89,52.92,52.62,52.73,63415.0,52.825,229
2024-12-12 09:35:00-05:00,52.73,53.09,52.71,53.04,44697.0,52.877,257
2024-12-12 09:40:00-05:00,53.02,53.19,52.96,53.15,30233.0,53.125,216
2024-12-12 09:45:00-05:00,53.14,53.31,53.13,53.2,29020.0,53.204,205
2024-12-12 09:50:00-05:00,53.2,53.21,53.1,53.13,12224.0,53.16,82
2024-12-12 09:55:00-05:00,53.17,53.18,53.06,53.13,17847.0,53.136,146
2024-12-12 10:00:00-05:00,53.14,53.19,53.03,53.08,24417.0,53.114,177
2024-12-12 10:05:00-05:00,53.09,53.14,52.99,53.01,17466.0,53.074,135
2024-12-12 10:10:00-05:00,52.98,53.06,52.95,52.95,51216.0,53.026,155
2024-12-12 10:15:00-05:00,52.96,53.01,52.93,52.93,35652.0,52.967,240
2024-12-12 10:20:00-05:00,52.95,53.0,52.9,52.93,44857.0,52.961,208
2024-12-12 10:25:00-05:00,52.91,52.95,52.89,52.95,18814.0,52.932,111
2024-12-12 10:30:00-05:00,52.95,52.97,52.82,52.9,77200.0,52.896,368
2024-12-12 10:35:00-05:00,52.9,52.92,52.88,52.92,8656.0,52.902,78
2024-12-12 10:40:00-05:00,52.92,52.96,52.9,52.92,30561.0,52.933,203
2024-12-12 10:45:00-05:00,52.91,52.96,52.87,52.88,145889.0,52.92,278
2024-12-12 10:50:00-05:00,52.87,52.91,52.83,52.91,9494.0,52.853,71
2024-12-12 10:55:00-05:00,52.92,53.04,52.89,53.0,586476.0,52.904,226
2024-12-12 11:00:00-05:00,53.02,53.08,52.99,53.06,92583.0,53.028,262
2024-12-12 11:05:00-05:00,53.06,53.09,52.97,53.0,57139.0,53.036,123
2024-12-12 11:10:00-05:00,53.01,53.07,52.99,53.01,40220.0,53.024,117
2024-12-12 11:15:00-05:00,53.03,53.12,53.03,53.1,13618.0,53.086,72
2024-12-12 11:20:00-05:00,53.11,53.12,53.07,53.09,14448.0,53.094,84
2024-12-12 11:25:00-05:00,53.1,53.29,53.1,53.28,36733.0,53.171,178
2024-12-12 11:30:00-05:00,53.28,53.41,53.24,53.4,41863.0,53.315,265
2024-12-12 11:35:00-05:00,53.39,53.45,53.25,53.25,40978.0,53.36,280
2024-12-12 11:40:00-05:00,53.22,53.23,53.18,53.23,7041.0,53.204,52
2024-12-12 11:45:00-05:00,53.23,53.28,53.19,53.28,12217.0,53.241,67
2024-12-12 11:50:00-05:00,53.28,53.31,53.27,53.3,13224.0,53.289,81
2024-12-12 11:55:00-05:00,53.3,53.3,53.25,53.25,19018.0,53.261,105
2024-12-12 12:00:00-05:00,53.26,53.29,53.21,53.28,30971.0,53.243,148
2024-12-12 12:05:00-05:00,53.28,53.3,53.27,53.3,5847.0,53.284,41
2024-12-12 12:10:00-05:00,53.29,53.48,53.28,53.45,12600.0,53.376,90
2024-12-12 12:15:00-05:00,53.46,53.52,53.45,53.52,7744.0,53.477,64
2024-12-12 12:20:00-05:00,53.5,53.6,53.5,53.57,8391.0,53.554,68
2024-12-12 12:25:00-05:00,53.58,53.71,53.58,53.71,8743.0,53.662,70
2024-12-12 12:30:00-05:00,53.71,53.73,53.59,53.61,11654.0,53.641,75
2024-12-12 12:35:00-05:00,53.6,53.6,53.54,53.59,10830.0,53.579,65
2024-12-12 12:40:00-05:00,53.59,53.59,53.52,53.53,5056.0,53.556,40
2024-12-12 12:45:00-05:00,53.54,53.56,53.54,53.55,5047.0,53.551,42
2024-12-12 12:50:00-05:00,53.55,53.59,53.55,53.58,8615.0,53.568,72
2024-12-12 12:55:00-05:00,53.58,53.64,53.58,53.64,5321.0,53.612,37
2024-12-12 13:00:00-05:00,53.64,53.64,53.49,53.5,9927.0,53.571,69
2024-12-12 13:05:00-05:00,53.49,53.58,53.47,53.58,5324.0,53.508,42
2024-12-12 13:10:00-05:00,53.58,53.59,53.48,53.59,6469.0,53.538,53
2024-12-12 13:15:00-05:00,53.59,53.69,53.58,53.69,6803.0,53.622,61
2024-12-12 13:20:00-05:00,53.69,53.83,53.69,53.74,13286.0,53.761,110
2024-12-12 13:25:00-05:00,53.74,53.76,53.58,53.58,7112.0,53.667,60
2024-12-12 13:30:00-05:00,53.57,53.58,53.48,53.48,19654.0,53.547,92
2024-12-12 13:35:00-05:00,53.47,53.52,53.45,53.5,5556.0,53.493,44
2024-12-12 13:40:00-05:00,53.49,53.49,53.41,53.43,5154.0,53.445,40
2024-12-12 13:45:00-05:00,53.42,53.48,53.37,53.48,4887.0,53.415,40
2024-12-12 13:50:00-05:00,53.48,53.48,53.41,53.46,3993.0,53.457,33
2024-12-12 13:55:00-05:00,53.46,53.47,53.38,53.38,4720.0,53.425,38
2024-12-12 14:00:00-05:00,53.37,53.42,53.36,53.4,7092.0,53.392,58
2024-12-12 14:05:00-05:00,53.41,53.41,53.36,53.38,2952.0,53.391,26
2024-12-12 14:10:00-05:00,53.38,53.38,53.34,53.37,7817.0,53.371,64
2024-12-12 14:15:00-05:00,53.37,53.42,53.36,53.42,3322.0,53.391,30
2024-12-12 14:20:00-05:00,53.4,53.44,53.39,53.4,7868.0,53.407,64
2024-12-12 14:25:00-05:00,53.41,53.49,53.39,53.45,4269.0,53.456,34
2024-12-12 14:30:00-05:00,53.44,53.48,53.44,53.45,4235.0,53.456,39
2024-12-12 14:35:00-05:00,53.46,53.49,53.44,53.47,4326.0,53.461,37
2024-12-12 14:40:00-05:00,53.47,53.49,53.46,53.47,8954.0,53.474,67
2024-12-12 14:45:00-05:00,53.47,53.48,53.42,53.48,9034.0,53.445,66
2024-12-12 14:50:00-05:00,53.48,53.52,53.46,53.5,12941.0,53.493,91
2024-12-12 14:55:00-05:00,53.5,53.51,53.47,53.48,7587.0,53.499,53
2024-12-12 15:00:00-05:00,53.48,53.49,53.43,53.44,7224.0,53.462,50
2024-12-12 15:05:00-05:00,53.43,53.5,53.43,53.49,13808.0,53.452,84
2024-12-12 15:10:00-05:00,53.48,53.5,53.33,53.33,57513.0,53.413,145
2024-12-12 15:15:00-05:00,53.33,53.35,53.32,53.35,14968.0,53.342,76
2024-12-12 15:20:00-05:00,53.34,53.36,53.32,53.33,17534.0,53.347,92
2024-12-12 15:25:00-05:00,53.32,53.32,53.26,53.27,24182.0,53.307,115
2024-12-12 15:30:00-05:00,53.26,53.36,53.24,53.34,170138.0,53.28,277
2024-12-12 15:35:00-05:00,53.36,53.36,53.23,53.25,27010.0,53.278,177
2024-12-12 15:40:00-05:00,53.25,53.26,53.19,53.2,37509.0,53.234,229
2024-12-12 15:45:00-05:00,53.2,53.2,53.13,53.13,79891.0,53.159,338
2024-12-12 15:50:00-05:00,53.13,53.32,53.09,53.29,74645.0,53.165,522
2024-12-12 15:55:00-05:00,53.31,53.59,53.16,53.44,588368.0,53.431,2055
2024-12-13 09:30:00-05:00,53.6,53.6,53.27,53.47,28806.0,53.428,89
2024-12-13 09:35:00-05:00,53.46,53.48,53.35,53.48,14523.0,53.401,71
2024-12-13 09:40:00-05:00,53.5,53.53,53.37,53.53,19253.0,53.468,121
2024-12-13 09:45:00-05:00,53.5,53.57,53.45,53.52,19191.0,53.537,65
2024-12-13 09:50:00-05:00,53.44,53.58,53.42,53.58,12792.0,53.545,51
2024-12-13 09:55:00-05:00,53.59,53.61,53.28,53.39,17843.0,53.441,105
2024-12-13 10:00:00-05:00,53.42,53.43,53.2,53.22,20773.0,53.328,151
2024-12-13 10:05:00-05:00,53.23,53.35,53.23,53.31,12085.0,53.272,62
2024-12-13 10:10:00-05:00,53.34,53.34,53.16,53.29,11044.0,53.259,85
2024-12-13 10:15:00-05:00,53.32,53.36,53.15,53.34,10947.0,53.264,71
2024-12-13 10:20:00-05:00,53.34,53.34,53.16,53.34,17474.0,53.288,60
2024-12-13 10:25:00-05:00,53.34,53.47,53.33,53.38,7032.0,53.41,59
2024-12-13 10:30:00-05:00,53.38,53.38,53.31,53.31,8887.0,53.341,71
2024-12-13 10:35:00-05:00,53.33,53.44,53.31,53.34,8080.0,53.37,62
2024-12-13 10:40:00-05:00,53.37,53.4,53.32,53.36,7298.0,53.353,39
2024-12-13 10:45:00-05:00,53.36,53.44,53.35,53.44,7958.0,53.386,49
2024-12-13 10:50:00-05:00,53.44,53.44,53.33,53.43,6490.0,53.379,52
2024-12-13 10:55:00-05:00,53.42,53.47,53.37,53.47,7910.0,53.417,54
2024-12-13 11:00:00-05:00,53.48,53.5,53.44,53.48,4229.0,53.469,34
2024-12-13 11:05:00-05:00,53.46,53.61,53.45,53.6,7655.0,53.525,54
2024-12-13 11:10:00-05:00,53.62,53.69,53.58,53.61,10112.0,53.648,70
2024-12-13 11:15:00-05:00,53.6,53.66,53.55,53.55,62980.0,53.601,211
2024-12-13 11:20:00-05:00,53.56,53.68,53.52,53.6,332324.0,53.552,77
2024-12-13 11:25:00-05:00,53.59,53.67,53.59,53.65,4235.0,53.637,36
2024-12-13 11:30:00-05:00,53.69,53.78,53.67,53.74,21904.0,53.744,159
2024-12-13 11:35:00-05:00,53.74,53.76,53.7,53.73,13450.0,53.725,108
2024-12-13 11:40:00-05:00,53.72,53.86,53.72,53.79,6569.0,53.802,48
2024-12-13 11:45:00-05:00,53.77,53.8,53.69,53.71,8481.0,53.742,74
2024-12-13 11:50:00-05:00,53.72,53.72,53.7,53.72,1698.0,53.71,16
2024-12-13 11:55:00-05:00,53.72,53.73,53.62,53.63,25301.0,53.691,64
2024-12-13 12:00:00-05:00,53.63,53.65,53.59,53.63,9480.0,53.609,48
2024-12-13 12:05:00-05:00,53.62,53.7,53.61,53.65,6958.0,53.638,58
2024-12-13 12:10:00-05:00,53.66,53.7,53.59,53.59,5852.0,53.641,50
2024-12-13 12:15:00-05:00,53.55,53.58,53.39,53.46,18330.0,53.461,113
2024-12-13 12:20:00-05:00,53.48,53.55,53.48,53.53,3533.0,53.518,33
2024-12-13 12:25:00-05:00,53.5,53.52,53.47,53.5,1769.0,53.494,17
2024-12-13 12:30:00-05:00,53.48,53.5,53.4,53.4,2187.0,53.462,19
2024-12-13 12:35:00-05:00,53.44,53.48,53.42,53.42,2429.0,53.443,21
2024-12-13 12:40:00-05:00,53.43,53.46,53.37,53.46,17255.0,53.413,48
2024-12-13 12:45:00-05:00,53.46,53.46,53.39,53.39,2331.0,53.426,22
2024-12-13 12:50:00-05:00,53.44,53.44,53.41,53.41,4798.0,53.421,29
2024-12-13 12:55:00-05:00,53.4,53.44,53.39,53.44,13695.0,53.404,53
2024-12-13 13:00:00-05:00,53.44,53.44,53.4,53.43,2108.0,53.423,16
2024-12-13 13:05:00-05:00,53.43,53.43,53.4,53.41,5458.0,53.415,36
2024-12-13 13:10:00-05:00,53.42,53.44,53.41,53.41,1101.0,53.423,11
2024-12-13 13:15:00-05:00,53.45,53.47,53.41,53.45,1922.0,53.44,18
2024-12-13 13:20:00-05:00,53.49,53.5,53.39,53.42,4260.0,53.454,33
2024-12-13 13:25:00-05:00,53.41,53.47,53.4,53.47,23411.0,53.421,41
2024-12-13 13:30:00-05:00,53.45,53.54,53.43,53.52,4907.0,53.476,36
2024-12-13 13:35:00-05:00,53.52,53.57,53.5,53.56,10053.0,53.54,80
2024-12-13 13:40:00-05:00,53.58,53.58,53.4,53.4,11076.0,53.497,87
2024-12-13 13:45:00-05:00,53.4,53.46,53.39,53.46,6474.0,53.416,51
2024-12-13 13:50:00-05:00,53.45,53.49,53.44,53.44,2551.0,53.456,24
2024-12-13 13:55:00-05:00,53.43,53.45,53.4,53.41,3713.0,53.432,35
2024-12-13 14:00:00-05:00,53.39,53.48,53.39,53.48,4670.0,53.454,41
2024-12-13 14:05:00-05:00,53.48,53.5,53.46,53.47,5049.0,53.483,37
2024-12-13 14:10:00-05:00,53.48,53.48,53.38,53.41,18243.0,53.434,39
2024-12-13 14:15:00-05:00,53.42,53.47,53.41,53.45,4714.0,53.445,35
2024-12-13 14:20:00-05:00,53.44,53.47,53.44,53.46,3280.0,53.457,23
2024-12-13 14:25:00-05:00,53.48,53.48,53.43,53.43,3722.0,53.449,28
2024-12-13 14:30:00-05:00,53.46,53.46,53.39,53.43,3563.0,53.437,30
2024-12-13 14:35:00-05:00,53.43,53.45,53.41,53.44,11501.0,53.43,34
2024-12-13 14:40:00-05:00,53.44,53.49,53.43,53.46,3539.0,53.454,24
2024-12-13 14:45:00-05:00,53.46,53.48,53.44,53.44,3562.0,53.463,26
2024-12-13 14:50:00-05:00,53.46,53.46,53.4,53.41,5791.0,53.427,40
2024-12-13 14:55:00-05:00,53.4,53.44,53.39,53.42,15313.0,53.413,75
2024-12-13 15:00:00-05:00,53.41,53.59,53.4,53.59,11070.0,53.51,86
2024-12-13 15:05:00-05:00,53.59,53.59,53.53,53.55,11184.0,53.564,94
2024-12-13 15:10:00-05:00,53.55,53.57,53.53,53.55,6793.0,53.552,62
2024-12-13 15:15:00-05:00,53.57,53.59,53.49,53.5,19153.0,53.543,129
2024-12-13 15:20:00-05:00,53.51,53.54,53.41,53.54,34241.0,53.428,78
2024-12-13 15:25:00-05:00,53.54,53.56,53.46,53.51,10168.0,53.501,68
2024-12-13 15:30:00-05:00,53.49,53.54,53.45,53.54,8255.0,53.498,69
2024-12-13 15:35:00-05:00,53.54,53.54,53.47,53.5,8660.0,53.501,71
2024-12-13 15:40:00-05:00,53.51,53.51,53.45,53.47,11358.0,53.476,89
2024-12-13 15:45:00-05:00,53.48,53.49,53.44,53.48,9256.0,53.47,80
2024-12-13 15:50:00-05:00,53.48,53.66,53.47,53.57,83905.0,53.588,492
2024-12-13 15:55:00-05:00,53.56,53.76,53.56,53.73,236432.0,53.701,1437
2024-12-16 09:30:00-05:00,54.08,54.39,54.01,54.36,186710.0,54.162,525
2024-12-16 09:35:00-05:00,54.33,54.36,54.03,54.16,68112.0,54.147,375
2024-12-16 09:40:00-05:00,54.16,54.19,53.98,54.02,11840.0,54.113,96
2024-12-16 09:45:00-05:00,53.98,54.06,53.93,54.04,25858.0,54.0,161
2024-12-16 09:50:00-05:00,54.04,54.04,53.81,53.88,13688.0,53.913,97
2024-12-16 09:55:00-05:00,53.86,53.9,53.68,53.84,42805.0,53.782,253
2024-12-16 10:00:00-05:00,53.86,54.05,53.82,54.03,46361.0,53.941,208
2024-12-16 10:05:00-05:00,54.03,54.14,53.94,54.06,33270.0,54.1,166
2024-12-16 10:10:00-05:00,54.07,54.1,53.93,54.08,41530.0,54.021,230
2024-12-16 10:15:00-05:00,54.08,54.15,54.07,54.15,32527.0,54.12,212
2024-12-16 10:20:00-05:00,54.15,54.35,54.12,54.3,79960.0,54.222,430
2024-12-16 10:25:00-05:00,54.29,54.35,54.23,54.28,74588.0,54.302,378
2024-12-16 10:30:00-05:00,54.28,54.34,54.1,54.18,51151.0,54.213,281
2024-12-16 10:35:00-05:00,54.19,54.25,54.12,54.16,53571.0,54.19,288
2024-12-16 10:40:00-05:00,54.17,54.25,54.14,54.19,26482.0,54.201,202
2024-12-16 10:45:00-05:00,54.19,54.24,54.15,54.21,29956.0,54.198,197
2024-12-16 10:50:00-05:00,54.21,54.23,54.08,54.18,42257.0,54.155,294
2024-12-16 10:55:00-05:00,54.2,54.31,54.13,54.29,38682.0,54.21,237
2024-12-16 11:00:00-05:00,54.3,54.33,54.23,54.26,27691.0,54.284,203
2024-12-16 11:05:00-05:00,54.27,54.38,54.27,54.36,60495.0,54.342,323
2024-12-16 11:10:00-05:00,54.37,54.41,54.34,54.4,61214.0,54.377,338
2024-12-16 11:15:00-05:00,54.4,54.43,54.31,54.41,47382.0,54.379,264
2024-12-16 11:20:00-05:00,54.4,54.44,54.31,54.44,45809.0,54.368,280
2024-12-16 11:25:00-05:00,54.41,54.44,54.33,54.36,19936.0,54.381,159
2024-12-16 11:30:00-05:00,54.37,54.53,54.35,54.45,35100.0,54.412,271
2024-12-16 11:35:00-05:00,54.48,54.55,54.45,54.53,50988.0,54.509,113
2024-12-16 11:40:00-05:00,54.54,54.55,54.48,54.53,10387.0,54.515,63
2024-12-16 11:45:00-05:00,54.52,54.54,54.45,54.51,4908.0,54.499,38
2024-12-16 11:50:00-05:00,54.5,54.64,54.5,54.64,48632.0,54.543,199
2024-12-16 11:55:00-05:00,54.63,54.71,54.58,54.64,40426.0,54.644,226
2024-12-16 12:00:00-05:00,54.62,54.62,54.5,54.51,24613.0,54.549,131
2024-12-16 12:05:00-05:00,54.52,54.58,54.48,54.55,54833.0,54.534,153
2024-12-16 12:10:00-05:00,54.54,54.56,54.47,54.55,27369.0,54.518,113
2024-12-16 12:15:00-05:00,54.53,54.69,54.49,54.67,106914.0,54.624,355
2024-12-16 12:20:00-05:00,54.66,54.82,54.66,54.78,22213.0,54.747,158
2024-12-16 12:25:00-05:00,54.79,54.93,54.76,54.9,29094.0,54.851,178
2024-12-16 12:30:00-05:00,54.89,54.94,54.86,54.93,13173.0,54.895,104
2024-12-16 12:35:00-05:00,54.91,54.98,54.77,54.82,226444.0,54.89,355
2024-12-16 12:40:00-05:00,54.8,54.89,54.74,54.78,16412.0,54.828,119
2024-12-16 12:45:00-05:00,54.74,54.85,54.72,54.83,9576.0,54.775,78
2024-12-16 12:50:00-05:00,54.83,54.87,54.8,54.8,11714.0,54.837,84
2024-12-16 12:55:00-05:00,54.8,54.85,54.79,54.79,20612.0,54.812,111
2024-12-16 13:00:00-05:00,54.8,54.97,54.79,54.96,58419.0,54.865,247
2024-12-16 13:05:00-05:00,54.96,54.98,54.84,54.85,43741.0,54.923,163
2024-12-16 13:10:00-05:00,54.85,54.86,54.69,54.71,10949.0,54.769,96
2024-12-16 13:15:00-05:00,54.71,54.92,54.71,54.81,56260.0,54.843,316
2024-12-16 13:20:00-05:00,54.85,54.85,54.77,54.79,13475.0,54.798,105
2024-12-16 13:25:00-05:00,54.81,54.83,54.77,54.79,10546.0,54.796,84
2024-12-16 13:30:00-05:00,54.77,54.78,54.64,54.66,9800.0,54.716,80
2024-12-16 13:35:00-05:00,54.68,54.68,54.61,54.67,11668.0,54.643,89
2024-12-16 13:40:00-05:00,54.65,54.85,54.65,54.83,17031.0,54.761,104
2024-12-16 13:45:00-05:00,54.83,54.86,54.76,54.82,24916.0,54.809,154
2024-12-16 13:50:00-05:00,54.82,54.84,54.78,54.79,8560.0,54.809,76
2024-12-16 13:55:00-05:00,54.78,54.79,54.7,54.7,12550.0,54.76,104
2024-12-16 14:00:00-05:00,54.71,54.73,54.62,54.64,5279.0,54.683,48
2024-12-16 14:05:00-05:00,54.65,54.67,54.55,54.55,13553.0,54.613,100
2024-12-16 14:10:00-05:00,54.55,54.59,54.52,54.54,10446.0,54.565,82
2024-12-16 14:15:00-05:00,54.54,54.63,54.53,54.62,14819.0,54.566,105
2024-12-16 14:20:00-05:00,54.61,54.74,54.6,54.7,38543.0,54.688,204
2024-12-16 14:25:00-05:00,54.71,54.72,54.62,54.63,21115.0,54.676,144
2024-12-16 14:30:00-05:00,54.63,54.74,54.61,54.73,16424.0,54.653,115
2024-12-16 14:35:00-05:00,54.73,54.74,54.66,54.69,25279.0,54.701,166
2024-12-16 14:40:00-05:00,54.7,54.7,54.66,54.69,7192.0,54.687,71
2024-12-16 14:45:00-05:00,54.69,54.73,54.65,54.66,14072.0,54.688,115
2024-12-16 14:50:00-05:00,54.66,54.67,54.52,54.61,38162.0,54.611,217
2024-12-16 14:55:00-05:00,54.61,54.64,54.54,54.55,9669.0,54.582,83
2024-12-16 15:00:00-05:00,54.54,54.61,54.52,54.58,6166.0,54.561,51
2024-12-16 15:05:00-05:00,54.58,54.64,54.55,54.62,15668.0,54.588,120
2024-12-16 15:10:00-05:00,54.62,54.75,54.62,54.71,91728.0,54.646,291
2024-12-16 15:15:00-05:00,54.7,54.75,54.65,54.75,14859.0,54.696,109
2024-12-16 15:20:00-05:00,54.74,54.81,54.73,54.81,20399.0,54.762,173
2024-12-16 15:25:00-05:00,54.79,54.81,54.73,54.76,28837.0,54.781,225
2024-12-16 15:30:00-05:00,54.76,54.78,54.65,54.73,28588.0,54.709,222
2024-12-16 15:35:00-05:00,54.73,54.78,54.69,54.72,28915.0,54.734,209
2024-12-16 15:40:00-05:00,54.72,54.72,54.69,54.7,26096.0,54.704,186
2024-12-16 15:45:00-05:00,54.7,54.73,54.61,54.71,37776.0,54.681,306
2024-12-16 15:50:00-05:00,54.71,54.84,54.69,54.82,69020.0,54.792,478
2024-12-16 15:55:00-05:00,54.82,54.85,54.69,54.69,320053.0,54.765,1724
2024-12-17 09:30:00-05:00,54.4,54.58,53.9,53.95,66029.0,54.209,271
2024-12-17 09:35:00-05:00,53.93,54.02,53.8,53.95,20735.0,53.887,145
2024-12-17 09:40:00-05:00,53.96,54.18,53.96,54.07,17129.0,54.081,116
2024-12-17 09:45:00-05:00,54.03,54.19,54.01,54.17,9299.0,54.089,45
2024-12-17 09:50:00-05:00,54.17,54.23,54.04,54.22,17108.0,54.124,122
2024-12-17 09:55:00-05:00,54.24,54.32,54.18,54.18,27224.0,54.247,209
2024-12-17 10:00:00-05:00,54.18,54.38,54.16,54.36,42658.0,54.253,169
2024-12-17 10:05:00-05:00,54.36,54.36,54.14,54.16,13754.0,54.225,97
2024-12-17 10:10:00-05:00,54.16,54.21,54.06,54.1,29411.0,54.131,168
2024-12-17 10:15:00-05:00,54.1,54.15,54.04,54.15,23366.0,54.091,147
2024-12-17 10:20:00-05:00,54.16,54.18,53.98,54.0,20260.0,54.089,158
2024-12-17 10:25:00-05:00,54.0,54.02,53.88,54.02,13028.0,53.961,108
2024-12-17 10:30:00-05:00,54.02,54.04,53.88,53.91,16473.0,53.976,99
2024-12-17 10:35:00-05:00,53.91,54.03,53.88,54.0,20957.0,53.945,130
2024-12-17 10:40:00-05:00,54.0,54.09,53.97,54.02,25978.0,54.025,177
2024-12-17 10:45:00-05:00,54.02,54.06,53.86,53.88,24147.0,53.921,165
2024-12-17 10:50:00-05:00,53.88,53.96,53.82,53.94,37175.0,53.89,234
2024-12-17 10:55:00-05:00,53.96,54.0,53.89,53.95,29763.0,53.956,223
2024-12-17 11:00:00-05:00,53.95,54.05,53.91,53.97,35138.0,53.987,225
2024-12-17 11:05:00-05:00,53.96,54.06,53.95,54.05,25239.0,54.001,181
2024-12-17 11:10:00-05:00,54.04,54.06,54.02,54.03,24507.0,54.046,188
2024-12-17 11:15:00-05:00,54.03,54.04,53.98,54.01,20935.0,54.014,142
2024-12-17 11:20:00-05:00,54.01,54.01,53.83,53.86,27502.0,53.92,202
2024-12-17 11:25:00-05:00,53.86,53.9,53.82,53.89,31639.0,53.855,195
2024-12-17 11:30:00-05:00,53.89,54.06,53.88,54.02,40988.0,53.973,308
2024-12-17 11:35:00-05:00,54.03,54.04,53.93,54.02,17872.0,54.006,133
2024-12-17 11:40:00-05:00,54.02,54.07,53.98,54.06,15801.0,54.014,84
2024-12-17 11:45:00-05:00,54.09,54.09,54.0,54.03,16994.0,54.049,151
2024-12-17 11:50:00-05:00,54.03,54.05,54.02,54.04,6864.0,54.036,60
2024-12-17 11:55:00-05:00,54.03,54.07,54.03,54.06,11638.0,54.051,79
2024-12-17 12:00:00-05:00,54.05,54.07,54.04,54.04,16192.0,54.053,128
2024-12-17 12:05:00-05:00,54.04,54.04,53.99,54.0,16887.0,54.021,141
2024-12-17 12:10:00-05:00,54.0,54.0,53.97,53.98,11429.0,53.99,74
2024-12-17 12:15:00-05:00,53.98,54.06,53.98,54.03,15380.0,54.03,79
2024-12-17 12:20:00-05:00,54.02,54.06,53.97,54.01,8170.0,54.022,65
2024-12-17 12:25:00-05:00,54.01,54.03,53.98,53.98,7976.0,54.013,68
2024-12-17 12:30:00-05:00,53.99,54.0,53.98,53.99,3697.0,53.992,32
2024-12-17 12:35:00-05:00,53.99,54.01,53.97,54.0,2100.0,53.992,21
2024-12-17 12:40:00-05:00,54.01,54.04,53.99,54.03,11930.0,54.022,93
2024-12-17 12:45:00-05:00,54.03,54.04,54.01,54.01,7473.0,54.02,56
2024-12-17 12:50:00-05:00,54.02,54.23,53.99,54.14,36209.0,54.084,242
2024-12-17 12:55:00-05:00,54.14,54.15,54.09,54.14,11402.0,54.122,90
2024-12-17 13:00:00-05:00,54.11,54.14,54.08,54.09,13508.0,54.119,72
2024-12-17 13:05:00-05:00,54.09,54.1,54.0,54.05,80365.0,54.063,137
2024-12-17 13:10:00-05:00,54.05,54.07,54.01,54.04,8935.0,54.04,64
2024-12-17 13:15:00-05:00,54.04,54.08,54.03,54.04,5900.0,54.051,47
2024-12-17 13:20:00-05:00,54.05,54.1,54.03,54.07,14540.0,54.072,122
2024-12-17 13:25:00-05:00,54.07,54.1,54.06,54.07,3772.0,54.085,34
2024-12-17 13:30:00-05:00,54.06,54.08,53.96,53.97,25091.0,54.024,168
2024-12-17 13:35:00-05:00,53.97,54.05,53.95,54.03,39353.0,54.026,104
2024-12-17 13:40:00-05:00,54.03,54.05,53.94,53.97,25033.0,53.998,171
2024-12-17 13:45:00-05:00,53.96,54.04,53.95,54.02,10371.0,54.003,64
2024-12-17 13:50:00-05:00,54.02,54.03,53.98,54.01,18386.0,54.004,103
2024-12-17 13:55:00-05:00,54.01,54.03,53.98,53.98,12782.0,54.001,84
2024-12-17 14:00:00-05:00,53.98,54.0,53.96,54.0,18207.0,53.984,100
2024-12-17 14:05:00-05:00,54.02,54.07,54.01,54.04,12218.0,54.039,92
2024-12-17 14:10:00-05:00,54.04,54.04,53.99,54.02,6815.0,54.019,42
2024-12-17 14:15:00-05:00,54.02,54.04,53.94,53.96,15104.0,53.998,88
2024-12-17 14:20:00-05:00,53.96,53.96,53.84,53.88,15513.0,53.904,88
2024-12-17 14:25:00-05:00,53.88,53.98,53.87,53.87,20765.0,53.908,106
2024-12-17 14:30:00-05:00,53.87,53.87,53.86,53.87,1891.0,53.869,15
2024-12-17 14:35:00-05:00,53.89,53.96,53.86,53.96,9377.0,53.916,66
2024-12-17 14:40:00-05:00,53.94,53.96,53.9,53.91,8691.0,53.941,63
2024-12-17 14:45:00-05:00,53.89,53.93,53.89,53.91,4153.0,53.907,32
2024-12-17 14:50:00-05:00,53.9,53.93,53.86,53.91,12410.0,53.894,91
2024-12-17 14:55:00-05:00,53.89,53.91,53.86,53.86,8215.0,53.873,58
2024-12-17 15:00:00-05:00,53.88,53.92,53.85,53.88,10586.0,53.877,67
2024-12-17 15:05:00-05:00,53.86,53.97,53.86,53.94,17159.0,53.895,115
2024-12-17 15:10:00-05:00,53.94,53.94,53.86,53.86,24448.0,53.893,148
2024-12-17 15:15:00-05:00,53.87,53.87,53.85,53.85,7751.0,53.858,48
2024-12-17 15:20:00-05:00,53.86,53.92,53.84,53.86,29963.0,53.869,198
2024-12-17 15:25:00-05:00,53.86,53.92,53.84,53.91,38894.0,53.871,205
2024-12-17 15:30:00-05:00,53.91,53.92,53.84,53.88,45170.0,53.862,243
2024-12-17 15:35:00-05:00,53.88,53.93,53.85,53.9,44975.0,53.872,283
2024-12-17 15:40:00-05:00,53.9,54.03,53.89,54.03,47759.0,53.968,292
2024-12-17 15:45:00-05:00,54.01,54.03,53.94,54.0,59386.0,53.992,413
2024-12-17 15:50:00-05:00,54.0,54.13,53.95,54.08,111685.0,54.055,575
2024-12-17 15:55:00-05:00,54.07,54.09,53.87,53.9,324448.0,53.984,1440
2024-12-18 09:30:00-05:00,53.97,54.03,53.44,53.68,186255.0,53.707,427
2024-12-18 09:35:00-05:00,53.7,53.87,53.67,53.78,42643.0,53.768,197
2024-12-18 09:40:00-05:00,53.78,53.81,53.72,53.73,17814.0,53.772,141
2024-12-18 09:45:00-05:00,53.71,53.95,53.71,53.9,13084.0,53.838,95
2024-12-18 09:50:00-05:00,53.86,54.0,53.83,53.86,77187.0,53.938,349
2024-12-18 09:55:00-05:00,53.83,53.88,53.74,53.83,25863.0,53.816,173
2024-12-18 10:00:00-05:00,53.86,53.93,53.75,53.89,10598.0,53.834,80
2024-12-18 10:05:00-05:00,53.89,53.97,53.86,53.92,16977.0,53.929,95
2024-12-18 10:10:00-05:00,53.93,54.13,53.92,54.04,56286.0,53.982,129
2024-12-18 10:15:00-05:00,54.03,54.22,54.0,54.17,10717.0,54.096,82
2024-12-18 10:20:00-05:00,54.17,54.21,54.12,54.12,6200.0,54.164,39
2024-12-18 10:25:00-05:00,54.15,54.2,54.1,54.13,22058.0,54.141,121
2024-12-18 10:30:00-05:00,54.13,54.21,54.13,54.2,19410.0,54.167,164
2024-12-18 10:35:00-05:00,54.2,54.27,54.16,54.26,16625.0,54.223,78
2024-12-18 10:40:00-05:00,54.26,54.26,54.19,54.19,16047.0,54.241,51
2024-12-18 10:45:00-05:00,54.2,54.23,54.03,54.03,51878.0,54.139,111
2024-12-18 10:50:00-05:00,54.03,54.04,53.9,53.94,16528.0,53.965,99
2024-12-18 10:55:00-05:00,53.95,54.01,53.93,54.0,16383.0,53.968,91
2024-12-18 11:00:00-05:00,53.98,54.01,53.91,53.93,12945.0,53.974,60
2024-12-18 11:05:00-05:00,53.91,53.97,53.88,53.91,6095.0,53.92,51
2024-12-18 11:10:00-05:00,53.92,54.01,53.89,54.01,17471.0,53.941,133
2024-12-18 11:15:00-05:00,53.98,54.05,53.93,53.98,21614.0,53.996,89
2024-12-18 11:20:00-05:00,53.98,53.98,53.89,53.9,6764.0,53.935,58
2024-12-18 11:25:00-05:00,53.89,53.91,53.7,53.74,59268.0,53.843,70
2024-12-18 11:30:00-05:00,53.74,53.78,53.66,53.7,64330.0,53.715,480
2024-12-18 11:35:00-05:00,53.68,53.68,53.4,53.45,14064.0,53.517,109
2024-12-18 11:40:00-05:00,53.43,53.43,53.24,53.24,9450.0,53.327,74
2024-12-18 11:45:00-05:00,53.27,53.39,53.21,53.36,18237.0,53.328,96
2024-12-18 11:50:00-05:00,53.36,53.38,53.32,53.37,6763.0,53.355,53
2024-12-18 11:55:00-05:00,53.37,53.46,53.36,53.45,9592.0,53.406,71
2024-12-18 12:00:00-05:00,53.45,53.5,53.35,53.39,12295.0,53.406,87
2024-12-18 12:05:00-05:00,53.39,53.41,53.35,53.36,9888.0,53.376,74
2024-12-18 12:10:00-05:00,53.36,53.47,53.36,53.46,2850.0,53.416,27
2024-12-18 12:15:00-05:00,53.47,53.47,53.42,53.42,4968.0,53.441,44
2024-12-18 12:20:00-05:00,53.41,53.46,53.41,53.44,6911.0,53.435,47
2024-12-18 12:25:00-05:00,53.46,53.56,53.4,53.52,21963.0,53.487,177
2024-12-18 12:30:00-05:00,53.5,53.55,53.49,53.53,11919.0,53.53,63
2024-12-18 12:35:00-05:00,53.54,53.55,53.52,53.53,3439.0,53.534,24
2024-12-18 12:40:00-05:00,53.51,53.54,53.5,53.52,1700.0,53.523,14
2024-12-18 12:45:00-05:00,53.52,53.55,53.5,53.53,14574.0,53.516,72
2024-12-18 12:50:00-05:00,53.53,53.53,53.44,53.48,31414.0,53.496,194
2024-12-18 12:55:00-05:00,53.49,53.55,53.48,53.55,7966.0,53.523,67
2024-12-18 13:00:00-05:00,53.55,53.55,53.44,53.44,23290.0,53.492,129
2024-12-18 13:05:00-05:00,53.41,53.45,53.35,53.44,11689.0,53.395,88
2024-12-18 13:10:00-05:00,53.44,53.45,53.34,53.44,128906.0,53.421,468
2024-12-18 13:15:00-05:00,53.44,53.5,53.44,53.48,12694.0,53.47,101
2024-12-18 13:20:00-05:00,53.49,53.63,53.45,53.61,13959.0,53.543,103
2024-12-18 13:25:00-05:00,53.63,53.73,53.63,53.73,16126.0,53.674,111
2024-12-18 13:30:00-05:00,53.71,53.76,53.65,53.68,15810.0,53.716,116
2024-12-18 13:35:00-05:00,53.7,53.81,53.61,53.66,31806.0,53.735,119
2024-12-18 13:40:00-05:00,53.65,53.73,53.56,53.63,25609.0,53.652,103
2024-12-18 13:45:00-05:00,53.62,53.71,53.62,53.67,12077.0,53.66,94
2024-12-18 13:50:00-05:00,53.7,53.75,53.69,53.69,6327.0,53.725,51
2024-12-18 13:55:00-05:00,53.69,53.72,53.67,53.69,4753.0,53.7,37
2024-12-18 14:00:00-05:00,53.68,53.7,53.39,53.39,24314.0,53.556,149
2024-12-18 14:05:00-05:00,53.41,53.41,53.1,53.13,65216.0,53.312,203
2024-12-18 14:10:00-05:00,53.15,53.21,53.04,53.2,74371.0,53.173,212
2024-12-18 14:15:00-05:00,53.19,53.27,52.99,53.05,138284.0,53.196,707
2024-12-18 14:20:00-05:00,53.05,53.18,53.03,53.14,24310.0,53.113,168
2024-12-18 14:25:00-05:00,53.17,53.21,53.02,53.02,21317.0,53.162,140
2024-12-18 14:30:00-05:00,53.0,53.15,53.0,53.07,36802.0,53.074,216
2024-12-18 14:35:00-05:00,53.08,53.12,53.0,53.04,94063.0,53.051,339
2024-12-18 14:40:00-05:00,53.03,53.06,52.87,52.9,12448.0,52.967,92
2024-12-18 14:45:00-05:00,52.9,53.01,52.83,52.9,114875.0,52.926,446
2024-12-18 14:50:00-05:00,52.89,52.93,52.83,52.92,21160.0,52.869,150
2024-12-18 14:55:00-05:00,52.89,52.89,52.71,52.77,20581.0,52.819,156
2024-12-18 15:00:00-05:00,52.76,52.83,52.7,52.76,32096.0,52.766,151
2024-12-18 15:05:00-05:00,52.75,52.82,52.67,52.75,29732.0,52.751,157
2024-12-18 15:10:00-05:00,52.76,52.77,52.61,52.66,36503.0,52.694,185
2024-12-18 15:15:00-05:00,52.64,52.65,52.47,52.52,17490.0,52.526,135
2024-12-18 15:20:00-05:00,52.52,52.77,52.5,52.7,24333.0,52.663,194
2024-12-18 15:25:00-05:00,52.68,52.7,52.55,52.6,26921.0,52.601,185
2024-12-18 15:30:00-05:00,52.6,52.69,52.52,52.54,51312.0,52.609,278
2024-12-18 15:35:00-05:00,52.51,52.51,52.21,52.24,37845.0,52.429,245
2024-12-18 15:40:00-05:00,52.23,52.27,51.96,51.96,39317.0,52.17,276
2024-12-18 15:45:00-05:00,51.97,52.18,51.95,52.12,37701.0,52.066,291
2024-12-18 15:50:00-05:00,52.11,52.19,52.04,52.11,55512.0,52.103,377
2024-12-18 15:55:00-05:00,52.1,52.11,51.7,51.72,273223.0,51.831,1460
2024-12-19 09:30:00-05:00,52.13,52.45,52.08,52.29,80302.0,52.223,336
2024-12-19 09:35:00-05:00,52.3,52.37,52.04,52.06,65100.0,52.255,155
2024-12-19 09:40:00-05:00,52.06,52.17,52.03,52.04,12747.0,52.099,85
2024-12-19 09:45:00-05:00,52.05,52.12,51.99,52.02,22046.0,52.047,123
2024-12-19 09:50:00-05:00,52.01,52.01,51.81,51.86,27710.0,51.89,145
2024-12-19 09:55:00-05:00,51.88,51.99,51.88,51.98,11483.0,51.932,94
2024-12-19 10:00:00-05:00,52.0,52.0,51.83,51.85,18282.0,51.904,103
2024-12-19 10:05:00-05:00,51.85,51.87,51.72,51.81,19375.0,51.782,138
2024-12-19 10:10:00-05:00,51.84,51.92,51.83,51.85,12809.0,51.868,83
2024-12-19 10:15:00-05:00,51.82,51.82,51.68,51.69,13288.0,51.733,87
2024-12-19 10:20:00-05:00,51.71,51.71,51.58,51.62,8466.0,51.651,57
2024-12-19 10:25:00-05:00,51.61,51.63,51.52,51.55,11039.0,51.573,81
2024-12-19 10:30:00-05:00,51.54,51.8,51.52,51.76,16191.0,51.653,116
2024-12-19 10:35:00-05:00,51.78,51.9,51.71,51.9,23535.0,51.803,168
2024-12-19 10:40:00-05:00,51.9,51.96,51.79,51.88,108539.0,51.9,229
2024-12-19 10:45:00-05:00,51.89,51.9,51.83,51.89,24340.0,51.865,131
2024-12-19 10:50:00-05:00,51.91,51.98,51.89,51.92,14381.0,51.932,86
2024-12-19 10:55:00-05:00,51.93,52.01,51.92,51.97,16143.0,51.952,112
2024-12-19 11:00:00-05:00,51.97,51.99,51.82,51.83,23765.0,51.915,157
2024-12-19 11:05:00-05:00,51.81,51.84,51.73,51.77,16516.0,51.785,110
2024-12-19 11:10:00-05:00,51.78,51.81,51.64,51.67,21617.0,51.729,136
2024-12-19 11:15:00-05:00,51.68,51.86,51.68,51.75,22388.0,51.75,166
2024-12-19 11:20:00-05:00,51.75,51.9,51.72,51.9,11228.0,51.806,78
2024-12-19 11:25:00-05:00,51.91,51.98,51.88,51.97,13472.0,51.923,74
2024-12-19 11:30:00-05:00,51.94,52.02,51.93,51.98,8376.0,51.975,67
2024-12-19 11:35:00-05:00,51.96,51.98,51.87,51.89,8014.0,51.914,62
2024-12-19 11:40:00-05:00,51.88,51.89,51.73,51.8,4862.0,51.808,36
2024-12-19 11:45:00-05:00,51.81,51.89,51.76,51.87,4183.0,51.817,35
2024-12-19 11:50:00-05:00,51.87,51.9,51.78,51.81,9082.0,51.836,42
2024-12-19 11:55:00-05:00,51.81,51.83,51.78,51.8,3548.0,51.801,33
2024-12-19 12:00:00-05:00,51.8,51.87,51.78,51.85,5242.0,51.822,44
2024-12-19 12:05:00-05:00,51.82,51.85,51.72,51.74,11335.0,51.802,87
2024-12-19 12:10:00-05:00,51.72,51.72,51.54,51.58,3661.0,51.607,33
2024-12-19 12:15:00-05:00,51.55,51.59,51.5,51.5,5121.0,51.559,41
2024-12-19 12:20:00-05:00,51.52,51.61,51.46,51.55,24154.0,51.543,154
2024-12-19 12:25:00-05:00,51.54,51.55,51.46,51.46,5373.0,51.504,31
2024-12-19 12:30:00-05:00,51.47,51.54,51.41,51.45,11399.0,51.458,78
2024-12-19 12:35:00-05:00,51.47,51.59,51.46,51.59,11180.0,51.541,78
2024-12-19 12:40:00-05:00,51.54,51.54,51.46,51.47,2773.0,51.511,21
2024-12-19 12:45:00-05:00,51.45,51.46,51.39,51.42,10258.0,51.412,41
2024-12-19 12:50:00-05:00,51.41,51.44,51.37,51.42,6695.0,51.416,50
2024-12-19 12:55:00-05:00,51.42,51.51,51.41,51.5,4874.0,51.48,30
2024-12-19 13:00:00-05:00,51.47,51.5,51.43,51.43,5066.0,51.458,29
2024-12-19 13:05:00-05:00,51.44,51.51,51.4,51.47,8815.0,51.477,44
2024-12-19 13:10:00-05:00,51.48,51.49,51.45,51.49,5836.0,51.478,41
2024-12-19 13:15:00-05:00,51.49,51.5,51.42,51.44,5389.0,51.46,30
2024-12-19 13:20:00-05:00,51.43,51.45,51.35,51.42,9833.0,51.393,72
2024-12-19 13:25:00-05:00,51.41,51.53,51.41,51.53,60973.0,51.486,70
2024-12-19 13:30:00-05:00,51.54,51.56,51.47,51.51,20659.0,51.521,126
2024-12-19 13:35:00-05:00,51.51,51.62,51.5,51.57,71133.0,51.571,331
2024-12-19 13:40:00-05:00,51.57,51.63,51.54,51.6,11913.0,51.594,89
2024-12-19 13:45:00-05:00,51.61,51.64,51.56,51.62,8931.0,51.608,69
2024-12-19 13:50:00-05:00,51.6,51.65,51.51,51.51,37616.0,51.638,88
2024-12-19 13:55:00-05:00,51.54,51.65,51.5,51.65,13416.0,51.581,102
2024-12-19 14:00:00-05:00,51.63,51.67,51.51,51.51,26517.0,51.64,61
2024-12-19 14:05:00-05:00,51.52,51.58,51.49,51.55,7621.0,51.527,55
2024-12-19 14:10:00-05:00,51.55,51.56,51.48,51.52,4305.0,51.516,33
2024-12-19 14:15:00-05:00,51.52,51.55,51.51,51.55,5385.0,51.536,34
2024-12-19 14:20:00-05:00,51.55,51.6,51.5,51.58,6661.0,51.536,38
2024-12-19 14:25:00-05:00,51.59,51.59,51.52,51.54,2880.0,51.567,21
2024-12-19 14:30:00-05:00,51.53,51.57,51.51,51.56,4956.0,51.545,30
2024-12-19 14:35:00-05:00,51.54,51.59,51.54,51.56,3086.0,51.561,20
2024-12-19 14:40:00-05:00,51.57,51.58,51.5,51.5,10541.0,51.532,47
2024-12-19 14:45:00-05:00,51.52,51.56,51.49,51.54,6989.0,51.527,42
2024-12-19 14:50:00-05:00,51.55,51.64,51.55,51.63,9586.0,51.599,72
2024-12-19 14:55:00-05:00,51.63,51.63,51.55,51.55,106234.0,51.562,38
2024-12-19 15:00:00-05:00,51.57,51.59,51.37,51.48,13105.0,51.464,100
2024-12-19 15:05:00-05:00,51.46,51.46,51.37,51.41,7690.0,51.414,56
2024-12-19 15:10:00-05:00,51.41,51.51,51.34,51.5,119632.0,51.387,142
2024-12-19 15:15:00-05:00,51.5,51.55,51.4,51.48,20722.0,51.501,146
2024-12-19 15:20:00-05:00,51.48,51.54,51.47,51.52,13540.0,51.518,110
2024-12-19 15:25:00-05:00,51.52,51.56,51.4,51.41,14190.0,51.486,105
2024-12-19 15:30:00-05:00,51.41,51.43,51.33,51.39,74331.0,51.392,165
2024-12-19 15:35:00-05:00,51.39,51.39,51.23,51.34,33264.0,51.317,236
2024-12-19 15:40:00-05:00,51.32,51.35,51.24,51.25,23984.0,51.306,190
2024-12-19 15:45:00-05:00,51.25,51.42,51.2,51.4,88725.0,51.309,539
2024-12-19 15:50:00-05:00,51.38,51.43,51.29,51.35,69162.0,51.362,436
2024-12-19 15:55:00-05:00,51.37,51.37,51.16,51.18,263571.0,51.251,1394
2024-12-20 09:30:00-05:00,51.14,51.56,50.92,51.37,729091.0,51.145,325
2024-12-20 09:35:00-05:00,51.38,51.76,51.37,51.72,28486.0,51.508,119
2024-12-20 09:40:00-05:00,51.68,51.72,51.48,51.48,16410.0,51.573,120
2024-12-20 09:45:00-05:00,51.51,51.53,51.43,51.48,18526.0,51.477,97
2024-12-20 09:50:00-05:00,51.48,51.49,51.32,51.32,24285.0,51.435,178
2024-12-20 09:55:00-05:00,51.34,51.36,51.2,51.24,9385.0,51.268,67
2024-12-20 10:00:00-05:00,51.29,51.33,51.15,51.25,36350.0,51.289,96
2024-12-20 10:05:00-05:00,51.28,51.28,51.12,51.12,13102.0,51.202,84
2024-12-20 10:10:00-05:00,51.12,51.3,51.11,51.3,16134.0,51.206,110
2024-12-20 10:15:00-05:00,51.29,51.35,51.28,51.31,5994.0,51.314,45
2024-12-20 10:20:00-05:00,51.29,51.38,51.26,51.34,35946.0,51.32,197
2024-12-20 10:25:00-05:00,51.32,51.64,51.3,51.62,82456.0,51.462,402
2024-12-20 10:30:00-05:00,51.63,51.77,51.61,51.74,81581.0,51.664,425
2024-12-20 10:35:00-05:00,51.72,51.9,51.68,51.78,61841.0,51.822,415
2024-12-20 10:40:00-05:00,51.78,51.85,51.76,51.85,15101.0,51.836,104
2024-12-20 10:45:00-05:00,51.85,51.98,51.84,51.84,56252.0,51.905,347
2024-12-20 10:50:00-05:00,51.83,51.87,51.77,51.86,8296.0,51.829,66
2024-12-20 10:55:00-05:00,51.88,51.89,51.8,51.82,10945.0,51.843,85
2024-12-20 11:00:00-05:00,51.82,51.96,51.76,51.96,10835.0,51.878,76
2024-12-20 11:05:00-05:00,51.96,52.02,51.94,51.94,8622.0,51.978,73
2024-12-20 11:10:00-05:00,51.96,51.98,51.94,51.95,4196.0,51.962,34
2024-12-20 11:15:00-05:00,51.95,52.12,51.95,52.12,22519.0,52.032,146
2024-12-20 11:20:00-05:00,52.11,52.25,52.1,52.22,26510.0,52.187,185
2024-12-20 11:25:00-05:00,52.22,52.25,52.15,52.17,33384.0,52.213,216
2024-12-20 11:30:00-05:00,52.16,52.21,52.09,52.16,62774.0,52.165,470
2024-12-20 11:35:00-05:00,52.16,52.35,52.16,52.33,14948.0,52.272,94
2024-12-20 11:40:00-05:00,52.32,52.46,52.31,52.4,23766.0,52.413,116
2024-12-20 11:45:00-05:00,52.42,52.53,52.39,52.51,13043.0,52.456,108
2024-12-20 11:50:00-05:00,52.5,52.54,52.4,52.52,14211.0,52.487,113
2024-12-20 11:55:00-05:00,52.53,52.62,52.51,52.6,10639.0,52.582,89
2024-12-20 12:00:00-05:00,52.59,52.63,52.53,52.53,12510.0,52.584,108
2024-12-20 12:05:00-05:00,52.54,52.6,52.52,52.57,17217.0,52.562,131
2024-12-20 12:10:00-05:00,52.58,52.59,52.47,52.57,37986.0,52.557,194
2024-12-20 12:15:00-05:00,52.58,52.7,52.56,52.66,10704.0,52.664,89
2024-12-20 12:20:00-05:00,52.67,52.74,52.64,52.72,7680.0,52.674,64
2024-12-20 12:25:00-05:00,52.72,52.72,52.57,52.65,43413.0,52.622,199
2024-12-20 12:30:00-05:00,52.66,52.7,52.57,52.63,16149.0,52.638,114
2024-12-20 12:35:00-05:00,52.64,52.77,52.63,52.76,7983.0,52.709,67
2024-12-20 12:40:00-05:00,52.76,52.79,52.4,52.52,92063.0,52.611,693
2024-12-20 12:45:00-05:00,52.5,52.58,52.5,52.58,11603.0,52.528,91
2024-12-20 12:50:00-05:00,52.6,52.63,52.52,52.62,9261.0,52.564,77
2024-12-20 12:55:00-05:00,52.62,52.65,52.6,52.61,7774.0,52.624,56
2024-12-20 13:00:00-05:00,52.6,52.63,52.53,52.55,7612.0,52.569,59
2024-12-20 13:05:00-05:00,52.55,52.58,52.52,52.58,7836.0,52.546,61
2024-12-20 13:10:00-05:00,52.56,52.59,52.55,52.58,6611.0,52.567,49
2024-12-20 13:15:00-05:00,52.55,52.57,52.48,52.56,8301.0,52.517,66
2024-12-20 13:20:00-05:00,52.57,52.57,52.49,52.51,12317.0,52.514,88
2024-12-20 13:25:00-05:00,52.51,52.54,52.41,52.45,17522.0,52.487,128
2024-12-20 13:30:00-05:00,52.44,52.54,52.41,52.53,15809.0,52.482,125
2024-12-20 13:35:00-05:00,52.54,52.55,52.45,52.51,14856.0,52.505,104
2024-12-20 13:40:00-05:00,52.51,52.63,52.5,52.6,13540.0,52.56,97
2024-12-20 13:45:00-05:00,52.59,52.66,52.57,52.63,6922.0,52.621,56
2024-12-20 13:50:00-05:00,52.61,52.69,52.6,52.69,9311.0,52.655,76
2024-12-20 13:55:00-05:00,52.7,52.71,52.65,52.68,24458.0,52.678,177
2024-12-20 14:00:00-05:00,52.68,52.73,52.67,52.73,18791.0,52.701,149
2024-12-20 14:05:00-05:00,52.74,52.77,52.56,52.66,38293.0,52.707,209
2024-12-20 14:10:00-05:00,52.65,52.71,52.58,52.66,20733.0,52.644,126
2024-12-20 14:15:00-05:00,52.68,52.73,52.65,52.71,16733.0,52.695,116
2024-12-20 14:20:00-05:00,52.71,52.76,52.7,52.75,23533.0,52.723,186
2024-12-20 14:25:00-05:00,52.76,52.81,52.73,52.79,45954.0,52.772,316
2024-12-20 14:30:00-05:00,52.79,52.88,52.79,52.84,17715.0,52.843,111
2024-12-20 14:35:00-05:00,52.84,52.89,52.84,52.86,14977.0,52.851,103
2024-12-20 14:40:00-05:00,52.87,52.93,52.83,52.92,17745.0,52.876,123
2024-12-20 14:45:00-05:00,52.92,52.97,52.87,52.87,23776.0,52.922,172
2024-12-20 14:50:00-05:00,52.88,52.91,52.79,52.88,28122.0,52.872,146
2024-12-20 14:55:00-05:00,52.9,52.94,52.88,52.92,34510.0,52.915,223
2024-12-20 15:00:00-05:00,52.92,52.99,52.9,52.98,22277.0,52.954,112
2024-12-20 15:05:00-05:00,52.96,53.09,52.96,53.08,25185.0,53.033,174
2024-12-20 15:10:00-05:00,53.05,53.08,53.03,53.05,19598.0,53.06,138
2024-12-20 15:15:00-05:00,53.05,53.09,53.02,53.02,19100.0,53.057,136
2024-12-20 15:20:00-05:00,53.02,53.05,52.97,53.01,23963.0,53.014,193
2024-12-20 15:25:00-05:00,53.0,53.03,52.91,53.0,27158.0,52.969,235
2024-12-20 15:30:00-05:00,53.0,53.05,52.84,52.9,30686.0,52.938,206
2024-12-20 15:35:00-05:00,52.91,53.08,52.87,53.0,25955.0,53.015,199
2024-12-20 15:40:00-05:00,53.0,53.1,52.99,52.99,39004.0,53.045,277
2024-12-20 15:45:00-05:00,53.0,53.21,53.0,53.2,120478.0,53.157,758
2024-12-20 15:50:00-05:00,53.23,53.36,53.16,53.36,148816.0,53.273,937
2024-12-20 15:55:00-05:00,53.35,53.36,53.06,53.26,503423.0,53.216,2164
2024-12-23 09:30:00-05:00,53.04,53.04,52.71,52.82,38010.0,52.944,68
2024-12-23 09:35:00-05:00,52.85,52.97,52.8,52.86,15954.0,52.893,117
2024-12-23 09:40:00-05:00,52.8,53.07,52.76,52.96,22108.0,52.998,113
2024-12-23 09:45:00-05:00,52.93,53.12,52.91,53.06,15921.0,53.019,94
2024-12-23 09:50:00-05:00,53.05,53.16,52.97,53.06,27190.0,53.053,160
2024-12-23 09:55:00-05:00,53.06,53.15,53.03,53.04,14181.0,53.09,88
2024-12-23 10:00:00-05:00,53.01,53.07,52.89,52.94,18499.0,52.972,111
2024-12-23 10:05:00-05:00,52.94,52.96,52.87,52.89,14860.0,52.931,93
2024-12-23 10:10:00-05:00,52.85,53.04,52.82,52.99,21931.0,52.943,175
2024-12-23 10:15:00-05:00,52.99,53.13,52.97,53.12,13806.0,53.045,113
2024-12-23 10:20:00-05:00,53.07,53.18,53.01,53.04,13753.0,53.076,101
2024-12-23 10:25:00-05:00,53.01,53.12,53.0,53.1,9374.0,53.077,76
2024-12-23 10:30:00-05:00,53.1,53.22,53.0,53.22,10793.0,53.087,87
2024-12-23 10:35:00-05:00,53.2,53.31,53.18,53.27,13766.0,53.236,96
2024-12-23 10:40:00-05:00,53.26,53.31,53.19,53.22,37594.0,53.273,151
2024-12-23 10:45:00-05:00,53.24,53.26,53.07,53.12,25952.0,53.158,198
2024-12-23 10:50:00-05:00,53.14,53.15,53.1,53.12,10478.0,53.126,79
2024-12-23 10:55:00-05:00,53.13,53.24,53.12,53.14,19993.0,53.194,112
2024-12-23 11:00:00-05:00,53.17,53.24,53.15,53.22,6094.0,53.198,43
2024-12-23 11:05:00-05:00,53.24,53.25,53.05,53.05,6448.0,53.175,42
2024-12-23 11:10:00-05:00,53.04,53.12,53.03,53.11,8935.0,53.09,69
2024-12-23 11:15:00-05:00,53.09,53.14,53.05,53.08,28267.0,53.083,196
2024-12-23 11:20:00-05:00,53.08,53.13,53.07,53.09,17521.0,53.097,122
2024-12-23 11:25:00-05:00,53.09,53.17,53.09,53.14,10125.0,53.123,74
2024-12-23 11:30:00-05:00,53.13,53.16,53.1,53.13,25862.0,53.128,167
2024-12-23 11:35:00-05:00,53.15,53.25,53.14,53.22,12040.0,53.206,89
2024-12-23 11:40:00-05:00,53.22,53.34,53.22,53.32,7973.0,53.282,45
2024-12-23 11:45:00-05:00,53.32,53.43,53.31,53.42,61634.0,53.344,348
2024-12-23 11:50:00-05:00,53.41,53.42,53.36,53.42,11826.0,53.392,84
2024-12-23 11:55:00-05:00,53.43,53.45,53.39,53.45,11160.0,53.423,82
2024-12-23 12:00:00-05:00,53.46,53.55,53.45,53.47,16073.0,53.501,104
2024-12-23 12:05:00-05:00,53.47,53.47,53.37,53.42,9610.0,53.433,62
2024-12-23 12:10:00-05:00,53.43,53.47,53.35,53.47,18389.0,53.409,145
2024-12-23 12:15:00-05:00,53.47,53.52,53.39,53.43,38808.0,53.473,223
2024-12-23 12:20:00-05:00,53.43,53.46,53.35,53.41,20891.0,53.422,119
2024-12-23 12:25:00-05:00,53.42,53.48,53.42,53.45,11453.0,53.443,78
2024-12-23 12:30:00-05:00,53.45,53.46,53.37,53.45,10157.0,53.404,81
2024-12-23 12:35:00-05:00,53.44,53.48,53.34,53.48,13108.0,53.391,98
2024-12-23 12:40:00-05:00,53.48,53.55,53.43,53.49,13268.0,53.476,98
2024-12-23 12:45:00-05:00,53.48,53.52,53.46,53.52,6370.0,53.495,42
2024-12-23 12:50:00-05:00,53.5,53.54,53.49,53.53,10259.0,53.51,85
2024-12-23 12:55:00-05:00,53.52,53.54,53.49,53.49,12415.0,53.52,87
2024-12-23 13:00:00-05:00,53.48,53.52,53.47,53.5,9512.0,53.492,74
2024-12-23 13:05:00-05:00,53.49,53.54,53.44,53.5,20680.0,53.503,118
2024-12-23 13:10:00-05:00,53.48,53.55,53.48,53.52,10720.0,53.511,66
2024-12-23 13:15:00-05:00,53.52,53.56,53.51,53.52,8586.0,53.534,67
2024-12-23 13:20:00-05:00,53.52,53.55,53.48,53.49,15264.0,53.512,109
2024-12-23 13:25:00-05:00,53.49,53.58,53.49,53.54,13468.0,53.535,103
2024-12-23 13:30:00-05:00,53.55,53.57,53.5,53.51,8111.0,53.541,59
2024-12-23 13:35:00-05:00,53.51,53.55,53.51,53.54,12278.0,53.522,84
2024-12-23 13:40:00-05:00,53.53,53.53,53.48,53.49,11594.0,53.494,82
2024-12-23 13:45:00-05:00,53.49,53.52,53.47,53.52,10628.0,53.486,74
2024-12-23 13:50:00-05:00,53.52,53.54,53.5,53.53,7619.0,53.522,58
2024-12-23 13:55:00-05:00,53.54,53.55,53.5,53.51,8495.0,53.531,69
2024-12-23 14:00:00-05:00,53.5,53.54,53.49,53.51,13594.0,53.516,101
2024-12-23 14:05:00-05:00,53.51,53.55,53.5,53.55,12778.0,53.524,90
2024-12-23 14:10:00-05:00,53.52,53.55,53.51,53.52,12947.0,53.52,94
2024-12-23 14:15:00-05:00,53.52,53.6,53.51,53.56,14206.0,53.549,99
2024-12-23 14:20:00-05:00,53.57,53.58,53.45,53.45,14644.0,53.515,102
2024-12-23 14:25:00-05:00,53.45,53.53,53.44,53.48,23069.0,53.482,147
2024-12-23 14:30:00-05:00,53.49,53.6,53.49,53.59,12212.0,53.539,83
2024-12-23 14:35:00-05:00,53.58,53.61,53.54,53.55,8506.0,53.57,62
2024-12-23 14:40:00-05:00,53.54,53.56,53.5,53.55,16842.0,53.534,105
2024-12-23 14:45:00-05:00,53.56,53.63,53.45,53.46,13623.0,53.579,104
2024-12-23 14:50:00-05:00,53.48,53.57,53.47,53.55,22055.0,53.505,153
2024-12-23 14:55:00-05:00,53.55,53.58,53.52,53.57,19327.0,53.55,137
2024-12-23 15:00:00-05:00,53.57,53.57,53.51,53.54,20341.0,53.535,128
2024-12-23 15:05:00-05:00,53.54,53.57,53.52,53.56,11042.0,53.543,81
2024-12-23 15:10:00-05:00,53.55,53.58,53.53,53.57,15161.0,53.549,95
2024-12-23 15:15:00-05:00,53.58,53.59,53.54,53.56,16531.0,53.558,99
2024-12-23 15:20:00-05:00,53.57,53.66,53.57,53.6,32796.0,53.62,196
2024-12-23 15:25:00-05:00,53.61,53.66,53.61,53.64,55681.0,53.648,128
2024-12-23 15:30:00-05:00,53.65,53.66,53.48,53.51,17555.0,53.562,140
2024-12-23 15:35:00-05:00,53.51,53.67,53.5,53.61,15954.0,53.583,126
2024-12-23 15:40:00-05:00,53.63,53.72,53.61,53.66,16363.0,53.657,139
2024-12-23 15:45:00-05:00,53.66,53.81,53.66,53.7,70549.0,53.745,460
2024-12-23 15:50:00-05:00,53.71,53.86,53.71,53.84,62438.0,53.813,398
2024-12-23 15:55:00-05:00,53.84,53.98,53.81,53.92,304377.0,53.907,1380
2024-12-24 09:30:00-05:00,54.06,54.49,53.93,54.49,22750.0,54.131,50
2024-12-24 09:35:00-05:00,54.5,54.51,54.22,54.46,14257.0,54.39,75
2024-12-24 09:40:00-05:00,54.44,54.52,54.37,54.48,2920.0,54.453,27
2024-12-24 09:45:00-05:00,54.44,54.46,54.06,54.1,15224.0,54.297,80
2024-12-24 09:50:00-05:00,54.15,54.23,54.08,54.1,53287.0,54.186,40
2024-12-24 09:55:00-05:00,54.06,54.13,53.89,53.89,7250.0,54.0,61
2024-12-24 10:00:00-05:00,53.96,54.09,53.92,54.01,13885.0,53.997,70
2024-12-24 10:05:00-05:00,54.03,54.07,53.91,53.97,9693.0,53.985,74
2024-12-24 10:10:00-05:00,53.94,54.14,53.9,54.1,10947.0,54.003,67
2024-12-24 10:15:00-05:00,54.13,54.23,54.13,54.14,5655.0,54.178,37
2024-12-24 10:20:00-05:00,54.14,54.2,54.13,54.18,9614.0,54.162,66
2024-12-24 10:25:00-05:00,54.19,54.19,54.13,54.15,4071.0,54.156,34
2024-12-24 10:30:00-05:00,54.15,54.18,54.12,54.17,13853.0,54.158,69
2024-12-24 10:35:00-05:00,54.16,54.21,54.01,54.03,13515.0,54.128,77
2024-12-24 10:40:00-05:00,54.04,54.21,54.04,54.06,17698.0,54.137,114
2024-12-24 10:45:00-05:00,54.05,54.14,54.05,54.12,11591.0,54.104,76
2024-12-24 10:50:00-05:00,54.12,54.22,54.06,54.14,17534.0,54.153,87
2024-12-24 10:55:00-05:00,54.16,54.27,54.13,54.26,14742.0,54.181,78
2024-12-24 11:00:00-05:00,54.26,54.32,54.2,54.3,8641.0,54.254,61
2024-12-24 11:05:00-05:00,54.3,54.31,54.22,54.22,3250.0,54.276,22
2024-12-24 11:10:00-05:00,54.25,54.26,54.16,54.18,10729.0,54.209,53
2024-12-24 11:15:00-05:00,54.19,54.25,54.18,54.23,6838.0,54.228,38
2024-12-24 11:20:00-05:00,54.23,54.3,54.19,54.3,30418.0,54.259,57
2024-12-24 11:25:00-05:00,54.29,54.34,54.19,54.2,9258.0,54.307,35
2024-12-24 11:30:00-05:00,54.22,54.23,54.1,54.16,28412.0,54.159,141
2024-12-24 11:35:00-05:00,54.16,54.27,54.15,54.25,10267.0,54.239,46
2024-12-24 11:40:00-05:00,54.24,54.33,54.23,54.3,5727.0,54.268,32
2024-12-24 11:45:00-05:00,54.3,54.4,54.3,54.4,5647.0,54.335,32
2024-12-24 11:50:00-05:00,54.38,54.38,54.27,54.37,14780.0,54.33,90
2024-12-24 11:55:00-05:00,54.36,54.38,54.31,54.33,3892.0,54.334,19
2024-12-24 12:00:00-05:00,54.33,54.35,54.31,54.34,3170.0,54.334,20
2024-12-24 12:05:00-05:00,54.31,54.35,54.31,54.35,2060.0,54.331,10
2024-12-24 12:10:00-05:00,54.37,54.38,54.35,54.38,3612.0,54.362,20
2024-12-24 12:15:00-05:00,54.38,54.42,54.35,54.41,48357.0,54.396,88
2024-12-24 12:20:00-05:00,54.42,54.56,54.41,54.51,9423.0,54.475,54
2024-12-24 12:25:00-05:00,54.48,54.5,54.46,54.48,3885.0,54.476,24
2024-12-24 12:30:00-05:00,54.48,54.49,54.35,54.4,5510.0,54.406,28
2024-12-24 12:35:00-05:00,54.41,54.43,54.37,54.41,4398.0,54.413,33
2024-12-24 12:40:00-05:00,54.43,54.46,54.4,54.42,4237.0,54.43,26
2024-12-24 12:45:00-05:00,54.42,54.49,54.41,54.44,15337.0,54.449,96
2024-12-24 12:50:00-05:00,54.46,54.48,54.4,54.42,21548.0,54.434,136
2024-12-24 12:55:00-05:00,54.41,54.54,54.4,54.51,47621.0,54.495,296
2024-12-26 09:30:00-05:00,54.4,54.53,54.28,54.44,13207.0,54.393,30
2024-12-26 09:35:00-05:00,54.44,54.49,54.42,54.43,1991.0,54.443,16
2024-12-26 09:40:00-05:00,54.46,54.64,54.46,54.64,5743.0,54.604,22
2024-12-26 09:45:00-05:00,54.68,54.78,54.65,54.78,5733.0,54.699,38
2024-12-26 09:50:00-05:00,54.78,54.78,54.5,54.52,13380.0,54.666,93
2024-12-26 09:55:00-05:00,54.54,54.59,54.48,54.57,10505.0,54.539,66
2024-12-26 10:00:00-05:00,54.59,54.59,54.52,54.58,4375.0,54.555,25
2024-12-26 10:05:00-05:00,54.59,54.59,54.45,54.48,3067.0,54.505,24
2024-12-26 10:10:00-05:00,54.46,54.48,54.35,54.36,5705.0,54.402,42
2024-12-26 10:15:00-05:00,54.36,54.41,54.36,54.36,8168.0,54.383,54
2024-12-26 10:20:00-05:00,54.34,54.44,54.34,54.43,9933.0,54.383,48
2024-12-26 10:25:00-05:00,54.41,54.44,54.36,54.42,4007.0,54.41,32
2024-12-26 10:30:00-05:00,54.42,54.46,54.38,54.41,4225.0,54.432,36
2024-12-26 10:35:00-05:00,54.41,54.46,54.38,54.4,4775.0,54.409,37
2024-12-26 10:40:00-05:00,54.4,54.43,54.36,54.41,11045.0,54.391,76
2024-12-26 10:45:00-05:00,54.4,54.58,54.4,54.58,4080.0,54.461,29
2024-12-26 10:50:00-05:00,54.58,54.58,54.51,54.51,947.0,54.553,8
2024-12-26 10:55:00-05:00,54.53,54.6,54.51,54.51,4822.0,54.538,37
2024-12-26 11:00:00-05:00,54.5,54.54,54.5,54.54,5207.0,54.521,37
2024-12-26 11:05:00-05:00,54.52,54.55,54.51,54.52,4165.0,54.531,27
2024-12-26 11:10:00-05:00,54.53,54.56,54.51,54.56,3816.0,54.535,28
2024-12-26 11:15:00-05:00,54.57,54.61,54.57,54.61,825.0,54.594,7
2024-12-26 11:20:00-05:00,54.61,54.63,54.57,54.57,2869.0,54.602,19
2024-12-26 11:25:00-05:00,54.57,54.57,54.49,54.5,4435.0,54.523,30
2024-12-26 11:30:00-05:00,54.5,54.5,54.41,54.44,6108.0,54.443,38
2024-12-26 11:35:00-05:00,54.43,54.46,54.41,54.42,3653.0,54.439,22
2024-12-26 11:40:00-05:00,54.44,54.52,54.44,54.48,3305.0,54.487,30
2024-12-26 11:45:00-05:00,54.49,54.55,54.49,54.55,1111.0,54.53,9
2024-12-26 11:50:00-05:00,54.53,54.53,54.46,54.47,7235.0,54.485,39
2024-12-26 11:55:00-05:00,54.47,54.53,54.47,54.49,3463.0,54.494,27
2024-12-26 12:00:00-05:00,54.47,54.49,54.46,54.46,4085.0,54.473,20
2024-12-26 12:05:00-05:00,54.45,54.48,54.45,54.46,1837.0,54.466,15
2024-12-26 12:10:00-05:00,54.46,54.51,54.38,54.41,9600.0,54.439,54
2024-12-26 12:15:00-05:00,54.4,54.45,54.37,54.43,4160.0,54.395,34
2024-12-26 12:20:00-05:00,54.44,54.44,54.4,54.44,2734.0,54.428,21
2024-12-26 12:25:00-05:00,54.41,54.42,54.4,54.42,3273.0,54.408,23
2024-12-26 12:30:00-05:00,54.41,54.43,54.41,54.41,2533.0,54.413,14
2024-12-26 12:35:00-05:00,54.42,54.43,54.39,54.41,4225.0,54.408,37
2024-12-26 12:40:00-05:00,54.41,54.46,54.41,54.43,4236.0,54.437,30
2024-12-26 12:45:00-05:00,54.42,54.42,54.36,54.42,14097.0,54.401,103
2024-12-26 12:50:00-05:00,54.4,54.4,54.34,54.36,1622.0,54.372,12
2024-12-26 12:55:00-05:00,54.39,54.39,54.35,54.37,1512.0,54.373,13
2024-12-26 13:00:00-05:00,54.37,54.39,54.36,54.36,1178.0,54.375,11
2024-12-26 13:05:00-05:00,54.38,54.38,54.33,54.34,2343.0,54.35,20
2024-12-26 13:10:00-05:00,54.34,54.35,54.3,54.31,2354.0,54.325,15
2024-12-26 13:15:00-05:00,54.31,54.4,54.31,54.4,2964.0,54.35,15
2024-12-26 13:20:00-05:00,54.41,54.43,54.39,54.41,3065.0,54.41,21
2024-12-26 13:25:00-05:00,54.44,54.45,54.42,54.42,1362.0,54.432,10
2024-12-26 13:30:00-05:00,54.42,54.42,54.31,54.31,3426.0,54.358,26
2024-12-26 13:35:00-05:00,54.32,54.34,54.3,54.31,4092.0,54.319,29
2024-12-26 13:40:00-05:00,54.28,54.3,54.26,54.28,2243.0,54.278,20
2024-12-26 13:45:00-05:00,54.27,54.32,54.26,54.32,1785.0,54.281,15
2024-12-26 13:50:00-05:00,54.31,54.34,54.31,54.34,884.0,54.324,6
2024-12-26 13:55:00-05:00,54.35,54.36,54.3,54.36,2022.0,54.33,17
2024-12-26 14:00:00-05:00,54.33,54.33,54.22,54.24,15885.0,54.27,43
2024-12-26 14:05:00-05:00,54.24,54.26,54.22,54.24,1261.0,54.246,11
2024-12-26 14:10:00-05:00,54.24,54.25,54.21,54.21,3016.0,54.23,23
2024-12-26 14:15:00-05:00,54.19,54.24,54.17,54.23,3778.0,54.2,28
2024-12-26 14:20:00-05:00,54.23,54.25,54.21,54.22,1292.0,54.233,8
2024-12-26 14:25:00-05:00,54.22,54.24,54.2,54.21,3894.0,54.216,24
2024-12-26 14:30:00-05:00,54.21,54.22,54.11,54.12,11238.0,54.176,82
2024-12-26 14:35:00-05:00,54.13,54.15,54.09,54.12,5340.0,54.119,39
2024-12-26 14:40:00-05:00,54.12,54.15,54.05,54.05,14288.0,54.116,110
2024-12-26 14:45:00-05:00,54.08,54.11,54.05,54.06,3167.0,54.079,28
2024-12-26 14:50:00-05:00,54.07,54.18,54.06,54.18,7985.0,54.112,48
2024-12-26 14:55:00-05:00,54.17,54.2,54.15,54.15,7880.0,54.182,52
2024-12-26 15:00:00-05:00,54.13,54.14,54.11,54.11,3663.0,54.123,27
2024-12-26 15:05:00-05:00,54.13,54.31,54.12,54.27,24178.0,54.221,134
2024-12-26 15:10:00-05:00,54.26,54.31,54.24,54.24,5041.0,54.264,35
2024-12-26 15:15:00-05:00,54.23,54.23,54.13,54.16,4481.0,54.181,29
2024-12-26 15:20:00-05:00,54.15,54.25,54.15,54.25,4682.0,54.2,25
2024-12-26 15:25:00-05:00,54.26,54.26,54.17,54.2,13647.0,54.214,74
2024-12-26 15:30:00-05:00,54.18,54.24,54.13,54.21,16223.0,54.19,84
2024-12-26 15:35:00-05:00,54.21,54.32,54.19,54.3,18002.0,54.241,105
2024-12-26 15:40:00-05:00,54.29,54.33,54.29,54.32,31666.0,54.31,200
2024-12-26 15:45:00-05:00,54.33,54.38,54.27,54.29,46105.0,54.336,341
2024-12-26 15:50:00-05:00,54.3,54.32,54.17,54.17,46205.0,54.245,268
2024-12-26 15:55:00-05:00,54.18,54.26,54.08,54.13,214630.0,54.155,877
2024-12-27 09:30:00-05:00,53.96,54.44,53.96,54.23,97029.0,54.045,173
2024-12-27 09:35:00-05:00,54.2,54.28,54.15,54.23,19260.0,54.225,130
2024-12-27 09:40:00-05:00,54.22,54.4,54.17,54.34,29308.0,54.312,191
2024-12-27 09:45:00-05:00,54.34,54.46,54.26,54.4,35336.0,54.381,240
2024-12-27 09:50:00-05:00,54.42,54.46,54.34,54.36,9887.0,54.414,60
2024-12-27 09:55:00-05:00,54.36,54.36,54.28,54.34,18385.0,54.328,111
2024-12-27 10:00:00-05:00,54.34,54.37,54.15,54.28,20577.0,54.272,136
2024-12-27 10:05:00-05:00,54.27,54.27,54.12,54.17,22724.0,54.202,141
2024-12-27 10:10:00-05:00,54.16,54.16,54.04,54.05,10539.0,54.091,70
2024-12-27 10:15:00-05:00,54.05,54.06,53.88,53.91,20047.0,53.961,149
2024-12-27 10:20:00-05:00,53.91,53.99,53.85,53.98,25371.0,53.93,145
2024-12-27 10:25:00-05:00,53.98,54.13,53.96,54.01,43317.0,54.016,204
2024-12-27 10:30:00-05:00,54.0,54.15,54.0,54.15,14481.0,54.044,73
2024-12-27 10:35:00-05:00,54.14,54.18,54.06,54.16,23125.0,54.132,140
2024-12-27 10:40:00-05:00,54.16,54.27,54.15,54.23,20284.0,54.219,128
2024-12-27 10:45:00-05:00,54.22,54.25,54.15,54.24,12206.0,54.208,74
2024-12-27 10:50:00-05:00,54.24,54.26,54.16,54.19,23020.0,54.217,107
2024-12-27 10:55:00-05:00,54.2,54.24,54.19,54.23,26487.0,54.205,128
2024-12-27 11:00:00-05:00,54.22,54.22,54.16,54.17,38903.0,54.195,263
2024-12-27 11:05:00-05:00,54.17,54.25,54.14,54.17,83776.0,54.195,436
2024-12-27 11:10:00-05:00,54.16,54.16,54.05,54.08,15405.0,54.119,101
2024-12-27 11:15:00-05:00,54.06,54.08,54.04,54.05,12669.0,54.064,75
2024-12-27 11:20:00-05:00,54.04,54.14,54.04,54.12,8184.0,54.087,47
2024-12-27 11:25:00-05:00,54.13,54.19,54.1,54.19,47726.0,54.139,260
2024-12-27 11:30:00-05:00,54.18,54.2,54.14,54.15,33646.0,54.169,188
2024-12-27 11:35:00-05:00,54.15,54.25,54.13,54.23,17137.0,54.196,102
2024-12-27 11:40:00-05:00,54.23,54.23,54.12,54.12,9292.0,54.168,82
2024-12-27 11:45:00-05:00,54.12,54.21,54.1,54.16,16338.0,54.153,105
2024-12-27 11:50:00-05:00,54.17,54.19,54.14,54.15,32881.0,54.155,144
2024-12-27 11:55:00-05:00,54.16,54.21,54.14,54.15,13907.0,54.161,90
2024-12-27 12:00:00-05:00,54.15,54.19,54.11,54.15,33720.0,54.138,240
2024-12-27 12:05:00-05:00,54.12,54.14,54.03,54.06,14183.0,54.097,80
2024-12-27 12:10:00-05:00,54.06,54.07,54.0,54.07,7543.0,54.03,53
2024-12-27 12:15:00-05:00,54.07,54.12,54.04,54.05,16955.0,54.074,107
2024-12-27 12:20:00-05:00,54.06,54.14,54.06,54.11,13250.0,54.089,50
2024-12-27 12:25:00-05:00,54.11,54.19,54.1,54.16,15647.0,54.148,90
2024-12-27 12:30:00-05:00,54.16,54.23,54.15,54.18,15612.0,54.19,95
2024-12-27 12:35:00-05:00,54.18,54.19,54.13,54.15,25160.0,54.147,167
2024-12-27 12:40:00-05:00,54.16,54.18,54.14,54.18,6877.0,54.155,45
2024-12-27 12:45:00-05:00,54.17,54.19,54.13,54.14,29156.0,54.15,179
2024-12-27 12:50:00-05:00,54.15,54.19,54.13,54.19,15358.0,54.148,97
2024-12-27 12:55:00-05:00,54.19,54.21,54.15,54.18,13601.0,54.17,95
2024-12-27 13:00:00-05:00,54.18,54.2,54.09,54.14,32821.0,54.155,210
2024-12-27 13:05:00-05:00,54.12,54.12,54.06,54.11,11141.0,54.095,70
2024-12-27 13:10:00-05:00,54.12,54.14,54.12,54.14,2610.0,54.123,16
2024-12-27 13:15:00-05:00,54.14,54.14,54.1,54.11,8572.0,54.113,56
2024-12-27 13:20:00-05:00,54.12,54.14,54.09,54.14,12761.0,54.112,88
2024-12-27 13:25:00-05:00,54.14,54.14,54.1,54.1,14411.0,54.117,93
2024-12-27 13:30:00-05:00,54.11,54.13,54.09,54.12,9361.0,54.113,46
2024-12-27 13:35:00-05:00,54.11,54.15,54.11,54.13,24087.0,54.127,126
2024-12-27 13:40:00-05:00,54.14,54.17,54.13,54.15,15039.0,54.149,94
2024-12-27 13:45:00-05:00,54.15,54.17,54.14,54.17,9074.0,54.151,53
2024-12-27 13:50:00-05:00,54.18,54.25,54.18,54.25,17176.0,54.2,80
2024-12-27 13:55:00-05:00,54.29,54.3,54.27,54.27,6963.0,54.276,43
2024-12-27 14:00:00-05:00,54.27,54.28,54.24,54.24,7854.0,54.263,61
2024-12-27 14:05:00-05:00,54.24,54.27,54.24,54.25,13561.0,54.252,75
2024-12-27 14:10:00-05:00,54.24,54.24,54.2,54.23,5417.0,54.224,40
2024-12-27 14:15:00-05:00,54.23,54.3,54.22,54.3,8468.0,54.263,52
2024-12-27 14:20:00-05:00,54.3,54.31,54.27,54.29,14401.0,54.293,74
2024-12-27 14:25:00-05:00,54.29,54.3,54.28,54.28,9151.0,54.285,57
2024-12-27 14:30:00-05:00,54.28,54.28,54.25,54.28,9294.0,54.266,57
2024-12-27 14:35:00-05:00,54.28,54.3,54.28,54.29,5568.0,54.29,43
2024-12-27 14:40:00-05:00,54.29,54.34,54.28,54.34,10759.0,54.311,65
2024-12-27 14:45:00-05:00,54.34,54.39,54.31,54.39,38912.0,54.341,236
2024-12-27 14:50:00-05:00,54.39,54.39,54.37,54.39,8781.0,54.377,48
2024-12-27 14:55:00-05:00,54.39,54.47,54.39,54.44,21989.0,54.433,127
2024-12-27 15:00:00-05:00,54.45,54.45,54.3,54.33,15376.0,54.373,108
2024-12-27 15:05:00-05:00,54.33,54.35,54.28,54.34,11481.0,54.317,77
2024-12-27 15:10:00-05:00,54.34,54.34,54.24,54.26,13937.0,54.3,94
2024-12-27 15:15:00-05:00,54.27,54.27,54.23,54.25,11327.0,54.249,77
2024-12-27 15:20:00-05:00,54.24,54.24,54.2,54.21,13111.0,54.225,83
2024-12-27 15:25:00-05:00,54.2,54.24,54.2,54.23,14605.0,54.225,102
2024-12-27 15:30:00-05:00,54.23,54.23,54.2,54.22,15725.0,54.214,107
2024-12-27 15:35:00-05:00,54.21,54.22,54.19,54.21,20891.0,54.205,111
2024-12-27 15:40:00-05:00,54.2,54.22,54.19,54.21,23008.0,54.199,158
2024-12-27 15:45:00-05:00,54.22,54.3,54.22,54.3,21667.0,54.248,162
2024-12-27 15:50:00-05:00,54.32,54.4,54.3,54.36,43919.0,54.369,270
2024-12-27 15:55:00-05:00,54.36,54.43,54.3,54.35,219381.0,54.356,946
2024-12-30 09:30:00-05:00,54.29,54.35,53.93,53.99,28958.0,54.247,96
2024-12-30 09:35:00-05:00,53.97,53.97,53.72,53.72,8060.0,53.826,63
2024-12-30 09:40:00-05:00,53.72,53.81,53.72,53.79,9093.0,53.767,65
2024-12-30 09:45:00-05:00,53.74,53.78,53.62,53.66,5425.0,53.716,47
2024-12-30 09:50:00-05:00,53.66,53.74,53.62,53.72,15062.0,53.676,78
2024-12-30 09:55:00-05:00,53.72,53.74,53.66,53.68,3838.0,53.704,34
2024-12-30 10:00:00-05:00,53.62,53.62,53.29,53.34,30402.0,53.474,137
2024-12-30 10:05:00-05:00,53.34,53.37,53.11,53.15,43433.0,53.307,175
2024-12-30 10:10:00-05:00,53.12,53.26,53.01,53.26,31664.0,53.114,128
2024-12-30 10:15:00-05:00,53.22,53.39,53.13,53.26,119198.0,53.309,451
2024-12-30 10:20:00-05:00,53.22,53.27,53.13,53.27,27112.0,53.211,163
2024-12-30 10:25:00-05:00,53.27,53.33,53.23,53.25,10087.0,53.264,62
2024-12-30 10:30:00-05:00,53.25,53.34,53.23,53.3,19481.0,53.27,127
2024-12-30 10:35:00-05:00,53.3,53.3,53.21,53.29,45377.0,53.248,165
2024-12-30 10:40:00-05:00,53.3,53.34,53.18,53.26,83920.0,53.251,396
2024-12-30 10:45:00-05:00,53.24,53.31,53.21,53.31,56528.0,53.248,276
2024-12-30 10:50:00-05:00,53.32,53.35,53.26,53.32,6563.0,53.308,55
2024-12-30 10:55:00-05:00,53.34,53.4,53.33,53.39,8928.0,53.375,55
2024-12-30 11:00:00-05:00,53.32,53.33,53.24,53.29,36498.0,53.279,276
2024-12-30 11:05:00-05:00,53.29,53.38,53.29,53.36,25685.0,53.347,152
2024-12-30 11:10:00-05:00,53.39,53.41,53.33,53.38,7825.0,53.373,59
2024-12-30 11:15:00-05:00,53.37,53.53,53.37,53.5,12299.0,53.477,66
2024-12-30 11:20:00-05:00,53.49,53.49,53.4,53.41,6568.0,53.46,50
2024-12-30 11:25:00-05:00,53.42,53.48,53.42,53.45,9946.0,53.449,77
2024-12-30 11:30:00-05:00,53.44,53.55,53.44,53.5,40316.0,53.512,198
2024-12-30 11:35:00-05:00,53.49,53.54,53.44,53.44,12827.0,53.499,78
2024-12-30 11:40:00-05:00,53.47,53.54,53.46,53.53,19827.0,53.503,166
2024-12-30 11:45:00-05:00,53.51,53.51,53.37,53.42,10004.0,53.459,88
2024-12-30 11:50:00-05:00,53.41,53.43,53.38,53.42,31597.0,53.393,219
2024-12-30 11:55:00-05:00,53.41,53.56,53.41,53.55,4210.0,53.467,36
2024-12-30 12:00:00-05:00,53.53,53.6,53.53,53.55,8947.0,53.572,71
2024-12-30 12:05:00-05:00,53.56,53.61,53.54,53.59,10532.0,53.565,87
2024-12-30 12:10:00-05:00,53.6,53.71,53.59,53.63,26307.0,53.664,171
2024-12-30 12:15:00-05:00,53.61,53.61,53.55,53.59,3079.0,53.579,24
2024-12-30 12:20:00-05:00,53.59,53.59,53.46,53.53,11596.0,53.507,55
2024-12-30 12:25:00-05:00,53.53,53.53,53.45,53.49,4701.0,53.49,42
2024-12-30 12:30:00-05:00,53.49,53.49,53.4,53.43,3645.0,53.438,32
2024-12-30 12:35:00-05:00,53.43,53.47,53.4,53.43,3084.0,53.423,27
2024-12-30 12:40:00-05:00,53.43,53.43,53.39,53.42,6248.0,53.405,31
2024-12-30 12:45:00-05:00,53.41,53.5,53.41,53.5,3426.0,53.47,29
2024-12-30 12:50:00-05:00,53.55,53.58,53.49,53.51,5512.0,53.53,49
2024-12-30 12:55:00-05:00,53.52,53.53,53.43,53.52,5108.0,53.469,30
2024-12-30 13:00:00-05:00,53.53,53.53,53.47,53.48,1430.0,53.502,13
2024-12-30 13:05:00-05:00,53.5,53.55,53.41,53.54,4751.0,53.481,33
2024-12-30 13:10:00-05:00,53.55,53.59,53.55,53.58,4075.0,53.564,31
2024-12-30 13:15:00-05:00,53.57,53.59,53.54,53.54,1960.0,53.56,14
2024-12-30 13:20:00-05:00,53.56,53.56,53.52,53.52,2883.0,53.539,13
2024-12-30 13:25:00-05:00,53.53,53.53,53.46,53.51,2511.0,53.493,20
2024-12-30 13:30:00-05:00,53.51,53.55,53.45,53.55,5443.0,53.499,51
2024-12-30 13:35:00-05:00,53.55,53.55,53.52,53.54,3439.0,53.533,26
2024-12-30 13:40:00-05:00,53.54,53.58,53.54,53.58,2905.0,53.57,25
2024-12-30 13:45:00-05:00,53.56,53.59,53.56,53.58,3401.0,53.579,28
2024-12-30 13:50:00-05:00,53.58,53.62,53.57,53.62,5190.0,53.597,37
2024-12-30 13:55:00-05:00,53.62,53.64,53.56,53.58,4217.0,53.603,33
2024-12-30 14:00:00-05:00,53.58,53.6,53.5,53.51,10350.0,53.55,77
2024-12-30 14:05:00-05:00,53.48,53.5,53.45,53.5,6111.0,53.466,49
2024-12-30 14:10:00-05:00,53.51,53.51,53.44,53.46,9015.0,53.463,58
2024-12-30 14:15:00-05:00,53.45,53.49,53.44,53.49,14046.0,53.459,90
2024-12-30 14:20:00-05:00,53.47,53.52,53.44,53.51,10119.0,53.465,67
2024-12-30 14:25:00-05:00,53.5,53.55,53.5,53.53,5735.0,53.522,50
2024-12-30 14:30:00-05:00,53.54,53.62,53.53,53.6,9066.0,53.585,79
2024-12-30 14:35:00-05:00,53.6,53.68,53.58,53.67,16473.0,53.61,107
2024-12-30 14:40:00-05:00,53.66,53.66,53.61,53.65,7513.0,53.635,56
2024-12-30 14:45:00-05:00,53.64,53.69,53.64,53.66,5092.0,53.664,34
2024-12-30 14:50:00-05:00,53.65,53.69,53.65,53.68,7091.0,53.664,66
2024-12-30 14:55:00-05:00,53.67,53.68,53.65,53.65,4242.0,53.661,38
2024-12-30 15:00:00-05:00,53.64,53.64,53.6,53.6,12624.0,53.617,71
2024-12-30 15:05:00-05:00,53.61,53.69,53.59,53.67,11678.0,53.628,88
2024-12-30 15:10:00-05:00,53.67,53.76,53.67,53.74,5318.0,53.702,42
2024-12-30 15:15:00-05:00,53.74,53.78,53.72,53.78,4213.0,53.739,36
2024-12-30 15:20:00-05:00,53.77,53.78,53.74,53.77,8410.0,53.759,70
2024-12-30 15:25:00-05:00,53.77,53.77,53.72,53.73,25035.0,53.752,185
2024-12-30 15:30:00-05:00,53.72,53.76,53.71,53.74,26255.0,53.739,143
2024-12-30 15:35:00-05:00,53.74,53.76,53.7,53.76,40594.0,53.737,189
2024-12-30 15:40:00-05:00,53.76,53.79,53.7,53.76,44396.0,53.749,265
2024-12-30 15:45:00-05:00,53.76,53.82,53.75,53.77,25538.0,53.787,209
2024-12-30 15:50:00-05:00,53.76,53.81,53.74,53.75,41485.0,53.775,310
2024-12-30 15:55:00-05:00,53.75,53.78,53.6,53.62,308151.0,53.742,1516
2024-12-31 09:30:00-05:00,53.87,53.98,53.64,53.89,18483.0,53.839,50
2024-12-31 09:35:00-05:00,53.83,54.04,53.82,53.88,9860.0,53.914,80
2024-12-31 09:40:00-05:00,53.86,53.89,53.75,53.86,6156.0,53.813,56
2024-12-31 09:45:00-05:00,53.87,54.0,53.83,53.96,4936.0,53.92,44
2024-12-31 09:50:00-05:00,53.95,53.95,53.83,53.89,7544.0,53.882,60
2024-12-31 09:55:00-05:00,53.92,54.01,53.9,53.99,2636.0,53.958,22
2024-12-31 10:00:00-05:00,54.02,54.05,53.88,53.88,5421.0,53.972,39
2024-12-31 10:05:00-05:00,53.87,53.87,53.79,53.79,6005.0,53.829,51
2024-12-31 10:10:00-05:00,53.79,53.86,53.78,53.84,8201.0,53.834,52
2024-12-31 10:15:00-05:00,53.85,53.89,53.82,53.89,7048.0,53.851,36
2024-12-31 10:20:00-05:00,53.89,53.92,53.85,53.86,2745.0,53.878,24
2024-12-31 10:25:00-05:00,53.85,53.86,53.78,53.82,14479.0,53.825,73
2024-12-31 10:30:00-05:00,53.8,53.82,53.71,53.75,17216.0,53.76,60
2024-12-31 10:35:00-05:00,53.75,53.96,53.73,53.96,9401.0,53.828,56
2024-12-31 10:40:00-05:00,53.93,53.93,53.88,53.92,8424.0,53.902,60
2024-12-31 10:45:00-05:00,53.93,53.94,53.88,53.91,12775.0,53.898,81
2024-12-31 10:50:00-05:00,53.91,54.11,53.89,54.1,26791.0,54.001,125
2024-12-31 10:55:00-05:00,54.1,54.14,53.97,53.98,30486.0,54.081,156
2024-12-31 11:00:00-05:00,53.98,53.99,53.89,53.97,9516.0,53.942,79
2024-12-31 11:05:00-05:00,53.97,54.03,53.85,53.89,11487.0,53.932,86
2024-12-31 11:10:00-05:00,53.9,53.9,53.87,53.89,4589.0,53.888,38
2024-12-31 11:15:00-05:00,53.87,53.93,53.84,53.85,11029.0,53.887,75
2024-12-31 11:20:00-05:00,53.85,53.9,53.83,53.84,8364.0,53.857,64
2024-12-31 11:25:00-05:00,53.84,53.84,53.81,53.81,5056.0,53.818,46
2024-12-31 11:30:00-05:00,53.81,53.82,53.77,53.78,8861.0,53.795,68
2024-12-31 11:35:00-05:00,53.78,53.8,53.76,53.79,6463.0,53.783,54
2024-12-31 11:40:00-05:00,53.79,53.84,53.76,53.81,36837.0,53.801,214
2024-12-31 11:45:00-05:00,53.8,53.91,53.7,53.77,95083.0,53.875,138
2024-12-31 11:50:00-05:00,53.75,53.91,53.75,53.91,12270.0,53.831,104
2024-12-31 11:55:00-05:00,53.91,53.92,53.87,53.92,17215.0,53.897,126
2024-12-31 12:00:00-05:00,53.94,53.98,53.85,53.98,16056.0,53.903,111
2024-12-31 12:05:00-05:00,53.98,54.02,53.91,53.95,26624.0,53.965,155
2024-12-31 12:10:00-05:00,53.95,53.95,53.84,53.86,15170.0,53.878,104
2024-12-31 12:15:00-05:00,53.87,53.87,53.85,53.86,12361.0,53.856,90
2024-12-31 12:20:00-05:00,53.86,53.86,53.73,53.74,18542.0,53.789,113
2024-12-31 12:25:00-05:00,53.74,53.77,53.73,53.76,16997.0,53.76,105
2024-12-31 12:30:00-05:00,53.75,53.78,53.7,53.76,17116.0,53.742,122
2024-12-31 12:35:00-05:00,53.76,53.77,53.7,53.72,9164.0,53.74,62
2024-12-31 12:40:00-05:00,53.71,53.79,53.71,53.79,11082.0,53.752,67
2024-12-31 12:45:00-05:00,53.79,53.79,53.7,53.75,10570.0,53.744,70
2024-12-31 12:50:00-05:00,53.75,53.82,53.74,53.82,10447.0,53.769,70
2024-12-31 12:55:00-05:00,53.82,53.91,53.81,53.91,10744.0,53.855,80
2024-12-31 13:00:00-05:00,53.91,53.92,53.85,53.92,28896.0,53.888,126
2024-12-31 13:05:00-05:00,53.92,53.92,53.84,53.89,19921.0,53.896,103
2024-12-31 13:10:00-05:00,53.89,53.92,53.86,53.9,8348.0,53.892,63
2024-12-31 13:15:00-05:00,53.9,53.91,53.81,53.82,8265.0,53.885,62
2024-12-31 13:20:00-05:00,53.81,53.81,53.73,53.73,7274.0,53.764,53
2024-12-31 13:25:00-05:00,53.73,53.77,53.72,53.74,12246.0,53.741,73
2024-12-31 13:30:00-05:00,53.74,53.82,53.7,53.79,15087.0,53.783,101
2024-12-31 13:35:00-05:00,53.8,53.81,53.75,53.8,7666.0,53.789,57
2024-12-31 13:40:00-05:00,53.81,53.88,53.81,53.87,6469.0,53.852,52
2024-12-31 13:45:00-05:00,53.87,53.94,53.86,53.94,4940.0,53.901,41
2024-12-31 13:50:00-05:00,53.94,53.97,53.94,53.95,8532.0,53.955,53
2024-12-31 13:55:00-05:00,53.95,53.96,53.89,53.89,10442.0,53.919,60
2024-12-31 14:00:00-05:00,53.86,53.9,53.83,53.88,7682.0,53.868,59
2024-12-31 14:05:00-05:00,53.87,54.06,53.87,54.06,7647.0,53.979,48
2024-12-31 14:10:00-05:00,54.07,54.15,54.06,54.13,18161.0,54.126,134
2024-12-31 14:15:00-05:00,54.12,54.12,54.01,54.01,11168.0,54.056,75
2024-12-31 14:20:00-05:00,54.0,54.03,53.94,53.98,10416.0,53.985,75
2024-12-31 14:25:00-05:00,53.98,54.0,53.89,53.9,73384.0,53.918,468
2024-12-31 14:30:00-05:00,53.88,53.89,53.82,53.82,9680.0,53.868,86
2024-12-31 14:35:00-05:00,53.84,53.93,53.83,53.93,12602.0,53.878,82
2024-12-31 14:40:00-05:00,53.92,53.93,53.81,53.83,13984.0,53.855,79
2024-12-31 14:45:00-05:00,53.83,53.85,53.8,53.83,15854.0,53.834,75
2024-12-31 14:50:00-05:00,53.83,53.95,53.82,53.88,14519.0,53.88,86
2024-12-31 14:55:00-05:00,53.89,53.93,53.88,53.89,14745.0,53.906,73
2024-12-31 15:00:00-05:00,53.9,53.95,53.85,53.95,15554.0,53.905,98
2024-12-31 15:05:00-05:00,53.95,53.96,53.9,53.94,25149.0,53.938,156
2024-12-31 15:10:00-05:00,53.92,53.92,53.78,53.8,22062.0,53.869,139
2024-12-31 15:15:00-05:00,53.79,53.88,53.77,53.85,42826.0,53.829,202
2024-12-31 15:20:00-05:00,53.86,53.96,53.85,53.88,21012.0,53.9,127
2024-12-31 15:25:00-05:00,53.88,53.97,53.88,53.94,27906.0,53.939,188
2024-12-31 15:30:00-05:00,53.93,53.93,53.78,53.84,37872.0,53.832,224
2024-12-31 15:35:00-05:00,53.84,53.94,53.81,53.81,25566.0,53.853,191
2024-12-31 15:40:00-05:00,53.81,53.93,53.8,53.89,45283.0,53.859,283
2024-12-31 15:45:00-05:00,53.9,53.95,53.83,53.94,39148.0,53.911,254
2024-12-31 15:50:00-05:00,53.93,53.96,53.83,53.85,76356.0,53.898,551
2024-12-31 15:55:00-05:00,53.85,53.9,53.78,53.88,222507.0,53.852,1440
2025-01-02 09:30:00-05:00,54.04,54.18,53.71,53.78,36774.0,54.041,130
2025-01-02 09:35:00-05:00,53.74,53.9,53.69,53.8,18137.0,53.817,128
2025-01-02 09:40:00-05:00,53.8,53.96,53.77,53.94,23149.0,53.879,152
2025-01-02 09:45:00-05:00,53.96,54.13,53.94,54.0,37227.0,54.019,226
2025-01-02 09:50:00-05:00,53.97,53.99,53.8,53.97,25427.0,53.906,142
2025-01-02 09:55:00-05:00,53.95,53.96,53.89,53.89,21478.0,53.92,62
2025-01-02 10:00:00-05:00,53.92,53.99,53.85,53.97,16528.0,53.916,91
2025-01-02 10:05:00-05:00,53.94,54.03,53.89,54.02,9505.0,53.958,71
2025-01-02 10:10:00-05:00,54.03,54.04,53.94,54.04,6563.0,54.011,48
2025-01-02 10:15:00-05:00,54.06,54.06,53.95,53.95,9472.0,53.989,49
2025-01-02 10:20:00-05:00,53.93,53.93,53.71,53.74,37024.0,53.768,220
2025-01-02 10:25:00-05:00,53.73,53.74,53.63,53.69,16142.0,53.681,97
2025-01-02 10:30:00-05:00,53.66,53.68,53.51,53.68,7436.0,53.606,54
2025-01-02 10:35:00-05:00,53.64,53.7,53.64,53.66,13664.0,53.671,79
2025-01-02 10:40:00-05:00,53.66,53.73,53.58,53.72,10454.0,53.665,62
2025-01-02 10:45:00-05:00,53.72,53.81,53.62,53.77,14182.0,53.721,82
2025-01-02 10:50:00-05:00,53.78,53.82,53.73,53.81,8850.0,53.773,51
2025-01-02 10:55:00-05:00,53.81,53.82,53.67,53.69,8825.0,53.722,59
2025-01-02 11:00:00-05:00,53.7,53.72,53.48,53.52,8858.0,53.587,60
2025-01-02 11:05:00-05:00,53.54,53.59,53.53,53.54,8844.0,53.55,67
2025-01-02 11:10:00-05:00,53.53,53.66,53.51,53.63,30857.0,53.598,189
2025-01-02 11:15:00-05:00,53.62,53.78,53.62,53.72,15526.0,53.697,79
2025-01-02 11:20:00-05:00,53.72,53.8,53.66,53.77,17681.0,53.722,117
2025-01-02 11:25:00-05:00,53.75,53.82,53.73,53.8,7059.0,53.78,50
2025-01-02 11:30:00-05:00,53.78,53.79,53.68,53.72,51187.0,53.722,234
2025-01-02 11:35:00-05:00,53.73,53.87,53.73,53.85,8807.0,53.797,63
2025-01-02 11:40:00-05:00,53.88,53.92,53.88,53.88,3024.0,53.897,23
2025-01-02 11:45:00-05:00,53.88,53.88,53.8,53.82,3474.0,53.837,28
2025-01-02 11:50:00-05:00,53.84,53.84,53.75,53.77,3696.0,53.799,26
2025-01-02 11:55:00-05:00,53.78,53.79,53.71,53.78,7648.0,53.757,56
2025-01-02 12:00:00-05:00,53.78,53.8,53.75,53.8,4102.0,53.771,34
2025-01-02 12:05:00-05:00,53.8,53.82,53.79,53.8,7685.0,53.798,33
2025-01-02 12:10:00-05:00,53.81,53.88,53.81,53.87,3046.0,53.849,21
2025-01-02 12:15:00-05:00,53.86,53.87,53.79,53.8,5909.0,53.829,43
2025-01-02 12:20:00-05:00,53.79,53.81,53.77,53.79,15722.0,53.788,88
2025-01-02 12:25:00-05:00,53.76,53.76,53.62,53.62,7735.0,53.725,60
2025-01-02 12:30:00-05:00,53.59,53.59,53.49,53.53,7505.0,53.545,49
2025-01-02 12:35:00-05:00,53.54,53.54,53.36,53.37,6096.0,53.428,47
2025-01-02 12:40:00-05:00,53.37,53.37,53.24,53.27,4383.0,53.319,40
2025-01-02 12:45:00-05:00,53.25,53.3,53.22,53.23,4443.0,53.263,23
2025-01-02 12:50:00-05:00,53.21,53.35,53.2,53.33,9448.0,53.295,80
2025-01-02 12:55:00-05:00,53.34,53.42,53.34,53.41,6667.0,53.391,49
2025-01-02 13:00:00-05:00,53.4,53.4,53.23,53.23,6692.0,53.333,58
2025-01-02 13:05:00-05:00,53.23,53.32,53.22,53.28,8305.0,53.278,63
2025-01-02 13:10:00-05:00,53.27,53.27,53.2,53.2,4178.0,53.227,30
2025-01-02 13:15:00-05:00,53.21,53.23,53.16,53.23,5528.0,53.204,46
2025-01-02 13:20:00-05:00,53.24,53.27,53.2,53.2,14369.0,53.255,94
2025-01-02 13:25:00-05:00,53.21,53.22,53.19,53.21,7609.0,53.204,63
2025-01-02 13:30:00-05:00,53.21,53.21,53.03,53.03,13272.0,53.109,93
2025-01-02 13:35:00-05:00,53.03,53.08,52.97,53.05,22630.0,53.019,150
2025-01-02 13:40:00-05:00,53.03,53.18,53.0,53.18,20328.0,53.071,112
2025-01-02 13:45:00-05:00,53.18,53.2,53.05,53.13,24051.0,53.131,123
2025-01-02 13:50:00-05:00,53.13,53.16,53.09,53.14,74317.0,53.107,146
2025-01-02 13:55:00-05:00,53.16,53.25,53.12,53.24,18009.0,53.162,130
2025-01-02 14:00:00-05:00,53.25,53.3,53.2,53.28,25952.0,53.234,198
2025-01-02 14:05:00-05:00,53.29,53.32,53.17,53.2,17167.0,53.254,127
2025-01-02 14:10:00-05:00,53.2,53.3,53.19,53.29,16934.0,53.254,108
2025-01-02 14:15:00-05:00,53.29,53.36,53.26,53.33,25329.0,53.294,186
2025-01-02 14:20:00-05:00,53.33,53.33,53.25,53.29,15908.0,53.284,110
2025-01-02 14:25:00-05:00,53.3,53.33,53.23,53.31,22056.0,53.289,155
2025-01-02 14:30:00-05:00,53.3,53.3,53.22,53.24,20071.0,53.254,148
2025-01-02 14:35:00-05:00,53.24,53.29,53.18,53.28,12631.0,53.226,94
2025-01-02 14:40:00-05:00,53.28,53.34,53.28,53.31,7475.0,53.314,56
2025-01-02 14:45:00-05:00,53.32,53.42,53.3,53.39,14786.0,53.353,125
2025-01-02 14:50:00-05:00,53.38,53.46,53.36,53.37,15949.0,53.419,138
2025-01-02 14:55:00-05:00,53.38,53.44,53.35,53.43,51121.0,53.397,322
2025-01-02 15:00:00-05:00,53.44,53.6,53.37,53.6,39695.0,53.451,189
2025-01-02 15:05:00-05:00,53.6,53.6,53.51,53.58,40383.0,53.539,120
2025-01-02 15:10:00-05:00,53.58,53.59,53.52,53.56,11045.0,53.566,96
2025-01-02 15:15:00-05:00,53.56,53.56,53.52,53.55,11431.0,53.544,84
2025-01-02 15:20:00-05:00,53.56,53.62,53.56,53.58,15857.0,53.595,119
2025-01-02 15:25:00-05:00,53.58,53.6,53.55,53.57,14324.0,53.575,115
2025-01-02 15:30:00-05:00,53.57,53.65,53.54,53.57,83824.0,53.582,301
2025-01-02 15:35:00-05:00,53.56,53.59,53.49,53.58,146893.0,53.539,375
2025-01-02 15:40:00-05:00,53.58,53.65,53.57,53.62,26258.0,53.614,187
2025-01-02 15:45:00-05:00,53.62,53.67,53.61,53.65,61366.0,53.645,415
2025-01-02 15:50:00-05:00,53.65,53.72,53.62,53.65,79611.0,53.66,492
2025-01-02 15:55:00-05:00,53.65,53.72,53.59,53.61,271131.0,53.634,1320
2025-01-03 09:30:00-05:00,53.79,53.96,53.7,53.87,31055.0,53.821,134
2025-01-03 09:35:00-05:00,53.84,53.88,53.72,53.8,18712.0,53.812,113
2025-01-03 09:40:00-05:00,53.79,53.85,53.71,53.73,6241.0,53.776,40
2025-01-03 09:45:00-05:00,53.73,53.74,53.57,53.65,16424.0,53.641,100
2025-01-03 09:50:00-05:00,53.65,53.68,53.54,53.66,16937.0,53.617,114
2025-01-03 09:55:00-05:00,53.66,53.78,53.66,53.73,15151.0,53.722,99
2025-01-03 10:00:00-05:00,53.74,53.78,53.69,53.78,7785.0,53.73,40
2025-01-03 10:05:00-05:00,53.77,53.8,53.61,53.71,26672.0,53.687,109
2025-01-03 10:10:00-05:00,53.71,53.73,53.61,53.68,9155.0,53.677,54
2025-01-03 10:15:00-05:00,53.66,53.68,53.6,53.6,7430.0,53.646,46
2025-01-03 10:20:00-05:00,53.6,53.65,53.52,53.65,44610.0,53.566,115
2025-01-03 10:25:00-05:00,53.62,53.66,53.6,53.66,39777.0,53.609,67
2025-01-03 10:30:00-05:00,53.62,53.74,53.62,53.74,18540.0,53.681,81
2025-01-03 10:35:00-05:00,53.74,53.74,53.69,53.74,6640.0,53.718,37
2025-01-03 10:40:00-05:00,53.74,53.81,53.71,53.77,10701.0,53.753,84
2025-01-03 10:45:00-05:00,53.76,53.77,53.64,53.64,7791.0,53.716,51
2025-01-03 10:50:00-05:00,53.64,53.69,53.62,53.63,3041.0,53.662,17
2025-01-03 10:55:00-05:00,53.63,53.69,53.62,53.65,9143.0,53.659,52
2025-01-03 11:00:00-05:00,53.68,53.69,53.63,53.66,6845.0,53.652,55
2025-01-03 11:05:00-05:00,53.65,53.65,53.6,53.61,4789.0,53.622,34
2025-01-03 11:10:00-05:00,53.63,53.68,53.58,53.68,255840.0,53.631,256
2025-01-03 11:15:00-05:00,53.66,53.68,53.61,53.65,6315.0,53.65,44
2025-01-03 11:20:00-05:00,53.63,53.66,53.61,53.63,15853.0,53.63,114
2025-01-03 11:25:00-05:00,53.63,53.67,53.62,53.65,5801.0,53.644,39
2025-01-03 11:30:00-05:00,53.67,53.72,53.65,53.65,14387.0,53.681,111
2025-01-03 11:35:00-05:00,53.65,53.69,53.63,53.67,4682.0,53.668,29
2025-01-03 11:40:00-05:00,53.66,53.71,53.66,53.71,3987.0,53.687,18
2025-01-03 11:45:00-05:00,53.69,53.8,53.69,53.8,11339.0,53.744,26
2025-01-03 11:50:00-05:00,53.8,53.81,53.68,53.71,4158.0,53.752,28
2025-01-03 11:55:00-05:00,53.68,53.68,53.64,53.65,3201.0,53.658,18
2025-01-03 12:00:00-05:00,53.68,53.69,53.65,53.69,1657.0,53.668,14
2025-01-03 12:05:00-05:00,53.69,53.74,53.69,53.73,5002.0,53.719,34
2025-01-03 12:10:00-05:00,53.73,53.74,53.67,53.68,1323.0,53.7,8
2025-01-03 12:15:00-05:00,53.7,53.71,53.68,53.69,3568.0,53.693,22
2025-01-03 12:20:00-05:00,53.67,53.68,53.65,53.68,2901.0,53.666,24
2025-01-03 12:25:00-05:00,53.68,53.71,53.66,53.66,3535.0,53.683,25
2025-01-03 12:30:00-05:00,53.66,53.72,53.65,53.71,2767.0,53.693,17
2025-01-03 12:35:00-05:00,53.69,53.7,53.68,53.7,1945.0,53.688,13
2025-01-03 12:40:00-05:00,53.68,53.68,53.62,53.63,35635.0,53.646,193
2025-01-03 12:45:00-05:00,53.63,53.63,53.46,53.57,71271.0,53.57,225
2025-01-03 12:50:00-05:00,53.6,53.64,53.57,53.58,12808.0,53.599,89
2025-01-03 12:55:00-05:00,53.58,53.62,53.57,53.62,15098.0,53.588,111
2025-01-03 13:00:00-05:00,53.61,53.61,53.58,53.59,3815.0,53.591,31
2025-01-03 13:05:00-05:00,53.59,53.59,53.49,53.49,2473.0,53.566,20
2025-01-03 13:10:00-05:00,53.52,53.53,53.48,53.48,5740.0,53.506,41
2025-01-03 13:15:00-05:00,53.48,53.49,53.42,53.46,7421.0,53.464,50
2025-01-03 13:20:00-05:00,53.47,53.5,53.45,53.46,7075.0,53.474,53
2025-01-03 13:25:00-05:00,53.48,53.59,53.48,53.59,5610.0,53.525,33
2025-01-03 13:30:00-05:00,53.61,53.61,53.57,53.59,4091.0,53.597,37
2025-01-03 13:35:00-05:00,53.57,53.58,53.42,53.44,9923.0,53.493,75
2025-01-03 13:40:00-05:00,53.44,53.44,53.31,53.31,9391.0,53.384,75
2025-01-03 13:45:00-05:00,53.32,53.33,53.28,53.32,6720.0,53.306,48
2025-01-03 13:50:00-05:00,53.3,53.31,53.14,53.16,8291.0,53.201,61
2025-01-03 13:55:00-05:00,53.16,53.17,53.1,53.15,5706.0,53.134,46
2025-01-03 14:00:00-05:00,53.13,53.17,53.1,53.12,6007.0,53.143,33
2025-01-03 14:05:00-05:00,53.11,53.19,53.11,53.13,22360.0,53.179,29
2025-01-03 14:10:00-05:00,53.16,53.19,53.14,53.14,5121.0,53.165,36
2025-01-03 14:15:00-05:00,53.15,53.16,53.12,53.12,4904.0,53.137,41
2025-01-03 14:20:00-05:00,53.11,53.12,53.09,53.09,6932.0,53.104,48
2025-01-03 14:25:00-05:00,53.07,53.09,53.05,53.07,10318.0,53.072,76
2025-01-03 14:30:00-05:00,53.07,53.09,52.95,52.98,24633.0,53.032,124
2025-01-03 14:35:00-05:00,52.99,53.0,52.97,52.98,5542.0,52.986,37
2025-01-03 14:40:00-05:00,52.96,52.96,52.68,52.69,26179.0,52.826,146
2025-01-03 14:45:00-05:00,52.69,52.69,52.57,52.57,19204.0,52.642,142
2025-01-03 14:50:00-05:00,52.59,52.61,52.46,52.48,12607.0,52.546,91
2025-01-03 14:55:00-05:00,52.49,52.78,52.49,52.72,21294.0,52.618,136
2025-01-03 15:00:00-05:00,52.7,52.7,52.64,52.66,13679.0,52.675,79
2025-01-03 15:05:00-05:00,52.66,52.69,52.56,52.56,15320.0,52.632,87
2025-01-03 15:10:00-05:00,52.56,52.59,52.51,52.54,18022.0,52.54,148
2025-01-03 15:15:00-05:00,52.54,52.62,52.5,52.58,22481.0,52.56,171
2025-01-03 15:20:00-05:00,52.59,52.6,52.54,52.59,17470.0,52.571,137
2025-01-03 15:25:00-05:00,52.58,52.62,52.57,52.59,21516.0,52.595,149
2025-01-03 15:30:00-05:00,52.59,52.61,52.52,52.55,28083.0,52.566,208
2025-01-03 15:35:00-05:00,52.57,52.57,52.45,52.47,31544.0,52.485,237
2025-01-03 15:40:00-05:00,52.46,52.48,52.42,52.43,22356.0,52.453,170
2025-01-03 15:45:00-05:00,52.44,52.46,52.37,52.41,26390.0,52.413,219
2025-01-03 15:50:00-05:00,52.41,52.45,52.34,52.35,30267.0,52.415,239
2025-01-03 15:55:00-05:00,52.36,52.41,52.29,52.33,148620.0,52.355,802
2025-01-06 09:30:00-05:00,52.7,53.38,52.66,53.03,216267.0,52.919,451
2025-01-06 09:35:00-05:00,53.01,53.17,52.97,53.02,32633.0,53.071,196
2025-01-06 09:40:00-05:00,53.05,53.17,52.97,53.0,44003.0,53.084,306
2025-01-06 09:45:00-05:00,53.02,53.17,53.02,53.13,20808.0,53.114,148
2025-01-06 09:50:00-05:00,53.14,53.16,52.95,53.1,61555.0,53.072,91
2025-01-06 09:55:00-05:00,53.06,53.34,53.06,53.34,18508.0,53.221,70
2025-01-06 10:00:00-05:00,53.31,53.34,53.13,53.27,25922.0,53.23,109
2025-01-06 10:05:00-05:00,53.27,53.3,53.14,53.16,3304.0,53.206,26
2025-01-06 10:10:00-05:00,53.14,53.28,53.1,53.25,5940.0,53.176,47
2025-01-06 10:15:00-05:00,53.27,53.28,53.16,53.24,10874.0,53.215,72
2025-01-06 10:20:00-05:00,53.24,53.27,53.18,53.23,14664.0,53.228,95
2025-01-06 10:25:00-05:00,53.24,53.24,53.08,53.14,7997.0,53.143,63
2025-01-06 10:30:00-05:00,53.14,53.22,53.1,53.21,10890.0,53.166,63
2025-01-06 10:35:00-05:00,53.2,53.2,53.06,53.1,5913.0,53.146,41
2025-01-06 10:40:00-05:00,53.1,53.13,53.07,53.07,9562.0,53.091,59
2025-01-06 10:45:00-05:00,53.07,53.08,53.01,53.03,8208.0,53.061,50
2025-01-06 10:50:00-05:00,53.04,53.05,53.01,53.05,6073.0,53.035,40
2025-01-06 10:55:00-05:00,53.05,53.1,53.05,53.1,5261.0,53.071,42
2025-01-06 11:00:00-05:00,53.1,53.1,53.01,53.08,14890.0,53.072,100
2025-01-06 11:05:00-05:00,53.06,53.12,53.03,53.11,7887.0,53.069,51
2025-01-06 11:10:00-05:00,53.12,53.25,53.12,53.21,34665.0,53.18,136
2025-01-06 11:15:00-05:00,53.2,53.46,53.2,53.4,40369.0,53.304,192
2025-01-06 11:20:00-05:00,53.38,53.44,53.35,53.36,39552.0,53.393,242
2025-01-06 11:25:00-05:00,53.38,53.5,53.38,53.41,15867.0,53.446,102
2025-01-06 11:30:00-05:00,53.44,53.56,53.44,53.47,20459.0,53.506,130
2025-01-06 11:35:00-05:00,53.47,53.47,53.41,53.43,11446.0,53.446,70
2025-01-06 11:40:00-05:00,53.44,53.45,53.35,53.37,4141.0,53.394,25
2025-01-06 11:45:00-05:00,53.37,53.38,53.33,53.38,3115.0,53.358,28
2025-01-06 11:50:00-05:00,53.39,53.56,53.38,53.56,6135.0,53.486,45
2025-01-06 11:55:00-05:00,53.56,53.64,53.56,53.59,5651.0,53.6,51
2025-01-06 12:00:00-05:00,53.56,53.56,53.46,53.47,3202.0,53.513,30
2025-01-06 12:05:00-05:00,53.47,53.48,53.43,53.43,1756.0,53.452,14
2025-01-06 12:10:00-05:00,53.44,53.44,53.4,53.41,2009.0,53.418,19
2025-01-06 12:15:00-05:00,53.41,53.42,53.35,53.35,5015.0,53.39,38
2025-01-06 12:20:00-05:00,53.35,53.35,53.3,53.32,2444.0,53.321,21
2025-01-06 12:25:00-05:00,53.32,53.32,53.3,53.3,2864.0,53.311,26
2025-01-06 12:30:00-05:00,53.31,53.31,53.27,53.28,2779.0,53.291,25
2025-01-06 12:35:00-05:00,53.28,53.28,53.22,53.24,3535.0,53.252,33
2025-01-06 12:40:00-05:00,53.23,53.23,53.15,53.15,5548.0,53.192,41
2025-01-06 12:45:00-05:00,53.16,53.18,53.15,53.17,4233.0,53.168,28
2025-01-06 12:50:00-05:00,53.18,53.27,53.11,53.27,6573.0,53.167,48
2025-01-06 12:55:00-05:00,53.23,53.36,53.21,53.3,7831.0,53.288,63
2025-01-06 13:00:00-05:00,53.3,53.3,53.13,53.18,20511.0,53.203,49
2025-01-06 13:05:00-05:00,53.19,53.2,53.15,53.16,4824.0,53.172,45
2025-01-06 13:10:00-05:00,53.16,53.3,53.15,53.27,5644.0,53.241,46
2025-01-06 13:15:00-05:00,53.26,53.31,53.26,53.31,5241.0,53.285,42
2025-01-06 13:20:00-05:00,53.29,53.3,53.26,53.26,6097.0,53.28,47
2025-01-06 13:25:00-05:00,53.26,53.32,53.26,53.27,5242.0,53.295,47
2025-01-06 13:30:00-05:00,53.27,53.28,53.22,53.23,3618.0,53.239,34
2025-01-06 13:35:00-05:00,53.24,53.27,53.22,53.24,6899.0,53.248,55
2025-01-06 13:40:00-05:00,53.26,53.28,53.23,53.23,4289.0,53.254,32
2025-01-06 13:45:00-05:00,53.23,53.31,53.2,53.31,5872.0,53.236,44
2025-01-06 13:50:00-05:00,53.29,53.33,53.28,53.29,4123.0,53.308,29
2025-01-06 13:55:00-05:00,53.27,53.32,53.27,53.28,7274.0,53.296,62
2025-01-06 14:00:00-05:00,53.26,53.26,53.17,53.19,30466.0,53.227,61
2025-01-06 14:05:00-05:00,53.18,53.32,53.18,53.32,119263.0,53.209,50
2025-01-06 14:10:00-05:00,53.29,53.34,53.28,53.32,3684.0,53.303,29
2025-01-06 14:15:00-05:00,53.31,53.33,53.29,53.31,4248.0,53.312,31
2025-01-06 14:20:00-05:00,53.33,53.33,53.21,53.23,12839.0,53.255,97
2025-01-06 14:25:00-05:00,53.25,53.32,53.25,53.27,4550.0,53.286,39
2025-01-06 14:30:00-05:00,53.27,53.36,53.26,53.36,24797.0,53.31,108
2025-01-06 14:35:00-05:00,53.36,53.36,53.27,53.29,5233.0,53.326,37
2025-01-06 14:40:00-05:00,53.31,53.34,53.29,53.34,5174.0,53.316,39
2025-01-06 14:45:00-05:00,53.36,53.49,53.36,53.44,9919.0,53.436,83
2025-01-06 14:50:00-05:00,53.46,53.47,53.39,53.45,10332.0,53.418,86
2025-01-06 14:55:00-05:00,53.44,53.44,53.37,53.4,9579.0,53.409,88
2025-01-06 15:00:00-05:00,53.39,53.45,53.37,53.43,12457.0,53.409,92
2025-01-06 15:05:00-05:00,53.47,53.49,53.42,53.48,14714.0,53.458,68
2025-01-06 15:10:00-05:00,53.48,53.49,53.45,53.48,8822.0,53.473,68
2025-01-06 15:15:00-05:00,53.47,53.47,53.38,53.39,6345.0,53.433,59
2025-01-06 15:20:00-05:00,53.39,53.43,53.34,53.41,8527.0,53.396,75
2025-01-06 15:25:00-05:00,53.4,53.43,53.38,53.4,8901.0,53.399,68
2025-01-06 15:30:00-05:00,53.38,53.39,53.32,53.37,9491.0,53.357,77
2025-01-06 15:35:00-05:00,53.37,53.42,53.35,53.4,13438.0,53.389,95
2025-01-06 15:40:00-05:00,53.4,53.45,53.39,53.44,9531.0,53.427,70
2025-01-06 15:45:00-05:00,53.44,53.5,53.38,53.49,19259.0,53.442,154
2025-01-06 15:50:00-05:00,53.51,53.54,53.46,53.51,34708.0,53.499,264
2025-01-06 15:55:00-05:00,53.5,53.52,53.26,53.36,215546.0,53.344,1118
2025-01-07 09:30:00-05:00,53.04,53.04,52.11,52.57,75946.0,52.602,341
2025-01-07 09:35:00-05:00,52.53,52.61,52.41,52.57,26263.0,52.517,201
2025-01-07 09:40:00-05:00,52.54,52.54,52.22,52.23,16876.0,52.405,115
2025-01-07 09:45:00-05:00,52.25,52.4,52.19,52.27,74443.0,52.321,176
2025-01-07 09:50:00-05:00,52.27,52.27,52.08,52.13,23518.0,52.165,171
2025-01-07 09:55:00-05:00,52.13,52.13,51.93,51.93,19026.0,52.029,128
2025-01-07 10:00:00-05:00,51.93,51.93,51.6,51.65,75162.0,51.692,314
2025-01-07 10:05:00-05:00,51.66,51.8,51.62,51.77,43360.0,51.713,260
2025-01-07 10:10:00-05:00,51.77,51.9,51.71,51.87,36701.0,51.775,194
2025-01-07 10:15:00-05:00,51.87,51.92,51.75,51.92,39319.0,51.822,235
2025-01-07 10:20:00-05:00,51.92,52.08,51.91,52.02,132631.0,51.978,449
2025-01-07 10:25:00-05:00,52.02,52.22,52.02,52.13,39464.0,52.13,261
2025-01-07 10:30:00-05:00,52.13,52.16,52.01,52.04,70799.0,52.084,338
2025-01-07 10:35:00-05:00,52.03,52.1,51.88,51.9,15901.0,52.024,140
2025-01-07 10:40:00-05:00,51.9,51.97,51.9,51.92,21624.0,51.932,144
2025-01-07 10:45:00-05:00,51.91,51.99,51.89,51.98,12974.0,51.938,99
2025-01-07 10:50:00-05:00,51.98,52.19,51.97,52.14,61696.0,52.097,305
2025-01-07 10:55:00-05:00,52.13,52.28,52.11,52.23,23608.0,52.21,183
2025-01-07 11:00:00-05:00,52.24,52.33,52.22,52.25,23526.0,52.264,161
2025-01-07 11:05:00-05:00,52.25,52.27,52.16,52.22,20351.0,52.224,150
2025-01-07 11:10:00-05:00,52.22,52.22,52.07,52.16,33906.0,52.122,213
2025-01-07 11:15:00-05:00,52.18,52.18,52.07,52.11,21932.0,52.129,170
2025-01-07 11:20:00-05:00,52.12,52.12,51.97,52.03,29089.0,52.053,201
2025-01-07 11:25:00-05:00,52.01,52.06,52.0,52.01,39732.0,52.032,269
2025-01-07 11:30:00-05:00,52.02,52.04,51.92,51.94,30861.0,51.985,243
2025-01-07 11:35:00-05:00,51.95,52.07,51.93,52.03,14879.0,51.999,93
2025-01-07 11:40:00-05:00,52.01,52.02,51.94,51.98,6538.0,51.985,46
2025-01-07 11:45:00-05:00,51.97,52.0,51.95,52.0,6020.0,51.975,37
2025-01-07 11:50:00-05:00,51.98,51.98,51.8,51.8,9975.0,51.893,67
2025-01-07 11:55:00-05:00,51.81,51.86,51.78,51.86,26643.0,51.8,108
2025-01-07 12:00:00-05:00,51.85,51.97,51.85,51.87,6642.0,51.918,64
2025-01-07 12:05:00-05:00,51.89,51.92,51.86,51.91,8958.0,51.888,70
2025-01-07 12:10:00-05:00,51.88,51.9,51.84,51.89,8473.0,51.871,37
2025-01-07 12:15:00-05:00,51.87,51.95,51.87,51.95,7217.0,51.906,50
2025-01-07 12:20:00-05:00,51.96,51.96,51.82,51.85,7671.0,51.881,55
2025-01-07 12:25:00-05:00,51.85,51.93,51.82,51.93,28638.0,51.853,63
2025-01-07 12:30:00-05:00,51.91,51.95,51.91,51.95,1983.0,51.93,15
2025-01-07 12:35:00-05:00,51.93,51.93,51.87,51.88,6209.0,51.904,41
2025-01-07 12:40:00-05:00,51.87,51.91,51.84,51.91,5544.0,51.869,33
2025-01-07 12:45:00-05:00,51.91,52.0,51.9,51.98,6542.0,51.94,54
2025-01-07 12:50:00-05:00,51.98,52.06,51.97,52.03,20433.0,52.014,108
2025-01-07 12:55:00-05:00,52.03,52.07,52.03,52.04,12468.0,52.05,94
2025-01-07 13:00:00-05:00,52.03,52.07,51.97,51.98,11952.0,52.041,82
2025-01-07 13:05:00-05:00,51.99,52.06,51.97,52.06,7832.0,52.009,55
2025-01-07 13:10:00-05:00,52.05,52.08,52.0,52.0,8682.0,52.046,67
2025-01-07 13:15:00-05:00,52.01,52.12,52.0,52.12,35946.0,52.034,100
2025-01-07 13:20:00-05:00,52.11,52.11,52.02,52.03,4948.0,52.054,45
2025-01-07 13:25:00-05:00,52.04,52.07,52.01,52.07,11765.0,52.039,87
2025-01-07 13:30:00-05:00,52.09,52.14,52.06,52.14,6889.0,52.101,59
2025-01-07 13:35:00-05:00,52.14,52.15,52.06,52.07,15994.0,52.094,125
2025-01-07 13:40:00-05:00,52.07,52.07,51.96,52.02,7223.0,52.007,42
2025-01-07 13:45:00-05:00,52.04,52.08,52.04,52.07,17683.0,52.067,76
2025-01-07 13:50:00-05:00,52.05,52.05,52.02,52.02,5402.0,52.043,42
2025-01-07 13:55:00-05:00,52.03,52.09,52.03,52.07,10695.0,52.062,76
2025-01-07 14:00:00-05:00,52.06,52.06,51.99,51.99,5429.0,52.034,42
2025-01-07 14:05:00-05:00,51.97,52.02,51.95,51.99,7733.0,51.988,67
2025-01-07 14:10:00-05:00,51.99,52.02,51.98,51.98,8783.0,52.005,74
2025-01-07 14:15:00-05:00,51.98,52.0,51.95,51.98,15700.0,51.975,66
2025-01-07 14:20:00-05:00,51.98,52.0,51.94,52.0,30665.0,51.968,110
2025-01-07 14:25:00-05:00,52.0,52.04,52.0,52.04,8298.0,52.026,61
2025-01-07 14:30:00-05:00,52.04,52.04,51.98,52.0,10354.0,52.006,74
2025-01-07 14:35:00-05:00,52.01,52.07,52.0,52.02,12472.0,52.029,88
2025-01-07 14:40:00-05:00,52.02,52.07,51.99,52.06,14821.0,52.021,117
2025-01-07 14:45:00-05:00,52.07,52.07,51.96,51.96,9691.0,52.004,80
2025-01-07 14:50:00-05:00,51.96,51.98,51.92,51.98,16273.0,51.944,118
2025-01-07 14:55:00-05:00,51.98,51.99,51.95,51.95,6835.0,51.963,45
2025-01-07 15:00:00-05:00,51.94,51.94,51.86,51.89,9597.0,51.901,69
2025-01-07 15:05:00-05:00,51.88,51.89,51.86,51.87,13056.0,51.875,110
2025-01-07 15:10:00-05:00,51.86,51.88,51.83,51.88,16349.0,51.857,120
2025-01-07 15:15:00-05:00,51.89,51.93,51.84,51.84,17801.0,51.88,129
2025-01-07 15:20:00-05:00,51.84,51.84,51.72,51.79,13762.0,51.776,104
2025-01-07 15:25:00-05:00,51.79,51.82,51.78,51.81,18699.0,51.795,139
2025-01-07 15:30:00-05:00,51.8,51.83,51.74,51.75,32323.0,51.779,232
2025-01-07 15:35:00-05:00,51.75,51.86,51.73,51.83,42793.0,51.769,301
2025-01-07 15:40:00-05:00,51.85,51.99,51.85,51.92,52851.0,51.926,385
2025-01-07 15:45:00-05:00,51.93,51.97,51.91,51.94,54713.0,51.939,356
2025-01-07 15:50:00-05:00,51.94,52.12,51.94,52.12,195691.0,52.012,898
2025-01-07 15:55:00-05:00,52.12,52.13,52.05,52.12,206663.0,52.084,1081
2025-01-08 09:30:00-05:00,51.05,51.34,50.86,51.32,99384.0,51.071,363
2025-01-08 09:35:00-05:00,51.32,51.37,51.17,51.2,9131.0,51.295,71
2025-01-08 09:40:00-05:00,51.22,51.28,51.0,51.06,19019.0,51.137,132
2025-01-08 09:45:00-05:00,51.08,51.2,50.98,51.15,32018.0,51.056,163
2025-01-08 09:50:00-05:00,51.18,51.23,51.07,51.14,6764.0,51.174,52
2025-01-08 09:55:00-05:00,51.14,51.26,51.13,51.26,7076.0,51.186,52
2025-01-08 10:00:00-05:00,51.23,51.54,51.23,51.48,31033.0,51.467,137
2025-01-08 10:05:00-05:00,51.46,51.66,51.44,51.62,23621.0,51.554,96
2025-01-08 10:10:00-05:00,51.59,51.62,51.52,51.59,6564.0,51.592,46
2025-01-08 10:15:00-05:00,51.6,51.6,51.4,51.42,16290.0,51.467,96
2025-01-08 10:20:00-05:00,51.43,51.43,51.34,51.4,10100.0,51.377,71
2025-01-08 10:25:00-05:00,51.41,51.45,51.38,51.43,17524.0,51.414,111
2025-01-08 10:30:00-05:00,51.41,51.43,51.37,51.4,7785.0,51.403,57
2025-01-08 10:35:00-05:00,51.41,51.51,51.41,51.47,24283.0,51.471,164
2025-01-08 10:40:00-05:00,51.49,51.58,51.45,51.55,19181.0,51.509,142
2025-01-08 10:45:00-05:00,51.58,51.68,51.57,51.66,9810.0,51.626,71
2025-01-08 10:50:00-05:00,51.65,51.73,51.64,51.73,11177.0,51.663,86
2025-01-08 10:55:00-05:00,51.73,51.73,51.71,51.73,4598.0,51.719,39
2025-01-08 11:00:00-05:00,51.73,51.73,51.65,51.66,15767.0,51.686,108
2025-01-08 11:05:00-05:00,51.68,51.82,51.66,51.82,33597.0,51.715,230
2025-01-08 11:10:00-05:00,51.82,51.88,51.79,51.88,11183.0,51.823,83
2025-01-08 11:15:00-05:00,51.86,51.89,51.82,51.89,4847.0,51.855,34
2025-01-08 11:20:00-05:00,51.89,51.99,51.89,51.96,7989.0,51.953,62
2025-01-08 11:25:00-05:00,51.94,51.96,51.81,51.88,7720.0,51.895,59
2025-01-08 11:30:00-05:00,51.9,51.92,51.83,51.87,31345.0,51.858,134
2025-01-08 11:35:00-05:00,51.87,51.99,51.87,51.98,3838.0,51.925,35
2025-01-08 11:40:00-05:00,51.99,52.0,51.91,51.91,11960.0,51.968,95
2025-01-08 11:45:00-05:00,51.94,51.99,51.93,51.99,2504.0,51.962,22
2025-01-08 11:50:00-05:00,51.98,52.0,51.95,51.98,4726.0,51.972,38
2025-01-08 11:55:00-05:00,51.98,52.03,51.98,52.0,54498.0,52.001,378
2025-01-08 12:00:00-05:00,52.0,52.01,51.83,51.83,37965.0,51.969,241
2025-01-08 12:05:00-05:00,51.85,51.9,51.8,51.82,12221.0,51.84,47
2025-01-08 12:10:00-05:00,51.82,51.86,51.79,51.79,13976.0,51.804,88
2025-01-08 12:15:00-05:00,51.81,51.83,51.78,51.78,8689.0,51.803,68
2025-01-08 12:20:00-05:00,51.78,51.82,51.74,51.79,8297.0,51.786,64
2025-01-08 12:25:00-05:00,51.79,51.79,51.71,51.71,8046.0,51.766,56
2025-01-08 12:30:00-05:00,51.73,51.79,51.72,51.76,14693.0,51.763,85
2025-01-08 12:35:00-05:00,51.74,51.74,51.68,51.72,10680.0,51.708,82
2025-01-08 12:40:00-05:00,51.72,51.77,51.72,51.77,8558.0,51.736,58
2025-01-08 12:45:00-05:00,51.77,51.77,51.67,51.67,9081.0,51.739,66
2025-01-08 12:50:00-05:00,51.67,51.7,51.66,51.66,5963.0,51.678,47
2025-01-08 12:55:00-05:00,51.66,51.74,51.64,51.73,4931.0,51.672,44
2025-01-08 13:00:00-05:00,51.72,51.93,51.72,51.89,16224.0,51.867,91
2025-01-08 13:05:00-05:00,51.95,51.98,51.92,51.93,1932.0,51.948,12
2025-01-08 13:10:00-05:00,51.95,51.97,51.95,51.97,5482.0,51.959,47
2025-01-08 13:15:00-05:00,51.98,51.99,51.96,51.96,3739.0,51.974,24
2025-01-08 13:20:00-05:00,51.98,52.02,51.96,51.97,11337.0,51.974,86
2025-01-08 13:25:00-05:00,51.98,52.03,51.98,51.99,7664.0,52.008,66
2025-01-08 13:30:00-05:00,51.99,52.03,51.95,52.0,7942.0,52.0,64
2025-01-08 13:35:00-05:00,52.0,52.03,51.99,52.03,4891.0,52.017,34
2025-01-08 13:40:00-05:00,52.03,52.04,52.01,52.04,5508.0,52.03,45
2025-01-08 13:45:00-05:00,52.04,52.04,51.94,51.94,7417.0,51.998,50
2025-01-08 13:50:00-05:00,51.93,51.96,51.88,51.91,7543.0,51.927,60
2025-01-08 13:55:00-05:00,51.92,51.97,51.91,51.96,4123.0,51.949,38
2025-01-08 14:00:00-05:00,51.96,51.99,51.92,51.99,6223.0,51.957,47
2025-01-08 14:05:00-05:00,51.97,52.1,51.97,52.08,6777.0,52.034,51
2025-01-08 14:10:00-05:00,52.06,52.09,52.03,52.04,9815.0,52.059,81
2025-01-08 14:15:00-05:00,52.05,52.14,52.05,52.12,6354.0,52.106,43
2025-01-08 14:20:00-05:00,52.14,52.2,52.11,52.2,4493.0,52.159,35
2025-01-08 14:25:00-05:00,52.22,52.26,52.2,52.23,15415.0,52.231,82
2025-01-08 14:30:00-05:00,52.22,52.23,52.17,52.2,9897.0,52.198,80
2025-01-08 14:35:00-05:00,52.23,52.23,52.18,52.2,10625.0,52.201,84
2025-01-08 14:40:00-05:00,52.19,52.21,52.13,52.14,7851.0,52.166,58
2025-01-08 14:45:00-05:00,52.14,52.18,52.1,52.12,6695.0,52.143,52
2025-01-08 14:50:00-05:00,52.11,52.11,52.03,52.05,3465.0,52.065,29
2025-01-08 14:55:00-05:00,52.04,52.09,52.04,52.06,8235.0,52.071,63
2025-01-08 15:00:00-05:00,52.09,52.11,52.03,52.03,10890.0,52.071,83
2025-01-08 15:05:00-05:00,52.06,52.06,51.98,52.0,7649.0,52.015,62
2025-01-08 15:10:00-05:00,51.99,52.01,51.93,51.93,10956.0,51.982,86
2025-01-08 15:15:00-05:00,51.92,52.0,51.91,51.98,8555.0,51.968,67
2025-01-08 15:20:00-05:00,51.98,52.02,51.97,51.99,10644.0,51.996,79
2025-01-08 15:25:00-05:00,51.98,51.98,51.93,51.96,14666.0,51.961,118
2025-01-08 15:30:00-05:00,51.95,51.99,51.86,51.86,19847.0,51.935,152
2025-01-08 15:35:00-05:00,51.87,51.88,51.84,51.86,12160.0,51.865,98
2025-01-08 15:40:00-05:00,51.85,51.99,51.85,51.97,13117.0,51.915,105
2025-01-08 15:45:00-05:00,51.97,51.97,51.88,51.91,20964.0,51.919,160
2025-01-08 15:50:00-05:00,51.93,52.03,51.92,51.94,48855.0,51.984,337
2025-01-08 15:55:00-05:00,51.93,51.96,51.88,51.92,139873.0,51.922,795
2025-01-10 09:30:00-05:00,52.09,52.14,51.81,51.89,82479.0,51.971,379
2025-01-10 09:35:00-05:00,51.88,51.9,51.53,51.53,9678.0,51.716,84
2025-01-10 09:40:00-05:00,51.58,51.68,51.53,51.55,24934.0,51.605,173
2025-01-10 09:45:00-05:00,51.58,51.59,51.4,51.52,32368.0,51.511,234
2025-01-10 09:50:00-05:00,51.49,51.63,51.49,51.6,20052.0,51.586,156
2025-01-10 09:55:00-05:00,51.61,51.75,51.59,51.75,20262.0,51.695,132
2025-01-10 10:00:00-05:00,51.7,51.71,51.46,51.5,23246.0,51.602,164
2025-01-10 10:05:00-05:00,51.52,51.54,51.45,51.5,20509.0,51.494,126
2025-01-10 10:10:00-05:00,51.52,51.55,51.44,51.46,26049.0,51.501,172
2025-01-10 10:15:00-05:00,51.48,51.68,51.45,51.61,34525.0,51.542,190
2025-01-10 10:20:00-05:00,51.62,51.72,51.62,51.68,16947.0,51.674,122
2025-01-10 10:25:00-05:00,51.68,51.73,51.63,51.71,16161.0,51.679,111
2025-01-10 10:30:00-05:00,51.72,51.84,51.66,51.8,17879.0,51.767,114
2025-01-10 10:35:00-05:00,51.79,51.9,51.79,51.88,11852.0,51.836,69
2025-01-10 10:40:00-05:00,51.88,51.88,51.8,51.86,11616.0,51.839,66
2025-01-10 10:45:00-05:00,51.86,51.95,51.84,51.89,15104.0,51.893,101
2025-01-10 10:50:00-05:00,51.85,51.89,51.77,51.88,23916.0,51.843,135
2025-01-10 10:55:00-05:00,51.88,52.0,51.85,51.92,58436.0,51.931,254
2025-01-10 11:00:00-05:00,51.91,51.94,51.77,51.81,14271.0,51.886,125
2025-01-10 11:05:00-05:00,51.78,51.8,51.69,51.72,9764.0,51.768,76
2025-01-10 11:10:00-05:00,51.71,51.79,51.64,51.73,22376.0,51.716,104
2025-01-10 11:15:00-05:00,51.72,51.73,51.61,51.65,27905.0,51.678,203
2025-01-10 11:20:00-05:00,51.65,51.7,51.64,51.66,12437.0,51.669,83
2025-01-10 11:25:00-05:00,51.66,51.71,51.59,51.66,13110.0,51.659,107
2025-01-10 11:30:00-05:00,51.65,51.72,51.57,51.72,29554.0,51.626,218
2025-01-10 11:35:00-05:00,51.73,51.85,51.72,51.82,6668.0,51.812,50
2025-01-10 11:40:00-05:00,51.81,51.9,51.81,51.88,9229.0,51.852,63
2025-01-10 11:45:00-05:00,51.86,51.88,51.7,51.75,7573.0,51.765,62
2025-01-10 11:50:00-05:00,51.75,51.83,51.73,51.81,21546.0,51.799,100
2025-01-10 11:55:00-05:00,51.79,51.81,51.66,51.67,10130.0,51.747,79
2025-01-10 12:00:00-05:00,51.68,51.7,51.6,51.62,4985.0,51.661,41
2025-01-10 12:05:00-05:00,51.63,51.65,51.59,51.59,4233.0,51.624,35
2025-01-10 12:10:00-05:00,51.57,51.59,51.54,51.57,2798.0,51.569,26
2025-01-10 12:15:00-05:00,51.57,51.64,51.53,51.63,11197.0,51.59,88
2025-01-10 12:20:00-05:00,51.63,51.7,51.6,51.7,6638.0,51.638,51
2025-01-10 12:25:00-05:00,51.71,51.74,51.66,51.73,10464.0,51.699,70
2025-01-10 12:30:00-05:00,51.74,51.74,51.66,51.66,5512.0,51.699,42
2025-01-10 12:35:00-05:00,51.68,51.72,51.61,51.64,19123.0,51.677,130
2025-01-10 12:40:00-05:00,51.64,51.66,51.6,51.6,2642.0,51.627,25
2025-01-10 12:45:00-05:00,51.62,51.69,51.59,51.67,5762.0,51.623,39
2025-01-10 12:50:00-05:00,51.67,51.72,51.64,51.7,10283.0,51.675,84
2025-01-10 12:55:00-05:00,51.72,51.83,51.72,51.83,5864.0,51.807,51
2025-01-10 13:00:00-05:00,51.83,51.9,51.81,51.85,9429.0,51.848,69
2025-01-10 13:05:00-05:00,51.85,51.89,51.82,51.86,7531.0,51.847,48
2025-01-10 13:10:00-05:00,51.85,51.88,51.8,51.8,6689.0,51.84,53
2025-01-10 13:15:00-05:00,51.82,51.89,51.8,51.88,7268.0,51.838,43
2025-01-10 13:20:00-05:00,51.84,51.94,51.84,51.92,6835.0,51.895,50
2025-01-10 13:25:00-05:00,51.92,51.93,51.87,51.87,6908.0,51.897,44
2025-01-10 13:30:00-05:00,51.86,51.89,51.77,51.87,7837.0,51.816,64
2025-01-10 13:35:00-05:00,51.87,51.91,51.85,51.91,5636.0,51.872,49
2025-01-10 13:40:00-05:00,51.92,51.94,51.83,51.84,6595.0,51.895,54
2025-01-10 13:45:00-05:00,51.84,51.87,51.77,51.85,5239.0,51.824,44
2025-01-10 13:50:00-05:00,51.86,51.89,51.85,51.87,5119.0,51.87,41
2025-01-10 13:55:00-05:00,51.87,51.96,51.87,51.95,4327.0,51.932,35
2025-01-10 14:00:00-05:00,51.95,51.95,51.88,51.88,5148.0,51.91,43
2025-01-10 14:05:00-05:00,51.89,51.89,51.81,51.81,5141.0,51.851,49
2025-01-10 14:10:00-05:00,51.81,51.84,51.77,51.81,6737.0,51.804,53
2025-01-10 14:15:00-05:00,51.81,51.87,51.8,51.87,4346.0,51.828,31
2025-01-10 14:20:00-05:00,51.86,51.86,51.81,51.86,4462.0,51.84,34
2025-01-10 14:25:00-05:00,51.86,51.95,51.85,51.92,4332.0,51.922,35
2025-01-10 14:30:00-05:00,51.91,51.96,51.86,51.9,8681.0,51.91,62
2025-01-10 14:35:00-05:00,51.9,51.99,51.9,51.98,4094.0,51.943,30
2025-01-10 14:40:00-05:00,51.98,52.0,51.96,51.98,11071.0,51.98,82
2025-01-10 14:45:00-05:00,51.98,51.99,51.87,51.88,8403.0,51.943,67
2025-01-10 14:50:00-05:00,51.89,51.92,51.88,51.92,4136.0,51.905,33
2025-01-10 14:55:00-05:00,51.92,51.97,51.92,51.96,6316.0,51.939,44
2025-01-10 15:00:00-05:00,51.95,51.96,51.87,51.96,10374.0,51.924,69
2025-01-10 15:05:00-05:00,51.95,51.98,51.93,51.93,6055.0,51.953,48
2025-01-10 15:10:00-05:00,51.91,51.93,51.84,51.84,7014.0,51.893,54
2025-01-10 15:15:00-05:00,51.84,51.88,51.78,51.84,8993.0,51.841,71
2025-01-10 15:20:00-05:00,51.85,51.9,51.84,51.88,6306.0,51.874,47
2025-01-10 15:25:00-05:00,51.87,51.88,51.85,51.87,9236.0,51.865,74
2025-01-10 15:30:00-05:00,51.87,51.87,51.77,51.82,13621.0,51.826,97
2025-01-10 15:35:00-05:00,51.82,51.92,51.82,51.84,21556.0,51.868,151
2025-01-10 15:40:00-05:00,51.83,51.87,51.81,51.86,11939.0,51.838,95
2025-01-10 15:45:00-05:00,51.86,51.88,51.82,51.84,42291.0,51.842,297
2025-01-10 15:50:00-05:00,51.82,51.9,51.78,51.82,48709.0,51.836,339
2025-01-10 15:55:00-05:00,51.82,51.85,51.73,51.78,156314.0,51.788,838
2025-01-13 09:30:00-05:00,51.77,51.77,51.51,51.69,37022.0,51.714,125
2025-01-13 09:35:00-05:00,51.75,51.8,51.62,51.68,14335.0,51.739,92
2025-01-13 09:40:00-05:00,51.64,51.72,51.6,51.62,8018.0,51.661,70
2025-01-13 09:45:00-05:00,51.62,51.64,51.57,51.64,7942.0,51.613,62
2025-01-13 09:50:00-05:00,51.64,51.72,51.6,51.71,14692.0,51.674,82
2025-01-13 09:55:00-05:00,51.71,51.77,51.7,51.72,9945.0,51.741,57
2025-01-13 10:00:00-05:00,51.74,51.86,51.71,51.86,13750.0,51.765,69
2025-01-13 10:05:00-05:00,51.84,51.85,51.78,51.82,18775.0,51.819,67
2025-01-13 10:10:00-05:00,51.81,51.82,51.68,51.69,8536.0,51.738,61
2025-01-13 10:15:00-05:00,51.68,51.69,51.58,51.61,6220.0,51.616,56
2025-01-13 10:20:00-05:00,51.59,51.59,51.37,51.38,11663.0,51.449,61
2025-01-13 10:25:00-05:00,51.39,51.43,51.37,51.4,5116.0,51.4,48
2025-01-13 10:30:00-05:00,51.38,51.43,51.33,51.34,7803.0,51.389,63
2025-01-13 10:35:00-05:00,51.33,51.5,51.33,51.5,5231.0,51.427,43
2025-01-13 10:40:00-05:00,51.48,51.63,51.47,51.6,7911.0,51.552,65
2025-01-13 10:45:00-05:00,51.58,51.66,51.57,51.61,15615.0,51.611,102
2025-01-13 10:50:00-05:00,51.61,51.73,51.57,51.72,13586.0,51.625,102
2025-01-13 10:55:00-05:00,51.72,51.74,51.66,51.66,4095.0,51.707,35
2025-01-13 11:00:00-05:00,51.65,51.67,51.51,51.51,7238.0,51.556,40
2025-01-13 11:05:00-05:00,51.53,51.6,51.5,51.58,7156.0,51.553,59
2025-01-13 11:10:00-05:00,51.61,51.61,51.5,51.52,7542.0,51.565,61
2025-01-13 11:15:00-05:00,51.56,51.6,51.54,51.6,5045.0,51.574,38
2025-01-13 11:20:00-05:00,51.61,51.71,51.58,51.64,7265.0,51.643,59
2025-01-13 11:25:00-05:00,51.64,51.69,51.64,51.67,4294.0,51.67,38
2025-01-13 11:30:00-05:00,51.64,51.74,51.63,51.74,9155.0,51.682,72
2025-01-13 11:35:00-05:00,51.72,51.72,51.59,51.61,5269.0,51.658,44
2025-01-13 11:40:00-05:00,51.62,51.7,51.62,51.69,3864.0,51.666,31
2025-01-13 11:45:00-05:00,51.66,51.66,51.6,51.62,4532.0,51.632,40
2025-01-13 11:50:00-05:00,51.61,51.63,51.59,51.61,6787.0,51.603,35
2025-01-13 11:55:00-05:00,51.6,51.65,51.58,51.6,3821.0,51.616,36
2025-01-13 12:00:00-05:00,51.59,51.65,51.56,51.62,6061.0,51.602,52
2025-01-13 12:05:00-05:00,51.62,51.7,51.6,51.7,6295.0,51.648,50
2025-01-13 12:10:00-05:00,51.71,51.75,51.71,51.72,6183.0,51.729,47
2025-01-13 12:15:00-05:00,51.72,51.8,51.72,51.78,5402.0,51.759,34
2025-01-13 12:20:00-05:00,51.78,51.8,51.74,51.74,7803.0,51.777,64
2025-01-13 12:25:00-05:00,51.72,51.72,51.69,51.7,5064.0,51.702,29
2025-01-13 12:30:00-05:00,51.67,51.71,51.66,51.7,4450.0,51.694,37
2025-01-13 12:35:00-05:00,51.69,51.71,51.68,51.68,3634.0,51.696,27
2025-01-13 12:40:00-05:00,51.69,51.74,51.69,51.73,4038.0,51.718,22
2025-01-13 12:45:00-05:00,51.74,51.79,51.72,51.75,5279.0,51.75,37
2025-01-13 12:50:00-05:00,51.74,51.77,51.73,51.73,5759.0,51.751,30
2025-01-13 12:55:00-05:00,51.75,51.8,51.75,51.8,7124.0,51.764,47
2025-01-13 13:00:00-05:00,51.78,51.78,51.72,51.73,3705.0,51.75,33
2025-01-13 13:05:00-05:00,51.73,51.76,51.7,51.76,3775.0,51.733,23
2025-01-13 13:10:00-05:00,51.75,51.78,51.74,51.78,2241.0,51.755,18
2025-01-13 13:15:00-05:00,51.78,51.81,51.76,51.8,4142.0,51.787,35
2025-01-13 13:20:00-05:00,51.78,51.81,51.78,51.81,2328.0,51.796,16
2025-01-13 13:25:00-05:00,51.81,51.84,51.79,51.79,7466.0,51.812,55
2025-01-13 13:30:00-05:00,51.81,51.89,51.81,51.89,5653.0,51.848,42
2025-01-13 13:35:00-05:00,51.9,51.94,51.88,51.94,8046.0,51.91,43
2025-01-13 13:40:00-05:00,51.93,51.93,51.87,51.88,7814.0,51.914,46
2025-01-13 13:45:00-05:00,51.87,51.92,51.86,51.89,7118.0,51.889,40
2025-01-13 13:50:00-05:00,51.89,51.91,51.87,51.88,3784.0,51.888,32
2025-01-13 13:55:00-05:00,51.88,51.89,51.85,51.89,3904.0,51.867,30
2025-01-13 14:00:00-05:00,51.87,51.9,51.87,51.9,5404.0,51.881,46
2025-01-13 14:05:00-05:00,51.9,51.94,51.9,51.93,2908.0,51.921,28
2025-01-13 14:10:00-05:00,51.92,51.95,51.84,51.86,8572.0,51.911,59
2025-01-13 14:15:00-05:00,51.86,51.88,51.79,51.8,3686.0,51.837,26
2025-01-13 14:20:00-05:00,51.82,51.88,51.81,51.86,5553.0,51.841,36
2025-01-13 14:25:00-05:00,51.87,51.91,51.86,51.91,3305.0,51.886,22
2025-01-13 14:30:00-05:00,51.9,51.9,51.82,51.82,6909.0,51.852,46
2025-01-13 14:35:00-05:00,51.83,51.87,51.78,51.86,6066.0,51.829,36
2025-01-13 14:40:00-05:00,51.87,51.9,51.86,51.88,4842.0,51.882,36
2025-01-13 14:45:00-05:00,51.87,51.87,51.76,51.76,7204.0,51.81,63
2025-01-13 14:50:00-05:00,51.77,51.82,51.76,51.81,4165.0,51.782,34
2025-01-13 14:55:00-05:00,51.8,51.85,51.79,51.83,8253.0,51.819,57
2025-01-13 15:00:00-05:00,51.81,51.82,51.77,51.81,6285.0,51.794,41
2025-01-13 15:05:00-05:00,51.8,51.88,51.8,51.85,14840.0,51.836,55
2025-01-13 15:10:00-05:00,51.84,51.84,51.81,51.81,4278.0,51.831,33
2025-01-13 15:15:00-05:00,51.81,51.84,51.8,51.84,6754.0,51.823,52
2025-01-13 15:20:00-05:00,51.85,51.87,51.84,51.85,8667.0,51.85,62
2025-01-13 15:25:00-05:00,51.86,51.9,51.86,51.88,6617.0,51.877,51
2025-01-13 15:30:00-05:00,51.88,51.9,51.87,51.9,11806.0,51.891,86
2025-01-13 15:35:00-05:00,51.89,51.99,51.88,51.97,15717.0,51.944,124
2025-01-13 15:40:00-05:00,51.97,52.0,51.9,51.91,35511.0,51.977,153
2025-01-13 15:45:00-05:00,51.9,51.94,51.82,51.88,20910.0,51.881,178
2025-01-13 15:50:00-05:00,51.89,52.0,51.89,51.97,60634.0,51.968,407
2025-01-13 15:55:00-05:00,51.97,52.18,51.96,52.16,267269.0,52.077,1119
2025-01-14 09:30:00-05:00,52.52,52.6,52.38,52.56,61583.0,52.494,282
2025-01-14 09:35:00-05:00,52.56,52.58,52.46,52.56,47058.0,52.526,250
2025-01-14 09:40:00-05:00,52.56,52.61,52.47,52.6,22907.0,52.548,152
2025-01-14 09:45:00-05:00,52.6,52.68,52.52,52.58,31316.0,52.603,230
2025-01-14 09:50:00-05:00,52.6,52.62,52.42,52.43,27236.0,52.538,210
2025-01-14 09:55:00-05:00,52.43,52.45,52.34,52.38,15793.0,52.397,104
2025-01-14 10:00:00-05:00,52.38,52.57,52.36,52.54,31640.0,52.479,194
2025-01-14 10:05:00-05:00,52.55,52.74,52.52,52.7,20968.0,52.632,143
2025-01-14 10:10:00-05:00,52.7,52.74,52.61,52.64,12721.0,52.69,95
2025-01-14 10:15:00-05:00,52.65,52.67,52.6,52.62,10794.0,52.634,68
2025-01-14 10:20:00-05:00,52.6,52.69,52.56,52.68,12757.0,52.614,89
2025-01-14 10:25:00-05:00,52.7,52.71,52.61,52.68,44895.0,52.669,250
2025-01-14 10:30:00-05:00,52.7,52.83,52.66,52.75,17063.0,52.755,129
2025-01-14 10:35:00-05:00,52.74,52.84,52.73,52.8,18989.0,52.783,133
2025-01-14 10:40:00-05:00,52.81,52.92,52.78,52.92,17248.0,52.873,94
2025-01-14 10:45:00-05:00,52.92,52.98,52.87,52.95,10050.0,52.917,84
2025-01-14 10:50:00-05:00,52.95,52.97,52.89,52.95,13040.0,52.931,112
2025-01-14 10:55:00-05:00,52.98,52.98,52.89,52.9,15809.0,52.931,119
2025-01-14 11:00:00-05:00,52.86,52.86,52.67,52.71,13312.0,52.746,101
2025-01-14 11:05:00-05:00,52.7,52.72,52.63,52.71,13415.0,52.682,76
2025-01-14 11:10:00-05:00,52.71,52.72,52.65,52.71,10912.0,52.68,77
2025-01-14 11:15:00-05:00,52.71,52.71,52.58,52.59,9540.0,52.638,72
2025-01-14 11:20:00-05:00,52.6,52.6,52.42,52.42,3436.0,52.518,31
2025-01-14 11:25:00-05:00,52.45,52.49,52.36,52.4,9626.0,52.446,73
2025-01-14 11:30:00-05:00,52.39,52.46,52.35,52.38,20246.0,52.402,136
2025-01-14 11:35:00-05:00,52.39,52.43,52.36,52.41,3259.0,52.398,29
2025-01-14 11:40:00-05:00,52.39,52.4,52.34,52.34,4329.0,52.36,34
2025-01-14 11:45:00-05:00,52.35,52.36,52.27,52.29,5193.0,52.323,45
2025-01-14 11:50:00-05:00,52.27,52.27,52.24,52.25,2801.0,52.251,24
2025-01-14 11:55:00-05:00,52.25,52.26,52.13,52.17,9381.0,52.18,73
2025-01-14 12:00:00-05:00,52.17,52.22,52.14,52.22,2311.0,52.184,21
2025-01-14 12:05:00-05:00,52.21,52.26,52.15,52.24,4562.0,52.207,39
2025-01-14 12:10:00-05:00,52.24,52.27,52.23,52.27,2559.0,52.249,21
2025-01-14 12:15:00-05:00,52.25,52.29,52.24,52.27,4133.0,52.264,37
2025-01-14 12:20:00-05:00,52.24,52.28,52.22,52.25,3181.0,52.235,23
2025-01-14 12:25:00-05:00,52.26,52.33,52.26,52.3,2652.0,52.285,24
2025-01-14 12:30:00-05:00,52.29,52.29,52.21,52.25,4654.0,52.246,38
2025-01-14 12:35:00-05:00,52.25,52.3,52.24,52.3,5992.0,52.274,45
2025-01-14 12:40:00-05:00,52.31,52.36,52.29,52.35,4321.0,52.335,34
2025-01-14 12:45:00-05:00,52.35,52.36,52.33,52.34,3584.0,52.339,33
2025-01-14 12:50:00-05:00,52.35,52.44,52.35,52.44,3928.0,52.409,35
2025-01-14 12:55:00-05:00,52.45,52.64,52.45,52.61,17061.0,52.539,78
2025-01-14 13:00:00-05:00,52.63,52.67,52.61,52.66,8112.0,52.64,61
2025-01-14 13:05:00-05:00,52.68,52.69,52.63,52.64,4652.0,52.673,35
2025-01-14 13:10:00-05:00,52.61,52.65,52.5,52.64,87783.0,52.514,90
2025-01-14 13:15:00-05:00,52.62,52.73,52.61,52.71,11095.0,52.669,56
2025-01-14 13:20:00-05:00,52.73,52.74,52.7,52.72,5284.0,52.72,33
2025-01-14 13:25:00-05:00,52.73,52.79,52.73,52.76,10714.0,52.765,72
2025-01-14 13:30:00-05:00,52.78,52.78,52.71,52.77,8242.0,52.741,54
2025-01-14 13:35:00-05:00,52.77,52.89,52.76,52.89,10230.0,52.831,82
2025-01-14 13:40:00-05:00,52.89,52.94,52.87,52.93,11027.0,52.896,67
2025-01-14 13:45:00-05:00,52.91,53.0,52.9,52.93,62852.0,52.955,153
2025-01-14 13:50:00-05:00,52.94,53.0,52.94,53.0,8821.0,52.975,78
2025-01-14 13:55:00-05:00,53.01,53.03,52.97,53.01,10305.0,52.999,96
2025-01-14 14:00:00-05:00,52.99,52.99,52.96,52.98,7826.0,52.982,64
2025-01-14 14:05:00-05:00,52.98,53.11,52.98,53.03,16096.0,53.048,114
2025-01-14 14:10:00-05:00,53.05,53.08,53.01,53.03,4304.0,53.04,30
2025-01-14 14:15:00-05:00,53.04,53.05,53.02,53.03,7461.0,53.037,55
2025-01-14 14:20:00-05:00,53.03,53.05,53.01,53.02,5967.0,53.03,42
2025-01-14 14:25:00-05:00,53.03,53.04,52.98,53.0,7212.0,53.006,59
2025-01-14 14:30:00-05:00,52.99,53.07,52.99,53.06,7769.0,53.027,58
2025-01-14 14:35:00-05:00,53.06,53.08,53.06,53.08,2600.0,53.071,22
2025-01-14 14:40:00-05:00,53.07,53.07,53.02,53.02,7291.0,53.045,53
2025-01-14 14:45:00-05:00,53.02,53.02,52.96,52.97,9019.0,52.982,76
2025-01-14 14:50:00-05:00,52.97,52.97,52.92,52.93,14825.0,52.932,128
2025-01-14 14:55:00-05:00,52.93,52.95,52.86,52.87,14506.0,52.902,133
2025-01-14 15:00:00-05:00,52.88,52.9,52.75,52.77,9364.0,52.831,79
2025-01-14 15:05:00-05:00,52.77,52.78,52.72,52.78,8030.0,52.751,62
2025-01-14 15:10:00-05:00,52.75,52.82,52.74,52.81,14659.0,52.788,92
2025-01-14 15:15:00-05:00,52.82,52.89,52.82,52.86,12755.0,52.865,106
2025-01-14 15:20:00-05:00,52.86,52.91,52.85,52.89,13282.0,52.871,109
2025-01-14 15:25:00-05:00,52.89,52.91,52.87,52.88,9914.0,52.889,84
2025-01-14 15:30:00-05:00,52.89,52.91,52.84,52.86,22152.0,52.88,166
2025-01-14 15:35:00-05:00,52.86,52.92,52.85,52.86,17952.0,52.89,156
2025-01-14 15:40:00-05:00,52.87,52.94,52.86,52.93,22682.0,52.891,188
2025-01-14 15:45:00-05:00,52.93,52.97,52.83,52.85,27583.0,52.9,209
2025-01-14 15:50:00-05:00,52.85,52.96,52.85,52.93,33759.0,52.918,239
2025-01-14 15:55:00-05:00,52.92,52.97,52.86,52.93,160122.0,52.923,933
2025-01-15 09:30:00-05:00,53.3,53.97,53.3,53.79,126119.0,53.585,353
2025-01-15 09:35:00-05:00,53.8,53.8,53.49,53.52,36021.0,53.579,170
2025-01-15 09:40:00-05:00,53.51,53.64,53.32,53.44,130326.0,53.499,361
2025-01-15 09:45:00-05:00,53.47,53.54,53.34,53.36,34512.0,53.46,157
2025-01-15 09:50:00-05:00,53.35,53.37,53.13,53.13,8835.0,53.262,63
2025-01-15 09:55:00-05:00,53.12,53.23,53.11,53.18,12555.0,53.168,81
2025-01-15 10:00:00-05:00,53.2,53.2,53.06,53.12,13624.0,53.114,107
2025-01-15 10:05:00-05:00,53.11,53.12,53.0,53.1,11281.0,53.058,75
2025-01-15 10:10:00-05:00,53.1,53.2,53.1,53.18,23755.0,53.16,157
2025-01-15 10:15:00-05:00,53.18,53.18,53.06,53.06,16036.0,53.114,128
2025-01-15 10:20:00-05:00,53.06,53.06,52.97,52.98,5895.0,52.995,45
2025-01-15 10:25:00-05:00,52.98,52.98,52.86,52.89,18565.0,52.903,143
2025-01-15 10:30:00-05:00,52.89,53.03,52.88,52.92,21343.0,52.946,130
2025-01-15 10:35:00-05:00,52.92,52.92,52.83,52.85,14594.0,52.859,97
2025-01-15 10:40:00-05:00,52.83,53.08,52.8,52.89,44816.0,52.954,270
2025-01-15 10:45:00-05:00,52.89,52.9,52.83,52.85,10044.0,52.861,68
2025-01-15 10:50:00-05:00,52.84,52.89,52.8,52.86,12090.0,52.854,86
2025-01-15 10:55:00-05:00,52.87,52.91,52.86,52.88,14077.0,52.883,108
2025-01-15 11:00:00-05:00,52.88,52.88,52.76,52.8,16396.0,52.807,110
2025-01-15 11:05:00-05:00,52.82,52.91,52.8,52.87,18950.0,52.855,137
2025-01-15 11:10:00-05:00,52.87,52.87,52.82,52.84,13535.0,52.839,94
2025-01-15 11:15:00-05:00,52.83,52.86,52.68,52.68,19044.0,52.789,129
2025-01-15 11:20:00-05:00,52.7,52.8,52.68,52.68,30320.0,52.745,168
2025-01-15 11:25:00-05:00,52.68,52.7,52.65,52.65,13979.0,52.678,93
2025-01-15 11:30:00-05:00,52.64,52.64,52.48,52.52,43975.0,52.545,355
2025-01-15 11:35:00-05:00,52.53,52.65,52.51,52.57,28591.0,52.565,177
2025-01-15 11:40:00-05:00,52.53,52.56,52.43,52.45,7817.0,52.498,62
2025-01-15 11:45:00-05:00,52.46,52.48,52.41,52.46,18406.0,52.441,84
2025-01-15 11:50:00-05:00,52.46,52.5,52.43,52.49,5688.0,52.459,54
2025-01-15 11:55:00-05:00,52.49,52.58,52.48,52.54,14404.0,52.552,82
2025-01-15 12:00:00-05:00,52.54,52.72,52.54,52.69,8330.0,52.619,63
2025-01-15 12:05:00-05:00,52.67,52.73,52.64,52.73,8274.0,52.668,79
2025-01-15 12:10:00-05:00,52.72,52.73,52.58,52.59,27169.0,52.691,73
2025-01-15 12:15:00-05:00,52.59,52.62,52.55,52.55,10959.0,52.586,77
2025-01-15 12:20:00-05:00,52.56,52.59,52.52,52.58,6770.0,52.554,56
2025-01-15 12:25:00-05:00,52.57,52.65,52.57,52.65,3417.0,52.607,32
2025-01-15 12:30:00-05:00,52.65,52.71,52.64,52.71,5228.0,52.655,36
2025-01-15 12:35:00-05:00,52.7,52.7,52.64,52.66,7067.0,52.663,54
2025-01-15 12:40:00-05:00,52.66,52.69,52.65,52.69,4273.0,52.67,38
2025-01-15 12:45:00-05:00,52.68,52.69,52.64,52.68,7169.0,52.67,61
2025-01-15 12:50:00-05:00,52.68,52.81,52.6,52.8,76197.0,52.684,94
2025-01-15 12:55:00-05:00,52.82,52.85,52.77,52.83,7456.0,52.81,54
2025-01-15 13:00:00-05:00,52.83,52.85,52.8,52.85,6424.0,52.826,58
2025-01-15 13:05:00-05:00,52.85,52.85,52.76,52.78,6397.0,52.797,44
2025-01-15 13:10:00-05:00,52.77,52.83,52.77,52.82,4244.0,52.801,34
2025-01-15 13:15:00-05:00,52.82,52.85,52.81,52.84,4666.0,52.825,36
2025-01-15 13:20:00-05:00,52.84,52.85,52.79,52.8,7202.0,52.824,57
2025-01-15 13:25:00-05:00,52.8,52.85,52.79,52.83,5492.0,52.806,46
2025-01-15 13:30:00-05:00,52.84,52.91,52.84,52.91,6928.0,52.862,59
2025-01-15 13:35:00-05:00,52.89,52.98,52.89,52.98,7546.0,52.929,55
2025-01-15 13:40:00-05:00,52.98,53.02,52.98,53.0,9525.0,52.997,64
2025-01-15 13:45:00-05:00,52.99,53.03,52.97,52.98,5967.0,52.996,52
2025-01-15 13:50:00-05:00,52.99,53.02,52.98,53.0,5987.0,52.998,50
2025-01-15 13:55:00-05:00,53.0,53.01,52.95,52.97,6868.0,52.98,59
2025-01-15 14:00:00-05:00,52.97,52.97,52.89,52.9,11508.0,52.939,66
2025-01-15 14:05:00-05:00,52.9,53.0,52.89,52.98,5882.0,52.925,46
2025-01-15 14:10:00-05:00,52.98,53.0,52.94,52.94,5893.0,52.971,46
2025-01-15 14:15:00-05:00,52.93,52.93,52.89,52.89,6504.0,52.915,49
2025-01-15 14:20:00-05:00,52.89,52.92,52.89,52.92,4643.0,52.911,43
2025-01-15 14:25:00-05:00,52.92,53.0,52.92,52.99,5799.0,52.938,51
2025-01-15 14:30:00-05:00,52.99,53.0,52.95,52.95,11464.0,52.989,79
2025-01-15 14:35:00-05:00,52.95,53.0,52.95,53.0,5356.0,52.982,42
2025-01-15 14:40:00-05:00,53.0,53.01,52.94,52.95,10347.0,52.985,81
2025-01-15 14:45:00-05:00,52.95,52.99,52.95,52.98,7824.0,52.966,66
2025-01-15 14:50:00-05:00,52.97,52.97,52.86,52.88,5260.0,52.905,46
2025-01-15 14:55:00-05:00,52.87,52.91,52.86,52.91,5930.0,52.889,54
2025-01-15 15:00:00-05:00,52.91,52.95,52.89,52.95,5883.0,52.917,52
2025-01-15 15:05:00-05:00,52.95,52.98,52.93,52.97,5259.0,52.954,42
2025-01-15 15:10:00-05:00,52.97,53.01,52.93,52.95,12067.0,52.973,91
2025-01-15 15:15:00-05:00,52.95,52.97,52.93,52.96,7009.0,52.95,58
2025-01-15 15:20:00-05:00,52.96,52.97,52.92,52.93,9600.0,52.946,75
2025-01-15 15:25:00-05:00,52.94,52.95,52.9,52.94,10383.0,52.926,84
2025-01-15 15:30:00-05:00,52.92,52.94,52.87,52.93,13456.0,52.902,113
2025-01-15 15:35:00-05:00,52.92,52.93,52.87,52.9,18184.0,52.898,153
2025-01-15 15:40:00-05:00,52.9,52.9,52.85,52.9,15293.0,52.877,124
2025-01-15 15:45:00-05:00,52.91,52.99,52.89,52.93,26111.0,52.93,198
2025-01-15 15:50:00-05:00,52.92,53.03,52.91,52.93,54185.0,52.985,400
2025-01-15 15:55:00-05:00,52.94,53.04,52.93,52.94,160454.0,52.987,856
2025-01-16 09:30:00-05:00,52.38,52.45,52.11,52.18,72309.0,52.33,249
2025-01-16 09:35:00-05:00,52.2,52.21,51.97,52.01,25642.0,52.085,166
2025-01-16 09:40:00-05:00,51.98,52.26,51.91,52.23,32895.0,52.132,201
2025-01-16 09:45:00-05:00,52.26,52.45,52.2,52.43,26957.0,52.321,177
2025-01-16 09:50:00-05:00,52.43,52.44,52.22,52.31,64662.0,52.302,350
2025-01-16 09:55:00-05:00,52.32,52.32,52.09,52.12,9383.0,52.221,65
2025-01-16 10:00:00-05:00,52.12,52.21,52.1,52.2,13207.0,52.163,76
2025-01-16 10:05:00-05:00,52.2,52.47,52.19,52.47,13892.0,52.338,85
2025-01-16 10:10:00-05:00,52.47,52.5,52.36,52.45,21347.0,52.429,126
2025-01-16 10:15:00-05:00,52.43,52.44,52.35,52.37,26111.0,52.397,164
2025-01-16 10:20:00-05:00,52.37,52.41,52.33,52.38,11542.0,52.375,68
2025-01-16 10:25:00-05:00,52.39,52.4,52.33,52.37,20520.0,52.37,102
2025-01-16 10:30:00-05:00,52.38,52.44,52.33,52.39,18713.0,52.372,89
2025-01-16 10:35:00-05:00,52.37,52.41,52.31,52.41,10720.0,52.367,64
2025-01-16 10:40:00-05:00,52.4,52.4,52.25,52.35,11266.0,52.315,61
2025-01-16 10:45:00-05:00,52.34,52.39,52.33,52.38,5836.0,52.353,44
2025-01-16 10:50:00-05:00,52.39,52.41,52.33,52.36,19287.0,52.367,108
2025-01-16 10:55:00-05:00,52.36,52.44,52.36,52.42,23698.0,52.403,117
2025-01-16 11:00:00-05:00,52.42,52.47,52.39,52.46,26992.0,52.425,110
2025-01-16 11:05:00-05:00,52.46,52.81,52.44,52.77,39146.0,52.593,186
2025-01-16 11:10:00-05:00,52.77,52.8,52.69,52.69,12039.0,52.754,72
2025-01-16 11:15:00-05:00,52.69,52.72,52.61,52.64,52341.0,52.652,129
2025-01-16 11:20:00-05:00,52.62,52.79,52.6,52.78,15921.0,52.689,102
2025-01-16 11:25:00-05:00,52.79,52.86,52.77,52.82,14392.0,52.821,76
2025-01-16 11:30:00-05:00,52.84,53.04,52.82,52.86,85115.0,52.913,478
2025-01-16 11:35:00-05:00,52.88,52.92,52.85,52.88,24953.0,52.884,110
2025-01-16 11:40:00-05:00,52.88,52.88,52.75,52.78,7938.0,52.791,59
2025-01-16 11:45:00-05:00,52.78,52.87,52.76,52.84,9425.0,52.803,70
2025-01-16 11:50:00-05:00,52.84,52.85,52.73,52.74,8874.0,52.775,75
2025-01-16 11:55:00-05:00,52.75,52.8,52.74,52.78,6257.0,52.772,47
2025-01-16 12:00:00-05:00,52.77,52.77,52.66,52.66,7308.0,52.71,54
2025-01-16 12:05:00-05:00,52.68,52.69,52.66,52.67,4481.0,52.673,39
2025-01-16 12:10:00-05:00,52.68,52.7,52.66,52.69,6540.0,52.679,50
2025-01-16 12:15:00-05:00,52.7,52.7,52.64,52.64,9610.0,52.675,80
2025-01-16 12:20:00-05:00,52.64,52.65,52.55,52.56,5566.0,52.601,46
2025-01-16 12:25:00-05:00,52.56,52.63,52.56,52.62,6236.0,52.583,54
2025-01-16 12:30:00-05:00,52.62,52.63,52.54,52.56,5926.0,52.583,47
2025-01-16 12:35:00-05:00,52.55,52.59,52.53,52.59,5512.0,52.56,45
2025-01-16 12:40:00-05:00,52.59,52.59,52.51,52.55,6866.0,52.543,52
2025-01-16 12:45:00-05:00,52.55,52.57,52.52,52.56,6933.0,52.549,58
2025-01-16 12:50:00-05:00,52.56,52.57,52.48,52.48,6676.0,52.529,58
2025-01-16 12:55:00-05:00,52.49,52.56,52.49,52.54,6262.0,52.535,55
2025-01-16 13:00:00-05:00,52.55,52.56,52.51,52.54,5700.0,52.539,45
2025-01-16 13:05:00-05:00,52.55,52.55,52.51,52.52,3935.0,52.529,32
2025-01-16 13:10:00-05:00,52.52,52.53,52.5,52.52,8943.0,52.517,72
2025-01-16 13:15:00-05:00,52.52,52.52,52.44,52.44,8881.0,52.498,66
2025-01-16 13:20:00-05:00,52.45,52.46,52.38,52.38,3730.0,52.418,31
2025-01-16 13:25:00-05:00,52.39,52.39,52.29,52.31,12805.0,52.355,67
2025-01-16 13:30:00-05:00,52.33,52.35,52.28,52.29,26348.0,52.316,101
2025-01-16 13:35:00-05:00,52.29,52.3,52.15,52.16,14882.0,52.236,106
2025-01-16 13:40:00-05:00,52.17,52.19,52.14,52.17,18975.0,52.17,130
2025-01-16 13:45:00-05:00,52.15,52.18,52.1,52.18,9481.0,52.13,74
2025-01-16 13:50:00-05:00,52.19,52.2,52.15,52.2,9193.0,52.17,78
2025-01-16 13:55:00-05:00,52.2,52.24,52.09,52.12,17181.0,52.158,110
2025-01-16 14:00:00-05:00,52.12,52.18,52.08,52.17,7768.0,52.128,66
2025-01-16 14:05:00-05:00,52.18,52.23,52.17,52.17,5938.0,52.203,41
2025-01-16 14:10:00-05:00,52.19,52.23,52.16,52.21,11737.0,52.188,62
2025-01-16 14:15:00-05:00,52.2,52.35,52.19,52.35,7663.0,52.286,61
2025-01-16 14:20:00-05:00,52.35,52.35,52.27,52.29,9089.0,52.314,61
2025-01-16 14:25:00-05:00,52.3,52.35,52.29,52.34,5498.0,52.322,43
2025-01-16 14:30:00-05:00,52.34,52.36,52.33,52.36,7723.0,52.346,60
2025-01-16 14:35:00-05:00,52.36,52.39,52.31,52.31,7138.0,52.358,55
2025-01-16 14:40:00-05:00,52.32,52.32,52.25,52.26,6605.0,52.282,55
2025-01-16 14:45:00-05:00,52.26,52.31,52.25,52.26,7749.0,52.277,66
2025-01-16 14:50:00-05:00,52.26,52.27,52.22,52.26,7669.0,52.251,62
2025-01-16 14:55:00-05:00,52.26,52.3,52.26,52.28,10821.0,52.28,94
2025-01-16 15:00:00-05:00,52.28,52.3,52.28,52.3,11509.0,52.287,82
2025-01-16 15:05:00-05:00,52.29,52.37,52.28,52.29,20345.0,52.327,134
2025-01-16 15:10:00-05:00,52.3,52.31,52.17,52.17,6006.0,52.221,52
2025-01-16 15:15:00-05:00,52.16,52.23,52.16,52.21,11060.0,52.203,87
2025-01-16 15:20:00-05:00,52.21,52.26,52.17,52.22,18430.0,52.207,135
2025-01-16 15:25:00-05:00,52.23,52.24,52.18,52.2,25966.0,52.202,196
2025-01-16 15:30:00-05:00,52.21,52.27,52.21,52.26,11372.0,52.237,88
2025-01-16 15:35:00-05:00,52.26,52.3,52.24,52.27,17032.0,52.272,132
2025-01-16 15:40:00-05:00,52.28,52.36,52.27,52.3,25937.0,52.328,153
2025-01-16 15:45:00-05:00,52.29,52.3,52.23,52.27,31354.0,52.257,234
2025-01-16 15:50:00-05:00,52.27,52.32,52.21,52.24,84522.0,52.273,426
2025-01-16 15:55:00-05:00,52.24,52.3,52.16,52.22,277935.0,52.223,1300
2025-01-17 09:30:00-05:00,51.92,52.34,51.88,52.2,447854.0,52.278,281
2025-01-17 09:35:00-05:00,52.18,52.3,52.15,52.26,17276.0,52.229,134
2025-01-17 09:40:00-05:00,52.28,52.54,52.28,52.53,21444.0,52.431,111
2025-01-17 09:45:00-05:00,52.52,52.6,52.44,52.46,24625.0,52.504,161
2025-01-17 09:50:00-05:00,52.43,52.49,52.35,52.4,19415.0,52.423,132
2025-01-17 09:55:00-05:00,52.35,52.42,52.3,52.36,26941.0,52.371,167
2025-01-17 10:00:00-05:00,52.37,52.57,52.36,52.47,115645.0,52.496,458
2025-01-17 10:05:00-05:00,52.49,52.57,52.44,52.51,38070.0,52.487,189
2025-01-17 10:10:00-05:00,52.51,52.71,52.5,52.71,28513.0,52.595,178
2025-01-17 10:15:00-05:00,52.7,52.97,52.69,52.89,32105.0,52.846,177
2025-01-17 10:20:00-05:00,52.86,52.96,52.84,52.84,15285.0,52.884,93
2025-01-17 10:25:00-05:00,52.87,52.87,52.77,52.82,18071.0,52.817,126
2025-01-17 10:30:00-05:00,52.84,52.86,52.78,52.79,12513.0,52.818,95
2025-01-17 10:35:00-05:00,52.8,52.86,52.76,52.79,25508.0,52.814,200
2025-01-17 10:40:00-05:00,52.77,52.79,52.65,52.69,24838.0,52.715,178
2025-01-17 10:45:00-05:00,52.69,52.78,52.69,52.75,17304.0,52.739,110
2025-01-17 10:50:00-05:00,52.76,52.9,52.75,52.88,18158.0,52.827,105
2025-01-17 10:55:00-05:00,52.88,52.97,52.87,52.97,17786.0,52.919,130
2025-01-17 11:00:00-05:00,52.95,53.01,52.9,52.99,26810.0,52.975,151
2025-01-17 11:05:00-05:00,52.97,52.99,52.91,52.94,9458.0,52.948,63
2025-01-17 11:10:00-05:00,52.94,52.94,52.85,52.91,10081.0,52.897,64
2025-01-17 11:15:00-05:00,52.9,52.98,52.89,52.96,8010.0,52.936,50
2025-01-17 11:20:00-05:00,52.96,52.96,52.91,52.93,12041.0,52.939,67
2025-01-17 11:25:00-05:00,52.93,52.93,52.79,52.88,21059.0,52.88,142
2025-01-17 11:30:00-05:00,52.88,52.92,52.86,52.92,47821.0,52.901,338
2025-01-17 11:35:00-05:00,52.91,52.96,52.87,52.91,26468.0,52.927,194
2025-01-17 11:40:00-05:00,52.91,53.04,52.9,53.04,31482.0,52.919,202
2025-01-17 11:45:00-05:00,53.03,53.07,52.98,53.07,6430.0,53.029,50
2025-01-17 11:50:00-05:00,53.07,53.15,53.04,53.11,6594.0,53.092,53
2025-01-17 11:55:00-05:00,53.11,53.13,53.09,53.1,3681.0,53.112,29
2025-01-17 12:00:00-05:00,53.12,53.12,53.03,53.03,10330.0,53.085,59
2025-01-17 12:05:00-05:00,53.05,53.05,53.0,53.01,6168.0,53.027,53
2025-01-17 12:10:00-05:00,53.02,53.14,53.02,53.13,9856.0,53.075,60
2025-01-17 12:15:00-05:00,53.13,53.17,53.11,53.16,4912.0,53.15,39
2025-01-17 12:20:00-05:00,53.16,53.24,53.16,53.24,5212.0,53.207,40
2025-01-17 12:25:00-05:00,53.23,53.24,53.14,53.2,10526.0,53.198,60
2025-01-17 12:30:00-05:00,53.18,53.18,53.11,53.11,4629.0,53.15,35
2025-01-17 12:35:00-05:00,53.12,53.13,53.09,53.12,3701.0,53.111,30
2025-01-17 12:40:00-05:00,53.1,53.12,53.05,53.08,4394.0,53.087,39
2025-01-17 12:45:00-05:00,53.1,53.11,53.08,53.1,2265.0,53.095,21
2025-01-17 12:50:00-05:00,53.11,53.11,53.07,53.07,2667.0,53.091,24
2025-01-17 12:55:00-05:00,53.06,53.09,52.98,53.09,9845.0,53.039,76
2025-01-17 13:00:00-05:00,53.09,53.09,53.05,53.07,1533.0,53.07,12
2025-01-17 13:05:00-05:00,53.07,53.08,53.06,53.08,1798.0,53.075,14
2025-01-17 13:10:00-05:00,53.09,53.1,53.05,53.05,8418.0,53.078,40
2025-01-17 13:15:00-05:00,53.05,53.05,52.99,52.99,1767.0,53.013,15
2025-01-17 13:20:00-05:00,53.0,53.01,52.98,53.01,3617.0,52.997,18
2025-01-17 13:25:00-05:00,53.0,53.0,52.97,52.98,3976.0,52.986,32
2025-01-17 13:30:00-05:00,52.98,52.98,52.91,52.91,3391.0,52.945,24
2025-01-17 13:35:00-05:00,52.92,52.97,52.92,52.96,4525.0,52.937,30
2025-01-17 13:40:00-05:00,52.95,53.0,52.95,53.0,4337.0,52.984,40
2025-01-17 13:45:00-05:00,53.02,53.04,53.01,53.03,4374.0,53.022,24
2025-01-17 13:50:00-05:00,53.05,53.05,53.02,53.03,4292.0,53.03,36
2025-01-17 13:55:00-05:00,53.03,53.12,52.99,53.11,8208.0,53.063,69
2025-01-17 14:00:00-05:00,53.09,53.12,53.06,53.1,3649.0,53.097,33
2025-01-17 14:05:00-05:00,53.1,53.13,53.08,53.13,4955.0,53.1,39
2025-01-17 14:10:00-05:00,53.14,53.14,53.12,53.13,2338.0,53.133,16
2025-01-17 14:15:00-05:00,53.14,53.2,53.14,53.18,5638.0,53.169,46
2025-01-17 14:20:00-05:00,53.18,53.21,53.14,53.21,9754.0,53.17,75
2025-01-17 14:25:00-05:00,53.2,53.22,53.2,53.22,4646.0,53.212,28
2025-01-17 14:30:00-05:00,53.22,53.22,53.17,53.19,8500.0,53.2,68
2025-01-17 14:35:00-05:00,53.19,53.2,53.11,53.11,8710.0,53.17,67
2025-01-17 14:40:00-05:00,53.12,53.19,53.11,53.19,6629.0,53.145,45
2025-01-17 14:45:00-05:00,53.19,53.21,53.13,53.13,6141.0,53.179,42
2025-01-17 14:50:00-05:00,53.14,53.16,53.14,53.16,2728.0,53.154,23
2025-01-17 14:55:00-05:00,53.16,53.19,53.15,53.19,8817.0,53.175,66
2025-01-17 15:00:00-05:00,53.18,53.18,53.06,53.1,8344.0,53.111,75
2025-01-17 15:05:00-05:00,53.1,53.14,53.09,53.14,5907.0,53.102,47
2025-01-17 15:10:00-05:00,53.15,53.15,53.11,53.12,8741.0,53.126,62
2025-01-17 15:15:00-05:00,53.13,53.13,53.03,53.07,22931.0,53.078,128
2025-01-17 15:20:00-05:00,53.07,53.11,53.06,53.08,8891.0,53.084,62
2025-01-17 15:25:00-05:00,53.1,53.1,53.05,53.08,16431.0,53.077,97
2025-01-17 15:30:00-05:00,53.08,53.14,53.04,53.12,17625.0,53.1,128
2025-01-17 15:35:00-05:00,53.13,53.13,53.06,53.07,12087.0,53.083,98
2025-01-17 15:40:00-05:00,53.06,53.11,53.05,53.09,14575.0,53.07,109
2025-01-17 15:45:00-05:00,53.1,53.11,53.04,53.05,29229.0,53.072,210
2025-01-17 15:50:00-05:00,53.05,53.06,52.96,53.01,34208.0,53.023,243
2025-01-17 15:55:00-05:00,53.01,53.09,52.93,52.95,189549.0,52.989,988
2025-01-21 09:30:00-05:00,53.8,53.97,53.74,53.81,89314.0,53.869,143
2025-01-21 09:35:00-05:00,53.8,53.95,53.79,53.85,35103.0,53.856,240
2025-01-21 09:40:00-05:00,53.85,53.9,53.69,53.81,40944.0,53.792,227
2025-01-21 09:45:00-05:00,53.81,53.97,53.77,53.81,18162.0,53.897,128
2025-01-21 09:50:00-05:00,53.83,53.92,53.76,53.81,24384.0,53.838,176
2025-01-21 09:55:00-05:00,53.82,53.98,53.82,53.96,22265.0,53.911,133
2025-01-21 10:00:00-05:00,53.96,53.99,53.84,53.96,58318.0,53.917,248
2025-01-21 10:05:00-05:00,53.95,54.24,53.93,54.13,50125.0,54.109,303
2025-01-21 10:10:00-05:00,54.15,54.47,54.14,54.45,33363.0,54.356,226
2025-01-21 10:15:00-05:00,54.46,54.67,54.33,54.35,49705.0,54.513,289
2025-01-21 10:20:00-05:00,54.39,54.42,54.26,54.29,26380.0,54.324,150
2025-01-21 10:25:00-05:00,54.29,54.43,54.29,54.39,26773.0,54.381,194
2025-01-21 10:30:00-05:00,54.41,54.72,54.41,54.72,36148.0,54.574,230
2025-01-21 10:35:00-05:00,54.71,54.73,54.55,54.57,44124.0,54.641,269
2025-01-21 10:40:00-05:00,54.6,54.75,54.58,54.73,24227.0,54.686,167
2025-01-21 10:45:00-05:00,54.71,54.77,54.65,54.71,31636.0,54.711,198
2025-01-21 10:50:00-05:00,54.73,54.82,54.7,54.82,33850.0,54.769,174
2025-01-21 10:55:00-05:00,54.82,54.96,54.79,54.94,32429.0,54.871,160
2025-01-21 11:00:00-05:00,54.92,55.07,54.91,55.05,81356.0,54.996,193
2025-01-21 11:05:00-05:00,55.07,55.08,54.97,55.08,85630.0,55.027,241
2025-01-21 11:10:00-05:00,55.09,55.14,55.05,55.12,24907.0,55.096,148
2025-01-21 11:15:00-05:00,55.13,55.26,55.09,55.21,32149.0,55.175,186
2025-01-21 11:20:00-05:00,55.21,55.3,55.17,55.27,24529.0,55.226,139
2025-01-21 11:25:00-05:00,55.27,55.33,55.26,55.31,15723.0,55.301,110
2025-01-21 11:30:00-05:00,55.33,55.39,55.27,55.36,33917.0,55.329,253
2025-01-21 11:35:00-05:00,55.38,55.41,55.32,55.34,23438.0,55.38,126
2025-01-21 11:40:00-05:00,55.36,55.38,55.25,55.34,13727.0,55.311,90
2025-01-21 11:45:00-05:00,55.34,55.36,55.2,55.23,24061.0,55.275,139
2025-01-21 11:50:00-05:00,55.22,55.24,55.16,55.16,8841.0,55.194,53
2025-01-21 11:55:00-05:00,55.16,55.16,54.93,54.93,28565.0,55.032,196
2025-01-21 12:00:00-05:00,54.95,55.02,54.9,54.91,10869.0,54.969,93
2025-01-21 12:05:00-05:00,54.91,54.97,54.91,54.94,4936.0,54.932,38
2025-01-21 12:10:00-05:00,54.92,54.95,54.88,54.94,10287.0,54.912,64
2025-01-21 12:15:00-05:00,54.96,54.96,54.88,54.95,18085.0,54.924,81
2025-01-21 12:20:00-05:00,54.94,54.97,54.89,54.95,9876.0,54.93,74
2025-01-21 12:25:00-05:00,54.96,55.03,54.96,54.99,16295.0,54.994,82
2025-01-21 12:30:00-05:00,54.99,55.03,54.97,54.98,5188.0,54.998,38
2025-01-21 12:35:00-05:00,54.96,54.98,54.91,54.95,7425.0,54.946,50
2025-01-21 12:40:00-05:00,54.92,54.97,54.9,54.91,5622.0,54.925,39
2025-01-21 12:45:00-05:00,54.91,54.91,54.82,54.82,20589.0,54.87,146
2025-01-21 12:50:00-05:00,54.82,54.91,54.81,54.91,14591.0,54.861,102
2025-01-21 12:55:00-05:00,54.91,54.99,54.91,54.94,4823.0,54.93,36
2025-01-21 13:00:00-05:00,54.95,54.95,54.85,54.87,11930.0,54.904,63
2025-01-21 13:05:00-05:00,54.85,54.91,54.81,54.91,7419.0,54.853,54
2025-01-21 13:10:00-05:00,54.87,54.93,54.86,54.89,13125.0,54.89,68
2025-01-21 13:15:00-05:00,54.89,54.94,54.88,54.93,6469.0,54.903,36
2025-01-21 13:20:00-05:00,54.92,55.0,54.92,54.97,12027.0,54.977,51
2025-01-21 13:25:00-05:00,54.94,54.96,54.9,54.95,8456.0,54.927,50
2025-01-21 13:30:00-05:00,54.95,54.98,54.92,54.93,7205.0,54.941,54
2025-01-21 13:35:00-05:00,54.94,54.94,54.89,54.91,9033.0,54.915,64
2025-01-21 13:40:00-05:00,54.93,54.96,54.84,54.85,35999.0,54.9,87
2025-01-21 13:45:00-05:00,54.87,54.87,54.77,54.81,12479.0,54.807,79
2025-01-21 13:50:00-05:00,54.82,54.84,54.79,54.8,6945.0,54.818,36
2025-01-21 13:55:00-05:00,54.8,54.82,54.79,54.8,5443.0,54.805,39
2025-01-21 14:00:00-05:00,54.79,54.81,54.71,54.77,13030.0,54.746,87
2025-01-21 14:05:00-05:00,54.78,54.8,54.77,54.78,2786.0,54.787,18
2025-01-21 14:10:00-05:00,54.78,54.8,54.76,54.76,4538.0,54.78,25
2025-01-21 14:15:00-05:00,54.78,54.78,54.71,54.75,32751.0,54.756,109
2025-01-21 14:20:00-05:00,54.74,54.75,54.7,54.74,9499.0,54.725,68
2025-01-21 14:25:00-05:00,54.75,54.77,54.7,54.7,9307.0,54.737,70
2025-01-21 14:30:00-05:00,54.68,54.69,54.61,54.64,11570.0,54.641,74
2025-01-21 14:35:00-05:00,54.64,54.65,54.62,54.64,4455.0,54.633,38
2025-01-21 14:40:00-05:00,54.63,54.63,54.57,54.61,12446.0,54.588,74
2025-01-21 14:45:00-05:00,54.62,54.63,54.57,54.63,9690.0,54.598,69
2025-01-21 14:50:00-05:00,54.61,54.64,54.61,54.63,4478.0,54.621,41
2025-01-21 14:55:00-05:00,54.62,54.63,54.6,54.61,6840.0,54.618,53
2025-01-21 15:00:00-05:00,54.6,54.61,54.57,54.58,8653.0,54.584,72
2025-01-21 15:05:00-05:00,54.59,54.6,54.56,54.56,7229.0,54.581,58
2025-01-21 15:10:00-05:00,54.56,54.63,54.56,54.63,12518.0,54.577,101
2025-01-21 15:15:00-05:00,54.63,54.64,54.6,54.61,12104.0,54.611,85
2025-01-21 15:20:00-05:00,54.61,54.65,54.6,54.62,10425.0,54.627,85
2025-01-21 15:25:00-05:00,54.62,54.68,54.61,54.68,10447.0,54.637,86
2025-01-21 15:30:00-05:00,54.67,54.72,54.64,54.69,23205.0,54.678,178
2025-01-21 15:35:00-05:00,54.69,54.74,54.67,54.74,18857.0,54.699,156
2025-01-21 15:40:00-05:00,54.74,54.8,54.73,54.8,17781.0,54.769,129
2025-01-21 15:45:00-05:00,54.79,54.82,54.66,54.68,38307.0,54.745,261
2025-01-21 15:50:00-05:00,54.71,54.84,54.69,54.77,47167.0,54.784,308
2025-01-21 15:55:00-05:00,54.76,55.0,54.73,54.99,273970.0,54.932,1641
2025-01-22 09:30:00-05:00,54.82,54.84,54.32,54.48,93549.0,54.715,235
2025-01-22 09:35:00-05:00,54.48,54.65,54.48,54.63,6780.0,54.583,59
2025-01-22 09:40:00-05:00,54.66,54.76,54.63,54.74,6661.0,54.701,54
2025-01-22 09:45:00-05:00,54.75,54.77,54.63,54.77,7655.0,54.714,59
2025-01-22 09:50:00-05:00,54.74,54.79,54.68,54.79,7065.0,54.725,60
2025-01-22 09:55:00-05:00,54.8,54.8,54.69,54.74,21278.0,54.735,142
2025-01-22 10:00:00-05:00,54.74,54.76,54.65,54.67,24229.0,54.71,110
2025-01-22 10:05:00-05:00,54.68,54.68,54.61,54.66,4982.0,54.651,44
2025-01-22 10:10:00-05:00,54.7,54.7,54.61,54.67,10487.0,54.66,80
2025-01-22 10:15:00-05:00,54.66,54.7,54.65,54.66,7600.0,54.676,67
2025-01-22 10:20:00-05:00,54.66,54.68,54.61,54.66,12073.0,54.635,90
2025-01-22 10:25:00-05:00,54.66,54.72,54.63,54.65,5181.0,54.671,48
2025-01-22 10:30:00-05:00,54.64,54.64,54.51,54.56,11463.0,54.558,79
2025-01-22 10:35:00-05:00,54.53,54.59,54.53,54.55,15785.0,54.558,72
2025-01-22 10:40:00-05:00,54.55,54.56,54.42,54.45,9795.0,54.474,64
2025-01-22 10:45:00-05:00,54.43,54.45,54.36,54.44,10316.0,54.414,85
2025-01-22 10:50:00-05:00,54.45,54.5,54.4,54.5,17629.0,54.444,128
2025-01-22 10:55:00-05:00,54.5,54.57,54.48,54.55,21395.0,54.541,151
2025-01-22 11:00:00-05:00,54.55,54.68,54.52,54.63,11378.0,54.619,90
2025-01-22 11:05:00-05:00,54.64,54.71,54.58,54.7,23316.0,54.648,131
2025-01-22 11:10:00-05:00,54.71,54.8,54.71,54.78,13348.0,54.758,99
2025-01-22 11:15:00-05:00,54.78,54.82,54.77,54.82,9386.0,54.795,66
2025-01-22 11:20:00-05:00,54.82,54.82,54.75,54.78,8333.0,54.781,66
2025-01-22 11:25:00-05:00,54.76,54.83,54.76,54.82,16275.0,54.791,87
2025-01-22 11:30:00-05:00,54.8,54.89,54.8,54.82,17655.0,54.858,144
2025-01-22 11:35:00-05:00,54.81,54.92,54.8,54.91,7425.0,54.868,58
2025-01-22 11:40:00-05:00,54.91,54.92,54.86,54.89,5582.0,54.892,48
2025-01-22 11:45:00-05:00,54.89,54.91,54.85,54.85,8487.0,54.89,60
2025-01-22 11:50:00-05:00,54.86,54.99,54.86,54.98,17013.0,54.939,83
2025-01-22 11:55:00-05:00,54.98,55.05,54.95,54.95,12216.0,55.01,98
2025-01-22 12:00:00-05:00,54.95,54.98,54.95,54.96,3565.0,54.961,32
2025-01-22 12:05:00-05:00,55.0,55.02,54.98,55.02,2622.0,55.002,24
2025-01-22 12:10:00-05:00,55.02,55.02,54.97,55.0,8815.0,54.995,59
2025-01-22 12:15:00-05:00,55.01,55.02,54.95,55.0,10048.0,54.987,79
2025-01-22 12:20:00-05:00,55.0,55.05,54.94,54.97,8511.0,54.984,60
2025-01-22 12:25:00-05:00,54.95,54.98,54.95,54.98,3393.0,54.968,25
2025-01-22 12:30:00-05:00,54.97,55.01,54.97,55.0,6542.0,54.988,46
2025-01-22 12:35:00-05:00,54.99,55.03,54.98,55.02,3643.0,55.002,20
2025-01-22 12:40:00-05:00,55.01,55.01,54.98,54.98,4185.0,54.993,32
2025-01-22 12:45:00-05:00,54.99,55.02,54.96,54.97,10530.0,54.994,48
2025-01-22 12:50:00-05:00,54.97,54.98,54.94,54.95,4684.0,54.957,37
2025-01-22 12:55:00-05:00,54.96,55.01,54.96,54.99,4475.0,54.99,36
2025-01-22 13:00:00-05:00,54.99,55.01,54.99,54.99,6128.0,54.996,48
2025-01-22 13:05:00-05:00,54.99,55.05,54.99,55.05,5174.0,55.016,40
2025-01-22 13:10:00-05:00,55.04,55.09,55.0,55.09,11734.0,55.044,83
2025-01-22 13:15:00-05:00,55.08,55.12,55.08,55.11,8370.0,55.098,66
2025-01-22 13:20:00-05:00,55.11,55.18,55.1,55.16,10920.0,55.147,72
2025-01-22 13:25:00-05:00,55.17,55.18,55.14,55.16,5306.0,55.156,47
2025-01-22 13:30:00-05:00,55.17,55.18,55.13,55.13,7701.0,55.16,61
2025-01-22 13:35:00-05:00,55.14,55.18,55.14,55.16,7864.0,55.16,58
2025-01-22 13:40:00-05:00,55.17,55.19,55.16,55.18,3159.0,55.179,30
2025-01-22 13:45:00-05:00,55.18,55.18,55.16,55.16,3948.0,55.17,36
2025-01-22 13:50:00-05:00,55.17,55.18,55.14,55.18,7152.0,55.167,55
2025-01-22 13:55:00-05:00,55.19,55.19,55.14,55.16,4331.0,55.162,40
2025-01-22 14:00:00-05:00,55.15,55.15,55.11,55.15,8842.0,55.128,63
2025-01-22 14:05:00-05:00,55.16,55.19,55.07,55.08,5635.0,55.128,45
2025-01-22 14:10:00-05:00,55.09,55.16,55.09,55.15,4236.0,55.112,37
2025-01-22 14:15:00-05:00,55.13,55.14,55.09,55.09,12262.0,55.116,104
2025-01-22 14:20:00-05:00,55.1,55.11,55.05,55.05,8436.0,55.09,73
2025-01-22 14:25:00-05:00,55.05,55.07,55.03,55.04,2707.0,55.056,25
2025-01-22 14:30:00-05:00,55.04,55.09,55.04,55.08,4076.0,55.069,29
2025-01-22 14:35:00-05:00,55.08,55.11,55.06,55.11,4581.0,55.075,27
2025-01-22 14:40:00-05:00,55.11,55.16,55.09,55.14,21327.0,55.119,77
2025-01-22 14:45:00-05:00,55.15,55.16,55.11,55.16,5954.0,55.134,38
2025-01-22 14:50:00-05:00,55.16,55.19,55.16,55.18,7388.0,55.175,59
2025-01-22 14:55:00-05:00,55.19,55.23,55.19,55.21,7080.0,55.205,50
2025-01-22 15:00:00-05:00,55.21,55.23,55.16,55.23,6762.0,55.195,59
2025-01-22 15:05:00-05:00,55.22,55.29,55.21,55.26,10308.0,55.239,92
2025-01-22 15:10:00-05:00,55.27,55.33,55.27,55.33,9358.0,55.306,72
2025-01-22 15:15:00-05:00,55.33,55.37,55.32,55.34,16766.0,55.345,113
2025-01-22 15:20:00-05:00,55.35,55.35,55.26,55.27,14165.0,55.308,88
2025-01-22 15:25:00-05:00,55.29,55.29,55.25,55.27,9362.0,55.271,75
2025-01-22 15:30:00-05:00,55.26,55.32,55.25,55.29,15704.0,55.283,102
2025-01-22 15:35:00-05:00,55.3,55.3,55.25,55.28,17133.0,55.284,98
2025-01-22 15:40:00-05:00,55.28,55.3,55.25,55.28,19444.0,55.277,137
2025-01-22 15:45:00-05:00,55.27,55.29,55.21,55.22,24113.0,55.252,180
2025-01-22 15:50:00-05:00,55.19,55.28,55.18,55.21,55613.0,55.234,407
2025-01-22 15:55:00-05:00,55.21,55.39,55.21,55.35,262762.0,55.314,1416
2025-01-23 09:30:00-05:00,55.54,55.83,55.43,55.77,70707.0,55.611,148
2025-01-23 09:35:00-05:00,55.73,55.78,55.61,55.62,12290.0,55.686,78
2025-01-23 09:40:00-05:00,55.65,55.67,55.5,55.54,4259.0,55.57,38
2025-01-23 09:45:00-05:00,55.55,55.58,55.45,55.5,5038.0,55.498,41
2025-01-23 09:50:00-05:00,55.49,55.5,55.35,55.39,10409.0,55.428,49
2025-01-23 09:55:00-05:00,55.37,55.38,55.28,55.32,37959.0,55.306,155
2025-01-23 10:00:00-05:00,55.32,55.32,55.07,55.08,10563.0,55.145,72
2025-01-23 10:05:00-05:00,55.07,55.09,54.99,55.07,6781.0,55.039,58
2025-01-23 10:10:00-05:00,55.1,55.2,55.06,55.16,10301.0,55.128,64
2025-01-23 10:15:00-05:00,55.17,55.32,55.1,55.32,12575.0,55.173,48
2025-01-23 10:20:00-05:00,55.3,55.3,55.06,55.12,16290.0,55.127,80
2025-01-23 10:25:00-05:00,55.14,55.18,55.09,55.18,7161.0,55.134,52
2025-01-23 10:30:00-05:00,55.18,55.19,55.12,55.16,7053.0,55.159,46
2025-01-23 10:35:00-05:00,55.13,55.14,54.95,54.97,11558.0,55.062,75
2025-01-23 10:40:00-05:00,54.95,54.95,54.86,54.95,21234.0,54.918,90
2025-01-23 10:45:00-05:00,54.95,55.03,54.95,54.96,5708.0,54.992,37
2025-01-23 10:50:00-05:00,54.94,55.08,54.94,55.05,9871.0,55.023,65
2025-01-23 10:55:00-05:00,55.06,55.09,54.96,54.99,9834.0,55.03,73
2025-01-23 11:00:00-05:00,54.96,55.1,54.96,55.03,58065.0,55.05,107
2025-01-23 11:05:00-05:00,55.01,55.02,54.92,54.96,10448.0,54.972,63
2025-01-23 11:10:00-05:00,54.96,54.97,54.87,54.97,27006.0,54.917,112
2025-01-23 11:15:00-05:00,54.98,55.12,54.98,55.12,10688.0,55.049,64
2025-01-23 11:20:00-05:00,55.13,55.17,55.11,55.14,10491.0,55.14,80
2025-01-23 11:25:00-05:00,55.14,55.14,54.95,54.98,15572.0,55.022,98
2025-01-23 11:30:00-05:00,54.98,55.06,54.87,55.06,42643.0,54.944,314
2025-01-23 11:35:00-05:00,55.03,55.09,55.01,55.02,8494.0,55.041,70
2025-01-23 11:40:00-05:00,55.03,55.03,54.92,54.92,5536.0,54.972,36
2025-01-23 11:45:00-05:00,54.93,55.0,54.93,54.98,9782.0,54.968,83
2025-01-23 11:50:00-05:00,54.98,54.99,54.88,54.89,10403.0,54.926,72
2025-01-23 11:55:00-05:00,54.89,54.93,54.89,54.93,1983.0,54.912,17
2025-01-23 12:00:00-05:00,54.93,55.0,54.91,55.0,7630.0,54.952,49
2025-01-23 12:05:00-05:00,55.0,55.06,55.0,55.0,5246.0,55.026,37
2025-01-23 12:10:00-05:00,55.0,55.03,55.0,55.03,4204.0,55.005,25
2025-01-23 12:15:00-05:00,55.04,55.04,54.88,54.88,7278.0,54.97,55
2025-01-23 12:20:00-05:00,54.9,54.97,54.9,54.97,4797.0,54.921,36
2025-01-23 12:25:00-05:00,54.96,54.98,54.9,54.9,5824.0,54.952,45
2025-01-23 12:30:00-05:00,54.92,54.94,54.91,54.94,4469.0,54.925,30
2025-01-23 12:35:00-05:00,54.93,54.95,54.92,54.93,7493.0,54.94,38
2025-01-23 12:40:00-05:00,54.92,54.98,54.92,54.97,2903.0,54.952,22
2025-01-23 12:45:00-05:00,54.99,55.0,54.92,54.93,12540.0,54.958,86
2025-01-23 12:50:00-05:00,54.93,54.94,54.92,54.92,3962.0,54.926,29
2025-01-23 12:55:00-05:00,54.92,54.94,54.87,54.89,11213.0,54.904,64
2025-01-23 13:00:00-05:00,54.9,54.93,54.85,54.91,33353.0,54.866,77
2025-01-23 13:05:00-05:00,54.9,54.94,54.88,54.92,4004.0,54.917,26
2025-01-23 13:10:00-05:00,54.91,54.94,54.91,54.94,3107.0,54.922,26
2025-01-23 13:15:00-05:00,54.93,54.96,54.92,54.94,5004.0,54.937,43
2025-01-23 13:20:00-05:00,54.92,55.0,54.92,54.99,5729.0,54.959,40
2025-01-23 13:25:00-05:00,54.99,54.99,54.93,54.96,6042.0,54.96,46
2025-01-23 13:30:00-05:00,54.96,54.98,54.94,54.96,4552.0,54.96,31
2025-01-23 13:35:00-05:00,54.96,54.98,54.95,54.97,4207.0,54.968,32
2025-01-23 13:40:00-05:00,54.97,55.05,54.96,55.05,7067.0,54.997,48
2025-01-23 13:45:00-05:00,55.03,55.04,55.01,55.01,4956.0,55.021,40
2025-01-23 13:50:00-05:00,55.01,55.06,55.0,55.06,4244.0,55.022,36
2025-01-23 13:55:00-05:00,55.06,55.08,55.0,55.0,7358.0,55.039,55
2025-01-23 14:00:00-05:00,54.99,54.99,54.92,54.95,4427.0,54.947,33
2025-01-23 14:05:00-05:00,54.94,55.0,54.91,54.98,4203.0,54.962,31
2025-01-23 14:10:00-05:00,55.0,55.06,54.98,55.04,5688.0,55.024,40
2025-01-23 14:15:00-05:00,55.05,55.06,55.03,55.05,3294.0,55.049,28
2025-01-23 14:20:00-05:00,55.04,55.05,55.01,55.02,5145.0,55.027,40
2025-01-23 14:25:00-05:00,55.03,55.04,54.97,54.98,5351.0,55.005,42
2025-01-23 14:30:00-05:00,54.98,55.05,54.97,55.01,9177.0,55.025,49
2025-01-23 14:35:00-05:00,55.0,55.07,54.99,55.03,4991.0,55.026,34
2025-01-23 14:40:00-05:00,55.03,55.08,55.02,55.06,4669.0,55.048,39
2025-01-23 14:45:00-05:00,55.06,55.06,55.04,55.06,1887.0,55.059,17
2025-01-23 14:50:00-05:00,55.06,55.09,55.04,55.08,7498.0,55.062,59
2025-01-23 14:55:00-05:00,55.08,55.1,55.02,55.02,6453.0,55.067,51
2025-01-23 15:00:00-05:00,55.03,55.03,54.97,54.98,7262.0,55.01,55
2025-01-23 15:05:00-05:00,54.98,55.0,54.97,54.97,8038.0,54.99,60
2025-01-23 15:10:00-05:00,54.95,55.0,54.93,55.0,10038.0,54.964,73
2025-01-23 15:15:00-05:00,55.0,55.09,55.0,55.01,11837.0,55.038,87
2025-01-23 15:20:00-05:00,55.01,55.09,55.0,55.04,11828.0,55.057,88
2025-01-23 15:25:00-05:00,55.04,55.09,55.03,55.08,14003.0,55.066,99
2025-01-23 15:30:00-05:00,55.06,55.09,55.03,55.05,16181.0,55.057,123
2025-01-23 15:35:00-05:00,55.04,55.05,54.9,54.91,20282.0,54.975,136
2025-01-23 15:40:00-05:00,54.91,54.97,54.9,54.96,18078.0,54.934,132
2025-01-23 15:45:00-05:00,54.96,55.06,54.95,55.06,22880.0,55.024,167
2025-01-23 15:50:00-05:00,55.08,55.19,55.07,55.15,45592.0,55.15,338
2025-01-23 15:55:00-05:00,55.14,55.3,55.08,55.29,169155.0,55.222,987
2025-01-24 09:30:00-05:00,55.61,55.8,55.55,55.69,77289.0,55.659,285
2025-01-24 09:35:00-05:00,55.69,55.69,55.47,55.57,34841.0,55.597,206
2025-01-24 09:40:00-05:00,55.57,55.58,55.31,55.34,19713.0,55.474,126
2025-01-24 09:45:00-05:00,55.38,55.42,55.23,55.26,20909.0,55.32,131
2025-01-24 09:50:00-05:00,55.22,55.36,55.2,55.34,17503.0,55.314,121
2025-01-24 09:55:00-05:00,55.34,55.38,55.21,55.37,32302.0,55.311,216
2025-01-24 10:00:00-05:00,55.34,55.42,55.27,55.39,11890.0,55.337,78
2025-01-24 10:05:00-05:00,55.41,55.47,55.41,55.41,6027.0,55.442,50
2025-01-24 10:10:00-05:00,55.41,55.6,55.41,55.59,4960.0,55.49,37
2025-01-24 10:15:00-05:00,55.58,55.74,55.58,55.69,14180.0,55.671,95
2025-01-24 10:20:00-05:00,55.68,55.73,55.67,55.69,6100.0,55.702,50
2025-01-24 10:25:00-05:00,55.67,55.72,55.67,55.72,2571.0,55.686,20
2025-01-24 10:30:00-05:00,55.73,55.73,55.46,55.46,15668.0,55.555,120
2025-01-24 10:35:00-05:00,55.46,55.49,55.41,55.44,7367.0,55.46,52
2025-01-24 10:40:00-05:00,55.44,55.48,55.42,55.46,5502.0,55.455,43
2025-01-24 10:45:00-05:00,55.45,55.5,55.44,55.48,5675.0,55.475,46
2025-01-24 10:50:00-05:00,55.5,55.56,55.47,55.53,9380.0,55.517,69
2025-01-24 10:55:00-05:00,55.51,55.57,55.51,55.57,4029.0,55.527,31
2025-01-24 11:00:00-05:00,55.55,55.66,55.54,55.66,10159.0,55.594,75
2025-01-24 11:05:00-05:00,55.65,55.65,55.6,55.62,5793.0,55.62,46
2025-01-24 11:10:00-05:00,55.64,55.66,55.61,55.65,6687.0,55.642,52
2025-01-24 11:15:00-05:00,55.66,55.68,55.63,55.64,4809.0,55.649,35
2025-01-24 11:20:00-05:00,55.66,55.74,55.66,55.74,5514.0,55.701,46
2025-01-24 11:25:00-05:00,55.74,55.78,55.73,55.78,15288.0,55.767,45
2025-01-24 11:30:00-05:00,55.78,55.83,55.7,55.79,9907.0,55.787,80
2025-01-24 11:35:00-05:00,55.78,55.79,55.69,55.76,18731.0,55.731,132
2025-01-24 11:40:00-05:00,55.77,55.77,55.69,55.7,10499.0,55.726,73
2025-01-24 11:45:00-05:00,55.68,55.73,55.68,55.7,4323.0,55.712,34
2025-01-24 11:50:00-05:00,55.71,55.71,55.64,55.69,8605.0,55.676,71
2025-01-24 11:55:00-05:00,55.68,55.75,55.68,55.72,6834.0,55.71,56
2025-01-24 12:00:00-05:00,55.7,55.73,55.58,55.6,19033.0,55.65,112
2025-01-24 12:05:00-05:00,55.58,55.62,55.54,55.54,11269.0,55.587,74
2025-01-24 12:10:00-05:00,55.55,55.57,55.48,55.48,8743.0,55.532,72
2025-01-24 12:15:00-05:00,55.5,55.56,55.48,55.5,5680.0,55.519,49
2025-01-24 12:20:00-05:00,55.49,55.63,55.49,55.6,5780.0,55.574,47
2025-01-24 12:25:00-05:00,55.62,55.64,55.61,55.61,5075.0,55.629,43
2025-01-24 12:30:00-05:00,55.61,55.65,55.6,55.64,2180.0,55.625,19
2025-01-24 12:35:00-05:00,55.65,55.73,55.63,55.69,9097.0,55.692,60
2025-01-24 12:40:00-05:00,55.7,55.71,55.68,55.7,1875.0,55.696,16
2025-01-24 12:45:00-05:00,55.7,55.7,55.66,55.68,3578.0,55.683,28
2025-01-24 12:50:00-05:00,55.67,55.7,55.67,55.69,6445.0,55.679,55
2025-01-24 12:55:00-05:00,55.68,55.71,55.55,55.57,17319.0,55.637,108
2025-01-24 13:00:00-05:00,55.58,55.62,55.57,55.62,6596.0,55.597,48
2025-01-24 13:05:00-05:00,55.62,55.64,55.58,55.64,3515.0,55.614,32
2025-01-24 13:10:00-05:00,55.64,55.66,55.61,55.63,6769.0,55.63,45
2025-01-24 13:15:00-05:00,55.62,55.62,55.56,55.57,4030.0,55.58,34
2025-01-24 13:20:00-05:00,55.58,55.6,55.57,55.59,3918.0,55.587,34
2025-01-24 13:25:00-05:00,55.58,55.61,55.58,55.58,5970.0,55.59,47
2025-01-24 13:30:00-05:00,55.58,55.61,55.58,55.61,2508.0,55.598,24
2025-01-24 13:35:00-05:00,55.6,55.61,55.59,55.6,4694.0,55.6,37
2025-01-24 13:40:00-05:00,55.6,55.62,55.59,55.62,4460.0,55.601,34
2025-01-24 13:45:00-05:00,55.61,55.61,55.58,55.6,17210.0,55.6,82
2025-01-24 13:50:00-05:00,55.6,55.65,55.6,55.65,2686.0,55.629,22
2025-01-24 13:55:00-05:00,55.65,55.65,55.57,55.59,5777.0,55.61,50
2025-01-24 14:00:00-05:00,55.59,55.65,55.52,55.52,10149.0,55.596,80
2025-01-24 14:05:00-05:00,55.52,55.57,55.51,55.56,6017.0,55.538,45
2025-01-24 14:10:00-05:00,55.56,55.57,55.54,55.56,7694.0,55.556,64
2025-01-24 14:15:00-05:00,55.56,55.63,55.56,55.63,113009.0,55.59,84
2025-01-24 14:20:00-05:00,55.64,55.74,55.62,55.71,13882.0,55.679,80
2025-01-24 14:25:00-05:00,55.71,55.75,55.68,55.68,4664.0,55.724,40
2025-01-24 14:30:00-05:00,55.68,55.84,55.68,55.81,54519.0,55.694,69
2025-01-24 14:35:00-05:00,55.81,55.89,55.81,55.89,4869.0,55.851,34
2025-01-24 14:40:00-05:00,55.88,55.88,55.8,55.81,5391.0,55.856,34
2025-01-24 14:45:00-05:00,55.81,55.86,55.77,55.86,15122.0,55.813,104
2025-01-24 14:50:00-05:00,55.86,55.98,55.85,55.95,34447.0,55.932,257
2025-01-24 14:55:00-05:00,55.96,55.96,55.89,55.92,16248.0,55.931,127
2025-01-24 15:00:00-05:00,55.94,55.98,55.89,55.95,15126.0,55.937,106
2025-01-24 15:05:00-05:00,55.95,55.96,55.92,55.95,13458.0,55.949,95
2025-01-24 15:10:00-05:00,55.94,56.01,55.94,55.99,12188.0,55.977,94
2025-01-24 15:15:00-05:00,56.0,56.0,55.96,55.98,9304.0,55.986,68
2025-01-24 15:20:00-05:00,55.98,55.99,55.92,55.97,15661.0,55.954,96
2025-01-24 15:25:00-05:00,55.98,56.03,55.96,55.98,30424.0,56.005,198
2025-01-24 15:30:00-05:00,55.99,55.99,55.87,55.87,27799.0,55.933,165
2025-01-24 15:35:00-05:00,55.88,55.88,55.85,55.86,9065.0,55.866,66
2025-01-24 15:40:00-05:00,55.86,55.9,55.85,55.88,20707.0,55.877,141
2025-01-24 15:45:00-05:00,55.87,55.92,55.83,55.9,22932.0,55.876,185
2025-01-24 15:50:00-05:00,55.9,55.99,55.9,55.9,43925.0,55.952,322
2025-01-24 15:55:00-05:00,55.91,56.05,55.9,56.0,127339.0,56.002,727
2025-01-27 09:30:00-05:00,55.77,55.8,55.31,55.61,67208.0,55.645,239
2025-01-27 09:35:00-05:00,55.61,55.82,55.61,55.81,12202.0,55.741,85
2025-01-27 09:40:00-05:00,55.78,55.78,55.64,55.68,9840.0,55.715,76
2025-01-27 09:45:00-05:00,55.7,55.76,55.61,55.64,9558.0,55.677,70
2025-01-27 09:50:00-05:00,55.65,55.76,55.61,55.76,12706.0,55.694,77
2025-01-27 09:55:00-05:00,55.73,55.74,55.61,55.68,24522.0,55.682,105
2025-01-27 10:00:00-05:00,55.68,55.68,55.58,55.6,12277.0,55.628,81
2025-01-27 10:05:00-05:00,55.59,55.67,55.58,55.61,11742.0,55.615,78
2025-01-27 10:10:00-05:00,55.63,55.64,55.53,55.53,8068.0,55.575,68
2025-01-27 10:15:00-05:00,55.54,55.56,55.46,55.51,5386.0,55.503,49
2025-01-27 10:20:00-05:00,55.49,55.56,55.48,55.54,10822.0,55.517,76
2025-01-27 10:25:00-05:00,55.52,55.52,55.42,55.45,3316.0,55.454,31
2025-01-27 10:30:00-05:00,55.42,55.51,55.39,55.47,6740.0,55.446,52
2025-01-27 10:35:00-05:00,55.48,55.56,55.48,55.51,3509.0,55.517,30
2025-01-27 10:40:00-05:00,55.52,55.57,55.51,55.56,4816.0,55.54,32
2025-01-27 10:45:00-05:00,55.56,55.64,55.56,55.61,12387.0,55.595,84
2025-01-27 10:50:00-05:00,55.61,55.66,55.57,55.63,6435.0,55.615,43
2025-01-27 10:55:00-05:00,55.66,55.7,55.6,55.6,16262.0,55.66,111
2025-01-27 11:00:00-05:00,55.59,55.6,55.51,55.55,2990.0,55.552,27
2025-01-27 11:05:00-05:00,55.53,55.57,55.48,55.5,6856.0,55.517,51
2025-01-27 11:10:00-05:00,55.49,55.56,55.48,55.55,3276.0,55.517,29
2025-01-27 11:15:00-05:00,55.56,55.58,55.49,55.52,7189.0,55.541,42
2025-01-27 11:20:00-05:00,55.52,55.52,55.47,55.5,9237.0,55.49,36
2025-01-27 11:25:00-05:00,55.46,55.47,55.4,55.4,7598.0,55.425,49
2025-01-27 11:30:00-05:00,55.42,55.43,55.31,55.31,21117.0,55.37,157
2025-01-27 11:35:00-05:00,55.34,55.36,55.27,55.28,7971.0,55.313,61
2025-01-27 11:40:00-05:00,55.24,55.26,55.15,55.19,6334.0,55.186,42
2025-01-27 11:45:00-05:00,55.19,55.22,55.17,55.19,8047.0,55.194,46
2025-01-27 11:50:00-05:00,55.19,55.35,55.18,55.35,15350.0,55.218,71
2025-01-27 11:55:00-05:00,55.35,55.36,55.11,55.15,34961.0,55.275,169
2025-01-27 12:00:00-05:00,55.18,55.32,55.15,55.23,9910.0,55.228,80
2025-01-27 12:05:00-05:00,55.23,55.23,55.16,55.16,5054.0,55.187,43
2025-01-27 12:10:00-05:00,55.16,55.24,55.16,55.22,5176.0,55.195,43
2025-01-27 12:15:00-05:00,55.18,55.22,55.18,55.2,7497.0,55.202,52
2025-01-27 12:20:00-05:00,55.2,55.28,55.19,55.25,4542.0,55.252,35
2025-01-27 12:25:00-05:00,55.25,55.27,55.23,55.23,10124.0,55.252,59
2025-01-27 12:30:00-05:00,55.23,55.24,55.1,55.18,14274.0,55.131,73
2025-01-27 12:35:00-05:00,55.19,55.26,55.17,55.22,8467.0,55.22,71
2025-01-27 12:40:00-05:00,55.22,55.24,55.19,55.23,5687.0,55.216,49
2025-01-27 12:45:00-05:00,55.23,55.26,55.15,55.15,13788.0,55.222,85
2025-01-27 12:50:00-05:00,55.15,55.16,55.12,55.13,4587.0,55.143,35
2025-01-27 12:55:00-05:00,55.15,55.2,55.12,55.15,13222.0,55.175,81
2025-01-27 13:00:00-05:00,55.17,55.2,55.13,55.14,4244.0,55.17,36
2025-01-27 13:05:00-05:00,55.16,55.17,55.09,55.11,7105.0,55.139,48
2025-01-27 13:10:00-05:00,55.1,55.11,55.06,55.07,8893.0,55.082,75
2025-01-27 13:15:00-05:00,55.09,55.13,55.09,55.11,2957.0,55.106,26
2025-01-27 13:20:00-05:00,55.11,55.17,55.1,55.1,15444.0,55.137,100
2025-01-27 13:25:00-05:00,55.1,55.11,55.08,55.1,3951.0,55.092,33
2025-01-27 13:30:00-05:00,55.1,55.17,55.09,55.1,11473.0,55.128,74
2025-01-27 13:35:00-05:00,55.1,55.14,55.08,55.08,6183.0,55.11,43
2025-01-27 13:40:00-05:00,55.1,55.16,55.1,55.14,7623.0,55.13,48
2025-01-27 13:45:00-05:00,55.12,55.14,55.1,55.14,6640.0,55.117,35
2025-01-27 13:50:00-05:00,55.12,55.14,55.07,55.12,6893.0,55.106,46
2025-01-27 13:55:00-05:00,55.14,55.16,55.11,55.11,6773.0,55.135,56
2025-01-27 14:00:00-05:00,55.11,55.15,55.01,55.02,15877.0,55.104,94
2025-01-27 14:05:00-05:00,55.01,55.01,54.96,55.0,10368.0,54.987,47
2025-01-27 14:10:00-05:00,54.98,54.98,54.94,54.94,9226.0,54.958,50
2025-01-27 14:15:00-05:00,54.96,55.02,54.93,55.02,8952.0,54.969,61
2025-01-27 14:20:00-05:00,55.02,55.04,54.95,54.97,6237.0,54.994,50
2025-01-27 14:25:00-05:00,54.99,55.02,54.97,55.01,9912.0,54.996,57
2025-01-27 14:30:00-05:00,55.01,55.14,55.0,55.12,15993.0,55.093,68
2025-01-27 14:35:00-05:00,55.1,55.16,55.1,55.12,9037.0,55.125,70
2025-01-27 14:40:00-05:00,55.1,55.11,55.06,55.1,4882.0,55.085,43
2025-01-27 14:45:00-05:00,55.09,55.09,54.99,55.0,9005.0,55.05,66
2025-01-27 14:50:00-05:00,55.0,55.04,54.96,55.04,7408.0,55.009,51
2025-01-27 14:55:00-05:00,55.03,55.04,54.98,55.0,9115.0,55.02,60
2025-01-27 15:00:00-05:00,54.98,55.04,54.95,54.95,13421.0,54.994,105
2025-01-27 15:05:00-05:00,54.95,54.95,54.87,54.88,11317.0,54.914,83
2025-01-27 15:10:00-05:00,54.88,54.95,54.87,54.94,10420.0,54.916,89
2025-01-27 15:15:00-05:00,54.92,55.02,54.9,55.02,6649.0,54.952,50
2025-01-27 15:20:00-05:00,55.0,55.04,54.95,54.95,10994.0,54.987,91
2025-01-27 15:25:00-05:00,54.94,54.95,54.87,54.91,10806.0,54.907,86
2025-01-27 15:30:00-05:00,54.91,54.98,54.8,54.82,55624.0,54.891,282
2025-01-27 15:35:00-05:00,54.82,54.85,54.73,54.78,28526.0,54.791,222
2025-01-27 15:40:00-05:00,54.78,54.86,54.77,54.83,29627.0,54.811,203
2025-01-27 15:45:00-05:00,54.83,54.86,54.78,54.85,31411.0,54.821,239
2025-01-27 15:50:00-05:00,54.85,54.94,54.79,54.83,36008.0,54.861,264
2025-01-27 15:55:00-05:00,54.83,54.89,54.74,54.86,228190.0,54.812,1192
2025-01-28 09:30:00-05:00,53.4,53.74,53.21,53.64,98541.0,53.461,261
2025-01-28 09:35:00-05:00,53.63,54.21,53.63,54.15,72916.0,54.01,494
2025-01-28 09:40:00-05:00,54.15,54.28,54.04,54.15,23115.0,54.162,170
2025-01-28 09:45:00-05:00,54.15,54.16,53.87,53.92,34641.0,54.038,209
2025-01-28 09:50:00-05:00,53.94,54.02,53.86,53.88,16787.0,53.934,136
2025-01-28 09:55:00-05:00,53.88,53.92,53.77,53.88,16951.0,53.828,121
2025-01-28 10:00:00-05:00,53.88,54.04,53.86,54.0,30419.0,53.976,188
2025-01-28 10:05:00-05:00,54.0,54.09,53.99,54.07,20357.0,54.033,173
2025-01-28 10:10:00-05:00,54.05,54.13,53.94,54.08,22914.0,54.039,164
2025-01-28 10:15:00-05:00,54.06,54.09,53.86,53.93,83929.0,53.98,550
2025-01-28 10:20:00-05:00,53.93,54.01,53.88,54.0,20413.0,53.942,154
2025-01-28 10:25:00-05:00,54.02,54.11,54.01,54.1,16496.0,54.065,129
2025-01-28 10:30:00-05:00,54.1,54.22,54.01,54.09,39739.0,54.111,291
2025-01-28 10:35:00-05:00,54.08,54.19,54.08,54.12,25255.0,54.124,187
2025-01-28 10:40:00-05:00,54.12,54.16,54.03,54.05,27816.0,54.097,206
2025-01-28 10:45:00-05:00,54.04,54.1,53.96,54.08,37230.0,54.038,244
2025-01-28 10:50:00-05:00,54.08,54.16,54.08,54.09,55111.0,54.114,249
2025-01-28 10:55:00-05:00,54.1,54.14,54.04,54.06,18380.0,54.092,113
2025-01-28 11:00:00-05:00,54.08,54.19,54.08,54.16,64528.0,54.149,343
2025-01-28 11:05:00-05:00,54.17,54.22,54.13,54.16,41788.0,54.167,328
2025-01-28 11:10:00-05:00,54.18,54.3,54.15,54.26,52461.0,54.209,350
2025-01-28 11:15:00-05:00,54.28,54.34,54.15,54.19,24443.0,54.234,189
2025-01-28 11:20:00-05:00,54.18,54.2,54.15,54.18,17275.0,54.178,105
2025-01-28 11:25:00-05:00,54.17,54.17,54.0,54.0,46607.0,54.084,276
2025-01-28 11:30:00-05:00,53.99,54.07,53.98,54.02,15311.0,54.013,112
2025-01-28 11:35:00-05:00,54.02,54.09,54.01,54.05,15891.0,54.037,117
2025-01-28 11:40:00-05:00,54.06,54.24,54.06,54.24,9375.0,54.144,73
2025-01-28 11:45:00-05:00,54.22,54.27,54.19,54.26,8347.0,54.23,67
2025-01-28 11:50:00-05:00,54.26,54.26,54.17,54.23,23504.0,54.189,146
2025-01-28 11:55:00-05:00,54.22,54.24,54.2,54.22,8350.0,54.218,67
2025-01-28 12:00:00-05:00,54.21,54.22,54.06,54.06,12630.0,54.17,94
2025-01-28 12:05:00-05:00,54.05,54.08,53.94,53.99,11169.0,54.023,67
2025-01-28 12:10:00-05:00,53.98,54.01,53.92,53.92,5249.0,53.971,33
2025-01-28 12:15:00-05:00,53.91,53.91,53.78,53.8,2358.0,53.849,22
2025-01-28 12:20:00-05:00,53.78,53.91,53.76,53.89,13165.0,53.852,103
2025-01-28 12:25:00-05:00,53.89,53.91,53.87,53.9,1274.0,53.895,10
2025-01-28 12:30:00-05:00,53.9,53.96,53.89,53.91,5495.0,53.914,52
2025-01-28 12:35:00-05:00,53.94,53.98,53.92,53.97,9835.0,53.948,79
2025-01-28 12:40:00-05:00,53.98,53.99,53.84,53.85,21371.0,53.956,145
2025-01-28 12:45:00-05:00,53.87,53.96,53.87,53.96,3090.0,53.895,29
2025-01-28 12:50:00-05:00,53.97,53.97,53.93,53.93,3409.0,53.951,26
2025-01-28 12:55:00-05:00,53.96,53.96,53.94,53.96,1944.0,53.957,19
2025-01-28 13:00:00-05:00,53.96,53.97,53.89,53.94,11811.0,53.928,73
2025-01-28 13:05:00-05:00,53.94,53.96,53.93,53.95,3796.0,53.946,33
2025-01-28 13:10:00-05:00,53.96,53.97,53.92,53.95,11059.0,53.951,64
2025-01-28 13:15:00-05:00,53.95,54.01,53.95,53.98,9719.0,53.997,76
2025-01-28 13:20:00-05:00,53.98,54.0,53.97,53.97,2856.0,53.984,22
2025-01-28 13:25:00-05:00,53.97,53.97,53.9,53.97,7802.0,53.944,60
2025-01-28 13:30:00-05:00,53.99,54.09,53.99,54.09,9052.0,54.046,82
2025-01-28 13:35:00-05:00,54.1,54.1,54.04,54.04,3497.0,54.072,32
2025-01-28 13:40:00-05:00,54.03,54.04,53.99,54.03,6301.0,54.011,56
2025-01-28 13:45:00-05:00,54.02,54.05,54.02,54.05,3190.0,54.034,29
2025-01-28 13:50:00-05:00,54.05,54.05,54.01,54.01,5543.0,54.037,40
2025-01-28 13:55:00-05:00,53.99,54.01,53.97,53.97,7426.0,53.993,48
2025-01-28 14:00:00-05:00,53.96,53.99,53.96,53.97,3358.0,53.974,27
2025-01-28 14:05:00-05:00,53.98,54.01,53.97,53.97,15001.0,53.988,57
2025-01-28 14:10:00-05:00,53.97,53.97,53.92,53.93,2945.0,53.945,22
2025-01-28 14:15:00-05:00,53.92,54.0,53.88,54.0,8863.0,53.935,73
2025-01-28 14:20:00-05:00,53.98,54.01,53.98,54.0,7936.0,53.993,35
2025-01-28 14:25:00-05:00,54.0,54.01,53.97,53.97,7398.0,53.996,54
2025-01-28 14:30:00-05:00,53.98,54.04,53.97,54.03,14441.0,54.007,89
2025-01-28 14:35:00-05:00,54.03,54.09,54.03,54.08,12524.0,54.063,54
2025-01-28 14:40:00-05:00,54.09,54.21,54.08,54.21,10845.0,54.132,92
2025-01-28 14:45:00-05:00,54.2,54.22,54.19,54.22,3233.0,54.204,29
2025-01-28 14:50:00-05:00,54.22,54.27,54.21,54.27,8045.0,54.233,61
2025-01-28 14:55:00-05:00,54.28,54.33,54.28,54.32,5205.0,54.303,41
2025-01-28 15:00:00-05:00,54.33,54.44,54.31,54.41,7220.0,54.374,60
2025-01-28 15:05:00-05:00,54.41,54.48,54.41,54.47,6357.0,54.429,39
2025-01-28 15:10:00-05:00,54.46,54.51,54.42,54.42,14786.0,54.466,112
2025-01-28 15:15:00-05:00,54.4,54.41,54.34,54.34,6604.0,54.377,53
2025-01-28 15:20:00-05:00,54.34,54.36,54.26,54.26,10810.0,54.328,74
2025-01-28 15:25:00-05:00,54.26,54.27,54.21,54.23,16451.0,54.238,135
2025-01-28 15:30:00-05:00,54.22,54.32,54.2,54.26,16553.0,54.264,124
2025-01-28 15:35:00-05:00,54.27,54.29,54.22,54.25,11480.0,54.254,83
2025-01-28 15:40:00-05:00,54.24,54.25,54.19,54.22,22582.0,54.212,171
2025-01-28 15:45:00-05:00,54.22,54.27,54.21,54.23,22954.0,54.24,157
2025-01-28 15:50:00-05:00,54.24,54.25,54.15,54.19,54022.0,54.201,408
2025-01-28 15:55:00-05:00,54.19,54.44,54.16,54.35,281730.0,54.352,1250
2025-01-29 09:30:00-05:00,53.21,53.69,53.02,53.42,147293.0,53.291,533
2025-01-29 09:35:00-05:00,53.42,53.8,53.41,53.77,70471.0,53.589,438
2025-01-29 09:40:00-05:00,53.77,53.84,53.71,53.8,46115.0,53.775,287
2025-01-29 09:45:00-05:00,53.82,53.91,53.7,53.77,23135.0,53.801,157
2025-01-29 09:50:00-05:00,53.79,53.82,53.42,53.43,47462.0,53.578,267
2025-01-29 09:55:00-05:00,53.45,53.56,53.42,53.54,26181.0,53.504,151
2025-01-29 10:00:00-05:00,53.54,53.93,53.5,53.88,78843.0,53.738,538
2025-01-29 10:05:00-05:00,53.88,54.0,53.82,53.88,42212.0,53.9,243
2025-01-29 10:10:00-05:00,53.88,53.96,53.82,53.84,22463.0,53.919,166
2025-01-29 10:15:00-05:00,53.83,54.02,53.83,53.92,64990.0,53.968,473
2025-01-29 10:20:00-05:00,53.91,54.02,53.88,53.95,21732.0,53.948,154
2025-01-29 10:25:00-05:00,53.95,53.96,53.76,53.79,37770.0,53.807,286
2025-01-29 10:30:00-05:00,53.79,53.8,53.67,53.75,24407.0,53.736,154
2025-01-29 10:35:00-05:00,53.76,53.92,53.7,53.9,33004.0,53.805,158
2025-01-29 10:40:00-05:00,53.92,53.94,53.84,53.9,20749.0,53.891,149
2025-01-29 10:45:00-05:00,53.9,53.93,53.87,53.92,21768.0,53.904,116
2025-01-29 10:50:00-05:00,53.92,53.99,53.77,53.78,15607.0,53.923,107
2025-01-29 10:55:00-05:00,53.78,53.84,53.74,53.76,20918.0,53.787,139
2025-01-29 11:00:00-05:00,53.79,53.88,53.77,53.79,21690.0,53.84,128
2025-01-29 11:05:00-05:00,53.77,53.77,53.56,53.56,46572.0,53.635,340
2025-01-29 11:10:00-05:00,53.56,53.59,53.52,53.57,83181.0,53.562,167
2025-01-29 11:15:00-05:00,53.57,53.74,53.52,53.71,40775.0,53.615,254
2025-01-29 11:20:00-05:00,53.72,53.96,53.72,53.96,21848.0,53.844,162
2025-01-29 11:25:00-05:00,53.96,54.03,53.94,54.02,38799.0,53.993,285
2025-01-29 11:30:00-05:00,54.02,54.03,53.71,53.83,59865.0,53.831,480
2025-01-29 11:35:00-05:00,53.84,53.93,53.81,53.83,45595.0,53.865,237
2025-01-29 11:40:00-05:00,53.85,53.87,53.73,53.76,9741.0,53.789,74
2025-01-29 11:45:00-05:00,53.78,53.88,53.77,53.82,9824.0,53.818,79
2025-01-29 11:50:00-05:00,53.82,53.91,53.82,53.9,10920.0,53.849,81
2025-01-29 11:55:00-05:00,53.91,53.93,53.86,53.9,7723.0,53.9,59
2025-01-29 12:00:00-05:00,53.91,53.93,53.86,53.9,7915.0,53.892,60
2025-01-29 12:05:00-05:00,53.91,53.93,53.9,53.91,10166.0,53.913,64
2025-01-29 12:10:00-05:00,53.91,53.98,53.9,53.93,14245.0,53.943,109
2025-01-29 12:15:00-05:00,53.96,54.0,53.83,53.99,21396.0,53.885,102
2025-01-29 12:20:00-05:00,54.0,54.0,53.88,53.95,13360.0,53.946,107
2025-01-29 12:25:00-05:00,53.94,53.95,53.91,53.91,7748.0,53.931,61
2025-01-29 12:30:00-05:00,53.91,53.97,53.91,53.97,8377.0,53.934,58
2025-01-29 12:35:00-05:00,53.97,54.0,53.95,53.99,9502.0,53.976,78
2025-01-29 12:40:00-05:00,53.99,53.99,53.94,53.95,18019.0,53.956,96
2025-01-29 12:45:00-05:00,53.95,54.01,53.94,54.01,13313.0,53.976,102
2025-01-29 12:50:00-05:00,54.0,54.05,53.96,53.96,11000.0,53.998,95
2025-01-29 12:55:00-05:00,53.94,53.98,53.89,53.98,15694.0,53.941,118
2025-01-29 13:00:00-05:00,53.98,54.01,53.87,53.89,20734.0,53.931,151
2025-01-29 13:05:00-05:00,53.89,53.97,53.88,53.97,13363.0,53.925,105
2025-01-29 13:10:00-05:00,53.97,54.0,53.84,53.84,13024.0,53.935,101
2025-01-29 13:15:00-05:00,53.85,53.89,53.8,53.83,16313.0,53.865,140
2025-01-29 13:20:00-05:00,53.81,53.9,53.8,53.89,10546.0,53.841,84
2025-01-29 13:25:00-05:00,53.9,53.96,53.86,53.95,8191.0,53.894,74
2025-01-29 13:30:00-05:00,53.95,54.01,53.94,54.0,16437.0,53.998,130
2025-01-29 13:35:00-05:00,53.99,54.08,53.96,54.08,12808.0,53.999,97
2025-01-29 13:40:00-05:00,54.08,54.09,53.93,53.94,10286.0,54.017,82
2025-01-29 13:45:00-05:00,53.95,53.98,53.9,53.94,27960.0,53.935,180
2025-01-29 13:50:00-05:00,53.91,53.91,53.85,53.86,6755.0,53.893,31
2025-01-29 13:55:00-05:00,53.85,53.86,53.74,53.76,13533.0,53.789,65
2025-01-29 14:00:00-05:00,53.74,53.76,53.52,53.53,13807.0,53.611,112
2025-01-29 14:05:00-05:00,53.5,53.55,53.47,53.49,17224.0,53.507,133
2025-01-29 14:10:00-05:00,53.49,53.49,53.42,53.48,13249.0,53.452,90
2025-01-29 14:15:00-05:00,53.49,53.55,53.46,53.48,4098.0,53.508,35
2025-01-29 14:20:00-05:00,53.48,53.49,53.39,53.48,9121.0,53.449,76
2025-01-29 14:25:00-05:00,53.47,53.55,53.39,53.39,10191.0,53.476,83
2025-01-29 14:30:00-05:00,53.39,53.62,53.39,53.58,14425.0,53.51,85
2025-01-29 14:35:00-05:00,53.58,53.67,53.48,53.65,14753.0,53.587,97
2025-01-29 14:40:00-05:00,53.64,53.77,53.63,53.72,11771.0,53.702,74
2025-01-29 14:45:00-05:00,53.7,53.74,53.61,53.61,14797.0,53.69,121
2025-01-29 14:50:00-05:00,53.63,53.71,53.61,53.69,19689.0,53.654,141
2025-01-29 14:55:00-05:00,53.66,53.72,53.53,53.53,19249.0,53.59,145
2025-01-29 15:00:00-05:00,53.54,53.58,53.39,53.41,15708.0,53.506,132
2025-01-29 15:05:00-05:00,53.44,53.58,53.4,53.54,15600.0,53.514,131
2025-01-29 15:10:00-05:00,53.55,53.58,53.49,53.55,18253.0,53.55,151
2025-01-29 15:15:00-05:00,53.55,53.56,53.49,53.56,14456.0,53.529,124
2025-01-29 15:20:00-05:00,53.55,53.84,53.55,53.81,84994.0,53.663,236
2025-01-29 15:25:00-05:00,53.8,53.91,53.79,53.84,24620.0,53.853,164
2025-01-29 15:30:00-05:00,53.85,53.93,53.79,53.85,64136.0,53.84,176
2025-01-29 15:35:00-05:00,53.85,53.87,53.72,53.73,17343.0,53.781,146
2025-01-29 15:40:00-05:00,53.74,53.8,53.7,53.71,25892.0,53.75,194
2025-01-29 15:45:00-05:00,53.69,53.71,53.56,53.59,42949.0,53.631,340
2025-01-29 15:50:00-05:00,53.6,53.62,53.42,53.48,65371.0,53.486,450
2025-01-29 15:55:00-05:00,53.5,53.59,53.44,53.56,159036.0,53.532,1047
2025-01-30 09:30:00-05:00,52.33,52.75,51.96,52.04,132357.0,52.394,587
2025-01-30 09:35:00-05:00,52.05,52.51,52.05,52.48,83079.0,52.388,423
2025-01-30 09:40:00-05:00,52.49,52.53,52.3,52.41,43621.0,52.439,312
2025-01-30 09:45:00-05:00,52.45,52.62,52.26,52.28,33407.0,52.48,244
2025-01-30 09:50:00-05:00,52.27,52.42,52.12,52.42,51177.0,52.251,375
2025-01-30 09:55:00-05:00,52.46,52.54,52.43,52.48,39093.0,52.494,260
2025-01-30 10:00:00-05:00,52.47,52.52,52.38,52.51,40114.0,52.452,240
2025-01-30 10:05:00-05:00,52.51,52.52,52.32,52.36,32403.0,52.42,213
2025-01-30 10:10:00-05:00,52.38,52.49,52.33,52.44,22710.0,52.425,159
2025-01-30 10:15:00-05:00,52.46,52.46,52.32,52.39,22860.0,52.401,170
2025-01-30 10:20:00-05:00,52.38,52.46,52.35,52.43,29862.0,52.433,174
2025-01-30 10:25:00-05:00,52.4,52.43,52.1,52.1,29202.0,52.228,215
2025-01-30 10:30:00-05:00,52.11,52.21,52.01,52.18,38826.0,52.109,314
2025-01-30 10:35:00-05:00,52.18,52.42,52.11,52.36,18623.0,52.218,137
2025-01-30 10:40:00-05:00,52.36,52.52,52.33,52.52,18695.0,52.397,133
2025-01-30 10:45:00-05:00,52.52,52.7,52.52,52.68,47966.0,52.581,289
2025-01-30 10:50:00-05:00,52.67,52.7,52.53,52.56,17207.0,52.622,127
2025-01-30 10:55:00-05:00,52.55,52.56,52.45,52.51,24553.0,52.506,168
2025-01-30 11:00:00-05:00,52.5,52.52,52.38,52.4,19737.0,52.45,158
2025-01-30 11:05:00-05:00,52.38,52.5,52.37,52.4,31981.0,52.422,232
2025-01-30 11:10:00-05:00,52.42,52.47,52.38,52.44,19656.0,52.428,111
2025-01-30 11:15:00-05:00,52.44,52.47,52.34,52.38,17750.0,52.411,110
2025-01-30 11:20:00-05:00,52.37,52.56,52.34,52.55,20444.0,52.424,125
2025-01-30 11:25:00-05:00,52.57,52.69,52.54,52.69,18717.0,52.601,134
2025-01-30 11:30:00-05:00,52.68,52.73,52.6,52.68,67207.0,52.662,536
2025-01-30 11:35:00-05:00,52.67,52.87,52.66,52.83,22071.0,52.744,160
2025-01-30 11:40:00-05:00,52.88,53.0,52.8,52.95,24892.0,52.881,155
2025-01-30 11:45:00-05:00,52.97,53.02,52.92,53.02,18364.0,52.967,116
2025-01-30 11:50:00-05:00,53.03,53.21,53.03,53.16,22750.0,53.143,150
2025-01-30 11:55:00-05:00,53.16,53.17,53.08,53.09,24240.0,53.121,154
2025-01-30 12:00:00-05:00,53.08,53.14,52.99,53.07,24071.0,53.067,167
2025-01-30 12:05:00-05:00,53.07,53.07,53.04,53.05,9678.0,53.053,66
2025-01-30 12:10:00-05:00,53.07,53.11,53.0,53.07,12394.0,53.077,93
2025-01-30 12:15:00-05:00,53.06,53.18,53.04,53.17,15867.0,53.126,125
2025-01-30 12:20:00-05:00,53.16,53.18,52.93,52.93,28389.0,53.038,199
2025-01-30 12:25:00-05:00,52.97,52.98,52.92,52.92,12814.0,52.942,103
2025-01-30 12:30:00-05:00,52.94,53.03,52.94,53.01,2045.0,52.993,18
2025-01-30 12:35:00-05:00,53.01,53.01,52.92,52.96,9672.0,52.969,86
2025-01-30 12:40:00-05:00,52.96,52.99,52.91,52.99,14245.0,52.943,118
2025-01-30 12:45:00-05:00,52.98,53.03,52.97,53.01,7818.0,53.007,52
2025-01-30 12:50:00-05:00,53.04,53.09,53.02,53.09,7553.0,53.046,52
2025-01-30 12:55:00-05:00,53.09,53.09,53.05,53.07,7213.0,53.072,47
2025-01-30 13:00:00-05:00,53.08,53.31,53.07,53.31,42961.0,53.174,88
2025-01-30 13:05:00-05:00,53.31,53.44,53.3,53.33,29285.0,53.39,229
2025-01-30 13:10:00-05:00,53.3,53.35,53.23,53.29,13053.0,53.297,99
2025-01-30 13:15:00-05:00,53.3,53.35,53.29,53.3,8715.0,53.311,73
2025-01-30 13:20:00-05:00,53.32,53.35,53.29,53.34,9291.0,53.312,58
2025-01-30 13:25:00-05:00,53.32,53.34,53.28,53.33,10960.0,53.312,78
2025-01-30 13:30:00-05:00,53.34,53.4,53.34,53.38,6339.0,53.363,42
2025-01-30 13:35:00-05:00,53.38,53.42,53.38,53.42,6630.0,53.397,48
2025-01-30 13:40:00-05:00,53.41,53.43,53.35,53.36,13442.0,53.406,112
2025-01-30 13:45:00-05:00,53.37,53.4,53.37,53.38,8983.0,53.385,68
2025-01-30 13:50:00-05:00,53.38,53.38,53.34,53.35,11012.0,53.353,75
2025-01-30 13:55:00-05:00,53.35,53.42,53.35,53.39,9651.0,53.386,71
2025-01-30 14:00:00-05:00,53.4,53.42,53.39,53.39,10597.0,53.409,86
2025-01-30 14:05:00-05:00,53.38,53.39,53.31,53.31,8495.0,53.351,66
2025-01-30 14:10:00-05:00,53.31,53.36,53.31,53.34,9139.0,53.339,75
2025-01-30 14:15:00-05:00,53.35,53.35,53.27,53.32,7484.0,53.313,59
2025-01-30 14:20:00-05:00,53.32,53.32,53.23,53.25,9222.0,53.268,59
2025-01-30 14:25:00-05:00,53.25,53.27,53.21,53.27,8042.0,53.239,70
2025-01-30 14:30:00-05:00,53.28,53.28,53.25,53.25,6063.0,53.265,53
2025-01-30 14:35:00-05:00,53.26,53.3,53.25,53.28,10642.0,53.276,66
2025-01-30 14:40:00-05:00,53.29,53.41,53.29,53.4,6832.0,53.343,59
2025-01-30 14:45:00-05:00,53.41,53.41,53.33,53.35,10124.0,53.374,56
2025-01-30 14:50:00-05:00,53.35,53.36,53.29,53.34,13235.0,53.338,76
2025-01-30 14:55:00-05:00,53.35,53.36,53.32,53.35,7320.0,53.339,50
2025-01-30 15:00:00-05:00,53.35,53.39,53.33,53.37,18954.0,53.36,95
2025-01-30 15:05:00-05:00,53.38,53.41,53.35,53.36,16787.0,53.387,91
2025-01-30 15:10:00-05:00,53.37,53.38,53.28,53.28,14867.0,53.346,93
2025-01-30 15:15:00-05:00,53.3,53.31,53.26,53.27,14161.0,53.289,102
2025-01-30 15:20:00-05:00,53.27,53.32,53.26,53.32,15673.0,53.295,87
2025-01-30 15:25:00-05:00,53.3,53.31,53.11,53.16,23816.0,53.21,162
2025-01-30 15:30:00-05:00,53.16,53.22,53.11,53.21,24863.0,53.161,173
2025-01-30 15:35:00-05:00,53.2,53.21,52.94,52.95,44316.0,53.063,241
2025-01-30 15:40:00-05:00,52.94,52.94,52.77,52.81,28724.0,52.861,212
2025-01-30 15:45:00-05:00,52.81,52.99,52.79,52.99,29642.0,52.899,231
2025-01-30 15:50:00-05:00,53.0,53.2,53.0,53.17,55353.0,53.077,313
2025-01-30 15:55:00-05:00,53.18,53.34,53.17,53.25,272119.0,53.261,1415
2025-01-31 09:30:00-05:00,53.55,53.91,53.46,53.91,47592.0,53.589,166
2025-01-31 09:35:00-05:00,53.87,54.08,53.84,53.97,16776.0,53.972,125
2025-01-31 09:40:00-05:00,53.94,54.04,53.88,53.96,9558.0,53.952,77
2025-01-31 09:40:00-05:00,53.94,54.04,53.88,54.01,8694.0,53.949,70
2025-01-31 09:45:00-05:00,53.97,53.98,53.72,53.72,9975.0,53.875,76
2025-01-31 09:50:00-05:00,53.69,53.82,53.69,53.72,6815.0,53.743,56
2025-01-31 09:55:00-05:00,53.7,53.87,53.7,53.79,9291.0,53.814,74
2025-01-31 10:00:00-05:00,53.8,53.84,53.62,53.62,25175.0,53.742,156
2025-01-31 10:05:00-05:00,53.61,53.61,53.46,53.5,11176.0,53.519,72
2025-01-31 10:10:00-05:00,53.53,53.53,53.38,53.39,9062.0,53.46,59
2025-01-31 10:15:00-05:00,53.39,53.41,53.33,53.37,11355.0,53.366,72
2025-01-31 10:20:00-05:00,53.35,53.37,53.3,53.34,18014.0,53.338,118
2025-01-31 10:25:00-05:00,53.34,53.47,53.33,53.4,7515.0,53.394,52
2025-01-31 10:30:00-05:00,53.42,53.49,53.38,53.47,20309.0,53.432,128
2025-01-31 10:35:00-05:00,53.45,53.56,53.45,53.56,8388.0,53.522,57
2025-01-31 10:40:00-05:00,53.57,53.64,53.48,53.6,369958.0,53.531,242
2025-01-31 10:45:00-05:00,53.6,53.65,53.52,53.55,29641.0,53.58,182
2025-01-31 10:50:00-05:00,53.55,53.71,53.5,53.64,39489.0,53.594,211
2025-01-31 10:55:00-05:00,53.6,53.66,53.56,53.65,29304.0,53.626,98
2025-01-31 11:00:00-05:00,53.65,53.76,53.64,53.76,8128.0,53.7,54
2025-01-31 11:05:00-05:00,53.75,53.85,53.75,53.8,9576.0,53.81,71
2025-01-31 11:10:00-05:00,53.82,53.88,53.8,53.84,12519.0,53.837,70
2025-01-31 11:15:00-05:00,53.83,53.83,53.72,53.72,9126.0,53.789,69
2025-01-31 11:20:00-05:00,53.73,53.78,53.69,53.76,11373.0,53.732,81
2025-01-31 11:25:00-05:00,53.73,53.73,53.6,53.62,8537.0,53.653,67
2025-01-31 11:30:00-05:00,53.64,53.71,53.57,53.62,58427.0,53.634,450
2025-01-31 11:35:00-05:00,53.59,53.59,53.47,53.52,10266.0,53.538,76
2025-01-31 11:40:00-05:00,53.53,53.6,53.51,53.53,5135.0,53.544,38
2025-01-31 11:45:00-05:00,53.52,53.53,53.44,53.5,5804.0,53.488,50
2025-01-31 11:50:00-05:00,53.5,53.5,53.44,53.46,6644.0,53.469,49
2025-01-31 11:55:00-05:00,53.46,53.51,53.44,53.5,8870.0,53.474,75
2025-01-31 12:00:00-05:00,53.48,53.51,53.43,53.45,6832.0,53.475,52
2025-01-31 12:05:00-05:00,53.45,53.46,53.37,53.39,11622.0,53.425,103
2025-01-31 12:10:00-05:00,53.41,53.41,53.32,53.36,6891.0,53.369,44
2025-01-31 12:15:00-05:00,53.36,53.5,53.36,53.48,4180.0,53.436,31
2025-01-31 12:20:00-05:00,53.47,53.55,53.46,53.49,7976.0,53.505,53
2025-01-31 12:25:00-05:00,53.48,53.5,53.43,53.43,4350.0,53.466,35
2025-01-31 12:30:00-05:00,53.46,53.52,53.45,53.51,4172.0,53.476,35
2025-01-31 12:35:00-05:00,53.53,53.55,53.52,53.53,35077.0,53.533,245
2025-01-31 12:40:00-05:00,53.52,53.65,53.5,53.6,29767.0,53.573,172
2025-01-31 12:45:00-05:00,53.61,53.67,53.61,53.66,4513.0,53.63,37
2025-01-31 12:50:00-05:00,53.66,53.68,53.57,53.57,11499.0,53.615,87
2025-01-31 12:55:00-05:00,53.56,53.57,53.52,53.53,4224.0,53.539,33
2025-01-31 13:00:00-05:00,53.53,53.57,53.51,53.55,5871.0,53.542,43
2025-01-31 13:05:00-05:00,53.57,53.59,53.48,53.48,5944.0,53.534,47
2025-01-31 13:10:00-05:00,53.49,53.54,53.49,53.52,7369.0,53.52,51
2025-01-31 13:15:00-05:00,53.52,53.53,53.43,53.44,9607.0,53.498,84
2025-01-31 13:20:00-05:00,53.42,53.44,53.33,53.35,10537.0,53.378,87
2025-01-31 13:25:00-05:00,53.33,53.35,53.3,53.31,9177.0,53.321,71
2025-01-31 13:30:00-05:00,53.31,53.31,53.11,53.11,12578.0,53.259,102
2025-01-31 13:35:00-05:00,53.08,53.14,53.04,53.1,22939.0,53.09,112
2025-01-31 13:40:00-05:00,53.11,53.19,53.1,53.16,12526.0,53.145,88
2025-01-31 13:45:00-05:00,53.16,53.2,53.13,53.16,9684.0,53.167,77
2025-01-31 13:50:00-05:00,53.17,53.18,53.08,53.12,4838.0,53.13,44
2025-01-31 13:55:00-05:00,53.13,53.13,53.07,53.08,7477.0,53.102,59
2025-01-31 14:00:00-05:00,53.07,53.17,53.05,53.09,9822.0,53.106,78
2025-01-31 14:05:00-05:00,53.09,53.09,52.97,53.0,8145.0,53.026,73
2025-01-31 14:10:00-05:00,53.0,53.12,53.0,53.11,10883.0,53.068,84
2025-01-31 14:15:00-05:00,53.1,53.13,53.04,53.04,9260.0,53.083,78
2025-01-31 14:20:00-05:00,53.05,53.12,53.04,53.12,5568.0,53.073,50
2025-01-31 14:25:00-05:00,53.13,53.13,53.07,53.08,7272.0,53.095,57
2025-01-31 14:30:00-05:00,53.09,53.18,53.09,53.17,8349.0,53.15,76
2025-01-31 14:35:00-05:00,53.15,53.15,53.07,53.09,7904.0,53.095,71
2025-01-31 14:40:00-05:00,53.09,53.12,53.0,53.01,5726.0,53.068,51
2025-01-31 14:45:00-05:00,53.01,53.04,52.93,53.04,10495.0,52.982,74
2025-01-31 14:50:00-05:00,53.05,53.07,53.0,53.05,8084.0,53.038,51
2025-01-31 14:55:00-05:00,53.06,53.1,53.03,53.06,10331.0,53.066,89
2025-01-31 15:00:00-05:00,53.05,53.05,52.87,52.87,7944.0,52.963,58
2025-01-31 15:05:00-05:00,52.88,52.9,52.84,52.87,6092.0,52.871,53
2025-01-31 15:10:00-05:00,52.85,52.91,52.83,52.89,10928.0,52.876,84
2025-01-31 15:15:00-05:00,52.9,52.96,52.88,52.94,13653.0,52.927,96
2025-01-31 15:20:00-05:00,52.94,52.99,52.92,52.97,14194.0,52.951,113
2025-01-31 15:25:00-05:00,52.99,52.99,52.85,52.87,13652.0,52.905,94
2025-01-31 15:30:00-05:00,52.87,52.91,52.82,52.86,13634.0,52.865,106
2025-01-31 15:35:00-05:00,52.86,52.92,52.82,52.84,22111.0,52.862,116
2025-01-31 15:40:00-05:00,52.85,52.94,52.84,52.86,15239.0,52.894,127
2025-01-31 15:45:00-05:00,52.86,52.97,52.84,52.93,17583.0,52.904,161
2025-01-31 15:50:00-05:00,52.95,53.05,52.9,52.97,56292.0,52.964,423
2025-01-31 15:55:00-05:00,52.98,53.12,52.96,53.07,300741.0,53.049,1503
2025-02-03 09:30:00-05:00,52.36,52.38,52.04,52.14,73703.0,52.212,131
2025-02-03 09:35:00-05:00,52.14,52.14,51.96,51.99,45698.0,52.074,112
2025-02-03 09:40:00-05:00,51.98,52.12,51.97,52.01,13206.0,52.052,94
2025-02-03 09:45:00-05:00,52.01,52.06,51.89,51.98,11522.0,51.986,91
2025-02-03 09:50:00-05:00,51.94,51.94,51.74,51.77,13724.0,51.844,96
2025-02-03 09:55:00-05:00,51.74,51.76,51.58,51.7,35179.0,51.681,226
2025-02-03 10:00:00-05:00,51.7,51.88,51.65,51.84,9503.0,51.793,51
2025-02-03 10:05:00-05:00,51.85,51.99,51.84,51.99,12489.0,51.887,86
2025-02-03 10:10:00-05:00,51.95,52.0,51.89,51.98,8097.0,51.944,65
2025-02-03 10:15:00-05:00,52.0,52.06,51.92,51.96,9340.0,51.999,74
2025-02-03 10:20:00-05:00,51.94,52.32,51.93,52.29,21254.0,52.034,155
2025-02-03 10:25:00-05:00,52.3,52.48,52.25,52.48,38764.0,52.399,259
2025-02-03 10:30:00-05:00,52.49,52.51,52.39,52.48,75731.0,52.441,374
2025-02-03 10:35:00-05:00,52.5,52.52,52.41,52.47,29248.0,52.468,166
2025-02-03 10:40:00-05:00,52.45,52.67,52.38,52.6,46871.0,52.561,270
2025-02-03 10:45:00-05:00,52.56,52.61,52.52,52.58,33382.0,52.565,216
2025-02-03 10:50:00-05:00,52.58,52.68,52.57,52.61,18315.0,52.638,113
2025-02-03 10:55:00-05:00,52.59,52.67,52.56,52.64,20936.0,52.606,150
2025-02-03 11:00:00-05:00,52.64,52.8,52.6,52.64,24767.0,52.694,171
2025-02-03 11:05:00-05:00,52.64,52.8,52.53,52.75,17094.0,52.701,131
2025-02-03 11:10:00-05:00,52.76,52.89,52.76,52.87,18463.0,52.824,126
2025-02-03 11:15:00-05:00,52.86,52.94,52.79,52.91,16593.0,52.859,91
2025-02-03 11:20:00-05:00,52.9,52.98,52.88,52.98,10788.0,52.932,65
2025-02-03 11:25:00-05:00,52.98,53.02,52.91,53.01,11413.0,52.961,87
2025-02-03 11:30:00-05:00,53.02,53.13,52.98,53.12,18141.0,53.044,151
2025-02-03 11:35:00-05:00,53.11,53.32,53.11,53.32,9895.0,53.167,75
2025-02-03 11:40:00-05:00,53.32,53.34,53.21,53.34,8452.0,53.272,71
2025-02-03 11:45:00-05:00,53.34,53.34,53.17,53.19,11560.0,53.276,85
2025-02-03 11:50:00-05:00,53.19,53.24,53.16,53.2,8416.0,53.196,66
2025-02-03 11:55:00-05:00,53.18,53.19,53.05,53.05,8921.0,53.11,75
2025-02-03 12:00:00-05:00,53.08,53.09,52.98,53.0,5239.0,53.027,40
2025-02-03 12:05:00-05:00,53.01,53.02,52.97,53.02,4319.0,52.994,37
2025-02-03 12:10:00-05:00,53.04,53.06,52.96,52.98,5486.0,53.007,44
2025-02-03 12:15:00-05:00,52.96,52.98,52.91,52.96,7810.0,52.949,60
2025-02-03 12:20:00-05:00,52.97,53.06,52.97,53.06,6984.0,53.023,45
2025-02-03 12:25:00-05:00,53.04,53.08,53.0,53.0,7482.0,53.045,60
2025-02-03 12:30:00-05:00,52.99,53.05,52.98,52.99,3203.0,53.008,28
2025-02-03 12:35:00-05:00,52.98,53.03,52.96,53.0,7561.0,52.992,60
2025-02-03 12:40:00-05:00,52.99,53.01,52.91,53.01,5372.0,52.963,45
2025-02-03 12:45:00-05:00,53.02,53.04,52.97,53.0,6512.0,53.009,54
2025-02-03 12:50:00-05:00,52.98,53.08,52.98,53.08,6766.0,53.032,58
2025-02-03 12:55:00-05:00,53.07,53.07,52.86,52.96,16096.0,52.964,130
2025-02-03 13:00:00-05:00,52.95,53.02,52.88,53.01,8447.0,52.929,76
2025-02-03 13:05:00-05:00,53.02,53.07,52.99,53.0,8290.0,53.031,69
2025-02-03 13:10:00-05:00,53.0,53.08,52.94,53.08,7038.0,53.004,64
2025-02-03 13:15:00-05:00,53.07,53.11,53.0,53.02,7936.0,53.058,62
2025-02-03 13:20:00-05:00,53.03,53.12,53.02,53.08,4527.0,53.082,40
2025-02-03 13:25:00-05:00,53.07,53.14,53.06,53.07,10867.0,53.098,91
2025-02-03 13:30:00-05:00,53.08,53.17,53.07,53.12,7733.0,53.122,70
2025-02-03 13:35:00-05:00,53.13,53.13,52.97,53.01,13231.0,53.075,103
2025-02-03 13:40:00-05:00,52.99,53.02,52.94,53.0,15530.0,52.981,114
2025-02-03 13:45:00-05:00,53.0,53.12,53.0,53.11,9882.0,53.06,82
2025-02-03 13:50:00-05:00,53.11,53.17,53.11,53.11,11474.0,53.146,92
2025-02-03 13:55:00-05:00,53.11,53.12,53.03,53.03,12046.0,53.069,95
2025-02-03 14:00:00-05:00,53.03,53.14,53.03,53.14,20548.0,53.09,122
2025-02-03 14:05:00-05:00,53.14,53.22,53.14,53.16,19941.0,53.176,136
2025-02-03 14:10:00-05:00,53.15,53.25,53.14,53.21,12576.0,53.198,76
2025-02-03 14:15:00-05:00,53.21,53.21,53.18,53.21,10554.0,53.193,78
2025-02-03 14:20:00-05:00,53.2,53.25,53.19,53.21,18264.0,53.216,138
2025-02-03 14:25:00-05:00,53.21,53.22,53.11,53.11,14710.0,53.17,113
2025-02-03 14:30:00-05:00,53.13,53.18,53.09,53.1,14596.0,53.131,120
2025-02-03 14:35:00-05:00,53.08,53.08,52.99,53.0,16208.0,53.028,122
2025-02-03 14:40:00-05:00,53.0,53.02,52.98,53.0,15215.0,53.006,110
2025-02-03 14:45:00-05:00,53.0,53.02,52.98,53.01,18434.0,53.0,124
2025-02-03 14:50:00-05:00,53.01,53.05,52.99,53.05,18712.0,53.004,116
2025-02-03 14:55:00-05:00,53.05,53.05,52.96,52.97,31602.0,53.005,229
2025-02-03 15:00:00-05:00,52.97,52.97,52.93,52.93,14146.0,52.942,103
2025-02-03 15:05:00-05:00,52.93,52.93,52.9,52.9,15754.0,52.909,100
2025-02-03 15:10:00-05:00,52.9,52.9,52.84,52.84,27251.0,52.883,185
2025-02-03 15:15:00-05:00,52.83,52.92,52.81,52.92,15449.0,52.876,100
2025-02-03 15:20:00-05:00,52.93,52.99,52.93,52.98,26899.0,52.966,175
2025-02-03 15:25:00-05:00,52.98,52.99,52.91,52.92,28031.0,52.953,206
2025-02-03 15:30:00-05:00,52.94,53.02,52.93,53.02,39011.0,52.956,243
2025-02-03 15:35:00-05:00,53.02,53.1,52.97,53.06,23869.0,53.049,174
2025-02-03 15:40:00-05:00,53.05,53.12,53.05,53.08,32184.0,53.083,214
2025-02-03 15:45:00-05:00,53.08,53.19,53.07,53.18,31065.0,53.151,223
2025-02-03 15:50:00-05:00,53.2,53.39,53.19,53.38,58277.0,53.323,404
2025-02-03 15:55:00-05:00,53.38,53.56,53.32,53.53,410024.0,53.439,1808
2025-02-04 09:30:00-05:00,53.56,53.58,52.25,52.58,311011.0,53.103,828
2025-02-04 09:35:00-05:00,52.6,52.64,52.15,52.24,61294.0,52.291,468
2025-02-04 09:40:00-05:00,52.29,52.4,51.82,51.87,62772.0,52.12,438
2025-02-04 09:45:00-05:00,51.83,52.28,51.83,52.23,93987.0,52.085,668
2025-02-04 09:50:00-05:00,52.27,52.46,52.18,52.31,76735.0,52.359,532
2025-02-04 09:55:00-05:00,52.31,52.67,52.31,52.65,53533.0,52.439,343
2025-02-04 10:00:00-05:00,52.66,52.68,52.34,52.36,58790.0,52.529,444
2025-02-04 10:05:00-05:00,52.34,52.79,52.34,52.74,68692.0,52.559,478
2025-02-04 10:10:00-05:00,52.75,53.03,52.73,52.79,44220.0,52.896,277
2025-02-04 10:15:00-05:00,52.8,52.86,52.76,52.83,56172.0,52.828,409
2025-02-04 10:20:00-05:00,52.83,53.07,52.83,53.05,84487.0,52.97,605
2025-02-04 10:25:00-05:00,53.05,53.17,52.96,52.97,42366.0,53.072,305
2025-02-04 10:30:00-05:00,52.97,53.01,52.85,52.86,31797.0,52.943,250
2025-02-04 10:35:00-05:00,52.88,53.06,52.8,53.06,95833.0,52.895,395
2025-02-04 10:40:00-05:00,53.07,53.24,53.02,53.18,56255.0,53.115,248
2025-02-04 10:45:00-05:00,53.18,53.46,53.17,53.46,67269.0,53.266,334
2025-02-04 10:50:00-05:00,53.46,53.46,53.3,53.3,111390.0,53.371,299
2025-02-04 10:55:00-05:00,53.3,53.42,53.28,53.42,30003.0,53.377,234
2025-02-04 11:00:00-05:00,53.39,53.55,53.39,53.53,36231.0,53.451,252
2025-02-04 11:05:00-05:00,53.56,53.63,53.49,53.62,79661.0,53.533,226
2025-02-04 11:10:00-05:00,53.62,53.62,53.34,53.37,33373.0,53.496,244
2025-02-04 11:15:00-05:00,53.37,53.47,53.36,53.36,12343.0,53.427,92
2025-02-04 11:20:00-05:00,53.37,53.37,53.28,53.29,12541.0,53.323,88
2025-02-04 11:25:00-05:00,53.3,53.34,53.22,53.33,21687.0,53.274,148
2025-02-04 11:30:00-05:00,53.3,53.36,53.17,53.17,43312.0,53.261,365
2025-02-04 11:35:00-05:00,53.22,53.42,53.22,53.36,17214.0,53.319,113
2025-02-04 11:40:00-05:00,53.36,53.36,53.32,53.33,12075.0,53.345,71
2025-02-04 11:45:00-05:00,53.33,53.37,53.3,53.34,10374.0,53.332,87
2025-02-04 11:50:00-05:00,53.34,53.42,53.34,53.39,5750.0,53.368,53
2025-02-04 11:55:00-05:00,53.41,53.49,53.39,53.48,10408.0,53.43,76
2025-02-04 12:00:00-05:00,53.45,53.56,53.45,53.56,6304.0,53.506,42
2025-02-04 12:05:00-05:00,53.56,53.68,53.56,53.67,7062.0,53.626,59
2025-02-04 12:10:00-05:00,53.68,53.78,53.68,53.76,18612.0,53.745,48
2025-02-04 12:15:00-05:00,53.76,53.76,53.64,53.68,17294.0,53.689,104
2025-02-04 12:20:00-05:00,53.68,53.75,53.65,53.73,5402.0,53.71,37
2025-02-04 12:25:00-05:00,53.73,53.73,53.64,53.64,7687.0,53.669,53
2025-02-04 12:30:00-05:00,53.68,53.7,53.61,53.7,3395.0,53.653,32
2025-02-04 12:35:00-05:00,53.69,53.75,53.51,53.52,9997.0,53.646,77
2025-02-04 12:40:00-05:00,53.51,53.52,53.27,53.36,50409.0,53.347,344
2025-02-04 12:45:00-05:00,53.43,53.53,53.41,53.5,15372.0,53.474,123
2025-02-04 12:50:00-05:00,53.5,53.59,53.48,53.56,12704.0,53.531,102
2025-02-04 12:55:00-05:00,53.56,53.65,53.56,53.64,7446.0,53.61,62
2025-02-04 13:00:00-05:00,53.65,53.66,53.59,53.66,6845.0,53.62,55
2025-02-04 13:05:00-05:00,53.64,53.69,53.64,53.66,4620.0,53.666,39
2025-02-04 13:10:00-05:00,53.67,53.76,53.65,53.75,3739.0,53.699,31
2025-02-04 13:15:00-05:00,53.77,53.77,53.74,53.77,3417.0,53.754,29
2025-02-04 13:20:00-05:00,53.78,53.84,53.76,53.83,5515.0,53.796,50
2025-02-04 13:25:00-05:00,53.83,53.84,53.6,53.64,19241.0,53.712,119
2025-02-04 13:30:00-05:00,53.61,53.66,53.53,53.53,15354.0,53.611,111
2025-02-04 13:35:00-05:00,53.53,53.58,53.41,53.41,10107.0,53.509,92
2025-02-04 13:40:00-05:00,53.41,53.51,53.41,53.49,9986.0,53.467,82
2025-02-04 13:45:00-05:00,53.47,53.58,53.47,53.57,10792.0,53.518,80
2025-02-04 13:50:00-05:00,53.57,53.66,53.57,53.65,14197.0,53.625,93
2025-02-04 13:55:00-05:00,53.66,53.67,53.6,53.64,19314.0,53.634,83
2025-02-04 14:00:00-05:00,53.63,53.71,53.61,53.71,11756.0,53.659,73
2025-02-04 14:05:00-05:00,53.71,53.81,53.7,53.79,11362.0,53.776,87
2025-02-04 14:10:00-05:00,53.79,53.84,53.73,53.78,10785.0,53.802,81
2025-02-04 14:15:00-05:00,53.78,53.78,53.66,53.68,14262.0,53.725,107
2025-02-04 14:20:00-05:00,53.68,53.8,53.68,53.77,15539.0,53.742,108
2025-02-04 14:25:00-05:00,53.78,53.83,53.77,53.81,6790.0,53.798,54
2025-02-04 14:30:00-05:00,53.81,53.96,53.81,53.96,16038.0,53.904,113
2025-02-04 14:35:00-05:00,53.96,53.96,53.89,53.91,14190.0,53.929,105
2025-02-04 14:40:00-05:00,53.89,53.97,53.89,53.95,16249.0,53.935,120
2025-02-04 14:45:00-05:00,53.93,53.97,53.9,53.96,10363.0,53.935,88
2025-02-04 14:50:00-05:00,53.96,54.01,53.91,53.91,28418.0,53.971,194
2025-02-04 14:55:00-05:00,53.93,53.94,53.85,53.89,23825.0,53.903,188
2025-02-04 15:00:00-05:00,53.88,53.89,53.75,53.84,43230.0,53.824,279
2025-02-04 15:05:00-05:00,53.84,53.89,53.8,53.88,24860.0,53.831,174
2025-02-04 15:10:00-05:00,53.88,53.94,53.82,53.86,70049.0,53.9,246
2025-02-04 15:15:00-05:00,53.86,53.88,53.73,53.88,21940.0,53.792,161
2025-02-04 15:20:00-05:00,53.88,53.88,53.79,53.8,23754.0,53.829,173
2025-02-04 15:25:00-05:00,53.8,53.81,53.74,53.76,25450.0,53.777,197
2025-02-04 15:30:00-05:00,53.75,53.8,53.72,53.73,30320.0,53.764,221
2025-02-04 15:35:00-05:00,53.73,53.84,53.7,53.83,25387.0,53.788,192
2025-02-04 15:40:00-05:00,53.82,53.9,53.82,53.88,34257.0,53.865,282
2025-02-04 15:45:00-05:00,53.88,53.9,53.8,53.82,54152.0,53.858,386
2025-02-04 15:50:00-05:00,53.82,53.88,53.77,53.8,75271.0,53.827,489
2025-02-04 15:55:00-05:00,53.8,53.89,53.74,53.83,412510.0,53.815,2154
2025-02-05 09:30:00-05:00,53.71,53.71,52.97,53.33,150404.0,53.436,554
2025-02-05 09:35:00-05:00,53.32,53.34,53.02,53.29,28479.0,53.195,225
2025-02-05 09:40:00-05:00,53.28,53.46,53.22,53.44,32037.0,53.354,242
2025-02-05 09:45:00-05:00,53.44,53.73,53.4,53.66,50184.0,53.564,224
2025-02-05 09:50:00-05:00,53.66,53.81,53.6,53.68,26210.0,53.696,134
2025-02-05 09:55:00-05:00,53.66,53.66,53.41,53.54,54342.0,53.501,240
2025-02-05 10:00:00-05:00,53.57,53.64,53.32,53.33,86756.0,53.605,120
2025-02-05 10:05:00-05:00,53.29,53.36,53.13,53.25,21709.0,53.264,174
2025-02-05 10:10:00-05:00,53.26,53.34,53.18,53.2,24907.0,53.27,181
2025-02-05 10:15:00-05:00,53.2,53.32,53.18,53.3,22575.0,53.247,176
2025-02-05 10:20:00-05:00,53.31,53.34,53.26,53.29,18367.0,53.308,140
2025-02-05 10:25:00-05:00,53.29,53.29,53.11,53.29,22262.0,53.216,164
2025-02-05 10:30:00-05:00,53.28,53.3,53.13,53.19,22693.0,53.217,192
2025-02-05 10:35:00-05:00,53.2,53.55,53.2,53.52,34611.0,53.38,245
2025-02-05 10:40:00-05:00,53.54,53.69,53.5,53.64,37125.0,53.609,294
2025-02-05 10:45:00-05:00,53.65,53.77,53.65,53.74,27490.0,53.719,200
2025-02-05 10:50:00-05:00,53.75,53.91,53.74,53.88,29662.0,53.856,194
2025-02-05 10:55:00-05:00,53.9,54.05,53.89,53.93,57347.0,53.975,269
2025-02-05 11:00:00-05:00,53.93,53.98,53.84,53.98,16122.0,53.905,118
2025-02-05 11:05:00-05:00,53.98,54.02,53.87,54.0,21939.0,53.955,170
2025-02-05 11:10:00-05:00,54.0,54.07,53.91,54.01,51376.0,54.005,214
2025-02-05 11:15:00-05:00,54.01,54.04,53.95,53.99,8799.0,54.001,75
2025-02-05 11:20:00-05:00,54.0,54.03,53.95,53.95,24355.0,53.992,180
2025-02-05 11:25:00-05:00,53.96,54.01,53.91,53.95,17863.0,53.965,123
2025-02-05 11:30:00-05:00,53.95,54.11,53.95,54.11,61164.0,54.019,288
2025-02-05 11:35:00-05:00,54.13,54.27,54.1,54.27,47701.0,54.163,165
2025-02-05 11:40:00-05:00,54.27,54.5,54.23,54.47,47269.0,54.311,169
2025-02-05 11:45:00-05:00,54.44,54.46,54.39,54.41,10757.0,54.412,44
2025-02-05 11:50:00-05:00,54.41,54.55,54.38,54.55,16103.0,54.456,131
2025-02-05 11:55:00-05:00,54.54,54.55,54.41,54.43,10607.0,54.489,94
2025-02-05 12:00:00-05:00,54.45,54.45,54.38,54.44,14861.0,54.416,129
2025-02-05 12:05:00-05:00,54.44,54.51,54.38,54.48,14730.0,54.467,110
2025-02-05 12:10:00-05:00,54.47,54.52,54.46,54.49,11072.0,54.491,81
2025-02-05 12:15:00-05:00,54.49,54.54,54.47,54.51,12069.0,54.502,95
2025-02-05 12:20:00-05:00,54.52,54.52,54.45,54.46,17236.0,54.483,131
2025-02-05 12:25:00-05:00,54.47,54.54,54.46,54.46,9429.0,54.491,80
2025-02-05 12:30:00-05:00,54.48,54.51,54.47,54.5,7772.0,54.49,55
2025-02-05 12:35:00-05:00,54.48,54.6,54.48,54.6,46942.0,54.535,162
2025-02-05 12:40:00-05:00,54.61,54.64,54.59,54.61,13673.0,54.607,110
2025-02-05 12:45:00-05:00,54.61,54.63,54.46,54.46,37634.0,54.577,154
2025-02-05 12:50:00-05:00,54.48,54.5,54.41,54.41,8402.0,54.445,69
2025-02-05 12:55:00-05:00,54.41,54.47,54.41,54.41,14333.0,54.43,113
2025-02-05 13:00:00-05:00,54.4,54.47,54.4,54.4,11804.0,54.429,52
2025-02-05 13:05:00-05:00,54.4,54.41,54.3,54.32,11656.0,54.333,83
2025-02-05 13:10:00-05:00,54.3,54.49,54.29,54.49,44365.0,54.321,86
2025-02-05 13:15:00-05:00,54.5,54.55,54.49,54.52,7188.0,54.519,46
2025-02-05 13:20:00-05:00,54.52,54.54,54.5,54.52,8030.0,54.516,53
2025-02-05 13:25:00-05:00,54.51,54.61,54.49,54.57,22618.0,54.543,169
2025-02-05 13:30:00-05:00,54.57,54.67,54.55,54.66,20605.0,54.607,156
2025-02-05 13:35:00-05:00,54.66,54.73,54.65,54.71,14339.0,54.705,97
2025-02-05 13:40:00-05:00,54.71,54.72,54.66,54.66,94743.0,54.706,136
2025-02-05 13:45:00-05:00,54.67,54.72,54.61,54.65,76924.0,54.67,114
2025-02-05 13:50:00-05:00,54.66,54.71,54.6,54.61,9531.0,54.679,86
2025-02-05 13:55:00-05:00,54.61,54.62,54.49,54.49,16336.0,54.584,132
2025-02-05 14:00:00-05:00,54.51,54.55,54.5,54.54,16586.0,54.529,121
2025-02-05 14:05:00-05:00,54.55,54.56,54.51,54.53,33702.0,54.523,75
2025-02-05 14:10:00-05:00,54.53,54.59,54.5,54.53,15082.0,54.545,111
2025-02-05 14:15:00-05:00,54.53,54.6,54.53,54.59,38874.0,54.548,120
2025-02-05 14:20:00-05:00,54.59,54.6,54.49,54.53,54604.0,54.538,108
2025-02-05 14:25:00-05:00,54.53,54.54,54.49,54.5,12538.0,54.512,98
2025-02-05 14:30:00-05:00,54.49,54.51,54.43,54.46,22369.0,54.471,155
2025-02-05 14:35:00-05:00,54.47,54.48,54.42,54.44,19766.0,54.445,111
2025-02-05 14:40:00-05:00,54.43,54.44,54.41,54.43,9632.0,54.425,79
2025-02-05 14:45:00-05:00,54.43,54.49,54.43,54.45,17914.0,54.464,133
2025-02-05 14:50:00-05:00,54.44,54.53,54.44,54.47,16760.0,54.491,101
2025-02-05 14:55:00-05:00,54.48,54.51,54.45,54.48,14256.0,54.475,117
2025-02-05 15:00:00-05:00,54.47,54.52,54.45,54.46,36108.0,54.493,172
2025-02-05 15:05:00-05:00,54.46,54.52,54.45,54.49,22755.0,54.489,172
2025-02-05 15:10:00-05:00,54.49,54.52,54.47,54.5,20073.0,54.502,151
2025-02-05 15:15:00-05:00,54.5,54.56,54.5,54.53,17405.0,54.529,133
2025-02-05 15:20:00-05:00,54.53,54.58,54.5,54.52,19171.0,54.542,154
2025-02-05 15:25:00-05:00,54.52,54.52,54.39,54.4,21678.0,54.446,176
2025-02-05 15:30:00-05:00,54.39,54.41,54.36,54.37,24133.0,54.386,204
2025-02-05 15:35:00-05:00,54.37,54.42,54.36,54.37,24470.0,54.386,216
2025-02-05 15:40:00-05:00,54.37,54.42,54.34,54.36,39239.0,54.373,280
2025-02-05 15:45:00-05:00,54.36,54.39,54.3,54.3,47046.0,54.346,343
2025-02-05 15:50:00-05:00,54.3,54.32,54.16,54.18,82256.0,54.242,526
2025-02-05 15:55:00-05:00,54.18,54.57,54.18,54.53,395075.0,54.451,1802
2025-02-06 09:30:00-05:00,54.32,54.62,54.23,54.61,166502.0,54.441,629
2025-02-06 09:35:00-05:00,54.63,54.72,54.45,54.5,66688.0,54.603,418
2025-02-06 09:40:00-05:00,54.53,54.64,54.44,54.57,33784.0,54.552,236
2025-02-06 09:45:00-05:00,54.59,54.91,54.56,54.89,91609.0,54.643,492
2025-02-06 09:50:00-05:00,54.89,54.89,54.73,54.82,55742.0,54.8,353
2025-02-06 09:55:00-05:00,54.77,54.84,54.68,54.78,23188.0,54.77,154
2025-02-06 10:00:00-05:00,54.77,54.94,54.75,54.88,35045.0,54.858,270
2025-02-06 10:05:00-05:00,54.88,54.99,54.83,54.83,52110.0,54.919,270
2025-02-06 10:10:00-05:00,54.85,55.03,54.81,55.02,27859.0,54.905,212
2025-02-06 10:15:00-05:00,55.02,55.15,54.97,55.09,35383.0,55.048,225
2025-02-06 10:20:00-05:00,55.11,55.14,55.02,55.13,33390.0,55.075,199
2025-02-06 10:25:00-05:00,55.13,55.17,55.07,55.14,30056.0,55.127,204
2025-02-06 10:30:00-05:00,55.14,55.26,55.13,55.2,43823.0,55.196,238
2025-02-06 10:35:00-05:00,55.21,55.52,55.21,55.46,21640.0,55.4,165
2025-02-06 10:40:00-05:00,55.47,55.48,55.43,55.43,29359.0,55.449,125
2025-02-06 10:45:00-05:00,55.42,55.48,55.31,55.45,41270.0,55.417,228
2025-02-06 10:50:00-05:00,55.48,55.52,55.45,55.46,34297.0,55.48,139
2025-02-06 10:55:00-05:00,55.46,55.54,55.41,55.51,55052.0,55.463,225
2025-02-06 11:00:00-05:00,55.52,55.52,55.34,55.42,15441.0,55.413,122
2025-02-06 11:05:00-05:00,55.41,55.48,55.41,55.45,20192.0,55.442,99
2025-02-06 11:10:00-05:00,55.46,55.49,55.35,55.35,24757.0,55.435,153
2025-02-06 11:15:00-05:00,55.35,55.41,55.33,55.35,15940.0,55.373,113
2025-02-06 11:20:00-05:00,55.35,55.4,55.31,55.39,33820.0,55.351,179
2025-02-06 11:25:00-05:00,55.39,55.41,55.36,55.39,30426.0,55.387,153
2025-02-06 11:30:00-05:00,55.39,55.41,55.31,55.31,28886.0,55.384,149
2025-02-06 11:35:00-05:00,55.31,55.4,55.31,55.36,16421.0,55.374,133
2025-02-06 11:40:00-05:00,55.36,55.38,55.33,55.36,7646.0,55.355,71
2025-02-06 11:45:00-05:00,55.36,55.36,55.31,55.33,11168.0,55.333,91
2025-02-06 11:50:00-05:00,55.31,55.31,55.15,55.16,9907.0,55.232,80
2025-02-06 11:55:00-05:00,55.16,55.16,55.07,55.07,15295.0,55.125,133
2025-02-06 12:00:00-05:00,55.06,55.44,55.0,55.23,67478.0,55.163,425
2025-02-06 12:05:00-05:00,55.22,55.22,55.04,55.06,26011.0,55.092,185
2025-02-06 12:10:00-05:00,55.05,55.07,54.99,55.02,14433.0,55.027,112
2025-02-06 12:15:00-05:00,55.02,55.23,55.01,55.22,55541.0,55.132,156
2025-02-06 12:20:00-05:00,55.22,55.24,55.13,55.17,27361.0,55.182,191
2025-02-06 12:25:00-05:00,55.15,55.21,55.12,55.16,14789.0,55.183,107
2025-02-06 12:30:00-05:00,55.16,55.25,55.15,55.22,11977.0,55.184,101
2025-02-06 12:35:00-05:00,55.22,55.25,55.19,55.2,16394.0,55.222,118
2025-02-06 12:40:00-05:00,55.19,55.2,55.13,55.13,8778.0,55.157,76
2025-02-06 12:45:00-05:00,55.13,55.16,55.09,55.1,18058.0,55.128,143
2025-02-06 12:50:00-05:00,55.11,55.16,54.99,55.01,10967.0,55.102,84
2025-02-06 12:55:00-05:00,55.01,55.09,54.99,55.02,15958.0,55.033,132
2025-02-06 13:00:00-05:00,55.02,55.06,55.0,55.0,20585.0,55.028,162
2025-02-06 13:05:00-05:00,55.0,55.06,54.92,54.94,18245.0,54.986,136
2025-02-06 13:10:00-05:00,54.97,55.01,54.94,54.98,13054.0,54.971,94
2025-02-06 13:15:00-05:00,55.0,55.0,54.91,54.91,11918.0,54.961,83
2025-02-06 13:20:00-05:00,54.91,54.95,54.9,54.9,12120.0,54.921,100
2025-02-06 13:25:00-05:00,54.9,54.9,54.84,54.85,10226.0,54.885,88
2025-02-06 13:30:00-05:00,54.86,54.86,54.73,54.73,11842.0,54.767,94
2025-02-06 13:35:00-05:00,54.72,54.73,54.61,54.61,13332.0,54.669,97
2025-02-06 13:40:00-05:00,54.61,54.61,54.45,54.45,27726.0,54.565,206
2025-02-06 13:45:00-05:00,54.44,54.7,54.42,54.69,45052.0,54.548,253
2025-02-06 13:50:00-05:00,54.68,54.68,54.62,54.65,22702.0,54.653,126
2025-02-06 13:55:00-05:00,54.65,54.67,54.59,54.62,17689.0,54.621,145
2025-02-06 14:00:00-05:00,54.61,54.63,54.56,54.56,20868.0,54.603,159
2025-02-06 14:05:00-05:00,54.56,54.65,54.55,54.56,18956.0,54.595,157
2025-02-06 14:10:00-05:00,54.57,54.64,54.55,54.59,19705.0,54.594,133
2025-02-06 14:15:00-05:00,54.58,54.58,54.49,54.49,8129.0,54.536,58
2025-02-06 14:20:00-05:00,54.5,54.54,54.44,54.44,25051.0,54.503,190
2025-02-06 14:25:00-05:00,54.45,54.47,54.37,54.4,17744.0,54.417,153
2025-02-06 14:30:00-05:00,54.37,54.37,54.26,54.27,10586.0,54.296,90
2025-02-06 14:35:00-05:00,54.28,54.34,54.27,54.32,17133.0,54.302,136
2025-02-06 14:40:00-05:00,54.32,54.32,54.25,54.28,18855.0,54.279,123
2025-02-06 14:45:00-05:00,54.29,54.33,54.28,54.31,23056.0,54.304,184
2025-02-06 14:50:00-05:00,54.31,54.38,54.28,54.29,16556.0,54.339,143
2025-02-06 14:55:00-05:00,54.29,54.42,54.28,54.39,24720.0,54.348,196
2025-02-06 15:00:00-05:00,54.38,54.38,54.3,54.3,25470.0,54.332,221
2025-02-06 15:05:00-05:00,54.3,54.34,54.28,54.3,11744.0,54.306,103
2025-02-06 15:10:00-05:00,54.3,54.39,54.3,54.33,23742.0,54.343,204
2025-02-06 15:15:00-05:00,54.34,54.46,54.33,54.36,28688.0,54.39,237
2025-02-06 15:20:00-05:00,54.36,54.43,54.36,54.42,20783.0,54.392,167
2025-02-06 15:25:00-05:00,54.42,54.46,54.42,54.43,23208.0,54.437,195
2025-02-06 15:30:00-05:00,54.44,54.49,54.44,54.48,28936.0,54.462,227
2025-02-06 15:35:00-05:00,54.48,54.51,54.42,54.5,34272.0,54.458,265
2025-02-06 15:40:00-05:00,54.5,54.65,54.49,54.65,28923.0,54.598,222
2025-02-06 15:45:00-05:00,54.64,54.69,54.63,54.69,39758.0,54.663,326
2025-02-06 15:50:00-05:00,54.69,54.79,54.65,54.71,68870.0,54.694,534
2025-02-06 15:55:00-05:00,54.71,54.87,54.67,54.84,263896.0,54.778,1310
2025-02-07 09:30:00-05:00,54.44,54.44,54.11,54.37,71697.0,54.335,289
2025-02-07 09:35:00-05:00,54.41,54.44,53.95,54.01,28683.0,54.138,235
2025-02-07 09:40:00-05:00,54.01,54.5,54.0,54.5,78745.0,54.301,367
2025-02-07 09:45:00-05:00,54.5,54.83,54.5,54.76,53132.0,54.675,383
2025-02-07 09:50:00-05:00,54.77,54.82,54.63,54.63,20632.0,54.726,156
2025-02-07 09:55:00-05:00,54.64,54.78,54.62,54.7,30644.0,54.696,264
2025-02-07 10:00:00-05:00,54.67,54.67,54.5,54.58,17668.0,54.585,148
2025-02-07 10:05:00-05:00,54.58,54.91,54.54,54.76,37814.0,54.768,322
2025-02-07 10:10:00-05:00,54.76,54.82,54.66,54.66,32923.0,54.736,254
2025-02-07 10:15:00-05:00,54.66,54.71,54.58,54.7,24382.0,54.657,211
2025-02-07 10:20:00-05:00,54.68,54.74,54.61,54.74,16904.0,54.688,135
2025-02-07 10:25:00-05:00,54.74,54.83,54.69,54.78,19304.0,54.766,164
2025-02-07 10:30:00-05:00,54.77,54.8,54.68,54.73,13323.0,54.743,107
2025-02-07 10:35:00-05:00,54.74,54.77,54.67,54.77,12629.0,54.731,100
2025-02-07 10:40:00-05:00,54.77,54.79,54.62,54.62,15232.0,54.694,123
2025-02-07 10:45:00-05:00,54.61,54.62,54.49,54.54,14425.0,54.573,134
2025-02-07 10:50:00-05:00,54.55,54.63,54.29,54.29,25829.0,54.5,212
2025-02-07 10:55:00-05:00,54.3,54.43,54.18,54.33,17805.0,54.289,145
2025-02-07 11:00:00-05:00,54.31,54.31,54.13,54.2,21072.0,54.203,177
2025-02-07 11:05:00-05:00,54.2,54.48,54.18,54.44,11051.0,54.343,96
2025-02-07 11:10:00-05:00,54.41,54.43,54.34,54.37,9662.0,54.385,87
2025-02-07 11:15:00-05:00,54.36,54.43,54.33,54.34,15715.0,54.377,140
2025-02-07 11:20:00-05:00,54.36,54.43,54.2,54.21,18752.0,54.286,141
2025-02-07 11:25:00-05:00,54.21,54.28,54.11,54.17,21005.0,54.193,171
2025-02-07 11:30:00-05:00,54.16,54.28,54.16,54.19,32348.0,54.209,231
2025-02-07 11:35:00-05:00,54.19,54.22,54.14,54.18,10628.0,54.188,94
2025-02-07 11:40:00-05:00,54.18,54.18,54.05,54.05,18145.0,54.127,171
2025-02-07 11:45:00-05:00,54.05,54.11,54.02,54.09,15189.0,54.064,131
2025-02-07 11:50:00-05:00,54.08,54.13,54.07,54.12,19537.0,54.09,148
2025-02-07 11:55:00-05:00,54.13,54.2,54.1,54.12,14846.0,54.127,121
2025-02-07 12:00:00-05:00,54.1,54.3,54.05,54.29,35068.0,54.164,261
2025-02-07 12:05:00-05:00,54.3,54.62,54.29,54.62,23892.0,54.469,157
2025-02-07 12:10:00-05:00,54.62,54.63,54.34,54.38,20261.0,54.544,154
2025-02-07 12:15:00-05:00,54.35,54.37,54.18,54.25,10952.0,54.294,100
2025-02-07 12:20:00-05:00,54.3,54.34,54.23,54.23,12777.0,54.286,108
2025-02-07 12:25:00-05:00,54.22,54.23,54.18,54.19,8031.0,54.203,75
2025-02-07 12:30:00-05:00,54.18,54.25,54.17,54.22,6790.0,54.204,63
2025-02-07 12:35:00-05:00,54.24,54.33,54.24,54.33,6336.0,54.282,50
2025-02-07 12:40:00-05:00,54.31,54.31,54.23,54.29,16531.0,54.271,102
2025-02-07 12:45:00-05:00,54.31,54.33,54.27,54.29,6641.0,54.298,57
2025-02-07 12:50:00-05:00,54.29,54.32,54.23,54.3,24090.0,54.269,179
2025-02-07 12:55:00-05:00,54.28,54.32,54.16,54.16,16658.0,54.274,122
2025-02-07 13:00:00-05:00,54.18,54.26,54.15,54.24,13383.0,54.195,111
2025-02-07 13:05:00-05:00,54.23,54.28,54.23,54.25,18322.0,54.244,72
2025-02-07 13:10:00-05:00,54.24,54.24,54.17,54.17,11614.0,54.207,87
2025-02-07 13:15:00-05:00,54.18,54.2,54.15,54.18,21687.0,54.173,176
2025-02-07 13:20:00-05:00,54.16,54.16,53.95,53.96,20332.0,54.008,156
2025-02-07 13:25:00-05:00,53.96,53.97,53.92,53.93,21001.0,53.95,169
2025-02-07 13:30:00-05:00,53.93,53.95,53.9,53.94,20627.0,53.934,151
2025-02-07 13:35:00-05:00,53.94,54.09,53.94,54.07,55910.0,53.99,211
2025-02-07 13:40:00-05:00,54.05,54.06,53.94,53.95,13595.0,53.978,100
2025-02-07 13:45:00-05:00,53.95,54.03,53.93,54.02,8527.0,53.97,74
2025-02-07 13:50:00-05:00,54.01,54.03,53.91,53.91,8760.0,53.983,82
2025-02-07 13:55:00-05:00,53.91,53.93,53.86,53.9,11527.0,53.895,80
2025-02-07 14:00:00-05:00,53.9,53.9,53.82,53.87,9649.0,53.869,74
2025-02-07 14:05:00-05:00,53.88,53.99,53.86,53.98,11827.0,53.921,94
2025-02-07 14:10:00-05:00,53.99,54.0,53.92,54.0,11801.0,53.957,91
2025-02-07 14:15:00-05:00,54.0,54.01,53.98,53.98,10128.0,53.997,66
2025-02-07 14:20:00-05:00,53.98,54.0,53.9,53.97,17662.0,53.96,147
2025-02-07 14:25:00-05:00,53.97,53.99,53.87,53.87,6724.0,53.954,51
2025-02-07 14:30:00-05:00,53.86,53.92,53.85,53.92,14923.0,53.875,117
2025-02-07 14:35:00-05:00,53.91,54.07,53.91,54.01,18594.0,53.966,111
2025-02-07 14:40:00-05:00,53.99,53.99,53.94,53.99,4926.0,53.962,47
2025-02-07 14:45:00-05:00,54.0,54.01,53.95,53.98,10030.0,53.988,72
2025-02-07 14:50:00-05:00,53.98,54.02,53.97,53.99,9757.0,53.991,75
2025-02-07 14:55:00-05:00,53.99,53.99,53.93,53.94,9200.0,53.959,86
2025-02-07 15:00:00-05:00,53.94,53.99,53.89,53.9,9441.0,53.941,83
2025-02-07 15:05:00-05:00,53.91,53.95,53.9,53.94,11414.0,53.923,74
2025-02-07 15:10:00-05:00,53.93,53.95,53.91,53.93,11579.0,53.932,98
2025-02-07 15:15:00-05:00,53.93,53.99,53.91,53.99,8694.0,53.941,78
2025-02-07 15:20:00-05:00,53.99,54.02,53.96,54.0,12633.0,53.985,97
2025-02-07 15:25:00-05:00,54.0,54.05,53.89,53.89,17198.0,53.998,148
2025-02-07 15:30:00-05:00,53.9,53.97,53.89,53.96,12343.0,53.933,110
2025-02-07 15:35:00-05:00,53.97,53.98,53.9,53.91,8457.0,53.95,73
2025-02-07 15:40:00-05:00,53.9,53.91,53.82,53.82,13198.0,53.874,108
2025-02-07 15:45:00-05:00,53.83,53.89,53.8,53.89,22872.0,53.837,137
2025-02-07 15:50:00-05:00,53.92,54.02,53.88,53.92,25666.0,53.92,210
2025-02-07 15:55:00-05:00,53.92,54.03,53.89,53.99,168026.0,53.988,904
2025-02-10 09:30:00-05:00,54.56,54.84,54.02,54.02,66610.0,54.436,232
2025-02-10 09:35:00-05:00,54.01,54.11,53.79,53.79,11795.0,53.99,95
2025-02-10 09:40:00-05:00,53.8,53.91,53.79,53.89,9749.0,53.827,93
2025-02-10 09:45:00-05:00,53.89,53.89,53.64,53.73,13705.0,53.725,96
2025-02-10 09:50:00-05:00,53.71,53.74,53.57,53.57,6361.0,53.643,52
2025-02-10 09:55:00-05:00,53.55,53.65,53.51,53.55,6963.0,53.579,64
2025-02-10 10:00:00-05:00,53.54,53.73,53.53,53.73,20133.0,53.611,177
2025-02-10 10:05:00-05:00,53.73,53.78,53.7,53.73,12293.0,53.744,99
2025-02-10 10:10:00-05:00,53.73,53.87,53.73,53.75,7135.0,53.822,56
2025-02-10 10:15:00-05:00,53.75,53.87,53.74,53.81,10956.0,53.818,93
2025-02-10 10:20:00-05:00,53.8,53.82,53.69,53.7,10278.0,53.748,75
2025-02-10 10:25:00-05:00,53.69,53.71,53.66,53.7,9203.0,53.69,83
2025-02-10 10:30:00-05:00,53.69,53.72,53.63,53.63,14463.0,53.683,102
2025-02-10 10:35:00-05:00,53.64,53.67,53.54,53.6,14740.0,53.612,113
2025-02-10 10:40:00-05:00,53.62,53.64,53.48,53.64,44645.0,53.535,310
2025-02-10 10:45:00-05:00,53.66,53.71,53.57,53.67,19671.0,53.647,156
2025-02-10 10:50:00-05:00,53.66,53.66,53.63,53.64,7865.0,53.642,57
2025-02-10 10:55:00-05:00,53.63,53.71,53.58,53.7,25711.0,53.657,193
2025-02-10 11:00:00-05:00,53.68,53.79,53.68,53.79,13532.0,53.75,115
2025-02-10 11:05:00-05:00,53.78,53.85,53.77,53.83,13772.0,53.811,124
2025-02-10 11:10:00-05:00,53.82,53.85,53.81,53.83,14245.0,53.833,121
2025-02-10 11:15:00-05:00,53.82,53.82,53.7,53.72,19653.0,53.775,154
2025-02-10 11:20:00-05:00,53.73,53.77,53.73,53.76,11626.0,53.746,106
2025-02-10 11:25:00-05:00,53.77,53.8,53.77,53.8,9246.0,53.789,78
2025-02-10 11:30:00-05:00,53.81,53.82,53.75,53.79,30915.0,53.795,215
2025-02-10 11:35:00-05:00,53.78,53.78,53.75,53.76,4077.0,53.764,37
2025-02-10 11:40:00-05:00,53.75,53.77,53.67,53.67,8684.0,53.726,81
2025-02-10 11:45:00-05:00,53.68,53.75,53.68,53.75,8643.0,53.721,73
2025-02-10 11:50:00-05:00,53.75,53.84,53.75,53.83,10471.0,53.786,86
2025-02-10 11:55:00-05:00,53.83,53.84,53.74,53.8,14964.0,53.795,123
2025-02-10 12:00:00-05:00,53.8,53.89,53.8,53.83,6907.0,53.836,43
2025-02-10 12:05:00-05:00,53.83,53.84,53.78,53.8,4193.0,53.8,32
2025-02-10 12:10:00-05:00,53.78,53.84,53.76,53.84,7731.0,53.795,66
2025-02-10 12:15:00-05:00,53.86,53.88,53.84,53.88,5301.0,53.861,46
2025-02-10 12:20:00-05:00,53.9,53.93,53.89,53.91,4966.0,53.909,42
2025-02-10 12:25:00-05:00,53.91,53.91,53.85,53.86,5924.0,53.871,45
2025-02-10 12:30:00-05:00,53.87,53.98,53.87,53.94,9182.0,53.953,64
2025-02-10 12:35:00-05:00,53.94,53.97,53.94,53.97,4180.0,53.96,40
2025-02-10 12:40:00-05:00,53.96,54.05,53.95,54.02,11545.0,54.004,97
2025-02-10 12:45:00-05:00,54.01,54.01,53.96,53.96,7227.0,53.986,58
2025-02-10 12:50:00-05:00,53.97,54.0,53.97,53.99,4261.0,53.989,37
2025-02-10 12:55:00-05:00,53.99,54.02,53.98,54.0,7627.0,54.002,63
2025-02-10 13:00:00-05:00,54.0,54.04,53.99,54.01,10770.0,54.011,89
2025-02-10 13:05:00-05:00,54.0,54.02,53.96,53.97,7952.0,53.983,61
2025-02-10 13:10:00-05:00,53.97,54.06,53.96,54.03,15045.0,54.014,129
2025-02-10 13:15:00-05:00,54.04,54.04,53.97,53.99,7085.0,54.001,56
2025-02-10 13:20:00-05:00,53.98,54.08,53.98,54.07,14826.0,54.041,119
2025-02-10 13:25:00-05:00,54.08,54.09,54.05,54.05,7929.0,54.07,70
2025-02-10 13:30:00-05:00,54.04,54.08,54.03,54.08,9863.0,54.048,85
2025-02-10 13:35:00-05:00,54.08,54.11,54.07,54.08,12342.0,54.087,107
2025-02-10 13:40:00-05:00,54.09,54.1,54.06,54.06,6755.0,54.082,49
2025-02-10 13:45:00-05:00,54.05,54.14,54.05,54.14,7399.0,54.08,60
2025-02-10 13:50:00-05:00,54.14,54.14,54.04,54.04,8721.0,54.082,71
2025-02-10 13:55:00-05:00,54.03,54.07,54.03,54.06,9133.0,54.05,81
2025-02-10 14:00:00-05:00,54.06,54.08,54.05,54.05,10914.0,54.054,70
2025-02-10 14:05:00-05:00,54.06,54.08,54.05,54.07,13339.0,54.062,81
2025-02-10 14:10:00-05:00,54.08,54.11,54.06,54.08,11293.0,54.082,92
2025-02-10 14:15:00-05:00,54.07,54.07,54.03,54.04,8088.0,54.062,67
2025-02-10 14:20:00-05:00,54.04,54.07,54.03,54.05,14042.0,54.047,82
2025-02-10 14:25:00-05:00,54.05,54.08,54.04,54.05,9309.0,54.059,67
2025-02-10 14:30:00-05:00,54.06,54.09,54.04,54.08,15145.0,54.071,114
2025-02-10 14:35:00-05:00,54.08,54.08,54.0,54.01,9914.0,54.037,88
2025-02-10 14:40:00-05:00,54.01,54.02,53.99,54.0,12916.0,54.003,103
2025-02-10 14:45:00-05:00,53.99,54.01,53.98,53.98,7457.0,53.994,66
2025-02-10 14:50:00-05:00,53.98,54.02,53.98,54.01,11656.0,54.005,94
2025-02-10 14:55:00-05:00,54.01,54.02,53.97,53.98,7899.0,53.998,56
2025-02-10 15:00:00-05:00,53.98,54.01,53.97,53.98,16378.0,53.992,122
2025-02-10 15:05:00-05:00,53.99,54.01,53.94,53.96,9051.0,53.987,74
2025-02-10 15:10:00-05:00,53.95,53.99,53.95,53.99,9969.0,53.967,66
2025-02-10 15:15:00-05:00,53.99,54.0,53.94,53.94,9612.0,53.968,73
2025-02-10 15:20:00-05:00,53.95,54.03,53.9,54.03,28399.0,53.965,219
2025-02-10 15:25:00-05:00,54.02,54.05,53.92,53.92,20762.0,54.001,174
2025-02-10 15:30:00-05:00,53.92,53.93,53.85,53.86,14719.0,53.895,110
2025-02-10 15:35:00-05:00,53.86,53.86,53.71,53.73,35257.0,53.77,257
2025-02-10 15:40:00-05:00,53.73,53.74,53.67,53.7,24610.0,53.708,204
2025-02-10 15:45:00-05:00,53.7,53.71,53.57,53.58,39334.0,53.649,280
2025-02-10 15:50:00-05:00,53.58,53.68,53.53,53.57,63980.0,53.592,526
2025-02-10 15:55:00-05:00,53.57,53.59,53.45,53.52,218319.0,53.523,1307
2025-02-11 09:30:00-05:00,53.05,53.48,52.8,53.3,116030.0,53.138,421
2025-02-11 09:35:00-05:00,53.31,53.33,53.0,53.01,47997.0,53.112,390
2025-02-11 09:40:00-05:00,53.01,53.17,52.95,53.11,92312.0,53.063,585
2025-02-11 09:45:00-05:00,53.1,53.15,52.81,52.95,47331.0,52.974,316
2025-02-11 09:50:00-05:00,52.98,53.28,52.94,53.28,64736.0,53.127,346
2025-02-11 09:55:00-05:00,53.28,53.37,53.15,53.35,23144.0,53.26,194
2025-02-11 10:00:00-05:00,53.31,53.35,53.1,53.13,11578.0,53.198,87
2025-02-11 10:05:00-05:00,53.1,53.1,52.97,52.97,13055.0,53.038,110
2025-02-11 10:10:00-05:00,52.97,53.16,52.91,53.08,19059.0,53.04,150
2025-02-11 10:15:00-05:00,53.09,53.18,53.06,53.09,19599.0,53.114,151
2025-02-11 10:20:00-05:00,53.09,53.18,53.08,53.13,15554.0,53.141,127
2025-02-11 10:25:00-05:00,53.13,53.17,53.1,53.16,18716.0,53.13,143
2025-02-11 10:30:00-05:00,53.17,53.27,53.17,53.25,12766.0,53.221,108
2025-02-11 10:35:00-05:00,53.26,53.35,53.25,53.3,13052.0,53.291,110
2025-02-11 10:40:00-05:00,53.3,53.36,53.29,53.33,19596.0,53.319,164
2025-02-11 10:45:00-05:00,53.32,53.49,53.27,53.47,64233.0,53.355,425
2025-02-11 10:50:00-05:00,53.48,53.62,53.47,53.6,44054.0,53.541,322
2025-02-11 10:55:00-05:00,53.61,53.62,53.46,53.52,25400.0,53.535,188
2025-02-11 11:00:00-05:00,53.53,53.58,53.5,53.55,26046.0,53.538,182
2025-02-11 11:05:00-05:00,53.54,53.67,53.53,53.64,18385.0,53.604,139
2025-02-11 11:10:00-05:00,53.64,53.66,53.57,53.57,14587.0,53.625,121
2025-02-11 11:15:00-05:00,53.56,53.58,53.55,53.57,12606.0,53.567,83
2025-02-11 11:20:00-05:00,53.56,53.57,53.52,53.52,9945.0,53.542,79
2025-02-11 11:25:00-05:00,53.52,53.52,53.48,53.49,14675.0,53.503,101
2025-02-11 11:30:00-05:00,53.49,53.6,53.41,53.53,79690.0,53.511,484
2025-02-11 11:35:00-05:00,53.52,53.53,53.48,53.51,8805.0,53.502,64
2025-02-11 11:40:00-05:00,53.51,53.52,53.45,53.47,6730.0,53.489,56
2025-02-11 11:45:00-05:00,53.46,53.51,53.44,53.51,18044.0,53.457,108
2025-02-11 11:50:00-05:00,53.51,53.52,53.35,53.36,8636.0,53.428,61
2025-02-11 11:55:00-05:00,53.36,53.42,53.35,53.39,12604.0,53.386,103
2025-02-11 12:00:00-05:00,53.39,53.44,53.38,53.42,16267.0,53.399,103
2025-02-11 12:05:00-05:00,53.42,53.43,53.38,53.38,6180.0,53.405,38
2025-02-11 12:10:00-05:00,53.38,53.39,53.34,53.34,10058.0,53.365,82
2025-02-11 12:15:00-05:00,53.34,53.45,53.34,53.42,10408.0,53.395,78
2025-02-11 12:20:00-05:00,53.41,53.42,53.39,53.39,2738.0,53.396,14
2025-02-11 12:25:00-05:00,53.39,53.41,53.37,53.37,6693.0,53.39,53
2025-02-11 12:30:00-05:00,53.37,53.42,53.33,53.41,11332.0,53.369,83
2025-02-11 12:35:00-05:00,53.39,53.41,53.38,53.39,10694.0,53.391,84
2025-02-11 12:40:00-05:00,53.39,53.46,53.38,53.43,10866.0,53.416,80
2025-02-11 12:45:00-05:00,53.42,53.47,53.4,53.4,7379.0,53.435,58
2025-02-11 12:50:00-05:00,53.4,53.4,53.37,53.38,4836.0,53.387,42
2025-02-11 12:55:00-05:00,53.38,53.39,53.32,53.32,13840.0,53.371,101
2025-02-11 13:00:00-05:00,53.32,53.32,53.27,53.27,4634.0,53.288,27
2025-02-11 13:05:00-05:00,53.28,53.31,53.27,53.31,9269.0,53.289,64
2025-02-11 13:10:00-05:00,53.32,53.35,53.3,53.31,8300.0,53.32,53
2025-02-11 13:15:00-05:00,53.3,53.32,53.29,53.31,4203.0,53.301,31
2025-02-11 13:20:00-05:00,53.31,53.35,53.29,53.3,9237.0,53.322,58
2025-02-11 13:25:00-05:00,53.29,53.3,53.25,53.25,20017.0,53.285,84
2025-02-11 13:30:00-05:00,53.25,53.26,53.24,53.25,16770.0,53.251,92
2025-02-11 13:35:00-05:00,53.24,53.3,53.23,53.23,13997.0,53.269,106
2025-02-11 13:40:00-05:00,53.24,53.25,53.21,53.22,9604.0,53.238,75
2025-02-11 13:45:00-05:00,53.22,53.29,53.21,53.25,8671.0,53.246,74
2025-02-11 13:50:00-05:00,53.25,53.29,53.25,53.26,12121.0,53.261,100
2025-02-11 13:55:00-05:00,53.25,53.29,53.25,53.29,11868.0,53.274,86
2025-02-11 14:00:00-05:00,53.3,53.37,53.29,53.35,12116.0,53.339,49
2025-02-11 14:05:00-05:00,53.35,53.35,53.32,53.34,4767.0,53.337,34
2025-02-11 14:10:00-05:00,53.34,53.36,53.29,53.29,13677.0,53.336,105
2025-02-11 14:15:00-05:00,53.29,53.3,53.18,53.21,22242.0,53.236,149
2025-02-11 14:20:00-05:00,53.2,53.21,53.17,53.19,25311.0,53.194,173
2025-02-11 14:25:00-05:00,53.18,53.2,53.12,53.13,18637.0,53.164,141
2025-02-11 14:30:00-05:00,53.13,53.18,53.11,53.18,13538.0,53.14,107
2025-02-11 14:35:00-05:00,53.18,53.23,53.17,53.23,11678.0,53.194,97
2025-02-11 14:40:00-05:00,53.23,53.25,53.2,53.22,19479.0,53.227,136
2025-02-11 14:45:00-05:00,53.22,53.28,53.22,53.25,8218.0,53.251,67
2025-02-11 14:50:00-05:00,53.26,53.28,53.24,53.26,10903.0,53.263,81
2025-02-11 14:55:00-05:00,53.25,53.25,53.21,53.22,18668.0,53.23,139
2025-02-11 15:00:00-05:00,53.22,53.25,53.14,53.15,32963.0,53.205,109
2025-02-11 15:05:00-05:00,53.14,53.16,53.12,53.16,12436.0,53.138,92
2025-02-11 15:10:00-05:00,53.16,53.22,53.15,53.19,14512.0,53.181,99
2025-02-11 15:15:00-05:00,53.18,53.21,53.15,53.18,28446.0,53.178,200
2025-02-11 15:20:00-05:00,53.2,53.22,53.18,53.21,26775.0,53.202,168
2025-02-11 15:25:00-05:00,53.21,53.31,53.2,53.3,26778.0,53.229,206
2025-02-11 15:30:00-05:00,53.32,53.44,53.3,53.37,35070.0,53.361,252
2025-02-11 15:35:00-05:00,53.37,53.4,53.32,53.38,24961.0,53.356,196
2025-02-11 15:40:00-05:00,53.38,53.39,53.29,53.32,39095.0,53.336,235
2025-02-11 15:45:00-05:00,53.31,53.4,53.31,53.39,48740.0,53.347,332
2025-02-11 15:50:00-05:00,53.39,53.52,53.27,53.32,71646.0,53.365,512
2025-02-11 15:55:00-05:00,53.33,53.66,53.33,53.64,248091.0,53.502,1572
2025-02-12 09:30:00-05:00,50.96,51.07,49.75,49.8,385666.0,50.47,2015
2025-02-12 09:35:00-05:00,49.83,50.56,49.28,50.43,209277.0,49.871,1007
2025-02-12 09:40:00-05:00,50.47,50.77,50.26,50.26,109992.0,50.534,709
2025-02-12 09:45:00-05:00,50.26,50.43,50.14,50.19,84126.0,50.241,551
2025-02-12 09:50:00-05:00,50.2,50.65,50.1,50.62,81669.0,50.279,498
2025-02-12 09:55:00-05:00,50.6,50.82,50.41,50.82,38708.0,50.607,274
2025-02-12 10:00:00-05:00,50.82,50.99,50.69,50.82,79422.0,50.845,475
2025-02-12 10:05:00-05:00,50.82,51.13,50.72,51.02,92950.0,50.956,407
2025-02-12 10:10:00-05:00,51.04,51.4,50.99,51.3,61180.0,51.176,376
2025-02-12 10:15:00-05:00,51.29,51.36,50.87,50.88,54562.0,51.155,335
2025-02-12 10:20:00-05:00,50.91,51.05,50.75,50.93,57226.0,50.889,372
2025-02-12 10:25:00-05:00,50.95,51.2,50.95,51.18,23908.0,51.084,178
2025-02-12 10:30:00-05:00,51.16,51.18,51.03,51.13,69821.0,51.109,357
2025-02-12 10:35:00-05:00,51.16,51.17,51.02,51.05,52500.0,51.117,341
2025-02-12 10:40:00-05:00,51.05,51.06,50.69,50.73,32633.0,50.929,228
2025-02-12 10:45:00-05:00,50.76,50.84,50.64,50.65,21570.0,50.778,149
2025-02-12 10:50:00-05:00,50.68,50.78,50.48,50.77,34163.0,50.658,250
2025-02-12 10:55:00-05:00,50.77,51.23,50.74,51.18,69829.0,51.011,493
2025-02-12 11:00:00-05:00,51.2,51.22,50.94,50.98,68767.0,51.064,342
2025-02-12 11:05:00-05:00,50.98,51.04,50.37,50.39,184616.0,50.803,730
2025-02-12 11:10:00-05:00,50.39,50.53,50.34,50.35,46530.0,50.424,264
2025-02-12 11:15:00-05:00,50.38,50.44,50.28,50.36,45634.0,50.367,300
2025-02-12 11:20:00-05:00,50.35,50.39,49.97,50.0,107172.0,50.173,385
2025-02-12 11:25:00-05:00,50.01,50.15,49.81,50.02,75907.0,49.936,469
2025-02-12 11:30:00-05:00,50.02,50.04,49.68,49.69,143054.0,49.851,786
2025-02-12 11:35:00-05:00,49.71,49.78,49.5,49.5,44160.0,49.693,328
2025-02-12 11:40:00-05:00,49.54,49.6,49.39,49.45,38410.0,49.501,289
2025-02-12 11:45:00-05:00,49.45,49.92,49.44,49.91,230296.0,49.615,218
2025-02-12 11:50:00-05:00,49.89,50.12,49.84,50.01,227607.0,50.02,565
2025-02-12 11:55:00-05:00,50.04,50.1,49.93,49.97,34500.0,50.014,268
2025-02-12 12:00:00-05:00,49.94,50.12,49.9,50.12,25187.0,50.006,193
2025-02-12 12:05:00-05:00,50.11,50.11,49.92,50.03,184950.0,50.069,414
2025-02-12 12:10:00-05:00,50.05,50.21,50.05,50.18,39911.0,50.158,252
2025-02-12 12:15:00-05:00,50.19,50.42,50.12,50.18,101340.0,50.262,359
2025-02-12 12:20:00-05:00,50.19,50.38,50.19,50.28,71230.0,50.265,269
2025-02-12 12:25:00-05:00,50.26,50.5,50.23,50.5,33058.0,50.38,121
2025-02-12 12:30:00-05:00,50.5,50.56,50.47,50.5,19266.0,50.52,147
2025-02-12 12:35:00-05:00,50.51,50.59,50.43,50.51,60969.0,50.519,250
2025-02-12 12:40:00-05:00,50.48,50.59,50.39,50.59,19705.0,50.467,149
2025-02-12 12:45:00-05:00,50.6,50.79,50.6,50.77,44005.0,50.734,259
2025-02-12 12:50:00-05:00,50.8,50.87,50.78,50.87,24624.0,50.821,149
2025-02-12 12:55:00-05:00,50.84,51.0,50.84,50.99,59127.0,50.939,291
2025-02-12 13:00:00-05:00,50.98,51.06,50.85,50.91,129548.0,50.967,508
2025-02-12 13:05:00-05:00,50.9,51.05,50.89,50.89,92913.0,50.991,256
2025-02-12 13:10:00-05:00,50.92,51.0,50.81,50.84,20317.0,50.921,117
2025-02-12 13:15:00-05:00,50.84,50.91,50.8,50.9,15909.0,50.861,114
2025-02-12 13:20:00-05:00,50.93,51.05,50.93,50.99,74688.0,51.002,236
2025-02-12 13:25:00-05:00,50.99,51.1,50.99,51.1,19100.0,51.055,149
2025-02-12 13:30:00-05:00,51.11,51.17,51.06,51.06,24433.0,51.127,174
2025-02-12 13:35:00-05:00,51.06,51.13,50.95,50.99,69091.0,51.022,228
2025-02-12 13:40:00-05:00,50.96,51.0,50.64,50.65,61267.0,50.961,134
2025-02-12 13:45:00-05:00,50.65,50.72,50.61,50.66,18011.0,50.666,104
2025-02-12 13:50:00-05:00,50.67,50.71,50.61,50.61,23694.0,50.661,204
2025-02-12 13:55:00-05:00,50.62,50.64,50.49,50.49,14347.0,50.545,129
2025-02-12 14:00:00-05:00,50.49,50.53,50.4,50.53,17816.0,50.455,135
2025-02-12 14:05:00-05:00,50.53,50.79,50.53,50.72,26147.0,50.684,191
2025-02-12 14:10:00-05:00,50.72,50.83,50.72,50.82,15929.0,50.767,128
2025-02-12 14:15:00-05:00,50.8,50.86,50.54,50.57,40853.0,50.768,208
2025-02-12 14:20:00-05:00,50.54,50.7,50.5,50.53,32677.0,50.61,226
2025-02-12 14:25:00-05:00,50.55,50.64,50.5,50.64,19212.0,50.574,151
2025-02-12 14:30:00-05:00,50.64,50.81,50.63,50.79,27053.0,50.719,203
2025-02-12 14:35:00-05:00,50.8,50.9,50.8,50.89,22601.0,50.843,177
2025-02-12 14:40:00-05:00,50.9,51.02,50.9,50.95,24522.0,50.952,166
2025-02-12 14:45:00-05:00,50.95,51.02,50.94,50.94,55956.0,50.98,272
2025-02-12 14:50:00-05:00,50.93,50.93,50.74,50.85,35144.0,50.839,251
2025-02-12 14:55:00-05:00,50.83,50.97,50.81,50.96,39662.0,50.911,259
2025-02-12 15:00:00-05:00,50.96,51.02,50.89,50.96,39115.0,50.953,232
2025-02-12 15:05:00-05:00,50.96,50.96,50.87,50.89,40143.0,50.9,254
2025-02-12 15:10:00-05:00,50.89,50.98,50.83,50.98,56210.0,50.883,331
2025-02-12 15:15:00-05:00,50.98,50.98,50.85,50.89,21928.0,50.91,164
2025-02-12 15:20:00-05:00,50.9,51.02,50.9,51.02,51382.0,50.981,294
2025-02-12 15:25:00-05:00,51.01,51.02,50.94,50.96,50429.0,50.978,312
2025-02-12 15:30:00-05:00,50.96,51.04,50.96,51.01,67885.0,51.006,399
2025-02-12 15:35:00-05:00,51.01,51.18,51.0,51.14,45596.0,51.104,340
2025-02-12 15:40:00-05:00,51.16,51.29,51.16,51.25,71536.0,51.233,468
2025-02-12 15:45:00-05:00,51.25,51.32,51.18,51.26,78403.0,51.246,567
2025-02-12 15:50:00-05:00,51.27,51.34,51.05,51.09,97308.0,51.156,729
2025-02-12 15:55:00-05:00,51.08,51.2,50.9,50.94,483485.0,51.047,1939
2025-02-13 09:30:00-05:00,53.44,54.47,53.31,53.87,252809.0,53.907,762
2025-02-13 09:35:00-05:00,53.81,54.1,53.52,54.05,82887.0,53.765,561
2025-02-13 09:40:00-05:00,54.1,54.16,53.79,53.93,71250.0,54.013,462
2025-02-13 09:45:00-05:00,53.89,54.14,53.73,53.82,58284.0,53.903,417
2025-02-13 09:50:00-05:00,53.79,53.96,53.48,53.96,115221.0,53.702,469
2025-02-13 09:55:00-05:00,53.94,53.97,53.5,53.58,132580.0,53.766,635
2025-02-13 10:00:00-05:00,53.59,53.92,53.57,53.72,28231.0,53.748,206
2025-02-13 10:05:00-05:00,53.72,53.86,53.6,53.62,37115.0,53.725,221
2025-02-13 10:10:00-05:00,53.62,53.9,53.59,53.83,41040.0,53.737,249
2025-02-13 10:15:00-05:00,53.83,54.01,53.77,53.9,14376.0,53.886,107
2025-02-13 10:20:00-05:00,53.9,53.95,53.87,53.91,17806.0,53.913,132
2025-02-13 10:25:00-05:00,53.91,54.04,53.79,54.01,31218.0,53.907,222
2025-02-13 10:30:00-05:00,54.02,54.02,53.74,53.91,20918.0,53.897,149
2025-02-13 10:35:00-05:00,53.92,54.1,53.91,54.06,31412.0,54.022,216
2025-02-13 10:40:00-05:00,54.07,54.2,54.02,54.12,20021.0,54.1,128
2025-02-13 10:45:00-05:00,54.11,54.36,54.03,54.36,20896.0,54.213,131
2025-02-13 10:50:00-05:00,54.34,54.43,54.28,54.28,52933.0,54.38,352
2025-02-13 10:55:00-05:00,54.3,54.31,54.13,54.23,31626.0,54.214,144
2025-02-13 11:00:00-05:00,54.23,54.52,54.2,54.47,19457.0,54.384,143
2025-02-13 11:05:00-05:00,54.48,54.48,54.29,54.29,26781.0,54.378,179
2025-02-13 11:10:00-05:00,54.29,54.42,54.16,54.4,96338.0,54.319,236
2025-02-13 11:15:00-05:00,54.38,54.56,54.38,54.56,69246.0,54.5,488
2025-02-13 11:20:00-05:00,54.55,54.62,54.44,54.47,35223.0,54.554,273
2025-02-13 11:25:00-05:00,54.5,54.66,54.44,54.48,37567.0,54.551,235
2025-02-13 11:30:00-05:00,54.44,54.65,54.36,54.37,81965.0,54.534,579
2025-02-13 11:35:00-05:00,54.4,54.4,54.32,54.34,13823.0,54.362,95
2025-02-13 11:40:00-05:00,54.35,54.5,54.34,54.5,32688.0,54.441,247
2025-02-13 11:45:00-05:00,54.48,54.65,54.47,54.65,42665.0,54.536,291
2025-02-13 11:50:00-05:00,54.63,54.69,54.57,54.58,41998.0,54.61,232
2025-02-13 11:55:00-05:00,54.6,54.61,54.5,54.54,11732.0,54.546,106
2025-02-13 12:00:00-05:00,54.53,54.58,54.48,54.57,43907.0,54.526,157
2025-02-13 12:05:00-05:00,54.54,54.63,54.49,54.63,24792.0,54.575,141
2025-02-13 12:10:00-05:00,54.62,54.92,54.61,54.9,20268.0,54.802,130
2025-02-13 12:15:00-05:00,54.89,54.93,54.84,54.89,39727.0,54.882,302
2025-02-13 12:20:00-05:00,54.89,55.02,54.83,55.0,40477.0,54.961,189
2025-02-13 12:25:00-05:00,55.0,55.09,54.97,55.08,52554.0,55.008,290
2025-02-13 12:30:00-05:00,55.06,55.06,54.87,54.9,149424.0,54.975,640
2025-02-13 12:35:00-05:00,54.93,54.93,54.66,54.66,100481.0,54.729,197
2025-02-13 12:40:00-05:00,54.61,54.62,54.33,54.34,21238.0,54.486,181
2025-02-13 12:45:00-05:00,54.34,54.34,54.08,54.26,31495.0,54.218,253
2025-02-13 12:50:00-05:00,54.25,54.26,54.09,54.26,27885.0,54.158,150
2025-02-13 12:55:00-05:00,54.26,54.29,53.99,54.01,53502.0,54.088,305
2025-02-13 13:00:00-05:00,54.03,54.08,53.8,53.81,25696.0,53.938,199
2025-02-13 13:05:00-05:00,53.85,53.95,53.68,53.68,18674.0,53.794,145
2025-02-13 13:10:00-05:00,53.68,53.81,53.34,53.37,57889.0,53.658,270
2025-02-13 13:15:00-05:00,53.38,53.6,53.31,53.55,61586.0,53.474,339
2025-02-13 13:20:00-05:00,53.54,53.6,53.45,53.47,45780.0,53.511,265
2025-02-13 13:25:00-05:00,53.5,53.5,53.36,53.43,28705.0,53.43,218
2025-02-13 13:30:00-05:00,53.43,53.53,53.37,53.38,26945.0,53.444,151
2025-02-13 13:35:00-05:00,53.39,53.52,53.32,53.44,21931.0,53.416,155
2025-02-13 13:40:00-05:00,53.49,53.56,53.37,53.44,29284.0,53.466,227
2025-02-13 13:45:00-05:00,53.47,53.66,53.46,53.64,25126.0,53.559,177
2025-02-13 13:50:00-05:00,53.63,53.66,53.5,53.55,12774.0,53.584,107
2025-02-13 13:55:00-05:00,53.53,53.63,53.5,53.58,17708.0,53.557,146
2025-02-13 14:00:00-05:00,53.59,53.78,53.58,53.78,12770.0,53.637,116
2025-02-13 14:05:00-05:00,53.78,53.92,53.76,53.92,16885.0,53.821,108
2025-02-13 14:10:00-05:00,53.91,53.98,53.85,53.89,11757.0,53.91,102
2025-02-13 14:15:00-05:00,53.91,54.03,53.85,53.98,11767.0,53.954,87
2025-02-13 14:20:00-05:00,53.96,54.12,53.96,54.07,24437.0,54.049,132
2025-02-13 14:25:00-05:00,54.07,54.07,53.95,53.98,13446.0,53.988,107
2025-02-13 14:30:00-05:00,53.97,54.06,53.97,54.04,12663.0,54.015,106
2025-02-13 14:35:00-05:00,54.04,54.06,53.95,53.95,14204.0,54.009,107
2025-02-13 14:40:00-05:00,53.96,53.99,53.88,53.9,11545.0,53.956,96
2025-02-13 14:45:00-05:00,53.89,53.91,53.81,53.85,16702.0,53.874,124
2025-02-13 14:50:00-05:00,53.86,53.9,53.83,53.83,17440.0,53.868,121
2025-02-13 14:55:00-05:00,53.83,53.91,53.81,53.91,18316.0,53.847,147
2025-02-13 15:00:00-05:00,53.91,54.0,53.9,53.98,14714.0,53.958,104
2025-02-13 15:05:00-05:00,53.98,54.0,53.93,53.93,12423.0,53.969,104
2025-02-13 15:10:00-05:00,53.95,54.13,53.94,54.13,17643.0,54.03,137
2025-02-13 15:15:00-05:00,54.13,54.23,54.1,54.22,12033.0,54.154,101
2025-02-13 15:20:00-05:00,54.23,54.33,54.22,54.29,17396.0,54.251,112
2025-02-13 15:25:00-05:00,54.3,54.34,54.27,54.32,22697.0,54.305,170
2025-02-13 15:30:00-05:00,54.32,54.44,54.32,54.38,29387.0,54.376,232
2025-02-13 15:35:00-05:00,54.38,54.5,54.25,54.39,70236.0,54.402,287
2025-02-13 15:40:00-05:00,54.4,54.57,54.34,54.54,70633.0,54.473,367
2025-02-13 15:45:00-05:00,54.55,54.67,54.45,54.48,114594.0,54.588,771
2025-02-13 15:50:00-05:00,54.5,54.76,54.36,54.73,138394.0,54.574,809
2025-02-13 15:55:00-05:00,54.73,54.82,54.57,54.65,255420.0,54.659,1516
2025-02-14 09:30:00-05:00,54.32,54.39,54.01,54.19,105786.0,54.238,317
2025-02-14 09:35:00-05:00,54.14,54.21,53.86,54.18,41612.0,54.04,276
2025-02-14 09:40:00-05:00,54.23,54.46,54.19,54.43,64638.0,54.332,248
2025-02-14 09:45:00-05:00,54.43,54.58,54.38,54.4,34968.0,54.453,198
2025-02-14 09:50:00-05:00,54.39,54.47,54.36,54.44,38539.0,54.419,245
2025-02-14 09:55:00-05:00,54.44,54.57,54.4,54.56,59742.0,54.484,327
2025-02-14 10:00:00-05:00,54.56,54.69,54.5,54.69,34974.0,54.587,163
2025-02-14 10:05:00-05:00,54.68,54.74,54.34,54.34,32438.0,54.599,228
2025-02-14 10:10:00-05:00,54.3,54.35,54.0,54.04,22987.0,54.152,167
2025-02-14 10:15:00-05:00,54.01,54.01,53.74,53.83,33695.0,53.846,157
2025-02-14 10:20:00-05:00,53.83,53.94,53.77,53.77,16337.0,53.84,109
2025-02-14 10:25:00-05:00,53.78,53.82,53.69,53.69,11689.0,53.766,90
2025-02-14 10:30:00-05:00,53.71,53.83,53.62,53.75,13457.0,53.728,97
2025-02-14 10:35:00-05:00,53.77,53.84,53.74,53.77,13001.0,53.785,77
2025-02-14 10:40:00-05:00,53.74,53.76,53.71,53.71,5929.0,53.734,41
2025-02-14 10:45:00-05:00,53.73,53.76,53.69,53.73,20141.0,53.727,140
2025-02-14 10:50:00-05:00,53.7,53.79,53.55,53.58,23923.0,53.697,149
2025-02-14 10:55:00-05:00,53.58,53.58,53.48,53.51,31077.0,53.53,113
2025-02-14 11:00:00-05:00,53.51,53.6,53.48,53.6,15335.0,53.551,121
2025-02-14 11:05:00-05:00,53.62,53.65,53.58,53.63,13365.0,53.612,108
2025-02-14 11:10:00-05:00,53.62,53.67,53.54,53.66,10833.0,53.607,84
2025-02-14 11:15:00-05:00,53.64,53.72,53.63,53.65,11013.0,53.672,86
2025-02-14 11:20:00-05:00,53.67,53.73,53.63,53.7,13794.0,53.702,73
2025-02-14 11:25:00-05:00,53.7,53.79,53.69,53.73,5660.0,53.74,51
2025-02-14 11:30:00-05:00,53.73,53.83,53.71,53.82,37558.0,53.782,204
2025-02-14 11:35:00-05:00,53.81,53.92,53.79,53.92,29153.0,53.842,236
2025-02-14 11:40:00-05:00,53.93,53.94,53.84,53.85,8257.0,53.905,66
2025-02-14 11:45:00-05:00,53.87,53.87,53.76,53.77,9994.0,53.823,83
2025-02-14 11:50:00-05:00,53.77,53.79,53.72,53.79,11612.0,53.753,71
2025-02-14 11:55:00-05:00,53.79,53.91,53.79,53.91,5891.0,53.858,46
2025-02-14 12:00:00-05:00,53.91,53.92,53.84,53.86,4714.0,53.887,43
2025-02-14 12:05:00-05:00,53.84,53.88,53.84,53.87,3438.0,53.863,34
2025-02-14 12:10:00-05:00,53.86,53.88,53.82,53.88,7820.0,53.849,61
2025-02-14 12:15:00-05:00,53.87,53.96,53.87,53.95,3462.0,53.917,32
2025-02-14 12:20:00-05:00,53.98,54.04,53.95,53.97,8840.0,53.995,72
2025-02-14 12:25:00-05:00,53.95,53.96,53.88,53.9,4765.0,53.927,40
2025-02-14 12:30:00-05:00,53.88,53.9,53.8,53.81,7738.0,53.846,73
2025-02-14 12:35:00-05:00,53.83,53.85,53.7,53.71,8107.0,53.755,67
2025-02-14 12:40:00-05:00,53.71,53.75,53.68,53.72,9656.0,53.709,81
2025-02-14 12:45:00-05:00,53.71,53.75,53.7,53.75,16684.0,53.714,77
2025-02-14 12:50:00-05:00,53.75,53.84,53.73,53.84,8228.0,53.772,60
2025-02-14 12:55:00-05:00,53.86,53.86,53.78,53.79,6852.0,53.807,59
2025-02-14 13:00:00-05:00,53.79,53.82,53.78,53.8,8868.0,53.798,48
2025-02-14 13:05:00-05:00,53.81,53.82,53.77,53.78,8416.0,53.791,65
2025-02-14 13:10:00-05:00,53.78,53.78,53.73,53.75,8058.0,53.755,64
2025-02-14 13:15:00-05:00,53.75,53.75,53.67,53.71,8824.0,53.704,69
2025-02-14 13:20:00-05:00,53.7,53.72,53.67,53.68,8487.0,53.683,58
2025-02-14 13:25:00-05:00,53.69,53.7,53.66,53.66,9708.0,53.679,77
2025-02-14 13:30:00-05:00,53.68,53.68,53.66,53.68,6213.0,53.673,54
2025-02-14 13:35:00-05:00,53.68,53.71,53.67,53.69,8149.0,53.69,59
2025-02-14 13:40:00-05:00,53.68,53.75,53.68,53.75,10348.0,53.713,78
2025-02-14 13:45:00-05:00,53.74,53.82,53.73,53.82,20860.0,53.758,121
2025-02-14 13:50:00-05:00,53.82,53.87,53.82,53.85,7906.0,53.854,51
2025-02-14 13:55:00-05:00,53.85,53.91,53.84,53.9,6191.0,53.873,49
2025-02-14 14:00:00-05:00,53.89,53.91,53.82,53.82,11214.0,53.89,89
2025-02-14 14:05:00-05:00,53.82,53.83,53.78,53.83,7660.0,53.805,59
2025-02-14 14:10:00-05:00,53.84,53.84,53.82,53.83,2025.0,53.834,16
2025-02-14 14:15:00-05:00,53.84,53.9,53.84,53.89,9631.0,53.874,52
2025-02-14 14:20:00-05:00,53.9,53.91,53.88,53.89,7511.0,53.899,38
2025-02-14 14:25:00-05:00,53.89,53.89,53.78,53.78,10429.0,53.859,76
2025-02-14 14:30:00-05:00,53.79,53.8,53.75,53.77,11278.0,53.763,88
2025-02-14 14:35:00-05:00,53.78,53.82,53.72,53.73,12514.0,53.785,94
2025-02-14 14:40:00-05:00,53.72,53.77,53.71,53.73,6828.0,53.737,52
2025-02-14 14:45:00-05:00,53.73,53.8,53.73,53.79,8726.0,53.767,67
2025-02-14 14:50:00-05:00,53.79,53.79,53.74,53.75,6227.0,53.764,38
2025-02-14 14:55:00-05:00,53.75,53.76,53.72,53.73,6525.0,53.745,51
2025-02-14 15:00:00-05:00,53.73,53.74,53.7,53.72,9866.0,53.72,78
2025-02-14 15:05:00-05:00,53.71,53.81,53.7,53.81,16208.0,53.755,98
2025-02-14 15:10:00-05:00,53.81,53.83,53.75,53.76,13729.0,53.804,96
2025-02-14 15:15:00-05:00,53.76,53.76,53.66,53.68,14918.0,53.73,112
2025-02-14 15:20:00-05:00,53.68,53.71,53.66,53.7,18588.0,53.682,125
2025-02-14 15:25:00-05:00,53.7,53.79,53.69,53.78,13733.0,53.734,98
2025-02-14 15:30:00-05:00,53.78,53.82,53.67,53.67,29163.0,53.764,189
2025-02-14 15:35:00-05:00,53.66,53.68,53.54,53.54,19076.0,53.602,141
2025-02-14 15:40:00-05:00,53.54,53.55,53.43,53.44,20607.0,53.5,148
2025-02-14 15:45:00-05:00,53.43,53.61,53.41,53.57,35869.0,53.487,256
2025-02-14 15:50:00-05:00,53.57,53.63,53.51,53.53,56293.0,53.559,358
2025-02-14 15:55:00-05:00,53.52,53.65,53.52,53.58,238073.0,53.611,1333
2025-02-18 09:30:00-05:00,53.72,54.08,53.72,54.06,116310.0,53.865,209
2025-02-18 09:35:00-05:00,54.05,54.07,53.84,53.88,29938.0,53.917,87
2025-02-18 09:40:00-05:00,53.88,53.88,53.72,53.75,7460.0,53.77,47
2025-02-18 09:45:00-05:00,53.78,53.82,53.73,53.76,6934.0,53.785,39
2025-02-18 09:50:00-05:00,53.73,53.87,53.66,53.87,10038.0,53.777,60
2025-02-18 09:55:00-05:00,53.88,53.98,53.84,53.9,20452.0,53.908,122
2025-02-18 10:00:00-05:00,53.96,54.11,53.96,54.02,33342.0,54.018,166
2025-02-18 10:05:00-05:00,54.04,54.16,54.0,54.06,20483.0,54.08,121
2025-02-18 10:10:00-05:00,54.05,54.19,54.03,54.05,22928.0,54.088,121
2025-02-18 10:15:00-05:00,54.05,54.19,54.05,54.15,14037.0,54.114,72
2025-02-18 10:20:00-05:00,54.15,54.21,54.13,54.18,13608.0,54.172,86
2025-02-18 10:25:00-05:00,54.18,54.36,54.16,54.3,24451.0,54.25,173
2025-02-18 10:30:00-05:00,54.32,54.35,54.26,54.34,9921.0,54.303,71
2025-02-18 10:35:00-05:00,54.34,54.57,54.33,54.52,26963.0,54.46,134
2025-02-18 10:40:00-05:00,54.54,54.61,54.46,54.58,25063.0,54.531,148
2025-02-18 10:45:00-05:00,54.6,54.62,54.52,54.56,19870.0,54.572,133
2025-02-18 10:50:00-05:00,54.55,54.56,54.49,54.53,19214.0,54.528,121
2025-02-18 10:55:00-05:00,54.52,54.59,54.5,54.58,26427.0,54.526,114
2025-02-18 11:00:00-05:00,54.58,54.59,54.5,54.51,21962.0,54.544,147
2025-02-18 11:05:00-05:00,54.5,54.52,54.32,54.36,29607.0,54.411,172
2025-02-18 11:10:00-05:00,54.38,54.43,54.37,54.42,13521.0,54.399,94
2025-02-18 11:15:00-05:00,54.44,54.53,54.44,54.48,10274.0,54.485,68
2025-02-18 11:20:00-05:00,54.46,54.56,54.45,54.53,19998.0,54.498,135
2025-02-18 11:25:00-05:00,54.53,54.57,54.51,54.54,18099.0,54.54,127
2025-02-18 11:30:00-05:00,54.54,54.56,54.46,54.48,56927.0,54.521,346
2025-02-18 11:35:00-05:00,54.48,54.51,54.43,54.46,26572.0,54.462,190
2025-02-18 11:40:00-05:00,54.45,54.59,54.45,54.58,13975.0,54.511,77
2025-02-18 11:45:00-05:00,54.58,54.71,54.58,54.7,8835.0,54.631,60
2025-02-18 11:50:00-05:00,54.7,54.76,54.7,54.73,12085.0,54.724,64
2025-02-18 11:55:00-05:00,54.74,54.92,54.72,54.9,7793.0,54.834,66
2025-02-18 12:00:00-05:00,54.89,54.89,54.82,54.83,7411.0,54.852,58
2025-02-18 12:05:00-05:00,54.83,54.83,54.66,54.66,2257.0,54.769,20
2025-02-18 12:10:00-05:00,54.65,54.78,54.65,54.78,2189.0,54.721,16
2025-02-18 12:15:00-05:00,54.77,54.77,54.75,54.77,1879.0,54.764,9
2025-02-18 12:20:00-05:00,54.77,54.88,54.76,54.88,7703.0,54.825,50
2025-02-18 12:25:00-05:00,54.88,54.92,54.88,54.9,10834.0,54.909,73
2025-02-18 12:30:00-05:00,54.9,55.07,54.89,55.05,71557.0,54.99,126
2025-02-18 12:35:00-05:00,55.04,55.1,55.03,55.1,16189.0,55.069,122
2025-02-18 12:40:00-05:00,55.11,55.11,55.03,55.05,14238.0,55.068,79
2025-02-18 12:45:00-05:00,55.05,55.19,55.05,55.19,7646.0,55.118,62
2025-02-18 12:50:00-05:00,55.17,55.26,55.15,55.23,13789.0,55.212,82
2025-02-18 12:55:00-05:00,55.23,55.25,55.19,55.21,14411.0,55.217,87
2025-02-18 13:00:00-05:00,55.21,55.21,55.13,55.15,5425.0,55.18,41
2025-02-18 13:05:00-05:00,55.15,55.17,55.1,55.11,2384.0,55.126,21
2025-02-18 13:10:00-05:00,55.12,55.16,55.07,55.15,3266.0,55.11,28
2025-02-18 13:15:00-05:00,55.15,55.15,55.03,55.04,6091.0,55.095,49
2025-02-18 13:20:00-05:00,55.04,55.04,55.0,55.0,6077.0,55.018,37
2025-02-18 13:25:00-05:00,55.02,55.04,54.96,54.96,5512.0,55.001,36
2025-02-18 13:30:00-05:00,55.0,55.05,54.95,55.05,10002.0,54.982,51
2025-02-18 13:35:00-05:00,55.05,55.06,54.98,55.0,7573.0,55.026,62
2025-02-18 13:40:00-05:00,55.0,55.0,54.93,54.96,5575.0,54.962,45
2025-02-18 13:45:00-05:00,54.94,54.94,54.88,54.93,6862.0,54.918,43
2025-02-18 13:50:00-05:00,54.92,54.96,54.92,54.95,4835.0,54.938,27
2025-02-18 13:55:00-05:00,54.96,54.98,54.93,54.98,4185.0,54.953,39
2025-02-18 14:00:00-05:00,54.98,55.0,54.93,54.93,4590.0,54.965,38
2025-02-18 14:05:00-05:00,54.94,54.94,54.88,54.91,3170.0,54.909,27
2025-02-18 14:10:00-05:00,54.93,54.96,54.92,54.95,1748.0,54.943,12
2025-02-18 14:15:00-05:00,54.96,54.96,54.83,54.83,6241.0,54.894,46
2025-02-18 14:20:00-05:00,54.83,54.91,54.81,54.91,4701.0,54.856,36
2025-02-18 14:25:00-05:00,54.91,54.91,54.81,54.82,3743.0,54.841,32
2025-02-18 14:30:00-05:00,54.82,54.87,54.82,54.85,5229.0,54.843,41
2025-02-18 14:35:00-05:00,54.85,54.89,54.84,54.84,2965.0,54.867,22
2025-02-18 14:40:00-05:00,54.86,54.95,54.84,54.92,4781.0,54.908,38
2025-02-18 14:45:00-05:00,54.92,54.94,54.9,54.94,1925.0,54.927,15
2025-02-18 14:50:00-05:00,54.94,54.98,54.92,54.96,4058.0,54.954,35
2025-02-18 14:55:00-05:00,54.94,54.98,54.92,54.94,7474.0,54.941,41
2025-02-18 15:00:00-05:00,54.92,54.93,54.87,54.87,6636.0,54.891,46
2025-02-18 15:05:00-05:00,54.89,54.91,54.85,54.88,5520.0,54.877,39
2025-02-18 15:10:00-05:00,54.89,54.98,54.89,54.97,17208.0,54.932,119
2025-02-18 15:15:00-05:00,54.97,54.97,54.92,54.92,3827.0,54.943,26
2025-02-18 15:20:00-05:00,54.94,54.94,54.73,54.87,42720.0,54.813,287
2025-02-18 15:25:00-05:00,54.87,54.93,54.87,54.93,5412.0,54.906,46
2025-02-18 15:30:00-05:00,54.92,55.02,54.92,55.02,11944.0,54.963,80
2025-02-18 15:35:00-05:00,55.04,55.06,55.01,55.04,9257.0,55.032,76
2025-02-18 15:40:00-05:00,55.04,55.25,55.03,55.23,36609.0,55.19,243
2025-02-18 15:45:00-05:00,55.23,55.32,55.17,55.2,83807.0,55.275,549
2025-02-18 15:50:00-05:00,55.2,55.35,55.14,55.24,67004.0,55.234,470
2025-02-18 15:55:00-05:00,55.23,55.32,55.22,55.31,134510.0,55.277,866
2025-02-19 09:30:00-05:00,54.7,54.94,54.59,54.73,72406.0,54.736,249
2025-02-19 09:35:00-05:00,54.76,54.88,54.68,54.84,28080.0,54.78,123
2025-02-19 09:40:00-05:00,54.79,54.84,54.55,54.59,23024.0,54.661,143
2025-02-19 09:45:00-05:00,54.58,54.6,54.45,54.45,25038.0,54.552,154
2025-02-19 09:50:00-05:00,54.48,54.51,54.32,54.49,25025.0,54.421,177
2025-02-19 09:55:00-05:00,54.52,54.68,54.52,54.66,10221.0,54.626,81
2025-02-19 10:00:00-05:00,54.66,54.85,54.64,54.8,23875.0,54.767,130
2025-02-19 10:05:00-05:00,54.8,55.03,54.79,55.03,16458.0,54.908,99
2025-02-19 10:10:00-05:00,55.03,55.04,54.88,54.89,31035.0,54.982,227
2025-02-19 10:15:00-05:00,54.89,54.95,54.88,54.93,12491.0,54.91,102
2025-02-19 10:20:00-05:00,54.95,55.01,54.92,55.01,8794.0,54.984,70
2025-02-19 10:25:00-05:00,55.03,55.08,55.0,55.03,14769.0,55.034,105
2025-02-19 10:30:00-05:00,55.02,55.14,54.98,55.14,24567.0,55.063,147
2025-02-19 10:35:00-05:00,55.12,55.15,55.05,55.15,11258.0,55.097,87
2025-02-19 10:40:00-05:00,55.15,55.15,55.01,55.05,17529.0,55.097,118
2025-02-19 10:45:00-05:00,55.07,55.07,54.97,55.0,12814.0,55.013,87
2025-02-19 10:50:00-05:00,55.0,55.03,54.98,55.01,4309.0,55.011,35
2025-02-19 10:55:00-05:00,54.98,55.01,54.91,54.91,6181.0,54.97,37
2025-02-19 11:00:00-05:00,54.92,54.98,54.87,54.89,5847.0,54.919,45
2025-02-19 11:05:00-05:00,54.84,54.86,54.74,54.76,12946.0,54.786,81
2025-02-19 11:10:00-05:00,54.76,54.79,54.64,54.75,23764.0,54.715,133
2025-02-19 11:15:00-05:00,54.78,54.88,54.73,54.84,6602.0,54.828,54
2025-02-19 11:20:00-05:00,54.84,54.84,54.75,54.78,6645.0,54.802,48
2025-02-19 11:25:00-05:00,54.8,54.91,54.8,54.88,10887.0,54.873,90
2025-02-19 11:30:00-05:00,54.88,54.96,54.87,54.92,28209.0,54.939,192
2025-02-19 11:35:00-05:00,54.92,55.09,54.89,55.03,49480.0,54.969,321
2025-02-19 11:40:00-05:00,55.05,55.14,55.04,55.1,7440.0,55.103,59
2025-02-19 11:45:00-05:00,55.1,55.11,55.05,55.09,7587.0,55.084,54
2025-02-19 11:50:00-05:00,55.1,55.13,55.08,55.11,5278.0,55.112,30
2025-02-19 11:55:00-05:00,55.12,55.13,55.09,55.11,3570.0,55.101,31
2025-02-19 12:00:00-05:00,55.08,55.11,55.04,55.04,8761.0,55.083,67
2025-02-19 12:05:00-05:00,55.04,55.05,55.01,55.04,3004.0,55.034,24
2025-02-19 12:10:00-05:00,55.04,55.12,55.02,55.11,21463.0,55.06,104
2025-02-19 12:15:00-05:00,55.12,55.12,55.05,55.07,8368.0,55.089,67
2025-02-19 12:20:00-05:00,55.06,55.07,54.94,54.96,12760.0,55.0,82
2025-02-19 12:25:00-05:00,54.96,54.97,54.86,54.86,5332.0,54.934,44
2025-02-19 12:30:00-05:00,54.86,54.96,54.79,54.9,36912.0,54.893,138
2025-02-19 12:35:00-05:00,54.93,54.95,54.91,54.91,15558.0,54.938,122
2025-02-19 12:40:00-05:00,54.9,55.06,54.9,55.06,10968.0,54.965,64
2025-02-19 12:45:00-05:00,55.06,55.13,55.01,55.12,84658.0,55.046,130
2025-02-19 12:50:00-05:00,55.14,55.18,55.04,55.04,20302.0,55.136,97
2025-02-19 12:55:00-05:00,55.02,55.07,55.02,55.02,6237.0,55.046,48
2025-02-19 13:00:00-05:00,55.02,55.03,54.99,55.0,8880.0,55.009,67
2025-02-19 13:05:00-05:00,55.0,55.05,54.99,55.03,9481.0,55.023,76
2025-02-19 13:10:00-05:00,55.02,55.07,55.01,55.07,15841.0,55.039,109
2025-02-19 13:15:00-05:00,55.09,55.13,55.05,55.13,4227.0,55.084,33
2025-02-19 13:20:00-05:00,55.11,55.16,55.1,55.15,6340.0,55.134,54
2025-02-19 13:25:00-05:00,55.16,55.16,55.12,55.12,8193.0,55.143,55
2025-02-19 13:30:00-05:00,55.14,55.15,55.13,55.13,6882.0,55.144,40
2025-02-19 13:35:00-05:00,55.15,55.15,55.02,55.09,31765.0,55.069,164
2025-02-19 13:40:00-05:00,55.09,55.1,55.07,55.09,6237.0,55.085,40
2025-02-19 13:45:00-05:00,55.09,55.1,55.0,55.02,11514.0,55.058,71
2025-02-19 13:50:00-05:00,55.02,55.03,55.0,55.01,5522.0,55.012,45
2025-02-19 13:55:00-05:00,55.0,55.03,55.0,55.02,4521.0,55.011,35
2025-02-19 14:00:00-05:00,55.0,55.02,54.97,55.01,8534.0,55.006,58
2025-02-19 14:05:00-05:00,54.99,55.03,54.99,55.02,13804.0,55.017,87
2025-02-19 14:10:00-05:00,55.0,55.07,54.99,55.05,10877.0,55.036,84
2025-02-19 14:15:00-05:00,55.05,55.1,55.04,55.04,10583.0,55.064,68
2025-02-19 14:20:00-05:00,55.06,55.07,55.0,55.02,8758.0,55.047,66
2025-02-19 14:25:00-05:00,55.01,55.03,55.0,55.01,5472.0,55.008,38
2025-02-19 14:30:00-05:00,55.01,55.03,55.0,55.0,8934.0,55.014,66
2025-02-19 14:35:00-05:00,55.02,55.05,55.0,55.04,9887.0,55.025,68
2025-02-19 14:40:00-05:00,55.05,55.17,55.03,55.17,19985.0,55.065,106
2025-02-19 14:45:00-05:00,55.18,55.33,55.18,55.3,23588.0,55.256,121
2025-02-19 14:50:00-05:00,55.33,55.48,55.33,55.48,29431.0,55.428,189
2025-02-19 14:55:00-05:00,55.47,55.49,55.38,55.38,20862.0,55.445,172
2025-02-19 15:00:00-05:00,55.39,55.39,55.33,55.33,10439.0,55.362,85
2025-02-19 15:05:00-05:00,55.33,55.33,55.19,55.22,14588.0,55.239,107
2025-02-19 15:10:00-05:00,55.21,55.22,55.11,55.21,19436.0,55.169,132
2025-02-19 15:15:00-05:00,55.21,55.28,55.21,55.26,11542.0,55.255,87
2025-02-19 15:20:00-05:00,55.26,55.3,55.25,55.28,14348.0,55.274,107
2025-02-19 15:25:00-05:00,55.28,55.28,55.19,55.25,20103.0,55.244,158
2025-02-19 15:30:00-05:00,55.25,55.31,55.24,55.28,28943.0,55.282,226
2025-02-19 15:35:00-05:00,55.28,55.32,55.24,55.32,19358.0,55.276,159
2025-02-19 15:40:00-05:00,55.32,55.37,55.26,55.26,29734.0,55.317,248
2025-02-19 15:45:00-05:00,55.26,55.28,55.17,55.25,29171.0,55.216,208
2025-02-19 15:50:00-05:00,55.26,55.33,55.19,55.21,60942.0,55.267,454
2025-02-19 15:55:00-05:00,55.22,55.36,55.22,55.31,183727.0,55.308,1046
2025-02-20 09:30:00-05:00,55.13,55.16,54.83,54.99,59831.0,55.061,227
2025-02-20 09:35:00-05:00,55.0,55.05,54.6,54.6,6959.0,54.764,52
2025-02-20 09:40:00-05:00,54.58,54.6,54.34,54.4,33001.0,54.487,185
2025-02-20 09:45:00-05:00,54.43,54.52,54.3,54.51,18738.0,54.391,135
2025-02-20 09:50:00-05:00,54.5,54.5,54.34,54.38,23844.0,54.422,146
2025-02-20 09:55:00-05:00,54.37,54.51,54.24,54.24,17467.0,54.354,128
2025-02-20 10:00:00-05:00,54.26,54.26,54.08,54.11,18027.0,54.173,115
2025-02-20 10:05:00-05:00,54.13,54.13,53.76,54.0,20469.0,53.929,146
2025-02-20 10:10:00-05:00,53.99,54.13,53.86,53.87,18454.0,53.991,148
2025-02-20 10:15:00-05:00,53.87,53.96,53.67,53.69,16519.0,53.815,142
2025-02-20 10:20:00-05:00,53.69,53.74,53.45,53.48,14449.0,53.595,115
2025-02-20 10:25:00-05:00,53.48,53.56,53.45,53.54,35338.0,53.512,211
2025-02-20 10:30:00-05:00,53.54,53.58,53.42,53.46,24366.0,53.507,160
2025-02-20 10:35:00-05:00,53.45,53.45,53.19,53.23,10734.0,53.273,85
2025-02-20 10:40:00-05:00,53.21,53.37,53.16,53.16,23752.0,53.298,173
2025-02-20 10:45:00-05:00,53.16,53.23,53.09,53.16,54313.0,53.139,212
2025-02-20 10:50:00-05:00,53.14,53.26,53.13,53.21,46232.0,53.195,204
2025-02-20 10:55:00-05:00,53.21,53.37,53.18,53.33,13849.0,53.283,128
2025-02-20 11:00:00-05:00,53.33,53.35,53.24,53.25,19946.0,53.294,135
2025-02-20 11:05:00-05:00,53.25,53.25,53.15,53.23,11644.0,53.197,108
2025-02-20 11:10:00-05:00,53.23,53.25,53.14,53.17,9053.0,53.204,75
2025-02-20 11:15:00-05:00,53.15,53.19,53.12,53.19,12279.0,53.16,80
2025-02-20 11:20:00-05:00,53.2,53.24,53.08,53.11,9140.0,53.162,60
2025-02-20 11:25:00-05:00,53.13,53.29,53.11,53.28,17455.0,53.203,144
2025-02-20 11:30:00-05:00,53.28,53.34,53.18,53.28,50294.0,53.278,404
2025-02-20 11:35:00-05:00,53.26,53.26,53.17,53.23,15208.0,53.216,132
2025-02-20 11:40:00-05:00,53.23,53.35,53.22,53.33,13747.0,53.294,124
2025-02-20 11:45:00-05:00,53.35,53.36,53.24,53.24,16294.0,53.312,144
2025-02-20 11:50:00-05:00,53.24,53.27,53.19,53.25,7392.0,53.224,71
2025-02-20 11:55:00-05:00,53.27,53.27,53.15,53.21,11824.0,53.219,93
2025-02-20 12:00:00-05:00,53.21,53.28,53.16,53.28,9339.0,53.21,77
2025-02-20 12:05:00-05:00,53.28,53.36,53.28,53.36,8172.0,53.319,74
2025-02-20 12:10:00-05:00,53.36,53.39,53.34,53.35,10554.0,53.36,86
2025-02-20 12:15:00-05:00,53.35,53.43,53.34,53.43,4773.0,53.37,43
2025-02-20 12:20:00-05:00,53.44,53.58,53.43,53.58,6791.0,53.485,50
2025-02-20 12:25:00-05:00,53.59,53.65,53.56,53.62,13593.0,53.593,121
2025-02-20 12:30:00-05:00,53.63,53.72,53.62,53.72,7686.0,53.678,70
2025-02-20 12:35:00-05:00,53.73,53.81,53.73,53.79,11592.0,53.757,71
2025-02-20 12:40:00-05:00,53.8,53.84,53.79,53.84,3624.0,53.813,32
2025-02-20 12:45:00-05:00,53.84,53.92,53.83,53.91,6825.0,53.864,56
2025-02-20 12:50:00-05:00,53.9,53.92,53.85,53.92,4371.0,53.885,40
2025-02-20 12:55:00-05:00,53.9,53.93,53.87,53.9,12147.0,53.9,72
2025-02-20 13:00:00-05:00,53.91,53.95,53.85,53.86,13117.0,53.891,87
2025-02-20 13:05:00-05:00,53.86,53.86,53.68,53.7,9309.0,53.747,76
2025-02-20 13:10:00-05:00,53.7,53.7,53.53,53.62,33014.0,53.6,111
2025-02-20 13:15:00-05:00,53.65,53.65,53.45,53.46,10788.0,53.514,82
2025-02-20 13:20:00-05:00,53.47,53.52,53.45,53.52,6539.0,53.497,61
2025-02-20 13:25:00-05:00,53.51,53.59,53.5,53.54,16505.0,53.549,90
2025-02-20 13:30:00-05:00,53.52,53.63,53.49,53.63,24617.0,53.503,54
2025-02-20 13:35:00-05:00,53.62,53.66,53.57,53.57,12125.0,53.627,86
2025-02-20 13:40:00-05:00,53.57,53.62,53.53,53.58,8774.0,53.57,75
2025-02-20 13:45:00-05:00,53.57,53.61,53.56,53.61,6776.0,53.57,57
2025-02-20 13:50:00-05:00,53.6,53.62,53.5,53.62,33581.0,53.52,63
2025-02-20 13:55:00-05:00,53.61,53.61,53.46,53.46,8094.0,53.562,61
2025-02-20 14:00:00-05:00,53.45,53.49,53.44,53.48,5875.0,53.464,50
2025-02-20 14:05:00-05:00,53.47,53.62,53.46,53.61,8923.0,53.518,82
2025-02-20 14:10:00-05:00,53.62,53.68,53.6,53.67,5984.0,53.65,56
2025-02-20 14:15:00-05:00,53.68,53.7,53.59,53.59,15618.0,53.655,111
2025-02-20 14:20:00-05:00,53.59,53.61,53.58,53.59,8294.0,53.598,68
2025-02-20 14:25:00-05:00,53.59,53.59,53.53,53.54,9835.0,53.553,69
2025-02-20 14:30:00-05:00,53.54,53.57,53.53,53.57,6748.0,53.542,55
2025-02-20 14:35:00-05:00,53.6,53.73,53.58,53.73,13783.0,53.625,109
2025-02-20 14:40:00-05:00,53.71,53.72,53.69,53.71,8623.0,53.707,71
2025-02-20 14:45:00-05:00,53.69,53.8,53.69,53.79,11046.0,53.744,88
2025-02-20 14:50:00-05:00,53.8,53.88,53.8,53.87,12484.0,53.838,81
2025-02-20 14:55:00-05:00,53.87,53.88,53.81,53.81,36232.0,53.847,121
2025-02-20 15:00:00-05:00,53.83,53.83,53.71,53.79,16388.0,53.788,101
2025-02-20 15:05:00-05:00,53.79,53.79,53.74,53.77,16195.0,53.768,113
2025-02-20 15:10:00-05:00,53.77,53.86,53.76,53.86,16102.0,53.798,124
2025-02-20 15:15:00-05:00,53.86,53.87,53.82,53.83,7573.0,53.85,56
2025-02-20 15:20:00-05:00,53.82,53.92,53.82,53.89,21058.0,53.876,149
2025-02-20 15:25:00-05:00,53.88,53.94,53.87,53.92,12422.0,53.912,98
2025-02-20 15:30:00-05:00,53.93,54.0,53.92,53.93,23447.0,53.961,157
2025-02-20 15:35:00-05:00,53.91,53.92,53.82,53.84,13696.0,53.859,99
2025-02-20 15:40:00-05:00,53.85,53.87,53.78,53.83,17297.0,53.822,142
2025-02-20 15:45:00-05:00,53.82,53.88,53.76,53.87,31709.0,53.798,237
2025-02-20 15:50:00-05:00,53.89,54.07,53.89,54.04,56573.0,53.96,422
2025-02-20 15:55:00-05:00,54.05,54.18,53.93,54.12,221375.0,54.064,1183
2025-02-21 09:30:00-05:00,53.61,53.84,53.57,53.57,91954.0,53.718,32
2025-02-21 09:35:00-05:00,53.52,53.6,53.44,53.52,4444.0,53.521,25
2025-02-21 09:40:00-05:00,53.55,53.73,53.55,53.72,2640.0,53.618,24
2025-02-21 09:45:00-05:00,53.76,53.81,53.65,53.72,5037.0,53.714,34
2025-02-21 09:50:00-05:00,53.71,53.82,53.64,53.82,5109.0,53.72,30
2025-02-21 09:55:00-05:00,53.81,53.96,53.81,53.92,6336.0,53.88,48
2025-02-21 10:00:00-05:00,53.85,53.85,53.63,53.78,11554.0,53.701,77
2025-02-21 10:05:00-05:00,53.76,53.76,53.53,53.66,17210.0,53.626,113
2025-02-21 10:10:00-05:00,53.64,53.68,53.48,53.5,12179.0,53.61,70
2025-02-21 10:15:00-05:00,53.5,53.52,53.28,53.28,31770.0,53.453,95
2025-02-21 10:20:00-05:00,53.28,53.3,53.18,53.25,9554.0,53.244,68
2025-02-21 10:25:00-05:00,53.28,53.28,53.16,53.16,4349.0,53.2,34
2025-02-21 10:30:00-05:00,53.16,53.26,53.15,53.22,22704.0,53.172,53
2025-02-21 10:35:00-05:00,53.23,53.31,53.2,53.27,8525.0,53.242,55
2025-02-21 10:40:00-05:00,53.27,53.28,53.02,53.02,12570.0,53.21,56
2025-02-21 10:45:00-05:00,53.02,53.17,53.02,53.08,13263.0,53.09,90
2025-02-21 10:50:00-05:00,53.07,53.1,53.02,53.03,13467.0,53.069,73
2025-02-21 10:55:00-05:00,53.0,53.17,53.0,53.1,33901.0,53.072,91
2025-02-21 11:00:00-05:00,53.11,53.2,53.09,53.18,8630.0,53.137,66
2025-02-21 11:05:00-05:00,53.2,53.31,53.16,53.29,17861.0,53.216,128
2025-02-21 11:10:00-05:00,53.31,53.42,53.29,53.42,10092.0,53.351,90
2025-02-21 11:15:00-05:00,53.4,53.5,53.38,53.49,6827.0,53.424,59
2025-02-21 11:20:00-05:00,53.5,53.53,53.46,53.48,4505.0,53.488,39
2025-02-21 11:25:00-05:00,53.5,53.54,53.47,53.54,11209.0,53.512,81
2025-02-21 11:30:00-05:00,53.44,53.47,53.33,53.34,21792.0,53.409,147
2025-02-21 11:35:00-05:00,53.36,53.38,53.22,53.37,21304.0,53.308,144
2025-02-21 11:40:00-05:00,53.39,53.53,53.38,53.52,5225.0,53.442,39
2025-02-21 11:45:00-05:00,53.52,53.54,53.37,53.4,12450.0,53.468,79
2025-02-21 11:50:00-05:00,53.4,53.46,53.38,53.46,9951.0,53.418,60
2025-02-21 11:55:00-05:00,53.43,53.48,53.43,53.46,4151.0,53.456,28
2025-02-21 12:00:00-05:00,53.45,53.52,53.45,53.51,3074.0,53.499,24
2025-02-21 12:05:00-05:00,53.51,53.52,53.28,53.32,24570.0,53.455,100
2025-02-21 12:10:00-05:00,53.32,53.37,53.31,53.34,4181.0,53.344,31
2025-02-21 12:15:00-05:00,53.33,53.43,53.27,53.41,66541.0,53.386,182
2025-02-21 12:20:00-05:00,53.4,53.62,53.39,53.6,43174.0,53.421,123
2025-02-21 12:25:00-05:00,53.61,53.65,53.55,53.55,9390.0,53.603,64
2025-02-21 12:30:00-05:00,53.54,53.54,53.5,53.52,800.0,53.519,8
2025-02-21 12:35:00-05:00,53.49,53.51,53.46,53.47,5753.0,53.479,45
2025-02-21 12:40:00-05:00,53.47,53.57,53.46,53.56,6350.0,53.502,33
2025-02-21 12:45:00-05:00,53.56,53.57,53.53,53.55,5892.0,53.553,46
2025-02-21 12:50:00-05:00,53.53,53.64,53.44,53.62,171158.0,53.516,146
2025-02-21 12:55:00-05:00,53.62,53.66,53.48,53.53,8266.0,53.576,62
2025-02-21 13:00:00-05:00,53.51,53.58,53.44,53.44,10914.0,53.521,83
2025-02-21 13:05:00-05:00,53.46,53.49,53.41,53.42,5593.0,53.451,37
2025-02-21 13:10:00-05:00,53.42,53.45,53.31,53.38,27372.0,53.346,168
2025-02-21 13:15:00-05:00,53.38,53.43,53.36,53.39,9230.0,53.41,66
2025-02-21 13:20:00-05:00,53.37,53.51,53.36,53.43,29578.0,53.433,181
2025-02-21 13:25:00-05:00,53.43,53.45,53.27,53.3,22976.0,53.363,106
2025-02-21 13:30:00-05:00,53.3,53.3,53.24,53.24,11658.0,53.261,59
2025-02-21 13:35:00-05:00,53.24,53.29,53.2,53.25,14843.0,53.251,104
2025-02-21 13:40:00-05:00,53.27,53.36,53.27,53.3,20003.0,53.3,116
2025-02-21 13:45:00-05:00,53.3,53.33,53.23,53.24,9894.0,53.289,69
2025-02-21 13:50:00-05:00,53.24,53.3,53.18,53.21,11861.0,53.238,77
2025-02-21 13:55:00-05:00,53.23,53.28,53.18,53.28,20041.0,53.229,75
2025-02-21 14:00:00-05:00,53.27,53.37,53.26,53.27,29809.0,53.3,142
2025-02-21 14:05:00-05:00,53.25,53.35,53.25,53.33,9360.0,53.297,68
2025-02-21 14:10:00-05:00,53.34,53.46,53.33,53.44,8353.0,53.373,55
2025-02-21 14:15:00-05:00,53.43,53.47,53.39,53.44,16636.0,53.414,111
2025-02-21 14:20:00-05:00,53.44,53.45,53.34,53.35,19381.0,53.394,114
2025-02-21 14:25:00-05:00,53.34,53.35,53.18,53.22,20853.0,53.309,88
2025-02-21 14:30:00-05:00,53.23,53.26,53.13,53.14,14797.0,53.211,60
2025-02-21 14:35:00-05:00,53.15,53.17,53.08,53.1,11557.0,53.14,70
2025-02-21 14:40:00-05:00,53.1,53.1,53.04,53.1,5138.0,53.08,42
2025-02-21 14:45:00-05:00,53.1,53.2,53.06,53.16,19286.0,53.146,81
2025-02-21 14:50:00-05:00,53.18,53.23,53.16,53.16,6256.0,53.191,45
2025-02-21 14:55:00-05:00,53.17,53.22,53.14,53.14,11667.0,53.182,73
2025-02-21 15:00:00-05:00,53.14,53.21,53.11,53.2,11145.0,53.166,69
2025-02-21 15:05:00-05:00,53.2,53.33,53.2,53.31,18726.0,53.267,101
2025-02-21 15:10:00-05:00,53.33,53.36,53.28,53.33,10636.0,53.313,76
2025-02-21 15:15:00-05:00,53.33,53.36,53.31,53.35,15748.0,53.338,97
2025-02-21 15:20:00-05:00,53.34,53.37,53.34,53.36,12193.0,53.35,81
2025-02-21 15:25:00-05:00,53.36,53.38,53.33,53.35,15651.0,53.349,102
2025-02-21 15:30:00-05:00,53.36,53.42,53.35,53.38,17268.0,53.396,141
2025-02-21 15:35:00-05:00,53.38,53.4,53.29,53.34,18464.0,53.359,137
2025-02-21 15:40:00-05:00,53.33,53.34,53.18,53.19,22532.0,53.296,124
2025-02-21 15:45:00-05:00,53.18,53.19,53.03,53.12,29053.0,53.12,159
2025-02-21 15:50:00-05:00,53.14,53.32,53.14,53.18,26612.0,53.235,216
2025-02-21 15:55:00-05:00,53.19,53.27,53.04,53.16,167784.0,53.149,1016
2025-02-24 09:30:00-05:00,54.05,54.05,53.43,53.44,168492.0,53.895,201
2025-02-24 09:35:00-05:00,53.52,53.6,53.23,53.23,52786.0,53.415,96
2025-02-24 09:40:00-05:00,53.25,53.36,53.09,53.17,7443.0,53.227,69
2025-02-24 09:45:00-05:00,53.13,53.25,53.04,53.04,28837.0,53.181,106
2025-02-24 09:50:00-05:00,53.05,53.21,52.97,53.18,5993.0,53.059,44
2025-02-24 09:55:00-05:00,53.18,53.32,53.11,53.28,17796.0,53.192,94
2025-02-24 10:00:00-05:00,53.24,53.38,53.07,53.09,49476.0,53.21,109
2025-02-24 10:05:00-05:00,53.08,53.25,53.05,53.23,26722.0,53.116,144
2025-02-24 10:10:00-05:00,53.23,53.3,53.17,53.23,4527.0,53.228,40
2025-02-24 10:15:00-05:00,53.32,53.39,53.16,53.23,11251.0,53.272,93
2025-02-24 10:20:00-05:00,53.25,53.35,53.22,53.3,6386.0,53.271,52
2025-02-24 10:25:00-05:00,53.3,53.33,53.16,53.16,10894.0,53.228,99
2025-02-24 10:30:00-05:00,53.19,53.26,53.1,53.15,33905.0,53.169,222
2025-02-24 10:35:00-05:00,53.15,53.19,53.11,53.16,56072.0,53.152,329
2025-02-24 10:40:00-05:00,53.16,53.17,53.1,53.15,34303.0,53.145,203
2025-02-24 10:45:00-05:00,53.14,53.18,53.08,53.16,90450.0,53.127,440
2025-02-24 10:50:00-05:00,53.18,53.21,53.17,53.19,23522.0,53.188,195
2025-02-24 10:55:00-05:00,53.19,53.25,53.1,53.24,27666.0,53.172,196
2025-02-24 11:00:00-05:00,53.26,53.4,53.26,53.4,64780.0,53.363,114
2025-02-24 11:05:00-05:00,53.4,53.52,53.39,53.52,10779.0,53.45,78
2025-02-24 11:10:00-05:00,53.54,53.68,53.52,53.68,7379.0,53.605,66
2025-02-24 11:15:00-05:00,53.66,53.69,53.56,53.69,35728.0,53.627,175
2025-02-24 11:20:00-05:00,53.7,53.7,53.62,53.66,23806.0,53.677,139
2025-02-24 11:25:00-05:00,53.66,53.67,53.46,53.54,24967.0,53.576,180
2025-02-24 11:30:00-05:00,53.56,53.59,53.49,53.52,10852.0,53.548,105
2025-02-24 11:35:00-05:00,53.5,53.5,53.26,53.26,9117.0,53.419,69
2025-02-24 11:40:00-05:00,53.23,53.29,53.13,53.22,18784.0,53.179,125
2025-02-24 11:45:00-05:00,53.23,53.24,53.18,53.21,14717.0,53.213,83
2025-02-24 11:50:00-05:00,53.21,53.26,53.18,53.26,5471.0,53.225,44
2025-02-24 11:55:00-05:00,53.26,53.3,53.16,53.16,5830.0,53.227,57
2025-02-24 12:00:00-05:00,53.19,53.23,53.18,53.22,3219.0,53.204,29
2025-02-24 12:05:00-05:00,53.22,53.29,53.2,53.29,7208.0,53.247,61
2025-02-24 12:10:00-05:00,53.29,53.3,53.27,53.28,7231.0,53.284,54
2025-02-24 12:15:00-05:00,53.29,53.32,53.22,53.25,8128.0,53.282,74
2025-02-24 12:20:00-05:00,53.25,53.34,53.25,53.3,8982.0,53.303,55
2025-02-24 12:25:00-05:00,53.29,53.33,53.25,53.28,10921.0,53.276,93
2025-02-24 12:30:00-05:00,53.24,53.27,53.24,53.26,2374.0,53.25,22
2025-02-24 12:35:00-05:00,53.23,53.23,53.15,53.16,7516.0,53.184,62
2025-02-24 12:40:00-05:00,53.17,53.4,53.14,53.39,61603.0,53.195,97
2025-02-24 12:45:00-05:00,53.4,53.41,53.37,53.39,6132.0,53.39,43
2025-02-24 12:50:00-05:00,53.38,53.39,53.34,53.35,8316.0,53.361,68
2025-02-24 12:55:00-05:00,53.35,53.36,53.26,53.26,26686.0,53.336,81
2025-02-24 13:00:00-05:00,53.26,53.31,53.26,53.29,7518.0,53.277,64
2025-02-24 13:05:00-05:00,53.29,53.29,53.18,53.28,9916.0,53.243,79
2025-02-24 13:10:00-05:00,53.31,53.31,53.24,53.25,7185.0,53.265,56
2025-02-24 13:15:00-05:00,53.25,53.31,53.25,53.3,7677.0,53.287,65
2025-02-24 13:20:00-05:00,53.27,53.35,53.27,53.35,6657.0,53.315,47
2025-02-24 13:25:00-05:00,53.35,53.43,53.31,53.37,15250.0,53.355,108
2025-02-24 13:30:00-05:00,53.37,53.46,53.31,53.46,59794.0,53.372,71
2025-02-24 13:35:00-05:00,53.44,53.44,53.38,53.41,6893.0,53.401,37
2025-02-24 13:40:00-05:00,53.39,53.41,53.33,53.39,7075.0,53.377,64
2025-02-24 13:45:00-05:00,53.42,53.43,53.38,53.42,3288.0,53.409,26
2025-02-24 13:50:00-05:00,53.41,53.43,53.4,53.41,9945.0,53.415,44
2025-02-24 13:55:00-05:00,53.41,53.46,53.37,53.46,24592.0,53.404,81
2025-02-24 14:00:00-05:00,53.46,53.59,53.46,53.58,13919.0,53.527,105
2025-02-24 14:05:00-05:00,53.58,53.58,53.5,53.57,9963.0,53.544,81
2025-02-24 14:10:00-05:00,53.56,53.57,53.47,53.53,11705.0,53.503,88
2025-02-24 14:15:00-05:00,53.54,53.57,53.51,53.52,4462.0,53.536,39
2025-02-24 14:20:00-05:00,53.52,53.53,53.5,53.53,6127.0,53.515,51
2025-02-24 14:25:00-05:00,53.53,53.6,53.52,53.58,8595.0,53.573,75
2025-02-24 14:30:00-05:00,53.58,53.64,53.58,53.64,8861.0,53.605,60
2025-02-24 14:35:00-05:00,53.64,53.67,53.63,53.67,8286.0,53.653,65
2025-02-24 14:40:00-05:00,53.66,53.72,53.66,53.71,8904.0,53.693,76
2025-02-24 14:45:00-05:00,53.71,53.71,53.64,53.68,11130.0,53.678,82
2025-02-24 14:50:00-05:00,53.68,53.79,53.67,53.78,12236.0,53.734,97
2025-02-24 14:55:00-05:00,53.77,53.8,53.74,53.76,7744.0,53.77,69
2025-02-24 15:00:00-05:00,53.77,53.78,53.75,53.77,7917.0,53.759,63
2025-02-24 15:05:00-05:00,53.78,53.78,53.76,53.76,6693.0,53.77,43
2025-02-24 15:10:00-05:00,53.76,53.8,53.74,53.8,46404.0,53.767,224
2025-02-24 15:15:00-05:00,53.8,53.85,53.8,53.82,17139.0,53.827,148
2025-02-24 15:20:00-05:00,53.83,53.85,53.78,53.79,18844.0,53.819,154
2025-02-24 15:25:00-05:00,53.79,53.8,53.73,53.75,47144.0,53.755,293
2025-02-24 15:30:00-05:00,53.75,53.81,53.74,53.81,44924.0,53.766,289
2025-02-24 15:35:00-05:00,53.8,53.91,53.74,53.9,36149.0,53.831,258
2025-02-24 15:40:00-05:00,53.9,54.0,53.81,53.81,57622.0,53.914,419
2025-02-24 15:45:00-05:00,53.8,53.92,53.75,53.86,52430.0,53.843,330
2025-02-24 15:50:00-05:00,53.84,53.85,53.74,53.78,99239.0,53.77,649
2025-02-24 15:55:00-05:00,53.77,53.86,53.71,53.85,307793.0,53.801,1786
2025-02-25 09:30:00-05:00,53.9,54.0,53.39,53.54,53481.0,53.691,187
2025-02-25 09:35:00-05:00,53.57,53.6,53.14,53.17,22405.0,53.342,168
2025-02-25 09:40:00-05:00,53.15,53.26,53.06,53.06,13216.0,53.148,98
2025-02-25 09:45:00-05:00,53.03,53.03,52.83,53.0,47496.0,52.952,247
2025-02-25 09:50:00-05:00,52.98,53.01,52.49,52.55,23661.0,52.831,147
2025-02-25 09:55:00-05:00,52.61,52.79,52.57,52.75,20437.0,52.721,178
2025-02-25 10:00:00-05:00,52.72,52.79,52.51,52.54,45020.0,52.699,217
2025-02-25 10:05:00-05:00,52.54,52.58,52.07,52.41,46151.0,52.305,266
2025-02-25 10:10:00-05:00,52.4,52.65,52.39,52.52,21863.0,52.51,146
2025-02-25 10:15:00-05:00,52.55,52.69,52.51,52.66,29664.0,52.598,176
2025-02-25 10:20:00-05:00,52.67,52.78,52.59,52.59,82191.0,52.709,179
2025-02-25 10:25:00-05:00,52.59,52.59,52.34,52.35,8886.0,52.489,72
2025-02-25 10:30:00-05:00,52.37,52.4,52.19,52.35,19484.0,52.272,111
2025-02-25 10:35:00-05:00,52.35,52.51,52.32,52.48,12078.0,52.369,103
2025-02-25 10:40:00-05:00,52.5,52.69,52.42,52.69,13569.0,52.55,95
2025-02-25 10:45:00-05:00,52.67,52.67,52.54,52.67,13852.0,52.614,115
2025-02-25 10:50:00-05:00,52.68,52.83,52.66,52.77,12334.0,52.747,103
2025-02-25 10:55:00-05:00,52.76,52.82,52.65,52.69,24888.0,52.751,196
2025-02-25 11:00:00-05:00,52.7,52.84,52.66,52.77,32137.0,52.735,226
2025-02-25 11:05:00-05:00,52.77,52.82,52.73,52.79,17126.0,52.774,145
2025-02-25 11:10:00-05:00,52.76,52.91,52.76,52.86,32024.0,52.84,234
2025-02-25 11:15:00-05:00,52.86,52.91,52.73,52.8,24906.0,52.798,191
2025-02-25 11:20:00-05:00,52.8,52.89,52.79,52.85,25820.0,52.834,200
2025-02-25 11:25:00-05:00,52.86,52.87,52.68,52.68,49096.0,52.757,247
2025-02-25 11:30:00-05:00,52.7,52.73,52.57,52.65,58923.0,52.623,443
2025-02-25 11:35:00-05:00,52.64,52.77,52.54,52.76,46783.0,52.633,212
2025-02-25 11:40:00-05:00,52.76,52.76,52.68,52.72,12121.0,52.704,92
2025-02-25 11:45:00-05:00,52.72,52.77,52.7,52.76,11050.0,52.727,86
2025-02-25 11:50:00-05:00,52.76,52.78,52.68,52.7,8082.0,52.737,65
2025-02-25 11:55:00-05:00,52.7,52.77,52.68,52.7,14938.0,52.728,96
2025-02-25 12:00:00-05:00,52.71,52.71,52.68,52.7,6826.0,52.699,48
2025-02-25 12:05:00-05:00,52.7,52.7,52.67,52.69,10439.0,52.689,77
2025-02-25 12:10:00-05:00,52.69,52.72,52.64,52.67,22402.0,52.686,154
2025-02-25 12:15:00-05:00,52.67,52.83,52.67,52.72,43949.0,52.777,183
2025-02-25 12:20:00-05:00,52.72,52.75,52.72,52.72,15784.0,52.738,85
2025-02-25 12:25:00-05:00,52.72,52.84,52.71,52.84,12084.0,52.766,99
2025-02-25 12:30:00-05:00,52.85,52.9,52.84,52.87,6314.0,52.879,50
2025-02-25 12:35:00-05:00,52.87,52.92,52.84,52.91,6958.0,52.869,56
2025-02-25 12:40:00-05:00,52.93,52.94,52.89,52.89,4884.0,52.912,45
2025-02-25 12:45:00-05:00,52.85,52.88,52.84,52.87,2923.0,52.859,23
2025-02-25 12:50:00-05:00,52.86,52.96,52.86,52.92,6359.0,52.907,44
2025-02-25 12:55:00-05:00,52.93,52.95,52.88,52.88,11535.0,52.929,48
2025-02-25 13:00:00-05:00,52.88,52.98,52.84,52.98,9820.0,52.897,77
2025-02-25 13:05:00-05:00,52.99,53.06,52.99,53.03,6137.0,53.027,45
2025-02-25 13:10:00-05:00,53.01,53.03,52.97,53.02,8228.0,53.006,65
2025-02-25 13:15:00-05:00,53.03,53.06,52.99,53.01,4685.0,53.037,41
2025-02-25 13:20:00-05:00,53.02,53.03,52.94,53.01,7253.0,52.981,56
2025-02-25 13:25:00-05:00,53.01,53.01,52.82,52.84,9084.0,52.908,68
2025-02-25 13:30:00-05:00,52.86,52.93,52.86,52.92,5975.0,52.905,45
2025-02-25 13:35:00-05:00,52.92,53.09,52.92,53.09,10169.0,52.982,78
2025-02-25 13:40:00-05:00,53.1,53.1,53.07,53.1,2400.0,53.088,23
2025-02-25 13:45:00-05:00,53.09,53.1,53.09,53.09,2740.0,53.092,24
2025-02-25 13:50:00-05:00,53.09,53.09,53.03,53.03,7758.0,53.067,59
2025-02-25 13:55:00-05:00,53.03,53.07,53.01,53.01,7507.0,53.044,65
2025-02-25 14:00:00-05:00,53.0,53.01,52.97,52.98,4846.0,52.991,47
2025-02-25 14:05:00-05:00,52.98,53.02,52.98,53.01,5446.0,53.001,46
2025-02-25 14:10:00-05:00,53.01,53.01,52.96,52.97,4919.0,52.991,36
2025-02-25 14:15:00-05:00,52.96,53.08,52.95,53.05,12373.0,52.997,98
2025-02-25 14:20:00-05:00,53.04,53.05,52.83,52.83,9948.0,52.991,52
2025-02-25 14:25:00-05:00,52.86,52.87,52.7,52.72,12687.0,52.773,109
2025-02-25 14:30:00-05:00,52.71,52.79,52.71,52.79,8313.0,52.753,71
2025-02-25 14:35:00-05:00,52.79,52.99,52.77,52.98,12691.0,52.871,109
2025-02-25 14:40:00-05:00,52.99,53.12,52.97,53.1,8158.0,53.038,69
2025-02-25 14:45:00-05:00,53.1,53.1,52.99,53.05,14250.0,53.034,98
2025-02-25 14:50:00-05:00,53.05,53.06,52.98,53.0,10050.0,53.024,92
2025-02-25 14:55:00-05:00,52.98,53.0,52.91,52.93,11156.0,52.959,80
2025-02-25 15:00:00-05:00,52.94,53.02,52.9,52.97,9997.0,52.963,90
2025-02-25 15:05:00-05:00,52.97,53.06,52.95,53.04,43545.0,52.998,130
2025-02-25 15:10:00-05:00,53.04,53.15,52.95,53.15,56275.0,53.038,243
2025-02-25 15:15:00-05:00,53.15,53.21,53.11,53.21,32000.0,53.151,174
2025-02-25 15:20:00-05:00,53.21,53.3,53.19,53.29,43802.0,53.256,227
2025-02-25 15:25:00-05:00,53.29,53.29,53.13,53.15,30393.0,53.239,181
2025-02-25 15:30:00-05:00,53.13,53.13,53.01,53.05,25200.0,53.057,187
2025-02-25 15:35:00-05:00,53.04,53.06,52.79,52.83,35442.0,52.937,307
2025-02-25 15:40:00-05:00,52.83,52.85,52.78,52.8,41143.0,52.807,290
2025-02-25 15:45:00-05:00,52.8,52.88,52.79,52.88,42688.0,52.84,381
2025-02-25 15:50:00-05:00,52.88,52.97,52.78,52.96,102696.0,52.869,780
2025-02-25 15:55:00-05:00,52.95,53.05,52.95,52.99,240769.0,52.99,1285
2025-02-26 09:30:00-05:00,52.7,52.94,52.5,52.71,102382.0,52.774,289
2025-02-26 09:35:00-05:00,52.71,52.75,52.43,52.68,119222.0,52.609,504
2025-02-26 09:40:00-05:00,52.71,52.81,52.62,52.71,81836.0,52.724,520
2025-02-26 09:45:00-05:00,52.74,52.96,52.6,52.96,77231.0,52.714,539
2025-02-26 09:50:00-05:00,52.95,53.26,52.95,53.25,19920.0,53.16,174
2025-02-26 09:55:00-05:00,53.25,53.5,53.21,53.5,54633.0,53.322,438
2025-02-26 10:00:00-05:00,53.51,53.62,53.43,53.6,56026.0,53.536,420
2025-02-26 10:05:00-05:00,53.61,53.66,53.53,53.61,24056.0,53.613,178
2025-02-26 10:10:00-05:00,53.61,53.76,53.52,53.75,75777.0,53.674,285
2025-02-26 10:15:00-05:00,53.72,53.72,53.62,53.62,14285.0,53.684,117
2025-02-26 10:20:00-05:00,53.66,53.68,53.53,53.56,16475.0,53.601,134
2025-02-26 10:25:00-05:00,53.58,53.6,53.48,53.53,25474.0,53.556,205
2025-02-26 10:30:00-05:00,53.53,53.67,53.52,53.52,24183.0,53.59,197
2025-02-26 10:35:00-05:00,53.54,53.61,53.51,53.53,14110.0,53.565,106
2025-02-26 10:40:00-05:00,53.54,53.63,53.53,53.63,14507.0,53.578,114
2025-02-26 10:45:00-05:00,53.62,53.68,53.6,53.66,26342.0,53.645,201
2025-02-26 10:50:00-05:00,53.68,53.76,53.67,53.72,13630.0,53.714,106
2025-02-26 10:55:00-05:00,53.71,53.73,53.69,53.72,6632.0,53.709,59
2025-02-26 11:00:00-05:00,53.72,53.74,53.63,53.68,13126.0,53.684,110
2025-02-26 11:05:00-05:00,53.68,53.71,53.66,53.68,16809.0,53.683,135
2025-02-26 11:10:00-05:00,53.67,53.67,53.55,53.57,33400.0,53.61,233
2025-02-26 11:15:00-05:00,53.57,53.61,53.54,53.56,10034.0,53.575,91
2025-02-26 11:20:00-05:00,53.55,53.68,53.55,53.66,23238.0,53.633,202
2025-02-26 11:25:00-05:00,53.67,53.76,53.66,53.68,22900.0,53.719,192
2025-02-26 11:30:00-05:00,53.66,53.73,53.65,53.71,19108.0,53.707,163
2025-02-26 11:35:00-05:00,53.73,53.79,53.71,53.72,10154.0,53.732,46
2025-02-26 11:40:00-05:00,53.72,53.74,53.68,53.73,8257.0,53.716,55
2025-02-26 11:45:00-05:00,53.74,53.76,53.73,53.73,10609.0,53.742,43
2025-02-26 11:50:00-05:00,53.73,53.74,53.63,53.69,8690.0,53.676,80
2025-02-26 11:55:00-05:00,53.69,53.69,53.46,53.46,8650.0,53.579,73
2025-02-26 12:00:00-05:00,53.45,53.48,53.41,53.43,7021.0,53.444,61
2025-02-26 12:05:00-05:00,53.45,53.45,53.4,53.41,2000.0,53.421,18
2025-02-26 12:10:00-05:00,53.41,53.44,53.4,53.41,10031.0,53.422,86
2025-02-26 12:15:00-05:00,53.4,53.6,53.4,53.5,17846.0,53.498,132
2025-02-26 12:20:00-05:00,53.51,53.51,53.46,53.47,7834.0,53.489,71
2025-02-26 12:25:00-05:00,53.49,53.54,53.4,53.52,6088.0,53.477,53
2025-02-26 12:30:00-05:00,53.51,53.51,53.39,53.4,7379.0,53.458,66
2025-02-26 12:35:00-05:00,53.41,53.42,53.34,53.34,6003.0,53.382,49
2025-02-26 12:40:00-05:00,53.36,53.43,53.33,53.43,4976.0,53.375,46
2025-02-26 12:45:00-05:00,53.44,53.48,53.37,53.39,5397.0,53.413,46
2025-02-26 12:50:00-05:00,53.39,53.42,53.34,53.36,7050.0,53.387,63
2025-02-26 12:55:00-05:00,53.34,53.36,53.23,53.29,7978.0,53.285,68
2025-02-26 13:00:00-05:00,53.3,53.35,53.25,53.28,7289.0,53.284,58
2025-02-26 13:05:00-05:00,53.27,53.3,53.25,53.28,4382.0,53.271,38
2025-02-26 13:10:00-05:00,53.29,53.3,53.2,53.26,5874.0,53.266,50
2025-02-26 13:15:00-05:00,53.26,53.28,53.21,53.27,6463.0,53.246,55
2025-02-26 13:20:00-05:00,53.28,53.31,53.28,53.31,6212.0,53.299,47
2025-02-26 13:25:00-05:00,53.3,53.31,53.13,53.13,10937.0,53.246,88
2025-02-26 13:30:00-05:00,53.16,53.21,53.16,53.2,7112.0,53.186,66
2025-02-26 13:35:00-05:00,53.19,53.21,53.15,53.16,10577.0,53.183,96
2025-02-26 13:40:00-05:00,53.16,53.17,53.12,53.12,4526.0,53.144,38
2025-02-26 13:45:00-05:00,53.12,53.17,53.12,53.17,31239.0,53.147,125
2025-02-26 13:50:00-05:00,53.17,53.17,53.04,53.12,18776.0,53.097,105
2025-02-26 13:55:00-05:00,53.14,53.19,53.09,53.19,11529.0,53.142,96
2025-02-26 14:00:00-05:00,53.19,53.3,53.16,53.22,16108.0,53.231,116
2025-02-26 14:05:00-05:00,53.22,53.29,53.12,53.28,29814.0,53.216,193
2025-02-26 14:10:00-05:00,53.25,53.25,53.1,53.14,12659.0,53.172,93
2025-02-26 14:15:00-05:00,53.13,53.3,53.12,53.26,14127.0,53.205,106
2025-02-26 14:20:00-05:00,53.28,53.35,53.27,53.28,28452.0,53.319,199
2025-02-26 14:25:00-05:00,53.3,53.42,53.28,53.41,32280.0,53.382,235
2025-02-26 14:30:00-05:00,53.4,53.42,53.35,53.37,37066.0,53.397,259
2025-02-26 14:35:00-05:00,53.37,53.38,53.32,53.33,18383.0,53.348,121
2025-02-26 14:40:00-05:00,53.33,53.43,53.32,53.37,18883.0,53.37,163
2025-02-26 14:45:00-05:00,53.37,53.4,53.36,53.37,13561.0,53.379,103
2025-02-26 14:50:00-05:00,53.37,53.39,53.34,53.34,20707.0,53.367,157
2025-02-26 14:55:00-05:00,53.35,53.36,53.23,53.25,24027.0,53.298,184
2025-02-26 15:00:00-05:00,53.26,53.31,53.22,53.22,11084.0,53.277,89
2025-02-26 15:05:00-05:00,53.24,53.31,53.24,53.28,10291.0,53.281,81
2025-02-26 15:10:00-05:00,53.3,53.5,53.29,53.4,20580.0,53.413,152
2025-02-26 15:15:00-05:00,53.4,53.52,53.37,53.52,16337.0,53.426,110
2025-02-26 15:20:00-05:00,53.5,53.5,53.44,53.5,19348.0,53.483,143
2025-02-26 15:25:00-05:00,53.51,53.54,53.47,53.48,23200.0,53.515,182
2025-02-26 15:30:00-05:00,53.46,53.54,53.41,53.53,31977.0,53.484,240
2025-02-26 15:35:00-05:00,53.53,53.58,53.5,53.56,45824.0,53.537,322
2025-02-26 15:40:00-05:00,53.55,53.66,53.54,53.61,65872.0,53.595,433
2025-02-26 15:45:00-05:00,53.61,53.69,53.58,53.61,58009.0,53.619,424
2025-02-26 15:50:00-05:00,53.63,53.71,53.58,53.69,75545.0,53.636,511
2025-02-26 15:55:00-05:00,53.7,53.73,53.5,53.54,277515.0,53.591,1348
2025-02-27 09:30:00-05:00,53.62,53.7,53.34,53.34,38318.0,53.57,50
2025-02-27 09:35:00-05:00,53.36,53.36,53.26,53.32,8319.0,53.328,67
2025-02-27 09:40:00-05:00,53.32,53.36,53.14,53.18,18443.0,53.244,136
2025-02-27 09:45:00-05:00,53.21,53.4,53.16,53.37,5754.0,53.302,45
2025-02-27 09:50:00-05:00,53.33,53.43,53.29,53.33,6413.0,53.349,47
2025-02-27 09:55:00-05:00,53.29,53.32,53.02,53.07,7875.0,53.102,59
2025-02-27 10:00:00-05:00,53.05,53.06,52.87,53.01,12163.0,52.955,101
2025-02-27 10:05:00-05:00,53.0,53.06,52.97,53.02,5990.0,53.024,51
2025-02-27 10:10:00-05:00,53.01,53.2,52.98,53.19,12771.0,53.075,118
2025-02-27 10:15:00-05:00,53.19,53.43,53.18,53.41,9207.0,53.287,75
2025-02-27 10:20:00-05:00,53.43,53.61,53.34,53.56,14279.0,53.44,83
2025-02-27 10:25:00-05:00,53.55,53.58,53.45,53.5,12945.0,53.502,81
2025-02-27 10:30:00-05:00,53.48,53.53,53.43,53.5,12247.0,53.484,110
2025-02-27 10:35:00-05:00,53.5,53.57,53.4,53.53,16103.0,53.482,109
2025-02-27 10:40:00-05:00,53.51,53.51,53.42,53.49,9367.0,53.479,71
2025-02-27 10:45:00-05:00,53.47,53.5,53.45,53.49,10457.0,53.475,76
2025-02-27 10:50:00-05:00,53.5,53.54,53.45,53.5,33806.0,53.479,79
2025-02-27 10:55:00-05:00,53.5,53.5,53.36,53.39,19462.0,53.441,96
2025-02-27 11:00:00-05:00,53.39,53.51,53.37,53.46,11290.0,53.429,95
2025-02-27 11:05:00-05:00,53.46,53.57,53.45,53.57,19483.0,53.513,87
2025-02-27 11:10:00-05:00,53.57,53.58,53.46,53.49,19529.0,53.512,145
2025-02-27 11:15:00-05:00,53.49,53.55,53.48,53.52,16730.0,53.513,133
2025-02-27 11:20:00-05:00,53.53,53.54,53.47,53.5,13442.0,53.503,101
2025-02-27 11:25:00-05:00,53.5,53.5,53.33,53.36,5471.0,53.396,51
2025-02-27 11:30:00-05:00,53.34,53.43,53.27,53.27,47559.0,53.342,368
2025-02-27 11:35:00-05:00,53.29,53.33,53.18,53.23,6793.0,53.267,50
2025-02-27 11:40:00-05:00,53.17,53.17,53.07,53.07,3530.0,53.118,27
2025-02-27 11:45:00-05:00,53.08,53.08,52.99,52.99,11322.0,53.045,89
2025-02-27 11:50:00-05:00,52.99,52.99,52.85,52.86,6828.0,52.893,53
2025-02-27 11:55:00-05:00,52.88,52.88,52.76,52.76,2679.0,52.797,19
2025-02-27 12:00:00-05:00,52.76,52.9,52.76,52.89,6174.0,52.826,47
2025-02-27 12:05:00-05:00,52.92,52.92,52.85,52.85,934.0,52.874,9
2025-02-27 12:10:00-05:00,52.84,52.86,52.83,52.86,1549.0,52.851,15
2025-02-27 12:15:00-05:00,52.87,52.87,52.74,52.76,5634.0,52.798,39
2025-02-27 12:20:00-05:00,52.74,52.89,52.73,52.87,2715.0,52.799,23
2025-02-27 12:25:00-05:00,52.89,53.01,52.89,53.01,1050.0,52.98,9
2025-02-27 12:30:00-05:00,53.05,53.06,52.98,53.0,2766.0,53.022,24
2025-02-27 12:35:00-05:00,53.03,53.04,53.01,53.02,1321.0,53.026,12
2025-02-27 12:40:00-05:00,53.02,53.02,52.78,52.81,5795.0,52.889,34
2025-02-27 12:45:00-05:00,52.82,52.86,52.79,52.81,2870.0,52.825,25
2025-02-27 12:50:00-05:00,52.8,52.9,52.76,52.88,6587.0,52.831,49
2025-02-27 12:55:00-05:00,52.88,52.88,52.85,52.88,2064.0,52.868,18
2025-02-27 13:00:00-05:00,52.88,52.96,52.88,52.89,4918.0,52.912,42
2025-02-27 13:05:00-05:00,52.88,52.88,52.81,52.82,2763.0,52.864,22
2025-02-27 13:10:00-05:00,52.83,52.9,52.83,52.89,8824.0,52.87,43
2025-02-27 13:15:00-05:00,52.89,52.94,52.87,52.94,2239.0,52.899,19
2025-02-27 13:20:00-05:00,52.92,52.98,52.91,52.97,6829.0,52.939,40
2025-02-27 13:25:00-05:00,52.98,52.98,52.91,52.91,2224.0,52.945,14
2025-02-27 13:30:00-05:00,52.92,53.02,52.92,53.02,9619.0,52.964,41
2025-02-27 13:35:00-05:00,53.0,53.04,52.99,53.02,13579.0,53.016,35
2025-02-27 13:40:00-05:00,53.04,53.04,52.99,52.99,3107.0,53.012,26
2025-02-27 13:45:00-05:00,52.97,53.0,52.94,52.98,3066.0,52.971,25
2025-02-27 13:50:00-05:00,52.97,53.0,52.95,53.0,4441.0,52.979,36
2025-02-27 13:55:00-05:00,52.98,52.98,52.9,52.92,4489.0,52.932,26
2025-02-27 14:00:00-05:00,52.91,52.92,52.84,52.84,4512.0,52.898,36
2025-02-27 14:05:00-05:00,52.85,52.88,52.84,52.85,6088.0,52.857,46
2025-02-27 14:10:00-05:00,52.84,52.85,52.77,52.77,3217.0,52.816,24
2025-02-27 14:15:00-05:00,52.79,52.8,52.7,52.73,9655.0,52.75,75
2025-02-27 14:20:00-05:00,52.73,52.79,52.66,52.68,8199.0,52.73,60
2025-02-27 14:25:00-05:00,52.68,52.68,52.54,52.57,9735.0,52.594,69
2025-02-27 14:30:00-05:00,52.57,52.6,52.41,52.44,43038.0,52.543,113
2025-02-27 14:35:00-05:00,52.44,52.48,52.35,52.36,48254.0,52.398,201
2025-02-27 14:40:00-05:00,52.35,52.35,52.23,52.25,11355.0,52.277,79
2025-02-27 14:45:00-05:00,52.28,52.34,52.24,52.3,16256.0,52.284,96
2025-02-27 14:50:00-05:00,52.32,52.36,52.27,52.29,6523.0,52.317,59
2025-02-27 14:55:00-05:00,52.3,52.39,52.29,52.36,6754.0,52.34,54
2025-02-27 15:00:00-05:00,52.33,52.33,52.19,52.24,21658.0,52.267,149
2025-02-27 15:05:00-05:00,52.24,52.27,52.18,52.2,7537.0,52.217,65
2025-02-27 15:10:00-05:00,52.21,52.21,52.13,52.16,11257.0,52.173,84
2025-02-27 15:15:00-05:00,52.18,52.2,52.13,52.18,16033.0,52.167,118
2025-02-27 15:20:00-05:00,52.16,52.3,52.16,52.23,27099.0,52.243,163
2025-02-27 15:25:00-05:00,52.23,52.25,52.13,52.13,19351.0,52.179,89
2025-02-27 15:30:00-05:00,52.15,52.16,52.1,52.11,18620.0,52.125,158
2025-02-27 15:35:00-05:00,52.11,52.18,52.03,52.05,26965.0,52.127,121
2025-02-27 15:40:00-05:00,52.02,52.02,51.94,51.99,48339.0,51.959,233
2025-02-27 15:45:00-05:00,51.98,51.99,51.91,51.94,57825.0,51.96,255
2025-02-27 15:50:00-05:00,51.93,51.97,51.81,51.83,34327.0,51.875,269
2025-02-27 15:55:00-05:00,51.83,51.84,51.67,51.7,267010.0,51.752,1285
2025-02-28 09:30:00-05:00,51.06,51.22,50.88,51.19,98665.0,51.11,321
2025-02-28 09:35:00-05:00,51.22,51.91,51.2,51.78,28653.0,51.56,221
2025-02-28 09:40:00-05:00,51.79,51.82,51.62,51.75,25552.0,51.709,179
2025-02-28 09:45:00-05:00,51.77,51.77,51.52,51.57,19372.0,51.619,145
2025-02-28 09:50:00-05:00,51.59,51.72,51.53,51.58,21196.0,51.615,160
2025-02-28 09:55:00-05:00,51.6,51.68,51.52,51.59,16107.0,51.595,124
2025-02-28 10:00:00-05:00,51.62,51.82,51.61,51.77,19396.0,51.746,135
2025-02-28 10:05:00-05:00,51.79,51.87,51.68,51.87,47967.0,51.771,104
2025-02-28 10:10:00-05:00,51.87,52.0,51.87,52.0,9827.0,51.943,76
2025-02-28 10:15:00-05:00,52.01,52.04,51.74,51.75,21190.0,51.907,127
2025-02-28 10:20:00-05:00,51.76,51.87,51.73,51.8,13130.0,51.82,111
2025-02-28 10:25:00-05:00,51.82,51.91,51.8,51.89,15853.0,51.87,136
2025-02-28 10:30:00-05:00,51.89,52.02,51.85,51.99,22486.0,51.93,170
2025-02-28 10:35:00-05:00,52.01,52.02,51.92,51.96,16442.0,51.979,130
2025-02-28 10:40:00-05:00,51.95,52.0,51.86,51.87,17294.0,51.933,136
2025-02-28 10:45:00-05:00,51.9,51.97,51.88,51.95,10830.0,51.928,85
2025-02-28 10:50:00-05:00,51.94,52.05,51.94,51.98,9593.0,51.999,83
2025-02-28 10:55:00-05:00,51.98,52.04,51.92,51.93,13323.0,51.992,106
2025-02-28 11:00:00-05:00,51.95,52.06,51.93,52.02,15851.0,52.005,121
2025-02-28 11:05:00-05:00,52.01,52.09,52.0,52.03,16268.0,52.042,147
2025-02-28 11:10:00-05:00,52.04,52.05,51.93,51.95,15503.0,51.984,133
2025-02-28 11:15:00-05:00,51.96,52.01,51.9,51.92,16821.0,51.952,146
2025-02-28 11:20:00-05:00,51.92,51.94,51.86,51.88,10750.0,51.896,99
2025-02-28 11:25:00-05:00,51.84,51.84,51.74,51.75,20202.0,51.783,153
2025-02-28 11:30:00-05:00,51.74,51.74,51.6,51.67,62771.0,51.651,431
2025-02-28 11:35:00-05:00,51.69,51.89,51.69,51.83,7866.0,51.823,65
2025-02-28 11:40:00-05:00,51.85,51.86,51.82,51.85,4745.0,51.836,41
2025-02-28 11:45:00-05:00,51.85,51.9,51.83,51.89,4312.0,51.853,31
2025-02-28 11:50:00-05:00,51.89,51.98,51.88,51.98,4821.0,51.915,37
2025-02-28 11:55:00-05:00,51.97,51.98,51.9,51.93,11029.0,51.943,78
2025-02-28 12:00:00-05:00,51.94,51.94,51.86,51.86,4828.0,51.9,38
2025-02-28 12:05:00-05:00,51.84,51.92,51.83,51.92,7250.0,51.885,58
2025-02-28 12:10:00-05:00,51.91,51.99,51.9,51.96,5463.0,51.952,47
2025-02-28 12:15:00-05:00,51.94,51.99,51.93,51.97,5978.0,51.963,45
2025-02-28 12:20:00-05:00,51.97,51.98,51.81,51.81,6965.0,51.903,65
2025-02-28 12:25:00-05:00,51.81,51.84,51.79,51.82,4950.0,51.816,42
2025-02-28 12:30:00-05:00,51.82,51.91,51.79,51.84,7211.0,51.835,63
2025-02-28 12:35:00-05:00,51.84,51.87,51.8,51.87,6406.0,51.831,44
2025-02-28 12:40:00-05:00,51.87,51.88,51.83,51.87,20938.0,51.859,143
2025-02-28 12:45:00-05:00,51.88,51.92,51.71,51.72,34899.0,51.854,224
2025-02-28 12:50:00-05:00,51.7,51.81,51.7,51.77,7967.0,51.753,69
2025-02-28 12:55:00-05:00,51.76,51.76,51.68,51.68,4257.0,51.72,38
2025-02-28 13:00:00-05:00,51.67,51.78,51.66,51.73,4200.0,51.725,35
2025-02-28 13:05:00-05:00,51.73,51.76,51.73,51.76,4330.0,51.749,39
2025-02-28 13:10:00-05:00,51.75,51.76,51.72,51.75,4780.0,51.743,40
2025-02-28 13:15:00-05:00,51.76,51.79,51.61,51.61,5899.0,51.713,51
2025-02-28 13:20:00-05:00,51.63,51.67,51.52,51.52,9010.0,51.593,77
2025-02-28 13:25:00-05:00,51.52,51.6,51.48,51.57,17513.0,51.531,132
2025-02-28 13:30:00-05:00,51.54,51.61,51.53,51.6,7374.0,51.558,42
2025-02-28 13:35:00-05:00,51.64,51.79,51.64,51.79,4760.0,51.722,39
2025-02-28 13:40:00-05:00,51.79,51.83,51.69,51.82,11750.0,51.762,92
2025-02-28 13:45:00-05:00,51.79,51.83,51.78,51.83,6860.0,51.8,55
2025-02-28 13:50:00-05:00,51.82,51.84,51.73,51.75,10177.0,51.797,78
2025-02-28 13:55:00-05:00,51.73,51.73,51.57,51.57,6719.0,51.649,51
2025-02-28 14:00:00-05:00,51.55,51.7,51.55,51.63,9376.0,51.623,73
2025-02-28 14:05:00-05:00,51.65,51.77,51.65,51.73,7349.0,51.719,52
2025-02-28 14:10:00-05:00,51.73,51.77,51.71,51.73,7284.0,51.735,56
2025-02-28 14:15:00-05:00,51.73,51.82,51.71,51.74,20613.0,51.769,100
2025-02-28 14:20:00-05:00,51.75,51.75,51.6,51.61,12481.0,51.658,95
2025-02-28 14:25:00-05:00,51.59,51.67,51.59,51.63,11474.0,51.622,87
2025-02-28 14:30:00-05:00,51.61,51.64,51.5,51.52,41529.0,51.587,305
2025-02-28 14:35:00-05:00,51.54,51.63,51.52,51.57,21875.0,51.594,156
2025-02-28 14:40:00-05:00,51.58,51.62,51.56,51.61,23437.0,51.581,169
2025-02-28 14:45:00-05:00,51.61,51.62,51.57,51.6,40261.0,51.6,288
2025-02-28 14:50:00-05:00,51.6,51.65,51.57,51.62,32102.0,51.612,221
2025-02-28 14:55:00-05:00,51.62,51.64,51.58,51.62,23774.0,51.619,182
2025-02-28 15:00:00-05:00,51.62,51.69,51.61,51.66,66384.0,51.637,429
2025-02-28 15:05:00-05:00,51.66,51.68,51.6,51.66,38391.0,51.637,235
2025-02-28 15:10:00-05:00,51.66,51.78,51.62,51.74,42730.0,51.677,252
2025-02-28 15:15:00-05:00,51.74,51.78,51.67,51.69,18562.0,51.753,145
2025-02-28 15:20:00-05:00,51.69,51.77,51.68,51.77,24840.0,51.716,181
2025-02-28 15:25:00-05:00,51.78,51.92,51.78,51.9,17826.0,51.868,136
2025-02-28 15:30:00-05:00,51.9,51.92,51.81,51.82,16471.0,51.882,112
2025-02-28 15:35:00-05:00,51.8,51.92,51.75,51.9,25055.0,51.823,201
2025-02-28 15:40:00-05:00,51.9,51.96,51.87,51.92,24375.0,51.913,186
2025-02-28 15:45:00-05:00,51.9,51.97,51.87,51.92,31443.0,51.915,268
2025-02-28 15:50:00-05:00,51.94,51.98,51.9,51.96,59872.0,51.94,422
2025-02-28 15:55:00-05:00,51.96,52.16,51.96,52.07,299596.0,52.092,1415
